date,temperature_2m,relative_humidity_2m,dew_point_2m,precipitation,surface_pressure,cloud_cover,wind_speed_10m,direct_radiation,diffuse_radiation,shortwave_radiation
2025-01-01 00:00:00+01:00,0.75,85.52713,-1.4,0.0,1014.89386,100.0,17.0763,0.0,0.0,0.0
2025-01-01 01:00:00+01:00,1.0,85.554634,-1.15,0.0,1014.31335,100.0,17.244337,0.0,0.0,0.0
2025-01-01 02:00:00+01:00,0.55,84.56718,-1.75,0.0,1014.0944,100.0,17.085785,0.0,0.0,0.0
2025-01-01 03:00:00+01:00,0.95,86.17774,-1.1,0.0,1013.61993,100.0,16.895088,0.0,0.0,0.0
2025-01-01 04:00:00+01:00,1.25,87.47616,-0.6,0.0,1012.8441,100.0,17.965767,0.0,0.0,0.0
2025-01-01 05:00:00+01:00,1.5,88.1386,-0.25,0.0,1012.0664,100.0,17.574675,0.0,0.0,0.0
2025-01-01 06:00:00+01:00,1.6,88.46827,-0.1,0.0,1011.67584,100.0,17.441433,0.0,0.0,0.0
2025-01-01 07:00:00+01:00,1.7,89.768684,0.2,0.0,1010.98956,100.0,18.445389,0.0,0.0,0.0
2025-01-01 08:00:00+01:00,1.25,91.708084,0.05,0.0,1010.4746,100.0,17.04021,0.0,0.0,0.0
2025-01-01 09:00:00+01:00,0.5,89.345406,-1.05,0.0,1010.242,93.0,17.325876,2.0,5.0,7.0
2025-01-01 10:00:00+01:00,1.45,77.82012,-2.0,0.0,1009.793,81.0,19.273453,39.0,41.0,80.0
2025-01-01 11:00:00+01:00,2.75,67.855896,-2.6,0.0,1008.96545,54.0,16.276817,118.0,58.0,176.0
2025-01-01 12:00:00+01:00,4.85,56.829693,-3.0,0.0,1007.87744,42.0,18.709612,195.0,54.0,249.0
2025-01-01 13:00:00+01:00,6.2,50.04609,-3.45,0.0,1006.65515,89.0,22.66857,216.0,56.0,272.0
2025-01-01 14:00:00+01:00,4.6,66.77337,-1.05,0.0,1006.6811,100.0,21.112242,157.0,75.0,232.0
2025-01-01 15:00:00+01:00,4.8,67.79966,-0.65,0.0,1005.7028,55.0,23.00411,49.0,67.0,116.0
2025-01-01 16:00:00+01:00,4.75,67.05083,-0.85,0.0,1005.10785,98.0,22.2924,24.0,41.0,65.0
2025-01-01 17:00:00+01:00,4.45,66.49629,-1.25,0.0,1004.20557,100.0,20.448032,1.0,5.0,6.0
2025-01-01 18:00:00+01:00,4.9,63.501686,-1.45,0.0,1003.7324,100.0,23.164818,0.0,0.0,0.0
2025-01-01 19:00:00+01:00,5.45,60.89533,-1.5,0.0,1002.96765,100.0,27.685497,0.0,0.0,0.0
2025-01-01 20:00:00+01:00,5.8,58.35444,-1.75,0.0,1002.5883,100.0,29.293585,0.0,0.0,0.0
2025-01-01 21:00:00+01:00,5.95,55.048374,-2.4,0.0,1002.2987,100.0,28.973291,0.0,0.0,0.0
2025-01-01 22:00:00+01:00,6.05,53.07295,-2.8,0.0,1001.9084,100.0,28.447401,0.0,0.0,0.0
2025-01-01 23:00:00+01:00,6.2,51.559868,-3.05,0.0,1001.4214,100.0,28.528723,0.0,0.0,0.0
2025-01-02 00:00:00+01:00,6.2,51.177658,-3.15,0.0,1000.73016,100.0,28.002584,0.0,0.0,0.0
2025-01-02 01:00:00+01:00,6.15,52.318035,-2.9,0.0,1000.0367,100.0,27.626923,0.0,0.0,0.0
2025-01-02 02:00:00+01:00,6.95,63.75011,0.55,0.0,998.98615,100.0,25.336557,0.0,0.0,0.0
2025-01-02 03:00:00+01:00,6.85,70.469444,1.85,0.3,998.3893,100.0,26.45755,0.0,0.0,0.0
2025-01-02 04:00:00+01:00,5.4,90.37325,3.95,1.1,998.52155,100.0,22.401142,0.0,0.0,0.0
2025-01-02 05:00:00+01:00,5.05,94.2367,4.2,2.2,998.5058,100.0,18.852798,0.0,0.0,0.0
2025-01-02 06:00:00+01:00,5.2,95.2375,4.5,2.2,998.80896,100.0,19.404133,0.0,0.0,0.0
2025-01-02 07:00:00+01:00,4.7,96.563705,4.2,2.8,998.9835,100.0,15.410776,0.0,0.0,0.0
2025-01-02 08:00:00+01:00,3.8,98.25602,3.55,2.1,999.3374,100.0,9.67657,0.0,0.0,0.0
2025-01-02 09:00:00+01:00,3.05,98.94399,2.9,1.5,999.7969,100.0,6.601363,0.0,1.0,1.0
2025-01-02 10:00:00+01:00,2.05,100.0,2.05,1.5,1000.3432,100.0,4.452954,0.0,7.0,7.0
2025-01-02 11:00:00+01:00,1.4,100.0,1.4,1.8,1000.6092,100.0,3.8521678,0.0,13.0,13.0
2025-01-02 12:00:00+01:00,1.25,100.0,1.25,1.7,1000.6019,100.0,4.752136,0.0,23.0,23.0
2025-01-02 13:00:00+01:00,1.15,99.64138,1.1,1.2,1000.20264,100.0,4.198285,0.0,38.0,38.0
2025-01-02 14:00:00+01:00,1.6,98.93149,1.45,0.5,1001.11194,100.0,4.2021422,0.0,38.0,38.0
2025-01-02 15:00:00+01:00,2.1,96.491646,1.6,0.1,1001.03644,84.0,3.9518096,0.0,35.0,35.0
2025-01-02 16:00:00+01:00,2.3,97.188995,1.9,0.0,1001.44086,81.0,4.0249224,5.0,35.0,40.0
2025-01-02 17:00:00+01:00,1.45,96.473274,0.95,0.0,1001.9935,3.0,7.841888,1.0,4.0,5.0
2025-01-02 18:00:00+01:00,0.15,96.43613,-0.35,0.0,1002.32745,17.0,5.7599998,0.0,0.0,0.0
2025-01-02 19:00:00+01:00,-0.35,96.07017,-0.9,0.0,1002.9951,100.0,5.4149795,0.0,0.0,0.0
2025-01-02 20:00:00+01:00,0.3,97.85055,0.0,0.0,1003.61804,70.0,7.7650757,0.0,0.0,0.0
2025-01-02 21:00:00+01:00,0.55,97.85491,0.25,0.0,1004.2221,82.0,7.841887,0.0,0.0,0.0
2025-01-02 22:00:00+01:00,0.45,97.49937,0.1,0.0,1004.8097,100.0,7.889258,0.0,0.0,0.0
2025-01-02 23:00:00+01:00,0.95,96.45906,0.45,0.0,1005.4257,100.0,9.1958685,0.0,0.0,0.0
2025-01-03 00:00:00+01:00,0.25,97.49531,-0.1,0.0,1006.0836,100.0,7.7734165,0.0,0.0,0.0
2025-01-03 01:00:00+01:00,0.7,96.80163,0.25,0.0,1006.3025,100.0,9.673221,0.0,0.0,0.0
2025-01-03 02:00:00+01:00,-0.2,96.778244,-0.65,0.0,1006.1612,6.0,8.39078,0.0,0.0,0.0
2025-01-03 03:00:00+01:00,-0.6,96.76776,-1.05,0.0,1006.43835,26.0,9.037721,0.0,0.0,0.0
2025-01-03 04:00:00+01:00,-0.8,97.11758,-1.2,0.0,1006.5276,50.0,10.055864,0.0,0.0,0.0
2025-01-03 05:00:00+01:00,-0.8,95.35373,-1.45,0.0,1006.62634,56.0,11.334285,0.0,0.0,0.0
2025-01-03 06:00:00+01:00,-0.75,95.70594,-1.35,0.0,1006.5297,72.0,12.221457,0.0,0.0,0.0
2025-01-03 07:00:00+01:00,-0.85,95.70247,-1.45,0.0,1006.6237,89.0,12.855831,0.0,0.0,0.0
2025-01-03 08:00:00+01:00,-0.75,95.70594,-1.35,0.0,1006.8259,18.0,13.493999,0.0,0.0,0.0
2025-01-03 09:00:00+01:00,-0.8,95.7042,-1.4,0.0,1007.3174,32.0,13.5012,2.0,5.0,7.0
2025-01-03 10:00:00+01:00,0.15,92.98532,-0.85,0.0,1007.75714,7.0,14.618837,51.0,38.0,89.0
2025-01-03 11:00:00+01:00,1.1,83.70606,-1.35,0.0,1007.9009,89.0,16.048288,130.0,59.0,189.0
2025-01-03 12:00:00+01:00,1.5,78.69274,-1.8,0.0,1007.6236,100.0,17.750774,71.0,94.0,165.0
2025-01-03 13:00:00+01:00,1.95,74.53485,-2.1,0.0,1007.0521,80.0,19.523985,23.0,94.0,117.0
2025-01-03 14:00:00+01:00,2.55,68.82582,-2.6,0.1,1006.9815,40.0,19.80409,61.0,85.0,146.0
2025-01-03 15:00:00+01:00,2.5,64.357956,-3.55,0.0,1006.88025,98.0,18.782204,72.0,64.0,136.0
2025-01-03 16:00:00+01:00,2.15,63.79609,-4.0,0.0,1007.16034,4.0,16.431347,13.0,41.0,54.0
2025-01-03 17:00:00+01:00,0.8,67.93948,-4.45,0.0,1007.39325,1.0,16.50218,4.0,5.0,9.0
2025-01-03 18:00:00+01:00,0.25,70.95831,-4.4,0.0,1008.1568,91.0,16.670176,0.0,0.0,0.0
2025-01-03 19:00:00+01:00,0.35,71.78268,-4.15,0.0,1008.359,79.0,17.311846,0.0,0.0,0.0
2025-01-03 20:00:00+01:00,-0.1,74.71989,-4.05,0.0,1008.83136,100.0,15.629971,0.0,0.0,0.0
2025-01-03 21:00:00+01:00,0.0,76.14977,-3.7,0.0,1009.0335,98.0,15.435983,0.0,0.0,0.0
2025-01-03 22:00:00+01:00,0.2,77.04152,-3.35,0.0,1009.4379,100.0,13.397612,0.0,0.0,0.0
2025-01-03 23:00:00+01:00,0.25,78.78977,-3.0,0.0,1009.7363,100.0,11.952054,0.0,0.0,0.0
2025-01-04 00:00:00+01:00,0.15,81.45131,-2.65,0.0,1009.9291,88.0,12.346741,0.0,0.0,0.0
2025-01-04 01:00:00+01:00,-0.15,83.86183,-2.55,0.0,1009.91504,100.0,10.766949,0.0,0.0,0.0
2025-01-04 02:00:00+01:00,0.2,84.83853,-2.05,0.0,1009.9316,100.0,10.185519,0.0,0.0,0.0
2025-01-04 03:00:00+01:00,0.2,85.46634,-1.95,0.0,1010.4252,100.0,10.134495,0.0,0.0,0.0
2025-01-04 04:00:00+01:00,-0.3,87.32575,-2.15,0.0,1010.40137,29.0,11.190442,0.0,0.0,0.0
2025-01-04 05:00:00+01:00,-1.05,90.21221,-2.45,0.0,1010.06934,90.0,12.3165245,0.0,0.0,0.0
2025-01-04 06:00:00+01:00,-1.6,92.88677,-2.6,0.0,1009.94434,100.0,11.7,0.0,0.0,0.0
2025-01-04 07:00:00+01:00,-2.0,93.90467,-2.85,0.0,1009.9249,100.0,10.34178,0.0,0.0,0.0
2025-01-04 08:00:00+01:00,-1.95,93.55921,-2.85,0.0,1009.82874,100.0,9.354806,0.0,0.0,0.0
2025-01-04 09:00:00+01:00,-1.7,92.537254,-2.75,0.0,1010.0383,100.0,9.144637,1.0,6.0,7.0
2025-01-04 10:00:00+01:00,-0.6,86.97386,-2.5,0.0,1009.7948,100.0,8.149847,3.0,38.0,41.0
2025-01-04 11:00:00+01:00,0.2,84.21483,-2.15,0.0,1009.4379,100.0,6.792466,4.0,85.0,89.0
2025-01-04 12:00:00+01:00,0.75,82.13734,-1.95,0.0,1008.87164,100.0,7.44121,19.0,131.0,150.0
2025-01-04 13:00:00+01:00,1.15,80.99096,-1.75,0.0,1007.6071,100.0,5.7964473,25.0,145.0,170.0
2025-01-04 14:00:00+01:00,1.25,81.60247,-1.55,0.0,1007.4141,100.0,6.9270773,10.0,123.0,133.0
2025-01-04 15:00:00+01:00,1.2,81.89592,-1.55,0.0,1006.7209,100.0,5.7515564,1.0,86.0,87.0
2025-01-04 16:00:00+01:00,0.6,86.775,-1.35,0.0,1006.49524,100.0,1.5379207,0.0,41.0,41.0
2025-01-04 17:00:00+01:00,-0.05,86.70882,-2.0,0.0,1006.1684,100.0,2.0124612,0.0,5.0,5.0
2025-01-04 18:00:00+01:00,-0.25,88.30201,-1.95,0.0,1005.66534,100.0,2.7534704,0.0,0.0,0.0
2025-01-04 19:00:00+01:00,-0.4,89.59988,-1.9,0.0,1005.06573,100.0,3.84796,0.0,0.0,0.0
2025-01-04 20:00:00+01:00,-1.0,89.550896,-2.5,0.0,1004.3464,100.0,4.7110505,0.0,0.0,0.0
2025-01-04 21:00:00+01:00,-0.75,87.93045,-2.5,0.0,1003.8644,100.0,6.0077944,0.0,0.0,0.0
2025-01-04 22:00:00+01:00,-0.8,85.354866,-2.95,0.0,1002.6776,100.0,7.6642804,0.0,0.0,0.0
2025-01-04 23:00:00+01:00,-0.7,83.17304,-3.2,0.0,1002.08997,100.0,7.120815,0.0,0.0,0.0
2025-01-05 00:00:00+01:00,-0.7,81.94248,-3.4,0.0,1001.30023,100.0,6.6624317,0.0,0.0,0.0
2025-01-05 01:00:00+01:00,-0.6,80.14166,-3.6,0.0,999.7255,100.0,7.562142,0.0,0.0,0.0
2025-01-05 02:00:00+01:00,-0.4,81.67854,-3.15,0.1,998.74774,100.0,7.995323,0.0,0.0,0.0
2025-01-05 03:00:00+01:00,-0.35,81.685394,-3.1,0.4,998.15784,100.0,6.037383,0.0,0.0,0.0
2025-01-05 04:00:00+01:00,-0.6,86.652435,-2.55,0.9,996.4678,100.0,7.555712,0.0,0.0,0.0
2025-01-05 05:00:00+01:00,-0.8,91.57292,-2.0,1.1,995.17505,100.0,6.698806,0.0,0.0,0.0
2025-01-05 06:00:00+01:00,-0.55,93.28806,-1.5,1.0,993.7057,100.0,8.149847,0.0,0.0,0.0
2025-01-05 07:00:00+01:00,-0.1,94.686134,-0.85,1.1,992.7398,100.0,6.1120534,0.0,0.0,0.0
2025-01-05 08:00:00+01:00,0.45,95.400246,-0.2,1.9,991.482,100.0,6.4924874,0.0,0.0,0.0
2025-01-05 09:00:00+01:00,0.8,95.41316,0.15,2.0,990.7086,100.0,5.8769383,0.0,1.0,1.0
2025-01-05 10:00:00+01:00,1.15,95.42601,0.5,1.0,990.1325,100.0,2.9024127,0.0,10.0,10.0
2025-01-05 11:00:00+01:00,1.75,93.07365,0.75,0.5,989.6665,100.0,2.226477,0.0,27.0,27.0
2025-01-05 12:00:00+01:00,2.55,96.160736,2.0,0.2,988.8146,100.0,9.801326,0.0,41.0,41.0
2025-01-05 13:00:00+01:00,4.05,96.88648,3.6,0.2,987.89526,100.0,13.878689,0.0,67.0,67.0
2025-01-05 14:00:00+01:00,3.85,97.91131,3.55,0.4,987.29376,100.0,14.565548,0.0,52.0,52.0
2025-01-05 15:00:00+01:00,5.05,98.27341,4.8,1.0,986.7552,100.0,17.123669,0.0,29.0,29.0
2025-01-05 16:00:00+01:00,6.4,97.953384,6.1,0.1,986.3216,100.0,20.212965,0.0,14.0,14.0
2025-01-05 17:00:00+01:00,6.95,97.29126,6.55,0.8,986.14825,100.0,19.42833,0.0,2.0,2.0
2025-01-05 18:00:00+01:00,7.5,96.638855,7.0,1.2,986.1727,100.0,21.142147,0.0,0.0,0.0
2025-01-05 19:00:00+01:00,7.55,96.30974,7.0,0.0,986.0761,100.0,21.782972,0.0,0.0,0.0
2025-01-05 20:00:00+01:00,7.3,96.30248,6.75,0.0,985.86743,100.0,21.892027,0.0,0.0,0.0
2025-01-05 21:00:00+01:00,7.2,95.96927,6.6,0.1,985.5669,100.0,21.407139,0.0,0.0,0.0
2025-01-05 22:00:00+01:00,6.65,96.283554,6.1,0.0,985.5427,100.0,18.710478,0.0,0.0,0.0
2025-01-05 23:00:00+01:00,5.7,96.59082,5.2,0.0,985.3031,100.0,16.530626,0.0,0.0,0.0
2025-01-06 00:00:00+01:00,4.95,97.588264,4.6,0.0,985.26935,100.0,13.462749,0.0,0.0,0.0
2025-01-06 01:00:00+01:00,4.5,97.922165,4.2,0.0,985.0518,100.0,11.996699,0.0,0.0,0.0
2025-01-06 02:00:00+01:00,7.8,87.779915,5.9,0.0,983.8156,100.0,14.677452,0.0,0.0,0.0
2025-01-06 03:00:00+01:00,7.55,85.95021,5.35,0.0,983.70593,99.0,14.266632,0.0,0.0,0.0
2025-01-06 04:00:00+01:00,7.55,82.435005,4.75,0.0,983.3109,100.0,13.089354,0.0,0.0,0.0
2025-01-06 05:00:00+01:00,7.65,79.33979,4.3,0.0,983.0191,100.0,12.783802,0.0,0.0,0.0
2025-01-06 06:00:00+01:00,7.9,75.04742,3.75,0.0,982.3385,100.0,14.48972,0.0,0.0,0.0
2025-01-06 07:00:00+01:00,8.05,72.22196,3.35,0.0,981.85156,100.0,18.59671,0.0,0.0,0.0
2025-01-06 08:00:00+01:00,7.75,77.16108,4.0,0.0,981.64075,100.0,15.283048,0.0,0.0,0.0
2025-01-06 09:00:00+01:00,8.6,69.333496,3.3,0.0,981.3815,100.0,17.414474,0.0,2.0,2.0
2025-01-06 10:00:00+01:00,9.45,62.750412,2.7,0.0,981.023,100.0,20.215368,2.0,25.0,27.0
2025-01-06 11:00:00+01:00,9.65,65.285904,3.45,0.0,980.53784,100.0,23.999474,1.0,43.0,44.0
2025-01-06 12:00:00+01:00,10.4,61.221504,3.25,0.0,980.1751,58.0,25.408068,14.0,100.0,114.0
2025-01-06 13:00:00+01:00,12.1,55.283154,3.4,0.0,979.3585,47.0,26.713478,123.0,87.0,210.0
2025-01-06 14:00:00+01:00,13.65,58.258232,5.6,0.0,978.0407,60.0,27.345785,106.0,71.0,177.0
2025-01-06 15:00:00+01:00,13.9,59.336422,6.1,0.3,977.9524,69.0,29.671623,64.0,64.0,128.0
2025-01-06 16:00:00+01:00,13.35,61.922577,6.2,0.0,978.4233,67.0,30.85307,24.0,35.0,59.0
2025-01-06 17:00:00+01:00,11.7,66.42621,5.65,0.0,980.3293,92.0,30.424791,4.0,5.0,9.0
2025-01-06 18:00:00+01:00,10.25,69.667564,4.95,0.0,982.0452,100.0,26.761951,0.0,0.0,0.0
2025-01-06 19:00:00+01:00,9.4,71.720245,4.55,0.0,983.49,100.0,23.507751,0.0,0.0,0.0
2025-01-06 20:00:00+01:00,8.4,73.569496,3.95,0.0,984.9281,99.0,20.511312,0.0,0.0,0.0
2025-01-06 21:00:00+01:00,7.45,75.76687,3.45,0.0,985.9731,100.0,19.761507,0.0,0.0,0.0
2025-01-06 22:00:00+01:00,7.0,76.22781,3.1,0.0,986.842,100.0,20.110117,0.0,0.0,0.0
2025-01-06 23:00:00+01:00,6.65,75.09592,2.55,0.0,987.32025,100.0,19.731974,0.0,0.0,0.0
2025-01-07 00:00:00+01:00,6.3,74.76823,2.15,0.0,987.601,100.0,19.862083,0.0,0.0,0.0
2025-01-07 01:00:00+01:00,6.05,75.259415,2.0,0.0,987.7873,93.0,20.501833,0.0,0.0,0.0
2025-01-07 02:00:00+01:00,6.4,72.165215,1.75,0.0,988.00037,83.0,19.189217,0.0,0.0,0.0
2025-01-07 03:00:00+01:00,5.1,82.998566,2.45,0.0,988.33734,41.0,22.017466,0.0,0.0,0.0
2025-01-07 04:00:00+01:00,5.2,80.682335,2.15,0.0,988.1445,40.0,21.82755,0.0,0.0,0.0
2025-01-07 05:00:00+01:00,5.2,81.83937,2.35,0.1,988.342,37.0,22.019672,0.0,0.0,0.0
2025-01-07 06:00:00+01:00,4.8,80.338326,1.7,0.0,988.6202,36.0,22.019672,0.0,0.0,0.0
2025-01-07 07:00:00+01:00,4.55,79.72894,1.35,0.0,988.8065,18.0,21.152872,0.0,0.0,0.0
2025-01-07 08:00:00+01:00,4.2,80.25236,1.1,0.0,989.4818,35.0,21.38897,0.0,0.0,0.0
2025-01-07 09:00:00+01:00,4.15,79.09863,0.85,0.0,990.17053,79.0,19.731974,3.0,5.0,8.0
2025-01-07 10:00:00+01:00,4.8,75.85679,0.9,0.0,990.1013,89.0,19.523983,20.0,42.0,62.0
2025-01-07 11:00:00+01:00,5.2,75.38183,1.2,0.1,990.21814,59.0,19.42833,60.0,75.0,135.0
2025-01-07 12:00:00+01:00,5.0,80.65421,1.95,0.7,990.1104,55.0,22.32653,78.0,79.0,157.0
2025-01-07 13:00:00+01:00,5.65,70.2288,0.65,0.1,990.43555,96.0,23.34455,115.0,83.0,198.0
2025-01-07 14:00:00+01:00,5.45,66.959946,-0.2,0.1,991.11804,64.0,24.23324,138.0,71.0,209.0
2025-01-07 15:00:00+01:00,5.05,61.245857,-1.8,0.0,991.49493,19.0,19.046858,86.0,76.0,162.0
2025-01-07 16:00:00+01:00,4.9,64.204185,-1.3,0.0,991.68567,95.0,17.377226,56.0,36.0,92.0
2025-01-07 17:00:00+01:00,4.3,70.72394,-0.55,0.0,991.5598,85.0,17.057314,4.0,6.0,10.0
2025-01-07 18:00:00+01:00,4.0,71.18155,-0.75,0.0,991.54645,76.0,16.712881,0.0,0.0,0.0
2025-01-07 19:00:00+01:00,4.25,67.43366,-1.25,0.0,991.8538,94.0,17.055414,0.0,0.0,0.0
2025-01-07 20:00:00+01:00,3.75,68.8254,-1.45,0.4,991.9298,73.0,18.968449,0.0,0.0,0.0
2025-01-07 21:00:00+01:00,4.15,69.9242,-0.85,0.0,992.1454,96.0,21.34803,0.0,0.0,0.0
2025-01-07 22:00:00+01:00,3.95,71.69289,-0.7,0.0,992.4326,55.0,18.108572,0.0,0.0,0.0
2025-01-07 23:00:00+01:00,3.6,74.016914,-0.6,0.0,992.3179,18.0,15.027575,0.0,0.0,0.0
2025-01-08 00:00:00+01:00,3.3,74.5043,-0.8,0.0,992.008,1.0,16.831684,0.0,0.0,0.0
2025-01-08 01:00:00+01:00,2.85,77.75968,-0.65,0.0,991.88904,19.0,18.204933,0.0,0.0,0.0
2025-01-08 02:00:00+01:00,3.75,77.341255,0.15,0.0,991.4361,100.0,16.697365,0.0,0.0,0.0
2025-01-08 03:00:00+01:00,3.8,79.90609,0.65,0.0,991.5371,100.0,15.275627,0.0,0.0,0.0
2025-01-08 04:00:00+01:00,3.85,82.543884,1.15,0.0,991.53955,100.0,14.366211,0.0,0.0,0.0
2025-01-08 05:00:00+01:00,3.9,82.25441,1.15,0.0,992.2329,98.0,12.638513,0.0,0.0,0.0
2025-01-08 06:00:00+01:00,3.65,81.9262,0.85,0.0,992.51794,98.0,11.269782,0.0,0.0,0.0
2025-01-08 07:00:00+01:00,2.8,84.521255,0.45,0.0,992.9726,95.0,9.505977,0.0,0.0,0.0
2025-01-08 08:00:00+01:00,1.7,87.837585,-0.1,0.0,993.7119,19.0,7.256032,0.0,0.0,0.0
2025-01-08 09:00:00+01:00,1.5,88.78116,-0.15,0.0,994.2953,93.0,7.7734165,3.0,6.0,9.0
2025-01-08 10:00:00+01:00,2.6,88.556694,0.9,0.0,994.7408,100.0,8.39657,22.0,49.0,71.0
2025-01-08 11:00:00+01:00,3.6,82.511604,0.9,0.0,994.885,100.0,10.062305,2.0,86.0,88.0
2025-01-08 12:00:00+01:00,3.75,84.32819,1.35,0.0,994.6945,100.0,8.435069,0.0,54.0,54.0
2025-01-08 13:00:00+01:00,4.05,85.27292,1.8,0.0,993.72095,100.0,12.033103,0.0,76.0,76.0
2025-01-08 14:00:00+01:00,4.5,83.517296,1.95,0.1,993.6424,100.0,13.337016,1.0,76.0,77.0
2025-01-08 15:00:00+01:00,3.9,92.53189,2.8,0.3,993.51654,100.0,12.638512,0.0,35.0,35.0
2025-01-08 16:00:00+01:00,3.2,95.839874,2.6,0.3,993.48474,100.0,12.606426,0.0,20.0,20.0
2025-01-08 17:00:00+01:00,2.05,99.644005,2.0,0.9,993.432,100.0,11.616627,0.0,1.0,1.0
2025-01-08 18:00:00+01:00,1.35,99.64197,1.3,1.7,993.10333,100.0,8.338489,0.0,0.0,0.0
2025-01-08 19:00:00+01:00,1.0,99.28303,0.9,1.7,991.705,100.0,7.5942082,0.0,0.0,0.0
2025-01-08 20:00:00+01:00,0.85,100.0,0.85,1.6,990.2172,100.0,9.195868,0.0,0.0,0.0
2025-01-08 21:00:00+01:00,1.4,97.51854,1.05,0.9,988.76184,100.0,8.322932,0.0,0.0,0.0
2025-01-08 22:00:00+01:00,1.7,97.175385,1.3,0.9,986.89954,100.0,3.7971036,0.0,0.0,0.0
2025-01-08 23:00:00+01:00,1.7,98.22622,1.45,0.2,986.01105,100.0,7.596341,0.0,0.0,0.0
2025-01-09 00:00:00+01:00,3.0,97.20475,2.6,0.1,986.07043,100.0,15.536408,0.0,0.0,0.0
2025-01-09 01:00:00+01:00,4.1,95.86952,3.5,0.4,985.62634,100.0,15.801087,0.0,0.0,0.0
2025-01-09 02:00:00+01:00,4.15,97.57281,3.8,0.0,985.72723,100.0,17.82818,0.0,0.0,0.0
2025-01-09 03:00:00+01:00,6.15,96.2689,5.6,0.0,985.71796,100.0,22.22836,0.0,0.0,0.0
2025-01-09 04:00:00+01:00,6.8,95.29693,6.1,0.0,985.84546,93.0,18.144321,0.0,0.0,0.0
2025-01-09 05:00:00+01:00,7.1,96.96087,6.65,0.7,985.56256,100.0,20.448032,0.0,0.0,0.0
2025-01-09 06:00:00+01:00,7.6,96.6415,7.1,0.5,985.18945,100.0,19.32382,0.0,0.0,0.0
2025-01-09 07:00:00+01:00,7.7,96.31407,7.15,0.7,984.69995,100.0,23.77772,0.0,0.0,0.0
2025-01-09 08:00:00+01:00,8.25,92.46229,7.1,0.1,984.8229,100.0,22.998478,0.0,0.0,0.0
2025-01-09 09:00:00+01:00,7.85,94.684906,7.05,0.4,984.2127,100.0,18.675814,0.0,2.0,2.0
2025-01-09 10:00:00+01:00,7.9,95.9913,7.3,0.9,983.6224,100.0,20.188908,0.0,9.0,9.0
2025-01-09 11:00:00+01:00,9.35,88.22122,7.5,0.4,983.1915,100.0,23.623928,12.0,46.0,58.0
2025-01-09 12:00:00+01:00,9.95,83.02144,7.2,0.4,982.6249,100.0,24.215185,1.0,69.0,70.0
2025-01-09 13:00:00+01:00,8.65,94.71777,7.85,1.1,981.28485,100.0,22.378714,0.0,19.0,19.0
2025-01-09 14:00:00+01:00,8.55,96.33851,8.0,1.7,980.9842,100.0,21.087675,0.0,38.0,38.0
2025-01-09 15:00:00+01:00,4.0,88.678825,2.3,0.4,984.1409,100.0,21.948933,11.0,49.0,60.0
2025-01-09 16:00:00+01:00,2.25,91.77286,1.05,0.8,987.12213,100.0,19.770523,0.0,6.0,6.0
2025-01-09 17:00:00+01:00,2.15,82.02324,-0.6,0.0,990.376,100.0,17.441433,1.0,5.0,6.0
2025-01-09 18:00:00+01:00,2.3,78.81645,-1.0,0.0,993.1474,93.0,16.986889,0.0,0.0,0.0
2025-01-09 19:00:00+01:00,2.25,82.93698,-0.35,0.0,995.41565,100.0,19.084246,0.0,0.0,0.0
2025-01-09 20:00:00+01:00,1.95,83.201454,-0.6,0.0,997.3765,100.0,16.141893,0.0,0.0,0.0
2025-01-09 21:00:00+01:00,1.95,79.925156,-1.15,0.0,998.8575,7.0,15.182015,0.0,0.0,0.0
2025-01-09 22:00:00+01:00,1.45,78.684975,-1.85,0.0,1000.51263,0.0,15.655861,0.0,0.0,0.0
2025-01-09 23:00:00+01:00,0.85,78.59148,-2.45,0.0,1001.7681,1.0,16.712881,0.0,0.0,0.0
2025-01-10 00:00:00+01:00,0.45,79.70269,-2.65,0.0,1002.63776,15.0,16.733225,0.0,0.0,0.0
2025-01-10 01:00:00+01:00,0.45,76.796776,-3.15,0.0,1003.3288,35.0,16.50709,0.0,0.0,0.0
2025-01-10 02:00:00+01:00,0.55,79.71763,-2.55,0.0,1003.82715,40.0,12.348052,0.0,0.0,0.0
2025-01-10 03:00:00+01:00,0.55,81.506485,-2.25,0.0,1004.12335,77.0,10.934166,0.0,0.0,0.0
2025-01-10 04:00:00+01:00,0.6,81.21287,-2.25,0.0,1004.22455,12.0,11.808878,0.0,0.0,0.0
2025-01-10 05:00:00+01:00,0.1,82.660324,-2.5,0.0,1004.3984,2.0,11.362834,0.0,0.0,0.0
2025-01-10 06:00:00+01:00,-0.75,86.316284,-2.75,0.0,1004.6541,31.0,11.583108,0.0,0.0,0.0
2025-01-10 07:00:00+01:00,-1.0,87.90699,-2.75,0.0,1005.03735,75.0,12.108261,0.0,0.0,0.0
2025-01-10 08:00:00+01:00,-0.6,87.29634,-2.45,0.0,1005.6486,100.0,12.992459,0.0,0.0,0.0
2025-01-10 09:00:00+01:00,0.35,83.61375,-2.1,0.0,1006.2858,100.0,13.513193,0.0,2.0,2.0
2025-01-10 10:00:00+01:00,1.1,78.340645,-2.25,0.0,1006.3212,100.0,13.15971,0.0,27.0,27.0
2025-01-10 11:00:00+01:00,1.65,76.996895,-1.95,0.0,1006.6432,100.0,13.115319,0.0,58.0,58.0
2025-01-10 12:00:00+01:00,2.3,74.597855,-1.75,0.0,1006.67365,43.0,12.744457,4.0,99.0,103.0
2025-01-10 13:00:00+01:00,3.4,71.06252,-1.35,0.0,1006.3296,12.0,11.534054,124.0,97.0,221.0
2025-01-10 14:00:00+01:00,4.25,67.92936,-1.15,0.0,1006.46747,74.0,11.165805,168.0,77.0,245.0
2025-01-10 15:00:00+01:00,4.1,66.41852,-1.6,0.0,1006.3618,64.0,9.375563,64.0,71.0,135.0
2025-01-10 16:00:00+01:00,3.4,70.02706,-1.55,0.0,1006.6258,91.0,7.256032,34.0,45.0,79.0
2025-01-10 17:00:00+01:00,2.15,76.51569,-1.55,0.0,1006.6667,19.0,6.4323244,4.0,8.0,12.0
2025-01-10 18:00:00+01:00,1.05,80.97688,-1.85,0.0,1006.9114,5.0,6.77575,0.0,0.0,0.0
2025-01-10 19:00:00+01:00,0.35,82.69282,-2.25,0.0,1007.273,2.0,7.689603,0.0,0.0,0.0
2025-01-10 20:00:00+01:00,-0.45,84.449585,-2.75,0.0,1007.63,0.0,6.889557,0.0,0.0,0.0
2025-01-10 21:00:00+01:00,-1.1,86.279366,-3.1,0.0,1007.698,0.0,7.0015144,0.0,0.0,0.0
2025-01-10 22:00:00+01:00,-1.55,87.20254,-3.4,0.0,1007.8736,0.0,6.28713,0.0,0.0,0.0
2025-01-10 23:00:00+01:00,-1.95,88.146126,-3.65,0.0,1008.05194,7.0,5.223103,0.0,0.0,0.0
2025-01-11 00:00:00+01:00,-1.95,88.146126,-3.65,0.0,1008.3481,33.0,5.2416787,0.0,0.0,0.0
2025-01-11 01:00:00+01:00,-1.45,86.88801,-3.35,0.0,1008.5696,30.0,6.6087217,0.0,0.0,0.0
2025-01-11 02:00:00+01:00,-0.3,85.41076,-2.45,0.0,1008.62445,19.0,7.2403865,0.0,0.0,0.0
2025-01-11 03:00:00+01:00,-0.7,87.6103,-2.5,0.0,1008.9016,100.0,7.653705,0.0,0.0,0.0
2025-01-11 04:00:00+01:00,-0.35,87.32086,-2.2,0.0,1009.31323,95.0,8.404285,0.0,0.0,0.0
2025-01-11 05:00:00+01:00,0.3,85.47742,-1.85,0.0,1009.73883,99.0,7.8149853,0.0,0.0,0.0
2025-01-11 06:00:00+01:00,0.55,86.13544,-1.5,0.0,1010.343,93.0,6.638072,0.0,0.0,0.0
2025-01-11 07:00:00+01:00,0.4,88.685196,-1.25,0.0,1011.027,76.0,5.0816135,0.0,0.0,0.0
2025-01-11 08:00:00+01:00,-0.4,90.59482,-1.75,0.0,1011.58124,33.0,3.96,0.0,0.0,0.0
2025-01-11 09:00:00+01:00,-0.1,89.29549,-1.65,0.0,1012.1879,14.0,3.4199998,2.0,7.0,9.0
2025-01-11 10:00:00+01:00,0.85,85.53814,-1.3,0.0,1012.5292,4.0,4.1085763,25.0,46.0,71.0
2025-01-11 11:00:00+01:00,1.65,76.996895,-1.95,0.0,1013.0606,0.0,5.0528407,108.0,69.0,177.0
2025-01-11 12:00:00+01:00,2.35,71.90773,-2.2,0.0,1013.1921,2.0,6.130579,193.0,65.0,258.0
2025-01-11 13:00:00+01:00,2.95,67.899155,-2.4,0.0,1013.1214,15.0,7.102591,228.0,61.0,289.0
2025-01-11 14:00:00+01:00,3.05,66.67597,-2.55,0.0,1013.3237,4.0,7.3799996,213.0,58.0,271.0
2025-01-11 15:00:00+01:00,2.85,65.4058,-3.0,0.0,1013.7094,0.0,8.085988,153.0,54.0,207.0
2025-01-11 16:00:00+01:00,1.9,71.02511,-2.8,0.0,1014.35596,0.0,7.1321807,74.0,36.0,110.0
2025-01-11 17:00:00+01:00,0.15,78.48165,-3.15,0.0,1015.1614,1.0,7.040739,9.0,8.0,17.0
2025-01-11 18:00:00+01:00,-0.25,82.003265,-2.95,0.0,1015.6361,5.0,8.131936,0.0,0.0,0.0
2025-01-11 19:00:00+01:00,-0.8,85.67254,-2.9,0.0,1016.00446,22.0,8.461915,0.0,0.0,0.0
2025-01-11 20:00:00+01:00,-0.55,86.33732,-2.55,0.0,1016.50977,64.0,9.044888,0.0,0.0,0.0
2025-01-11 21:00:00+01:00,0.1,84.82701,-2.15,0.0,1016.93604,98.0,8.626865,0.0,0.0,0.0
2025-01-11 22:00:00+01:00,0.85,83.983315,-1.55,0.0,1017.36676,100.0,9.224011,0.0,0.0,0.0
2025-01-11 23:00:00+01:00,0.8,85.53264,-1.35,0.0,1017.9568,100.0,9.47012,0.0,0.0,0.0
2025-01-12 00:00:00+01:00,1.1,85.25317,-1.1,0.0,1018.4646,100.0,9.430695,0.0,0.0,0.0
2025-01-12 01:00:00+01:00,0.7,87.74362,-1.1,0.0,1018.6432,97.0,7.570707,0.0,0.0,0.0
2025-01-12 02:00:00+01:00,0.8,85.219536,-1.4,0.0,1019.339,26.0,8.187527,0.0,0.0,0.0
2025-01-12 03:00:00+01:00,-0.1,85.11796,-2.3,0.0,1019.69073,55.0,5.6835546,0.0,0.0,0.0
2025-01-12 04:00:00+01:00,-0.4,85.716385,-2.5,0.0,1020.1699,94.0,6.698806,0.0,0.0,0.0
2025-01-12 05:00:00+01:00,-0.45,86.34782,-2.45,0.0,1020.5623,35.0,6.5024605,0.0,0.0,0.0
2025-01-12 06:00:00+01:00,-1.15,86.59571,-3.1,0.0,1020.82465,17.0,5.5887027,0.0,0.0,0.0
2025-01-12 07:00:00+01:00,-1.15,85.95352,-3.2,0.0,1021.6144,7.0,5.0816135,0.0,0.0,0.0
2025-01-12 08:00:00+01:00,-0.85,86.305756,-2.85,0.0,1022.51733,4.0,5.7176566,0.0,0.0,0.0
2025-01-12 09:00:00+01:00,-0.45,86.98893,-2.35,0.0,1023.52386,20.0,5.9427266,4.0,7.0,11.0
2025-01-12 10:00:00+01:00,0.8,81.841934,-1.95,0.0,1024.0779,35.0,6.269067,41.0,44.0,85.0
2025-01-12 11:00:00+01:00,1.8,77.02174,-1.8,0.0,1024.4216,45.0,5.09435,116.0,65.0,181.0
2025-01-12 12:00:00+01:00,2.75,68.6138,-2.45,0.0,1024.4667,61.0,9.979859,200.0,60.0,260.0
2025-01-12 13:00:00+01:00,2.95,64.94424,-3.0,0.0,1024.476,91.0,10.799999,78.0,96.0,174.0
2025-01-12 14:00:00+01:00,3.55,59.52765,-3.6,0.0,1025.0967,56.0,11.521406,64.0,107.0,171.0
2025-01-12 15:00:00+01:00,3.4,59.712383,-3.7,0.0,1025.0896,72.0,9.5416975,69.0,82.0,151.0
2025-01-12 16:00:00+01:00,2.5,64.8402,-3.45,0.0,1025.2446,41.0,5.9427266,51.0,47.0,98.0
2025-01-12 17:00:00+01:00,0.15,73.10301,-4.1,0.0,1025.5272,15.0,3.9966488,9.0,9.0,18.0
2025-01-12 18:00:00+01:00,-0.65,75.46778,-4.45,0.0,1026.0808,2.0,2.1068459,0.0,0.0,0.0
2025-01-12 19:00:00+01:00,-1.35,78.24359,-4.65,0.0,1026.5405,5.0,2.2553935,0.0,0.0,0.0
2025-01-12 20:00:00+01:00,-1.85,80.86646,-4.7,0.0,1027.3057,0.0,4.846648,0.0,0.0,0.0
2025-01-12 21:00:00+01:00,-1.7,79.377625,-4.8,0.0,1027.9055,0.0,5.4029994,0.0,0.0,0.0
2025-01-12 22:00:00+01:00,-1.9,80.251335,-4.85,0.0,1028.389,0.0,4.8965297,0.0,0.0,0.0
2025-01-12 23:00:00+01:00,-1.95,81.46437,-4.7,0.0,1028.288,0.0,5.983477,0.0,0.0,0.0
2025-01-13 00:00:00+01:00,-2.15,82.3638,-4.75,0.0,1028.8704,0.0,7.193247,0.0,0.0,0.0
2025-01-13 01:00:00+01:00,-2.3,83.28145,-4.75,0.0,1028.8633,0.0,8.099999,0.0,0.0,0.0
2025-01-13 02:00:00+01:00,-1.95,82.39046,-4.55,0.0,1029.0776,0.0,9.313152,0.0,0.0,0.0
2025-01-13 03:00:00+01:00,-2.4,85.495186,-4.5,0.0,1028.858,0.0,8.714677,0.0,0.0,0.0
2025-01-13 04:00:00+01:00,-2.7,87.41611,-4.5,0.0,1029.1392,0.0,8.490582,0.0,0.0,0.0
2025-01-13 05:00:00+01:00,-2.85,88.39453,-4.5,0.0,1029.3297,0.0,7.6409945,0.0,0.0,0.0
2025-01-13 06:00:00+01:00,-3.15,89.70996,-4.6,0.0,1029.1173,0.0,6.502461,0.0,0.0,0.0
2025-01-13 07:00:00+01:00,-3.35,90.71415,-4.65,0.0,1029.2059,0.0,6.638072,0.0,0.0,0.0
2025-01-13 08:00:00+01:00,-3.55,91.38643,-4.75,0.0,1029.4922,0.0,7.386582,0.0,0.0,0.0
2025-01-13 09:00:00+01:00,-3.4,91.396774,-4.6,0.0,1029.7957,0.0,8.536252,6.0,7.0,13.0
2025-01-13 10:00:00+01:00,-2.25,87.46018,-4.05,0.0,1030.3462,0.0,7.8149853,71.0,34.0,105.0
2025-01-13 11:00:00+01:00,-1.05,78.2915,-4.35,0.0,1030.6024,0.0,7.5105524,160.0,48.0,208.0
2025-01-13 12:00:00+01:00,-0.1,70.62053,-4.8,0.0,1030.1552,0.0,6.873078,226.0,54.0,280.0
2025-01-13 13:00:00+01:00,0.5,66.10281,-5.1,0.0,1029.3944,0.0,7.2649574,249.0,57.0,306.0
2025-01-13 14:00:00+01:00,0.65,58.11021,-6.65,0.0,1029.7965,3.0,7.1684303,220.0,61.0,281.0
2025-01-13 15:00:00+01:00,0.7,56.365986,-7.0,0.0,1029.5029,2.0,6.361415,167.0,52.0,219.0
2025-01-13 16:00:00+01:00,-0.45,61.02797,-7.05,0.0,1029.1509,14.0,3.4152596,83.0,37.0,120.0
2025-01-13 17:00:00+01:00,-2.15,69.12701,-7.05,0.0,1028.8704,11.0,3.4152596,11.0,10.0,21.0
2025-01-13 18:00:00+01:00,-2.55,72.304955,-6.85,0.0,1028.357,7.0,3.4152596,0.0,0.0,0.0
2025-01-13 19:00:00+01:00,-2.9,74.77836,-6.75,0.0,1027.9451,0.0,2.3469126,0.0,0.0,0.0
2025-01-13 20:00:00+01:00,-3.4,77.02046,-6.85,0.0,1027.9203,12.0,2.8174455,0.0,0.0,0.0
2025-01-13 21:00:00+01:00,-3.4,77.31668,-6.8,0.0,1027.9203,42.0,7.256032,0.0,0.0,0.0
2025-01-13 22:00:00+01:00,-4.0,79.938416,-6.95,0.0,1027.7919,99.0,7.7650757,0.0,0.0,0.0
2025-01-13 23:00:00+01:00,-4.5,81.73112,-7.15,0.0,1027.6682,100.0,7.0407386,0.0,0.0,0.0
2025-01-14 00:00:00+01:00,-4.7,82.33547,-7.25,0.0,1027.4608,99.0,6.489992,0.0,0.0,0.0
2025-01-14 01:00:00+01:00,-4.6,82.032555,-7.2,0.0,1026.8735,84.0,5.904439,0.0,0.0,0.0
2025-01-14 02:00:00+01:00,-3.4,83.77583,-5.75,0.0,1026.4397,100.0,3.148714,0.0,0.0,0.0
2025-01-14 03:00:00+01:00,-3.75,84.695435,-5.95,0.0,1026.1261,97.0,3.550155,0.0,0.0,0.0
2025-01-14 04:00:00+01:00,-4.35,85.27468,-6.45,0.0,1026.0964,0.0,4.2021427,0.0,0.0,0.0
2025-01-14 05:00:00+01:00,-4.65,85.24032,-6.75,0.0,1025.5879,1.0,3.4576871,0.0,0.0,0.0
2025-01-14 06:00:00+01:00,-4.9,85.86899,-6.9,0.0,1024.9834,36.0,3.8183763,0.0,0.0,0.0
2025-01-14 07:00:00+01:00,-4.8,85.551,-6.85,0.0,1024.5934,29.0,2.657668,0.0,0.0,0.0
2025-01-14 08:00:00+01:00,-4.95,85.86349,-6.95,0.0,1024.29,18.0,2.9301877,0.0,0.0,0.0
2025-01-14 09:00:00+01:00,-4.2,84.96642,-6.35,0.0,1024.5247,11.0,4.080882,6.0,7.0,13.0
2025-01-14 10:00:00+01:00,-2.6,77.44988,-6.0,0.0,1024.8011,4.0,5.1481256,71.0,34.0,105.0
2025-01-14 11:00:00+01:00,-0.95,67.29776,-6.25,0.0,1024.4868,83.0,2.6208394,158.0,49.0,207.0
2025-01-14 12:00:00+01:00,0.55,58.53106,-6.65,0.0,1023.5721,1.0,0.56920993,199.0,70.0,269.0
2025-01-14 13:00:00+01:00,1.55,53.435555,-6.9,0.0,1022.9287,15.0,0.56920993,248.0,58.0,306.0
2025-01-14 14:00:00+01:00,0.8,60.18394,-6.05,0.0,1022.7944,2.0,2.2553935,230.0,57.0,287.0
2025-01-14 15:00:00+01:00,0.85,59.511757,-6.15,0.0,1021.9081,0.0,4.514377,166.0,52.0,218.0
2025-01-14 16:00:00+01:00,-0.1,64.4763,-6.0,0.0,1021.76385,0.0,3.710795,82.0,37.0,119.0
2025-01-14 17:00:00+01:00,-2.0,75.802124,-5.7,0.0,1021.67175,53.0,4.278551,11.0,10.0,21.0
2025-01-14 18:00:00+01:00,-1.1,72.0395,-5.5,0.0,1021.91315,54.0,4.3349743,0.0,0.0,0.0
2025-01-14 19:00:00+01:00,-1.4,74.20148,-5.4,0.0,1021.50354,89.0,8.217153,0.0,0.0,0.0
2025-01-14 20:00:00+01:00,-1.55,74.73898,-5.45,0.0,1021.2987,50.0,7.6409945,0.0,0.0,0.0
2025-01-14 21:00:00+01:00,-1.4,73.92054,-5.45,0.0,1020.8125,96.0,8.643749,0.0,0.0,0.0
2025-01-14 22:00:00+01:00,-0.75,71.02406,-5.35,0.0,1020.449,80.0,8.242743,0.0,0.0,0.0
2025-01-14 23:00:00+01:00,-1.0,73.15977,-5.2,0.0,1020.2398,100.0,7.7043357,0.0,0.0,0.0
2025-01-15 00:00:00+01:00,-0.55,70.528435,-5.25,0.0,1020.1625,100.0,6.452441,0.0,0.0,0.0
2025-01-15 01:00:00+01:00,-0.55,73.24534,-4.75,0.1,1019.7676,100.0,7.8149853,0.0,0.0,0.0
2025-01-15 02:00:00+01:00,-0.45,84.13685,-2.8,0.0,1019.5751,100.0,7.342588,0.0,0.0,0.0
2025-01-15 03:00:00+01:00,-0.25,83.53935,-2.7,0.0,1019.2887,100.0,6.7853074,0.0,0.0,0.0
2025-01-15 04:00:00+01:00,0.35,80.28087,-2.65,0.0,1019.02106,100.0,5.3517847,0.0,0.0,0.0
2025-01-15 05:00:00+01:00,0.55,80.310005,-2.45,0.0,1019.12946,100.0,2.0523157,0.0,0.0,0.0
2025-01-15 06:00:00+01:00,0.45,81.794495,-2.3,0.0,1019.3221,100.0,1.1525624,0.0,0.0,0.0
2025-01-15 07:00:00+01:00,0.4,83.00518,-2.15,0.0,1019.616,100.0,0.9178235,0.0,0.0,0.0
2025-01-15 08:00:00+01:00,0.45,83.6261,-2.0,0.0,1019.8157,100.0,1.9134263,0.0,0.0,0.0
2025-01-15 09:00:00+01:00,1.2,86.51936,-0.8,0.0,1019.85156,100.0,6.0721655,0.0,4.0,4.0
2025-01-15 10:00:00+01:00,2.55,88.23395,0.8,0.0,1020.3105,100.0,0.0,2.0,42.0,44.0
2025-01-15 11:00:00+01:00,3.55,81.61815,0.7,0.0,1020.851,100.0,3.8268526,10.0,69.0,79.0
2025-01-15 12:00:00+01:00,3.3,83.069786,0.7,0.0,1020.7404,100.0,4.9785542,0.0,65.0,65.0
2025-01-15 13:00:00+01:00,3.1,86.09184,1.0,0.0,1020.33624,100.0,4.3498964,1.0,62.0,63.0
2025-01-15 14:00:00+01:00,2.65,89.20037,1.05,0.0,1020.6112,100.0,2.7416782,1.0,63.0,64.0
2025-01-15 15:00:00+01:00,2.4,91.4535,1.15,0.0,1020.20447,100.0,1.8792552,0.0,49.0,49.0
2025-01-15 16:00:00+01:00,2.15,93.430405,1.2,0.0,1020.2917,100.0,1.6299692,2.0,43.0,45.0
2025-01-15 17:00:00+01:00,1.5,95.095695,0.8,0.0,1020.7546,100.0,1.3708391,1.0,7.0,8.0
2025-01-15 18:00:00+01:00,1.4,95.43515,0.75,0.0,1021.0459,100.0,1.3104197,0.0,0.0,0.0
2025-01-15 19:00:00+01:00,1.3,96.46901,0.8,0.0,1021.5347,100.0,1.484318,0.0,0.0,0.0
2025-01-15 20:00:00+01:00,1.2,97.16395,0.8,0.0,1022.1224,100.0,2.2910259,0.0,0.0,0.0
2025-01-15 21:00:00+01:00,1.75,95.791435,1.15,0.0,1022.24725,88.0,5.154415,0.0,0.0,0.0
2025-01-15 22:00:00+01:00,2.25,93.771324,1.35,0.0,1022.46814,86.0,8.181589,0.0,0.0,0.0
2025-01-15 23:00:00+01:00,2.15,93.430405,1.2,0.0,1022.75995,80.0,7.7043357,0.0,0.0,0.0
2025-01-16 00:00:00+01:00,1.65,93.74165,0.75,0.0,1022.5386,100.0,6.945761,0.0,0.0,0.0
2025-01-16 01:00:00+01:00,1.3,94.74532,0.55,0.0,1022.3246,100.0,7.5942082,0.0,0.0,0.0
2025-01-16 02:00:00+01:00,2.3,94.4482,1.5,0.0,1022.767,100.0,8.37532,0.0,0.0,0.0
2025-01-16 03:00:00+01:00,2.1,96.83752,1.65,0.0,1023.1522,100.0,7.7900705,0.0,0.0,0.0
2025-01-16 04:00:00+01:00,2.1,96.83752,1.65,0.0,1023.3497,100.0,7.127636,0.0,0.0,0.0
2025-01-16 05:00:00+01:00,1.75,96.8286,1.3,0.0,1023.3333,100.0,5.2323985,0.0,0.0,0.0
2025-01-16 06:00:00+01:00,1.7,96.48037,1.2,0.0,1023.52814,100.0,6.8541956,0.0,0.0,0.0
2025-01-16 07:00:00+01:00,1.5,96.4747,1.0,0.0,1023.9138,100.0,5.9617786,0.0,0.0,0.0
2025-01-16 08:00:00+01:00,1.35,96.12363,0.8,0.0,1024.1039,11.0,8.538149,0.0,0.0,0.0
2025-01-16 09:00:00+01:00,0.85,96.45621,0.35,0.0,1024.5737,5.0,8.738811,6.0,7.0,13.0
2025-01-16 10:00:00+01:00,2.0,94.43496,1.2,0.0,1025.0232,4.0,9.167638,62.0,41.0,103.0
2025-01-16 11:00:00+01:00,3.25,91.50996,2.0,0.0,1025.3787,15.0,7.029225,153.0,54.0,207.0
2025-01-16 12:00:00+01:00,4.4,85.61592,2.2,0.0,1025.1366,21.0,6.945761,222.0,60.0,282.0
2025-01-16 13:00:00+01:00,5.0,80.65421,1.95,0.0,1024.3748,56.0,7.24486,191.0,82.0,273.0
2025-01-16 14:00:00+01:00,5.05,76.17242,1.2,0.0,1024.6731,86.0,8.089993,115.0,103.0,218.0
2025-01-16 15:00:00+01:00,5.15,75.64433,1.2,0.0,1024.2828,84.0,8.027677,70.0,89.0,159.0
2025-01-16 16:00:00+01:00,4.7,79.46577,1.45,0.0,1024.2618,36.0,4.3573384,38.0,57.0,95.0
2025-01-16 17:00:00+01:00,2.5,86.0285,0.4,0.0,1024.3561,1.0,4.1046314,10.0,12.0,22.0
2025-01-16 18:00:00+01:00,1.05,88.74204,-0.6,0.0,1024.5834,3.0,4.278551,0.0,0.0,0.0
2025-01-16 19:00:00+01:00,0.3,89.98545,-1.15,0.0,1024.9421,2.0,5.004518,0.0,0.0,0.0
2025-01-16 20:00:00+01:00,0.3,90.31538,-1.1,0.0,1025.041,0.0,5.796447,0.0,0.0,0.0
2025-01-16 21:00:00+01:00,0.0,90.95716,-1.3,0.0,1025.2239,0.0,6.945761,0.0,0.0,0.0
2025-01-16 22:00:00+01:00,-0.25,91.609505,-1.45,0.0,1025.4093,0.0,7.748368,0.0,0.0,0.0
2025-01-16 23:00:00+01:00,-0.5,92.608284,-1.55,0.0,1025.496,0.0,7.7879906,0.0,0.0,0.0
2025-01-17 00:00:00+01:00,-1.15,93.94619,-2.0,0.0,1025.4644,0.0,6.6405115,0.0,0.0,0.0
2025-01-17 01:00:00+01:00,-1.45,94.27928,-2.25,0.0,1025.2523,0.0,6.193674,0.0,0.0,0.0
2025-01-17 02:00:00+01:00,-1.0,95.69724,-1.6,0.0,1025.373,10.0,6.1305785,0.0,0.0,0.0
2025-01-17 03:00:00+01:00,-1.35,96.39251,-1.85,0.0,1025.3558,29.0,6.193674,0.0,0.0,0.0
2025-01-17 04:00:00+01:00,-1.6,97.45724,-1.95,0.0,1025.245,51.0,6.7397914,0.0,0.0,0.0
2025-01-17 05:00:00+01:00,-1.85,98.53687,-2.05,0.0,1025.134,66.0,7.029225,0.0,0.0,0.0
2025-01-17 06:00:00+01:00,-2.0,98.17182,-2.25,0.0,1025.3241,53.0,6.299999,0.0,0.0,0.0
2025-01-17 07:00:00+01:00,-2.0,98.17182,-2.25,0.0,1025.5215,66.0,7.0934615,0.0,0.0,0.0
2025-01-17 08:00:00+01:00,-2.2,98.16881,-2.45,0.0,1025.808,76.0,7.3094187,0.0,0.0,0.0
2025-01-17 09:00:00+01:00,-1.95,98.53567,-2.15,0.0,1026.1163,81.0,7.282774,5.0,9.0,14.0
2025-01-17 10:00:00+01:00,-0.7,96.765144,-1.15,0.0,1026.276,99.0,6.015878,38.0,53.0,91.0
2025-01-17 11:00:00+01:00,0.7,93.35452,-0.25,0.0,1026.2449,100.0,5.154415,70.0,94.0,164.0
2025-01-17 12:00:00+01:00,1.5,91.72435,0.3,0.0,1025.987,100.0,5.4149795,74.0,118.0,192.0
2025-01-17 13:00:00+01:00,2.05,88.82869,0.4,0.0,1025.1248,100.0,6.4624763,66.0,133.0,199.0
2025-01-17 14:00:00+01:00,0.55,86.45217,-1.45,0.0,1025.349,100.0,7.16617,16.0,118.0,134.0
2025-01-17 15:00:00+01:00,0.9,83.06885,-1.65,0.0,1025.1683,100.0,7.256032,25.0,96.0,121.0
2025-01-17 16:00:00+01:00,0.85,82.45361,-1.8,0.0,1024.8699,100.0,6.489992,21.0,60.0,81.0
2025-01-17 17:00:00+01:00,-0.25,89.28295,-1.8,0.0,1024.7184,89.0,4.293669,6.0,14.0,20.0
2025-01-17 18:00:00+01:00,-1.35,91.5361,-2.55,0.0,1024.5663,38.0,3.0547013,0.0,0.0,0.0
2025-01-17 19:00:00+01:00,-1.9,92.1821,-3.0,0.0,1024.4406,19.0,3.0811036,0.0,0.0,0.0
2025-01-17 20:00:00+01:00,-2.25,92.16023,-3.35,0.0,1024.4236,8.0,4.1046314,0.0,0.0,0.0
2025-01-17 21:00:00+01:00,-2.1,92.51336,-3.15,0.0,1023.83856,4.0,4.8965297,0.0,0.0,0.0
2025-01-17 22:00:00+01:00,-2.2,93.19881,-3.15,0.0,1023.63635,1.0,7.10031,0.0,0.0,0.0
2025-01-17 23:00:00+01:00,-2.4,93.53585,-3.3,0.0,1023.33014,0.0,7.388775,0.0,0.0,0.0
2025-01-18 00:00:00+01:00,-2.5,92.8353,-3.5,0.0,1022.9306,0.0,8.43699,0.0,0.0,0.0
2025-01-18 01:00:00+01:00,-2.45,91.80415,-3.6,0.0,1022.3409,1.0,9.473541,0.0,0.0,0.0
2025-01-18 02:00:00+01:00,-1.55,95.678024,-2.15,0.0,1022.5821,24.0,8.528657,0.0,0.0,0.0
2025-01-18 03:00:00+01:00,-1.8,96.73603,-2.25,0.0,1022.0766,46.0,8.404285,0.0,0.0,0.0
2025-01-18 04:00:00+01:00,-1.9,97.45099,-2.25,0.0,1021.7752,62.0,7.3997297,0.0,0.0,0.0
2025-01-18 05:00:00+01:00,-1.75,97.45412,-2.1,0.0,1021.3877,62.0,7.538541,0.0,0.0,0.0
2025-01-18 06:00:00+01:00,-1.55,96.742676,-2.0,0.0,1020.8052,57.0,7.44121,0.0,0.0,0.0
2025-01-18 07:00:00+01:00,-1.7,96.38222,-2.2,0.0,1020.3045,56.0,5.991594,0.0,0.0,0.0
2025-01-18 08:00:00+01:00,-1.85,96.022064,-2.4,0.0,1020.49457,39.0,7.6388745,0.0,0.0,0.0
2025-01-18 09:00:00+01:00,-1.6,96.38516,-2.1,0.0,1020.50684,54.0,8.942214,7.0,8.0,15.0
2025-01-18 10:00:00+01:00,-0.2,93.30677,-1.15,0.0,1020.3769,61.0,7.2,65.0,40.0,105.0
2025-01-18 11:00:00+01:00,1.6,86.24609,-0.45,0.0,1020.3641,15.0,7.519175,148.0,57.0,205.0
2025-01-18 12:00:00+01:00,3.2,75.306595,-0.75,0.0,1019.6498,1.0,6.384293,220.0,60.0,280.0
2025-01-18 13:00:00+01:00,4.3,69.446266,-0.8,0.0,1018.4175,0.0,5.09435,253.0,59.0,312.0
2025-01-18 14:00:00+01:00,3.15,70.2338,-1.75,0.0,1018.4627,1.0,3.550155,220.0,65.0,285.0
2025-01-18 15:00:00+01:00,3.35,69.504,-1.7,0.0,1017.8796,0.0,5.994297,183.0,50.0,233.0
2025-01-18 16:00:00+01:00,2.25,76.532524,-1.45,0.0,1017.9265,0.0,7.193247,94.0,39.0,133.0
2025-01-18 17:00:00+01:00,0.4,82.69931,-2.2,0.0,1017.44403,1.0,7.0568266,16.0,13.0,29.0
2025-01-18 18:00:00+01:00,0.35,81.7809,-2.4,0.0,1017.1454,0.0,8.322932,0.0,0.0,0.0
2025-01-18 19:00:00+01:00,0.3,80.57171,-2.65,0.0,1016.9456,0.0,8.067936,0.0,0.0,0.0
2025-01-18 20:00:00+01:00,-0.1,81.114815,-2.95,0.0,1016.82776,0.0,8.281956,0.0,0.0,0.0
2025-01-18 21:00:00+01:00,-0.5,81.05846,-3.35,0.0,1016.2163,0.0,6.792466,0.0,0.0,0.0
2025-01-18 22:00:00+01:00,-0.95,81.60295,-3.7,0.0,1015.7997,0.0,5.634891,0.0,0.0,0.0
2025-01-18 23:00:00+01:00,-1.45,82.76655,-4.0,0.0,1015.38086,0.0,4.846648,0.0,0.0,0.0
2025-01-19 00:00:00+01:00,-1.1,80.368706,-4.05,0.0,1015.1018,0.0,6.297428,0.0,0.0,0.0
2025-01-19 01:00:00+01:00,-1.2,80.35408,-4.15,0.0,1014.7018,0.0,6.341009,0.0,0.0,0.0
2025-01-19 02:00:00+01:00,-2.35,89.10516,-3.9,0.0,1013.8566,0.0,5.315336,0.0,0.0,0.0
2025-01-19 03:00:00+01:00,-2.9,89.730286,-4.35,0.0,1013.43494,0.0,4.913044,0.0,0.0,0.0
2025-01-19 04:00:00+01:00,-2.7,89.07512,-4.25,0.0,1013.04974,0.0,5.9427266,0.0,0.0,0.0
2025-01-19 05:00:00+01:00,-2.65,88.081055,-4.35,0.0,1012.5588,0.0,7.729527,0.0,0.0,0.0
2025-01-19 06:00:00+01:00,-2.6,86.770515,-4.5,0.0,1012.16644,0.0,7.193247,0.0,0.0,0.0
2025-01-19 07:00:00+01:00,-2.65,86.43919,-4.6,0.0,1011.7691,0.0,6.193674,0.0,0.0,0.0
2025-01-19 08:00:00+01:00,-2.75,86.42867,-4.7,0.0,1011.46814,0.0,5.796447,0.0,0.0,0.0
2025-01-19 09:00:00+01:00,-2.1,84.57011,-4.35,0.0,1011.4009,0.0,6.391901,9.0,8.0,17.0
2025-01-19 10:00:00+01:00,0.1,77.02487,-3.45,0.0,1011.30896,0.0,5.5916004,77.0,35.0,112.0
2025-01-19 11:00:00+01:00,2.8,66.62036,-2.8,0.0,1011.04095,0.0,4.1085763,166.0,50.0,216.0
2025-01-19 12:00:00+01:00,4.65,54.697594,-3.7,0.0,1010.63306,0.0,4.3349743,232.0,57.0,289.0
2025-01-19 13:00:00+01:00,5.8,49.0056,-4.1,0.0,1009.5007,0.0,4.724786,259.0,58.0,317.0
2025-01-19 14:00:00+01:00,5.85,54.6155,-2.6,0.0,1008.91046,0.0,2.2553935,241.0,58.0,299.0
2025-01-19 15:00:00+01:00,5.85,55.841583,-2.3,0.0,1008.31793,0.0,1.2074767,182.0,52.0,234.0
2025-01-19 16:00:00+01:00,4.15,62.62634,-2.35,0.0,1008.14136,0.0,0.25455844,95.0,40.0,135.0
2025-01-19 17:00:00+01:00,1.25,73.31091,-3.0,0.0,1008.0065,0.0,3.0758414,18.0,13.0,31.0
2025-01-19 18:00:00+01:00,0.4,80.5861,-2.55,0.0,1008.3615,0.0,8.536252,0.0,0.0,0.0
2025-01-19 19:00:00+01:00,-1.05,89.21573,-2.6,0.0,1008.58856,0.0,9.1641035,0.0,0.0,0.0
2025-01-19 20:00:00+01:00,-1.45,90.18133,-2.85,0.0,1008.5696,0.0,7.10031,0.0,0.0,0.0
2025-01-19 21:00:00+01:00,-1.6,90.16971,-3.0,0.0,1008.5624,0.0,7.0107627,0.0,0.0,0.0
2025-01-19 22:00:00+01:00,-1.85,91.84326,-3.0,0.0,1008.4515,0.0,7.970972,0.0,0.0,0.0
2025-01-19 23:00:00+01:00,-2.2,93.19881,-3.15,0.0,1008.5335,0.0,7.193247,0.0,0.0,0.0
2025-01-20 00:00:00+01:00,-2.6,94.93113,-3.3,0.0,1008.8103,19.0,6.804381,0.0,0.0,0.0
2025-01-20 01:00:00+01:00,-2.85,95.6321,-3.45,0.0,1008.69965,52.0,5.7402787,0.0,0.0,0.0
2025-01-20 02:00:00+01:00,-2.65,98.52719,-2.85,0.0,1007.9194,100.0,6.3690495,0.0,0.0,0.0
2025-01-20 03:00:00+01:00,-2.65,98.162,-2.9,0.0,1008.1168,100.0,7.7734165,0.0,0.0,0.0
2025-01-20 04:00:00+01:00,-2.6,98.89403,-2.75,0.0,1007.7245,100.0,5.315336,0.0,0.0,0.0
2025-01-20 05:00:00+01:00,-2.45,98.52962,-2.65,0.0,1008.02795,100.0,5.991594,0.0,0.0,0.0
2025-01-20 06:00:00+01:00,-2.15,98.16956,-2.4,0.0,1007.8448,100.0,4.2671766,0.0,0.0,0.0
2025-01-20 07:00:00+01:00,-1.95,97.449936,-2.3,0.0,1008.05194,100.0,5.154415,0.0,0.0,0.0
2025-01-20 08:00:00+01:00,-1.95,97.81066,-2.25,0.0,1008.3481,100.0,5.315336,0.0,0.0,0.0
2025-01-20 09:00:00+01:00,-2.0,98.53506,-2.2,0.0,1008.4443,100.0,4.445672,1.0,8.0,9.0
2025-01-20 10:00:00+01:00,-1.45,94.97811,-2.15,0.0,1008.767,100.0,6.698806,2.0,46.0,48.0
2025-01-20 11:00:00+01:00,-1.05,93.60556,-1.95,0.0,1009.08215,100.0,6.8919086,0.0,60.0,60.0
2025-01-20 12:00:00+01:00,-0.65,90.91074,-1.95,0.0,1009.1012,100.0,5.904439,0.0,88.0,88.0
2025-01-20 13:00:00+01:00,0.05,85.76547,-2.05,0.0,1008.5422,100.0,5.6002855,0.0,136.0,136.0
2025-01-20 14:00:00+01:00,-0.9,85.980484,-2.95,0.0,1008.69464,100.0,5.2478566,5.0,120.0,125.0
2025-01-20 15:00:00+01:00,-0.45,82.5885,-3.05,0.0,1008.32104,100.0,5.6492476,27.0,99.0,126.0
2025-01-20 16:00:00+01:00,-0.4,82.28854,-3.05,0.0,1008.02734,100.0,4.896529,9.0,55.0,64.0
2025-01-20 17:00:00+01:00,-1.2,87.23721,-3.05,0.0,1007.989,100.0,2.0124612,5.0,16.0,21.0
2025-01-20 18:00:00+01:00,-1.45,87.537994,-3.25,0.0,1008.07605,85.0,0.742159,0.0,0.0,0.0
2025-01-20 19:00:00+01:00,-2.15,89.79095,-3.6,0.0,1007.9435,26.0,0.35999998,0.0,0.0,0.0
2025-01-20 20:00:00+01:00,-2.9,92.81224,-3.9,0.0,1008.00604,14.0,1.2727921,0.0,0.0,0.0
2025-01-20 21:00:00+01:00,-3.5,94.89391,-4.2,0.0,1007.68085,9.0,1.4512063,0.0,0.0,0.0
2025-01-20 22:00:00+01:00,-4.0,96.67664,-4.45,0.0,1007.8538,78.0,0.56920993,0.0,0.0,0.0
2025-01-20 23:00:00+01:00,-4.45,97.76502,-4.75,0.0,1007.53564,97.0,1.5484185,0.0,0.0,0.0
2025-01-21 00:00:00+01:00,-4.7,97.39149,-5.05,0.0,1007.52356,37.0,2.657668,0.0,0.0,0.0
2025-01-21 01:00:00+01:00,-4.85,97.388245,-5.2,0.0,1007.3186,94.0,2.1674871,0.0,0.0,0.0
2025-01-21 02:00:00+01:00,-3.3,97.42149,-3.65,0.0,1007.1972,11.0,1.5379207,0.0,0.0,0.0
2025-01-21 03:00:00+01:00,-3.4,97.41937,-3.75,0.0,1007.1921,11.0,2.6758924,0.0,0.0,0.0
2025-01-21 04:00:00+01:00,-3.35,96.69435,-3.8,0.0,1007.0958,46.0,1.98,0.0,0.0,0.0
2025-01-21 05:00:00+01:00,-3.2,98.15364,-3.45,0.0,1007.3006,100.0,2.5959969,0.0,0.0,0.0
2025-01-21 06:00:00+01:00,-3.3,98.51925,-3.5,0.0,1006.80237,100.0,3.4949677,0.0,0.0,0.0
2025-01-21 07:00:00+01:00,-3.3,98.15212,-3.55,0.0,1006.80237,100.0,2.5772076,0.0,0.0,0.0
2025-01-21 08:00:00+01:00,-3.2,97.788025,-3.5,0.0,1006.90576,100.0,2.8174455,0.0,0.0,0.0
2025-01-21 09:00:00+01:00,-3.05,97.06404,-3.45,0.0,1007.0117,100.0,3.8183763,1.0,8.0,9.0
2025-01-21 10:00:00+01:00,-2.45,96.00257,-3.0,0.0,1007.23834,100.0,4.724786,7.0,51.0,58.0
2025-01-21 11:00:00+01:00,-1.4,89.851074,-2.85,0.0,1007.2886,100.0,5.509882,17.0,92.0,109.0
2025-01-21 12:00:00+01:00,-0.1,82.32836,-2.75,0.0,1007.15314,44.0,5.3517847,94.0,111.0,205.0
2025-01-21 13:00:00+01:00,1.05,76.329475,-2.65,0.0,1006.5164,37.0,3.6,156.0,105.0,261.0
2025-01-21 14:00:00+01:00,-1.25,85.304306,-3.4,0.0,1006.7035,60.0,2.6758924,102.0,100.0,202.0
2025-01-21 15:00:00+01:00,-0.6,80.74244,-3.5,0.0,1006.04346,42.0,2.4216523,105.0,89.0,194.0
2025-01-21 16:00:00+01:00,-0.75,81.63049,-3.5,0.0,1005.74,21.0,2.1674871,63.0,57.0,120.0
2025-01-21 17:00:00+01:00,-2.1,88.13223,-3.8,0.0,1005.28076,12.0,1.4512063,16.0,16.0,32.0
2025-01-21 18:00:00+01:00,-2.6,88.74995,-4.2,0.0,1005.2568,4.0,2.0523157,0.0,0.0,0.0
2025-01-21 19:00:00+01:00,-2.95,88.71893,-4.55,0.0,1005.0423,16.0,1.659518,0.0,0.0,0.0
2025-01-21 20:00:00+01:00,-3.2,88.02956,-4.9,0.0,1004.83295,0.0,1.609969,0.0,0.0,0.0
2025-01-21 21:00:00+01:00,-3.3,86.69825,-5.2,0.0,1004.43335,0.0,1.6981165,0.0,0.0,0.0
2025-01-21 22:00:00+01:00,-3.45,86.35462,-5.4,0.0,1004.12994,0.0,1.0948973,0.0,0.0,0.0
2025-01-21 23:00:00+01:00,-3.95,88.62967,-5.55,0.0,1003.71094,0.0,3.244996,0.0,0.0,0.0
2025-01-22 00:00:00+01:00,-3.8,89.31776,-5.3,0.0,1003.422,2.0,4.6938257,0.0,0.0,0.0
2025-01-22 01:00:00+01:00,-3.85,89.65269,-5.3,0.0,1002.6299,96.0,6.6087217,0.0,0.0,0.0
2025-01-22 02:00:00+01:00,-3.6,90.01286,-5.0,0.0,1002.44476,99.0,4.942631,0.0,0.0,0.0
2025-01-22 03:00:00+01:00,-3.65,90.008896,-5.05,0.0,1002.0475,100.0,5.3517847,0.0,0.0,0.0
2025-01-22 04:00:00+01:00,-4.05,90.31903,-5.4,0.0,1001.43567,100.0,3.0547013,0.0,0.0,0.0
2025-01-22 05:00:00+01:00,-3.45,89.010315,-5.0,0.0,1001.16876,100.0,0.9178235,0.0,0.0,0.0
2025-01-22 06:00:00+01:00,-3.15,89.036316,-4.7,0.0,1000.3936,100.0,1.3708391,0.0,0.0,0.0
2025-01-22 07:00:00+01:00,-3.05,89.04495,-4.6,0.0,1000.2009,100.0,1.1384199,0.0,0.0,0.0
2025-01-22 08:00:00+01:00,-2.8,88.73224,-4.4,0.0,1000.0154,100.0,1.4058449,0.0,0.0,0.0
2025-01-22 09:00:00+01:00,-2.0,87.48457,-3.8,0.0,999.65894,100.0,2.1674871,0.0,12.0,12.0
2025-01-22 10:00:00+01:00,-0.15,79.31665,-3.3,0.0,999.2532,100.0,3.8773184,18.0,62.0,80.0
2025-01-22 11:00:00+01:00,1.9,72.086365,-2.6,0.0,998.75653,71.0,2.2910259,140.0,71.0,211.0
2025-01-22 12:00:00+01:00,3.5,65.31201,-2.4,0.0,997.84283,35.0,1.08,202.0,73.0,275.0
2025-01-22 13:00:00+01:00,4.35,61.983776,-2.3,0.0,996.99274,100.0,2.8174455,221.0,85.0,306.0
2025-01-22 14:00:00+01:00,1.7,71.78051,-2.85,0.0,997.0687,100.0,5.7402787,72.0,140.0,212.0
2025-01-22 15:00:00+01:00,1.8,70.21781,-3.05,0.0,996.3823,100.0,5.315336,64.0,115.0,179.0
2025-01-22 16:00:00+01:00,1.2,73.30151,-3.05,0.0,995.8609,100.0,3.671294,16.0,48.0,64.0
2025-01-22 17:00:00+01:00,0.85,75.44984,-3.0,0.0,995.2522,100.0,3.4949677,0.0,5.0,5.0
2025-01-22 18:00:00+01:00,1.15,74.66675,-2.85,0.0,994.67395,100.0,3.4949677,0.0,0.0,0.0
2025-01-22 19:00:00+01:00,1.2,75.51122,-2.65,0.0,994.1825,100.0,2.5071096,0.0,0.0,0.0
2025-01-22 20:00:00+01:00,1.55,74.738655,-2.45,0.0,993.705,100.0,1.9386592,0.0,0.0,0.0
2025-01-22 21:00:00+01:00,1.5,75.563675,-2.35,0.0,992.9131,100.0,1.0948973,0.0,0.0,0.0
2025-01-22 22:00:00+01:00,0.9,78.30906,-2.45,0.0,992.3914,100.0,0.8049845,0.0,0.0,0.0
2025-01-22 23:00:00+01:00,0.85,79.76235,-2.25,0.0,991.5007,100.0,0.17999999,0.0,0.0,0.0
2025-01-23 00:00:00+01:00,1.15,79.22071,-2.05,0.0,990.82355,100.0,0.17999999,0.0,0.0,0.0
2025-01-23 01:00:00+01:00,1.2,80.70063,-1.75,0.3,990.23346,100.0,3.189608,0.0,0.0,0.0
2025-01-23 02:00:00+01:00,1.35,91.38298,0.1,1.5,989.0554,100.0,4.0249224,0.0,0.0,0.0
2025-01-23 03:00:00+01:00,1.95,89.46467,0.4,1.9,988.1946,100.0,3.143565,0.0,0.0,0.0
2025-01-23 04:00:00+01:00,1.85,94.428314,1.05,0.9,987.20264,100.0,7.386582,0.0,0.0,0.0
2025-01-23 05:00:00+01:00,2.85,96.16992,2.3,0.9,986.5574,100.0,8.574123,0.0,0.0,0.0
2025-01-23 06:00:00+01:00,3.25,97.21034,2.85,1.4,986.77277,100.0,13.60519,0.0,0.0,0.0
2025-01-23 07:00:00+01:00,2.95,97.20362,2.55,1.3,988.3389,100.0,11.521406,0.0,0.0,0.0
2025-01-23 08:00:00+01:00,2.3,96.15305,1.75,0.4,990.7778,100.0,10.799999,0.0,0.0,0.0
2025-01-23 09:00:00+01:00,2.8,93.798325,1.9,0.0,993.3675,100.0,14.84318,1.0,7.0,8.0
2025-01-23 10:00:00+01:00,3.6,92.84355,2.55,0.0,995.1813,100.0,14.277983,1.0,43.0,44.0
2025-01-23 11:00:00+01:00,4.1,91.89075,2.9,0.0,996.68524,100.0,15.30741,1.0,72.0,73.0
2025-01-23 12:00:00+01:00,5.5,82.75486,2.8,0.0,997.6375,66.0,15.683774,59.0,129.0,188.0
2025-01-23 13:00:00+01:00,5.5,76.52123,1.7,0.0,997.835,96.0,17.932373,82.0,115.0,197.0
2025-01-23 14:00:00+01:00,6.1,65.899284,0.2,0.0,998.4544,100.0,19.263363,97.0,136.0,233.0
2025-01-23 15:00:00+01:00,5.3,70.66727,0.4,0.0,998.5171,98.0,17.10284,0.0,82.0,82.0
2025-01-23 16:00:00+01:00,4.85,71.34903,0.1,0.0,999.188,99.0,17.032604,12.0,69.0,81.0
2025-01-23 17:00:00+01:00,3.9,73.53472,-0.4,0.0,999.8358,100.0,15.338071,2.0,19.0,21.0
2025-01-23 18:00:00+01:00,3.0,77.21912,-0.6,0.0,999.89343,100.0,10.00256,0.0,0.0,0.0
2025-01-23 19:00:00+01:00,2.9,81.23491,0.0,0.0,999.6912,100.0,11.183201,0.0,0.0,0.0
2025-01-23 20:00:00+01:00,3.3,84.57919,0.95,0.0,999.41327,99.0,13.533558,0.0,0.0,0.0
2025-01-23 21:00:00+01:00,3.45,86.748276,1.45,0.0,999.2227,68.0,15.955151,0.0,0.0,0.0
2025-01-23 22:00:00+01:00,2.75,90.17457,1.3,0.0,998.89453,100.0,16.50709,0.0,0.0,0.0
2025-01-23 23:00:00+01:00,3.25,86.107605,1.15,0.1,998.5224,100.0,18.645428,0.0,0.0,0.0
2025-01-24 00:00:00+01:00,3.05,91.82416,1.85,0.4,998.6121,100.0,19.941854,0.0,0.0,0.0
2025-01-24 01:00:00+01:00,2.7,92.46145,1.6,0.0,999.0898,100.0,17.725203,0.0,0.0,0.0
2025-01-24 02:00:00+01:00,3.35,94.83024,2.6,0.2,998.8233,100.0,17.273436,0.0,0.0,0.0
2025-01-24 03:00:00+01:00,3.7,95.180756,3.0,0.0,999.23425,99.0,14.664202,0.0,0.0,0.0
2025-01-24 04:00:00+01:00,3.55,97.21704,3.15,0.1,999.6224,100.0,12.566526,0.0,0.0,0.0
2025-01-24 05:00:00+01:00,3.65,97.90796,3.35,0.0,999.8245,98.0,11.592895,0.0,0.0,0.0
2025-01-24 06:00:00+01:00,3.7,97.56405,3.35,0.0,999.4317,100.0,13.945064,0.0,0.0,0.0
2025-01-24 07:00:00+01:00,4.5,94.54386,3.7,0.0,999.172,100.0,16.917128,0.0,0.0,0.0
2025-01-24 08:00:00+01:00,4.8,91.93469,3.6,0.0,998.88947,100.0,17.22742,0.0,0.0,0.0
2025-01-24 09:00:00+01:00,5.05,87.83404,3.2,0.0,998.9995,100.0,16.45007,0.0,8.0,8.0
2025-01-24 10:00:00+01:00,5.1,83.887665,2.6,0.0,998.40924,100.0,14.810401,0.0,25.0,25.0
2025-01-24 11:00:00+01:00,5.75,78.21758,2.25,0.0,998.73505,100.0,15.812363,1.0,71.0,72.0
2025-01-24 12:00:00+01:00,6.2,74.75063,2.05,0.0,998.1626,100.0,13.237039,1.0,81.0,82.0
2025-01-24 13:00:00+01:00,6.75,69.448616,1.55,0.0,996.6073,100.0,14.414617,3.0,106.0,109.0
2025-01-24 14:00:00+01:00,7.0,70.751205,2.05,0.0,996.1248,100.0,14.584443,0.0,61.0,61.0
2025-01-24 15:00:00+01:00,7.4,66.42535,1.55,0.0,995.4511,100.0,16.208998,1.0,55.0,56.0
2025-01-24 16:00:00+01:00,7.95,64.44134,1.65,0.0,995.3767,100.0,17.389341,0.0,35.0,35.0
2025-01-24 17:00:00+01:00,8.3,62.479088,1.55,0.0,995.5898,100.0,18.581894,0.0,8.0,8.0
2025-01-24 18:00:00+01:00,8.95,60.221386,1.65,0.0,995.8158,100.0,19.761507,0.0,0.0,0.0
2025-01-24 19:00:00+01:00,9.1,62.891357,2.4,0.0,996.21747,100.0,18.98552,0.0,0.0,0.0
2025-01-24 20:00:00+01:00,9.25,65.6591,3.15,0.0,996.619,100.0,18.204933,0.0,0.0,0.0
2025-01-24 21:00:00+01:00,9.1,69.19156,3.75,0.0,996.31616,100.0,15.856354,0.0,0.0,0.0
2025-01-24 22:00:00+01:00,8.7,71.33515,3.8,0.0,996.1011,100.0,12.855831,0.0,0.0,0.0
2025-01-24 23:00:00+01:00,7.65,74.2149,3.35,0.0,996.1536,100.0,9.659814,0.0,0.0,0.0
2025-01-25 00:00:00+01:00,7.25,71.05291,2.35,0.0,995.83954,99.0,10.086427,0.0,0.0,0.0
2025-01-25 01:00:00+01:00,7.2,67.09894,1.5,0.0,995.63983,89.0,11.19189,0.0,0.0,0.0
2025-01-25 02:00:00+01:00,7.3,71.5696,2.5,0.0,995.2491,100.0,11.132385,0.0,0.0,0.0
2025-01-25 03:00:00+01:00,6.65,74.829666,2.5,0.0,995.3192,100.0,9.580668,0.0,0.0,0.0
2025-01-25 04:00:00+01:00,6.9,74.3442,2.65,0.2,995.13257,100.0,10.1902895,0.0,0.0,0.0
2025-01-25 05:00:00+01:00,6.8,74.3264,2.55,0.2,995.0294,100.0,11.161451,0.0,0.0,0.0
2025-01-25 06:00:00+01:00,7.15,71.79548,2.4,0.0,994.3538,100.0,8.913181,0.0,0.0,0.0
2025-01-25 07:00:00+01:00,7.5,67.16379,1.8,0.0,994.0732,100.0,10.348043,0.0,0.0,0.0
2025-01-25 08:00:00+01:00,7.8,65.80435,1.8,0.0,994.2838,100.0,12.0921955,0.0,0.0,0.0
2025-01-25 09:00:00+01:00,7.7,69.39539,2.45,0.0,994.47687,100.0,10.855358,0.0,9.0,9.0
2025-01-25 10:00:00+01:00,8.2,73.53321,3.75,0.0,994.69666,79.0,14.512064,0.0,35.0,35.0
2025-01-25 11:00:00+01:00,9.95,70.3396,4.8,0.0,994.97064,100.0,15.192682,12.0,91.0,103.0
2025-01-25 12:00:00+01:00,11.0,70.79045,5.9,0.0,995.3127,99.0,13.608762,3.0,132.0,135.0
2025-01-25 13:00:00+01:00,12.2,68.8641,6.65,0.0,995.0682,100.0,15.444377,54.0,113.0,167.0
2025-01-25 14:00:00+01:00,13.3,64.7425,6.8,0.0,994.71985,100.0,13.70839,4.0,113.0,117.0
2025-01-25 15:00:00+01:00,13.7,67.54098,7.8,0.0,994.5395,100.0,14.2575445,6.0,85.0,91.0
2025-01-25 16:00:00+01:00,13.2,70.49181,7.95,0.0,994.81464,100.0,11.870451,8.0,64.0,72.0
2025-01-25 17:00:00+01:00,11.35,80.4199,8.1,0.0,995.0316,100.0,7.519175,0.0,7.0,7.0
2025-01-25 18:00:00+01:00,10.6,86.26321,8.4,0.3,995.0979,100.0,8.604301,0.0,0.0,0.0
2025-01-25 19:00:00+01:00,9.25,94.42188,8.4,1.2,994.9401,100.0,7.6409945,0.0,0.0,0.0
2025-01-25 20:00:00+01:00,9.0,95.05398,8.25,1.9,994.63275,100.0,4.91634,0.0,0.0,0.0
2025-01-25 21:00:00+01:00,8.0,96.9823,7.55,1.3,994.2925,100.0,4.4274144,0.0,0.0,0.0
2025-01-25 22:00:00+01:00,7.65,98.30876,7.4,1.9,993.58594,100.0,5.994297,0.0,0.0,0.0
2025-01-25 23:00:00+01:00,9.35,96.03635,8.75,1.2,993.5617,100.0,19.888983,0.0,0.0,0.0
2025-01-26 00:00:00+01:00,8.95,97.00469,8.5,0.5,993.34674,100.0,15.10821,0.0,0.0,0.0
2025-01-26 01:00:00+01:00,9.05,96.35276,8.5,1.6,993.0548,100.0,21.347271,0.0,0.0,0.0
2025-01-26 02:00:00+01:00,9.65,95.40011,8.95,1.5,993.081,100.0,21.274294,0.0,0.0,0.0
2025-01-26 03:00:00+01:00,9.1,93.14213,8.05,0.5,993.6496,100.0,23.292442,0.0,0.0,0.0
2025-01-26 04:00:00+01:00,8.55,90.60184,7.1,0.1,993.9218,100.0,21.38897,0.0,0.0,0.0
2025-01-26 05:00:00+01:00,8.5,88.14614,6.65,0.0,994.1172,100.0,17.630814,0.0,0.0,0.0
2025-01-26 06:00:00+01:00,8.3,85.141655,5.95,0.0,994.3059,100.0,18.360882,0.0,0.0,0.0
2025-01-26 07:00:00+01:00,7.85,80.76714,4.75,0.1,994.68097,100.0,23.507751,0.0,0.0,0.0
2025-01-26 08:00:00+01:00,7.2,77.61751,3.55,0.0,995.34357,86.0,23.066002,0.0,0.0,0.0
2025-01-26 09:00:00+01:00,6.55,78.61904,3.1,0.0,996.1045,100.0,20.81239,3.0,13.0,16.0
2025-01-26 10:00:00+01:00,6.55,78.61904,3.1,0.0,996.49945,100.0,22.034382,0.0,34.0,34.0
2025-01-26 11:00:00+01:00,6.6,78.07271,3.05,0.1,996.798,100.0,22.517992,6.0,61.0,67.0
2025-01-26 12:00:00+01:00,6.45,76.95074,2.7,0.0,997.3839,100.0,21.774048,0.0,59.0,59.0
2025-01-26 13:00:00+01:00,6.0,75.250755,1.95,0.0,997.56134,100.0,22.609177,0.0,75.0,75.0
2025-01-26 14:00:00+01:00,6.1,70.31935,1.1,0.0,997.36816,100.0,20.12461,1.0,75.0,76.0
2025-01-26 15:00:00+01:00,5.95,68.04564,0.5,0.0,996.96625,100.0,19.219584,8.0,107.0,115.0
2025-01-26 16:00:00+01:00,5.45,68.43328,0.1,0.0,997.4378,100.0,16.554129,9.0,52.0,61.0
2025-01-26 17:00:00+01:00,5.05,72.16661,0.45,0.0,997.02466,100.0,7.4128532,0.0,25.0,25.0
2025-01-26 18:00:00+01:00,3.4,79.8475,0.25,0.0,995.96216,97.0,7.1684303,0.0,0.0,0.0
2025-01-26 19:00:00+01:00,2.95,81.83262,0.15,0.0,995.34906,100.0,8.55142,0.0,0.0,0.0
2025-01-26 20:00:00+01:00,3.65,78.4533,0.25,0.0,994.3939,100.0,8.149847,0.0,0.0,0.0
2025-01-26 21:00:00+01:00,4.2,75.207924,0.2,0.0,992.7403,100.0,7.8480825,0.0,0.0,0.0
2025-01-26 22:00:00+01:00,5.15,69.62144,0.05,0.0,991.69684,100.0,6.1569467,0.0,0.0,0.0
2025-01-26 23:00:00+01:00,6.65,60.30584,-0.5,0.0,990.57904,100.0,9.195868,0.0,0.0,0.0
2025-01-27 00:00:00+01:00,7.65,59.2533,0.2,0.0,989.8332,100.0,14.264361,0.0,0.0,0.0
2025-01-27 01:00:00+01:00,7.7,61.003654,0.65,0.0,988.94653,100.0,13.902014,0.0,0.0,0.0
2025-01-27 02:00:00+01:00,7.55,69.85991,2.4,0.0,988.1499,100.0,10.873252,0.0,0.0,0.0
2025-01-27 03:00:00+01:00,7.45,73.656624,3.05,0.1,987.25684,100.0,12.6462,0.0,0.0,0.0
2025-01-27 04:00:00+01:00,6.75,93.33934,5.75,1.0,985.74457,100.0,14.77755,0.0,0.0,0.0
2025-01-27 05:00:00+01:00,7.6,94.67457,6.8,0.5,984.6957,100.0,18.35647,0.0,0.0,0.0
2025-01-27 06:00:00+01:00,8.25,91.83119,7.0,0.2,984.3291,100.0,23.452555,0.0,0.0,0.0
2025-01-27 07:00:00+01:00,9.1,85.81577,6.85,0.0,983.9709,100.0,23.210928,0.0,0.0,0.0
2025-01-27 08:00:00+01:00,10.0,78.0547,6.35,0.0,984.1086,100.0,23.516708,0.0,0.0,0.0
2025-01-27 09:00:00+01:00,10.4,76.521866,6.45,0.0,984.02704,100.0,21.01071,0.0,6.0,6.0
2025-01-27 10:00:00+01:00,10.35,78.91685,6.85,0.3,984.42004,100.0,23.919012,0.0,24.0,24.0
2025-01-27 11:00:00+01:00,9.65,90.066246,8.1,1.0,984.88354,100.0,24.344624,0.0,34.0,34.0
2025-01-27 12:00:00+01:00,10.4,86.536064,8.25,0.2,984.916,100.0,24.604755,7.0,56.0,63.0
2025-01-27 13:00:00+01:00,10.2,88.29563,8.35,0.5,985.2037,100.0,23.023823,5.0,72.0,77.0
2025-01-27 14:00:00+01:00,10.65,86.26826,8.45,3.2,984.6306,97.0,19.026434,0.0,100.0,100.0
2025-01-27 15:00:00+01:00,11.15,86.02785,8.9,1.5,984.3556,83.0,18.865683,95.0,87.0,182.0
2025-01-27 16:00:00+01:00,11.0,81.19606,7.9,0.0,984.4479,100.0,17.22742,30.0,73.0,103.0
2025-01-27 17:00:00+01:00,10.4,80.01322,7.1,0.0,984.6197,100.0,19.656296,3.0,29.0,32.0
2025-01-27 18:00:00+01:00,9.95,79.401665,6.55,0.2,985.5879,100.0,21.69952,0.0,0.0,0.0
2025-01-27 19:00:00+01:00,8.9,88.78733,7.15,0.3,986.13495,98.0,19.652176,0.0,0.0,0.0
2025-01-27 20:00:00+01:00,8.3,93.41865,7.3,0.5,986.0102,67.0,17.085783,0.0,0.0,0.0
2025-01-27 21:00:00+01:00,7.9,93.398315,6.9,0.0,985.89374,83.0,17.508179,0.0,0.0,0.0
2025-01-27 22:00:00+01:00,7.75,93.39066,6.75,0.0,986.2823,99.0,19.219584,0.0,0.0,0.0
2025-01-27 23:00:00+01:00,7.85,91.491135,6.55,0.0,986.0891,65.0,18.751991,0.0,0.0,0.0
2025-01-28 00:00:00+01:00,7.8,88.08376,5.95,0.0,985.7907,100.0,19.098671,0.0,0.0,0.0
2025-01-28 01:00:00+01:00,7.65,85.96063,5.45,0.0,985.883,100.0,16.59225,0.0,0.0,0.0
2025-01-28 02:00:00+01:00,8.2,78.04722,4.6,0.0,985.3146,98.0,17.085783,0.0,0.0,0.0
2025-01-28 03:00:00+01:00,7.7,79.069916,4.3,0.0,985.3913,100.0,15.053425,0.0,0.0,0.0
2025-01-28 04:00:00+01:00,7.55,78.49509,4.05,0.0,984.9898,100.0,12.535549,0.0,0.0,0.0
2025-01-28 05:00:00+01:00,7.25,81.25122,4.25,0.0,984.97656,100.0,7.754637,0.0,0.0,0.0
2025-01-28 06:00:00+01:00,6.75,82.043724,3.9,0.0,985.0533,100.0,7.256032,0.0,0.0,0.0
2025-01-28 07:00:00+01:00,6.0,84.88668,3.65,0.0,985.0202,100.0,7.229191,0.0,0.0,0.0
2025-01-28 08:00:00+01:00,5.7,88.20307,3.9,0.0,985.1056,100.0,10.132897,0.0,0.0,0.0
2025-01-28 09:00:00+01:00,6.05,89.165695,4.4,0.0,985.21985,100.0,11.7662735,0.0,14.0,14.0
2025-01-28 10:00:00+01:00,6.8,86.47331,4.7,0.0,984.7592,100.0,13.70839,2.0,62.0,64.0
2025-01-28 11:00:00+01:00,7.9,79.93301,4.65,0.0,984.7087,100.0,12.397806,19.0,116.0,135.0
2025-01-28 12:00:00+01:00,8.4,76.99591,4.6,0.0,984.82935,100.0,13.874019,23.0,139.0,162.0
2025-01-28 13:00:00+01:00,8.6,75.960396,4.6,0.0,984.8381,100.0,16.825909,21.0,142.0,163.0
2025-01-28 14:00:00+01:00,9.35,65.21888,3.15,0.1,985.06805,100.0,18.645428,43.0,144.0,187.0
2025-01-28 15:00:00+01:00,9.6,60.81193,2.4,0.0,985.27637,95.0,17.581125,73.0,120.0,193.0
2025-01-28 16:00:00+01:00,9.3,62.271156,2.45,0.0,985.06586,91.0,10.934166,29.0,79.0,108.0
2025-01-28 17:00:00+01:00,8.2,65.42527,2.1,0.0,985.3146,97.0,11.448055,25.0,27.0,52.0
2025-01-28 18:00:00+01:00,7.95,67.50055,2.3,0.0,985.501,100.0,11.571914,0.0,0.0,0.0
2025-01-28 19:00:00+01:00,8.3,66.150154,2.35,0.0,985.6151,99.0,13.609951,0.0,0.0,0.0
2025-01-28 20:00:00+01:00,8.0,66.32002,2.1,0.0,985.7993,100.0,17.750774,0.0,0.0,0.0
2025-01-28 21:00:00+01:00,7.55,74.45947,3.3,0.0,986.0761,100.0,19.172323,0.0,0.0,0.0
2025-01-28 22:00:00+01:00,7.5,78.48745,4.0,0.0,986.27155,84.0,19.976755,0.0,0.0,0.0
2025-01-28 23:00:00+01:00,7.25,79.83933,4.0,0.0,986.65533,67.0,20.298542,0.0,0.0,0.0
2025-01-29 00:00:00+01:00,7.1,81.51616,4.15,0.0,986.7476,98.0,19.098671,0.0,0.0,0.0
2025-01-29 01:00:00+01:00,6.9,83.222015,4.25,0.1,986.8373,100.0,21.011482,0.0,0.0,0.0
2025-01-29 02:00:00+01:00,6.5,89.51405,4.9,0.0,986.91846,91.0,21.2522,0.0,0.0,0.0
2025-01-29 03:00:00+01:00,5.9,92.00305,4.7,0.7,986.793,86.0,21.017649,0.0,0.0,0.0
2025-01-29 04:00:00+01:00,6.65,90.46492,5.2,0.1,987.12274,71.0,22.752028,0.0,0.0,0.0
2025-01-29 05:00:00+01:00,6.45,91.08204,5.1,1.0,987.60754,100.0,20.256998,0.0,0.0,0.0
2025-01-29 06:00:00+01:00,6.65,91.73038,5.4,0.5,988.9003,100.0,21.385939,0.0,0.0,0.0
2025-01-29 07:00:00+01:00,6.4,90.44669,4.95,0.1,989.9754,100.0,19.72869,0.0,0.0,0.0
2025-01-29 08:00:00+01:00,6.55,89.51803,4.95,0.1,991.16693,100.0,18.000898,0.0,0.0,0.0
2025-01-29 09:00:00+01:00,6.9,85.2846,4.6,0.0,992.86127,76.0,19.171478,2.0,13.0,15.0
2025-01-29 10:00:00+01:00,7.55,78.220146,4.0,0.0,993.779,44.0,17.873556,65.0,57.0,122.0
2025-01-29 11:00:00+01:00,8.15,75.61935,4.1,0.1,994.3982,23.0,23.910208,99.0,90.0,189.0
2025-01-29 12:00:00+01:00,8.8,69.13019,3.45,0.0,995.01917,33.0,25.925,165.0,92.0,257.0
2025-01-29 13:00:00+01:00,9.15,67.51741,3.45,0.1,995.3307,47.0,23.828083,175.0,100.0,275.0
2025-01-29 14:00:00+01:00,8.95,69.1609,3.6,0.0,996.11206,47.0,24.634367,83.0,100.0,183.0
2025-01-29 15:00:00+01:00,9.2,67.76637,3.55,0.0,996.123,74.0,19.48079,106.0,81.0,187.0
2025-01-29 16:00:00+01:00,8.8,67.92117,3.2,0.0,996.40186,100.0,15.172409,89.0,63.0,152.0
2025-01-29 17:00:00+01:00,7.75,71.403114,2.9,0.0,996.65173,99.0,12.652604,10.0,37.0,47.0
2025-01-29 18:00:00+01:00,6.6,75.89126,2.65,0.0,997.3905,89.0,10.387107,0.0,1.0,1.0
2025-01-29 19:00:00+01:00,6.05,77.9867,2.5,0.0,997.95844,100.0,9.499158,0.0,0.0,0.0
2025-01-29 20:00:00+01:00,5.55,79.87502,2.35,0.0,998.6271,94.0,8.827344,0.0,0.0,0.0
2025-01-29 21:00:00+01:00,4.95,81.224815,2.0,0.0,998.79736,80.0,7.689603,0.0,0.0,0.0
2025-01-29 22:00:00+01:00,4.55,82.63385,1.85,0.0,998.977,100.0,5.509882,0.0,0.0,0.0
2025-01-29 23:00:00+01:00,4.6,84.72838,2.25,0.0,998.88043,100.0,4.5,0.0,0.0,0.0
2025-01-30 00:00:00+01:00,4.75,83.5478,2.2,0.1,998.78827,100.0,1.659518,0.0,0.0,0.0
2025-01-30 01:00:00+01:00,4.9,82.973465,2.25,0.0,999.19025,100.0,1.0948973,0.0,0.0,0.0
2025-01-30 02:00:00+01:00,5.6,81.602554,2.7,0.0,999.12305,100.0,1.2727921,0.0,0.0,0.0
2025-01-30 03:00:00+01:00,5.3,82.14401,2.5,0.0,999.10956,100.0,0.40249225,0.0,0.0,0.0
2025-01-30 04:00:00+01:00,5.2,83.8996,2.7,0.1,999.4014,100.0,0.6489992,0.0,0.0,0.0
2025-01-30 05:00:00+01:00,5.05,84.4793,2.65,0.0,999.69073,100.0,0.56920993,0.0,0.0,0.0
2025-01-30 06:00:00+01:00,5.15,83.59643,2.6,0.0,999.8927,100.0,0.742159,0.0,0.0,0.0
2025-01-30 07:00:00+01:00,4.8,84.75114,2.45,0.0,1000.3706,100.0,3.0811036,0.0,0.0,0.0
2025-01-30 08:00:00+01:00,5.0,82.397545,2.25,0.0,1001.1698,100.0,4.412754,0.0,0.0,0.0
2025-01-30 09:00:00+01:00,5.25,79.547165,2.0,0.0,1001.77356,100.0,7.538541,0.0,14.0,14.0
2025-01-30 10:00:00+01:00,5.85,80.48749,2.75,0.0,1002.2943,100.0,6.989936,20.0,70.0,90.0
2025-01-30 11:00:00+01:00,7.05,76.50598,3.2,0.0,1002.546,90.0,7.388775,92.0,111.0,203.0
2025-01-30 12:00:00+01:00,8.6,71.567085,3.75,0.0,1002.81244,81.0,7.653705,167.0,110.0,277.0
2025-01-30 13:00:00+01:00,9.55,69.283325,4.2,0.0,1002.75555,99.0,8.019601,195.0,106.0,301.0
2025-01-30 14:00:00+01:00,9.6,71.508415,4.7,0.0,1003.05396,16.0,9.686609,153.0,124.0,277.0
2025-01-30 15:00:00+01:00,9.95,72.0751,5.15,0.0,1003.06946,68.0,9.726664,157.0,83.0,240.0
2025-01-30 16:00:00+01:00,10.05,72.5964,5.35,0.0,1003.1727,61.0,7.344794,89.0,64.0,153.0
2025-01-30 17:00:00+01:00,8.75,79.22567,5.35,0.0,1003.5104,100.0,8.027677,12.0,25.0,37.0
2025-01-30 18:00:00+01:00,8.0,86.294945,5.85,0.1,1004.0695,100.0,8.936778,0.0,0.0,0.0
2025-01-30 19:00:00+01:00,7.25,88.95509,5.55,0.1,1004.7275,89.0,11.511559,0.0,0.0,0.0
2025-01-30 20:00:00+01:00,6.6,90.776306,5.2,0.0,1005.68567,41.0,10.272623,0.0,0.0,0.0
2025-01-30 21:00:00+01:00,5.75,89.454,4.15,0.0,1006.83234,100.0,10.036512,0.0,0.0,0.0
2025-01-30 22:00:00+01:00,5.25,88.47403,3.5,0.6,1008.192,100.0,10.883676,0.0,0.0,0.0
2025-01-30 23:00:00+01:00,4.6,90.9542,3.25,0.2,1009.14966,100.0,8.099999,0.0,0.0,0.0
2025-01-31 00:00:00+01:00,4.35,90.29525,2.9,0.1,1010.1253,99.0,6.297428,0.0,0.0,0.0
2025-01-31 01:00:00+01:00,4.1,89.003296,2.45,0.0,1010.9038,55.0,5.896202,0.0,0.0,0.0
2025-01-31 02:00:00+01:00,2.35,92.10949,1.2,0.0,1011.3163,0.0,3.6179552,0.0,0.0,0.0
2025-01-31 03:00:00+01:00,1.3,93.04898,0.3,0.0,1011.9582,11.0,4.896529,0.0,0.0,0.0
2025-01-31 04:00:00+01:00,2.0,94.096436,1.15,0.0,1012.6819,84.0,5.5567255,0.0,0.0,0.0
2025-01-31 05:00:00+01:00,2.05,95.11718,1.35,0.0,1013.277,100.0,5.8603754,0.0,0.0,0.0
2025-01-31 06:00:00+01:00,2.0,97.1822,1.6,0.0,1013.9654,100.0,7.056826,0.0,0.0,0.0
2025-01-31 07:00:00+01:00,2.25,96.84132,1.8,0.0,1014.76715,100.0,6.8919086,0.0,0.0,0.0
2025-01-31 08:00:00+01:00,2.05,96.49024,1.55,0.0,1015.5477,99.0,7.1389914,0.0,0.0,0.0
2025-01-31 09:00:00+01:00,2.3,95.80991,1.7,0.0,1016.25073,19.0,8.0599,7.0,18.0,25.0
2025-01-31 10:00:00+01:00,3.05,89.87509,1.55,0.0,1016.5819,77.0,6.77575,24.0,71.0,95.0
2025-01-31 11:00:00+01:00,3.65,80.46294,0.6,0.0,1017.10376,100.0,5.068846,71.0,109.0,180.0
2025-01-31 12:00:00+01:00,4.2,73.59005,-0.1,0.0,1017.22797,100.0,4.5891175,64.0,144.0,208.0
2025-01-31 13:00:00+01:00,4.6,69.508255,-0.5,0.0,1016.7528,100.0,3.7585104,48.0,170.0,218.0
2025-01-31 14:00:00+01:00,5.75,61.86812,-1.0,0.0,1017.0034,100.0,2.1897945,87.0,166.0,253.0
2025-01-31 15:00:00+01:00,5.8,59.21875,-1.55,0.0,1016.9068,100.0,0.9693296,80.0,141.0,221.0
2025-01-31 16:00:00+01:00,5.45,62.707233,-1.1,0.0,1017.0884,99.0,2.50064,38.0,101.0,139.0
2025-01-31 17:00:00+01:00,4.0,74.35915,-0.15,0.0,1017.31757,100.0,3.550155,10.0,41.0,51.0
2025-01-31 18:00:00+01:00,2.9,77.20275,-0.7,0.0,1017.75977,100.0,2.8116899,0.0,1.0,1.0
2025-01-31 19:00:00+01:00,2.25,79.96922,-0.85,0.0,1018.2228,100.0,2.1674871,0.0,0.0,0.0
2025-01-31 20:00:00+01:00,1.45,83.44319,-1.05,0.0,1018.57983,100.0,2.6999998,0.0,0.0,0.0
2025-01-31 21:00:00+01:00,0.6,85.51059,-1.55,0.0,1018.83575,96.0,4.5,0.0,0.0,0.0
2025-01-31 22:00:00+01:00,0.35,84.855804,-1.9,0.0,1019.1199,55.0,5.7628117,0.0,0.0,0.0
2025-01-31 23:00:00+01:00,-0.35,85.089554,-2.55,0.0,1019.58014,4.0,5.293959,0.0,0.0,0.0
2025-02-01 00:00:00+01:00,-0.55,84.43776,-2.85,0.0,1019.8663,0.0,6.341009,0.0,0.0,0.0
2025-02-01 01:00:00+01:00,-0.95,85.33804,-3.1,0.0,1019.74835,0.0,6.989936,0.0,0.0,0.0
2025-02-01 02:00:00+01:00,-0.9,86.30048,-2.9,0.0,1019.94836,0.0,8.490582,0.0,0.0,0.0
2025-02-01 03:00:00+01:00,-1.25,86.90827,-3.15,0.0,1019.93134,0.0,8.43699,0.0,0.0,0.0
2025-02-01 04:00:00+01:00,-1.55,87.528305,-3.35,0.0,1019.818,0.0,8.490582,0.0,0.0,0.0
2025-02-01 05:00:00+01:00,-1.85,87.82674,-3.6,0.0,1019.70483,0.0,7.0407386,0.0,0.0,0.0
2025-02-01 06:00:00+01:00,-2.1,88.794014,-3.7,0.0,1019.594,0.0,8.049845,0.0,0.0,0.0
2025-02-01 07:00:00+01:00,-2.15,88.45805,-3.8,0.0,1019.5915,0.0,9.580668,0.0,0.0,0.0
2025-02-01 08:00:00+01:00,-2.15,87.14276,-4.0,0.0,1019.9863,0.0,10.34178,0.0,0.0,0.0
2025-02-01 09:00:00+01:00,-1.4,84.33667,-3.7,0.0,1020.2202,0.0,10.04458,23.0,17.0,40.0
2025-02-01 10:00:00+01:00,0.25,79.377464,-2.9,0.0,1020.1023,0.0,7.674842,114.0,45.0,159.0
2025-02-01 11:00:00+01:00,2.2,71.61314,-2.4,0.0,1019.899,0.0,8.53815,216.0,57.0,273.0
2025-02-01 12:00:00+01:00,3.8,64.899605,-2.2,0.0,1019.2828,0.0,10.094454,289.0,62.0,351.0
2025-02-01 13:00:00+01:00,4.8,61.410427,-2.0,0.0,1018.34204,0.0,10.233123,318.0,65.0,383.0
2025-02-01 14:00:00+01:00,5.0,55.61486,-3.15,0.0,1018.1538,0.0,10.703569,301.0,64.0,365.0
2025-02-01 15:00:00+01:00,5.05,54.601997,-3.35,0.0,1017.3661,0.0,10.310402,241.0,59.0,300.0
2025-02-01 16:00:00+01:00,4.3,59.93978,-2.8,0.0,1017.33136,0.0,7.748368,147.0,49.0,196.0
2025-02-01 17:00:00+01:00,2.05,68.71975,-3.1,0.0,1017.0287,0.0,8.723967,46.0,27.0,73.0
2025-02-01 18:00:00+01:00,0.8,71.33567,-3.8,0.0,1016.87085,0.0,9.096681,1.0,1.0,2.0
2025-02-01 19:00:00+01:00,0.1,73.093506,-4.15,0.0,1016.93604,0.0,9.292255,0.0,0.0,0.0
2025-02-01 20:00:00+01:00,-0.6,76.33246,-4.25,0.0,1017.0012,0.0,10.546525,0.0,0.0,0.0
2025-02-01 21:00:00+01:00,-1.15,79.461494,-4.25,0.0,1016.876,0.0,11.1090765,0.0,0.0,0.0
2025-02-01 22:00:00+01:00,-1.45,80.92363,-4.3,0.0,1016.56555,0.0,11.238113,0.0,0.0,0.0
2025-02-01 23:00:00+01:00,-1.65,81.81314,-4.35,0.0,1016.3582,0.0,11.13384,0.0,0.0,0.0
2025-02-02 00:00:00+01:00,-2.0,83.63357,-4.4,0.0,1016.24255,0.0,9.7565975,0.0,0.0,0.0
2025-02-02 01:00:00+01:00,-2.3,84.86535,-4.5,0.0,1015.636,0.0,8.748075,0.0,0.0,0.0
2025-02-02 02:00:00+01:00,-1.7,85.25348,-3.85,0.0,1014.87524,0.0,7.2,0.0,0.0,0.0
2025-02-02 03:00:00+01:00,-2.0,86.50733,-3.95,0.0,1014.367,0.0,7.6388745,0.0,0.0,0.0
2025-02-02 04:00:00+01:00,-2.25,87.7887,-4.0,0.0,1013.9601,0.0,8.936778,0.0,0.0,0.0
2025-02-02 05:00:00+01:00,-2.5,89.09231,-4.05,0.0,1013.65186,0.0,9.387651,0.0,0.0,0.0
2025-02-02 06:00:00+01:00,-2.7,89.746506,-4.15,0.0,1013.64197,0.0,9.187056,0.0,0.0,0.0
2025-02-02 07:00:00+01:00,-2.85,90.07211,-4.25,0.0,1013.5364,0.0,8.836514,0.0,0.0,0.0
2025-02-02 08:00:00+01:00,-2.95,90.06424,-4.35,0.0,1013.5312,0.0,8.78872,0.0,0.0,0.0
2025-02-02 09:00:00+01:00,-2.15,88.78962,-3.75,0.0,1013.66876,4.0,9.144637,25.0,17.0,42.0
2025-02-02 10:00:00+01:00,-0.35,81.07962,-3.2,0.0,1013.3607,2.0,6.618519,117.0,45.0,162.0
2025-02-02 11:00:00+01:00,1.2,73.02937,-3.1,0.0,1013.2369,0.0,5.8603754,218.0,58.0,276.0
2025-02-02 12:00:00+01:00,2.6,68.581894,-2.6,0.0,1013.1052,15.0,6.1305785,290.0,64.0,354.0
2025-02-02 13:00:00+01:00,3.65,66.074005,-2.1,0.0,1012.7592,28.0,6.502461,315.0,69.0,384.0
2025-02-02 14:00:00+01:00,4.25,55.41362,-3.9,0.0,1012.78687,16.0,5.994297,296.0,70.0,366.0
2025-02-02 15:00:00+01:00,4.5,54.046116,-4.0,0.0,1012.79834,34.0,5.6060677,242.0,62.0,304.0
2025-02-02 16:00:00+01:00,3.8,58.053932,-3.7,0.0,1012.7659,0.0,3.7064266,148.0,52.0,200.0
2025-02-02 17:00:00+01:00,1.55,68.61319,-3.6,0.0,1012.4635,0.0,5.2478566,48.0,29.0,77.0
2025-02-02 18:00:00+01:00,-0.7,78.05403,-4.05,0.0,1012.55414,4.0,4.9785542,1.0,1.0,2.0
2025-02-02 19:00:00+01:00,-1.6,80.598335,-4.5,0.0,1013.00446,2.0,4.669604,0.0,0.0,0.0
2025-02-02 20:00:00+01:00,-1.95,81.46437,-4.7,0.0,1013.3824,35.0,4.6102495,0.0,0.0,0.0
2025-02-02 21:00:00+01:00,-2.35,82.96137,-4.85,0.0,1013.36304,45.0,3.693291,0.0,0.0,0.0
2025-02-02 22:00:00+01:00,-2.55,84.19839,-4.85,0.0,1013.64935,36.0,3.9518096,0.0,0.0,0.0
2025-02-02 23:00:00+01:00,-2.4,83.26872,-4.85,0.0,1014.0515,90.0,5.1919937,0.0,0.0,0.0
2025-02-03 00:00:00+01:00,-2.4,83.26872,-4.85,0.0,1014.54504,29.0,5.6060677,0.0,0.0,0.0
2025-02-03 01:00:00+01:00,-2.55,83.5648,-4.95,0.0,1014.8338,13.0,5.7628117,0.0,0.0,0.0
2025-02-03 02:00:00+01:00,-3.15,90.04848,-4.55,0.0,1015.00226,81.0,4.2175345,0.0,0.0,0.0
2025-02-03 03:00:00+01:00,-3.65,91.72508,-4.8,0.0,1015.0765,86.0,3.9640884,0.0,0.0,0.0
2025-02-03 04:00:00+01:00,-3.95,92.401344,-5.0,0.0,1014.8643,100.0,3.9966483,0.0,0.0,0.0
2025-02-03 05:00:00+01:00,-4.45,93.42783,-5.35,0.0,1014.6421,89.0,3.494968,0.0,0.0,0.0
2025-02-03 06:00:00+01:00,-4.7,93.769966,-5.55,0.0,1015.0248,22.0,3.494968,0.0,0.0,0.0
2025-02-03 07:00:00+01:00,-4.9,93.7598,-5.75,0.0,1015.40967,26.0,3.9640884,0.0,0.0,0.0
2025-02-03 08:00:00+01:00,-5.4,95.17631,-6.05,0.0,1015.977,35.0,3.7842832,0.0,0.0,0.0
2025-02-03 09:00:00+01:00,-4.15,94.1529,-4.95,0.0,1016.1376,38.0,1.08,25.0,19.0,44.0
2025-02-03 10:00:00+01:00,-1.7,83.98531,-4.05,0.0,1016.75085,16.0,1.4512063,119.0,48.0,167.0
2025-02-03 11:00:00+01:00,0.55,73.72791,-3.6,0.0,1016.3652,0.0,1.5484185,226.0,58.0,284.0
2025-02-03 12:00:00+01:00,2.45,65.07101,-3.45,0.0,1016.3564,3.0,2.5455842,299.0,64.0,363.0
2025-02-03 13:00:00+01:00,3.95,59.40751,-3.25,0.0,1016.0314,8.0,0.56920993,330.0,66.0,396.0
2025-02-03 14:00:00+01:00,1.0,76.604416,-2.65,0.0,1017.0776,100.0,2.3469126,54.0,161.0,215.0
2025-02-03 15:00:00+01:00,1.15,74.944405,-2.8,0.0,1016.59125,86.0,3.244996,89.0,124.0,213.0
2025-02-03 16:00:00+01:00,0.9,75.45862,-2.95,0.0,1016.2831,94.0,4.198285,98.0,73.0,171.0
2025-02-03 17:00:00+01:00,-0.9,86.94365,-2.8,0.0,1016.2959,100.0,3.8856654,37.0,35.0,72.0
2025-02-03 18:00:00+01:00,-1.8,90.82777,-3.1,0.0,1016.4499,7.0,5.7852573,0.0,3.0,3.0
2025-02-03 19:00:00+01:00,-2.35,93.53846,-3.25,0.0,1016.62054,1.0,6.162207,0.0,0.0,0.0
2025-02-03 20:00:00+01:00,-2.8,94.92289,-3.5,0.0,1016.7958,16.0,5.0432134,0.0,0.0,0.0
2025-02-03 21:00:00+01:00,-3.1,95.98131,-3.65,0.0,1016.9787,9.0,4.7657523,0.0,0.0,0.0
2025-02-03 22:00:00+01:00,-3.55,95.966484,-4.1,0.0,1017.15405,71.0,4.2366967,0.0,0.0,0.0
2025-02-03 23:00:00+01:00,-3.8,95.958206,-4.35,0.0,1017.04315,20.0,2.8856194,0.0,0.0,0.0
2025-02-04 00:00:00+01:00,-4.0,95.95158,-4.55,0.0,1016.9345,20.0,2.0364676,0.0,0.0,0.0
2025-02-04 01:00:00+01:00,-4.3,97.400116,-4.65,0.0,1017.0186,42.0,2.2768397,0.0,0.0,0.0
2025-02-04 02:00:00+01:00,-2.25,96.724014,-2.7,0.0,1017.8098,100.0,5.8409934,0.0,0.0,0.0
2025-02-04 03:00:00+01:00,-2.3,95.65162,-2.9,0.0,1017.70886,100.0,6.1437774,0.0,0.0,0.0
2025-02-04 04:00:00+01:00,-2.35,95.29503,-3.0,0.0,1017.70636,100.0,6.601363,0.0,0.0,0.0
2025-02-04 05:00:00+01:00,-2.4,94.93935,-3.1,0.0,1017.8024,100.0,6.28713,0.0,0.0,0.0
2025-02-04 06:00:00+01:00,-2.35,93.53846,-3.25,0.0,1017.80505,100.0,6.5520988,0.0,0.0,0.0
2025-02-04 07:00:00+01:00,-2.4,92.84105,-3.4,0.0,1017.8024,100.0,5.815978,0.0,0.0,0.0
2025-02-04 08:00:00+01:00,-2.4,91.80743,-3.55,0.0,1018.19727,100.0,6.0908127,0.0,0.0,0.0
2025-02-04 09:00:00+01:00,-2.1,88.46257,-3.75,0.0,1018.70557,100.0,6.4323244,1.0,19.0,20.0
2025-02-04 10:00:00+01:00,-1.55,84.952156,-3.75,0.0,1018.6335,100.0,7.0843205,15.0,68.0,83.0
2025-02-04 11:00:00+01:00,-1.25,83.41427,-3.7,0.0,1018.8455,100.0,7.3469996,10.0,97.0,107.0
2025-02-04 12:00:00+01:00,-0.5,81.05846,-3.35,0.0,1018.58563,100.0,7.3469996,37.0,155.0,192.0
2025-02-04 13:00:00+01:00,0.15,79.06777,-3.05,0.0,1018.02423,100.0,6.854195,57.0,163.0,220.0
2025-02-04 14:00:00+01:00,-1.25,79.74544,-4.3,0.0,1018.7468,100.0,6.2067385,3.0,157.0,160.0
2025-02-04 15:00:00+01:00,-0.9,78.60993,-4.15,0.0,1018.36896,100.0,6.522361,42.0,124.0,166.0
2025-02-04 16:00:00+01:00,-0.9,78.90546,-4.1,0.0,1018.36896,100.0,7.127636,48.0,82.0,130.0
2025-02-04 17:00:00+01:00,-1.4,82.46345,-4.0,0.0,1018.4433,80.0,6.1437774,22.0,35.0,57.0
2025-02-04 18:00:00+01:00,-1.9,86.194435,-3.9,0.0,1018.51776,58.0,4.278551,1.0,2.0,3.0
2025-02-04 19:00:00+01:00,-2.3,88.44448,-3.95,0.0,1018.7947,29.0,3.7842832,0.0,0.0,0.0
2025-02-04 20:00:00+01:00,-2.7,89.746506,-4.15,0.0,1018.9722,29.0,4.2175345,0.0,0.0,0.0
2025-02-04 21:00:00+01:00,-2.65,90.76572,-3.95,0.0,1019.27094,17.0,4.8433046,0.0,0.0,0.0
2025-02-04 22:00:00+01:00,-2.75,91.78449,-3.9,0.0,1019.661,15.0,5.3457265,0.0,0.0,0.0
2025-02-04 23:00:00+01:00,-2.95,93.15766,-3.9,0.0,1019.65106,12.0,5.2323985,0.0,0.0,0.0
2025-02-05 00:00:00+01:00,-3.0,93.15491,-3.95,0.0,1020.14233,3.0,5.9427266,0.0,0.0,0.0
2025-02-05 01:00:00+01:00,-3.05,93.50189,-3.95,0.0,1020.732,0.0,6.9480934,0.0,0.0,0.0
2025-02-05 02:00:00+01:00,-2.45,94.58455,-3.2,0.0,1022.04486,100.0,9.673221,0.0,0.0,0.0
2025-02-05 03:00:00+01:00,-2.85,96.34811,-3.35,0.0,1022.4201,94.0,8.14587,0.0,0.0,0.0
2025-02-05 04:00:00+01:00,-3.1,96.70113,-3.55,0.0,1022.6049,94.0,7.282774,0.0,0.0,0.0
2025-02-05 05:00:00+01:00,-3.25,96.69706,-3.7,0.0,1022.69617,99.0,6.444905,0.0,0.0,0.0
2025-02-05 06:00:00+01:00,-3.4,97.41937,-3.75,0.0,1022.985,100.0,5.5450516,0.0,0.0,0.0
2025-02-05 07:00:00+01:00,-3.45,98.14981,-3.7,0.0,1023.5749,100.0,6.050785,0.0,0.0,0.0
2025-02-05 08:00:00+01:00,-3.15,96.699776,-3.6,0.0,1024.1819,100.0,6.193674,0.0,0.0,0.0
2025-02-05 09:00:00+01:00,-2.1,92.51336,-3.15,0.0,1024.9244,100.0,7.127636,0.0,20.0,20.0
2025-02-05 10:00:00+01:00,-1.25,88.868355,-2.85,0.0,1025.5582,100.0,6.9153743,1.0,44.0,45.0
2025-02-05 11:00:00+01:00,-0.25,84.78655,-2.5,0.0,1026.1005,100.0,6.3690495,4.0,73.0,77.0
2025-02-05 12:00:00+01:00,0.2,83.904495,-2.2,0.0,1026.517,100.0,5.7402787,0.0,71.0,71.0
2025-02-05 13:00:00+01:00,0.7,83.34967,-1.8,0.0,1026.3436,100.0,5.6233797,2.0,89.0,91.0
2025-02-05 14:00:00+01:00,0.1,84.82701,-2.15,0.0,1026.8082,100.0,4.0449963,6.0,112.0,118.0
2025-02-05 15:00:00+01:00,0.7,82.13066,-2.0,0.0,1026.8373,98.0,3.219938,8.0,116.0,124.0
2025-02-05 16:00:00+01:00,0.7,83.04343,-1.85,0.0,1027.1334,99.0,2.4482646,0.0,76.0,76.0
2025-02-05 17:00:00+01:00,0.35,85.79806,-1.75,0.0,1027.5114,97.0,1.8089776,0.0,37.0,37.0
2025-02-05 18:00:00+01:00,-0.4,91.93665,-1.55,0.0,1027.87,100.0,0.71999997,0.0,2.0,2.0
2025-02-05 19:00:00+01:00,-0.65,93.2827,-1.6,0.0,1028.3512,100.0,0.8049845,0.0,0.0,0.0
2025-02-05 20:00:00+01:00,-0.6,93.62855,-1.5,0.0,1028.7488,100.0,1.0948973,0.0,0.0,0.0
2025-02-05 21:00:00+01:00,-0.85,94.65402,-1.6,0.0,1028.6377,100.0,0.0,0.0,0.0,0.0
2025-02-05 22:00:00+01:00,-1.3,95.334915,-1.95,0.0,1028.6158,58.0,0.56920993,0.0,0.0,0.0
2025-02-05 23:00:00+01:00,-1.7,96.73869,-2.15,0.0,1028.8927,100.0,3.6447225,0.0,0.0,0.0
2025-02-06 00:00:00+01:00,-1.6,96.38516,-2.1,0.0,1028.7,100.0,4.752136,0.0,0.0,0.0
2025-02-06 01:00:00+01:00,-0.75,94.658325,-1.5,0.0,1028.544,100.0,5.4833565,0.0,0.0,0.0
2025-02-06 02:00:00+01:00,0.75,94.7222,0.0,0.0,1028.7153,100.0,8.287822,0.0,0.0,0.0
2025-02-06 03:00:00+01:00,0.7,93.69426,-0.2,0.0,1028.3181,100.0,8.181589,0.0,0.0,0.0
2025-02-06 04:00:00+01:00,0.8,92.68411,-0.25,0.0,1028.1256,100.0,8.714677,0.0,0.0,0.0
2025-02-06 05:00:00+01:00,0.95,93.02969,-0.05,0.0,1028.1327,100.0,9.688281,0.0,0.0,0.0
2025-02-06 06:00:00+01:00,1.35,92.715836,0.3,0.0,1028.1517,100.0,10.630672,0.0,0.0,0.0
2025-02-06 07:00:00+01:00,1.45,92.72158,0.4,0.0,1028.0579,100.0,10.472535,0.0,0.0,0.0
2025-02-06 08:00:00+01:00,1.4,92.0504,0.25,0.0,1028.1544,100.0,10.692969,0.0,0.0,0.0
2025-02-06 09:00:00+01:00,1.5,90.07874,0.05,0.0,1028.2579,100.0,11.246759,0.0,20.0,20.0
2025-02-06 10:00:00+01:00,2.0,82.60353,-0.65,0.0,1028.1827,100.0,11.854062,2.0,65.0,67.0
2025-02-06 11:00:00+01:00,2.45,79.127884,-0.8,0.0,1027.8094,100.0,12.284918,4.0,108.0,112.0
2025-02-06 12:00:00+01:00,3.15,75.02346,-0.85,0.0,1027.349,100.0,13.971757,13.0,143.0,156.0
2025-02-06 13:00:00+01:00,4.2,67.6703,-1.25,0.0,1026.6084,100.0,15.096411,14.0,173.0,187.0
2025-02-06 14:00:00+01:00,4.6,64.13437,-1.6,0.0,1026.5283,100.0,16.344357,7.0,158.0,165.0
2025-02-06 15:00:00+01:00,4.85,64.42832,-1.3,0.0,1025.7501,100.0,15.629971,9.0,138.0,147.0
2025-02-06 16:00:00+01:00,4.75,68.28495,-0.6,0.0,1025.2516,100.0,12.242646,3.0,91.0,94.0
2025-02-06 17:00:00+01:00,4.15,73.31414,-0.2,0.0,1024.8285,100.0,13.624228,0.0,31.0,31.0
2025-02-06 18:00:00+01:00,3.65,76.48829,-0.1,0.0,1024.6078,100.0,14.264361,0.0,2.0,2.0
2025-02-06 19:00:00+01:00,3.2,78.668335,-0.15,0.0,1024.4879,100.0,14.009968,0.0,0.0,0.0
2025-02-06 20:00:00+01:00,2.9,80.3555,-0.15,0.0,1024.2762,100.0,14.021525,0.0,0.0,0.0
2025-02-06 21:00:00+01:00,2.85,80.348305,-0.2,0.0,1023.5829,100.0,14.003028,0.0,0.0,0.0
2025-02-06 22:00:00+01:00,2.65,81.49585,-0.2,0.0,1023.2771,100.0,14.128566,0.0,0.0,0.0
2025-02-06 23:00:00+01:00,2.45,82.66169,-0.2,0.0,1022.77405,100.0,14.784126,0.0,0.0,0.0
2025-02-07 00:00:00+01:00,2.3,83.54827,-0.2,0.0,1021.9772,100.0,14.904173,0.0,0.0,0.0
2025-02-07 01:00:00+01:00,2.45,82.9624,-0.15,0.0,1021.19434,100.0,14.081477,0.0,0.0,0.0
2025-02-07 02:00:00+01:00,2.6,80.31229,-0.45,0.0,1020.2141,100.0,15.12964,0.0,0.0,0.0
2025-02-07 03:00:00+01:00,2.3,82.04323,-0.45,0.0,1019.3114,100.0,15.552041,0.0,0.0,0.0
2025-02-07 04:00:00+01:00,2.7,79.454636,-0.5,0.0,1018.63904,100.0,15.631007,0.0,0.0,0.0
2025-02-07 05:00:00+01:00,2.95,76.37062,-0.8,0.0,1018.25574,100.0,16.994516,0.0,0.0,0.0
2025-02-07 06:00:00+01:00,2.9,75.52974,-1.0,0.0,1017.75977,100.0,17.63816,0.0,0.0,0.0
2025-02-07 07:00:00+01:00,2.7,75.21894,-1.25,0.0,1017.3556,100.0,16.854767,0.0,0.0,0.0
2025-02-07 08:00:00+01:00,2.7,72.7748,-1.7,0.0,1017.2569,100.0,16.279802,0.0,0.0,0.0
2025-02-07 09:00:00+01:00,3.2,70.762276,-1.6,0.0,1017.1814,100.0,16.024044,0.0,23.0,23.0
2025-02-07 10:00:00+01:00,3.75,69.5868,-1.3,0.0,1016.7132,100.0,15.956163,1.0,69.0,70.0
2025-02-07 11:00:00+01:00,4.35,66.47409,-1.35,0.0,1016.0498,100.0,21.24,8.0,124.0,132.0
2025-02-07 12:00:00+01:00,5.05,62.841816,-1.45,0.0,1015.4899,100.0,20.01969,21.0,169.0,190.0
2025-02-07 13:00:00+01:00,5.45,61.79539,-1.3,0.0,1014.81714,100.0,19.30117,30.0,168.0,198.0
2025-02-07 14:00:00+01:00,5.6,60.932297,-1.35,0.0,1013.83636,100.0,17.66753,9.0,144.0,153.0
2025-02-07 15:00:00+01:00,5.5,61.131523,-1.4,0.0,1013.14075,100.0,16.32055,5.0,129.0,134.0
2025-02-07 16:00:00+01:00,5.25,62.889473,-1.25,0.0,1012.53687,100.0,12.304682,1.0,82.0,83.0
2025-02-07 17:00:00+01:00,4.75,65.59603,-1.15,0.0,1012.4149,100.0,10.9859,3.0,38.0,41.0
2025-02-07 18:00:00+01:00,4.0,68.62617,-1.25,0.0,1012.28174,99.0,11.897714,0.0,3.0,3.0
2025-02-07 19:00:00+01:00,3.3,71.042625,-1.45,0.0,1011.8541,100.0,11.837652,0.0,0.0,0.0
2025-02-07 20:00:00+01:00,2.5,74.3601,-1.6,0.0,1011.61945,100.0,10.739832,0.0,0.0,0.0
2025-02-07 21:00:00+01:00,1.75,77.582405,-1.75,0.0,1011.8807,93.0,8.587338,0.0,0.0,0.0
2025-02-07 22:00:00+01:00,1.15,79.22071,-2.05,0.0,1011.7537,70.0,9.485504,0.0,0.0,0.0
2025-02-07 23:00:00+01:00,0.85,79.46819,-2.3,0.0,1011.73944,100.0,8.863972,0.0,0.0,0.0
2025-02-08 00:00:00+01:00,0.8,79.46066,-2.35,0.0,1011.7372,100.0,9.085988,0.0,0.0,0.0
2025-02-08 01:00:00+01:00,0.6,79.7251,-2.5,0.0,1011.72766,100.0,9.0,0.0,0.0,0.0
2025-02-08 02:00:00+01:00,0.6,80.317276,-2.4,0.0,1011.72766,100.0,7.6409945,0.0,0.0,0.0
2025-02-08 03:00:00+01:00,0.35,82.083885,-2.35,0.0,1011.71564,100.0,6.3639607,0.0,0.0,0.0
2025-02-08 04:00:00+01:00,0.0,83.261696,-2.5,0.0,1011.6003,100.0,6.114703,0.0,0.0,0.0
2025-02-08 05:00:00+01:00,-0.15,83.24275,-2.65,0.0,1011.49457,100.0,6.384293,0.0,0.0,0.0
2025-02-08 06:00:00+01:00,-0.15,82.93474,-2.7,0.0,1011.3959,100.0,7.344794,0.0,0.0,0.0
2025-02-08 07:00:00+01:00,-0.1,82.32836,-2.75,0.0,1011.0032,100.0,9.734988,0.0,0.0,0.0
2025-02-08 08:00:00+01:00,-0.2,82.6212,-2.8,0.0,1011.2947,97.0,8.019601,0.0,0.0,0.0
2025-02-08 09:00:00+01:00,0.75,79.747475,-2.35,0.0,1011.4385,96.0,8.043805,6.0,35.0,41.0
2025-02-08 10:00:00+01:00,2.3,72.69868,-2.1,0.0,1011.8078,2.0,5.634891,105.0,65.0,170.0
2025-02-08 11:00:00+01:00,3.8,67.088455,-1.75,0.0,1011.48236,2.0,5.257109,229.0,64.0,293.0
2025-02-08 12:00:00+01:00,5.1,64.01592,-1.15,0.0,1011.54236,0.0,6.2405767,300.0,69.0,369.0
2025-02-08 13:00:00+01:00,6.25,61.763607,-0.55,0.0,1011.00226,2.0,8.297589,334.0,69.0,403.0
2025-02-08 14:00:00+01:00,6.35,62.465702,-0.3,0.0,1011.1058,23.0,7.891311,319.0,69.0,388.0
2025-02-08 15:00:00+01:00,6.9,61.473328,0.0,0.0,1010.73553,19.0,8.574123,261.0,63.0,324.0
2025-02-08 16:00:00+01:00,7.0,62.394558,0.3,0.0,1010.7403,45.0,7.9567327,164.0,55.0,219.0
2025-02-08 17:00:00+01:00,5.5,71.47618,0.75,0.0,1010.9683,76.0,7.823272,61.0,35.0,96.0
2025-02-08 18:00:00+01:00,4.2,74.936104,0.15,0.0,1011.1061,55.0,8.967541,2.0,5.0,7.0
2025-02-08 19:00:00+01:00,3.5,74.812225,-0.55,0.0,1011.2711,56.0,9.587428,0.0,0.0,0.0
2025-02-08 20:00:00+01:00,2.65,75.48625,-1.25,0.0,1011.5278,25.0,10.036512,0.0,0.0,0.0
2025-02-08 21:00:00+01:00,1.85,76.46511,-1.85,0.0,1011.9839,15.0,9.761578,0.0,0.0,0.0
2025-02-08 22:00:00+01:00,1.15,77.48488,-2.35,0.0,1012.34607,0.0,10.472536,0.0,0.0,0.0
2025-02-08 23:00:00+01:00,0.8,76.85541,-2.8,0.0,1012.4282,0.0,10.315115,0.0,0.0,0.0
2025-02-09 00:00:00+01:00,0.45,77.08308,-3.1,0.0,1012.80634,0.0,10.134495,0.0,0.0,0.0
2025-02-09 01:00:00+01:00,0.0,78.75087,-3.25,0.0,1012.6863,24.0,9.939196,0.0,0.0,0.0
2025-02-09 02:00:00+01:00,0.05,82.960396,-2.5,0.0,1012.9847,100.0,8.461915,0.0,0.0,0.0
2025-02-09 03:00:00+01:00,-0.15,84.48501,-2.45,0.0,1013.27155,100.0,6.8777895,0.0,0.0,0.0
2025-02-09 04:00:00+01:00,-0.5,86.9839,-2.4,0.0,1013.45215,0.0,6.522361,0.0,0.0,0.0
2025-02-09 05:00:00+01:00,-1.05,87.90229,-2.8,0.0,1013.62317,44.0,6.015878,0.0,0.0,0.0
2025-02-09 06:00:00+01:00,-1.25,88.53897,-2.9,0.0,1013.81104,99.0,6.502461,0.0,0.0,0.0
2025-02-09 07:00:00+01:00,-1.2,88.54345,-2.85,0.0,1014.2082,100.0,6.7469993,0.0,0.0,0.0
2025-02-09 08:00:00+01:00,-1.3,89.526276,-2.8,0.0,1014.69696,100.0,5.994297,0.0,0.0,0.0
2025-02-09 09:00:00+01:00,-0.65,89.24941,-2.2,0.0,1015.32043,100.0,5.3457265,8.0,38.0,46.0
2025-02-09 10:00:00+01:00,0.9,83.37468,-1.6,0.0,1015.5919,100.0,3.4388947,25.0,99.0,124.0
2025-02-09 11:00:00+01:00,2.25,75.97266,-1.55,0.0,1015.75446,100.0,2.8174455,58.0,143.0,201.0
2025-02-09 12:00:00+01:00,3.15,72.32797,-1.35,0.0,1015.7969,100.0,1.7076298,90.0,171.0,261.0
2025-02-09 13:00:00+01:00,4.0,70.14945,-0.95,0.0,1015.5402,98.0,1.8532133,151.0,176.0,327.0
2025-02-09 14:00:00+01:00,4.15,62.16478,-2.45,0.0,1015.7443,98.0,3.096837,199.0,137.0,336.0
2025-02-09 15:00:00+01:00,4.4,60.18765,-2.65,0.0,1015.6575,15.0,4.072935,193.0,108.0,301.0
2025-02-09 16:00:00+01:00,4.05,62.371033,-2.5,0.0,1015.7399,81.0,4.0449967,174.0,55.0,229.0
2025-02-09 17:00:00+01:00,1.7,75.04231,-2.25,0.0,1015.926,100.0,3.319036,42.0,49.0,91.0
2025-02-09 18:00:00+01:00,0.8,77.42771,-2.7,0.0,1016.081,100.0,4.503598,0.0,6.0,6.0
2025-02-09 19:00:00+01:00,0.6,77.97174,-2.8,0.0,1015.874,96.0,5.5829024,0.0,0.0,0.0
2025-02-09 20:00:00+01:00,-0.15,81.71275,-2.9,0.0,1015.8383,98.0,4.952453,0.0,0.0,0.0
2025-02-09 21:00:00+01:00,-0.6,83.80673,-3.0,0.0,1015.71796,100.0,4.669604,0.0,0.0,0.0
2025-02-09 22:00:00+01:00,-0.25,82.308464,-2.9,0.0,1015.8335,100.0,4.978554,0.0,0.0,0.0
2025-02-09 23:00:00+01:00,0.2,80.25898,-2.8,0.0,1015.65753,100.0,6.7565966,0.0,0.0,0.0
2025-02-10 00:00:00+01:00,-0.3,84.15489,-2.65,0.0,1015.4361,22.0,9.059205,0.0,0.0,0.0
2025-02-10 01:00:00+01:00,-1.0,87.90699,-2.75,0.0,1015.30396,48.0,8.913181,0.0,0.0,0.0
2025-02-10 02:00:00+01:00,0.0,89.96194,-1.45,0.0,1014.75946,100.0,9.059205,0.0,0.0,0.0
2025-02-10 03:00:00+01:00,-0.2,90.609604,-1.55,0.0,1014.4537,100.0,8.669949,0.0,0.0,0.0
2025-02-10 04:00:00+01:00,-0.65,91.92066,-1.8,0.0,1014.33325,25.0,9.432412,0.0,0.0,0.0
2025-02-10 05:00:00+01:00,-1.0,91.8982,-2.15,0.0,1014.1194,85.0,9.5416975,0.0,0.0,0.0
2025-02-10 06:00:00+01:00,-1.1,91.215096,-2.35,0.0,1013.9171,100.0,10.1902895,0.0,0.0,0.0
2025-02-10 07:00:00+01:00,-0.9,90.8928,-2.2,0.0,1013.82794,99.0,10.086427,0.0,0.0,0.0
2025-02-10 08:00:00+01:00,-0.9,90.223755,-2.3,0.0,1013.63055,100.0,10.373061,0.0,1.0,1.0
2025-02-10 09:00:00+01:00,0.0,88.65,-1.65,0.0,1013.6735,100.0,8.65873,1.0,33.0,34.0
2025-02-10 10:00:00+01:00,1.55,83.151115,-1.0,0.0,1013.6482,100.0,6.8541956,10.0,91.0,101.0
2025-02-10 11:00:00+01:00,2.75,77.17819,-0.85,0.0,1013.6059,100.0,6.698806,6.0,139.0,145.0
2025-02-10 12:00:00+01:00,3.75,73.506996,-0.55,0.0,1012.9612,100.0,8.913181,21.0,166.0,187.0
2025-02-10 13:00:00+01:00,4.35,72.5572,-0.15,0.0,1012.2976,100.0,10.094454,8.0,173.0,181.0
2025-02-10 14:00:00+01:00,6.4,66.92514,0.7,0.0,1011.3055,99.0,7.3799996,199.0,105.0,304.0
2025-02-10 15:00:00+01:00,6.9,65.13279,0.8,0.0,1010.8342,100.0,7.388775,74.0,119.0,193.0
2025-02-10 16:00:00+01:00,6.8,66.771774,1.05,0.0,1010.6324,100.0,7.562142,15.0,99.0,114.0
2025-02-10 17:00:00+01:00,6.0,70.04685,0.95,0.0,1010.2999,100.0,11.003581,0.0,32.0,32.0
2025-02-10 18:00:00+01:00,5.45,71.72449,0.75,0.0,1010.47235,100.0,9.919618,0.0,3.0,3.0
2025-02-10 19:00:00+01:00,4.85,73.70939,0.55,0.4,1010.24725,100.0,9.919618,0.0,0.0,0.0
2025-02-10 20:00:00+01:00,3.55,85.52374,1.35,0.4,1010.08856,100.0,11.9140415,0.0,0.0,0.0
2025-02-10 21:00:00+01:00,2.95,94.140656,2.1,0.7,1009.6657,100.0,12.367716,0.0,0.0,0.0
2025-02-10 22:00:00+01:00,3.25,90.859184,1.9,0.3,1009.1859,100.0,14.417988,0.0,0.0,0.0
2025-02-10 23:00:00+01:00,2.95,94.476715,2.15,1.2,1009.0733,100.0,10.981475,0.0,0.0,0.0
2025-02-11 00:00:00+01:00,2.9,94.811775,2.15,1.1,1009.2685,100.0,9.0645685,0.0,0.0,0.0
2025-02-11 01:00:00+01:00,2.95,95.152016,2.25,2.4,1009.0733,100.0,11.481968,0.0,0.0,0.0
2025-02-11 02:00:00+01:00,3.5,95.510925,2.85,2.0,1007.91406,100.0,13.202726,0.0,0.0,0.0
2025-02-11 03:00:00+01:00,3.6,96.8753,3.15,0.4,1008.0173,100.0,10.934166,0.0,0.0,0.0
2025-02-11 04:00:00+01:00,3.95,95.52692,3.3,0.0,1007.836,100.0,10.560341,0.0,0.0,0.0
2025-02-11 05:00:00+01:00,4.0,95.86624,3.4,0.0,1008.036,100.0,9.449572,0.0,0.0,0.0
2025-02-11 06:00:00+01:00,4.1,95.19599,3.4,0.0,1008.0404,100.0,7.968939,0.0,0.0,0.0
2025-02-11 07:00:00+01:00,4.05,94.858765,3.3,0.0,1008.13696,100.0,6.050785,0.0,0.0,0.0
2025-02-11 08:00:00+01:00,3.4,95.50736,2.75,0.0,1008.50183,100.0,3.244996,0.0,1.0,1.0
2025-02-11 09:00:00+01:00,4.2,95.872795,3.6,0.0,1009.03253,100.0,6.048107,20.0,18.0,38.0
2025-02-11 10:00:00+01:00,4.45,93.87832,3.55,0.0,1009.2414,100.0,5.4149795,47.0,54.0,101.0
2025-02-11 11:00:00+01:00,4.75,85.653625,2.55,0.0,1009.4525,100.0,4.1046314,58.0,81.0,139.0
2025-02-11 12:00:00+01:00,5.1,82.41047,2.35,0.0,1009.37,100.0,3.2048087,14.0,119.0,133.0
2025-02-11 13:00:00+01:00,5.3,80.98406,2.3,0.0,1008.8854,100.0,1.835647,0.0,100.0,100.0
2025-02-11 14:00:00+01:00,6.7,83.48971,4.1,0.0,1008.25793,99.0,3.319036,0.0,113.0,113.0
2025-02-11 15:00:00+01:00,7.35,82.121925,4.5,0.0,1007.7932,100.0,1.6299692,88.0,85.0,173.0
2025-02-11 16:00:00+01:00,7.0,84.11222,4.5,0.0,1007.3826,28.0,4.5322843,106.0,78.0,184.0
2025-02-11 17:00:00+01:00,5.85,90.40642,4.4,0.0,1007.133,29.0,4.68,41.0,42.0,83.0
2025-02-11 18:00:00+01:00,4.9,93.24283,3.9,0.0,1007.3859,79.0,7.386582,2.0,7.0,9.0
2025-02-11 19:00:00+01:00,4.45,92.2378,3.3,0.1,1007.3653,69.0,5.8048253,0.0,0.0,0.0
2025-02-11 20:00:00+01:00,4.95,90.33994,3.5,0.1,1007.38806,52.0,7.9138603,0.0,0.0,0.0
2025-02-11 21:00:00+01:00,4.6,92.24686,3.45,0.1,1007.3723,100.0,7.3997297,0.0,0.0,0.0
2025-02-11 22:00:00+01:00,4.4,95.879326,3.8,0.2,1007.06696,100.0,5.8631387,0.0,0.0,0.0
2025-02-11 23:00:00+01:00,4.65,93.229614,3.65,0.0,1006.88086,100.0,6.9247384,0.0,0.0,0.0
2025-02-12 00:00:00+01:00,4.6,93.555725,3.65,0.0,1006.6811,100.0,6.193674,0.0,0.0,0.0
2025-02-12 01:00:00+01:00,4.1,97.57184,3.75,0.4,1006.4605,100.0,6.522361,0.0,0.0,0.0
2025-02-12 02:00:00+01:00,4.45,95.544586,3.8,0.1,1006.2791,100.0,8.604301,0.0,0.0,0.0
2025-02-12 03:00:00+01:00,4.3,95.53929,3.65,0.0,1005.976,100.0,8.863972,0.0,0.0,0.0
2025-02-12 04:00:00+01:00,4.15,95.534,3.5,0.0,1005.57416,100.0,8.027678,0.0,0.0,0.0
2025-02-12 05:00:00+01:00,4.05,96.20636,3.5,0.2,1005.37225,100.0,7.7043357,0.0,0.0,0.0
2025-02-12 06:00:00+01:00,3.95,96.884,3.5,0.1,1004.87384,100.0,7.891311,0.0,0.0,0.0
2025-02-12 07:00:00+01:00,3.9,98.25741,3.65,0.3,1004.8716,100.0,5.896202,0.0,0.0,0.0
2025-02-12 08:00:00+01:00,3.9,97.224815,3.5,0.1,1004.5754,100.0,7.0407386,0.0,0.0,0.0
2025-02-12 09:00:00+01:00,4.2,96.550026,3.7,0.0,1004.6879,100.0,6.601363,0.0,18.0,18.0
2025-02-12 10:00:00+01:00,5.0,92.92136,3.95,0.0,1004.62585,100.0,4.846648,1.0,71.0,72.0
2025-02-12 11:00:00+01:00,5.5,91.336266,4.2,0.0,1004.7473,100.0,3.381893,0.0,73.0,73.0
2025-02-12 12:00:00+01:00,6.1,90.10955,4.6,0.0,1004.8731,100.0,2.7416782,5.0,103.0,108.0
2025-02-12 13:00:00+01:00,7.05,86.19776,4.9,0.0,1004.6198,100.0,3.0547013,15.0,124.0,139.0
2025-02-12 14:00:00+01:00,5.65,88.198586,3.85,0.0,1004.5564,100.0,4.8366103,4.0,99.0,103.0
2025-02-12 15:00:00+01:00,5.8,87.28757,3.85,0.0,1004.3658,100.0,3.8521678,0.0,81.0,81.0
2025-02-12 16:00:00+01:00,5.75,87.282776,3.8,0.0,1004.2649,100.0,4.913044,0.0,44.0,44.0
2025-02-12 17:00:00+01:00,5.4,89.4258,3.8,0.0,1004.05133,100.0,5.5799994,3.0,26.0,29.0
2025-02-12 18:00:00+01:00,4.8,92.25888,3.65,0.0,1004.2216,100.0,3.06,1.0,5.0,6.0
2025-02-12 19:00:00+01:00,4.55,92.89648,3.5,0.0,1004.704,100.0,0.17999999,0.0,0.0,0.0
2025-02-12 20:00:00+01:00,4.05,94.858765,3.3,0.0,1004.6811,100.0,2.3400002,0.0,0.0,0.0
2025-02-12 21:00:00+01:00,3.3,95.16547,2.6,0.0,1004.8438,100.0,3.4763772,0.0,0.0,0.0
2025-02-12 22:00:00+01:00,2.8,91.48014,1.55,0.0,1004.91943,100.0,4.3536186,0.0,0.0,0.0
2025-02-12 23:00:00+01:00,2.2,89.1628,0.6,0.0,1004.8918,60.0,4.2021427,0.0,0.0,0.0
2025-02-13 00:00:00+01:00,1.1,89.395004,-0.45,0.0,1004.9391,39.0,3.693291,0.0,0.0,0.0
2025-02-13 01:00:00+01:00,-0.15,89.291306,-1.7,0.0,1004.979,24.0,3.710795,0.0,0.0,0.0
2025-02-13 02:00:00+01:00,1.4,85.59849,-0.75,0.0,1004.7558,65.0,3.219938,0.0,0.0,0.0
2025-02-13 03:00:00+01:00,1.0,87.77193,-0.8,0.0,1004.7369,98.0,2.2553935,0.0,0.0,0.0
2025-02-13 04:00:00+01:00,0.2,90.97136,-1.1,0.0,1004.40314,100.0,2.97953,0.0,0.0,0.0
2025-02-13 05:00:00+01:00,-0.1,91.95577,-1.25,0.0,1004.29016,100.0,3.319036,0.0,0.0,0.0
2025-02-13 06:00:00+01:00,-0.5,93.63363,-1.4,0.0,1004.4687,100.0,3.143565,0.0,0.0,0.0
2025-02-13 07:00:00+01:00,-0.5,94.669044,-1.25,0.0,1004.37,100.0,1.6299692,0.0,0.0,0.0
2025-02-13 08:00:00+01:00,-0.5,95.01643,-1.2,0.0,1004.4687,100.0,0.25455844,0.0,1.0,1.0
2025-02-13 09:00:00+01:00,0.65,91.3355,-0.6,0.0,1004.9179,97.0,0.9178235,0.0,33.0,33.0
2025-02-13 10:00:00+01:00,2.35,84.46885,0.0,0.0,1004.9974,100.0,2.5959969,22.0,79.0,101.0
2025-02-13 11:00:00+01:00,2.9,84.53286,0.55,0.1,1005.31915,100.0,3.5455887,0.0,70.0,70.0
2025-02-13 12:00:00+01:00,4.45,78.29512,1.0,0.1,1005.2917,98.0,4.8965297,88.0,168.0,256.0
2025-02-13 13:00:00+01:00,5.55,71.74385,0.85,0.1,1005.04565,100.0,5.904439,153.0,175.0,328.0
2025-02-13 14:00:00+01:00,5.55,69.45199,0.4,0.1,1004.74945,99.0,6.015878,187.0,118.0,305.0
2025-02-13 15:00:00+01:00,5.1,66.155975,-0.7,0.1,1004.72894,87.0,9.446141,67.0,94.0,161.0
2025-02-13 16:00:00+01:00,3.35,79.26398,0.1,0.3,1005.24115,92.0,8.863972,30.0,69.0,99.0
2025-02-13 17:00:00+01:00,2.8,86.37098,0.75,0.2,1005.80804,100.0,7.889259,19.0,35.0,54.0
2025-02-13 18:00:00+01:00,1.95,85.03827,-0.3,0.0,1006.4598,100.0,9.7565975,0.0,5.0,5.0
2025-02-13 19:00:00+01:00,1.4,79.2587,-1.8,0.0,1007.12524,100.0,10.735306,0.0,0.0,0.0
2025-02-13 20:00:00+01:00,0.85,78.301155,-2.5,0.0,1007.8891,100.0,10.897063,0.0,0.0,0.0
2025-02-13 21:00:00+01:00,0.25,80.26628,-2.75,0.0,1008.2555,98.0,11.566313,0.0,0.0,0.0
2025-02-13 22:00:00+01:00,-0.45,80.46334,-3.4,0.0,1008.7159,56.0,12.708816,0.0,0.0,0.0
2025-02-13 23:00:00+01:00,-1.3,80.339455,-4.25,0.0,1009.26764,11.0,12.007498,0.0,0.0,0.0
2025-02-14 00:00:00+01:00,-1.8,81.485245,-4.55,0.0,1009.2439,1.0,9.215226,0.0,0.0,0.0
2025-02-14 01:00:00+01:00,-1.9,80.251335,-4.85,0.0,1009.5349,32.0,8.996398,0.0,0.0,0.0
2025-02-14 02:00:00+01:00,-1.4,78.235596,-4.7,0.0,1009.95386,81.0,8.880405,0.0,0.0,0.0
2025-02-14 03:00:00+01:00,-1.3,80.64173,-4.2,0.0,1009.95856,70.0,4.942631,0.0,0.0,0.0
2025-02-14 04:00:00+01:00,-1.4,82.77306,-3.95,0.0,1010.05255,100.0,1.1525624,0.0,0.0,0.0
2025-02-14 05:00:00+01:00,-0.6,81.04433,-3.45,0.0,1010.38715,100.0,3.381893,0.0,0.0,0.0
2025-02-14 06:00:00+01:00,-0.4,82.59505,-3.0,0.0,1010.7915,100.0,3.7799997,0.0,0.0,0.0
2025-02-14 07:00:00+01:00,-0.1,83.558,-2.55,0.0,1011.0032,100.0,4.755544,0.0,0.0,0.0
2025-02-14 08:00:00+01:00,0.3,83.29948,-2.2,0.0,1011.51587,100.0,7.289444,0.0,1.0,1.0
2025-02-14 09:00:00+01:00,1.1,81.58197,-1.7,0.0,1012.04736,100.0,10.120098,0.0,21.0,21.0
2025-02-14 10:00:00+01:00,1.65,77.85224,-1.8,0.0,1012.36957,100.0,11.9140415,2.0,64.0,66.0
2025-02-14 11:00:00+01:00,2.25,69.79055,-2.7,0.0,1012.9899,100.0,15.198012,28.0,113.0,141.0
2025-02-14 12:00:00+01:00,2.6,66.32872,-3.05,0.0,1013.5002,100.0,14.572221,154.0,93.0,247.0
2025-02-14 13:00:00+01:00,2.9,64.21188,-3.2,0.0,1013.5141,100.0,13.644427,73.0,172.0,245.0
2025-02-14 14:00:00+01:00,2.5,64.357956,-3.55,0.0,1014.08777,100.0,11.091564,32.0,154.0,186.0
2025-02-14 15:00:00+01:00,2.5,64.8402,-3.45,0.0,1014.08777,100.0,9.567131,8.0,132.0,140.0
2025-02-14 16:00:00+01:00,2.45,65.80299,-3.3,0.0,1014.1842,100.0,8.209263,8.0,80.0,88.0
2025-02-14 17:00:00+01:00,2.15,69.76985,-2.8,0.0,1014.3678,100.0,5.8769383,2.0,36.0,38.0
2025-02-14 18:00:00+01:00,1.55,74.46257,-2.5,0.0,1014.43805,100.0,6.5693827,0.0,6.0,6.0
2025-02-14 19:00:00+01:00,1.25,76.36349,-2.45,0.0,1014.81866,100.0,8.649369,0.0,0.0,0.0
2025-02-14 20:00:00+01:00,1.0,77.17413,-2.55,0.0,1015.1031,100.0,9.107359,0.0,0.0,0.0
2025-02-14 21:00:00+01:00,0.65,77.97975,-2.75,0.0,1015.3827,99.0,8.699793,0.0,0.0,0.0
2025-02-14 22:00:00+01:00,0.15,79.36228,-3.0,0.0,1015.45746,99.0,7.570707,0.0,0.0,0.0
2025-02-14 23:00:00+01:00,0.05,79.64277,-3.05,0.0,1015.7489,99.0,6.2405767,0.0,0.0,0.0
2025-02-15 00:00:00+01:00,-0.3,81.388954,-3.1,0.0,1015.7323,100.0,5.0975285,0.0,0.0,0.0
2025-02-15 01:00:00+01:00,-0.75,84.10067,-3.1,0.0,1015.41437,95.0,5.2323985,0.0,0.0,0.0
2025-02-15 02:00:00+01:00,0.2,77.90745,-3.2,0.0,1015.06506,97.0,4.278551,0.0,0.0,0.0
2025-02-15 03:00:00+01:00,-0.35,79.5826,-3.45,0.0,1014.64417,95.0,3.319036,0.0,0.0,0.0
2025-02-15 04:00:00+01:00,-0.6,78.36308,-3.9,0.0,1013.7436,53.0,3.84796,0.0,0.0,0.0
2025-02-15 05:00:00+01:00,-0.7,77.18033,-4.2,0.0,1013.34393,49.0,4.5,0.0,0.0,0.0
2025-02-15 06:00:00+01:00,-0.95,77.72112,-4.35,0.0,1013.23303,71.0,5.5216303,0.0,0.0,0.0
2025-02-15 07:00:00+01:00,-0.9,78.02185,-4.25,0.0,1013.23566,65.0,5.896202,0.0,0.0,0.0
2025-02-15 08:00:00+01:00,-0.8,78.62566,-4.05,0.0,1013.1418,13.0,6.12,0.0,3.0,3.0
2025-02-15 09:00:00+01:00,-0.1,75.28213,-3.95,0.0,1013.37256,26.0,6.601363,30.0,38.0,68.0
2025-02-15 10:00:00+01:00,0.65,63.438408,-5.5,0.0,1012.81586,51.0,7.42159,116.0,71.0,187.0
2025-02-15 11:00:00+01:00,1.45,57.65714,-6.0,0.0,1012.6561,56.0,8.654986,213.0,96.0,309.0
2025-02-15 12:00:00+01:00,1.8,54.957962,-6.3,0.0,1011.9816,67.0,8.61371,178.0,154.0,332.0
2025-02-15 13:00:00+01:00,2.55,51.3077,-6.5,0.0,1011.227,66.0,7.4867883,221.0,154.0,375.0
2025-02-15 14:00:00+01:00,1.25,60.06946,-5.65,0.0,1011.06696,99.0,6.924738,41.0,187.0,228.0
2025-02-15 15:00:00+01:00,1.4,59.879814,-5.55,0.0,1010.3833,100.0,5.2478566,43.0,152.0,195.0
2025-02-15 16:00:00+01:00,1.3,60.08217,-5.6,0.0,1009.8849,100.0,5.7599998,19.0,108.0,127.0
2025-02-15 17:00:00+01:00,1.1,60.95128,-5.6,0.0,1009.7767,100.0,5.7628117,3.0,61.0,64.0
2025-02-15 18:00:00+01:00,0.55,66.868004,-4.9,0.0,1009.3558,100.0,5.0688457,0.0,9.0,9.0
2025-02-15 19:00:00+01:00,0.45,67.35268,-4.9,0.0,1009.351,100.0,5.6262593,0.0,0.0,0.0
2025-02-15 20:00:00+01:00,0.15,68.31219,-5.0,0.0,1009.33673,100.0,6.489992,0.0,0.0,0.0
2025-02-15 21:00:00+01:00,-0.2,70.33391,-4.95,0.0,1009.1228,100.0,7.1661706,0.0,0.0,0.0
2025-02-15 22:00:00+01:00,-0.5,72.43039,-4.85,0.0,1009.00977,100.0,7.562142,0.0,0.0,0.0
2025-02-15 23:00:00+01:00,-0.7,72.9408,-4.95,0.0,1008.8029,100.0,7.7900705,0.0,0.0,0.0
2025-02-16 00:00:00+01:00,-0.6,71.86559,-5.05,0.1,1008.314,100.0,8.856658,0.0,0.0,0.0
2025-02-16 01:00:00+01:00,-0.7,73.216866,-4.9,0.1,1008.2106,100.0,9.67657,0.0,0.0,0.0
2025-02-16 02:00:00+01:00,-0.9,75.13965,-4.75,0.0,1008.10236,98.0,9.220499,0.0,0.0,0.0
2025-02-16 03:00:00+01:00,-1.2,76.229324,-4.85,0.0,1007.8903,97.0,8.65873,0.0,0.0,0.0
2025-02-16 04:00:00+01:00,-1.35,77.07193,-4.85,0.1,1007.48846,100.0,8.669949,0.0,0.0,0.0
2025-02-16 05:00:00+01:00,-1.0,75.121765,-4.85,0.0,1007.7027,100.0,9.3340025,0.0,0.0,0.0
2025-02-16 06:00:00+01:00,-1.1,74.53823,-5.05,0.1,1007.89545,100.0,10.062305,0.0,0.0,0.0
2025-02-16 07:00:00+01:00,-1.25,73.66873,-5.35,0.1,1007.88806,100.0,9.9408245,0.0,0.0,0.0
2025-02-16 08:00:00+01:00,-1.1,70.953064,-5.7,0.0,1007.99414,98.0,11.466438,0.0,3.0,3.0
2025-02-16 09:00:00+01:00,-0.45,68.441444,-5.55,0.0,1008.32104,22.0,11.079873,20.0,45.0,65.0
2025-02-16 10:00:00+01:00,0.55,62.219955,-5.85,0.0,1008.07227,66.0,13.151091,151.0,68.0,219.0
2025-02-16 11:00:00+01:00,1.55,59.01515,-5.6,0.0,1008.0207,6.0,12.55879,246.0,85.0,331.0
2025-02-16 12:00:00+01:00,2.7,54.16509,-5.65,0.0,1008.0746,85.0,13.842457,344.0,79.0,423.0
2025-02-16 13:00:00+01:00,3.15,51.674232,-5.85,0.0,1007.60175,99.0,13.403656,171.0,165.0,336.0
2025-02-16 14:00:00+01:00,2.25,59.19547,-4.9,0.0,1008.15204,100.0,12.585848,9.0,168.0,177.0
2025-02-16 15:00:00+01:00,2.35,58.113106,-5.05,0.0,1008.1568,100.0,11.734564,9.0,125.0,134.0
2025-02-16 16:00:00+01:00,2.45,55.97907,-5.45,0.0,1008.2603,95.0,11.043261,3.0,102.0,105.0
2025-02-16 17:00:00+01:00,2.15,57.62247,-5.35,0.0,1008.5426,91.0,7.689603,12.0,54.0,66.0
2025-02-16 18:00:00+01:00,1.05,64.50215,-4.9,0.0,1008.88586,80.0,6.156947,3.0,11.0,14.0
2025-02-16 19:00:00+01:00,0.4,66.33069,-5.15,0.0,1009.34875,100.0,9.587428,0.0,0.0,0.0
2025-02-16 20:00:00+01:00,-0.1,65.46609,-5.8,0.0,1010.016,64.0,12.616702,0.0,0.0,0.0
2025-02-16 21:00:00+01:00,-1.0,69.10814,-5.95,0.0,1010.3681,4.0,11.616626,0.0,0.0,0.0
2025-02-16 22:00:00+01:00,-1.85,72.16621,-6.2,0.0,1010.7219,13.0,11.334285,0.0,0.0,0.0
2025-02-16 23:00:00+01:00,-2.35,74.87845,-6.2,0.0,1010.8953,0.0,10.825469,0.0,0.0,0.0
2025-02-17 00:00:00+01:00,-2.7,76.55155,-6.25,0.0,1010.97675,0.0,10.094454,0.0,0.0,0.0
2025-02-17 01:00:00+01:00,-2.95,77.688126,-6.3,0.0,1011.06354,0.0,8.856658,0.0,0.0,0.0
2025-02-17 02:00:00+01:00,-2.85,78.599205,-6.05,0.0,1010.96985,0.0,7.7900705,0.0,0.0,0.0
2025-02-17 03:00:00+01:00,-3.05,78.86807,-6.2,0.0,1011.0588,0.0,8.019601,0.0,0.0,0.0
2025-02-17 04:00:00+01:00,-3.25,78.53561,-6.45,0.0,1011.1476,0.0,8.019601,0.0,0.0,0.0
2025-02-17 05:00:00+01:00,-3.45,77.90397,-6.75,0.0,1011.5329,0.0,8.790563,0.0,0.0,0.0
2025-02-17 06:00:00+01:00,-3.7,77.26644,-7.1,0.0,1011.7179,0.0,9.044888,0.0,0.0,0.0
2025-02-17 07:00:00+01:00,-3.95,77.52271,-7.3,0.0,1011.7059,0.0,9.044888,0.0,0.0,0.0
2025-02-17 08:00:00+01:00,-3.95,77.22446,-7.35,0.0,1011.9032,0.0,9.044888,2.0,4.0,6.0
2025-02-17 09:00:00+01:00,-2.7,70.35366,-7.35,0.0,1012.26,0.0,7.7734165,63.0,35.0,98.0
2025-02-17 10:00:00+01:00,-1.35,63.93303,-7.3,0.0,1011.9306,0.0,7.256032,183.0,56.0,239.0
2025-02-17 11:00:00+01:00,0.2,60.030994,-6.65,0.0,1011.7086,0.0,7.3447943,295.0,67.0,362.0
2025-02-17 12:00:00+01:00,1.45,55.496235,-6.5,0.0,1011.37274,0.0,7.342588,373.0,73.0,446.0
2025-02-17 13:00:00+01:00,2.25,51.61686,-6.7,0.0,1011.2127,0.0,7.1208143,406.0,75.0,481.0
2025-02-17 14:00:00+01:00,2.95,39.366795,-9.55,0.0,1011.048,0.0,7.596341,378.0,81.0,459.0
2025-02-17 15:00:00+01:00,3.0,38.61559,-9.75,0.0,1010.6555,0.0,8.197414,326.0,69.0,395.0
2025-02-17 16:00:00+01:00,2.6,40.67398,-9.45,0.0,1010.53815,0.0,8.36758,223.0,61.0,284.0
2025-02-17 17:00:00+01:00,1.2,50.529297,-7.95,0.0,1010.4725,0.0,5.00128,102.0,43.0,145.0
2025-02-17 18:00:00+01:00,-0.6,55.579956,-8.4,0.0,1010.6833,0.0,7.1321807,12.0,11.0,23.0
2025-02-17 19:00:00+01:00,-0.95,53.775974,-9.15,0.0,1011.2587,0.0,9.499158,0.0,0.0,0.0
2025-02-17 20:00:00+01:00,-1.35,53.24346,-9.65,0.0,1011.53577,0.0,9.044888,0.0,0.0,0.0
2025-02-17 21:00:00+01:00,-1.9,55.439884,-9.65,0.0,1011.6079,0.0,7.486788,0.0,0.0,0.0
2025-02-17 22:00:00+01:00,-2.45,58.19321,-9.55,0.0,1011.9763,0.0,6.6818557,0.0,0.0,0.0
2025-02-17 23:00:00+01:00,-2.95,60.391445,-9.55,0.0,1012.3467,0.0,7.256032,0.0,0.0,0.0
2025-02-18 00:00:00+01:00,-3.3,61.742046,-9.6,0.0,1012.62604,3.0,7.9077177,0.0,0.0,0.0
2025-02-18 01:00:00+01:00,-3.6,62.154125,-9.8,0.0,1013.0062,0.0,8.536252,0.0,0.0,0.0
2025-02-18 02:00:00+01:00,-3.6,71.81848,-7.95,0.0,1012.9074,0.0,8.55142,0.0,0.0,0.0
2025-02-18 03:00:00+01:00,-3.8,69.03964,-8.65,0.0,1012.99634,0.0,9.473541,0.0,0.0,0.0
2025-02-18 04:00:00+01:00,-4.0,67.133095,-9.2,0.0,1013.1838,0.0,8.574123,0.0,0.0,0.0
2025-02-18 05:00:00+01:00,-4.15,66.31378,-9.5,0.0,1013.7687,0.0,7.001514,0.0,0.0,0.0
2025-02-18 06:00:00+01:00,-4.3,66.27916,-9.65,0.0,1014.05756,0.0,7.891311,0.0,0.0,0.0
2025-02-18 07:00:00+01:00,-4.55,67.27246,-9.7,0.0,1013.9465,0.0,10.571074,0.0,0.0,0.0
2025-02-18 08:00:00+01:00,-4.65,68.31636,-9.6,0.0,1014.13873,0.0,11.345712,3.0,4.0,7.0
2025-02-18 09:00:00+01:00,-3.4,60.752556,-9.9,0.0,1014.59503,1.0,9.044888,69.0,36.0,105.0
2025-02-18 10:00:00+01:00,-1.8,51.871296,-10.4,0.0,1014.4756,0.0,8.490582,191.0,56.0,247.0
2025-02-18 11:00:00+01:00,-0.15,45.254353,-10.6,0.0,1014.4562,5.0,8.792405,303.0,67.0,370.0
2025-02-18 12:00:00+01:00,1.4,40.14659,-10.7,0.0,1014.43115,38.0,9.96524,381.0,72.0,453.0
2025-02-18 13:00:00+01:00,2.6,36.5613,-10.8,0.0,1013.99384,38.0,10.874741,413.0,75.0,488.0
2025-02-18 14:00:00+01:00,2.55,38.93581,-10.05,0.0,1014.18896,0.0,11.013882,395.0,73.0,468.0
2025-02-18 15:00:00+01:00,3.05,37.58016,-10.05,0.0,1013.8174,0.0,11.052058,332.0,68.0,400.0
2025-02-18 16:00:00+01:00,3.1,38.192783,-9.8,0.0,1013.4247,0.0,11.032987,229.0,60.0,289.0
2025-02-18 17:00:00+01:00,2.05,43.64418,-9.05,0.0,1013.5731,50.0,9.178235,106.0,43.0,149.0
2025-02-18 18:00:00+01:00,-0.1,50.745983,-9.1,0.0,1013.86615,61.0,9.3962755,13.0,12.0,25.0
2025-02-18 19:00:00+01:00,-0.7,50.771618,-9.65,0.0,1014.1337,100.0,9.102021,0.0,0.0,0.0
2025-02-18 20:00:00+01:00,-1.0,50.088413,-10.1,0.0,1014.41547,100.0,8.78872,0.0,0.0,0.0
2025-02-18 21:00:00+01:00,-1.3,48.439972,-10.8,0.0,1014.49945,86.0,10.34178,0.0,0.0,0.0
2025-02-18 22:00:00+01:00,-1.6,45.357018,-11.9,0.0,1014.48517,5.0,11.592895,0.0,0.0,0.0
2025-02-18 23:00:00+01:00,-2.1,46.12322,-12.15,0.0,1014.7571,8.0,9.340941,0.0,0.0,0.0
2025-02-19 00:00:00+01:00,-2.6,48.830433,-11.9,0.0,1014.73285,2.0,9.109138,0.0,0.0,0.0
2025-02-19 01:00:00+01:00,-2.9,51.14335,-11.6,0.0,1014.81683,1.0,10.070353,0.0,0.0,0.0
2025-02-19 02:00:00+01:00,-2.9,68.43385,-7.9,0.0,1014.6195,1.0,9.7565975,0.0,0.0,0.0
2025-02-19 03:00:00+01:00,-3.1,68.1252,-8.15,0.0,1014.21484,0.0,11.734564,0.0,0.0,0.0
2025-02-19 04:00:00+01:00,-3.1,65.27086,-8.7,0.0,1013.7213,0.0,11.679212,0.0,0.0,0.0
2025-02-19 05:00:00+01:00,-3.3,65.22384,-8.9,0.0,1014.00793,0.0,9.19939,0.0,0.0,0.0
2025-02-19 06:00:00+01:00,-3.35,63.9487,-9.2,0.0,1014.2027,2.0,8.863972,0.0,0.0,0.0
2025-02-19 07:00:00+01:00,-3.35,61.00511,-9.8,0.0,1014.2027,0.0,9.904906,0.0,0.0,0.0
2025-02-19 08:00:00+01:00,-3.15,57.32242,-10.4,0.0,1014.2126,37.0,10.261579,3.0,5.0,8.0
2025-02-19 09:00:00+01:00,-1.8,49.4595,-11.0,0.0,1014.5744,59.0,9.659814,70.0,36.0,106.0
2025-02-19 10:00:00+01:00,-0.4,44.113255,-11.15,0.0,1014.2467,97.0,9.422101,190.0,57.0,247.0
2025-02-19 11:00:00+01:00,1.0,43.15514,-10.15,0.0,1014.1158,100.0,10.2742,270.0,87.0,357.0
2025-02-19 12:00:00+01:00,2.45,40.15159,-9.75,0.0,1013.78937,97.0,10.51576,343.0,94.0,437.0
2025-02-19 13:00:00+01:00,3.65,39.11961,-9.0,0.0,1013.15424,87.0,10.594036,380.0,92.0,472.0
2025-02-19 14:00:00+01:00,3.95,30.201015,-12.0,0.0,1013.1679,24.0,10.261579,340.0,105.0,445.0
2025-02-19 15:00:00+01:00,4.6,28.169731,-12.3,0.0,1012.60565,95.0,9.741642,291.0,89.0,380.0
2025-02-19 16:00:00+01:00,4.55,29.30846,-11.85,0.0,1012.40594,100.0,9.3962755,161.0,96.0,257.0
2025-02-19 17:00:00+01:00,3.15,37.16841,-10.1,0.0,1012.4399,83.0,6.391901,70.0,63.0,133.0
2025-02-19 18:00:00+01:00,0.7,43.92379,-10.2,0.0,1012.42346,66.0,6.482499,10.0,14.0,24.0
2025-02-19 19:00:00+01:00,0.15,46.249306,-10.05,0.0,1012.69336,68.0,6.122647,0.0,0.0,0.0
2025-02-19 20:00:00+01:00,-0.25,44.688686,-10.85,0.0,1012.7732,90.0,5.7628117,0.0,0.0,0.0
2025-02-19 21:00:00+01:00,0.25,42.24879,-11.1,0.0,1012.7968,100.0,5.7852573,0.0,0.0,0.0
2025-02-19 22:00:00+01:00,-0.4,45.720097,-10.7,0.0,1013.062,100.0,5.426933,0.0,0.0,0.0
2025-02-19 23:00:00+01:00,-0.25,45.58427,-10.6,0.0,1012.9706,100.0,5.6521144,0.0,0.0,0.0
2025-02-20 00:00:00+01:00,-0.6,46.20708,-10.75,0.0,1013.1513,100.0,5.6521144,0.0,0.0,0.0
2025-02-20 01:00:00+01:00,-1.1,47.54637,-10.85,0.0,1013.3248,100.0,4.802999,0.0,0.0,0.0
2025-02-20 02:00:00+01:00,-1.0,72.33295,-5.35,0.0,1013.2309,100.0,3.7842832,0.0,0.0,0.0
2025-02-20 03:00:00+01:00,-1.1,73.976395,-5.15,0.0,1013.22614,100.0,3.0811036,0.0,0.0,0.0
2025-02-20 04:00:00+01:00,-1.3,75.924614,-5.0,0.0,1012.92004,100.0,3.1072817,0.0,0.0,0.0
2025-02-20 05:00:00+01:00,-1.3,76.50052,-4.9,0.0,1013.01874,6.0,1.8,0.0,0.0,0.0
2025-02-20 06:00:00+01:00,-1.7,78.18751,-5.0,0.0,1012.8023,1.0,2.0523157,0.0,0.0,0.0
2025-02-20 07:00:00+01:00,-1.9,81.1648,-4.7,0.0,1012.6937,5.0,2.5455842,0.0,0.0,0.0
2025-02-20 08:00:00+01:00,-1.45,81.84048,-4.15,0.0,1012.913,14.0,1.5484185,3.0,5.0,8.0
2025-02-20 09:00:00+01:00,0.25,75.90892,-3.5,0.0,1013.3891,96.0,2.0124612,52.0,44.0,96.0
2025-02-20 10:00:00+01:00,2.2,70.039474,-2.7,0.0,1013.58014,100.0,0.35999998,34.0,101.0,135.0
2025-02-20 11:00:00+01:00,3.6,67.78932,-1.8,0.0,1013.4479,100.0,1.659518,38.0,131.0,169.0
2025-02-20 12:00:00+01:00,5.2,68.13256,-0.2,0.0,1013.22577,100.0,3.096837,139.0,154.0,293.0
2025-02-20 13:00:00+01:00,5.95,69.53417,0.8,0.0,1012.86475,100.0,3.148714,31.0,186.0,217.0
2025-02-20 14:00:00+01:00,5.5,72.252625,0.9,0.0,1013.4371,100.0,2.0124612,19.0,154.0,173.0
2025-02-20 15:00:00+01:00,5.95,73.645645,1.6,0.0,1013.0623,99.0,3.1072817,0.0,132.0,132.0
2025-02-20 16:00:00+01:00,6.5,75.06985,2.4,0.0,1012.8899,100.0,2.2768397,40.0,145.0,185.0
2025-02-20 17:00:00+01:00,5.55,83.34938,2.95,0.0,1012.94543,88.0,1.8792552,39.0,80.0,119.0
2025-02-20 18:00:00+01:00,3.2,89.24601,1.6,0.0,1012.9358,100.0,0.40249225,10.0,15.0,25.0
2025-02-20 19:00:00+01:00,3.55,88.323715,1.8,0.0,1013.4457,100.0,0.17999999,0.0,0.0,0.0
2025-02-20 20:00:00+01:00,4.45,87.46744,2.55,0.1,1013.19104,100.0,0.8049845,0.0,0.0,0.0
2025-02-20 21:00:00+01:00,4.5,87.47219,2.6,0.0,1013.0946,100.0,0.6489992,0.0,0.0,0.0
2025-02-20 22:00:00+01:00,4.7,87.1816,2.75,0.0,1012.9064,99.0,1.8792552,0.0,0.0,0.0
2025-02-20 23:00:00+01:00,4.5,87.47219,2.6,0.0,1012.6996,100.0,1.98,0.0,0.0,0.0
2025-02-21 00:00:00+01:00,3.85,90.25777,2.4,0.0,1013.0647,99.0,5.232399,0.0,0.0,0.0
2025-02-21 01:00:00+01:00,4.55,90.95071,3.2,0.0,1013.4921,100.0,5.5829024,0.0,0.0,0.0
2025-02-21 02:00:00+01:00,4.85,90.971634,3.5,0.0,1013.802,100.0,4.2481523,0.0,0.0,0.0
2025-02-21 03:00:00+01:00,5.1,93.58088,4.15,0.0,1013.4186,100.0,7.754637,0.0,0.0,0.0
2025-02-21 04:00:00+01:00,4.7,95.88911,4.1,0.0,1013.10376,100.0,3.319036,0.0,0.0,0.0
2025-02-21 05:00:00+01:00,4.6,95.214935,3.9,0.0,1013.09937,100.0,1.484318,0.0,0.0,0.0
2025-02-21 06:00:00+01:00,4.5,96.89763,4.05,0.0,1012.79834,100.0,0.9178235,0.0,0.0,0.0
2025-02-21 07:00:00+01:00,4.1,98.26022,3.85,0.0,1012.18744,100.0,0.56920993,0.0,0.0,0.0
2025-02-21 08:00:00+01:00,4.1,97.91549,3.8,0.0,1012.4837,100.0,1.3104197,0.0,7.0,7.0
2025-02-21 09:00:00+01:00,5.3,94.57803,4.5,0.0,1012.539,100.0,2.8174455,3.0,62.0,65.0
2025-02-21 10:00:00+01:00,7.05,94.00128,6.15,0.0,1012.6189,100.0,1.8,18.0,124.0,142.0
2025-02-21 11:00:00+01:00,8.75,89.99857,7.2,0.0,1012.3001,100.0,2.5582807,43.0,186.0,229.0
2025-02-21 12:00:00+01:00,10.55,84.51981,8.05,0.0,1011.68884,100.0,0.9693296,164.0,178.0,342.0
2025-02-21 13:00:00+01:00,12.0,79.69741,8.6,0.0,1010.6659,100.0,1.1525624,179.0,177.0,356.0
2025-02-21 14:00:00+01:00,13.05,75.152054,8.75,0.0,1009.9214,100.0,4.278551,189.0,169.0,358.0
2025-02-21 15:00:00+01:00,14.05,72.832886,9.25,0.0,1009.0754,98.0,4.1046314,120.0,170.0,290.0
2025-02-21 16:00:00+01:00,14.4,71.6822,9.35,0.0,1008.3988,93.0,5.9644947,64.0,138.0,202.0
2025-02-21 17:00:00+01:00,13.25,75.95005,9.1,0.0,1007.8555,25.0,8.131936,31.0,77.0,108.0
2025-02-21 18:00:00+01:00,11.2,82.05401,8.25,0.0,1007.9641,6.0,9.600937,12.0,16.0,28.0
2025-02-21 19:00:00+01:00,10.1,85.0467,7.7,0.0,1008.0144,44.0,8.967541,0.0,0.0,0.0
2025-02-21 20:00:00+01:00,9.45,85.85231,7.2,0.0,1007.88684,37.0,8.936778,0.0,0.0,0.0
2025-02-21 21:00:00+01:00,8.6,85.76333,6.35,0.0,1007.7505,83.0,8.197414,0.0,0.0,0.0
2025-02-21 22:00:00+01:00,7.25,87.42532,5.3,0.0,1007.7888,97.0,6.122647,0.0,0.0,0.0
2025-02-21 23:00:00+01:00,5.85,88.83732,4.15,0.0,1007.52795,92.0,4.724786,0.0,0.0,0.0
2025-02-22 00:00:00+01:00,4.95,90.0221,3.45,0.0,1006.9931,96.0,5.6920996,0.0,0.0,0.0
2025-02-22 01:00:00+01:00,4.85,89.06618,3.2,0.0,1006.88995,84.0,4.724786,0.0,0.0,0.0
2025-02-22 02:00:00+01:00,4.6,89.36095,3.0,0.0,1005.8912,100.0,4.3832865,0.0,0.0,0.0
2025-02-22 03:00:00+01:00,4.35,91.25896,3.05,0.0,1005.87946,100.0,2.6758924,0.0,0.0,0.0
2025-02-22 04:00:00+01:00,4.05,92.54064,2.95,0.0,1005.56976,100.0,4.175069,0.0,0.0,0.0
2025-02-22 05:00:00+01:00,4.4,90.94021,3.05,0.0,1005.8821,100.0,3.8521678,0.0,0.0,0.0
2025-02-22 06:00:00+01:00,4.0,91.559326,2.75,0.0,1006.0612,99.0,5.020677,0.0,0.0,0.0
2025-02-22 07:00:00+01:00,3.4,92.502655,2.3,0.0,1006.3296,100.0,5.223103,0.0,0.0,0.0
2025-02-22 08:00:00+01:00,3.75,92.19537,2.6,0.0,1006.7406,100.0,4.412754,0.0,8.0,8.0
2025-02-22 09:00:00+01:00,5.2,85.39917,2.95,0.0,1007.1036,100.0,5.12289,0.0,50.0,50.0
2025-02-22 10:00:00+01:00,7.05,83.82462,4.5,0.0,1007.28613,100.0,2.9301877,18.0,129.0,147.0
2025-02-22 11:00:00+01:00,8.8,81.17843,5.75,0.0,1007.16675,100.0,1.835647,42.0,185.0,227.0
2025-02-22 12:00:00+01:00,10.55,76.021736,6.5,0.0,1007.04663,100.0,1.9134263,48.0,214.0,262.0
2025-02-22 13:00:00+01:00,13.35,66.77996,7.3,0.0,1006.47705,100.0,4.4274144,216.0,171.0,387.0
2025-02-22 14:00:00+01:00,14.75,58.732517,6.75,0.0,1006.33954,100.0,11.384199,155.0,195.0,350.0
2025-02-22 15:00:00+01:00,13.6,62.83951,6.65,0.0,1006.6853,100.0,15.646544,40.0,175.0,215.0
2025-02-22 16:00:00+01:00,13.2,68.59736,7.55,0.0,1006.7671,100.0,14.857362,6.0,115.0,121.0
2025-02-22 17:00:00+01:00,12.55,73.5533,7.95,0.0,1007.2327,100.0,12.768586,0.0,39.0,39.0
2025-02-22 18:00:00+01:00,11.7,78.31426,8.05,0.0,1007.68964,100.0,10.028439,0.0,11.0,11.0
2025-02-22 19:00:00+01:00,10.95,81.18935,7.85,0.0,1008.4469,100.0,9.580668,0.0,0.0,0.0
2025-02-22 20:00:00+01:00,10.35,83.6386,7.7,0.0,1008.9145,100.0,10.944532,0.0,0.0,0.0
2025-02-22 21:00:00+01:00,9.65,87.64859,7.7,0.0,1009.67346,99.0,11.074023,0.0,0.0,0.0
2025-02-22 22:00:00+01:00,9.05,90.94686,7.65,0.0,1010.63446,100.0,10.735306,0.0,0.0,0.0
2025-02-22 23:00:00+01:00,8.35,93.421165,7.35,0.0,1011.29474,99.0,9.847496,0.0,0.0,0.0
2025-02-23 00:00:00+01:00,7.75,94.35678,6.9,0.0,1011.8602,100.0,9.187056,0.0,0.0,0.0
2025-02-23 01:00:00+01:00,6.9,95.62969,6.25,0.0,1012.7106,93.0,9.505977,0.0,0.0,0.0
2025-02-23 02:00:00+01:00,8.55,90.292175,7.05,0.0,1012.8837,69.0,8.557102,0.0,0.0,0.0
2025-02-23 03:00:00+01:00,8.0,91.50087,6.7,0.0,1013.4514,80.0,8.149847,0.0,0.0,0.0
2025-02-23 04:00:00+01:00,7.15,92.71787,6.05,0.0,1014.00586,64.0,5.7628117,0.0,0.0,0.0
2025-02-23 05:00:00+01:00,6.6,94.30609,5.75,0.0,1014.77075,19.0,5.4833565,0.0,0.0,0.0
2025-02-23 06:00:00+01:00,5.15,96.57594,4.65,0.0,1015.39575,36.0,4.293669,0.0,0.0,0.0
2025-02-23 07:00:00+01:00,4.6,97.240295,4.2,0.0,1015.96295,89.0,4.2671766,0.0,0.0,0.0
2025-02-23 08:00:00+01:00,4.8,96.90503,4.35,0.0,1016.6633,82.0,3.9477081,2.0,9.0,11.0
2025-02-23 09:00:00+01:00,6.55,93.329,5.55,0.0,1017.23724,83.0,4.5891175,28.0,59.0,87.0
2025-02-23 10:00:00+01:00,8.3,89.348724,6.65,0.0,1017.71185,71.0,3.644722,69.0,110.0,179.0
2025-02-23 11:00:00+01:00,9.75,81.02751,6.65,0.0,1018.073,45.0,6.0908127,169.0,124.0,293.0
2025-02-23 12:00:00+01:00,11.15,71.80346,6.25,0.0,1018.03656,22.0,7.0107627,261.0,140.0,401.0
2025-02-23 13:00:00+01:00,11.95,69.288345,6.5,0.0,1017.5778,22.0,7.382195,318.0,127.0,445.0
2025-02-23 14:00:00+01:00,13.0,64.01135,6.35,0.0,1017.2288,1.0,8.827344,391.0,80.0,471.0
2025-02-23 15:00:00+01:00,13.2,59.990833,5.6,0.0,1016.7439,1.0,8.536252,331.0,74.0,405.0
2025-02-23 16:00:00+01:00,13.1,59.966526,5.5,0.0,1016.34424,3.0,8.149847,229.0,67.0,296.0
2025-02-23 17:00:00+01:00,12.15,67.446976,6.3,0.0,1016.0064,0.0,5.1575575,114.0,49.0,163.0
2025-02-23 18:00:00+01:00,9.9,76.17656,5.9,0.0,1015.80804,0.0,6.489992,19.0,16.0,35.0
2025-02-23 19:00:00+01:00,9.05,79.269875,5.65,0.0,1016.2639,0.0,7.415038,0.0,0.0,0.0
2025-02-23 20:00:00+01:00,7.75,83.61636,5.15,0.0,1016.20557,0.0,5.8769383,0.0,0.0,0.0
2025-02-23 21:00:00+01:00,6.5,86.74581,4.45,0.0,1016.24744,0.0,5.7628117,0.0,0.0,0.0
2025-02-23 22:00:00+01:00,6.5,86.74581,4.45,0.0,1016.445,4.0,6.2067385,0.0,0.0,0.0
2025-02-23 23:00:00+01:00,5.8,88.83306,4.1,0.0,1016.61053,13.0,6.1094027,0.0,0.0,0.0
2025-02-24 00:00:00+01:00,5.25,90.6803,3.85,0.0,1015.8942,99.0,5.904439,0.0,0.0,0.0
2025-02-24 01:00:00+01:00,4.95,91.621254,3.7,0.0,1015.18884,100.0,5.2478566,0.0,0.0,0.0
2025-02-24 02:00:00+01:00,4.7,88.42572,2.95,0.0,1015.17737,100.0,4.952453,0.0,0.0,0.0
2025-02-24 03:00:00+01:00,4.5,89.03689,2.85,0.0,1014.7732,100.0,5.22,0.0,0.0,0.0
2025-02-24 04:00:00+01:00,3.95,91.23183,2.65,0.0,1014.15533,27.0,5.6492476,0.0,0.0,0.0
2025-02-24 05:00:00+01:00,2.9,93.13613,1.9,0.0,1013.5141,100.0,5.815978,0.0,0.0,0.0
2025-02-24 06:00:00+01:00,4.6,91.92217,3.4,0.0,1013.09937,100.0,6.6405115,0.0,0.0,0.0
2025-02-24 07:00:00+01:00,4.35,92.88538,3.3,0.0,1012.5939,100.0,5.6060677,0.0,0.0,0.0
2025-02-24 08:00:00+01:00,5.1,91.63096,3.85,0.0,1012.52985,100.0,6.7205353,0.0,10.0,10.0
2025-02-24 09:00:00+01:00,6.4,88.883804,4.7,0.0,1012.3917,100.0,9.144637,23.0,73.0,96.0
2025-02-24 10:00:00+01:00,8.6,80.87052,5.5,0.0,1011.70087,100.0,11.161451,62.0,129.0,191.0
2025-02-24 11:00:00+01:00,9.35,77.416245,5.6,0.0,1011.4379,100.0,9.793059,44.0,194.0,238.0
2025-02-24 12:00:00+01:00,10.5,72.93146,5.85,0.0,1010.7978,100.0,9.3962755,68.0,215.0,283.0
2025-02-24 13:00:00+01:00,10.9,71.508736,5.95,0.0,1009.72864,100.0,9.335737,17.0,181.0,198.0
2025-02-24 14:00:00+01:00,10.75,72.7258,6.05,0.0,1009.32733,100.0,11.367109,23.0,170.0,193.0
2025-02-24 15:00:00+01:00,11.4,71.11262,6.35,0.0,1008.3681,100.0,10.98,14.0,162.0,176.0
2025-02-24 16:00:00+01:00,11.4,71.11262,6.35,0.0,1007.5779,100.0,13.523978,0.0,86.0,86.0
2025-02-24 17:00:00+01:00,11.15,71.80346,6.25,0.2,1007.3693,100.0,12.074766,1.0,45.0,46.0
2025-02-24 18:00:00+01:00,10.45,76.53002,6.5,0.0,1006.94354,100.0,12.810386,0.0,10.0,10.0
2025-02-24 19:00:00+01:00,10.3,78.36954,6.7,0.1,1006.7393,100.0,14.84318,0.0,0.0,0.0
2025-02-24 20:00:00+01:00,8.85,94.72595,8.05,1.3,1006.57635,100.0,12.47726,0.0,0.0,0.0
2025-02-24 21:00:00+01:00,8.55,96.33851,8.0,0.2,1006.26685,100.0,11.43248,0.0,0.0,0.0
2025-02-24 22:00:00+01:00,8.55,96.33851,8.0,0.6,1006.26685,100.0,11.782784,0.0,0.0,0.0
2025-02-24 23:00:00+01:00,8.5,96.66511,8.0,0.8,1005.9684,100.0,12.47726,0.0,0.0,0.0
2025-02-25 00:00:00+01:00,8.3,96.98939,7.85,0.5,1005.4657,100.0,10.962281,0.0,0.0,0.0
2025-02-25 01:00:00+01:00,8.25,96.98823,7.8,1.6,1005.1672,100.0,11.738705,0.0,0.0,0.0
2025-02-25 02:00:00+01:00,8.65,97.657875,8.3,0.4,1005.2837,100.0,11.500296,0.0,0.0,0.0
2025-02-25 03:00:00+01:00,8.2,98.31609,7.95,0.1,1004.9675,100.0,8.688613,0.0,0.0,0.0
2025-02-25 04:00:00+01:00,7.95,98.64818,7.75,0.0,1004.75867,100.0,7.748368,0.0,0.0,0.0
2025-02-25 05:00:00+01:00,7.15,98.97814,7.0,0.0,1004.72296,100.0,6.1437774,0.0,0.0,0.0
2025-02-25 06:00:00+01:00,5.9,98.9679,5.75,0.0,1004.37024,100.0,5.4477882,0.0,0.0,0.0
2025-02-25 07:00:00+01:00,5.5,98.9646,5.35,0.0,1003.95734,100.0,1.4512063,0.0,0.0,0.0
2025-02-25 08:00:00+01:00,5.45,100.0,5.45,0.0,1004.25134,100.0,0.76367533,5.0,10.0,15.0
2025-02-25 09:00:00+01:00,6.9,97.96149,6.6,0.0,1004.21783,100.0,2.8460498,16.0,60.0,76.0
2025-02-25 10:00:00+01:00,7.9,93.71901,6.95,0.0,1003.57135,100.0,5.3999996,15.0,122.0,137.0
2025-02-25 11:00:00+01:00,8.7,89.687325,7.1,0.0,1003.0143,100.0,6.1569467,10.0,165.0,175.0
2025-02-25 12:00:00+01:00,9.95,80.50028,6.75,0.1,1002.27936,100.0,4.846648,19.0,185.0,204.0
2025-02-25 13:00:00+01:00,10.9,74.017204,6.45,0.0,1001.62946,100.0,4.913044,31.0,207.0,238.0
2025-02-25 14:00:00+01:00,12.0,66.26154,5.9,0.0,1001.0847,100.0,4.952453,28.0,177.0,205.0
2025-02-25 15:00:00+01:00,12.25,65.1806,5.9,0.0,1000.20667,100.0,5.728979,5.0,171.0,176.0
2025-02-25 16:00:00+01:00,11.25,73.31994,6.65,0.4,999.7683,100.0,6.8423676,3.0,83.0,86.0
2025-02-25 17:00:00+01:00,9.15,95.382256,8.45,2.5,999.4787,100.0,9.761578,0.0,21.0,21.0
2025-02-25 18:00:00+01:00,8.45,97.32307,8.05,0.9,999.15173,100.0,3.9966488,0.0,4.0,4.0
2025-02-25 19:00:00+01:00,8.15,96.98586,7.7,0.3,999.2373,100.0,6.391901,0.0,0.0,0.0
2025-02-25 20:00:00+01:00,7.85,97.31042,7.45,0.4,999.22375,100.0,3.3043609,0.0,0.0,0.0
2025-02-25 21:00:00+01:00,7.6,97.638435,7.25,0.0,999.1141,67.0,3.396233,0.0,0.0,0.0
2025-02-25 22:00:00+01:00,6.9,95.95978,6.3,0.0,999.0827,62.0,2.4216523,0.0,0.0,0.0
2025-02-25 23:00:00+01:00,6.35,96.27477,5.8,0.0,999.1569,63.0,2.8460498,0.0,0.0,0.0
2025-02-26 00:00:00+01:00,5.9,96.59621,5.4,0.3,999.2354,100.0,6.725354,0.0,0.0,0.0
2025-02-26 01:00:00+01:00,6.45,95.28403,5.75,0.1,999.2602,100.0,13.684735,0.0,0.0,0.0
2025-02-26 02:00:00+01:00,7.3,96.30248,6.75,0.0,999.49554,100.0,11.892265,0.0,0.0,0.0
2025-02-26 03:00:00+01:00,6.95,93.67264,6.0,0.0,999.38116,100.0,10.735306,0.0,0.0,0.0
2025-02-26 04:00:00+01:00,6.6,94.63291,5.8,0.0,999.36554,100.0,7.973005,0.0,0.0,0.0
2025-02-26 05:00:00+01:00,6.15,96.602936,5.65,0.1,999.64166,100.0,8.777654,0.0,0.0,0.0
2025-02-26 06:00:00+01:00,6.1,96.601585,5.6,0.1,1000.0344,100.0,9.54,0.0,0.0,0.0
2025-02-26 07:00:00+01:00,5.85,97.26758,5.45,0.6,1000.51685,100.0,9.418662,0.0,0.0,0.0
2025-02-26 08:00:00+01:00,5.75,98.62432,5.55,1.6,1001.20374,100.0,9.793059,0.0,4.0,4.0
2025-02-26 09:00:00+01:00,6.65,93.65789,5.7,0.3,1001.8368,100.0,10.209348,1.0,26.0,27.0
2025-02-26 10:00:00+01:00,7.55,88.67292,5.8,0.4,1002.7658,100.0,15.1884165,10.0,78.0,88.0
2025-02-26 11:00:00+01:00,7.1,87.41119,5.15,0.2,1003.83203,98.0,14.059602,13.0,96.0,109.0
2025-02-26 12:00:00+01:00,7.05,81.79572,4.15,0.2,1004.6198,67.0,13.009903,15.0,143.0,158.0
2025-02-26 13:00:00+01:00,8.7,69.10969,3.35,0.0,1004.8908,84.0,13.262714,141.0,206.0,347.0
2025-02-26 14:00:00+01:00,8.15,68.50913,2.7,0.0,1005.8541,100.0,14.319901,104.0,149.0,253.0
2025-02-26 15:00:00+01:00,7.85,67.96129,2.3,0.0,1006.038,100.0,12.371645,7.0,111.0,118.0
2025-02-26 16:00:00+01:00,8.0,65.84877,2.0,0.0,1005.8471,14.0,7.9465466,17.0,87.0,104.0
2025-02-26 17:00:00+01:00,8.0,67.51124,2.35,0.0,1005.94586,64.0,7.9077177,64.0,69.0,133.0
2025-02-26 18:00:00+01:00,6.45,77.22409,2.75,0.0,1005.7777,17.0,6.849467,13.0,21.0,34.0
2025-02-26 19:00:00+01:00,5.7,81.039314,2.7,0.0,1005.9414,70.0,9.403169,0.0,0.0,0.0
2025-02-26 20:00:00+01:00,5.5,80.43794,2.4,0.0,1005.8335,81.0,10.538843,0.0,0.0,0.0
2025-02-26 21:00:00+01:00,5.55,78.18644,2.05,0.0,1006.03314,99.0,10.8792095,0.0,0.0,0.0
2025-02-26 22:00:00+01:00,4.75,78.623314,1.35,0.0,1006.09534,99.0,9.430695,0.0,0.0,0.0
2025-02-26 23:00:00+01:00,3.8,80.77482,0.8,0.0,1006.05176,100.0,9.580668,0.0,0.0,0.0
2025-02-27 00:00:00+01:00,3.5,80.73258,0.5,0.0,1005.24817,100.0,10.435344,0.0,0.0,0.0
2025-02-27 01:00:00+01:00,3.7,79.60355,0.5,0.0,1004.66486,100.0,12.758432,0.0,0.0,0.0
2025-02-27 02:00:00+01:00,4.3,84.09159,1.85,0.3,1004.5937,100.0,14.634343,0.0,0.0,0.0
2025-02-27 03:00:00+01:00,3.9,92.2045,2.75,0.6,1004.08167,100.0,13.040997,0.0,0.0,0.0
2025-02-27 04:00:00+01:00,3.8,94.8486,3.05,0.9,1003.58325,100.0,13.88919,0.0,0.0,0.0
2025-02-27 05:00:00+01:00,3.8,95.85968,3.2,0.9,1003.38574,100.0,14.059602,0.0,0.0,0.0
2025-02-27 06:00:00+01:00,3.8,96.88027,3.35,0.8,1003.08954,100.0,13.091829,0.0,0.0,0.0
2025-02-27 07:00:00+01:00,3.9,97.56795,3.55,0.3,1002.8968,100.0,12.011544,0.0,0.0,0.0
2025-02-27 08:00:00+01:00,4.0,98.25881,3.75,0.2,1003.4939,100.0,10.8672905,0.0,3.0,3.0
2025-02-27 09:00:00+01:00,4.2,97.91717,3.9,0.1,1003.898,100.0,10.934166,0.0,21.0,21.0
2025-02-27 10:00:00+01:00,5.7,93.610855,4.75,0.0,1004.3614,55.0,10.182337,38.0,112.0,150.0
2025-02-27 11:00:00+01:00,7.15,80.105675,3.95,0.1,1004.62415,100.0,11.592895,151.0,157.0,308.0
2025-02-27 12:00:00+01:00,8.05,69.46681,2.8,0.1,1004.8621,100.0,11.672275,205.0,182.0,387.0
2025-02-27 13:00:00+01:00,8.3,64.06236,1.9,0.1,1004.87317,99.0,12.904882,141.0,213.0,354.0
2025-02-27 14:00:00+01:00,8.55,64.80835,2.3,0.1,1005.08167,100.0,10.086427,269.0,151.0,420.0
2025-02-27 15:00:00+01:00,8.65,60.14749,1.35,0.0,1004.6911,85.0,10.441551,81.0,187.0,268.0
2025-02-27 16:00:00+01:00,8.45,58.60379,0.8,0.1,1004.87976,22.0,9.636307,64.0,110.0,174.0
2025-02-27 17:00:00+01:00,8.15,59.80815,0.8,0.0,1004.9653,29.0,9.387651,95.0,62.0,157.0
2025-02-27 18:00:00+01:00,6.25,70.856026,1.35,0.0,1005.0773,87.0,8.669949,21.0,22.0,43.0
2025-02-27 19:00:00+01:00,5.55,74.36874,1.35,0.0,1006.03314,100.0,11.328566,0.0,0.0,0.0
2025-02-27 20:00:00+01:00,4.65,81.47439,1.75,0.5,1006.68335,97.0,11.935778,0.0,0.0,0.0
2025-02-27 21:00:00+01:00,3.3,92.82672,2.25,0.4,1007.11475,38.0,7.1321807,0.0,0.0,0.0
2025-02-27 22:00:00+01:00,2.65,95.14044,1.95,0.0,1007.2822,46.0,6.391901,0.0,0.0,0.0
2025-02-27 23:00:00+01:00,2.15,96.49306,1.65,0.0,1007.5553,100.0,8.037761,0.0,0.0,0.0
2025-02-28 00:00:00+01:00,2.1,97.18446,1.7,0.0,1007.65137,99.0,8.790563,0.0,0.0,0.0
2025-02-28 01:00:00+01:00,1.8,97.52654,1.45,0.0,1007.73627,83.0,8.528657,0.0,0.0,0.0
2025-02-28 02:00:00+01:00,1.2,97.8662,0.9,0.0,1007.412,80.0,4.542994,0.0,0.0,0.0
2025-02-28 03:00:00+01:00,1.3,99.28478,1.2,0.0,1007.61414,98.0,7.6409945,0.0,0.0,0.0
2025-02-28 04:00:00+01:00,1.65,98.225494,1.4,0.2,1007.5318,100.0,9.3340025,0.0,0.0,0.0
2025-02-28 05:00:00+01:00,1.8,97.17766,1.4,0.3,1007.53876,99.0,8.209263,0.0,0.0,0.0
2025-02-28 06:00:00+01:00,2.15,98.5839,1.95,0.4,1007.9502,100.0,5.0911684,0.0,0.0,0.0
2025-02-28 07:00:00+01:00,2.35,98.23553,2.1,0.1,1008.05804,100.0,3.096837,0.0,0.0,0.0
2025-02-28 08:00:00+01:00,2.55,97.54146,2.2,0.1,1008.7587,100.0,4.353619,0.0,5.0,5.0
2025-02-28 09:00:00+01:00,2.75,95.824936,2.15,0.1,1009.4591,55.0,8.709098,0.0,32.0,32.0
2025-02-28 10:00:00+01:00,3.85,86.788376,1.85,0.0,1010.20123,54.0,10.495713,69.0,95.0,164.0
2025-02-28 11:00:00+01:00,5.4,76.77884,1.65,0.0,1010.76605,100.0,11.016824,118.0,171.0,289.0
2025-02-28 12:00:00+01:00,6.05,72.09841,1.4,0.1,1011.0921,100.0,9.422101,97.0,181.0,278.0
2025-02-28 13:00:00+01:00,6.45,68.39727,1.05,0.1,1010.814,76.0,8.490582,73.0,190.0,263.0
2025-02-28 14:00:00+01:00,7.35,66.41437,1.5,0.1,1010.95337,100.0,4.445672,58.0,205.0,263.0
2025-02-28 15:00:00+01:00,4.45,87.778534,2.6,2.5,1011.41376,84.0,8.827344,24.0,148.0,172.0
2025-02-28 16:00:00+01:00,4.9,85.974075,2.75,1.1,1011.63196,71.0,3.189608,37.0,135.0,172.0
2025-02-28 17:00:00+01:00,5.2,84.19764,2.75,0.0,1011.74457,51.0,3.9477081,52.0,65.0,117.0
2025-02-28 18:00:00+01:00,4.35,86.52986,2.3,0.0,1012.10016,14.0,1.7076298,16.0,21.0,37.0
2025-02-28 19:00:00+01:00,3.5,88.63543,1.8,0.0,1012.6535,10.0,3.6447225,0.0,0.0,0.0
2025-02-28 20:00:00+01:00,1.75,91.08038,0.45,0.0,1012.868,8.0,4.39436,0.0,0.0,0.0
2025-02-28 21:00:00+01:00,2.55,84.79852,0.25,0.0,1013.3005,5.0,9.403169,0.0,0.0,0.0
2025-02-28 22:00:00+01:00,2.5,86.0285,0.4,0.0,1013.9891,2.0,9.793058,0.0,0.0,0.0
2025-02-28 23:00:00+01:00,1.75,88.16141,0.0,0.0,1014.3489,23.0,9.499158,0.0,0.0,0.0
2025-03-01 00:00:00+01:00,1.25,90.38703,-0.15,0.0,1014.52246,5.0,10.8015,0.0,0.0,0.0
2025-03-01 01:00:00+01:00,1.0,92.359955,-0.1,0.0,1014.80695,2.0,11.132385,0.0,0.0,0.0
2025-03-01 02:00:00+01:00,2.0,92.41991,0.9,0.0,1015.05145,15.0,9.340941,0.0,0.0,0.0
2025-03-01 03:00:00+01:00,1.75,93.40959,0.8,0.0,1015.3362,23.0,10.546525,0.0,0.0,0.0
2025-03-01 04:00:00+01:00,1.6,94.75789,0.85,0.0,1015.4276,31.0,12.157663,0.0,0.0,0.0
2025-03-01 05:00:00+01:00,1.55,95.44063,0.9,0.0,1015.62274,6.0,12.483749,0.0,0.0,0.0
2025-03-01 06:00:00+01:00,1.35,95.77792,0.75,0.0,1015.9094,99.0,11.119281,0.0,0.0,0.0
2025-03-01 07:00:00+01:00,1.55,95.78468,0.95,0.0,1016.2152,100.0,9.741642,0.0,0.0,0.0
2025-03-01 08:00:00+01:00,2.05,95.11718,1.35,0.0,1017.0287,56.0,8.55142,5.0,15.0,20.0
2025-03-01 09:00:00+01:00,3.6,87.3863,1.7,0.0,1017.69354,46.0,9.984729,69.0,65.0,134.0
2025-03-01 10:00:00+01:00,4.9,79.49542,1.65,0.0,1018.4453,100.0,13.379461,107.0,121.0,228.0
2025-03-01 11:00:00+01:00,5.4,76.77884,1.65,0.0,1018.86334,100.0,13.115319,7.0,157.0,164.0
2025-03-01 12:00:00+01:00,6.45,70.38953,1.45,0.1,1018.9117,100.0,12.483748,54.0,184.0,238.0
2025-03-01 13:00:00+01:00,6.85,67.748726,1.3,0.0,1018.7323,97.0,11.975074,37.0,193.0,230.0
2025-03-01 14:00:00+01:00,6.9,67.5168,1.3,0.0,1019.03076,100.0,11.837651,45.0,195.0,240.0
2025-03-01 15:00:00+01:00,7.1,65.17801,1.0,0.0,1019.04016,100.0,13.125196,58.0,172.0,230.0
2025-03-01 16:00:00+01:00,6.95,65.37905,0.9,0.0,1019.3292,93.0,12.638512,36.0,122.0,158.0
2025-03-01 17:00:00+01:00,6.7,64.85304,0.55,0.0,1019.41693,87.0,10.739832,35.0,81.0,116.0
2025-03-01 18:00:00+01:00,5.4,72.494156,0.85,0.0,1019.5545,30.0,8.9873905,21.0,25.0,46.0
2025-03-01 19:00:00+01:00,4.45,77.733765,0.9,0.0,1020.0043,99.0,9.901636,0.0,0.0,0.0
2025-03-01 20:00:00+01:00,4.0,77.66187,0.45,0.0,1020.6746,100.0,10.787993,0.0,0.0,0.0
2025-03-01 21:00:00+01:00,3.65,77.60574,0.1,0.0,1020.9546,75.0,9.236298,0.0,0.0,0.0
2025-03-01 22:00:00+01:00,3.15,80.68312,0.15,0.0,1021.2274,64.0,7.3997297,0.0,0.0,0.0
2025-03-01 23:00:00+01:00,2.3,84.76988,0.0,0.0,1021.38477,49.0,5.6233797,0.0,0.0,0.0
2025-03-02 00:00:00+01:00,1.6,87.19232,-0.3,0.0,1021.6476,81.0,5.4744864,0.0,0.0,0.0
2025-03-02 01:00:00+01:00,1.3,88.120316,-0.45,0.0,1021.83093,76.0,7.0591216,0.0,0.0,0.0
2025-03-02 02:00:00+01:00,2.25,84.45716,-0.1,0.0,1021.9745,100.0,6.6624317,0.0,0.0,0.0
2025-03-02 03:00:00+01:00,1.6,86.560486,-0.4,0.0,1021.84503,72.0,6.489992,0.0,0.0,0.0
2025-03-02 04:00:00+01:00,1.05,87.4569,-0.8,0.0,1021.4241,69.0,7.186487,0.0,0.0,0.0
2025-03-02 05:00:00+01:00,0.75,85.84136,-1.35,0.0,1021.6072,96.0,10.829959,0.0,0.0,0.0
2025-03-02 06:00:00+01:00,0.6,84.88453,-1.65,0.0,1021.7975,100.0,10.897063,0.0,0.0,0.0
2025-03-02 07:00:00+01:00,0.1,88.65882,-1.55,0.0,1021.9708,98.0,9.939196,0.0,0.0,0.0
2025-03-02 08:00:00+01:00,0.5,88.69396,-1.15,0.0,1022.4837,99.0,9.703319,8.0,20.0,28.0
2025-03-02 09:00:00+01:00,2.15,83.22654,-0.4,0.0,1022.56244,0.0,5.904439,79.0,68.0,147.0
2025-03-02 10:00:00+01:00,4.15,75.471954,0.2,0.0,1022.6562,0.0,7.056826,240.0,68.0,308.0
2025-03-02 11:00:00+01:00,5.95,66.826836,0.25,0.0,1022.64087,0.0,6.7469993,353.0,78.0,431.0
2025-03-02 12:00:00+01:00,7.1,60.198383,-0.1,0.0,1022.1015,0.0,6.7469993,431.0,83.0,514.0
2025-03-02 13:00:00+01:00,7.95,57.42795,0.05,0.0,1021.4487,0.0,7.519175,461.0,86.0,547.0
2025-03-02 14:00:00+01:00,8.0,58.701576,0.4,0.0,1020.9571,1.0,8.027678,437.0,89.0,526.0
2025-03-02 15:00:00+01:00,8.45,57.556667,0.55,0.0,1020.0888,0.0,7.9077177,379.0,80.0,459.0
2025-03-02 16:00:00+01:00,8.5,57.155407,0.5,0.0,1019.696,0.0,8.893166,275.0,71.0,346.0
2025-03-02 17:00:00+01:00,7.95,59.974377,0.65,0.0,1019.3747,0.0,7.9036193,146.0,56.0,202.0
2025-03-02 18:00:00+01:00,6.0,69.29442,0.8,0.0,1019.1873,0.0,8.613709,34.0,26.0,60.0
2025-03-02 19:00:00+01:00,5.0,72.41822,0.45,0.0,1019.24,0.0,10.028439,0.0,0.0,0.0
2025-03-02 20:00:00+01:00,4.05,75.181694,0.05,0.0,1019.5908,0.0,9.313152,0.0,0.0,0.0
2025-03-02 21:00:00+01:00,3.0,79.499466,-0.2,0.0,1019.54175,0.0,7.8954163,0.0,0.0,0.0
2025-03-02 22:00:00+01:00,2.15,82.32261,-0.55,0.0,1019.60046,0.0,7.889258,0.0,0.0,0.0
2025-03-02 23:00:00+01:00,1.35,84.35143,-1.0,0.0,1019.5623,0.0,7.5942082,0.0,0.0,0.0
2025-03-03 00:00:00+01:00,0.6,85.51059,-1.55,0.0,1019.03314,0.0,5.991594,0.0,0.0,0.0
2025-03-03 01:00:00+01:00,-0.05,86.3897,-2.05,0.0,1018.5085,0.0,6.2405767,0.0,0.0,0.0
2025-03-03 02:00:00+01:00,-0.45,88.93767,-2.05,0.0,1018.0943,0.0,7.1684303,0.0,0.0,0.0
2025-03-03 03:00:00+01:00,-0.85,89.56319,-2.35,0.0,1017.7788,0.0,8.019601,0.0,0.0,0.0
2025-03-03 04:00:00+01:00,-1.15,89.871,-2.6,0.0,1017.6658,0.0,7.382195,0.0,0.0,0.0
2025-03-03 05:00:00+01:00,-1.45,90.18133,-2.85,0.0,1017.84875,0.0,7.5363917,0.0,0.0,0.0
2025-03-03 06:00:00+01:00,-1.8,90.82777,-3.1,0.0,1017.93054,0.0,7.4520864,0.0,0.0,0.0
2025-03-03 07:00:00+01:00,-2.05,91.148674,-3.3,0.0,1017.81964,3.0,7.388775,0.0,0.0,0.0
2025-03-03 08:00:00+01:00,-1.5,91.18722,-2.75,0.0,1018.33984,25.0,8.099999,18.0,17.0,35.0
2025-03-03 09:00:00+01:00,0.5,85.814316,-1.6,0.0,1018.7323,91.0,5.22,117.0,53.0,170.0
2025-03-03 10:00:00+01:00,3.05,77.50905,-0.5,0.0,1018.65533,90.0,3.8183763,216.0,89.0,305.0
2025-03-03 11:00:00+01:00,5.55,70.462456,0.6,0.0,1018.17896,89.0,2.8116899,324.0,104.0,428.0
2025-03-03 12:00:00+01:00,7.8,63.036053,1.2,0.0,1017.88666,26.0,3.7064266,438.0,88.0,526.0
2025-03-03 13:00:00+01:00,9.3,56.747078,1.15,0.0,1017.36145,85.0,3.096837,480.0,83.0,563.0
2025-03-03 14:00:00+01:00,9.9,53.15209,0.8,0.0,1016.7957,87.0,2.1674871,432.0,100.0,532.0
2025-03-03 15:00:00+01:00,10.35,51.577312,0.8,0.0,1016.12463,90.0,3.494968,345.0,109.0,454.0
2025-03-03 16:00:00+01:00,10.15,51.70851,0.65,0.0,1015.7205,84.0,5.5596404,256.0,89.0,345.0
2025-03-03 17:00:00+01:00,9.05,59.81666,1.65,0.0,1015.37506,89.0,4.293669,147.0,61.0,208.0
2025-03-03 18:00:00+01:00,6.35,66.91424,0.65,0.0,1015.15454,94.0,5.5450516,35.0,29.0,64.0
2025-03-03 19:00:00+01:00,4.15,70.17994,-0.8,0.0,1015.4482,92.0,5.3517847,0.0,0.0,0.0
2025-03-03 20:00:00+01:00,3.1,69.96561,-1.85,0.0,1015.4981,89.0,3.4623692,0.0,0.0,0.0
2025-03-03 21:00:00+01:00,1.9,73.977486,-2.25,0.0,1015.8369,98.0,5.876938,0.0,0.0,0.0
2025-03-03 22:00:00+01:00,1.5,74.72968,-2.5,0.0,1016.01556,100.0,6.1094027,0.0,0.0,0.0
2025-03-03 23:00:00+01:00,0.85,75.169846,-3.05,0.0,1015.6885,100.0,4.5891175,0.0,0.0,0.0
2025-03-04 00:00:00+01:00,0.55,75.96085,-3.2,0.0,1015.4766,100.0,2.7475805,0.0,0.0,0.0
2025-03-04 01:00:00+01:00,0.3,78.50524,-3.0,0.0,1014.9711,100.0,5.0911684,0.0,0.0,0.0
2025-03-04 02:00:00+01:00,-0.2,79.309044,-3.35,0.0,1014.55237,100.0,8.490582,0.0,0.0,0.0
2025-03-04 03:00:00+01:00,-0.45,81.3681,-3.25,0.0,1014.6391,100.0,7.9932966,0.0,0.0,0.0
2025-03-04 04:00:00+01:00,-0.9,83.14759,-3.4,0.0,1014.4202,100.0,4.863332,0.0,0.0,0.0
2025-03-04 05:00:00+01:00,-1.05,83.4394,-3.5,0.0,1014.51154,100.0,4.4565907,0.0,0.0,0.0
2025-03-04 06:00:00+01:00,-0.7,82.55572,-3.3,0.0,1014.6273,100.0,7.2403865,0.0,0.0,0.0
2025-03-04 07:00:00+01:00,-0.85,83.77602,-3.25,0.0,1014.91595,100.0,7.6579366,0.0,0.0,0.0
2025-03-04 08:00:00+01:00,-0.3,81.69224,-3.05,0.0,1015.2387,100.0,7.1389914,3.0,24.0,27.0
2025-03-04 09:00:00+01:00,1.5,74.72968,-2.5,0.0,1015.5219,100.0,5.876938,24.0,99.0,123.0
2025-03-04 10:00:00+01:00,3.8,66.596466,-1.85,0.0,1015.2344,100.0,3.3092594,99.0,156.0,255.0
2025-03-04 11:00:00+01:00,6.25,59.768074,-1.0,0.0,1015.2485,100.0,3.3481934,190.0,187.0,377.0
2025-03-04 12:00:00+01:00,8.4,52.7441,-0.7,0.0,1015.0498,100.0,3.244996,259.0,199.0,458.0
2025-03-04 13:00:00+01:00,10.0,48.757423,-0.3,0.0,1014.52856,100.0,2.0991426,294.0,202.0,496.0
2025-03-04 14:00:00+01:00,11.05,45.961327,-0.15,0.0,1013.9824,100.0,0.6489992,354.0,151.0,505.0
2025-03-04 15:00:00+01:00,11.2,46.845245,0.25,0.0,1013.6929,87.0,2.0124612,307.0,135.0,442.0
2025-03-04 16:00:00+01:00,10.75,52.434143,1.4,0.0,1013.57434,0.0,3.4199998,277.0,80.0,357.0
2025-03-04 17:00:00+01:00,8.6,63.223473,2.0,0.0,1013.281,0.0,3.143565,162.0,55.0,217.0
2025-03-04 18:00:00+01:00,5.65,65.08483,-0.4,0.0,1013.24615,0.0,1.3104197,42.0,27.0,69.0
2025-03-04 19:00:00+01:00,3.75,68.8254,-1.45,0.0,1013.65234,0.0,1.6299692,0.0,1.0,1.0
2025-03-04 20:00:00+01:00,2.55,70.6314,-2.25,0.0,1013.7941,0.0,2.1674871,0.0,0.0,0.0
2025-03-04 21:00:00+01:00,1.05,76.04704,-2.7,0.0,1013.9209,0.0,3.362677,0.0,0.0,0.0
2025-03-04 22:00:00+01:00,0.5,78.2457,-2.85,0.0,1013.5986,0.0,1.659518,0.0,0.0,0.0
2025-03-04 23:00:00+01:00,0.4,75.370605,-3.45,0.0,1013.49506,0.0,1.7727944,0.0,0.0,0.0
2025-03-05 00:00:00+01:00,0.0,75.01844,-3.9,0.0,1013.3773,0.0,2.8460495,0.0,0.0,0.0
2025-03-05 01:00:00+01:00,0.1,74.47661,-3.9,0.0,1013.4808,0.0,4.724786,0.0,0.0,0.0
2025-03-05 02:00:00+01:00,-0.5,79.85769,-3.55,0.0,1013.64966,0.0,8.019601,0.0,0.0,0.0
2025-03-05 03:00:00+01:00,-1.05,82.81856,-3.6,0.0,1013.62317,0.0,6.2379804,0.0,0.0,0.0
2025-03-05 04:00:00+01:00,-1.65,82.74047,-4.2,0.0,1013.2981,0.0,3.710795,0.0,0.0,0.0
2025-03-05 05:00:00+01:00,-1.75,81.79946,-4.45,0.0,1013.1945,0.0,3.4623692,0.0,0.0,0.0
2025-03-05 06:00:00+01:00,-1.7,82.11448,-4.35,0.0,1013.19714,0.0,4.2671766,0.0,0.0,0.0
2025-03-05 07:00:00+01:00,-2.35,85.50078,-4.45,0.0,1013.2644,0.0,4.1046314,0.0,0.0,0.0
2025-03-05 08:00:00+01:00,-1.45,82.14815,-4.1,0.0,1013.99884,0.0,4.1046314,24.0,19.0,43.0
2025-03-05 09:00:00+01:00,1.45,70.40805,-3.35,0.0,1014.7295,0.0,1.1384199,132.0,52.0,184.0
2025-03-05 10:00:00+01:00,4.45,57.57605,-3.2,0.0,1014.86975,0.0,0.40249225,267.0,67.0,334.0
2025-03-05 11:00:00+01:00,7.2,50.515274,-2.4,0.0,1014.69934,0.0,0.8049845,383.0,76.0,459.0
2025-03-05 12:00:00+01:00,9.15,49.592495,-0.85,0.0,1014.39185,0.0,1.2727921,462.0,80.0,542.0
2025-03-05 13:00:00+01:00,10.5,49.611153,0.4,0.0,1013.6621,0.0,2.5455842,493.0,83.0,576.0
2025-03-05 14:00:00+01:00,11.95,46.721672,0.9,0.0,1012.738,0.0,3.0652893,475.0,81.0,556.0
2025-03-05 15:00:00+01:00,12.45,47.0323,1.45,0.0,1012.0684,0.0,3.0652893,408.0,77.0,485.0
2025-03-05 16:00:00+01:00,12.4,50.31861,2.35,0.0,1011.7699,0.0,3.0652895,300.0,69.0,369.0
2025-03-05 17:00:00+01:00,10.5,65.70442,4.35,0.0,1011.3904,0.0,3.4623692,166.0,55.0,221.0
2025-03-05 18:00:00+01:00,7.7,66.72899,1.9,0.0,1011.46295,0.0,2.5772076,43.0,29.0,72.0
2025-03-05 19:00:00+01:00,6.15,68.8281,0.85,0.0,1011.6891,0.0,1.7076298,0.0,1.0,1.0
2025-03-05 20:00:00+01:00,5.3,68.89942,0.05,0.0,1011.749,0.0,1.0495713,0.0,0.0,0.0
2025-03-05 21:00:00+01:00,4.4,70.486885,-0.5,0.0,1011.70776,0.0,0.742159,0.0,0.0,0.0
2025-03-05 22:00:00+01:00,3.2,74.21468,-0.95,0.0,1011.65216,0.0,0.8049845,0.0,0.0,0.0
2025-03-05 23:00:00+01:00,1.95,79.05172,-1.3,0.0,1011.495,0.0,0.9178235,0.0,0.0,0.0
2025-03-06 00:00:00+01:00,1.05,83.08789,-1.5,0.0,1011.45276,0.0,0.8049845,0.0,0.0,0.0
2025-03-06 01:00:00+01:00,0.45,84.55548,-1.85,0.0,1011.1279,0.0,1.0182338,0.0,0.0,0.0
2025-03-06 02:00:00+01:00,-0.2,81.705925,-2.95,0.0,1010.4061,0.0,0.40249225,0.0,0.0,0.0
2025-03-06 03:00:00+01:00,-0.2,81.10075,-3.05,0.0,1010.11,0.0,0.25455844,0.0,0.0,0.0
2025-03-06 04:00:00+01:00,-0.1,79.32427,-3.25,0.0,1009.8186,0.0,1.08,0.0,0.0,0.0
2025-03-06 05:00:00+01:00,-0.45,81.3681,-3.25,0.0,1009.9005,0.0,2.5959969,0.0,0.0,0.0
2025-03-06 06:00:00+01:00,-0.85,85.34926,-3.0,0.0,1009.9801,0.0,5.1575575,0.0,0.0,0.0
2025-03-06 07:00:00+01:00,-0.9,87.26682,-2.75,0.0,1009.97797,0.0,5.1481256,0.0,0.0,0.0
2025-03-06 08:00:00+01:00,0.15,87.3697,-1.7,0.0,1010.324,0.0,6.9480934,26.0,20.0,46.0
2025-03-06 09:00:00+01:00,2.75,79.46211,-0.45,0.0,1010.9401,0.0,4.6102495,135.0,52.0,187.0
2025-03-06 10:00:00+01:00,5.25,72.72738,0.75,0.0,1010.85815,0.0,4.7110505,268.0,68.0,336.0
2025-03-06 11:00:00+01:00,7.55,66.45827,1.7,0.0,1010.66626,0.0,5.7402787,382.0,77.0,459.0
2025-03-06 12:00:00+01:00,9.4,60.980038,2.25,0.0,1010.35376,0.0,5.854844,460.0,81.0,541.0
2025-03-06 13:00:00+01:00,10.95,57.7826,2.95,0.0,1009.92847,0.0,5.692099,490.0,83.0,573.0
2025-03-06 14:00:00+01:00,13.25,49.49126,2.9,0.0,1008.94214,0.0,5.0432134,472.0,81.0,553.0
2025-03-06 15:00:00+01:00,14.05,49.01737,3.5,0.0,1008.38385,39.0,5.1481256,404.0,78.0,482.0
2025-03-06 16:00:00+01:00,14.2,50.812737,4.15,0.0,1007.89636,17.0,3.8268526,296.0,70.0,366.0
2025-03-06 17:00:00+01:00,12.65,64.153244,6.05,0.0,1007.5332,100.0,1.9469976,165.0,57.0,222.0
2025-03-06 18:00:00+01:00,9.7,66.69057,3.8,0.0,1007.6017,29.0,2.0523157,41.0,32.0,73.0
2025-03-06 19:00:00+01:00,8.6,67.16183,2.85,0.0,1007.84924,36.0,0.40249225,0.0,1.0,1.0
2025-03-06 20:00:00+01:00,7.45,70.58875,2.45,0.0,1008.09424,0.0,0.9693296,0.0,0.0,0.0
2025-03-06 21:00:00+01:00,5.95,76.32333,2.1,0.0,1008.22363,0.0,0.6489992,0.0,0.0,0.0
2025-03-06 22:00:00+01:00,4.55,81.752686,1.7,0.0,1008.16,0.0,0.40249225,0.0,0.0,0.0
2025-03-06 23:00:00+01:00,2.75,86.99052,0.8,0.0,1007.9781,0.0,1.4058449,0.0,0.0,0.0
2025-03-07 00:00:00+01:00,1.7,89.12084,0.1,0.0,1007.929,1.0,0.9,0.0,0.0,0.0
2025-03-07 01:00:00+01:00,1.1,89.72088,-0.4,0.0,1007.9009,2.0,1.609969,0.0,0.0,0.0
2025-03-07 02:00:00+01:00,1.5,81.33786,-1.35,0.0,1007.5249,92.0,2.0124612,0.0,0.0,0.0
2025-03-07 03:00:00+01:00,1.55,80.159966,-1.5,0.0,1007.42834,100.0,1.0948973,0.0,0.0,0.0
2025-03-07 04:00:00+01:00,1.25,82.20382,-1.45,0.0,1007.11786,100.0,3.7064266,0.0,0.0,0.0
2025-03-07 05:00:00+01:00,0.7,84.895996,-1.55,0.0,1007.58594,98.0,0.17999999,0.0,0.0,0.0
2025-03-07 06:00:00+01:00,0.45,85.49402,-1.7,0.0,1007.67267,100.0,0.35999998,0.0,0.0,0.0
2025-03-07 07:00:00+01:00,0.3,86.108894,-1.75,0.0,1007.86316,97.0,1.1525624,0.0,0.0,0.0
2025-03-07 08:00:00+01:00,1.7,83.779366,-0.75,0.0,1008.32385,99.0,3.1072817,15.0,28.0,43.0
2025-03-07 09:00:00+01:00,4.2,79.677444,1.0,0.0,1008.6376,97.0,4.7521367,78.0,84.0,162.0
2025-03-07 10:00:00+01:00,6.4,73.99092,2.1,0.0,1008.73804,100.0,3.2048087,148.0,134.0,282.0
2025-03-07 11:00:00+01:00,8.45,68.57162,3.0,0.0,1008.73145,100.0,2.6999998,281.0,138.0,419.0
2025-03-07 12:00:00+01:00,10.35,62.96095,3.6,0.0,1008.3219,78.0,2.8116899,362.0,142.0,504.0
2025-03-07 13:00:00+01:00,12.05,58.2644,4.1,0.0,1007.50726,27.0,2.50064,428.0,123.0,551.0
2025-03-07 14:00:00+01:00,13.85,50.7171,3.8,0.0,1006.4985,36.0,1.1384199,445.0,100.0,545.0
2025-03-07 15:00:00+01:00,14.4,50.867287,4.35,0.0,1005.7316,65.0,2.907989,362.0,106.0,468.0
2025-03-07 16:00:00+01:00,14.4,53.600292,5.1,0.0,1005.1389,100.0,4.175069,272.0,87.0,359.0
2025-03-07 17:00:00+01:00,12.85,64.86515,6.4,0.0,1004.6775,76.0,4.514377,115.0,87.0,202.0
2025-03-07 18:00:00+01:00,10.1,73.36499,5.55,0.0,1004.55756,1.0,6.2145634,33.0,39.0,72.0
2025-03-07 19:00:00+01:00,7.65,77.96166,4.05,0.0,1004.7454,0.0,6.7853074,0.0,2.0,2.0
2025-03-07 20:00:00+01:00,6.2,78.84451,2.8,0.0,1004.48267,0.0,6.248359,0.0,0.0,0.0
2025-03-07 21:00:00+01:00,5.65,77.92384,2.1,0.0,1004.6552,0.0,6.623413,0.0,0.0,0.0
2025-03-07 22:00:00+01:00,4.7,80.324036,1.6,0.0,1004.8093,0.0,6.623413,0.0,0.0,0.0
2025-03-07 23:00:00+01:00,4.5,81.745995,1.65,0.0,1004.80023,0.0,8.913181,0.0,0.0,0.0
2025-03-08 00:00:00+01:00,3.6,85.52919,1.4,0.0,1004.5614,0.0,8.400428,0.0,0.0,0.0
2025-03-08 01:00:00+01:00,2.7,87.93049,0.9,0.0,1004.4214,0.0,7.891311,0.0,0.0,0.0
2025-03-08 02:00:00+01:00,2.8,83.30769,0.25,0.0,1003.7346,0.0,8.913181,0.0,0.0,0.0
2025-03-08 03:00:00+01:00,1.95,85.970085,-0.15,0.0,1003.49786,0.0,9.178235,0.0,0.0,0.0
2025-03-08 04:00:00+01:00,1.75,84.70659,-0.55,0.0,1003.3899,0.0,8.55142,0.0,0.0,0.0
2025-03-08 05:00:00+01:00,1.5,83.4494,-1.0,0.0,1003.3783,25.0,7.6409945,0.0,0.0,0.0
2025-03-08 06:00:00+01:00,1.1,83.70606,-1.35,0.0,1003.2607,95.0,8.536252,0.0,0.0,0.0
2025-03-08 07:00:00+01:00,0.9,83.37468,-1.6,0.0,1003.1525,97.0,8.536252,0.0,0.0,0.0
2025-03-08 08:00:00+01:00,1.8,81.67739,-1.0,0.0,1003.3921,65.0,8.400428,24.0,27.0,51.0
2025-03-08 09:00:00+01:00,4.2,76.580154,0.45,0.0,1003.6018,29.0,7.0934615,138.0,57.0,195.0
2025-03-08 10:00:00+01:00,6.95,70.99404,2.05,0.0,1003.7263,86.0,5.0975285,260.0,80.0,340.0
2025-03-08 11:00:00+01:00,9.75,62.820766,3.0,0.0,1003.55444,77.0,5.6233797,338.0,111.0,449.0
2025-03-08 12:00:00+01:00,11.95,57.024353,3.7,0.0,1002.9592,100.0,5.6002855,369.0,144.0,513.0
2025-03-08 13:00:00+01:00,13.55,54.506878,4.55,0.0,1002.13916,99.0,5.509882,398.0,146.0,544.0
2025-03-08 14:00:00+01:00,15.45,46.71733,4.1,0.0,1000.73816,14.0,5.6521144,440.0,109.0,549.0
2025-03-08 15:00:00+01:00,15.85,47.488564,4.7,0.0,999.86597,48.0,5.994297,403.0,85.0,488.0
2025-03-08 16:00:00+01:00,15.75,49.659214,5.25,0.0,999.1701,100.0,6.156947,283.0,85.0,368.0
2025-03-08 17:00:00+01:00,14.4,59.25458,6.55,0.0,998.81665,55.0,5.7204895,136.0,79.0,215.0
2025-03-08 18:00:00+01:00,11.95,65.56667,5.7,0.0,998.81067,3.0,7.458606,42.0,36.0,78.0
2025-03-08 19:00:00+01:00,9.95,72.57785,5.25,0.0,998.72375,0.0,7.6367526,0.0,2.0,2.0
2025-03-08 20:00:00+01:00,7.4,82.12842,4.55,0.0,998.315,0.0,5.896202,0.0,0.0,0.0
2025-03-08 21:00:00+01:00,6.2,84.31426,3.75,0.0,998.45886,0.0,4.6938257,0.0,0.0,0.0
2025-03-08 22:00:00+01:00,6.05,84.5941,3.65,0.0,998.35345,0.0,8.626865,0.0,0.0,0.0
2025-03-08 23:00:00+01:00,5.4,86.63596,3.35,0.0,998.32404,0.0,9.743304,0.0,0.0,0.0
2025-03-09 00:00:00+01:00,4.8,87.191284,2.85,0.0,998.09955,0.0,9.292255,0.0,0.0,0.0
2025-03-09 01:00:00+01:00,4.2,88.06792,2.4,0.0,997.77606,0.0,10.805998,0.0,0.0,0.0
2025-03-09 02:00:00+01:00,5.25,77.02948,1.55,0.0,996.73755,0.0,8.211235,0.0,0.0,0.0
2025-03-09 03:00:00+01:00,4.65,78.32626,1.2,0.0,996.31537,4.0,9.901636,0.0,0.0,0.0
2025-03-09 04:00:00+01:00,4.05,79.9426,0.9,0.0,995.99194,17.0,10.04458,0.0,0.0,0.0
2025-03-09 05:00:00+01:00,3.4,81.59784,0.55,0.0,995.8634,81.0,9.432412,0.0,0.0,0.0
2025-03-09 06:00:00+01:00,2.75,83.90652,0.3,0.0,995.43884,17.0,9.422101,0.0,0.0,0.0
2025-03-09 07:00:00+01:00,2.05,86.29311,0.0,0.0,995.5053,17.0,8.641874,0.0,0.0,0.0
2025-03-09 08:00:00+01:00,2.6,85.72889,0.45,0.0,995.82684,31.0,9.0,33.0,24.0,57.0
2025-03-09 09:00:00+01:00,4.75,80.90773,1.75,0.0,995.9247,20.0,7.7650757,144.0,58.0,202.0
2025-03-09 10:00:00+01:00,7.6,73.9445,3.25,0.0,995.2626,16.0,6.623413,279.0,73.0,352.0
2025-03-09 11:00:00+01:00,10.35,64.75663,4.0,0.0,994.9882,34.0,4.978554,392.0,82.0,474.0
2025-03-09 12:00:00+01:00,12.55,56.778145,4.2,0.0,994.39166,6.0,4.8965297,435.0,108.0,543.0
2025-03-09 13:00:00+01:00,14.2,51.89138,4.45,0.0,993.57263,33.0,4.863332,499.0,86.0,585.0
2025-03-09 14:00:00+01:00,16.05,43.253582,3.55,0.0,992.7611,21.0,4.965521,483.0,84.0,567.0
2025-03-09 15:00:00+01:00,16.6,40.17422,3.0,0.0,992.0927,17.0,5.7628117,415.0,80.0,495.0
2025-03-09 16:00:00+01:00,16.35,40.818127,3.0,0.0,991.48926,8.0,7.2,310.0,71.0,381.0
2025-03-09 17:00:00+01:00,15.05,52.483257,5.4,0.0,991.04,0.0,5.896202,178.0,57.0,235.0
2025-03-09 18:00:00+01:00,12.6,61.745922,5.45,0.0,990.8379,0.0,6.4624763,52.0,32.0,84.0
2025-03-09 19:00:00+01:00,10.35,66.83079,4.45,0.0,990.83997,0.0,6.924738,1.0,1.0,2.0
2025-03-09 20:00:00+01:00,9.2,67.05363,3.4,0.0,990.5923,0.0,7.3447943,0.0,0.0,0.0
2025-03-09 21:00:00+01:00,8.65,69.83452,3.45,0.0,990.56836,0.0,9.396275,0.0,0.0,0.0
2025-03-09 22:00:00+01:00,7.65,74.47714,3.4,0.0,990.327,20.0,10.1902895,0.0,0.0,0.0
2025-03-09 23:00:00+01:00,6.7,76.99141,2.95,0.0,990.0875,26.0,9.252069,0.0,0.0,0.0
2025-03-10 00:00:00+01:00,6.0,77.97887,2.45,0.0,989.5626,35.0,8.942214,0.0,0.0,0.0
2025-03-10 01:00:00+01:00,5.6,77.915985,2.05,0.0,989.14966,34.0,8.78872,0.0,0.0,0.0
2025-03-10 02:00:00+01:00,5.45,74.618126,1.3,0.0,989.1431,15.0,9.339208,0.0,0.0,0.0
2025-03-10 03:00:00+01:00,4.7,75.29509,0.7,0.0,988.61554,28.0,10.948973,0.0,0.0,0.0
2025-03-10 04:00:00+01:00,4.55,72.595146,0.05,0.0,987.9178,87.0,11.753876,0.0,0.0,0.0
2025-03-10 05:00:00+01:00,4.3,73.07637,-0.1,0.0,987.8077,92.0,9.9408245,0.0,0.0,0.0
2025-03-10 06:00:00+01:00,3.6,77.03701,-0.05,0.0,987.87463,2.0,8.43699,0.0,0.0,0.0
2025-03-10 07:00:00+01:00,3.25,78.96202,-0.05,0.0,987.76013,1.0,8.43699,0.0,0.0,0.0
2025-03-10 08:00:00+01:00,4.35,77.4383,0.75,0.0,988.2047,12.0,8.643749,36.0,25.0,61.0
2025-03-10 09:00:00+01:00,6.8,72.499054,2.2,0.0,988.51184,0.0,6.6185193,151.0,57.0,208.0
2025-03-10 10:00:00+01:00,9.4,66.1575,3.4,0.0,988.8233,0.0,4.6730714,291.0,68.0,359.0
2025-03-10 11:00:00+01:00,11.7,61.317856,4.5,0.0,988.8238,79.0,3.745557,409.0,74.0,483.0
2025-03-10 12:00:00+01:00,13.7,54.928104,4.8,0.0,988.5138,98.0,2.968636,471.0,88.0,559.0
2025-03-10 13:00:00+01:00,15.25,50.392254,5.0,0.0,988.2823,93.0,0.6489992,486.0,99.0,585.0
2025-03-10 14:00:00+01:00,15.6,46.270485,4.1,0.0,988.3956,99.0,8.913181,429.0,122.0,551.0
2025-03-10 15:00:00+01:00,15.55,44.188942,3.4,0.0,988.4923,94.0,10.837435,285.0,161.0,446.0
2025-03-10 16:00:00+01:00,15.25,46.661022,3.9,0.0,988.5787,99.0,10.908951,240.0,115.0,355.0
2025-03-10 17:00:00+01:00,14.15,56.398518,5.6,0.0,988.82916,99.0,12.204212,110.0,95.0,205.0
2025-03-10 18:00:00+01:00,11.65,66.877,5.7,0.0,989.11804,100.0,11.132385,23.0,50.0,73.0
2025-03-10 19:00:00+01:00,10.5,74.45837,6.15,0.0,989.66125,100.0,10.261579,0.0,2.0,2.0
2025-03-10 20:00:00+01:00,10.05,80.238434,6.8,0.0,989.938,100.0,12.348051,0.0,0.0,0.0
2025-03-10 21:00:00+01:00,9.35,86.72741,7.25,0.0,990.30255,100.0,13.413321,0.0,0.0,0.0
2025-03-10 22:00:00+01:00,8.85,90.93311,7.45,0.0,990.577,100.0,12.992459,0.0,0.0,0.0
2025-03-10 23:00:00+01:00,8.55,93.75045,7.6,0.0,990.66266,100.0,12.652604,0.0,0.0,0.0
2025-03-11 00:00:00+01:00,8.1,95.34442,7.4,0.0,990.7419,93.0,11.457958,0.0,0.0,0.0
2025-03-11 01:00:00+01:00,7.35,96.63489,6.85,0.0,990.7086,100.0,10.310402,0.0,0.0,0.0
2025-03-11 02:00:00+01:00,8.05,95.66881,7.4,0.0,990.73975,100.0,11.1090765,0.0,0.0,0.0
2025-03-11 03:00:00+01:00,7.55,96.640175,7.05,0.0,990.3226,100.0,10.1902895,0.0,0.0,0.0
2025-03-11 04:00:00+01:00,6.9,96.290855,6.35,0.0,989.8987,84.0,8.707237,0.0,0.0,0.0
2025-03-11 05:00:00+01:00,6.15,96.93798,5.7,0.0,989.76666,98.0,6.037383,0.0,0.0,0.0
2025-03-11 06:00:00+01:00,6.35,96.942825,5.9,0.0,989.77563,100.0,7.6367526,0.0,0.0,0.0
2025-03-11 07:00:00+01:00,6.65,97.62062,6.3,0.0,990.0853,100.0,7.4128532,0.0,0.0,0.0
2025-03-11 08:00:00+01:00,7.15,96.6296,6.65,0.0,990.1073,86.0,7.0934615,0.0,27.0,27.0
2025-03-11 09:00:00+01:00,8.65,92.48535,7.5,0.0,990.1733,67.0,5.6002855,70.0,81.0,151.0
2025-03-11 10:00:00+01:00,10.05,82.46787,7.2,0.0,990.4318,99.0,10.04458,139.0,116.0,255.0
2025-03-11 11:00:00+01:00,9.4,84.96987,7.0,0.2,990.30475,100.0,6.9153743,0.0,132.0,132.0
2025-03-11 12:00:00+01:00,9.85,86.18719,7.65,0.1,990.0281,98.0,7.1684303,16.0,163.0,179.0
2025-03-11 13:00:00+01:00,11.65,76.20304,7.6,0.1,989.5131,75.0,6.6405115,130.0,207.0,337.0
2025-03-11 14:00:00+01:00,13.1,69.51895,7.65,0.0,988.8834,90.0,7.127636,188.0,235.0,423.0
2025-03-11 15:00:00+01:00,11.7,73.40105,7.1,1.3,988.32996,99.0,10.587917,106.0,178.0,284.0
2025-03-11 16:00:00+01:00,10.05,87.68523,8.1,1.4,988.1602,80.0,6.297428,0.0,76.0,76.0
2025-03-11 17:00:00+01:00,10.85,82.28833,7.95,0.0,988.0961,21.0,4.1046314,107.0,81.0,188.0
2025-03-11 18:00:00+01:00,9.55,89.14467,7.85,0.0,988.2372,32.0,3.9312592,42.0,39.0,81.0
2025-03-11 19:00:00+01:00,8.5,89.05873,6.8,0.0,988.5867,46.0,6.9247384,0.0,3.0,3.0
2025-03-11 20:00:00+01:00,7.0,88.62582,5.25,0.0,988.817,47.0,7.562142,0.0,0.0,0.0
2025-03-11 21:00:00+01:00,6.0,88.85002,4.3,0.0,989.0689,49.0,5.293959,0.0,0.0,0.0
2025-03-11 22:00:00+01:00,5.3,89.73279,3.75,0.0,989.0375,86.0,3.9518096,0.0,0.0,0.0
2025-03-11 23:00:00+01:00,5.5,87.56663,3.6,0.0,988.9478,100.0,3.550155,0.0,0.0,0.0
2025-03-12 00:00:00+01:00,5.85,85.16937,3.55,0.0,988.66705,100.0,4.978554,0.0,0.0,0.0
2025-03-12 01:00:00+01:00,5.7,84.55407,3.3,0.0,988.6606,100.0,5.2323985,0.0,0.0,0.0
2025-03-12 02:00:00+01:00,5.95,83.98869,3.45,0.0,988.4739,100.0,7.02,0.0,0.0,0.0
2025-03-12 03:00:00+01:00,5.75,85.458984,3.5,0.0,988.07025,100.0,6.1858225,0.0,0.0,0.0
2025-03-12 04:00:00+01:00,5.6,86.96174,3.6,0.0,987.66846,100.0,5.9427266,0.0,0.0,0.0
2025-03-12 05:00:00+01:00,5.55,87.263596,3.6,0.0,987.46875,100.0,6.330782,0.0,0.0,0.0
2025-03-12 06:00:00+01:00,5.5,86.95192,3.5,0.0,987.4666,100.0,9.0645685,0.0,0.0,0.0
2025-03-12 07:00:00+01:00,5.3,84.20935,2.85,0.0,987.6551,100.0,10.644379,0.0,0.0,0.0
2025-03-12 08:00:00+01:00,5.4,78.72287,2.0,0.0,987.7582,100.0,10.538843,2.0,27.0,29.0
2025-03-12 09:00:00+01:00,5.9,72.84938,1.4,0.0,987.978,100.0,10.783487,16.0,88.0,104.0
2025-03-12 10:00:00+01:00,6.7,67.9603,1.2,0.0,987.7175,100.0,10.783487,87.0,137.0,224.0
2025-03-12 11:00:00+01:00,7.3,65.92903,1.35,0.0,987.64496,100.0,8.557102,71.0,213.0,284.0
2025-03-12 12:00:00+01:00,7.9,63.05955,1.3,0.0,987.27637,100.0,8.2584505,28.0,228.0,256.0
2025-03-12 13:00:00+01:00,8.2,62.00923,1.35,0.0,987.0922,100.0,5.937272,5.0,220.0,225.0
2025-03-12 14:00:00+01:00,7.9,62.3841,1.15,0.0,987.1776,100.0,4.913044,14.0,179.0,193.0
2025-03-12 15:00:00+01:00,7.95,61.94936,1.1,0.0,987.08105,100.0,3.01735,0.0,161.0,161.0
2025-03-12 16:00:00+01:00,7.95,61.284725,0.95,0.0,986.88354,100.0,2.3051248,0.0,104.0,104.0
2025-03-12 17:00:00+01:00,7.85,61.4814,0.9,0.0,986.6816,100.0,1.4399999,0.0,64.0,64.0
2025-03-12 18:00:00+01:00,7.3,68.57556,1.9,0.0,986.5587,100.0,2.8174455,0.0,33.0,33.0
2025-03-12 19:00:00+01:00,6.4,74.785805,2.25,0.0,986.5191,100.0,4.1085763,0.0,2.0,2.0
2025-03-12 20:00:00+01:00,5.8,77.94745,2.25,0.0,986.78864,100.0,5.1919937,0.0,0.0,0.0
2025-03-12 21:00:00+01:00,5.55,78.74576,2.15,0.0,986.6788,100.0,4.072935,0.0,0.0,0.0
2025-03-12 22:00:00+01:00,4.75,81.77942,1.9,0.0,986.54407,80.0,3.219938,0.0,0.0,0.0
2025-03-12 23:00:00+01:00,4.0,82.267494,1.25,0.0,986.5106,100.0,1.835647,0.0,0.0,0.0
2025-03-13 00:00:00+01:00,4.5,81.45403,1.6,0.0,986.138,98.0,3.148714,0.0,0.0,0.0
2025-03-13 01:00:00+01:00,4.2,85.289474,1.95,0.0,985.631,99.0,6.28713,0.0,0.0,0.0
2025-03-13 02:00:00+01:00,4.05,77.66988,0.5,0.0,985.72296,100.0,7.172949,0.0,0.0,0.0
2025-03-13 03:00:00+01:00,3.95,78.78366,0.6,0.0,985.32336,100.0,7.4932766,0.0,0.0,0.0
2025-03-13 04:00:00+01:00,3.75,79.61096,0.55,0.0,985.01807,100.0,7.729527,0.0,0.0,0.0
2025-03-13 05:00:00+01:00,3.6,77.59771,0.05,0.0,984.91254,100.0,8.534353,0.0,0.0,0.0
2025-03-13 06:00:00+01:00,3.5,74.54017,-0.6,0.0,984.71075,100.0,8.55142,0.0,0.0,0.0
2025-03-13 07:00:00+01:00,3.4,73.44214,-0.9,0.0,984.60736,100.0,9.446141,0.0,1.0,1.0
2025-03-13 08:00:00+01:00,3.6,72.150154,-0.95,0.0,984.91254,100.0,9.4238205,3.0,33.0,36.0
2025-03-13 09:00:00+01:00,4.0,70.40622,-0.9,0.0,985.02954,100.0,9.668195,20.0,96.0,116.0
2025-03-13 10:00:00+01:00,5.35,68.16449,-0.05,0.0,985.08984,100.0,8.694204,109.0,157.0,266.0
2025-03-13 11:00:00+01:00,6.75,63.703552,0.35,0.0,984.9545,99.0,10.00256,141.0,217.0,358.0
2025-03-13 12:00:00+01:00,7.85,55.757637,-0.45,0.0,984.7065,100.0,12.330985,138.0,264.0,402.0
2025-03-13 13:00:00+01:00,8.3,52.716743,-0.8,0.0,984.8251,100.0,10.739832,76.0,272.0,348.0
2025-03-13 14:00:00+01:00,6.85,61.908524,0.05,0.1,985.35394,100.0,6.8423676,0.0,82.0,82.0
2025-03-13 15:00:00+01:00,6.9,62.823696,0.3,0.3,985.6523,100.0,5.6233797,0.0,100.0,100.0
2025-03-13 16:00:00+01:00,6.35,70.622246,1.4,0.4,986.1219,100.0,5.815978,1.0,88.0,89.0
2025-03-13 17:00:00+01:00,5.75,81.333984,2.8,0.3,986.4903,100.0,6.489992,0.0,47.0,47.0
2025-03-13 18:00:00+01:00,5.05,88.76919,3.35,0.3,986.9527,100.0,7.5105524,0.0,18.0,18.0
2025-03-13 19:00:00+01:00,4.5,94.876976,3.75,0.3,987.5204,100.0,5.8409934,0.0,1.0,1.0
2025-03-13 20:00:00+01:00,4.25,95.20168,3.55,0.3,987.9042,100.0,6.698806,0.0,0.0,0.0
2025-03-13 21:00:00+01:00,4.15,91.569145,2.9,0.1,988.19574,100.0,8.821836,0.0,0.0,0.0
2025-03-13 22:00:00+01:00,4.0,90.91214,2.65,0.1,988.5842,100.0,9.181765,0.0,0.0,0.0
2025-03-13 23:00:00+01:00,4.0,89.629944,2.45,0.0,988.6829,100.0,10.308831,0.0,0.0,0.0
2025-03-14 00:00:00+01:00,3.85,88.982216,2.2,0.0,988.9723,100.0,10.656547,0.0,0.0,0.0
2025-03-14 01:00:00+01:00,3.45,90.22764,2.0,0.4,989.1515,100.0,10.829959,0.0,0.0,0.0
2025-03-14 02:00:00+01:00,3.7,86.773346,1.7,0.1,989.85406,100.0,9.854075,0.0,0.0,0.0
2025-03-14 03:00:00+01:00,3.4,93.82758,2.5,0.6,990.13666,100.0,6.542201,0.0,0.0,0.0
2025-03-14 04:00:00+01:00,2.95,95.152016,2.25,0.7,990.41235,100.0,8.197414,0.0,0.0,0.0
2025-03-14 05:00:00+01:00,2.85,95.82827,2.25,0.4,990.7043,98.0,7.7588143,0.0,0.0,0.0
2025-03-14 06:00:00+01:00,2.65,93.456276,1.7,0.1,991.08984,98.0,7.922045,0.0,0.0,0.0
2025-03-14 07:00:00+01:00,1.75,95.105484,1.05,0.0,991.4436,72.0,7.5685663,0.0,2.0,2.0
2025-03-14 08:00:00+01:00,2.85,92.80135,1.8,0.0,992.1853,24.0,8.669949,31.0,38.0,69.0
2025-03-14 09:00:00+01:00,4.45,83.809784,1.95,0.0,992.8502,5.0,8.967541,122.0,84.0,206.0
2025-03-14 10:00:00+01:00,5.85,72.06014,1.2,0.0,993.3082,31.0,12.5032,244.0,112.0,356.0
2025-03-14 11:00:00+01:00,6.75,65.09883,0.65,0.0,993.6447,68.0,12.601285,239.0,155.0,394.0
2025-03-14 12:00:00+01:00,7.1,61.299484,0.15,0.0,993.5616,69.0,11.843124,97.0,213.0,310.0
2025-03-14 13:00:00+01:00,7.8,57.18131,-0.15,0.0,993.8888,100.0,11.230904,137.0,210.0,347.0
2025-03-14 14:00:00+01:00,7.75,59.493168,0.35,0.0,995.0716,53.0,9.236298,143.0,201.0,344.0
2025-03-14 15:00:00+01:00,8.05,56.832523,0.0,0.0,995.1839,22.0,9.292255,79.0,188.0,267.0
2025-03-14 16:00:00+01:00,8.15,55.231567,-0.3,0.0,995.18823,25.0,11.521406,134.0,137.0,271.0
2025-03-14 17:00:00+01:00,7.7,57.3634,-0.2,0.0,995.7607,14.0,11.43248,88.0,92.0,180.0
2025-03-14 18:00:00+01:00,6.8,63.25613,0.3,0.0,996.2145,45.0,7.653705,25.0,42.0,67.0
2025-03-14 19:00:00+01:00,6.25,67.86443,0.75,0.0,996.97974,73.0,8.790563,0.0,3.0,3.0
2025-03-14 20:00:00+01:00,5.8,70.00634,0.75,0.0,997.65094,100.0,9.485504,0.0,0.0,0.0
2025-03-14 21:00:00+01:00,5.4,67.19265,-0.2,0.0,998.22534,100.0,13.552696,0.0,0.0,0.0
2025-03-14 22:00:00+01:00,4.7,67.77815,-0.75,0.0,998.4898,100.0,14.677451,0.0,0.0,0.0
2025-03-14 23:00:00+01:00,4.05,68.3858,-1.25,0.0,998.95416,100.0,15.312701,0.0,0.0,0.0
2025-03-15 00:00:00+01:00,3.5,69.79088,-1.5,0.0,999.52136,100.0,14.401124,0.0,0.0,0.0
2025-03-15 01:00:00+01:00,3.1,71.00276,-1.65,0.0,1000.0954,83.0,13.779114,0.0,0.0,0.0
2025-03-15 02:00:00+01:00,3.9,70.1291,-1.05,0.0,1000.1321,97.0,13.472372,0.0,0.0,0.0
2025-03-15 03:00:00+01:00,3.35,72.36636,-1.15,0.0,1000.3043,99.0,14.24163,0.0,0.0,0.0
2025-03-15 04:00:00+01:00,2.9,73.349106,-1.4,0.0,1000.1849,100.0,14.747921,0.0,0.0,0.0
2025-03-15 05:00:00+01:00,2.75,73.32111,-1.55,0.0,1000.57306,100.0,14.799459,0.0,0.0,0.0
2025-03-15 06:00:00+01:00,2.8,73.33045,-1.5,0.0,1001.16754,90.0,14.0734215,0.0,0.0,0.0
2025-03-15 07:00:00+01:00,3.0,72.8317,-1.4,0.0,1001.76935,100.0,15.137133,0.0,1.0,1.0
2025-03-15 08:00:00+01:00,3.4,72.11155,-1.15,0.0,1002.38007,100.0,15.455911,4.0,39.0,43.0
2025-03-15 09:00:00+01:00,4.15,70.95214,-0.65,0.0,1002.5131,100.0,16.34832,28.0,107.0,135.0
2025-03-15 10:00:00+01:00,5.65,66.76107,-0.05,0.0,1002.384,21.0,17.47484,144.0,159.0,303.0
2025-03-15 11:00:00+01:00,7.65,60.771744,0.55,0.0,1002.37524,96.0,18.645428,405.0,99.0,504.0
2025-03-15 12:00:00+01:00,8.75,55.591248,0.35,0.0,1002.12775,100.0,21.392754,397.0,141.0,538.0
2025-03-15 13:00:00+01:00,8.85,54.226814,0.1,0.0,1002.0333,98.0,21.240763,99.0,250.0,349.0
2025-03-15 14:00:00+01:00,8.55,57.58235,0.65,0.0,1002.5139,100.0,20.887758,164.0,218.0,382.0
2025-03-15 15:00:00+01:00,8.15,57.896816,0.35,0.0,1002.3976,99.0,20.501833,116.0,211.0,327.0
2025-03-15 16:00:00+01:00,7.75,57.168358,-0.2,0.0,1002.37964,100.0,20.285769,30.0,162.0,192.0
2025-03-15 17:00:00+01:00,7.3,59.596233,-0.05,0.0,1002.55695,100.0,16.67795,13.0,84.0,97.0
2025-03-15 18:00:00+01:00,7.05,61.065636,0.05,0.0,1002.8422,97.0,16.45204,6.0,40.0,46.0
2025-03-15 19:00:00+01:00,6.1,67.10167,0.45,0.0,1003.49066,100.0,17.325876,1.0,3.0,4.0
2025-03-15 20:00:00+01:00,5.25,71.68571,0.55,0.0,1004.04474,86.0,17.750774,0.0,0.0,0.0
2025-03-15 21:00:00+01:00,4.75,74.225204,0.55,0.0,1004.2192,61.0,17.935986,0.0,0.0,0.0
2025-03-15 22:00:00+01:00,4.05,77.11073,0.4,0.0,1004.4836,7.0,17.287498,0.0,0.0,0.0
2025-03-15 23:00:00+01:00,3.45,80.43437,0.4,0.0,1004.55457,6.0,16.144905,0.0,0.0,0.0
2025-03-16 00:00:00+01:00,3.05,82.14268,0.3,0.0,1004.43744,7.0,15.2501545,0.0,0.0,0.0
2025-03-16 01:00:00+01:00,2.6,83.888435,0.15,0.0,1004.4166,8.0,14.822429,0.0,0.0,0.0
2025-03-16 02:00:00+01:00,3.0,83.03199,0.4,0.0,1004.43524,3.0,14.677451,0.0,0.0,0.0
2025-03-16 03:00:00+01:00,2.5,84.48634,0.15,0.0,1004.4119,1.0,14.941083,0.0,0.0,0.0
2025-03-16 04:00:00+01:00,2.0,85.66391,-0.15,0.0,1004.38855,0.0,15.275627,0.0,0.0,0.0
2025-03-16 05:00:00+01:00,1.5,87.1825,-0.4,0.0,1004.7605,1.0,15.009236,0.0,0.0,0.0
2025-03-16 06:00:00+01:00,1.1,87.78134,-0.7,0.0,1005.2352,1.0,14.74902,0.0,0.0,0.0
2025-03-16 07:00:00+01:00,0.85,87.4376,-1.0,0.0,1005.71716,1.0,14.169785,1.0,2.0,3.0
2025-03-16 08:00:00+01:00,2.1,79.364525,-1.1,0.0,1006.26917,0.0,15.787753,52.0,37.0,89.0
2025-03-16 09:00:00+01:00,3.65,73.22102,-0.7,0.0,1006.44,0.0,13.766176,180.0,65.0,245.0
2025-03-16 10:00:00+01:00,5.5,65.050674,-0.55,0.0,1006.5247,0.0,13.684735,319.0,79.0,398.0
2025-03-16 11:00:00+01:00,7.1,59.11485,-0.35,0.0,1006.3996,0.0,15.141414,435.0,87.0,522.0
2025-03-16 12:00:00+01:00,8.55,51.831493,-0.8,0.0,1006.26685,0.0,14.148046,512.0,92.0,604.0
2025-03-16 13:00:00+01:00,9.5,45.84917,-1.6,0.0,1006.1113,0.0,14.292725,542.0,93.0,635.0
2025-03-16 14:00:00+01:00,9.95,43.036873,-2.05,0.0,1006.1312,0.0,15.070633,520.0,92.0,612.0
2025-03-16 15:00:00+01:00,10.05,42.749912,-2.05,0.0,1005.9382,1.0,15.405519,446.0,89.0,535.0
2025-03-16 16:00:00+01:00,10.05,41.65887,-2.4,0.0,1005.8395,0.0,13.581354,339.0,80.0,419.0
2025-03-16 17:00:00+01:00,9.5,43.86678,-2.2,0.0,1005.9138,1.0,13.570615,204.0,67.0,271.0
2025-03-16 18:00:00+01:00,7.8,53.9441,-0.95,0.0,1006.7272,2.0,12.785069,71.0,42.0,113.0
2025-03-16 19:00:00+01:00,6.05,59.717937,-1.2,0.0,1007.5371,3.0,12.251905,3.0,5.0,8.0
2025-03-16 20:00:00+01:00,5.35,61.544895,-1.45,0.0,1008.3939,8.0,12.750811,0.0,0.0,0.0
2025-03-16 21:00:00+01:00,4.55,65.79154,-1.3,0.0,1009.24615,5.0,12.801531,0.0,0.0,0.0
2025-03-16 22:00:00+01:00,3.65,68.30059,-1.65,0.0,1010.0933,8.0,13.905509,0.0,0.0,0.0
2025-03-16 23:00:00+01:00,2.75,70.67175,-2.05,0.0,1010.54517,0.0,12.5032,0.0,0.0,0.0
2025-03-17 00:00:00+01:00,1.95,73.986664,-2.2,0.0,1010.90265,0.0,12.337553,0.0,0.0,0.0
2025-03-17 01:00:00+01:00,1.35,76.9471,-2.25,0.0,1011.0717,0.0,10.548061,0.0,0.0,0.0
2025-03-17 02:00:00+01:00,1.8,71.80013,-2.75,0.0,1011.2906,0.0,10.028439,0.0,0.0,0.0
2025-03-17 03:00:00+01:00,1.2,75.51122,-2.65,0.0,1011.2624,0.0,7.8625183,0.0,0.0,0.0
2025-03-17 04:00:00+01:00,0.75,77.99577,-2.65,0.0,1011.1422,0.0,7.16617,0.0,0.0,0.0
2025-03-17 05:00:00+01:00,0.85,78.88275,-2.4,0.0,1011.54193,70.0,8.4963045,0.0,0.0,0.0
2025-03-17 06:00:00+01:00,1.2,79.814354,-1.9,0.0,1011.9534,100.0,7.282774,0.0,0.0,0.0
2025-03-17 07:00:00+01:00,2.45,80.290634,-0.6,0.0,1012.4071,100.0,8.297589,0.0,1.0,1.0
2025-03-17 08:00:00+01:00,3.2,82.757996,0.55,0.0,1012.9358,87.0,9.5416975,6.0,33.0,39.0
2025-03-17 09:00:00+01:00,4.85,78.92089,1.5,0.0,1013.5058,85.0,13.379461,85.0,81.0,166.0
2025-03-17 10:00:00+01:00,5.45,76.51293,1.65,0.0,1014.0272,93.0,15.30741,93.0,133.0,226.0
2025-03-17 11:00:00+01:00,6.6,66.01068,0.7,0.0,1014.47455,26.0,16.596157,164.0,158.0,322.0
2025-03-17 12:00:00+01:00,8.05,53.814945,-0.75,0.0,1014.44165,47.0,16.87398,390.0,154.0,544.0
2025-03-17 13:00:00+01:00,8.45,45.882812,-2.55,0.0,1014.75574,72.0,15.528064,313.0,184.0,497.0
2025-03-17 14:00:00+01:00,8.2,37.548344,-5.45,0.0,1014.9421,14.0,16.502182,262.0,211.0,473.0
2025-03-17 15:00:00+01:00,8.1,36.25528,-6.0,0.0,1015.03644,1.0,16.363178,416.0,111.0,527.0
2025-03-17 16:00:00+01:00,7.7,37.97143,-5.75,0.0,1015.01825,0.0,15.629971,352.0,79.0,431.0
2025-03-17 17:00:00+01:00,7.0,39.229652,-5.95,0.0,1015.18414,0.0,14.926983,211.0,67.0,278.0
2025-03-17 18:00:00+01:00,5.7,45.591755,-5.15,0.0,1015.71735,3.0,11.923557,74.0,44.0,118.0
2025-03-17 19:00:00+01:00,3.7,54.644638,-4.6,0.0,1016.80975,3.0,10.534229,3.0,7.0,10.0
2025-03-17 20:00:00+01:00,2.5,58.372234,-4.85,0.0,1017.346,0.0,10.814989,0.0,0.0,0.0
2025-03-17 21:00:00+01:00,1.55,61.295372,-5.1,0.0,1017.69617,0.0,10.587918,0.0,0.0,0.0
2025-03-17 22:00:00+01:00,0.6,64.88626,-5.25,0.0,1018.0459,0.0,10.946013,0.0,0.0,0.0
2025-03-17 23:00:00+01:00,-0.1,66.46936,-5.6,0.0,1018.2099,0.0,10.055864,0.0,0.0,0.0
2025-03-18 00:00:00+01:00,-0.55,66.875305,-5.95,0.0,1018.1881,0.0,9.54679,0.0,0.0,0.0
2025-03-18 01:00:00+01:00,-0.85,66.553116,-6.3,0.0,1018.2724,0.0,8.805294,0.0,0.0,0.0
2025-03-18 02:00:00+01:00,-0.4,60.806316,-7.05,0.0,1017.998,0.0,8.217153,0.0,0.0,0.0
2025-03-18 03:00:00+01:00,-0.9,62.339993,-7.2,0.0,1017.87537,0.0,7.689603,0.0,0.0,0.0
2025-03-18 04:00:00+01:00,-1.3,63.945007,-7.25,0.0,1017.55975,0.0,9.1958685,0.0,0.0,0.0
2025-03-18 05:00:00+01:00,-1.6,64.61695,-7.4,0.0,1017.4466,0.0,9.82114,0.0,0.0,0.0
2025-03-18 06:00:00+01:00,-1.85,65.05854,-7.55,0.0,1017.4344,0.0,10.062305,0.0,0.0,0.0
2025-03-18 07:00:00+01:00,-1.85,64.55773,-7.65,0.0,1017.53314,0.0,11.074023,2.0,4.0,6.0
2025-03-18 08:00:00+01:00,-0.2,62.035114,-6.6,0.0,1017.8102,0.0,11.272657,66.0,39.0,105.0
2025-03-18 09:00:00+01:00,1.9,51.517475,-7.05,0.0,1018.1076,0.0,10.404249,203.0,65.0,268.0
2025-03-18 10:00:00+01:00,3.85,45.917202,-6.75,0.0,1017.90295,0.0,11.39842,346.0,78.0,424.0
2025-03-18 11:00:00+01:00,5.55,40.77991,-6.75,0.0,1017.68524,0.0,12.841963,463.0,87.0,550.0
2025-03-18 12:00:00+01:00,7.1,35.815056,-7.05,0.0,1017.06506,0.0,12.93247,541.0,91.0,632.0
2025-03-18 13:00:00+01:00,8.4,33.93261,-6.6,0.0,1016.4323,0.0,13.138765,571.0,91.0,662.0
2025-03-18 14:00:00+01:00,9.05,30.892286,-7.25,0.0,1015.8689,0.0,11.688918,549.0,90.0,639.0
2025-03-18 15:00:00+01:00,9.6,29.314781,-7.45,0.0,1015.30084,0.0,11.35285,478.0,85.0,563.0
2025-03-18 16:00:00+01:00,9.6,29.655897,-7.3,0.0,1014.70825,0.0,11.032987,365.0,77.0,442.0
2025-03-18 17:00:00+01:00,9.15,32.256245,-6.6,0.0,1014.39185,0.0,9.761578,224.0,65.0,289.0
2025-03-18 18:00:00+01:00,7.15,45.333294,-3.9,0.0,1014.5984,0.0,6.130579,82.0,44.0,126.0
2025-03-18 19:00:00+01:00,5.25,51.486202,-3.95,0.0,1014.7092,0.0,7.289444,5.0,6.0,11.0
2025-03-18 20:00:00+01:00,4.15,54.561787,-4.2,0.0,1014.8558,0.0,8.4963045,0.0,0.0,0.0
2025-03-18 21:00:00+01:00,2.9,57.601833,-4.65,0.0,1015.0939,0.0,8.39078,0.0,0.0,0.0
2025-03-18 22:00:00+01:00,1.9,60.462368,-4.95,0.0,1015.14575,0.0,7.1684303,0.0,0.0,0.0
2025-03-18 23:00:00+01:00,1.15,62.84105,-5.15,0.0,1015.20917,0.0,5.983477,0.0,0.0,0.0
2025-03-19 00:00:00+01:00,0.4,65.086,-5.4,0.0,1015.17346,0.0,4.965521,0.0,0.0,0.0
2025-03-19 01:00:00+01:00,-0.15,64.71076,-6.0,0.0,1015.246,0.0,5.004518,0.0,0.0,0.0
2025-03-19 02:00:00+01:00,0.35,56.706947,-7.25,0.0,1014.97345,0.0,4.323748,0.0,0.0,0.0
2025-03-19 03:00:00+01:00,-0.2,59.24073,-7.2,0.0,1014.94727,0.0,5.0528407,0.0,0.0,0.0
2025-03-19 04:00:00+01:00,-0.35,59.890133,-7.2,0.0,1015.03894,0.0,5.720489,0.0,0.0,0.0
2025-03-19 05:00:00+01:00,-0.5,61.72327,-6.95,0.0,1015.0316,0.0,5.920878,0.0,0.0,0.0
2025-03-19 06:00:00+01:00,-0.75,63.586723,-6.8,0.0,1015.1183,0.0,5.7176566,0.0,0.0,0.0
2025-03-19 07:00:00+01:00,-0.75,64.81732,-6.55,0.0,1015.51306,0.0,5.4744864,2.0,5.0,7.0
2025-03-19 08:00:00+01:00,0.95,60.68234,-5.8,0.0,1016.0881,0.0,5.876938,70.0,41.0,111.0
2025-03-19 09:00:00+01:00,2.95,55.062107,-5.2,0.0,1016.3797,0.0,4.445672,208.0,65.0,273.0
2025-03-19 10:00:00+01:00,5.0,52.389305,-3.95,0.0,1016.37646,0.0,2.5772078,351.0,78.0,429.0
2025-03-19 11:00:00+01:00,6.95,49.701954,-2.85,0.0,1016.1692,0.0,1.4399999,468.0,86.0,554.0
2025-03-19 12:00:00+01:00,8.75,48.048286,-1.65,0.0,1015.85547,0.0,0.40249225,544.0,90.0,634.0
2025-03-19 13:00:00+01:00,10.15,45.53482,-1.1,0.0,1015.2267,0.0,0.8049845,570.0,93.0,663.0
2025-03-19 14:00:00+01:00,11.35,37.36756,-2.7,0.0,1014.2922,0.0,1.1525624,550.0,90.0,640.0
2025-03-19 15:00:00+01:00,12.0,38.11849,-1.85,0.0,1013.72797,0.0,1.5273507,478.0,86.0,564.0
2025-03-19 16:00:00+01:00,12.2,39.171375,-1.3,0.0,1013.2429,0.0,1.0495713,366.0,78.0,444.0
2025-03-19 17:00:00+01:00,11.95,40.556927,-1.05,0.0,1012.9355,0.0,0.6489992,226.0,65.0,291.0
2025-03-19 18:00:00+01:00,9.55,54.218414,0.75,0.0,1012.9283,0.0,0.40249225,84.0,44.0,128.0
2025-03-19 19:00:00+01:00,7.05,59.750385,-0.25,0.0,1013.1126,0.0,1.1525624,5.0,8.0,13.0
2025-03-19 20:00:00+01:00,5.95,63.748028,-0.4,0.0,1013.25977,0.0,0.54,0.0,0.0,0.0
2025-03-19 21:00:00+01:00,4.55,69.497925,-0.55,0.0,1013.3934,0.0,2.0523157,0.0,0.0,0.0
2025-03-19 22:00:00+01:00,3.3,74.5043,-0.8,0.0,1013.5326,0.0,2.6758924,0.0,0.0,0.0
2025-03-19 23:00:00+01:00,2.1,79.364525,-1.1,0.0,1013.57526,0.0,3.693291,0.0,0.0,0.0
2025-03-20 00:00:00+01:00,1.1,83.39965,-1.4,0.0,1013.52826,0.0,3.572898,0.0,0.0,0.0
2025-03-20 01:00:00+01:00,0.6,85.51059,-1.55,0.0,1013.50464,0.0,3.9640884,0.0,0.0,0.0
2025-03-20 02:00:00+01:00,0.4,77.65039,-3.05,0.0,1012.8041,0.0,3.8521678,0.0,0.0,0.0
2025-03-20 03:00:00+01:00,0.1,80.24438,-2.9,0.0,1012.4935,0.0,3.572898,0.0,0.0,0.0
2025-03-20 04:00:00+01:00,-0.35,82.90901,-2.9,0.0,1012.4722,0.0,3.319036,0.0,0.0,0.0
2025-03-20 05:00:00+01:00,-0.4,84.14287,-2.75,0.0,1012.5684,2.0,3.563818,0.0,0.0,0.0
2025-03-20 06:00:00+01:00,-0.85,86.305756,-2.85,0.0,1012.64557,7.0,2.2553935,0.0,0.0,0.0
2025-03-20 07:00:00+01:00,-0.35,86.03956,-2.4,0.0,1012.9658,2.0,1.5379207,2.0,6.0,8.0
2025-03-20 08:00:00+01:00,2.15,79.372055,-1.05,0.0,1013.38043,1.0,1.3104197,64.0,43.0,107.0
2025-03-20 09:00:00+01:00,5.55,67.71455,0.05,0.0,1013.63666,15.0,1.9469976,191.0,69.0,260.0
2025-03-20 10:00:00+01:00,7.8,62.13649,1.0,0.0,1013.44257,2.0,4.3274937,326.0,83.0,409.0
2025-03-20 11:00:00+01:00,9.9,58.96851,2.25,0.0,1013.33887,17.0,4.724786,440.0,90.0,530.0
2025-03-20 12:00:00+01:00,12.15,52.626083,2.75,0.0,1012.7469,13.0,6.854195,508.0,97.0,605.0
2025-03-20 13:00:00+01:00,13.85,48.96179,3.3,0.0,1012.129,6.0,8.242743,528.0,101.0,629.0
2025-03-20 14:00:00+01:00,15.65,40.470745,2.25,0.0,1010.7244,12.0,8.641874,513.0,97.0,610.0
2025-03-20 15:00:00+01:00,16.3,40.37241,2.8,0.0,1009.96173,7.0,8.6867485,451.0,88.0,539.0
2025-03-20 16:00:00+01:00,16.35,41.10787,3.1,0.0,1009.46967,1.0,8.037761,338.0,83.0,421.0
2025-03-20 17:00:00+01:00,15.55,51.17953,5.5,0.0,1009.23816,2.0,3.710795,202.0,71.0,273.0
2025-03-20 18:00:00+01:00,13.55,57.23145,5.25,0.0,1009.1526,0.0,2.4149535,71.0,47.0,118.0
2025-03-20 19:00:00+01:00,11.8,57.99747,3.8,0.0,1009.1757,0.0,0.9178235,4.0,9.0,13.0
2025-03-20 20:00:00+01:00,10.55,61.690968,3.5,0.0,1009.4171,0.0,0.35999998,0.0,0.0,0.0
2025-03-20 21:00:00+01:00,8.95,68.19292,3.4,0.0,1009.1486,0.0,0.56920993,0.0,0.0,0.0
2025-03-20 22:00:00+01:00,7.6,73.9445,3.25,0.0,1009.28595,0.0,0.35999998,0.0,0.0,0.0
2025-03-20 23:00:00+01:00,6.35,78.310646,2.85,0.0,1009.1308,0.0,0.9,0.0,0.0,0.0
2025-03-21 00:00:00+01:00,5.1,82.41047,2.35,0.0,1009.0737,0.0,2.4216523,0.0,0.0,0.0
2025-03-21 01:00:00+01:00,4.1,87.12325,2.15,0.0,1008.5341,0.0,4.3573384,0.0,0.0,0.0
2025-03-21 02:00:00+01:00,4.85,76.96408,1.15,0.0,1007.7786,0.0,4.542994,0.0,0.0,0.0
2025-03-21 03:00:00+01:00,4.3,79.97899,1.15,0.0,1007.16095,4.0,6.299999,0.0,0.0,0.0
2025-03-21 04:00:00+01:00,4.15,81.114716,1.2,0.0,1006.759,9.0,8.099999,0.0,0.0,0.0
2025-03-21 05:00:00+01:00,3.65,83.41298,1.1,0.0,1006.83496,0.0,6.2379804,0.0,0.0,0.0
2025-03-21 06:00:00+01:00,3.45,83.08864,0.85,0.0,1006.72675,0.0,7.282774,0.0,0.0,0.0
2025-03-21 07:00:00+01:00,3.15,84.86694,0.85,0.0,1006.5157,14.0,9.037721,3.0,6.0,9.0
2025-03-21 08:00:00+01:00,4.8,80.05151,1.65,0.0,1006.69025,5.0,8.893166,71.0,42.0,113.0
2025-03-21 09:00:00+01:00,7.85,71.92944,3.1,0.0,1006.7293,17.0,7.4520864,205.0,66.0,271.0
2025-03-21 10:00:00+01:00,10.85,63.077236,4.1,0.0,1006.3686,7.0,7.282774,342.0,79.0,421.0
2025-03-21 11:00:00+01:00,13.85,56.71417,5.4,0.0,1005.7082,18.0,6.384293,456.0,86.0,542.0
2025-03-21 12:00:00+01:00,16.6,52.895382,6.95,0.0,1004.73834,98.0,6.854195,529.0,91.0,620.0
2025-03-21 13:00:00+01:00,18.95,46.406948,7.2,0.0,1003.8481,26.0,9.0645685,538.0,103.0,641.0
2025-03-21 14:00:00+01:00,20.65,34.050198,4.25,0.0,1002.73236,100.0,12.295462,514.0,105.0,619.0
2025-03-21 15:00:00+01:00,20.45,36.58004,5.1,0.0,1001.9337,100.0,14.347028,430.0,109.0,539.0
2025-03-21 16:00:00+01:00,19.85,42.11199,6.6,0.0,1001.2175,59.0,13.776763,327.0,96.0,423.0
2025-03-21 17:00:00+01:00,18.9,47.67843,7.55,0.0,1000.68445,23.0,12.145665,209.0,72.0,281.0
2025-03-21 18:00:00+01:00,16.85,54.428226,7.6,0.0,1000.5006,76.0,12.304682,79.0,47.0,126.0
2025-03-21 19:00:00+01:00,14.3,61.720825,7.05,0.0,1000.2943,99.0,11.132385,5.0,9.0,14.0
2025-03-21 20:00:00+01:00,13.0,63.35307,6.2,0.0,1000.0412,100.0,10.948973,0.0,0.0,0.0
2025-03-21 21:00:00+01:00,11.9,65.10302,5.55,0.0,999.599,99.0,9.913082,0.0,0.0,0.0
2025-03-21 22:00:00+01:00,11.0,67.43755,5.2,0.0,999.1647,100.0,9.044888,0.0,0.0,0.0
2025-03-21 23:00:00+01:00,10.3,69.19397,4.9,0.0,998.5416,100.0,9.686609,0.0,0.0,0.0
2025-03-22 00:00:00+01:00,9.65,71.0206,4.65,0.0,998.118,100.0,10.739832,0.0,0.0,0.0
2025-03-22 01:00:00+01:00,9.05,72.15705,4.3,0.0,997.4004,100.0,12.007498,0.0,0.0,0.0
2025-03-22 02:00:00+01:00,10.5,65.24597,4.25,0.0,996.2788,100.0,11.964246,0.0,0.0,0.0
2025-03-22 03:00:00+01:00,9.8,67.65529,4.1,0.0,995.7542,100.0,10.993271,0.0,0.0,0.0
2025-03-22 04:00:00+01:00,9.5,67.35452,3.75,0.0,995.24725,100.0,10.944532,0.0,0.0,0.0
2025-03-22 05:00:00+01:00,9.05,67.73462,3.4,0.0,995.03,100.0,10.070353,0.0,0.0,0.0
2025-03-22 06:00:00+01:00,8.5,68.82494,3.1,0.0,994.9073,99.0,8.65873,0.0,0.0,0.0
2025-03-22 07:00:00+01:00,7.75,72.42081,3.1,0.0,995.26917,100.0,6.603817,1.0,8.0,9.0
2025-03-22 08:00:00+01:00,8.85,69.62921,3.6,0.0,995.5151,100.0,7.0843205,7.0,66.0,73.0
2025-03-22 09:00:00+01:00,9.8,67.89291,4.15,0.0,995.85297,100.0,6.452441,3.0,97.0,100.0
2025-03-22 10:00:00+01:00,10.5,59.53838,2.95,0.0,995.9825,100.0,5.5829024,4.0,148.0,152.0
2025-03-22 11:00:00+01:00,11.3,60.581085,3.95,0.0,995.81964,100.0,5.6060677,25.0,213.0,238.0
2025-03-22 12:00:00+01:00,12.5,61.295067,5.25,0.0,995.1798,19.0,4.5536795,110.0,263.0,373.0
2025-03-22 13:00:00+01:00,14.15,59.193344,6.3,0.0,994.45984,47.0,5.414979,402.0,159.0,561.0
2025-03-22 14:00:00+01:00,16.9,50.665833,6.6,0.0,993.6858,16.0,8.507737,523.0,100.0,623.0
2025-03-22 15:00:00+01:00,17.5,49.62369,6.85,0.0,993.01886,8.0,7.562142,415.0,107.0,522.0
2025-03-22 16:00:00+01:00,17.7,49.170135,6.9,0.0,992.4345,15.0,6.452441,330.0,89.0,419.0
2025-03-22 17:00:00+01:00,17.1,51.77364,7.1,0.0,991.8169,43.0,7.570707,160.0,91.0,251.0
2025-03-22 18:00:00+01:00,15.25,59.869213,7.5,0.0,991.7399,53.0,8.996398,73.0,50.0,123.0
2025-03-22 19:00:00+01:00,12.8,68.750374,7.2,0.0,991.83405,66.0,6.6624317,5.0,10.0,15.0
2025-03-22 20:00:00+01:00,11.8,72.42061,7.0,0.0,991.6927,12.0,7.6579366,0.0,0.0,0.0
2025-03-22 21:00:00+01:00,10.4,77.58151,6.65,0.0,991.4347,98.0,6.638072,0.0,0.0,0.0
2025-03-22 22:00:00+01:00,9.5,80.71516,6.35,0.0,991.1979,100.0,6.489992,0.0,0.0,0.0
2025-03-22 23:00:00+01:00,9.05,80.93217,5.95,0.0,990.78326,42.0,6.9270773,0.0,0.0,0.0
2025-03-23 00:00:00+01:00,8.6,81.7156,5.65,0.0,990.56616,81.0,8.958504,0.0,0.0,0.0
2025-03-23 01:00:00+01:00,7.95,82.48602,5.15,0.0,990.43884,100.0,8.587338,0.0,0.0,0.0
2025-03-23 02:00:00+01:00,9.95,75.398834,5.8,0.1,989.5385,93.0,6.5248446,0.0,0.0,0.0
2025-03-23 03:00:00+01:00,9.05,82.05742,6.15,0.0,990.2895,100.0,5.5216303,0.0,0.0,0.0
2025-03-23 04:00:00+01:00,8.7,82.86694,5.95,0.0,989.5829,100.0,12.081473,0.0,0.0,0.0
2025-03-23 05:00:00+01:00,8.75,81.73537,5.8,0.3,989.68384,100.0,17.566378,0.0,0.0,0.0
2025-03-23 06:00:00+01:00,8.3,82.81706,5.55,0.0,989.9606,100.0,7.2403865,0.0,0.0,0.0
2025-03-23 07:00:00+01:00,7.85,85.68416,5.6,0.0,990.43445,100.0,10.990322,0.0,7.0,7.0
2025-03-23 08:00:00+01:00,8.55,85.169,6.2,0.1,990.8602,100.0,6.9247384,13.0,64.0,77.0
2025-03-23 09:00:00+01:00,10.1,81.63209,7.1,0.2,991.8167,100.0,3.0652895,58.0,138.0,196.0
2025-03-23 10:00:00+01:00,11.25,76.39814,7.25,0.1,992.0641,97.0,0.40249225,121.0,154.0,275.0
2025-03-23 11:00:00+01:00,12.6,67.079285,6.65,0.0,992.71466,99.0,5.3426957,214.0,219.0,433.0
2025-03-23 12:00:00+01:00,13.6,63.4901,6.8,0.0,992.8559,100.0,6.623413,305.0,228.0,533.0
2025-03-23 13:00:00+01:00,13.15,69.29243,7.65,0.2,993.03436,99.0,8.373386,217.0,186.0,403.0
2025-03-23 14:00:00+01:00,15.8,60.001755,8.05,0.0,993.0472,99.0,6.482499,348.0,199.0,547.0
2025-03-23 15:00:00+01:00,15.9,58.61438,7.8,0.0,993.15,97.0,5.0911684,197.0,210.0,407.0
2025-03-23 16:00:00+01:00,15.0,62.946373,8.0,0.0,993.31,95.0,9.906544,132.0,148.0,280.0
2025-03-23 17:00:00+01:00,13.5,74.47166,9.05,0.0,994.0368,95.0,9.227524,54.0,94.0,148.0
2025-03-23 18:00:00+01:00,12.8,85.337776,10.4,0.0,994.40234,75.0,1.2727921,13.0,59.0,72.0
2025-03-23 19:00:00+01:00,11.25,90.48771,9.75,0.1,995.32355,100.0,6.8612823,1.0,10.0,11.0
2025-03-23 20:00:00+01:00,9.9,95.08829,9.15,0.0,995.4623,100.0,2.7059932,0.0,0.0,0.0
2025-03-23 21:00:00+01:00,9.05,98.32733,8.8,0.0,995.91895,100.0,0.35999998,0.0,0.0,0.0
2025-03-23 22:00:00+01:00,8.25,99.32368,8.15,0.0,996.2789,95.0,1.8089776,0.0,0.0,0.0
2025-03-23 23:00:00+01:00,7.75,98.31009,7.5,0.1,996.7505,74.0,0.40249225,0.0,0.0,0.0
2025-03-24 00:00:00+01:00,7.2,98.978546,7.05,0.0,997.12115,21.0,1.9134263,0.0,0.0,0.0
2025-03-24 01:00:00+01:00,7.05,98.6385,6.85,0.0,997.11456,25.0,1.4512063,0.0,0.0,0.0
2025-03-24 02:00:00+01:00,9.15,93.46153,8.15,0.0,997.6022,97.0,0.9,0.0,0.0,0.0
2025-03-24 03:00:00+01:00,8.45,96.992935,8.0,0.0,997.67035,90.0,4.293669,0.0,0.0,0.0
2025-03-24 04:00:00+01:00,8.1,96.32559,7.55,0.1,997.55615,83.0,2.16,0.0,0.0,0.0
2025-03-24 05:00:00+01:00,7.7,96.97518,7.25,0.2,997.8346,100.0,1.1384199,0.0,0.0,0.0
2025-03-24 06:00:00+01:00,7.15,97.63002,6.8,0.3,998.30396,97.0,3.5455887,0.0,0.0,0.0
2025-03-24 07:00:00+01:00,7.3,95.64336,6.65,0.9,999.1006,83.0,1.9469976,0.0,6.0,6.0
2025-03-24 08:00:00+01:00,8.45,93.10782,7.4,0.5,999.54675,66.0,3.9477081,21.0,48.0,69.0
2025-03-24 09:00:00+01:00,10.75,91.062485,9.35,0.0,1000.33923,28.0,2.8856194,155.0,88.0,243.0
2025-03-24 10:00:00+01:00,12.8,80.07983,9.45,0.0,1000.7241,1.0,1.8,304.0,104.0,408.0
2025-03-24 11:00:00+01:00,14.8,67.99869,8.95,0.1,1000.8096,33.0,3.148714,441.0,102.0,543.0
2025-03-24 12:00:00+01:00,15.75,61.640446,8.4,0.2,1000.84955,41.0,4.846648,404.0,127.0,531.0
2025-03-24 13:00:00+01:00,16.55,57.982334,8.25,0.0,1000.78436,32.0,3.7971041,425.0,134.0,559.0
2025-03-24 14:00:00+01:00,17.35,50.787384,7.05,0.0,1000.71893,34.0,7.0199995,438.0,122.0,560.0
2025-03-24 15:00:00+01:00,17.4,47.59026,6.15,0.0,1000.9186,47.0,8.528657,340.0,136.0,476.0
2025-03-24 16:00:00+01:00,16.9,48.44637,5.95,0.0,1001.1943,100.0,8.936778,232.0,106.0,338.0
2025-03-24 17:00:00+01:00,14.85,62.91199,7.85,0.0,1001.89813,95.0,11.832176,62.0,107.0,169.0
2025-03-24 18:00:00+01:00,13.15,76.70509,9.15,0.0,1002.41846,67.0,7.2,34.0,53.0,87.0
2025-03-24 19:00:00+01:00,11.9,80.76851,8.7,0.0,1002.95734,39.0,6.6087217,4.0,11.0,15.0
2025-03-24 20:00:00+01:00,10.95,82.86189,8.15,0.0,1003.6071,59.0,6.279395,0.0,0.0,0.0
2025-03-24 21:00:00+01:00,9.7,86.46638,7.55,0.0,1003.84863,35.0,3.9763298,0.0,0.0,0.0
2025-03-24 22:00:00+01:00,9.15,87.90264,7.25,0.0,1004.4169,8.0,3.1845248,0.0,0.0,0.0
2025-03-24 23:00:00+01:00,8.25,90.89169,6.85,0.0,1004.96967,15.0,2.6758924,0.0,0.0,0.0
2025-03-25 00:00:00+01:00,7.5,93.057205,6.45,0.0,1005.0351,20.0,1.9469976,0.0,0.0,0.0
2025-03-25 01:00:00+01:00,6.75,95.95502,6.15,0.0,1005.2975,19.0,1.26,0.0,0.0,0.0
2025-03-25 02:00:00+01:00,8.35,89.96828,6.8,0.0,1005.27045,10.0,5.0432134,0.0,0.0,0.0
2025-03-25 03:00:00+01:00,7.9,91.18041,6.55,0.0,1005.25024,3.0,3.693291,0.0,0.0,0.0
2025-03-25 04:00:00+01:00,7.2,94.65796,6.4,0.0,1005.219,23.0,1.2074767,0.0,0.0,0.0
2025-03-25 05:00:00+01:00,6.15,98.969955,6.0,0.0,1005.5666,1.0,0.25455844,0.0,0.0,0.0
2025-03-25 06:00:00+01:00,5.7,100.0,5.7,0.0,1006.0401,99.0,0.9,0.0,0.0,0.0
2025-03-25 07:00:00+01:00,6.15,99.6556,6.1,0.0,1006.75165,100.0,0.40249225,4.0,10.0,14.0
2025-03-25 08:00:00+01:00,8.05,95.99599,7.45,0.0,1007.23236,77.0,1.0948973,45.0,62.0,107.0
2025-03-25 09:00:00+01:00,9.45,88.23001,7.6,0.0,1007.5906,99.0,3.462369,86.0,124.0,210.0
2025-03-25 10:00:00+01:00,10.75,80.33643,7.5,0.0,1007.84576,100.0,2.3051248,153.0,169.0,322.0
2025-03-25 11:00:00+01:00,12.3,71.041794,7.2,0.0,1007.81433,85.0,3.0811036,216.0,215.0,431.0
2025-03-25 12:00:00+01:00,13.8,62.455536,6.75,0.0,1007.3854,19.0,4.1556225,345.0,207.0,552.0
2025-03-25 13:00:00+01:00,14.6,61.160767,7.2,0.0,1007.02466,58.0,5.4119864,434.0,175.0,609.0
2025-03-25 14:00:00+01:00,15.35,56.5095,6.75,0.0,1006.2662,7.0,6.77575,503.0,120.0,623.0
2025-03-25 15:00:00+01:00,15.55,50.825714,5.4,0.0,1005.97815,14.0,8.854829,438.0,114.0,552.0
2025-03-25 16:00:00+01:00,15.0,48.765827,4.3,0.0,1005.856,100.0,10.158444,287.0,127.0,414.0
2025-03-25 17:00:00+01:00,13.95,52.18815,4.3,0.0,1005.9103,57.0,9.504272,169.0,107.0,276.0
2025-03-25 18:00:00+01:00,12.3,62.10517,5.25,0.0,1006.13513,68.0,7.5105524,73.0,59.0,132.0
2025-03-25 19:00:00+01:00,10.1,72.35411,5.35,0.0,1006.5329,39.0,6.015878,6.0,14.0,20.0
2025-03-25 20:00:00+01:00,9.15,75.00092,4.95,0.0,1007.3797,49.0,8.209263,0.0,0.0,0.0
2025-03-25 21:00:00+01:00,7.5,82.42861,4.7,0.0,1007.7015,97.0,5.072041,0.0,0.0,0.0
2025-03-25 22:00:00+01:00,7.3,81.257996,4.3,0.0,1007.8897,97.0,3.189608,0.0,0.0,0.0
2025-03-25 23:00:00+01:00,7.25,80.683846,4.15,0.0,1008.0851,100.0,1.0948973,0.0,0.0,0.0
2025-03-26 00:00:00+01:00,7.0,83.23431,4.35,0.0,1008.0739,100.0,0.742159,0.0,0.0,0.0
2025-03-26 01:00:00+01:00,6.75,84.673744,4.35,0.1,1008.0625,99.0,0.6489992,0.0,0.0,0.0
2025-03-26 02:00:00+01:00,7.65,84.18801,5.15,0.0,1007.31305,100.0,1.659518,0.0,0.0,0.0
2025-03-26 03:00:00+01:00,7.6,87.155846,5.6,0.0,1007.2121,100.0,2.5582807,0.0,0.0,0.0
2025-03-26 04:00:00+01:00,7.8,86.274574,5.65,0.0,1007.221,100.0,1.8,0.0,0.0,0.0
2025-03-26 05:00:00+01:00,8.0,88.40598,6.2,1.9,1007.526,100.0,2.7416782,0.0,0.0,0.0
2025-03-26 06:00:00+01:00,8.05,87.80278,6.15,1.3,1007.72614,100.0,1.609969,0.0,0.0,0.0
2025-03-26 07:00:00+01:00,7.8,94.03607,6.9,0.3,1008.10974,100.0,3.8141315,0.0,2.0,2.0
2025-03-26 08:00:00+01:00,8.5,90.598274,7.05,0.1,1008.3386,100.0,6.689125,0.0,17.0,17.0
2025-03-26 09:00:00+01:00,8.95,90.63029,7.5,0.1,1008.65485,100.0,7.040739,0.0,41.0,41.0
2025-03-26 10:00:00+01:00,9.8,84.43498,7.3,0.0,1008.9888,100.0,10.730778,11.0,118.0,129.0
2025-03-26 11:00:00+01:00,10.25,77.558014,6.5,0.0,1009.30505,100.0,11.207801,13.0,174.0,187.0
2025-03-26 12:00:00+01:00,11.35,68.4532,5.75,0.1,1009.156,100.0,11.113451,86.0,260.0,346.0
2025-03-26 13:00:00+01:00,11.4,64.991776,5.05,0.0,1009.05945,100.0,11.448055,54.0,263.0,317.0
2025-03-26 14:00:00+01:00,10.4,64.08942,3.9,0.0,1009.60803,100.0,11.616627,45.0,246.0,291.0
2025-03-26 15:00:00+01:00,11.05,59.884686,3.55,0.0,1009.3403,61.0,12.534257,96.0,244.0,340.0
2025-03-26 16:00:00+01:00,11.5,56.50859,3.15,0.0,1009.0636,51.0,12.601285,139.0,182.0,321.0
2025-03-26 17:00:00+01:00,11.5,55.91233,3.0,0.0,1008.96484,29.0,11.032987,126.0,109.0,235.0
2025-03-26 18:00:00+01:00,10.6,63.463406,3.95,0.0,1009.1231,12.0,7.382195,82.0,57.0,139.0
2025-03-26 19:00:00+01:00,8.9,71.12369,3.95,0.0,1009.4427,4.0,8.37532,9.0,13.0,22.0
2025-03-26 20:00:00+01:00,8.3,72.26915,3.6,0.0,1010.10736,4.0,11.465024,0.0,0.0,0.0
2025-03-26 21:00:00+01:00,7.5,75.508736,3.45,0.0,1010.17035,0.0,10.966713,0.0,0.0,0.0
2025-03-26 22:00:00+01:00,6.7,78.364685,3.2,0.0,1010.4305,0.0,10.765445,0.0,0.0,0.0
2025-03-26 23:00:00+01:00,6.15,81.38823,3.2,0.0,1010.80035,0.0,10.897063,0.0,0.0,0.0
2025-03-27 00:00:00+01:00,5.6,84.5426,3.2,0.0,1010.7752,0.0,11.276967,0.0,0.0,0.0
2025-03-27 01:00:00+01:00,4.95,88.13578,3.15,0.0,1010.74536,0.0,10.404249,0.0,0.0,0.0
2025-03-27 02:00:00+01:00,5.7,83.95907,3.2,0.0,1010.5825,0.0,10.304115,0.0,0.0,0.0
2025-03-27 03:00:00+01:00,5.15,86.3051,3.05,0.0,1010.3597,1.0,10.261579,0.0,0.0,0.0
2025-03-27 04:00:00+01:00,4.65,88.10869,2.85,0.0,1010.2381,0.0,9.511088,0.0,0.0,0.0
2025-03-27 05:00:00+01:00,4.15,89.96058,2.65,0.0,1010.31366,0.0,10.630672,0.0,0.0,0.0
2025-03-27 06:00:00+01:00,3.75,91.21822,2.45,0.0,1010.2952,0.0,10.495713,0.0,0.0,0.0
2025-03-27 07:00:00+01:00,3.85,90.57917,2.45,0.0,1010.3987,0.0,10.315115,9.0,13.0,22.0
2025-03-27 08:00:00+01:00,5.5,84.53111,3.1,0.0,1010.57336,1.0,8.78872,94.0,53.0,147.0
2025-03-27 09:00:00+01:00,7.4,77.104706,3.65,0.0,1010.5606,0.0,7.5363917,235.0,75.0,310.0
2025-03-27 10:00:00+01:00,9.1,70.91345,4.1,0.0,1010.4392,0.0,6.502461,375.0,88.0,463.0
2025-03-27 11:00:00+01:00,10.6,65.26822,4.35,0.0,1010.01196,1.0,5.315336,493.0,93.0,586.0
2025-03-27 12:00:00+01:00,11.65,60.031563,4.15,0.0,1009.4654,31.0,5.5216303,479.0,133.0,612.0
2025-03-27 13:00:00+01:00,12.4,57.54091,4.25,0.0,1008.8065,2.0,4.080882,481.0,154.0,635.0
2025-03-27 14:00:00+01:00,13.35,52.393448,3.8,0.0,1008.0575,0.0,6.269067,549.0,108.0,657.0
2025-03-27 15:00:00+01:00,13.7,52.303894,4.1,0.0,1007.3812,0.0,6.792466,484.0,98.0,582.0
2025-03-27 16:00:00+01:00,13.75,53.241413,4.4,0.0,1006.6916,0.0,7.0934615,370.0,92.0,462.0
2025-03-27 17:00:00+01:00,13.45,55.828667,4.8,0.0,1006.2838,0.0,6.299999,236.0,76.0,312.0
2025-03-27 18:00:00+01:00,12.35,66.10892,6.2,0.0,1006.03864,0.0,4.0449963,101.0,52.0,153.0
2025-03-27 19:00:00+01:00,10.15,72.36345,5.4,0.0,1005.8438,1.0,4.1046314,11.0,14.0,25.0
2025-03-27 20:00:00+01:00,9.15,75.262535,5.0,0.0,1005.79956,2.0,1.9134263,0.0,0.0,0.0
2025-03-27 21:00:00+01:00,7.7,81.0288,4.65,0.0,1005.83386,0.0,2.5772078,0.0,0.0,0.0
2025-03-27 22:00:00+01:00,6.85,83.80082,4.3,0.0,1005.8945,0.0,2.5071096,0.0,0.0,0.0
2025-03-27 23:00:00+01:00,6.05,85.191414,3.75,0.0,1005.6609,0.0,3.4763772,0.0,0.0,0.0
2025-03-28 00:00:00+01:00,5.75,83.37391,3.15,0.0,1005.1537,0.0,5.154415,0.0,0.0,0.0
2025-03-28 01:00:00+01:00,4.9,85.974075,2.75,0.0,1004.71985,0.0,4.978554,0.0,0.0,0.0
2025-03-28 02:00:00+01:00,3.15,92.15873,2.0,0.0,1004.2447,0.0,4.5820518,0.0,0.0,0.0
2025-03-28 03:00:00+01:00,3.05,92.1526,1.9,0.0,1003.8451,0.0,4.2481523,0.0,0.0,0.0
2025-03-28 04:00:00+01:00,2.45,93.781166,1.55,0.0,1003.5211,0.0,3.381893,0.0,0.0,0.0
2025-03-28 05:00:00+01:00,2.25,94.445984,1.45,0.0,1003.1167,0.0,6.1226463,0.0,0.0,0.0
2025-03-28 06:00:00+01:00,2.05,94.43716,1.25,0.0,1002.7127,0.0,6.623413,0.0,0.0,0.0
2025-03-28 07:00:00+01:00,2.25,95.124954,1.55,0.0,1002.52435,0.0,7.7420926,11.0,14.0,25.0
2025-03-28 08:00:00+01:00,4.4,88.71337,2.7,0.0,1002.52484,0.0,5.257109,103.0,51.0,154.0
2025-03-28 09:00:00+01:00,7.35,77.9148,3.75,0.0,1002.85547,0.0,3.9477081,245.0,73.0,318.0
2025-03-28 10:00:00+01:00,10.05,67.708115,4.35,0.0,1002.3826,0.0,3.3043609,385.0,85.0,470.0
2025-03-28 11:00:00+01:00,12.2,61.651268,5.05,0.0,1001.6861,0.0,1.6981165,499.0,92.0,591.0
2025-03-28 12:00:00+01:00,13.65,57.058296,5.3,0.0,1000.56305,0.0,0.56920993,572.0,96.0,668.0
2025-03-28 13:00:00+01:00,14.4,54.16222,5.25,0.0,999.70575,1.0,1.2074767,599.0,97.0,696.0
2025-03-28 14:00:00+01:00,15.3,49.882114,4.9,0.0,998.65735,0.0,2.7475805,577.0,95.0,672.0
2025-03-28 15:00:00+01:00,15.55,48.91809,4.85,0.0,997.8773,0.0,2.4216523,505.0,91.0,596.0
2025-03-28 16:00:00+01:00,15.45,47.876606,4.45,0.0,997.18176,0.0,3.9518096,393.0,83.0,476.0
2025-03-28 17:00:00+01:00,15.0,47.08475,3.8,0.0,996.66876,0.0,3.7842832,255.0,70.0,325.0
2025-03-28 18:00:00+01:00,13.5,63.685585,6.75,0.0,996.7039,97.0,3.143565,110.0,51.0,161.0
2025-03-28 19:00:00+01:00,11.35,63.414093,4.65,0.0,996.7107,99.0,6.206738,11.0,16.0,27.0
2025-03-28 20:00:00+01:00,9.6,70.76326,4.55,0.0,997.02936,88.0,4.7928696,0.0,0.0,0.0
2025-03-28 21:00:00+01:00,9.0,70.89391,4.0,0.0,996.90436,12.0,3.3092597,0.0,0.0,0.0
2025-03-28 22:00:00+01:00,7.85,75.56838,3.8,0.0,996.7548,99.0,3.7799997,0.0,0.0,0.0
2025-03-28 23:00:00+01:00,6.85,82.92475,4.15,0.0,996.61176,54.0,4.0249224,0.0,0.0,0.0
2025-03-29 00:00:00+01:00,7.45,79.868225,4.2,0.0,997.0336,100.0,6.310277,0.0,0.0,0.0
2025-03-29 01:00:00+01:00,8.6,76.226105,4.65,0.0,997.0843,100.0,6.489992,0.0,0.0,0.0
2025-03-29 02:00:00+01:00,9.65,73.794685,5.2,0.0,996.93286,100.0,10.446206,0.0,0.0,0.0
2025-03-29 03:00:00+01:00,8.75,78.1323,5.15,0.0,997.3872,100.0,11.183201,0.0,0.0,0.0
2025-03-29 04:00:00+01:00,8.25,78.32789,4.7,0.0,997.76025,100.0,11.212135,0.0,0.0,0.0
2025-03-29 05:00:00+01:00,8.15,77.225266,4.4,0.0,998.54596,100.0,12.324414,0.0,0.0,0.0
2025-03-29 06:00:00+01:00,8.15,77.225266,4.4,0.0,999.6323,100.0,13.350371,0.0,0.0,0.0
2025-03-29 07:00:00+01:00,8.05,79.95452,4.8,0.2,1000.6156,100.0,14.787414,2.0,16.0,18.0
2025-03-29 08:00:00+01:00,8.85,80.90481,5.75,0.2,1001.737,100.0,14.589996,5.0,75.0,80.0
2025-03-29 09:00:00+01:00,9.6,77.188354,5.8,0.2,1002.95526,100.0,19.201874,20.0,140.0,160.0
2025-03-29 10:00:00+01:00,10.5,71.68025,5.6,0.0,1003.19257,100.0,19.70815,21.0,199.0,220.0
2025-03-29 11:00:00+01:00,11.8,65.30689,5.5,0.0,1003.94073,100.0,17.90344,183.0,243.0,426.0
2025-03-29 12:00:00+01:00,12.4,60.424282,4.95,0.0,1004.2628,100.0,16.87398,137.0,253.0,390.0
2025-03-29 13:00:00+01:00,12.65,59.856937,5.05,0.0,1004.4711,87.0,15.804164,81.0,263.0,344.0
2025-03-29 14:00:00+01:00,12.2,58.09812,4.2,0.0,1005.24207,59.0,14.241629,51.0,223.0,274.0
2025-03-29 15:00:00+01:00,13.05,53.05454,3.7,0.0,1005.27875,76.0,13.698934,113.0,233.0,346.0
2025-03-29 16:00:00+01:00,13.5,49.91191,3.25,0.0,1005.2979,21.0,11.755254,160.0,172.0,332.0
2025-03-29 17:00:00+01:00,13.45,47.147537,2.4,0.0,1005.3948,16.0,10.308831,192.0,92.0,284.0
2025-03-29 18:00:00+01:00,12.2,55.114693,3.45,0.0,1005.83466,15.0,7.7420926,89.0,60.0,149.0
2025-03-29 19:00:00+01:00,9.6,63.455986,3.0,0.0,1006.3133,0.0,6.542201,13.0,16.0,29.0
2025-03-29 20:00:00+01:00,8.05,68.48826,2.6,0.0,1007.03485,0.0,5.896202,0.0,0.0,0.0
2025-03-29 21:00:00+01:00,6.85,71.99389,2.15,0.0,1007.67206,0.0,5.414979,0.0,0.0,0.0
2025-03-29 22:00:00+01:00,6.15,72.117516,1.5,0.0,1007.6404,0.0,2.8116899,0.0,0.0,0.0
2025-03-29 23:00:00+01:00,4.95,78.09262,1.45,0.0,1007.38806,0.0,4.802999,0.0,0.0,0.0
2025-03-30 00:00:00+01:00,3.7,84.62532,1.35,0.0,1007.4295,0.0,4.5536795,0.0,0.0,0.0
2025-03-30 01:00:00+01:00,3.0,86.70295,1.0,0.0,1007.49603,1.0,1.9134263,0.0,0.0,0.0
2025-03-30 03:00:00+02:00,2.95,82.72598,0.3,0.0,1007.0986,9.0,1.8,0.0,0.0,0.0
2025-03-30 04:00:00+02:00,2.25,85.38108,0.05,0.0,1006.9673,41.0,0.76367533,0.0,0.0,0.0
2025-03-30 05:00:00+02:00,1.75,87.84225,-0.05,0.0,1006.7467,99.0,4.599695,0.0,0.0,0.0
2025-03-30 06:00:00+02:00,2.75,85.12829,0.5,0.0,1005.70715,90.0,9.432412,0.0,0.0,0.0
2025-03-30 07:00:00+02:00,2.55,86.3451,0.5,0.0,1005.59924,100.0,10.718693,0.0,0.0,0.0
2025-03-30 08:00:00+02:00,3.45,82.49218,0.75,0.0,1005.54193,98.0,12.992459,5.0,21.0,26.0
2025-03-30 09:00:00+02:00,5.2,77.852844,1.65,0.0,1005.0299,91.0,12.4811535,27.0,93.0,120.0
2025-03-30 10:00:00+02:00,7.7,66.49115,1.85,0.0,1004.2538,100.0,15.971386,157.0,128.0,285.0
2025-03-30 11:00:00+02:00,8.65,61.89509,1.75,0.0,1003.90106,100.0,16.502182,0.0,172.0,172.0
2025-03-30 12:00:00+02:00,9.25,62.259304,2.4,0.1,1003.73,100.0,17.352036,12.0,150.0,162.0
2025-03-30 13:00:00+02:00,9.55,67.602356,3.85,0.1,1003.54565,99.0,15.444377,17.0,117.0,134.0
2025-03-30 14:00:00+02:00,11.15,64.25985,4.65,0.0,1003.3197,80.0,21.281145,93.0,253.0,346.0
2025-03-30 15:00:00+02:00,11.3,63.402576,4.6,0.0,1004.11646,100.0,18.998314,20.0,222.0,242.0
2025-03-30 16:00:00+02:00,12.15,60.363747,4.7,0.4,1003.1656,62.0,18.228943,51.0,201.0,252.0
2025-03-30 17:00:00+02:00,12.7,56.816483,4.35,0.0,1002.8929,41.0,21.288757,180.0,149.0,329.0
2025-03-30 18:00:00+02:00,13.0,57.291496,4.75,0.1,1002.7082,24.0,16.557064,160.0,95.0,255.0
2025-03-30 19:00:00+02:00,12.15,55.49145,3.5,0.0,1003.36316,27.0,19.400795,88.0,57.0,145.0
2025-03-30 20:00:00+02:00,10.4,63.19458,3.7,0.0,1004.27454,24.0,16.516901,11.0,17.0,28.0
2025-03-30 21:00:00+02:00,9.65,67.62355,3.95,0.0,1005.1303,15.0,16.048288,0.0,0.0,0.0
2025-03-30 22:00:00+02:00,8.85,71.36413,3.95,0.0,1005.39124,18.0,13.6063795,0.0,0.0,0.0
2025-03-30 23:00:00+02:00,8.3,73.55135,3.85,0.0,1005.8607,42.0,10.805998,0.0,0.0,0.0
2025-03-31 00:00:00+02:00,7.7,75.54284,3.65,0.0,1006.32764,27.0,9.676569,0.0,0.0,0.0
2025-03-31 01:00:00+02:00,7.1,77.05625,3.35,0.0,1006.4984,60.0,9.0,0.0,0.0,0.0
2025-03-31 02:00:00+02:00,7.55,74.45947,3.3,0.0,1006.51855,43.0,9.5416975,0.0,0.0,0.0
2025-03-31 03:00:00+02:00,7.8,69.16971,2.5,0.0,1006.9247,35.0,10.597094,0.0,0.0,0.0
2025-03-31 04:00:00+02:00,7.55,71.364334,2.7,0.0,1006.9135,31.0,9.914717,0.0,0.0,0.0
2025-03-31 05:00:00+02:00,7.4,73.38738,2.95,0.0,1007.4004,40.0,10.486448,0.0,0.0,0.0
2025-03-31 06:00:00+02:00,7.05,75.165276,2.95,0.0,1008.175,39.0,12.24,0.0,0.0,0.0
2025-03-31 07:00:00+02:00,6.35,76.93445,2.6,0.0,1008.53827,95.0,9.703319,0.0,0.0,0.0
2025-03-31 08:00:00+02:00,6.65,75.89971,2.7,0.0,1009.1444,41.0,10.571074,3.0,18.0,21.0
2025-03-31 09:00:00+02:00,7.5,70.84986,2.55,0.0,1010.17035,50.0,12.503199,51.0,76.0,127.0
2025-03-31 10:00:00+02:00,8.65,63.23515,2.05,0.0,1010.7156,91.0,17.9973,175.0,116.0,291.0
2025-03-31 11:00:00+02:00,9.2,59.003777,1.6,0.0,1011.23376,93.0,16.954432,124.0,169.0,293.0
2025-03-31 12:00:00+02:00,10.15,54.183907,1.3,0.0,1011.4735,88.0,16.801823,175.0,225.0,400.0
2025-03-31 13:00:00+02:00,11.1,49.0673,0.8,0.0,1011.4167,74.0,16.383955,193.0,255.0,448.0
2025-03-31 14:00:00+02:00,11.6,46.286255,0.45,0.0,1011.4386,92.0,16.801823,165.0,257.0,422.0
2025-03-31 15:00:00+02:00,11.75,45.66483,0.4,0.0,1012.23553,91.0,14.260953,127.0,276.0,403.0
2025-03-31 16:00:00+02:00,11.7,44.99446,0.15,0.0,1012.332,99.0,15.299999,90.0,221.0,311.0
2025-03-31 17:00:00+02:00,11.6,45.128807,0.1,0.0,1012.5251,100.0,15.710607,94.0,170.0,264.0
2025-03-31 18:00:00+02:00,11.1,46.47866,0.05,0.0,1012.70074,100.0,13.854155,58.0,134.0,192.0
2025-03-31 19:00:00+02:00,10.4,54.056683,1.5,0.0,1012.9661,38.0,10.163227,37.0,74.0,111.0
2025-03-31 20:00:00+02:00,8.95,63.305073,2.35,0.0,1013.3954,20.0,7.247096,8.0,16.0,24.0
2025-03-31 21:00:00+02:00,7.8,70.15881,2.7,0.0,1013.9364,12.0,6.8399997,0.0,0.0,0.0
2025-03-31 22:00:00+02:00,6.95,74.0898,2.65,0.0,1014.0954,21.0,6.6818557,0.0,0.0,0.0
2025-03-31 23:00:00+02:00,6.65,75.363014,2.6,0.0,1014.37823,94.0,7.6367526,0.0,0.0,0.0
2025-04-01 00:00:00+02:00,6.3,76.110634,2.4,0.0,1014.4612,22.0,8.12197,0.0,0.0,0.0
2025-04-01 01:00:00+02:00,5.85,77.67837,2.25,0.0,1014.34155,19.0,8.643749,0.0,0.0,0.0
2025-04-01 02:00:00+02:00,5.0,81.81277,2.15,0.0,1014.20404,9.0,9.354806,0.0,0.0,0.0
2025-04-01 03:00:00+02:00,6.35,74.24611,2.1,0.0,1013.96954,58.0,11.063778,0.0,0.0,0.0
2025-04-01 04:00:00+02:00,5.4,78.72287,2.0,0.0,1013.82715,15.0,11.841756,0.0,0.0,0.0
2025-04-01 05:00:00+02:00,4.7,81.77275,1.85,0.0,1013.4988,9.0,11.897714,0.0,0.0,0.0
2025-04-01 06:00:00+02:00,4.2,83.48059,1.65,0.0,1013.4759,9.0,11.903159,0.0,0.0,0.0
2025-04-01 07:00:00+02:00,3.6,85.52919,1.4,0.0,1013.64526,0.0,12.10157,0.0,0.0,0.0
2025-04-01 08:00:00+02:00,3.75,84.93491,1.45,0.0,1013.75104,4.0,12.3165245,17.0,20.0,37.0
2025-04-01 09:00:00+02:00,5.45,77.892334,1.9,0.0,1014.2247,21.0,12.682018,112.0,60.0,172.0
2025-04-01 10:00:00+02:00,7.2,71.296295,2.35,0.0,1013.9093,25.0,14.438198,233.0,92.0,325.0
2025-04-01 11:00:00+02:00,8.55,63.211796,1.95,0.1,1013.8713,63.0,21.122215,359.0,120.0,479.0
2025-04-01 12:00:00+02:00,8.55,60.991436,1.45,0.0,1013.6738,72.0,21.575987,154.0,171.0,325.0
2025-04-01 13:00:00+02:00,9.3,59.452312,1.8,0.1,1013.3122,49.0,21.82755,212.0,177.0,389.0
2025-04-01 14:00:00+02:00,10.35,52.137363,0.95,0.0,1013.0627,100.0,19.875946,222.0,244.0,466.0
2025-04-01 15:00:00+02:00,11.9,46.539494,0.8,0.0,1012.6372,92.0,17.845436,249.0,256.0,505.0
2025-04-01 16:00:00+02:00,12.2,43.69439,0.2,0.0,1012.2552,100.0,18.172869,162.0,220.0,382.0
2025-04-01 17:00:00+02:00,12.1,46.932808,1.1,0.0,1011.9544,99.0,17.388409,77.0,186.0,263.0
2025-04-01 18:00:00+02:00,11.65,51.38035,1.95,0.0,1011.5396,58.0,16.323528,39.0,118.0,157.0
2025-04-01 19:00:00+02:00,10.9,54.57785,2.1,0.0,1011.5065,22.0,17.183167,42.0,75.0,117.0
2025-04-01 20:00:00+02:00,9.2,59.21527,1.65,0.0,1011.7276,2.0,16.563911,16.0,19.0,35.0
2025-04-01 21:00:00+02:00,8.25,61.137547,1.2,0.0,1012.0803,0.0,16.5776,0.0,0.0,0.0
2025-04-01 22:00:00+02:00,7.5,64.338295,1.2,0.0,1012.04675,32.0,16.548256,0.0,0.0,0.0
2025-04-01 23:00:00+02:00,6.95,68.013374,1.45,0.0,1012.12036,28.0,16.848999,0.0,0.0,0.0
2025-04-02 00:00:00+02:00,6.55,70.91529,1.65,0.0,1012.2009,6.0,15.443328,0.0,0.0,0.0
2025-04-02 01:00:00+02:00,5.85,74.42228,1.65,0.0,1012.1691,7.0,13.633737,0.0,0.0,0.0
2025-04-02 02:00:00+02:00,5.25,77.02948,1.55,0.0,1011.8456,13.0,13.433838,0.0,0.0,0.0
2025-04-02 03:00:00+02:00,6.2,71.1007,1.35,0.0,1011.19763,6.0,13.125196,0.0,0.0,0.0
2025-04-02 04:00:00+02:00,6.25,71.36582,1.45,0.0,1010.80475,10.0,13.239486,0.0,0.0,0.0
2025-04-02 05:00:00+02:00,6.35,71.89809,1.65,0.0,1010.51324,2.0,13.14,0.0,0.0,0.0
2025-04-02 06:00:00+02:00,6.4,72.94271,1.9,0.0,1010.4168,0.0,14.113652,0.0,0.0,0.0
2025-04-02 07:00:00+02:00,6.3,74.23716,2.05,0.0,1010.5111,0.0,13.104198,0.0,0.0,0.0
2025-04-02 08:00:00+02:00,6.8,74.06288,2.5,0.0,1010.6324,0.0,13.259049,19.0,20.0,39.0
2025-04-02 09:00:00+02:00,8.55,71.30613,3.65,0.0,1010.711,0.0,11.385622,121.0,57.0,178.0
2025-04-02 10:00:00+02:00,10.75,64.169075,4.25,0.0,1010.61127,0.0,13.619472,264.0,77.0,341.0
2025-04-02 11:00:00+02:00,12.7,59.04124,4.9,0.0,1010.3013,13.0,16.580532,403.0,89.0,492.0
2025-04-02 12:00:00+02:00,14.3,51.197243,4.35,0.0,1009.87646,48.0,19.694992,513.0,97.0,610.0
2025-04-02 13:00:00+02:00,15.45,44.16033,3.3,0.0,1009.3328,98.0,21.49851,584.0,102.0,686.0
2025-04-02 14:00:00+02:00,16.5,39.580154,2.7,0.0,1008.78436,96.0,25.925623,532.0,140.0,672.0
2025-04-02 15:00:00+02:00,16.45,43.67369,4.05,0.0,1008.2885,98.0,24.918789,281.0,224.0,505.0
2025-04-02 16:00:00+02:00,16.2,44.37451,4.05,0.0,1008.0803,100.0,23.042812,134.0,221.0,355.0
2025-04-02 17:00:00+02:00,16.3,45.187283,4.4,0.0,1007.4919,25.0,19.09358,93.0,183.0,276.0
2025-04-02 18:00:00+02:00,16.1,47.558342,4.95,0.0,1007.3846,33.0,16.584438,85.0,131.0,216.0
2025-04-02 19:00:00+02:00,15.2,51.44109,5.25,0.0,1007.64264,14.0,14.761098,86.0,66.0,152.0
2025-04-02 20:00:00+02:00,13.3,57.969093,5.2,0.0,1008.05524,18.0,13.6289835,16.0,19.0,35.0
2025-04-02 21:00:00+02:00,12.4,61.4846,5.2,0.0,1008.5102,14.0,15.342294,0.0,0.0,0.0
2025-04-02 22:00:00+02:00,11.3,65.880135,5.15,0.0,1009.2526,33.0,15.189484,0.0,0.0,0.0
2025-04-02 23:00:00+02:00,10.3,70.8998,5.25,0.0,1009.7024,28.0,14.512064,0.0,0.0,0.0
2025-04-03 00:00:00+02:00,9.65,73.794685,5.2,0.0,1010.1673,17.0,14.264361,0.0,0.0,0.0
2025-04-03 01:00:00+02:00,8.9,76.27576,4.95,0.0,1010.33154,14.0,12.906138,0.0,0.0,0.0
2025-04-03 02:00:00+02:00,8.35,77.25723,4.6,0.0,1010.5047,86.0,12.241323,0.0,0.0,0.0
2025-04-03 03:00:00+02:00,9.1,71.66294,4.25,0.0,1010.14294,51.0,11.091564,0.0,0.0,0.0
2025-04-03 04:00:00+02:00,8.7,72.85379,4.1,0.0,1010.12506,20.0,11.246759,0.0,0.0,0.0
2025-04-03 05:00:00+02:00,8.2,73.7922,3.8,0.0,1010.2018,3.0,11.414043,0.0,0.0,0.0
2025-04-03 06:00:00+02:00,7.65,75.00408,3.5,0.0,1010.572,11.0,11.808878,0.0,0.0,0.0
2025-04-03 07:00:00+02:00,7.15,76.25282,3.25,0.0,1010.84564,5.0,12.033103,0.0,0.0,0.0
2025-04-03 08:00:00+02:00,7.75,74.4948,3.5,0.0,1011.4652,2.0,12.081473,22.0,21.0,43.0
2025-04-03 09:00:00+02:00,9.9,72.316734,5.15,0.0,1011.9561,0.0,11.855429,129.0,56.0,185.0
2025-04-03 10:00:00+02:00,12.0,60.96264,4.7,0.0,1012.44385,0.0,10.739832,274.0,76.0,350.0
2025-04-03 11:00:00+02:00,13.75,57.28203,5.45,0.0,1012.32227,0.0,11.190442,414.0,88.0,502.0
2025-04-03 12:00:00+02:00,15.35,53.111736,5.85,0.0,1012.2923,0.0,12.011544,527.0,95.0,622.0
2025-04-03 13:00:00+02:00,16.8,47.58808,5.6,0.0,1012.0574,0.0,12.284916,599.0,99.0,698.0
2025-04-03 14:00:00+02:00,17.95,42.29996,4.95,0.0,1011.5132,0.0,13.151091,624.0,100.0,724.0
2025-04-03 15:00:00+02:00,19.2,34.720333,3.25,0.0,1010.5772,0.0,13.861168,605.0,96.0,701.0
2025-04-03 16:00:00+02:00,19.3,34.995213,3.45,0.0,1010.08734,0.0,13.330941,531.0,92.0,623.0
2025-04-03 17:00:00+02:00,19.1,36.831715,4.0,0.0,1009.68384,0.0,12.261158,417.0,85.0,502.0
2025-04-03 18:00:00+02:00,18.65,39.78352,4.7,0.0,1009.56635,0.0,9.016185,275.0,74.0,349.0
2025-04-03 19:00:00+02:00,17.0,55.213512,7.95,0.0,1009.79364,0.0,4.7110505,128.0,55.0,183.0
2025-04-03 20:00:00+02:00,14.15,64.05109,7.45,0.0,1009.969,0.0,5.318383,22.0,19.0,41.0
2025-04-03 21:00:00+02:00,12.55,70.60591,7.35,0.0,1010.2948,0.0,5.904439,0.0,0.0,0.0
2025-04-03 22:00:00+02:00,11.75,72.90919,7.05,0.0,1010.4575,0.0,7.256032,0.0,0.0,0.0
2025-04-03 23:00:00+02:00,10.75,73.99064,6.3,0.0,1010.61127,0.0,8.688613,0.0,0.0,0.0
2025-04-04 00:00:00+02:00,9.6,76.12692,5.6,0.0,1011.05396,0.0,11.638917,0.0,0.0,0.0
2025-04-04 01:00:00+02:00,8.9,78.69993,5.4,0.0,1011.12164,0.0,8.9873905,0.0,0.0,0.0
2025-04-04 02:00:00+02:00,8.4,81.12422,5.35,0.0,1010.90186,0.0,8.452336,0.0,0.0,0.0
2025-04-04 03:00:00+02:00,8.2,73.27503,3.7,0.0,1009.70795,0.0,6.269067,0.0,0.0,0.0
2025-04-04 04:00:00+02:00,7.65,75.53432,3.6,0.0,1009.4857,0.0,6.2067385,0.0,0.0,0.0
2025-04-04 05:00:00+02:00,7.05,78.14272,3.5,0.0,1009.36,0.0,6.1226463,0.0,0.0,0.0
2025-04-04 06:00:00+02:00,6.6,79.74504,3.35,0.0,1009.3394,0.0,6.689125,0.0,0.0,0.0
2025-04-04 07:00:00+02:00,6.15,81.67617,3.25,0.0,1009.5166,0.0,7.406295,0.0,0.0,0.0
2025-04-04 08:00:00+02:00,6.95,80.359085,3.8,0.0,1009.6515,0.0,9.292255,26.0,22.0,48.0
2025-04-04 09:00:00+02:00,9.45,75.05261,5.25,0.0,1009.66455,0.0,8.797931,135.0,57.0,192.0
2025-04-04 10:00:00+02:00,11.95,62.8925,5.1,0.0,1009.6759,0.0,7.256032,282.0,75.0,357.0
2025-04-04 11:00:00+02:00,14.0,57.345154,5.7,0.0,1009.56714,0.0,6.7565966,421.0,86.0,507.0
2025-04-04 12:00:00+02:00,16.0,53.83599,6.65,0.0,1009.0599,0.0,6.7565966,532.0,93.0,625.0
2025-04-04 13:00:00+02:00,17.7,50.881687,7.4,0.0,1008.3411,0.0,6.9480934,602.0,97.0,699.0
2025-04-04 14:00:00+02:00,18.75,47.151222,7.25,0.0,1007.5944,0.0,7.4520864,625.0,98.0,723.0
2025-04-04 15:00:00+02:00,19.9,42.126225,6.65,0.0,1006.6538,0.0,9.0,600.0,96.0,696.0
2025-04-04 16:00:00+02:00,20.2,41.923004,6.85,0.0,1005.8757,0.0,9.693296,526.0,93.0,619.0
2025-04-04 17:00:00+02:00,20.3,40.53527,6.45,0.0,1004.9904,0.0,10.144082,413.0,85.0,498.0
2025-04-04 18:00:00+02:00,19.9,42.27116,6.7,0.0,1004.2825,0.0,9.676569,274.0,74.0,348.0
2025-04-04 19:00:00+02:00,18.15,55.882732,9.2,0.0,1004.2102,0.0,9.016185,128.0,56.0,184.0
2025-04-04 20:00:00+02:00,15.6,64.15827,8.85,0.0,1004.00446,0.0,6.5520988,23.0,20.0,43.0
2025-04-04 21:00:00+02:00,13.95,69.45234,8.45,0.0,1004.3297,0.0,6.2379804,0.0,0.0,0.0
2025-04-04 22:00:00+02:00,13.15,76.19001,9.05,0.0,1004.3941,0.0,9.614426,0.0,0.0,0.0
2025-04-04 23:00:00+02:00,12.25,76.0426,8.15,0.0,1004.3553,0.0,9.430695,0.0,0.0,0.0
2025-04-05 00:00:00+02:00,11.4,76.162,7.35,0.0,1004.0221,0.0,7.628263,0.0,0.0,0.0
2025-04-05 01:00:00+02:00,10.9,75.30035,6.7,0.0,1003.90125,0.0,8.534353,0.0,0.0,0.0
2025-04-05 02:00:00+02:00,10.8,72.73501,6.1,0.0,1003.8972,0.0,10.441551,0.0,0.0,0.0
2025-04-05 03:00:00+02:00,10.55,63.898983,4.0,0.0,1003.0959,0.0,8.688613,0.0,0.0,0.0
2025-04-05 04:00:00+02:00,9.8,66.7122,3.9,0.0,1003.06287,0.0,10.514218,0.0,0.0,0.0
2025-04-05 05:00:00+02:00,8.95,71.88582,4.15,0.0,1002.7291,74.0,7.5105524,0.0,0.0,0.0
2025-04-05 06:00:00+02:00,8.3,75.64477,4.25,0.0,1002.89795,0.0,9.1958685,0.0,0.0,0.0
2025-04-05 07:00:00+02:00,7.45,80.42964,4.3,0.0,1002.86017,26.0,6.8919086,0.0,0.0,0.0
2025-04-05 08:00:00+02:00,8.1,79.96169,4.85,0.0,1003.2842,86.0,8.043805,27.0,24.0,51.0
2025-04-05 09:00:00+02:00,10.7,72.968094,6.05,0.0,1003.5964,2.0,7.0934615,136.0,60.0,196.0
2025-04-05 10:00:00+02:00,13.5,65.00924,7.05,0.0,1003.8162,1.0,8.149847,287.0,76.0,363.0
2025-04-05 11:00:00+02:00,15.55,59.33222,7.65,0.0,1003.706,2.0,10.404249,424.0,87.0,511.0
2025-04-05 12:00:00+02:00,17.0,55.401516,8.0,0.0,1003.4707,7.0,10.6261,531.0,97.0,628.0
2025-04-05 13:00:00+02:00,18.0,52.903965,8.25,0.0,1003.11707,29.0,11.334285,598.0,102.0,700.0
2025-04-05 14:00:00+02:00,18.45,51.083035,8.15,0.0,1003.136,90.0,14.003029,615.0,107.0,722.0
2025-04-05 15:00:00+02:00,19.15,38.966396,4.85,0.0,1002.67053,100.0,15.111424,496.0,166.0,662.0
2025-04-05 16:00:00+02:00,18.45,36.772938,3.4,0.0,1002.3456,100.0,16.244938,307.0,223.0,530.0
2025-04-05 17:00:00+02:00,17.55,43.83451,5.1,0.0,1002.30817,96.0,17.01738,119.0,239.0,358.0
2025-04-05 18:00:00+02:00,16.05,48.043655,5.05,0.0,1002.6403,100.0,17.581125,75.0,167.0,242.0
2025-04-05 19:00:00+02:00,13.8,49.12099,3.3,0.0,1003.7304,61.0,18.522516,6.0,100.0,106.0
2025-04-05 20:00:00+02:00,11.75,50.86045,1.9,0.0,1004.53107,94.0,15.484185,16.0,21.0,37.0
2025-04-05 21:00:00+02:00,10.75,53.381397,1.65,0.0,1005.57404,2.0,14.081477,0.0,0.0,0.0
2025-04-05 22:00:00+02:00,9.65,58.487015,1.9,0.0,1006.01917,0.0,13.619472,0.0,0.0,0.0
2025-04-05 23:00:00+02:00,8.5,62.303326,1.7,0.0,1006.85724,0.0,15.159589,0.0,0.0,0.0
2025-04-06 00:00:00+02:00,7.65,61.877357,0.8,0.0,1008.0044,0.0,14.2575445,0.0,0.0,0.0
2025-04-06 01:00:00+02:00,6.75,61.88442,-0.05,0.0,1008.5563,0.0,15.018949,0.0,0.0,0.0
2025-04-06 02:00:00+02:00,5.95,62.36996,-0.7,0.0,1009.5073,0.0,14.799459,0.0,0.0,0.0
2025-04-06 03:00:00+02:00,6.2,54.508152,-2.3,0.0,1009.32135,19.0,14.634343,0.0,0.0,0.0
2025-04-06 04:00:00+02:00,5.3,55.077797,-3.0,0.0,1009.77405,1.0,15.299999,0.0,0.0,0.0
2025-04-06 05:00:00+02:00,4.25,55.830074,-3.8,0.0,1010.3184,6.0,14.423605,0.0,0.0,0.0
2025-04-06 06:00:00+02:00,3.15,53.471966,-5.4,0.0,1010.9588,31.0,14.4,0.0,0.0,0.0
2025-04-06 07:00:00+02:00,2.35,48.191006,-7.5,0.0,1011.7111,12.0,14.366211,0.0,0.0,0.0
2025-04-06 08:00:00+02:00,2.65,44.51225,-8.25,0.0,1012.5151,0.0,14.113652,33.0,26.0,59.0
2025-04-06 09:00:00+02:00,3.7,38.982197,-9.0,0.0,1013.1564,0.0,14.224556,155.0,59.0,214.0
2025-04-06 10:00:00+02:00,5.1,37.765232,-8.15,0.0,1013.221,0.0,13.878689,308.0,76.0,384.0
2025-04-06 11:00:00+02:00,6.45,33.08491,-8.65,0.0,1013.38153,0.0,14.799459,451.0,88.0,539.0
2025-04-06 12:00:00+02:00,7.65,28.625603,-9.45,0.0,1013.04095,0.0,14.120539,563.0,96.0,659.0
2025-04-06 13:00:00+02:00,8.6,27.58381,-9.1,0.0,1012.78723,0.0,13.272482,635.0,99.0,734.0
2025-04-06 14:00:00+02:00,9.45,27.190578,-8.55,0.0,1012.5287,0.0,13.125196,658.0,100.0,758.0
2025-04-06 15:00:00+02:00,10.05,22.497961,-10.45,0.0,1012.1605,0.0,13.752047,635.0,97.0,732.0
2025-04-06 16:00:00+02:00,10.35,26.307083,-8.2,0.0,1011.5812,0.0,12.750811,558.0,93.0,651.0
2025-04-06 17:00:00+02:00,10.2,30.878616,-6.25,0.0,1011.1795,0.0,13.246826,439.0,87.0,526.0
2025-04-06 18:00:00+02:00,9.55,35.199257,-5.1,0.0,1011.0518,0.0,14.7039175,292.0,76.0,368.0
2025-04-06 19:00:00+02:00,8.55,38.37193,-4.85,0.0,1011.106,0.0,14.935662,140.0,58.0,198.0
2025-04-06 20:00:00+02:00,7.05,44.46192,-4.25,0.0,1011.23627,0.0,15.833861,27.0,23.0,50.0
2025-04-06 21:00:00+02:00,5.95,47.9569,-4.25,0.0,1011.9761,0.0,16.16496,0.0,0.0,0.0
2025-04-06 22:00:00+02:00,5.0,51.41599,-4.2,0.0,1012.4267,0.0,13.513193,0.0,0.0,0.0
2025-04-06 23:00:00+02:00,4.0,56.393562,-3.9,0.0,1012.77545,0.0,10.404249,0.0,0.0,0.0
2025-04-07 00:00:00+02:00,3.15,60.77571,-3.7,0.0,1013.131,0.0,9.726664,0.0,0.0,0.0
2025-04-07 01:00:00+02:00,2.6,62.954292,-3.75,0.0,1013.30273,0.0,8.942214,0.0,0.0,0.0
2025-04-07 02:00:00+02:00,2.15,64.51707,-3.85,0.0,1013.28174,0.0,8.790563,0.0,0.0,0.0
2025-04-07 03:00:00+02:00,2.1,56.311565,-5.7,0.0,1012.58795,0.0,8.404285,0.0,0.0,0.0
2025-04-07 04:00:00+02:00,1.45,59.439404,-5.6,0.0,1012.36,0.0,8.43699,0.0,0.0,0.0
2025-04-07 05:00:00+02:00,0.85,62.293568,-5.55,0.0,1012.1343,0.0,8.643749,0.0,0.0,0.0
2025-04-07 06:00:00+02:00,0.5,64.12895,-5.5,0.0,1012.2165,0.0,9.335737,0.0,0.0,0.0
2025-04-07 07:00:00+02:00,0.2,65.78449,-5.45,0.0,1012.59705,0.0,9.793059,0.0,0.0,0.0
2025-04-07 08:00:00+02:00,1.15,63.318314,-5.05,0.0,1013.2346,0.0,10.152064,33.0,28.0,61.0
2025-04-07 09:00:00+02:00,3.25,54.728405,-5.0,0.0,1013.629,0.0,7.9077177,152.0,61.0,213.0
2025-04-07 10:00:00+02:00,5.5,46.75548,-5.0,0.0,1014.0295,0.0,7.7734165,302.0,79.0,381.0
2025-04-07 11:00:00+02:00,7.55,40.453648,-5.05,0.0,1014.2215,0.0,7.42159,443.0,90.0,533.0
2025-04-07 12:00:00+02:00,9.0,37.082733,-4.9,0.0,1014.0889,0.0,7.8625183,554.0,98.0,652.0
2025-04-07 13:00:00+02:00,10.25,34.617912,-4.7,0.0,1013.74963,0.0,8.322932,623.0,102.0,725.0
2025-04-07 14:00:00+02:00,11.4,32.07044,-4.7,0.0,1013.3067,0.0,8.723967,645.0,103.0,748.0
2025-04-07 15:00:00+02:00,12.4,26.897078,-6.15,0.0,1012.7576,0.0,9.224011,622.0,100.0,722.0
2025-04-07 16:00:00+02:00,12.8,27.845182,-5.35,0.0,1012.38,0.0,9.568824,546.0,96.0,642.0
2025-04-07 17:00:00+02:00,12.9,29.27707,-4.6,0.0,1012.1868,0.0,9.565437,430.0,89.0,519.0
2025-04-07 18:00:00+02:00,12.55,31.337524,-4.0,0.0,1012.0728,2.0,9.3962755,287.0,78.0,365.0
2025-04-07 19:00:00+02:00,11.85,33.68466,-3.65,0.0,1012.3387,0.0,9.114471,138.0,60.0,198.0
2025-04-07 20:00:00+02:00,10.05,40.89476,-2.65,0.0,1012.85187,1.0,5.720489,28.0,23.0,51.0
2025-04-07 21:00:00+02:00,8.15,50.041023,-1.65,0.0,1013.5573,2.0,3.6179552,0.0,0.0,0.0
2025-04-07 22:00:00+02:00,7.15,55.776043,-1.1,0.0,1014.00586,7.0,3.693291,0.0,0.0,0.0
2025-04-07 23:00:00+02:00,6.25,63.126575,-0.25,0.0,1014.16223,10.0,5.815978,0.0,0.0,0.0
2025-04-08 00:00:00+02:00,5.4,67.928314,-0.05,0.0,1014.3209,5.0,5.5829024,0.0,0.0,0.0
2025-04-08 01:00:00+02:00,4.55,71.03157,-0.25,0.0,1014.3808,10.0,7.1684303,0.0,0.0,0.0
2025-04-08 02:00:00+02:00,3.95,72.48108,-0.55,0.0,1014.5503,4.0,6.7397914,0.0,0.0,0.0
2025-04-08 03:00:00+02:00,3.85,64.91111,-2.15,0.0,1014.15076,1.0,5.293959,0.0,0.0,0.0
2025-04-08 04:00:00+02:00,3.35,66.742546,-2.25,0.0,1014.2262,8.0,5.95906,0.0,0.0,0.0
2025-04-08 05:00:00+02:00,2.95,67.64843,-2.45,0.0,1014.10876,5.0,7.570707,0.0,0.0,0.0
2025-04-08 06:00:00+02:00,2.55,68.82582,-2.6,0.0,1014.2878,10.0,8.244708,0.0,0.0,0.0
2025-04-08 07:00:00+02:00,2.2,70.2996,-2.65,0.0,1014.46875,17.0,8.181589,0.0,1.0,1.0
2025-04-08 08:00:00+02:00,3.05,67.17144,-2.45,0.0,1015.0022,12.0,8.909545,34.0,30.0,64.0
2025-04-08 09:00:00+02:00,5.25,58.428505,-2.25,0.0,1015.4005,24.0,5.3517847,152.0,63.0,215.0
2025-04-08 10:00:00+02:00,8.1,47.862164,-2.3,0.0,1015.9252,40.0,4.7110505,300.0,81.0,381.0
2025-04-08 11:00:00+02:00,10.75,38.741196,-2.75,0.0,1016.0436,47.0,4.752136,435.0,95.0,530.0
2025-04-08 12:00:00+02:00,12.75,32.348877,-3.4,0.0,1015.835,70.0,5.7515564,541.0,105.0,646.0
2025-04-08 13:00:00+02:00,13.75,32.885773,-2.3,0.0,1015.28577,85.0,7.814986,491.0,163.0,654.0
2025-04-08 14:00:00+02:00,15.4,27.757114,-3.15,0.0,1014.66516,94.0,8.163749,497.0,180.0,677.0
2025-04-08 15:00:00+02:00,15.8,27.56282,-2.9,0.0,1013.69446,46.0,2.0991426,564.0,135.0,699.0
2025-04-08 16:00:00+02:00,16.1,27.140375,-2.85,0.0,1012.917,18.0,3.8183763,507.0,118.0,625.0
2025-04-08 17:00:00+02:00,16.05,28.150434,-2.4,0.0,1012.1243,34.0,6.2999997,394.0,109.0,503.0
2025-04-08 18:00:00+02:00,15.65,29.855015,-1.95,0.0,1011.6136,40.0,8.019601,264.0,91.0,355.0
2025-04-08 19:00:00+02:00,14.8,31.880299,-1.8,0.0,1011.67615,49.0,8.2584505,120.0,69.0,189.0
2025-04-08 20:00:00+02:00,13.3,36.44956,-1.3,0.0,1011.6113,59.0,3.7585104,20.0,29.0,49.0
2025-04-08 21:00:00+02:00,12.3,39.344727,-1.15,0.0,1011.96295,71.0,3.9844694,0.0,0.0,0.0
2025-04-08 22:00:00+02:00,10.9,48.483147,0.45,0.0,1011.9016,93.0,6.603817,0.0,0.0,0.0
2025-04-08 23:00:00+02:00,9.5,56.79886,1.35,0.0,1011.64215,97.0,4.471107,0.0,0.0,0.0
2025-04-09 00:00:00+02:00,8.5,60.32664,1.25,0.0,1011.4989,83.0,7.3469996,0.0,0.0,0.0
2025-04-09 01:00:00+02:00,7.2,64.26938,0.9,0.0,1011.3417,67.0,7.519175,0.0,0.0,0.0
2025-04-09 02:00:00+02:00,6.15,69.82577,1.05,0.0,1011.3928,49.0,5.728979,0.0,0.0,0.0
2025-04-09 03:00:00+02:00,5.7,67.01456,0.05,0.0,1010.6813,51.0,4.991553,0.0,0.0,0.0
2025-04-09 04:00:00+02:00,5.4,65.98224,-0.45,0.0,1010.3711,53.0,6.297428,0.0,0.0,0.0
2025-04-09 05:00:00+02:00,4.8,67.79966,-0.65,0.0,1010.245,84.0,6.3639607,0.0,0.0,0.0
2025-04-09 06:00:00+02:00,4.4,69.214005,-0.75,0.0,1010.1279,70.0,7.6409945,0.0,0.0,0.0
2025-04-09 07:00:00+02:00,3.85,71.9354,-0.75,0.0,1010.0038,68.0,7.1321807,0.0,1.0,1.0
2025-04-09 08:00:00+02:00,4.55,69.24519,-0.6,0.0,1010.33234,48.0,7.5363917,25.0,37.0,62.0
2025-04-09 09:00:00+02:00,6.7,59.8806,-0.55,0.0,1010.7267,62.0,5.3517847,142.0,70.0,212.0
2025-04-09 10:00:00+02:00,9.35,49.108418,-0.8,0.0,1011.1416,6.0,5.5450516,265.0,103.0,368.0
2025-04-09 11:00:00+02:00,11.8,40.51269,-1.2,0.0,1011.24994,7.0,5.0432134,437.0,95.0,532.0
2025-04-09 12:00:00+02:00,13.9,34.29123,-1.6,0.0,1011.2423,0.0,4.965521,552.0,99.0,651.0
2025-04-09 13:00:00+02:00,15.3,30.871527,-1.8,0.0,1011.006,0.0,6.2379804,624.0,103.0,727.0
2025-04-09 14:00:00+02:00,16.05,29.316631,-1.85,0.0,1010.93884,1.0,7.562142,629.0,112.0,741.0
2025-04-09 15:00:00+02:00,17.0,27.094381,-2.1,0.0,1010.3864,6.0,7.1321807,522.0,135.0,657.0
2025-04-09 16:00:00+02:00,16.85,28.379066,-1.6,0.0,1010.1825,0.0,11.298495,327.0,180.0,507.0
2025-04-09 17:00:00+02:00,16.85,27.55571,-2.0,0.0,1009.88617,1.0,8.6867485,374.0,107.0,481.0
2025-04-09 18:00:00+02:00,16.6,32.171036,-0.1,0.0,1009.8757,3.0,9.179999,319.0,71.0,390.0
2025-04-09 19:00:00+02:00,15.85,34.363235,0.15,0.0,1010.3379,7.0,7.653705,128.0,68.0,196.0
2025-04-09 20:00:00+02:00,14.4,38.40814,0.4,0.0,1010.57214,70.0,5.0432134,28.0,27.0,55.0
2025-04-09 21:00:00+02:00,12.7,46.93508,1.65,0.0,1011.19025,100.0,6.6818557,0.0,0.0,0.0
2025-04-09 22:00:00+02:00,11.65,55.557076,3.05,0.0,1011.93475,100.0,12.007498,0.0,0.0,0.0
2025-04-09 23:00:00+02:00,10.45,60.80264,3.2,0.0,1012.27704,100.0,9.0018,0.0,0.0,0.0
2025-04-10 00:00:00+02:00,9.6,65.968575,3.55,0.0,1012.9304,100.0,8.459999,0.0,0.0,0.0
2025-04-10 01:00:00+02:00,8.9,68.66505,3.45,0.0,1012.99805,99.0,7.4346757,0.0,0.0,0.0
2025-04-10 02:00:00+02:00,8.3,70.75664,3.3,0.0,1013.2677,100.0,9.187056,0.0,0.0,0.0
2025-04-10 03:00:00+02:00,9.2,60.93151,2.05,0.0,1012.81396,99.0,10.387107,0.0,0.0,0.0
2025-04-10 04:00:00+02:00,7.65,68.89333,2.3,0.0,1013.23846,100.0,10.041354,0.0,0.0,0.0
2025-04-10 05:00:00+02:00,6.35,74.77702,2.2,0.0,1013.6733,97.0,7.2805495,0.0,0.0,0.0
2025-04-10 06:00:00+02:00,5.55,77.9081,2.0,0.0,1013.8341,75.0,6.12,0.0,0.0,0.0
2025-04-10 07:00:00+02:00,4.75,81.48794,1.85,0.0,1014.3898,86.0,5.7599998,0.0,1.0,1.0
2025-04-10 08:00:00+02:00,5.5,77.07021,1.8,0.0,1015.2144,100.0,4.6277857,23.0,35.0,58.0
2025-04-10 09:00:00+02:00,6.65,70.42952,1.65,0.0,1015.267,100.0,8.854829,48.0,87.0,135.0
2025-04-10 10:00:00+02:00,7.2,67.82334,1.65,0.0,1016.082,100.0,11.132385,29.0,152.0,181.0
2025-04-10 11:00:00+02:00,7.8,64.86986,1.6,0.0,1016.0104,100.0,8.699793,25.0,177.0,202.0
2025-04-10 12:00:00+02:00,8.85,59.981598,1.5,0.0,1015.8599,100.0,5.5450516,53.0,242.0,295.0
2025-04-10 13:00:00+02:00,10.1,54.95317,1.45,0.0,1015.6195,100.0,4.6938252,79.0,286.0,365.0
2025-04-10 14:00:00+02:00,11.45,49.87635,1.35,0.0,1015.28406,100.0,4.514377,137.0,287.0,424.0
2025-04-10 15:00:00+02:00,11.55,46.945152,0.6,0.0,1015.0909,89.0,6.5024605,163.0,296.0,459.0
2025-04-10 16:00:00+02:00,12.35,46.002148,1.05,0.0,1014.3359,73.0,6.5520988,189.0,287.0,476.0
2025-04-10 17:00:00+02:00,12.6,46.739017,1.5,0.0,1013.75433,15.0,5.6521144,229.0,195.0,424.0
2025-04-10 18:00:00+02:00,12.6,47.58269,1.75,0.0,1013.35925,7.0,4.724786,246.0,105.0,351.0
2025-04-10 19:00:00+02:00,12.1,49.700882,1.9,0.0,1013.13965,6.0,4.3832865,140.0,64.0,204.0
2025-04-10 20:00:00+02:00,10.7,55.70386,2.2,0.0,1012.88074,1.0,6.3690495,30.0,29.0,59.0
2025-04-10 21:00:00+02:00,9.4,62.738667,2.65,0.0,1013.1192,2.0,4.7928696,0.0,0.0,0.0
2025-04-10 22:00:00+02:00,8.1,69.97077,2.95,0.0,1013.0613,0.0,2.7943513,0.0,0.0,0.0
2025-04-10 23:00:00+02:00,7.15,75.71603,3.15,0.0,1013.0183,0.0,3.219938,0.0,0.0,0.0
2025-04-11 00:00:00+02:00,6.15,81.965004,3.3,0.0,1012.874,0.0,3.4199998,0.0,0.0,0.0
2025-04-11 01:00:00+02:00,5.1,87.528984,3.2,0.0,1012.4311,0.0,2.8799999,0.0,0.0,0.0
2025-04-11 02:00:00+02:00,4.25,90.92971,2.9,0.0,1012.09576,0.0,2.7534704,0.0,0.0,0.0
2025-04-11 03:00:00+02:00,3.05,91.17035,1.75,0.0,1011.349,0.0,3.2599385,0.0,0.0,0.0
2025-04-11 04:00:00+02:00,2.45,92.778694,1.4,0.0,1010.82733,0.0,2.1068459,0.0,0.0,0.0
2025-04-11 05:00:00+02:00,1.9,94.77039,1.15,0.0,1010.6041,0.0,1.4512063,0.0,0.0,0.0
2025-04-11 06:00:00+02:00,1.45,96.12675,0.9,0.0,1010.2867,0.0,2.9301877,0.0,0.0,0.0
2025-04-11 07:00:00+02:00,1.3,96.46901,0.8,0.0,1010.2798,0.0,3.7842832,0.0,2.0,2.0
2025-04-11 08:00:00+02:00,3.4,88.31032,1.65,0.0,1010.47656,0.0,5.4656014,42.0,34.0,76.0
2025-04-11 09:00:00+02:00,6.55,72.71085,2.0,0.0,1010.52216,30.0,3.8183763,166.0,64.0,230.0
2025-04-11 10:00:00+02:00,9.8,60.42978,2.5,0.0,1010.3715,49.0,5.728979,312.0,83.0,395.0
2025-04-11 11:00:00+02:00,12.35,52.68001,2.95,0.0,1009.9897,2.0,6.489992,451.0,94.0,545.0
2025-04-11 12:00:00+02:00,14.6,47.97544,3.7,0.0,1009.79065,0.0,5.8769383,568.0,98.0,666.0
2025-04-11 13:00:00+02:00,16.65,42.67026,3.9,0.0,1009.2848,7.0,5.6492476,637.0,102.0,739.0
2025-04-11 14:00:00+02:00,18.2,37.353954,3.4,0.0,1008.75726,41.0,5.4744864,658.0,103.0,761.0
2025-04-11 15:00:00+02:00,19.65,29.176472,1.2,0.0,1007.6317,59.0,7.256032,632.0,102.0,734.0
2025-04-11 16:00:00+02:00,20.0,27.244862,0.55,0.0,1007.1519,32.0,8.738811,547.0,104.0,651.0
2025-04-11 17:00:00+02:00,19.75,27.87063,0.65,0.0,1006.45013,94.0,9.648067,438.0,91.0,529.0
2025-04-11 18:00:00+02:00,19.0,31.264639,1.6,0.0,1006.2216,66.0,9.97986,294.0,81.0,375.0
2025-04-11 19:00:00+02:00,17.95,36.498318,2.85,0.0,1006.2768,82.0,9.144637,145.0,63.0,208.0
2025-04-11 20:00:00+02:00,16.3,43.938248,4.0,0.0,1006.30634,91.0,6.6405115,30.0,30.0,60.0
2025-04-11 21:00:00+02:00,14.7,51.3058,4.75,0.0,1006.6336,94.0,5.315336,0.0,1.0,1.0
2025-04-11 22:00:00+02:00,13.1,58.323425,5.1,0.0,1006.36743,88.0,4.752136,0.0,0.0,0.0
2025-04-11 23:00:00+02:00,11.85,63.750156,5.2,0.0,1006.3134,99.0,6.130579,0.0,0.0,0.0
2025-04-12 00:00:00+02:00,10.65,68.30836,5.05,0.0,1006.1623,97.0,7.0038276,0.0,0.0,0.0
2025-04-12 01:00:00+02:00,9.6,73.27419,5.05,0.0,1005.81946,93.0,6.9153743,0.0,0.0,0.0
2025-04-12 02:00:00+02:00,8.9,77.07637,5.1,0.0,1005.591,82.0,7.8480825,0.0,0.0,0.0
2025-04-12 03:00:00+02:00,8.55,69.81438,3.35,0.0,1004.68665,83.0,6.8777895,0.0,0.0,0.0
2025-04-12 04:00:00+02:00,7.55,73.93551,3.2,0.0,1004.3459,82.0,5.6521144,0.0,0.0,0.0
2025-04-12 05:00:00+02:00,6.8,76.464645,2.95,0.0,1004.0159,19.0,8.14587,0.0,0.0,0.0
2025-04-12 06:00:00+02:00,6.25,77.19181,2.55,0.0,1003.69476,0.0,9.3340025,0.0,0.0,0.0
2025-04-12 07:00:00+02:00,5.65,79.32349,2.35,0.0,1003.5689,1.0,8.14587,0.0,2.0,2.0
2025-04-12 08:00:00+02:00,6.9,72.51788,2.3,0.0,1003.4278,0.0,9.0,46.0,34.0,80.0
2025-04-12 09:00:00+02:00,9.7,60.40534,2.4,0.0,1003.256,5.0,6.1305785,172.0,64.0,236.0
2025-04-12 10:00:00+02:00,13.1,48.579914,2.5,0.0,1003.1077,1.0,6.2379804,322.0,80.0,402.0
2025-04-12 11:00:00+02:00,16.05,40.731182,2.7,0.0,1002.6403,0.0,7.327127,461.0,90.0,551.0
2025-04-12 12:00:00+02:00,18.55,36.54339,3.4,0.0,1001.95447,0.0,8.707238,571.0,97.0,668.0
2025-04-12 13:00:00+02:00,20.25,31.067438,2.6,0.0,1001.135,0.0,10.182337,640.0,101.0,741.0
2025-04-12 14:00:00+02:00,21.3,27.510195,1.8,0.0,1000.28845,0.0,10.5234585,663.0,101.0,764.0
2025-04-12 15:00:00+02:00,22.8,21.816404,-0.15,0.0,999.16296,0.0,9.796366,641.0,98.0,739.0
2025-04-12 16:00:00+02:00,22.95,23.240257,0.85,0.0,998.1806,68.0,10.8015,567.0,93.0,660.0
2025-04-12 17:00:00+02:00,22.75,26.096666,2.3,0.0,997.2835,100.0,11.334285,451.0,87.0,538.0
2025-04-12 18:00:00+02:00,22.1,31.046722,4.2,0.0,996.4669,62.0,12.688404,305.0,78.0,383.0
2025-04-12 19:00:00+02:00,21.2,33.61633,4.55,0.0,995.9366,82.0,12.267762,154.0,61.0,215.0
2025-04-12 20:00:00+02:00,19.15,40.06641,5.25,0.0,995.4578,91.0,9.3876505,36.0,30.0,66.0
2025-04-12 21:00:00+02:00,17.35,46.761776,5.85,0.0,995.5815,47.0,8.171683,0.0,1.0,1.0
2025-04-12 22:00:00+02:00,15.9,51.987576,6.05,0.0,995.12585,1.0,7.415038,0.0,0.0,0.0
2025-04-12 23:00:00+02:00,14.55,57.0886,6.15,0.0,995.0694,65.0,4.9785542,0.0,0.0,0.0
2025-04-13 00:00:00+02:00,13.7,62.004658,6.55,0.0,994.73706,84.0,2.5264204,0.0,0.0,0.0
2025-04-13 01:00:00+02:00,13.35,64.09034,6.7,0.0,994.82086,100.0,1.4512063,0.0,0.0,0.0
2025-04-13 02:00:00+02:00,13.1,64.254616,6.5,0.0,994.2175,100.0,3.693291,0.0,0.0,0.0
2025-04-13 03:00:00+02:00,15.35,50.419537,5.1,0.0,993.8188,100.0,12.16832,0.0,0.0,0.0
2025-04-13 04:00:00+02:00,14.75,57.139088,6.35,0.0,993.6949,100.0,9.080639,0.0,0.0,0.0
2025-04-13 05:00:00+02:00,13.7,62.432316,6.65,0.0,993.2554,98.0,6.2613096,0.0,0.0,0.0
2025-04-13 06:00:00+02:00,13.45,64.112885,6.8,0.0,993.2447,89.0,6.5223618,0.0,0.0,0.0
2025-04-13 07:00:00+02:00,13.15,68.58716,7.5,0.0,993.42957,85.0,13.237039,0.0,3.0,3.0
2025-04-13 08:00:00+02:00,14.45,66.560326,8.3,0.0,994.0771,99.0,18.98552,27.0,49.0,76.0
2025-04-13 09:00:00+02:00,15.55,65.458534,9.1,0.0,994.6173,100.0,18.431332,41.0,118.0,159.0
2025-04-13 10:00:00+02:00,16.4,63.47808,9.45,0.1,994.9493,100.0,25.221848,137.0,162.0,299.0
2025-04-13 11:00:00+02:00,17.2,59.1311,9.15,0.0,995.27875,100.0,22.725668,146.0,221.0,367.0
2025-04-13 12:00:00+02:00,18.25,53.510006,8.65,0.1,995.2234,53.0,20.49314,251.0,203.0,454.0
2025-04-13 13:00:00+02:00,18.9,49.497154,8.1,0.2,995.0526,54.0,20.111729,305.0,186.0,491.0
2025-04-13 14:00:00+02:00,19.5,47.843575,8.15,0.2,995.2746,100.0,21.274294,461.0,148.0,609.0
2025-04-13 15:00:00+02:00,20.0,45.13796,7.75,0.1,995.39374,89.0,20.015644,420.0,196.0,616.0
2025-04-13 16:00:00+02:00,18.75,48.291664,7.6,0.0,995.3429,97.0,18.589739,131.0,168.0,299.0
2025-04-13 17:00:00+02:00,19.65,43.674397,6.95,0.0,995.18207,58.0,17.123669,372.0,107.0,479.0
2025-04-13 18:00:00+02:00,19.25,44.774097,6.95,0.0,995.0667,100.0,16.886454,260.0,90.0,350.0
2025-04-13 19:00:00+02:00,18.05,50.97578,7.75,0.0,995.1165,63.0,15.496736,94.0,81.0,175.0
2025-04-13 20:00:00+02:00,16.95,57.689606,8.55,0.0,995.5648,11.0,11.238113,30.0,32.0,62.0
2025-04-13 21:00:00+02:00,15.55,65.238335,9.05,0.0,996.29675,26.0,9.801326,0.0,1.0,1.0
2025-04-13 22:00:00+02:00,14.4,71.44154,9.3,0.0,997.0385,36.0,9.1958685,0.0,0.0,0.0
2025-04-13 23:00:00+02:00,13.4,76.48752,9.35,0.0,997.4902,100.0,7.841887,0.0,0.0,0.0
2025-04-14 00:00:00+02:00,12.5,80.57844,9.25,0.0,997.5505,77.0,6.59154,0.0,0.0,0.0
2025-04-14 01:00:00+02:00,11.8,83.527405,9.1,0.0,997.61914,99.0,5.509882,0.0,0.0,0.0
2025-04-14 02:00:00+02:00,10.7,88.937256,8.95,0.0,997.6702,100.0,3.4576871,0.0,0.0,0.0
2025-04-14 03:00:00+02:00,10.5,83.656364,7.85,0.0,997.6615,100.0,3.6447225,0.0,0.0,0.0
2025-04-14 04:00:00+02:00,10.25,84.19869,7.7,0.0,997.848,79.0,6.76618,0.0,0.0,0.0
2025-04-14 05:00:00+02:00,9.0,90.325165,7.5,0.0,997.89197,90.0,4.3349743,0.0,0.0,0.0
2025-04-14 06:00:00+02:00,8.4,91.84055,7.15,0.0,998.1619,20.0,4.7110505,0.0,0.0,0.0
2025-04-14 07:00:00+02:00,8.2,92.7765,7.1,0.0,998.25195,7.0,5.020677,0.0,4.0,4.0
2025-04-14 08:00:00+02:00,9.55,86.15661,7.35,0.0,998.805,0.0,4.978554,48.0,39.0,87.0
2025-04-14 09:00:00+02:00,11.95,73.69725,7.4,0.0,999.20575,0.0,4.4456716,176.0,67.0,243.0
2025-04-14 10:00:00+02:00,14.3,62.357777,7.2,0.0,999.4053,0.0,5.004518,322.0,85.0,407.0
2025-04-14 11:00:00+02:00,16.5,52.687862,6.8,0.0,999.1026,3.0,5.6002855,464.0,94.0,558.0
2025-04-14 12:00:00+02:00,18.2,42.518967,5.25,0.0,998.67957,1.0,7.519175,589.0,93.0,682.0
2025-04-14 13:00:00+02:00,19.3,36.889545,4.2,0.0,998.2307,33.0,8.037761,614.0,118.0,732.0
2025-04-14 14:00:00+02:00,20.3,31.97516,3.05,0.0,997.6785,74.0,7.823272,554.0,154.0,708.0
2025-04-14 15:00:00+02:00,20.75,33.02042,3.9,0.0,997.20306,52.0,8.2584505,469.0,164.0,633.0
2025-04-14 16:00:00+02:00,21.3,30.7109,3.35,0.0,996.1383,61.0,6.279395,394.0,155.0,549.0
2025-04-14 17:00:00+02:00,21.7,28.927174,2.85,0.0,995.26495,75.0,5.1481256,347.0,127.0,474.0
2025-04-14 18:00:00+02:00,21.45,28.449635,2.4,0.0,994.66205,75.0,3.4247334,238.0,110.0,348.0
2025-04-14 19:00:00+02:00,20.9,29.9534,2.65,0.0,994.3434,100.0,6.0908127,138.0,69.0,207.0
2025-04-14 20:00:00+02:00,19.25,37.1344,4.25,0.0,994.1775,39.0,8.227004,31.0,33.0,64.0
2025-04-14 21:00:00+02:00,17.3,49.2296,6.55,0.0,994.4928,88.0,10.316686,0.0,1.0,1.0
2025-04-14 22:00:00+02:00,16.05,58.055687,7.8,0.0,994.243,99.0,8.731392,0.0,0.0,0.0
2025-04-14 23:00:00+02:00,14.8,63.979176,8.05,0.0,993.3018,64.0,7.928177,0.0,0.0,0.0
2025-04-15 00:00:00+02:00,13.85,68.26461,8.1,0.0,992.8664,60.0,7.145796,0.0,0.0,0.0
2025-04-15 01:00:00+02:00,13.2,70.97259,8.05,0.0,992.2464,60.0,7.748368,0.0,0.0,0.0
2025-04-15 02:00:00+02:00,12.55,73.05464,7.85,0.0,991.5271,15.0,9.499158,0.0,0.0,0.0
2025-04-15 03:00:00+02:00,11.85,71.443726,6.85,0.0,990.11444,100.0,9.12513,0.0,0.0,0.0
2025-04-15 04:00:00+02:00,11.35,73.08663,6.7,0.0,989.30273,100.0,9.984729,0.0,0.0,0.0
2025-04-15 05:00:00+02:00,11.0,74.54553,6.65,0.0,988.59625,49.0,10.560341,0.0,0.0,0.0
2025-04-15 06:00:00+02:00,10.55,77.871666,6.85,0.0,988.1818,68.0,10.404249,0.0,0.0,0.0
2025-04-15 07:00:00+02:00,10.35,81.66496,7.35,0.2,987.9757,94.0,10.548061,1.0,3.0,4.0
2025-04-15 08:00:00+02:00,11.75,77.527504,7.95,0.0,987.7395,92.0,11.032987,35.0,45.0,80.0
2025-04-15 09:00:00+02:00,14.25,66.06727,8.0,0.0,987.5489,23.0,8.149847,124.0,89.0,213.0
2025-04-15 10:00:00+02:00,16.7,56.274063,7.95,0.0,987.2557,6.0,7.44121,317.0,87.0,404.0
2025-04-15 11:00:00+02:00,18.65,49.42922,7.85,0.0,987.4346,98.0,3.143565,464.0,91.0,555.0
2025-04-15 12:00:00+02:00,20.0,46.38252,8.15,0.0,987.29144,100.0,1.5379207,473.0,156.0,629.0
2025-04-15 13:00:00+02:00,21.35,43.85475,8.55,0.0,987.14813,100.0,6.873078,395.0,246.0,641.0
2025-04-15 14:00:00+02:00,21.6,45.27784,9.25,0.0,987.25684,98.0,13.110376,368.0,261.0,629.0
2025-04-15 15:00:00+02:00,19.8,58.004322,11.3,3.1,987.77747,100.0,16.434305,260.0,249.0,509.0
2025-04-15 16:00:00+02:00,18.55,58.08439,10.15,0.1,988.31976,100.0,21.274294,31.0,237.0,268.0
2025-04-15 17:00:00+02:00,17.4,65.85738,10.95,0.3,988.86536,100.0,18.152353,24.0,174.0,198.0
2025-04-15 18:00:00+02:00,16.85,65.739456,10.4,0.0,988.8428,100.0,12.904882,0.0,93.0,93.0
2025-04-15 19:00:00+02:00,16.5,65.00834,9.9,0.0,989.2232,66.0,10.8672905,0.0,50.0,50.0
2025-04-15 20:00:00+02:00,15.7,71.20927,10.5,0.0,989.98035,8.0,8.281956,27.0,39.0,66.0
2025-04-15 21:00:00+02:00,14.75,78.76909,11.1,0.0,991.0276,14.0,6.439876,0.0,2.0,2.0
2025-04-15 22:00:00+02:00,14.0,84.90153,11.5,0.0,991.4898,94.0,4.2366967,0.0,0.0,0.0
2025-04-15 23:00:00+02:00,13.25,89.73575,11.6,0.0,991.9519,17.0,4.3498964,0.0,0.0,0.0
2025-04-16 00:00:00+02:00,12.75,90.89437,11.3,0.0,992.0294,15.0,3.396233,0.0,0.0,0.0
2025-04-16 01:00:00+02:00,12.15,92.375694,10.95,0.0,992.3003,9.0,4.542994,0.0,0.0,0.0
2025-04-16 02:00:00+02:00,11.7,93.276886,10.65,0.0,992.3797,4.0,2.5582807,0.0,0.0,0.0
2025-04-16 03:00:00+02:00,11.9,92.36127,10.7,0.0,992.9811,24.0,1.659518,0.0,0.0,0.0
2025-04-16 04:00:00+02:00,11.5,93.89024,10.55,0.0,993.4575,26.0,0.5091169,0.0,0.0,0.0
2025-04-16 05:00:00+02:00,10.2,96.70903,9.7,0.0,993.2038,25.0,3.644722,0.0,0.0,0.0
2025-04-16 06:00:00+02:00,9.6,96.69362,9.1,0.0,993.5726,83.0,2.3051248,0.0,0.0,0.0
2025-04-16 07:00:00+02:00,9.75,97.023346,9.3,0.0,993.7767,97.0,1.3104197,1.0,4.0,5.0
2025-04-16 08:00:00+02:00,10.9,94.80865,10.1,0.0,994.02423,99.0,2.4149535,33.0,52.0,85.0
2025-04-16 09:00:00+02:00,13.25,83.41977,10.5,0.0,994.42145,99.0,3.362677,48.0,114.0,162.0
2025-04-16 10:00:00+02:00,15.35,71.619865,10.25,0.0,994.31274,23.0,4.7827187,135.0,161.0,296.0
2025-04-16 11:00:00+02:00,18.15,57.021534,9.5,0.0,994.23126,48.0,4.0449967,422.0,117.0,539.0
2025-04-16 12:00:00+02:00,20.2,49.68137,9.35,0.0,993.821,68.0,4.1125174,540.0,121.0,661.0
2025-04-16 13:00:00+02:00,21.8,45.63888,9.55,0.0,993.3914,62.0,5.7402787,619.0,117.0,736.0
2025-04-16 14:00:00+02:00,23.6,37.73627,8.35,0.0,993.3643,97.0,2.0124612,588.0,141.0,729.0
2025-04-16 15:00:00+02:00,23.5,37.580135,8.2,0.0,993.55804,99.0,5.004518,459.0,199.0,658.0
2025-04-16 16:00:00+02:00,19.9,56.136738,10.9,0.3,994.0064,100.0,17.571909,252.0,242.0,494.0
2025-04-16 17:00:00+02:00,17.4,62.02381,10.05,0.1,994.5956,99.0,18.595839,149.0,191.0,340.0
2025-04-16 18:00:00+02:00,16.7,60.014603,8.9,0.0,995.1593,99.0,15.042659,140.0,156.0,296.0
2025-04-16 19:00:00+02:00,15.3,62.80166,8.25,0.0,995.69366,98.0,13.504799,82.0,106.0,188.0
2025-04-16 20:00:00+02:00,13.75,67.09309,7.75,0.0,995.82556,100.0,10.564941,22.0,44.0,66.0
2025-04-16 21:00:00+02:00,12.7,68.73,7.1,0.0,996.57117,100.0,8.669949,0.0,2.0,2.0
2025-04-16 22:00:00+02:00,12.2,68.39238,6.55,0.0,996.7473,100.0,5.441838,0.0,0.0,0.0
2025-04-16 23:00:00+02:00,11.85,68.79274,6.3,0.0,997.1274,99.0,5.506941,0.0,0.0,0.0
2025-04-17 00:00:00+02:00,11.5,70.64383,6.35,0.0,996.717,100.0,5.004518,0.0,0.0,0.0
2025-04-17 01:00:00+02:00,11.3,72.576965,6.55,0.0,996.41223,93.0,6.384293,0.0,0.0,0.0
2025-04-17 02:00:00+02:00,11.2,72.80854,6.5,0.0,996.1115,100.0,6.76618,0.0,0.0,0.0
2025-04-17 03:00:00+02:00,10.85,72.74422,6.15,0.0,996.294,100.0,5.7628117,0.0,0.0,0.0
2025-04-17 04:00:00+02:00,11.0,71.775085,6.1,0.0,995.7077,100.0,8.967541,0.0,0.0,0.0
2025-04-17 05:00:00+02:00,11.05,71.784546,6.15,0.0,995.80865,100.0,8.4042845,0.0,0.0,0.0
2025-04-17 06:00:00+02:00,10.9,74.017204,6.45,0.0,995.407,100.0,9.779817,0.0,0.0,0.0
2025-04-17 07:00:00+02:00,10.75,75.27489,6.55,0.0,995.2032,100.0,11.35285,0.0,1.0,1.0
2025-04-17 08:00:00+02:00,10.8,75.5425,6.65,0.0,994.71155,100.0,15.338071,0.0,19.0,19.0
2025-04-17 09:00:00+02:00,11.15,73.05024,6.5,0.0,995.2204,100.0,15.5687,3.0,61.0,64.0
2025-04-17 10:00:00+02:00,11.35,71.103,6.3,0.0,995.52545,100.0,14.713831,1.0,91.0,92.0
2025-04-17 11:00:00+02:00,11.55,69.686646,6.2,0.0,995.5339,100.0,17.134071,2.0,112.0,114.0
2025-04-17 12:00:00+02:00,12.1,67.43644,6.25,0.0,995.2613,100.0,16.87878,10.0,165.0,175.0
2025-04-17 13:00:00+02:00,12.8,64.631035,6.3,0.0,994.995,100.0,18.079027,12.0,240.0,252.0
2025-04-17 14:00:00+02:00,13.4,63.444504,6.6,0.0,994.9219,100.0,17.19165,8.0,227.0,235.0
2025-04-17 15:00:00+02:00,12.9,60.545006,5.45,0.0,995.59204,100.0,16.770939,15.0,268.0,283.0
2025-04-17 16:00:00+02:00,13.25,60.839252,5.85,0.0,995.3104,100.0,16.24394,20.0,222.0,242.0
2025-04-17 17:00:00+02:00,13.25,62.113,6.15,0.0,995.6068,100.0,14.4415655,15.0,163.0,178.0
2025-04-17 18:00:00+02:00,12.85,63.977432,6.2,0.0,995.8862,100.0,13.350371,12.0,100.0,112.0
2025-04-17 19:00:00+02:00,12.4,65.66539,6.15,0.0,995.4717,100.0,13.200273,0.0,54.0,54.0
2025-04-17 20:00:00+02:00,11.45,73.35603,6.85,1.3,996.02344,100.0,11.892265,0.0,18.0,18.0
2025-04-17 21:00:00+02:00,10.6,85.101234,8.2,3.0,996.5794,100.0,7.92,0.0,1.0,1.0
2025-04-17 22:00:00+02:00,10.15,93.82685,9.2,1.3,997.4486,100.0,3.438895,0.0,0.0,0.0
2025-04-17 23:00:00+02:00,9.65,96.369774,9.1,1.6,997.8217,100.0,7.562142,0.0,0.0,0.0
2025-04-18 00:00:00+02:00,9.4,97.01521,8.95,0.5,998.2059,100.0,7.731622,0.0,0.0,0.0
2025-04-18 01:00:00+02:00,9.2,96.6833,8.7,0.9,998.3946,100.0,7.3799996,0.0,0.0,0.0
2025-04-18 02:00:00+02:00,9.0,96.35134,8.45,0.5,998.682,100.0,7.42159,0.0,0.0,0.0
2025-04-18 03:00:00+02:00,8.9,96.3485,8.35,0.0,999.4678,100.0,5.1919937,0.0,0.0,0.0
2025-04-18 04:00:00+02:00,8.8,95.36969,8.1,0.0,999.7597,100.0,5.3305535,0.0,0.0,0.0
2025-04-18 05:00:00+02:00,8.75,92.491104,7.6,0.1,1000.1525,100.0,6.114703,0.0,0.0,0.0
2025-04-18 06:00:00+02:00,8.5,90.598274,7.05,0.1,1000.2403,100.0,9.085988,0.0,0.0,0.0
2025-04-18 07:00:00+02:00,8.2,87.816475,6.3,0.0,1000.7209,100.0,9.600937,0.0,2.0,2.0
2025-04-18 08:00:00+02:00,8.2,82.51779,5.4,0.0,1001.2147,100.0,8.534353,1.0,25.0,26.0
2025-04-18 09:00:00+02:00,8.25,79.15171,4.85,0.1,1002.0069,100.0,6.090812,0.0,39.0,39.0
2025-04-18 10:00:00+02:00,8.6,77.028145,4.8,0.1,1002.21985,100.0,6.193674,1.0,88.0,89.0
2025-04-18 11:00:00+02:00,9.4,69.985016,4.2,0.0,1002.55145,100.0,7.989243,4.0,153.0,157.0
2025-04-18 12:00:00+02:00,10.3,64.51842,3.9,0.0,1002.2948,100.0,6.3639607,13.0,223.0,236.0
2025-04-18 13:00:00+02:00,11.25,60.144806,3.8,0.1,1001.84247,100.0,8.766573,62.0,262.0,324.0
2025-04-18 14:00:00+02:00,11.75,58.599472,3.9,0.3,1001.76544,100.0,8.452336,62.0,278.0,340.0
2025-04-18 15:00:00+02:00,11.2,60.556847,3.85,0.2,1002.0378,100.0,5.12289,51.0,289.0,340.0
2025-04-18 16:00:00+02:00,11.05,59.67408,3.5,0.0,1001.63605,100.0,7.6579366,24.0,140.0,164.0
2025-04-18 17:00:00+02:00,10.95,60.709484,3.65,0.0,1001.53296,100.0,6.2379804,6.0,113.0,119.0
2025-04-18 18:00:00+02:00,10.95,61.35348,3.8,0.0,1001.53296,100.0,5.004518,0.0,97.0,97.0
2025-04-18 19:00:00+02:00,10.65,62.809742,3.85,0.0,1001.3226,100.0,5.3305535,1.0,38.0,39.0
2025-04-18 20:00:00+02:00,10.3,66.82004,4.4,0.0,1001.2084,100.0,4.8633323,0.0,15.0,15.0
2025-04-18 21:00:00+02:00,9.9,72.56856,5.2,0.0,1001.2894,100.0,3.362677,0.0,1.0,1.0
2025-04-18 22:00:00+02:00,9.7,75.88031,5.65,0.0,1001.18195,100.0,2.9301877,0.0,0.0,0.0
2025-04-18 23:00:00+02:00,9.5,79.88509,6.2,0.0,1000.9756,100.0,1.7727944,0.0,0.0,0.0
2025-04-19 00:00:00+02:00,9.25,80.125565,6.0,0.0,1000.7671,100.0,3.1845248,0.0,0.0,0.0
2025-04-19 01:00:00+02:00,9.1,81.21894,6.05,0.0,1000.66174,100.0,2.9522195,0.0,0.0,0.0
2025-04-19 02:00:00+02:00,8.75,84.606094,6.3,0.0,1000.35004,99.0,1.1525624,0.0,0.0,0.0
2025-04-19 03:00:00+02:00,8.85,85.78959,6.6,0.0,1000.05804,100.0,0.35999998,0.0,0.0,0.0
2025-04-19 04:00:00+02:00,8.75,86.37097,6.6,0.0,999.6587,100.0,0.742159,0.0,0.0,0.0
2025-04-19 05:00:00+02:00,8.15,87.81191,6.25,0.0,999.33606,92.0,2.36753,0.0,0.0,0.0
2025-04-19 06:00:00+02:00,7.8,90.548134,6.35,0.0,999.1229,91.0,1.8,0.0,0.0,0.0
2025-04-19 07:00:00+02:00,7.8,90.2368,6.3,0.0,999.0241,22.0,1.484318,0.0,7.0,7.0
2025-04-19 08:00:00+02:00,8.5,84.286316,6.0,0.0,998.9564,47.0,1.5484185,44.0,53.0,97.0
2025-04-19 09:00:00+02:00,10.05,72.09392,5.25,0.0,998.9258,100.0,2.0991426,170.0,84.0,254.0
2025-04-19 10:00:00+02:00,11.5,64.33902,5.0,0.0,998.69244,92.0,2.0523157,296.0,117.0,413.0
2025-04-19 11:00:00+02:00,13.4,53.14809,4.05,0.0,998.2804,84.0,4.965521,378.0,161.0,539.0
2025-04-19 12:00:00+02:00,15.05,47.26457,3.9,0.0,997.8563,100.0,4.080882,458.0,185.0,643.0
2025-04-19 13:00:00+02:00,16.2,42.540905,3.45,0.0,997.3119,36.0,2.7534704,422.0,230.0,652.0
2025-04-19 14:00:00+02:00,17.0,41.00611,3.65,0.0,996.7526,39.0,4.1556225,553.0,176.0,729.0
2025-04-19 15:00:00+02:00,16.95,41.718952,3.85,0.0,996.35516,43.0,5.12289,620.0,131.0,751.0
2025-04-19 16:00:00+02:00,17.35,40.81946,3.9,0.0,995.68024,99.0,6.198903,546.0,121.0,667.0
2025-04-19 17:00:00+02:00,17.4,40.977478,4.0,0.0,995.18835,98.0,7.889259,380.0,144.0,524.0
2025-04-19 18:00:00+02:00,16.8,43.01392,4.15,0.0,994.96576,100.0,9.504272,207.0,145.0,352.0
2025-04-19 19:00:00+02:00,16.0,46.383224,4.5,0.0,994.9326,100.0,9.585739,64.0,113.0,177.0
2025-04-19 20:00:00+02:00,14.45,54.552788,5.4,0.0,994.7686,100.0,11.442394,6.0,48.0,54.0
2025-04-19 21:00:00+02:00,13.05,61.002174,5.7,0.0,994.70935,100.0,9.437563,0.0,3.0,3.0
2025-04-19 22:00:00+02:00,12.3,64.7426,5.85,0.0,994.6771,99.0,9.292254,0.0,0.0,0.0
2025-04-19 23:00:00+02:00,11.5,69.91734,6.2,0.0,994.7416,0.0,8.641874,0.0,0.0,0.0
2025-04-20 00:00:00+02:00,10.45,76.26719,6.45,0.0,994.6962,0.0,6.889557,0.0,0.0,0.0
2025-04-20 01:00:00+02:00,9.7,80.18917,6.45,0.0,994.46594,0.0,7.841887,0.0,0.0,0.0
2025-04-20 02:00:00+02:00,9.05,82.9104,6.3,0.0,994.0424,0.0,7.689603,0.0,0.0,0.0
2025-04-20 03:00:00+02:00,8.7,83.153656,6.0,0.0,993.4346,0.0,7.973005,0.0,0.0,0.0
2025-04-20 04:00:00+02:00,8.25,83.96639,5.7,0.0,993.3161,0.0,8.209263,0.0,0.0,0.0
2025-04-20 05:00:00+02:00,7.7,85.66823,5.45,0.0,993.19305,0.0,8.404285,0.0,0.0,0.0
2025-04-20 06:00:00+02:00,7.3,85.92408,5.1,0.0,993.0765,1.0,9.473541,0.0,0.0,0.0
2025-04-20 07:00:00+02:00,7.3,84.73589,4.9,0.0,993.1753,0.0,9.67657,3.0,8.0,11.0
2025-04-20 08:00:00+02:00,8.85,76.800575,5.0,0.0,993.6386,0.0,9.0,66.0,46.0,112.0
2025-04-20 09:00:00+02:00,11.2,66.54894,5.2,0.0,993.54346,64.0,7.7420926,198.0,71.0,269.0
2025-04-20 10:00:00+02:00,14.15,56.203426,5.55,0.0,993.472,62.0,8.161764,337.0,92.0,429.0
2025-04-20 11:00:00+02:00,17.05,48.32071,6.05,0.0,993.29694,12.0,7.6409945,466.0,107.0,573.0
2025-04-20 12:00:00+02:00,19.6,42.770237,6.6,0.0,993.3026,10.0,5.5916004,587.0,104.0,691.0
2025-04-20 13:00:00+02:00,21.65,39.27813,7.2,0.0,993.28674,8.0,2.6758924,652.0,108.0,760.0
2025-04-20 14:00:00+02:00,22.1,39.946835,7.85,0.0,993.40356,47.0,11.679213,592.0,140.0,732.0
2025-04-20 15:00:00+02:00,21.05,42.742176,7.9,0.0,994.1517,53.0,16.419514,609.0,119.0,728.0
2025-04-20 16:00:00+02:00,19.75,46.470898,7.95,0.5,994.3957,47.0,20.523945,271.0,193.0,464.0
2025-04-20 17:00:00+02:00,19.5,43.93234,6.9,0.0,994.4842,100.0,19.935354,264.0,161.0,425.0
2025-04-20 18:00:00+02:00,16.85,48.937027,6.05,0.0,995.06683,44.0,23.370209,55.0,192.0,247.0
2025-04-20 19:00:00+02:00,14.35,66.76512,8.25,2.6,996.14764,100.0,13.861168,75.0,99.0,174.0
2025-04-20 20:00:00+02:00,13.15,82.30194,10.2,2.0,995.9978,99.0,8.36758,0.0,24.0,24.0
2025-04-20 21:00:00+02:00,12.2,79.45711,8.75,0.0,997.1424,1.0,13.243156,0.0,3.0,3.0
2025-04-20 22:00:00+02:00,11.05,80.927086,7.9,0.0,996.9939,0.0,10.486448,0.0,0.0,0.0
2025-04-20 23:00:00+02:00,10.0,84.169914,7.45,0.0,997.2445,0.0,7.7734165,0.0,0.0,0.0
2025-04-21 00:00:00+02:00,9.25,85.83145,7.0,0.0,997.4092,0.0,7.10031,0.0,0.0,0.0
2025-04-21 01:00:00+02:00,8.15,89.95309,6.6,0.0,997.26215,0.0,4.4456716,0.0,0.0,0.0
2025-04-21 02:00:00+02:00,7.5,91.15344,6.15,0.0,997.33215,0.0,1.1525624,0.0,0.0,0.0
2025-04-21 03:00:00+02:00,7.45,92.73469,6.35,0.0,997.3299,11.0,6.6818557,0.0,0.0,0.0
2025-04-21 04:00:00+02:00,6.6,93.00874,5.55,0.0,997.6867,0.0,2.9301877,0.0,0.0,0.0
2025-04-21 05:00:00+02:00,6.15,93.30827,5.15,0.0,998.1604,2.0,3.01735,0.0,0.0,0.0
2025-04-21 06:00:00+02:00,6.0,92.97615,4.95,0.0,997.9563,2.0,1.6981165,0.0,0.0,0.0
2025-04-21 07:00:00+02:00,6.0,93.95206,5.1,0.0,998.0551,0.0,1.3104197,4.0,8.0,12.0
2025-04-21 08:00:00+02:00,8.0,84.814476,5.6,0.0,998.4403,0.0,4.445672,69.0,47.0,116.0
2025-04-21 09:00:00+02:00,10.3,72.89477,5.65,0.0,999.1342,1.0,6.8777895,203.0,73.0,276.0
2025-04-21 10:00:00+02:00,12.45,64.77608,6.0,0.0,999.2274,1.0,6.8919086,351.0,89.0,440.0
2025-04-21 11:00:00+02:00,15.05,54.70933,6.0,0.0,999.43695,89.0,9.54679,503.0,95.0,598.0
2025-04-21 12:00:00+02:00,16.65,47.711517,5.5,0.0,999.6029,92.0,14.835537,528.0,146.0,674.0
2025-04-21 13:00:00+02:00,16.2,47.918446,5.15,0.0,999.6829,100.0,15.778516,179.0,285.0,464.0
2025-04-21 14:00:00+02:00,16.55,45.734295,4.8,0.0,999.7964,100.0,15.914484,300.0,279.0,579.0
2025-04-21 15:00:00+02:00,15.65,54.115543,6.4,0.1,1000.0551,100.0,11.362834,130.0,242.0,372.0
2025-04-21 16:00:00+02:00,15.55,55.78957,6.75,0.1,1000.14954,100.0,13.202726,27.0,256.0,283.0
2025-04-21 17:00:00+02:00,15.25,50.56795,5.05,0.1,1000.13696,91.0,14.019216,54.0,207.0,261.0
2025-04-21 18:00:00+02:00,15.45,51.68743,5.55,0.0,1000.2442,100.0,12.440851,182.0,131.0,313.0
2025-04-21 19:00:00+02:00,13.35,68.39451,7.65,0.2,1000.45135,90.0,13.379461,59.0,110.0,169.0
2025-04-21 20:00:00+02:00,12.35,78.94394,8.8,0.5,1000.9022,93.0,9.165871,11.0,54.0,65.0
2025-04-21 21:00:00+02:00,11.45,83.76828,8.8,0.1,1001.45593,99.0,6.379216,0.0,4.0,4.0
2025-04-21 22:00:00+02:00,10.75,88.94137,9.0,0.0,1001.8208,82.0,7.2359104,0.0,0.0,0.0
2025-04-21 23:00:00+02:00,10.3,90.11468,8.75,0.0,1002.0972,97.0,10.228373,0.0,0.0,0.0
2025-04-22 00:00:00+02:00,9.7,91.921,8.45,0.0,1002.56464,15.0,10.234705,0.0,0.0,0.0
2025-04-22 01:00:00+02:00,9.05,93.774475,8.1,0.0,1002.931,23.0,10.120099,0.0,0.0,0.0
2025-04-22 02:00:00+02:00,8.4,95.355286,7.7,0.0,1003.1986,8.0,10.587918,0.0,0.0,0.0
2025-04-22 03:00:00+02:00,8.85,96.34708,8.3,0.0,1003.31726,28.0,8.490582,0.0,0.0,0.0
2025-04-22 04:00:00+02:00,8.45,96.33565,7.9,0.0,1003.5959,32.0,9.167638,0.0,0.0,0.0
2025-04-22 05:00:00+02:00,8.05,96.65332,7.55,0.0,1003.7758,5.0,7.9077177,0.0,0.0,0.0
2025-04-22 06:00:00+02:00,7.55,97.63749,7.2,0.0,1003.8521,92.0,7.3997297,0.0,0.0,0.0
2025-04-22 07:00:00+02:00,7.45,97.970345,7.15,0.0,1004.2428,100.0,8.037761,3.0,10.0,13.0
2025-04-22 08:00:00+02:00,8.8,93.762474,7.85,0.0,1004.89526,94.0,8.161764,37.0,66.0,103.0
2025-04-22 09:00:00+02:00,10.85,84.267426,8.3,0.0,1005.57837,100.0,9.418662,158.0,104.0,262.0
2025-04-22 10:00:00+02:00,12.3,76.82847,8.35,0.0,1006.0364,100.0,8.654987,100.0,209.0,309.0
2025-04-22 11:00:00+02:00,14.2,65.608665,7.85,0.0,1006.31586,100.0,7.7900705,163.0,272.0,435.0
2025-04-22 12:00:00+02:00,15.7,55.827995,6.9,0.1,1005.8856,36.0,8.490582,272.0,244.0,516.0
2025-04-22 13:00:00+02:00,16.8,48.754597,5.95,0.1,1005.7345,47.0,7.570707,349.0,207.0,556.0
2025-04-22 14:00:00+02:00,17.35,48.237057,6.3,0.1,1005.6588,53.0,8.891344,446.0,155.0,601.0
2025-04-22 15:00:00+02:00,17.35,50.613728,7.0,0.0,1005.8563,42.0,9.939196,81.0,271.0,352.0
2025-04-22 16:00:00+02:00,16.85,56.888332,8.25,0.0,1005.9343,79.0,7.689603,232.0,222.0,454.0
2025-04-22 17:00:00+02:00,17.15,57.15664,8.6,0.2,1005.4529,44.0,2.995797,182.0,168.0,350.0
2025-04-22 18:00:00+02:00,17.4,54.942265,8.25,0.0,1005.3645,8.0,2.5264204,225.0,121.0,346.0
2025-04-22 19:00:00+02:00,15.15,67.16018,9.1,0.4,1005.9613,100.0,11.246759,135.0,77.0,212.0
2025-04-22 20:00:00+02:00,12.95,82.8288,10.1,0.4,1005.9657,99.0,7.4128532,20.0,41.0,61.0
2025-04-22 21:00:00+02:00,12.3,88.182045,10.4,0.0,1006.3327,99.0,2.6208394,0.0,4.0,4.0
2025-04-22 22:00:00+02:00,11.6,92.6523,10.45,0.0,1006.5987,89.0,0.56920993,0.0,0.0,0.0
2025-04-22 23:00:00+02:00,10.9,94.17674,10.0,0.0,1006.76556,1.0,0.71999997,0.0,0.0,0.0
2025-04-23 00:00:00+02:00,10.3,96.38804,9.75,0.0,1006.6406,7.0,0.8049845,0.0,0.0,0.0
2025-04-23 01:00:00+02:00,9.55,98.3339,9.3,0.0,1006.5086,3.0,1.6981165,0.0,0.0,0.0
2025-04-23 02:00:00+02:00,8.85,98.99182,8.7,0.0,1006.37885,7.0,3.563818,0.0,0.0,0.0
2025-04-23 03:00:00+02:00,8.7,98.32272,8.45,0.0,1005.8784,86.0,4.3349743,0.0,0.0,0.0
2025-04-23 04:00:00+02:00,8.2,98.31609,7.95,0.0,1005.5601,100.0,3.494968,0.0,0.0,0.0
2025-04-23 05:00:00+02:00,8.55,97.65603,8.2,0.0,1005.1804,100.0,5.4744864,0.0,0.0,0.0
2025-04-23 06:00:00+02:00,8.4,97.653275,8.05,0.0,1004.7788,100.0,3.9518096,0.0,0.0,0.0
2025-04-23 07:00:00+02:00,8.15,97.64865,7.8,0.0,1004.57025,100.0,6.048107,0.0,11.0,11.0
2025-04-23 08:00:00+02:00,9.25,91.89328,8.0,0.0,1004.6189,100.0,3.8183763,9.0,61.0,70.0
2025-04-23 09:00:00+02:00,11.7,78.847946,8.15,0.0,1004.23254,93.0,4.4456716,86.0,137.0,223.0
2025-04-23 10:00:00+02:00,14.4,65.65218,8.05,0.0,1003.9535,23.0,3.4623692,256.0,148.0,404.0
2025-04-23 11:00:00+02:00,16.75,54.03214,7.4,0.0,1003.2627,3.0,2.3469126,453.0,138.0,591.0
2025-04-23 12:00:00+02:00,18.7,46.020664,6.85,0.0,1002.4544,1.0,3.0652893,566.0,129.0,695.0
2025-04-23 13:00:00+02:00,20.3,40.25716,6.35,0.0,1001.4333,52.0,6.0721655,606.0,131.0,737.0
2025-04-23 14:00:00+02:00,17.2,60.13418,9.4,0.9,1001.6017,97.0,14.148046,447.0,210.0,657.0
2025-04-23 15:00:00+02:00,17.55,48.96071,6.7,0.3,1001.12256,79.0,7.4672885,448.0,167.0,615.0
2025-04-23 16:00:00+02:00,19.3,40.669655,5.6,0.0,999.9104,100.0,5.692099,389.0,177.0,566.0
2025-04-23 17:00:00+02:00,18.05,45.366776,6.05,0.1,999.6613,100.0,10.075177,237.0,179.0,416.0
2025-04-23 18:00:00+02:00,15.35,68.570435,9.6,0.7,999.9437,100.0,9.860649,45.0,144.0,189.0
2025-04-23 19:00:00+02:00,15.0,73.24854,10.25,0.4,1000.12634,100.0,5.2478566,4.0,103.0,107.0
2025-04-23 20:00:00+02:00,14.1,74.825455,9.7,0.3,1000.2858,100.0,5.5596404,0.0,35.0,35.0
2025-04-23 21:00:00+02:00,13.2,86.235344,10.95,0.4,1000.8403,100.0,2.4482648,0.0,3.0,3.0
2025-04-23 22:00:00+02:00,12.5,93.62661,11.5,0.5,1001.4027,100.0,5.6060677,0.0,0.0,0.0
2025-04-23 23:00:00+02:00,12.05,99.016846,11.9,1.3,1001.6795,100.0,6.489992,0.0,0.0,0.0
2025-04-24 00:00:00+02:00,11.75,99.34207,11.65,1.8,1001.6666,100.0,7.0107627,0.0,0.0,0.0
2025-04-24 01:00:00+02:00,11.4,99.01184,11.25,1.4,1001.5528,100.0,6.3690495,0.0,0.0,0.0
2025-04-24 02:00:00+02:00,10.95,98.352066,10.7,0.8,1001.4342,100.0,10.948973,0.0,0.0,0.0
2025-04-24 03:00:00+02:00,10.3,98.01532,10.0,0.5,1001.6034,100.0,7.889259,0.0,0.0,0.0
2025-04-24 04:00:00+02:00,10.05,98.340416,9.8,1.0,1001.79,100.0,8.669949,0.0,0.0,0.0
2025-04-24 05:00:00+02:00,9.8,98.33717,9.55,1.9,1001.8777,100.0,8.827344,0.0,0.0,0.0
2025-04-24 06:00:00+02:00,9.5,98.66462,9.3,2.1,1001.7657,100.0,10.094454,0.0,0.0,0.0
2025-04-24 07:00:00+02:00,9.4,98.33193,9.15,0.9,1001.8601,100.0,10.075177,0.0,2.0,2.0
2025-04-24 08:00:00+02:00,9.35,98.331276,9.1,0.8,1002.1542,100.0,11.246759,0.0,17.0,17.0
2025-04-24 09:00:00+02:00,9.6,98.33455,9.35,1.0,1002.4614,100.0,11.328566,1.0,46.0,47.0
2025-04-24 10:00:00+02:00,10.65,90.7498,9.2,0.4,1002.7054,100.0,11.9466305,2.0,109.0,111.0
2025-04-24 11:00:00+02:00,11.7,88.42525,9.85,0.3,1002.9485,100.0,8.099999,28.0,162.0,190.0
2025-04-24 12:00:00+02:00,12.7,82.79811,9.85,0.1,1003.09045,100.0,7.748368,29.0,253.0,282.0
2025-04-24 13:00:00+02:00,13.85,69.904434,8.45,0.1,1002.94226,100.0,7.9138603,46.0,279.0,325.0
2025-04-24 14:00:00+02:00,12.95,76.41482,8.9,2.4,1003.1011,84.0,9.3340025,169.0,191.0,360.0
2025-04-24 15:00:00+02:00,13.1,78.78893,9.5,0.2,1003.6016,68.0,8.587338,93.0,284.0,377.0
2025-04-24 16:00:00+02:00,13.75,75.77728,9.55,0.2,1003.33307,83.0,6.544677,225.0,201.0,426.0
2025-04-24 17:00:00+02:00,13.0,79.57197,9.55,0.1,1003.10333,99.0,5.983477,199.0,150.0,349.0
2025-04-24 18:00:00+02:00,13.15,81.48098,10.05,0.4,1003.20874,96.0,4.3498964,138.0,142.0,280.0
2025-04-24 19:00:00+02:00,12.85,83.09396,10.05,0.1,1003.0971,99.0,4.5572357,65.0,85.0,150.0
2025-04-24 20:00:00+02:00,11.9,88.44237,10.05,0.3,1003.15485,80.0,1.5379207,35.0,49.0,84.0
2025-04-24 21:00:00+02:00,10.8,89.54681,9.15,0.4,1003.69965,64.0,0.742159,1.0,5.0,6.0
2025-04-24 22:00:00+02:00,10.3,91.339714,8.95,0.0,1003.9739,31.0,0.54,0.0,0.0,0.0
2025-04-24 23:00:00+02:00,9.7,93.8055,8.75,0.0,1004.1449,17.0,0.742159,0.0,0.0,0.0
2025-04-25 00:00:00+02:00,8.8,96.67292,8.3,0.0,1004.30273,85.0,0.8049845,0.0,0.0,0.0
2025-04-25 01:00:00+02:00,8.2,97.98233,7.9,0.0,1004.4737,100.0,0.40249225,0.0,0.0,0.0
2025-04-25 02:00:00+02:00,7.8,99.32125,7.7,0.0,1004.357,100.0,1.08,0.0,0.0,0.0
2025-04-25 03:00:00+02:00,8.75,97.99105,8.45,0.0,1004.39923,27.0,4.8466477,0.0,0.0,0.0
2025-04-25 04:00:00+02:00,8.6,97.656944,8.25,0.0,1004.59015,70.0,6.1858225,0.0,0.0,0.0
2025-04-25 05:00:00+02:00,8.75,97.0,8.3,0.0,1004.39923,75.0,7.731622,0.0,0.0,0.0
2025-04-25 06:00:00+02:00,9.2,95.7074,8.55,0.0,1004.7154,100.0,10.310403,0.0,0.0,0.0
2025-04-25 07:00:00+02:00,9.55,95.075,8.8,0.0,1005.3235,100.0,11.953409,1.0,10.0,11.0
2025-04-25 08:00:00+02:00,10.2,91.95162,8.95,0.1,1005.84607,100.0,12.661564,3.0,49.0,52.0
2025-04-25 09:00:00+02:00,10.9,86.87847,8.8,0.1,1006.07416,100.0,13.403656,17.0,112.0,129.0
2025-04-25 10:00:00+02:00,11.05,85.15006,8.65,0.1,1006.37714,100.0,11.832176,0.0,114.0,114.0
2025-04-25 11:00:00+02:00,11.75,79.93205,8.4,0.0,1006.9017,100.0,12.108261,10.0,193.0,203.0
2025-04-25 12:00:00+02:00,12.3,75.53628,8.1,0.0,1007.22174,100.0,12.358542,29.0,202.0,231.0
2025-04-25 13:00:00+02:00,13.4,67.940094,7.6,0.0,1007.26953,100.0,13.149859,125.0,297.0,422.0
2025-04-25 14:00:00+02:00,14.3,63.649124,7.5,0.0,1007.2092,100.0,13.049689,313.0,250.0,563.0
2025-04-25 15:00:00+02:00,15.15,56.264862,6.5,0.1,1007.1468,94.0,14.734735,219.0,286.0,505.0
2025-04-25 16:00:00+02:00,15.55,54.46318,6.4,0.0,1007.0649,73.0,14.248452,178.0,284.0,462.0
2025-04-25 17:00:00+02:00,15.55,53.71782,6.2,0.0,1006.86725,65.0,14.572221,91.0,243.0,334.0
2025-04-25 18:00:00+02:00,15.2,54.184437,6.0,0.0,1007.0499,41.0,13.684735,104.0,163.0,267.0
2025-04-25 19:00:00+02:00,14.7,56.344044,6.1,0.0,1006.93,15.0,12.10157,95.0,99.0,194.0
2025-04-25 20:00:00+02:00,13.35,63.433086,6.55,0.0,1007.2673,20.0,11.334285,31.0,44.0,75.0
2025-04-25 21:00:00+02:00,11.85,69.03009,6.35,0.0,1007.5975,34.0,12.810386,1.0,6.0,7.0
2025-04-25 22:00:00+02:00,11.35,72.33711,6.55,0.0,1008.267,28.0,13.306615,0.0,0.0,0.0
2025-04-25 23:00:00+02:00,10.5,78.93911,7.0,0.0,1008.6249,55.0,10.04458,0.0,0.0,0.0
2025-04-26 00:00:00+02:00,9.75,84.14107,7.2,0.0,1008.88776,56.0,8.792405,0.0,0.0,0.0
2025-04-26 01:00:00+02:00,9.5,85.85752,7.25,0.0,1008.97546,16.0,9.292255,0.0,0.0,0.0
2025-04-26 02:00:00+02:00,9.0,87.2892,7.0,0.0,1008.8545,48.0,8.958504,0.0,0.0,0.0
2025-04-26 03:00:00+02:00,8.45,89.97587,6.9,0.0,1008.9289,72.0,9.485504,0.0,0.0,0.0
2025-04-26 04:00:00+02:00,8.05,90.25531,6.55,0.0,1008.71375,9.0,9.187056,0.0,0.0,0.0
2025-04-26 05:00:00+02:00,7.7,90.85347,6.3,0.0,1008.59906,6.0,9.080639,0.0,0.0,0.0
2025-04-26 06:00:00+02:00,7.35,91.14329,6.0,0.0,1008.58325,2.0,9.059205,0.0,0.0,0.0
2025-04-26 07:00:00+02:00,7.4,91.46178,6.1,0.0,1008.9805,0.0,9.807935,8.0,13.0,21.0
2025-04-26 08:00:00+02:00,8.85,86.97613,6.8,0.0,1009.2429,0.0,9.449572,82.0,53.0,135.0
2025-04-26 09:00:00+02:00,10.55,74.724236,6.25,0.0,1009.31836,0.0,10.44,220.0,77.0,297.0
2025-04-26 10:00:00+02:00,12.35,65.88133,6.15,0.0,1009.1007,29.0,9.840914,374.0,90.0,464.0
2025-04-26 11:00:00+02:00,14.3,60.464127,6.75,0.0,1008.78986,15.0,10.8792095,504.0,105.0,609.0
2025-04-26 12:00:00+02:00,16.0,50.77181,5.8,0.0,1008.4671,5.0,13.1041975,611.0,109.0,720.0
2025-04-26 13:00:00+02:00,17.8,42.99945,5.05,0.0,1008.0489,100.0,15.564537,675.0,113.0,788.0
2025-04-26 14:00:00+02:00,17.55,46.334995,5.9,0.0,1007.74207,80.0,15.12107,205.0,272.0,477.0
2025-04-26 15:00:00+02:00,18.4,43.621006,5.8,0.0,1007.8762,91.0,14.589996,230.0,279.0,509.0
2025-04-26 16:00:00+02:00,18.3,43.592613,5.7,0.0,1007.7734,100.0,14.77755,178.0,263.0,441.0
2025-04-26 17:00:00+02:00,18.25,44.95549,6.1,0.0,1007.67236,51.0,13.679999,104.0,245.0,349.0
2025-04-26 18:00:00+02:00,18.25,43.729546,5.7,0.0,1007.47473,100.0,11.767651,216.0,133.0,349.0
2025-04-26 19:00:00+02:00,17.35,49.753304,6.75,0.0,1007.5359,100.0,8.019601,82.0,114.0,196.0
2025-04-26 20:00:00+02:00,15.8,53.047745,6.25,0.0,1007.56946,98.0,9.360001,21.0,61.0,82.0
2025-04-26 21:00:00+02:00,14.05,60.404076,6.5,0.0,1008.2851,49.0,12.081473,1.0,7.0,8.0
2025-04-26 22:00:00+02:00,12.75,65.516136,6.45,0.0,1008.92053,67.0,15.922626,0.0,0.0,0.0
2025-04-26 23:00:00+02:00,11.9,67.62725,6.1,0.0,1009.77277,99.0,12.0921955,0.0,0.0,0.0
2025-04-27 00:00:00+02:00,10.9,71.75615,6.0,0.0,1010.02496,97.0,11.414043,0.0,0.0,0.0
2025-04-27 01:00:00+02:00,10.3,73.40119,5.75,0.0,1010.29504,100.0,10.990322,0.0,0.0,0.0
2025-04-27 02:00:00+02:00,9.8,74.078186,5.4,0.0,1010.3715,92.0,10.805998,0.0,0.0,0.0
2025-04-27 03:00:00+02:00,9.95,71.57542,5.05,0.0,1010.0819,78.0,9.252069,0.0,0.0,0.0
2025-04-27 04:00:00+02:00,9.55,72.25114,4.8,0.0,1010.1629,98.0,10.158444,0.0,0.0,0.0
2025-04-27 05:00:00+02:00,9.25,71.94278,4.45,0.0,1010.44586,91.0,10.8672905,0.0,0.0,0.0
2025-04-27 06:00:00+02:00,8.5,73.32986,4.0,0.0,1010.70886,46.0,11.521406,0.0,0.0,0.0
2025-04-27 07:00:00+02:00,8.5,72.30682,3.8,0.0,1011.1039,7.0,11.931705,7.0,15.0,22.0
2025-04-27 08:00:00+02:00,9.7,70.044914,4.5,0.0,1011.6511,0.0,10.692969,77.0,59.0,136.0
2025-04-27 09:00:00+02:00,11.15,62.487164,4.25,0.0,1012.1103,0.0,10.948973,230.0,76.0,306.0
2025-04-27 10:00:00+02:00,12.7,59.247253,4.95,0.0,1012.0792,76.0,9.1958685,383.0,89.0,472.0
2025-04-27 11:00:00+02:00,14.3,57.025375,5.9,0.0,1012.3461,100.0,8.783189,479.0,126.0,605.0
2025-04-27 12:00:00+02:00,15.75,54.3282,6.55,0.0,1012.40814,100.0,8.783189,524.0,174.0,698.0
2025-04-27 13:00:00+02:00,17.05,49.330715,6.35,0.0,1012.06824,100.0,8.019601,597.0,172.0,769.0
2025-04-27 14:00:00+02:00,18.0,45.82471,6.15,0.0,1012.00916,100.0,8.274128,634.0,162.0,796.0
2025-04-27 15:00:00+02:00,18.95,40.0089,5.05,0.0,1011.8512,100.0,9.7565975,614.0,154.0,768.0
2025-04-27 16:00:00+02:00,19.2,39.94179,5.25,0.0,1011.56525,90.0,9.939196,540.0,146.0,686.0
2025-04-27 17:00:00+02:00,19.2,42.07188,6.0,0.0,1011.3676,88.0,9.913082,429.0,136.0,565.0
2025-04-27 18:00:00+02:00,18.85,43.000416,6.0,0.0,1011.3531,99.0,9.339208,289.0,122.0,411.0
2025-04-27 19:00:00+02:00,18.2,45.096767,6.1,0.0,1011.5237,95.0,7.4932766,181.0,81.0,262.0
2025-04-27 20:00:00+02:00,16.3,58.315285,8.1,0.0,1011.5424,94.0,7.029225,51.0,54.0,105.0
2025-04-27 21:00:00+02:00,14.45,66.560326,8.3,0.0,1012.25354,76.0,7.729527,2.0,9.0,11.0
2025-04-27 22:00:00+02:00,13.0,73.13601,8.3,0.0,1012.6849,65.0,7.674842,0.0,0.0,0.0
2025-04-27 23:00:00+02:00,12.1,75.50276,7.9,0.0,1013.0409,87.0,8.557102,0.0,0.0,0.0
2025-04-28 00:00:00+02:00,11.4,75.90222,7.3,0.0,1013.0104,88.0,8.049845,0.0,0.0,0.0
2025-04-28 01:00:00+02:00,10.85,75.55091,6.7,0.0,1013.0849,71.0,7.9077177,0.0,0.0,0.0
2025-04-28 02:00:00+02:00,10.05,77.7941,6.35,0.0,1013.0493,79.0,8.281956,0.0,0.0,0.0
2025-04-28 03:00:00+02:00,9.45,78.23988,5.85,0.0,1012.825,89.0,7.928177,0.0,0.0,0.0
2025-04-28 04:00:00+02:00,8.45,82.54949,5.65,0.0,1012.8793,86.0,8.574123,0.0,0.0,0.0
2025-04-28 05:00:00+02:00,7.9,84.21701,5.4,0.0,1012.95325,90.0,7.5105524,0.0,0.0,0.0
2025-04-28 06:00:00+02:00,7.55,85.35529,5.25,0.0,1013.1352,68.0,7.6409945,0.0,0.0,0.0
2025-04-28 07:00:00+02:00,7.75,84.786476,5.35,0.0,1013.3416,1.0,7.9567327,8.0,16.0,24.0
2025-04-28 08:00:00+02:00,9.35,79.86362,6.05,0.0,1013.70953,2.0,6.198903,88.0,57.0,145.0
2025-04-28 09:00:00+02:00,11.7,72.15423,6.85,0.0,1013.91235,16.0,4.6938257,232.0,78.0,310.0
2025-04-28 10:00:00+02:00,14.1,64.25885,7.45,0.0,1013.918,35.0,4.6102495,378.0,95.0,473.0
2025-04-28 11:00:00+02:00,16.35,56.377087,7.65,0.0,1014.01416,48.0,4.7110505,510.0,108.0,618.0
2025-04-28 12:00:00+02:00,18.2,45.88077,6.35,0.0,1013.9938,54.0,6.391901,613.0,117.0,730.0
2025-04-28 13:00:00+02:00,19.25,37.657867,4.45,0.0,1013.83966,67.0,7.989242,673.0,124.0,797.0
2025-04-28 14:00:00+02:00,19.95,32.6749,3.05,0.0,1013.4737,63.0,7.8954163,691.0,126.0,817.0
2025-04-28 15:00:00+02:00,20.85,28.687729,2.0,0.0,1013.01685,39.0,9.059205,677.0,117.0,794.0
2025-04-28 16:00:00+02:00,20.85,28.996176,2.15,0.0,1012.8193,0.0,10.018743,612.0,105.0,717.0
2025-04-28 17:00:00+02:00,20.65,30.634388,2.75,0.0,1012.4158,0.0,10.172787,501.0,96.0,597.0
2025-04-28 18:00:00+02:00,20.2,33.564693,3.65,0.0,1012.19946,0.0,10.5234585,359.0,86.0,445.0
2025-04-28 19:00:00+02:00,19.25,40.937992,5.65,0.0,1012.16003,0.0,9.087772,205.0,70.0,275.0
2025-04-28 20:00:00+02:00,17.3,53.44298,7.75,0.0,1012.1775,0.0,7.928178,69.0,46.0,115.0
2025-04-28 21:00:00+02:00,15.45,59.105892,7.5,0.0,1012.69165,0.0,9.9587345,4.0,8.0,12.0
2025-04-28 22:00:00+02:00,14.3,62.357777,7.2,0.0,1013.2351,0.0,11.132385,0.0,0.0,0.0
2025-04-28 23:00:00+02:00,13.15,64.48715,6.6,0.0,1013.5806,0.0,10.711135,0.0,0.0,0.0
2025-04-29 00:00:00+02:00,12.4,66.11976,6.25,0.0,1013.7454,0.0,10.385547,0.0,0.0,0.0
2025-04-29 01:00:00+02:00,11.8,69.49695,6.4,0.0,1013.6205,0.0,9.693296,0.0,0.0,0.0
2025-04-29 02:00:00+02:00,11.35,71.84121,6.45,0.0,1013.50195,0.0,9.387651,0.0,0.0,0.0
2025-04-29 03:00:00+02:00,11.15,66.30715,5.1,0.0,1012.9005,0.0,8.9873905,0.0,0.0,0.0
2025-04-29 04:00:00+02:00,10.6,69.01457,5.15,0.0,1012.7776,0.0,8.4963045,0.0,0.0,0.0
2025-04-29 05:00:00+02:00,9.7,73.03793,5.1,0.0,1012.83624,0.0,7.8954163,0.0,0.0,0.0
2025-04-29 06:00:00+02:00,9.0,75.23685,4.85,0.0,1013.1013,0.0,9.567131,0.0,0.0,0.0
2025-04-29 07:00:00+02:00,9.1,74.21208,4.75,0.0,1013.30334,0.0,9.037721,12.0,16.0,28.0
2025-04-29 08:00:00+02:00,11.0,69.57646,5.65,0.0,1013.7828,0.0,8.139901,99.0,54.0,153.0
2025-04-29 09:00:00+02:00,13.4,61.7212,6.2,0.0,1014.0854,0.0,6.9153743,243.0,76.0,319.0
2025-04-29 10:00:00+02:00,15.8,54.71589,6.7,0.0,1014.08966,0.0,8.415842,396.0,90.0,486.0
2025-04-29 11:00:00+02:00,18.05,46.315037,6.35,0.0,1013.88855,4.0,7.8480825,532.0,101.0,633.0
2025-04-29 12:00:00+02:00,19.85,38.76245,5.4,0.0,1013.76605,18.0,8.43699,638.0,108.0,746.0
2025-04-29 13:00:00+02:00,20.95,36.596798,5.55,0.0,1013.41595,52.0,8.587338,696.0,116.0,812.0
2025-04-29 14:00:00+02:00,21.65,37.179874,6.4,0.0,1013.0497,86.0,8.149847,701.0,126.0,827.0
2025-04-29 15:00:00+02:00,23.1,29.526659,4.35,0.0,1012.318,100.0,7.6579366,630.0,154.0,784.0
2025-04-29 16:00:00+02:00,23.2,30.286041,4.8,0.0,1011.82806,100.0,8.65873,523.0,167.0,690.0
2025-04-29 17:00:00+02:00,22.9,31.382599,5.05,0.0,1011.22296,100.0,10.24578,316.0,211.0,527.0
2025-04-29 18:00:00+02:00,22.3,33.580254,5.5,0.0,1011.0009,99.0,11.39842,215.0,170.0,385.0
2025-04-29 19:00:00+02:00,21.4,37.753086,6.4,0.0,1010.9645,62.0,10.158444,141.0,107.0,248.0
2025-04-29 20:00:00+02:00,19.4,49.969433,8.7,0.0,1010.783,0.0,10.441552,60.0,53.0,113.0
2025-04-29 21:00:00+02:00,17.4,59.779182,9.5,0.0,1011.29236,0.0,11.672275,4.0,9.0,13.0
2025-04-29 22:00:00+02:00,16.05,67.799965,10.1,0.0,1011.8279,7.0,10.315115,0.0,0.0,0.0
2025-04-29 23:00:00+02:00,14.9,72.01634,9.9,0.0,1011.9767,3.0,10.472536,0.0,0.0,0.0
2025-04-30 00:00:00+02:00,14.1,73.82782,9.5,0.0,1012.1399,8.0,10.315115,0.0,0.0,0.0
2025-04-30 01:00:00+02:00,13.5,74.97512,9.15,0.0,1012.2126,0.0,9.7880945,0.0,0.0,0.0
2025-04-30 02:00:00+02:00,12.95,76.67305,8.95,0.0,1011.9912,0.0,9.290511,0.0,0.0,0.0
2025-04-30 03:00:00+02:00,12.4,69.61699,7.0,0.0,1011.1772,0.0,9.252069,0.0,0.0,0.0
2025-04-30 04:00:00+02:00,11.7,73.15017,7.05,0.0,1011.2454,0.0,9.807935,0.0,0.0,0.0
2025-04-30 05:00:00+02:00,11.1,76.8981,7.2,0.0,1011.12036,0.0,9.1958685,0.0,0.0,0.0
2025-04-30 06:00:00+02:00,10.6,79.22461,7.15,0.0,1011.09845,0.0,9.449572,0.0,0.0,0.0
2025-04-30 07:00:00+02:00,10.75,78.169754,7.1,0.0,1011.2039,19.0,9.931042,13.0,17.0,30.0
2025-04-30 08:00:00+02:00,12.35,72.52219,7.55,0.0,1011.4714,18.0,8.714677,99.0,55.0,154.0
2025-04-30 09:00:00+02:00,14.85,63.77342,8.05,0.0,1011.7768,23.0,6.1305785,238.0,78.0,316.0
2025-04-30 10:00:00+02:00,17.55,51.015396,7.3,0.0,1011.694,27.0,6.7565966,385.0,93.0,478.0
2025-04-30 11:00:00+02:00,19.8,43.716743,7.1,0.0,1011.4913,44.0,5.6060677,517.0,104.0,621.0
2025-04-30 12:00:00+02:00,21.8,37.99772,6.85,0.0,1011.27704,41.0,5.4744864,621.0,109.0,730.0
2025-04-30 13:00:00+02:00,23.3,33.51748,6.35,0.0,1011.0415,71.0,6.3639607,683.0,114.0,797.0
2025-04-30 14:00:00+02:00,24.3,30.807796,6.0,0.0,1010.68665,39.0,6.618519,702.0,114.0,816.0
2025-04-30 15:00:00+02:00,26.2,22.62622,3.2,0.0,1009.8726,10.0,6.522361,676.0,111.0,787.0
2025-04-30 16:00:00+02:00,26.4,23.408503,3.85,0.0,1009.2876,5.0,7.1389914,604.0,105.0,709.0
2025-04-30 17:00:00+02:00,26.15,25.038393,4.6,0.0,1008.6847,0.0,8.534353,491.0,98.0,589.0
2025-04-30 18:00:00+02:00,25.45,27.403065,5.3,0.0,1008.3603,0.0,10.134496,351.0,87.0,438.0
2025-04-30 19:00:00+02:00,24.4,30.518183,5.95,0.0,1008.51624,0.0,10.699028,202.0,72.0,274.0
2025-04-30 20:00:00+02:00,22.85,35.891876,6.95,0.0,1008.4541,1.0,9.208192,70.0,48.0,118.0
2025-04-30 21:00:00+02:00,21.0,42.873657,7.9,0.0,1008.67523,0.0,6.638072,5.0,9.0,14.0
2025-04-30 22:00:00+02:00,19.7,48.551716,8.55,0.0,1009.0169,1.0,9.446141,0.0,0.0,0.0
2025-04-30 23:00:00+02:00,18.6,53.782246,9.05,0.0,1008.9714,2.0,9.835975,0.0,0.0,0.0
2025-05-01 00:00:00+02:00,17.35,60.982708,9.75,0.0,1008.9191,2.0,9.600937,0.0,0.0,0.0
2025-05-01 01:00:00+02:00,16.25,66.94081,10.1,0.0,1008.97156,3.0,8.856658,0.0,0.0,0.0
2025-05-01 02:00:00+02:00,15.05,73.747856,10.4,0.0,1008.72296,0.0,9.037721,0.0,0.0,0.0
2025-05-01 03:00:00+02:00,12.7,78.729744,9.1,0.0,1008.3257,0.0,8.43699,0.0,0.0,0.0
2025-05-01 04:00:00+02:00,12.2,79.99558,8.85,0.0,1008.4029,0.0,8.714677,0.0,0.0,0.0
2025-05-01 05:00:00+02:00,11.6,82.38328,8.7,0.0,1008.37665,0.0,7.7650757,0.0,0.0,0.0
2025-05-01 06:00:00+02:00,10.9,85.13381,8.5,0.0,1008.44464,0.0,7.7650757,0.0,0.0,0.0
2025-05-01 07:00:00+02:00,10.9,84.55916,8.4,0.0,1008.6422,2.0,8.281956,14.0,18.0,32.0
2025-05-01 08:00:00+02:00,12.85,74.10757,8.35,0.0,1008.92505,0.0,6.3639607,102.0,56.0,158.0
2025-05-01 09:00:00+02:00,15.9,60.639824,8.3,0.0,1008.95667,0.0,4.8366103,243.0,77.0,320.0
2025-05-01 10:00:00+02:00,18.95,49.00878,8.0,0.0,1009.18353,0.0,4.4456716,391.0,92.0,483.0
2025-05-01 11:00:00+02:00,21.75,40.25697,7.65,0.0,1008.90356,0.0,4.278551,526.0,100.0,626.0
2025-05-01 12:00:00+02:00,24.35,33.242626,7.15,0.0,1008.51434,0.0,3.7842832,630.0,106.0,736.0
2025-05-01 13:00:00+02:00,26.3,28.02026,6.35,0.0,1007.9001,0.0,3.3092597,694.0,110.0,804.0
2025-05-01 14:00:00+02:00,27.4,24.088009,5.1,0.0,1007.4489,0.0,4.060985,713.0,109.0,822.0
2025-05-01 15:00:00+02:00,28.7,18.999912,2.8,0.0,1006.5114,1.0,4.7657523,677.0,113.0,790.0
2025-05-01 16:00:00+02:00,29.0,17.82958,2.15,0.0,1005.73206,0.0,6.601363,604.0,105.0,709.0
2025-05-01 17:00:00+02:00,28.8,17.280653,1.55,0.0,1005.2303,9.0,9.339208,504.0,95.0,599.0
2025-05-01 18:00:00+02:00,28.15,16.224707,0.15,0.0,1005.0073,28.0,10.571074,359.0,88.0,447.0
2025-05-01 19:00:00+02:00,27.35,16.514677,-0.25,0.0,1004.87726,28.0,7.8954163,202.0,76.0,278.0
2025-05-01 20:00:00+02:00,25.85,20.1048,1.25,0.0,1004.81854,2.0,1.6199999,73.0,49.0,122.0
2025-05-01 21:00:00+02:00,23.25,25.864471,2.6,0.0,1005.01154,3.0,0.9,5.0,10.0,15.0
2025-05-01 22:00:00+02:00,21.3,32.26135,4.05,0.0,1005.2291,4.0,2.968636,0.0,0.0,0.0
2025-05-01 23:00:00+02:00,20.05,40.603527,6.25,0.0,1005.3756,1.0,1.7727944,0.0,0.0,0.0
2025-05-02 00:00:00+02:00,19.0,47.543648,7.6,0.0,1005.2336,1.0,1.484318,0.0,0.0,0.0
2025-05-02 01:00:00+02:00,17.95,52.71161,8.15,0.0,1004.99243,0.0,0.742159,0.0,0.0,0.0
2025-05-02 02:00:00+02:00,16.95,55.57731,8.0,0.0,1005.0492,6.0,3.2846913,0.0,0.0,0.0
2025-05-02 03:00:00+02:00,14.5,58.26849,6.4,0.0,1004.4518,18.0,6.090812,0.0,0.0,0.0
2025-05-02 04:00:00+02:00,13.9,65.32006,7.5,0.0,1004.4263,21.0,6.156947,0.0,0.0,0.0
2025-05-02 05:00:00+02:00,12.55,72.31228,7.7,0.0,1004.2694,36.0,4.752136,0.0,0.0,0.0
2025-05-02 06:00:00+02:00,11.95,76.772415,8.0,0.0,1004.2433,10.0,5.402999,0.0,0.0,0.0
2025-05-02 07:00:00+02:00,12.65,75.59476,8.45,0.0,1004.4711,8.0,7.7734165,15.0,19.0,34.0
2025-05-02 08:00:00+02:00,14.6,67.04462,8.55,0.0,1004.8513,19.0,6.7565966,92.0,60.0,152.0
2025-05-02 09:00:00+02:00,17.45,55.704884,8.5,0.0,1005.0704,0.0,5.6060677,234.0,81.0,315.0
2025-05-02 10:00:00+02:00,20.45,46.193493,8.5,0.0,1005.09564,0.0,8.019601,377.0,98.0,475.0
2025-05-02 11:00:00+02:00,23.3,39.74725,8.85,0.0,1004.8158,0.0,9.178235,519.0,102.0,621.0
2025-05-02 12:00:00+02:00,25.65,35.955666,9.45,0.0,1004.4154,0.0,9.931042,620.0,109.0,729.0
2025-05-02 13:00:00+02:00,27.4,29.604519,8.1,0.0,1004.1873,35.0,13.379461,685.0,111.0,796.0
2025-05-02 14:00:00+02:00,28.0,26.975752,7.25,0.0,1003.6179,17.0,16.755476,631.0,135.0,766.0
2025-05-02 15:00:00+02:00,28.9,22.773443,5.55,0.0,1002.6642,34.0,18.278645,500.0,174.0,674.0
2025-05-02 16:00:00+02:00,28.8,21.51559,4.65,0.0,1001.86957,61.0,18.25026,466.0,166.0,632.0
2025-05-02 17:00:00+02:00,28.3,25.527952,6.7,0.0,1001.35614,41.0,14.578888,384.0,159.0,543.0
2025-05-02 18:00:00+02:00,27.75,29.400942,8.3,0.0,1001.03827,97.0,14.138882,298.0,113.0,411.0
2025-05-02 19:00:00+02:00,27.0,33.089817,9.4,0.0,1001.30554,89.0,13.767352,168.0,93.0,261.0
2025-05-02 20:00:00+02:00,26.1,35.721916,9.75,0.0,1001.36926,7.0,7.9932976,69.0,51.0,120.0
2025-05-02 21:00:00+02:00,23.65,45.240467,11.1,0.0,1001.46967,13.0,4.060985,5.0,11.0,16.0
2025-05-02 22:00:00+02:00,22.5,51.30249,11.95,0.0,1001.5226,38.0,1.6299692,0.0,0.0,0.0
2025-05-02 23:00:00+02:00,20.9,57.322582,12.15,0.0,1001.2602,68.0,1.4512063,0.0,0.0,0.0
2025-05-03 00:00:00+02:00,19.3,63.495247,12.2,0.0,1001.09607,99.0,3.9312592,0.0,0.0,0.0
2025-05-03 01:00:00+02:00,18.15,69.35787,12.45,0.0,1000.85095,59.0,3.438895,0.0,0.0,0.0
2025-05-03 02:00:00+02:00,17.3,72.69415,12.35,0.0,1000.8158,35.0,4.2175345,0.0,0.0,0.0
2025-05-03 03:00:00+02:00,15.7,71.20927,10.5,0.0,1000.2546,44.0,2.0523157,0.0,0.0,0.0
2025-05-03 04:00:00+02:00,15.55,71.18092,10.35,0.0,1000.0507,72.0,0.8049845,0.0,0.0,0.0
2025-05-03 05:00:00+02:00,15.2,72.55463,10.3,0.0,999.73956,87.0,4.514377,0.0,0.0,0.0
2025-05-03 06:00:00+02:00,14.1,79.1993,10.55,0.0,999.79193,70.0,4.7827187,0.0,0.0,0.0
2025-05-03 07:00:00+02:00,14.2,79.47776,10.7,0.0,999.796,27.0,7.3094187,12.0,21.0,33.0
2025-05-03 08:00:00+02:00,16.35,66.96178,10.2,0.0,999.7879,100.0,11.328566,76.0,69.0,145.0
2025-05-03 09:00:00+02:00,18.55,55.42288,9.45,0.0,999.3856,100.0,14.529915,116.0,141.0,257.0
2025-05-03 10:00:00+02:00,19.85,49.7543,9.05,0.0,998.94495,100.0,16.548256,80.0,222.0,302.0
2025-05-03 11:00:00+02:00,21.2,47.82511,9.7,0.0,998.8021,100.0,17.630814,149.0,260.0,409.0
2025-05-03 12:00:00+02:00,22.4,43.413105,9.35,0.0,998.05994,98.0,20.129442,364.0,242.0,606.0
2025-05-03 13:00:00+02:00,22.45,44.75836,9.85,0.0,997.56775,33.0,19.26084,192.0,296.0,488.0
2025-05-03 14:00:00+02:00,23.6,43.31287,10.4,0.0,996.6255,60.0,20.110117,364.0,196.0,560.0
2025-05-03 15:00:00+02:00,22.8,49.227135,11.6,0.0,996.19836,85.0,20.75627,418.0,208.0,626.0
2025-05-03 16:00:00+02:00,24.15,46.744953,12.05,0.0,995.0663,49.0,18.96503,298.0,230.0,528.0
2025-05-03 17:00:00+02:00,22.25,50.8994,11.6,0.2,994.59534,82.0,20.176065,284.0,171.0,455.0
2025-05-03 18:00:00+02:00,20.6,59.553337,12.45,0.1,994.43005,100.0,14.690691,136.0,134.0,270.0
2025-05-03 19:00:00+02:00,20.2,61.84776,12.65,0.4,994.1174,77.0,12.549757,38.0,114.0,152.0
2025-05-03 20:00:00+02:00,16.65,89.41242,14.9,3.7,994.8608,99.0,12.399113,33.0,60.0,93.0
2025-05-03 21:00:00+02:00,16.3,88.809906,14.45,0.4,995.34033,100.0,8.647496,0.0,8.0,8.0
2025-05-03 22:00:00+02:00,15.55,89.03726,13.75,0.3,996.00037,99.0,10.464797,0.0,0.0,0.0
2025-05-03 23:00:00+02:00,14.45,83.01129,11.6,0.1,996.44794,100.0,11.778658,0.0,0.0,0.0
2025-05-04 00:00:00+02:00,13.9,80.23296,10.55,0.1,996.81995,100.0,10.560341,0.0,0.0,0.0
2025-05-04 01:00:00+02:00,13.65,78.606636,10.0,0.2,997.2044,100.0,7.353611,0.0,0.0,0.0
2025-05-04 02:00:00+02:00,13.1,79.053925,9.55,0.7,997.6748,100.0,6.8541956,0.0,0.0,0.0
2025-05-04 03:00:00+02:00,12.55,92.39866,11.35,0.0,997.75006,7.0,6.7757506,0.0,0.0,0.0
2025-05-04 04:00:00+02:00,10.7,89.237686,9.0,0.0,998.55914,11.0,9.734987,0.0,0.0,0.0
2025-05-04 05:00:00+02:00,9.5,88.83762,7.75,0.0,998.80273,7.0,6.2613096,0.0,0.0,0.0
2025-05-04 06:00:00+02:00,8.45,90.28481,6.95,0.0,999.0529,15.0,3.143565,0.0,0.0,0.0
2025-05-04 07:00:00+02:00,9.2,87.00993,7.15,0.0,999.5797,9.0,8.28,16.0,22.0,38.0
2025-05-04 08:00:00+02:00,9.45,72.48482,4.75,0.0,999.9857,1.0,9.375563,111.0,61.0,172.0
2025-05-04 09:00:00+02:00,10.55,61.90869,3.55,0.0,1000.2316,27.0,11.003581,251.0,87.0,338.0
2025-05-04 10:00:00+02:00,11.85,51.61865,2.2,0.0,1000.3869,69.0,10.261578,326.0,132.0,458.0
2025-05-04 11:00:00+02:00,13.15,44.445694,1.3,0.0,1000.4429,98.0,9.208192,304.0,206.0,510.0
2025-05-04 12:00:00+02:00,13.95,41.14366,0.95,0.0,1000.18085,99.0,9.0018,179.0,306.0,485.0
2025-05-04 13:00:00+02:00,15.05,38.460262,1.0,0.0,999.7333,97.0,10.158444,344.0,281.0,625.0
2025-05-04 14:00:00+02:00,15.45,38.164474,1.25,0.0,999.4539,100.0,11.126562,274.0,301.0,575.0
2025-05-04 15:00:00+02:00,13.9,43.093876,1.55,0.0,1000.27734,100.0,8.197414,26.0,283.0,309.0
2025-05-04 16:00:00+02:00,14.35,42.30763,1.7,0.0,1000.0002,100.0,8.338489,63.0,251.0,314.0
2025-05-04 17:00:00+02:00,14.6,41.038223,1.5,0.0,999.7145,100.0,7.689603,70.0,231.0,301.0
2025-05-04 18:00:00+02:00,14.5,42.04958,1.75,0.0,999.5125,95.0,9.605998,13.0,162.0,175.0
2025-05-04 19:00:00+02:00,14.1,44.401375,2.15,0.0,999.10046,67.0,11.620809,20.0,103.0,123.0
2025-05-04 20:00:00+02:00,13.7,46.058197,2.3,0.0,999.28107,65.0,12.033103,27.0,55.0,82.0
2025-05-04 21:00:00+02:00,12.65,52.947346,3.3,0.0,999.631,45.0,12.320471,4.0,11.0,15.0
2025-05-04 22:00:00+02:00,11.65,58.780697,3.85,0.0,1000.2795,21.0,11.833546,0.0,0.0,0.0
2025-05-04 23:00:00+02:00,11.05,60.733685,3.75,0.0,1000.45087,14.0,12.879752,0.0,0.0,0.0
2025-05-05 00:00:00+02:00,10.15,63.359432,3.5,0.0,1000.5104,50.0,13.288341,0.0,0.0,0.0
2025-05-05 01:00:00+02:00,9.2,66.34753,3.25,0.0,1000.46857,16.0,12.638513,0.0,0.0,0.0
2025-05-05 02:00:00+02:00,8.5,68.82494,3.1,0.0,1000.4378,24.0,13.472372,0.0,0.0,0.0
2025-05-05 03:00:00+02:00,7.6,71.12139,2.7,0.0,1000.79297,99.0,13.737904,0.0,0.0,0.0
2025-05-05 04:00:00+02:00,7.5,71.35462,2.65,0.0,1000.7886,100.0,14.607751,0.0,0.0,0.0
2025-05-05 05:00:00+02:00,7.5,70.59866,2.5,0.0,1000.9861,100.0,15.481046,0.0,0.0,0.0
2025-05-05 06:00:00+02:00,7.25,71.05291,2.35,0.0,1001.07355,100.0,14.84318,0.0,0.0,0.0
2025-05-05 07:00:00+02:00,7.15,70.780846,2.2,0.0,1001.3653,73.0,13.8049555,11.0,23.0,34.0
2025-05-05 08:00:00+02:00,8.15,64.94908,1.95,0.0,1001.41,7.0,15.91041,53.0,85.0,138.0
2025-05-05 09:00:00+02:00,9.95,57.939888,2.05,0.0,1001.4892,4.0,15.702356,246.0,88.0,334.0
2025-05-05 10:00:00+02:00,11.8,52.718582,2.45,0.0,1001.6689,10.0,15.778518,407.0,97.0,504.0
2025-05-05 11:00:00+02:00,13.55,41.622932,0.75,0.0,1001.64526,100.0,18.720863,547.0,105.0,652.0
2025-05-05 12:00:00+02:00,13.95,39.258743,0.3,0.0,1001.86017,99.0,18.201374,198.0,271.0,469.0
2025-05-05 13:00:00+02:00,14.5,36.537266,-0.2,0.0,1001.6858,100.0,18.880276,108.0,331.0,439.0
2025-05-05 14:00:00+02:00,14.9,37.189095,0.4,0.0,1001.9004,100.0,18.11841,168.0,334.0,502.0
2025-05-05 15:00:00+02:00,15.15,34.53316,-0.4,0.0,1002.00977,100.0,17.946821,114.0,328.0,442.0
2025-05-05 16:00:00+02:00,15.4,35.239773,0.1,0.0,1002.02014,100.0,18.975277,250.0,263.0,513.0
2025-05-05 17:00:00+02:00,14.85,37.174397,0.35,0.0,1002.09576,93.0,17.703253,56.0,190.0,246.0
2025-05-05 18:00:00+02:00,14.5,41.60082,1.6,0.0,1002.2785,97.0,18.329973,80.0,167.0,247.0
2025-05-05 19:00:00+02:00,14.25,42.127556,1.55,0.0,1002.26776,63.0,17.692268,76.0,115.0,191.0
2025-05-05 20:00:00+02:00,13.35,43.39985,1.15,0.0,1002.6246,84.0,16.932442,64.0,58.0,122.0
2025-05-05 21:00:00+02:00,12.3,49.05158,1.9,0.0,1003.2707,83.0,13.896187,6.0,13.0,19.0
2025-05-05 22:00:00+02:00,11.45,53.0003,2.2,0.0,1003.72766,73.0,14.428097,0.0,0.0,0.0
2025-05-05 23:00:00+02:00,10.55,56.664867,2.3,0.0,1003.98486,87.0,13.552696,0.0,0.0,0.0
2025-05-06 00:00:00+02:00,9.6,61.02848,2.45,0.0,1004.2392,99.0,13.213764,0.0,0.0,0.0
2025-05-06 01:00:00+02:00,9.25,62.70341,2.5,0.0,1004.4213,88.0,13.237039,0.0,0.0,0.0
2025-05-06 02:00:00+02:00,8.5,65.959465,2.5,0.0,1004.58575,84.0,13.403656,0.0,0.0,0.0
2025-05-06 03:00:00+02:00,8.15,66.35294,2.25,0.0,1004.57025,100.0,13.615902,0.0,0.0,0.0
2025-05-06 04:00:00+02:00,7.85,67.23924,2.15,0.0,1004.6554,100.0,13.213764,0.0,0.0,0.0
2025-05-06 05:00:00+02:00,7.4,68.59645,2.0,0.0,1005.03033,100.0,12.886039,0.0,0.0,0.0
2025-05-06 06:00:00+02:00,7.05,69.51,1.85,0.0,1005.3111,100.0,12.483749,0.0,0.0,0.0
2025-05-06 07:00:00+02:00,7.2,67.5811,1.6,0.0,1005.51526,97.0,11.605464,9.0,30.0,39.0
2025-05-06 08:00:00+02:00,8.6,59.919765,1.25,0.0,1005.77527,54.0,12.337553,94.0,75.0,169.0
2025-05-06 09:00:00+02:00,10.3,51.936398,0.85,0.0,1005.9492,50.0,13.288341,239.0,97.0,336.0
2025-05-06 10:00:00+02:00,12.35,43.73794,0.35,0.0,1006.03864,8.0,12.397806,400.0,105.0,505.0
2025-05-06 11:00:00+02:00,13.95,35.45668,-1.1,0.0,1006.0091,99.0,17.460928,535.0,114.0,649.0
2025-05-06 12:00:00+02:00,14.65,33.02891,-1.45,0.0,1006.0387,98.0,17.389341,368.0,241.0,609.0
2025-05-06 13:00:00+02:00,14.85,32.36732,-1.55,0.0,1006.04724,98.0,17.935986,227.0,325.0,552.0
2025-05-06 14:00:00+02:00,15.45,32.070194,-1.15,0.0,1005.77637,91.0,16.994516,365.0,299.0,664.0
2025-05-06 15:00:00+02:00,15.9,31.274027,-1.1,0.0,1005.4002,90.0,16.58346,359.0,289.0,648.0
2025-05-06 16:00:00+02:00,16.3,31.275928,-0.75,0.0,1005.0221,58.0,17.149193,342.0,264.0,606.0
2025-05-06 17:00:00+02:00,16.0,32.58464,-0.45,0.0,1004.91064,47.0,16.640022,266.0,221.0,487.0
2025-05-06 18:00:00+02:00,16.0,32.23059,-0.6,0.0,1004.8118,25.0,16.685717,190.0,175.0,365.0
2025-05-06 19:00:00+02:00,15.8,32.28991,-0.75,0.0,1004.8033,48.0,15.955151,136.0,111.0,247.0
2025-05-06 20:00:00+02:00,14.85,36.375675,0.05,0.0,1005.0593,7.0,15.938896,68.0,59.0,127.0
2025-05-06 21:00:00+02:00,13.1,45.234947,1.5,0.0,1005.37964,6.0,13.032298,7.0,14.0,21.0
2025-05-06 22:00:00+02:00,12.05,53.35031,2.85,0.0,1005.9269,0.0,14.008811,0.0,0.0,0.0
2025-05-06 23:00:00+02:00,11.15,61.83364,4.1,0.0,1006.28284,0.0,13.213764,0.0,0.0,0.0
2025-05-07 00:00:00+02:00,10.4,65.91277,4.3,0.0,1006.3487,1.0,11.592895,0.0,0.0,0.0
2025-05-07 01:00:00+02:00,9.55,70.26039,4.4,0.0,1006.31116,2.0,9.983106,0.0,0.0,0.0
2025-05-07 02:00:00+02:00,9.0,73.16465,4.45,0.0,1006.1879,8.0,9.906544,0.0,0.0,0.0
2025-05-07 03:00:00+02:00,8.75,71.09451,3.8,0.0,1005.9794,12.0,10.874742,0.0,0.0,0.0
2025-05-07 04:00:00+02:00,8.4,73.82819,4.0,0.0,1005.8651,16.0,12.081473,0.0,0.0,0.0
2025-05-07 05:00:00+02:00,8.1,77.75936,4.45,0.0,1005.9506,57.0,13.288341,0.0,0.0,0.0
2025-05-07 06:00:00+02:00,7.7,80.46479,4.55,0.0,1005.83386,50.0,13.306615,0.0,0.0,0.0
2025-05-07 07:00:00+02:00,8.15,76.95553,4.35,0.0,1005.9528,34.0,11.440979,15.0,26.0,41.0
2025-05-07 08:00:00+02:00,9.65,68.81991,4.2,0.0,1006.21674,57.0,11.770403,90.0,72.0,162.0
2025-05-07 09:00:00+02:00,11.5,61.05587,4.25,0.0,1006.298,63.0,11.672275,201.0,110.0,311.0
2025-05-07 10:00:00+02:00,13.25,55.00259,4.4,0.0,1006.0775,89.0,11.837652,255.0,172.0,427.0
2025-05-07 11:00:00+02:00,14.55,50.55336,4.4,0.0,1005.8371,62.0,12.325728,204.0,283.0,487.0
2025-05-07 12:00:00+02:00,15.8,43.334442,3.35,0.0,1005.4948,92.0,15.210799,318.0,252.0,570.0
2025-05-07 13:00:00+02:00,17.25,35.653206,1.9,0.0,1004.86426,100.0,15.299999,399.0,255.0,654.0
2025-05-07 14:00:00+02:00,17.2,33.652966,1.05,0.0,1004.5656,95.0,16.179987,218.0,291.0,509.0
2025-05-07 15:00:00+02:00,17.4,29.274998,-0.7,0.0,1004.5741,96.0,17.86449,313.0,254.0,567.0
2025-05-07 16:00:00+02:00,16.65,33.492786,0.5,0.0,1004.34503,99.0,18.59845,185.0,237.0,422.0
2025-05-07 17:00:00+02:00,16.2,34.34137,0.45,0.0,1004.1286,100.0,18.212051,66.0,221.0,287.0
2025-05-07 18:00:00+02:00,15.95,36.174423,0.95,0.0,1004.01935,100.0,17.356705,72.0,168.0,240.0
2025-05-07 19:00:00+02:00,15.65,37.141163,1.05,0.0,1004.1055,100.0,16.13286,24.0,122.0,146.0
2025-05-07 20:00:00+02:00,15.05,40.008656,1.55,0.0,1004.1788,100.0,15.876775,0.0,49.0,49.0
2025-05-07 21:00:00+02:00,14.15,45.3738,2.5,0.0,1004.437,100.0,12.932471,0.0,14.0,14.0
2025-05-07 22:00:00+02:00,13.5,48.864372,2.95,0.0,1004.7052,99.0,11.246759,0.0,0.0,0.0
2025-05-07 23:00:00+02:00,12.85,51.34353,3.05,0.0,1004.57874,100.0,11.7,0.0,0.0,0.0
2025-05-08 00:00:00+02:00,12.35,53.80935,3.25,0.0,1004.557,100.0,10.348043,0.0,0.0,0.0
2025-05-08 01:00:00+02:00,11.65,56.747116,3.35,0.0,1004.428,100.0,10.495713,0.0,0.0,0.0
2025-05-08 02:00:00+02:00,11.35,55.675716,2.8,0.0,1004.31616,100.0,13.32,0.0,0.0,0.0
2025-05-08 03:00:00+02:00,11.1,50.138012,1.1,0.0,1003.9101,100.0,14.420235,0.0,0.0,0.0
2025-05-08 04:00:00+02:00,10.8,45.556538,-0.5,0.0,1003.7984,95.0,13.619471,0.0,0.0,0.0
2025-05-08 05:00:00+02:00,10.3,44.588512,-1.25,0.0,1003.67755,69.0,13.18308,0.0,0.0,0.0
2025-05-08 06:00:00+02:00,9.1,48.502274,-1.2,0.0,1003.7234,63.0,13.766176,0.0,0.0,0.0
2025-05-08 07:00:00+02:00,8.7,50.195534,-1.1,0.0,1004.1007,23.0,12.337553,11.0,24.0,35.0
2025-05-08 08:00:00+02:00,9.45,47.547157,-1.15,0.0,1004.33136,36.0,12.972494,53.0,80.0,133.0
2025-05-08 09:00:00+02:00,10.9,43.79325,-0.95,0.0,1004.1975,27.0,12.330985,137.0,133.0,270.0
2025-05-08 10:00:00+02:00,13.2,39.89886,-0.15,0.0,1004.1987,8.0,11.966954,330.0,147.0,477.0
2025-05-08 11:00:00+02:00,15.45,34.12184,-0.3,0.0,1004.09705,55.0,12.632101,538.0,118.0,656.0
2025-05-08 12:00:00+02:00,16.65,29.059967,-1.45,0.0,1003.7523,78.0,13.479583,554.0,150.0,704.0
2025-05-08 13:00:00+02:00,16.8,27.64325,-2.0,0.0,1003.561,54.0,13.920647,343.0,249.0,592.0
2025-05-08 14:00:00+02:00,17.25,25.511292,-2.7,0.0,1003.48114,92.0,14.87153,392.0,252.0,644.0
2025-05-08 15:00:00+02:00,17.6,22.904444,-3.85,0.0,1003.1993,70.0,13.935767,278.0,301.0,579.0
2025-05-08 16:00:00+02:00,17.6,22.563736,-4.05,0.0,1003.00165,95.0,14.083778,291.0,248.0,539.0
2025-05-08 17:00:00+02:00,17.5,21.379923,-4.85,0.0,1002.8987,100.0,14.387619,138.0,227.0,365.0
2025-05-08 18:00:00+02:00,16.35,27.010387,-2.7,0.0,1003.24567,100.0,19.494091,91.0,182.0,273.0
2025-05-08 19:00:00+02:00,14.9,32.50104,-1.45,0.0,1003.7773,99.0,20.404411,2.0,108.0,110.0
2025-05-08 20:00:00+02:00,14.4,33.198685,-1.6,0.0,1004.15106,100.0,18.089775,15.0,57.0,72.0
2025-05-08 21:00:00+02:00,13.45,34.793488,-1.8,0.0,1004.7033,15.0,14.51876,5.0,14.0,19.0
2025-05-08 22:00:00+02:00,12.45,37.555943,-1.65,0.0,1005.35156,12.0,15.30741,0.0,0.0,0.0
2025-05-08 23:00:00+02:00,11.65,40.17263,-1.45,0.0,1005.6132,3.0,14.156058,0.0,0.0,0.0
2025-05-09 00:00:00+02:00,10.7,42.47065,-1.55,0.0,1005.8681,5.0,12.738099,0.0,0.0,0.0
2025-05-09 01:00:00+02:00,9.8,44.770817,-1.65,0.0,1005.8283,40.0,11.720751,0.0,0.0,0.0
2025-05-09 02:00:00+02:00,9.4,45.8202,-1.7,0.0,1005.9094,93.0,11.183201,0.0,0.0,0.0
2025-05-09 03:00:00+02:00,8.35,49.00496,-1.75,0.0,1005.863,97.0,12.638513,0.0,0.0,0.0
2025-05-09 04:00:00+02:00,8.05,49.64609,-1.85,0.0,1005.9485,58.0,12.9625,0.0,0.0,0.0
2025-05-09 05:00:00+02:00,7.7,50.2837,-2.0,0.0,1006.22894,68.0,12.96125,0.0,0.0,0.0
2025-05-09 06:00:00+02:00,7.25,51.6613,-2.05,0.0,1006.7026,19.0,12.193589,0.0,0.0,0.0
2025-05-09 07:00:00+02:00,7.7,50.2837,-2.0,0.0,1007.1177,2.0,11.298495,19.0,28.0,47.0
2025-05-09 08:00:00+02:00,9.35,44.475117,-2.15,0.0,1007.5862,0.0,10.441551,126.0,63.0,189.0
2025-05-09 09:00:00+02:00,11.55,38.692562,-2.05,0.0,1008.078,0.0,10.4493065,274.0,83.0,357.0
2025-05-09 10:00:00+02:00,14.0,32.717022,-2.15,0.0,1007.98663,0.0,12.472065,425.0,96.0,521.0
2025-05-09 11:00:00+02:00,15.55,27.8,-3.0,0.0,1008.05273,0.0,14.978984,557.0,107.0,664.0
2025-05-09 12:00:00+02:00,16.95,24.866085,-3.3,0.0,1007.8154,32.0,15.697197,659.0,113.0,772.0
2025-05-09 13:00:00+02:00,19.6,17.643858,-5.65,0.0,1007.03674,88.0,16.740969,583.0,192.0,775.0
2025-05-09 14:00:00+02:00,20.0,17.146336,-5.7,0.0,1006.4602,77.0,17.769016,404.0,262.0,666.0
2025-05-09 15:00:00+02:00,20.2,19.327227,-3.95,0.0,1006.8638,80.0,15.287288,675.0,134.0,809.0
2025-05-09 16:00:00+02:00,19.65,21.149382,-3.2,0.0,1006.54486,77.0,14.827893,267.0,270.0,537.0
2025-05-09 17:00:00+02:00,19.75,20.940416,-3.25,0.0,1006.3514,54.0,14.607751,227.0,221.0,448.0
2025-05-09 18:00:00+02:00,19.35,21.307888,-3.35,0.0,1006.3349,64.0,14.087229,154.0,178.0,332.0
2025-05-09 19:00:00+02:00,18.95,21.84566,-3.35,0.0,1006.21936,55.0,14.24163,96.0,118.0,214.0
2025-05-09 20:00:00+02:00,18.1,24.001965,-2.8,0.0,1006.5792,85.0,14.192631,47.0,65.0,112.0
2025-05-09 21:00:00+02:00,16.35,28.65565,-1.9,0.0,1007.19745,4.0,12.652604,9.0,17.0,26.0
2025-05-09 22:00:00+02:00,14.85,35.98205,-0.1,0.0,1008.1217,0.0,14.037692,0.0,0.0,0.0
2025-05-09 23:00:00+02:00,13.6,39.155865,-0.05,0.0,1008.46344,0.0,12.232057,0.0,0.0,0.0
2025-05-10 00:00:00+02:00,12.5,40.129646,-0.7,0.0,1008.61346,6.0,9.292255,0.0,0.0,0.0
2025-05-10 01:00:00+02:00,11.65,40.915745,-1.2,0.0,1009.07025,7.0,9.252069,0.0,0.0,0.0
2025-05-10 02:00:00+02:00,10.8,42.970196,-1.3,0.0,1009.132,0.0,6.989936,0.0,0.0,0.0
2025-05-10 03:00:00+02:00,8.75,52.076027,-0.55,0.0,1008.84344,0.0,4.8965297,0.0,0.0,0.0
2025-05-10 04:00:00+02:00,8.05,55.406147,-0.35,0.0,1009.01,0.0,4.829907,0.0,0.0,0.0
2025-05-10 05:00:00+02:00,7.65,57.142437,-0.3,0.0,1009.0907,1.0,6.8541956,0.0,0.0,0.0
2025-05-10 06:00:00+02:00,7.05,59.10223,-0.4,0.0,1009.1625,0.0,7.329338,0.0,0.0,0.0
2025-05-10 07:00:00+02:00,7.75,56.138523,-0.45,0.0,1009.3913,6.0,9.139322,26.0,28.0,54.0
2025-05-10 08:00:00+02:00,10.0,48.757423,-0.3,0.0,1009.78784,14.0,7.1684303,129.0,62.0,191.0
2025-05-10 09:00:00+02:00,12.3,39.200935,-1.2,0.0,1009.8887,27.0,7.0107627,271.0,85.0,356.0
2025-05-10 10:00:00+02:00,14.45,34.833122,-0.9,0.0,1009.6852,42.0,6.696387,414.0,103.0,517.0
2025-05-10 11:00:00+02:00,16.6,30.46151,-0.85,0.0,1009.48047,44.0,6.0908127,549.0,111.0,660.0
2025-05-10 12:00:00+02:00,18.25,26.461504,-1.35,0.0,1008.9568,1.0,6.519877,654.0,116.0,770.0
2025-05-10 13:00:00+02:00,19.5,24.029556,-1.6,0.0,1008.3171,0.0,7.256032,720.0,117.0,837.0
2025-05-10 14:00:00+02:00,20.5,22.504135,-1.65,0.0,1007.76544,0.0,7.42159,737.0,117.0,854.0
2025-05-10 15:00:00+02:00,21.55,21.098392,-1.65,0.0,1006.82025,0.0,8.36758,708.0,115.0,823.0
2025-05-10 16:00:00+02:00,21.95,20.213713,-1.9,0.0,1006.04584,12.0,9.144637,634.0,110.0,744.0
2025-05-10 17:00:00+02:00,22.1,19.232607,-2.45,0.0,1005.4592,12.0,9.901636,522.0,103.0,625.0
2025-05-10 18:00:00+02:00,21.8,19.086266,-2.8,0.0,1005.15045,3.0,10.873252,384.0,92.0,476.0
2025-05-10 19:00:00+02:00,21.2,19.653784,-2.9,0.0,1004.9285,0.0,11.276968,235.0,77.0,312.0
2025-05-10 20:00:00+02:00,20.2,21.293533,-2.65,0.0,1004.9864,0.0,9.82279,96.0,55.0,151.0
2025-05-10 21:00:00+02:00,18.3,24.87081,-2.15,0.0,1005.1058,0.0,5.8409934,13.0,16.0,29.0
2025-05-10 22:00:00+02:00,16.65,29.814997,-1.1,0.0,1005.333,0.0,4.39436,0.0,0.0,0.0
2025-05-10 23:00:00+02:00,15.65,31.315931,-1.3,0.0,1005.3898,0.0,5.1575575,0.0,0.0,0.0
2025-05-11 00:00:00+02:00,14.75,39.21033,1.0,0.0,1005.3517,0.0,8.958504,0.0,0.0,0.0
2025-05-11 01:00:00+02:00,13.75,47.90655,2.9,0.0,1005.3087,0.0,8.0899935,0.0,0.0,0.0
2025-05-11 02:00:00+02:00,12.6,52.747322,3.2,0.0,1005.45703,0.0,6.384293,0.0,0.0,0.0
2025-05-11 03:00:00+02:00,10.65,58.738262,2.9,0.0,1005.17456,0.0,8.435069,0.0,0.0,0.0
2025-05-11 04:00:00+02:00,10.05,60.705597,2.8,0.0,1005.04926,0.0,8.55142,0.0,0.0,0.0
2025-05-11 05:00:00+02:00,9.65,62.354008,2.8,0.0,1004.83405,0.0,8.604301,0.0,0.0,0.0
2025-05-11 06:00:00+02:00,9.2,65.18531,3.0,0.0,1004.61664,0.0,7.973005,0.0,1.0,1.0
2025-05-11 07:00:00+02:00,10.1,62.68105,3.3,0.0,1004.55756,0.0,9.595874,27.0,29.0,56.0
2025-05-11 08:00:00+02:00,12.6,54.832428,3.75,0.0,1004.568,0.0,8.211235,129.0,63.0,192.0
2025-05-11 09:00:00+02:00,15.1,48.11502,4.2,0.0,1004.47736,0.0,6.623413,272.0,83.0,355.0
2025-05-11 10:00:00+02:00,17.6,41.613815,4.4,0.0,1004.18726,0.0,6.9270773,419.0,97.0,516.0
2025-05-11 11:00:00+02:00,20.1,35.102997,4.2,0.0,1003.99414,0.0,8.647496,550.0,107.0,657.0
2025-05-11 12:00:00+02:00,22.0,27.607336,2.45,0.0,1003.57764,0.0,11.132385,652.0,113.0,765.0
2025-05-11 13:00:00+02:00,23.05,24.906403,1.9,0.0,1003.027,0.0,12.522619,715.0,116.0,831.0
2025-05-11 14:00:00+02:00,23.7,24.553385,2.25,0.0,1002.46014,0.0,12.585848,734.0,116.0,850.0
2025-05-11 15:00:00+02:00,25.15,19.713705,0.4,0.0,1001.43066,60.0,13.493999,612.0,167.0,779.0
2025-05-11 16:00:00+02:00,24.65,19.946596,0.15,0.0,1000.8179,84.0,13.397612,252.0,241.0,493.0
2025-05-11 17:00:00+02:00,24.4,21.839958,1.2,0.0,1000.41254,70.0,13.558673,263.0,196.0,459.0
2025-05-11 18:00:00+02:00,23.9,22.994574,1.5,0.0,1000.0963,29.0,13.709573,267.0,132.0,399.0
2025-05-11 19:00:00+02:00,23.45,22.875383,1.05,0.0,999.7819,6.0,11.555103,168.0,101.0,269.0
2025-05-11 20:00:00+02:00,22.8,23.033527,0.6,0.0,999.5582,0.0,11.966953,89.0,58.0,147.0
2025-05-11 21:00:00+02:00,20.65,26.649012,0.8,0.0,999.6692,0.0,10.018743,13.0,17.0,30.0
2025-05-11 22:00:00+02:00,19.7,27.656178,0.5,0.0,1000.12427,0.0,11.35285,0.0,0.0,0.0
2025-05-11 23:00:00+02:00,17.8,33.346413,1.45,0.0,1000.54016,0.0,9.339208,0.0,0.0,0.0
2025-05-12 00:00:00+02:00,16.35,38.564518,2.2,0.0,1001.0722,0.0,9.9408245,0.0,0.0,0.0
2025-05-12 01:00:00+02:00,15.4,42.16034,2.6,0.0,1001.4274,0.0,7.4867883,0.0,0.0,0.0
2025-05-12 02:00:00+02:00,14.45,45.62071,2.85,0.0,1001.3872,0.0,8.161764,0.0,0.0,0.0
2025-05-12 03:00:00+02:00,13.2,53.094658,3.85,0.0,1001.1366,0.0,9.178235,0.0,0.0,0.0
2025-05-12 04:00:00+02:00,12.3,56.913586,4.0,0.0,1001.29517,0.0,10.4166975,0.0,0.0,0.0
2025-05-12 05:00:00+02:00,11.55,59.79695,4.0,0.0,1001.36145,0.0,10.495713,0.0,0.0,0.0
2025-05-12 06:00:00+02:00,10.9,61.991684,3.9,0.0,1001.5307,0.0,10.546525,0.0,1.0,1.0
2025-05-12 07:00:00+02:00,11.55,59.170307,3.85,0.0,1001.6578,0.0,10.315115,28.0,30.0,58.0
2025-05-12 08:00:00+02:00,13.5,51.520496,3.7,0.0,1002.03815,0.0,8.297589,131.0,64.0,195.0
2025-05-12 09:00:00+02:00,15.5,44.330727,3.4,0.0,1002.1235,0.0,7.596341,275.0,85.0,360.0
2025-05-12 10:00:00+02:00,17.7,38.27612,3.3,0.0,1002.21564,0.0,8.209263,424.0,98.0,522.0
2025-05-12 11:00:00+02:00,19.6,32.343887,2.6,0.0,1002.09644,0.0,9.195868,557.0,107.0,664.0
2025-05-12 12:00:00+02:00,21.0,28.121668,1.85,0.0,1001.85724,0.0,8.490582,659.0,113.0,772.0
2025-05-12 13:00:00+02:00,21.95,25.784193,1.45,0.0,1001.4015,0.0,8.163749,722.0,117.0,839.0
2025-05-12 14:00:00+02:00,22.7,23.937052,1.05,0.0,1001.1352,16.0,8.891344,741.0,117.0,858.0
2025-05-12 15:00:00+02:00,23.1,23.448217,1.1,0.0,1000.9537,29.0,9.292255,709.0,116.0,825.0
2025-05-12 16:00:00+02:00,23.45,22.548542,0.85,0.0,1000.67126,24.0,10.855358,637.0,110.0,747.0
2025-05-12 17:00:00+02:00,23.1,22.700674,0.65,0.0,1000.3607,35.0,12.768586,514.0,112.0,626.0
2025-05-12 18:00:00+02:00,22.75,22.283056,0.1,0.0,1000.2481,8.0,11.328566,287.0,128.0,415.0
2025-05-12 19:00:00+02:00,22.3,22.81768,0.05,0.0,1000.3286,1.0,10.00256,182.0,99.0,281.0
2025-05-12 20:00:00+02:00,21.55,24.059792,0.15,0.0,1000.6937,4.0,10.464797,89.0,62.0,151.0
2025-05-12 21:00:00+02:00,19.25,29.8039,1.15,0.0,1001.5879,0.0,12.011544,14.0,18.0,32.0
2025-05-12 22:00:00+02:00,17.45,33.48447,1.2,0.0,1002.40283,0.0,15.405519,0.0,0.0,0.0
2025-05-12 23:00:00+02:00,16.3,34.494865,0.6,0.0,1002.65106,0.0,12.632101,0.0,0.0,0.0
2025-05-13 00:00:00+02:00,15.15,36.72834,0.45,0.0,1002.9977,0.0,11.837651,0.0,0.0,0.0
2025-05-13 01:00:00+02:00,14.05,39.2881,0.4,0.0,1003.34595,0.0,9.97986,0.0,0.0,0.0
2025-05-13 02:00:00+02:00,13.15,41.807182,0.45,0.0,1003.4063,0.0,10.385547,0.0,0.0,0.0
2025-05-13 03:00:00+02:00,11.55,49.017185,1.2,0.0,1003.8308,0.0,10.495713,0.0,0.0,0.0
2025-05-13 04:00:00+02:00,10.9,50.990894,1.15,0.0,1004.0,0.0,10.897063,0.0,0.0,0.0
2025-05-13 05:00:00+02:00,10.4,52.151024,1.0,0.0,1004.27454,1.0,11.435313,0.0,0.0,0.0
2025-05-13 06:00:00+02:00,10.0,52.607662,0.75,0.0,1004.652,0.0,11.734564,0.0,1.0,1.0
2025-05-13 07:00:00+02:00,10.75,49.68109,0.65,0.0,1004.9814,0.0,11.448055,30.0,31.0,61.0
2025-05-13 08:00:00+02:00,12.5,44.25803,0.65,0.0,1005.5514,0.0,10.656547,136.0,65.0,201.0
2025-05-13 09:00:00+02:00,14.45,38.42282,0.45,0.0,1005.8326,0.0,9.044888,282.0,85.0,367.0
2025-05-13 10:00:00+02:00,16.55,34.443626,0.8,0.0,1005.72406,0.0,8.297589,432.0,98.0,530.0
2025-05-13 11:00:00+02:00,18.75,31.304823,1.4,0.0,1005.816,0.0,8.641874,566.0,107.0,673.0
2025-05-13 12:00:00+02:00,20.75,27.160753,1.15,0.0,1005.602,0.0,8.953078,669.0,113.0,782.0
2025-05-13 13:00:00+02:00,21.95,23.057198,-0.1,0.0,1005.3541,0.0,8.373386,731.0,117.0,848.0
2025-05-13 14:00:00+02:00,22.7,21.632395,-0.35,0.0,1004.98914,0.0,7.458606,749.0,117.0,866.0
2025-05-13 15:00:00+02:00,23.25,21.000248,-0.3,0.0,1004.9127,0.0,6.206738,718.0,116.0,834.0
2025-05-13 16:00:00+02:00,23.6,20.561472,-0.3,0.0,1004.4325,0.0,5.8048253,644.0,111.0,755.0
2025-05-13 17:00:00+02:00,23.8,20.241655,-0.35,0.0,1004.0451,1.0,5.6262593,532.0,103.0,635.0
2025-05-13 18:00:00+02:00,23.5,20.238966,-0.6,0.0,1003.6378,1.0,6.5223618,391.0,94.0,485.0
2025-05-13 19:00:00+02:00,22.85,20.745092,-0.8,0.0,1003.41437,0.0,9.67657,241.0,79.0,320.0
2025-05-13 20:00:00+02:00,21.9,22.383137,-0.55,0.0,1003.67236,4.0,9.957108,102.0,57.0,159.0
2025-05-13 21:00:00+02:00,19.95,26.840036,0.3,0.0,1003.88934,0.0,4.542994,15.0,20.0,35.0
2025-05-13 22:00:00+02:00,18.55,32.27158,1.65,0.0,1004.6222,0.0,9.847496,0.0,0.0,0.0
2025-05-13 23:00:00+02:00,16.9,39.416515,3.0,0.0,1004.9485,0.0,10.34178,0.0,0.0,0.0
2025-05-14 00:00:00+02:00,15.65,43.138695,3.15,0.0,1005.1922,0.0,9.860649,0.0,0.0,0.0
2025-05-14 01:00:00+02:00,14.95,44.803146,3.05,0.0,1005.36017,0.0,8.305396,0.0,0.0,0.0
2025-05-14 02:00:00+02:00,14.1,46.831078,2.9,0.0,1005.4226,0.0,5.896202,0.0,0.0,0.0
2025-05-14 03:00:00+02:00,12.25,54.74048,3.4,0.0,1005.44183,0.0,6.6405115,0.0,0.0,0.0
2025-05-14 04:00:00+02:00,11.5,56.909214,3.25,0.0,1005.40906,2.0,6.763786,0.0,0.0,0.0
2025-05-14 05:00:00+02:00,10.9,58.386486,3.05,0.0,1005.4815,0.0,7.596341,0.0,0.0,0.0
2025-05-14 06:00:00+02:00,10.1,61.366043,3.0,0.0,1005.4465,0.0,7.0107627,0.0,1.0,1.0
2025-05-14 07:00:00+02:00,10.3,61.19744,3.15,0.0,1005.4554,0.0,8.893166,31.0,32.0,63.0
2025-05-14 08:00:00+02:00,12.25,54.547733,3.35,0.0,1005.73816,2.0,5.293959,138.0,65.0,203.0
2025-05-14 09:00:00+02:00,15.1,43.749153,2.85,0.0,1005.7616,17.0,4.542994,282.0,85.0,367.0
2025-05-14 10:00:00+02:00,17.85,35.447803,2.35,0.0,1005.6796,62.0,3.06,430.0,99.0,529.0
2025-05-14 11:00:00+02:00,20.35,29.797216,2.1,0.0,1005.5856,37.0,2.9522195,558.0,111.0,669.0
2025-05-14 12:00:00+02:00,22.35,26.07964,1.95,0.0,1005.0741,99.0,1.4512063,642.0,128.0,770.0
2025-05-14 13:00:00+02:00,23.65,24.020485,1.9,0.0,1004.5332,100.0,1.484318,608.0,194.0,802.0
2025-05-14 14:00:00+02:00,24.7,22.554085,1.9,0.0,1003.98224,100.0,2.5582807,519.0,269.0,788.0
2025-05-14 15:00:00+02:00,25.35,21.08502,1.5,0.0,1003.41504,88.0,4.6452556,594.0,196.0,790.0
2025-05-14 16:00:00+02:00,25.8,18.094143,-0.25,0.0,1002.9386,93.0,7.653705,587.0,147.0,734.0
2025-05-14 17:00:00+02:00,25.8,17.068956,-1.05,0.0,1002.54333,32.0,9.67657,490.0,129.0,619.0
2025-05-14 18:00:00+02:00,25.35,18.249132,-0.5,0.0,1002.13025,0.0,12.242646,391.0,94.0,485.0
2025-05-14 19:00:00+02:00,24.45,21.463926,1.0,0.0,1001.7983,29.0,13.920647,242.0,79.0,321.0
2025-05-14 20:00:00+02:00,23.15,26.11376,2.65,0.0,1001.8452,32.0,14.083778,100.0,59.0,159.0
2025-05-14 21:00:00+02:00,21.45,29.7918,3.05,0.0,1001.7767,0.0,11.43248,15.0,21.0,36.0
2025-05-14 22:00:00+02:00,19.9,33.24285,3.25,0.0,1002.20746,81.0,7.42159,0.0,0.0,0.0
2025-05-14 23:00:00+02:00,18.4,37.808968,3.75,0.0,1002.3433,48.0,5.0816135,0.0,0.0,0.0
2025-05-15 00:00:00+02:00,17.3,41.819675,4.2,0.0,1002.2978,100.0,5.8048253,0.0,0.0,0.0
2025-05-15 01:00:00+02:00,16.6,45.430477,4.75,0.0,1002.36725,100.0,10.730778,0.0,0.0,0.0
2025-05-15 02:00:00+02:00,15.35,50.419537,5.1,0.0,1002.5122,99.0,10.062305,0.0,0.0,0.0
2025-05-15 03:00:00+02:00,13.65,57.855797,5.5,0.0,1002.24225,100.0,5.495161,0.0,0.0,0.0
2025-05-15 04:00:00+02:00,12.65,60.69525,5.25,0.0,1002.1992,100.0,4.5820518,0.0,0.0,0.0
2025-05-15 05:00:00+02:00,12.15,59.31859,4.45,0.0,1002.3754,100.0,7.458606,0.0,0.0,0.0
2025-05-15 06:00:00+02:00,11.25,59.723286,3.7,0.0,1002.73145,99.0,9.6228485,0.0,2.0,2.0
2025-05-15 07:00:00+02:00,11.2,60.983738,3.95,0.0,1003.2231,100.0,10.285232,18.0,41.0,59.0
2025-05-15 08:00:00+02:00,11.85,63.0885,5.05,0.0,1003.5477,100.0,10.853866,87.0,94.0,181.0
2025-05-15 09:00:00+02:00,13.2,59.990833,5.6,0.0,1003.70483,12.0,11.792404,177.0,144.0,321.0
2025-05-15 10:00:00+02:00,14.85,51.885586,5.05,0.0,1003.97266,21.0,12.791403,375.0,126.0,501.0
2025-05-15 11:00:00+02:00,16.55,43.8557,4.2,0.0,1003.9458,6.0,13.100489,521.0,128.0,649.0
2025-05-15 12:00:00+02:00,17.45,39.02186,3.35,0.0,1004.0824,13.0,16.965895,630.0,131.0,761.0
2025-05-15 13:00:00+02:00,17.85,32.300777,1.05,0.0,1004.494,0.0,18.076338,689.0,135.0,824.0
2025-05-15 14:00:00+02:00,18.8,26.518572,-0.85,0.0,1004.53345,0.0,17.682194,763.0,118.0,881.0
2025-05-15 15:00:00+02:00,18.95,22.091198,-3.2,0.0,1004.7373,0.0,18.016191,754.0,108.0,862.0
2025-05-15 16:00:00+02:00,18.5,22.976551,-3.05,0.0,1005.01514,1.0,19.263363,609.0,140.0,749.0
2025-05-15 17:00:00+02:00,18.9,21.031494,-3.9,0.0,1004.933,4.0,17.82091,491.0,139.0,630.0
2025-05-15 18:00:00+02:00,18.95,20.346077,-4.3,0.0,1004.8361,7.0,15.808263,393.0,99.0,492.0
2025-05-15 19:00:00+02:00,18.15,21.31069,-4.35,0.0,1004.803,8.0,21.786694,240.0,86.0,326.0
2025-05-15 20:00:00+02:00,17.45,22.523317,-4.2,0.0,1005.1692,1.0,20.38773,64.0,74.0,138.0
2025-05-15 21:00:00+02:00,16.1,27.140375,-2.85,0.0,1005.8039,0.0,16.63905,17.0,22.0,39.0
2025-05-15 22:00:00+02:00,15.05,31.487011,-1.75,0.0,1006.45087,1.0,16.507088,0.0,0.0,0.0
2025-05-15 23:00:00+02:00,14.15,34.36491,-1.35,0.0,1006.9066,1.0,12.303366,0.0,0.0,0.0
2025-05-16 00:00:00+02:00,13.05,37.185043,-1.25,0.0,1007.25433,1.0,9.693296,0.0,0.0,0.0
2025-05-16 01:00:00+02:00,12.2,40.334946,-0.9,0.0,1007.51385,4.0,10.223619,0.0,0.0,0.0
2025-05-16 02:00:00+02:00,11.4,43.93893,-0.45,0.0,1007.6767,0.0,11.465024,0.0,0.0,0.0
2025-05-16 03:00:00+02:00,10.05,51.30913,0.45,0.0,1007.716,8.0,9.927779,0.0,0.0,0.0
2025-05-16 04:00:00+02:00,9.25,55.123817,0.7,0.0,1007.6805,5.0,7.731623,0.0,0.0,0.0
2025-05-16 05:00:00+02:00,8.5,58.616444,0.85,0.0,1007.5486,1.0,5.7204895,0.0,0.0,0.0
2025-05-16 06:00:00+02:00,7.85,62.14844,1.05,0.0,1007.4206,0.0,4.5891175,0.0,2.0,2.0
2025-05-16 07:00:00+02:00,8.65,59.932144,1.3,0.0,1007.16016,0.0,6.048107,32.0,35.0,67.0
2025-05-16 08:00:00+02:00,10.7,53.17727,1.55,0.0,1007.25085,7.0,3.8268526,139.0,68.0,207.0
2025-05-16 09:00:00+02:00,13.25,46.094242,1.9,0.0,1007.16406,20.0,3.494968,279.0,90.0,369.0
2025-05-16 10:00:00+02:00,15.55,38.884018,1.6,0.0,1007.0649,18.0,2.0124612,419.0,109.0,528.0
2025-05-16 11:00:00+02:00,17.35,32.38882,0.65,0.0,1006.6468,73.0,8.101999,559.0,115.0,674.0
2025-05-16 12:00:00+02:00,18.0,29.5538,-0.05,0.0,1006.3775,63.0,10.981475,415.0,196.0,611.0
2025-05-16 13:00:00+02:00,18.25,29.518274,0.15,0.0,1005.99274,100.0,12.673074,319.0,278.0,597.0
2025-05-16 14:00:00+02:00,18.35,29.33372,0.15,0.0,1005.50287,100.0,11.620809,122.0,329.0,451.0
2025-05-16 15:00:00+02:00,18.75,28.299019,0.0,0.0,1005.4207,100.0,12.074766,149.0,289.0,438.0
2025-05-16 16:00:00+02:00,19.35,25.812363,-0.75,0.0,1004.754,94.0,11.362834,102.0,271.0,373.0
2025-05-16 17:00:00+02:00,19.3,25.054869,-1.2,0.0,1004.159,96.0,12.966248,41.0,225.0,266.0
2025-05-16 18:00:00+02:00,19.4,23.30537,-2.1,0.0,1003.7679,47.0,11.935778,84.0,188.0,272.0
2025-05-16 19:00:00+02:00,19.35,24.343998,-1.55,0.0,1003.2719,46.0,16.946787,113.0,115.0,228.0
2025-05-16 20:00:00+02:00,17.5,31.282526,0.3,0.0,1003.4915,15.0,12.081473,73.0,66.0,139.0
2025-05-16 21:00:00+02:00,16.25,35.616642,1.0,0.0,1003.34033,67.0,1.659518,16.0,22.0,38.0
2025-05-16 22:00:00+02:00,15.55,36.713207,0.8,0.0,1003.50836,96.0,1.9386592,0.0,0.0,0.0
2025-05-16 23:00:00+02:00,13.65,55.88027,5.0,0.1,1005.107,91.0,13.797912,0.0,0.0,0.0
2025-05-17 00:00:00+02:00,11.65,74.65822,7.3,5.1,1005.3169,96.0,6.8138976,0.0,0.0,0.0
2025-05-17 01:00:00+02:00,10.65,83.958916,8.05,0.4,1005.17456,82.0,2.0991426,0.0,0.0,0.0
2025-05-17 02:00:00+02:00,10.15,91.94856,8.9,0.0,1004.9549,17.0,3.693291,0.0,0.0,0.0
2025-05-17 03:00:00+02:00,10.6,88.03243,8.7,0.1,1004.87604,24.0,4.514377,0.0,0.0,0.0
2025-05-17 04:00:00+02:00,10.15,90.10354,8.6,0.0,1004.46106,1.0,4.2671766,0.0,0.0,0.0
2025-05-17 05:00:00+02:00,9.55,90.058754,8.0,0.0,1004.3358,0.0,5.5829024,0.0,0.0,0.0
2025-05-17 06:00:00+02:00,9.0,91.25395,7.65,0.0,1004.4102,9.0,6.6697226,0.0,2.0,2.0
2025-05-17 07:00:00+02:00,9.65,88.85016,7.9,0.0,1004.5377,4.0,7.748368,30.0,36.0,66.0
2025-05-17 08:00:00+02:00,11.1,80.38518,7.85,0.0,1004.799,6.0,9.605998,129.0,73.0,202.0
2025-05-17 09:00:00+02:00,12.45,73.28562,7.8,0.0,1005.05524,39.0,10.24578,205.0,127.0,332.0
2025-05-17 10:00:00+02:00,13.55,66.59484,7.45,0.0,1005.1026,32.0,8.431228,146.0,220.0,366.0
2025-05-17 11:00:00+02:00,15.2,56.665768,6.65,0.0,1004.8765,19.0,7.42159,278.0,230.0,508.0
2025-05-17 12:00:00+02:00,16.8,46.607918,5.3,0.0,1004.64777,44.0,8.049845,407.0,238.0,645.0
2025-05-17 13:00:00+02:00,17.3,41.38213,4.05,0.0,1004.27374,100.0,9.007196,306.0,238.0,544.0
2025-05-17 14:00:00+02:00,17.9,38.605145,3.6,0.0,1003.9033,100.0,8.777653,177.0,314.0,491.0
2025-05-17 15:00:00+02:00,17.85,42.27134,4.85,0.1,1003.8024,58.0,8.797931,210.0,243.0,453.0
2025-05-17 16:00:00+02:00,18.15,39.917923,4.3,0.0,1003.321,71.0,9.292255,117.0,251.0,368.0
2025-05-17 17:00:00+02:00,18.6,36.4292,3.4,0.0,1002.9444,88.0,12.659004,169.0,231.0,400.0
2025-05-17 18:00:00+02:00,18.65,34.68391,2.75,0.0,1002.65015,96.0,12.535549,180.0,156.0,336.0
2025-05-17 19:00:00+02:00,17.95,35.2255,2.35,0.0,1002.5224,85.0,13.070776,83.0,119.0,202.0
2025-05-17 20:00:00+02:00,17.3,37.3568,2.6,0.0,1002.49536,69.0,10.429132,44.0,75.0,119.0
2025-05-17 21:00:00+02:00,15.2,50.730595,5.05,0.0,1002.7032,19.0,5.3517847,15.0,22.0,37.0
2025-05-17 22:00:00+02:00,14.05,55.78927,5.35,0.0,1002.95074,40.0,5.1826253,0.0,0.0,0.0
2025-05-17 23:00:00+02:00,13.45,55.247364,4.65,0.0,1003.02405,53.0,5.7431,0.0,0.0,0.0
2025-05-18 00:00:00+02:00,12.6,61.106346,5.3,0.0,1003.3826,37.0,4.510787,0.0,0.0,0.0
2025-05-18 01:00:00+02:00,11.8,63.96071,5.2,0.0,1003.348,39.0,4.724786,0.0,0.0,0.0
2025-05-18 02:00:00+02:00,10.95,67.42699,5.15,0.0,1003.2121,38.0,4.7110505,0.0,0.0,0.0
2025-05-18 03:00:00+02:00,10.7,71.47056,5.75,0.0,1003.0038,14.0,4.6730714,0.0,0.0,0.0
2025-05-18 04:00:00+02:00,10.05,75.67684,5.95,0.0,1002.9752,0.0,4.5322843,0.0,0.0,0.0
2025-05-18 05:00:00+02:00,9.45,79.05516,6.0,0.0,1003.04736,0.0,3.604497,0.0,0.0,0.0
2025-05-18 06:00:00+02:00,8.75,84.606094,6.3,0.0,1003.4116,2.0,3.494968,0.0,3.0,3.0
2025-05-18 07:00:00+02:00,10.05,82.75037,7.25,0.0,1003.86414,8.0,4.080882,30.0,37.0,67.0
2025-05-18 08:00:00+02:00,10.85,77.38641,7.05,0.0,1004.1956,17.0,3.244996,115.0,78.0,193.0
2025-05-18 09:00:00+02:00,12.2,67.92352,6.45,0.0,1004.353,35.0,5.441838,244.0,109.0,353.0
2025-05-18 10:00:00+02:00,13.95,56.93667,5.55,0.0,1004.4285,42.0,8.305396,340.0,145.0,485.0
2025-05-18 11:00:00+02:00,15.35,52.01999,5.55,0.0,1004.19165,67.0,10.062305,330.0,213.0,543.0
2025-05-18 12:00:00+02:00,15.85,52.33423,6.1,0.0,1004.1141,78.0,12.10157,295.0,249.0,544.0
2025-05-18 13:00:00+02:00,16.4,50.530357,6.1,0.0,1003.9395,97.0,11.609651,264.0,325.0,589.0
2025-05-18 14:00:00+02:00,17.1,47.506927,5.85,0.0,1003.9688,95.0,11.837652,238.0,304.0,542.0
2025-05-18 15:00:00+02:00,16.45,48.489758,5.55,0.0,1004.238,95.0,10.195057,307.0,290.0,597.0
2025-05-18 16:00:00+02:00,16.65,47.381676,5.4,0.0,1004.1475,100.0,10.837435,153.0,315.0,468.0
2025-05-18 17:00:00+02:00,16.7,46.742023,5.25,0.0,1003.952,93.0,10.825469,132.0,224.0,356.0
2025-05-18 18:00:00+02:00,16.6,47.039867,5.25,0.0,1004.0468,71.0,9.387651,125.0,151.0,276.0
2025-05-18 19:00:00+02:00,16.55,46.37612,5.0,0.0,1003.8469,81.0,8.43699,52.0,134.0,186.0
2025-05-18 20:00:00+02:00,16.15,48.744137,5.35,0.0,1003.9291,66.0,7.9077177,89.0,65.0,154.0
2025-05-18 21:00:00+02:00,14.5,58.469368,6.45,0.0,1004.4518,20.0,6.1437774,17.0,24.0,41.0
2025-05-18 22:00:00+02:00,13.3,64.299545,6.7,0.0,1004.8942,16.0,5.5567255,0.0,0.0,0.0
2025-05-18 23:00:00+02:00,12.8,66.43412,6.7,0.0,1005.3667,6.0,6.7205353,0.0,0.0,0.0
2025-05-19 00:00:00+02:00,11.6,74.140656,7.15,0.0,1005.5122,4.0,4.5,0.0,0.0,0.0
2025-05-19 01:00:00+02:00,11.0,75.317314,6.8,0.0,1005.6836,2.0,1.835647,0.0,0.0,0.0
2025-05-19 02:00:00+02:00,10.25,78.63156,6.7,0.0,1005.8482,3.0,1.0495713,0.0,0.0,0.0
2025-05-19 03:00:00+02:00,8.55,83.71191,5.95,0.0,1005.9705,0.0,2.7943513,0.0,0.0,0.0
2025-05-19 04:00:00+02:00,7.75,87.47233,5.8,0.0,1006.1324,0.0,3.693291,0.0,0.0,0.0
2025-05-19 05:00:00+02:00,7.35,88.65583,5.6,0.0,1006.3119,0.0,4.8965297,0.0,0.0,0.0
2025-05-19 06:00:00+02:00,7.6,87.7616,5.7,0.0,1006.422,0.0,6.248359,0.0,3.0,3.0
2025-05-19 07:00:00+02:00,8.9,81.4731,5.9,0.0,1006.97363,0.0,8.415842,35.0,37.0,72.0
2025-05-19 08:00:00+02:00,11.05,72.28125,6.25,0.0,1007.3648,0.0,5.3517847,143.0,69.0,212.0
2025-05-19 09:00:00+02:00,13.6,61.344322,6.3,0.0,1007.67316,0.0,4.080882,288.0,88.0,376.0
2025-05-19 10:00:00+02:00,15.9,51.808388,6.0,0.0,1007.87,0.0,3.219938,436.0,102.0,538.0
2025-05-19 11:00:00+02:00,17.6,43.242603,4.95,0.0,1007.8427,0.0,4.6102495,567.0,111.0,678.0
2025-05-19 12:00:00+02:00,18.75,38.176975,4.2,0.0,1007.5944,0.0,6.502461,646.0,127.0,773.0
2025-05-19 13:00:00+02:00,19.5,34.562607,3.45,0.0,1007.2302,0.0,8.274128,685.0,145.0,830.0
2025-05-19 14:00:00+02:00,20.2,31.163595,2.6,0.0,1006.9626,0.0,7.6388745,694.0,154.0,848.0
2025-05-19 15:00:00+02:00,21.15,28.87483,2.35,0.0,1006.1122,7.0,6.778141,648.0,158.0,806.0
2025-05-19 16:00:00+02:00,21.8,27.946354,2.45,0.0,1005.5457,9.0,8.287822,602.0,140.0,742.0
2025-05-19 17:00:00+02:00,22.0,28.101786,2.7,0.0,1005.0599,3.0,8.287822,493.0,134.0,627.0
2025-05-19 18:00:00+02:00,22.0,28.402205,2.85,0.0,1004.8623,1.0,8.587338,406.0,92.0,498.0
2025-05-19 19:00:00+02:00,21.1,31.420635,3.5,0.0,1004.72687,3.0,13.248049,254.0,82.0,336.0
2025-05-19 20:00:00+02:00,20.0,36.070393,4.5,0.0,1004.87933,3.0,12.007498,111.0,63.0,174.0
2025-05-19 21:00:00+02:00,18.35,43.757923,5.8,0.0,1005.30524,6.0,9.807935,18.0,26.0,44.0
2025-05-19 22:00:00+02:00,16.85,51.17713,6.7,0.0,1005.8355,17.0,9.840914,0.0,0.0,0.0
2025-05-19 23:00:00+02:00,15.6,56.76702,7.05,0.0,1005.9803,12.0,9.5535755,0.0,0.0,0.0
2025-05-20 00:00:00+02:00,14.45,61.967567,7.25,0.0,1006.03015,1.0,8.027678,0.0,0.0,0.0
2025-05-20 01:00:00+02:00,13.6,66.15235,7.4,0.0,1005.8951,2.0,7.5105524,0.0,0.0,0.0
2025-05-20 02:00:00+02:00,12.8,69.93503,7.45,0.0,1005.76184,29.0,6.522361,0.0,0.0,0.0
2025-05-20 03:00:00+02:00,11.9,72.19153,7.05,0.0,1005.9206,88.0,8.490582,0.0,0.0,0.0
2025-05-20 04:00:00+02:00,11.25,75.35963,7.05,0.0,1005.3983,71.0,8.461914,0.0,0.0,0.0
2025-05-20 05:00:00+02:00,10.5,79.20995,7.05,0.0,1005.2667,81.0,9.257321,0.0,0.0,0.0
2025-05-20 06:00:00+02:00,10.05,81.346405,7.0,0.0,1005.44434,100.0,8.854829,0.0,4.0,4.0
2025-05-20 07:00:00+02:00,11.05,77.15358,7.2,0.0,1005.6857,100.0,8.099999,31.0,42.0,73.0
2025-05-20 08:00:00+02:00,13.2,67.89863,7.4,0.0,1005.87805,99.0,6.8919086,129.0,79.0,208.0
2025-05-20 09:00:00+02:00,15.45,58.703762,7.4,0.0,1005.87524,92.0,7.256032,264.0,104.0,368.0
2025-05-20 10:00:00+02:00,17.65,50.868237,7.35,0.0,1005.6714,12.0,7.001514,415.0,114.0,529.0
2025-05-20 11:00:00+02:00,19.65,43.524944,6.9,0.0,1005.2604,12.0,7.0107627,565.0,111.0,676.0
2025-05-20 12:00:00+02:00,21.0,39.092377,6.55,0.0,1004.8216,11.0,7.3997297,658.0,124.0,782.0
2025-05-20 13:00:00+02:00,21.95,35.51174,6.0,0.0,1004.4648,4.0,7.748368,691.0,135.0,826.0
2025-05-20 14:00:00+02:00,22.6,32.519043,5.3,0.0,1003.9972,11.0,8.322932,637.0,160.0,797.0
2025-05-20 15:00:00+02:00,23.4,28.592995,4.15,0.0,1003.63403,32.0,10.062305,593.0,164.0,757.0
2025-05-20 16:00:00+02:00,23.35,27.59227,3.6,0.0,1003.3353,32.0,11.897714,391.0,231.0,622.0
2025-05-20 17:00:00+02:00,23.2,26.127476,2.7,0.0,1002.8353,7.0,11.050591,233.0,227.0,460.0
2025-05-20 18:00:00+02:00,23.1,27.71771,3.45,0.0,1002.3371,18.0,10.018743,221.0,150.0,371.0
2025-05-20 19:00:00+02:00,23.1,27.522902,3.35,0.0,1002.13947,58.0,10.759423,208.0,93.0,301.0
2025-05-20 20:00:00+02:00,21.95,33.017452,4.95,0.0,1002.09314,17.0,12.033103,92.0,64.0,156.0
2025-05-20 21:00:00+02:00,20.55,38.29635,5.85,0.0,1002.333,9.0,5.991594,17.0,27.0,44.0
2025-05-20 22:00:00+02:00,18.95,44.231216,6.5,0.0,1002.56366,8.0,4.724786,0.0,0.0,0.0
2025-05-20 23:00:00+02:00,18.25,49.152218,7.4,0.0,1002.6335,36.0,7.029225,0.0,0.0,0.0
2025-05-21 00:00:00+02:00,17.15,55.25202,8.1,0.0,1002.6866,19.0,5.8298883,0.0,0.0,0.0
2025-05-21 01:00:00+02:00,15.8,61.235832,8.35,0.0,1002.5311,76.0,4.802999,0.0,0.0,0.0
2025-05-21 02:00:00+02:00,15.05,64.90891,8.5,0.0,1002.203,61.0,2.8799999,0.0,0.0,0.0
2025-05-21 03:00:00+02:00,13.8,73.52702,9.15,0.0,1002.1499,83.0,1.1525624,0.0,0.0,0.0
2025-05-21 04:00:00+02:00,12.65,79.52183,9.2,0.0,1002.0017,98.0,3.6447225,0.0,0.0,0.0
2025-05-21 05:00:00+02:00,12.0,82.711754,9.15,0.0,1001.87494,99.0,4.2175345,0.0,0.0,0.0
2025-05-21 06:00:00+02:00,11.6,82.941795,8.8,0.0,1001.8576,98.0,3.9312592,0.0,4.0,4.0
2025-05-21 07:00:00+02:00,12.75,74.59415,8.35,0.0,1001.8085,97.0,3.319036,15.0,46.0,61.0
2025-05-21 08:00:00+02:00,15.2,60.267017,7.55,0.0,1002.2092,96.0,1.835647,91.0,93.0,184.0
2025-05-21 09:00:00+02:00,16.8,49.09249,6.05,0.0,1001.9803,79.0,2.4216523,157.0,126.0,283.0
2025-05-21 10:00:00+02:00,18.35,42.414333,5.35,0.0,1001.946,100.0,2.4482646,304.0,144.0,448.0
2025-05-21 11:00:00+02:00,19.55,38.946014,5.2,0.0,1001.50165,100.0,1.6299692,331.0,205.0,536.0
2025-05-21 12:00:00+02:00,20.35,37.712425,5.45,0.0,1001.0403,100.0,3.1845248,275.0,256.0,531.0
2025-05-21 13:00:00+02:00,21.5,35.62879,5.65,0.0,1000.494,100.0,3.9763298,301.0,313.0,614.0
2025-05-21 14:00:00+02:00,22.15,33.77097,5.45,0.0,1000.0262,75.0,6.28713,268.0,351.0,619.0
2025-05-21 15:00:00+02:00,22.7,30.145039,4.3,0.0,999.8506,52.0,5.637765,415.0,244.0,659.0
2025-05-21 16:00:00+02:00,23.25,27.85728,3.65,0.0,999.1811,99.0,7.040739,548.0,143.0,691.0
2025-05-21 17:00:00+02:00,23.25,26.327135,2.85,0.0,998.58813,71.0,9.83268,333.0,190.0,523.0
2025-05-21 18:00:00+02:00,22.45,26.576275,2.3,0.0,998.16064,68.0,13.493999,221.0,181.0,402.0
2025-05-21 19:00:00+02:00,21.3,27.412064,1.75,0.0,998.01575,100.0,14.88242,171.0,110.0,281.0
2025-05-21 20:00:00+02:00,20.05,28.258276,1.1,0.0,997.96497,100.0,14.423605,22.0,92.0,114.0
2025-05-21 21:00:00+02:00,19.4,29.315556,1.05,0.0,998.2347,100.0,8.320986,3.0,25.0,28.0
2025-05-21 22:00:00+02:00,18.8,30.432774,1.05,0.0,998.5064,100.0,5.5829024,0.0,0.0,0.0
2025-05-21 23:00:00+02:00,18.05,34.02117,1.95,0.0,998.77216,100.0,6.439876,0.0,0.0,0.0
2025-05-22 00:00:00+02:00,17.2,35.384884,1.75,0.0,998.8354,100.0,4.2671766,0.0,0.0,0.0
2025-05-22 01:00:00+02:00,16.5,37.792038,2.05,0.0,998.70746,100.0,2.7416782,0.0,0.0,0.0
2025-05-22 02:00:00+02:00,15.85,42.44009,3.1,0.0,998.5817,100.0,4.198285,0.0,0.0,0.0
2025-05-22 03:00:00+02:00,14.1,70.190384,8.75,0.0,998.21136,100.0,5.154415,0.0,0.0,0.0
2025-05-22 04:00:00+02:00,13.9,61.838776,6.7,0.0,998.20294,99.0,4.4565907,0.0,0.0,0.0
2025-05-22 05:00:00+02:00,13.45,60.25945,5.9,0.0,998.28253,80.0,10.799999,0.0,0.0,0.0
2025-05-22 06:00:00+02:00,12.25,64.50788,5.75,0.0,998.72504,72.0,11.165805,0.0,2.0,2.0
2025-05-22 07:00:00+02:00,11.6,64.585815,5.15,0.0,999.38824,12.0,10.266314,14.0,39.0,53.0
2025-05-22 08:00:00+02:00,11.8,61.34173,4.6,0.0,999.7922,46.0,10.440001,69.0,102.0,171.0
2025-05-22 09:00:00+02:00,12.85,54.322666,3.85,0.0,1000.1337,35.0,12.125642,282.0,99.0,381.0
2025-05-22 10:00:00+02:00,14.35,43.22399,2.0,0.0,1000.2966,80.0,10.694485,375.0,138.0,513.0
2025-05-22 11:00:00+02:00,16.25,34.981277,0.75,0.0,1000.179,47.0,12.320471,468.0,165.0,633.0
2025-05-22 12:00:00+02:00,16.75,33.7646,0.7,0.0,1000.2001,39.0,14.330079,495.0,198.0,693.0
2025-05-22 13:00:00+02:00,16.9,33.686783,0.8,0.0,1000.3051,91.0,17.377226,335.0,275.0,610.0
2025-05-22 14:00:00+02:00,16.1,37.272842,1.5,0.0,1000.66675,44.0,16.712881,101.0,330.0,431.0
2025-05-22 15:00:00+02:00,15.5,39.570732,1.8,0.0,1001.3331,28.0,16.704155,195.0,221.0,416.0
2025-05-22 16:00:00+02:00,16.45,35.675117,1.2,0.0,1001.2742,18.0,16.87398,515.0,166.0,681.0
2025-05-22 17:00:00+02:00,16.45,32.95382,0.1,0.0,1001.1754,11.0,16.323528,449.0,126.0,575.0
2025-05-22 18:00:00+02:00,16.3,31.048449,-0.85,0.0,1001.56433,7.0,14.98331,338.0,123.0,461.0
2025-05-22 19:00:00+02:00,16.1,28.478653,-2.2,0.0,1001.45703,6.0,15.315873,220.0,98.0,318.0
2025-05-22 20:00:00+02:00,15.4,29.237316,-2.45,0.0,1001.62506,1.0,13.888023,104.0,65.0,169.0
2025-05-22 21:00:00+02:00,14.1,36.28695,-0.65,0.0,1002.06396,7.0,5.154415,20.0,28.0,48.0
2025-05-22 22:00:00+02:00,13.25,39.913555,-0.1,0.0,1003.0153,65.0,9.215226,0.0,0.0,0.0
2025-05-22 23:00:00+02:00,11.95,44.258747,0.15,0.0,1003.5519,53.0,8.067936,0.0,0.0,0.0
2025-05-23 00:00:00+02:00,11.25,46.690308,0.25,0.0,1003.7192,17.0,7.891311,0.0,0.0,0.0
2025-05-23 01:00:00+02:00,10.4,50.85272,0.65,0.0,1003.5831,3.0,6.269067,0.0,0.0,0.0
2025-05-23 02:00:00+02:00,9.55,55.203182,1.0,0.0,1003.44696,0.0,5.7628117,0.0,0.0,0.0
2025-05-23 03:00:00+02:00,6.85,67.506065,1.25,0.0,1003.42566,1.0,3.7064266,0.0,0.0,0.0
2025-05-23 04:00:00+02:00,6.0,71.57347,1.25,0.0,1003.28876,0.0,2.3051248,0.0,0.0,0.0
2025-05-23 05:00:00+02:00,5.45,74.618126,1.3,0.0,1003.56006,0.0,1.2074767,0.0,0.0,0.0
2025-05-23 06:00:00+02:00,5.25,77.86075,1.7,0.0,1003.946,18.0,0.6489992,1.0,4.0,5.0
2025-05-23 07:00:00+02:00,6.75,74.58193,2.55,0.0,1004.4087,15.0,2.0124612,39.0,41.0,80.0
2025-05-23 08:00:00+02:00,8.75,62.585567,2.0,0.0,1004.7943,6.0,2.7534704,131.0,78.0,209.0
2025-05-23 09:00:00+02:00,10.45,57.043728,2.3,0.0,1004.86945,6.0,6.28713,282.0,103.0,385.0
2025-05-23 10:00:00+02:00,11.65,47.65539,0.9,0.0,1004.9218,15.0,9.906544,410.0,120.0,530.0
2025-05-23 11:00:00+02:00,12.95,38.540157,-0.85,0.0,1004.6815,71.0,12.397806,451.0,155.0,606.0
2025-05-23 12:00:00+02:00,13.25,37.93083,-0.8,0.0,1004.59576,99.0,12.979984,249.0,246.0,495.0
2025-05-23 13:00:00+02:00,13.8,36.731045,-0.75,0.0,1004.4219,100.0,12.682018,140.0,327.0,467.0
2025-05-23 14:00:00+02:00,14.25,35.67508,-0.75,0.0,1004.53986,78.0,13.775586,84.0,355.0,439.0
2025-05-23 15:00:00+02:00,14.95,32.3966,-1.45,0.0,1004.5699,99.0,14.561099,85.0,326.0,411.0
2025-05-23 16:00:00+02:00,15.15,31.285254,-1.75,0.0,1004.38074,96.0,15.226764,34.0,314.0,348.0
2025-05-23 17:00:00+02:00,15.55,30.604937,-1.7,0.0,1004.2987,99.0,15.5687,143.0,225.0,368.0
2025-05-23 18:00:00+02:00,15.3,31.675983,-1.45,0.0,1004.3871,100.0,15.108211,49.0,191.0,240.0
2025-05-23 19:00:00+02:00,14.7,34.526783,-0.8,0.0,1004.4603,100.0,15.141414,9.0,115.0,124.0
2025-05-23 20:00:00+02:00,14.1,39.019714,0.35,0.0,1005.0275,100.0,14.693999,6.0,83.0,89.0
2025-05-23 21:00:00+02:00,13.15,43.18621,0.9,0.0,1005.3819,27.0,9.361731,4.0,36.0,40.0
2025-05-23 22:00:00+02:00,11.45,57.909164,3.45,0.0,1005.99945,0.0,3.671294,0.0,1.0,1.0
2025-05-23 23:00:00+02:00,10.65,60.423176,3.3,0.0,1006.3598,2.0,3.362677,0.0,0.0,0.0
2025-05-24 00:00:00+02:00,9.7,65.06732,3.45,0.0,1006.4165,6.0,3.438895,0.0,0.0,0.0
2025-05-24 01:00:00+02:00,8.4,71.27708,3.5,0.0,1006.2602,2.0,3.3043609,0.0,0.0,0.0
2025-05-24 02:00:00+02:00,7.25,76.00081,3.3,0.0,1006.3075,0.0,3.3043609,0.0,0.0,0.0
2025-05-24 03:00:00+02:00,5.65,76.81992,1.9,0.0,1006.33386,3.0,4.1556225,0.0,0.0,0.0
2025-05-24 04:00:00+02:00,4.6,81.759384,1.75,0.0,1006.28613,1.0,4.0449963,0.0,0.0,0.0
2025-05-24 05:00:00+02:00,4.05,83.46219,1.5,0.0,1006.4584,34.0,2.2768397,0.0,0.0,0.0
2025-05-24 06:00:00+02:00,3.95,85.87355,1.8,0.0,1006.4536,43.0,1.2979984,1.0,5.0,6.0
2025-05-24 07:00:00+02:00,5.6,79.59873,2.35,0.0,1006.7266,26.0,4.39436,36.0,46.0,82.0
2025-05-24 08:00:00+02:00,8.55,65.970505,2.55,0.0,1006.8594,17.0,4.1085763,156.0,72.0,228.0
2025-05-24 09:00:00+02:00,11.25,53.515648,2.15,0.0,1006.8799,93.0,7.2,306.0,88.0,394.0
2025-05-24 10:00:00+02:00,13.25,45.277958,1.65,0.0,1006.86774,100.0,9.984729,391.0,140.0,531.0
2025-05-24 11:00:00+02:00,14.75,41.376762,1.75,0.0,1006.63586,100.0,11.4862,396.0,227.0,623.0
2025-05-24 12:00:00+02:00,16.15,37.96025,1.8,0.0,1006.2013,100.0,12.362475,423.0,276.0,699.0
2025-05-24 13:00:00+02:00,16.75,35.380306,1.35,0.0,1005.83136,100.0,12.996201,209.0,337.0,546.0
2025-05-24 14:00:00+02:00,16.5,35.561844,1.2,0.0,1005.4254,100.0,13.619472,20.0,301.0,321.0
2025-05-24 15:00:00+02:00,18.05,30.657637,0.5,0.0,1004.9966,100.0,14.438198,82.0,346.0,428.0
2025-05-24 16:00:00+02:00,18.1,31.117708,0.75,0.0,1004.50446,100.0,16.388897,35.0,290.0,325.0
2025-05-24 17:00:00+02:00,17.4,33.590355,1.2,0.0,1004.47534,100.0,16.263872,1.0,205.0,206.0
2025-05-24 18:00:00+02:00,16.05,39.589897,2.3,0.1,1004.61615,100.0,15.086748,0.0,90.0,90.0
2025-05-24 19:00:00+02:00,15.15,47.458855,4.05,0.2,1004.5783,100.0,14.64209,0.0,53.0,53.0
2025-05-24 20:00:00+02:00,13.55,58.84182,5.65,0.1,1005.00385,100.0,15.542662,0.0,32.0,32.0
2025-05-24 21:00:00+02:00,12.5,67.52058,6.65,0.2,1004.8599,100.0,13.748513,0.0,9.0,9.0
2025-05-24 22:00:00+02:00,12.05,72.71499,7.3,0.4,1004.64276,100.0,13.288341,0.0,0.0,0.0
2025-05-24 23:00:00+02:00,11.65,79.3776,8.2,0.5,1004.428,100.0,13.6242285,0.0,0.0,0.0
2025-05-25 00:00:00+02:00,10.9,83.13751,8.15,0.8,1003.90125,100.0,15.481046,0.0,0.0,0.0
2025-05-25 01:00:00+02:00,10.25,89.5037,8.6,0.6,1003.77405,100.0,16.50218,0.0,0.0,0.0
2025-05-25 02:00:00+02:00,10.25,91.33644,8.9,0.0,1003.379,100.0,16.391863,0.0,0.0,0.0
2025-05-25 03:00:00+02:00,10.75,94.80265,9.95,0.1,1002.9073,100.0,13.306615,0.0,0.0,0.0
2025-05-25 04:00:00+02:00,10.85,94.49011,10.0,0.1,1002.4178,100.0,13.243156,0.0,0.0,0.0
2025-05-25 05:00:00+02:00,10.85,93.54609,9.85,0.0,1002.0227,100.0,12.979984,0.0,0.0,0.0
2025-05-25 06:00:00+02:00,11.25,93.87857,10.3,0.1,1001.9413,100.0,13.022349,0.0,2.0,2.0
2025-05-25 07:00:00+02:00,11.6,93.89488,10.65,0.1,1001.5613,100.0,13.920647,0.0,27.0,27.0
2025-05-25 08:00:00+02:00,12.05,93.604805,11.05,0.2,1001.6795,100.0,14.450535,0.0,38.0,38.0
2025-05-25 09:00:00+02:00,12.6,92.09628,11.35,0.5,1001.80225,100.0,14.168641,1.0,76.0,77.0
2025-05-25 10:00:00+02:00,13.9,87.7404,11.9,0.4,1001.46277,99.0,16.021011,60.0,163.0,223.0
2025-05-25 11:00:00+02:00,15.6,77.09263,11.6,0.0,1001.1396,100.0,21.437386,88.0,292.0,380.0
2025-05-25 12:00:00+02:00,16.45,73.74844,11.75,0.3,1000.68146,100.0,21.848324,81.0,311.0,392.0
2025-05-25 13:00:00+02:00,17.0,72.16331,11.95,0.2,1000.8032,100.0,20.570463,75.0,249.0,324.0
2025-05-25 14:00:00+02:00,17.2,71.96274,12.1,0.1,1000.41614,100.0,17.137852,6.0,191.0,197.0
2025-05-25 15:00:00+02:00,18.85,63.814278,11.85,0.0,1000.3859,43.0,20.793701,319.0,268.0,587.0
2025-05-25 16:00:00+02:00,20.0,59.410282,11.85,0.0,1000.13654,23.0,18.832165,437.0,191.0,628.0
2025-05-25 17:00:00+02:00,20.4,57.19944,11.65,0.0,999.7576,70.0,21.619492,412.0,169.0,581.0
2025-05-25 18:00:00+02:00,18.95,65.10917,12.25,0.1,999.89594,24.0,15.159589,229.0,125.0,354.0
2025-05-25 19:00:00+02:00,18.85,64.23624,11.95,0.0,999.6943,17.0,18.275984,181.0,91.0,272.0
2025-05-25 20:00:00+02:00,18.15,68.90403,12.35,0.0,999.96173,19.0,14.879153,81.0,67.0,148.0
2025-05-25 21:00:00+02:00,16.85,75.287605,12.45,0.0,1000.303,83.0,14.565548,16.0,32.0,48.0
2025-05-25 22:00:00+02:00,16.3,77.965836,12.45,0.0,1000.87274,99.0,12.440851,0.0,1.0,1.0
2025-05-25 23:00:00+02:00,15.4,82.04156,12.35,0.0,1001.4274,100.0,11.556504,0.0,0.0,0.0
2025-05-26 00:00:00+02:00,14.65,86.37942,12.4,0.0,1001.6921,100.0,10.185519,0.0,0.0,0.0
2025-05-26 01:00:00+02:00,14.0,89.79257,12.35,0.0,1001.76324,100.0,10.195057,0.0,0.0,0.0
2025-05-26 02:00:00+02:00,13.5,90.94519,12.05,0.0,1002.23566,99.0,10.571074,0.0,0.0,0.0
2025-05-26 03:00:00+02:00,13.35,94.904976,12.55,0.1,1002.32825,83.0,8.893166,0.0,0.0,0.0
2025-05-26 04:00:00+02:00,12.7,96.13761,12.1,0.0,1002.6953,74.0,9.997699,0.0,0.0,0.0
2025-05-26 05:00:00+02:00,11.95,95.480934,11.25,0.0,1003.058,81.0,10.261579,0.0,0.0,0.0
2025-05-26 06:00:00+02:00,11.35,94.19675,10.45,0.0,1003.62476,70.0,10.315115,1.0,5.0,6.0
2025-05-26 07:00:00+02:00,11.85,89.031494,10.1,0.0,1004.1403,67.0,9.984729,18.0,49.0,67.0
2025-05-26 08:00:00+02:00,12.8,81.43501,9.7,0.1,1004.6753,57.0,9.614426,69.0,102.0,171.0
2025-05-26 09:00:00+02:00,14.0,73.81023,9.4,0.1,1005.22064,29.0,10.783486,196.0,128.0,324.0
2025-05-26 10:00:00+02:00,15.55,63.285767,8.6,0.2,1005.38544,40.0,10.914888,345.0,148.0,493.0
2025-05-26 11:00:00+02:00,16.5,58.166946,8.25,0.1,1005.52423,47.0,11.570515,378.0,180.0,558.0
2025-05-26 12:00:00+02:00,17.3,53.62525,7.8,0.1,1005.6569,58.0,12.2519045,385.0,202.0,587.0
2025-05-26 13:00:00+02:00,18.15,47.96204,6.95,0.0,1005.79095,100.0,14.408997,414.0,223.0,637.0
2025-05-26 14:00:00+02:00,18.2,46.676796,6.6,0.0,1005.892,84.0,16.167967,352.0,272.0,624.0
2025-05-26 15:00:00+02:00,19.2,40.640976,5.5,0.0,1006.0322,71.0,16.423458,388.0,252.0,640.0
2025-05-26 16:00:00+02:00,18.8,40.526165,5.1,0.0,1006.11426,99.0,17.950432,248.0,240.0,488.0
2025-05-26 17:00:00+02:00,18.8,39.965755,4.9,0.0,1006.3119,87.0,17.160524,236.0,203.0,439.0
2025-05-26 18:00:00+02:00,18.05,41.452927,4.75,0.0,1006.37976,67.0,15.677576,30.0,190.0,220.0
2025-05-26 19:00:00+02:00,17.95,42.595505,5.05,0.0,1006.0792,65.0,14.588885,102.0,123.0,225.0
2025-05-26 20:00:00+02:00,17.3,47.398567,6.0,0.0,1006.546,41.0,10.783487,30.0,80.0,110.0
2025-05-26 21:00:00+02:00,15.65,56.77967,7.1,0.0,1006.6741,9.0,6.763786,17.0,32.0,49.0
2025-05-26 22:00:00+02:00,14.3,62.785637,7.3,0.0,1007.30804,20.0,7.9383874,0.0,1.0,1.0
2025-05-26 23:00:00+02:00,13.5,67.040276,7.5,0.0,1007.66864,69.0,8.9873905,0.0,0.0,0.0
2025-05-27 00:00:00+02:00,12.85,71.38988,7.8,0.0,1007.7397,91.0,7.8480825,0.0,0.0,0.0
2025-05-27 01:00:00+02:00,11.9,77.02577,8.0,0.0,1007.59973,11.0,7.056826,0.0,0.0,0.0
2025-05-27 02:00:00+02:00,11.3,80.412964,8.05,0.0,1007.47473,71.0,7.8954163,0.0,0.0,0.0
2025-05-27 03:00:00+02:00,11.6,76.97801,7.7,0.0,1007.2901,100.0,8.748075,0.0,0.0,0.0
2025-05-27 04:00:00+02:00,11.15,78.4981,7.55,0.0,1007.1718,93.0,9.0,0.0,0.0,0.0
2025-05-27 05:00:00+02:00,10.85,79.53225,7.45,0.0,1007.05994,92.0,9.236298,0.0,0.0,0.0
2025-05-27 06:00:00+02:00,10.9,78.99832,7.4,0.0,1007.2594,100.0,9.044888,0.0,5.0,5.0
2025-05-27 07:00:00+02:00,11.75,76.47947,7.75,0.0,1007.4943,100.0,8.415842,2.0,40.0,42.0
2025-05-27 08:00:00+02:00,12.4,74.280754,7.95,0.0,1007.42365,98.0,8.893166,0.0,68.0,68.0
2025-05-27 09:00:00+02:00,14.2,66.28142,8.0,0.0,1007.7976,26.0,11.161451,79.0,177.0,256.0
2025-05-27 10:00:00+02:00,16.35,59.728153,8.5,0.0,1007.889,99.0,11.989946,246.0,194.0,440.0
2025-05-27 11:00:00+02:00,17.4,54.942265,8.25,0.0,1007.6369,84.0,15.546833,253.0,214.0,467.0
2025-05-27 12:00:00+02:00,18.1,50.470844,7.65,0.0,1007.46844,98.0,18.372349,308.0,205.0,513.0
2025-05-27 13:00:00+02:00,19.75,43.404217,6.95,0.0,1007.24066,100.0,20.196127,367.0,298.0,665.0
2025-05-27 14:00:00+02:00,20.05,42.45912,6.9,0.0,1006.8577,100.0,21.426805,243.0,283.0,526.0
2025-05-27 15:00:00+02:00,20.45,40.717777,6.65,0.0,1006.6766,100.0,20.570463,93.0,330.0,423.0
2025-05-27 16:00:00+02:00,20.45,41.564743,6.95,0.0,1006.3802,100.0,21.767351,58.0,266.0,324.0
2025-05-27 17:00:00+02:00,20.6,42.324913,7.35,0.0,1005.99084,100.0,19.421656,25.0,224.0,249.0
2025-05-27 18:00:00+02:00,20.45,44.350388,7.9,0.0,1005.8861,100.0,19.267569,12.0,164.0,176.0
2025-05-27 19:00:00+02:00,20.1,46.410244,8.25,0.0,1005.57513,100.0,18.39878,22.0,131.0,153.0
2025-05-27 20:00:00+02:00,19.1,52.835648,9.25,0.0,1005.6328,100.0,18.47698,33.0,93.0,126.0
2025-05-27 21:00:00+02:00,17.7,62.092957,10.35,0.2,1005.476,100.0,15.236338,0.0,17.0,17.0
2025-05-27 22:00:00+02:00,16.65,70.91709,11.35,0.7,1005.82697,100.0,16.951565,0.0,0.0,0.0
2025-05-27 23:00:00+02:00,15.85,77.89781,12.0,0.3,1005.5959,100.0,17.703253,0.0,0.0,0.0
2025-05-28 00:00:00+02:00,15.35,81.76613,12.25,0.7,1005.1795,100.0,19.61587,0.0,0.0,0.0
2025-05-28 01:00:00+02:00,14.95,85.00426,12.45,0.6,1004.66864,100.0,20.051224,0.0,0.0,0.0
2025-05-28 02:00:00+02:00,14.1,93.703285,13.1,3.5,1004.43475,100.0,18.022486,0.0,0.0,0.0
2025-05-28 03:00:00+02:00,14.5,91.01231,13.05,2.0,1003.9579,100.0,18.783066,0.0,0.0,0.0
2025-05-28 04:00:00+02:00,14.05,95.5529,13.35,1.2,1003.34595,100.0,17.072504,0.0,0.0,0.0
2025-05-28 05:00:00+02:00,14.1,96.17879,13.5,2.8,1002.953,100.0,16.671148,0.0,0.0,0.0
2025-05-28 06:00:00+02:00,14.15,96.80781,13.65,1.9,1002.8565,100.0,15.971386,0.0,1.0,1.0
2025-05-28 07:00:00+02:00,14.25,96.810265,13.75,0.8,1002.6629,100.0,16.309628,0.0,9.0,9.0
2025-05-28 08:00:00+02:00,15.05,93.444824,14.0,0.3,1002.69696,100.0,17.183167,0.0,65.0,65.0
2025-05-28 09:00:00+02:00,14.65,96.1948,14.05,2.3,1002.97626,99.0,15.580141,0.0,55.0,55.0
2025-05-28 10:00:00+02:00,15.95,91.69841,14.6,1.0,1003.03143,100.0,16.674063,79.0,123.0,202.0
2025-05-28 11:00:00+02:00,15.35,90.77377,13.85,3.5,1002.7098,71.0,18.374992,0.0,134.0,134.0
2025-05-28 12:00:00+02:00,17.75,80.2354,14.3,0.3,1002.71155,100.0,19.963776,315.0,187.0,502.0
2025-05-28 13:00:00+02:00,17.4,76.1206,13.15,3.8,1002.697,68.0,21.782972,176.0,332.0,508.0
2025-05-28 14:00:00+02:00,18.55,73.87156,13.8,1.5,1002.6461,100.0,15.779543,180.0,221.0,401.0
2025-05-28 15:00:00+02:00,16.25,88.805786,14.4,5.0,1003.8343,65.0,16.176983,104.0,246.0,350.0
2025-05-28 16:00:00+02:00,17.25,79.64794,13.7,0.4,1003.2835,97.0,20.20896,253.0,267.0,520.0
2025-05-28 17:00:00+02:00,18.45,70.33092,12.95,0.0,1003.136,70.0,17.02404,174.0,224.0,398.0
2025-05-28 18:00:00+02:00,18.6,64.606064,11.8,0.0,1003.142,89.0,16.818203,250.0,178.0,428.0
2025-05-28 19:00:00+02:00,15.85,80.76473,12.55,2.0,1004.2128,32.0,11.402683,93.0,120.0,213.0
2025-05-28 20:00:00+02:00,16.15,79.23273,12.55,0.0,1004.7194,48.0,9.215226,86.0,65.0,151.0
2025-05-28 21:00:00+02:00,14.9,82.24884,11.9,0.0,1005.4567,25.0,8.049845,16.0,28.0,44.0
2025-05-28 22:00:00+02:00,14.05,83.79122,11.35,0.0,1006.6058,13.0,8.32877,0.0,2.0,2.0
2025-05-28 23:00:00+02:00,13.55,82.626755,10.65,0.0,1006.8807,1.0,7.928178,0.0,0.0,0.0
2025-05-29 00:00:00+02:00,12.95,84.22326,10.35,0.0,1007.3486,1.0,7.2202215,0.0,0.0,0.0
2025-05-29 01:00:00+02:00,12.25,87.59112,10.25,0.0,1008.01,1.0,6.2145634,0.0,0.0,0.0
2025-05-29 02:00:00+02:00,11.5,90.50554,10.0,0.0,1008.56976,73.0,4.5891175,0.0,0.0,0.0
2025-05-29 03:00:00+02:00,11.35,91.102776,9.95,0.0,1008.8597,100.0,5.6492476,0.0,0.0,0.0
2025-05-29 04:00:00+02:00,10.75,93.85513,9.8,0.0,1009.426,100.0,4.1556225,0.0,0.0,0.0
2025-05-29 05:00:00+02:00,10.15,95.7389,9.5,0.0,1009.7945,96.0,1.1384199,0.0,0.0,0.0
2025-05-29 06:00:00+02:00,9.9,97.68071,9.55,0.0,1010.17834,100.0,0.6489992,1.0,6.0,7.0
2025-05-29 07:00:00+02:00,11.1,96.08973,10.5,0.0,1011.12036,100.0,3.438895,33.0,51.0,84.0
2025-05-29 08:00:00+02:00,12.6,88.796745,10.8,0.0,1011.38367,100.0,3.8521678,32.0,124.0,156.0
2025-05-29 09:00:00+02:00,14.3,77.6613,10.45,0.0,1011.5558,100.0,4.7110505,187.0,152.0,339.0
2025-05-29 10:00:00+02:00,15.2,72.55463,10.3,0.1,1011.4954,100.0,6.452441,111.0,223.0,334.0
2025-05-29 11:00:00+02:00,16.2,67.60468,10.2,0.1,1011.538,100.0,7.889259,129.0,293.0,422.0
2025-05-29 12:00:00+02:00,16.8,64.64046,10.1,0.1,1011.5634,100.0,8.827344,157.0,308.0,465.0
2025-05-29 13:00:00+02:00,17.05,63.83721,10.15,0.0,1011.67303,100.0,8.699793,59.0,313.0,372.0
2025-05-29 14:00:00+02:00,17.4,62.43981,10.15,0.0,1011.3912,100.0,6.8541956,56.0,268.0,324.0
2025-05-29 15:00:00+02:00,19.1,57.067146,10.4,0.0,1011.0671,100.0,9.659814,231.0,324.0,555.0
2025-05-29 16:00:00+02:00,18.05,61.14687,10.45,0.0,1010.6282,94.0,7.748368,4.0,122.0,126.0
2025-05-29 17:00:00+02:00,18.75,60.703075,11.0,0.0,1010.3609,100.0,13.243156,59.0,215.0,274.0
2025-05-29 18:00:00+02:00,19.15,60.79695,11.4,0.0,1009.7845,82.0,11.837651,29.0,167.0,196.0
2025-05-29 19:00:00+02:00,19.45,59.672253,11.4,0.0,1009.402,100.0,13.799087,42.0,148.0,190.0
2025-05-29 20:00:00+02:00,17.9,66.40169,11.55,0.0,1009.43616,98.0,10.759423,0.0,33.0,33.0
2025-05-29 21:00:00+02:00,17.2,71.25551,11.95,0.0,1009.4067,66.0,8.155807,6.0,26.0,32.0
2025-05-29 22:00:00+02:00,16.05,77.41718,12.1,0.0,1009.7533,100.0,7.0407386,0.0,2.0,2.0
2025-05-29 23:00:00+02:00,16.35,78.48632,12.6,0.0,1010.06244,95.0,6.114703,0.0,0.0,0.0
2025-05-30 00:00:00+02:00,15.8,81.28931,12.6,0.0,1010.138,20.0,7.1321807,0.0,0.0,0.0
2025-05-30 01:00:00+02:00,15.2,83.923706,12.5,0.0,1010.1123,6.0,6.297428,0.0,0.0,0.0
2025-05-30 02:00:00+02:00,14.35,86.91963,12.2,0.0,1010.17505,66.0,5.7204895,0.0,0.0,0.0
2025-05-30 03:00:00+02:00,15.35,84.21625,12.7,0.0,1009.9214,70.0,5.815978,0.0,0.0,0.0
2025-05-30 04:00:00+02:00,15.15,85.02576,12.65,0.0,1009.61646,40.0,6.522361,0.0,0.0,0.0
2025-05-30 05:00:00+02:00,14.55,86.938644,12.4,0.0,1009.59094,10.0,6.156947,0.0,0.0,0.0
2025-05-30 06:00:00+02:00,14.6,86.658516,12.4,0.0,1009.79065,100.0,6.7469993,1.0,5.0,6.0
2025-05-30 07:00:00+02:00,15.55,84.23874,12.9,0.0,1009.92975,86.0,7.9077177,15.0,40.0,55.0
2025-05-30 08:00:00+02:00,17.3,80.17391,13.85,0.0,1009.90515,20.0,6.269067,49.0,105.0,154.0
2025-05-30 09:00:00+02:00,19.0,75.64065,14.6,0.0,1009.9762,8.0,8.320986,230.0,113.0,343.0
2025-05-30 10:00:00+02:00,20.4,69.34686,14.6,0.0,1009.83624,91.0,11.770403,391.0,125.0,516.0
2025-05-30 11:00:00+02:00,21.15,68.385735,15.1,0.0,1009.5706,29.0,11.334285,332.0,204.0,536.0
2025-05-30 12:00:00+02:00,22.25,62.716633,14.8,0.0,1009.31915,62.0,14.206323,337.0,259.0,596.0
2025-05-30 13:00:00+02:00,23.8,54.048717,13.95,0.0,1008.88745,87.0,13.971756,340.0,295.0,635.0
2025-05-30 14:00:00+02:00,24.55,50.673946,13.65,0.0,1008.5222,47.0,12.710091,312.0,264.0,576.0
2025-05-30 15:00:00+02:00,25.6,46.98512,13.45,0.0,1008.36633,40.0,10.783487,340.0,269.0,609.0
2025-05-30 16:00:00+02:00,26.4,45.105125,13.55,0.0,1008.10156,39.0,11.362834,500.0,187.0,687.0
2025-05-30 17:00:00+02:00,26.4,45.39943,13.65,0.0,1007.8051,4.0,9.3876505,402.0,169.0,571.0
2025-05-30 18:00:00+02:00,26.5,44.259716,13.35,0.0,1007.31494,5.0,6.4924874,371.0,109.0,480.0
2025-05-30 19:00:00+02:00,25.9,46.913544,13.7,0.0,1007.09357,7.0,7.4932766,247.0,85.0,332.0
2025-05-30 20:00:00+02:00,24.35,57.05232,15.3,0.0,1007.1308,10.0,7.5213294,116.0,64.0,180.0
2025-05-30 21:00:00+02:00,22.45,65.22546,15.6,0.0,1006.95544,5.0,6.8423676,27.0,32.0,59.0
2025-05-30 22:00:00+02:00,20.75,73.53952,15.85,0.0,1007.2818,2.0,5.6492476,0.0,2.0,2.0
2025-05-30 23:00:00+02:00,20.2,75.351105,15.7,0.0,1007.1602,17.0,4.6452556,0.0,0.0,0.0
2025-05-31 00:00:00+02:00,19.5,79.19726,15.8,0.0,1007.13135,29.0,5.072041,0.0,0.0,0.0
2025-05-31 01:00:00+02:00,18.4,83.74642,15.6,0.0,1006.98706,1.0,2.226477,0.0,0.0,0.0
2025-05-31 02:00:00+02:00,17.5,86.656235,15.25,0.0,1007.14703,2.0,0.25455844,0.0,0.0,0.0
2025-05-31 03:00:00+02:00,16.05,90.23667,14.45,0.0,1006.78955,4.0,0.25455844,0.0,0.0,0.0
2025-05-31 04:00:00+02:00,15.5,91.67064,14.15,0.0,1006.86536,5.0,0.56920993,0.0,0.0,0.0
2025-05-31 05:00:00+02:00,15.1,92.24293,13.85,0.0,1006.84827,1.0,0.9178235,0.0,0.0,0.0
2025-05-31 06:00:00+02:00,15.2,91.94997,13.9,0.0,1006.9511,81.0,0.9,2.0,6.0,8.0
2025-05-31 07:00:00+02:00,16.5,88.5401,14.6,0.0,1007.1049,100.0,1.9134263,40.0,46.0,86.0
2025-05-31 08:00:00+02:00,18.4,82.945404,15.45,0.0,1007.28345,100.0,1.0948973,105.0,98.0,203.0
2025-05-31 09:00:00+02:00,20.5,77.10139,16.35,0.0,1007.27136,100.0,2.0364676,225.0,129.0,354.0
2025-05-31 10:00:00+02:00,22.6,70.2154,16.9,0.0,1007.2582,100.0,2.9522195,374.0,134.0,508.0
2025-05-31 11:00:00+02:00,24.6,62.838623,17.05,0.0,1007.04205,41.0,4.542994,487.0,155.0,642.0
2025-05-31 12:00:00+02:00,26.25,54.840145,16.45,0.0,1006.7122,11.0,6.6624317,591.0,149.0,740.0
2025-05-31 13:00:00+02:00,27.25,49.447895,15.75,0.0,1006.25714,36.0,7.748368,620.0,158.0,778.0
2025-05-31 14:00:00+02:00,27.8,45.34006,14.9,0.0,1005.7844,77.0,8.209263,605.0,171.0,776.0
2025-05-31 15:00:00+02:00,28.5,41.47087,14.15,0.0,1005.71277,100.0,12.466867,461.0,229.0,690.0
2025-05-31 16:00:00+02:00,23.35,63.77074,16.1,0.4,1006.4977,100.0,9.7565975,27.0,276.0,303.0
2025-05-31 17:00:00+02:00,23.8,62.262905,16.15,0.0,1006.21924,100.0,8.714677,28.0,222.0,250.0
2025-05-31 18:00:00+02:00,24.05,62.318943,16.4,0.0,1005.834,99.0,7.0107627,86.0,211.0,297.0
2025-05-31 19:00:00+02:00,23.05,65.14481,16.15,0.0,1005.89276,99.0,10.304114,42.0,102.0,144.0
2025-05-31 20:00:00+02:00,22.6,69.99315,16.85,0.0,1005.3807,100.0,4.2481523,30.0,86.0,116.0
2025-05-31 21:00:00+02:00,21.4,77.483345,17.3,0.0,1005.4309,99.0,4.1046314,17.0,41.0,58.0
2025-05-31 22:00:00+02:00,20.45,85.04274,17.85,0.0,1005.3921,100.0,6.6185193,0.0,2.0,2.0
2025-05-31 23:00:00+02:00,20.15,87.729836,18.05,0.0,1005.0833,100.0,9.926147,0.0,0.0,0.0
2025-06-01 00:00:00+02:00,19.35,89.336044,17.55,0.0,1004.754,100.0,6.391901,0.0,0.0,0.0
2025-06-01 01:00:00+02:00,18.95,90.156296,17.3,0.0,1004.3421,100.0,7.42159,0.0,0.0,0.0
2025-06-01 02:00:00+02:00,18.45,91.55983,17.05,0.1,1003.82764,100.0,3.6,0.0,0.0,0.0
2025-06-01 03:00:00+02:00,16.55,95.94239,15.9,0.0,1004.1434,100.0,4.5536795,0.0,0.0,0.0
2025-06-01 04:00:00+02:00,17.3,91.48821,15.9,0.0,1004.4713,100.0,13.262714,0.0,0.0,0.0
2025-06-01 05:00:00+02:00,17.0,91.46938,15.6,0.2,1003.86584,100.0,5.0975285,0.0,0.0,0.0
2025-06-01 06:00:00+02:00,16.3,96.550545,15.75,1.8,1003.2438,100.0,3.7842832,0.0,2.0,2.0
2025-06-01 07:00:00+02:00,16.35,97.79343,16.0,0.7,1003.54205,93.0,6.2405767,0.0,23.0,23.0
2025-06-01 08:00:00+02:00,17.75,95.675575,17.05,0.0,1003.6995,81.0,5.2478566,92.0,96.0,188.0
2025-06-01 09:00:00+02:00,19.45,87.391716,17.3,0.0,1003.57245,56.0,8.3520775,219.0,132.0,351.0
2025-06-01 10:00:00+02:00,21.1,79.17181,17.35,0.0,1003.2447,79.0,9.9,387.0,130.0,517.0
2025-06-01 11:00:00+02:00,22.5,71.09221,17.0,0.0,1002.90607,100.0,13.246826,363.0,205.0,568.0
2025-06-01 12:00:00+02:00,23.25,70.33789,17.55,0.1,1002.3434,100.0,13.878689,167.0,297.0,464.0
2025-06-01 13:00:00+02:00,20.65,80.370766,17.15,0.6,1002.53467,100.0,18.727787,200.0,345.0,545.0
2025-06-01 14:00:00+02:00,20.35,81.35506,17.05,0.2,1002.1272,97.0,10.1456785,93.0,282.0,375.0
2025-06-01 15:00:00+02:00,19.85,86.60481,17.55,0.1,1002.6996,100.0,11.032987,8.0,198.0,206.0
2025-06-01 16:00:00+02:00,21.15,80.1845,17.6,0.0,1002.15967,99.0,7.102591,98.0,313.0,411.0
2025-06-01 17:00:00+02:00,22.25,76.64162,17.95,0.0,1001.90784,100.0,8.067936,338.0,212.0,550.0
2025-06-01 18:00:00+02:00,22.3,75.215775,17.7,0.0,1001.41565,100.0,7.731623,210.0,192.0,402.0
2025-06-01 19:00:00+02:00,22.25,73.56442,17.3,0.0,1001.2161,100.0,9.1641035,145.0,134.0,279.0
2025-06-01 20:00:00+02:00,21.95,75.15865,17.35,0.0,1001.3027,82.0,6.269067,33.0,101.0,134.0
2025-06-01 21:00:00+02:00,20.6,81.13028,17.25,0.0,1001.742,100.0,5.318383,20.0,35.0,55.0
2025-06-01 22:00:00+02:00,19.05,82.23167,15.95,0.0,1002.46893,100.0,7.731623,0.0,2.0,2.0
2025-06-01 23:00:00+02:00,18.0,80.26946,14.55,0.0,1002.5243,51.0,6.050785,0.0,0.0,0.0
2025-06-02 00:00:00+02:00,16.95,81.17488,13.7,0.0,1003.1721,100.0,0.5091169,0.0,0.0,0.0
2025-06-02 01:00:00+02:00,16.45,83.79326,13.7,0.0,1003.25006,100.0,0.0,0.0,0.0,0.0
2025-06-02 02:00:00+02:00,15.55,88.17338,13.6,0.0,1003.4096,100.0,2.5071096,0.0,0.0,0.0
2025-06-02 03:00:00+02:00,15.55,82.87146,12.65,0.0,1003.21204,100.0,0.40249225,0.0,0.0,0.0
2025-06-02 04:00:00+02:00,14.7,86.95287,12.55,0.0,1002.87976,100.0,0.25455844,0.0,0.0,0.0
2025-06-02 05:00:00+02:00,13.25,93.04889,12.15,0.0,1003.2128,100.0,2.1068459,0.0,0.0,0.0
2025-06-02 06:00:00+02:00,12.9,94.88748,12.1,0.0,1003.4943,100.0,1.5379207,1.0,8.0,9.0
2025-06-02 07:00:00+02:00,13.85,94.92431,13.05,0.0,1003.83136,99.0,1.1384199,15.0,61.0,76.0
2025-06-02 08:00:00+02:00,15.95,85.66705,13.55,0.0,1004.31573,99.0,1.659518,82.0,107.0,189.0
2025-06-02 09:00:00+02:00,17.55,77.64674,13.6,0.0,1004.6793,100.0,0.40249225,112.0,164.0,276.0
2025-06-02 10:00:00+02:00,16.95,78.06352,13.1,0.1,1005.0492,96.0,2.5455842,0.0,92.0,92.0
2025-06-02 11:00:00+02:00,19.1,66.87208,12.8,0.0,1005.1388,65.0,3.244996,305.0,215.0,520.0
2025-06-02 12:00:00+02:00,20.4,60.09496,12.4,0.1,1004.40173,72.0,3.9477081,408.0,230.0,638.0
2025-06-02 13:00:00+02:00,21.5,55.43289,12.2,0.0,1004.3478,81.0,5.5887027,614.0,187.0,801.0
2025-06-02 14:00:00+02:00,22.45,54.412296,12.8,0.0,1003.69446,97.0,7.674842,463.0,256.0,719.0
2025-06-02 15:00:00+02:00,18.75,67.68103,12.65,0.3,1004.7292,73.0,4.8633323,219.0,256.0,475.0
2025-06-02 16:00:00+02:00,20.1,61.62243,12.5,0.0,1004.1918,51.0,4.68,377.0,218.0,595.0
2025-06-02 17:00:00+02:00,20.75,59.980724,12.7,0.0,1003.8234,33.0,6.444905,331.0,201.0,532.0
2025-06-02 18:00:00+02:00,20.25,64.54257,13.35,0.2,1003.4076,99.0,7.1684303,252.0,163.0,415.0
2025-06-02 19:00:00+02:00,18.75,73.666794,13.95,1.3,1003.5435,99.0,7.415038,89.0,142.0,231.0
2025-06-02 20:00:00+02:00,17.2,83.60844,14.4,2.2,1003.874,75.0,3.319036,60.0,76.0,136.0
2025-06-02 21:00:00+02:00,16.15,93.498604,15.1,0.0,1004.0279,95.0,2.6208394,17.0,40.0,57.0
2025-06-02 22:00:00+02:00,15.25,92.551056,14.05,0.0,1004.48364,52.0,3.462369,0.0,3.0,3.0
2025-06-02 23:00:00+02:00,15.0,91.63964,13.65,0.0,1004.47296,36.0,2.6758924,0.0,0.0,0.0
2025-06-03 00:00:00+02:00,14.2,94.937775,13.4,0.0,1004.4389,40.0,1.659518,0.0,0.0,0.0
2025-06-03 01:00:00+02:00,13.4,97.74293,13.05,0.0,1004.3061,47.0,0.5091169,0.0,0.0,0.0
2025-06-03 02:00:00+02:00,12.3,100.0,12.3,0.0,1004.1596,98.0,0.9,0.0,0.0,0.0
2025-06-03 03:00:00+02:00,12.5,99.67249,12.45,0.0,1003.971,13.0,1.4399999,0.0,0.0,0.0
2025-06-03 04:00:00+02:00,11.8,100.0,11.8,0.0,1003.74316,99.0,0.17999999,0.0,0.0,0.0
2025-06-03 05:00:00+02:00,11.65,99.6703,11.6,0.0,1003.7365,100.0,0.25455844,0.0,0.0,0.0
2025-06-03 06:00:00+02:00,12.05,99.67133,12.0,0.0,1003.7538,99.0,1.08,1.0,7.0,8.0
2025-06-03 07:00:00+02:00,12.5,98.695595,12.3,0.0,1003.77344,98.0,3.1845248,31.0,46.0,77.0
2025-06-03 08:00:00+02:00,13.45,92.14658,12.2,0.0,1003.61676,43.0,3.693291,99.0,90.0,189.0
2025-06-03 09:00:00+02:00,15.3,83.93514,12.6,0.0,1003.498,22.0,4.1046314,249.0,126.0,375.0
2025-06-03 10:00:00+02:00,17.45,72.95996,12.55,0.0,1003.3908,1.0,5.7628117,443.0,112.0,555.0
2025-06-03 11:00:00+02:00,19.45,58.88718,11.2,0.0,1002.9796,0.0,7.562142,594.0,108.0,702.0
2025-06-03 12:00:00+02:00,20.75,49.829468,9.9,0.0,1002.6377,52.0,10.009036,695.0,115.0,810.0
2025-06-03 13:00:00+02:00,21.2,49.123238,10.1,0.0,1002.35944,50.0,12.172312,361.0,263.0,624.0
2025-06-03 14:00:00+02:00,22.15,47.447495,10.45,0.0,1001.70605,55.0,9.67657,400.0,255.0,655.0
2025-06-03 15:00:00+02:00,22.35,47.029873,10.5,0.0,1001.1214,54.0,11.964246,252.0,303.0,555.0
2025-06-03 16:00:00+02:00,22.6,49.33636,11.45,0.0,1000.7362,69.0,12.738099,482.0,192.0,674.0
2025-06-03 17:00:00+02:00,22.5,51.471733,12.0,0.0,1000.04034,21.0,11.028581,438.0,146.0,584.0
2025-06-03 18:00:00+02:00,22.65,50.837387,11.95,0.0,999.4534,21.0,11.384199,345.0,114.0,459.0
2025-06-03 19:00:00+02:00,22.45,52.312294,12.2,0.0,999.05005,32.0,11.767651,229.0,91.0,320.0
2025-06-03 20:00:00+02:00,21.15,64.11198,14.1,0.0,998.70123,23.0,10.120098,108.0,68.0,176.0
2025-06-03 21:00:00+02:00,19.95,72.695564,14.9,0.0,998.9489,29.0,10.706595,26.0,33.0,59.0
2025-06-03 22:00:00+02:00,19.1,77.6306,15.1,0.0,999.11176,31.0,11.225132,0.0,3.0,3.0
2025-06-03 23:00:00+02:00,18.85,81.6826,15.65,0.0,999.20026,41.0,13.00243,0.0,0.0,0.0
2025-06-04 00:00:00+02:00,18.4,85.36886,15.9,0.1,999.0829,4.0,12.570394,0.0,0.0,0.0
2025-06-04 01:00:00+02:00,17.45,88.05279,15.45,0.0,999.1425,10.0,11.43248,0.0,0.0,0.0
2025-06-04 02:00:00+02:00,16.6,90.858444,15.1,0.0,999.3047,7.0,9.726664,0.0,0.0,0.0
2025-06-04 03:00:00+02:00,15.55,90.787384,14.05,4.8,998.86523,100.0,6.162207,0.0,0.0,0.0
2025-06-04 04:00:00+02:00,14.75,96.50962,14.2,6.7,998.6342,100.0,3.4247334,0.0,0.0,0.0
2025-06-04 05:00:00+02:00,14.6,98.71663,14.4,0.1,998.8254,100.0,12.688404,0.0,0.0,0.0
2025-06-04 06:00:00+02:00,15.35,97.462425,14.95,3.5,998.56067,100.0,10.564942,0.0,4.0,4.0
2025-06-04 07:00:00+02:00,15.65,98.727,15.45,3.0,998.27686,100.0,8.2584505,0.0,25.0,25.0
2025-06-04 08:00:00+02:00,15.75,98.72795,15.55,1.5,998.37976,100.0,8.513448,0.0,30.0,30.0
2025-06-04 09:00:00+02:00,16.35,97.79343,16.0,0.5,998.00964,100.0,7.293888,1.0,69.0,70.0
2025-06-04 10:00:00+02:00,17.15,96.266266,16.55,1.3,998.2408,100.0,12.55879,16.0,164.0,180.0
2025-06-04 11:00:00+02:00,16.95,95.6495,16.25,1.5,998.1335,100.0,14.713829,0.0,99.0,99.0
2025-06-04 12:00:00+02:00,18.85,92.45542,17.6,0.6,997.8171,99.0,9.0,41.0,286.0,327.0
2025-06-04 13:00:00+02:00,18.75,92.15858,17.45,2.8,997.4177,100.0,11.679212,30.0,229.0,259.0
2025-06-04 14:00:00+02:00,18.5,85.65212,16.05,3.9,997.3086,100.0,15.951087,10.0,270.0,280.0
2025-06-04 15:00:00+02:00,18.4,86.1904,16.05,2.6,997.79846,100.0,12.961249,41.0,220.0,261.0
2025-06-04 16:00:00+02:00,17.7,91.51322,16.3,1.3,997.37445,100.0,11.334285,2.0,166.0,168.0
2025-06-04 17:00:00+02:00,18.3,88.12586,16.3,0.4,996.9053,100.0,11.236671,9.0,212.0,221.0
2025-06-04 18:00:00+02:00,18.5,87.584,16.4,0.4,996.71576,100.0,14.186923,20.0,217.0,237.0
2025-06-04 19:00:00+02:00,17.85,89.790474,16.15,0.2,997.18286,100.0,13.929953,1.0,95.0,96.0
2025-06-04 20:00:00+02:00,17.25,91.19314,15.8,0.3,996.96045,91.0,10.4493065,0.0,36.0,36.0
2025-06-04 21:00:00+02:00,16.65,94.12339,15.7,0.0,997.3307,100.0,11.43248,1.0,30.0,31.0
2025-06-04 22:00:00+02:00,16.1,95.3153,15.35,0.0,998.0981,99.0,11.681987,0.0,3.0,3.0
2025-06-04 23:00:00+02:00,15.75,95.60989,15.05,0.0,998.4786,99.0,13.036026,0.0,0.0,0.0
2025-06-05 00:00:00+02:00,15.5,95.294014,14.75,0.0,998.66583,98.0,13.466357,0.0,0.0,0.0
2025-06-05 01:00:00+02:00,15.0,96.204895,14.4,0.0,998.84204,100.0,12.039833,0.0,0.0,0.0
2025-06-05 02:00:00+02:00,14.95,94.96645,14.15,0.1,999.3341,95.0,14.571108,0.0,0.0,0.0
2025-06-05 03:00:00+02:00,14.8,94.0412,13.85,0.0,999.03143,94.0,12.320471,0.0,0.0,0.0
2025-06-05 04:00:00+02:00,14.8,93.12946,13.7,0.0,999.03143,85.0,14.941083,0.0,0.0,0.0
2025-06-05 05:00:00+02:00,14.75,94.038925,13.8,0.0,999.4245,97.0,16.276815,0.0,0.0,0.0
2025-06-05 06:00:00+02:00,14.5,93.72224,13.5,0.0,999.7101,31.0,14.796175,1.0,6.0,7.0
2025-06-05 07:00:00+02:00,14.75,90.7327,13.25,0.0,1000.31354,28.0,14.98331,26.0,48.0,74.0
2025-06-05 08:00:00+02:00,15.5,85.063255,13.0,0.0,1000.44403,80.0,15.784676,121.0,88.0,209.0
2025-06-05 09:00:00+02:00,16.2,79.499954,12.65,0.2,1000.37445,68.0,14.396625,206.0,120.0,326.0
2025-06-05 10:00:00+02:00,17.35,72.22721,12.3,0.2,1000.6201,28.0,15.3264475,349.0,146.0,495.0
2025-06-05 11:00:00+02:00,18.45,65.86372,11.95,0.0,1000.27075,24.0,15.408671,428.0,154.0,582.0
2025-06-05 12:00:00+02:00,19.4,58.099022,10.95,0.0,1000.2108,40.0,17.714231,549.0,153.0,702.0
2025-06-05 13:00:00+02:00,19.8,53.912426,10.2,0.1,999.832,100.0,18.864824,565.0,174.0,739.0
2025-06-05 14:00:00+02:00,20.25,50.876205,9.75,0.1,999.554,100.0,20.11656,526.0,223.0,749.0
2025-06-05 15:00:00+02:00,19.5,52.763073,9.6,0.1,999.9185,100.0,20.378988,163.0,330.0,493.0
2025-06-05 16:00:00+02:00,19.05,57.054726,10.35,0.0,999.99884,100.0,18.723461,86.0,304.0,390.0
2025-06-05 17:00:00+02:00,18.65,59.28318,10.55,0.0,999.68604,27.0,14.918297,22.0,194.0,216.0
2025-06-05 18:00:00+02:00,19.5,56.410725,10.6,0.0,999.22687,53.0,17.176563,338.0,132.0,470.0
2025-06-05 19:00:00+02:00,19.3,55.79931,10.25,0.0,999.0211,48.0,17.429354,221.0,106.0,327.0
2025-06-05 20:00:00+02:00,18.65,60.679577,10.9,0.0,999.09326,100.0,13.971757,92.0,72.0,164.0
2025-06-05 21:00:00+02:00,17.7,64.83767,11.0,0.0,998.95526,100.0,12.172312,4.0,42.0,46.0
2025-06-05 22:00:00+02:00,16.65,70.44905,11.25,0.0,999.0102,100.0,9.346143,0.0,3.0,3.0
2025-06-05 23:00:00+02:00,16.25,73.22774,11.45,0.1,998.7959,100.0,13.009903,0.0,0.0,0.0
2025-06-06 00:00:00+02:00,15.9,75.87765,11.65,0.6,998.386,100.0,15.299999,0.0,0.0,0.0
2025-06-06 01:00:00+02:00,15.4,81.77254,12.3,0.3,997.96985,100.0,15.702356,0.0,0.0,0.0
2025-06-06 02:00:00+02:00,15.5,82.59421,12.55,0.1,997.38153,100.0,15.224637,0.0,0.0,0.0
2025-06-06 03:00:00+02:00,15.0,91.63964,13.65,1.0,996.86633,100.0,15.941944,0.0,0.0,0.0
2025-06-06 04:00:00+02:00,15.1,92.24293,13.85,0.5,996.3767,100.0,19.179081,0.0,0.0,0.0
2025-06-06 05:00:00+02:00,15.2,92.548294,14.0,0.4,996.18317,100.0,19.652176,0.0,0.0,0.0
2025-06-06 06:00:00+02:00,15.25,92.551056,14.05,0.7,996.1854,100.0,18.171976,0.0,3.0,3.0
2025-06-06 07:00:00+02:00,15.8,92.28324,14.55,0.5,996.0109,100.0,24.23324,7.0,24.0,31.0
2025-06-06 08:00:00+02:00,16.05,92.000656,14.75,1.0,996.8116,100.0,22.571884,0.0,43.0,43.0
2025-06-06 09:00:00+02:00,16.05,97.16445,15.6,2.4,997.7995,99.0,15.726067,0.0,78.0,78.0
2025-06-06 10:00:00+02:00,17.45,90.625465,15.9,0.1,998.45087,100.0,13.719023,11.0,167.0,178.0
2025-06-06 11:00:00+02:00,17.45,82.03247,14.35,0.0,999.1425,10.0,16.037182,122.0,157.0,279.0
2025-06-06 12:00:00+02:00,19.9,66.82011,13.55,0.0,999.5397,46.0,18.218275,651.0,143.0,794.0
2025-06-06 13:00:00+02:00,20.65,60.747654,12.8,0.0,999.6692,100.0,21.178896,539.0,205.0,744.0
2025-06-06 14:00:00+02:00,19.7,61.12652,12.0,0.0,999.92664,99.0,18.772715,108.0,308.0,416.0
2025-06-06 15:00:00+02:00,19.55,61.293324,11.9,0.1,1000.6124,100.0,19.692526,233.0,287.0,520.0
2025-06-06 16:00:00+02:00,19.1,61.798473,11.6,0.0,1000.79144,100.0,17.935081,72.0,219.0,291.0
2025-06-06 17:00:00+02:00,19.15,63.461796,12.05,0.0,1000.5957,18.0,16.423458,10.0,226.0,236.0
2025-06-06 18:00:00+02:00,19.35,63.506386,12.25,0.1,1000.40656,28.0,18.59845,268.0,153.0,421.0
2025-06-06 19:00:00+02:00,19.35,64.55748,12.5,0.0,1000.40656,84.0,14.387619,170.0,110.0,280.0
2025-06-06 20:00:00+02:00,18.75,71.77727,13.55,0.0,1000.4806,19.0,10.950452,41.0,66.0,107.0
2025-06-06 21:00:00+02:00,17.8,77.43289,13.8,0.0,1000.44135,84.0,11.132385,26.0,38.0,64.0
2025-06-06 22:00:00+02:00,17.2,79.900185,13.7,0.0,1000.6137,32.0,11.594292,0.0,3.0,3.0
2025-06-06 23:00:00+02:00,16.35,85.153786,13.85,0.0,1000.7759,27.0,11.144021,0.0,0.0,0.0
2025-06-07 00:00:00+02:00,15.8,87.90904,13.8,0.0,1000.6541,80.0,11.931705,0.0,0.0,0.0
2025-06-07 01:00:00+02:00,15.45,89.02921,13.65,0.0,1000.73816,94.0,10.484903,0.0,0.0,0.0
2025-06-07 02:00:00+02:00,15.05,90.753265,13.55,0.0,1000.4248,87.0,10.385547,0.0,0.0,0.0
2025-06-07 03:00:00+02:00,14.9,94.04568,13.95,0.3,1000.31976,100.0,8.404285,0.0,0.0,0.0
2025-06-07 04:00:00+02:00,14.5,94.94928,13.7,0.1,1000.1053,100.0,14.288191,0.0,0.0,0.0
2025-06-07 05:00:00+02:00,14.3,93.40777,13.25,0.0,999.504,100.0,9.627896,0.0,0.0,0.0
2025-06-07 06:00:00+02:00,14.2,95.24743,13.45,0.0,999.40094,100.0,8.452336,0.0,6.0,6.0
2025-06-07 07:00:00+02:00,14.9,94.6574,14.05,0.0,999.4307,95.0,9.901636,4.0,50.0,54.0
2025-06-07 08:00:00+02:00,15.9,89.0653,14.1,0.1,999.3739,100.0,12.284918,25.0,112.0,137.0
2025-06-07 09:00:00+02:00,15.75,85.64648,13.35,0.3,998.97253,85.0,10.990322,6.0,109.0,115.0
2025-06-07 10:00:00+02:00,15.75,83.4395,12.95,0.1,998.8737,100.0,18.626305,119.0,211.0,330.0
2025-06-07 11:00:00+02:00,16.55,81.91902,13.45,0.0,998.9072,100.0,18.204933,46.0,238.0,284.0
2025-06-07 12:00:00+02:00,17.95,73.0489,13.05,0.0,998.4716,71.0,15.631007,174.0,328.0,502.0
2025-06-07 13:00:00+02:00,19.5,64.590195,12.65,0.0,998.33765,26.0,19.627428,557.0,213.0,770.0
2025-06-07 14:00:00+02:00,20.2,55.47122,11.0,0.0,998.1686,95.0,20.9644,569.0,208.0,777.0
2025-06-07 15:00:00+02:00,19.7,55.344563,10.5,0.0,998.54333,43.0,21.575987,361.0,237.0,598.0
2025-06-07 16:00:00+02:00,19.65,54.416485,10.2,0.0,998.4427,34.0,21.721159,356.0,220.0,576.0
2025-06-07 17:00:00+02:00,19.4,54.53437,10.0,0.0,998.7287,82.0,22.350462,356.0,158.0,514.0
2025-06-07 18:00:00+02:00,19.15,60.59611,11.35,0.0,998.61957,69.0,19.233065,174.0,168.0,342.0
2025-06-07 19:00:00+02:00,18.0,66.86267,11.75,0.0,998.5723,40.0,18.440998,167.0,111.0,278.0
2025-06-07 20:00:00+02:00,17.05,72.88852,12.15,0.0,999.0271,53.0,14.637663,103.0,82.0,185.0
2025-06-07 21:00:00+02:00,16.5,76.47604,12.35,0.0,999.1026,40.0,15.266079,25.0,38.0,63.0
2025-06-07 22:00:00+02:00,15.5,78.61919,11.8,0.0,999.4561,38.0,15.3771,1.0,3.0,4.0
2025-06-07 23:00:00+02:00,15.1,81.73405,12.0,0.0,999.2416,59.0,12.492829,0.0,0.0,0.0
2025-06-08 00:00:00+02:00,14.6,85.52725,12.2,0.0,998.9242,97.0,12.061343,0.0,0.0,0.0
2025-06-08 01:00:00+02:00,14.6,85.808846,12.25,0.0,998.529,93.0,11.989946,0.0,0.0,0.0
2025-06-08 02:00:00+02:00,13.95,89.49427,12.25,0.1,998.3039,98.0,12.325728,0.0,0.0,0.0
2025-06-08 03:00:00+02:00,14.15,94.62699,13.3,0.1,997.3245,57.0,13.374618,0.0,0.0,0.0
2025-06-08 04:00:00+02:00,14.3,92.196434,13.05,0.0,996.83685,42.0,19.376562,0.0,0.0,0.0
2025-06-08 05:00:00+02:00,14.0,90.97884,12.55,0.0,996.92285,76.0,19.748388,0.0,0.0,0.0
2025-06-08 06:00:00+02:00,13.8,89.48263,12.1,0.1,997.112,100.0,22.747044,1.0,6.0,7.0
2025-06-08 07:00:00+02:00,13.25,91.228615,11.85,0.3,997.5824,58.0,19.453327,4.0,37.0,41.0
2025-06-08 08:00:00+02:00,14.4,86.07114,12.1,0.0,997.8288,21.0,22.300394,57.0,81.0,138.0
2025-06-08 09:00:00+02:00,15.4,77.572716,11.5,0.1,998.3649,12.0,21.288757,205.0,132.0,337.0
2025-06-08 10:00:00+02:00,16.2,68.74194,10.45,0.0,999.2877,82.0,21.362442,422.0,111.0,533.0
2025-06-08 11:00:00+02:00,16.4,63.26513,9.4,0.1,999.6914,27.0,19.401628,277.0,209.0,486.0
2025-06-08 12:00:00+02:00,16.75,61.046486,9.2,0.6,1000.49646,22.0,18.379402,560.0,164.0,724.0
2025-06-08 13:00:00+02:00,17.75,57.499466,9.25,0.0,1001.0319,23.0,19.85719,502.0,206.0,708.0
2025-06-08 14:00:00+02:00,18.7,51.497547,8.5,0.0,1001.5652,86.0,20.674158,554.0,201.0,755.0
2025-06-08 15:00:00+02:00,17.4,51.32493,7.25,0.1,1003.09216,11.0,21.72638,544.0,182.0,726.0
2025-06-08 16:00:00+02:00,17.3,51.2981,7.15,0.0,1003.68097,23.0,20.95203,468.0,201.0,669.0
2025-06-08 17:00:00+02:00,15.4,61.767933,8.1,0.0,1004.6875,26.0,14.292725,409.0,145.0,554.0
2025-06-08 18:00:00+02:00,16.2,55.007515,7.15,0.0,1005.314,16.0,18.921415,243.0,143.0,386.0
2025-06-08 19:00:00+02:00,15.6,55.04111,6.6,0.0,1005.9803,22.0,16.810495,229.0,95.0,324.0
2025-06-08 20:00:00+02:00,15.1,54.722347,6.05,0.0,1007.14465,11.0,16.451052,122.0,72.0,194.0
2025-06-08 21:00:00+02:00,13.8,59.311924,6.0,0.0,1008.1756,4.0,13.491597,33.0,37.0,70.0
2025-06-08 22:00:00+02:00,12.6,64.14195,6.0,0.0,1009.5069,1.0,9.801326,1.0,4.0,5.0
2025-06-08 23:00:00+02:00,11.65,69.70661,6.3,0.0,1010.1568,1.0,6.8612823,0.0,0.0,0.0
2025-06-09 00:00:00+02:00,11.1,73.29283,6.5,0.0,1010.5277,1.0,6.7853074,0.0,0.0,0.0
2025-06-09 01:00:00+02:00,10.5,77.066055,6.65,0.0,1010.7978,0.0,7.256032,0.0,0.0,0.0
2025-06-09 02:00:00+02:00,9.75,81.8664,6.8,0.0,1010.9618,0.0,6.037383,0.0,0.0,0.0
2025-06-09 03:00:00+02:00,8.25,85.136185,5.9,0.0,1010.99396,0.0,5.004518,0.0,0.0,0.0
2025-06-09 04:00:00+02:00,8.1,86.30512,5.95,0.0,1010.8885,0.0,5.5450516,0.0,0.0,0.0
2025-06-09 05:00:00+02:00,8.0,87.19415,6.0,0.0,1011.18005,0.0,7.256032,0.0,0.0,0.0
2025-06-09 06:00:00+02:00,8.05,87.80278,6.15,0.0,1011.57776,0.0,7.6409945,3.0,8.0,11.0
2025-06-09 07:00:00+02:00,9.15,86.11569,6.95,0.0,1011.9228,0.0,8.604301,52.0,46.0,98.0
2025-06-09 08:00:00+02:00,10.95,80.91352,7.8,0.0,1012.0026,0.0,8.3520775,166.0,74.0,240.0
2025-06-09 09:00:00+02:00,12.65,73.82144,8.1,0.0,1012.07697,9.0,9.703319,309.0,93.0,402.0
2025-06-09 10:00:00+02:00,14.4,64.325966,7.75,0.0,1012.2514,14.0,9.9408245,422.0,119.0,541.0
2025-06-09 11:00:00+02:00,15.9,56.648903,7.3,0.0,1012.2168,49.0,13.358861,456.0,169.0,625.0
2025-06-09 12:00:00+02:00,17.05,50.35934,6.65,0.0,1012.06824,14.0,10.9859,440.0,206.0,646.0
2025-06-09 13:00:00+02:00,18.35,43.45614,5.7,0.0,1011.72736,100.0,11.500296,736.0,138.0,874.0
2025-06-09 14:00:00+02:00,18.8,41.812572,5.55,0.0,1011.54846,76.0,11.038858,458.0,282.0,740.0
2025-06-09 15:00:00+02:00,18.6,45.83508,6.7,0.0,1011.6391,100.0,12.081473,194.0,334.0,528.0
2025-06-09 16:00:00+02:00,18.5,46.122902,6.7,0.0,1011.43726,74.0,11.48761,98.0,292.0,390.0
2025-06-09 17:00:00+02:00,19.05,45.64728,7.05,0.0,1011.16376,92.0,11.465024,208.0,260.0,468.0
2025-06-09 18:00:00+02:00,18.6,47.7586,7.3,0.0,1010.94745,100.0,9.266067,68.0,190.0,258.0
2025-06-09 19:00:00+02:00,18.7,48.940575,7.75,0.0,1010.6551,40.0,6.1858225,108.0,140.0,248.0
2025-06-09 20:00:00+02:00,18.4,56.134266,9.5,0.0,1010.5439,92.0,1.4512063,99.0,79.0,178.0
2025-06-09 21:00:00+02:00,16.7,66.36818,10.4,0.0,1010.07733,76.0,3.0811036,19.0,42.0,61.0
2025-06-09 22:00:00+02:00,14.7,72.706535,9.85,0.0,1009.9924,99.0,5.414979,1.0,4.0,5.0
2025-06-09 23:00:00+02:00,14.05,75.32035,9.75,0.0,1009.76685,100.0,5.4656014,0.0,0.0,0.0
2025-06-10 00:00:00+02:00,13.15,78.5322,9.5,0.0,1009.53064,88.0,4.278551,0.0,0.0,0.0
2025-06-10 01:00:00+02:00,12.35,80.55786,9.1,0.0,1009.2983,6.0,4.5536795,0.0,0.0,0.0
2025-06-10 02:00:00+02:00,11.7,81.84104,8.7,0.0,1008.87494,18.0,4.5,0.0,0.0,0.0
2025-06-10 03:00:00+02:00,10.85,82.849556,8.05,0.0,1008.5415,82.0,3.2846913,0.0,0.0,0.0
2025-06-10 04:00:00+02:00,11.05,84.57598,8.55,0.0,1007.8587,67.0,5.509882,0.0,0.0,0.0
2025-06-10 05:00:00+02:00,11.0,85.72234,8.7,0.0,1007.36273,98.0,6.9153743,0.0,0.0,0.0
2025-06-10 06:00:00+02:00,11.1,86.605225,8.95,0.0,1007.4658,100.0,7.6409945,0.0,10.0,10.0
2025-06-10 07:00:00+02:00,11.8,86.09413,9.55,0.0,1007.3978,100.0,8.139901,7.0,65.0,72.0
2025-06-10 08:00:00+02:00,12.95,82.27673,10.0,0.0,1007.3486,100.0,7.282774,33.0,130.0,163.0
2025-06-10 09:00:00+02:00,14.4,77.67668,10.55,0.0,1006.91705,100.0,7.7900705,52.0,211.0,263.0
2025-06-10 10:00:00+02:00,16.3,71.79666,11.2,0.0,1006.50397,100.0,9.080639,157.0,230.0,387.0
2025-06-10 11:00:00+02:00,18.85,64.024956,11.9,0.0,1006.1165,97.0,9.840914,346.0,251.0,597.0
2025-06-10 12:00:00+02:00,20.6,58.199257,12.1,0.0,1005.2004,23.0,13.752047,342.0,312.0,654.0
2025-06-10 13:00:00+02:00,21.95,50.150826,11.1,0.0,1004.7612,76.0,19.11139,583.0,215.0,798.0
2025-06-10 14:00:00+02:00,22.8,44.55678,10.1,0.0,1004.1039,99.0,20.160805,424.0,278.0,702.0
2025-06-10 15:00:00+02:00,22.7,42.7729,9.4,0.0,1003.60565,100.0,22.862833,190.0,368.0,558.0
2025-06-10 16:00:00+02:00,23.0,42.427826,9.55,0.0,1002.9263,100.0,21.697279,123.0,323.0,446.0
2025-06-10 17:00:00+02:00,23.5,42.002037,9.85,0.0,1002.55084,100.0,15.844089,82.0,254.0,336.0
2025-06-10 18:00:00+02:00,23.4,44.87218,10.75,0.0,1002.6458,100.0,19.424158,205.0,192.0,397.0
2025-06-10 19:00:00+02:00,21.9,53.386906,12.0,0.0,1003.1783,84.0,18.88628,134.0,141.0,275.0
2025-06-10 20:00:00+02:00,19.95,64.26695,13.0,0.0,1004.087,97.0,16.084589,66.0,79.0,145.0
2025-06-10 21:00:00+02:00,18.35,72.64502,13.35,0.0,1004.71246,100.0,12.996199,16.0,40.0,56.0
2025-06-10 22:00:00+02:00,17.55,73.698135,12.8,0.0,1005.3709,35.0,12.24,0.0,4.0,4.0
2025-06-10 23:00:00+02:00,16.45,76.21723,12.25,0.0,1006.1151,34.0,12.785069,0.0,0.0,0.0
2025-06-11 00:00:00+02:00,15.5,80.71769,12.2,0.0,1006.6678,22.0,9.446141,0.0,0.0,0.0
2025-06-11 01:00:00+02:00,14.9,83.6139,12.15,0.0,1007.1361,16.0,4.6938252,0.0,0.0,0.0
2025-06-11 02:00:00+02:00,13.95,87.16849,11.85,0.0,1007.5896,23.0,3.4949677,0.0,0.0,0.0
2025-06-11 03:00:00+02:00,13.55,85.985115,11.25,0.0,1007.86847,7.0,3.7842832,0.0,0.0,0.0
2025-06-11 04:00:00+02:00,12.55,89.08829,10.8,0.0,1008.1217,0.0,4.2481523,0.0,0.0,0.0
2025-06-11 05:00:00+02:00,12.15,89.35328,10.45,0.0,1008.4995,0.0,5.7431,0.0,0.0,0.0
2025-06-11 06:00:00+02:00,11.9,89.63226,10.25,0.0,1008.98254,0.0,5.4833565,3.0,9.0,12.0
2025-06-11 07:00:00+02:00,12.95,86.21027,10.7,0.0,1009.423,0.0,5.937272,54.0,46.0,100.0
2025-06-11 08:00:00+02:00,14.45,76.14619,10.3,0.0,1009.784,0.0,5.5887027,169.0,74.0,243.0
2025-06-11 09:00:00+02:00,15.5,69.293625,9.9,0.0,1009.9278,0.0,4.4565907,310.0,92.0,402.0
2025-06-11 10:00:00+02:00,16.65,62.267494,9.4,0.0,1010.2727,41.0,5.004518,452.0,105.0,557.0
2025-06-11 11:00:00+02:00,17.75,55.593117,8.75,0.0,1010.2202,99.0,6.299999,541.0,131.0,672.0
2025-06-11 12:00:00+02:00,18.65,52.895782,8.85,0.0,1010.06036,100.0,6.3690495,618.0,159.0,777.0
2025-06-11 13:00:00+02:00,19.5,49.659733,8.7,0.0,1009.79913,100.0,6.384293,672.0,171.0,843.0
2025-06-11 14:00:00+02:00,20.15,47.698463,8.7,0.0,1009.8262,57.0,6.623413,645.0,207.0,852.0
2025-06-11 15:00:00+02:00,21.15,39.001106,6.65,0.0,1009.5706,0.0,7.256032,702.0,146.0,848.0
2025-06-11 16:00:00+02:00,21.5,37.136887,6.25,0.0,1009.0908,0.0,8.452336,668.0,118.0,786.0
2025-06-11 17:00:00+02:00,21.5,36.250454,5.9,0.0,1008.59674,0.0,10.387107,564.0,110.0,674.0
2025-06-11 18:00:00+02:00,21.4,35.72368,5.6,0.0,1008.2965,0.0,10.070353,435.0,99.0,534.0
2025-06-11 19:00:00+02:00,21.05,42.887768,7.95,0.0,1008.0843,0.0,10.7894945,290.0,86.0,376.0
2025-06-11 20:00:00+02:00,20.25,50.53617,9.65,0.0,1007.854,0.0,11.384198,150.0,67.0,217.0
2025-06-11 21:00:00+02:00,18.75,58.133385,10.35,0.0,1008.18726,0.0,11.090103,42.0,39.0,81.0
2025-06-11 22:00:00+02:00,17.0,65.552925,10.5,0.0,1008.7069,0.0,10.766949,1.0,5.0,6.0
2025-06-11 23:00:00+02:00,16.05,68.48282,10.25,0.0,1008.7654,0.0,11.837651,0.0,0.0,0.0
2025-06-12 00:00:00+02:00,15.05,71.56372,9.95,0.0,1008.8218,0.0,10.8792095,0.0,0.0,0.0
2025-06-12 01:00:00+02:00,14.15,73.836624,9.55,0.0,1008.4872,0.0,11.1090765,0.0,0.0,0.0
2025-06-12 02:00:00+02:00,13.45,74.71446,9.05,0.0,1008.16064,0.0,10.735306,0.0,0.0,0.0
2025-06-12 03:00:00+02:00,13.25,74.93262,8.9,0.0,1008.0531,0.0,9.7880945,0.0,0.0,0.0
2025-06-12 04:00:00+02:00,12.8,75.61976,8.6,0.0,1007.7374,0.0,9.826088,0.0,0.0,0.0
2025-06-12 05:00:00+02:00,12.4,76.06726,8.3,0.0,1007.42365,0.0,10.1902895,0.0,0.0,0.0
2025-06-12 06:00:00+02:00,12.3,75.53628,8.1,0.0,1007.61676,0.0,9.984729,3.0,9.0,12.0
2025-06-12 07:00:00+02:00,13.6,69.85514,8.2,0.0,1007.772,0.0,10.296251,55.0,45.0,100.0
2025-06-12 08:00:00+02:00,15.7,60.59222,8.1,0.0,1007.86145,0.0,9.313152,172.0,70.0,242.0
2025-06-12 09:00:00+02:00,17.8,54.121407,8.4,0.0,1007.65375,0.0,9.4238205,315.0,88.0,403.0
2025-06-12 10:00:00+02:00,20.05,48.64716,8.9,0.0,1007.747,0.0,9.505977,459.0,100.0,559.0
2025-06-12 11:00:00+02:00,22.3,41.94671,8.75,0.0,1007.6412,0.0,10.98,586.0,109.0,695.0
2025-06-12 12:00:00+02:00,24.1,35.036167,7.7,0.0,1007.1206,0.0,12.632101,687.0,114.0,801.0
2025-06-12 13:00:00+02:00,25.5,30.616264,6.95,0.0,1006.7813,0.0,12.273043,749.0,118.0,867.0
2025-06-12 14:00:00+02:00,26.6,28.491348,6.85,0.0,1006.5281,0.0,12.168319,768.0,118.0,886.0
2025-06-12 15:00:00+02:00,27.65,25.61744,6.2,0.0,1006.1739,1.0,12.125642,742.0,117.0,859.0
2025-06-12 16:00:00+02:00,28.3,25.179422,6.5,0.0,1005.90283,73.0,11.481968,675.0,111.0,786.0
2025-06-12 17:00:00+02:00,28.6,25.00071,6.65,0.0,1005.42004,42.0,12.7279215,553.0,116.0,669.0
2025-06-12 18:00:00+02:00,28.55,25.59495,6.95,0.0,1005.12164,67.0,12.673074,428.0,102.0,530.0
2025-06-12 19:00:00+02:00,28.25,26.494968,7.2,0.0,1005.3076,4.0,11.968308,279.0,91.0,370.0
2025-06-12 20:00:00+02:00,27.45,28.627895,7.65,0.0,1005.6721,9.0,11.334284,148.0,67.0,215.0
2025-06-12 21:00:00+02:00,25.65,34.183475,8.7,0.0,1005.9967,43.0,10.3621235,42.0,39.0,81.0
2025-06-12 22:00:00+02:00,23.35,44.26492,10.5,0.0,1006.6953,3.0,11.19189,1.0,5.0,6.0
2025-06-12 23:00:00+02:00,21.95,45.68039,9.7,0.0,1007.1328,0.0,10.548061,0.0,0.0,0.0
2025-06-13 00:00:00+02:00,20.85,43.714367,8.05,0.0,1007.187,0.0,9.741642,0.0,0.0,0.0
2025-06-13 01:00:00+02:00,19.85,44.333004,7.35,0.0,1007.34357,7.0,8.320986,0.0,0.0,0.0
2025-06-13 02:00:00+02:00,19.05,46.276337,7.25,0.0,1007.4091,48.0,8.65873,0.0,0.0,0.0
2025-06-13 03:00:00+02:00,17.6,52.619217,7.8,0.0,1007.5464,20.0,9.299225,0.0,0.0,0.0
2025-06-13 04:00:00+02:00,16.8,55.728214,7.9,0.0,1007.7104,12.0,9.703319,0.0,0.0,0.0
2025-06-13 05:00:00+02:00,16.1,59.264282,8.15,0.0,1008.0761,4.0,9.984729,0.0,0.0,0.0
2025-06-13 06:00:00+02:00,16.0,60.45838,8.35,0.0,1008.5659,24.0,9.688281,3.0,8.0,11.0
2025-06-13 07:00:00+02:00,17.25,56.796257,8.6,0.0,1008.8161,13.0,10.908951,40.0,48.0,88.0
2025-06-13 08:00:00+02:00,19.2,50.084652,8.55,0.0,1009.194,0.0,8.528657,156.0,74.0,230.0
2025-06-13 09:00:00+02:00,21.3,45.04224,8.9,0.0,1009.4781,0.0,9.449572,300.0,89.0,389.0
2025-06-13 10:00:00+02:00,23.6,41.470825,9.75,0.0,1009.5712,41.0,8.6193495,437.0,103.0,540.0
2025-06-13 11:00:00+02:00,26.05,37.66939,10.5,0.0,1009.37274,70.0,8.827344,563.0,112.0,675.0
2025-06-13 12:00:00+02:00,28.45,32.398846,10.35,0.0,1009.1703,83.0,8.936778,662.0,117.0,779.0
2025-06-13 13:00:00+02:00,30.35,27.428143,9.5,0.0,1008.9474,67.0,9.0,725.0,119.0,844.0
2025-06-13 14:00:00+02:00,31.6,24.862175,9.1,0.0,1008.59973,80.0,10.259999,712.0,142.0,854.0
2025-06-13 15:00:00+02:00,31.8,25.167356,9.45,0.0,1008.3108,22.0,10.981475,644.0,154.0,798.0
2025-06-13 16:00:00+02:00,32.35,24.560442,9.55,0.0,1008.03516,30.0,11.35285,620.0,131.0,751.0
2025-06-13 17:00:00+02:00,32.45,23.854177,9.2,0.0,1007.6435,15.0,12.0720825,539.0,113.0,652.0
2025-06-13 18:00:00+02:00,32.3,23.416887,8.8,0.0,1007.24243,18.0,11.881363,409.0,106.0,515.0
2025-06-13 19:00:00+02:00,31.85,23.45898,8.45,0.0,1006.8299,6.0,11.9140415,278.0,87.0,365.0
2025-06-13 20:00:00+02:00,31.0,24.043139,8.1,0.0,1006.8964,2.0,11.391313,144.0,67.0,211.0
2025-06-13 21:00:00+02:00,29.2,28.5269,9.1,0.0,1006.92615,0.0,9.335737,41.0,38.0,79.0
2025-06-13 22:00:00+02:00,27.05,35.277412,10.4,0.0,1007.23755,0.0,10.070353,1.0,5.0,6.0
2025-06-13 23:00:00+02:00,25.5,38.530483,10.35,0.0,1007.27545,0.0,9.885262,0.0,0.0,0.0
2025-06-14 00:00:00+02:00,24.35,40.58337,10.1,0.0,1007.4273,7.0,7.729527,0.0,0.0,0.0
2025-06-14 01:00:00+02:00,23.45,41.987988,9.8,0.0,1007.19354,11.0,7.406295,0.0,0.0,0.0
2025-06-14 02:00:00+02:00,22.7,42.48624,9.3,0.0,1007.1632,73.0,6.763786,0.0,0.0,0.0
2025-06-14 03:00:00+02:00,20.4,59.50574,12.25,0.0,1006.6743,2.0,8.373386,0.0,0.0,0.0
2025-06-14 04:00:00+02:00,19.65,61.1149,11.95,0.0,1006.54486,0.0,7.823272,0.0,0.0,0.0
2025-06-14 05:00:00+02:00,19.05,64.28023,12.15,0.0,1006.6187,39.0,7.8087645,0.0,0.0,0.0
2025-06-14 06:00:00+02:00,18.85,66.82007,12.55,0.0,1006.9069,3.0,5.991594,3.0,9.0,12.0
2025-06-14 07:00:00+02:00,20.1,62.845676,12.8,0.0,1006.76086,0.0,8.260411,52.0,44.0,96.0
2025-06-14 08:00:00+02:00,22.0,53.76516,12.2,0.0,1006.8386,0.0,7.0774574,163.0,70.0,233.0
2025-06-14 09:00:00+02:00,24.1,45.364388,11.55,0.0,1006.62646,0.0,6.6185193,301.0,88.0,389.0
2025-06-14 10:00:00+02:00,26.2,40.42977,11.7,0.0,1006.70996,0.0,4.3274937,441.0,100.0,541.0
2025-06-14 11:00:00+02:00,28.15,36.41795,11.85,0.0,1006.4899,0.0,3.8268526,566.0,109.0,675.0
2025-06-14 12:00:00+02:00,30.2,33.76086,12.5,0.0,1006.0751,0.0,3.8183763,665.0,115.0,780.0
2025-06-14 13:00:00+02:00,31.8,33.327644,13.7,0.0,1005.8394,0.0,5.0816135,728.0,118.0,846.0
2025-06-14 14:00:00+02:00,33.0,30.048527,13.15,0.0,1005.39056,0.0,8.688613,751.0,117.0,868.0
2025-06-14 15:00:00+02:00,33.8,25.60969,11.4,0.0,1004.7286,0.0,11.753876,725.0,116.0,841.0
2025-06-14 16:00:00+02:00,30.95,36.720535,14.45,0.5,1005.906,87.0,14.396625,679.0,107.0,786.0
2025-06-14 17:00:00+02:00,30.45,39.52849,15.15,0.0,1005.49146,97.0,12.136325,160.0,223.0,383.0
2025-06-14 18:00:00+02:00,29.65,44.974205,16.45,0.0,1005.5596,99.0,16.357237,285.0,179.0,464.0
2025-06-14 19:00:00+02:00,28.55,51.22562,17.5,0.0,1005.41815,20.0,7.3997297,163.0,113.0,276.0
2025-06-14 20:00:00+02:00,27.6,55.001705,17.75,0.0,1005.579,2.0,10.783486,111.0,76.0,187.0
2025-06-14 21:00:00+02:00,26.45,60.533646,18.2,0.0,1005.8303,2.0,8.311245,37.0,39.0,76.0
2025-06-14 22:00:00+02:00,25.05,67.23168,18.55,0.0,1006.4668,20.0,7.415038,1.0,5.0,6.0
2025-06-14 23:00:00+02:00,23.95,73.39491,18.9,0.0,1006.62054,3.0,5.04,0.0,0.0,0.0
2025-06-15 00:00:00+02:00,22.65,82.41193,19.5,0.0,1006.3708,7.0,3.0758414,0.0,0.0,0.0
2025-06-15 01:00:00+02:00,21.9,85.459526,19.35,0.0,1006.14276,5.0,1.5484185,0.0,0.0,0.0
2025-06-15 02:00:00+02:00,21.25,87.82567,19.15,0.0,1005.9186,17.0,1.609969,0.0,0.0,0.0
2025-06-15 03:00:00+02:00,20.25,86.64282,17.95,0.0,1005.9766,82.0,0.9,0.0,0.0,0.0
2025-06-15 04:00:00+02:00,19.05,91.88598,17.7,0.0,1005.6307,100.0,1.659518,0.0,0.0,0.0
2025-06-15 05:00:00+02:00,18.75,93.62315,17.7,0.0,1005.7172,100.0,1.0495713,0.0,0.0,0.0
2025-06-15 06:00:00+02:00,19.1,89.03492,17.25,0.0,1007.6089,100.0,11.793777,0.0,9.0,9.0
2025-06-15 07:00:00+02:00,19.8,84.43823,17.1,0.6,1005.3652,100.0,11.566313,0.0,22.0,22.0
2025-06-15 08:00:00+02:00,21.1,82.48224,18.0,0.0,1006.802,100.0,7.6367526,34.0,115.0,149.0
2025-06-15 09:00:00+02:00,22.45,76.4322,18.1,0.0,1006.5602,100.0,1.781909,124.0,152.0,276.0
2025-06-15 10:00:00+02:00,23.95,69.5896,18.05,0.2,1006.8182,63.0,2.2910259,221.0,196.0,417.0
2025-06-15 11:00:00+02:00,25.65,63.268444,18.15,0.0,1006.78735,64.0,1.0948973,416.0,174.0,590.0
2025-06-15 12:00:00+02:00,26.9,59.694817,18.4,0.0,1006.53986,100.0,5.1826253,467.0,224.0,691.0
2025-06-15 13:00:00+02:00,23.55,75.1832,18.9,1.2,1006.8023,71.0,11.555103,312.0,228.0,540.0
2025-06-15 14:00:00+02:00,24.6,69.062325,18.55,0.0,1006.3503,54.0,9.446141,300.0,219.0,519.0
2025-06-15 15:00:00+02:00,22.9,67.2206,16.5,0.1,1007.66547,100.0,10.874741,110.0,302.0,412.0
2025-06-15 16:00:00+02:00,21.75,67.41669,15.45,0.3,1007.7177,98.0,12.632101,44.0,241.0,285.0
2025-06-15 17:00:00+02:00,20.65,69.61931,14.9,0.0,1007.9693,100.0,11.616626,3.0,207.0,210.0
2025-06-15 18:00:00+02:00,20.75,63.609463,13.6,0.0,1008.26996,100.0,12.841963,169.0,188.0,357.0
2025-06-15 19:00:00+02:00,19.9,62.595135,12.55,0.0,1008.33356,100.0,12.835653,25.0,162.0,187.0
2025-06-15 20:00:00+02:00,19.45,63.32035,12.3,0.0,1009.1056,100.0,10.564941,0.0,85.0,85.0
2025-06-15 21:00:00+02:00,18.85,69.94985,13.25,0.1,1009.67346,100.0,4.8899083,0.0,16.0,16.0
2025-06-15 22:00:00+02:00,18.55,74.594185,13.95,0.0,1010.45154,100.0,3.6447225,0.0,2.0,2.0
2025-06-15 23:00:00+02:00,17.9,79.48139,14.3,0.1,1010.91815,100.0,4.3349743,0.0,0.0,0.0
2025-06-16 00:00:00+02:00,17.25,83.88473,14.5,0.4,1010.9897,100.0,5.6060677,0.0,0.0,0.0
2025-06-16 01:00:00+02:00,16.9,87.15886,14.75,0.2,1011.07385,55.0,6.0908127,0.0,0.0,0.0
2025-06-16 02:00:00+02:00,15.9,87.91785,13.9,0.0,1011.3277,52.0,3.9763298,0.0,0.0,0.0
2025-06-16 03:00:00+02:00,16.4,87.112465,14.25,0.0,1012.0406,26.0,6.424764,0.0,0.0,0.0
2025-06-16 04:00:00+02:00,15.75,78.65598,12.05,0.0,1012.21045,41.0,7.823272,0.0,0.0,0.0
2025-06-16 05:00:00+02:00,14.45,81.3804,11.3,0.0,1012.64874,2.0,6.763786,0.0,0.0,0.0
2025-06-16 06:00:00+02:00,14.15,82.97502,11.3,0.0,1013.4264,1.0,5.8769383,3.0,9.0,12.0
2025-06-16 07:00:00+02:00,15.15,82.551125,12.2,0.0,1013.9632,1.0,6.037383,51.0,46.0,97.0
2025-06-16 08:00:00+02:00,16.45,75.96712,12.2,0.0,1014.31494,0.0,3.6,162.0,74.0,236.0
2025-06-16 09:00:00+02:00,17.95,69.54665,12.3,0.0,1014.77356,0.0,2.4482646,300.0,93.0,393.0
2025-06-16 10:00:00+02:00,19.3,61.235275,11.65,0.0,1014.9288,1.0,3.244996,441.0,106.0,547.0
2025-06-16 11:00:00+02:00,20.95,51.232845,10.5,0.0,1014.89813,52.0,6.698806,560.0,117.0,677.0
2025-06-16 12:00:00+02:00,22.2,45.44423,9.85,0.0,1014.653,100.0,8.557102,606.0,147.0,753.0
2025-06-16 13:00:00+02:00,22.5,44.77225,9.9,0.0,1014.66547,100.0,8.709098,295.0,306.0,601.0
2025-06-16 14:00:00+02:00,22.85,43.103275,9.65,0.0,1014.5809,100.0,9.965239,220.0,333.0,553.0
2025-06-16 15:00:00+02:00,23.2,41.219345,9.3,0.0,1014.4962,100.0,6.601363,227.0,276.0,503.0
2025-06-16 16:00:00+02:00,23.95,39.133617,9.2,0.0,1014.32886,97.0,7.970972,230.0,272.0,502.0
2025-06-16 17:00:00+02:00,23.95,39.133617,9.2,0.0,1014.1311,97.0,8.854829,228.0,224.0,452.0
2025-06-16 18:00:00+02:00,23.45,41.151398,9.5,0.0,1013.91345,44.0,9.659814,122.0,166.0,288.0
2025-06-16 19:00:00+02:00,23.3,41.945858,9.65,0.0,1013.7098,61.0,9.266067,125.0,142.0,267.0
2025-06-16 20:00:00+02:00,22.6,44.800014,10.0,0.0,1013.879,84.0,7.989242,103.0,87.0,190.0
2025-06-16 21:00:00+02:00,21.0,60.236202,13.0,0.0,1014.11,8.0,3.7842832,33.0,43.0,76.0
2025-06-16 22:00:00+02:00,19.55,68.2869,13.55,0.0,1014.3465,1.0,3.148714,1.0,6.0,7.0
2025-06-16 23:00:00+02:00,18.2,75.02118,13.7,0.0,1014.7841,2.0,3.745557,0.0,0.0,0.0
2025-06-17 00:00:00+02:00,17.3,78.882126,13.6,0.0,1014.6474,0.0,4.724786,0.0,0.0,0.0
2025-06-17 01:00:00+02:00,16.45,81.37414,13.25,0.0,1014.7101,5.0,4.514377,0.0,0.0,0.0
2025-06-17 02:00:00+02:00,15.9,82.104614,12.85,0.0,1014.489,3.0,4.829907,0.0,0.0,0.0
2025-06-17 03:00:00+02:00,14.8,81.695435,11.7,0.0,1014.54095,0.0,5.154415,0.0,0.0,0.0
2025-06-17 04:00:00+02:00,14.5,81.92724,11.45,0.0,1014.13275,0.0,6.193674,0.0,0.0,0.0
2025-06-17 05:00:00+02:00,13.95,84.33624,11.35,0.0,1014.10925,0.0,6.015878,0.0,0.0,0.0
2025-06-17 06:00:00+02:00,13.8,84.599174,11.25,0.0,1014.399,0.0,6.3639607,3.0,9.0,12.0
2025-06-17 07:00:00+02:00,14.6,81.40005,11.45,0.0,1014.23596,0.0,6.12,52.0,46.0,98.0
2025-06-17 08:00:00+02:00,16.6,72.567856,11.65,0.0,1014.4202,0.0,4.2481523,164.0,73.0,237.0
2025-06-17 09:00:00+02:00,19.3,59.63648,11.25,0.0,1014.83,0.0,3.7971041,303.0,91.0,394.0
2025-06-17 10:00:00+02:00,21.55,49.712,10.6,0.0,1014.8242,0.0,2.4014995,444.0,105.0,549.0
2025-06-17 11:00:00+02:00,23.1,43.754772,10.1,0.0,1014.68976,25.0,1.4058449,548.0,123.0,671.0
2025-06-17 12:00:00+02:00,24.2,40.405674,9.9,0.0,1014.2402,4.0,2.226477,651.0,136.0,787.0
2025-06-17 13:00:00+02:00,25.15,37.290016,9.55,0.0,1013.8831,2.0,3.8141315,696.0,141.0,837.0
2025-06-17 14:00:00+02:00,25.9,35.785393,9.6,0.0,1013.4188,19.0,5.4744864,696.0,158.0,854.0
2025-06-17 15:00:00+02:00,26.6,34.68306,9.75,0.0,1012.95233,48.0,6.7397914,663.0,158.0,821.0
2025-06-17 16:00:00+02:00,26.95,33.862392,9.7,0.0,1012.5709,63.0,6.3639607,648.0,126.0,774.0
2025-06-17 17:00:00+02:00,27.15,32.910103,9.45,0.0,1012.08435,52.0,6.502461,543.0,120.0,663.0
2025-06-17 18:00:00+02:00,27.1,32.675617,9.3,0.0,1011.5883,82.0,6.696387,413.0,110.0,523.0
2025-06-17 19:00:00+02:00,26.65,33.102962,9.1,0.0,1011.07635,92.0,6.945761,282.0,91.0,373.0
2025-06-17 20:00:00+02:00,26.1,34.19505,9.1,0.0,1010.956,96.0,7.056826,142.0,73.0,215.0
2025-06-17 21:00:00+02:00,24.9,39.27054,10.1,0.0,1010.9081,96.0,3.8521678,40.0,43.0,83.0
2025-06-17 22:00:00+02:00,23.3,50.014458,12.3,0.0,1010.9427,31.0,0.9693296,1.0,6.0,7.0
2025-06-17 23:00:00+02:00,22.5,54.069992,12.75,0.0,1011.0091,10.0,0.0,0.0,0.0,0.0
2025-06-18 00:00:00+02:00,20.85,57.688496,12.2,0.0,1011.0407,3.0,2.9024127,0.0,0.0,0.0
2025-06-18 01:00:00+02:00,20.0,63.65085,12.9,0.0,1011.00543,8.0,1.659518,0.0,0.0,0.0
2025-06-18 02:00:00+02:00,19.3,66.91361,13.0,0.0,1010.779,80.0,0.8049845,0.0,0.0,0.0
2025-06-18 03:00:00+02:00,16.9,78.311325,13.1,0.0,1010.481,91.0,4.613762,0.0,0.0,0.0
2025-06-18 04:00:00+02:00,15.95,85.11128,13.45,0.0,1010.34204,3.0,4.6102495,0.0,0.0,0.0
2025-06-18 05:00:00+02:00,15.25,87.86059,13.25,0.0,1010.41095,0.0,2.8116899,0.0,0.0,0.0
2025-06-18 06:00:00+02:00,15.1,89.87509,13.45,0.0,1010.5035,100.0,2.4216523,3.0,9.0,12.0
2025-06-18 07:00:00+02:00,16.55,82.45395,13.55,0.0,1010.8614,87.0,3.189608,45.0,50.0,95.0
2025-06-18 08:00:00+02:00,18.55,71.50711,13.3,0.0,1011.1431,29.0,0.8049845,161.0,73.0,234.0
2025-06-18 09:00:00+02:00,20.95,59.053585,12.65,0.0,1011.34094,53.0,1.4058449,303.0,91.0,394.0
2025-06-18 10:00:00+02:00,23.5,48.929623,12.15,0.0,1011.4448,98.0,1.7076298,443.0,104.0,547.0
2025-06-18 11:00:00+02:00,25.7,40.423454,11.25,0.0,1011.23663,98.0,2.97953,565.0,116.0,681.0
2025-06-18 12:00:00+02:00,27.4,32.869713,9.65,0.0,1011.2047,100.0,3.604497,677.0,119.0,796.0
2025-06-18 13:00:00+02:00,28.55,30.531895,9.55,0.0,1010.75555,100.0,3.6447225,641.0,169.0,810.0
2025-06-18 14:00:00+02:00,29.15,28.609478,9.1,0.0,1010.3838,100.0,6.638072,478.0,256.0,734.0
2025-06-18 15:00:00+02:00,28.95,28.362623,8.8,0.0,1010.3758,99.0,11.212135,376.0,270.0,646.0
2025-06-18 16:00:00+02:00,28.8,29.392384,9.2,0.0,1010.1724,100.0,11.966954,394.0,269.0,663.0
2025-06-18 17:00:00+02:00,28.7,28.971495,8.9,0.0,1009.8721,96.0,8.836514,369.0,205.0,574.0
2025-06-18 18:00:00+02:00,28.7,29.0694,8.95,0.0,1009.6744,54.0,8.777654,385.0,119.0,504.0
2025-06-18 19:00:00+02:00,27.75,32.63827,9.85,0.0,1009.63727,3.0,11.190442,209.0,119.0,328.0
2025-06-18 20:00:00+02:00,27.1,34.591858,10.15,0.0,1009.51276,0.0,9.039514,149.0,68.0,217.0
2025-06-18 21:00:00+02:00,25.65,38.572754,10.5,0.0,1009.6534,0.0,9.0018,42.0,41.0,83.0
2025-06-18 22:00:00+02:00,23.95,43.554962,10.8,0.0,1009.9806,0.0,8.209263,2.0,5.0,7.0
2025-06-18 23:00:00+02:00,22.65,47.426018,10.9,0.0,1010.2247,22.0,5.7204895,0.0,0.0,0.0
2025-06-19 00:00:00+02:00,21.05,54.41347,11.5,0.0,1010.45575,1.0,5.0528407,0.0,0.0,0.0
2025-06-19 01:00:00+02:00,19.75,60.537052,11.9,0.0,1010.60004,0.0,4.186693,0.0,0.0,0.0
2025-06-19 02:00:00+02:00,18.55,68.75791,12.7,0.0,1010.5503,0.0,2.968636,0.0,0.0,0.0
2025-06-19 03:00:00+02:00,17.25,72.44671,12.25,0.0,1010.6933,0.0,3.6179552,0.0,0.0,0.0
2025-06-19 04:00:00+02:00,17.5,67.64773,11.45,0.0,1011.0001,0.0,7.491114,0.0,0.0,0.0
2025-06-19 05:00:00+02:00,17.65,72.51907,12.65,0.0,1011.20404,0.0,10.934166,0.0,0.0,0.0
2025-06-19 06:00:00+02:00,17.5,78.91103,13.8,0.0,1011.3953,0.0,10.474082,3.0,8.0,11.0
2025-06-19 07:00:00+02:00,18.3,77.76027,14.35,0.0,1011.6267,0.0,9.504273,50.0,45.0,95.0
2025-06-19 08:00:00+02:00,19.4,73.77931,14.6,0.0,1012.06757,0.0,10.472536,158.0,73.0,231.0
2025-06-19 09:00:00+02:00,20.7,67.85667,14.55,0.0,1012.3189,0.0,10.7894945,295.0,91.0,386.0
2025-06-19 10:00:00+02:00,22.0,59.497032,13.75,0.0,1012.5699,0.0,11.440979,435.0,105.0,540.0
2025-06-19 11:00:00+02:00,23.15,51.13683,12.5,0.0,1012.6167,0.0,10.814989,561.0,114.0,675.0
2025-06-19 12:00:00+02:00,24.35,45.43311,11.8,0.0,1012.3686,0.0,9.904906,661.0,119.0,780.0
2025-06-19 13:00:00+02:00,25.45,41.850414,11.55,0.0,1012.31354,0.0,9.668195,722.0,124.0,846.0
2025-06-19 14:00:00+02:00,26.35,38.769638,11.2,0.0,1011.9542,0.0,10.248941,744.0,123.0,867.0
2025-06-19 15:00:00+02:00,27.1,37.095318,11.2,0.0,1011.78595,2.0,11.091564,653.0,165.0,818.0
2025-06-19 16:00:00+02:00,28.35,31.834597,10.0,0.0,1011.1433,25.0,4.724786,620.0,138.0,758.0
2025-06-19 17:00:00+02:00,30.0,25.287346,8.0,0.0,1010.51556,37.0,8.649369,478.0,143.0,621.0
2025-06-19 18:00:00+02:00,25.1,40.12131,10.6,0.0,1011.41046,1.0,20.88698,402.0,112.0,514.0
2025-06-19 19:00:00+02:00,25.15,38.047806,9.85,0.0,1011.31354,0.0,16.45204,277.0,91.0,368.0
2025-06-19 20:00:00+02:00,24.55,37.750843,9.2,0.0,1011.3882,0.0,13.83192,149.0,69.0,218.0
2025-06-19 21:00:00+02:00,22.2,45.14074,9.75,0.0,1011.8861,0.0,18.03237,43.0,41.0,84.0
2025-06-19 22:00:00+02:00,21.0,48.41599,9.7,0.0,1012.3313,0.0,14.092977,2.0,6.0,8.0
2025-06-19 23:00:00+02:00,20.2,49.84866,9.4,0.0,1012.69354,0.0,13.203954,0.0,0.0,0.0
2025-06-20 00:00:00+02:00,19.2,52.684387,9.3,0.0,1012.9485,0.0,12.841963,0.0,0.0,0.0
2025-06-20 01:00:00+02:00,18.15,55.320892,9.05,0.0,1013.20105,0.0,11.638917,0.0,0.0,0.0
2025-06-20 02:00:00+02:00,17.2,57.94692,8.85,0.0,1013.35846,0.0,11.855429,0.0,0.0,0.0
2025-06-20 03:00:00+02:00,15.4,66.31391,9.15,0.0,1013.5785,0.0,12.801531,0.0,0.0,0.0
2025-06-20 04:00:00+02:00,14.55,68.87122,8.9,0.0,1013.6411,0.0,11.638917,0.0,0.0,0.0
2025-06-20 05:00:00+02:00,13.9,69.91429,8.5,0.0,1013.61304,0.0,11.43248,0.0,0.0,0.0
2025-06-20 06:00:00+02:00,13.65,69.86502,8.25,0.0,1013.79987,0.0,11.391313,3.0,9.0,12.0
2025-06-20 07:00:00+02:00,14.35,67.44753,8.4,0.0,1013.92896,0.0,10.234705,54.0,45.0,99.0
2025-06-20 08:00:00+02:00,15.7,60.798283,8.15,0.0,1013.8877,0.0,11.638917,170.0,71.0,241.0
2025-06-20 09:00:00+02:00,17.3,55.290474,8.25,0.0,1013.9559,0.0,10.855358,314.0,88.0,402.0
2025-06-20 10:00:00+02:00,19.2,49.41081,8.35,0.0,1013.83777,0.0,10.094454,459.0,101.0,560.0
2025-06-20 11:00:00+02:00,20.95,45.09697,8.6,0.0,1013.7124,0.0,9.567131,588.0,110.0,698.0
2025-06-20 12:00:00+02:00,22.35,40.70247,8.35,0.0,1013.276,0.0,9.109138,691.0,115.0,806.0
2025-06-20 13:00:00+02:00,23.65,35.147648,7.35,0.0,1012.8343,0.0,9.437563,756.0,118.0,874.0
2025-06-20 14:00:00+02:00,24.65,31.986855,6.85,0.0,1012.57825,44.0,9.9408245,778.0,119.0,897.0
2025-06-20 15:00:00+02:00,25.55,30.630262,7.0,0.0,1012.4165,5.0,10.897063,748.0,119.0,867.0
2025-06-20 16:00:00+02:00,26.0,29.417767,6.8,0.0,1011.9401,0.0,12.24,684.0,113.0,797.0
2025-06-20 17:00:00+02:00,26.25,28.5907,6.6,0.0,1011.55505,1.0,12.801531,581.0,107.0,688.0
2025-06-20 18:00:00+02:00,26.15,27.978958,6.2,0.0,1011.1555,1.0,13.288341,451.0,97.0,548.0
2025-06-20 19:00:00+02:00,25.7,28.438639,6.05,0.0,1010.6436,2.0,13.70839,306.0,84.0,390.0
2025-06-20 20:00:00+02:00,25.0,29.647432,6.05,0.0,1010.51685,0.0,12.936228,161.0,68.0,229.0
2025-06-20 21:00:00+02:00,23.2,35.01948,6.9,0.0,1010.54333,0.0,11.269782,49.0,40.0,89.0
2025-06-20 22:00:00+02:00,21.25,41.9344,7.8,0.0,1011.15564,0.0,11.032987,2.0,6.0,8.0
2025-06-20 23:00:00+02:00,20.0,47.33572,8.45,0.0,1011.40063,2.0,11.238113,0.0,0.0,0.0
2025-06-21 00:00:00+02:00,18.8,50.48787,8.3,0.0,1011.44965,36.0,11.019764,0.0,0.0,0.0
2025-06-21 01:00:00+02:00,17.8,52.315105,7.9,0.0,1011.30927,93.0,10.383987,0.0,0.0,0.0
2025-06-21 02:00:00+02:00,17.05,53.742752,7.6,0.0,1010.98145,98.0,10.387107,0.0,0.0,0.0
2025-06-21 03:00:00+02:00,15.9,60.0258,8.15,0.0,1010.83374,59.0,10.387107,0.0,0.0,0.0
2025-06-21 04:00:00+02:00,15.2,62.77872,8.15,0.0,1010.60626,49.0,10.472536,0.0,0.0,0.0
2025-06-21 05:00:00+02:00,14.55,65.01913,8.05,0.0,1010.3812,100.0,10.385547,0.0,0.0,0.0
2025-06-21 06:00:00+02:00,14.45,64.77645,7.9,0.0,1010.5743,93.0,10.387107,2.0,10.0,12.0
2025-06-21 07:00:00+02:00,15.75,60.810143,8.2,0.0,1011.025,99.0,10.285232,37.0,55.0,92.0
2025-06-21 08:00:00+02:00,17.65,51.7437,7.6,0.0,1010.80884,95.0,8.967541,102.0,106.0,208.0
2025-06-21 09:00:00+02:00,19.75,45.686825,7.7,0.0,1010.8965,96.0,8.65873,235.0,132.0,367.0
2025-06-21 10:00:00+02:00,21.95,41.42448,8.25,0.0,1010.789,97.0,6.623413,334.0,171.0,505.0
2025-06-21 11:00:00+02:00,24.15,38.020466,8.95,0.0,1010.3841,88.0,5.5596404,452.0,193.0,645.0
2025-06-21 12:00:00+02:00,26.45,31.732317,8.3,0.0,1010.08014,24.0,5.2939587,646.0,143.0,789.0
2025-06-21 13:00:00+02:00,28.15,25.226048,6.4,0.0,1009.554,1.0,5.232399,749.0,119.0,868.0
2025-06-21 14:00:00+02:00,29.35,21.356651,5.0,0.0,1009.3041,0.0,5.6835546,773.0,118.0,891.0
2025-06-21 15:00:00+02:00,30.3,19.664455,4.6,0.0,1008.84656,0.0,6.603817,748.0,115.0,863.0
2025-06-21 16:00:00+02:00,30.65,18.874119,4.3,0.0,1008.2667,0.0,7.6579366,682.0,111.0,793.0
2025-06-21 17:00:00+02:00,30.75,19.298695,4.7,0.0,1007.7766,0.0,8.29173,579.0,104.0,683.0
2025-06-21 18:00:00+02:00,30.5,20.76893,5.55,0.0,1007.27264,0.0,8.373386,448.0,95.0,543.0
2025-06-21 19:00:00+02:00,30.05,21.759115,5.85,0.0,1007.05786,0.0,8.217153,303.0,83.0,386.0
2025-06-21 20:00:00+02:00,29.45,22.06077,5.55,0.0,1007.13324,0.0,7.344794,161.0,66.0,227.0
2025-06-21 21:00:00+02:00,27.6,27.051933,6.95,0.0,1007.35803,0.0,5.796447,48.0,40.0,88.0
2025-06-21 22:00:00+02:00,25.1,36.654564,9.25,0.0,1007.7538,0.0,6.4924874,2.0,6.0,8.0
2025-06-21 23:00:00+02:00,23.25,43.943,10.3,0.0,1007.8774,0.0,5.2323985,0.0,0.0,0.0
2025-06-22 00:00:00+02:00,21.7,48.76827,10.45,0.0,1007.51794,0.0,4.4565907,0.0,0.0,0.0
2025-06-22 01:00:00+02:00,20.65,52.01381,10.45,0.0,1007.27765,0.0,4.471107,0.0,0.0,0.0
2025-06-22 02:00:00+02:00,19.7,57.02626,10.95,0.0,1007.1395,0.0,3.244996,0.0,0.0,0.0
2025-06-22 03:00:00+02:00,17.25,65.60679,10.75,0.0,1007.433,0.0,3.710795,0.0,0.0,0.0
2025-06-22 04:00:00+02:00,17.05,64.479904,10.3,0.0,1007.1284,0.0,5.6492476,0.0,0.0,0.0
2025-06-22 05:00:00+02:00,16.05,67.348076,10.0,0.0,1006.592,0.0,5.315336,0.0,0.0,0.0
2025-06-22 06:00:00+02:00,16.1,66.462845,9.85,0.0,1006.39667,1.0,5.3426957,4.0,8.0,12.0
2025-06-22 07:00:00+02:00,17.65,60.03996,9.8,0.0,1006.3629,0.0,5.728979,57.0,44.0,101.0
2025-06-22 08:00:00+02:00,20.25,50.876205,9.75,0.0,1006.3719,4.0,4.1046314,175.0,69.0,244.0
2025-06-22 09:00:00+02:00,23.1,42.030556,9.5,0.0,1006.3888,33.0,1.4512063,320.0,85.0,405.0
2025-06-22 10:00:00+02:00,25.65,35.356136,9.2,0.0,1006.2932,9.0,2.2910259,461.0,99.0,560.0
2025-06-22 11:00:00+02:00,27.75,31.139265,9.15,0.0,1006.0791,26.0,5.154415,591.0,105.0,696.0
2025-06-22 12:00:00+02:00,29.95,28.254192,9.6,0.0,1005.47217,3.0,7.6473517,688.0,113.0,801.0
2025-06-22 13:00:00+02:00,31.6,26.855787,10.25,0.0,1004.7445,0.0,10.404249,750.0,115.0,865.0
2025-06-22 14:00:00+02:00,32.8,24.595772,9.95,0.0,1004.1968,0.0,11.385622,770.0,115.0,885.0
2025-06-22 15:00:00+02:00,33.65,21.92606,8.95,0.0,1003.6355,6.0,12.606426,746.0,114.0,860.0
2025-06-22 16:00:00+02:00,33.75,26.19562,11.7,0.0,1002.8484,79.0,12.346741,677.0,111.0,788.0
2025-06-22 17:00:00+02:00,33.95,26.596525,12.1,0.0,1001.96606,73.0,12.599998,568.0,108.0,676.0
2025-06-22 18:00:00+02:00,34.0,25.917715,11.75,0.0,1001.37476,98.0,12.011544,348.0,147.0,495.0
2025-06-22 19:00:00+02:00,34.45,21.614082,9.4,0.0,1000.69946,100.0,11.132385,233.0,116.0,349.0
2025-06-22 20:00:00+02:00,33.55,21.316395,8.45,0.0,999.97406,100.0,13.33094,78.0,108.0,186.0
2025-06-22 21:00:00+02:00,31.85,26.30127,10.15,0.0,1000.0089,99.0,11.870451,17.0,52.0,69.0
2025-06-22 22:00:00+02:00,30.15,32.441044,11.85,0.0,1000.24115,95.0,11.45513,1.0,7.0,8.0
2025-06-22 23:00:00+02:00,28.8,37.571224,12.9,0.0,1000.58466,95.0,9.984729,0.0,0.0,0.0
2025-06-23 00:00:00+02:00,27.45,42.960632,13.75,0.0,1000.6314,23.0,11.634741,0.0,0.0,0.0
2025-06-23 01:00:00+02:00,26.0,48.95902,14.45,0.0,1001.1674,6.0,10.215693,0.0,0.0,0.0
2025-06-23 02:00:00+02:00,23.8,65.5111,16.95,0.0,1001.5745,2.0,10.636766,0.0,0.0,0.0
2025-06-23 03:00:00+02:00,20.5,95.17139,19.7,0.0,1002.03436,17.0,11.019764,0.0,0.0,0.0
2025-06-23 04:00:00+02:00,20.2,94.86513,19.35,0.0,1001.42926,0.0,7.415038,0.0,0.0,0.0
2025-06-23 05:00:00+02:00,19.55,96.93586,19.05,0.0,1001.60046,0.0,7.5363917,0.0,0.0,0.0
2025-06-23 06:00:00+02:00,19.1,97.83901,18.75,0.0,1001.1866,46.0,6.4924874,3.0,8.0,11.0
2025-06-23 07:00:00+02:00,20.2,91.95396,18.85,0.0,1001.034,74.0,5.6060677,41.0,48.0,89.0
2025-06-23 08:00:00+02:00,21.65,83.84937,18.8,0.0,1000.7967,92.0,6.4924874,121.0,90.0,211.0
2025-06-23 09:00:00+02:00,23.4,67.53554,17.05,0.0,1000.3729,23.0,9.485504,238.0,118.0,356.0
2025-06-23 10:00:00+02:00,25.0,61.35554,17.05,0.3,999.64575,100.0,15.629971,404.0,123.0,527.0
2025-06-23 11:00:00+02:00,26.15,52.25213,15.6,0.1,999.098,99.0,22.956175,369.0,192.0,561.0
2025-06-23 12:00:00+02:00,26.95,40.240894,12.3,0.0,999.12933,99.0,24.592243,206.0,288.0,494.0
2025-06-23 13:00:00+02:00,25.3,37.33242,9.7,0.0,999.65765,98.0,24.11261,140.0,353.0,493.0
2025-06-23 14:00:00+02:00,26.65,35.757378,10.25,0.0,999.7104,100.0,29.56003,321.0,331.0,652.0
2025-06-23 15:00:00+02:00,24.9,42.675434,11.35,0.0,1000.7288,99.0,25.984917,461.0,264.0,725.0
2025-06-23 16:00:00+02:00,25.3,39.383232,10.5,0.0,1000.44824,100.0,22.380884,282.0,305.0,587.0
2025-06-23 17:00:00+02:00,25.0,39.29872,10.2,0.0,1000.63403,58.0,22.979452,211.0,258.0,469.0
2025-06-23 18:00:00+02:00,24.9,38.619072,9.85,0.0,1000.33356,65.0,23.803596,265.0,150.0,415.0
2025-06-23 19:00:00+02:00,24.15,41.62534,10.3,0.0,1000.6992,29.0,23.088463,182.0,109.0,291.0
2025-06-23 20:00:00+02:00,24.05,39.825462,9.55,0.0,1000.89276,97.0,18.921415,121.0,79.0,200.0
2025-06-23 21:00:00+02:00,23.2,35.139725,6.95,0.0,1001.6495,48.0,13.723745,30.0,44.0,74.0
2025-06-23 22:00:00+02:00,22.0,34.318264,5.55,0.0,1002.5895,52.0,14.372974,1.0,6.0,7.0
2025-06-23 23:00:00+02:00,21.0,36.99343,5.75,0.0,1003.0429,26.0,13.31635,0.0,0.0,0.0
2025-06-24 00:00:00+02:00,19.95,39.742855,5.85,0.0,1003.6917,37.0,9.531505,0.0,0.0,0.0
2025-06-24 01:00:00+02:00,18.35,46.718563,6.75,0.0,1004.1196,9.0,6.502461,0.0,0.0,0.0
2025-06-24 02:00:00+02:00,17.05,52.83347,7.35,0.0,1003.9669,26.0,2.7534704,0.0,0.0,0.0
2025-06-24 03:00:00+02:00,15.1,68.289696,9.3,0.0,1003.48944,12.0,3.7842832,0.0,0.0,0.0
2025-06-24 04:00:00+02:00,14.15,75.58977,9.9,0.0,1003.2516,19.0,3.671294,0.0,0.0,0.0
2025-06-24 05:00:00+02:00,13.45,78.576904,9.8,0.0,1003.1228,24.0,4.5,0.0,0.0,0.0
2025-06-24 06:00:00+02:00,13.55,75.74424,9.35,0.0,1003.2257,26.0,9.236298,3.0,8.0,11.0
2025-06-24 07:00:00+02:00,14.85,68.699936,9.15,0.0,1003.4787,41.0,11.304229,50.0,46.0,96.0
2025-06-24 08:00:00+02:00,15.95,60.446457,8.3,0.0,1003.5254,54.0,12.841963,141.0,81.0,222.0
2025-06-24 09:00:00+02:00,17.1,57.532013,8.65,0.0,1003.6724,8.0,12.287555,175.0,144.0,319.0
2025-06-24 10:00:00+02:00,18.95,49.510708,8.15,0.0,1003.65045,1.0,14.082628,445.0,105.0,550.0
2025-06-24 11:00:00+02:00,20.4,44.48745,7.9,0.0,1003.5124,14.0,15.881875,576.0,112.0,688.0
2025-06-24 12:00:00+02:00,21.7,40.79488,7.8,0.0,1003.46655,13.0,16.199999,665.0,123.0,788.0
2025-06-24 13:00:00+02:00,23.0,37.822144,7.85,0.0,1003.0251,13.0,16.831684,709.0,136.0,845.0
2025-06-24 14:00:00+02:00,24.35,34.51482,7.7,0.0,1002.68365,1.0,17.907963,695.0,152.0,847.0
2025-06-24 15:00:00+02:00,25.85,32.766705,8.25,0.0,1002.2489,3.0,18.329092,649.0,154.0,803.0
2025-06-24 16:00:00+02:00,27.0,32.102158,8.95,0.0,1001.6021,0.0,18.772715,619.0,134.0,753.0
2025-06-24 17:00:00+02:00,27.65,31.427416,9.2,0.0,1001.23193,14.0,18.59671,517.0,119.0,636.0
2025-06-24 18:00:00+02:00,27.85,31.062365,9.2,0.0,1000.94324,8.0,18.044046,409.0,107.0,516.0
2025-06-24 19:00:00+02:00,27.35,32.63586,9.5,0.0,1000.92377,23.0,18.806337,280.0,90.0,370.0
2025-06-24 20:00:00+02:00,25.95,37.515877,10.35,0.0,1001.0667,22.0,16.917128,143.0,72.0,215.0
2025-06-24 21:00:00+02:00,24.8,41.39283,10.8,0.0,1000.72504,34.0,18.584509,35.0,44.0,79.0
2025-06-24 22:00:00+02:00,23.85,43.81758,10.8,0.0,1001.18146,4.0,16.836496,1.0,6.0,7.0
2025-06-24 23:00:00+02:00,23.2,46.639843,11.15,0.0,1001.353,8.0,12.325728,0.0,0.0,0.0
2025-06-25 00:00:00+02:00,22.3,49.747818,11.3,0.0,1001.7121,7.0,11.855429,0.0,0.0,0.0
2025-06-25 01:00:00+02:00,21.6,51.918133,11.3,0.0,1001.7826,0.0,11.190442,0.0,0.0,0.0
2025-06-25 02:00:00+02:00,20.8,55.439156,11.55,0.0,1001.75024,6.0,8.9873905,0.0,0.0,0.0
2025-06-25 03:00:00+02:00,19.4,61.6639,11.85,0.0,1001.3965,7.0,9.1958685,0.0,0.0,0.0
2025-06-25 04:00:00+02:00,18.85,64.8738,12.1,0.0,1001.37396,11.0,10.134495,0.0,0.0,0.0
2025-06-25 05:00:00+02:00,18.4,66.94604,12.15,0.0,1001.25653,8.0,9.97986,0.0,0.0,0.0
2025-06-25 06:00:00+02:00,18.3,68.25848,12.35,0.0,1001.7465,8.0,9.807935,2.0,8.0,10.0
2025-06-25 07:00:00+02:00,19.25,67.562065,13.1,0.0,1001.78546,6.0,10.404249,42.0,45.0,87.0
2025-06-25 08:00:00+02:00,21.0,61.82881,13.4,0.0,1001.75836,0.0,9.292255,147.0,75.0,222.0
2025-06-25 09:00:00+02:00,22.95,55.434406,13.55,0.0,1002.1334,68.0,11.385622,295.0,87.0,382.0
2025-06-25 10:00:00+02:00,24.95,51.77474,14.35,0.0,1002.3122,0.0,12.351987,417.0,111.0,528.0
2025-06-25 11:00:00+02:00,26.8,47.76831,14.8,0.0,1002.2861,1.0,13.036026,561.0,109.0,670.0
2025-06-25 12:00:00+02:00,28.25,43.04144,14.5,0.0,1002.0459,2.0,13.729647,660.0,116.0,776.0
2025-06-25 13:00:00+02:00,29.4,38.85811,13.95,0.0,1001.79364,5.0,13.752047,719.0,120.0,839.0
2025-06-25 14:00:00+02:00,30.45,34.953766,13.25,0.0,1001.53754,33.0,13.324863,729.0,125.0,854.0
2025-06-25 15:00:00+02:00,32.0,29.001886,11.75,0.0,1001.6951,89.0,12.599998,673.0,133.0,806.0
2025-06-25 16:00:00+02:00,31.75,27.71389,10.85,0.0,1001.1914,39.0,12.145665,194.0,258.0,452.0
2025-06-25 17:00:00+02:00,32.45,25.002022,9.9,0.0,1000.92126,44.0,11.7,313.0,229.0,542.0
2025-06-25 18:00:00+02:00,32.5,24.682291,9.75,0.0,1000.5277,65.0,11.672275,298.0,175.0,473.0
2025-06-25 19:00:00+02:00,31.85,26.38927,10.2,0.0,1000.1078,96.0,10.441552,167.0,121.0,288.0
2025-06-25 20:00:00+02:00,30.95,29.004456,10.85,0.0,999.87616,2.0,9.743305,87.0,94.0,181.0
2025-06-25 21:00:00+02:00,29.65,33.05851,11.7,0.0,1000.12305,3.0,3.381893,40.0,43.0,83.0
2025-06-25 22:00:00+02:00,27.7,38.258286,12.2,0.0,1000.34454,6.0,3.9966488,2.0,6.0,8.0
2025-06-25 23:00:00+02:00,26.4,46.29251,13.95,0.0,1000.09607,100.0,7.127636,0.0,0.0,0.0
2025-06-26 00:00:00+02:00,25.1,53.683125,15.05,0.0,999.74866,4.0,6.601363,0.0,0.0,0.0
2025-06-26 01:00:00+02:00,24.05,57.716434,15.2,0.0,999.5093,3.0,7.0038276,0.0,0.0,0.0
2025-06-26 02:00:00+02:00,23.15,60.542244,15.1,0.0,999.3747,71.0,7.289445,0.0,0.0,0.0
2025-06-26 03:00:00+02:00,20.7,76.64309,16.45,0.0,999.2758,91.0,5.692099,0.0,0.0,0.0
2025-06-26 04:00:00+02:00,20.25,81.60034,17.0,0.0,999.554,100.0,3.096837,0.0,0.0,0.0
2025-06-26 05:00:00+02:00,20.15,78.53564,16.3,0.7,1001.03217,100.0,10.429132,0.0,0.0,0.0
2025-06-26 06:00:00+02:00,19.35,87.38271,17.2,0.3,999.7149,100.0,2.0523157,0.0,4.0,4.0
2025-06-26 07:00:00+02:00,20.0,84.72732,17.35,0.0,999.4449,98.0,5.5450516,12.0,45.0,57.0
2025-06-26 08:00:00+02:00,21.25,80.19799,17.7,0.0,1000.9779,11.0,11.435313,111.0,87.0,198.0
2025-06-26 09:00:00+02:00,23.35,71.47304,17.9,0.0,1000.766,7.0,10.373061,280.0,94.0,374.0
2025-06-26 10:00:00+02:00,25.5,59.93496,17.15,0.0,1000.9503,77.0,15.172409,430.0,101.0,531.0
2025-06-26 11:00:00+02:00,26.4,58.463497,17.6,0.0,1000.4914,11.0,17.437717,547.0,117.0,664.0
2025-06-26 12:00:00+02:00,27.7,52.81547,17.2,0.0,1000.04803,87.0,19.660416,639.0,126.0,765.0
2025-06-26 13:00:00+02:00,28.25,48.15479,16.25,0.0,1000.16797,37.0,21.782972,363.0,234.0,597.0
2025-06-26 14:00:00+02:00,27.65,39.520493,12.65,0.3,1000.8366,74.0,28.730726,490.0,223.0,713.0
2025-06-26 15:00:00+02:00,25.15,55.98112,15.75,0.4,1002.22125,47.0,19.849846,260.0,201.0,461.0
2025-06-26 16:00:00+02:00,26.4,50.343697,15.25,0.0,1001.87506,17.0,21.273533,543.0,161.0,704.0
2025-06-26 17:00:00+02:00,25.65,47.151814,13.55,0.0,1002.6365,55.0,25.950605,434.0,155.0,589.0
2025-06-26 18:00:00+02:00,24.95,54.16529,15.05,0.1,1003.3993,19.0,19.983242,263.0,129.0,392.0
2025-06-26 19:00:00+02:00,24.55,53.54323,14.5,0.0,1004.075,42.0,17.84271,246.0,98.0,344.0
2025-06-26 20:00:00+02:00,24.0,55.876335,14.65,0.1,1004.6462,51.0,16.700275,105.0,82.0,187.0
2025-06-26 21:00:00+02:00,23.1,61.313576,15.25,0.0,1005.10406,2.0,13.237039,31.0,39.0,70.0
2025-06-26 22:00:00+02:00,22.15,65.16156,15.3,0.0,1006.15283,9.0,15.079229,2.0,6.0,8.0
2025-06-26 23:00:00+02:00,21.55,68.905205,15.6,0.0,1007.1167,52.0,12.864649,0.0,0.0,0.0
2025-06-27 00:00:00+02:00,21.2,72.22236,16.0,0.0,1007.20123,98.0,11.605464,0.0,0.0,0.0
2025-06-27 01:00:00+02:00,20.8,74.96972,16.2,0.0,1007.2837,30.0,10.1902895,0.0,0.0,0.0
2025-06-27 02:00:00+02:00,20.05,78.52112,16.2,0.0,1007.45056,2.0,10.703569,0.0,0.0,0.0
2025-06-27 03:00:00+02:00,20.4,76.596275,16.15,0.0,1007.4648,23.0,11.079873,0.0,0.0,0.0
2025-06-27 04:00:00+02:00,19.9,78.24918,16.0,0.0,1007.7407,74.0,9.939196,0.0,0.0,0.0
2025-06-27 05:00:00+02:00,19.4,79.94628,15.85,0.0,1007.81885,100.0,8.714677,0.0,0.0,0.0
2025-06-27 06:00:00+02:00,19.7,78.973045,15.95,0.0,1007.93,100.0,9.585739,1.0,5.0,6.0
2025-06-27 07:00:00+02:00,20.1,79.53467,16.45,0.1,1008.44055,95.0,10.158444,10.0,40.0,50.0
2025-06-27 08:00:00+02:00,20.6,78.60086,16.75,0.2,1008.95514,100.0,9.54,0.0,75.0,75.0
2025-06-27 09:00:00+02:00,20.4,81.10435,17.05,0.4,1009.3422,100.0,10.248941,0.0,49.0,49.0
2025-06-27 10:00:00+02:00,20.5,80.60546,17.05,0.7,1009.544,100.0,11.016824,0.0,103.0,103.0
2025-06-27 11:00:00+02:00,20.25,81.60034,17.0,1.0,1009.7314,100.0,6.8612823,0.0,90.0,90.0
2025-06-27 12:00:00+02:00,20.6,72.810936,15.55,0.3,1010.4373,100.0,5.6521144,14.0,206.0,220.0
2025-06-27 13:00:00+02:00,20.55,65.8787,13.95,0.0,1010.53424,12.0,7.1684303,0.0,188.0,188.0
2025-06-27 14:00:00+02:00,23.6,50.588783,12.75,0.0,1010.3618,44.0,10.699028,577.0,233.0,810.0
2025-06-27 15:00:00+02:00,22.4,61.35066,14.6,0.0,1011.2027,94.0,14.650939,304.0,332.0,636.0
2025-06-27 16:00:00+02:00,23.65,57.065125,14.65,0.0,1010.85785,80.0,16.499237,148.0,286.0,434.0
2025-06-27 17:00:00+02:00,24.4,55.081833,14.8,0.0,1010.9869,100.0,16.584438,192.0,253.0,445.0
2025-06-27 18:00:00+02:00,24.35,55.0693,14.75,0.0,1010.78735,99.0,14.766584,96.0,191.0,287.0
2025-06-27 19:00:00+02:00,24.25,55.400352,14.75,0.0,1010.5855,50.0,11.755254,41.0,175.0,216.0
2025-06-27 20:00:00+02:00,24.0,56.056816,14.7,0.0,1010.77325,26.0,10.658068,115.0,80.0,195.0
2025-06-27 21:00:00+02:00,22.95,62.471066,15.4,0.0,1011.1261,81.0,6.424764,32.0,44.0,76.0
2025-06-27 22:00:00+02:00,21.6,75.33955,17.05,0.0,1011.66406,11.0,3.06,1.0,6.0,7.0
2025-06-27 23:00:00+02:00,20.6,78.35177,16.7,0.0,1012.01825,51.0,3.244996,0.0,0.0,0.0
2025-06-28 00:00:00+02:00,19.8,80.00109,16.25,0.0,1012.47925,13.0,4.73506,0.0,0.0,0.0
2025-06-28 01:00:00+02:00,18.75,87.051346,16.55,0.0,1012.53467,6.0,1.8089776,0.0,0.0,0.0
2025-06-28 02:00:00+02:00,18.0,90.08801,16.35,0.0,1012.5032,4.0,0.25455844,0.0,0.0,0.0
2025-06-28 03:00:00+02:00,17.7,91.22222,16.25,0.0,1012.58954,5.0,0.25455844,0.0,0.0,0.0
2025-06-28 04:00:00+02:00,17.0,94.74115,16.15,0.0,1012.7575,5.0,2.97953,0.0,0.0,0.0
2025-06-28 05:00:00+02:00,16.8,94.130005,15.85,0.0,1012.84766,1.0,3.62243,0.0,0.0,0.0
2025-06-28 06:00:00+02:00,17.3,90.90539,15.8,0.0,1013.0667,1.0,5.983477,2.0,7.0,9.0
2025-06-28 07:00:00+02:00,18.5,87.584,16.4,0.0,1013.11694,2.0,6.638072,43.0,44.0,87.0
2025-06-28 08:00:00+02:00,20.25,81.60034,17.0,0.0,1013.2885,13.0,7.029225,141.0,75.0,216.0
2025-06-28 09:00:00+02:00,22.25,73.797226,17.35,0.0,1013.56824,3.0,9.422101,260.0,103.0,363.0
2025-06-28 10:00:00+02:00,24.2,64.36216,17.05,0.0,1013.54834,47.0,12.535549,406.0,109.0,515.0
2025-06-28 11:00:00+02:00,25.75,57.02839,16.6,0.0,1013.314,17.0,12.483749,462.0,148.0,610.0
2025-06-28 12:00:00+02:00,27.3,49.145718,15.7,0.0,1013.1776,32.0,13.472372,539.0,165.0,704.0
2025-06-28 13:00:00+02:00,28.7,42.475273,14.7,0.0,1012.8373,45.0,13.661038,521.0,217.0,738.0
2025-06-28 14:00:00+02:00,29.5,39.138603,14.15,0.0,1012.47314,66.0,13.379461,309.0,296.0,605.0
2025-06-28 15:00:00+02:00,30.4,37.285896,14.2,0.0,1012.1124,94.0,12.758432,473.0,243.0,716.0
2025-06-28 16:00:00+02:00,30.75,36.193268,14.05,0.0,1011.82947,87.0,11.966954,395.0,206.0,601.0
2025-06-28 17:00:00+02:00,31.2,34.371796,13.65,0.0,1011.55005,47.0,11.837651,376.0,170.0,546.0
2025-06-28 18:00:00+02:00,30.75,34.809723,13.45,0.0,1011.1376,10.0,9.36,198.0,181.0,379.0
2025-06-28 19:00:00+02:00,30.65,34.555984,13.25,0.0,1010.8368,70.0,9.927779,196.0,118.0,314.0
2025-06-28 20:00:00+02:00,29.8,37.604782,13.8,0.0,1010.7053,2.0,9.926147,110.0,76.0,186.0
2025-06-28 21:00:00+02:00,27.4,50.283356,16.15,0.0,1010.9082,0.0,9.290511,43.0,40.0,83.0
2025-06-28 22:00:00+02:00,25.45,58.60863,16.75,0.0,1011.4241,0.0,6.28713,2.0,6.0,8.0
2025-06-28 23:00:00+02:00,23.9,66.78747,17.35,0.0,1011.75745,0.0,4.5,0.0,0.0,0.0
2025-06-29 00:00:00+02:00,22.95,69.838326,17.15,0.0,1011.9166,0.0,4.503598,0.0,0.0,0.0
2025-06-29 01:00:00+02:00,22.2,71.48902,16.8,0.0,1012.1826,10.0,4.2021422,0.0,0.0,0.0
2025-06-29 02:00:00+02:00,21.55,72.74666,16.45,0.0,1012.25507,3.0,2.5772078,0.0,0.0,0.0
2025-06-29 03:00:00+02:00,20.15,78.285904,16.25,0.0,1011.9999,0.0,1.484318,0.0,0.0,0.0
2025-06-29 04:00:00+02:00,19.15,83.03456,16.2,0.0,1011.8594,0.0,0.9,0.0,0.0,0.0
2025-06-29 05:00:00+02:00,18.05,88.668236,16.15,0.0,1011.91254,2.0,0.742159,0.0,0.0,0.0
2025-06-29 06:00:00+02:00,17.7,92.0977,16.4,0.0,1011.99677,38.0,1.0182338,2.0,7.0,9.0
2025-06-29 07:00:00+02:00,19.05,85.708046,16.6,0.0,1011.9541,19.0,0.25455844,42.0,44.0,86.0
2025-06-29 08:00:00+02:00,21.55,73.911736,16.7,0.0,1012.15625,3.0,0.8049845,146.0,73.0,219.0
2025-06-29 09:00:00+02:00,23.8,63.86885,16.55,0.0,1012.14856,0.0,1.484318,283.0,91.0,374.0
2025-06-29 10:00:00+02:00,25.7,57.01626,16.55,0.0,1012.22485,0.0,0.742159,429.0,101.0,530.0
2025-06-29 11:00:00+02:00,27.45,51.266277,16.5,0.0,1012.09656,14.0,2.34,558.0,109.0,667.0
2025-06-29 12:00:00+02:00,29.0,45.810593,16.15,0.0,1011.86035,6.0,2.1674871,623.0,135.0,758.0
2025-06-29 13:00:00+02:00,30.35,41.71265,15.9,0.0,1011.5174,12.0,2.0124612,702.0,130.0,832.0
2025-06-29 14:00:00+02:00,31.7,37.165966,15.3,0.0,1010.9761,34.0,2.0991426,728.0,130.0,858.0
2025-06-29 15:00:00+02:00,33.2,30.102903,13.35,0.0,1010.34106,100.0,7.072878,674.0,135.0,809.0
2025-06-29 16:00:00+02:00,33.1,31.171663,13.8,0.0,1010.0407,98.0,8.427383,484.0,223.0,707.0
2025-06-29 17:00:00+02:00,32.95,31.130688,13.65,0.0,1009.6395,73.0,9.339208,416.0,191.0,607.0
2025-06-29 18:00:00+02:00,32.7,31.469378,13.6,0.0,1009.23474,34.0,10.589448,379.0,126.0,505.0
2025-06-29 19:00:00+02:00,31.75,33.31384,13.65,0.0,1009.00085,8.0,13.049689,279.0,89.0,368.0
2025-06-29 20:00:00+02:00,30.7,34.90934,13.45,0.0,1008.76324,4.0,12.616703,155.0,66.0,221.0
2025-06-29 21:00:00+02:00,29.45,38.998184,14.05,0.0,1008.81354,0.0,11.351422,46.0,40.0,86.0
2025-06-29 22:00:00+02:00,27.65,46.48061,15.15,0.0,1009.33673,0.0,11.5199995,2.0,6.0,8.0
2025-06-29 23:00:00+02:00,26.35,52.136543,15.75,0.0,1009.68097,0.0,13.040997,0.0,0.0,0.0
2025-06-30 00:00:00+02:00,24.95,58.863537,16.35,0.0,1010.02075,4.0,12.961249,0.0,0.0,0.0
2025-06-30 01:00:00+02:00,23.8,63.061398,16.35,0.0,1010.0733,0.0,10.883676,0.0,0.0,0.0
2025-06-30 02:00:00+02:00,22.85,66.57175,16.3,0.0,1009.83765,39.0,10.546525,0.0,0.0,0.0
2025-06-30 03:00:00+02:00,22.2,69.47344,16.35,0.0,1009.61334,5.0,11.511559,0.0,0.0,0.0
2025-06-30 04:00:00+02:00,21.45,72.728966,16.35,0.0,1009.48413,0.0,11.734564,0.0,0.0,0.0
2025-06-30 05:00:00+02:00,20.6,76.383896,16.3,0.0,1009.4492,0.0,11.734564,0.0,0.0,0.0
2025-06-30 06:00:00+02:00,20.2,78.04425,16.25,0.0,1009.4328,0.0,12.011544,2.0,7.0,9.0
2025-06-30 07:00:00+02:00,20.9,74.27285,16.15,0.0,1009.5604,0.0,10.783486,47.0,42.0,89.0
2025-06-30 08:00:00+02:00,22.2,68.1576,16.05,0.0,1009.51447,0.0,11.091564,156.0,68.0,224.0
2025-06-30 09:00:00+02:00,23.9,61.496067,16.05,0.0,1009.38574,0.0,9.059205,294.0,85.0,379.0
2025-06-30 10:00:00+02:00,25.9,54.578396,16.05,0.0,1009.169,0.0,8.65873,435.0,98.0,533.0
2025-06-30 11:00:00+02:00,27.85,47.286156,15.6,0.0,1008.75146,0.0,8.574123,563.0,107.0,670.0
2025-06-30 12:00:00+02:00,29.55,40.699417,14.8,0.0,1008.42236,0.0,8.281956,666.0,112.0,778.0
2025-06-30 13:00:00+02:00,30.85,35.870663,14.0,0.0,1007.8793,0.0,8.297589,733.0,113.0,846.0
2025-06-30 14:00:00+02:00,31.85,32.803814,13.5,0.0,1007.1264,0.0,9.085988,754.0,115.0,869.0
2025-06-30 15:00:00+02:00,32.4,32.1106,13.65,0.0,1006.653,0.0,9.913082,731.0,114.0,845.0
2025-06-30 16:00:00+02:00,32.85,31.103376,13.55,0.0,1006.0769,4.0,9.913082,666.0,109.0,775.0
2025-06-30 17:00:00+02:00,33.0,30.048527,13.15,0.0,1005.58826,30.0,9.585739,544.0,106.0,650.0
2025-06-30 18:00:00+02:00,33.1,24.674194,10.25,0.0,1005.1966,88.0,7.9932966,423.0,100.0,523.0
2025-06-30 19:00:00+02:00,32.45,29.12397,12.2,0.0,1004.6778,77.0,9.144637,231.0,110.0,341.0
2025-06-30 20:00:00+02:00,31.6,32.522034,13.15,0.0,1004.4479,27.0,10.814989,110.0,88.0,198.0
2025-06-30 21:00:00+02:00,30.45,35.759647,13.6,0.0,1004.6018,81.0,10.483357,40.0,42.0,82.0
2025-06-30 22:00:00+02:00,29.1,38.398224,13.5,0.0,1004.9455,10.0,12.5032,1.0,6.0,7.0
2025-06-30 23:00:00+02:00,27.55,36.01035,11.15,0.0,1005.1817,7.0,13.213765,0.0,0.0,0.0
2025-07-01 00:00:00+02:00,26.1,36.69114,10.15,0.0,1004.9272,3.0,11.183201,0.0,0.0,0.0
2025-07-01 01:00:00+02:00,25.05,38.532288,9.95,0.0,1005.0832,0.0,11.282711,0.0,0.0,0.0
2025-07-01 02:00:00+02:00,24.35,39.246746,9.6,0.0,1005.2531,0.0,9.418662,0.0,0.0,0.0
2025-07-01 03:00:00+02:00,22.25,43.079952,9.1,0.0,1005.26764,9.0,9.741642,0.0,0.0,0.0
2025-07-01 04:00:00+02:00,21.45,42.709908,8.25,0.0,1005.13635,0.0,9.913082,0.0,0.0,0.0
2025-07-01 05:00:00+02:00,20.75,42.803062,7.65,0.0,1005.2067,0.0,10.383987,0.0,0.0,0.0
2025-07-01 06:00:00+02:00,20.45,43.15801,7.5,0.0,1005.09564,0.0,10.587918,2.0,7.0,9.0
2025-07-01 07:00:00+02:00,21.3,42.234882,7.95,0.0,1005.2291,0.0,9.504272,49.0,40.0,89.0
2025-07-01 08:00:00+02:00,23.1,37.594013,7.85,0.0,1005.3017,0.0,8.320986,160.0,67.0,227.0
2025-07-01 09:00:00+02:00,25.15,32.680744,7.6,0.0,1005.48267,0.0,6.8777895,300.0,83.0,383.0
2025-07-01 10:00:00+02:00,27.45,29.417873,8.05,0.0,1005.3756,0.0,4.965521,443.0,94.0,537.0
2025-07-01 11:00:00+02:00,29.9,26.66893,8.7,0.0,1005.3714,0.0,4.39436,570.0,103.0,673.0
2025-07-01 12:00:00+02:00,32.05,24.73015,9.4,0.0,1005.1569,0.0,4.080882,670.0,109.0,779.0
2025-07-01 13:00:00+02:00,33.7,23.620245,10.1,0.0,1004.8237,0.0,4.4456716,734.0,113.0,847.0
2025-07-01 14:00:00+02:00,34.75,22.653006,10.35,0.0,1004.46765,1.0,4.5891175,760.0,112.0,872.0
2025-07-01 15:00:00+02:00,35.7,21.350248,10.25,0.0,1003.9094,25.0,6.391901,713.0,113.0,826.0
2025-07-01 16:00:00+02:00,35.8,20.672468,9.85,0.0,1003.71545,9.0,7.0774574,610.0,120.0,730.0
2025-07-01 17:00:00+02:00,35.95,19.560785,9.15,0.0,1003.3256,10.0,7.79215,548.0,109.0,657.0
2025-07-01 18:00:00+02:00,35.7,18.916225,8.45,0.0,1003.01953,6.0,8.885877,434.0,95.0,529.0
2025-07-01 19:00:00+02:00,35.2,19.054308,8.15,0.0,1002.9025,1.0,9.278297,305.0,78.0,383.0
2025-07-01 20:00:00+02:00,34.3,20.44208,8.45,0.0,1002.96765,1.0,9.984729,165.0,63.0,228.0
2025-07-01 21:00:00+02:00,32.6,23.812914,9.3,0.0,1002.90405,1.0,9.668195,49.0,39.0,88.0
2025-07-01 22:00:00+02:00,30.05,29.243816,10.2,0.0,1003.30164,0.0,3.9477081,2.0,6.0,8.0
2025-07-01 23:00:00+02:00,28.8,31.641579,10.3,0.0,1003.6488,0.0,1.5273507,0.0,0.0,0.0
2025-07-02 00:00:00+02:00,28.0,32.708115,10.1,0.0,1003.9144,0.0,3.4247334,0.0,0.0,0.0
2025-07-02 01:00:00+02:00,27.0,34.912006,10.2,0.0,1003.6776,0.0,3.710795,0.0,0.0,0.0
2025-07-02 02:00:00+02:00,26.0,37.156197,10.25,0.0,1003.73706,0.0,1.2074767,0.0,0.0,0.0
2025-07-02 03:00:00+02:00,23.05,47.850574,11.4,0.0,1003.7187,0.0,8.139901,0.0,0.0,0.0
2025-07-02 04:00:00+02:00,21.75,58.66844,13.3,0.0,1003.6663,0.0,7.7734165,0.0,0.0,0.0
2025-07-02 05:00:00+02:00,20.75,65.49524,14.05,0.0,1003.72455,0.0,7.674842,0.0,0.0,0.0
2025-07-02 06:00:00+02:00,20.35,66.48067,13.9,0.0,1003.7081,0.0,7.5213294,2.0,7.0,9.0
2025-07-02 07:00:00+02:00,21.55,60.36513,13.55,0.0,1003.75696,0.0,6.1437774,50.0,39.0,89.0
2025-07-02 08:00:00+02:00,23.9,54.602043,14.2,0.0,1003.75275,0.0,4.293669,161.0,65.0,226.0
2025-07-02 09:00:00+02:00,27.05,46.92011,14.75,0.0,1003.976,0.0,2.1897945,301.0,82.0,383.0
2025-07-02 10:00:00+02:00,30.25,39.2199,14.85,0.0,1004.00116,0.0,0.9693296,443.0,93.0,536.0
2025-07-02 11:00:00+02:00,33.0,32.379753,14.3,0.0,1003.70996,0.0,0.56920993,571.0,102.0,673.0
2025-07-02 12:00:00+02:00,35.05,26.888065,13.2,0.0,1003.3912,10.0,1.4512063,679.0,105.0,784.0
2025-07-02 13:00:00+02:00,36.45,19.880224,9.8,0.0,1002.8496,23.0,2.8460498,689.0,121.0,810.0
2025-07-02 14:00:00+02:00,37.35,17.047956,8.25,0.0,1002.1904,11.0,3.244996,710.0,126.0,836.0
2025-07-02 15:00:00+02:00,37.9,18.491667,9.9,0.0,1001.5182,12.0,4.2175345,608.0,154.0,762.0
2025-07-02 16:00:00+02:00,38.25,17.486755,9.35,0.0,1000.93774,8.0,7.6579366,618.0,124.0,742.0
2025-07-02 17:00:00+02:00,38.05,16.02596,7.9,0.0,1000.2384,2.0,12.24,531.0,118.0,649.0
2025-07-02 18:00:00+02:00,37.35,14.817723,6.2,0.0,999.9163,14.0,15.405519,422.0,93.0,515.0
2025-07-02 19:00:00+02:00,36.65,14.667792,5.5,0.0,1000.0884,1.0,13.529966,268.0,91.0,359.0
2025-07-02 20:00:00+02:00,35.9,16.604063,6.7,0.0,1000.2588,13.0,12.81165,133.0,70.0,203.0
2025-07-02 21:00:00+02:00,34.9,19.505505,8.25,0.0,1000.6172,64.0,11.712455,34.0,36.0,70.0
2025-07-02 22:00:00+02:00,32.9,23.730852,9.5,0.0,1001.2347,58.0,8.587338,1.0,5.0,6.0
2025-07-02 23:00:00+02:00,31.35,29.599058,11.5,0.0,1001.5717,42.0,13.748513,0.0,0.0,0.0
2025-07-03 00:00:00+02:00,28.65,44.8467,15.5,0.0,1001.9628,18.0,11.511559,0.0,0.0,0.0
2025-07-03 01:00:00+02:00,27.35,52.726437,16.85,0.0,1002.5051,2.0,9.595874,0.0,0.0,0.0
2025-07-03 02:00:00+02:00,25.95,59.66172,17.5,0.0,1003.1422,15.0,13.154786,0.0,0.0,0.0
2025-07-03 03:00:00+02:00,22.95,72.99245,17.85,0.2,1004.9992,89.0,8.581677,0.0,0.0,0.0
2025-07-03 04:00:00+02:00,22.4,71.75242,17.05,0.0,1006.26184,87.0,9.5535755,0.0,0.0,0.0
2025-07-03 05:00:00+02:00,21.15,68.82657,15.2,0.0,1007.00146,26.0,12.193589,0.0,0.0,0.0
2025-07-03 06:00:00+02:00,20.05,71.78309,14.8,0.0,1007.747,36.0,10.630672,1.0,6.0,7.0
2025-07-03 07:00:00+02:00,19.95,69.25896,14.15,0.0,1008.6321,45.0,8.93859,16.0,38.0,54.0
2025-07-03 08:00:00+02:00,20.25,64.75316,13.4,0.0,1009.23737,42.0,8.891344,69.0,82.0,151.0
2025-07-03 09:00:00+02:00,21.1,59.67206,12.95,0.0,1010.0628,26.0,10.3480425,201.0,122.0,323.0
2025-07-03 10:00:00+02:00,21.8,56.61023,12.8,0.0,1010.6841,91.0,10.435344,285.0,144.0,429.0
2025-07-03 11:00:00+02:00,22.7,51.186447,12.1,0.0,1011.11597,100.0,9.96524,255.0,250.0,505.0
2025-07-03 12:00:00+02:00,23.6,45.982357,11.3,0.0,1011.44885,100.0,8.36758,131.0,353.0,484.0
2025-07-03 13:00:00+02:00,24.8,40.709904,10.55,0.0,1011.8926,5.0,6.379216,261.0,281.0,542.0
2025-07-03 14:00:00+02:00,27.0,33.312904,9.5,0.0,1011.48566,0.0,7.4128532,782.0,124.0,906.0
2025-07-03 15:00:00+02:00,26.65,31.680882,8.45,0.0,1012.0647,6.0,9.585739,741.0,111.0,852.0
2025-07-03 16:00:00+02:00,26.9,29.566689,7.65,0.0,1011.97577,1.0,8.557102,675.0,113.0,788.0
2025-07-03 17:00:00+02:00,27.1,28.629194,7.35,0.0,1011.78595,4.0,8.538149,558.0,115.0,673.0
2025-07-03 18:00:00+02:00,26.7,29.310366,7.35,0.0,1011.474,6.0,9.600937,432.0,104.0,536.0
2025-07-03 19:00:00+02:00,26.25,29.689775,7.15,0.0,1011.25854,13.0,8.936778,295.0,88.0,383.0
2025-07-03 20:00:00+02:00,25.6,31.066553,7.25,0.0,1011.52893,24.0,8.9873905,153.0,70.0,223.0
2025-07-03 21:00:00+02:00,24.35,33.700367,7.35,0.0,1011.6768,28.0,10.337078,44.0,40.0,84.0
2025-07-03 22:00:00+02:00,22.55,38.604473,7.75,0.0,1012.39453,29.0,14.539945,2.0,5.0,7.0
2025-07-03 23:00:00+02:00,21.4,41.128235,7.65,0.0,1012.64435,11.0,12.236029,0.0,0.0,0.0
2025-07-04 00:00:00+02:00,20.35,43.425213,7.5,0.0,1012.6998,0.0,11.157097,0.0,0.0,0.0
2025-07-04 01:00:00+02:00,19.65,44.733315,7.3,0.0,1012.76965,0.0,9.676569,0.0,0.0,0.0
2025-07-04 02:00:00+02:00,19.0,46.10441,7.15,0.0,1012.8415,0.0,9.826088,0.0,0.0,0.0
2025-07-04 03:00:00+02:00,17.25,57.375156,8.75,0.0,1012.96564,1.0,7.69592,0.0,0.0,0.0
2025-07-04 04:00:00+02:00,16.65,61.642452,9.25,0.0,1012.94025,3.0,8.287822,0.0,0.0,0.0
2025-07-04 05:00:00+02:00,16.1,64.70307,9.45,0.0,1013.01575,0.0,9.449572,0.0,0.0,0.0
2025-07-04 06:00:00+02:00,15.85,67.08126,9.75,0.0,1013.40045,0.0,9.793058,2.0,6.0,8.0
2025-07-04 07:00:00+02:00,16.6,65.90545,10.2,0.0,1013.8274,2.0,8.431228,46.0,40.0,86.0
2025-07-04 08:00:00+02:00,18.0,59.92278,10.1,0.0,1014.0839,8.0,7.9220443,148.0,72.0,220.0
2025-07-04 09:00:00+02:00,19.8,52.664974,9.85,0.0,1014.4554,0.0,6.9247384,272.0,98.0,370.0
2025-07-04 10:00:00+02:00,21.85,44.892395,9.35,0.0,1014.5398,1.0,7.406295,418.0,111.0,529.0
2025-07-04 11:00:00+02:00,23.25,39.867455,8.85,0.0,1014.3008,12.0,9.796366,567.0,110.0,677.0
2025-07-04 12:00:00+02:00,24.45,35.736843,8.3,0.0,1014.0526,25.0,6.379216,643.0,122.0,765.0
2025-07-04 13:00:00+02:00,25.55,31.265604,7.3,0.0,1013.8002,44.0,4.2021422,596.0,187.0,783.0
2025-07-04 14:00:00+02:00,26.75,26.820452,6.1,0.0,1013.05725,83.0,4.327493,642.0,170.0,812.0
2025-07-04 15:00:00+02:00,27.4,23.507769,4.75,0.0,1012.9838,63.0,6.21717,439.0,253.0,692.0
2025-07-04 16:00:00+02:00,27.75,21.24781,3.6,0.0,1012.30585,21.0,6.8541956,483.0,205.0,688.0
2025-07-04 17:00:00+02:00,27.7,21.460506,3.7,0.0,1011.71094,19.0,7.0223074,565.0,110.0,675.0
2025-07-04 18:00:00+02:00,27.5,22.09791,3.95,0.0,1011.20886,14.0,5.414979,444.0,97.0,541.0
2025-07-04 19:00:00+02:00,27.15,22.55583,3.95,0.0,1010.6018,77.0,4.198285,302.0,83.0,385.0
2025-07-04 20:00:00+02:00,26.45,23.50408,3.95,0.0,1010.37665,99.0,5.3517847,155.0,69.0,224.0
2025-07-04 21:00:00+02:00,24.9,27.538284,4.9,0.0,1010.11743,100.0,5.3699164,36.0,46.0,82.0
2025-07-04 22:00:00+02:00,23.05,34.61817,6.6,0.0,1010.3397,76.0,3.964089,0.0,7.0,7.0
2025-07-04 23:00:00+02:00,21.9,41.410336,8.2,0.0,1010.293,78.0,3.62243,0.0,0.0,0.0
2025-07-05 00:00:00+02:00,20.95,43.29902,8.0,0.0,1009.85876,16.0,4.7827187,0.0,0.0,0.0
2025-07-05 01:00:00+02:00,19.55,48.346672,8.35,0.0,1009.3074,9.0,4.5322843,0.0,0.0,0.0
2025-07-05 02:00:00+02:00,18.55,50.592102,8.1,0.0,1009.06824,1.0,4.3573384,0.0,0.0,0.0
2025-07-05 03:00:00+02:00,16.15,55.183136,7.15,0.0,1008.8687,2.0,6.638072,0.0,0.0,0.0
2025-07-05 04:00:00+02:00,15.0,60.838936,7.5,0.0,1008.32574,47.0,5.293959,0.0,0.0,0.0
2025-07-05 05:00:00+02:00,14.35,64.7543,7.8,0.0,1007.903,99.0,5.6521144,0.0,0.0,0.0
2025-07-05 06:00:00+02:00,14.15,66.49634,8.0,0.0,1007.59814,100.0,5.1481256,1.0,6.0,7.0
2025-07-05 07:00:00+02:00,15.05,64.03528,8.3,0.0,1007.33997,100.0,3.671294,28.0,50.0,78.0
2025-07-05 08:00:00+02:00,17.1,55.99433,8.25,0.0,1007.2291,99.0,1.7727944,98.0,100.0,198.0
2025-07-05 09:00:00+02:00,19.45,47.505966,8.0,0.0,1007.12946,99.0,0.742159,152.0,168.0,320.0
2025-07-05 10:00:00+02:00,22.1,39.540905,7.7,0.0,1006.74384,92.0,3.143565,305.0,186.0,491.0
2025-07-05 11:00:00+02:00,24.6,31.536568,6.6,0.0,1006.25146,99.0,5.5916004,480.0,169.0,649.0
2025-07-05 12:00:00+02:00,26.15,27.500286,5.95,0.0,1005.6209,57.0,8.29173,437.0,271.0,708.0
2025-07-05 13:00:00+02:00,27.5,24.451822,5.4,0.0,1004.8833,17.0,10.296251,694.0,150.0,844.0
2025-07-05 14:00:00+02:00,28.3,23.580654,5.55,0.0,1004.32135,25.0,11.5887,769.0,114.0,883.0
2025-07-05 15:00:00+02:00,29.1,20.924631,4.5,0.0,1003.95703,44.0,14.156058,747.0,114.0,861.0
2025-07-05 16:00:00+02:00,29.55,18.673702,3.25,0.0,1003.18353,53.0,14.879153,672.0,116.0,788.0
2025-07-05 17:00:00+02:00,29.7,16.287954,1.45,0.0,1002.5961,94.0,14.892213,567.0,111.0,678.0
2025-07-05 18:00:00+02:00,29.3,16.668053,1.45,0.0,1002.08655,98.0,14.517644,364.0,149.0,513.0
2025-07-05 19:00:00+02:00,28.6,19.17832,2.85,0.0,1001.7629,94.0,13.752048,214.0,134.0,348.0
2025-07-05 20:00:00+02:00,27.85,20.464027,3.15,0.0,1001.53625,100.0,12.585848,105.0,96.0,201.0
2025-07-05 21:00:00+02:00,26.8,21.994558,3.3,0.0,1001.3966,100.0,11.465024,2.0,53.0,55.0
2025-07-05 22:00:00+02:00,25.95,22.243439,2.75,0.0,1001.46204,100.0,11.402683,0.0,3.0,3.0
2025-07-05 23:00:00+02:00,24.75,23.888748,2.75,0.0,1001.61224,100.0,9.3876505,0.0,0.0,0.0
2025-07-06 00:00:00+02:00,23.3,28.166721,3.85,0.0,1001.6535,100.0,4.143911,0.0,0.0,0.0
2025-07-06 01:00:00+02:00,21.75,34.966908,5.6,0.0,1001.5912,99.0,0.9,0.0,0.0,0.0
2025-07-06 02:00:00+02:00,20.25,40.520973,6.4,0.0,1001.23376,69.0,0.40249225,0.0,0.0,0.0
2025-07-06 03:00:00+02:00,17.8,52.315105,7.9,0.0,1001.13293,93.0,1.609969,0.0,0.0,0.0
2025-07-06 04:00:00+02:00,16.9,57.677208,8.5,0.0,1000.6015,89.0,4.0449963,0.0,0.0,0.0
2025-07-06 05:00:00+02:00,16.55,61.61913,9.15,0.0,1000.1916,91.0,6.114703,0.0,0.0,0.0
2025-07-06 06:00:00+02:00,15.9,65.31463,9.4,0.0,999.9667,11.0,7.029225,1.0,6.0,7.0
2025-07-06 07:00:00+02:00,16.8,62.09321,9.5,0.0,999.6092,89.0,6.804381,40.0,43.0,83.0
2025-07-06 08:00:00+02:00,18.5,54.302643,9.1,0.0,999.58105,100.0,5.904439,116.0,91.0,207.0
2025-07-06 09:00:00+02:00,20.5,45.431404,8.3,0.0,999.2677,100.0,5.257109,149.0,160.0,309.0
2025-07-06 10:00:00+02:00,22.15,37.195187,6.85,0.0,998.8404,100.0,7.42159,111.0,260.0,371.0
2025-07-06 11:00:00+02:00,22.1,38.344864,7.25,0.0,998.64087,100.0,10.32924,1.0,231.0,232.0
2025-07-06 12:00:00+02:00,21.7,41.353683,8.0,0.2,998.72345,100.0,18.440998,5.0,221.0,226.0
2025-07-06 13:00:00+02:00,20.15,48.838745,9.05,0.3,997.7715,100.0,7.3469996,0.0,147.0,147.0
2025-07-06 14:00:00+02:00,20.65,48.158485,9.3,0.0,997.8906,100.0,12.580699,6.0,200.0,206.0
2025-07-06 15:00:00+02:00,19.5,54.92582,10.2,0.0,997.74475,100.0,11.53265,9.0,232.0,241.0
2025-07-06 16:00:00+02:00,20.6,50.123863,9.85,0.0,997.1967,100.0,16.188995,10.0,183.0,193.0
2025-07-06 17:00:00+02:00,20.25,52.782696,10.3,0.0,996.29333,100.0,13.493999,0.0,95.0,95.0
2025-07-06 18:00:00+02:00,20.5,50.097034,9.75,0.0,995.51294,100.0,13.356437,1.0,78.0,79.0
2025-07-06 19:00:00+02:00,19.7,53.70675,10.05,0.1,995.2827,100.0,17.311846,0.0,63.0,63.0
2025-07-06 20:00:00+02:00,18.15,63.447792,11.1,0.2,995.12054,100.0,11.13384,2.0,29.0,31.0
2025-07-06 21:00:00+02:00,17.15,74.35651,12.55,0.5,994.88165,98.0,9.867218,2.0,29.0,31.0
2025-07-06 22:00:00+02:00,16.65,79.823685,13.15,0.1,994.9596,99.0,11.734564,0.0,3.0,3.0
2025-07-06 23:00:00+02:00,16.1,82.6677,13.15,0.0,994.9367,100.0,12.85205,0.0,0.0,0.0
2025-07-07 00:00:00+02:00,16.4,81.633446,13.25,0.1,994.55414,98.0,13.374618,0.0,0.0,0.0
2025-07-07 01:00:00+02:00,16.3,82.69214,13.35,0.0,994.3524,100.0,14.973577,0.0,0.0,0.0
2025-07-07 02:00:00+02:00,16.4,82.16735,13.35,0.0,993.86255,100.0,15.476859,0.0,0.0,0.0
2025-07-07 03:00:00+02:00,15.6,90.4971,14.05,0.0,994.22424,99.0,13.281023,0.0,0.0,0.0
2025-07-07 04:00:00+02:00,15.5,90.19705,13.9,0.1,993.7263,57.0,12.387348,0.0,0.0,0.0
2025-07-07 05:00:00+02:00,15.35,90.18623,13.75,0.1,993.2261,92.0,11.334285,0.0,0.0,0.0
2025-07-07 06:00:00+02:00,15.25,90.47254,13.7,0.3,992.92535,70.0,11.616626,0.0,3.0,3.0
2025-07-07 07:00:00+02:00,15.55,89.03726,13.75,0.1,992.83905,100.0,10.075177,1.0,27.0,28.0
2025-07-07 08:00:00+02:00,16.15,86.24584,13.85,0.1,992.568,97.0,10.348043,0.0,59.0,59.0
2025-07-07 09:00:00+02:00,17.45,77.88452,13.55,0.0,992.72064,88.0,12.791403,93.0,141.0,234.0
2025-07-07 10:00:00+02:00,19.25,66.684875,12.9,0.1,992.3002,100.0,13.6289835,242.0,158.0,400.0
2025-07-07 11:00:00+02:00,20.95,55.84426,11.8,0.1,991.6773,100.0,12.703715,241.0,247.0,488.0
2025-07-07 12:00:00+02:00,19.15,64.302185,12.25,0.8,991.9009,100.0,14.904173,20.0,268.0,288.0
2025-07-07 13:00:00+02:00,20.15,66.43891,13.7,0.7,991.74414,100.0,9.335737,123.0,309.0,432.0
2025-07-07 14:00:00+02:00,18.35,72.64502,13.35,3.9,992.06586,100.0,14.292725,149.0,362.0,511.0
2025-07-07 15:00:00+02:00,20.95,60.42157,13.0,0.1,991.9738,100.0,12.362475,185.0,321.0,506.0
2025-07-07 16:00:00+02:00,17.65,82.057556,14.55,4.0,992.4323,100.0,10.662626,44.0,238.0,282.0
2025-07-07 17:00:00+02:00,18.45,77.03255,14.35,0.3,992.4654,100.0,10.6261,40.0,175.0,215.0
2025-07-07 18:00:00+02:00,19.05,69.307785,13.3,0.2,992.78613,100.0,12.93247,112.0,241.0,353.0
2025-07-07 19:00:00+02:00,18.2,75.5101,13.8,2.5,993.34436,100.0,10.658068,41.0,148.0,189.0
2025-07-07 20:00:00+02:00,17.7,75.67424,13.35,0.1,993.81775,56.0,9.236298,5.0,75.0,80.0
2025-07-07 21:00:00+02:00,17.05,75.074356,12.6,0.0,994.38367,100.0,9.292254,13.0,47.0,60.0
2025-07-07 22:00:00+02:00,16.4,75.959015,12.15,0.0,995.54205,100.0,10.514218,0.0,3.0,3.0
2025-07-07 23:00:00+02:00,16.05,76.404205,11.9,0.0,996.2189,100.0,10.075177,0.0,0.0,0.0
2025-07-08 00:00:00+02:00,15.4,78.864265,11.75,0.0,996.58673,100.0,7.256032,0.0,0.0,0.0
2025-07-08 01:00:00+02:00,15.0,79.066956,11.4,0.0,997.1627,100.0,7.0911775,0.0,0.0,0.0
2025-07-08 02:00:00+02:00,14.3,80.022064,10.9,0.0,997.6272,83.0,6.361415,0.0,0.0,0.0
2025-07-08 03:00:00+02:00,13.5,84.84707,11.0,0.0,997.88934,16.0,6.8423676,0.0,0.0,0.0
2025-07-08 04:00:00+02:00,12.85,86.20023,10.6,0.0,998.3557,22.0,4.8633323,0.0,0.0,0.0
2025-07-08 05:00:00+02:00,12.45,87.317764,10.4,0.0,998.9311,21.0,6.037383,0.0,0.0,0.0
2025-07-08 06:00:00+02:00,12.1,87.577415,10.1,0.0,999.21234,19.0,7.7734165,1.0,4.0,5.0
2025-07-08 07:00:00+02:00,12.75,82.25149,9.8,0.0,999.24023,96.0,7.293888,34.0,40.0,74.0
2025-07-08 08:00:00+02:00,13.8,75.785545,9.6,0.0,999.384,100.0,7.570707,72.0,104.0,176.0
2025-07-08 09:00:00+02:00,14.65,69.82604,9.2,0.0,999.7164,100.0,9.668195,74.0,183.0,257.0
2025-07-08 10:00:00+02:00,15.6,63.726402,8.75,0.0,999.8553,100.0,7.8954163,142.0,246.0,388.0
2025-07-08 11:00:00+02:00,16.85,56.695667,8.2,0.2,999.9078,57.0,7.995323,381.0,213.0,594.0
2025-07-08 12:00:00+02:00,18.15,47.63429,6.85,0.0,1000.1593,99.0,7.989242,520.0,162.0,682.0
2025-07-08 13:00:00+02:00,18.95,42.1461,5.8,0.0,1000.38995,95.0,9.997699,421.0,221.0,642.0
2025-07-08 14:00:00+02:00,19.65,39.51954,5.5,0.1,1000.5176,63.0,10.495713,522.0,192.0,714.0
2025-07-08 15:00:00+02:00,19.4,39.447674,5.25,0.0,1001.5941,98.0,8.9873905,360.0,219.0,579.0
2025-07-08 16:00:00+02:00,19.55,40.181255,5.65,0.1,1002.09454,74.0,8.641874,345.0,196.0,541.0
2025-07-08 17:00:00+02:00,18.95,43.776886,6.35,0.1,1002.4648,64.0,11.681987,258.0,175.0,433.0
2025-07-08 18:00:00+02:00,19.2,44.454052,6.8,0.1,1002.47516,40.0,9.178235,174.0,153.0,327.0
2025-07-08 19:00:00+02:00,18.9,47.031857,7.35,0.1,1002.4629,67.0,11.592894,216.0,95.0,311.0
2025-07-08 20:00:00+02:00,18.2,54.042225,8.75,0.1,1003.0268,27.0,10.04458,100.0,68.0,168.0
2025-07-08 21:00:00+02:00,16.65,64.17632,9.85,0.0,1003.65356,22.0,4.724786,24.0,31.0,55.0
2025-07-08 22:00:00+02:00,15.85,67.75875,9.9,0.0,1004.608,30.0,6.391901,1.0,4.0,5.0
2025-07-08 23:00:00+02:00,15.0,72.76092,10.15,0.0,1005.26324,37.0,5.7599998,0.0,0.0,0.0
2025-07-09 00:00:00+02:00,14.3,77.92054,10.5,0.0,1005.7275,32.0,6.037383,0.0,0.0,0.0
2025-07-09 01:00:00+02:00,13.65,82.091125,10.65,0.0,1006.19354,20.0,7.754637,0.0,0.0,0.0
2025-07-09 02:00:00+02:00,13.2,83.41383,10.45,0.0,1006.47076,14.0,9.0018,0.0,0.0,0.0
2025-07-09 03:00:00+02:00,13.45,79.63618,10.0,0.0,1006.67896,22.0,8.28,0.0,0.0,0.0
2025-07-09 04:00:00+02:00,13.15,81.48098,10.05,0.0,1006.666,100.0,7.970972,0.0,0.0,0.0
2025-07-09 05:00:00+02:00,13.5,80.714806,10.25,0.0,1006.77966,100.0,7.9465466,0.0,0.0,0.0
2025-07-09 06:00:00+02:00,13.95,78.651115,10.3,0.1,1007.09564,100.0,7.841888,0.0,2.0,2.0
2025-07-09 07:00:00+02:00,14.3,76.88815,10.3,0.2,1007.60443,99.0,7.5685663,0.0,29.0,29.0
2025-07-09 08:00:00+02:00,14.85,75.20287,10.5,0.3,1007.8254,88.0,7.0843205,36.0,70.0,106.0
2025-07-09 09:00:00+02:00,16.05,70.09977,10.6,0.1,1008.17267,80.0,10.209348,104.0,107.0,211.0
2025-07-09 10:00:00+02:00,17.75,61.69152,10.3,0.0,1008.1455,51.0,9.83268,224.0,176.0,400.0
2025-07-09 11:00:00+02:00,18.85,56.24762,9.95,0.0,1008.1914,29.0,10.8672905,354.0,193.0,547.0
2025-07-09 12:00:00+02:00,19.9,50.612385,9.35,0.0,1008.2348,37.0,12.601285,348.0,235.0,583.0
2025-07-09 13:00:00+02:00,20.35,47.914684,8.95,0.0,1008.2534,40.0,13.841286,269.0,258.0,527.0
2025-07-09 14:00:00+02:00,21.55,43.762684,8.7,0.0,1008.2036,61.0,13.036026,360.0,290.0,650.0
2025-07-09 15:00:00+02:00,21.65,42.62168,8.4,0.0,1008.8995,100.0,11.090103,332.0,266.0,598.0
2025-07-09 16:00:00+02:00,21.25,43.678513,8.4,0.0,1008.7842,99.0,11.252519,90.0,274.0,364.0
2025-07-09 17:00:00+02:00,21.4,44.16642,8.7,0.0,1008.8894,100.0,10.853866,111.0,230.0,341.0
2025-07-09 18:00:00+02:00,21.25,45.18053,8.9,0.0,1008.7842,100.0,8.731392,52.0,185.0,237.0
2025-07-09 19:00:00+02:00,21.0,46.816418,9.2,0.0,1008.7741,100.0,7.748368,56.0,124.0,180.0
2025-07-09 20:00:00+02:00,20.4,49.56858,9.5,0.0,1008.7494,64.0,8.067936,44.0,73.0,117.0
2025-07-09 21:00:00+02:00,19.3,56.172974,10.35,0.0,1009.0005,36.0,7.748368,20.0,41.0,61.0
2025-07-09 22:00:00+02:00,17.95,65.107445,11.3,0.0,1009.2408,14.0,4.978554,1.0,4.0,5.0
2025-07-09 23:00:00+02:00,16.75,73.0752,11.9,0.0,1009.58563,9.0,4.2021427,0.0,0.0,0.0
2025-07-10 00:00:00+02:00,15.85,77.89781,12.0,0.0,1009.54755,12.0,3.6447225,0.0,0.0,0.0
2025-07-10 01:00:00+02:00,14.95,81.98453,11.9,0.0,1009.60803,2.0,2.8174455,0.0,0.0,0.0
2025-07-10 02:00:00+02:00,14.4,84.3867,11.8,0.0,1009.5843,12.0,1.2074767,0.0,0.0,0.0
2025-07-10 03:00:00+02:00,12.95,87.65477,10.95,0.0,1009.423,3.0,0.54,0.0,0.0,0.0
2025-07-10 04:00:00+02:00,12.4,90.56925,10.9,0.0,1009.39923,16.0,0.17999999,0.0,0.0,0.0
2025-07-10 05:00:00+02:00,12.05,92.06348,10.8,0.0,1009.4827,34.0,0.54,0.0,0.0,0.0
2025-07-10 06:00:00+02:00,11.75,93.279434,10.7,0.0,1009.56854,27.0,1.8792552,1.0,4.0,5.0
2025-07-10 07:00:00+02:00,13.15,88.25582,11.25,0.0,1009.53064,12.0,2.5071096,38.0,38.0,76.0
2025-07-10 08:00:00+02:00,15.5,78.360275,11.75,0.0,1009.6315,2.0,0.8049845,144.0,67.0,211.0
2025-07-10 09:00:00+02:00,17.95,66.19316,11.55,0.0,1009.93243,0.0,1.2074767,285.0,85.0,370.0
2025-07-10 10:00:00+02:00,20.35,54.7774,10.95,0.0,1009.93317,0.0,1.659518,432.0,96.0,528.0
2025-07-10 11:00:00+02:00,22.25,43.371082,9.2,0.0,1009.71436,0.0,3.4576871,566.0,104.0,670.0
2025-07-10 12:00:00+02:00,23.55,35.481037,7.4,0.0,1009.3717,1.0,5.257109,671.0,109.0,780.0
2025-07-10 13:00:00+02:00,24.5,30.970617,6.25,0.0,1009.1132,1.0,6.384293,731.0,116.0,847.0
2025-07-10 14:00:00+02:00,25.25,28.609737,5.75,0.0,1008.7478,15.0,7.001514,757.0,114.0,871.0
2025-07-10 15:00:00+02:00,26.2,25.227291,4.75,0.0,1008.489,7.0,8.654987,675.0,150.0,825.0
2025-07-10 16:00:00+02:00,27.85,22.977283,4.8,0.0,1007.6643,34.0,8.490582,656.0,121.0,777.0
2025-07-10 17:00:00+02:00,27.3,25.435207,5.8,0.0,1007.1486,100.0,14.264361,429.0,154.0,583.0
2025-07-10 18:00:00+02:00,24.55,39.435123,9.85,0.0,1007.53394,23.0,18.204042,82.0,185.0,267.0
2025-07-10 19:00:00+02:00,24.85,36.093323,8.8,0.0,1007.2496,57.0,12.241323,119.0,111.0,230.0
2025-07-10 20:00:00+02:00,23.8,40.97448,9.75,0.0,1007.4051,69.0,14.008811,89.0,78.0,167.0
2025-07-10 21:00:00+02:00,22.85,43.393295,9.75,0.0,1007.46594,21.0,10.03167,33.0,39.0,72.0
2025-07-10 22:00:00+02:00,21.15,52.145126,10.95,0.0,1007.6932,30.0,8.161764,1.0,4.0,5.0
2025-07-10 23:00:00+02:00,19.7,62.755524,12.4,0.0,1007.83124,48.0,3.396233,0.0,0.0,0.0
2025-07-11 00:00:00+02:00,18.85,68.36919,12.9,0.0,1007.6974,33.0,3.06,0.0,0.0,0.0
2025-07-11 01:00:00+02:00,17.95,72.81067,13.0,0.0,1007.4624,41.0,3.3092594,0.0,0.0,0.0
2025-07-11 02:00:00+02:00,17.1,76.07228,12.85,0.0,1007.3279,28.0,3.7842832,0.0,0.0,0.0
2025-07-11 03:00:00+02:00,16.1,74.91503,11.65,0.0,1007.0882,29.0,3.362677,0.0,0.0,0.0
2025-07-11 04:00:00+02:00,15.8,76.36413,11.65,0.0,1006.7791,69.0,2.9024127,0.0,0.0,0.0
2025-07-11 05:00:00+02:00,15.9,76.12855,11.7,0.0,1006.6845,100.0,3.710795,0.0,0.0,0.0
2025-07-11 06:00:00+02:00,15.75,78.13969,11.95,0.0,1006.57947,69.0,3.1845248,0.0,3.0,3.0
2025-07-11 07:00:00+02:00,16.65,74.761215,12.15,0.0,1006.51855,85.0,5.9834766,27.0,42.0,69.0
2025-07-11 08:00:00+02:00,18.2,70.28303,12.7,0.1,1006.68243,100.0,8.083983,79.0,86.0,165.0
2025-07-11 09:00:00+02:00,17.65,75.91308,13.35,0.1,1006.95575,99.0,8.338489,0.0,92.0,92.0
2025-07-11 10:00:00+02:00,19.0,69.07233,13.2,0.1,1006.51807,100.0,8.967541,63.0,146.0,209.0
2025-07-11 11:00:00+02:00,20.5,61.51284,12.85,0.4,1006.28326,49.0,11.230904,265.0,218.0,483.0
2025-07-11 12:00:00+02:00,21.7,53.335297,11.8,0.0,1006.03577,57.0,13.202726,308.0,249.0,557.0
2025-07-11 13:00:00+02:00,22.75,45.901237,10.5,0.0,1005.782,73.0,13.661038,455.0,249.0,704.0
2025-07-11 14:00:00+02:00,24.05,40.093636,9.65,0.0,1005.53754,100.0,13.627795,631.0,181.0,812.0
2025-07-11 15:00:00+02:00,24.25,39.218483,9.5,0.0,1005.5455,37.0,12.7279215,486.0,229.0,715.0
2025-07-11 16:00:00+02:00,25.2,34.288048,8.35,0.0,1004.7927,54.0,13.288341,428.0,235.0,663.0
2025-07-11 17:00:00+02:00,25.35,32.62587,7.75,0.0,1004.5022,23.0,13.767352,439.0,165.0,604.0
2025-07-11 18:00:00+02:00,25.65,30.97451,7.25,0.0,1004.1189,25.0,13.529966,316.0,152.0,468.0
2025-07-11 19:00:00+02:00,25.0,31.21814,6.8,0.0,1003.7965,53.0,13.493999,199.0,113.0,312.0
2025-07-11 20:00:00+02:00,24.25,31.437902,6.25,0.0,1003.6677,100.0,15.905319,140.0,70.0,210.0
2025-07-11 21:00:00+02:00,22.15,43.051895,9.0,0.0,1003.88007,100.0,13.218668,37.0,40.0,77.0
2025-07-11 22:00:00+02:00,20.7,49.483337,9.75,0.0,1004.1176,16.0,7.42159,1.0,4.0,5.0
2025-07-11 23:00:00+02:00,19.3,58.07457,10.85,0.0,1004.06024,100.0,3.536439,0.0,0.0,0.0
2025-07-12 00:00:00+02:00,18.6,62.0934,11.2,0.0,1003.93243,99.0,3.319036,0.0,0.0,0.0
2025-07-12 01:00:00+02:00,18.3,62.437706,11.0,0.0,1003.6237,100.0,3.9966483,0.0,0.0,0.0
2025-07-12 02:00:00+02:00,17.85,66.61091,11.55,0.0,1003.4072,100.0,4.5,0.0,0.0,0.0
2025-07-12 03:00:00+02:00,17.4,74.156075,12.75,0.0,1003.191,100.0,1.1525624,0.0,0.0,0.0
2025-07-12 04:00:00+02:00,17.25,77.09665,13.2,0.0,1003.18475,100.0,0.17999999,0.0,0.0,0.0
2025-07-12 05:00:00+02:00,16.8,79.8446,13.3,0.0,1002.9682,93.0,0.40249225,0.0,0.0,0.0
2025-07-12 06:00:00+02:00,16.65,79.56358,13.1,0.0,1002.5668,99.0,1.484318,0.0,3.0,3.0
2025-07-12 07:00:00+02:00,17.15,78.09346,13.3,0.0,1002.489,100.0,4.1556225,16.0,38.0,54.0
2025-07-12 08:00:00+02:00,18.25,73.102066,13.35,0.0,1002.5347,75.0,3.8268526,66.0,102.0,168.0
2025-07-12 09:00:00+02:00,19.65,67.86417,13.55,0.0,1002.1973,11.0,3.0547013,176.0,141.0,317.0
2025-07-12 10:00:00+02:00,20.95,60.224453,12.95,0.0,1001.75616,6.0,4.5536795,274.0,157.0,431.0
2025-07-12 11:00:00+02:00,22.75,49.867996,11.75,0.0,1001.43396,90.0,4.6452556,529.0,115.0,644.0
2025-07-12 12:00:00+02:00,24.7,39.609684,10.05,0.0,1001.01746,96.0,5.3426957,613.0,136.0,749.0
2025-07-12 13:00:00+02:00,25.55,36.658672,9.65,0.0,1000.35925,100.0,9.600937,383.0,270.0,653.0
2025-07-12 14:00:00+02:00,25.35,36.848804,9.55,0.0,1000.1537,98.0,10.316686,186.0,274.0,460.0
2025-07-12 15:00:00+02:00,25.35,36.234863,9.3,0.0,1000.1537,100.0,11.500296,207.0,264.0,471.0
2025-07-12 16:00:00+02:00,26.15,33.63739,8.9,0.0,999.7898,100.0,12.730468,291.0,291.0,582.0
2025-07-12 17:00:00+02:00,25.0,38.13303,9.75,0.0,999.64575,100.0,14.264361,33.0,246.0,279.0
2025-07-12 18:00:00+02:00,24.75,39.097134,9.9,0.0,999.63574,62.0,12.738099,84.0,168.0,252.0
2025-07-12 19:00:00+02:00,24.9,37.34466,9.35,0.0,998.94995,51.0,11.144021,97.0,148.0,245.0
2025-07-12 20:00:00+02:00,24.05,40.634777,9.85,0.0,998.91626,70.0,13.032298,47.0,74.0,121.0
2025-07-12 21:00:00+02:00,22.9,46.557716,10.85,0.0,998.7717,23.0,10.83893,19.0,31.0,50.0
2025-07-12 22:00:00+02:00,21.4,54.144474,11.75,0.0,998.90924,47.0,5.6920996,1.0,4.0,5.0
2025-07-12 23:00:00+02:00,20.35,60.08314,12.35,0.0,998.8665,26.0,4.6938252,0.0,0.0,0.0
2025-07-13 00:00:00+02:00,19.65,61.924854,12.15,0.0,998.9367,13.0,5.920878,0.0,0.0,0.0
2025-07-13 01:00:00+02:00,19.05,64.06912,12.1,0.0,998.81323,17.0,5.0911684,0.0,0.0,0.0
2025-07-13 02:00:00+02:00,18.55,66.538445,12.2,0.0,998.69403,66.0,4.3832865,0.0,0.0,0.0
2025-07-13 03:00:00+02:00,17.45,76.876854,13.35,0.9,999.24133,57.0,7.587806,0.0,0.0,0.0
2025-07-13 04:00:00+02:00,16.6,84.08286,13.9,0.0,998.6131,90.0,4.143911,0.0,0.0,0.0
2025-07-13 05:00:00+02:00,15.95,87.92222,13.95,0.0,998.2894,88.0,3.9477081,0.0,0.0,0.0
2025-07-13 06:00:00+02:00,15.65,90.20789,14.05,0.0,998.4745,87.0,3.9477081,0.0,4.0,4.0
2025-07-13 07:00:00+02:00,16.75,87.9921,14.75,0.0,998.71814,37.0,5.5916004,18.0,43.0,61.0
2025-07-13 08:00:00+02:00,18.4,82.15113,15.3,0.0,998.9841,37.0,4.965521,97.0,83.0,180.0
2025-07-13 09:00:00+02:00,20.0,71.3126,14.65,0.0,998.9508,30.0,5.00128,164.0,126.0,290.0
2025-07-13 10:00:00+02:00,21.7,63.613117,14.5,0.0,999.0199,14.0,4.91634,332.0,123.0,455.0
2025-07-13 11:00:00+02:00,23.45,51.720596,12.95,0.0,998.7937,22.0,7.1208143,486.0,136.0,622.0
2025-07-13 12:00:00+02:00,24.55,46.54721,12.35,0.0,999.0349,14.0,9.761578,505.0,146.0,651.0
2025-07-13 13:00:00+02:00,25.95,42.26695,12.15,0.0,998.69476,17.0,9.983106,559.0,176.0,735.0
2025-07-13 14:00:00+02:00,27.15,37.853344,11.55,0.0,998.44495,29.0,9.007196,601.0,156.0,757.0
2025-07-13 15:00:00+02:00,26.95,36.930435,11.0,0.0,998.73395,17.0,9.144637,557.0,187.0,744.0
2025-07-13 16:00:00+02:00,27.55,35.653812,11.0,0.0,998.5596,44.0,8.936778,560.0,143.0,703.0
2025-07-13 17:00:00+02:00,27.15,37.853344,11.55,0.1,998.64264,25.0,9.449572,449.0,136.0,585.0
2025-07-13 18:00:00+02:00,26.8,38.006023,11.3,0.0,998.4316,15.0,7.538541,346.0,112.0,458.0
2025-07-13 19:00:00+02:00,26.7,37.10599,10.85,0.0,998.2301,2.0,6.037383,234.0,86.0,320.0
2025-07-13 20:00:00+02:00,25.9,38.900894,10.85,0.0,998.39636,6.0,8.297589,135.0,66.0,201.0
2025-07-13 21:00:00+02:00,24.5,45.026867,11.8,0.0,998.8353,3.0,6.9270773,37.0,37.0,74.0
2025-07-13 22:00:00+02:00,22.95,51.58981,12.45,0.0,999.46533,12.0,7.596341,1.0,4.0,5.0
2025-07-13 23:00:00+02:00,21.35,63.94848,14.25,0.0,999.89514,23.0,4.0249224,0.0,0.0,0.0
2025-07-14 00:00:00+02:00,20.6,67.39942,14.35,0.0,1000.0622,3.0,3.1072817,0.0,0.0,0.0
2025-07-14 01:00:00+02:00,19.55,71.45998,14.25,0.0,1000.31604,1.0,2.8799999,0.0,0.0,0.0
2025-07-14 02:00:00+02:00,18.55,74.83644,14.0,0.0,1000.1761,0.0,2.0523157,0.0,0.0,0.0
2025-07-14 03:00:00+02:00,16.3,82.423096,13.3,0.0,1000.0824,0.0,4.327493,0.0,0.0,0.0
2025-07-14 04:00:00+02:00,15.65,85.07929,13.15,0.0,1000.2527,0.0,1.7727944,0.0,0.0,0.0
2025-07-14 05:00:00+02:00,15.3,87.29387,13.2,0.0,1000.43555,57.0,0.56920993,0.0,0.0,0.0
2025-07-14 06:00:00+02:00,14.8,89.26795,13.05,0.0,1001.00714,100.0,2.5772076,1.0,3.0,4.0
2025-07-14 07:00:00+02:00,16.2,81.60772,13.05,0.0,1001.65875,100.0,6.698806,9.0,48.0,57.0
2025-07-14 08:00:00+02:00,18.5,71.26503,13.2,0.0,1001.7547,100.0,4.080882,55.0,111.0,166.0
2025-07-14 09:00:00+02:00,20.7,62.164577,13.2,0.0,1002.04254,100.0,7.4932766,105.0,172.0,277.0
2025-07-14 10:00:00+02:00,22.2,52.592335,12.05,0.0,1002.69617,98.0,13.896187,186.0,219.0,405.0
2025-07-14 11:00:00+02:00,24.3,49.30458,13.0,0.0,1002.7806,100.0,15.210799,230.0,242.0,472.0
2025-07-14 12:00:00+02:00,25.55,45.46353,12.9,0.0,1003.12646,100.0,16.774803,210.0,295.0,505.0
2025-07-14 13:00:00+02:00,24.95,48.679085,13.4,0.0,1003.20166,95.0,16.348322,141.0,288.0,429.0
2025-07-14 14:00:00+02:00,26.8,42.225803,12.9,0.0,1003.17566,95.0,14.74902,424.0,295.0,719.0
2025-07-14 15:00:00+02:00,25.7,48.093494,13.9,0.2,1004.1208,72.0,13.729647,189.0,348.0,537.0
2025-07-14 16:00:00+02:00,25.95,49.26298,14.5,0.1,1004.1305,100.0,16.563911,376.0,219.0,595.0
2025-07-14 17:00:00+02:00,20.7,85.33651,18.15,11.0,1005.00684,100.0,12.346741,44.0,173.0,217.0
2025-07-14 18:00:00+02:00,21.55,83.31538,18.6,0.3,1004.3499,20.0,9.144637,83.0,139.0,222.0
2025-07-14 19:00:00+02:00,22.75,76.000946,18.3,0.0,1004.5961,78.0,10.8792095,258.0,101.0,359.0
2025-07-14 20:00:00+02:00,22.05,77.09446,17.85,0.4,1004.66656,9.0,9.037721,73.0,80.0,153.0
2025-07-14 21:00:00+02:00,21.1,81.96514,17.9,0.0,1004.9245,8.0,6.618519,34.0,38.0,72.0
2025-07-14 22:00:00+02:00,20.2,86.36594,17.85,0.0,1005.28284,13.0,5.8409934,1.0,3.0,4.0
2025-07-14 23:00:00+02:00,19.75,87.971466,17.7,0.0,1005.65967,14.0,6.76618,0.0,0.0,0.0
2025-07-15 00:00:00+02:00,19.4,89.058624,17.55,0.0,1005.64514,56.0,6.59154,0.0,0.0,0.0
2025-07-15 01:00:00+02:00,18.9,91.299095,17.45,0.0,1005.5259,38.0,5.22,0.0,0.0,0.0
2025-07-15 02:00:00+02:00,18.65,92.44431,17.4,0.0,1005.41656,25.0,4.863332,0.0,0.0,0.0
2025-07-15 03:00:00+02:00,18.1,89.80904,16.4,0.0,1005.3936,30.0,5.0816135,0.0,0.0,0.0
2025-07-15 04:00:00+02:00,18.15,88.67644,16.25,0.0,1005.49457,85.0,10.120099,0.0,0.0,0.0
2025-07-15 05:00:00+02:00,17.75,86.40278,15.45,0.0,1005.0827,28.0,9.931042,0.0,0.0,0.0
2025-07-15 06:00:00+02:00,17.25,89.172424,15.45,0.0,1005.25946,69.0,8.553314,0.0,3.0,3.0
2025-07-15 07:00:00+02:00,17.95,87.2555,15.8,0.0,1005.4864,93.0,8.209263,22.0,37.0,59.0
2025-07-15 08:00:00+02:00,18.85,79.104836,15.15,0.1,1005.8201,69.0,8.775807,27.0,100.0,127.0
2025-07-15 09:00:00+02:00,19.65,72.40806,14.55,0.1,1006.1496,72.0,5.3517847,172.0,120.0,292.0
2025-07-15 10:00:00+02:00,20.85,65.093445,14.05,0.0,1006.1001,34.0,2.8856194,253.0,162.0,415.0
2025-07-15 11:00:00+02:00,22.1,58.181923,13.5,0.0,1006.15094,20.0,7.2044983,432.0,148.0,580.0
2025-07-15 12:00:00+02:00,23.15,53.011368,13.05,0.0,1006.09454,88.0,10.534229,565.0,151.0,716.0
2025-07-15 13:00:00+02:00,22.7,51.864014,12.3,0.8,1005.58203,26.0,8.827344,269.0,213.0,482.0
2025-07-15 14:00:00+02:00,23.75,48.836037,12.35,0.0,1005.42676,15.0,9.582359,530.0,173.0,703.0
2025-07-15 15:00:00+02:00,24.55,36.99512,8.9,0.0,1005.55743,94.0,14.787414,586.0,161.0,747.0
2025-07-15 16:00:00+02:00,25.05,34.83099,8.45,0.0,1005.2808,99.0,13.110376,509.0,148.0,657.0
2025-07-15 17:00:00+02:00,25.45,31.024498,7.1,0.0,1004.8024,68.0,12.007498,308.0,198.0,506.0
2025-07-15 18:00:00+02:00,25.3,30.246994,6.6,0.0,1004.4014,100.0,13.609951,315.0,109.0,424.0
2025-07-15 19:00:00+02:00,23.25,38.67236,8.4,0.0,1004.8139,100.0,15.914484,86.0,123.0,209.0
2025-07-15 20:00:00+02:00,22.6,41.188858,8.75,0.0,1005.08417,88.0,9.449572,56.0,84.0,140.0
2025-07-15 21:00:00+02:00,21.65,46.21398,9.6,0.0,1005.24335,59.0,7.9077177,12.0,38.0,50.0
2025-07-15 22:00:00+02:00,20.0,55.420612,10.8,0.0,1005.8674,96.0,5.22,0.0,3.0,3.0
2025-07-15 23:00:00+02:00,19.85,61.362804,12.2,0.0,1005.96027,96.0,2.7943513,0.0,0.0,0.0
2025-07-16 00:00:00+02:00,18.75,63.163425,11.6,0.0,1006.11237,50.0,6.66,0.0,0.0,0.0
2025-07-16 01:00:00+02:00,17.75,64.848595,11.05,0.0,1005.97186,15.0,5.720489,0.0,0.0,0.0
2025-07-16 02:00:00+02:00,16.45,70.17734,11.0,0.0,1005.52234,6.0,4.3498964,0.0,0.0,0.0
2025-07-16 03:00:00+02:00,16.55,60.58926,8.9,0.0,1005.32886,100.0,6.544677,0.0,0.0,0.0
2025-07-16 04:00:00+02:00,16.5,60.78217,8.9,0.0,1004.7339,90.0,6.7469993,0.0,0.0,0.0
2025-07-16 05:00:00+02:00,15.7,65.71181,9.3,0.0,1004.1074,100.0,8.217153,0.0,0.0,0.0
2025-07-16 06:00:00+02:00,16.3,64.53024,9.6,0.0,1003.83655,100.0,10.094454,0.0,1.0,1.0
2025-07-16 07:00:00+02:00,16.1,68.26469,10.25,0.2,1003.5317,100.0,9.957108,0.0,12.0,12.0
2025-07-16 08:00:00+02:00,16.45,70.17734,11.0,0.1,1003.25006,100.0,9.2660675,0.0,41.0,41.0
2025-07-16 09:00:00+02:00,16.85,78.04853,13.0,2.4,1003.3656,84.0,12.313894,49.0,112.0,161.0
2025-07-16 10:00:00+02:00,19.3,62.665085,12.0,0.1,1003.0722,26.0,16.019999,238.0,158.0,396.0
2025-07-16 11:00:00+02:00,21.15,53.901913,11.45,0.0,1002.65375,39.0,15.99571,360.0,149.0,509.0
2025-07-16 12:00:00+02:00,22.7,45.43064,10.3,0.0,1002.0246,100.0,18.913708,426.0,186.0,612.0
2025-07-16 13:00:00+02:00,21.65,49.573612,10.65,0.0,1001.4884,100.0,17.183167,124.0,203.0,327.0
2025-07-16 14:00:00+02:00,22.15,47.924038,10.6,0.0,1001.11316,26.0,18.720001,366.0,227.0,593.0
2025-07-16 15:00:00+02:00,22.45,51.12056,11.85,0.0,1000.9276,33.0,18.222721,410.0,182.0,592.0
2025-07-16 16:00:00+02:00,23.6,39.034473,8.85,0.1,1000.47955,31.0,17.910677,541.0,142.0,683.0
2025-07-16 17:00:00+02:00,24.5,31.834993,6.65,0.0,999.9224,28.0,17.811815,419.0,131.0,550.0
2025-07-16 18:00:00+02:00,22.85,36.138638,7.05,0.0,1000.3509,62.0,22.402588,295.0,110.0,405.0
2025-07-16 19:00:00+02:00,19.8,55.18587,10.55,0.0,1001.2153,93.0,18.047638,113.0,108.0,221.0
2025-07-16 20:00:00+02:00,17.45,76.37733,13.25,1.9,1001.81006,60.0,11.897714,29.0,86.0,115.0
2025-07-16 21:00:00+02:00,16.4,84.06028,13.7,0.9,1002.0624,42.0,8.019601,17.0,31.0,48.0
2025-07-16 22:00:00+02:00,16.1,81.86189,13.0,0.0,1002.8401,78.0,9.914717,0.0,3.0,3.0
2025-07-16 23:00:00+02:00,15.75,81.54964,12.6,0.0,1003.2205,45.0,10.765445,0.0,0.0,0.0
2025-07-17 00:00:00+02:00,15.65,81.804535,12.55,0.0,1003.2164,24.0,10.096059,0.0,0.0,0.0
2025-07-17 01:00:00+02:00,15.3,83.113464,12.45,0.0,1003.69556,26.0,8.171683,0.0,0.0,0.0
2025-07-17 02:00:00+02:00,14.95,85.00426,12.45,0.0,1003.9772,29.0,6.849467,0.0,0.0,0.0
2025-07-17 03:00:00+02:00,15.15,83.91798,12.45,0.0,1004.38074,13.0,5.771239,0.0,0.0,0.0
2025-07-17 04:00:00+02:00,14.8,86.394196,12.55,0.0,1004.3659,11.0,5.3699164,0.0,0.0,0.0
2025-07-17 05:00:00+02:00,14.35,89.23235,12.6,0.0,1004.44556,24.0,3.244996,0.0,0.0,0.0
2025-07-17 06:00:00+02:00,14.55,88.6658,12.7,0.0,1004.55286,13.0,4.599695,0.0,2.0,2.0
2025-07-17 07:00:00+02:00,15.25,85.8752,12.9,0.0,1005.0764,17.0,5.6233797,25.0,35.0,60.0
2025-07-17 08:00:00+02:00,16.6,77.75599,12.7,0.0,1005.42993,33.0,5.00128,105.0,79.0,184.0
2025-07-17 09:00:00+02:00,18.1,68.21806,12.15,0.0,1005.59125,35.0,5.9617786,230.0,101.0,331.0
2025-07-17 10:00:00+02:00,19.4,60.454765,11.55,0.0,1005.64514,48.0,7.689603,265.0,148.0,413.0
2025-07-17 11:00:00+02:00,20.35,55.325394,11.1,0.0,1005.88196,39.0,9.5196,158.0,230.0,388.0
2025-07-17 12:00:00+02:00,22.05,47.262245,10.3,0.0,1005.55585,47.0,10.172787,386.0,211.0,597.0
2025-07-17 13:00:00+02:00,23.05,42.157875,9.5,0.0,1005.1022,100.0,11.578912,338.0,248.0,586.0
2025-07-17 14:00:00+02:00,23.2,41.49746,9.4,0.0,1004.71295,99.0,13.036026,103.0,359.0,462.0
2025-07-17 15:00:00+02:00,23.8,38.43729,8.8,0.0,1004.8357,60.0,12.399112,151.0,308.0,459.0
2025-07-17 16:00:00+02:00,24.45,37.21717,8.9,0.0,1004.46655,100.0,13.1041975,164.0,273.0,437.0
2025-07-17 17:00:00+02:00,24.55,37.245537,9.0,0.0,1004.1738,96.0,14.48972,47.0,262.0,309.0
2025-07-17 18:00:00+02:00,24.55,37.245537,9.0,0.0,1004.075,87.0,13.608762,48.0,192.0,240.0
2025-07-17 19:00:00+02:00,24.15,39.190212,9.4,0.0,1003.86163,59.0,12.652604,76.0,119.0,195.0
2025-07-17 20:00:00+02:00,22.5,48.33889,11.05,0.0,1003.99304,1.0,12.673074,106.0,69.0,175.0
2025-07-17 21:00:00+02:00,21.4,52.38388,11.25,0.0,1003.9487,4.0,6.7205353,33.0,35.0,68.0
2025-07-17 22:00:00+02:00,20.05,59.61834,11.95,0.0,1003.99225,7.0,4.0449963,1.0,2.0,3.0
2025-07-17 23:00:00+02:00,19.05,65.77519,12.5,0.0,1004.0498,1.0,3.5455887,0.0,0.0,0.0
2025-07-18 00:00:00+02:00,17.95,72.81067,13.0,0.0,1004.1032,0.0,2.0991426,0.0,0.0,0.0
2025-07-18 01:00:00+02:00,16.95,77.302284,12.95,0.0,1003.96246,0.0,0.9,0.0,0.0,0.0
2025-07-18 02:00:00+02:00,15.85,82.36733,12.85,0.0,1003.8176,0.0,2.5455842,0.0,0.0,0.0
2025-07-18 03:00:00+02:00,14.65,84.97193,12.15,0.0,1003.6678,0.0,3.462369,0.0,0.0,0.0
2025-07-18 04:00:00+02:00,13.95,88.90776,12.15,0.0,1003.3419,0.0,1.8,0.0,0.0,0.0
2025-07-18 05:00:00+02:00,13.8,88.60321,11.95,0.0,1003.23645,97.0,4.7110505,0.0,0.0,0.0
2025-07-18 06:00:00+02:00,13.35,90.63583,11.85,0.0,1003.2172,65.0,3.693291,0.0,2.0,2.0
2025-07-18 07:00:00+02:00,14.65,83.30966,11.85,0.0,1003.27264,64.0,4.072935,28.0,35.0,63.0
2025-07-18 08:00:00+02:00,17.05,71.698555,11.9,0.0,1003.5717,24.0,1.7727944,128.0,65.0,193.0
2025-07-18 09:00:00+02:00,19.7,60.52532,11.85,0.0,1003.68134,12.0,2.1674871,271.0,80.0,351.0
2025-07-18 10:00:00+02:00,22.2,49.721043,11.2,0.0,1003.58545,2.0,1.0495713,411.0,95.0,506.0
2025-07-18 11:00:00+02:00,24.15,42.184246,10.5,0.0,1003.4664,23.0,1.9134263,550.0,98.0,648.0
2025-07-18 12:00:00+02:00,26.05,35.947983,9.8,0.0,1002.84985,100.0,3.4763772,589.0,130.0,719.0
2025-07-18 13:00:00+02:00,27.15,33.020832,9.5,0.0,1002.39844,100.0,4.510787,447.0,245.0,692.0
2025-07-18 14:00:00+02:00,27.2,32.593872,9.35,0.0,1002.1042,100.0,4.913044,190.0,284.0,474.0
2025-07-18 15:00:00+02:00,27.9,31.181002,9.3,0.0,1001.637,100.0,3.644722,242.0,278.0,520.0
2025-07-18 16:00:00+02:00,28.4,30.082888,9.2,0.0,1001.3599,100.0,3.644722,205.0,278.0,483.0
2025-07-18 17:00:00+02:00,28.7,29.266087,9.05,0.0,1001.17395,100.0,4.452954,168.0,273.0,441.0
2025-07-18 18:00:00+02:00,28.25,30.34652,9.2,0.0,1000.761,100.0,6.7469993,105.0,199.0,304.0
2025-07-18 19:00:00+02:00,27.75,32.095764,9.6,0.0,1000.3464,100.0,8.461914,60.0,145.0,205.0
2025-07-18 20:00:00+02:00,27.4,33.425083,9.9,0.0,1000.2338,62.0,8.821836,45.0,90.0,135.0
2025-07-18 21:00:00+02:00,26.05,37.419113,10.4,0.0,1000.28015,71.0,6.544677,28.0,37.0,65.0
2025-07-18 22:00:00+02:00,23.7,49.63037,12.55,0.0,1000.97784,39.0,9.526405,0.0,3.0,3.0
2025-07-18 23:00:00+02:00,22.5,56.048107,13.3,0.0,1001.22614,0.0,7.056826,0.0,0.0,0.0
2025-07-19 00:00:00+02:00,21.6,60.18076,13.55,0.0,1001.0909,0.0,7.570707,0.0,0.0,0.0
2025-07-19 01:00:00+02:00,20.75,64.23268,13.75,0.0,1000.8591,8.0,6.6405115,0.0,0.0,0.0
2025-07-19 02:00:00+02:00,19.8,69.00551,13.95,0.0,1000.62244,1.0,6.4924874,0.0,0.0,0.0
2025-07-19 03:00:00+02:00,17.75,79.71789,14.2,0.0,1000.34033,1.0,7.4520864,0.0,0.0,0.0
2025-07-19 04:00:00+02:00,16.85,85.20666,14.35,0.0,999.9078,0.0,7.8480825,0.0,0.0,0.0
2025-07-19 05:00:00+02:00,16.25,88.805786,14.4,0.0,999.68506,2.0,7.029225,0.0,0.0,0.0
2025-07-19 06:00:00+02:00,15.9,90.51812,14.35,0.0,999.67035,1.0,7.674842,0.0,2.0,2.0
2025-07-19 07:00:00+02:00,16.9,84.389336,14.25,0.0,999.4159,0.0,7.7043357,32.0,31.0,63.0
2025-07-19 08:00:00+02:00,19.2,71.62714,13.95,0.0,999.11584,1.0,6.269067,134.0,61.0,195.0
2025-07-19 09:00:00+02:00,21.85,59.655106,13.65,0.0,999.02576,2.0,5.904439,273.0,78.0,351.0
2025-07-19 10:00:00+02:00,24.7,49.09015,13.3,0.0,998.54675,34.0,5.4477882,414.0,91.0,505.0
2025-07-19 11:00:00+02:00,27.4,37.67403,11.7,0.0,997.4664,45.0,9.919618,544.0,100.0,644.0
2025-07-19 12:00:00+02:00,29.1,31.30483,10.4,0.0,997.03796,96.0,11.165805,658.0,100.0,758.0
2025-07-19 13:00:00+02:00,30.2,28.703867,10.05,0.0,996.6845,99.0,9.688281,566.0,203.0,769.0
2025-07-19 14:00:00+02:00,31.0,27.788729,10.25,0.0,996.2205,90.0,8.400428,339.0,356.0,695.0
2025-07-19 15:00:00+02:00,32.35,26.34665,10.6,0.0,995.3816,99.0,7.193247,478.0,258.0,736.0
2025-07-19 16:00:00+02:00,33.35,24.739527,10.5,0.0,995.02356,100.0,9.914717,597.0,135.0,732.0
2025-07-19 17:00:00+02:00,32.95,24.552763,10.05,0.0,994.90967,100.0,16.092644,408.0,186.0,594.0
2025-07-19 18:00:00+02:00,30.6,31.200737,11.65,0.0,995.01904,100.0,17.441433,30.0,207.0,237.0
2025-07-19 19:00:00+02:00,28.45,42.133297,14.35,0.0,995.3325,97.0,19.175703,35.0,154.0,189.0
2025-07-19 20:00:00+02:00,26.55,52.187973,15.95,0.0,995.6545,72.0,15.408671,8.0,65.0,73.0
2025-07-19 21:00:00+02:00,25.25,60.06692,16.95,0.0,995.99884,100.0,17.49337,2.0,22.0,24.0
2025-07-19 22:00:00+02:00,23.9,63.485912,16.55,0.0,996.63745,99.0,14.291592,0.0,1.0,1.0
2025-07-19 23:00:00+02:00,22.85,66.36006,16.25,0.0,997.18866,99.0,15.530151,0.0,0.0,0.0
2025-07-20 00:00:00+02:00,21.9,66.80205,15.45,0.0,996.9529,99.0,12.218805,0.0,0.0,0.0
2025-07-20 01:00:00+02:00,21.1,66.85192,14.7,0.0,996.8219,11.0,10.583326,0.0,0.0,0.0
2025-07-20 02:00:00+02:00,20.3,69.77637,14.6,0.0,996.78925,0.0,7.7650757,0.0,0.0,0.0
2025-07-20 03:00:00+02:00,19.4,79.94628,15.85,0.0,996.555,0.0,6.502461,0.0,0.0,0.0
2025-07-20 04:00:00+02:00,18.85,82.47021,15.8,0.0,996.23615,1.0,6.66,0.0,0.0,0.0
2025-07-20 05:00:00+02:00,18.5,83.75781,15.7,0.0,996.22174,9.0,4.5536795,0.0,0.0,0.0
2025-07-20 06:00:00+02:00,18.1,85.88565,15.7,0.0,996.304,5.0,2.6758924,0.0,2.0,2.0
2025-07-20 07:00:00+02:00,19.0,80.92138,15.65,0.0,995.946,100.0,1.2727921,28.0,31.0,59.0
2025-07-20 08:00:00+02:00,20.65,72.12331,15.45,0.0,995.9144,100.0,1.609969,111.0,71.0,182.0
2025-07-20 09:00:00+02:00,22.15,64.32981,15.1,0.0,995.6782,97.0,3.5455887,104.0,145.0,249.0
2025-07-20 10:00:00+02:00,24.45,54.740482,14.75,0.0,995.5722,12.0,3.6,321.0,117.0,438.0
2025-07-20 11:00:00+02:00,26.7,45.777,14.05,0.0,995.0674,0.0,4.5891175,513.0,111.0,624.0
2025-07-20 12:00:00+02:00,28.45,39.356815,13.3,0.0,994.44293,95.0,6.76618,646.0,107.0,753.0
2025-07-20 13:00:00+02:00,29.3,36.499847,12.9,0.0,993.88245,99.0,8.155807,451.0,241.0,692.0
2025-07-20 14:00:00+02:00,30.25,35.012337,13.1,0.0,993.32556,99.0,10.6261,424.0,275.0,699.0
2025-07-20 15:00:00+02:00,30.65,35.12343,13.5,0.0,992.6485,98.0,8.709098,281.0,316.0,597.0
2025-07-20 16:00:00+02:00,29.8,38.717865,14.25,0.1,992.1222,100.0,13.441071,260.0,295.0,555.0
2025-07-20 17:00:00+02:00,30.15,38.069813,14.3,0.0,991.6414,100.0,9.266067,117.0,253.0,370.0
2025-07-20 18:00:00+02:00,24.65,62.651062,17.05,2.3,992.81287,100.0,22.327255,11.0,177.0,188.0
2025-07-20 19:00:00+02:00,20.9,88.62152,18.95,3.5,993.2565,100.0,3.4388947,4.0,72.0,76.0
2025-07-20 20:00:00+02:00,21.6,84.36924,18.85,0.0,993.581,47.0,7.486788,35.0,96.0,131.0
2025-07-20 21:00:00+02:00,21.55,85.15773,18.95,0.0,993.5791,100.0,4.2136917,21.0,39.0,60.0
2025-07-20 22:00:00+02:00,21.35,87.56126,19.2,0.0,993.9663,100.0,6.7757506,0.0,1.0,1.0
2025-07-20 23:00:00+02:00,21.35,86.47639,19.0,0.0,993.9663,100.0,7.289445,0.0,0.0,0.0
2025-07-21 00:00:00+02:00,21.0,88.35367,19.0,0.0,993.9523,100.0,6.3690495,0.0,0.0,0.0
2025-07-21 01:00:00+02:00,20.85,89.73001,19.1,0.0,994.14386,100.0,6.3690495,0.0,0.0,0.0
2025-07-21 02:00:00+02:00,20.55,91.9745,19.2,0.1,993.9341,100.0,5.983477,0.0,0.0,0.0
2025-07-21 03:00:00+02:00,18.6,87.3148,16.45,0.0,995.13904,100.0,8.909545,0.0,0.0,0.0
2025-07-21 04:00:00+02:00,18.55,87.032845,16.35,0.0,995.23596,100.0,9.422101,0.0,0.0,0.0
2025-07-21 05:00:00+02:00,18.2,87.000275,16.0,0.1,994.82635,100.0,8.55142,0.0,0.0,0.0
2025-07-21 06:00:00+02:00,17.95,88.943306,16.1,0.2,994.6184,100.0,5.0975285,0.0,0.0,0.0
2025-07-21 07:00:00+02:00,18.1,90.95856,16.6,0.2,994.822,100.0,6.193674,0.0,9.0,9.0
2025-07-21 08:00:00+02:00,19.05,90.44858,17.45,0.0,994.6634,100.0,7.7043357,3.0,69.0,72.0
2025-07-21 09:00:00+02:00,19.3,86.00558,16.9,0.1,994.5749,100.0,11.334285,9.0,100.0,109.0
2025-07-21 10:00:00+02:00,19.35,82.53109,16.3,0.0,994.57697,100.0,10.44,0.0,117.0,117.0
2025-07-21 11:00:00+02:00,19.9,77.0091,15.75,0.0,994.59924,100.0,12.229406,3.0,178.0,181.0
2025-07-21 12:00:00+02:00,20.55,73.97673,15.75,0.0,994.62573,100.0,10.484903,10.0,222.0,232.0
2025-07-21 13:00:00+02:00,21.05,69.9205,15.35,0.0,994.34937,100.0,9.499158,9.0,249.0,258.0
2025-07-21 14:00:00+02:00,22.15,63.5074,14.9,0.0,994.196,100.0,10.234705,59.0,337.0,396.0
2025-07-21 15:00:00+02:00,21.95,56.462452,12.9,0.3,994.5832,100.0,14.689588,56.0,358.0,414.0
2025-07-21 16:00:00+02:00,22.55,61.583145,14.8,0.1,994.2119,94.0,10.934166,166.0,293.0,459.0
2025-07-21 17:00:00+02:00,23.75,55.09689,14.2,0.0,993.66675,100.0,12.72283,340.0,197.0,537.0
2025-07-21 18:00:00+02:00,22.95,52.44232,12.7,0.0,994.0302,99.0,19.689238,210.0,189.0,399.0
2025-07-21 19:00:00+02:00,19.3,74.72023,14.7,0.0,994.2785,83.0,13.934605,43.0,112.0,155.0
2025-07-21 20:00:00+02:00,19.5,74.273766,14.8,0.0,994.1878,97.0,11.282711,43.0,100.0,143.0
2025-07-21 21:00:00+02:00,19.1,78.38233,15.25,0.0,994.7643,3.0,9.292255,17.0,41.0,58.0
2025-07-21 22:00:00+02:00,18.3,81.08944,15.0,0.0,994.83044,40.0,7.8583965,0.0,2.0,2.0
2025-07-21 23:00:00+02:00,17.85,82.61317,14.85,0.6,995.20685,50.0,10.766949,0.0,0.0,0.0
2025-07-22 00:00:00+02:00,17.75,82.33514,14.7,0.0,995.104,60.0,13.213765,0.0,0.0,0.0
2025-07-22 01:00:00+02:00,16.9,85.21193,14.4,0.1,995.4641,78.0,12.98248,0.0,0.0,0.0
2025-07-22 02:00:00+02:00,16.55,88.83025,14.7,0.1,995.44946,82.0,13.647988,0.0,0.0,0.0
2025-07-22 03:00:00+02:00,16.1,93.496155,15.05,0.0,995.3319,99.0,14.082628,0.0,0.0,0.0
2025-07-22 04:00:00+02:00,16.6,92.625565,15.4,0.0,995.6493,90.0,15.176678,0.0,0.0,0.0
2025-07-22 05:00:00+02:00,16.65,86.295166,14.35,0.2,996.24396,100.0,15.858398,0.0,0.0,0.0
2025-07-22 06:00:00+02:00,16.1,89.36976,14.35,0.5,996.9126,98.0,15.236338,0.0,1.0,1.0
2025-07-22 07:00:00+02:00,15.75,91.09517,14.3,0.9,997.49066,93.0,15.275627,2.0,30.0,32.0
2025-07-22 08:00:00+02:00,16.0,90.23305,14.4,0.3,997.60004,90.0,14.174356,27.0,96.0,123.0
2025-07-22 09:00:00+02:00,15.9,85.9411,13.55,2.2,998.1885,61.0,14.637663,46.0,134.0,180.0
2025-07-22 10:00:00+02:00,16.7,78.28159,12.9,0.0,998.6171,3.0,14.083778,213.0,118.0,331.0
2025-07-22 11:00:00+02:00,19.3,64.97138,12.55,0.0,998.82355,43.0,13.767352,550.0,113.0,663.0
2025-07-22 12:00:00+02:00,20.6,58.969654,12.3,0.0,998.9753,16.0,14.039999,521.0,150.0,671.0
2025-07-22 13:00:00+02:00,22.25,53.82926,12.45,0.0,998.8445,10.0,13.202726,657.0,124.0,781.0
2025-07-22 14:00:00+02:00,22.8,49.881344,11.8,0.1,998.7677,78.0,19.45416,673.0,138.0,811.0
2025-07-22 15:00:00+02:00,19.15,75.909225,14.8,3.9,999.90405,79.0,19.233065,528.0,145.0,673.0
2025-07-22 16:00:00+02:00,20.75,70.08791,15.1,0.2,999.77216,57.0,14.581111,278.0,206.0,484.0
2025-07-22 17:00:00+02:00,21.25,65.60146,14.55,1.3,999.3969,83.0,20.634155,181.0,238.0,419.0
2025-07-22 18:00:00+02:00,19.3,78.66336,15.5,0.3,999.71277,37.0,13.121493,73.0,150.0,223.0
2025-07-22 19:00:00+02:00,20.6,72.34583,15.45,0.1,999.8646,41.0,13.443481,140.0,111.0,251.0
2025-07-22 20:00:00+02:00,18.45,84.83036,15.85,1.4,1000.27075,21.0,10.587917,69.0,70.0,139.0
2025-07-22 21:00:00+02:00,18.85,79.359344,15.2,0.0,1000.58356,42.0,12.96125,19.0,29.0,48.0
2025-07-22 22:00:00+02:00,18.35,78.52497,14.55,0.0,1001.0568,95.0,11.837652,0.0,1.0,1.0
2025-07-22 23:00:00+02:00,18.05,77.974625,14.15,0.0,1001.34094,26.0,13.690653,0.0,0.0,0.0
2025-07-23 00:00:00+02:00,17.35,80.70247,14.0,0.0,1001.6081,32.0,11.448055,0.0,0.0,0.0
2025-07-23 01:00:00+02:00,16.65,84.910126,14.1,0.0,1001.5788,45.0,11.53265,0.0,0.0,0.0
2025-07-23 02:00:00+02:00,16.3,86.82153,14.1,0.0,1001.4655,59.0,12.229406,0.0,0.0,0.0
2025-07-23 03:00:00+02:00,16.4,85.71323,14.0,0.0,1001.5684,28.0,11.599879,0.0,0.0,0.0
2025-07-23 04:00:00+02:00,15.9,87.065834,13.75,0.0,1001.34973,2.0,10.83893,0.0,0.0,0.0
2025-07-23 05:00:00+02:00,15.45,88.74024,13.6,0.0,1001.4297,3.0,10.1902895,0.0,0.0,0.0
2025-07-23 06:00:00+02:00,14.95,90.74641,13.45,0.0,1001.4087,38.0,9.5535755,0.0,1.0,1.0
2025-07-23 07:00:00+02:00,15.45,89.90114,13.8,0.0,1001.726,75.0,10.1902895,23.0,30.0,53.0
2025-07-23 08:00:00+02:00,16.8,84.651855,14.2,0.0,1001.6839,22.0,10.373061,113.0,66.0,179.0
2025-07-23 09:00:00+02:00,18.3,77.76027,14.35,0.0,1001.7465,4.0,10.564941,248.0,86.0,334.0
2025-07-23 10:00:00+02:00,19.7,69.66036,14.0,0.1,1001.70514,38.0,12.642357,398.0,97.0,495.0
2025-07-23 11:00:00+02:00,20.7,62.980373,13.4,0.2,1001.64734,39.0,12.601285,401.0,144.0,545.0
2025-07-23 12:00:00+02:00,21.7,57.895767,13.05,0.0,1001.4903,59.0,12.157663,446.0,176.0,622.0
2025-07-23 13:00:00+02:00,22.25,55.62122,12.95,0.0,1001.11725,47.0,12.74954,335.0,263.0,598.0
2025-07-23 14:00:00+02:00,22.8,53.618263,12.9,0.0,1001.0405,46.0,12.172312,400.0,230.0,630.0
2025-07-23 15:00:00+02:00,22.75,49.70371,11.7,0.0,1000.9399,79.0,13.15971,250.0,286.0,536.0
2025-07-23 16:00:00+02:00,22.5,50.965492,11.85,0.0,1000.8309,100.0,12.886039,158.0,295.0,453.0
2025-07-23 17:00:00+02:00,22.2,53.993355,12.45,0.0,1000.621,96.0,11.079873,81.0,238.0,319.0
2025-07-23 18:00:00+02:00,22.7,52.895184,12.6,0.0,1000.44354,100.0,10.546525,236.0,166.0,402.0
2025-07-23 19:00:00+02:00,22.4,53.691387,12.55,0.0,999.8387,100.0,8.9873905,132.0,136.0,268.0
2025-07-23 20:00:00+02:00,21.25,62.491978,13.8,0.0,999.7922,63.0,7.0934615,36.0,93.0,129.0
2025-07-23 21:00:00+02:00,19.9,69.02521,14.05,0.0,1000.0337,98.0,7.256032,25.0,32.0,57.0
2025-07-23 22:00:00+02:00,18.95,73.70147,14.15,0.0,1000.29114,100.0,5.8603754,0.0,1.0,1.0
2025-07-23 23:00:00+02:00,18.35,79.03335,14.65,0.0,1000.2664,100.0,4.1556225,0.0,0.0,0.0
2025-07-24 00:00:00+02:00,18.0,80.78913,14.65,0.0,1000.3507,100.0,2.9301877,0.0,0.0,0.0
2025-07-24 01:00:00+02:00,17.3,83.62003,14.5,0.0,1000.1242,100.0,1.6199999,0.0,0.0,0.0
2025-07-24 02:00:00+02:00,16.85,87.15422,14.7,0.0,999.9078,100.0,0.742159,0.0,0.0,0.0
2025-07-24 03:00:00+02:00,15.9,89.64394,14.2,0.0,999.9667,81.0,1.659518,0.0,0.0,0.0
2025-07-24 04:00:00+02:00,15.2,91.94997,13.9,0.0,999.93713,49.0,3.494968,0.0,0.0,0.0
2025-07-24 05:00:00+02:00,15.1,91.05222,13.65,0.0,999.9331,75.0,2.5959969,0.0,0.0,0.0
2025-07-24 06:00:00+02:00,15.4,88.73613,13.55,0.0,999.9456,0.0,5.3939967,0.0,1.0,1.0
2025-07-24 07:00:00+02:00,15.75,87.61955,13.7,0.0,1000.2568,1.0,5.5596404,24.0,28.0,52.0
2025-07-24 08:00:00+02:00,17.3,82.54606,14.3,0.0,1000.32184,10.0,3.710795,123.0,60.0,183.0
2025-07-24 09:00:00+02:00,19.3,74.239784,14.6,0.0,1000.60205,24.0,2.9024127,253.0,81.0,334.0
2025-07-24 10:00:00+02:00,21.15,66.21853,14.6,0.0,1000.97394,93.0,1.5484185,394.0,95.0,489.0
2025-07-24 11:00:00+02:00,22.3,59.18306,13.95,0.0,1001.0204,100.0,1.1384199,337.0,195.0,532.0
2025-07-24 12:00:00+02:00,23.05,53.682278,13.15,0.0,1001.14935,37.0,0.40249225,331.0,254.0,585.0
2025-07-24 13:00:00+02:00,23.9,50.99983,13.15,0.1,1001.08453,42.0,2.36753,557.0,179.0,736.0
2025-07-24 14:00:00+02:00,24.15,50.568645,13.25,0.0,1000.9957,71.0,5.426933,335.0,274.0,609.0
2025-07-24 15:00:00+02:00,23.25,58.270397,14.6,0.0,1001.35516,96.0,7.486788,440.0,218.0,658.0
2025-07-24 16:00:00+02:00,23.9,53.204205,13.8,0.0,1000.9857,100.0,3.7842832,324.0,245.0,569.0
2025-07-24 17:00:00+02:00,23.75,51.63021,13.2,0.0,1001.37494,100.0,2.7943513,99.0,269.0,368.0
2025-07-24 18:00:00+02:00,22.15,57.254208,13.3,0.1,1002.0025,100.0,6.2999997,30.0,173.0,203.0
2025-07-24 19:00:00+02:00,21.3,63.730865,14.15,0.0,1001.573,100.0,5.8631387,16.0,136.0,152.0
2025-07-24 20:00:00+02:00,20.9,67.46061,14.65,0.0,1001.7543,100.0,5.0432134,36.0,92.0,128.0
2025-07-24 21:00:00+02:00,19.7,77.47271,15.65,0.0,1002.1004,100.0,6.7469993,5.0,39.0,44.0
2025-07-24 22:00:00+02:00,18.5,85.92581,16.1,0.0,1002.74274,92.0,7.928177,0.0,1.0,1.0
2025-07-24 23:00:00+02:00,17.75,90.357574,16.15,0.0,1003.00793,100.0,7.7734165,0.0,0.0,0.0
2025-07-25 00:00:00+02:00,17.2,92.95448,16.05,0.0,1003.38,100.0,6.8777895,0.0,0.0,0.0
2025-07-25 01:00:00+02:00,16.8,94.733284,15.95,0.0,1003.067,100.0,5.6233797,0.0,0.0,0.0
2025-07-25 02:00:00+02:00,16.4,96.862114,15.9,0.0,1002.8527,100.0,3.319036,0.0,0.0,0.0
2025-07-25 03:00:00+02:00,16.35,96.551834,15.8,0.0,1003.24567,65.0,1.8532133,0.0,0.0,0.0
2025-07-25 04:00:00+02:00,15.95,97.16226,15.5,0.0,1002.83386,32.0,0.9178235,0.0,0.0,0.0
2025-07-25 05:00:00+02:00,15.2,100.0,15.2,0.0,1003.19714,21.0,1.0495713,0.0,0.0,0.0
2025-07-25 06:00:00+02:00,15.05,99.35874,14.95,0.2,1003.19086,55.0,0.56920993,0.0,0.0,0.0
2025-07-25 07:00:00+02:00,15.95,99.363174,15.85,0.0,1003.22906,100.0,0.25455844,19.0,26.0,45.0
2025-07-25 08:00:00+02:00,17.55,92.97278,16.4,0.0,1003.4938,6.0,0.40249225,94.0,65.0,159.0
2025-07-25 09:00:00+02:00,19.1,83.55953,16.25,0.0,1003.8543,2.0,1.835647,216.0,91.0,307.0
2025-07-25 10:00:00+02:00,20.8,74.731125,16.15,0.0,1004.0229,5.0,1.08,316.0,130.0,446.0
2025-07-25 11:00:00+02:00,22.4,67.11876,16.0,0.0,1003.89026,10.0,1.0182338,432.0,151.0,583.0
2025-07-25 12:00:00+02:00,23.9,62.28534,16.25,0.0,1003.85156,34.0,0.40249225,533.0,165.0,698.0
2025-07-25 13:00:00+02:00,24.55,56.373295,15.3,0.0,1003.5809,100.0,1.2074767,361.0,218.0,579.0
2025-07-25 14:00:00+02:00,25.6,51.113598,14.75,0.0,1002.93066,96.0,1.5484185,303.0,309.0,612.0
2025-07-25 15:00:00+02:00,24.5,60.08366,16.25,0.1,1003.38135,22.0,4.3349743,463.0,177.0,640.0
2025-07-25 16:00:00+02:00,25.25,54.58999,15.45,0.0,1002.9169,88.0,6.689125,396.0,175.0,571.0
2025-07-25 17:00:00+02:00,23.3,63.354103,15.95,0.9,1003.1358,53.0,10.6261,350.0,142.0,492.0
2025-07-25 18:00:00+02:00,24.25,55.044262,14.65,0.0,1002.87714,37.0,3.693291,287.0,117.0,404.0
2025-07-25 19:00:00+02:00,24.35,53.665447,14.35,0.0,1002.58484,35.0,5.2323985,205.0,100.0,305.0
2025-07-25 20:00:00+02:00,20.8,76.90266,16.6,1.0,1003.43005,97.0,12.245294,72.0,63.0,135.0
2025-07-25 21:00:00+02:00,19.2,87.92395,17.15,0.1,1003.36444,52.0,3.0547013,15.0,29.0,44.0
2025-07-25 22:00:00+02:00,18.2,96.295685,17.6,0.0,1003.8172,27.0,2.2553935,0.0,1.0,1.0
2025-07-25 23:00:00+02:00,17.95,95.98496,17.3,0.0,1004.1032,10.0,4.1556225,0.0,0.0,0.0
2025-07-26 00:00:00+02:00,18.4,87.29661,16.25,0.0,1004.41815,12.0,6.7205353,0.0,0.0,0.0
2025-07-26 01:00:00+02:00,18.2,84.80351,15.6,0.0,1004.41,6.0,6.5024605,0.0,0.0,0.0
2025-07-26 02:00:00+02:00,17.7,87.51239,15.6,0.0,1004.19165,13.0,5.4477882,0.0,0.0,0.0
2025-07-26 03:00:00+02:00,17.3,89.74948,15.6,0.0,1004.3725,20.0,4.669604,0.0,0.0,0.0
2025-07-26 04:00:00+02:00,17.25,92.0714,15.95,0.3,1004.1727,55.0,6.162207,0.0,0.0,0.0
2025-07-26 05:00:00+02:00,17.05,93.84112,16.05,0.0,1003.9669,21.0,9.801326,0.0,0.0,0.0
2025-07-26 06:00:00+02:00,16.7,94.72932,15.85,0.0,1003.952,4.0,8.996398,0.0,0.0,0.0
2025-07-26 07:00:00+02:00,17.25,92.66103,16.05,0.0,1003.9751,20.0,9.266067,21.0,27.0,48.0
2025-07-26 08:00:00+02:00,18.75,85.13343,16.2,0.0,1003.74115,16.0,9.743304,99.0,66.0,165.0
2025-07-26 09:00:00+02:00,20.05,77.52575,16.0,0.0,1003.8935,33.0,9.396275,152.0,117.0,269.0
2025-07-26 10:00:00+02:00,21.05,73.35706,16.1,0.0,1004.03296,55.0,6.4924874,196.0,153.0,349.0
2025-07-26 11:00:00+02:00,22.05,66.61924,15.55,0.0,1004.0736,100.0,5.5450516,108.0,267.0,375.0
2025-07-26 12:00:00+02:00,22.2,64.54764,15.2,0.0,1003.7831,89.0,7.0774574,38.0,232.0,270.0
2025-07-26 13:00:00+02:00,22.7,61.617344,14.95,0.1,1003.4081,33.0,7.519175,62.0,267.0,329.0
2025-07-26 14:00:00+02:00,24.2,56.65041,15.05,0.2,1002.7765,42.0,8.82,509.0,211.0,720.0
2025-07-26 15:00:00+02:00,25.2,54.577435,15.4,0.1,1002.7173,92.0,8.139901,583.0,140.0,723.0
2025-07-26 16:00:00+02:00,25.6,49.649776,14.3,0.0,1002.1401,53.0,8.880405,485.0,150.0,635.0
2025-07-26 17:00:00+02:00,25.35,48.627773,13.75,0.1,1001.93256,22.0,7.040739,388.0,138.0,526.0
2025-07-26 18:00:00+02:00,25.7,45.504524,13.05,0.0,1001.74884,22.0,5.5216303,367.0,94.0,461.0
2025-07-26 19:00:00+02:00,25.3,44.073917,12.2,0.0,1001.4365,15.0,6.8423676,245.0,78.0,323.0
2025-07-26 20:00:00+02:00,24.85,46.47631,12.6,0.0,1001.5176,27.0,1.0495713,100.0,62.0,162.0
2025-07-26 21:00:00+02:00,22.95,58.575726,14.4,0.0,1001.93585,29.0,5.3426957,20.0,27.0,47.0
2025-07-26 22:00:00+02:00,21.7,64.647514,14.75,0.0,1002.28076,26.0,5.4477882,0.0,1.0,1.0
2025-07-26 23:00:00+02:00,20.45,75.633,16.0,0.0,1002.7242,23.0,2.7943513,0.0,0.0,0.0
2025-07-27 00:00:00+02:00,19.6,79.46479,15.95,0.0,1002.7881,24.0,9.266067,0.0,0.0,0.0
2025-07-27 01:00:00+02:00,18.1,90.09523,16.45,0.0,1002.3308,1.0,8.404285,0.0,0.0,0.0
2025-07-27 02:00:00+02:00,17.45,93.26404,16.35,0.0,1002.0076,92.0,4.8965297,0.0,0.0,0.0
2025-07-27 03:00:00+02:00,17.8,93.57807,16.75,0.0,1001.8246,100.0,4.2366967,0.0,0.0,0.0
2025-07-27 04:00:00+02:00,17.5,95.062195,16.7,0.0,1001.6143,100.0,1.1525624,0.0,0.0,0.0
2025-07-27 05:00:00+02:00,17.65,96.5856,17.1,0.1,1001.6206,100.0,1.9134263,0.0,0.0,0.0
2025-07-27 06:00:00+02:00,17.25,97.49889,16.85,0.5,1001.5052,100.0,1.1384199,0.0,0.0,0.0
2025-07-27 07:00:00+02:00,17.3,96.57658,16.75,0.4,1001.5074,89.0,3.0811036,5.0,19.0,24.0
2025-07-27 08:00:00+02:00,17.0,95.95616,16.35,2.9,1001.79114,100.0,1.26,14.0,73.0,87.0
2025-07-27 09:00:00+02:00,17.7,91.51322,16.3,0.2,1001.7217,90.0,4.6938257,22.0,116.0,138.0
2025-07-27 10:00:00+02:00,19.25,79.925644,15.7,0.1,1001.489,55.0,6.889557,151.0,179.0,330.0
2025-07-27 11:00:00+02:00,20.85,74.264404,16.1,0.1,1000.8631,42.0,4.863332,310.0,182.0,492.0
2025-07-27 12:00:00+02:00,21.65,68.266075,15.55,0.2,1000.2038,100.0,6.804381,300.0,191.0,491.0
2025-07-27 13:00:00+02:00,21.2,65.802956,14.55,1.2,999.7903,100.0,11.39842,50.0,252.0,302.0
2025-07-27 14:00:00+02:00,19.5,80.215675,16.0,1.2,999.52325,99.0,9.7880945,19.0,183.0,202.0
2025-07-27 15:00:00+02:00,20.55,67.60749,14.35,0.3,999.9615,100.0,11.230904,76.0,259.0,335.0
2025-07-27 16:00:00+02:00,19.8,76.747604,15.6,0.5,999.63434,100.0,5.1919937,33.0,223.0,256.0
2025-07-27 17:00:00+02:00,20.95,72.87277,15.9,0.3,999.1871,100.0,5.4656014,97.0,309.0,406.0
2025-07-27 18:00:00+02:00,21.1,67.937294,14.95,0.0,999.1934,100.0,6.28713,66.0,228.0,294.0
2025-07-27 19:00:00+02:00,19.45,74.02626,14.7,0.4,998.9286,100.0,6.623413,96.0,150.0,246.0
2025-07-27 20:00:00+02:00,19.4,75.94941,15.05,0.0,999.3216,100.0,3.0547013,27.0,92.0,119.0
2025-07-27 21:00:00+02:00,17.8,85.580536,15.35,0.0,999.5522,100.0,6.8399997,1.0,29.0,30.0
2025-07-27 22:00:00+02:00,17.05,86.61308,14.8,0.1,999.91626,100.0,10.272623,0.0,0.0,0.0
2025-07-27 23:00:00+02:00,16.45,85.164375,13.95,0.7,1000.0887,100.0,5.2323985,0.0,0.0,0.0
2025-07-28 00:00:00+02:00,15.85,94.695526,15.0,0.7,1000.26117,100.0,3.8647635,0.0,0.0,0.0
2025-07-28 01:00:00+02:00,15.65,97.15576,15.2,0.0,1000.2527,100.0,4.5891175,0.0,0.0,0.0
2025-07-28 02:00:00+02:00,15.2,93.45219,14.15,0.0,1000.0359,100.0,4.5891175,0.0,0.0,0.0
2025-07-28 03:00:00+02:00,15.9,90.51812,14.35,0.5,1000.1643,100.0,6.763786,0.0,0.0,0.0
2025-07-28 04:00:00+02:00,15.3,91.955956,14.0,0.3,1000.04034,98.0,9.693296,0.0,0.0,0.0
2025-07-28 05:00:00+02:00,15.0,91.045586,13.55,0.1,1000.12634,99.0,10.656547,0.0,0.0,0.0
2025-07-28 06:00:00+02:00,14.8,90.73613,13.3,0.0,1000.61206,100.0,8.654986,0.0,0.0,0.0
2025-07-28 07:00:00+02:00,15.05,89.579094,13.35,0.0,1001.11633,100.0,8.766573,2.0,17.0,19.0
2025-07-28 08:00:00+02:00,15.65,87.61058,13.6,0.1,1001.63574,100.0,9.96524,12.0,75.0,87.0
2025-07-28 09:00:00+02:00,16.45,80.58154,13.1,0.0,1002.0645,100.0,11.132385,37.0,159.0,196.0
2025-07-28 10:00:00+02:00,17.8,70.90109,12.45,0.1,1002.2198,100.0,11.897714,197.0,174.0,371.0
2025-07-28 11:00:00+02:00,18.85,64.024956,11.9,0.2,1002.362,100.0,12.979984,383.0,154.0,537.0
2025-07-28 12:00:00+02:00,19.8,63.3985,12.65,0.0,1002.5986,78.0,12.936228,467.0,165.0,632.0
2025-07-28 13:00:00+02:00,20.4,60.49062,12.5,0.0,1002.62317,100.0,12.881008,387.0,211.0,598.0
2025-07-28 14:00:00+02:00,21.15,57.57263,12.45,0.0,1002.7525,92.0,10.934166,405.0,219.0,624.0
2025-07-28 15:00:00+02:00,20.8,53.456,11.0,0.1,1003.43005,100.0,12.534257,378.0,197.0,575.0
2025-07-28 16:00:00+02:00,21.4,49.506424,10.4,0.0,1003.257,100.0,13.213765,367.0,221.0,588.0
2025-07-28 17:00:00+02:00,20.8,55.439156,11.55,0.0,1003.33124,84.0,14.892213,295.0,183.0,478.0
2025-07-28 18:00:00+02:00,20.6,56.68501,11.7,0.0,1003.52057,45.0,12.284918,202.0,159.0,361.0
2025-07-28 19:00:00+02:00,20.65,56.32441,11.65,0.0,1003.5228,37.0,10.583326,179.0,103.0,282.0
2025-07-28 20:00:00+02:00,18.55,69.66379,12.9,0.5,1004.32574,76.0,6.9899354,70.0,63.0,133.0
2025-07-28 21:00:00+02:00,18.0,73.29661,13.15,0.0,1004.59906,35.0,7.596341,11.0,21.0,32.0
2025-07-28 22:00:00+02:00,16.9,75.54323,12.55,0.0,1005.1461,17.0,7.968939,0.0,0.0,0.0
2025-07-28 23:00:00+02:00,16.15,78.97332,12.5,0.0,1005.50977,10.0,6.601363,0.0,0.0,0.0
2025-07-29 00:00:00+02:00,15.5,82.3238,12.5,0.0,1005.7786,27.0,5.0688457,0.0,0.0,0.0
2025-07-29 01:00:00+02:00,15.15,84.470276,12.55,0.0,1005.76373,46.0,5.12289,0.0,0.0,0.0
2025-07-29 02:00:00+02:00,15.0,86.13138,12.7,0.0,1005.9548,100.0,5.6521144,0.0,0.0,0.0
2025-07-29 03:00:00+02:00,15.15,86.99539,13.0,0.0,1006.1589,100.0,8.604301,0.0,0.0,0.0
2025-07-29 04:00:00+02:00,15.3,87.00952,13.15,0.0,1006.0665,100.0,8.404285,0.0,0.0,0.0
2025-07-29 05:00:00+02:00,14.9,88.98493,13.1,0.0,1006.14825,84.0,4.2481523,0.0,0.0,0.0
2025-07-29 06:00:00+02:00,14.2,91.29054,12.8,0.0,1006.21704,33.0,2.4149535,0.0,0.0,0.0
2025-07-29 07:00:00+02:00,14.55,91.31319,13.15,0.0,1006.42975,1.0,5.3939967,15.0,24.0,39.0
2025-07-29 08:00:00+02:00,15.35,85.32578,12.9,0.0,1006.76013,7.0,4.73506,96.0,64.0,160.0
2025-07-29 09:00:00+02:00,16.65,78.01852,12.8,0.0,1006.91376,34.0,5.2478566,222.0,89.0,311.0
2025-07-29 10:00:00+02:00,17.8,72.072716,12.7,0.0,1006.6658,30.0,5.195113,292.0,130.0,422.0
2025-07-29 11:00:00+02:00,18.8,67.69125,12.7,0.0,1006.41064,48.0,6.601363,412.0,143.0,555.0
2025-07-29 12:00:00+02:00,19.65,64.41173,12.75,0.1,1006.0508,98.0,8.461915,444.0,183.0,627.0
2025-07-29 13:00:00+02:00,18.15,69.58577,12.5,2.0,1005.9886,90.0,16.299694,228.0,247.0,475.0
2025-07-29 14:00:00+02:00,17.3,74.13889,12.65,0.7,1005.6569,6.0,9.257321,70.0,253.0,323.0
2025-07-29 15:00:00+02:00,17.95,75.22395,13.5,0.8,1005.5852,66.0,9.801326,297.0,212.0,509.0
2025-07-29 16:00:00+02:00,20.1,64.72065,13.25,0.0,1004.78467,23.0,9.080639,362.0,168.0,530.0
2025-07-29 17:00:00+02:00,21.3,52.8807,11.3,0.1,1004.43866,46.0,11.265469,457.0,135.0,592.0
2025-07-29 18:00:00+02:00,20.85,54.362335,11.3,0.0,1004.5191,95.0,10.621525,183.0,136.0,319.0
2025-07-29 19:00:00+02:00,17.9,71.85544,12.75,0.2,1004.89136,70.0,8.287822,67.0,100.0,167.0
2025-07-29 20:00:00+02:00,16.6,81.65911,13.45,0.6,1004.5408,100.0,12.440851,38.0,65.0,103.0
2025-07-29 21:00:00+02:00,15.85,89.35029,14.1,0.1,1004.4104,100.0,4.080882,0.0,7.0,7.0
2025-07-29 22:00:00+02:00,15.8,91.098465,14.35,0.0,1004.7045,97.0,5.4656014,0.0,0.0,0.0
2025-07-29 23:00:00+02:00,15.7,93.17561,14.6,0.0,1004.7989,97.0,6.989936,0.0,0.0,0.0
2025-07-30 00:00:00+02:00,15.6,93.773926,14.6,0.0,1004.5972,100.0,7.6579366,0.0,0.0,0.0
2025-07-30 01:00:00+02:00,15.65,92.573265,14.45,0.0,1004.30304,100.0,6.9527545,0.0,0.0,0.0
2025-07-30 02:00:00+02:00,15.65,91.97687,14.35,0.5,1004.30304,100.0,5.5596404,0.0,0.0,0.0
2025-07-30 03:00:00+02:00,15.25,98.40608,15.0,0.2,1004.286,100.0,4.2671766,0.0,0.0,0.0
2025-07-30 04:00:00+02:00,15.4,97.77735,15.05,0.0,1003.79834,100.0,5.6060677,0.0,0.0,0.0
2025-07-30 05:00:00+02:00,15.2,93.75522,14.2,0.3,1003.78986,100.0,7.386582,0.0,0.0,0.0
2025-07-30 06:00:00+02:00,14.8,98.718636,14.6,1.7,1003.5756,100.0,7.3997297,0.0,0.0,0.0
2025-07-30 07:00:00+02:00,14.75,98.082634,14.45,0.6,1003.8699,100.0,9.449572,0.0,10.0,10.0
2025-07-30 08:00:00+02:00,15.35,94.98166,14.55,0.0,1003.9941,100.0,8.415842,0.0,49.0,49.0
2025-07-30 09:00:00+02:00,16.0,93.491295,14.95,0.1,1004.4167,100.0,6.090812,0.0,83.0,83.0
2025-07-30 10:00:00+02:00,16.55,91.14764,15.1,0.2,1004.5385,100.0,4.452954,17.0,122.0,139.0
2025-07-30 11:00:00+02:00,17.65,83.660416,14.85,0.1,1004.58453,98.0,3.4949677,120.0,220.0,340.0
2025-07-30 12:00:00+02:00,19.9,67.47504,13.7,0.1,1004.48004,100.0,3.4247334,545.0,177.0,722.0
2025-07-30 13:00:00+02:00,19.65,63.573177,12.55,0.4,1004.17346,100.0,9.187056,189.0,302.0,491.0
2025-07-30 14:00:00+02:00,20.45,56.64774,11.55,0.4,1004.0087,80.0,11.525623,201.0,386.0,587.0
2025-07-30 15:00:00+02:00,21.6,45.73695,9.4,0.0,1004.1542,79.0,11.090103,337.0,278.0,615.0
2025-07-30 16:00:00+02:00,21.75,45.778477,9.55,0.0,1004.0616,47.0,11.431063,433.0,193.0,626.0
2025-07-30 17:00:00+02:00,21.85,45.043556,9.4,0.0,1004.06537,52.0,12.708816,435.0,126.0,561.0
2025-07-30 18:00:00+02:00,21.3,48.174015,9.9,0.0,1003.9446,34.0,10.472536,261.0,118.0,379.0
2025-07-30 19:00:00+02:00,21.0,51.417023,10.6,0.0,1003.7346,39.0,7.814986,170.0,84.0,254.0
2025-07-30 20:00:00+02:00,20.1,61.018707,12.35,0.0,1003.99414,65.0,6.6697226,79.0,62.0,141.0
2025-07-30 21:00:00+02:00,18.6,71.283676,13.3,0.0,1004.03125,100.0,5.2478566,12.0,24.0,36.0
2025-07-30 22:00:00+02:00,17.5,76.63463,13.35,0.0,1004.28186,100.0,6.3639607,0.0,0.0,0.0
2025-07-30 23:00:00+02:00,16.5,82.71647,13.55,0.0,1004.4375,100.0,6.804381,0.0,0.0,0.0
2025-07-31 00:00:00+02:00,15.85,85.93603,13.5,0.0,1004.7068,82.0,8.373386,0.0,0.0,0.0
2025-07-31 01:00:00+02:00,15.55,87.60156,13.5,0.0,1004.5951,49.0,8.528657,0.0,0.0,0.0
2025-07-31 02:00:00+02:00,14.95,90.74641,13.45,0.0,1004.66864,36.0,7.562142,0.0,0.0,0.0
2025-07-31 03:00:00+02:00,14.05,88.33319,12.15,0.0,1004.7289,18.0,4.1046314,0.0,0.0,0.0
2025-07-31 04:00:00+02:00,13.3,92.13775,12.05,0.0,1004.49915,13.0,5.0911684,0.0,0.0,0.0
2025-07-31 05:00:00+02:00,13.05,93.96182,12.1,0.0,1004.29095,10.0,6.452441,0.0,0.0,0.0
2025-07-31 06:00:00+02:00,12.25,95.17622,11.5,0.0,1004.3553,38.0,5.4833565,0.0,0.0,0.0
2025-07-31 07:00:00+02:00,13.35,93.66751,12.35,0.0,1004.30383,29.0,9.299225,13.0,25.0,38.0
2025-07-31 08:00:00+02:00,14.8,92.225525,13.55,0.0,1004.56354,72.0,8.067936,81.0,71.0,152.0
2025-07-31 09:00:00+02:00,16.3,86.540695,14.05,0.0,1004.62695,90.0,9.686609,155.0,107.0,262.0
2025-07-31 10:00:00+02:00,17.85,76.689766,13.7,0.0,1004.19763,99.0,11.362834,141.0,182.0,323.0
2025-07-31 11:00:00+02:00,18.05,73.06664,13.15,0.0,1004.2062,97.0,12.221457,0.0,181.0,181.0
2025-07-31 12:00:00+02:00,19.55,63.342712,12.4,0.0,1004.0706,99.0,13.18308,37.0,277.0,314.0
2025-07-31 13:00:00+02:00,20.45,60.700974,12.6,0.0,1003.7123,51.0,12.570394,10.0,291.0,301.0
2025-07-31 14:00:00+02:00,22.7,55.552494,13.35,0.0,1003.01276,100.0,13.504799,493.0,219.0,712.0
2025-07-31 15:00:00+02:00,22.0,59.690544,13.8,0.2,1003.38007,100.0,12.783802,327.0,213.0,540.0
2025-07-31 16:00:00+02:00,20.65,65.686584,14.0,0.2,1003.32526,100.0,12.134992,263.0,254.0,517.0
2025-07-31 17:00:00+02:00,20.85,67.01638,14.5,1.4,1003.0369,100.0,10.120099,194.0,219.0,413.0
2025-07-31 18:00:00+02:00,20.0,72.93877,15.0,0.5,1002.60675,100.0,4.2671766,96.0,170.0,266.0
2025-07-31 19:00:00+02:00,20.2,73.68016,15.35,0.0,1002.2197,100.0,7.120815,76.0,132.0,208.0
2025-07-31 20:00:00+02:00,19.85,75.293816,15.35,0.0,1002.30444,100.0,10.587918,7.0,75.0,82.0
2025-07-31 21:00:00+02:00,18.9,79.366425,15.25,0.0,1002.2653,100.0,10.094454,0.0,18.0,18.0
2025-07-31 22:00:00+02:00,18.15,85.34287,15.65,0.8,1002.43176,100.0,10.34178,0.0,0.0,0.0
2025-07-31 23:00:00+02:00,17.05,92.94665,15.9,0.4,1002.0898,100.0,11.854062,0.0,0.0,0.0
2025-08-01 00:00:00+02:00,16.65,95.63966,15.95,0.3,1001.5788,100.0,10.04458,0.0,0.0,0.0
2025-08-01 01:00:00+02:00,16.35,97.17086,15.9,0.2,1001.3686,100.0,11.923557,0.0,0.0,0.0
2025-08-01 02:00:00+02:00,16.45,96.863304,15.95,0.1,1000.97784,100.0,11.480557,0.0,0.0,0.0
2025-08-01 03:00:00+02:00,16.65,97.79847,16.3,0.3,1000.5909,100.0,12.081473,0.0,0.0,0.0
2025-08-01 04:00:00+02:00,16.1,97.4769,15.7,0.3,1000.1728,98.0,9.693296,0.0,0.0,0.0
2025-08-01 05:00:00+02:00,15.55,97.46629,15.15,0.0,999.95197,100.0,10.957846,0.0,0.0,0.0
2025-08-01 06:00:00+02:00,15.3,98.40669,15.05,0.0,1000.04034,100.0,9.567131,0.0,0.0,0.0
2025-08-01 07:00:00+02:00,15.55,98.094376,15.25,0.0,999.95197,53.0,9.931042,7.0,19.0,26.0
2025-08-01 08:00:00+02:00,16.4,93.21118,15.3,0.0,999.8889,48.0,12.638512,41.0,74.0,115.0
2025-08-01 09:00:00+02:00,17.65,88.070045,15.65,0.1,1000.0398,33.0,9.039514,165.0,107.0,272.0
2025-08-01 10:00:00+02:00,19.05,81.969444,15.9,0.1,1000.2953,19.0,7.7420926,315.0,130.0,445.0
2025-08-01 11:00:00+02:00,20.25,72.282936,15.1,0.1,1000.04803,100.0,8.654986,424.0,149.0,573.0
2025-08-01 12:00:00+02:00,21.25,64.96889,14.4,0.1,999.7922,100.0,9.354806,446.0,215.0,661.0
2025-08-01 13:00:00+02:00,21.55,59.778534,13.4,0.1,999.3103,100.0,9.743305,160.0,316.0,476.0
2025-08-01 14:00:00+02:00,22.0,56.65969,13.0,0.0,998.8345,100.0,9.418661,108.0,268.0,376.0
2025-08-01 15:00:00+02:00,22.15,55.41459,12.8,0.1,998.9392,88.0,11.098865,600.0,135.0,735.0
2025-08-01 16:00:00+02:00,19.75,75.03607,15.2,1.7,999.33606,81.0,7.689603,329.0,195.0,524.0
2025-08-01 17:00:00+02:00,20.3,68.65861,14.35,0.0,998.76544,100.0,10.583326,189.0,182.0,371.0
2025-08-01 18:00:00+02:00,20.75,64.65114,13.85,0.2,998.4876,73.0,7.9567327,198.0,189.0,387.0
2025-08-01 19:00:00+02:00,17.75,84.48307,15.1,6.3,998.9571,61.0,9.016185,121.0,113.0,234.0
2025-08-01 20:00:00+02:00,18.0,85.32725,15.5,0.0,998.6711,56.0,7.8149853,64.0,64.0,128.0
2025-08-01 21:00:00+02:00,17.15,89.45098,15.4,0.0,998.9323,19.0,6.522361,16.0,23.0,39.0
2025-08-01 22:00:00+02:00,16.5,90.55988,14.95,0.0,999.4978,18.0,6.037383,0.0,0.0,0.0
2025-08-01 23:00:00+02:00,15.8,88.19489,13.85,0.0,999.6662,1.0,6.482499,0.0,0.0,0.0
2025-08-02 00:00:00+02:00,14.85,89.56371,13.15,0.0,999.7248,99.0,6.162207,0.0,0.0,0.0
2025-08-02 01:00:00+02:00,13.8,92.46978,12.6,0.0,999.6803,100.0,4.353619,0.0,0.0,0.0
2025-08-02 02:00:00+02:00,13.6,92.7624,12.45,0.0,999.7706,100.0,3.604497,0.0,0.0,0.0
2025-08-02 03:00:00+02:00,13.8,93.68902,12.8,0.0,999.77905,100.0,3.6,0.0,0.0,0.0
2025-08-02 04:00:00+02:00,13.5,93.367905,12.45,0.0,999.5686,100.0,1.98,0.0,0.0,0.0
2025-08-02 05:00:00+02:00,13.6,92.458466,12.4,0.0,999.57306,100.0,0.742159,0.0,0.0,0.0
2025-08-02 06:00:00+02:00,13.35,93.66751,12.35,0.0,999.8587,100.0,0.8049845,0.0,0.0,0.0
2025-08-02 07:00:00+02:00,13.95,93.69616,12.95,0.0,1000.2796,98.0,1.659518,3.0,23.0,26.0
2025-08-02 08:00:00+02:00,14.85,86.68266,12.65,0.0,1000.4163,100.0,3.244996,32.0,88.0,120.0
2025-08-02 09:00:00+02:00,16.05,79.47869,12.5,0.0,1000.5657,99.0,4.7827187,125.0,119.0,244.0
2025-08-02 10:00:00+02:00,17.15,71.95355,12.05,0.0,1000.6119,48.0,6.5024605,98.0,209.0,307.0
2025-08-02 11:00:00+02:00,18.55,62.49473,11.25,0.0,1000.5713,92.0,8.297589,266.0,199.0,465.0
2025-08-02 12:00:00+02:00,19.8,58.19665,11.35,0.0,1000.5236,22.0,8.43699,365.0,245.0,610.0
2025-08-02 13:00:00+02:00,20.5,54.634117,11.05,0.1,1000.4534,22.0,9.904906,552.0,167.0,719.0
2025-08-02 14:00:00+02:00,21.3,50.311207,10.55,0.0,1000.3873,21.0,10.711135,601.0,140.0,741.0
2025-08-02 15:00:00+02:00,21.4,46.144936,9.35,0.0,1000.9843,31.0,12.081473,536.0,150.0,686.0
2025-08-02 16:00:00+02:00,21.6,46.355488,9.6,0.0,1000.6956,43.0,12.397806,457.0,136.0,593.0
2025-08-02 17:00:00+02:00,21.4,48.3627,10.05,0.0,1000.8855,36.0,13.397612,343.0,165.0,508.0
2025-08-02 18:00:00+02:00,20.6,52.874012,10.65,0.0,1001.2479,85.0,12.791403,272.0,123.0,395.0
2025-08-02 19:00:00+02:00,18.75,67.01872,12.5,0.1,1001.56744,100.0,9.354806,74.0,95.0,169.0
2025-08-02 20:00:00+02:00,18.3,72.16391,13.2,0.0,1001.9441,100.0,7.889259,19.0,75.0,94.0
2025-08-02 21:00:00+02:00,17.15,78.86038,13.45,0.0,1002.489,45.0,6.2613096,9.0,24.0,33.0
2025-08-02 22:00:00+02:00,16.4,81.90001,13.3,0.0,1003.2479,99.0,6.21717,0.0,0.0,0.0
2025-08-02 23:00:00+02:00,15.8,84.81833,13.25,0.0,1003.7166,14.0,6.763786,0.0,0.0,0.0
2025-08-03 00:00:00+02:00,15.15,87.28004,13.05,0.0,1004.1831,39.0,6.341009,0.0,0.0,0.0
2025-08-03 01:00:00+02:00,14.9,88.98493,13.1,0.0,1004.5677,79.0,4.1556225,0.0,0.0,0.0
2025-08-03 02:00:00+02:00,14.6,91.01897,13.15,0.0,1004.8513,55.0,5.257109,0.0,0.0,0.0
2025-08-03 03:00:00+02:00,14.95,89.8639,13.3,0.0,1004.965,36.0,7.0591216,0.0,0.0,0.0
2025-08-03 04:00:00+02:00,14.25,90.106186,12.65,0.0,1005.2313,88.0,5.5887027,0.0,0.0,0.0
2025-08-03 05:00:00+02:00,13.9,90.37686,12.35,0.0,1005.41406,100.0,6.601363,0.0,0.0,0.0
2025-08-03 06:00:00+02:00,13.7,90.66018,12.2,0.0,1005.7019,100.0,5.937272,0.0,0.0,0.0
2025-08-03 07:00:00+02:00,13.85,90.37327,12.3,0.0,1006.0046,100.0,5.8603754,3.0,22.0,25.0
2025-08-03 08:00:00+02:00,14.5,86.081184,12.2,0.0,1006.4275,100.0,5.3517847,8.0,57.0,65.0
2025-08-03 09:00:00+02:00,14.5,86.081184,12.2,0.5,1006.6251,100.0,6.9247384,0.0,53.0,53.0
2025-08-03 10:00:00+02:00,14.55,87.51104,12.5,0.5,1007.1213,100.0,7.6642804,0.0,69.0,69.0
2025-08-03 11:00:00+02:00,14.6,90.42665,13.05,0.7,1007.41974,100.0,7.072878,0.0,67.0,67.0
2025-08-03 12:00:00+02:00,15.15,83.64302,12.4,0.2,1007.7395,100.0,6.206738,0.0,135.0,135.0
2025-08-03 13:00:00+02:00,16.45,74.48158,11.9,0.0,1007.6958,100.0,5.937272,49.0,221.0,270.0
2025-08-03 14:00:00+02:00,17.65,65.04231,11.0,0.0,1007.4497,99.0,5.991594,44.0,206.0,250.0
2025-08-03 15:00:00+02:00,19.3,53.423485,9.6,0.0,1007.41956,100.0,10.564942,56.0,255.0,311.0
2025-08-03 16:00:00+02:00,19.55,51.549747,9.3,0.0,1007.33124,100.0,12.410866,34.0,259.0,293.0
2025-08-03 17:00:00+02:00,20.4,49.0714,9.35,0.0,1007.0696,100.0,12.739371,124.0,252.0,376.0
2025-08-03 18:00:00+02:00,20.25,50.366913,9.6,0.0,1006.9647,100.0,10.692969,31.0,160.0,191.0
2025-08-03 19:00:00+02:00,19.75,56.09907,10.75,0.0,1006.7466,100.0,10.036512,31.0,124.0,155.0
2025-08-03 20:00:00+02:00,19.15,60.79695,11.4,0.0,1006.8204,100.0,9.7880945,14.0,82.0,96.0
2025-08-03 21:00:00+02:00,18.15,65.79974,11.65,0.0,1006.9766,99.0,10.534229,1.0,19.0,20.0
2025-08-03 22:00:00+02:00,17.25,69.409256,11.6,0.0,1007.433,95.0,10.464797,0.0,0.0,0.0
2025-08-03 23:00:00+02:00,16.25,74.44742,11.7,0.0,1007.68726,83.0,9.422101,0.0,0.0,0.0
2025-08-04 00:00:00+02:00,15.45,77.3244,11.5,0.0,1007.35706,99.0,9.9408245,0.0,0.0,0.0
2025-08-04 01:00:00+02:00,15.45,76.814674,11.4,0.0,1007.25824,100.0,10.825469,0.0,0.0,0.0
2025-08-04 02:00:00+02:00,14.85,81.4327,11.7,0.7,1007.3314,100.0,10.00256,0.0,0.0,0.0
2025-08-04 03:00:00+02:00,15.0,80.91679,11.75,0.3,1007.3378,100.0,11.200571,0.0,0.0,0.0
2025-08-04 04:00:00+02:00,14.35,88.649155,12.5,1.4,1006.4212,100.0,14.25641,0.0,0.0,0.0
2025-08-04 05:00:00+02:00,14.05,93.09065,12.95,0.4,1006.4082,100.0,13.529966,0.0,0.0,0.0
2025-08-04 06:00:00+02:00,14.2,93.70804,13.2,0.3,1006.31586,100.0,13.8049555,0.0,0.0,0.0
2025-08-04 07:00:00+02:00,14.2,94.937775,13.4,0.2,1006.5134,100.0,13.466357,0.0,3.0,3.0
2025-08-04 08:00:00+02:00,14.45,94.94736,13.65,0.0,1006.82043,100.0,11.236671,0.0,15.0,15.0
2025-08-04 09:00:00+02:00,14.95,95.2744,14.2,0.0,1006.9408,100.0,11.43248,0.0,57.0,57.0
2025-08-04 10:00:00+02:00,16.35,91.13454,14.9,0.0,1007.09863,100.0,10.97262,48.0,112.0,160.0
2025-08-04 11:00:00+02:00,17.8,86.6849,15.55,0.5,1007.25854,100.0,11.272657,68.0,224.0,292.0
2025-08-04 12:00:00+02:00,19.4,80.71594,16.0,0.1,1007.1272,78.0,9.688281,76.0,293.0,369.0
2025-08-04 13:00:00+02:00,20.6,77.11671,16.45,0.1,1006.8801,90.0,10.97262,134.0,323.0,457.0
2025-08-04 14:00:00+02:00,21.45,70.671364,15.9,0.2,1006.91504,100.0,12.71901,203.0,252.0,455.0
2025-08-04 15:00:00+02:00,20.95,71.48783,15.6,0.0,1007.1908,96.0,11.43248,89.0,262.0,351.0
2025-08-04 16:00:00+02:00,22.35,64.99554,15.45,0.0,1006.6552,100.0,13.036026,206.0,221.0,427.0
2025-08-04 17:00:00+02:00,23.8,56.734867,14.7,0.0,1006.02155,100.0,12.85205,224.0,192.0,416.0
2025-08-04 18:00:00+02:00,23.75,57.643856,14.9,0.0,1005.6243,58.0,12.483749,61.0,195.0,256.0
2025-08-04 19:00:00+02:00,23.4,60.406017,15.3,0.0,1005.5117,96.0,13.70839,108.0,119.0,227.0
2025-08-04 20:00:00+02:00,22.35,65.41338,15.55,0.0,1005.2717,100.0,14.410121,21.0,71.0,92.0
2025-08-04 21:00:00+02:00,21.25,72.00121,16.0,0.0,1005.5233,98.0,12.647482,2.0,9.0,11.0
2025-08-04 22:00:00+02:00,20.45,77.33957,16.35,0.0,1005.49084,21.0,11.298495,0.0,0.0,0.0
2025-08-04 23:00:00+02:00,19.5,81.76488,16.3,0.0,1005.6493,92.0,10.571074,0.0,0.0,0.0
2025-08-05 00:00:00+02:00,19.2,82.77629,16.2,0.0,1005.3406,100.0,10.086427,0.0,0.0,0.0
2025-08-05 01:00:00+02:00,19.15,82.50679,16.1,0.0,1005.3383,18.0,9.567131,0.0,0.0,0.0
2025-08-05 02:00:00+02:00,18.3,85.905754,15.9,0.0,1004.8094,38.0,9.97986,0.0,0.0,0.0
2025-08-05 03:00:00+02:00,18.05,88.95133,16.2,0.0,1004.2062,68.0,12.108261,0.0,0.0,0.0
2025-08-05 04:00:00+02:00,17.7,90.35406,16.1,0.0,1004.0928,41.0,9.220499,0.0,0.0,0.0
2025-08-05 05:00:00+02:00,17.25,92.66103,16.05,0.1,1003.9751,91.0,7.4346757,0.0,0.0,0.0
2025-08-05 06:00:00+02:00,17.4,92.080215,16.1,0.1,1003.78375,86.0,8.187527,0.0,0.0,0.0
2025-08-05 07:00:00+02:00,17.65,90.92871,16.15,0.0,1003.59656,100.0,6.8919086,1.0,11.0,12.0
2025-08-05 08:00:00+02:00,17.95,90.65972,16.4,0.0,1003.51044,100.0,8.043805,0.0,37.0,37.0
2025-08-05 09:00:00+02:00,18.65,88.9992,16.8,0.1,1003.737,100.0,8.067936,13.0,82.0,95.0
2025-08-05 10:00:00+02:00,18.75,90.42767,17.15,0.6,1003.9387,100.0,7.6409945,0.0,78.0,78.0
2025-08-05 11:00:00+02:00,19.15,92.76336,17.95,0.5,1004.44904,100.0,9.835975,0.0,105.0,105.0
2025-08-05 12:00:00+02:00,18.6,95.10264,17.8,0.7,1005.0193,100.0,11.050591,0.0,90.0,90.0
2025-08-05 13:00:00+02:00,18.15,88.113014,16.15,0.8,1005.9886,90.0,9.703319,0.0,125.0,125.0
2025-08-05 14:00:00+02:00,20.1,70.64438,14.6,0.0,1006.2668,16.0,5.904439,289.0,197.0,486.0
2025-08-05 15:00:00+02:00,21.9,60.251076,13.85,0.0,1006.73566,35.0,8.089993,649.0,143.0,792.0
2025-08-05 16:00:00+02:00,22.85,53.63106,12.95,0.0,1006.6754,16.0,12.758432,539.0,142.0,681.0
2025-08-05 17:00:00+02:00,22.5,51.982403,12.15,0.0,1006.9576,9.0,14.447172,397.0,139.0,536.0
2025-08-05 18:00:00+02:00,21.9,51.65428,11.5,0.0,1007.625,16.0,14.396625,329.0,111.0,440.0
2025-08-05 19:00:00+02:00,21.0,52.27922,10.85,0.0,1008.3788,18.0,13.115319,187.0,95.0,282.0
2025-08-05 20:00:00+02:00,19.6,56.812332,10.8,0.0,1009.0129,16.0,10.703569,85.0,63.0,148.0
2025-08-05 21:00:00+02:00,18.05,60.135265,10.2,0.0,1009.9366,8.0,9.67657,13.0,19.0,32.0
2025-08-05 22:00:00+02:00,16.95,63.81486,10.05,0.0,1010.9769,1.0,8.461915,0.0,0.0,0.0
2025-08-05 23:00:00+02:00,15.55,70.002396,10.1,0.0,1011.70795,0.0,5.920878,0.0,0.0,0.0
2025-08-06 00:00:00+02:00,14.75,72.23019,9.8,0.0,1012.36554,0.0,5.7599998,0.0,0.0,0.0
2025-08-06 01:00:00+02:00,13.9,75.54824,9.65,0.0,1012.62524,0.0,5.983477,0.0,0.0,0.0
2025-08-06 02:00:00+02:00,13.0,79.57197,9.55,0.0,1012.8825,0.0,5.4149795,0.0,0.0,0.0
2025-08-06 03:00:00+02:00,12.4,79.2182,8.9,0.0,1012.95514,0.0,5.0142193,0.0,0.0,0.0
2025-08-06 04:00:00+02:00,11.7,83.51555,9.0,0.0,1013.12213,0.0,4.6102495,0.0,0.0,0.0
2025-08-06 05:00:00+02:00,11.15,86.90261,9.05,0.0,1013.1969,0.0,4.8433046,0.0,0.0,0.0
2025-08-06 06:00:00+02:00,10.45,90.125824,8.9,0.0,1013.2647,0.0,3.8183763,0.0,0.0,0.0
2025-08-06 07:00:00+02:00,11.1,90.17385,9.55,0.0,1013.49084,0.0,4.2481523,14.0,16.0,30.0
2025-08-06 08:00:00+02:00,12.8,85.337776,10.4,0.0,1013.76294,0.0,2.2553935,97.0,53.0,150.0
2025-08-06 09:00:00+02:00,15.0,76.74341,10.95,0.0,1013.9566,0.0,3.710795,234.0,75.0,309.0
2025-08-06 10:00:00+02:00,17.1,64.70636,10.4,0.0,1013.9473,5.0,4.1085763,380.0,89.0,469.0
2025-08-06 11:00:00+02:00,18.7,57.34987,10.1,0.0,1013.8167,24.0,4.080882,514.0,99.0,613.0
2025-08-06 12:00:00+02:00,19.85,50.940384,9.4,0.0,1013.56854,91.0,4.7928696,606.0,111.0,717.0
2025-08-06 13:00:00+02:00,20.6,47.022507,8.9,0.0,1013.1053,100.0,5.7204895,603.0,157.0,760.0
2025-08-06 14:00:00+02:00,20.9,47.105072,9.2,0.0,1012.7224,100.0,4.752136,366.0,273.0,639.0
2025-08-06 15:00:00+02:00,21.35,42.53705,8.1,0.0,1012.4444,100.0,2.50064,460.0,244.0,704.0
2025-08-06 16:00:00+02:00,21.7,39.02452,7.15,0.0,1011.767,100.0,1.5484185,397.0,242.0,639.0
2025-08-06 17:00:00+02:00,21.85,36.85495,6.45,0.0,1011.0813,100.0,3.710795,341.0,209.0,550.0
2025-08-06 18:00:00+02:00,21.65,37.954815,6.7,0.0,1010.4805,100.0,4.471107,248.0,172.0,420.0
2025-08-06 19:00:00+02:00,21.3,40.820312,7.45,0.0,1010.1698,19.0,3.8856654,158.0,122.0,280.0
2025-08-06 20:00:00+02:00,20.3,54.94682,10.95,0.0,1009.8321,0.0,2.8460498,100.0,54.0,154.0
2025-08-06 21:00:00+02:00,18.45,59.631348,10.45,0.0,1009.5581,0.0,6.792466,16.0,17.0,33.0
2025-08-06 22:00:00+02:00,17.0,67.32089,10.9,0.0,1009.79364,1.0,5.7431,0.0,0.0,0.0
2025-08-06 23:00:00+02:00,16.05,71.03879,10.8,0.0,1009.35815,100.0,6.1094027,0.0,0.0,0.0
2025-08-07 00:00:00+02:00,15.0,78.28565,11.25,0.0,1009.116,98.0,4.7521367,0.0,0.0,0.0
2025-08-07 01:00:00+02:00,14.65,80.86994,11.4,0.0,1008.90344,59.0,3.7971041,0.0,0.0,0.0
2025-08-07 02:00:00+02:00,13.75,81.83118,10.7,0.0,1008.66724,94.0,4.669604,0.0,0.0,0.0
2025-08-07 03:00:00+02:00,12.8,83.08791,10.0,0.0,1008.6264,98.0,5.48631,0.0,0.0,0.0
2025-08-07 04:00:00+02:00,12.35,85.004845,9.9,0.0,1008.1129,99.0,5.6060677,0.0,0.0,0.0
2025-08-07 05:00:00+02:00,11.95,87.2711,9.9,0.0,1007.70044,100.0,5.3999996,0.0,0.0,0.0
2025-08-07 06:00:00+02:00,11.8,87.8437,9.85,0.0,1007.59534,100.0,5.692099,0.0,0.0,0.0
2025-08-07 07:00:00+02:00,12.15,86.70801,10.0,0.0,1007.413,100.0,7.0107627,6.0,20.0,26.0
2025-08-07 08:00:00+02:00,14.2,79.21377,10.65,0.0,1007.40247,63.0,5.22,46.0,77.0,123.0
2025-08-07 09:00:00+02:00,16.25,69.44223,10.65,0.0,1007.786,55.0,3.4576871,107.0,125.0,232.0
2025-08-07 10:00:00+02:00,18.25,62.633835,11.0,0.0,1007.67236,68.0,1.7076298,228.0,158.0,386.0
2025-08-07 11:00:00+02:00,19.95,56.899315,11.15,0.0,1007.14996,99.0,1.2727921,296.0,193.0,489.0
2025-08-07 12:00:00+02:00,21.7,52.984524,11.7,0.0,1007.02386,1.0,4.143911,533.0,165.0,698.0
2025-08-07 13:00:00+02:00,23.25,48.381546,11.75,0.0,1006.6915,40.0,5.7628117,694.0,105.0,799.0
2025-08-07 14:00:00+02:00,24.35,43.37759,11.1,0.0,1006.2414,29.0,7.001514,712.0,110.0,822.0
2025-08-07 15:00:00+02:00,25.35,39.792675,10.7,0.0,1005.88574,30.0,7.9077177,682.0,113.0,795.0
2025-08-07 16:00:00+02:00,25.45,41.163975,11.3,0.0,1005.5931,65.0,9.299225,620.0,105.0,725.0
2025-08-07 17:00:00+02:00,25.45,45.13967,12.7,0.0,1005.2966,96.0,8.39078,503.0,104.0,607.0
2025-08-07 18:00:00+02:00,25.4,47.23794,13.35,0.0,1004.9982,99.0,7.989243,324.0,112.0,436.0
2025-08-07 19:00:00+02:00,24.7,50.878258,13.85,0.0,1004.674,97.0,8.467655,60.0,122.0,182.0
2025-08-07 20:00:00+02:00,23.25,61.940548,15.55,0.0,1004.7151,95.0,6.0077944,5.0,54.0,59.0
2025-08-07 21:00:00+02:00,21.95,66.38536,15.4,0.0,1004.7612,0.0,6.698806,4.0,10.0,14.0
2025-08-07 22:00:00+02:00,20.05,68.60897,14.1,0.0,1005.2768,17.0,6.2145634,0.0,0.0,0.0
2025-08-07 23:00:00+02:00,18.3,76.512215,14.1,0.0,1005.30334,11.0,3.2599385,0.0,0.0,0.0
2025-08-08 00:00:00+02:00,17.25,80.951225,13.95,0.0,1005.3582,13.0,3.3481934,0.0,0.0,0.0
2025-08-08 01:00:00+02:00,16.5,81.646286,13.35,0.0,1005.52423,31.0,4.863332,0.0,0.0,0.0
2025-08-08 02:00:00+02:00,15.95,80.778145,12.65,0.0,1005.60004,2.0,5.441838,0.0,0.0,0.0
2025-08-08 03:00:00+02:00,15.4,80.97015,12.15,0.0,1005.7742,35.0,5.0816135,0.0,0.0,0.0
2025-08-08 04:00:00+02:00,15.05,80.923485,11.8,0.0,1005.2654,80.0,3.84796,0.0,0.0,0.0
2025-08-08 05:00:00+02:00,14.85,80.6299,11.55,0.0,1005.45447,72.0,2.7416782,0.0,0.0,0.0
2025-08-08 06:00:00+02:00,14.4,83.00526,11.55,0.0,1005.7316,23.0,4.1046314,0.0,0.0,0.0
2025-08-08 07:00:00+02:00,15.1,83.08949,12.25,0.0,1006.058,20.0,4.4456716,11.0,14.0,25.0
2025-08-08 08:00:00+02:00,17.0,77.05778,12.95,0.0,1006.4346,10.0,5.4744864,89.0,52.0,141.0
2025-08-08 09:00:00+02:00,18.95,70.426384,13.45,0.0,1006.8122,54.0,4.942631,221.0,76.0,297.0
2025-08-08 10:00:00+02:00,20.8,64.45249,13.85,0.0,1006.7897,14.0,5.0911684,251.0,124.0,375.0
2025-08-08 11:00:00+02:00,23.25,56.052242,14.0,0.0,1006.988,4.0,4.863332,441.0,125.0,566.0
2025-08-08 12:00:00+02:00,25.55,44.43341,12.55,0.0,1007.07965,1.0,4.724786,590.0,111.0,701.0
2025-08-08 13:00:00+02:00,27.2,36.151505,10.9,0.0,1006.94714,0.0,5.8409934,665.0,109.0,774.0
2025-08-08 14:00:00+02:00,28.35,31.2013,9.7,0.0,1006.6955,0.0,8.099999,691.0,109.0,800.0
2025-08-08 15:00:00+02:00,28.9,28.928759,9.05,0.0,1006.7167,16.0,10.385547,513.0,166.0,679.0
2025-08-08 16:00:00+02:00,29.35,29.841955,9.9,0.0,1006.53644,1.0,9.600937,540.0,135.0,675.0
2025-08-08 17:00:00+02:00,29.8,27.004625,8.8,0.0,1006.2572,22.0,8.854829,479.0,111.0,590.0
2025-08-08 18:00:00+02:00,29.55,25.081993,7.5,0.0,1006.24774,31.0,9.039514,328.0,97.0,425.0
2025-08-08 19:00:00+02:00,29.1,27.552835,8.5,0.0,1006.2304,97.0,7.24486,199.0,86.0,285.0
2025-08-08 20:00:00+02:00,27.15,50.057823,15.85,0.0,1006.253,98.0,3.0758414,63.0,69.0,132.0
2025-08-08 21:00:00+02:00,24.5,52.50171,14.15,0.0,1006.6426,99.0,5.509882,8.0,18.0,26.0
2025-08-08 22:00:00+02:00,22.85,58.55177,14.3,0.0,1007.46594,90.0,14.2336645,0.0,0.0,0.0
2025-08-08 23:00:00+02:00,21.35,64.15567,14.3,0.0,1007.70135,100.0,10.495713,0.0,0.0,0.0
2025-08-09 00:00:00+02:00,21.25,64.34171,14.25,0.0,1007.7961,100.0,11.435313,0.0,0.0,0.0
2025-08-09 01:00:00+02:00,20.8,67.22286,14.5,0.0,1007.7778,100.0,10.703569,0.0,0.0,0.0
2025-08-09 02:00:00+02:00,20.15,70.199326,14.55,0.0,1007.75116,99.0,9.793058,0.0,0.0,0.0
2025-08-09 03:00:00+02:00,19.85,67.24581,13.6,0.0,1007.4424,100.0,9.595874,0.0,0.0,0.0
2025-08-09 04:00:00+02:00,19.75,67.8844,13.65,0.0,1007.3394,100.0,7.889258,0.0,0.0,0.0
2025-08-09 05:00:00+02:00,19.45,69.611855,13.75,0.0,1007.3271,100.0,7.3997297,0.0,0.0,0.0
2025-08-09 06:00:00+02:00,19.1,71.608734,13.85,0.0,1007.21375,100.0,7.9932966,0.0,0.0,0.0
2025-08-09 07:00:00+02:00,18.7,74.13741,14.0,0.0,1007.2958,100.0,7.4128532,0.0,3.0,3.0
2025-08-09 08:00:00+02:00,18.8,74.87821,14.25,0.0,1007.5963,100.0,4.5,0.0,31.0,31.0
2025-08-09 09:00:00+02:00,20.2,68.41699,14.2,0.0,1007.65424,100.0,2.657668,9.0,126.0,135.0
2025-08-09 10:00:00+02:00,21.0,64.49594,14.05,0.0,1007.9835,100.0,1.8,11.0,139.0,150.0
2025-08-09 11:00:00+02:00,21.75,61.40001,14.0,0.0,1008.01416,100.0,0.742159,0.0,165.0,165.0
2025-08-09 12:00:00+02:00,22.9,57.06623,13.95,0.0,1008.1596,98.0,2.19718,15.0,218.0,233.0
2025-08-09 13:00:00+02:00,25.75,45.965897,13.25,0.0,1007.87823,96.0,2.8116899,187.0,308.0,495.0
2025-08-09 14:00:00+02:00,26.8,40.864883,12.4,0.0,1007.42554,24.0,4.3498964,160.0,273.0,433.0
2025-08-09 15:00:00+02:00,31.05,26.263899,9.45,0.0,1007.09607,42.0,6.3639607,656.0,111.0,767.0
2025-08-09 16:00:00+02:00,31.4,25.316322,9.2,0.0,1006.714,21.0,9.2660675,467.0,166.0,633.0
2025-08-09 17:00:00+02:00,31.65,27.139376,10.45,0.0,1006.4268,1.0,8.738811,456.0,115.0,571.0
2025-08-09 18:00:00+02:00,31.75,28.365122,11.2,0.0,1006.1341,1.0,7.8480825,356.0,88.0,444.0
2025-08-09 19:00:00+02:00,31.55,28.879702,11.3,0.0,1006.1265,2.0,8.865799,218.0,72.0,290.0
2025-08-09 20:00:00+02:00,30.0,33.8162,12.35,0.0,1006.364,3.0,11.634741,87.0,51.0,138.0
2025-08-09 21:00:00+02:00,27.8,40.74266,13.25,0.0,1006.8717,1.0,10.223619,10.0,14.0,24.0
2025-08-09 22:00:00+02:00,25.8,49.702656,14.5,0.0,1007.979,0.0,14.292725,0.0,0.0,0.0
2025-08-09 23:00:00+02:00,23.9,54.779026,14.25,0.0,1008.7928,0.0,12.011544,0.0,0.0,0.0
2025-08-10 00:00:00+02:00,22.8,51.720085,12.35,0.0,1009.539,0.0,10.3480425,0.0,0.0,0.0
2025-08-10 01:00:00+02:00,21.8,48.795307,10.55,0.0,1009.9924,0.0,6.603817,0.0,0.0,0.0
2025-08-10 02:00:00+02:00,20.75,49.829468,9.9,0.0,1010.74023,3.0,8.792405,0.0,0.0,0.0
2025-08-10 03:00:00+02:00,20.2,52.418335,10.15,0.0,1010.9149,6.0,11.230904,0.0,0.0,0.0
2025-08-10 04:00:00+02:00,18.8,62.345146,11.45,0.0,1011.6473,1.0,11.734564,0.0,0.0,0.0
2025-08-10 05:00:00+02:00,17.65,70.40844,12.2,0.0,1012.192,0.0,9.605998,0.0,0.0,0.0
2025-08-10 06:00:00+02:00,16.7,76.25739,12.5,0.0,1012.64594,0.0,7.102591,0.0,0.0,0.0
2025-08-10 07:00:00+02:00,16.45,77.98842,12.6,0.0,1013.32697,0.0,7.7420926,10.0,13.0,23.0
2025-08-10 08:00:00+02:00,17.65,71.80942,12.5,0.0,1013.8716,0.0,7.562142,88.0,51.0,139.0
2025-08-10 09:00:00+02:00,19.15,59.600647,11.1,0.0,1014.4283,0.0,11.39842,225.0,72.0,297.0
2025-08-10 10:00:00+02:00,20.65,48.483418,9.4,0.0,1014.6885,0.0,11.953409,374.0,86.0,460.0
2025-08-10 11:00:00+02:00,22.3,38.271057,7.4,0.0,1015.1513,0.0,12.181625,512.0,94.0,606.0
2025-08-10 12:00:00+02:00,23.8,33.54433,6.8,0.0,1015.1133,0.0,11.605464,619.0,101.0,720.0
2025-08-10 13:00:00+02:00,25.0,31.975964,7.15,0.0,1014.8653,0.0,11.91812,687.0,103.0,790.0
2025-08-10 14:00:00+02:00,25.9,30.51886,7.25,0.0,1014.8025,0.0,12.57426,709.0,105.0,814.0
2025-08-10 15:00:00+02:00,26.3,30.009853,7.35,0.0,1014.9173,0.0,12.703715,684.0,104.0,788.0
2025-08-10 16:00:00+02:00,26.6,29.584377,7.4,0.0,1014.63245,0.0,12.835653,616.0,101.0,717.0
2025-08-10 17:00:00+02:00,26.55,29.977026,7.55,0.0,1014.4329,0.0,12.638513,511.0,94.0,605.0
2025-08-10 18:00:00+02:00,26.25,30.512373,7.55,0.0,1014.0259,0.0,12.399113,377.0,85.0,462.0
2025-08-10 19:00:00+02:00,25.55,32.240433,7.75,0.0,1013.70123,0.0,12.936228,231.0,70.0,301.0
2025-08-10 20:00:00+02:00,24.6,34.468315,7.9,0.0,1013.5646,0.0,12.193589,93.0,50.0,143.0
2025-08-10 21:00:00+02:00,23.15,38.64396,8.3,0.0,1013.7038,0.0,11.190442,11.0,13.0,24.0
2025-08-10 22:00:00+02:00,22.35,40.840614,8.4,0.0,1014.06647,0.0,11.1090765,0.0,0.0,0.0
2025-08-10 23:00:00+02:00,21.2,46.871464,9.4,0.0,1014.3158,0.0,12.011544,0.0,0.0,0.0
2025-08-11 00:00:00+02:00,19.9,51.12518,9.5,0.0,1014.06445,14.0,11.996699,0.0,0.0,0.0
2025-08-11 01:00:00+02:00,18.95,52.79629,9.1,0.0,1014.0249,11.0,11.681987,0.0,0.0,0.0
2025-08-11 02:00:00+02:00,18.15,55.134724,9.0,0.0,1013.8926,0.0,10.63372,0.0,0.0,0.0
2025-08-11 03:00:00+02:00,16.0,69.16176,10.35,0.0,1013.90076,0.0,10.484903,0.0,0.0,0.0
2025-08-11 04:00:00+02:00,15.6,70.2464,10.2,0.0,1013.5871,0.0,10.337078,0.0,0.0,0.0
2025-08-11 05:00:00+02:00,15.2,70.64029,9.9,0.0,1013.4712,0.0,10.248941,0.0,0.0,0.0
2025-08-11 06:00:00+02:00,14.65,71.72896,9.6,0.0,1013.3489,0.0,10.404249,0.0,0.0,0.0
2025-08-11 07:00:00+02:00,14.8,71.03864,9.6,0.0,1013.2567,0.0,10.00256,9.0,13.0,22.0
2025-08-11 08:00:00+02:00,16.55,67.00367,10.4,0.0,1013.23236,0.0,9.796366,89.0,48.0,137.0
2025-08-11 09:00:00+02:00,18.9,56.260204,10.0,0.0,1013.23254,0.0,8.187527,226.0,70.0,296.0
2025-08-11 10:00:00+02:00,21.15,49.274193,10.1,0.0,1012.8314,0.0,8.3520775,374.0,84.0,458.0
2025-08-11 11:00:00+02:00,23.35,43.824417,10.35,0.0,1012.42694,0.0,9.0,511.0,93.0,604.0
2025-08-11 12:00:00+02:00,25.25,36.573853,9.35,0.0,1011.81146,0.0,9.339208,621.0,98.0,719.0
2025-08-11 13:00:00+02:00,26.8,29.842587,7.7,0.0,1011.1813,0.0,9.580668,690.0,102.0,792.0
2025-08-11 14:00:00+02:00,27.9,26.58198,6.95,0.0,1010.63135,0.0,9.54,715.0,102.0,817.0
2025-08-11 15:00:00+02:00,28.15,28.432053,8.15,0.0,1010.44354,0.0,9.449572,689.0,101.0,790.0
2025-08-11 16:00:00+02:00,28.55,27.967402,8.25,0.0,1009.866,0.0,10.703569,621.0,98.0,719.0
2025-08-11 17:00:00+02:00,28.65,28.089718,8.4,0.0,1009.1783,0.0,11.226575,514.0,91.0,605.0
2025-08-11 18:00:00+02:00,28.4,28.404182,8.35,0.0,1008.5754,0.0,11.345712,378.0,82.0,460.0
2025-08-11 19:00:00+02:00,27.9,28.849478,8.15,0.0,1008.2592,0.0,10.946013,229.0,69.0,298.0
2025-08-11 20:00:00+02:00,26.25,34.817642,9.5,0.0,1007.9971,0.0,8.805294,91.0,48.0,139.0
2025-08-11 21:00:00+02:00,23.8,44.095863,10.85,0.0,1008.0968,0.0,8.669949,10.0,13.0,23.0
2025-08-11 22:00:00+02:00,22.35,50.09152,11.45,0.0,1008.1375,0.0,8.320986,0.0,0.0,0.0
2025-08-11 23:00:00+02:00,20.95,55.29415,11.65,0.0,1008.08014,0.0,9.387651,0.0,0.0,0.0
2025-08-12 00:00:00+02:00,19.65,60.91388,11.9,0.0,1008.0269,0.0,10.070353,0.0,0.0,0.0
2025-08-12 01:00:00+02:00,18.65,64.1922,11.75,0.0,1007.7879,0.0,9.339208,0.0,0.0,0.0
2025-08-12 02:00:00+02:00,18.05,63.425373,11.0,0.0,1007.56537,0.0,9.668195,0.0,0.0,0.0
2025-08-12 03:00:00+02:00,16.6,65.90545,10.2,0.0,1007.4058,0.0,9.582358,0.0,0.0,0.0
2025-08-12 04:00:00+02:00,16.25,65.61017,9.8,0.0,1007.1933,0.0,9.418661,0.0,0.0,0.0
2025-08-12 05:00:00+02:00,15.85,66.856766,9.7,0.0,1006.97894,0.0,8.694204,0.0,0.0,0.0
2025-08-12 06:00:00+02:00,15.25,69.94376,9.8,0.0,1006.95337,0.0,7.5685663,0.0,0.0,0.0
2025-08-12 07:00:00+02:00,15.3,70.6595,10.0,0.0,1007.05444,0.0,8.775807,9.0,11.0,20.0
2025-08-12 08:00:00+02:00,17.35,63.057095,10.25,0.0,1007.14075,0.0,8.490582,86.0,47.0,133.0
2025-08-12 09:00:00+02:00,20.0,53.426582,10.25,0.0,1007.25073,0.0,7.382195,221.0,69.0,290.0
2025-08-12 10:00:00+02:00,22.3,47.016205,10.45,0.0,1007.0482,0.0,7.3997297,368.0,83.0,451.0
2025-08-12 11:00:00+02:00,24.75,43.77706,11.6,0.0,1006.7513,0.0,6.6818557,502.0,92.0,594.0
2025-08-12 12:00:00+02:00,27.25,39.929825,12.45,0.0,1006.45483,0.0,6.830519,606.0,99.0,705.0
2025-08-12 13:00:00+02:00,29.35,33.414036,11.6,0.0,1005.74567,0.0,8.37532,674.0,102.0,776.0
2025-08-12 14:00:00+02:00,30.7,29.519457,10.9,0.0,1005.20465,0.0,8.049845,698.0,102.0,800.0
2025-08-12 15:00:00+02:00,31.5,28.29745,10.95,0.0,1004.6418,0.0,7.6579366,671.0,102.0,773.0
2025-08-12 16:00:00+02:00,32.15,27.729635,11.2,0.0,1003.8756,0.0,8.305396,602.0,98.0,700.0
2025-08-12 17:00:00+02:00,32.4,27.522339,11.3,0.0,1003.29193,1.0,7.9036193,496.0,91.0,587.0
2025-08-12 18:00:00+02:00,32.4,27.250158,11.15,0.0,1002.99536,0.0,6.297428,361.0,83.0,444.0
2025-08-12 19:00:00+02:00,31.9,28.031855,11.15,0.0,1002.58105,0.0,5.815978,216.0,69.0,285.0
2025-08-12 20:00:00+02:00,30.05,32.735565,11.9,0.0,1002.412,0.0,5.4119864,84.0,47.0,131.0
2025-08-12 21:00:00+02:00,27.35,39.696472,12.45,0.0,1002.7028,2.0,5.12289,9.0,11.0,20.0
2025-08-12 22:00:00+02:00,25.9,42.953217,12.35,0.0,1002.8438,1.0,8.11798,0.0,0.0,0.0
2025-08-12 23:00:00+02:00,24.85,46.172554,12.5,0.0,1002.80237,2.0,5.4029994,0.0,0.0,0.0
2025-08-13 00:00:00+02:00,23.9,49.03681,12.55,0.0,1002.66565,1.0,4.752136,0.0,0.0,0.0
2025-08-13 01:00:00+02:00,22.9,52.429344,12.65,0.0,1002.52686,1.0,5.0432134,0.0,0.0,0.0
2025-08-13 02:00:00+02:00,21.95,55.911,12.75,0.0,1002.48846,0.0,7.689603,0.0,0.0,0.0
2025-08-13 03:00:00+02:00,20.05,63.454174,12.9,0.0,1002.4114,8.0,6.623413,0.0,0.0,0.0
2025-08-13 04:00:00+02:00,19.3,65.613205,12.7,0.0,1002.4793,0.0,6.037383,0.0,0.0,0.0
2025-08-13 05:00:00+02:00,18.2,74.051674,13.5,0.0,1002.53284,0.0,2.4216523,0.0,0.0,0.0
2025-08-13 06:00:00+02:00,17.85,75.2074,13.4,0.0,1002.71564,0.0,0.71999997,0.0,0.0,0.0
2025-08-13 07:00:00+02:00,18.1,71.89216,12.95,0.0,1003.1212,0.0,0.9693296,7.0,11.0,18.0
2025-08-13 08:00:00+02:00,20.0,64.698944,13.15,0.0,1003.3972,0.0,0.17999999,78.0,47.0,125.0
2025-08-13 09:00:00+02:00,22.4,56.943546,13.45,0.0,1003.989,0.0,0.54,208.0,69.0,277.0
2025-08-13 10:00:00+02:00,24.8,52.07165,14.3,0.0,1004.184,0.0,0.8049845,351.0,83.0,434.0
2025-08-13 11:00:00+02:00,27.45,45.391212,14.6,0.0,1004.5849,0.0,1.2074767,483.0,93.0,576.0
2025-08-13 12:00:00+02:00,29.8,40.247025,14.85,0.0,1004.6757,0.0,0.9,590.0,98.0,688.0
2025-08-13 13:00:00+02:00,31.65,36.559982,15.0,0.0,1004.54865,2.0,1.2727921,658.0,102.0,760.0
2025-08-13 14:00:00+02:00,33.05,33.67183,14.95,0.0,1004.4039,7.0,2.5772076,681.0,103.0,784.0
2025-08-13 15:00:00+02:00,34.1,31.242336,14.7,0.0,1004.24554,7.0,2.8116899,633.0,108.0,741.0
2025-08-13 16:00:00+02:00,34.55,28.932667,13.9,0.0,1003.86694,1.0,2.6999998,552.0,104.0,656.0
2025-08-13 17:00:00+02:00,34.7,28.41447,13.75,0.0,1003.576,1.0,1.659518,477.0,93.0,570.0
2025-08-13 18:00:00+02:00,34.5,28.638845,13.7,0.0,1003.46954,0.0,1.659518,350.0,82.0,432.0
2025-08-13 19:00:00+02:00,33.95,29.434286,13.65,0.0,1003.2512,0.0,0.17999999,209.0,68.0,277.0
2025-08-13 20:00:00+02:00,32.6,31.544481,13.55,0.0,1003.1018,0.0,5.1197267,79.0,46.0,125.0
2025-08-13 21:00:00+02:00,30.05,39.291042,14.7,0.0,1003.6971,0.0,6.9153743,7.0,11.0,18.0
2025-08-13 22:00:00+02:00,28.0,47.02443,15.65,0.0,1004.4086,6.0,3.8856654,0.0,0.0,0.0
2025-08-13 23:00:00+02:00,26.7,53.065197,16.35,0.0,1004.7532,73.0,2.2768397,0.0,0.0,0.0
2025-08-14 00:00:00+02:00,25.8,56.141037,16.4,0.0,1004.6187,98.0,4.599695,0.0,0.0,0.0
2025-08-14 01:00:00+02:00,24.85,60.164917,16.6,0.0,1004.68005,100.0,5.257109,0.0,0.0,0.0
2025-08-14 02:00:00+02:00,23.65,64.448135,16.55,0.0,1004.5332,43.0,7.7043357,0.0,0.0,0.0
2025-08-14 03:00:00+02:00,21.95,72.586586,16.8,0.0,1004.26715,97.0,7.42159,0.0,0.0,0.0
2025-08-14 04:00:00+02:00,21.2,75.994576,16.8,0.0,1004.8298,59.0,4.198285,0.0,0.0,0.0
2025-08-14 05:00:00+02:00,21.45,75.076744,16.85,0.0,1004.9387,12.0,6.248359,0.0,0.0,0.0
2025-08-14 06:00:00+02:00,20.55,80.867615,17.15,0.0,1004.90204,8.0,9.885262,0.0,0.0,0.0
2025-08-14 07:00:00+02:00,19.9,84.44916,17.2,0.0,1005.6657,18.0,2.9301877,7.0,10.0,17.0
2025-08-14 08:00:00+02:00,21.45,75.076744,16.85,0.0,1005.63043,0.0,1.835647,75.0,47.0,122.0
2025-08-14 09:00:00+02:00,24.8,59.772022,16.45,0.0,1005.6664,0.0,3.4388947,205.0,69.0,274.0
2025-08-14 10:00:00+02:00,27.3,51.22748,16.35,0.0,1005.8638,0.0,3.644722,349.0,82.0,431.0
2025-08-14 11:00:00+02:00,29.65,43.84248,16.05,0.0,1006.05383,0.0,2.7943513,480.0,92.0,572.0
2025-08-14 12:00:00+02:00,31.9,38.3083,15.95,0.0,1006.1398,0.0,1.3104197,584.0,98.0,682.0
2025-08-14 13:00:00+02:00,33.5,34.67222,15.8,0.0,1006.0026,0.0,3.572898,650.0,102.0,752.0
2025-08-14 14:00:00+02:00,34.65,30.891567,15.0,0.0,1005.4525,0.0,4.445672,674.0,102.0,776.0
2025-08-14 15:00:00+02:00,35.55,28.734613,14.65,0.0,1005.68365,24.0,4.3498964,653.0,101.0,754.0
2025-08-14 16:00:00+02:00,35.75,27.161306,13.95,0.0,1005.49316,24.0,3.7064266,569.0,106.0,675.0
2025-08-14 17:00:00+02:00,35.5,26.83212,13.55,0.0,1005.18744,47.0,5.2200003,416.0,116.0,532.0
2025-08-14 18:00:00+02:00,35.15,27.002396,13.35,0.0,1004.8779,47.0,6.482499,269.0,120.0,389.0
2025-08-14 19:00:00+02:00,34.3,28.771727,13.6,0.0,1005.3404,30.0,9.187056,151.0,92.0,243.0
2025-08-14 20:00:00+02:00,32.85,32.443493,14.2,0.0,1005.286,34.0,10.304115,67.0,50.0,117.0
2025-08-14 21:00:00+02:00,31.2,36.671333,14.65,0.0,1005.8167,48.0,8.287822,6.0,10.0,16.0
2025-08-14 22:00:00+02:00,29.35,45.036373,16.2,0.0,1006.4376,3.0,2.6208394,0.0,0.0,0.0
2025-08-14 23:00:00+02:00,28.2,48.60373,16.35,0.0,1006.7883,18.0,1.484318,0.0,0.0,0.0
2025-08-15 00:00:00+02:00,26.95,54.667095,17.05,0.0,1006.93726,22.0,1.5484185,0.0,0.0,0.0
2025-08-15 01:00:00+02:00,26.0,56.90818,16.8,0.0,1007.09735,2.0,5.0911684,0.0,0.0,0.0
2025-08-15 02:00:00+02:00,25.45,57.319317,16.4,0.0,1007.0755,1.0,6.3639607,0.0,0.0,0.0
2025-08-15 03:00:00+02:00,23.6,67.5758,17.25,0.0,1006.7054,0.0,5.441838,0.0,0.0,0.0
2025-08-15 04:00:00+02:00,22.55,73.84835,17.65,0.0,1006.663,1.0,3.671294,0.0,0.0,0.0
2025-08-15 05:00:00+02:00,22.05,77.09446,17.85,0.0,1007.03815,0.0,0.8049845,0.0,0.0,0.0
2025-08-15 06:00:00+02:00,21.35,80.71784,17.9,0.0,1007.4049,0.0,2.5582807,0.0,0.0,0.0
2025-08-15 07:00:00+02:00,21.7,79.50573,18.0,0.0,1007.6168,9.0,4.68,5.0,10.0,15.0
2025-08-15 08:00:00+02:00,23.5,71.72532,18.1,0.0,1007.8872,0.0,2.8174455,71.0,46.0,117.0
2025-08-15 09:00:00+02:00,25.9,61.753036,18.0,0.0,1008.27954,0.0,1.4512063,196.0,70.0,266.0
2025-08-15 10:00:00+02:00,28.25,53.457333,17.9,0.0,1008.2729,1.0,3.1072817,336.0,85.0,421.0
2025-08-15 11:00:00+02:00,30.35,47.05441,17.8,0.0,1008.4531,9.0,4.5572357,465.0,95.0,560.0
2025-08-15 12:00:00+02:00,32.0,42.430126,17.65,0.0,1008.41724,22.0,6.391901,568.0,101.0,669.0
2025-08-15 13:00:00+02:00,33.15,39.51595,17.55,0.0,1008.16425,37.0,7.7420926,633.0,106.0,739.0
2025-08-15 14:00:00+02:00,33.8,37.034664,17.1,0.0,1007.89215,48.0,7.3094187,649.0,109.0,758.0
2025-08-15 15:00:00+02:00,32.6,40.88672,17.6,0.8,1008.1435,67.0,10.742848,540.0,138.0,678.0
2025-08-15 16:00:00+02:00,30.2,47.460888,17.8,1.5,1008.2497,96.0,5.8631387,283.0,196.0,479.0
2025-08-15 17:00:00+02:00,30.95,44.055626,17.3,0.0,1008.08075,92.0,5.2478566,115.0,188.0,303.0
2025-08-15 18:00:00+02:00,30.6,45.804775,17.6,0.0,1007.6719,62.0,7.5019197,124.0,168.0,292.0
2025-08-15 19:00:00+02:00,29.95,49.839993,18.35,0.0,1007.9433,57.0,7.5170207,126.0,92.0,218.0
2025-08-15 20:00:00+02:00,28.75,55.28529,18.9,0.0,1007.996,15.0,7.9526596,50.0,54.0,104.0
2025-08-15 21:00:00+02:00,27.15,64.98948,20.0,0.0,1008.3286,42.0,5.1826253,5.0,9.0,14.0
2025-08-15 22:00:00+02:00,26.35,61.275116,18.3,0.0,1008.9892,11.0,12.98248,0.0,0.0,0.0
2025-08-15 23:00:00+02:00,25.0,52.63049,14.65,0.0,1009.1332,2.0,13.363711,0.0,0.0,0.0
2025-08-16 00:00:00+02:00,23.95,55.504463,14.5,0.0,1009.28876,6.0,11.866355,0.0,0.0,0.0
2025-08-16 01:00:00+02:00,23.25,58.647495,14.7,0.0,1009.26086,4.0,11.897714,0.0,0.0,0.0
2025-08-16 02:00:00+02:00,22.5,62.16957,14.9,0.0,1009.1316,0.0,10.636766,0.0,0.0,0.0
2025-08-16 03:00:00+02:00,21.45,64.593475,14.5,0.0,1008.9901,0.0,11.126562,0.0,0.0,0.0
2025-08-16 04:00:00+02:00,20.75,66.99578,14.4,0.0,1008.96155,0.0,12.710091,0.0,0.0,0.0
2025-08-16 05:00:00+02:00,20.0,69.94423,14.35,0.0,1009.22687,5.0,11.385622,0.0,0.0,0.0
2025-08-16 06:00:00+02:00,19.3,73.05052,14.35,0.0,1009.29694,0.0,12.9625,0.0,0.0,0.0
2025-08-16 07:00:00+02:00,19.05,74.4374,14.4,0.0,1009.38525,1.0,14.009968,5.0,9.0,14.0
2025-08-16 08:00:00+02:00,20.0,72.70447,14.95,0.0,1009.42444,0.0,12.0694,70.0,46.0,116.0
2025-08-16 09:00:00+02:00,21.55,68.24614,15.45,0.0,1009.68585,0.0,12.750811,198.0,71.0,269.0
2025-08-16 10:00:00+02:00,23.3,62.34969,15.7,0.0,1009.6581,0.0,11.672275,341.0,86.0,427.0
2025-08-16 11:00:00+02:00,24.9,56.459225,15.65,0.0,1009.72217,0.0,11.793777,475.0,94.0,569.0
2025-08-16 12:00:00+02:00,26.0,51.879734,15.35,0.0,1009.66693,9.0,12.224107,571.0,105.0,676.0
2025-08-16 13:00:00+02:00,27.1,46.632008,14.7,0.0,1009.31506,9.0,10.931203,591.0,131.0,722.0
2025-08-16 14:00:00+02:00,28.05,41.212234,13.65,0.0,1008.75946,21.0,10.874741,599.0,136.0,735.0
2025-08-16 15:00:00+02:00,26.25,48.396725,14.5,0.0,1009.18304,17.0,15.827721,576.0,139.0,715.0
2025-08-16 16:00:00+02:00,25.85,47.822617,13.95,0.0,1008.7718,13.0,16.507088,492.0,139.0,631.0
2025-08-16 17:00:00+02:00,25.65,46.541763,13.35,0.0,1008.46747,2.0,16.521803,403.0,124.0,527.0
2025-08-16 18:00:00+02:00,25.3,45.993427,12.85,0.0,1008.1569,0.0,15.91041,305.0,97.0,402.0
2025-08-16 19:00:00+02:00,24.55,46.394577,12.3,0.0,1008.0281,0.0,14.74902,196.0,70.0,266.0
2025-08-16 20:00:00+02:00,23.5,50.562374,12.65,0.0,1008.08484,8.0,15.96327,58.0,48.0,106.0
2025-08-16 21:00:00+02:00,21.8,60.03231,13.7,0.0,1008.80664,2.0,15.376045,4.0,8.0,12.0
2025-08-16 22:00:00+02:00,20.85,63.631573,13.7,0.0,1009.06445,0.0,15.086748,0.0,0.0,0.0
2025-08-16 23:00:00+02:00,20.15,65.367195,13.45,0.0,1008.9368,2.0,13.499999,0.0,0.0,0.0
2025-08-17 00:00:00+02:00,19.5,66.73697,13.15,0.0,1009.1075,2.0,11.841756,0.0,0.0,0.0
2025-08-17 01:00:00+02:00,18.9,68.37924,12.95,0.0,1009.2804,4.0,10.564941,0.0,0.0,0.0
2025-08-17 02:00:00+02:00,18.2,70.28303,12.7,0.0,1009.44885,5.0,9.779817,0.0,0.0,0.0
2025-08-17 03:00:00+02:00,17.15,75.58427,12.8,0.0,1009.1084,5.0,11.811622,0.0,0.0,0.0
2025-08-17 04:00:00+02:00,16.05,75.15441,11.65,0.0,1009.1606,6.0,13.83192,0.0,0.0,0.0
2025-08-17 05:00:00+02:00,14.95,75.21964,10.6,0.0,1009.0153,5.0,14.410121,0.0,0.0,0.0
2025-08-17 06:00:00+02:00,14.1,76.0892,9.95,0.0,1009.07764,0.0,13.472372,0.0,0.0,0.0
2025-08-17 07:00:00+02:00,13.7,76.53579,9.65,0.0,1009.1593,0.0,12.57426,5.0,8.0,13.0
2025-08-17 08:00:00+02:00,14.25,72.86912,9.45,0.0,1009.1827,0.0,12.124307,70.0,45.0,115.0
2025-08-17 09:00:00+02:00,15.5,67.233406,9.45,0.0,1009.1375,0.0,10.662626,203.0,69.0,272.0
2025-08-17 10:00:00+02:00,17.1,59.908417,9.25,0.0,1009.10626,0.0,10.088033,353.0,83.0,436.0
2025-08-17 11:00:00+02:00,18.55,52.159332,8.55,0.0,1009.26587,0.0,11.793777,489.0,93.0,582.0
2025-08-17 12:00:00+02:00,19.75,45.686825,7.7,0.0,1009.1179,4.0,11.844492,591.0,101.0,692.0
2025-08-17 13:00:00+02:00,21.15,44.096413,8.45,0.0,1008.78015,3.0,11.841756,658.0,105.0,763.0
2025-08-17 14:00:00+02:00,21.7,45.001858,9.25,0.0,1008.40735,2.0,9.224011,680.0,106.0,786.0
2025-08-17 15:00:00+02:00,25.0,37.49869,9.5,0.0,1007.65076,100.0,10.34178,557.0,157.0,714.0
2025-08-17 16:00:00+02:00,24.4,39.790783,9.85,0.0,1007.1327,21.0,14.458382,405.0,182.0,587.0
2025-08-17 17:00:00+02:00,24.55,39.30325,9.8,0.0,1006.74335,44.0,12.074766,233.0,204.0,437.0
2025-08-17 18:00:00+02:00,23.4,43.692383,10.35,0.0,1006.6976,98.0,17.870834,182.0,143.0,325.0
2025-08-17 19:00:00+02:00,21.0,52.453182,10.9,0.0,1007.19305,100.0,17.381886,93.0,112.0,205.0
2025-08-17 20:00:00+02:00,19.9,55.764935,10.8,0.0,1007.6419,96.0,16.12583,25.0,66.0,91.0
2025-08-17 21:00:00+02:00,19.0,59.170406,10.85,0.0,1008.0001,98.0,13.529966,1.0,10.0,11.0
2025-08-17 22:00:00+02:00,18.35,62.035973,10.95,0.0,1008.3681,100.0,11.052058,0.0,0.0,0.0
2025-08-17 23:00:00+02:00,17.7,66.14014,11.3,0.0,1008.43994,98.0,9.437563,0.0,0.0,0.0
2025-08-18 00:00:00+02:00,17.15,70.08072,11.65,0.0,1008.51556,89.0,9.109138,0.0,0.0,0.0
2025-08-18 01:00:00+02:00,16.6,73.53188,11.85,0.0,1008.39374,43.0,10.261579,0.0,0.0,0.0
2025-08-18 02:00:00+02:00,16.05,77.162834,12.05,0.0,1008.17267,20.0,10.99769,0.0,0.0,0.0
2025-08-18 03:00:00+02:00,14.4,86.07114,12.1,0.0,1008.4977,21.0,10.636766,0.0,0.0,0.0
2025-08-18 04:00:00+02:00,13.85,89.78123,12.2,0.0,1008.3753,6.0,9.659814,0.0,0.0,0.0
2025-08-18 05:00:00+02:00,13.5,91.84713,12.2,0.0,1008.0638,15.0,9.354806,0.0,0.0,0.0
2025-08-18 06:00:00+02:00,13.2,93.04627,12.1,0.0,1007.95245,0.0,9.085988,0.0,0.0,0.0
2025-08-18 07:00:00+02:00,13.3,91.834915,12.0,0.0,1007.85767,0.0,9.835975,4.0,8.0,12.0
2025-08-18 08:00:00+02:00,14.75,84.1485,12.1,0.0,1007.9201,0.0,9.080639,70.0,44.0,114.0
2025-08-18 09:00:00+02:00,16.75,71.87986,11.65,0.0,1008.0049,0.0,9.422101,201.0,69.0,270.0
2025-08-18 10:00:00+02:00,18.8,60.113228,10.9,0.0,1008.18915,0.0,9.178235,348.0,84.0,432.0
2025-08-18 11:00:00+02:00,20.7,49.649437,9.8,0.0,1007.8724,0.0,9.387651,483.0,93.0,576.0
2025-08-18 12:00:00+02:00,22.4,43.267357,9.3,0.0,1007.84296,0.0,9.292255,591.0,98.0,689.0
2025-08-18 13:00:00+02:00,23.75,38.29348,8.7,0.0,1007.3044,0.0,9.485504,658.0,103.0,761.0
2025-08-18 14:00:00+02:00,24.95,34.21731,8.1,0.0,1006.8583,0.0,10.134495,680.0,104.0,784.0
2025-08-18 15:00:00+02:00,25.6,32.919224,8.1,0.0,1006.7851,0.0,10.383987,658.0,101.0,759.0
2025-08-18 16:00:00+02:00,26.1,31.741959,8.0,0.0,1006.11316,0.0,9.511088,588.0,97.0,685.0
2025-08-18 17:00:00+02:00,26.45,30.672419,7.8,0.0,1005.5338,0.0,9.179999,481.0,90.0,571.0
2025-08-18 18:00:00+02:00,26.3,31.369038,8.0,0.0,1005.1328,0.0,9.257321,345.0,80.0,425.0
2025-08-18 19:00:00+02:00,25.85,32.434788,8.1,0.0,1004.81854,0.0,8.775807,198.0,66.0,264.0
2025-08-18 20:00:00+02:00,24.6,36.88464,8.9,0.0,1004.6702,0.0,7.3997297,67.0,43.0,110.0
2025-08-18 21:00:00+02:00,22.7,43.643154,9.7,0.0,1004.7915,0.0,9.080639,4.0,7.0,11.0
2025-08-18 22:00:00+02:00,21.75,47.496696,10.1,0.0,1004.8521,0.0,7.5363917,0.0,0.0,0.0
2025-08-18 23:00:00+02:00,20.35,53.339413,10.55,0.0,1004.6962,0.0,10.070353,0.0,0.0,0.0
2025-08-19 00:00:00+02:00,19.1,59.391293,11.0,0.0,1004.44714,0.0,10.144082,0.0,0.0,0.0
2025-08-19 01:00:00+02:00,18.4,60.419273,10.6,0.0,1004.3194,0.0,9.807935,0.0,0.0,0.0
2025-08-19 02:00:00+02:00,17.95,61.12346,10.35,0.0,1004.3996,0.0,7.7734165,0.0,0.0,0.0
2025-08-19 03:00:00+02:00,16.65,66.13656,10.3,0.0,1004.2463,0.0,8.2584505,0.0,0.0,0.0
2025-08-19 04:00:00+02:00,16.05,68.02692,10.15,0.0,1003.9246,3.0,9.12513,0.0,0.0,0.0
2025-08-19 05:00:00+02:00,15.65,68.63112,9.9,0.0,1003.7103,2.0,9.693296,0.0,0.0,0.0
2025-08-19 06:00:00+02:00,15.2,69.93398,9.75,0.0,1003.6911,0.0,9.039514,0.0,0.0,0.0
2025-08-19 07:00:00+02:00,15.0,70.83889,9.75,0.0,1003.4851,0.0,9.688281,4.0,7.0,11.0
2025-08-19 08:00:00+02:00,16.45,66.09386,10.1,0.0,1003.4477,0.0,10.094454,68.0,43.0,111.0
2025-08-19 09:00:00+02:00,18.9,55.511868,9.8,0.0,1003.4509,0.0,8.65873,198.0,67.0,265.0
2025-08-19 10:00:00+02:00,21.25,47.678673,9.7,0.0,1003.2506,0.0,7.6367526,345.0,82.0,427.0
2025-08-19 11:00:00+02:00,23.7,41.638126,9.9,0.0,1002.9543,0.0,5.904439,480.0,91.0,571.0
2025-08-19 12:00:00+02:00,26.0,36.418476,9.95,0.0,1002.5511,0.0,5.8048253,587.0,97.0,684.0
2025-08-19 13:00:00+02:00,27.65,30.078362,8.55,0.0,1001.82495,0.0,6.279395,655.0,100.0,755.0
2025-08-19 14:00:00+02:00,28.55,27.684103,8.1,0.0,1001.2668,0.0,6.1305785,679.0,101.0,780.0
2025-08-19 15:00:00+02:00,29.45,26.547771,8.25,0.0,1000.6094,0.0,4.5891175,653.0,100.0,753.0
2025-08-19 16:00:00+02:00,29.75,25.828442,8.1,0.0,1000.028,0.0,4.978554,583.0,96.0,679.0
2025-08-19 17:00:00+02:00,29.85,25.506355,8.0,0.0,999.43866,0.0,5.6492476,476.0,89.0,565.0
2025-08-19 18:00:00+02:00,29.55,26.127743,8.1,0.0,999.03204,0.0,6.2613096,341.0,79.0,420.0
2025-08-19 19:00:00+02:00,28.8,27.658298,8.3,0.0,998.9043,0.0,8.865799,197.0,63.0,260.0
2025-08-19 20:00:00+02:00,27.2,31.62063,8.9,0.0,998.8425,0.0,11.481968,66.0,40.0,106.0
2025-08-19 21:00:00+02:00,25.2,35.467625,8.85,0.0,998.9618,41.0,11.032987,3.0,6.0,9.0
2025-08-19 22:00:00+02:00,24.3,37.30042,8.8,0.0,998.8276,98.0,9.734988,0.0,0.0,0.0
2025-08-19 23:00:00+02:00,23.2,40.805252,9.15,0.0,998.48724,89.0,8.320986,0.0,0.0,0.0
2025-08-20 00:00:00+02:00,21.75,46.86542,9.9,0.0,998.3303,96.0,5.072041,0.0,0.0,0.0
2025-08-20 01:00:00+02:00,20.7,52.200554,10.55,0.0,998.0901,92.0,4.5891175,0.0,0.0,0.0
2025-08-20 02:00:00+02:00,20.25,53.669903,10.55,0.0,998.07184,1.0,7.0774574,0.0,0.0,0.0
2025-08-20 03:00:00+02:00,17.8,65.290924,11.2,0.0,997.87256,0.0,9.313152,0.0,0.0,0.0
2025-08-20 04:00:00+02:00,17.3,68.0558,11.35,0.0,997.55554,0.0,10.348043,0.0,0.0,0.0
2025-08-20 05:00:00+02:00,16.85,68.416794,11.0,0.0,997.6355,0.0,6.873078,0.0,0.0,0.0
2025-08-20 06:00:00+02:00,16.45,68.33579,10.6,0.0,997.61884,0.0,7.8954163,0.0,0.0,0.0
2025-08-20 07:00:00+02:00,16.4,66.304474,10.1,0.0,997.7155,48.0,11.183201,3.0,7.0,10.0
2025-08-20 08:00:00+02:00,17.8,61.49759,10.3,0.0,997.7738,37.0,6.9480934,62.0,43.0,105.0
2025-08-20 09:00:00+02:00,19.6,58.72865,11.3,0.0,998.0453,12.0,7.256032,186.0,69.0,255.0
2025-08-20 10:00:00+02:00,21.65,54.030186,11.95,0.0,998.12866,59.0,9.901636,310.0,96.0,406.0
2025-08-20 11:00:00+02:00,23.75,46.4821,11.6,0.0,997.8174,100.0,8.738811,460.0,97.0,557.0
2025-08-20 12:00:00+02:00,25.6,40.934177,11.35,0.0,997.8904,6.0,6.945761,558.0,109.0,667.0
2025-08-20 13:00:00+02:00,27.1,37.21842,11.25,0.0,997.257,5.0,8.297589,640.0,102.0,742.0
2025-08-20 14:00:00+02:00,28.3,33.453735,10.7,0.0,996.9083,15.0,9.904906,680.0,97.0,777.0
2025-08-20 15:00:00+02:00,28.4,34.61103,11.3,0.0,997.0109,100.0,10.132897,552.0,131.0,683.0
2025-08-20 16:00:00+02:00,28.25,35.61404,11.6,0.0,996.70856,100.0,11.157096,431.0,152.0,583.0
2025-08-20 17:00:00+02:00,27.5,37.826576,11.85,0.0,996.2844,100.0,12.399112,198.0,188.0,386.0
2025-08-20 18:00:00+02:00,27.05,39.223515,12.0,0.0,995.97034,100.0,12.487641,75.0,174.0,249.0
2025-08-20 19:00:00+02:00,26.4,40.219646,11.8,0.0,995.94507,100.0,13.125196,13.0,118.0,131.0
2025-08-20 20:00:00+02:00,25.25,44.060104,12.15,0.0,996.0977,100.0,12.703715,0.0,54.0,54.0
2025-08-20 21:00:00+02:00,23.75,48.039986,12.1,0.0,996.6315,100.0,14.810401,0.0,5.0,5.0
2025-08-20 22:00:00+02:00,22.4,49.610123,11.35,0.0,997.0718,100.0,16.712881,0.0,0.0,0.0
2025-08-20 23:00:00+02:00,21.2,51.469864,10.8,0.0,997.0235,100.0,16.244936,0.0,0.0,0.0
2025-08-21 00:00:00+02:00,20.3,53.504383,10.55,0.0,996.9869,100.0,14.372974,0.0,0.0,0.0
2025-08-21 01:00:00+02:00,19.7,54.24787,10.2,0.0,996.76483,100.0,13.091829,0.0,0.0,0.0
2025-08-21 02:00:00+02:00,19.05,56.11008,10.1,0.0,996.8371,100.0,12.601285,0.0,0.0,0.0
2025-08-21 03:00:00+02:00,18.15,61.374268,10.6,0.0,996.4049,98.0,10.30883,0.0,0.0,0.0
2025-08-21 04:00:00+02:00,17.5,64.15069,10.65,0.0,996.08167,97.0,9.178235,0.0,0.0,0.0
2025-08-21 05:00:00+02:00,17.0,66.43172,10.7,0.0,995.96216,89.0,9.565437,0.0,0.0,0.0
2025-08-21 06:00:00+02:00,16.45,68.10863,10.55,0.0,995.74176,100.0,8.996398,0.0,0.0,0.0
2025-08-21 07:00:00+02:00,16.15,68.27487,10.3,0.0,995.8281,100.0,10.028439,1.0,7.0,8.0
2025-08-21 08:00:00+02:00,17.05,63.624245,10.1,0.0,995.9644,98.0,7.8954163,35.0,55.0,90.0
2025-08-21 09:00:00+02:00,18.85,57.77131,10.35,0.0,996.0386,100.0,7.748368,136.0,96.0,232.0
2025-08-21 10:00:00+02:00,20.7,53.60784,10.95,0.0,996.3115,100.0,7.6579366,239.0,136.0,375.0
2025-08-21 11:00:00+02:00,22.8,48.25999,11.3,0.0,996.396,92.0,8.197414,389.0,136.0,525.0
2025-08-21 12:00:00+02:00,24.6,43.160313,11.25,0.0,996.26996,89.0,10.534229,490.0,149.0,639.0
2025-08-21 13:00:00+02:00,25.8,39.392857,10.95,0.0,996.2181,97.0,12.007498,582.0,139.0,721.0
2025-08-21 14:00:00+02:00,26.6,36.587566,10.55,0.0,996.2493,100.0,13.619471,553.0,162.0,715.0
2025-08-21 15:00:00+02:00,26.8,35.089645,10.1,0.0,996.55365,35.0,14.383114,547.0,116.0,663.0
2025-08-21 16:00:00+02:00,27.0,32.537857,9.15,0.0,996.5614,9.0,14.973576,502.0,123.0,625.0
2025-08-21 17:00:00+02:00,26.95,30.19065,8.0,0.0,996.46075,8.0,14.056144,416.0,112.0,528.0
2025-08-21 18:00:00+02:00,26.85,28.268326,6.95,0.0,996.35785,22.0,14.49531,302.0,94.0,396.0
2025-08-21 19:00:00+02:00,25.0,34.699055,8.35,0.0,996.97736,92.0,19.3104,106.0,78.0,184.0
2025-08-21 20:00:00+02:00,23.8,38.43729,8.8,0.0,997.918,30.0,16.913296,36.0,44.0,80.0
2025-08-21 21:00:00+02:00,22.6,41.32822,8.8,0.0,999.155,21.0,14.357185,1.0,5.0,6.0
2025-08-21 22:00:00+02:00,21.65,43.20271,8.6,0.0,999.90735,13.0,14.4415655,0.0,0.0,0.0
2025-08-21 23:00:00+02:00,20.5,46.207344,8.55,0.0,1000.55225,64.0,13.619471,0.0,0.0,0.0
2025-08-22 00:00:00+02:00,19.55,48.019947,8.25,0.0,1001.20526,30.0,18.532133,0.0,0.0,0.0
2025-08-22 01:00:00+02:00,18.5,52.50017,8.6,0.0,1001.9523,96.0,16.343367,0.0,0.0,0.0
2025-08-22 02:00:00+02:00,17.35,54.929394,8.2,0.0,1002.59607,99.0,17.935081,0.0,0.0,0.0
2025-08-22 03:00:00+02:00,16.45,56.019444,7.65,0.0,1003.1513,78.0,16.344355,0.0,0.0,0.0
2025-08-22 04:00:00+02:00,15.4,58.691467,7.35,0.0,1003.6996,98.0,13.767352,0.0,0.0,0.0
2025-08-22 05:00:00+02:00,14.95,59.592464,7.15,0.0,1004.076,42.0,12.346741,0.0,0.0,0.0
2025-08-22 06:00:00+02:00,14.3,62.357777,7.2,0.0,1004.4433,19.0,10.158444,0.0,0.0,0.0
2025-08-22 07:00:00+02:00,13.6,65.92679,7.35,0.0,1004.80853,8.0,8.849339,2.0,6.0,8.0
2025-08-22 08:00:00+02:00,14.3,63.000526,7.35,0.0,1005.43115,4.0,8.32877,59.0,43.0,102.0
2025-08-22 09:00:00+02:00,15.5,57.72143,7.2,0.0,1005.7786,0.0,8.951267,187.0,70.0,257.0
2025-08-22 10:00:00+02:00,17.05,48.487762,6.1,0.0,1005.9429,31.0,9.781473,342.0,83.0,425.0
2025-08-22 11:00:00+02:00,18.7,40.076427,4.85,0.0,1005.9125,59.0,9.087772,446.0,107.0,553.0
2025-08-22 12:00:00+02:00,19.75,35.49705,4.05,0.0,1005.8573,48.0,8.766573,382.0,209.0,591.0
2025-08-22 13:00:00+02:00,20.75,31.210241,3.1,0.0,1005.5032,19.0,8.187527,368.0,236.0,604.0
2025-08-22 14:00:00+02:00,21.7,28.51985,2.65,0.0,1005.1464,20.0,6.502461,498.0,196.0,694.0
2025-08-22 15:00:00+02:00,21.35,28.019554,2.1,0.0,1005.8239,75.0,9.5416975,408.0,233.0,641.0
2025-08-22 16:00:00+02:00,21.45,28.24797,2.3,0.0,1005.63043,90.0,12.632101,384.0,198.0,582.0
2025-08-22 17:00:00+02:00,20.9,29.84729,2.6,0.0,1005.5091,68.0,11.734564,299.0,183.0,482.0
2025-08-22 18:00:00+02:00,20.75,30.662868,2.85,0.0,1005.40436,93.0,12.992459,272.0,109.0,381.0
2025-08-22 19:00:00+02:00,19.55,35.31497,3.8,0.0,1005.4539,68.0,11.952054,115.0,99.0,214.0
2025-08-22 20:00:00+02:00,18.85,36.50163,3.65,0.0,1005.6225,91.0,11.052058,23.0,48.0,71.0
2025-08-22 21:00:00+02:00,17.85,43.767593,5.35,0.0,1005.8772,100.0,11.226575,0.0,4.0,4.0
2025-08-22 22:00:00+02:00,17.3,46.74782,5.8,0.0,1006.05206,100.0,8.139901,0.0,0.0,0.0
2025-08-22 23:00:00+02:00,16.6,49.20733,5.9,0.0,1006.1215,100.0,6.1120534,0.0,0.0,0.0
2025-08-23 00:00:00+02:00,16.2,50.47604,5.9,0.0,1006.10443,100.0,7.1321807,0.0,0.0,0.0
2025-08-23 01:00:00+02:00,15.7,52.113796,5.9,0.0,1006.08325,100.0,7.42159,0.0,0.0,0.0
2025-08-23 02:00:00+02:00,15.35,54.598896,6.25,0.0,1005.96985,41.0,6.792466,0.0,0.0,0.0
2025-08-23 03:00:00+02:00,14.5,61.767746,7.25,0.0,1006.13116,67.0,5.0432134,0.0,0.0,0.0
2025-08-23 04:00:00+02:00,14.45,65.66304,8.1,0.0,1005.93134,98.0,4.060985,0.0,0.0,0.0
2025-08-23 05:00:00+02:00,14.1,69.482185,8.6,0.0,1005.81775,23.0,4.3349743,0.0,0.0,0.0
2025-08-23 06:00:00+02:00,13.05,76.431,9.0,0.0,1005.6738,5.0,2.7059932,0.0,0.0,0.0
2025-08-23 07:00:00+02:00,12.7,79.26179,9.2,0.0,1005.85626,51.0,3.5455887,2.0,5.0,7.0
2025-08-23 08:00:00+02:00,14.0,72.579025,9.15,0.0,1006.10974,100.0,4.599695,39.0,47.0,86.0
2025-08-23 09:00:00+02:00,15.15,65.15088,8.65,0.0,1006.3565,100.0,5.0911684,22.0,100.0,122.0
2025-08-23 10:00:00+02:00,15.05,64.90891,8.5,0.1,1006.64844,100.0,4.9785542,0.0,68.0,68.0
2025-08-23 11:00:00+02:00,15.55,61.802948,8.25,0.0,1006.76843,100.0,5.2478566,2.0,101.0,103.0
2025-08-23 12:00:00+02:00,17.25,53.612152,7.75,0.0,1006.7414,68.0,8.477216,52.0,191.0,243.0
2025-08-23 13:00:00+02:00,18.6,48.08602,7.4,0.0,1006.40247,100.0,13.577776,162.0,206.0,368.0
2025-08-23 14:00:00+02:00,18.55,49.06658,7.65,0.0,1006.4006,92.0,14.408997,73.0,155.0,228.0
2025-08-23 15:00:00+02:00,18.75,50.645863,8.3,0.2,1006.6064,91.0,14.266632,81.0,234.0,315.0
2025-08-23 16:00:00+02:00,18.65,51.13658,8.35,0.0,1006.5035,99.0,12.972494,36.0,184.0,220.0
2025-08-23 17:00:00+02:00,19.0,49.35649,8.15,0.0,1006.51807,96.0,13.032298,88.0,175.0,263.0
2025-08-23 18:00:00+02:00,18.7,49.44281,7.9,0.0,1006.4065,33.0,10.383987,88.0,92.0,180.0
2025-08-23 19:00:00+02:00,18.75,47.47461,7.35,0.0,1006.21124,27.0,8.574123,61.0,82.0,143.0
2025-08-23 20:00:00+02:00,17.95,49.238457,7.15,0.0,1006.4744,32.0,7.282774,38.0,39.0,77.0
2025-08-23 21:00:00+02:00,16.7,56.083027,7.9,0.0,1007.01465,29.0,5.12289,1.0,3.0,4.0
2025-08-23 22:00:00+02:00,16.0,61.07584,8.5,0.0,1007.2816,35.0,4.293669,0.0,0.0,0.0
2025-08-23 23:00:00+02:00,15.1,62.54288,8.0,0.0,1007.5398,14.0,5.9427266,0.0,0.0,0.0
2025-08-24 00:00:00+02:00,14.1,64.69886,7.55,0.0,1007.79346,3.0,5.068846,0.0,0.0,0.0
2025-08-24 01:00:00+02:00,13.1,70.23293,7.8,0.0,1007.75037,6.0,4.278551,0.0,0.0,0.0
2025-08-24 02:00:00+02:00,12.45,73.78603,7.9,0.0,1008.01855,8.0,4.0449967,0.0,0.0,0.0
2025-08-24 03:00:00+02:00,10.25,80.5419,7.05,0.0,1008.2186,97.0,5.004518,0.0,0.0,0.0
2025-08-24 04:00:00+02:00,9.9,79.942184,6.6,0.0,1008.20306,4.0,6.048107,0.0,0.0,0.0
2025-08-24 05:00:00+02:00,9.35,80.69447,6.2,0.0,1008.2775,1.0,5.8603754,0.0,0.0,0.0
2025-08-24 06:00:00+02:00,9.0,81.76825,6.05,0.0,1008.26196,0.0,5.994297,0.0,0.0,0.0
2025-08-24 07:00:00+02:00,9.05,81.21219,6.0,0.0,1008.363,0.0,6.6405115,2.0,5.0,7.0
2025-08-24 08:00:00+02:00,10.55,73.95517,6.1,0.0,1008.627,0.0,5.509882,55.0,42.0,97.0
2025-08-24 09:00:00+02:00,13.2,62.747093,6.25,0.0,1008.7427,0.0,3.7971041,179.0,70.0,249.0
2025-08-24 10:00:00+02:00,15.9,51.987576,6.05,0.0,1008.8579,0.0,3.3092594,328.0,85.0,413.0
2025-08-24 11:00:00+02:00,18.1,44.29633,5.75,0.0,1008.75287,2.0,3.319036,461.0,98.0,559.0
2025-08-24 12:00:00+02:00,19.8,36.26564,4.4,0.0,1008.7247,92.0,3.8183763,557.0,103.0,660.0
2025-08-24 13:00:00+02:00,20.4,33.85925,3.95,0.0,1008.3541,67.0,4.4274144,297.0,257.0,554.0
2025-08-24 14:00:00+02:00,21.5,29.911488,3.15,0.0,1007.905,98.0,5.0432134,335.0,256.0,591.0
2025-08-24 15:00:00+02:00,21.25,32.134064,3.95,0.0,1008.09247,97.0,5.0911684,315.0,252.0,567.0
2025-08-24 16:00:00+02:00,21.6,30.904707,3.7,0.0,1007.6127,86.0,6.542201,321.0,190.0,511.0
2025-08-24 17:00:00+02:00,21.75,29.87667,3.35,0.0,1007.4213,36.0,5.6492476,335.0,156.0,491.0
2025-08-24 18:00:00+02:00,21.55,28.782663,2.65,0.0,1007.0178,7.0,0.9693296,197.0,126.0,323.0
2025-08-24 19:00:00+02:00,21.45,27.356068,1.85,0.0,1006.91504,63.0,3.06,148.0,76.0,224.0
2025-08-24 20:00:00+02:00,20.25,31.067438,2.6,0.0,1006.6683,5.0,5.983477,33.0,41.0,74.0
2025-08-24 21:00:00+02:00,17.95,40.422756,4.3,0.0,1007.5612,7.0,6.444905,1.0,3.0,4.0
2025-08-24 22:00:00+02:00,16.5,49.864464,6.0,0.0,1007.79645,0.0,3.2048087,0.0,0.0,0.0
2025-08-24 23:00:00+02:00,15.9,51.097095,5.8,0.0,1007.87,0.0,7.7420926,0.0,0.0,0.0
2025-08-25 00:00:00+02:00,15.15,53.058697,5.65,0.0,1008.3323,0.0,12.241323,0.0,0.0,0.0
2025-08-25 01:00:00+02:00,14.25,55.840775,5.55,0.0,1008.29364,0.0,10.99769,0.0,0.0,0.0
2025-08-25 02:00:00+02:00,13.75,56.885864,5.35,0.0,1008.17334,0.0,9.595874,0.0,0.0,0.0
2025-08-25 03:00:00+02:00,10.95,67.42699,5.15,0.0,1008.1506,0.0,5.6060677,0.0,0.0,0.0
2025-08-25 04:00:00+02:00,9.8,74.33563,5.45,0.0,1008.0999,0.0,4.7110505,0.0,0.0,0.0
2025-08-25 05:00:00+02:00,9.1,78.730034,5.6,0.0,1008.16766,0.0,4.4456716,0.0,0.0,0.0
2025-08-25 06:00:00+02:00,8.8,80.339584,5.6,0.0,1008.15436,0.0,5.004518,0.0,0.0,0.0
2025-08-25 07:00:00+02:00,8.5,81.70239,5.55,0.0,1008.23987,0.0,4.8366103,2.0,4.0,6.0
2025-08-25 08:00:00+02:00,9.95,74.36201,5.6,0.0,1008.2053,0.0,5.4744864,58.0,39.0,97.0
2025-08-25 09:00:00+02:00,12.5,61.508347,5.3,0.0,1008.2184,91.0,3.3043609,190.0,65.0,255.0
2025-08-25 10:00:00+02:00,15.45,49.232582,4.85,0.0,1008.4437,60.0,3.148714,336.0,82.0,418.0
2025-08-25 11:00:00+02:00,18.15,39.362366,4.1,0.0,1008.5574,98.0,3.219938,472.0,93.0,565.0
2025-08-25 12:00:00+02:00,19.95,34.44953,3.8,0.0,1008.13806,96.0,3.219938,563.0,112.0,675.0
2025-08-25 13:00:00+02:00,21.2,32.11977,3.9,0.0,1007.4977,100.0,2.1749482,596.0,139.0,735.0
2025-08-25 14:00:00+02:00,22.2,30.642609,4.1,0.0,1007.04407,100.0,1.659518,582.0,167.0,749.0
2025-08-25 15:00:00+02:00,23.05,27.703821,3.4,0.0,1006.288,99.0,2.5582807,482.0,211.0,693.0
2025-08-25 16:00:00+02:00,23.4,26.838495,3.25,0.0,1005.5117,94.0,2.5959969,435.0,189.0,624.0
2025-08-25 17:00:00+02:00,23.6,26.14461,3.05,0.0,1004.82776,87.0,2.8116899,417.0,119.0,536.0
2025-08-25 18:00:00+02:00,23.35,26.824697,3.2,0.0,1004.32355,70.0,2.995797,294.0,98.0,392.0
2025-08-25 19:00:00+02:00,22.75,28.713154,3.65,0.0,1004.00323,7.0,3.693291,165.0,69.0,234.0
2025-08-25 20:00:00+02:00,21.1,33.236946,4.3,0.0,1003.63995,0.0,6.1305785,49.0,35.0,84.0
2025-08-25 21:00:00+02:00,19.2,39.66511,5.15,0.0,1004.1549,0.0,6.989936,1.0,2.0,3.0
2025-08-25 22:00:00+02:00,17.65,45.884853,5.85,0.0,1004.0905,0.0,3.9477081,0.0,0.0,0.0
2025-08-25 23:00:00+02:00,16.75,51.85765,6.8,0.0,1004.05304,34.0,2.8174455,0.0,0.0,0.0
2025-08-26 00:00:00+02:00,15.8,56.237415,7.1,0.0,1003.81537,22.0,2.8460495,0.0,0.0,0.0
2025-08-26 01:00:00+02:00,15.45,57.90672,7.2,0.0,1003.6031,61.0,6.6087217,0.0,0.0,0.0
2025-08-26 02:00:00+02:00,14.4,63.023464,7.45,0.0,1003.65717,37.0,8.536252,0.0,0.0,0.0
2025-08-26 03:00:00+02:00,11.5,72.61386,6.75,0.0,1003.3348,74.0,6.601363,0.0,0.0,0.0
2025-08-26 04:00:00+02:00,11.1,74.30734,6.7,0.0,1003.1199,79.0,7.995323,0.0,0.0,0.0
2025-08-26 05:00:00+02:00,10.65,77.88713,6.95,0.0,1003.00165,33.0,7.029225,0.0,0.0,0.0
2025-08-26 06:00:00+02:00,10.1,82.47419,7.25,0.0,1002.5822,100.0,7.2649574,0.0,0.0,0.0
2025-08-26 07:00:00+02:00,10.0,83.59702,7.35,0.0,1002.67664,16.0,6.4924874,0.0,5.0,5.0
2025-08-26 08:00:00+02:00,11.35,76.67589,7.4,0.0,1002.637,0.0,4.3536186,50.0,40.0,90.0
2025-08-26 09:00:00+02:00,14.25,61.287556,6.9,0.0,1002.46533,0.0,2.1674871,182.0,64.0,246.0
2025-08-26 10:00:00+02:00,17.5,46.803658,6.0,0.0,1002.3059,8.0,0.71999997,332.0,77.0,409.0
2025-08-26 11:00:00+02:00,20.55,35.727676,4.85,0.0,1002.1354,34.0,2.2768397,468.0,86.0,554.0
2025-08-26 12:00:00+02:00,22.95,29.900318,4.4,0.0,1001.63934,89.0,4.5891175,555.0,106.0,661.0
2025-08-26 13:00:00+02:00,25.0,27.279287,4.85,0.0,1001.1282,100.0,6.689125,609.0,119.0,728.0
2025-08-26 14:00:00+02:00,26.4,24.84429,4.7,0.0,1000.5903,100.0,8.707237,479.0,212.0,691.0
2025-08-26 15:00:00+02:00,27.6,23.07261,4.65,0.0,999.8463,98.0,9.997699,501.0,185.0,686.0
2025-08-26 16:00:00+02:00,27.95,23.652512,5.3,0.0,999.2667,99.0,9.906544,361.0,219.0,580.0
2025-08-26 17:00:00+02:00,28.2,25.765265,6.75,0.0,998.7823,99.0,9.021574,396.0,122.0,518.0
2025-08-26 18:00:00+02:00,27.8,28.047989,7.65,0.0,998.3715,100.0,8.297589,207.0,137.0,344.0
2025-08-26 19:00:00+02:00,27.5,29.034304,7.9,0.0,998.0635,100.0,6.2145634,72.0,112.0,184.0
2025-08-26 20:00:00+02:00,25.75,34.44345,8.9,0.0,997.69867,100.0,2.995797,16.0,44.0,60.0
2025-08-26 21:00:00+02:00,24.75,36.309483,8.8,0.0,997.8569,100.0,5.0911684,0.0,1.0,1.0
2025-08-26 22:00:00+02:00,23.6,39.29879,8.95,0.0,997.7125,100.0,8.709098,0.0,0.0,0.0
2025-08-26 23:00:00+02:00,22.7,42.629356,9.35,0.0,997.7754,100.0,4.896529,0.0,0.0,0.0
2025-08-27 00:00:00+02:00,22.0,52.88774,11.95,0.3,997.9452,100.0,0.76367533,0.0,0.0,0.0
2025-08-27 01:00:00+02:00,22.4,49.77455,11.4,0.0,997.4671,100.0,8.790563,0.0,0.0,0.0
2025-08-27 02:00:00+02:00,21.95,58.716442,13.5,0.0,997.6464,8.0,14.913952,0.0,0.0,0.0
2025-08-27 03:00:00+02:00,19.25,78.15325,15.35,0.0,998.32733,15.0,9.7880945,0.0,0.0,0.0
2025-08-27 04:00:00+02:00,19.2,76.65384,15.0,0.0,998.4242,14.0,8.783189,0.0,0.0,0.0
2025-08-27 05:00:00+02:00,19.2,77.396675,15.15,0.0,998.523,21.0,10.296251,0.0,0.0,0.0
2025-08-27 06:00:00+02:00,18.8,81.154724,15.5,0.0,998.6052,45.0,8.967541,0.0,0.0,0.0
2025-08-27 07:00:00+02:00,18.45,86.19532,16.1,0.0,998.8875,21.0,9.939196,1.0,3.0,4.0
2025-08-27 08:00:00+02:00,19.35,84.65733,16.7,0.0,999.2209,41.0,9.97986,43.0,39.0,82.0
2025-08-27 09:00:00+02:00,20.8,78.879265,17.0,0.0,999.27997,3.0,9.931042,129.0,86.0,215.0
2025-08-27 10:00:00+02:00,22.6,69.7715,16.8,0.0,999.2539,20.0,10.4493065,306.0,83.0,389.0
2025-08-27 11:00:00+02:00,24.05,62.51753,16.45,0.0,999.4104,22.0,10.630672,332.0,143.0,475.0
2025-08-27 12:00:00+02:00,25.5,55.71068,16.0,0.0,998.9737,16.0,12.267763,481.0,124.0,605.0
2025-08-27 13:00:00+02:00,26.45,50.843647,15.45,0.0,998.3189,21.0,13.934605,540.0,126.0,666.0
2025-08-27 14:00:00+02:00,27.2,48.183628,15.3,0.0,997.7553,25.0,13.33094,491.0,167.0,658.0
2025-08-27 15:00:00+02:00,27.9,46.847317,15.5,0.0,997.6835,100.0,13.504799,307.0,240.0,547.0
2025-08-27 16:00:00+02:00,25.65,55.216778,16.0,0.0,997.29956,94.0,11.334285,35.0,210.0,245.0
2025-08-27 17:00:00+02:00,26.2,56.06094,16.75,0.0,996.72784,37.0,10.316686,157.0,218.0,375.0
2025-08-27 18:00:00+02:00,25.8,58.1366,16.95,0.0,996.61346,96.0,16.584438,197.0,100.0,297.0
2025-08-27 19:00:00+02:00,24.75,63.67157,17.4,0.0,996.5721,59.0,13.432632,34.0,102.0,136.0
2025-08-27 20:00:00+02:00,23.7,68.45473,17.55,0.1,996.3331,80.0,9.659814,25.0,38.0,63.0
2025-08-27 21:00:00+02:00,19.75,92.21591,18.45,3.9,997.2611,96.0,9.220499,0.0,1.0,1.0
2025-08-27 22:00:00+02:00,19.1,97.83901,18.75,1.4,996.83923,99.0,6.151683,0.0,0.0,0.0
2025-08-27 23:00:00+02:00,18.8,99.37693,18.7,0.0,996.72797,100.0,5.2478566,0.0,0.0,0.0
2025-08-28 00:00:00+02:00,18.75,99.0663,18.6,0.0,996.3309,100.0,4.6102495,0.0,0.0,0.0
2025-08-28 01:00:00+02:00,18.75,97.83326,18.4,0.0,995.73804,100.0,5.4149795,0.0,0.0,0.0
2025-08-28 02:00:00+02:00,18.55,98.13748,18.25,0.0,995.43353,100.0,3.4949677,0.0,0.0,0.0
2025-08-28 03:00:00+02:00,18.55,96.00303,17.9,0.0,995.0383,100.0,3.572898,0.0,0.0,0.0
2025-08-28 04:00:00+02:00,18.45,97.52151,18.05,2.1,995.2318,100.0,1.5484185,0.0,0.0,0.0
2025-08-28 05:00:00+02:00,18.05,95.68534,17.35,5.8,995.21533,100.0,1.9881649,0.0,0.0,0.0
2025-08-28 06:00:00+02:00,17.75,98.126114,17.45,1.9,994.51117,100.0,4.942631,0.0,0.0,0.0
2025-08-28 07:00:00+02:00,17.65,99.05846,17.5,0.5,994.6059,100.0,5.2478566,0.0,1.0,1.0
2025-08-28 08:00:00+02:00,18.0,98.43923,17.75,0.7,994.6203,100.0,4.752136,0.0,19.0,19.0
2025-08-28 09:00:00+02:00,18.15,97.82342,17.8,0.7,994.82416,100.0,7.7734165,0.0,53.0,53.0
2025-08-28 10:00:00+02:00,18.15,98.441,17.9,1.1,994.52765,100.0,7.040739,0.0,34.0,34.0
2025-08-28 11:00:00+02:00,18.4,97.520615,18.0,0.9,994.34045,100.0,10.706596,0.0,93.0,93.0
2025-08-28 12:00:00+02:00,19.45,89.90846,17.75,0.4,994.38354,100.0,12.738099,6.0,197.0,203.0
2025-08-28 13:00:00+02:00,20.0,84.19352,17.25,0.0,993.9116,100.0,10.825469,6.0,175.0,181.0
2025-08-28 14:00:00+02:00,21.55,75.09317,16.95,0.0,993.6779,100.0,8.55142,31.0,279.0,310.0
2025-08-28 15:00:00+02:00,22.6,72.70149,17.45,0.0,993.8189,100.0,13.737904,110.0,314.0,424.0
2025-08-28 16:00:00+02:00,20.5,76.125114,16.15,0.5,993.8331,100.0,14.51876,35.0,232.0,267.0
2025-08-28 17:00:00+02:00,20.7,77.870575,16.7,0.0,993.74243,100.0,10.571074,24.0,189.0,213.0
2025-08-28 18:00:00+02:00,18.7,88.72133,16.8,0.8,993.8586,100.0,12.966248,29.0,151.0,180.0
2025-08-28 19:00:00+02:00,18.75,90.71416,17.2,0.1,993.0704,99.0,6.9480934,0.0,81.0,81.0
2025-08-28 20:00:00+02:00,18.7,93.0323,17.55,0.0,993.26575,94.0,4.514377,7.0,46.0,53.0
2025-08-28 21:00:00+02:00,18.4,93.60661,17.35,0.0,993.6488,61.0,6.7205353,0.0,1.0,1.0
2025-08-28 22:00:00+02:00,17.65,95.67236,16.95,0.0,993.8155,76.0,8.528657,0.0,0.0,0.0
2025-08-28 23:00:00+02:00,17.2,96.8811,16.7,0.0,993.50037,83.0,8.187527,0.0,0.0,0.0
2025-08-29 00:00:00+02:00,16.8,97.801,16.45,0.0,993.4839,100.0,10.00256,0.0,0.0,0.0
2025-08-29 01:00:00+02:00,16.7,96.869255,16.2,0.0,993.0846,100.0,9.726664,0.0,0.0,0.0
2025-08-29 02:00:00+02:00,16.5,96.247856,15.9,0.0,993.0762,100.0,10.799999,0.0,0.0,0.0
2025-08-29 03:00:00+02:00,16.05,98.10168,15.75,0.0,992.56354,100.0,7.596341,0.0,0.0,0.0
2025-08-29 04:00:00+02:00,15.95,98.72991,15.75,0.0,992.5596,100.0,8.783189,0.0,0.0,0.0
2025-08-29 05:00:00+02:00,16.2,97.47884,15.8,0.3,992.76746,100.0,10.626099,0.0,0.0,0.0
2025-08-29 06:00:00+02:00,16.15,96.54662,15.6,0.6,992.76556,100.0,10.837435,0.0,0.0,0.0
2025-08-29 07:00:00+02:00,15.9,97.785835,15.55,0.2,993.0513,100.0,10.855358,0.0,1.0,1.0
2025-08-29 08:00:00+02:00,16.1,95.62149,15.4,0.1,992.9609,30.0,11.638917,0.0,22.0,22.0
2025-08-29 09:00:00+02:00,16.95,89.72323,15.25,0.0,992.7985,8.0,12.261157,94.0,85.0,179.0
2025-08-29 10:00:00+02:00,17.85,79.99007,14.35,0.0,992.7369,1.0,10.883676,293.0,89.0,382.0
2025-08-29 11:00:00+02:00,19.3,68.68277,13.4,0.0,992.59875,0.0,10.210936,438.0,95.0,533.0
2025-08-29 12:00:00+02:00,20.75,57.854034,12.15,0.0,992.36127,28.0,11.808878,550.0,97.0,647.0
2025-08-29 13:00:00+02:00,21.4,52.21062,11.2,0.1,991.8934,34.0,13.891522,505.0,132.0,637.0
2025-08-29 14:00:00+02:00,21.95,51.326946,11.45,0.2,991.4211,41.0,12.872201,504.0,133.0,637.0
2025-08-29 15:00:00+02:00,22.05,51.014927,11.45,0.0,991.4251,22.0,14.021525,491.0,130.0,621.0
2025-08-29 16:00:00+02:00,21.85,50.29073,11.05,0.2,991.6146,72.0,16.42346,465.0,110.0,575.0
2025-08-29 17:00:00+02:00,21.7,54.22119,12.05,0.2,991.3123,36.0,13.948548,313.0,119.0,432.0
2025-08-29 18:00:00+02:00,21.7,53.159653,11.75,0.0,991.1147,31.0,10.636766,220.0,94.0,314.0
2025-08-29 19:00:00+02:00,20.9,58.27208,12.4,0.0,991.0826,56.0,11.753876,109.0,68.0,177.0
2025-08-29 20:00:00+02:00,19.0,65.98063,12.5,0.0,991.0058,30.0,11.431062,18.0,28.0,46.0
2025-08-29 21:00:00+02:00,17.85,71.61129,12.65,0.0,991.7489,42.0,9.580668,0.0,1.0,1.0
2025-08-29 22:00:00+02:00,17.45,75.6334,13.1,0.0,992.12787,100.0,10.636766,0.0,0.0,0.0
2025-08-29 23:00:00+02:00,17.4,77.11995,13.35,0.1,992.32324,100.0,12.383424,0.0,0.0,0.0
2025-08-30 00:00:00+02:00,16.65,82.1986,13.6,0.2,992.8849,82.0,11.952054,0.0,0.0,0.0
2025-08-30 01:00:00+02:00,16.0,85.1166,13.5,0.0,992.85803,25.0,11.334285,0.0,0.0,0.0
2025-08-30 02:00:00+02:00,15.45,87.02362,13.3,0.0,992.9338,43.0,11.272657,0.0,0.0,0.0
2025-08-30 03:00:00+02:00,15.25,89.01314,13.45,0.0,993.5181,53.0,12.362475,0.0,0.0,0.0
2025-08-30 04:00:00+02:00,14.85,90.14995,13.25,0.0,994.09393,98.0,12.218805,0.0,0.0,0.0
2025-08-30 05:00:00+02:00,14.35,91.89879,13.05,0.0,994.36945,100.0,11.079873,0.0,0.0,0.0
2025-08-30 06:00:00+02:00,13.85,94.30607,12.95,0.0,994.7433,100.0,11.238113,0.0,0.0,0.0
2025-08-30 07:00:00+02:00,13.6,95.850426,12.95,0.0,995.32544,100.0,11.592894,0.0,2.0,2.0
2025-08-30 08:00:00+02:00,14.7,89.845215,13.05,0.0,995.66833,100.0,12.221457,5.0,46.0,51.0
2025-08-30 09:00:00+02:00,15.95,81.575485,12.8,0.0,996.5112,100.0,15.807239,40.0,113.0,153.0
2025-08-30 10:00:00+02:00,17.1,74.59216,12.55,0.0,997.0531,100.0,13.979872,46.0,159.0,205.0
2025-08-30 11:00:00+02:00,18.2,71.20899,12.9,0.0,997.49396,100.0,12.514855,146.0,193.0,339.0
2025-08-30 12:00:00+02:00,19.0,67.07052,12.75,0.0,997.7244,81.0,13.3649235,133.0,242.0,375.0
2025-08-30 13:00:00+02:00,19.65,63.781902,12.6,0.2,997.84985,38.0,13.752047,106.0,282.0,388.0
2025-08-30 14:00:00+02:00,19.65,62.538506,12.3,0.3,998.0474,30.0,14.14232,189.0,223.0,412.0
2025-08-30 15:00:00+02:00,17.75,74.21611,13.1,0.5,999.05597,46.0,12.172312,385.0,142.0,527.0
2025-08-30 16:00:00+02:00,19.5,69.84794,13.85,0.0,998.9305,20.0,9.807935,346.0,149.0,495.0
2025-08-30 17:00:00+02:00,20.75,62.37898,13.3,0.0,998.784,10.0,11.45513,378.0,107.0,485.0
2025-08-30 18:00:00+02:00,20.65,57.07265,11.85,0.0,998.7799,12.0,10.766949,244.0,96.0,340.0
2025-08-30 19:00:00+02:00,20.0,62.61773,12.65,0.0,998.6544,14.0,7.7420926,118.0,61.0,179.0
2025-08-30 20:00:00+02:00,18.5,72.908745,13.55,0.0,998.79065,7.0,7.415038,29.0,27.0,56.0
2025-08-30 21:00:00+02:00,17.6,75.65792,13.25,0.0,999.64246,5.0,9.087772,0.0,0.0,0.0
2025-08-30 22:00:00+02:00,17.05,76.06423,12.8,0.0,1000.0151,0.0,8.854829,0.0,0.0,0.0
2025-08-30 23:00:00+02:00,16.25,79.50703,12.7,0.0,1000.2778,2.0,8.37532,0.0,0.0,0.0
2025-08-31 00:00:00+02:00,15.65,82.88357,12.75,0.0,1000.35144,2.0,8.39657,0.0,0.0,0.0
2025-08-31 01:00:00+02:00,15.25,85.59482,12.85,0.0,1000.2357,2.0,8.461914,0.0,0.0,0.0
2025-08-31 02:00:00+02:00,14.85,87.538284,12.8,0.0,1000.12,4.0,8.320986,0.0,0.0,0.0
2025-08-31 03:00:00+02:00,14.45,87.78957,12.45,0.0,1000.30054,12.0,7.7420926,0.0,0.0,0.0
2025-08-31 04:00:00+02:00,14.25,88.93221,12.45,0.0,1000.29205,26.0,7.1321807,0.0,0.0,0.0
2025-08-31 05:00:00+02:00,14.15,89.803894,12.5,0.0,1000.2881,30.0,7.1684303,0.0,0.0,0.0
2025-08-31 06:00:00+02:00,14.0,90.680984,12.5,0.0,1000.2815,2.0,6.8777895,0.0,0.0,0.0
2025-08-31 07:00:00+02:00,13.85,91.26779,12.45,0.0,1000.37396,9.0,6.6624317,0.0,2.0,2.0
2025-08-31 08:00:00+02:00,14.85,88.980865,13.05,0.0,1000.51514,11.0,7.538541,39.0,35.0,74.0
2025-08-31 09:00:00+02:00,16.6,80.864975,13.3,0.0,1000.589,81.0,7.24486,126.0,80.0,206.0
2025-08-31 10:00:00+02:00,17.8,75.937325,13.5,0.0,1000.639,100.0,7.748368,135.0,112.0,247.0
2025-08-31 11:00:00+02:00,19.4,69.82863,13.75,0.0,1000.70483,85.0,8.694204,186.0,192.0,378.0
2025-08-31 12:00:00+02:00,20.6,65.25121,13.85,0.0,1000.45746,71.0,9.346143,164.0,243.0,407.0
2025-08-31 13:00:00+02:00,22.4,59.20683,14.05,0.0,999.9375,24.0,11.726277,335.0,230.0,565.0
2025-08-31 14:00:00+02:00,22.95,58.575726,14.4,0.0,999.46533,57.0,13.203954,183.0,295.0,478.0
2025-08-31 15:00:00+02:00,23.15,58.62361,14.6,0.0,999.5724,100.0,12.43434,111.0,298.0,409.0
2025-08-31 16:00:00+02:00,23.95,56.044445,14.65,0.0,998.9123,98.0,10.6261,145.0,249.0,394.0
2025-08-31 17:00:00+02:00,23.9,56.394703,14.7,0.0,998.61395,70.0,11.566313,127.0,182.0,309.0
2025-08-31 18:00:00+02:00,23.4,59.44356,15.05,0.0,998.19885,30.0,8.320986,79.0,131.0,210.0
2025-08-31 19:00:00+02:00,23.2,67.49522,16.85,0.0,997.59784,9.0,1.8532133,72.0,69.0,141.0
2025-08-31 20:00:00+02:00,21.6,71.606865,16.25,0.0,997.43475,26.0,1.98,25.0,27.0,52.0
2025-08-31 21:00:00+02:00,20.45,73.959625,15.65,0.0,997.58606,6.0,6.198903,0.0,0.0,0.0
2025-08-31 22:00:00+02:00,19.25,78.6561,15.45,0.0,997.43805,13.0,5.1575575,0.0,0.0,0.0
2025-08-31 23:00:00+02:00,18.4,79.80833,14.85,0.0,996.90924,84.0,5.0688457,0.0,0.0,0.0
2025-09-01 00:00:00+02:00,17.85,81.03037,14.55,0.0,996.68884,26.0,5.0528407,0.0,0.0,0.0
2025-09-01 01:00:00+02:00,17.45,81.24024,14.2,0.0,996.0798,95.0,5.0432134,0.0,0.0,0.0
2025-09-01 02:00:00+02:00,17.1,80.14645,13.65,0.0,995.8675,39.0,4.8633323,0.0,0.0,0.0
2025-09-01 03:00:00+02:00,16.65,78.53058,12.9,0.0,995.3548,99.0,4.6938252,0.0,0.0,0.0
2025-09-01 04:00:00+02:00,16.4,78.49372,12.65,0.0,995.44324,98.0,4.6277857,0.0,0.0,0.0
2025-09-01 05:00:00+02:00,16.4,76.71174,12.3,0.0,995.3445,100.0,1.0495713,0.0,0.0,0.0
2025-09-01 06:00:00+02:00,15.65,82.07312,12.6,0.0,994.91797,100.0,3.143565,0.0,0.0,0.0
2025-09-01 07:00:00+02:00,15.45,83.404236,12.65,0.0,995.30475,100.0,3.710795,0.0,1.0,1.0
2025-09-01 08:00:00+02:00,16.15,84.85623,13.6,0.1,995.8281,100.0,8.913181,0.0,26.0,26.0
2025-09-01 09:00:00+02:00,17.05,88.87083,15.2,0.2,996.162,100.0,7.7650757,3.0,73.0,76.0
2025-09-01 10:00:00+02:00,18.6,84.0374,15.85,0.4,997.01624,100.0,7.928177,35.0,148.0,183.0
2025-09-01 11:00:00+02:00,18.0,87.81933,15.95,0.2,997.4855,100.0,10.436895,16.0,76.0,92.0
2025-09-01 12:00:00+02:00,17.7,86.397896,15.4,0.1,997.7697,100.0,9.109138,5.0,110.0,115.0
2025-09-01 13:00:00+02:00,18.3,78.51768,14.5,0.1,997.89325,89.0,10.8792095,10.0,216.0,226.0
2025-09-01 14:00:00+02:00,20.3,66.25482,13.8,0.0,997.975,100.0,12.0921955,216.0,256.0,472.0
2025-09-01 15:00:00+02:00,20.4,70.02099,14.75,0.0,998.6708,31.0,9.437563,247.0,253.0,500.0
2025-09-01 16:00:00+02:00,21.25,66.23943,14.7,0.0,998.30994,100.0,10.404249,368.0,174.0,542.0
2025-09-01 17:00:00+02:00,20.7,66.76923,14.3,0.0,997.99133,100.0,10.464797,87.0,189.0,276.0
2025-09-01 18:00:00+02:00,19.95,70.84451,14.5,0.0,998.05963,100.0,9.266067,5.0,140.0,145.0
2025-09-01 19:00:00+02:00,19.4,75.21988,14.9,0.0,997.8395,100.0,6.361415,0.0,75.0,75.0
2025-09-01 20:00:00+02:00,18.6,80.868645,15.25,0.0,997.7079,99.0,4.6938257,0.0,28.0,28.0
2025-09-01 21:00:00+02:00,17.85,83.68338,15.05,0.0,997.6769,100.0,5.2939587,0.0,0.0,0.0
2025-09-01 22:00:00+02:00,17.45,85.26975,14.95,0.0,998.15454,100.0,5.904439,0.0,0.0,0.0
2025-09-01 23:00:00+02:00,16.7,88.55674,14.8,0.0,998.32074,100.0,4.8965297,0.0,0.0,0.0
2025-09-02 00:00:00+02:00,16.25,90.250984,14.65,0.0,998.30194,100.0,4.3498964,0.0,0.0,0.0
2025-09-02 01:00:00+02:00,16.6,89.40857,14.85,0.0,998.21796,100.0,6.5223618,0.0,0.0,0.0
2025-09-02 02:00:00+02:00,16.35,90.841606,14.85,0.2,998.5036,100.0,8.6867485,0.0,0.0,0.0
2025-09-02 03:00:00+02:00,15.55,93.167946,14.45,0.1,998.6677,42.0,9.3340025,0.0,0.0,0.0
2025-09-02 04:00:00+02:00,15.0,95.58487,14.3,0.0,998.84204,21.0,3.7971041,0.0,0.0,0.0
2025-09-02 05:00:00+02:00,14.7,97.13505,14.25,0.0,999.02704,31.0,5.1826253,0.0,0.0,0.0
2025-09-02 06:00:00+02:00,14.25,97.125145,13.8,0.0,998.6128,13.0,6.6405115,0.0,0.0,0.0
2025-09-02 07:00:00+02:00,14.05,98.07229,13.75,0.0,998.8018,14.0,8.738811,0.0,1.0,1.0
2025-09-02 08:00:00+02:00,14.85,93.13203,13.75,0.0,999.0333,23.0,11.48761,26.0,36.0,62.0
2025-09-02 09:00:00+02:00,15.85,86.216095,13.55,0.0,999.372,100.0,14.156058,119.0,75.0,194.0
2025-09-02 10:00:00+02:00,17.0,78.58201,13.25,0.0,999.51886,31.0,12.996201,154.0,146.0,300.0
2025-09-02 11:00:00+02:00,17.8,72.309074,12.75,0.2,999.5522,32.0,12.744457,264.0,138.0,402.0
2025-09-02 12:00:00+02:00,19.15,67.7626,13.05,0.3,999.60767,67.0,12.440851,397.0,141.0,538.0
2025-09-02 13:00:00+02:00,20.05,60.607418,12.2,0.0,999.3483,28.0,10.383987,411.0,170.0,581.0
2025-09-02 14:00:00+02:00,20.7,56.897144,11.85,0.0,999.0782,100.0,11.892265,404.0,173.0,577.0
2025-09-02 15:00:00+02:00,20.5,51.456284,10.15,0.1,999.2677,21.0,14.003028,382.0,149.0,531.0
2025-09-02 16:00:00+02:00,21.05,49.247204,10.0,0.1,998.6971,11.0,13.110376,437.0,119.0,556.0
2025-09-02 17:00:00+02:00,21.25,48.1604,9.85,0.0,998.50757,8.0,11.7,378.0,94.0,472.0
2025-09-02 18:00:00+02:00,20.95,48.240273,9.6,0.0,998.7918,12.0,13.184308,253.0,77.0,330.0
2025-09-02 19:00:00+02:00,20.2,50.01645,9.45,0.0,998.95905,85.0,9.354806,121.0,57.0,178.0
2025-09-02 20:00:00+02:00,18.25,61.39753,10.7,0.0,998.879,100.0,6.7205353,21.0,26.0,47.0
2025-09-02 21:00:00+02:00,17.4,66.737114,11.15,0.0,999.2391,63.0,6.9480934,0.0,0.0,0.0
2025-09-02 22:00:00+02:00,16.75,70.46822,11.35,0.0,999.8049,100.0,7.5942073,0.0,0.0,0.0
2025-09-02 23:00:00+02:00,16.4,72.05331,11.35,0.0,999.79016,19.0,9.600937,0.0,0.0,0.0
2025-09-03 00:00:00+02:00,15.65,76.34006,11.5,0.0,999.56116,39.0,7.415038,0.0,0.0,0.0
2025-09-03 01:00:00+02:00,15.6,76.83835,11.55,0.0,999.6577,100.0,8.43699,0.0,0.0,0.0
2025-09-03 02:00:00+02:00,16.3,73.722244,11.6,0.0,999.39087,100.0,10.239453,0.0,0.0,0.0
2025-09-03 03:00:00+02:00,16.4,73.25439,11.6,0.0,999.39496,99.0,10.4166975,0.0,0.0,0.0
2025-09-03 04:00:00+02:00,16.1,74.42175,11.55,0.0,999.086,100.0,12.284916,0.0,0.0,0.0
2025-09-03 05:00:00+02:00,16.15,75.41948,11.8,0.0,999.08826,66.0,13.276144,0.0,0.0,0.0
2025-09-03 06:00:00+02:00,15.8,77.89024,11.95,0.0,999.17224,88.0,13.207634,0.0,0.0,0.0
2025-09-03 07:00:00+02:00,15.7,79.16808,12.1,0.0,999.3654,96.0,13.091829,0.0,1.0,1.0
2025-09-03 08:00:00+02:00,16.55,76.23332,12.35,0.0,999.4012,96.0,15.443328,13.0,30.0,43.0
2025-09-03 09:00:00+02:00,17.25,75.1077,12.8,0.0,999.8256,73.0,14.009968,49.0,83.0,132.0
2025-09-03 10:00:00+02:00,19.0,69.29797,13.25,0.0,999.60175,95.0,19.139341,191.0,123.0,314.0
2025-09-03 11:00:00+02:00,19.45,68.93645,13.6,0.2,1000.01544,85.0,20.775774,121.0,178.0,299.0
2025-09-03 12:00:00+02:00,20.9,60.805897,13.05,0.1,1000.1733,100.0,21.028437,227.0,211.0,438.0
2025-09-03 13:00:00+02:00,21.4,57.633755,12.7,0.0,999.89734,98.0,19.404133,62.0,286.0,348.0
2025-09-03 14:00:00+02:00,22.45,51.289326,11.9,0.0,999.5441,100.0,19.54389,127.0,289.0,416.0
2025-09-03 15:00:00+02:00,21.3,61.296513,13.55,0.0,999.7944,100.0,16.279802,26.0,233.0,259.0
2025-09-03 16:00:00+02:00,22.3,59.37527,14.0,0.0,999.24164,98.0,17.48596,90.0,223.0,313.0
2025-09-03 17:00:00+02:00,22.95,57.26377,14.05,0.0,998.77356,95.0,15.477906,39.0,169.0,208.0
2025-09-03 18:00:00+02:00,23.1,56.93051,14.1,0.0,998.6807,42.0,14.848635,86.0,132.0,218.0
2025-09-03 19:00:00+02:00,22.9,57.998188,14.2,0.0,998.2776,28.0,11.391313,53.0,83.0,136.0
2025-09-03 20:00:00+02:00,21.6,63.38584,14.35,0.0,998.2253,30.0,11.734564,18.0,25.0,43.0
2025-09-03 21:00:00+02:00,20.75,66.779594,14.35,0.0,998.3888,40.0,10.837435,0.0,0.0,0.0
2025-09-03 22:00:00+02:00,20.05,69.95384,14.4,0.0,998.3602,2.0,9.734988,0.0,0.0,0.0
2025-09-03 23:00:00+02:00,19.55,72.39007,14.45,0.0,998.8339,3.0,9.746631,0.0,0.0,0.0
2025-09-04 00:00:00+02:00,19.25,73.992,14.5,0.0,998.6237,22.0,9.82279,0.0,0.0,0.0
2025-09-04 01:00:00+02:00,18.9,76.11419,14.6,0.0,999.00476,70.0,8.93859,0.0,0.0,0.0
2025-09-04 02:00:00+02:00,18.75,77.07897,14.65,0.0,999.3938,25.0,10.883676,0.0,0.0,0.0
2025-09-04 03:00:00+02:00,17.85,79.99007,14.35,0.0,999.35645,91.0,12.172312,0.0,0.0,0.0
2025-09-04 04:00:00+02:00,17.4,83.36211,14.55,0.0,999.6342,50.0,10.837435,0.0,0.0,0.0
2025-09-04 05:00:00+02:00,16.85,86.87362,14.65,0.0,1000.0066,28.0,10.589448,0.0,0.0,0.0
2025-09-04 06:00:00+02:00,16.4,89.97136,14.75,0.0,1000.2841,63.0,9.0,0.0,0.0,0.0
2025-09-04 07:00:00+02:00,16.05,92.000656,14.75,0.0,1000.76324,60.0,9.511088,0.0,1.0,1.0
2025-09-04 08:00:00+02:00,16.95,89.43557,15.2,0.0,1001.2949,4.0,9.7880945,25.0,35.0,60.0
2025-09-04 09:00:00+02:00,18.8,81.154724,15.5,0.0,1001.4705,37.0,7.928177,147.0,61.0,208.0
2025-09-04 10:00:00+02:00,20.55,72.80212,15.5,0.0,1001.5425,14.0,8.65873,286.0,80.0,366.0
2025-09-04 11:00:00+02:00,22.15,63.30327,14.85,0.0,1001.8049,48.0,13.115319,435.0,79.0,514.0
2025-09-04 12:00:00+02:00,23.5,55.571873,14.1,0.0,1001.8591,50.0,17.441433,490.0,113.0,603.0
2025-09-04 13:00:00+02:00,24.15,52.241413,13.75,0.0,1001.48987,72.0,15.192682,459.0,150.0,609.0
2025-09-04 14:00:00+02:00,24.75,48.943718,13.3,0.0,1001.4146,100.0,16.204998,432.0,201.0,633.0
2025-09-04 15:00:00+02:00,22.85,59.50537,14.55,0.1,1001.63556,100.0,13.608762,165.0,263.0,428.0
2025-09-04 16:00:00+02:00,21.15,67.72911,14.95,0.2,1001.8632,100.0,10.636766,0.0,119.0,119.0
2025-09-04 17:00:00+02:00,21.1,66.422066,14.6,0.0,1001.5649,99.0,10.261579,53.0,92.0,145.0
2025-09-04 18:00:00+02:00,21.65,61.576458,13.95,0.0,1001.3896,100.0,12.936228,90.0,130.0,220.0
2025-09-04 19:00:00+02:00,20.95,66.60557,14.5,0.0,1001.3609,100.0,9.299225,9.0,75.0,84.0
2025-09-04 20:00:00+02:00,19.95,74.11165,15.2,0.0,1001.3204,100.0,6.384293,0.0,15.0,15.0
2025-09-04 21:00:00+02:00,19.0,81.701645,15.8,0.3,1002.07184,100.0,7.891311,0.0,0.0,0.0
2025-09-04 22:00:00+02:00,18.55,85.65726,16.1,0.0,1002.54736,100.0,9.693296,0.0,0.0,0.0
2025-09-04 23:00:00+02:00,17.95,86.976944,15.75,0.0,1002.5224,100.0,10.094454,0.0,0.0,0.0
2025-09-05 00:00:00+02:00,17.65,86.670586,15.4,0.0,1002.6086,100.0,10.837435,0.0,0.0,0.0
2025-09-05 01:00:00+02:00,17.1,89.44713,15.35,0.0,1002.882,100.0,11.599879,0.0,0.0,0.0
2025-09-05 02:00:00+02:00,16.4,91.726036,15.05,0.0,1003.1492,100.0,11.583108,0.0,0.0,0.0
2025-09-05 03:00:00+02:00,15.5,96.84057,15.0,0.0,1003.3089,65.0,12.204212,0.0,0.0,0.0
2025-09-05 04:00:00+02:00,15.4,97.46342,15.0,0.0,1003.6008,40.0,11.246759,0.0,0.0,0.0
2025-09-05 05:00:00+02:00,15.0,95.276184,14.25,0.1,1003.88025,80.0,11.385622,0.0,0.0,0.0
2025-09-05 06:00:00+02:00,14.5,94.334,13.6,1.1,1004.4518,59.0,10.304114,0.0,0.0,0.0
2025-09-05 07:00:00+02:00,14.35,97.12735,13.9,0.0,1005.137,37.0,8.893166,0.0,0.0,0.0
2025-09-05 08:00:00+02:00,14.75,95.5765,14.05,0.0,1005.74677,84.0,8.242743,23.0,30.0,53.0
2025-09-05 09:00:00+02:00,15.95,88.20776,14.0,0.0,1006.58795,32.0,8.431228,96.0,85.0,181.0
2025-09-05 10:00:00+02:00,17.2,80.16019,13.75,0.0,1007.4307,12.0,7.247096,217.0,113.0,330.0
2025-09-05 11:00:00+02:00,18.35,70.77307,12.95,0.1,1007.6765,28.0,8.287822,377.0,105.0,482.0
2025-09-05 12:00:00+02:00,19.55,60.09193,11.6,0.2,1008.4181,100.0,7.9932976,452.0,129.0,581.0
2025-09-05 13:00:00+02:00,19.8,54.81935,10.45,0.1,1008.8234,100.0,9.531505,252.0,263.0,515.0
2025-09-05 14:00:00+02:00,20.2,50.862877,9.7,0.0,1008.74115,26.0,9.403169,213.0,292.0,505.0
2025-09-05 15:00:00+02:00,21.5,42.2914,8.15,0.0,1009.28845,94.0,9.0,411.0,166.0,577.0
2025-09-05 16:00:00+02:00,21.4,42.551163,8.15,0.0,1009.28467,36.0,9.215226,366.0,116.0,482.0
2025-09-05 17:00:00+02:00,21.15,43.061993,8.1,0.0,1009.4718,38.0,11.098865,258.0,130.0,388.0
2025-09-05 18:00:00+02:00,19.45,55.09679,10.2,0.1,1009.79724,9.0,12.011544,161.0,84.0,245.0
2025-09-05 19:00:00+02:00,18.7,59.492897,10.65,0.0,1010.06226,20.0,6.830519,92.0,61.0,153.0
2025-09-05 20:00:00+02:00,17.1,71.94435,12.0,0.0,1010.39056,9.0,3.710795,17.0,20.0,37.0
2025-09-05 21:00:00+02:00,16.4,75.70956,12.1,0.0,1011.2502,10.0,4.514377,0.0,0.0,0.0
2025-09-05 22:00:00+02:00,15.4,82.04156,12.35,0.0,1011.6027,18.0,3.9312592,0.0,0.0,0.0
2025-09-05 23:00:00+02:00,14.45,88.36735,12.55,0.0,1011.9573,7.0,3.381893,0.0,0.0,0.0
2025-09-06 00:00:00+02:00,13.7,91.85934,12.4,0.0,1012.12274,5.0,1.609969,0.0,0.0,0.0
2025-09-06 01:00:00+02:00,13.2,93.96869,12.25,0.0,1012.19995,0.0,0.8049845,0.0,0.0,0.0
2025-09-06 02:00:00+02:00,12.5,96.13168,11.9,0.0,1012.5645,0.0,2.9522195,0.0,0.0,0.0
2025-09-06 03:00:00+02:00,10.8,99.66809,10.75,0.0,1012.58887,1.0,3.7064266,0.0,0.0,0.0
2025-09-06 04:00:00+02:00,10.75,99.33688,10.65,0.0,1012.5866,96.0,5.1919937,0.0,0.0,0.0
2025-09-06 05:00:00+02:00,10.75,98.02228,10.45,0.0,1012.48785,91.0,4.991553,0.0,0.0,0.0
2025-09-06 06:00:00+02:00,10.5,97.36564,10.1,0.0,1012.4768,44.0,3.7842832,0.0,0.0,0.0
2025-09-06 07:00:00+02:00,10.3,98.01532,10.0,0.0,1012.46783,39.0,4.8433046,0.0,0.0,0.0
2025-09-06 08:00:00+02:00,10.75,98.02228,10.45,0.0,1012.5866,100.0,5.6002855,19.0,31.0,50.0
2025-09-06 09:00:00+02:00,12.45,91.17595,11.05,0.0,1012.9574,51.0,4.3274937,74.0,88.0,162.0
2025-09-06 10:00:00+02:00,15.05,79.86215,11.6,0.0,1012.9709,11.0,3.7971041,203.0,122.0,325.0
2025-09-06 11:00:00+02:00,17.6,69.249535,11.9,0.0,1012.78265,1.0,3.550155,409.0,92.0,501.0
2025-09-06 12:00:00+02:00,19.75,59.546806,11.65,0.0,1012.2798,22.0,3.4152596,520.0,95.0,615.0
2025-09-06 13:00:00+02:00,21.25,51.48307,10.85,0.0,1011.6497,90.0,4.942631,577.0,102.0,679.0
2025-09-06 14:00:00+02:00,22.4,46.265892,10.3,0.0,1011.3016,75.0,6.5693827,581.0,116.0,697.0
2025-09-06 15:00:00+02:00,23.6,40.37192,9.35,0.0,1011.0535,29.0,7.9526596,497.0,129.0,626.0
2025-09-06 16:00:00+02:00,23.75,38.29348,8.7,0.0,1010.1702,67.0,9.505977,353.0,153.0,506.0
2025-09-06 17:00:00+02:00,23.8,36.28575,7.95,0.0,1009.67804,99.0,9.983106,291.0,123.0,414.0
2025-09-06 18:00:00+02:00,23.3,36.890385,7.75,0.0,1009.5592,100.0,11.276967,99.0,147.0,246.0
2025-09-06 19:00:00+02:00,22.1,42.604294,8.8,0.0,1009.5107,100.0,9.693296,7.0,93.0,100.0
2025-09-06 20:00:00+02:00,20.4,50.407097,9.75,0.0,1009.441,100.0,8.863972,0.0,24.0,24.0
2025-09-06 21:00:00+02:00,19.3,55.98587,10.3,0.0,1009.3957,77.0,8.477216,0.0,0.0,0.0
2025-09-06 22:00:00+02:00,18.05,61.761005,10.6,0.0,1009.24493,81.0,9.087772,0.0,0.0,0.0
2025-09-06 23:00:00+02:00,17.1,65.3565,10.55,0.0,1008.9086,91.0,8.149847,0.0,0.0,0.0
2025-09-07 00:00:00+02:00,16.25,68.98139,10.55,0.0,1008.97156,100.0,6.310277,0.0,0.0,0.0
2025-09-07 01:00:00+02:00,15.65,72.39518,10.7,0.0,1008.8475,100.0,5.3699164,0.0,0.0,0.0
2025-09-07 02:00:00+02:00,15.25,74.52311,10.75,0.0,1008.7315,100.0,5.3939967,0.0,0.0,0.0
2025-09-07 03:00:00+02:00,13.85,78.8993,10.25,0.0,1008.27655,96.0,6.2067385,0.0,0.0,0.0
2025-09-07 04:00:00+02:00,13.35,81.23544,10.2,0.0,1008.0575,88.0,7.689603,0.0,0.0,0.0
2025-09-07 05:00:00+02:00,12.95,82.8288,10.1,0.0,1008.04004,94.0,8.099999,0.0,0.0,0.0
2025-09-07 06:00:00+02:00,12.45,85.30051,10.05,0.0,1007.7222,100.0,7.0107627,0.0,0.0,0.0
2025-09-07 07:00:00+02:00,12.25,86.42832,10.05,0.0,1007.7137,100.0,7.3997297,0.0,0.0,0.0
2025-09-07 08:00:00+02:00,13.2,83.13622,10.4,0.0,1007.85364,100.0,8.604301,16.0,36.0,52.0
2025-09-07 09:00:00+02:00,15.25,74.27565,10.7,0.0,1007.84247,99.0,7.748368,100.0,85.0,185.0
2025-09-07 10:00:00+02:00,17.4,65.85738,10.95,0.0,1007.4393,100.0,7.841888,243.0,104.0,347.0
2025-09-07 11:00:00+02:00,19.35,59.4512,11.25,0.0,1007.02655,99.0,10.182337,344.0,135.0,479.0
2025-09-07 12:00:00+02:00,21.3,53.408257,11.45,0.0,1006.8102,100.0,11.003581,459.0,137.0,596.0
2025-09-07 13:00:00+02:00,22.8,49.553288,11.7,0.0,1006.27795,100.0,10.534229,466.0,180.0,646.0
2025-09-07 14:00:00+02:00,24.05,45.802364,11.65,0.0,1005.73517,99.0,10.711135,487.0,178.0,665.0
2025-09-07 15:00:00+02:00,25.25,41.38143,11.2,0.0,1004.9923,53.0,11.679213,568.0,105.0,673.0
2025-09-07 16:00:00+02:00,25.55,40.515514,11.15,0.0,1004.31244,39.0,12.56008,497.0,98.0,595.0
2025-09-07 17:00:00+02:00,25.35,41.546703,11.35,0.0,1003.9092,92.0,12.647482,388.0,87.0,475.0
2025-09-07 18:00:00+02:00,24.65,44.477753,11.75,0.0,1003.68384,26.0,13.00243,225.0,89.0,314.0
2025-09-07 19:00:00+02:00,23.45,49.726776,12.35,0.0,1003.8336,9.0,11.050591,112.0,53.0,165.0
2025-09-07 20:00:00+02:00,21.4,58.012318,12.8,0.0,1003.75104,0.0,9.5416975,17.0,16.0,33.0
2025-09-07 21:00:00+02:00,19.85,63.82613,12.8,0.0,1004.2806,0.0,8.936778,0.0,0.0,0.0
2025-09-07 22:00:00+02:00,18.6,68.09543,12.6,0.0,1004.32764,0.0,6.151683,0.0,0.0,0.0
2025-09-07 23:00:00+02:00,17.65,70.64025,12.25,0.0,1004.3869,0.0,6.391901,0.0,0.0,0.0
2025-09-08 00:00:00+02:00,16.9,72.86166,12.0,0.0,1004.2569,0.0,6.889557,0.0,0.0,0.0
2025-09-08 01:00:00+02:00,16.15,75.66857,11.85,0.0,1003.9291,0.0,6.9153743,0.0,0.0,0.0
2025-09-08 02:00:00+02:00,15.5,78.878845,11.85,0.0,1003.9017,0.0,6.3690495,0.0,0.0,0.0
2025-09-08 03:00:00+02:00,14.05,84.06894,11.4,0.0,1004.0374,0.0,6.1305785,0.0,0.0,0.0
2025-09-08 04:00:00+02:00,13.55,87.41954,11.5,0.0,1003.7196,19.0,8.187527,0.0,0.0,0.0
2025-09-08 05:00:00+02:00,13.15,89.72813,11.5,0.0,1003.4063,95.0,6.8777895,0.0,0.0,0.0
2025-09-08 06:00:00+02:00,12.85,90.90117,11.4,0.0,1003.49225,94.0,6.248359,0.0,0.0,0.0
2025-09-08 07:00:00+02:00,12.75,91.49802,11.4,0.0,1003.68524,74.0,7.8149853,0.0,0.0,0.0
2025-09-08 08:00:00+02:00,13.75,86.29024,11.5,0.0,1003.72815,78.0,7.6409945,23.0,28.0,51.0
2025-09-08 09:00:00+02:00,15.8,76.112366,11.6,0.0,1003.81537,34.0,6.698806,89.0,79.0,168.0
2025-09-08 10:00:00+02:00,18.0,66.642395,11.7,0.0,1004.2039,54.0,4.1125174,248.0,86.0,334.0
2025-09-08 11:00:00+02:00,19.65,60.91388,11.9,0.0,1003.77826,100.0,3.2599385,223.0,140.0,363.0
2025-09-08 12:00:00+02:00,19.9,61.374393,12.25,0.0,1003.986,98.0,0.5091169,0.0,205.0,205.0
2025-09-08 13:00:00+02:00,20.7,58.993664,12.4,0.0,1004.01874,100.0,3.1845248,36.0,212.0,248.0
2025-09-08 14:00:00+02:00,20.6,59.35821,12.4,0.0,1004.3111,94.0,3.4576871,3.0,183.0,186.0
2025-09-08 15:00:00+02:00,20.35,64.985916,13.55,0.0,1004.9927,100.0,3.06,57.0,217.0,274.0
2025-09-08 16:00:00+02:00,19.7,74.787094,15.1,1.1,1004.96576,100.0,4.1125174,27.0,140.0,167.0
2025-09-08 17:00:00+02:00,19.75,77.480286,15.7,0.2,1004.77045,100.0,1.7076298,71.0,162.0,233.0
2025-09-08 18:00:00+02:00,19.25,80.18172,15.75,0.0,1004.552,100.0,0.9178235,3.0,97.0,100.0
2025-09-08 19:00:00+02:00,19.0,80.40486,15.55,0.2,1004.0479,100.0,3.5864744,13.0,62.0,75.0
2025-09-08 20:00:00+02:00,17.9,86.41738,15.6,0.2,1003.9033,100.0,1.484318,0.0,15.0,15.0
2025-09-08 21:00:00+02:00,17.65,87.78859,15.6,0.2,1004.4858,100.0,0.9,0.0,0.0,0.0
2025-09-08 22:00:00+02:00,17.3,88.6065,15.4,0.2,1004.66895,89.0,1.8532133,0.0,0.0,0.0
2025-09-08 23:00:00+02:00,16.9,90.2974,15.3,0.0,1004.4545,68.0,3.8183763,0.0,0.0,0.0
2025-09-09 00:00:00+02:00,16.75,90.86852,15.25,0.0,1004.05304,92.0,6.2067385,0.0,0.0,0.0
2025-09-09 01:00:00+02:00,16.1,93.496155,15.05,0.0,1003.4329,100.0,7.9383874,0.0,0.0,0.0
2025-09-09 02:00:00+02:00,15.5,94.07248,14.55,0.0,1003.0125,99.0,5.815978,0.0,0.0,0.0
2025-09-09 03:00:00+02:00,16.15,92.30329,14.9,0.0,1002.54596,100.0,9.840914,0.0,0.0,0.0
2025-09-09 04:00:00+02:00,16.0,91.40613,14.6,0.0,1001.848,100.0,11.08572,0.0,0.0,0.0
2025-09-09 05:00:00+02:00,15.5,93.76926,14.5,0.0,1001.6295,100.0,9.039514,0.0,0.0,0.0
2025-09-09 06:00:00+02:00,15.4,92.26023,14.15,0.0,1001.3286,100.0,10.626099,0.0,0.0,0.0
2025-09-09 07:00:00+02:00,15.15,89.87883,13.5,0.0,1000.8243,100.0,11.212135,0.0,0.0,0.0
2025-09-09 08:00:00+02:00,15.5,84.50903,12.9,0.0,1000.14764,100.0,11.385622,1.0,29.0,30.0
2025-09-09 09:00:00+02:00,16.75,76.26543,12.55,0.0,1000.8916,100.0,6.114703,40.0,92.0,132.0
2025-09-09 10:00:00+02:00,17.9,66.841805,11.65,0.0,1001.3346,100.0,5.692099,59.0,157.0,216.0
2025-09-09 11:00:00+02:00,17.65,67.0108,11.45,0.1,1001.2254,100.0,2.3051248,5.0,145.0,150.0
2025-09-09 12:00:00+02:00,16.7,79.311325,13.1,1.3,1001.38336,100.0,4.175069,1.0,155.0,156.0
2025-09-09 13:00:00+02:00,16.2,93.50102,15.15,1.8,1000.67084,100.0,6.638072,1.0,132.0,133.0
2025-09-09 14:00:00+02:00,16.5,92.32327,15.25,2.2,1000.88086,100.0,2.8799999,1.0,138.0,139.0
2025-09-09 15:00:00+02:00,17.0,81.181435,13.75,0.0,1001.9888,100.0,3.4949677,37.0,263.0,300.0
2025-09-09 16:00:00+02:00,17.0,80.39377,13.6,0.0,1001.88995,100.0,4.846648,6.0,146.0,152.0
2025-09-09 17:00:00+02:00,17.6,77.907104,13.7,0.0,1002.1124,98.0,7.5213294,11.0,145.0,156.0
2025-09-09 18:00:00+02:00,17.45,79.675964,13.9,0.0,1002.0076,99.0,8.049845,1.0,93.0,94.0
2025-09-09 19:00:00+02:00,17.25,80.4277,13.85,0.0,1001.8016,12.0,6.87779,38.0,61.0,99.0
2025-09-09 20:00:00+02:00,16.25,85.14317,13.75,0.0,1001.85846,14.0,8.322932,5.0,14.0,19.0
2025-09-09 21:00:00+02:00,15.25,89.30335,13.5,0.0,1002.40906,23.0,8.709098,0.0,0.0,0.0
2025-09-09 22:00:00+02:00,14.6,91.91389,13.3,0.0,1002.5793,38.0,9.0,0.0,0.0,0.0
2025-09-09 23:00:00+02:00,14.35,92.80305,13.2,0.0,1002.2723,20.0,6.5024605,0.0,0.0,0.0
2025-09-10 00:00:00+02:00,13.8,93.99603,12.85,0.0,1002.05115,14.0,5.8603754,0.0,0.0,0.0
2025-09-10 01:00:00+02:00,13.2,95.523964,12.5,0.0,1001.82806,7.0,3.362677,0.0,0.0,0.0
2025-09-10 02:00:00+02:00,12.6,97.08844,12.15,0.0,1001.6047,7.0,3.143565,0.0,0.0,0.0
2025-09-10 03:00:00+02:00,11.8,99.014915,11.65,0.0,1001.6689,100.0,2.8174455,0.0,0.0,0.0
2025-09-10 04:00:00+02:00,11.6,100.0,11.6,0.0,1001.4625,100.0,2.6758924,0.0,0.0,0.0
2025-09-10 05:00:00+02:00,11.7,100.0,11.7,0.0,1000.973,100.0,1.609969,0.0,0.0,0.0
2025-09-10 06:00:00+02:00,11.95,100.0,11.95,0.0,1000.6874,100.0,0.17999999,0.0,0.0,0.0
2025-09-10 07:00:00+02:00,12.0,100.0,12.0,0.0,1000.4921,100.0,0.9178235,0.0,0.0,0.0
2025-09-10 08:00:00+02:00,12.3,99.01876,12.15,0.0,1000.20856,100.0,3.0811036,3.0,20.0,23.0
2025-09-10 09:00:00+02:00,12.8,96.45711,12.25,0.0,1000.32904,100.0,3.362677,11.0,64.0,75.0
2025-09-10 10:00:00+02:00,13.85,89.78123,12.2,0.0,1000.57153,100.0,6.12,24.0,128.0,152.0
2025-09-10 11:00:00+02:00,14.8,84.15417,12.15,0.0,999.92053,100.0,3.62243,17.0,183.0,200.0
2025-09-10 12:00:00+02:00,15.85,78.92977,12.2,0.0,999.27325,100.0,3.319036,36.0,229.0,265.0
2025-09-10 13:00:00+02:00,17.1,73.13745,12.25,0.0,999.029,100.0,5.7204895,76.0,287.0,363.0
2025-09-10 14:00:00+02:00,18.1,67.994026,12.1,0.0,998.28,100.0,6.050785,47.0,306.0,353.0
2025-09-10 15:00:00+02:00,17.85,71.61129,12.65,0.1,998.0721,100.0,5.904439,58.0,254.0,312.0
2025-09-10 16:00:00+02:00,18.3,70.072495,12.75,0.2,997.3993,96.0,7.344794,62.0,229.0,291.0
2025-09-10 17:00:00+02:00,18.2,70.28303,12.7,0.4,996.80237,66.0,10.691453,163.0,161.0,324.0
2025-09-10 18:00:00+02:00,18.15,72.37252,13.1,0.3,996.4049,56.0,8.536252,118.0,104.0,222.0
2025-09-10 19:00:00+02:00,17.6,78.41483,13.8,0.1,995.98694,42.0,4.3536186,52.0,53.0,105.0
2025-09-10 20:00:00+02:00,16.2,84.86162,13.65,0.0,995.82996,27.0,2.52,7.0,12.0,19.0
2025-09-10 21:00:00+02:00,15.35,87.01422,13.2,0.1,996.09094,26.0,3.7971036,0.0,0.0,0.0
2025-09-10 22:00:00+02:00,14.5,90.41955,12.95,0.0,995.95624,25.0,4.0249224,0.0,0.0,0.0
2025-09-10 23:00:00+02:00,13.8,92.77328,12.65,0.0,995.9266,14.0,4.278551,0.0,0.0,0.0
2025-09-11 00:00:00+02:00,13.3,93.665115,12.3,0.0,995.51013,1.0,3.244996,0.0,0.0,0.0
2025-09-11 01:00:00+02:00,13.05,93.345314,12.0,0.0,995.4008,0.0,1.3708391,0.0,0.0,0.0
2025-09-11 02:00:00+02:00,12.85,93.64352,11.85,0.0,995.19476,0.0,1.4399999,0.0,0.0,0.0
2025-09-11 03:00:00+02:00,12.7,94.879684,11.9,0.0,995.0895,32.0,0.56920993,0.0,0.0,0.0
2025-09-11 04:00:00+02:00,12.65,94.56541,11.8,0.0,994.7909,31.0,4.445672,0.0,0.0,0.0
2025-09-11 05:00:00+02:00,12.8,94.260544,11.9,0.0,994.5999,14.0,5.95906,0.0,0.0,0.0
2025-09-11 06:00:00+02:00,13.25,94.590164,12.4,0.0,994.5202,25.0,7.7650757,0.0,0.0,0.0
2025-09-11 07:00:00+02:00,13.3,96.15534,12.7,0.0,994.9174,49.0,10.464797,0.0,0.0,0.0
2025-09-11 08:00:00+02:00,14.3,93.40777,13.25,0.0,994.95996,38.0,13.849477,10.0,22.0,32.0
2025-09-11 09:00:00+02:00,15.7,86.48237,13.45,0.0,995.51263,93.0,16.904673,72.0,68.0,140.0
2025-09-11 10:00:00+02:00,16.1,87.36732,14.0,1.1,995.82587,100.0,14.941083,72.0,99.0,171.0
2025-09-11 11:00:00+02:00,16.65,89.41242,14.9,1.0,996.3427,74.0,18.300787,0.0,119.0,119.0
2025-09-11 12:00:00+02:00,18.5,77.539665,14.5,0.1,996.9134,100.0,19.023878,147.0,218.0,365.0
2025-09-11 13:00:00+02:00,19.1,63.450626,12.0,0.1,997.23444,26.0,21.09305,404.0,155.0,559.0
2025-09-11 14:00:00+02:00,19.4,56.762527,10.6,0.1,997.6419,13.0,20.929594,452.0,130.0,582.0
2025-09-11 15:00:00+02:00,19.4,52.736866,9.5,0.0,998.33356,44.0,20.08916,436.0,126.0,562.0
2025-09-11 16:00:00+02:00,19.65,48.702625,8.55,0.0,998.4427,35.0,20.527103,349.0,139.0,488.0
2025-09-11 17:00:00+02:00,19.0,50.03068,8.35,0.0,998.71246,33.0,22.782625,244.0,114.0,358.0
2025-09-11 18:00:00+02:00,18.55,51.632225,8.4,0.0,998.79285,31.0,18.188019,147.0,87.0,234.0
2025-09-11 19:00:00+02:00,17.85,56.946606,9.2,0.0,998.96124,43.0,16.458931,73.0,50.0,123.0
2025-09-11 20:00:00+02:00,16.8,61.4704,9.35,0.0,999.6092,11.0,14.336861,6.0,11.0,17.0
2025-09-11 21:00:00+02:00,15.8,66.84624,9.65,0.0,1000.2589,31.0,15.575981,0.0,0.0,0.0
2025-09-11 22:00:00+02:00,14.55,75.90883,10.35,0.0,1000.60144,13.0,11.351422,0.0,0.0,0.0
2025-09-11 23:00:00+02:00,13.9,80.50057,10.6,0.0,1000.6725,65.0,10.486448,0.0,0.0,0.0
2025-09-12 00:00:00+02:00,13.3,86.53189,11.1,0.5,1000.8443,99.0,5.3939967,0.0,0.0,0.0
2025-09-12 01:00:00+02:00,13.35,88.858604,11.55,0.3,1001.2416,100.0,13.392774,0.0,0.0,0.0
2025-09-12 02:00:00+02:00,13.05,93.03839,11.95,2.1,1000.8337,72.0,12.976239,0.0,0.0,0.0
2025-09-12 03:00:00+02:00,12.75,95.508545,12.05,0.1,1000.52435,15.0,10.464797,0.0,0.0,0.0
2025-09-12 04:00:00+02:00,12.5,96.13168,11.9,0.0,1000.7113,14.0,9.187056,0.0,0.0,0.0
2025-09-12 05:00:00+02:00,12.05,97.07605,11.6,0.0,1001.1856,19.0,9.499158,0.0,0.0,0.0
2025-09-12 06:00:00+02:00,12.05,97.719215,11.7,0.0,1001.77826,35.0,11.212135,0.0,0.0,0.0
2025-09-12 07:00:00+02:00,11.8,98.03839,11.5,0.0,1002.26154,28.0,10.486448,0.0,0.0,0.0
2025-09-12 08:00:00+02:00,12.15,97.720985,11.8,0.0,1003.2644,52.0,13.15971,20.0,22.0,42.0
2025-09-12 09:00:00+02:00,13.4,92.44713,12.2,0.0,1003.7134,66.0,15.053425,74.0,68.0,142.0
2025-09-12 10:00:00+02:00,14.75,85.8242,12.4,0.1,1004.5614,24.0,14.896563,169.0,110.0,279.0
2025-09-12 11:00:00+02:00,16.1,75.16274,11.7,0.1,1005.01355,17.0,17.703253,268.0,146.0,414.0
2025-09-12 12:00:00+02:00,17.1,66.89595,10.9,0.0,1005.3519,29.0,18.865683,368.0,152.0,520.0
2025-09-12 13:00:00+02:00,17.2,63.65785,10.25,0.1,1005.5536,14.0,19.627428,251.0,236.0,487.0
2025-09-12 14:00:00+02:00,17.85,59.686832,9.9,0.1,1005.77844,17.0,19.523983,446.0,143.0,589.0
2025-09-12 15:00:00+02:00,18.35,53.355503,8.7,0.1,1006.1945,18.0,20.35274,398.0,137.0,535.0
2025-09-12 16:00:00+02:00,18.7,50.460945,8.2,0.0,1006.4065,11.0,19.070658,417.0,105.0,522.0
2025-09-12 17:00:00+02:00,18.8,47.165085,7.3,0.0,1006.3119,14.0,17.224598,326.0,94.0,420.0
2025-09-12 18:00:00+02:00,18.3,48.998302,7.4,0.0,1006.489,11.0,14.81915,206.0,71.0,277.0
2025-09-12 19:00:00+02:00,17.15,56.77115,8.5,0.0,1006.73724,5.0,11.019764,79.0,47.0,126.0
2025-09-12 20:00:00+02:00,15.45,67.22295,9.4,0.0,1007.0607,1.0,9.595874,8.0,10.0,18.0
2025-09-12 21:00:00+02:00,14.6,72.202545,9.65,0.0,1007.6174,0.0,9.178235,0.0,0.0,0.0
2025-09-12 22:00:00+02:00,14.0,75.059814,9.65,0.0,1007.49274,0.0,8.669949,0.0,0.0,0.0
2025-09-12 23:00:00+02:00,13.4,78.04434,9.65,0.0,1007.7634,7.0,6.8138976,0.0,0.0,0.0
2025-09-13 00:00:00+02:00,12.45,82.767334,9.6,0.0,1007.52466,77.0,5.414979,0.0,0.0,0.0
2025-09-13 01:00:00+02:00,12.0,84.39797,9.45,0.0,1007.4064,100.0,5.072041,0.0,0.0,0.0
2025-09-13 02:00:00+02:00,12.25,84.70963,9.75,0.0,1007.12103,100.0,4.952453,0.0,0.0,0.0
2025-09-13 03:00:00+02:00,12.05,87.572845,10.05,0.0,1007.3097,100.0,7.1321807,0.0,0.0,0.0
2025-09-13 04:00:00+02:00,11.95,88.74271,10.15,0.1,1006.8114,100.0,3.9844694,0.0,0.0,0.0
2025-09-13 05:00:00+02:00,12.05,77.83777,8.3,1.4,1006.5195,94.0,2.0124612,0.0,0.0,0.0
2025-09-13 06:00:00+02:00,11.6,77.504074,7.8,0.5,1006.2036,100.0,1.98,0.0,0.0,0.0
2025-09-13 07:00:00+02:00,11.75,83.80339,9.1,0.1,1006.11145,100.0,6.3690495,0.0,0.0,0.0
2025-09-13 08:00:00+02:00,11.65,92.34683,10.45,2.2,1006.5022,98.0,5.991594,0.0,15.0,15.0
2025-09-13 09:00:00+02:00,12.9,89.116516,11.15,0.2,1006.3589,100.0,8.027677,7.0,55.0,62.0
2025-09-13 10:00:00+02:00,14.1,88.04746,12.15,0.0,1006.2129,32.0,4.5,10.0,112.0,122.0
2025-09-13 11:00:00+02:00,15.65,80.473145,12.3,0.0,1005.9825,86.0,7.5213294,128.0,171.0,299.0
2025-09-13 12:00:00+02:00,16.9,73.10192,12.05,0.1,1005.83765,61.0,12.708816,198.0,195.0,393.0
2025-09-13 13:00:00+02:00,17.5,67.42435,11.4,0.0,1005.1711,41.0,14.05845,258.0,184.0,442.0
2025-09-13 14:00:00+02:00,18.7,68.33904,12.75,0.0,1004.62805,98.0,15.3771,368.0,166.0,534.0
2025-09-13 15:00:00+02:00,17.95,70.23503,12.45,0.1,1004.69604,99.0,15.874734,311.0,155.0,466.0
2025-09-13 16:00:00+02:00,18.8,65.93819,12.3,0.0,1004.23706,100.0,10.873251,153.0,216.0,369.0
2025-09-13 17:00:00+02:00,19.6,58.923378,11.35,0.0,1003.5785,100.0,10.934166,70.0,198.0,268.0
2025-09-13 18:00:00+02:00,19.55,54.75545,10.2,0.0,1002.98376,100.0,12.570394,79.0,120.0,199.0
2025-09-13 19:00:00+02:00,18.45,61.85338,11.0,0.0,1002.74084,100.0,8.951267,19.0,64.0,83.0
2025-09-13 20:00:00+02:00,16.9,70.03227,11.4,0.0,1002.6762,100.0,7.8954163,0.0,12.0,12.0
2025-09-13 21:00:00+02:00,16.55,71.84293,11.45,0.0,1002.76025,100.0,7.9077177,0.0,0.0,0.0
2025-09-13 22:00:00+02:00,16.35,72.28298,11.35,0.0,1002.4554,100.0,10.829959,0.0,0.0,0.0
2025-09-13 23:00:00+02:00,15.8,76.61664,11.7,0.1,1002.82745,100.0,10.234705,0.0,0.0,0.0
2025-09-14 00:00:00+02:00,14.8,84.15417,12.15,0.2,1002.9829,100.0,10.055864,0.0,0.0,0.0
2025-09-14 01:00:00+02:00,13.8,95.54442,13.1,1.6,1002.54504,100.0,7.4932766,0.0,0.0,0.0
2025-09-14 02:00:00+02:00,13.7,94.918526,12.9,0.9,1002.63965,100.0,10.787993,0.0,0.0,0.0
2025-09-14 03:00:00+02:00,13.6,95.22568,12.85,0.0,1002.1414,100.0,10.1887,0.0,0.0,0.0
2025-09-14 04:00:00+02:00,13.2,96.46798,12.65,0.0,1001.82806,100.0,7.9932966,0.0,0.0,0.0
2025-09-14 05:00:00+02:00,12.8,97.41222,12.4,0.0,1002.0083,97.0,8.528657,0.0,0.0,0.0
2025-09-14 06:00:00+02:00,12.45,95.49821,11.75,0.1,1002.2895,99.0,8.891343,0.0,0.0,0.0
2025-09-14 07:00:00+02:00,12.2,97.40019,11.8,1.4,1002.77264,100.0,8.731392,0.0,0.0,0.0
2025-09-14 08:00:00+02:00,12.2,98.0445,11.9,1.4,1003.26654,100.0,7.256032,0.0,5.0,5.0
2025-09-14 09:00:00+02:00,12.6,96.13465,12.0,0.1,1003.67896,100.0,8.211235,0.0,23.0,23.0
2025-09-14 10:00:00+02:00,13.9,89.49039,12.2,0.0,1004.3275,20.0,8.242743,62.0,81.0,143.0
2025-09-14 11:00:00+02:00,15.65,75.836815,11.4,0.0,1004.5995,9.0,9.983106,285.0,123.0,408.0
2025-09-14 12:00:00+02:00,16.8,67.72834,10.8,0.1,1004.64777,20.0,11.866355,402.0,120.0,522.0
2025-09-14 13:00:00+02:00,17.15,63.22278,10.1,0.2,1004.46497,32.0,14.578888,424.0,124.0,548.0
2025-09-14 14:00:00+02:00,17.9,58.707314,9.7,0.2,1004.39734,100.0,15.198012,445.0,129.0,574.0
2025-09-14 15:00:00+02:00,18.95,52.61869,9.05,0.0,1004.53973,49.0,12.815443,500.0,112.0,612.0
2025-09-14 16:00:00+02:00,19.2,49.746723,8.45,0.0,1004.0561,100.0,12.348051,387.0,119.0,506.0
2025-09-14 17:00:00+02:00,19.35,47.1564,7.8,0.0,1003.86475,100.0,11.634741,159.0,180.0,339.0
2025-09-14 18:00:00+02:00,19.1,49.38366,8.25,0.0,1003.4591,94.0,6.8423676,117.0,122.0,239.0
2025-09-14 19:00:00+02:00,18.05,60.74044,10.35,0.0,1003.31696,100.0,4.510787,35.0,59.0,94.0
2025-09-14 20:00:00+02:00,17.25,66.927315,11.05,0.0,1003.0859,100.0,9.526405,0.0,7.0,7.0
2025-09-14 21:00:00+02:00,17.05,72.64914,12.1,0.0,1002.8801,100.0,7.0223074,0.0,0.0,0.0
2025-09-14 22:00:00+02:00,16.85,75.040924,12.4,0.0,1002.3777,100.0,11.165805,0.0,0.0,0.0
2025-09-14 23:00:00+02:00,16.75,76.51582,12.6,0.0,1001.5832,100.0,11.159999,0.0,0.0,0.0
2025-09-15 00:00:00+02:00,16.75,78.54527,13.0,0.1,1001.2868,100.0,12.181625,0.0,0.0,0.0
2025-09-15 01:00:00+02:00,16.3,84.87244,13.75,0.3,1000.774,100.0,13.049689,0.0,0.0,0.0
2025-09-15 02:00:00+02:00,16.65,86.295166,14.35,0.1,1000.19574,100.0,16.348322,0.0,0.0,0.0
2025-09-15 03:00:00+02:00,16.55,93.21877,15.45,0.1,999.4012,100.0,20.85671,0.0,0.0,0.0
2025-09-15 04:00:00+02:00,17.55,92.677376,16.35,0.0,998.65265,100.0,21.547436,0.0,0.0,0.0
2025-09-15 05:00:00+02:00,18.2,90.67677,16.65,0.0,998.3832,100.0,20.570463,0.0,0.0,0.0
2025-09-15 06:00:00+02:00,17.65,92.978004,16.5,0.8,998.2615,100.0,20.276182,0.0,0.0,0.0
2025-09-15 07:00:00+02:00,17.25,96.57526,16.7,0.9,997.8497,100.0,22.414154,0.0,0.0,0.0
2025-09-15 08:00:00+02:00,18.15,93.594734,17.1,1.2,997.9857,82.0,23.453938,0.0,6.0,6.0
2025-09-15 09:00:00+02:00,18.95,88.74164,17.05,0.0,998.21625,97.0,22.707127,26.0,68.0,94.0
2025-09-15 10:00:00+02:00,19.35,82.00693,16.2,0.8,998.8257,90.0,23.096882,57.0,133.0,190.0
2025-09-15 11:00:00+02:00,19.1,87.915276,17.05,2.0,998.9141,70.0,21.67487,34.0,151.0,185.0
2025-09-15 12:00:00+02:00,20.65,79.108215,16.9,0.2,998.97754,100.0,21.892027,163.0,189.0,352.0
2025-09-15 13:00:00+02:00,21.1,68.59593,15.1,0.2,999.1934,34.0,24.798225,206.0,223.0,429.0
2025-09-15 14:00:00+02:00,21.4,64.166595,14.35,0.1,999.6009,9.0,21.434364,425.0,130.0,555.0
2025-09-15 15:00:00+02:00,22.15,59.91993,14.0,0.0,999.23566,55.0,22.843695,477.0,109.0,586.0
2025-09-15 16:00:00+02:00,21.9,57.192917,13.05,0.0,999.22565,39.0,21.017649,369.0,103.0,472.0
2025-09-15 17:00:00+02:00,21.3,54.83781,11.85,0.0,999.59674,58.0,20.9644,255.0,116.0,371.0
2025-09-15 18:00:00+02:00,20.15,58.474472,11.75,0.0,999.94525,54.0,18.42166,142.0,87.0,229.0
2025-09-15 19:00:00+02:00,18.9,60.73832,11.15,0.0,1000.5857,35.0,16.724508,54.0,50.0,104.0
2025-09-15 20:00:00+02:00,17.75,63.35799,10.7,0.0,1000.73553,49.0,16.16496,3.0,8.0,11.0
2025-09-15 21:00:00+02:00,17.2,64.298225,10.4,0.0,1001.70056,17.0,17.47484,0.0,0.0,0.0
2025-09-15 22:00:00+02:00,16.4,67.420746,10.35,0.0,1002.16125,6.0,17.183167,0.0,0.0,0.0
2025-09-15 23:00:00+02:00,15.85,68.21377,10.0,0.0,1002.73096,28.0,18.455925,0.0,0.0,0.0
2025-09-16 00:00:00+02:00,15.5,67.91406,9.6,0.0,1002.91376,23.0,18.589739,0.0,0.0,0.0
2025-09-16 01:00:00+02:00,15.1,68.75046,9.4,0.0,1003.09436,20.0,19.474136,0.0,0.0,0.0
2025-09-16 02:00:00+02:00,14.95,68.95175,9.3,0.0,1003.1868,13.0,21.265156,0.0,0.0,0.0
2025-09-16 03:00:00+02:00,14.75,68.91153,9.1,0.0,1003.57355,8.0,20.844278,0.0,0.0,0.0
2025-09-16 04:00:00+02:00,14.15,70.437584,8.85,0.0,1004.04193,34.0,19.8,0.0,0.0,0.0
2025-09-16 05:00:00+02:00,13.7,72.279686,8.8,0.0,1004.319,29.0,19.340576,0.0,0.0,0.0
2025-09-16 06:00:00+02:00,13.4,73.20803,8.7,0.0,1004.6024,22.0,19.627428,0.0,0.0,0.0
2025-09-16 07:00:00+02:00,13.1,74.15128,8.6,0.0,1005.2809,10.0,19.070658,0.0,0.0,0.0
2025-09-16 08:00:00+02:00,13.15,74.66299,8.75,0.0,1005.6782,7.0,19.228851,17.0,18.0,35.0
2025-09-16 09:00:00+02:00,14.0,73.31556,9.3,0.0,1006.011,10.0,17.69593,113.0,54.0,167.0
2025-09-16 10:00:00+02:00,14.95,67.11821,8.9,0.0,1006.3481,88.0,24.957764,214.0,87.0,301.0
2025-09-16 11:00:00+02:00,15.55,64.36407,8.85,0.1,1006.76843,100.0,23.358423,142.0,173.0,315.0
2025-09-16 12:00:00+02:00,16.3,58.91204,8.25,0.0,1006.4052,92.0,25.294964,183.0,199.0,382.0
2025-09-16 13:00:00+02:00,16.9,55.943497,8.05,0.0,1006.23285,72.0,25.518135,203.0,225.0,428.0
2025-09-16 14:00:00+02:00,17.75,52.124157,7.8,0.1,1006.36707,44.0,25.644157,360.0,159.0,519.0
2025-09-16 15:00:00+02:00,17.25,53.24812,7.65,0.1,1007.1366,34.0,25.57584,302.0,144.0,446.0
2025-09-16 16:00:00+02:00,17.6,49.650944,6.95,0.0,1006.9536,31.0,24.533543,296.0,133.0,429.0
2025-09-16 17:00:00+02:00,17.55,49.978725,7.0,0.1,1006.65533,45.0,22.206486,238.0,100.0,338.0
2025-09-16 18:00:00+02:00,17.2,55.077526,8.1,0.0,1006.6404,34.0,18.762356,122.0,76.0,198.0
2025-09-16 19:00:00+02:00,16.25,60.10977,8.5,0.0,1007.0945,36.0,16.67892,49.0,42.0,91.0
2025-09-16 20:00:00+02:00,14.7,69.134026,9.1,0.4,1007.7203,49.0,13.83192,2.0,7.0,9.0
2025-09-16 21:00:00+02:00,13.95,77.3484,10.05,0.7,1008.47864,29.0,10.662626,0.0,0.0,0.0
2025-09-16 22:00:00+02:00,13.55,78.855255,9.95,0.0,1008.85626,96.0,13.538345,0.0,0.0,0.0
2025-09-16 23:00:00+02:00,13.15,80.93768,9.95,0.0,1008.8392,90.0,12.783802,0.0,0.0,0.0
2025-09-17 00:00:00+02:00,12.6,83.34239,9.85,0.0,1009.013,96.0,11.196232,0.0,0.0,0.0
2025-09-17 01:00:00+02:00,12.1,85.26311,9.7,0.0,1009.18866,99.0,10.766949,0.0,0.0,0.0
2025-09-17 02:00:00+02:00,11.7,86.6641,9.55,0.0,1009.5663,100.0,10.233123,0.0,0.0,0.0
2025-09-17 03:00:00+02:00,11.3,88.98657,9.55,0.0,1009.74646,100.0,11.236671,0.0,0.0,0.0
2025-09-17 04:00:00+02:00,10.9,91.072586,9.5,0.0,1009.6299,25.0,10.009036,0.0,0.0,0.0
2025-09-17 05:00:00+02:00,10.4,92.58506,9.25,0.0,1009.60803,21.0,9.686609,0.0,0.0,0.0
2025-09-17 06:00:00+02:00,10.15,92.570946,9.0,0.0,1009.69574,25.0,9.9408245,0.0,0.0,0.0
2025-09-17 07:00:00+02:00,9.85,92.867195,8.75,0.0,1009.9787,32.0,9.292254,0.0,0.0,0.0
2025-09-17 08:00:00+02:00,10.3,91.957726,9.05,0.0,1010.29504,46.0,10.185519,14.0,17.0,31.0
2025-09-17 09:00:00+02:00,11.9,86.974594,9.8,0.0,1010.95807,100.0,9.1641035,72.0,72.0,144.0
2025-09-17 10:00:00+02:00,12.95,83.942726,10.3,0.0,1011.39856,100.0,10.233123,48.0,133.0,181.0
2025-09-17 11:00:00+02:00,13.95,80.507416,10.65,0.0,1011.8373,100.0,9.82114,38.0,189.0,227.0
2025-09-17 12:00:00+02:00,14.65,77.45709,10.75,0.0,1011.8671,100.0,10.944532,49.0,214.0,263.0
2025-09-17 13:00:00+02:00,14.5,78.21064,10.75,0.0,1011.8608,100.0,11.7,3.0,139.0,142.0
2025-09-17 14:00:00+02:00,15.3,74.03763,10.7,0.0,1011.5987,53.0,11.832176,14.0,171.0,185.0
2025-09-17 15:00:00+02:00,17.5,60.814,9.85,0.0,1010.90137,85.0,14.007655,129.0,175.0,304.0
2025-09-17 16:00:00+02:00,18.1,58.168488,9.75,0.0,1010.4325,58.0,15.342294,137.0,186.0,323.0
2025-09-17 17:00:00+02:00,18.05,59.535416,10.05,0.0,1010.1342,83.0,12.362475,75.0,150.0,225.0
2025-09-17 18:00:00+02:00,17.7,63.557865,10.7,0.0,1010.0207,76.0,11.203464,19.0,86.0,105.0
2025-09-17 19:00:00+02:00,17.2,66.695114,10.95,0.0,1009.8018,47.0,9.178235,12.0,43.0,55.0
2025-09-17 20:00:00+02:00,16.2,72.01649,11.15,0.0,1009.66095,92.0,9.0,1.0,6.0,7.0
2025-09-17 21:00:00+02:00,15.9,73.165474,11.1,0.0,1009.9446,75.0,8.93859,0.0,0.0,0.0
2025-09-17 22:00:00+02:00,15.5,74.56585,11.0,0.0,1010.0267,12.0,9.9,0.0,0.0,0.0
2025-09-17 23:00:00+02:00,15.1,76.505005,11.0,0.0,1010.0095,29.0,10.564941,0.0,0.0,0.0
2025-09-18 00:00:00+02:00,14.5,80.049934,11.1,0.0,1010.0826,27.0,11.345712,0.0,0.0,0.0
2025-09-18 01:00:00+02:00,14.1,82.968956,11.25,0.0,1010.16425,20.0,10.44,0.0,0.0,0.0
2025-09-18 02:00:00+02:00,13.65,85.99528,11.35,0.0,1010.63873,6.0,10.062305,0.0,0.0,0.0
2025-09-18 03:00:00+02:00,14.55,83.29777,11.75,0.0,1010.2824,11.0,11.45513,0.0,0.0,0.0
2025-09-18 04:00:00+02:00,14.1,85.7575,11.75,0.0,1010.16425,7.0,11.1090765,0.0,0.0,0.0
2025-09-18 05:00:00+02:00,13.65,88.008,11.7,0.0,1010.3424,3.0,10.464797,0.0,0.0,0.0
2025-09-18 06:00:00+02:00,13.3,89.44368,11.6,0.0,1010.12964,0.0,11.334285,0.0,0.0,0.0
2025-09-18 07:00:00+02:00,12.8,91.5012,11.45,0.0,1010.50323,0.0,10.486448,0.0,0.0,0.0
2025-09-18 08:00:00+02:00,13.05,90.91475,11.6,0.0,1010.7116,0.0,10.703569,13.0,16.0,29.0
2025-09-18 09:00:00+02:00,14.45,85.51161,12.05,0.0,1011.0682,1.0,9.92778,101.0,52.0,153.0
2025-09-18 10:00:00+02:00,16.15,79.23273,12.55,0.0,1011.4373,1.0,10.703569,229.0,73.0,302.0
2025-09-18 11:00:00+02:00,18.0,73.05777,13.1,0.0,1011.3175,0.0,11.1090765,352.0,87.0,439.0
2025-09-18 12:00:00+02:00,19.7,67.43411,13.5,0.0,1011.48706,0.0,11.074023,455.0,92.0,547.0
2025-09-18 13:00:00+02:00,21.05,63.469475,13.85,0.0,1011.14746,0.0,10.957846,515.0,96.0,611.0
2025-09-18 14:00:00+02:00,22.2,60.90964,14.3,0.0,1011.1944,42.0,11.53265,534.0,97.0,631.0
2025-09-18 15:00:00+02:00,23.3,58.659454,14.75,0.0,1010.9427,1.0,10.261579,497.0,99.0,596.0
2025-09-18 16:00:00+02:00,24.3,53.65272,14.3,0.0,1010.8843,68.0,11.453715,406.0,102.0,508.0
2025-09-18 17:00:00+02:00,23.85,56.382374,14.65,0.0,1010.56964,3.0,10.587918,288.0,97.0,385.0
2025-09-18 18:00:00+02:00,23.4,58.683346,14.85,0.0,1010.5516,4.0,8.435069,177.0,69.0,246.0
2025-09-18 19:00:00+02:00,21.8,66.781425,15.35,0.0,1010.6841,5.0,8.777654,60.0,42.0,102.0
2025-09-18 20:00:00+02:00,20.25,72.51559,15.15,0.0,1011.21356,0.0,10.514218,2.0,6.0,8.0
2025-09-18 21:00:00+02:00,19.0,78.36764,15.15,0.0,1011.6559,0.0,8.037761,0.0,0.0,0.0
2025-09-18 22:00:00+02:00,17.85,84.22305,15.15,0.0,1012.1016,0.0,7.0407386,0.0,0.0,0.0
2025-09-18 23:00:00+02:00,17.05,87.17274,14.9,0.0,1012.36456,0.0,6.945761,0.0,0.0,0.0
2025-09-19 00:00:00+02:00,16.25,89.670456,14.55,0.0,1012.72565,0.0,6.4096174,0.0,0.0,0.0
2025-09-19 01:00:00+02:00,15.65,91.38385,14.25,0.0,1012.8979,0.0,6.7565966,0.0,0.0,0.0
2025-09-19 02:00:00+02:00,15.0,93.13975,13.9,0.0,1012.96875,7.0,6.3690495,0.0,0.0,0.0
2025-09-19 03:00:00+02:00,14.2,91.88971,12.9,0.0,1012.9344,41.0,7.0107627,0.0,0.0,0.0
2025-09-19 04:00:00+02:00,13.85,92.77598,12.7,0.0,1012.9194,57.0,6.854195,0.0,0.0,0.0
2025-09-19 05:00:00+02:00,13.5,93.98239,12.55,0.0,1012.9041,33.0,6.439876,0.0,0.0,0.0
2025-09-19 06:00:00+02:00,13.2,94.89916,12.4,0.0,1012.8915,0.0,7.2,0.0,0.0,0.0
2025-09-19 07:00:00+02:00,12.4,97.4042,12.0,0.0,1012.8564,1.0,4.510787,0.0,0.0,0.0
2025-09-19 08:00:00+02:00,12.45,99.672356,12.4,0.0,1013.2538,30.0,4.5891175,10.0,15.0,25.0
2025-09-19 09:00:00+02:00,13.85,96.17148,13.25,0.0,1013.3145,90.0,2.8116899,68.0,64.0,132.0
2025-09-19 10:00:00+02:00,15.85,87.91345,13.85,0.0,1013.4992,16.0,1.9469976,168.0,103.0,271.0
2025-09-19 11:00:00+02:00,18.4,76.03403,14.1,0.0,1013.508,0.0,1.7727944,359.0,87.0,446.0
2025-09-19 12:00:00+02:00,20.75,67.648094,14.55,0.0,1013.2105,14.0,1.609969,475.0,85.0,560.0
2025-09-19 13:00:00+02:00,22.65,61.210438,14.8,0.0,1012.59625,68.0,1.8,537.0,89.0,626.0
2025-09-19 14:00:00+02:00,24.15,56.09393,14.85,0.0,1012.16284,90.0,1.1384199,548.0,94.0,642.0
2025-09-19 15:00:00+02:00,25.85,48.761154,14.25,0.0,1011.53906,55.0,1.781909,513.0,93.0,606.0
2025-09-19 16:00:00+02:00,26.4,48.436737,14.65,0.0,1010.8689,5.0,3.143565,436.0,88.0,524.0
2025-09-19 17:00:00+02:00,26.7,48.672974,15.0,0.0,1010.28796,0.0,3.06,331.0,74.0,405.0
2025-09-19 18:00:00+02:00,26.75,47.60122,14.7,0.0,1009.8945,0.0,0.8049845,195.0,61.0,256.0
2025-09-19 19:00:00+02:00,24.05,62.716663,16.5,0.0,1009.6882,0.0,1.659518,65.0,38.0,103.0
2025-09-19 20:00:00+02:00,21.05,73.59135,16.15,0.0,1009.6653,0.0,3.9477081,2.0,5.0,7.0
2025-09-19 21:00:00+02:00,19.7,78.721214,15.9,0.0,1009.8074,11.0,3.0652895,0.0,0.0,0.0
2025-09-19 22:00:00+02:00,18.2,82.92149,15.25,0.0,1009.35004,8.0,2.8460495,0.0,0.0,0.0
2025-09-19 23:00:00+02:00,17.55,82.31045,14.5,0.0,1009.42163,1.0,1.1384199,0.0,0.0,0.0
2025-09-20 00:00:00+02:00,16.85,83.83909,14.1,0.0,1009.1946,11.0,1.2727921,0.0,0.0,0.0
2025-09-20 01:00:00+02:00,16.05,85.39925,13.6,0.0,1008.8642,18.0,2.4482648,0.0,0.0,0.0
2025-09-20 02:00:00+02:00,15.15,86.99539,13.0,0.0,1008.52985,0.0,3.9640884,0.0,0.0,0.0
2025-09-20 03:00:00+02:00,12.8,91.19904,11.4,0.0,1008.03375,8.0,1.6981165,0.0,0.0,0.0
2025-09-20 04:00:00+02:00,12.3,92.998825,11.2,0.0,1007.7156,14.0,3.572898,0.0,0.0,0.0
2025-09-20 05:00:00+02:00,12.6,93.014694,11.5,0.0,1007.33374,1.0,6.522361,0.0,0.0,0.0
2025-09-20 06:00:00+02:00,13.0,91.51392,11.65,0.0,1007.0545,0.0,7.7650757,0.0,0.0,0.0
2025-09-20 07:00:00+02:00,13.0,90.911354,11.55,0.0,1006.85693,0.0,7.9567327,0.0,0.0,0.0
2025-09-20 08:00:00+02:00,12.9,94.575745,12.05,0.0,1006.8528,5.0,8.723967,11.0,15.0,26.0
2025-09-20 09:00:00+02:00,14.45,91.90482,13.15,0.0,1006.9192,4.0,6.763786,85.0,58.0,143.0
2025-09-20 10:00:00+02:00,16.7,83.821915,13.95,0.0,1006.8171,31.0,5.369916,195.0,91.0,286.0
2025-09-20 11:00:00+02:00,19.5,73.08579,14.55,0.0,1006.4397,23.0,6.248359,348.0,91.0,439.0
2025-09-20 12:00:00+02:00,22.15,62.69426,14.7,0.0,1005.8564,60.0,6.9247384,465.0,86.0,551.0
2025-09-20 13:00:00+02:00,24.45,55.09434,14.85,0.0,1005.0595,64.0,8.936777,520.0,92.0,612.0
2025-09-20 14:00:00+02:00,26.3,48.880863,14.7,0.0,1004.1445,94.0,10.261579,534.0,94.0,628.0
2025-09-20 15:00:00+02:00,28.15,42.18701,14.1,0.0,1003.4259,100.0,12.69351,476.0,104.0,580.0
2025-09-20 16:00:00+02:00,28.0,45.686943,15.2,0.0,1002.82715,100.0,13.306615,369.0,117.0,486.0
2025-09-20 17:00:00+02:00,28.1,47.504547,15.9,0.0,1002.33673,89.0,12.257194,290.0,87.0,377.0
2025-09-20 18:00:00+02:00,27.4,45.96686,14.75,0.0,1002.4082,12.0,15.299999,163.0,67.0,230.0
2025-09-20 19:00:00+02:00,24.8,53.434353,14.7,0.0,1002.30634,14.0,10.944532,53.0,39.0,92.0
2025-09-20 20:00:00+02:00,22.55,62.381256,15.0,0.0,1002.21625,10.0,8.805294,1.0,4.0,5.0
2025-09-20 21:00:00+02:00,21.45,67.78968,15.25,0.0,1002.4684,46.0,7.653705,0.0,0.0,0.0
2025-09-20 22:00:00+02:00,20.6,72.34583,15.45,0.0,1002.43365,100.0,7.889259,0.0,0.0,0.0
2025-09-20 23:00:00+02:00,20.2,76.320816,15.9,0.0,1002.41736,100.0,5.728979,0.0,0.0,0.0
2025-09-21 00:00:00+02:00,19.85,78.241806,15.95,0.0,1002.00793,100.0,5.5450516,0.0,0.0,0.0
2025-09-21 01:00:00+02:00,19.55,77.69847,15.55,0.0,1001.8969,99.0,7.3997297,0.0,0.0,0.0
2025-09-21 02:00:00+02:00,19.45,75.957436,15.1,0.0,1001.39874,98.0,8.604301,0.0,0.0,0.0
2025-09-21 03:00:00+02:00,18.1,81.32475,14.85,0.0,1001.1452,95.0,6.7757506,0.0,0.0,0.0
2025-09-21 04:00:00+02:00,17.85,81.81839,14.7,0.0,1000.83844,61.0,8.131936,0.0,0.0,0.0
2025-09-21 05:00:00+02:00,17.3,84.97976,14.75,0.0,1000.2231,100.0,7.0911775,0.0,0.0,0.0
2025-09-21 06:00:00+02:00,17.05,87.17274,14.9,0.0,999.91626,96.0,8.3520775,0.0,0.0,0.0
2025-09-21 07:00:00+02:00,16.8,89.1369,15.0,0.0,999.9055,100.0,8.305396,0.0,0.0,0.0
2025-09-21 08:00:00+02:00,16.95,89.72323,15.25,0.0,1000.40576,99.0,10.348043,2.0,16.0,18.0
2025-09-21 09:00:00+02:00,17.85,88.36912,15.9,0.5,1000.54205,100.0,10.587918,14.0,57.0,71.0
2025-09-21 10:00:00+02:00,17.4,93.26153,16.3,0.3,1001.1162,100.0,10.957846,0.0,46.0,46.0
2025-09-21 11:00:00+02:00,18.25,90.3927,16.65,0.2,1001.4479,100.0,10.261579,1.0,97.0,98.0
2025-09-21 12:00:00+02:00,18.95,86.79392,16.7,0.1,1001.2792,100.0,7.989243,0.0,131.0,131.0
2025-09-21 13:00:00+02:00,19.65,78.71403,15.85,0.1,1001.5057,100.0,7.9138603,20.0,192.0,212.0
2025-09-21 14:00:00+02:00,18.9,76.36012,14.65,0.2,1001.8701,100.0,10.548061,0.0,128.0,128.0
2025-09-21 15:00:00+02:00,19.25,69.57295,13.55,0.1,1002.97107,100.0,12.72283,94.0,227.0,321.0
2025-09-21 16:00:00+02:00,16.65,75.999565,12.4,0.6,1003.3571,100.0,10.703569,0.0,76.0,76.0
2025-09-21 17:00:00+02:00,15.8,82.90169,12.9,0.7,1002.9263,100.0,9.224011,1.0,93.0,94.0
2025-09-21 18:00:00+02:00,14.8,93.7364,13.8,1.3,1003.27924,100.0,5.2200003,0.0,37.0,37.0
2025-09-21 19:00:00+02:00,14.6,89.8377,12.95,0.6,1003.6659,100.0,6.3231,0.0,14.0,14.0
2025-09-21 20:00:00+02:00,14.15,94.935875,13.35,0.5,1004.1407,100.0,3.438895,0.0,1.0,1.0
2025-09-21 21:00:00+02:00,14.0,95.2402,13.25,1.6,1004.52924,100.0,3.438895,0.0,0.0,0.0
2025-09-21 22:00:00+02:00,13.85,94.61474,13.0,2.7,1005.0167,100.0,4.3832865,0.0,0.0,0.0
2025-09-21 23:00:00+02:00,13.4,95.218414,12.65,1.2,1004.6024,100.0,8.821836,0.0,0.0,0.0
2025-09-22 00:00:00+02:00,13.15,91.52346,11.8,0.1,1004.888,100.0,13.864674,0.0,0.0,0.0
2025-09-22 01:00:00+02:00,12.7,90.29061,11.15,0.0,1004.9673,100.0,16.50218,0.0,0.0,0.0
2025-09-22 02:00:00+02:00,12.0,86.40349,9.8,0.0,1005.13446,100.0,16.848999,0.0,0.0,0.0
2025-09-22 03:00:00+02:00,11.8,90.829384,10.35,0.7,1005.2248,100.0,16.279802,0.0,0.0,0.0
2025-09-22 04:00:00+02:00,11.35,92.329445,10.15,0.6,1004.51373,100.0,18.102308,0.0,0.0,0.0
2025-09-22 05:00:00+02:00,11.15,91.70179,9.85,0.3,1004.7025,100.0,16.73516,0.0,0.0,0.0
2025-09-22 06:00:00+02:00,10.9,91.37889,9.55,0.5,1004.79016,100.0,17.703253,0.0,0.0,0.0
2025-09-22 07:00:00+02:00,10.65,91.3626,9.3,0.6,1004.97705,100.0,18.568811,0.0,0.0,0.0
2025-09-22 08:00:00+02:00,10.5,91.04562,9.1,0.5,1005.563,100.0,18.501513,0.0,3.0,3.0
2025-09-22 09:00:00+02:00,10.45,90.4304,8.95,0.6,1005.462,100.0,19.533937,0.0,24.0,24.0
2025-09-22 10:00:00+02:00,10.2,94.14542,9.3,0.7,1006.1424,100.0,19.0392,0.0,43.0,43.0
2025-09-22 11:00:00+02:00,10.3,93.83393,9.35,1.0,1005.9492,100.0,21.362444,1.0,79.0,80.0
2025-09-22 12:00:00+02:00,11.75,85.512535,9.4,0.8,1005.61755,100.0,19.992968,9.0,211.0,220.0
2025-09-22 13:00:00+02:00,12.1,83.84421,9.45,0.3,1005.43524,100.0,17.563608,1.0,150.0,151.0
2025-09-22 14:00:00+02:00,12.6,80.051796,9.25,0.3,1005.3582,100.0,16.78156,1.0,167.0,168.0
2025-09-22 15:00:00+02:00,13.45,75.7277,9.25,0.3,1006.4814,100.0,20.070604,116.0,216.0,332.0
2025-09-22 16:00:00+02:00,14.65,63.29591,7.75,0.1,1006.335,74.0,19.87024,152.0,211.0,363.0
2025-09-22 17:00:00+02:00,14.65,57.90602,6.45,0.0,1006.2362,100.0,19.567083,38.0,169.0,207.0
2025-09-22 18:00:00+02:00,14.0,62.716454,7.0,0.2,1006.3073,99.0,15.30741,5.0,73.0,78.0
2025-09-22 19:00:00+02:00,13.3,65.6365,7.0,0.0,1006.9687,100.0,13.104198,1.0,33.0,34.0
2025-09-22 20:00:00+02:00,12.8,68.51559,7.15,0.1,1007.7374,100.0,12.431733,0.0,1.0,1.0
2025-09-22 21:00:00+02:00,12.6,67.541565,6.75,0.0,1008.12396,100.0,13.684735,0.0,0.0,0.0
2025-09-22 22:00:00+02:00,12.4,66.80651,6.4,0.0,1008.41144,100.0,14.004185,0.0,0.0,0.0
2025-09-22 23:00:00+02:00,12.1,68.37177,6.45,0.0,1008.99115,100.0,10.944532,0.0,0.0,0.0
2025-09-23 00:00:00+02:00,11.7,69.71659,6.35,0.0,1009.0724,100.0,12.081473,0.0,0.0,0.0
2025-09-23 01:00:00+02:00,11.45,70.39112,6.25,0.0,1008.7651,63.0,14.423605,0.0,0.0,0.0
2025-09-23 02:00:00+02:00,10.65,73.972916,6.2,0.0,1008.9278,61.0,13.929953,0.0,0.0,0.0
2025-09-23 03:00:00+02:00,10.05,77.7941,6.35,0.0,1008.99994,91.0,14.517644,0.0,0.0,0.0
2025-09-23 04:00:00+02:00,10.0,77.25201,6.2,0.0,1009.0965,83.0,15.009236,0.0,0.0,0.0
2025-09-23 05:00:00+02:00,9.7,77.47153,5.95,0.0,1009.577,63.0,13.202726,0.0,0.0,0.0
2025-09-23 06:00:00+02:00,9.8,76.160034,5.8,0.0,1009.5814,96.0,14.092977,0.0,0.0,0.0
2025-09-23 07:00:00+02:00,9.95,74.36201,5.6,0.0,1009.29175,67.0,14.757804,0.0,0.0,0.0
2025-09-23 08:00:00+02:00,9.6,75.60105,5.5,0.0,1009.4737,9.0,14.178927,5.0,12.0,17.0
2025-09-23 09:00:00+02:00,10.45,73.4283,5.9,0.0,1010.0053,93.0,13.874019,65.0,60.0,125.0
2025-09-23 10:00:00+02:00,11.6,67.79823,5.85,0.0,1010.3521,99.0,16.260885,141.0,110.0,251.0
2025-09-23 11:00:00+02:00,12.5,65.235886,6.15,0.0,1009.8976,96.0,16.904673,93.0,190.0,283.0
2025-09-23 12:00:00+02:00,13.95,60.588177,6.45,0.0,1009.56525,52.0,18.193361,214.0,208.0,422.0
2025-09-23 13:00:00+02:00,15.1,52.678986,5.5,0.0,1009.2192,80.0,19.340576,311.0,205.0,516.0
2025-09-23 14:00:00+02:00,15.75,50.00533,5.35,0.0,1008.35767,60.0,21.365477,350.0,197.0,547.0
2025-09-23 15:00:00+02:00,16.15,49.254116,5.5,0.0,1008.27594,83.0,21.710716,478.0,98.0,576.0
2025-09-23 16:00:00+02:00,16.15,48.913612,5.4,0.0,1007.782,10.0,22.66857,341.0,133.0,474.0
2025-09-23 17:00:00+02:00,15.8,51.070038,5.7,0.0,1007.56946,48.0,23.675303,309.0,75.0,384.0
2025-09-23 18:00:00+02:00,15.15,54.171345,5.95,0.0,1007.7395,100.0,20.073833,99.0,87.0,186.0
2025-09-23 19:00:00+02:00,14.55,54.76845,5.55,0.0,1007.8128,100.0,19.797543,10.0,29.0,39.0
2025-09-23 20:00:00+02:00,14.3,54.703236,5.3,0.0,1008.0983,100.0,20.12461,0.0,1.0,1.0
2025-09-23 21:00:00+02:00,13.7,57.468426,5.45,0.0,1008.66534,100.0,21.001457,0.0,0.0,0.0
2025-09-23 22:00:00+02:00,13.2,60.40778,5.7,0.0,1008.7427,100.0,19.313757,0.0,0.0,0.0
2025-09-23 23:00:00+02:00,12.9,61.603134,5.7,0.0,1009.1247,100.0,17.49337,0.0,0.0,0.0
2025-09-24 00:00:00+02:00,12.55,62.813457,5.65,0.0,1009.2083,100.0,16.951565,0.0,0.0,0.0
2025-09-24 01:00:00+02:00,12.25,64.285,5.7,0.0,1008.80023,100.0,17.10284,0.0,0.0,0.0
2025-09-24 02:00:00+02:00,11.95,66.022,5.8,0.0,1008.7869,100.0,17.10284,0.0,0.0,0.0
2025-09-24 03:00:00+02:00,11.7,70.92616,6.6,0.1,1008.87494,100.0,16.848999,0.0,0.0,0.0
2025-09-24 04:00:00+02:00,11.7,68.99963,6.2,0.0,1008.7761,100.0,16.818203,0.0,0.0,0.0
2025-09-24 05:00:00+02:00,11.45,69.42662,6.05,0.0,1008.7651,100.0,16.595179,0.0,0.0,0.0
2025-09-24 06:00:00+02:00,11.05,71.290855,6.05,0.0,1008.4513,100.0,16.848038,0.0,0.0,0.0
2025-09-24 07:00:00+02:00,10.7,72.968094,6.05,0.0,1008.53485,100.0,16.782528,0.0,0.0,0.0
2025-09-24 08:00:00+02:00,10.5,73.691414,6.0,0.0,1008.22974,100.0,18.581894,0.0,7.0,7.0
2025-09-24 09:00:00+02:00,10.75,73.22942,6.15,0.0,1008.3396,100.0,19.06046,2.0,45.0,47.0
2025-09-24 10:00:00+02:00,10.95,75.30883,6.75,0.2,1008.34814,100.0,17.477621,2.0,108.0,110.0
2025-09-24 11:00:00+02:00,11.65,72.392815,6.85,0.0,1008.5764,100.0,17.088627,22.0,144.0,166.0
2025-09-24 12:00:00+02:00,12.35,69.36883,6.9,0.0,1008.50806,100.0,17.87718,10.0,135.0,145.0
2025-09-24 13:00:00+02:00,12.65,68.25059,6.95,0.0,1008.0271,100.0,18.13003,3.0,114.0,117.0
2025-09-24 14:00:00+02:00,12.85,67.36275,6.95,0.1,1007.64087,100.0,18.738165,0.0,99.0,99.0
2025-09-24 15:00:00+02:00,11.9,74.70136,7.55,1.0,1007.9948,100.0,14.527683,0.0,38.0,38.0
2025-09-24 16:00:00+02:00,10.9,89.85642,9.3,2.2,1007.457,100.0,12.483748,0.0,26.0,26.0
2025-09-24 17:00:00+02:00,10.9,91.6861,9.6,2.5,1007.2594,100.0,14.087229,0.0,34.0,34.0
2025-09-24 18:00:00+02:00,10.8,91.988144,9.55,2.4,1007.55164,100.0,13.529966,0.0,13.0,13.0
2025-09-24 19:00:00+02:00,10.6,93.53376,9.6,3.2,1007.8391,100.0,14.356058,0.0,4.0,4.0
2025-09-24 20:00:00+02:00,10.5,94.475296,9.65,2.1,1007.7359,100.0,14.978986,0.0,0.0,0.0
2025-09-24 21:00:00+02:00,10.55,93.84573,9.6,1.8,1007.6393,100.0,18.083506,0.0,0.0,0.0
2025-09-24 22:00:00+02:00,10.35,93.83629,9.4,1.7,1007.53174,100.0,20.20575,0.0,0.0,0.0
2025-09-24 23:00:00+02:00,10.05,94.13866,9.15,1.7,1007.51843,100.0,20.849718,0.0,0.0,0.0
2025-09-25 00:00:00+02:00,9.9,94.13191,9.0,1.4,1007.41296,100.0,19.89631,0.0,0.0,0.0
2025-09-25 01:00:00+02:00,9.55,94.7544,8.75,2.1,1007.29877,100.0,19.567083,0.0,0.0,0.0
2025-09-25 02:00:00+02:00,9.2,94.740204,8.4,3.1,1007.18445,100.0,20.056877,0.0,0.0,0.0
2025-09-25 03:00:00+02:00,9.0,95.05398,8.25,0.9,1006.583,100.0,16.50709,0.0,0.0,0.0
2025-09-25 04:00:00+02:00,8.95,95.37508,8.25,0.8,1006.48206,100.0,15.035119,0.0,0.0,0.0
2025-09-25 05:00:00+02:00,9.05,93.139496,8.0,0.4,1006.1902,100.0,15.536408,0.0,0.0,0.0
2025-09-25 06:00:00+02:00,9.1,92.19713,7.9,0.1,1006.0937,100.0,15.787753,0.0,0.0,0.0
2025-09-25 07:00:00+02:00,9.1,92.19713,7.9,0.3,1006.2912,100.0,16.019999,0.0,0.0,0.0
2025-09-25 08:00:00+02:00,9.15,91.26392,7.8,0.1,1006.29333,100.0,15.244842,0.0,2.0,2.0
2025-09-25 09:00:00+02:00,9.4,89.43656,7.75,0.1,1006.50195,100.0,15.743571,0.0,18.0,18.0
2025-09-25 10:00:00+02:00,9.45,89.74542,7.85,0.3,1006.70166,100.0,16.454994,0.0,36.0,36.0
2025-09-25 11:00:00+02:00,9.65,88.5484,7.85,0.3,1006.7105,100.0,15.611304,0.0,62.0,62.0
2025-09-25 12:00:00+02:00,9.8,91.306885,8.45,1.6,1006.816,100.0,15.379206,1.0,95.0,96.0
2025-09-25 13:00:00+02:00,9.75,91.924065,8.5,1.2,1006.7149,100.0,14.970331,0.0,71.0,71.0
2025-09-25 14:00:00+02:00,10.4,88.6123,8.6,0.1,1006.64496,100.0,14.039999,1.0,117.0,118.0
2025-09-25 15:00:00+02:00,9.95,88.87514,8.2,0.1,1007.21765,100.0,13.37825,2.0,78.0,80.0
2025-09-25 16:00:00+02:00,9.95,88.87514,8.2,0.0,1007.1189,100.0,11.844492,0.0,62.0,62.0
2025-09-25 17:00:00+02:00,10.1,87.9879,8.2,0.1,1007.4218,100.0,11.351422,0.0,55.0,55.0
2025-09-25 18:00:00+02:00,10.0,87.97897,8.1,0.2,1007.615,100.0,12.303366,0.0,20.0,20.0
2025-09-25 19:00:00+02:00,9.85,88.5655,8.05,0.2,1007.60834,100.0,12.241323,0.0,8.0,8.0
2025-09-25 20:00:00+02:00,9.75,89.46429,8.1,0.4,1007.8014,100.0,13.149859,0.0,0.0,0.0
2025-09-25 21:00:00+02:00,9.5,90.669205,8.05,0.4,1007.79034,100.0,14.0734215,0.0,0.0,0.0
2025-09-25 22:00:00+02:00,9.55,91.60061,8.25,0.2,1007.99005,100.0,13.60519,0.0,0.0,0.0
2025-09-25 23:00:00+02:00,9.65,92.54258,8.5,0.1,1008.4883,100.0,11.709688,0.0,0.0,0.0
2025-09-26 00:00:00+02:00,9.95,94.4519,9.1,0.3,1008.7979,100.0,9.761578,0.0,0.0,0.0
2025-09-26 01:00:00+02:00,9.85,96.375404,9.3,0.0,1008.991,96.0,7.7734165,0.0,0.0,0.0
2025-09-26 02:00:00+02:00,9.75,97.023346,9.3,0.0,1009.48035,100.0,6.2999997,0.0,0.0,0.0
2025-09-26 03:00:00+02:00,9.15,97.99736,8.85,0.0,1009.45374,35.0,4.412754,0.0,0.0,0.0
2025-09-26 04:00:00+02:00,9.45,98.00206,9.15,0.0,1009.3683,100.0,5.48631,0.0,0.0,0.0
2025-09-26 05:00:00+02:00,9.25,97.339806,8.85,0.0,1009.45825,100.0,7.1321807,0.0,0.0,0.0
2025-09-26 06:00:00+02:00,9.55,95.396545,8.85,0.0,1009.5704,57.0,6.502461,0.0,0.0,0.0
2025-09-26 07:00:00+02:00,8.95,96.024,8.35,0.0,1009.5437,20.0,7.406295,0.0,0.0,0.0
2025-09-26 08:00:00+02:00,8.75,96.0178,8.15,0.0,1009.63354,88.0,9.585739,4.0,9.0,13.0
2025-09-26 09:00:00+02:00,10.1,90.09981,8.55,0.0,1010.08856,83.0,10.316686,42.0,65.0,107.0
2025-09-26 10:00:00+02:00,10.9,85.71189,8.6,0.0,1010.1238,100.0,12.72283,78.0,116.0,194.0
2025-09-26 11:00:00+02:00,12.05,80.516624,8.8,0.0,1010.0754,100.0,12.440851,58.0,191.0,249.0
2025-09-26 12:00:00+02:00,13.55,74.22974,9.05,0.0,1009.5478,100.0,13.072015,85.0,227.0,312.0
2025-09-26 13:00:00+02:00,14.7,69.36728,9.15,0.0,1008.9057,100.0,12.98248,61.0,273.0,334.0
2025-09-26 14:00:00+02:00,15.25,68.3203,9.45,0.1,1008.534,100.0,12.351987,61.0,246.0,307.0
2025-09-26 15:00:00+02:00,13.15,79.32692,9.65,0.5,1008.938,100.0,12.097553,51.0,159.0,210.0
2025-09-26 16:00:00+02:00,13.1,80.390686,9.8,1.3,1008.63934,100.0,12.193589,66.0,127.0,193.0
2025-09-26 17:00:00+02:00,13.3,77.506805,9.45,0.0,1008.35156,100.0,11.213581,10.0,126.0,136.0
2025-09-26 18:00:00+02:00,12.95,80.36998,9.65,0.0,1008.33636,100.0,12.224107,0.0,64.0,64.0
2025-09-26 19:00:00+02:00,12.5,83.05156,9.7,0.1,1008.0208,100.0,12.413476,0.0,14.0,14.0
2025-09-26 20:00:00+02:00,12.0,87.56827,10.0,0.7,1008.2953,100.0,12.703715,0.0,0.0,0.0
2025-09-26 21:00:00+02:00,11.35,90.79836,9.9,0.0,1008.06946,95.0,13.036026,0.0,0.0,0.0
2025-09-26 22:00:00+02:00,10.95,91.997246,9.7,0.0,1008.1506,100.0,10.196647,0.0,0.0,0.0
2025-09-26 23:00:00+02:00,11.0,91.692375,9.7,0.0,1007.9553,100.0,9.05205,0.0,0.0,0.0
2025-09-27 00:00:00+02:00,10.45,93.52635,9.45,0.0,1007.9312,100.0,8.373386,0.0,0.0,0.0
2025-09-27 01:00:00+02:00,10.6,93.53376,9.6,0.1,1007.64154,98.0,8.197414,0.0,0.0,0.0
2025-09-27 02:00:00+02:00,10.55,94.1611,9.65,0.1,1008.03436,100.0,7.1684303,0.0,0.0,0.0
2025-09-27 03:00:00+02:00,10.95,96.085205,10.35,0.0,1007.7555,85.0,5.634891,0.0,0.0,0.0
2025-09-27 04:00:00+02:00,11.05,95.768425,10.4,0.8,1007.66113,89.0,7.4672885,0.0,0.0,0.0
2025-09-27 05:00:00+02:00,10.4,96.39085,9.85,1.3,1007.8302,77.0,3.06,0.0,0.0,0.0
2025-09-27 06:00:00+02:00,10.35,97.68884,10.0,0.2,1008.0256,97.0,4.4274144,0.0,0.0,0.0
2025-09-27 07:00:00+02:00,10.2,97.359474,9.8,0.2,1008.11774,85.0,3.06,0.0,0.0,0.0
2025-09-27 08:00:00+02:00,10.75,96.723045,10.25,0.0,1008.3396,100.0,3.7971036,0.0,6.0,6.0
2025-09-27 09:00:00+02:00,11.45,96.10029,10.85,0.0,1008.9626,100.0,0.9,3.0,47.0,50.0
2025-09-27 10:00:00+02:00,11.8,94.844345,11.0,0.1,1009.47205,100.0,3.319036,0.0,67.0,67.0
2025-09-27 11:00:00+02:00,12.55,90.279755,11.0,0.0,1009.6034,100.0,2.226477,2.0,109.0,111.0
2025-09-27 12:00:00+02:00,14.0,83.232216,11.2,0.0,1009.6659,100.0,1.6299692,88.0,195.0,283.0
2025-09-27 13:00:00+02:00,14.75,79.29302,11.2,0.0,1009.5995,100.0,1.0948973,50.0,232.0,282.0
2025-09-27 14:00:00+02:00,15.95,73.417274,11.2,0.1,1009.4529,99.0,1.2727921,214.0,218.0,432.0
2025-09-27 15:00:00+02:00,16.15,69.422485,10.55,0.1,1009.8566,78.0,1.8532133,104.0,211.0,315.0
2025-09-27 16:00:00+02:00,16.45,68.33579,10.6,0.0,1009.77045,85.0,2.0991426,134.0,177.0,311.0
2025-09-27 17:00:00+02:00,16.4,67.64598,10.4,0.0,1009.4719,78.0,2.1749482,116.0,115.0,231.0
2025-09-27 18:00:00+02:00,16.05,70.09977,10.6,0.0,1009.4569,60.0,2.0124612,63.0,74.0,137.0
2025-09-27 19:00:00+02:00,14.85,79.834076,11.4,0.0,1009.6035,46.0,1.1525624,19.0,27.0,46.0
2025-09-27 20:00:00+02:00,13.75,84.31372,11.15,0.0,1010.05023,33.0,4.2136917,0.0,0.0,0.0
2025-09-27 21:00:00+02:00,13.0,89.4202,11.3,0.0,1010.0179,10.0,6.1120534,0.0,0.0,0.0
2025-09-27 22:00:00+02:00,11.65,93.27433,10.6,0.0,1010.1568,11.0,4.514377,0.0,0.0,0.0
2025-09-27 23:00:00+02:00,11.2,93.876236,10.25,0.0,1010.5321,24.0,0.71999997,0.0,0.0,0.0
2025-09-28 00:00:00+02:00,10.6,96.0746,10.0,0.0,1010.4071,12.0,2.4216523,0.0,0.0,0.0
2025-09-28 01:00:00+02:00,10.35,96.38944,9.8,0.0,1010.09973,0.0,4.4456716,0.0,0.0,0.0
2025-09-28 02:00:00+02:00,9.8,95.727325,9.15,0.0,1010.27277,7.0,4.1125174,0.0,0.0,0.0
2025-09-28 03:00:00+02:00,11.25,97.05787,10.8,0.0,1010.13934,39.0,4.863332,0.0,0.0,0.0
2025-09-28 04:00:00+02:00,11.0,99.338196,10.9,0.0,1010.0295,100.0,5.257109,0.0,0.0,0.0
2025-09-28 05:00:00+02:00,10.7,99.66784,10.65,0.0,1010.2139,100.0,6.0347,0.0,0.0,0.0
2025-09-28 06:00:00+02:00,10.85,99.66823,10.8,0.0,1010.3194,100.0,6.090812,0.0,0.0,0.0
2025-09-28 07:00:00+02:00,10.75,99.00678,10.6,0.0,1010.5125,100.0,6.7397914,0.0,0.0,0.0
2025-09-28 08:00:00+02:00,10.65,97.36871,10.25,0.0,1010.6069,100.0,6.6405115,0.0,6.0,6.0
2025-09-28 09:00:00+02:00,10.6,98.34756,10.35,0.0,1010.6046,100.0,6.804381,0.0,48.0,48.0
2025-09-28 10:00:00+02:00,11.0,98.35272,10.75,0.0,1010.5233,100.0,7.538541,0.0,113.0,113.0
2025-09-28 11:00:00+02:00,12.5,92.09033,11.25,0.0,1010.78656,100.0,6.552099,15.0,172.0,187.0
2025-09-28 12:00:00+02:00,14.35,85.219925,11.9,0.0,1010.66895,100.0,3.710795,113.0,221.0,334.0
2025-09-28 13:00:00+02:00,16.1,74.176186,11.5,0.0,1010.2495,98.0,3.381893,257.0,203.0,460.0
2025-09-28 14:00:00+02:00,16.8,69.7814,11.25,0.1,1009.78503,85.0,4.5891175,154.0,222.0,376.0
2025-09-28 15:00:00+02:00,16.45,69.94478,10.95,0.0,1009.77045,60.0,3.6447225,82.0,232.0,314.0
2025-09-28 16:00:00+02:00,17.1,66.232315,10.75,0.0,1009.10626,52.0,4.0449967,143.0,171.0,314.0
2025-09-28 17:00:00+02:00,17.0,66.653046,10.75,0.0,1009.00323,91.0,3.8183763,71.0,121.0,192.0
2025-09-28 18:00:00+02:00,16.9,69.34025,11.25,0.0,1008.9991,19.0,2.226477,46.0,88.0,134.0
2025-09-28 19:00:00+02:00,15.15,77.79146,11.3,0.0,1008.8262,23.0,1.8,27.0,26.0,53.0
2025-09-28 20:00:00+02:00,13.8,82.11016,10.8,0.0,1009.0647,6.0,2.2910259,0.0,0.0,0.0
2025-09-28 21:00:00+02:00,12.7,86.18515,10.45,0.0,1009.1159,8.0,2.6999998,0.0,0.0,0.0
2025-09-28 22:00:00+02:00,11.65,89.61294,10.0,0.0,1009.16907,5.0,2.7416782,0.0,0.0,0.0
2025-09-28 23:00:00+02:00,10.7,92.91329,9.6,0.0,1009.22626,3.0,2.36753,0.0,0.0,0.0
2025-09-29 00:00:00+02:00,10.25,93.51643,9.25,0.0,1009.10754,3.0,2.1674871,0.0,0.0,0.0
2025-09-29 01:00:00+02:00,10.1,92.880806,9.0,0.0,1009.1009,12.0,2.657668,0.0,0.0,0.0
2025-09-29 02:00:00+02:00,9.75,93.176186,8.7,0.0,1009.1841,31.0,3.4199998,0.0,0.0,0.0
2025-09-29 03:00:00+02:00,10.5,94.158875,9.6,0.0,1009.51373,100.0,4.080882,0.0,0.0,0.0
2025-09-29 04:00:00+02:00,10.6,95.75369,9.95,0.0,1009.5181,100.0,4.080882,0.0,0.0,0.0
2025-09-29 05:00:00+02:00,10.7,96.72179,10.2,0.1,1009.5225,100.0,4.4274144,0.0,0.0,0.0
2025-09-29 06:00:00+02:00,10.8,96.08065,10.2,0.0,1009.3296,100.0,4.5,0.0,0.0,0.0
2025-09-29 07:00:00+02:00,10.7,96.07764,10.1,0.0,1009.3251,49.0,5.004518,0.0,0.0,0.0
2025-09-29 08:00:00+02:00,10.65,96.07612,10.05,0.0,1009.5204,25.0,3.2048087,1.0,6.0,7.0
2025-09-29 09:00:00+02:00,11.8,94.21665,10.9,0.0,1009.6696,19.0,0.56920993,36.0,53.0,89.0
2025-09-29 10:00:00+02:00,13.35,87.690926,11.35,0.0,1009.9343,24.0,1.2727921,125.0,95.0,220.0
2025-09-29 11:00:00+02:00,15.05,81.4588,11.9,0.0,1009.90845,25.0,1.0182338,253.0,106.0,359.0
2025-09-29 12:00:00+02:00,16.4,75.959015,12.15,0.0,1009.7683,9.0,1.0948973,295.0,120.0,415.0
2025-09-29 13:00:00+02:00,17.2,71.72631,12.05,0.4,1009.50543,63.0,4.379589,312.0,130.0,442.0
2025-09-29 14:00:00+02:00,17.8,68.15736,11.85,0.1,1008.9381,43.0,3.710795,331.0,134.0,465.0
2025-09-29 15:00:00+02:00,18.45,58.44925,10.15,0.0,1009.0641,59.0,4.6834598,328.0,116.0,444.0
2025-09-29 16:00:00+02:00,18.7,55.2752,9.55,0.0,1008.77783,67.0,3.0811036,322.0,95.0,417.0
2025-09-29 17:00:00+02:00,18.8,53.293148,9.1,0.0,1008.68317,49.0,1.3104197,197.0,92.0,289.0
2025-09-29 18:00:00+02:00,18.25,56.096386,9.35,0.0,1008.8579,37.0,1.484318,106.0,58.0,164.0
2025-09-29 19:00:00+02:00,15.9,71.96117,10.85,0.0,1009.1543,57.0,2.6999998,22.0,23.0,45.0
2025-09-29 20:00:00+02:00,14.85,77.2311,10.9,0.0,1009.3072,97.0,5.6002855,0.0,0.0,0.0
2025-09-29 21:00:00+02:00,14.15,83.8028,11.45,0.0,1009.47504,100.0,1.8532133,0.0,0.0,0.0
2025-09-29 22:00:00+02:00,13.85,86.01554,11.55,0.0,1009.36316,100.0,2.2768397,0.0,0.0,0.0
2025-09-29 23:00:00+02:00,12.9,88.821556,11.1,0.0,1009.51984,100.0,3.7842832,0.0,0.0,0.0
2025-09-30 00:00:00+02:00,12.5,90.576294,11.0,0.0,1009.60126,100.0,6.502461,0.0,0.0,0.0
2025-09-30 01:00:00+02:00,11.65,92.34683,10.45,0.0,1009.56415,100.0,4.613762,0.0,0.0,0.0
2025-09-30 02:00:00+02:00,11.3,92.63558,10.15,0.0,1009.74646,100.0,4.1046314,0.0,0.0,0.0
2025-09-30 03:00:00+02:00,11.7,96.42696,11.15,0.0,1009.5663,100.0,2.7059932,0.0,0.0,0.0
2025-09-30 04:00:00+02:00,10.85,98.023834,10.55,0.0,1009.3317,100.0,2.2553935,0.0,0.0,0.0
2025-09-30 05:00:00+02:00,10.7,98.67715,10.5,0.0,1009.1275,100.0,0.40249225,0.0,0.0,0.0
2025-09-30 06:00:00+02:00,10.3,99.334526,10.2,0.0,1009.1098,100.0,2.8174455,0.0,0.0,0.0
2025-09-30 07:00:00+02:00,9.9,98.668816,9.7,0.0,1009.5858,100.0,3.84796,0.0,0.0,0.0
2025-09-30 08:00:00+02:00,10.45,97.039536,10.0,0.0,1010.0053,100.0,4.724786,0.0,8.0,8.0
2025-09-30 09:00:00+02:00,11.65,92.96426,10.55,0.0,1010.4531,55.0,4.7928696,12.0,62.0,74.0
2025-09-30 10:00:00+02:00,13.05,86.220314,10.8,0.0,1011.00793,68.0,5.068846,100.0,105.0,205.0
2025-09-30 11:00:00+02:00,14.2,77.64592,10.35,0.0,1011.0575,24.0,8.557102,176.0,152.0,328.0
2025-09-30 12:00:00+02:00,15.2,67.624405,9.25,0.0,1011.1002,83.0,6.763786,286.0,149.0,435.0
2025-09-30 13:00:00+02:00,16.05,61.919407,8.75,0.0,1011.1364,100.0,5.1826253,335.0,158.0,493.0
2025-09-30 14:00:00+02:00,16.5,58.166946,8.25,0.0,1011.15546,100.0,5.637765,283.0,171.0,454.0
2025-09-30 15:00:00+02:00,16.7,57.043976,8.15,0.2,1010.96643,96.0,7.1661706,257.0,166.0,423.0
2025-09-30 16:00:00+02:00,16.7,56.083027,7.9,0.2,1010.96643,82.0,7.458606,200.0,134.0,334.0
2025-09-30 17:00:00+02:00,16.55,57.590187,8.15,0.0,1011.05896,81.0,8.790563,118.0,109.0,227.0
2025-09-30 18:00:00+02:00,15.1,67.14969,9.05,0.0,1011.68884,75.0,8.197414,74.0,63.0,137.0
2025-09-30 19:00:00+02:00,13.6,80.19135,10.25,0.0,1012.0196,66.0,5.0816135,17.0,20.0,37.0
2025-09-30 20:00:00+02:00,12.75,86.76622,10.6,0.0,1012.57526,52.0,3.710795,0.0,0.0,0.0
2025-09-30 21:00:00+02:00,12.45,86.73716,10.3,0.0,1012.85864,35.0,6.7397914,0.0,0.0,0.0
2025-09-30 22:00:00+02:00,12.15,84.13204,9.55,0.0,1013.1419,77.0,8.863972,0.0,0.0,0.0
2025-09-30 23:00:00+02:00,11.5,82.6497,8.65,0.0,1013.40967,95.0,8.953078,0.0,0.0,0.0
2025-10-01 00:00:00+02:00,11.0,82.30739,8.1,0.0,1013.7828,78.0,9.096681,0.0,0.0,0.0
2025-10-01 01:00:00+02:00,10.55,80.03447,7.25,0.0,1013.96045,19.0,9.446141,0.0,0.0,0.0
2025-10-01 02:00:00+02:00,9.7,83.27555,7.0,0.0,1014.9103,5.0,8.9873905,0.0,0.0,0.0
2025-10-01 03:00:00+02:00,8.75,83.735664,6.15,0.0,1014.9666,1.0,9.340941,0.0,0.0,0.0
2025-10-01 04:00:00+02:00,8.2,83.09223,5.5,0.0,1015.04095,8.0,9.668195,0.0,0.0,0.0
2025-10-01 05:00:00+02:00,7.95,81.91416,5.05,0.0,1015.12823,5.0,9.939196,0.0,0.0,0.0
2025-10-01 06:00:00+02:00,7.65,81.87481,4.75,0.0,1015.411,0.0,9.686609,0.0,0.0,0.0
2025-10-01 07:00:00+02:00,7.15,83.8365,4.6,0.0,1015.8821,0.0,10.316686,0.0,0.0,0.0
2025-10-01 08:00:00+02:00,6.55,88.278656,4.75,0.0,1016.4473,0.0,10.185519,4.0,6.0,10.0
2025-10-01 09:00:00+02:00,7.45,85.34446,5.15,0.0,1017.1797,0.0,9.726664,72.0,42.0,114.0
2025-10-01 10:00:00+02:00,9.05,77.10043,5.25,0.0,1017.5479,0.0,9.807935,201.0,64.0,265.0
2025-10-01 11:00:00+02:00,10.6,71.45144,5.65,0.0,1017.4197,0.0,9.144637,328.0,76.0,404.0
2025-10-01 12:00:00+02:00,12.25,66.77447,6.25,0.0,1017.295,0.0,7.0934615,429.0,83.0,512.0
2025-10-01 13:00:00+02:00,13.6,61.344322,6.3,0.0,1017.4526,13.0,5.6521144,490.0,85.0,575.0
2025-10-01 14:00:00+02:00,14.7,54.618103,5.65,0.0,1017.0062,34.0,7.120815,408.0,125.0,533.0
2025-10-01 15:00:00+02:00,15.15,51.071186,5.1,0.0,1016.9268,34.0,6.989936,361.0,124.0,485.0
2025-10-01 16:00:00+02:00,14.95,50.66251,4.8,0.0,1016.8196,16.0,7.5105524,215.0,133.0,348.0
2025-10-01 17:00:00+02:00,14.55,50.37679,4.35,0.0,1016.7034,10.0,7.928177,135.0,111.0,246.0
2025-10-01 18:00:00+02:00,13.85,56.32177,5.3,0.0,1016.5743,17.0,7.0107627,52.0,75.0,127.0
2025-10-01 19:00:00+02:00,12.5,64.11936,5.9,0.0,1016.71326,19.0,7.186487,18.0,21.0,39.0
2025-10-01 20:00:00+02:00,11.65,67.34143,5.8,0.0,1017.2685,19.0,6.12,0.0,0.0,0.0
2025-10-01 21:00:00+02:00,10.1,73.36499,5.55,0.0,1017.2985,24.0,4.6452556,0.0,0.0,0.0
2025-10-01 22:00:00+02:00,9.55,76.11864,5.55,0.0,1017.5703,94.0,7.382195,0.0,0.0,0.0
2025-10-01 23:00:00+02:00,8.65,81.72218,5.7,0.0,1017.82623,27.0,7.841887,0.0,0.0,0.0
2025-10-02 00:00:00+02:00,8.1,82.79205,5.35,0.0,1017.8016,9.0,7.282774,0.0,0.0,0.0
2025-10-02 01:00:00+02:00,7.5,83.586334,4.9,0.0,1017.6758,0.0,5.257109,0.0,0.0,0.0
2025-10-02 02:00:00+02:00,6.45,86.13586,4.3,0.0,1017.8253,0.0,5.1481256,0.0,0.0,0.0
2025-10-02 03:00:00+02:00,5.9,87.29714,3.95,0.0,1017.7013,0.0,4.863332,0.0,0.0,0.0
2025-10-02 04:00:00+02:00,5.7,88.20307,3.9,0.0,1017.4949,0.0,5.8769383,0.0,0.0,0.0
2025-10-02 05:00:00+02:00,5.3,89.73279,3.75,0.0,1017.575,0.0,6.601363,0.0,0.0,0.0
2025-10-02 06:00:00+02:00,4.95,90.97859,3.6,0.0,1017.5587,0.0,6.7397914,0.0,0.0,0.0
2025-10-02 07:00:00+02:00,4.6,92.57254,3.5,0.0,1017.64154,0.0,6.8423676,0.0,0.0,0.0
2025-10-02 08:00:00+02:00,4.15,94.19582,3.3,0.0,1018.01544,0.0,8.528657,3.0,6.0,9.0
2025-10-02 09:00:00+02:00,5.5,91.978294,4.3,0.0,1018.2755,0.0,8.641874,69.0,41.0,110.0
2025-10-02 10:00:00+02:00,7.9,82.479645,5.1,0.0,1018.6812,0.0,5.9427266,196.0,64.0,260.0
2025-10-02 11:00:00+02:00,9.95,75.13844,5.75,0.0,1018.67456,0.0,4.4565907,322.0,76.0,398.0
2025-10-02 12:00:00+02:00,11.7,70.68278,6.55,0.0,1018.0608,0.0,4.1556225,422.0,83.0,505.0
2025-10-02 13:00:00+02:00,13.1,65.368065,6.75,0.0,1017.52954,0.0,5.232399,482.0,86.0,568.0
2025-10-02 14:00:00+02:00,14.15,57.581684,5.9,0.0,1016.6862,2.0,6.2483597,490.0,89.0,579.0
2025-10-02 15:00:00+02:00,14.9,52.80867,5.35,0.0,1016.2245,23.0,6.6697226,445.0,90.0,535.0
2025-10-02 16:00:00+02:00,15.05,48.950672,4.4,0.0,1015.6381,51.0,7.8625183,345.0,89.0,434.0
2025-10-02 17:00:00+02:00,14.7,47.83491,3.75,0.0,1015.3269,73.0,7.570707,153.0,121.0,274.0
2025-10-02 18:00:00+02:00,13.95,54.99329,5.05,0.0,1014.99835,40.0,5.6920996,55.0,81.0,136.0
2025-10-02 19:00:00+02:00,11.85,65.09191,5.5,0.0,1014.80804,0.0,6.2613096,20.0,21.0,41.0
2025-10-02 20:00:00+02:00,10.5,70.203865,5.3,0.0,1014.8473,2.0,6.1858225,0.0,0.0,0.0
2025-10-02 21:00:00+02:00,9.65,72.52207,4.95,0.0,1014.7105,0.0,6.2999997,0.0,0.0,0.0
2025-10-02 22:00:00+02:00,8.55,77.28917,4.8,0.0,1014.5627,0.0,5.771239,0.0,0.0,0.0
2025-10-02 23:00:00+02:00,7.65,80.45776,4.5,0.0,1014.52234,0.0,5.4744864,0.0,0.0,0.0
2025-10-03 00:00:00+02:00,7.1,81.51616,4.15,0.0,1013.90485,0.0,5.4119864,0.0,0.0,0.0
2025-10-03 01:00:00+02:00,6.9,81.489334,3.95,0.0,1013.4018,0.0,5.7628117,0.0,0.0,0.0
2025-10-03 02:00:00+02:00,6.35,82.86211,3.65,0.0,1013.27826,0.0,6.1437774,0.0,0.0,0.0
2025-10-03 03:00:00+02:00,5.3,84.80783,2.95,0.0,1012.83514,80.0,6.122647,0.0,0.0,0.0
2025-10-03 04:00:00+02:00,4.9,85.063965,2.6,0.0,1012.7181,41.0,5.223103,0.0,0.0,0.0
2025-10-03 05:00:00+02:00,4.6,86.24836,2.5,0.0,1012.60565,100.0,4.379589,0.0,0.0,0.0
2025-10-03 06:00:00+02:00,4.25,87.13786,2.3,0.0,1012.2932,100.0,5.297018,0.0,0.0,0.0
2025-10-03 07:00:00+02:00,4.6,86.86309,2.6,0.0,1011.8157,100.0,5.506941,0.0,0.0,0.0
2025-10-03 08:00:00+02:00,4.8,88.43452,3.05,0.0,1012.21985,100.0,4.599695,1.0,5.0,6.0
2025-10-03 09:00:00+02:00,5.9,84.87546,3.55,0.0,1012.36884,100.0,6.341009,16.0,50.0,66.0
2025-10-03 10:00:00+02:00,7.4,79.30287,4.05,0.0,1012.042,100.0,5.414979,39.0,113.0,152.0
2025-10-03 11:00:00+02:00,8.55,75.68707,4.5,0.0,1011.5999,100.0,5.297018,0.0,169.0,169.0
2025-10-03 12:00:00+02:00,9.65,73.28329,5.1,0.0,1011.15497,100.0,4.2366967,0.0,182.0,182.0
2025-10-03 13:00:00+02:00,10.8,70.26317,5.6,0.0,1010.31726,100.0,4.6938252,7.0,188.0,195.0
2025-10-03 14:00:00+02:00,13.0,60.77934,5.6,0.0,1009.72156,100.0,5.991594,46.0,159.0,205.0
2025-10-03 15:00:00+02:00,12.95,61.82849,5.8,0.0,1008.83026,100.0,6.76618,2.0,122.0,124.0
2025-10-03 16:00:00+02:00,13.4,61.296886,6.1,0.0,1008.3561,100.0,3.494968,4.0,107.0,111.0
2025-10-03 17:00:00+02:00,13.85,58.30802,5.8,0.0,1007.5851,100.0,4.6834598,26.0,158.0,184.0
2025-10-03 18:00:00+02:00,12.85,69.9449,7.5,0.0,1007.0482,100.0,3.8773184,7.0,89.0,96.0
2025-10-03 19:00:00+02:00,11.5,78.01799,7.8,0.0,1006.5943,100.0,2.4482646,0.0,21.0,21.0
2025-10-03 20:00:00+02:00,11.05,79.02044,7.55,0.0,1006.08075,100.0,4.965521,0.0,0.0,0.0
2025-10-03 21:00:00+02:00,10.9,77.65961,7.15,0.0,1005.6791,100.0,4.896529,0.0,0.0,0.0
2025-10-03 22:00:00+02:00,10.65,77.35489,6.85,0.0,1005.17456,100.0,4.8633323,0.0,0.0,0.0
2025-10-03 23:00:00+02:00,10.45,78.6616,6.9,0.0,1004.37555,100.0,6.489992,0.0,0.0,0.0
2025-10-04 00:00:00+02:00,10.25,81.095184,7.15,0.0,1003.379,100.0,7.0015144,0.0,0.0,0.0
2025-10-04 01:00:00+02:00,10.3,81.93788,7.35,0.1,1002.78864,100.0,8.688613,0.0,0.0,0.0
2025-10-04 02:00:00+02:00,10.3,84.20442,7.75,0.3,1001.7022,100.0,10.387107,0.0,0.0,0.0
2025-10-04 03:00:00+02:00,10.3,85.35831,7.95,0.4,1000.6157,100.0,11.767651,0.0,0.0,0.0
2025-10-04 04:00:00+02:00,10.3,89.20545,8.6,0.3,998.83795,100.0,14.607751,0.0,0.0,0.0
2025-10-04 05:00:00+02:00,10.65,90.14064,9.1,0.2,997.7669,100.0,15.7754345,0.0,0.0,0.0
2025-10-04 06:00:00+02:00,10.9,90.46269,9.4,0.2,996.39465,100.0,17.309973,0.0,0.0,0.0
2025-10-04 07:00:00+02:00,11.35,91.102776,9.95,0.2,994.7352,100.0,20.438522,0.0,0.0,0.0
2025-10-04 08:00:00+02:00,11.6,90.81561,10.15,0.1,993.2643,100.0,22.037323,0.0,2.0,2.0
2025-10-04 09:00:00+02:00,12.55,89.38485,10.85,0.0,991.92224,100.0,23.284098,0.0,21.0,21.0
2025-10-04 10:00:00+02:00,13.8,86.01048,11.5,0.0,990.3947,100.0,25.331442,0.0,48.0,48.0
2025-10-04 11:00:00+02:00,14.9,84.72028,12.35,0.1,988.8605,100.0,24.983715,0.0,68.0,68.0
2025-10-04 12:00:00+02:00,15.3,89.30728,13.55,5.3,987.59296,100.0,26.616882,1.0,93.0,94.0
2025-10-04 13:00:00+02:00,15.1,95.897575,14.45,4.4,987.5846,100.0,27.381308,0.0,62.0,62.0
2025-10-04 14:00:00+02:00,14.25,89.81142,12.6,0.8,989.2283,100.0,18.553974,2.0,114.0,116.0
2025-10-04 15:00:00+02:00,12.6,89.68611,10.95,1.1,989.9489,100.0,19.809813,0.0,42.0,42.0
2025-10-04 16:00:00+02:00,12.4,85.29517,10.0,0.1,990.2365,39.0,17.134071,0.0,58.0,58.0
2025-10-04 17:00:00+02:00,13.55,77.02709,9.6,0.0,990.28534,37.0,18.108572,121.0,92.0,213.0
2025-10-04 18:00:00+02:00,13.4,68.40477,7.7,0.0,991.0694,27.0,21.347271,69.0,58.0,127.0
2025-10-04 19:00:00+02:00,11.85,69.98676,6.55,0.0,992.485,20.0,19.488274,15.0,17.0,32.0
2025-10-04 20:00:00+02:00,11.2,68.42224,5.6,0.0,993.3459,2.0,19.220427,0.0,0.0,0.0
2025-10-04 21:00:00+02:00,10.8,66.231094,4.75,0.0,994.3165,16.0,20.381372,0.0,0.0,0.0
2025-10-04 22:00:00+02:00,10.45,65.23485,4.2,0.0,995.2889,27.0,20.051224,0.0,0.0,0.0
2025-10-04 23:00:00+02:00,10.35,66.83079,4.45,0.0,995.97595,94.0,19.474136,0.0,0.0,0.0
2025-10-05 00:00:00+02:00,10.7,66.67305,4.75,0.0,996.2875,99.0,20.390114,0.0,0.0,0.0
2025-10-05 01:00:00+02:00,10.55,68.7647,5.05,0.0,996.7747,84.0,20.35274,0.0,0.0,0.0
2025-10-05 02:00:00+02:00,10.0,77.25201,6.2,0.0,997.34326,100.0,19.944292,0.0,0.0,0.0
2025-10-05 03:00:00+02:00,9.85,77.76297,6.15,0.0,997.4355,100.0,19.67195,0.0,0.0,0.0
2025-10-05 04:00:00+02:00,10.05,76.99407,6.2,0.0,997.24677,100.0,19.881649,0.0,0.0,0.0
2025-10-05 05:00:00+02:00,9.8,78.02389,6.15,0.0,997.2357,97.0,17.932373,0.0,0.0,0.0
2025-10-05 06:00:00+02:00,9.5,79.88509,6.2,0.0,997.4201,99.0,18.0,0.0,0.0,0.0
2025-10-05 07:00:00+02:00,9.7,80.18917,6.45,0.0,997.6264,94.0,17.326813,0.0,0.0,0.0
2025-10-05 08:00:00+02:00,9.6,82.128426,6.7,0.0,998.017,97.0,17.311846,0.0,4.0,4.0
2025-10-05 09:00:00+02:00,9.85,85.019325,7.45,0.9,998.7194,82.0,16.886454,18.0,53.0,71.0
2025-10-05 10:00:00+02:00,10.8,85.99196,8.55,1.4,999.4526,44.0,16.045261,57.0,76.0,133.0
2025-10-05 11:00:00+02:00,12.0,79.96738,8.65,0.8,999.80066,30.0,14.935662,155.0,113.0,268.0
2025-10-05 12:00:00+02:00,12.35,67.72154,6.55,0.1,999.9145,41.0,17.682194,146.0,137.0,283.0
2025-10-05 13:00:00+02:00,13.8,59.517067,6.05,0.0,999.87787,52.0,19.14865,314.0,120.0,434.0
2025-10-05 14:00:00+02:00,13.7,57.66807,5.5,0.0,1000.46643,84.0,20.343185,369.0,121.0,490.0
2025-10-05 15:00:00+02:00,14.1,54.08329,4.95,0.0,1000.97736,30.0,19.273453,278.0,141.0,419.0
2025-10-05 16:00:00+02:00,14.15,52.059647,4.45,0.1,1001.37476,44.0,20.340796,267.0,116.0,383.0
2025-10-05 17:00:00+02:00,12.5,62.801865,5.6,0.1,1001.9954,100.0,14.535487,125.0,79.0,204.0
2025-10-05 18:00:00+02:00,12.15,66.06549,6.0,0.0,1002.6717,99.0,14.689589,15.0,59.0,74.0
2025-10-05 19:00:00+02:00,10.65,77.62061,6.9,0.2,1003.69305,100.0,12.399113,1.0,12.0,13.0
2025-10-05 20:00:00+02:00,11.45,72.85435,6.75,0.0,1004.41907,100.0,12.931218,0.0,0.0,0.0
2025-10-05 21:00:00+02:00,11.15,74.06139,6.7,0.0,1005.09753,100.0,13.499999,0.0,0.0,0.0
2025-10-05 22:00:00+02:00,11.15,72.54925,6.4,0.0,1005.69025,100.0,13.926464,0.0,0.0,0.0
2025-10-05 23:00:00+02:00,11.0,73.52735,6.45,0.0,1006.1774,98.0,12.011544,0.0,0.0,0.0
2025-10-06 00:00:00+02:00,10.95,74.28106,6.55,0.0,1006.4715,92.0,11.190442,0.0,0.0,0.0
2025-10-06 01:00:00+02:00,10.75,75.53408,6.6,0.0,1006.9568,37.0,10.814989,0.0,0.0,0.0
2025-10-06 02:00:00+02:00,10.55,77.07403,6.7,0.0,1007.4418,84.0,12.7546215,0.0,0.0,0.0
2025-10-06 03:00:00+02:00,10.15,79.15853,6.7,0.0,1007.7204,91.0,12.606426,0.0,0.0,0.0
2025-10-06 04:00:00+02:00,9.25,83.507416,6.6,0.0,1007.87805,99.0,11.384199,0.0,0.0,0.0
2025-10-06 05:00:00+02:00,9.15,84.94228,6.75,0.0,1008.0711,100.0,10.472536,0.0,0.0,0.0
2025-10-06 06:00:00+02:00,9.75,82.71295,6.95,0.0,1008.789,100.0,10.495713,0.0,0.0,0.0
2025-10-06 07:00:00+02:00,10.7,78.43018,7.1,0.0,1009.3251,84.0,10.706595,0.0,0.0,0.0
2025-10-06 08:00:00+02:00,10.5,81.12891,7.4,0.0,1009.9088,100.0,11.841756,0.0,2.0,2.0
2025-10-06 09:00:00+02:00,10.8,82.281975,7.9,0.0,1010.21844,100.0,12.98248,0.0,19.0,19.0
2025-10-06 10:00:00+02:00,11.25,82.060425,8.3,0.0,1010.6332,100.0,12.522619,0.0,44.0,44.0
2025-10-06 11:00:00+02:00,11.9,80.49595,8.65,0.1,1011.0568,100.0,10.837435,1.0,73.0,74.0
2025-10-06 12:00:00+02:00,12.85,78.22354,9.15,0.1,1011.19696,100.0,12.172312,5.0,129.0,134.0
2025-10-06 13:00:00+02:00,13.6,72.017365,8.65,0.0,1011.2293,100.0,15.124284,8.0,144.0,152.0
2025-10-06 14:00:00+02:00,13.85,70.14151,8.5,0.0,1011.3388,100.0,13.576582,6.0,116.0,122.0
2025-10-06 15:00:00+02:00,13.35,75.45655,9.1,0.2,1011.4161,100.0,11.995349,0.0,86.0,86.0
2025-10-06 16:00:00+02:00,12.3,85.28449,9.9,0.7,1011.37036,100.0,12.241323,1.0,40.0,41.0
2025-10-06 17:00:00+02:00,12.0,90.239784,10.45,0.4,1011.35736,100.0,11.753876,0.0,33.0,33.0
2025-10-06 18:00:00+02:00,11.85,91.44035,10.5,0.2,1011.5484,100.0,10.825469,0.0,19.0,19.0
2025-10-06 19:00:00+02:00,11.7,91.73615,10.4,0.0,1011.9369,100.0,9.92778,0.0,7.0,7.0
2025-10-06 20:00:00+02:00,12.1,85.26311,9.7,0.0,1012.44824,100.0,11.500296,0.0,0.0,0.0
2025-10-06 21:00:00+02:00,11.8,86.67387,9.65,0.0,1012.92914,100.0,10.799999,0.0,0.0,0.0
2025-10-06 22:00:00+02:00,11.6,88.120766,9.7,0.0,1013.21655,100.0,10.009036,0.0,0.0,0.0
2025-10-06 23:00:00+02:00,11.5,89.00294,9.75,0.0,1013.21216,100.0,9.396275,0.0,0.0,0.0
2025-10-07 00:00:00+02:00,11.45,89.2977,9.75,0.0,1013.2099,100.0,8.4963045,0.0,0.0,0.0
2025-10-07 01:00:00+02:00,11.45,89.597435,9.8,0.0,1013.01227,100.0,8.037761,0.0,0.0,0.0
2025-10-07 02:00:00+02:00,11.4,90.19591,9.85,0.0,1013.0104,100.0,7.6388745,0.0,0.0,0.0
2025-10-07 03:00:00+02:00,11.25,91.4016,9.9,0.0,1013.1024,100.0,6.6405115,0.0,0.0,0.0
2025-10-07 04:00:00+02:00,11.3,92.0184,10.05,0.0,1012.9072,100.0,6.015878,0.0,0.0,0.0
2025-10-07 05:00:00+02:00,11.3,92.63558,10.15,0.0,1012.9072,100.0,6.114703,0.0,0.0,0.0
2025-10-07 06:00:00+02:00,11.3,93.25641,10.25,0.0,1012.7097,100.0,6.3690495,0.0,0.0,0.0
2025-10-07 07:00:00+02:00,11.3,93.5682,10.3,0.0,1012.9072,100.0,6.7565966,0.0,0.0,0.0
2025-10-07 08:00:00+02:00,11.4,95.461784,10.7,0.1,1013.40546,99.0,7.0107627,0.0,1.0,1.0
2025-10-07 09:00:00+02:00,11.85,94.218864,10.95,0.0,1013.8203,100.0,6.299999,2.0,34.0,36.0
2025-10-07 10:00:00+02:00,12.8,90.29786,11.25,0.0,1014.25684,100.0,6.3690495,6.0,75.0,81.0
2025-10-07 11:00:00+02:00,13.55,87.99921,11.6,0.0,1014.4868,100.0,5.7628117,5.0,105.0,110.0
2025-10-07 12:00:00+02:00,14.15,84.91783,11.65,0.0,1014.41425,100.0,6.1305785,14.0,105.0,119.0
2025-10-07 13:00:00+02:00,14.55,83.57299,11.8,0.0,1014.3327,100.0,6.444905,3.0,120.0,123.0
2025-10-07 14:00:00+02:00,14.85,81.97181,11.8,0.0,1013.9502,100.0,7.8149853,3.0,122.0,125.0
2025-10-07 15:00:00+02:00,15.25,80.684,11.95,0.0,1013.67096,100.0,8.4963045,3.0,137.0,140.0
2025-10-07 16:00:00+02:00,15.15,81.20393,11.95,0.0,1013.3705,100.0,8.297589,3.0,97.0,100.0
2025-10-07 17:00:00+02:00,15.15,81.74048,12.05,0.0,1012.6789,100.0,6.8777895,5.0,87.0,92.0
2025-10-07 18:00:00+02:00,14.95,83.89503,12.25,0.0,1012.57166,100.0,5.2323985,1.0,52.0,53.0
2025-10-07 19:00:00+02:00,14.35,87.78065,12.35,0.0,1012.64465,100.0,4.3349743,0.0,10.0,10.0
2025-10-07 20:00:00+02:00,13.95,91.274315,12.55,0.0,1013.1214,100.0,5.994297,0.0,0.0,0.0
2025-10-07 21:00:00+02:00,13.95,91.57399,12.6,0.0,1013.02264,100.0,5.796447,0.0,0.0,0.0
2025-10-07 22:00:00+02:00,13.65,92.76513,12.5,0.0,1012.91077,100.0,5.1919937,0.0,0.0,0.0
2025-10-07 23:00:00+02:00,13.35,93.97554,12.4,0.0,1012.799,100.0,4.724786,0.0,0.0,0.0
2025-10-08 00:00:00+02:00,12.85,96.14205,12.25,0.0,1012.4811,100.0,2.995797,0.0,0.0,0.0
2025-10-08 01:00:00+02:00,12.5,97.08619,12.05,0.0,1012.0707,100.0,3.8268526,0.0,0.0,0.0
2025-10-08 02:00:00+02:00,11.2,100.0,11.2,0.0,1012.0137,100.0,3.710795,0.0,0.0,0.0
2025-10-08 03:00:00+02:00,11.95,98.689995,11.75,0.0,1011.84894,100.0,3.8183763,0.0,0.0,0.0
2025-10-08 04:00:00+02:00,11.65,98.686935,11.45,0.0,1011.2433,100.0,3.143565,0.0,0.0,0.0
2025-10-08 05:00:00+02:00,11.15,99.0099,11.0,0.0,1010.72754,100.0,3.143565,0.0,0.0,0.0
2025-10-08 06:00:00+02:00,10.95,98.025375,10.65,0.0,1010.4223,100.0,3.1845248,0.0,0.0,0.0
2025-10-08 07:00:00+02:00,11.15,97.37894,10.75,0.0,1010.33246,100.0,2.3400002,0.0,0.0,0.0
2025-10-08 08:00:00+02:00,11.3,99.011055,11.15,0.0,1010.24036,100.0,2.3400002,0.0,2.0,2.0
2025-10-08 09:00:00+02:00,11.6,99.34128,11.5,0.0,1010.3521,100.0,1.6981165,0.0,40.0,40.0
2025-10-08 10:00:00+02:00,12.45,95.81374,11.8,0.0,1010.488,100.0,2.0991426,11.0,91.0,102.0
2025-10-08 11:00:00+02:00,13.9,90.08051,12.3,0.0,1010.6496,100.0,2.1897945,28.0,158.0,186.0
2025-10-08 12:00:00+02:00,15.3,82.56962,12.35,0.0,1010.21564,97.0,1.835647,47.0,197.0,244.0
2025-10-08 13:00:00+02:00,16.7,75.01581,12.25,0.0,1009.6821,53.0,1.9386592,117.0,210.0,327.0
2025-10-08 14:00:00+02:00,16.0,75.14604,11.6,0.0,1009.455,100.0,0.76367533,249.0,149.0,398.0
2025-10-08 15:00:00+02:00,16.45,73.99212,11.8,0.0,1009.2764,100.0,2.7238941,38.0,197.0,235.0
2025-10-08 16:00:00+02:00,16.55,73.523094,11.8,0.0,1008.98425,100.0,2.5455842,18.0,154.0,172.0
2025-10-08 17:00:00+02:00,16.5,73.51429,11.75,0.0,1008.78436,100.0,1.8532133,0.0,103.0,103.0
2025-10-08 18:00:00+02:00,16.3,75.94278,12.05,0.0,1008.7762,100.0,1.835647,2.0,56.0,58.0
2025-10-08 19:00:00+02:00,15.15,83.09549,12.3,0.0,1008.9249,100.0,0.40249225,1.0,10.0,11.0
2025-10-08 20:00:00+02:00,14.65,88.67411,12.8,0.0,1009.4962,100.0,2.5455842,0.0,0.0,0.0
2025-10-08 21:00:00+02:00,14.35,91.59909,13.0,0.1,1009.8787,100.0,2.3051248,0.0,0.0,0.0
2025-10-08 22:00:00+02:00,13.95,94.3104,13.05,0.0,1009.9604,100.0,1.2074767,0.0,0.0,0.0
2025-10-08 23:00:00+02:00,13.3,96.15534,12.7,0.0,1010.22845,100.0,3.3481934,0.0,0.0,0.0
2025-10-09 00:00:00+02:00,12.95,93.03315,11.85,0.0,1010.41077,97.0,4.7928696,0.0,0.0,0.0
2025-10-09 01:00:00+02:00,12.15,92.06945,10.9,0.0,1010.1787,63.0,4.5,0.0,0.0,0.0
2025-10-09 02:00:00+02:00,11.5,92.33816,10.3,0.0,1010.4465,73.0,3.244996,0.0,0.0,0.0
2025-10-09 03:00:00+02:00,10.75,94.80265,9.95,0.0,1010.5125,11.0,2.5772076,0.0,0.0,0.0
2025-10-09 04:00:00+02:00,10.0,96.7039,9.5,0.0,1010.38043,38.0,1.1525624,0.0,0.0,0.0
2025-10-09 05:00:00+02:00,9.85,98.00832,9.55,0.0,1010.275,95.0,0.35999998,0.0,0.0,0.0
2025-10-09 06:00:00+02:00,10.4,98.01688,10.1,0.0,1010.39813,100.0,1.6981165,0.0,0.0,0.0
2025-10-09 07:00:00+02:00,10.8,97.04757,10.35,0.0,1010.5148,100.0,2.995797,0.0,0.0,0.0
2025-10-09 08:00:00+02:00,11.0,97.70053,10.65,0.0,1011.01715,100.0,3.096837,0.0,1.0,1.0
2025-10-09 09:00:00+02:00,11.65,95.470505,10.95,0.0,1011.73724,98.0,3.2048087,0.0,17.0,17.0
2025-10-09 10:00:00+02:00,12.75,92.10519,11.5,0.0,1012.1801,96.0,2.0523157,0.0,52.0,52.0
2025-10-09 11:00:00+02:00,14.4,83.83171,11.7,0.0,1012.5478,69.0,2.3469126,26.0,125.0,151.0
2025-10-09 12:00:00+02:00,15.95,75.38633,11.6,0.0,1012.61426,70.0,5.4029994,251.0,138.0,389.0
2025-10-09 13:00:00+02:00,16.35,73.24549,11.55,0.1,1012.63104,70.0,4.5891175,165.0,179.0,344.0
2025-10-09 14:00:00+02:00,16.6,69.05122,10.9,0.1,1012.54315,64.0,2.5772078,177.0,151.0,328.0
2025-10-09 15:00:00+02:00,17.5,63.513035,10.5,0.0,1012.3833,36.0,5.634891,217.0,148.0,365.0
2025-10-09 16:00:00+02:00,17.65,59.439163,9.65,0.0,1012.29083,93.0,6.698806,191.0,118.0,309.0
2025-10-09 17:00:00+02:00,17.3,59.755188,9.4,0.0,1012.77026,100.0,7.889258,100.0,94.0,194.0
2025-10-09 18:00:00+02:00,16.1,65.57774,9.65,0.0,1013.3121,92.0,9.473541,14.0,53.0,67.0
2025-10-09 19:00:00+02:00,14.55,69.3374,9.0,0.0,1013.83875,88.0,11.091564,4.0,11.0,15.0
2025-10-09 20:00:00+02:00,13.35,74.94964,9.0,0.0,1014.77466,9.0,9.1958685,0.0,0.0,0.0
2025-10-09 21:00:00+02:00,11.95,79.96032,8.6,0.0,1015.0097,3.0,5.7402787,0.0,0.0,0.0
2025-10-09 22:00:00+02:00,10.8,84.2617,8.25,0.0,1015.6509,12.0,4.752136,0.0,0.0,0.0
2025-10-09 23:00:00+02:00,10.05,85.62261,7.75,0.0,1016.20996,50.0,1.7727944,0.0,0.0,0.0
2025-10-10 00:00:00+02:00,9.15,89.41669,7.5,0.0,1016.5647,97.0,2.36753,0.0,0.0,0.0
2025-10-10 01:00:00+02:00,8.45,93.42624,7.45,0.0,1016.3359,100.0,3.362677,0.0,0.0,0.0
2025-10-10 02:00:00+02:00,8.3,93.41865,7.3,0.0,1016.5268,7.0,3.0652895,0.0,0.0,0.0
2025-10-10 03:00:00+02:00,8.0,94.045296,7.1,0.0,1016.8092,65.0,3.462369,0.0,0.0,0.0
2025-10-10 04:00:00+02:00,7.65,95.001854,6.9,0.0,1016.8924,53.0,3.189608,0.0,0.0,0.0
2025-10-10 05:00:00+02:00,7.55,95.32442,6.85,0.0,1017.3816,100.0,2.5264204,0.0,0.0,0.0
2025-10-10 06:00:00+02:00,7.5,95.97874,6.9,0.0,1017.4783,16.0,2.7416782,0.0,0.0,0.0
2025-10-10 07:00:00+02:00,7.15,96.96205,6.7,0.0,1017.6597,33.0,3.6,0.0,0.0,0.0
2025-10-10 08:00:00+02:00,8.45,96.00847,7.85,0.0,1018.3111,100.0,4.5,0.0,2.0,2.0
2025-10-10 09:00:00+02:00,10.25,91.33644,8.9,0.0,1018.8855,94.0,4.7110505,5.0,30.0,35.0
2025-10-10 10:00:00+02:00,12.1,86.41342,9.9,0.0,1019.4613,36.0,4.143911,38.0,79.0,117.0
2025-10-10 11:00:00+02:00,14.15,77.63824,10.3,0.0,1019.94617,92.0,5.920878,174.0,115.0,289.0
2025-10-10 12:00:00+02:00,15.3,68.7908,9.6,0.0,1020.1933,100.0,7.4128532,171.0,156.0,327.0
2025-10-10 13:00:00+02:00,15.6,68.16273,9.75,0.0,1020.206,100.0,7.10031,55.0,207.0,262.0
2025-10-10 14:00:00+02:00,15.3,70.18817,9.9,0.0,1020.4897,100.0,6.1569467,95.0,199.0,294.0
2025-10-10 15:00:00+02:00,15.9,67.31686,9.85,0.0,1020.4165,100.0,5.7628117,51.0,196.0,247.0
2025-10-10 16:00:00+02:00,16.2,66.2619,9.9,0.0,1020.3306,100.0,4.32,51.0,162.0,213.0
2025-10-10 17:00:00+02:00,16.2,66.2619,9.9,0.0,1020.52814,100.0,3.9477081,55.0,107.0,162.0
2025-10-10 18:00:00+02:00,15.6,73.355286,10.85,0.0,1020.4037,98.0,2.8460495,22.0,53.0,75.0
2025-10-10 19:00:00+02:00,13.75,80.74867,10.5,0.0,1020.22485,9.0,6.050785,5.0,11.0,16.0
2025-10-10 20:00:00+02:00,12.8,86.77106,10.65,0.0,1021.07245,29.0,6.0908127,0.0,0.0,0.0
2025-10-10 21:00:00+02:00,12.25,88.47225,10.4,0.0,1021.1473,9.0,5.5799994,0.0,0.0,0.0
2025-10-10 22:00:00+02:00,11.15,91.70179,9.85,0.0,1021.2961,13.0,4.1556225,0.0,0.0,0.0
2025-10-10 23:00:00+02:00,10.25,93.83158,9.3,0.0,1021.15717,4.0,3.2599385,0.0,0.0,0.0
2025-10-11 00:00:00+02:00,9.5,96.04096,8.9,0.0,1021.0248,10.0,1.835647,0.0,0.0,0.0
2025-10-11 01:00:00+02:00,8.9,97.993416,8.6,0.0,1021.09656,26.0,0.742159,0.0,0.0,0.0
2025-10-11 02:00:00+02:00,9.1,100.0,9.1,0.0,1021.5007,45.0,1.609969,0.0,0.0,0.0
2025-10-11 03:00:00+02:00,9.5,98.99698,9.35,0.0,1021.6173,100.0,3.4763772,0.0,0.0,0.0
2025-10-11 04:00:00+02:00,10.05,97.683426,9.7,0.0,1021.34576,100.0,3.96,0.0,0.0,0.0
2025-10-11 05:00:00+02:00,10.3,97.03607,9.85,0.0,1021.2582,100.0,3.7842832,0.0,0.0,0.0
2025-10-11 06:00:00+02:00,10.3,97.03607,9.85,0.0,1021.1595,100.0,2.907989,0.0,0.0,0.0
2025-10-11 07:00:00+02:00,10.3,97.36152,9.9,0.0,1020.8631,100.0,2.8460498,0.0,0.0,0.0
2025-10-11 08:00:00+02:00,8.85,100.0,8.85,0.0,1021.19305,100.0,1.7076298,0.0,1.0,1.0
2025-10-11 09:00:00+02:00,9.35,99.99999,9.35,0.0,1021.51184,100.0,2.0124612,27.0,36.0,63.0
2025-10-11 10:00:00+02:00,11.1,94.18564,10.2,0.0,1021.6889,100.0,1.609969,85.0,86.0,171.0
2025-10-11 11:00:00+02:00,12.8,87.932915,10.85,0.0,1021.86273,99.0,2.3400002,82.0,141.0,223.0
2025-10-11 12:00:00+02:00,14.6,80.329544,11.25,0.0,1021.6449,100.0,2.3051248,150.0,157.0,307.0
2025-10-11 13:00:00+02:00,15.35,75.53673,11.05,0.0,1021.381,100.0,3.0758414,79.0,182.0,261.0
2025-10-11 14:00:00+02:00,14.55,81.12462,11.35,0.0,1021.1488,100.0,4.6730714,26.0,184.0,210.0
2025-10-11 15:00:00+02:00,14.65,79.54193,11.15,0.0,1020.659,100.0,4.5,21.0,141.0,162.0
2025-10-11 16:00:00+02:00,14.95,77.50343,11.05,0.0,1020.27716,100.0,3.8773184,9.0,132.0,141.0
2025-10-11 17:00:00+02:00,15.05,76.75135,11.0,0.0,1019.9848,100.0,3.3481934,22.0,95.0,117.0
2025-10-11 18:00:00+02:00,14.6,82.755844,11.7,0.0,1019.8668,100.0,1.7727944,17.0,56.0,73.0
2025-10-11 19:00:00+02:00,14.1,82.42093,11.15,0.0,1019.64746,100.0,0.17999999,1.0,8.0,9.0
2025-10-11 20:00:00+02:00,13.6,89.762314,11.95,0.0,1020.1196,100.0,2.995797,0.0,0.0,0.0
2025-10-11 21:00:00+02:00,13.15,90.92153,11.7,0.0,1020.0013,99.0,3.381893,0.0,0.0,0.0
2025-10-11 22:00:00+02:00,12.45,91.47886,11.1,0.0,1019.9705,65.0,3.4247334,0.0,0.0,0.0
2025-10-11 23:00:00+02:00,11.0,94.1812,10.1,0.0,1020.0053,26.0,3.8773184,0.0,0.0,0.0
2025-10-12 00:00:00+02:00,10.1,95.41608,9.4,0.0,1019.86646,18.0,3.362677,0.0,0.0,0.0
2025-10-12 01:00:00+02:00,9.65,96.369774,9.1,0.0,1019.6488,41.0,3.6,0.0,0.0,0.0
2025-10-12 02:00:00+02:00,12.55,82.502495,9.65,0.0,1019.6787,5.0,8.55142,0.0,0.0,0.0
2025-10-12 03:00:00+02:00,12.0,83.55111,9.3,0.0,1019.1606,3.0,7.458606,0.0,0.0,0.0
2025-10-12 04:00:00+02:00,11.45,85.48083,9.1,0.0,1018.6424,2.0,8.731391,0.0,0.0,0.0
2025-10-12 05:00:00+02:00,11.05,86.600296,8.9,0.0,1018.4271,9.0,7.24486,0.0,0.0,0.0
2025-10-12 06:00:00+02:00,10.0,89.484024,8.35,0.0,1018.183,18.0,4.991553,0.0,0.0,0.0
2025-10-12 07:00:00+02:00,9.3,90.347084,7.8,0.0,1017.75653,17.0,2.657668,0.0,0.0,0.0
2025-10-12 08:00:00+02:00,10.75,88.94137,9.0,0.0,1018.019,79.0,4.1046314,0.0,1.0,1.0
2025-10-12 09:00:00+02:00,11.6,84.923004,9.15,0.0,1018.1552,25.0,5.6521144,12.0,35.0,47.0
2025-10-12 10:00:00+02:00,12.95,74.88149,8.6,0.0,1018.21436,6.0,4.503598,56.0,90.0,146.0
2025-10-12 11:00:00+02:00,14.1,64.47852,7.5,0.0,1018.1657,30.0,5.634891,215.0,94.0,309.0
2025-10-12 12:00:00+02:00,14.7,62.8776,7.7,0.0,1017.6977,100.0,7.0107627,177.0,140.0,317.0
2025-10-12 13:00:00+02:00,14.95,63.795963,8.15,0.0,1017.21466,100.0,7.0015144,87.0,174.0,261.0
2025-10-12 14:00:00+02:00,14.15,67.86455,8.3,0.0,1017.37775,100.0,5.720489,96.0,205.0,301.0
2025-10-12 15:00:00+02:00,14.35,67.67638,8.45,0.0,1017.09,100.0,6.8138976,41.0,188.0,229.0
2025-10-12 16:00:00+02:00,14.5,66.121086,8.25,0.0,1016.50366,100.0,5.0816135,30.0,131.0,161.0
2025-10-12 17:00:00+02:00,14.7,64.17448,8.0,0.0,1016.31476,91.0,4.6800003,33.0,100.0,133.0
2025-10-12 18:00:00+02:00,13.9,72.073105,8.95,0.0,1015.88513,9.0,3.550155,47.0,47.0,94.0
2025-10-12 19:00:00+02:00,11.7,81.01496,8.55,0.0,1015.6903,25.0,3.4576871,5.0,9.0,14.0
2025-10-12 20:00:00+02:00,10.95,85.42774,8.6,0.0,1016.15106,73.0,3.6447225,0.0,0.0,0.0
2025-10-12 21:00:00+02:00,10.85,86.288414,8.65,0.0,1016.2456,14.0,2.2910259,0.0,0.0,0.0
2025-10-12 22:00:00+02:00,10.05,87.68523,8.1,0.0,1016.1112,58.0,1.484318,0.0,0.0,0.0
2025-10-12 23:00:00+02:00,9.85,89.169044,8.15,0.0,1016.10223,27.0,1.9881649,0.0,0.0,0.0
2025-10-13 00:00:00+02:00,9.4,90.35437,7.9,0.0,1015.7858,75.0,1.484318,0.0,0.0,0.0
2025-10-13 01:00:00+02:00,9.55,91.29039,8.2,0.0,1015.49615,86.0,1.4512063,0.0,0.0,0.0
2025-10-13 02:00:00+02:00,10.45,90.4304,8.95,0.0,1015.5363,100.0,0.76367533,0.0,0.0,0.0
2025-10-13 03:00:00+02:00,10.75,90.75676,9.3,0.0,1015.1547,100.0,1.2727921,0.0,0.0,0.0
2025-10-13 04:00:00+02:00,10.85,90.459114,9.35,0.0,1014.8628,100.0,1.4512063,0.0,0.0,0.0
2025-10-13 05:00:00+02:00,10.95,90.162796,9.4,0.0,1014.76825,100.0,1.8,0.0,0.0,0.0
2025-10-13 06:00:00+02:00,11.0,90.77414,9.55,0.0,1014.5729,100.0,1.9134263,0.0,0.0,0.0
2025-10-13 07:00:00+02:00,11.0,92.00027,9.75,0.0,1014.3754,100.0,1.7076298,0.0,0.0,0.0
2025-10-13 08:00:00+02:00,10.9,91.072586,9.5,0.0,1014.56836,100.0,2.6999998,0.0,0.0,0.0
2025-10-13 09:00:00+02:00,11.1,89.87159,9.5,0.0,1014.57733,100.0,1.2727921,1.0,16.0,17.0
2025-10-13 10:00:00+02:00,11.75,88.13394,9.85,0.0,1014.8036,100.0,0.25455844,2.0,56.0,58.0
2025-10-13 11:00:00+02:00,12.45,86.44813,10.25,0.0,1015.13043,100.0,0.0,4.0,87.0,91.0
2025-10-13 12:00:00+02:00,13.65,83.46714,10.9,0.0,1014.98517,55.0,1.7727944,34.0,140.0,174.0
2025-10-13 13:00:00+02:00,15.4,76.55295,11.3,0.0,1015.06036,58.0,6.114703,182.0,150.0,332.0
2025-10-13 14:00:00+02:00,15.45,72.11789,10.45,0.0,1014.6675,68.0,8.574123,103.0,194.0,297.0
2025-10-13 15:00:00+02:00,16.15,68.96141,10.45,0.0,1014.2035,64.0,7.7650757,107.0,192.0,299.0
2025-10-13 16:00:00+02:00,16.25,67.615005,10.25,0.0,1014.01,55.0,7.5363917,108.0,140.0,248.0
2025-10-13 17:00:00+02:00,16.05,67.799965,10.1,0.0,1013.70496,77.0,6.6818557,79.0,94.0,173.0
2025-10-13 18:00:00+02:00,15.1,75.746635,10.85,0.0,1013.56586,20.0,4.175069,30.0,47.0,77.0
2025-10-13 19:00:00+02:00,13.55,79.650406,10.1,0.0,1013.5978,93.0,6.87779,4.0,7.0,11.0
2025-10-13 20:00:00+02:00,13.25,83.142235,10.45,0.0,1013.9799,28.0,11.126562,0.0,0.0,0.0
2025-10-13 21:00:00+02:00,12.7,84.47666,10.15,0.0,1013.95605,33.0,10.957847,0.0,0.0,0.0
2025-10-13 22:00:00+02:00,12.25,85.27916,9.85,0.0,1013.8378,30.0,8.65873,0.0,0.0,0.0
2025-10-13 23:00:00+02:00,12.0,85.82624,9.7,0.0,1013.8267,24.0,8.225035,0.0,0.0,0.0
2025-10-14 00:00:00+02:00,12.05,85.257744,9.65,0.0,1013.9276,38.0,8.836514,0.0,0.0,0.0
2025-10-14 01:00:00+02:00,12.05,85.54415,9.7,0.0,1013.82886,8.0,8.641874,0.0,0.0,0.0
2025-10-14 02:00:00+02:00,11.8,86.383575,9.6,0.0,1013.71936,97.0,8.43699,0.0,0.0,0.0
2025-10-14 03:00:00+02:00,11.8,86.09413,9.55,0.0,1013.71936,99.0,7.928177,0.0,0.0,0.0
2025-10-14 04:00:00+02:00,11.25,88.08995,9.35,0.0,1013.30005,100.0,7.7900705,0.0,0.0,0.0
2025-10-14 05:00:00+02:00,10.65,90.44476,9.15,0.0,1013.07605,100.0,7.029225,0.0,0.0,0.0
2025-10-14 06:00:00+02:00,10.15,92.570946,9.0,0.0,1013.15265,100.0,6.502461,0.0,0.0,0.0
2025-10-14 07:00:00+02:00,9.95,93.50153,8.95,0.0,1013.0448,100.0,6.522361,0.0,0.0,0.0
2025-10-14 08:00:00+02:00,10.4,93.83866,9.45,0.0,1013.3612,100.0,6.444905,0.0,0.0,0.0
2025-10-14 09:00:00+02:00,11.25,90.48771,9.75,0.0,1013.5963,91.0,4.978554,0.0,28.0,28.0
2025-10-14 10:00:00+02:00,12.15,86.70801,10.0,0.0,1013.6358,47.0,4.6102495,5.0,89.0,94.0
2025-10-14 11:00:00+02:00,13.55,81.26193,10.4,0.0,1013.89417,20.0,5.1919937,129.0,126.0,255.0
2025-10-14 12:00:00+02:00,14.7,69.83588,9.25,0.0,1013.5487,30.0,7.0407386,255.0,126.0,381.0
2025-10-14 13:00:00+02:00,15.2,64.72269,8.6,0.0,1013.3724,59.0,6.8423676,206.0,151.0,357.0
2025-10-14 14:00:00+02:00,15.65,61.200497,8.2,0.0,1013.1942,87.0,6.9270773,139.0,191.0,330.0
2025-10-14 15:00:00+02:00,16.0,59.643673,8.15,0.0,1012.9128,99.0,8.775807,140.0,169.0,309.0
2025-10-14 16:00:00+02:00,15.8,61.02861,8.3,0.0,1012.6078,58.0,9.109138,110.0,137.0,247.0
2025-10-14 17:00:00+02:00,15.35,62.38847,8.2,0.0,1012.4899,100.0,7.8149853,59.0,100.0,159.0
2025-10-14 18:00:00+02:00,14.35,70.47633,9.05,0.0,1012.15076,100.0,5.5799994,42.0,48.0,90.0
2025-10-14 19:00:00+02:00,12.65,80.05881,9.3,0.0,1012.1757,100.0,4.060985,3.0,6.0,9.0
2025-10-14 20:00:00+02:00,12.4,81.382286,9.3,0.0,1012.65875,96.0,2.7475805,0.0,0.0,0.0
2025-10-14 21:00:00+02:00,12.8,80.61949,9.55,0.0,1012.8739,100.0,3.143565,0.0,0.0,0.0
2025-10-14 22:00:00+02:00,12.85,80.89727,9.65,0.0,1013.1724,100.0,3.84796,0.0,0.0,0.0
2025-10-14 23:00:00+02:00,12.9,81.99553,9.9,0.0,1013.2735,69.0,4.7110505,0.0,0.0,0.0
2025-10-15 00:00:00+02:00,12.3,85.85719,10.0,0.0,1013.44464,4.0,5.5450516,0.0,0.0,0.0
2025-10-15 01:00:00+02:00,11.1,90.78106,9.65,0.0,1013.49084,47.0,4.1556225,0.0,0.0,0.0
2025-10-15 02:00:00+02:00,10.4,91.038864,9.0,0.0,1013.5587,93.0,4.1556225,0.0,0.0,0.0
2025-10-15 03:00:00+02:00,9.95,93.186615,8.9,0.0,1013.4399,85.0,3.6179552,0.0,0.0,0.0
2025-10-15 04:00:00+02:00,10.0,94.13641,9.1,0.0,1013.14594,66.0,2.4149535,0.0,0.0,0.0
2025-10-15 05:00:00+02:00,9.95,94.4519,9.1,0.0,1013.1437,100.0,2.1068459,0.0,0.0,0.0
2025-10-15 06:00:00+02:00,10.15,93.82685,9.2,0.0,1013.15265,100.0,0.40249225,0.0,0.0,0.0
2025-10-15 07:00:00+02:00,10.05,94.456154,9.2,0.0,1013.24695,100.0,2.0364676,0.0,0.0,0.0
2025-10-15 08:00:00+02:00,10.8,93.230675,9.75,0.0,1013.3791,100.0,7.1389914,0.0,0.0,0.0
2025-10-15 09:00:00+02:00,11.55,91.11616,10.15,0.0,1013.90564,100.0,9.504273,13.0,20.0,33.0
2025-10-15 10:00:00+02:00,12.2,86.1347,9.95,0.0,1014.0331,59.0,9.418661,47.0,66.0,113.0
2025-10-15 11:00:00+02:00,13.3,78.02914,9.55,0.0,1014.17957,8.0,9.582358,107.0,110.0,217.0
2025-10-15 12:00:00+02:00,14.25,71.41323,9.15,0.0,1014.1219,31.0,10.874741,199.0,136.0,335.0
2025-10-15 13:00:00+02:00,14.95,68.259056,9.15,0.0,1014.05347,59.0,9.793058,211.0,172.0,383.0
2025-10-15 14:00:00+02:00,14.7,66.83926,8.6,0.0,1013.8451,50.0,8.197414,144.0,154.0,298.0
2025-10-15 15:00:00+02:00,14.85,65.30597,8.4,0.0,1013.45624,54.0,8.322932,48.0,176.0,224.0
2025-10-15 16:00:00+02:00,14.75,65.50579,8.35,0.0,1013.2545,62.0,8.854829,36.0,142.0,178.0
2025-10-15 17:00:00+02:00,14.45,67.01301,8.4,0.0,1013.0439,100.0,8.707237,14.0,104.0,118.0
2025-10-15 18:00:00+02:00,13.9,72.316574,9.0,0.0,1012.92163,16.0,7.229191,8.0,47.0,55.0
2025-10-15 19:00:00+02:00,13.15,76.19001,9.05,0.0,1012.88916,48.0,8.731391,0.0,5.0,5.0
2025-10-15 20:00:00+02:00,11.95,81.87339,8.95,0.0,1013.13293,2.0,9.215226,0.0,0.0,0.0
2025-10-15 21:00:00+02:00,11.5,83.491776,8.8,0.0,1013.0145,2.0,8.187527,0.0,0.0,0.0
2025-10-15 22:00:00+02:00,11.0,86.01249,8.75,0.0,1012.9926,56.0,6.1437774,0.0,0.0,0.0
2025-10-15 23:00:00+02:00,10.85,87.462364,8.85,0.0,1013.1838,82.0,4.846648,0.0,0.0,0.0
2025-10-16 00:00:00+02:00,10.95,87.47163,8.95,0.0,1013.1879,100.0,5.7402787,0.0,0.0,0.0
2025-10-16 01:00:00+02:00,10.85,88.0546,8.95,0.0,1013.0849,100.0,4.913044,0.0,0.0,0.0
2025-10-16 02:00:00+02:00,10.45,87.1296,8.4,0.0,1012.8696,100.0,5.48631,0.0,0.0,0.0
2025-10-16 03:00:00+02:00,10.4,88.31302,8.55,0.0,1012.7686,100.0,4.8965297,0.0,0.0,0.0
2025-10-16 04:00:00+02:00,10.4,88.91246,8.65,0.0,1012.4723,100.0,3.62243,0.0,0.0,0.0
2025-10-16 05:00:00+02:00,10.3,90.11468,8.75,0.0,1012.17163,100.0,2.3400002,0.0,0.0,0.0
2025-10-16 06:00:00+02:00,9.75,91.613365,8.45,0.0,1011.94946,90.0,0.54,0.0,0.0,0.0
2025-10-16 07:00:00+02:00,9.6,92.22681,8.4,0.0,1011.5477,57.0,3.148714,0.0,0.0,0.0
2025-10-16 08:00:00+02:00,8.9,95.050156,8.15,0.0,1011.71423,100.0,3.319036,0.0,0.0,0.0
2025-10-16 09:00:00+02:00,10.65,90.44476,9.15,0.0,1012.18726,100.0,2.9024127,0.0,21.0,21.0
2025-10-16 10:00:00+02:00,11.5,87.522385,9.5,0.0,1012.42194,100.0,2.4482646,8.0,57.0,65.0
2025-10-16 11:00:00+02:00,12.55,81.402084,9.45,0.0,1012.3692,44.0,2.2768397,76.0,101.0,177.0
2025-10-16 12:00:00+02:00,13.55,74.22974,9.05,0.1,1012.21484,100.0,0.0,175.0,142.0,317.0
2025-10-16 13:00:00+02:00,13.4,75.21115,9.1,0.1,1012.011,100.0,1.0948973,143.0,146.0,289.0
2025-10-16 14:00:00+02:00,12.6,81.40868,9.5,0.0,1011.7788,100.0,2.0124612,86.0,145.0,231.0
2025-10-16 15:00:00+02:00,13.6,73.49145,8.95,0.0,1011.32806,72.0,0.8049845,122.0,137.0,259.0
2025-10-16 16:00:00+02:00,13.8,71.0874,8.65,0.0,1011.1391,62.0,2.6758924,84.0,101.0,185.0
2025-10-16 17:00:00+02:00,14.0,69.69777,8.55,0.0,1010.95013,100.0,0.54,100.0,80.0,180.0
2025-10-16 18:00:00+02:00,13.35,76.737076,9.35,0.0,1011.02094,71.0,2.5455842,17.0,42.0,59.0
2025-10-16 19:00:00+02:00,12.3,83.3065,9.55,0.0,1010.9752,77.0,2.2768397,1.0,4.0,5.0
2025-10-16 20:00:00+02:00,12.25,85.852036,9.95,0.0,1011.2696,100.0,2.8001428,0.0,0.0,0.0
2025-10-16 21:00:00+02:00,11.9,88.14708,10.0,0.0,1011.3532,100.0,3.3043609,0.0,0.0,0.0
2025-10-16 22:00:00+02:00,11.5,89.601326,9.85,0.0,1011.4342,100.0,3.604497,0.0,0.0,0.0
2025-10-16 23:00:00+02:00,10.45,92.58789,9.3,0.0,1011.4869,100.0,3.3043609,0.0,0.0,0.0
2025-10-17 00:00:00+02:00,10.85,90.15542,9.3,0.0,1011.4058,100.0,3.693291,0.0,0.0,0.0
2025-10-17 01:00:00+02:00,11.05,87.776146,9.1,0.0,1011.0193,96.0,3.8939953,0.0,0.0,0.0
2025-10-17 02:00:00+02:00,10.1,90.09981,8.55,0.0,1011.07623,43.0,4.7110505,0.0,0.0,0.0
2025-10-17 03:00:00+02:00,10.05,91.32332,8.7,0.0,1010.8765,79.0,3.7842832,0.0,0.0,0.0
2025-10-17 04:00:00+02:00,9.65,92.54258,8.5,0.0,1010.66113,93.0,3.462369,0.0,0.0,0.0
2025-10-17 05:00:00+02:00,9.65,92.54258,8.5,0.0,1010.46356,98.0,2.36753,0.0,0.0,0.0
2025-10-17 06:00:00+02:00,9.3,93.78644,8.35,0.0,1010.448,96.0,2.34,0.0,0.0,0.0
2025-10-17 07:00:00+02:00,9.0,95.37687,8.3,0.0,1010.5335,82.0,3.7799997,0.0,0.0,0.0
2025-10-17 08:00:00+02:00,9.15,94.73818,8.35,0.0,1010.63885,26.0,4.5,0.0,0.0,0.0
2025-10-17 09:00:00+02:00,10.3,91.957726,9.05,0.0,1011.08514,34.0,6.6794305,21.0,23.0,44.0
2025-10-17 10:00:00+02:00,11.9,86.39353,9.7,0.0,1011.45197,27.0,4.2481523,87.0,64.0,151.0
2025-10-17 11:00:00+02:00,13.1,76.95586,9.15,0.0,1011.6027,46.0,8.0599,176.0,89.0,265.0
2025-10-17 12:00:00+02:00,14.0,69.93396,8.6,0.0,1011.6416,50.0,7.5170207,243.0,105.0,348.0
2025-10-17 13:00:00+02:00,14.45,66.11034,8.2,0.0,1011.26575,44.0,6.320538,225.0,124.0,349.0
2025-10-17 14:00:00+02:00,14.35,67.21939,8.35,0.1,1011.1629,52.0,4.2136917,274.0,113.0,387.0
2025-10-17 15:00:00+02:00,14.95,61.452763,7.6,0.0,1010.8923,58.0,2.1897945,171.0,123.0,294.0
2025-10-17 16:00:00+02:00,15.05,57.41155,6.7,0.0,1010.5012,100.0,4.913044,149.0,106.0,255.0
2025-10-17 17:00:00+02:00,14.5,60.09857,6.85,0.0,1010.57654,98.0,6.3639607,50.0,83.0,133.0
2025-10-17 18:00:00+02:00,13.5,69.362526,8.0,0.0,1010.6321,95.0,4.965521,28.0,40.0,68.0
2025-10-17 19:00:00+02:00,12.2,74.75301,7.85,0.0,1010.8723,98.0,5.9427266,1.0,4.0,5.0
2025-10-17 20:00:00+02:00,11.1,81.76309,8.1,0.0,1011.4167,98.0,4.542994,0.0,0.0,0.0
2025-10-17 21:00:00+02:00,11.4,80.97447,8.25,0.0,1011.52875,98.0,3.9966483,0.0,0.0,0.0
2025-10-17 22:00:00+02:00,10.6,82.81866,7.8,0.0,1011.78986,100.0,4.080882,0.0,0.0,0.0
2025-10-17 23:00:00+02:00,9.75,85.59092,7.45,0.0,1011.94946,22.0,4.1046314,0.0,0.0,0.0
2025-10-18 00:00:00+02:00,8.5,88.44941,6.7,0.0,1011.7952,4.0,2.8460495,0.0,0.0,0.0
2025-10-18 01:00:00+02:00,7.6,92.10704,6.4,0.0,1011.8536,5.0,1.609969,0.0,0.0,0.0
2025-10-18 02:00:00+02:00,9.2,89.72612,7.6,0.0,1012.2214,64.0,2.0991426,0.0,0.0,0.0
2025-10-18 03:00:00+02:00,7.95,94.689026,7.15,0.2,1012.2642,51.0,3.1845248,0.0,0.0,0.0
2025-10-18 04:00:00+02:00,7.85,95.33535,7.15,0.2,1012.2597,53.0,4.175069,0.0,0.0,0.0
2025-10-18 05:00:00+02:00,7.8,93.39321,6.8,0.0,1012.35626,5.0,4.7110505,0.0,0.0,0.0
2025-10-18 06:00:00+02:00,7.55,93.05988,6.5,0.0,1012.7401,12.0,6.21717,0.0,0.0,0.0
2025-10-18 07:00:00+02:00,7.85,93.71659,6.9,0.0,1013.346,5.0,9.906544,0.0,0.0,0.0
2025-10-18 08:00:00+02:00,8.3,94.380775,7.45,0.0,1013.564,3.0,9.906544,0.0,0.0,0.0
2025-10-18 09:00:00+02:00,8.95,94.088844,8.05,0.0,1014.18555,5.0,11.052058,27.0,24.0,51.0
2025-10-18 10:00:00+02:00,9.9,88.87098,8.15,0.0,1014.8204,26.0,12.606426,120.0,59.0,179.0
2025-10-18 11:00:00+02:00,10.95,79.27578,7.5,0.0,1015.06445,23.0,10.944532,214.0,79.0,293.0
2025-10-18 12:00:00+02:00,12.05,70.02634,6.75,0.0,1014.9154,20.0,10.495713,309.0,90.0,399.0
2025-10-18 13:00:00+02:00,12.65,63.93212,6.0,0.0,1014.64514,27.0,9.7880945,299.0,114.0,413.0
2025-10-18 14:00:00+02:00,13.05,56.50982,4.6,0.0,1014.1688,54.0,8.53815,271.0,141.0,412.0
2025-10-18 15:00:00+02:00,13.25,53.8588,4.1,0.0,1013.5848,100.0,7.8149853,212.0,127.0,339.0
2025-10-18 16:00:00+02:00,13.25,52.736115,3.8,0.0,1013.2885,85.0,7.0107627,122.0,128.0,250.0
2025-10-18 17:00:00+02:00,13.0,52.483738,3.5,0.0,1012.98126,42.0,6.7469993,116.0,80.0,196.0
2025-10-18 18:00:00+02:00,11.5,63.89244,4.9,0.0,1012.817,55.0,6.6405115,42.0,43.0,85.0
2025-10-18 19:00:00+02:00,10.0,71.58496,5.1,0.0,1012.75085,95.0,6.7565966,1.0,4.0,5.0
2025-10-18 20:00:00+02:00,8.85,76.267494,4.9,0.0,1012.6996,100.0,8.287822,0.0,0.0,0.0
2025-10-18 21:00:00+02:00,8.1,77.21725,4.35,0.0,1012.6662,100.0,9.6480665,0.0,0.0,0.0
2025-10-18 22:00:00+02:00,7.45,76.30272,3.55,0.0,1012.53827,100.0,9.761578,0.0,0.0,0.0
2025-10-18 23:00:00+02:00,6.95,75.682045,2.95,0.0,1012.4165,100.0,8.6867485,0.0,0.0,0.0
2025-10-19 00:00:00+02:00,6.65,75.09592,2.55,0.0,1011.9094,100.0,7.731622,0.0,0.0,0.0
2025-10-19 01:00:00+02:00,6.4,74.785805,2.25,0.0,1011.50305,100.0,8.139901,0.0,0.0,0.0
2025-10-19 02:00:00+02:00,6.15,75.81501,2.2,0.0,1010.80035,100.0,8.557102,0.0,0.0,0.0
2025-10-19 03:00:00+02:00,5.9,76.58752,2.1,0.0,1010.3939,100.0,7.1661706,0.0,0.0,0.0
2025-10-19 04:00:00+02:00,5.75,77.11085,2.05,0.0,1009.5973,100.0,6.638072,0.0,0.0,0.0
2025-10-19 05:00:00+02:00,5.65,77.92384,2.1,0.0,1009.0988,100.0,5.7515564,0.0,0.0,0.0
2025-10-19 06:00:00+02:00,5.55,78.18644,2.05,0.0,1008.6993,100.0,7.519175,0.0,0.0,0.0
2025-10-19 07:00:00+02:00,5.4,78.442505,1.95,0.0,1008.19867,100.0,6.603817,0.0,0.0,0.0
2025-10-19 08:00:00+02:00,5.0,81.81277,2.15,0.0,1007.8844,100.0,6.4323244,0.0,0.0,0.0
2025-10-19 09:00:00+02:00,5.55,79.87502,2.35,0.0,1007.71185,100.0,8.656858,0.0,24.0,24.0
2025-10-19 10:00:00+02:00,6.4,77.490326,2.75,0.0,1007.4543,100.0,6.7205353,5.0,82.0,87.0
2025-10-19 11:00:00+02:00,7.6,74.73145,3.4,0.0,1006.817,100.0,7.2044983,37.0,145.0,182.0
2025-10-19 12:00:00+02:00,9.2,71.431595,4.3,0.0,1005.99927,100.0,5.6492476,90.0,194.0,284.0
2025-10-19 13:00:00+02:00,10.7,68.31873,5.1,0.0,1005.0779,98.0,5.318383,136.0,211.0,347.0
2025-10-19 14:00:00+02:00,11.15,67.23543,5.3,0.0,1004.10986,100.0,5.4744864,216.0,183.0,399.0
2025-10-19 15:00:00+02:00,12.4,65.21378,6.05,0.0,1003.07745,98.0,6.444905,202.0,165.0,367.0
2025-10-19 16:00:00+02:00,13.25,64.50951,6.7,0.0,1002.0275,18.0,6.7565966,164.0,132.0,296.0
2025-10-19 17:00:00+02:00,13.3,66.54138,7.2,0.0,1001.2394,44.0,6.193674,142.0,71.0,213.0
2025-10-19 18:00:00+02:00,11.75,75.96017,7.65,0.0,1000.6789,66.0,4.8633323,48.0,38.0,86.0
2025-10-19 19:00:00+02:00,10.2,81.92493,7.25,0.0,1000.51263,100.0,6.1437774,1.0,3.0,4.0
2025-10-19 20:00:00+02:00,10.25,81.93142,7.3,0.0,1000.416,96.0,6.6818557,0.0,0.0,0.0
2025-10-19 21:00:00+02:00,9.75,83.56723,7.1,0.0,999.90015,98.0,5.402999,0.0,0.0,0.0
2025-10-19 22:00:00+02:00,10.05,82.18623,7.15,0.0,999.4196,100.0,5.2478566,0.0,0.0,0.0
2025-10-19 23:00:00+02:00,10.05,83.602974,7.4,0.0,999.02454,100.0,3.4623692,0.0,0.0,0.0
2025-10-20 00:00:00+02:00,10.0,84.45766,7.5,0.0,998.2322,100.0,3.6179552,0.0,0.0,0.0
2025-10-20 01:00:00+02:00,10.05,83.888885,7.45,0.0,997.4443,100.0,3.8521678,0.0,0.0,0.0
2025-10-20 02:00:00+02:00,9.65,89.456375,8.0,0.0,997.1303,100.0,3.219938,0.0,0.0,0.0
2025-10-20 03:00:00+02:00,9.45,89.13652,7.75,0.0,996.529,100.0,3.6179552,0.0,0.0,0.0
2025-10-20 04:00:00+02:00,9.4,88.52699,7.6,0.0,995.93427,100.0,3.4247334,0.0,0.0,0.0
2025-10-20 05:00:00+02:00,9.5,88.53557,7.7,0.0,995.1485,100.0,3.143565,0.0,0.0,0.0
2025-10-20 06:00:00+02:00,9.6,88.54413,7.8,0.0,994.4615,100.0,3.4247334,0.0,0.0,0.0
2025-10-20 07:00:00+02:00,9.4,88.225624,7.55,0.0,993.56396,100.0,4.0249224,0.0,0.0,0.0
2025-10-20 08:00:00+02:00,9.2,85.82623,6.95,0.2,992.9626,94.0,5.223103,0.0,0.0,0.0
2025-10-20 09:00:00+02:00,10.1,87.09626,8.05,0.0,993.10065,100.0,7.0843205,9.0,23.0,32.0
2025-10-20 10:00:00+02:00,11.3,89.88673,9.7,0.1,992.7577,100.0,5.5887027,35.0,58.0,93.0
2025-10-20 11:00:00+02:00,11.25,93.56574,10.25,0.7,992.2616,100.0,3.964089,0.0,44.0,44.0
2025-10-20 12:00:00+02:00,11.9,94.53422,11.05,1.3,991.7958,100.0,2.5772076,0.0,50.0,50.0
2025-10-20 13:00:00+02:00,12.4,97.08393,11.95,1.3,991.4218,100.0,2.226477,1.0,68.0,69.0
2025-10-20 14:00:00+02:00,13.0,95.2038,12.25,0.6,991.2498,100.0,8.656858,0.0,52.0,52.0
2025-10-20 15:00:00+02:00,12.9,95.828156,12.25,0.9,990.6531,100.0,10.4166975,1.0,60.0,61.0
2025-10-20 16:00:00+02:00,12.9,96.45983,12.35,0.7,990.1592,100.0,11.132385,0.0,52.0,52.0
2025-10-20 17:00:00+02:00,13.0,95.51711,12.3,0.2,989.57056,100.0,11.226575,0.0,20.0,20.0
2025-10-20 18:00:00+02:00,13.3,94.592224,12.45,0.0,989.08936,100.0,11.705537,5.0,35.0,40.0
2025-10-20 19:00:00+02:00,12.95,94.267075,12.05,0.0,988.77814,100.0,14.993038,0.0,2.0,2.0
2025-10-20 20:00:00+02:00,13.15,95.83614,12.5,0.0,988.6881,99.0,12.835653,0.0,0.0,0.0
2025-10-20 21:00:00+02:00,13.1,93.655525,12.1,0.1,988.2908,92.0,13.321216,0.0,0.0,0.0
2025-10-20 22:00:00+02:00,13.05,93.03839,11.95,0.1,987.9923,94.0,14.455019,0.0,0.0,0.0
2025-10-20 23:00:00+02:00,12.8,92.41297,11.6,4.2,987.88293,100.0,10.934166,0.0,0.0,0.0
2025-10-21 00:00:00+02:00,12.55,92.0933,11.3,7.3,987.2797,100.0,12.815443,0.0,0.0,0.0
2025-10-21 01:00:00+02:00,12.6,93.014694,11.5,0.0,987.08435,100.0,15.760025,0.0,0.0,0.0
2025-10-21 02:00:00+02:00,12.75,92.10519,11.5,0.0,986.7942,91.0,18.286617,0.0,0.0,0.0
2025-10-21 03:00:00+02:00,12.35,93.30997,11.3,0.1,986.2833,97.0,17.563608,0.0,0.0,0.0
2025-10-21 04:00:00+02:00,11.95,93.91115,11.0,0.2,986.0687,93.0,17.654686,0.0,0.0,0.0
2025-10-21 05:00:00+02:00,11.8,95.15957,11.05,0.1,985.865,92.0,17.58481,0.0,0.0,0.0
2025-10-21 06:00:00+02:00,11.95,93.59994,10.95,0.0,985.87115,62.0,19.574533,0.0,0.0,0.0
2025-10-21 07:00:00+02:00,12.05,91.757904,10.75,0.1,986.073,88.0,19.72212,0.0,0.0,0.0
2025-10-21 08:00:00+02:00,12.0,93.913475,11.05,0.1,986.16974,49.0,19.581154,0.0,0.0,0.0
2025-10-21 09:00:00+02:00,12.15,91.7641,10.85,0.2,986.8676,37.0,20.618448,16.0,20.0,36.0
2025-10-21 10:00:00+02:00,13.15,83.96578,10.5,0.0,987.1076,33.0,21.365477,87.0,57.0,144.0
2025-10-21 11:00:00+02:00,14.2,75.59805,9.95,0.0,987.34924,36.0,22.911673,187.0,79.0,266.0
2025-10-21 12:00:00+02:00,15.1,68.51974,9.35,0.0,987.4858,20.0,22.183128,241.0,93.0,334.0
2025-10-21 13:00:00+02:00,15.8,63.128963,8.8,0.0,987.71246,23.0,21.286474,278.0,93.0,371.0
2025-10-21 14:00:00+02:00,15.7,62.680923,8.6,0.0,988.10333,25.0,22.537409,307.0,102.0,409.0
2025-10-21 15:00:00+02:00,15.85,60.01377,8.1,0.0,987.71466,52.0,18.852798,196.0,107.0,303.0
2025-10-21 16:00:00+02:00,16.0,59.44152,8.1,0.0,987.7208,80.0,16.92383,159.0,98.0,257.0
2025-10-21 17:00:00+02:00,15.7,63.10621,8.7,0.0,987.7081,66.0,11.480557,112.0,69.0,181.0
2025-10-21 18:00:00+02:00,14.5,70.268364,9.15,0.0,987.85583,98.0,9.847496,36.0,34.0,70.0
2025-10-21 19:00:00+02:00,13.0,82.55858,10.1,0.0,988.1877,86.0,15.122143,0.0,2.0,2.0
2025-10-21 20:00:00+02:00,13.2,88.55278,11.35,0.0,988.0976,96.0,11.720751,0.0,0.0,0.0
2025-10-21 21:00:00+02:00,12.5,93.00941,11.4,0.0,988.2654,100.0,12.367716,0.0,0.0,0.0
2025-10-21 22:00:00+02:00,12.6,93.014694,11.5,0.0,988.2697,100.0,14.251863,0.0,0.0,0.0
2025-10-21 23:00:00+02:00,12.1,94.229866,11.2,0.1,988.34705,100.0,11.435313,0.0,0.0,0.0
2025-10-22 00:00:00+02:00,12.05,92.98556,10.95,0.1,988.14734,92.0,10.9859,0.0,0.0,0.0
2025-10-22 01:00:00+02:00,11.95,93.28964,10.9,0.1,987.6492,94.0,12.570394,0.0,0.0,0.0
2025-10-22 02:00:00+02:00,12.55,93.62903,11.55,0.1,987.57605,84.0,12.483749,0.0,0.0,0.0
2025-10-22 03:00:00+02:00,12.25,96.442085,11.7,0.1,987.6622,98.0,12.783802,0.0,0.0,0.0
2025-10-22 04:00:00+02:00,12.15,97.39917,11.75,0.0,987.164,92.0,10.897063,0.0,0.0,0.0
2025-10-22 05:00:00+02:00,11.85,98.03916,11.55,0.0,986.9536,94.0,12.283599,0.0,0.0,0.0
2025-10-22 06:00:00+02:00,11.95,98.04069,11.65,0.0,987.1553,99.0,12.819235,0.0,0.0,0.0
2025-10-22 07:00:00+02:00,11.9,98.364235,11.65,0.0,987.3509,100.0,11.457958,0.0,0.0,0.0
2025-10-22 08:00:00+02:00,11.15,98.6818,10.95,0.0,987.3187,98.0,7.289445,0.0,0.0,0.0
2025-10-22 09:00:00+02:00,11.4,97.70768,11.05,0.0,988.02094,93.0,9.109138,10.0,19.0,29.0
2025-10-22 10:00:00+02:00,12.6,93.94118,11.65,0.0,988.7636,98.0,9.82114,69.0,65.0,134.0
2025-10-22 11:00:00+02:00,13.9,89.78503,12.25,0.0,989.2137,100.0,11.753876,131.0,104.0,235.0
2025-10-22 12:00:00+02:00,15.05,84.45917,12.45,0.0,989.3606,100.0,10.310402,168.0,124.0,292.0
2025-10-22 13:00:00+02:00,15.75,78.915245,12.1,0.0,989.2911,100.0,11.466438,158.0,159.0,317.0
2025-10-22 14:00:00+02:00,15.45,74.80521,11.0,0.0,989.27856,100.0,11.885453,37.0,195.0,232.0
2025-10-22 15:00:00+02:00,15.25,74.27565,10.7,0.3,989.07263,100.0,12.218805,19.0,169.0,188.0
2025-10-22 16:00:00+02:00,14.9,79.05247,11.3,0.1,988.7617,100.0,9.361731,4.0,80.0,84.0
2025-10-22 17:00:00+02:00,14.9,81.70833,11.8,0.0,988.4653,100.0,9.107359,8.0,63.0,71.0
2025-10-22 18:00:00+02:00,14.2,86.90537,12.05,0.0,988.1395,100.0,8.350138,3.0,14.0,17.0
2025-10-22 19:00:00+02:00,13.75,90.06947,12.15,0.2,987.72546,100.0,6.130579,0.0,0.0,0.0
2025-10-22 20:00:00+02:00,13.2,96.1524,12.6,0.1,987.50494,100.0,3.381893,0.0,0.0,0.0
2025-10-22 21:00:00+02:00,12.8,98.37564,12.55,1.5,987.38904,100.0,3.396233,0.0,0.0,0.0
2025-10-22 22:00:00+02:00,12.9,98.3769,12.65,0.7,986.3068,100.0,1.9134263,0.0,0.0,0.0
2025-10-22 23:00:00+02:00,12.75,98.69814,12.55,0.0,985.8064,100.0,3.62243,0.0,0.0,0.0
2025-10-23 00:00:00+02:00,12.9,97.09517,12.45,0.1,985.4178,100.0,4.8466477,0.0,0.0,0.0
2025-10-23 01:00:00+02:00,13.05,97.4172,12.65,0.0,984.6338,98.0,10.587917,0.0,0.0,0.0
2025-10-23 02:00:00+02:00,12.8,99.022575,12.65,0.0,983.3392,100.0,9.422101,0.0,0.0,0.0
2025-10-23 03:00:00+02:00,13.3,97.104095,12.85,0.2,981.9772,100.0,10.2742,0.0,0.0,0.0
2025-10-23 04:00:00+02:00,14.15,97.75591,13.8,0.4,980.4325,100.0,17.878086,0.0,0.0,0.0
2025-10-23 05:00:00+02:00,14.3,95.87253,13.65,0.2,978.8581,100.0,20.00026,0.0,0.0,0.0
2025-10-23 06:00:00+02:00,14.35,94.327576,13.45,0.1,977.27966,100.0,23.042812,0.0,0.0,0.0
2025-10-23 07:00:00+02:00,14.5,91.60847,13.15,0.4,975.6064,100.0,23.266697,0.0,0.0,0.0
2025-10-23 08:00:00+02:00,14.75,90.7327,13.25,0.9,975.22174,100.0,24.02174,0.0,0.0,0.0
2025-10-23 09:00:00+02:00,14.3,96.18463,13.7,4.7,974.7091,100.0,20.089966,0.0,2.0,2.0
2025-10-23 10:00:00+02:00,14.6,93.11914,13.5,0.6,974.7216,100.0,20.793701,0.0,22.0,22.0
2025-10-23 11:00:00+02:00,14.9,86.68751,12.7,0.0,975.129,99.0,23.18579,21.0,78.0,99.0
2025-10-23 12:00:00+02:00,15.65,69.78841,10.15,0.0,974.66595,100.0,23.4,143.0,155.0,298.0
2025-10-23 13:00:00+02:00,14.9,69.40706,9.35,0.4,975.6229,100.0,27.762629,60.0,170.0,230.0
2025-10-23 14:00:00+02:00,14.55,60.11064,6.9,0.1,976.10254,30.0,30.39016,152.0,131.0,283.0
2025-10-23 15:00:00+02:00,14.5,54.755413,5.5,0.1,975.90283,18.0,30.360294,276.0,87.0,363.0
2025-10-23 16:00:00+02:00,13.55,60.07574,5.95,0.1,975.96204,27.0,29.92226,211.0,64.0,275.0
2025-10-23 17:00:00+02:00,12.85,64.6422,6.35,0.1,976.22925,75.0,32.839027,86.0,65.0,151.0
2025-10-23 18:00:00+02:00,11.75,69.24799,6.3,0.0,976.28174,100.0,31.942772,3.0,32.0,35.0
2025-10-23 19:00:00+02:00,10.15,83.32999,7.45,2.1,976.905,100.0,32.232063,0.0,1.0,1.0
2025-10-23 20:00:00+02:00,10.7,85.69096,8.4,0.6,978.509,100.0,27.026386,0.0,0.0,0.0
2025-10-23 21:00:00+02:00,11.3,78.520676,7.7,0.0,979.62103,98.0,24.94283,0.0,0.0,0.0
2025-10-23 22:00:00+02:00,11.15,76.381836,7.15,0.0,980.70105,100.0,22.728518,0.0,0.0,0.0
2025-10-23 23:00:00+02:00,11.0,73.52735,6.45,0.0,982.4725,94.0,21.924562,0.0,0.0,0.0
2025-10-24 00:00:00+02:00,10.5,74.71558,6.2,0.0,983.43884,68.0,20.49314,0.0,0.0,0.0
2025-10-24 01:00:00+02:00,9.1,82.91659,6.35,0.4,984.06964,96.0,21.06077,0.0,0.0,0.0
2025-10-24 02:00:00+02:00,8.85,88.17713,7.0,0.1,984.35504,84.0,19.189217,0.0,0.0,0.0
2025-10-24 03:00:00+02:00,8.85,85.4952,6.55,0.1,984.55255,80.0,20.778112,0.0,0.0,0.0
2025-10-24 04:00:00+02:00,8.1,86.30512,5.95,0.4,985.21136,98.0,21.2522,0.0,0.0,0.0
2025-10-24 05:00:00+02:00,8.35,81.96644,5.45,0.1,985.8149,100.0,21.868332,0.0,0.0,0.0
2025-10-24 06:00:00+02:00,7.95,82.199646,5.1,0.6,986.68604,100.0,24.407095,0.0,0.0,0.0
2025-10-24 07:00:00+02:00,6.8,93.66526,5.85,1.2,988.01807,100.0,24.536184,0.0,0.0,0.0
2025-10-24 08:00:00+02:00,6.25,91.38612,4.95,1.8,988.981,100.0,20.288164,0.0,0.0,0.0
2025-10-24 09:00:00+02:00,6.9,88.00287,5.05,0.1,990.29364,63.0,19.404133,0.0,12.0,12.0
2025-10-24 10:00:00+02:00,8.0,78.563675,4.5,0.0,991.4285,59.0,18.762356,46.0,67.0,113.0
2025-10-24 11:00:00+02:00,8.9,70.131035,3.75,0.1,992.15936,95.0,24.048027,96.0,113.0,209.0
2025-10-24 12:00:00+02:00,9.5,63.883457,3.0,0.0,992.77814,92.0,27.416782,79.0,145.0,224.0
2025-10-24 13:00:00+02:00,10.35,58.45518,2.55,0.1,993.11163,85.0,26.807312,182.0,152.0,334.0
2025-10-24 14:00:00+02:00,10.65,55.295223,2.05,0.0,993.71735,82.0,26.886963,62.0,157.0,219.0
2025-10-24 15:00:00+02:00,10.45,58.27317,2.6,0.0,993.8074,66.0,24.358597,83.0,140.0,223.0
2025-10-24 16:00:00+02:00,10.55,59.550735,3.0,0.0,993.61414,23.0,24.31666,151.0,88.0,239.0
2025-10-24 17:00:00+02:00,10.45,59.94889,3.0,0.0,993.6098,48.0,22.979452,109.0,60.0,169.0
2025-10-24 18:00:00+02:00,9.85,63.738422,3.3,0.0,993.48486,45.0,20.746902,24.0,31.0,55.0
2025-10-24 19:00:00+02:00,9.2,66.11363,3.2,0.0,993.3576,67.0,20.999144,0.0,1.0,1.0
2025-10-24 20:00:00+02:00,8.9,69.63932,3.65,0.0,993.4433,47.0,20.887758,0.0,0.0,0.0
2025-10-24 21:00:00+02:00,8.8,70.85479,3.8,0.0,993.24146,56.0,21.382906,0.0,0.0,0.0
2025-10-24 22:00:00+02:00,8.7,70.58638,3.65,0.0,993.13824,100.0,18.731247,0.0,0.0,0.0
2025-10-24 23:00:00+02:00,8.8,67.68163,3.15,0.0,992.9452,100.0,18.455925,0.0,0.0,0.0
2025-10-25 00:00:00+02:00,8.7,67.18332,2.95,0.0,992.842,100.0,18.710478,0.0,0.0,0.0
2025-10-25 01:00:00+02:00,8.5,71.29645,3.6,0.0,992.6358,100.0,18.582766,0.0,0.0,0.0
2025-10-25 02:00:00+02:00,8.75,78.6773,5.25,0.0,992.25165,100.0,17.747124,0.0,0.0,0.0
2025-10-25 03:00:00+02:00,8.3,83.97225,5.75,0.1,991.34314,100.0,16.144905,0.0,0.0,0.0
2025-10-25 04:00:00+02:00,8.35,86.0333,6.15,0.1,990.9504,55.0,18.921415,0.0,0.0,0.0
2025-10-25 05:00:00+02:00,8.35,86.92761,6.3,0.1,990.65405,34.0,19.983242,0.0,0.0,0.0
2025-10-25 06:00:00+02:00,8.15,88.11501,6.3,0.0,990.2503,81.0,17.84816,0.0,0.0,0.0
2025-10-25 07:00:00+02:00,7.8,88.38853,6.0,0.0,989.93854,99.0,19.404133,0.0,0.0,0.0
2025-10-25 08:00:00+02:00,8.15,89.33667,6.5,0.2,989.46027,95.0,18.030575,0.0,0.0,0.0
2025-10-25 09:00:00+02:00,8.45,88.445076,6.65,0.0,989.17694,39.0,19.941854,6.0,18.0,24.0
2025-10-25 10:00:00+02:00,9.8,81.31298,6.75,0.0,988.7418,72.0,20.473368,87.0,53.0,140.0
2025-10-25 11:00:00+02:00,10.15,77.80965,6.45,0.3,987.967,99.0,26.398705,66.0,93.0,159.0
2025-10-25 12:00:00+02:00,11.15,75.34272,6.95,0.1,987.9114,56.0,23.899363,97.0,128.0,225.0
2025-10-25 13:00:00+02:00,12.05,70.750755,6.9,0.1,988.0485,51.0,27.328007,238.0,111.0,349.0
2025-10-25 14:00:00+02:00,12.25,75.271706,8.0,0.1,987.9585,100.0,24.766848,173.0,131.0,304.0
2025-10-25 15:00:00+02:00,10.85,79.80414,7.5,0.8,988.1949,100.0,21.916433,0.0,89.0,89.0
2025-10-25 16:00:00+02:00,11.4,75.38497,7.2,0.0,987.82336,66.0,21.03229,4.0,87.0,91.0
2025-10-25 17:00:00+02:00,11.4,76.9461,7.5,0.1,988.71234,100.0,20.393293,46.0,75.0,121.0
2025-10-25 18:00:00+02:00,11.1,77.95655,7.4,0.3,989.4895,100.0,18.38557,0.0,11.0,11.0
2025-10-25 19:00:00+02:00,10.4,82.79386,7.6,0.2,990.24945,97.0,14.813683,0.0,0.0,0.0
2025-10-25 20:00:00+02:00,9.25,91.58144,7.95,0.0,990.98956,96.0,12.483748,0.0,0.0,0.0
2025-10-25 21:00:00+02:00,9.15,93.46153,8.15,0.6,990.9851,54.0,11.038858,0.0,0.0,0.0
2025-10-25 22:00:00+02:00,8.35,94.061386,7.45,0.0,991.24664,89.0,11.778658,0.0,0.0,0.0
2025-10-25 23:00:00+02:00,8.05,94.0476,7.15,0.3,991.52985,45.0,10.210936,0.0,0.0,0.0
2025-10-26 00:00:00+02:00,7.65,94.352394,6.8,0.4,991.2158,96.0,10.694485,0.0,0.0,0.0
2025-10-26 01:00:00+02:00,7.6,95.653564,6.95,1.3,991.3123,97.0,12.351987,0.0,0.0,0.0
2025-10-26 02:00:00+02:00,7.8,95.98815,7.2,0.1,990.7286,73.0,14.156058,0.0,0.0,0.0
2025-10-26 02:00:00+01:00,7.65,93.38556,6.65,0.3,991.0183,97.0,16.1198,0.0,0.0,0.0
2025-10-26 03:00:00+01:00,7.6,94.67457,6.8,0.1,990.81854,100.0,14.248452,0.0,0.0,0.0
2025-10-26 04:00:00+01:00,7.35,91.77471,6.1,0.0,990.8074,52.0,16.053335,0.0,0.0,0.0
2025-10-26 05:00:00+01:00,6.2,90.11711,4.7,0.0,991.34894,18.0,16.120808,0.0,0.0,0.0
2025-10-26 06:00:00+01:00,5.5,89.43388,3.9,0.0,991.8115,4.0,16.03213,0.0,0.0,0.0
2025-10-26 07:00:00+01:00,5.05,87.52426,3.15,0.0,992.18616,15.0,17.04021,0.0,0.0,0.0
2025-10-26 08:00:00+01:00,5.4,83.33095,2.8,0.0,993.0905,9.0,18.278645,15.0,14.0,29.0
2025-10-26 09:00:00+01:00,6.5,75.874344,2.55,0.0,993.23846,100.0,19.77462,97.0,50.0,147.0
2025-10-26 10:00:00+01:00,7.2,70.03829,2.1,0.0,993.66473,100.0,23.828764,44.0,121.0,165.0
2025-10-26 11:00:00+01:00,7.55,66.93505,1.8,0.0,993.8778,100.0,24.63897,2.0,115.0,117.0
2025-10-26 12:00:00+01:00,7.7,67.206924,2.0,0.0,994.27936,100.0,20.94507,2.0,89.0,91.0
2025-10-26 13:00:00+01:00,9.0,57.69769,1.1,0.0,994.83026,100.0,26.50649,0.0,128.0,128.0
2025-10-26 14:00:00+01:00,9.35,56.15156,1.05,0.0,995.04315,100.0,24.874542,62.0,148.0,210.0
2025-10-26 15:00:00+01:00,9.25,55.522545,0.8,0.0,995.2364,98.0,22.828798,25.0,135.0,160.0
2025-10-26 16:00:00+01:00,9.05,57.50352,1.1,0.0,995.52386,80.0,19.592731,38.0,81.0,119.0
2025-10-26 17:00:00+01:00,8.4,60.085777,1.1,0.0,995.5941,4.0,17.95404,21.0,29.0,50.0
2025-10-26 18:00:00+01:00,7.6,63.21589,1.05,0.0,995.75635,12.0,16.759342,0.0,0.0,0.0
2025-10-26 19:00:00+01:00,7.0,65.3903,0.95,0.0,996.2235,97.0,16.09969,0.0,0.0,0.0
2025-10-26 20:00:00+01:00,6.45,67.90708,0.95,0.0,995.90265,100.0,14.941085,0.0,0.0,0.0
2025-10-26 21:00:00+01:00,6.5,69.148766,1.25,0.0,995.806,100.0,15.778516,0.0,0.0,0.0
2025-10-26 22:00:00+01:00,6.95,68.747955,1.6,0.0,995.5298,100.0,16.530626,0.0,0.0,0.0
2025-10-26 23:00:00+01:00,6.85,70.469444,1.85,0.0,994.9329,100.0,17.640919,0.0,0.0,0.0
2025-10-27 00:00:00+01:00,6.65,76.169334,2.75,0.1,994.2329,100.0,18.999168,0.0,0.0,0.0
2025-10-27 01:00:00+01:00,6.45,82.87466,3.75,0.4,993.5326,100.0,21.396542,0.0,0.0,0.0
2025-10-27 02:00:00+01:00,6.5,87.354355,4.55,0.2,992.34973,100.0,20.887758,0.0,0.0,0.0
2025-10-27 03:00:00+01:00,7.05,86.498535,4.95,0.2,990.69556,100.0,23.555254,0.0,0.0,0.0
2025-10-27 04:00:00+01:00,6.9,88.30956,5.1,0.6,989.7012,100.0,27.502916,0.0,0.0,0.0
2025-10-27 05:00:00+01:00,6.55,90.457634,5.1,0.8,989.09314,100.0,25.840502,0.0,0.0,0.0
2025-10-27 06:00:00+01:00,7.15,89.25574,5.5,0.1,988.13226,100.0,24.350615,0.0,0.0,0.0
2025-10-27 07:00:00+01:00,7.4,90.51932,5.95,0.0,987.35315,100.0,23.64586,0.0,0.0,0.0
2025-10-27 08:00:00+01:00,7.7,90.85347,6.3,2.4,987.1689,100.0,21.46835,0.0,4.0,4.0
2025-10-27 09:00:00+01:00,8.25,91.51708,6.95,0.5,987.19305,100.0,19.643105,1.0,30.0,31.0
2025-10-27 10:00:00+01:00,9.7,85.58563,7.4,0.1,987.35486,14.0,20.945072,31.0,91.0,122.0
2025-10-27 11:00:00+01:00,11.35,73.33799,6.75,0.1,987.32733,55.0,23.292444,243.0,98.0,341.0
2025-10-27 12:00:00+01:00,12.0,63.56329,5.3,0.1,987.2562,45.0,22.732082,261.0,110.0,371.0
2025-10-27 13:00:00+01:00,11.0,66.50575,5.0,0.4,987.90485,99.0,24.503809,269.0,95.0,364.0
2025-10-27 14:00:00+01:00,9.85,75.90534,5.8,0.5,988.25024,91.0,22.166327,31.0,163.0,194.0
2025-10-27 15:00:00+01:00,10.9,67.18224,5.05,0.0,988.7893,89.0,19.881649,125.0,106.0,231.0
2025-10-27 16:00:00+01:00,10.0,70.10465,4.8,0.2,989.83704,100.0,20.180079,47.0,84.0,131.0
2025-10-27 17:00:00+01:00,9.8,72.54998,5.1,0.0,990.71716,53.0,17.654688,4.0,22.0,26.0
2025-10-27 18:00:00+01:00,9.6,73.52956,5.1,0.0,992.0911,53.0,16.595179,0.0,0.0,0.0
2025-10-27 19:00:00+01:00,8.75,78.951065,5.3,0.0,994.22687,23.0,14.869351,0.0,0.0,0.0
2025-10-27 20:00:00+01:00,8.7,80.604454,5.55,0.0,995.311,18.0,13.979871,0.0,0.0,0.0
2025-10-27 21:00:00+01:00,8.3,81.39285,5.3,0.0,996.2811,8.0,13.926464,0.0,0.0,0.0
2025-10-27 22:00:00+01:00,7.95,82.77326,5.2,0.0,997.25305,14.0,12.835653,0.0,0.0,0.0
2025-10-27 23:00:00+01:00,7.55,85.059204,5.2,0.0,998.12427,55.0,13.072015,0.0,0.0,0.0
2025-10-28 00:00:00+01:00,7.35,86.8298,5.3,0.0,998.8065,20.0,14.174356,0.0,0.0,0.0
2025-10-28 01:00:00+01:00,7.3,88.95927,5.6,0.0,999.0018,33.0,13.413321,0.0,0.0,0.0
2025-10-28 02:00:00+01:00,7.0,90.17722,5.5,0.1,999.2849,46.0,13.577776,0.0,0.0,0.0
2025-10-28 03:00:00+01:00,7.1,91.44215,5.8,0.0,999.1906,53.0,15.413928,0.0,0.0,0.0
2025-10-28 04:00:00+01:00,7.4,90.51932,5.95,0.0,999.0062,99.0,13.767352,0.0,0.0,0.0
2025-10-28 05:00:00+01:00,7.25,91.45197,5.95,0.0,998.90094,100.0,14.773164,0.0,0.0,0.0
2025-10-28 06:00:00+01:00,7.75,89.61303,6.15,0.0,998.5281,100.0,17.630814,0.0,0.0,0.0
2025-10-28 07:00:00+01:00,8.3,91.5203,7.0,0.8,997.66376,100.0,21.385939,0.0,0.0,0.0
2025-10-28 08:00:00+01:00,8.7,92.80416,7.6,0.5,997.18744,100.0,22.789022,0.0,3.0,3.0
2025-10-28 09:00:00+01:00,9.6,89.756996,8.0,0.0,997.1281,100.0,24.819775,0.0,31.0,31.0
2025-10-28 10:00:00+01:00,10.7,85.112114,8.3,0.0,997.07764,100.0,23.99475,2.0,44.0,46.0
2025-10-28 11:00:00+01:00,11.6,82.66212,8.75,0.1,997.0177,100.0,25.63847,0.0,67.0,67.0
2025-10-28 12:00:00+01:00,12.15,80.80252,8.95,0.0,996.844,100.0,24.880402,5.0,97.0,102.0
2025-10-28 13:00:00+01:00,12.75,77.94523,9.0,0.0,996.27686,100.0,28.619999,2.0,79.0,81.0
2025-10-28 14:00:00+01:00,12.9,75.381165,8.65,0.0,996.1847,100.0,24.804104,4.0,82.0,86.0
2025-10-28 15:00:00+01:00,12.65,77.92991,8.9,0.0,996.37134,100.0,23.47741,0.0,65.0,65.0
2025-10-28 16:00:00+01:00,12.65,78.457405,9.0,0.0,996.66766,100.0,23.415224,2.0,43.0,45.0
2025-10-28 17:00:00+01:00,12.3,80.00965,8.95,0.0,996.7514,100.0,21.817902,0.0,11.0,11.0
2025-10-28 18:00:00+01:00,12.1,81.068756,8.95,0.1,997.2368,100.0,20.81239,0.0,0.0,0.0
2025-10-28 19:00:00+01:00,12.35,79.47871,8.9,0.2,997.5439,97.0,23.417301,0.0,0.0,0.0
2025-10-28 20:00:00+01:00,12.35,78.67774,8.75,0.0,998.2353,90.0,22.689283,0.0,0.0,0.0
2025-10-28 21:00:00+01:00,11.65,84.07463,9.05,0.2,998.79785,71.0,18.22361,0.0,0.0,0.0
2025-10-28 22:00:00+01:00,10.8,93.54362,9.8,1.1,998.95874,100.0,15.027575,0.0,0.0,0.0
2025-10-28 23:00:00+01:00,11.4,89.89428,9.8,0.3,998.68835,100.0,19.388264,0.0,0.0,0.0
2025-10-29 00:00:00+01:00,11.6,86.94586,9.5,0.0,998.89435,100.0,18.834743,0.0,0.0,0.0
2025-10-29 01:00:00+01:00,11.25,87.79421,9.3,0.0,999.1756,95.0,17.982891,0.0,0.0,0.0
2025-10-29 02:00:00+01:00,11.25,88.386566,9.4,0.0,999.0769,84.0,16.951565,0.0,0.0,0.0
2025-10-29 03:00:00+01:00,10.95,89.25774,9.25,0.0,998.96497,89.0,15.266079,0.0,0.0,0.0
2025-10-29 04:00:00+01:00,10.2,91.95162,8.95,0.0,998.9324,61.0,12.652604,0.0,0.0,0.0
2025-10-29 05:00:00+01:00,9.45,94.43048,8.6,0.0,998.89935,50.0,11.196232,0.0,0.0,0.0
2025-10-29 06:00:00+01:00,9.1,96.02864,8.5,0.0,998.88403,95.0,11.996699,0.0,0.0,0.0
2025-10-29 07:00:00+01:00,9.6,95.39831,8.9,0.0,998.8071,70.0,11.886816,0.0,0.0,0.0
2025-10-29 08:00:00+01:00,10.05,93.5065,9.05,0.0,998.7283,70.0,10.00256,8.0,12.0,20.0
2025-10-29 09:00:00+01:00,11.35,89.58967,9.7,0.0,998.38983,95.0,8.085988,75.0,49.0,124.0
2025-10-29 10:00:00+01:00,13.0,80.64679,9.75,0.0,997.86804,49.0,8.12197,144.0,87.0,231.0
2025-10-29 11:00:00+01:00,14.25,70.69497,9.0,0.0,997.2298,100.0,13.262714,246.0,86.0,332.0
2025-10-29 12:00:00+01:00,14.65,70.53435,9.35,0.0,996.8515,100.0,14.241629,260.0,103.0,363.0
2025-10-29 13:00:00+01:00,15.1,62.755756,8.05,0.0,995.9816,100.0,16.909464,71.0,181.0,252.0
2025-10-29 14:00:00+01:00,15.4,64.11362,8.65,0.0,995.1049,100.0,13.091829,181.0,111.0,292.0
2025-10-29 15:00:00+01:00,15.2,66.04799,8.9,0.0,993.911,100.0,10.360559,30.0,145.0,175.0
2025-10-29 16:00:00+01:00,14.7,69.60123,9.2,0.0,993.0011,100.0,8.557102,21.0,89.0,110.0
2025-10-29 17:00:00+01:00,13.5,73.97116,8.95,0.0,992.0612,100.0,9.172938,2.0,30.0,32.0
2025-10-29 18:00:00+01:00,12.6,76.87636,8.65,0.0,991.6282,100.0,9.826088,0.0,0.0,0.0
2025-10-29 19:00:00+01:00,13.5,72.48745,8.65,0.0,991.07336,100.0,11.45513,0.0,0.0,0.0
2025-10-29 20:00:00+01:00,12.8,75.875916,8.65,0.0,990.55,100.0,9.860649,0.0,0.0,0.0
2025-10-29 21:00:00+01:00,12.95,78.76676,9.35,0.0,990.2598,100.0,11.792404,0.0,0.0,0.0
2025-10-29 22:00:00+01:00,13.15,79.59341,9.7,0.1,990.071,100.0,13.6063795,0.0,0.0,0.0
2025-10-29 23:00:00+01:00,12.55,85.882904,10.25,0.6,989.6504,100.0,15.299999,0.0,0.0,0.0
2025-10-30 00:00:00+01:00,11.5,95.78307,10.85,1.0,988.12384,100.0,10.661107,0.0,0.0,0.0
2025-10-30 01:00:00+01:00,12.05,95.4844,11.35,1.0,987.2583,100.0,19.3104,0.0,0.0,0.0
2025-10-30 02:00:00+01:00,11.95,91.1428,10.55,0.8,986.6614,100.0,26.00486,0.0,0.0,0.0
2025-10-30 03:00:00+01:00,12.0,92.67453,10.85,0.5,987.05865,100.0,23.688984,0.0,0.0,0.0
2025-10-30 04:00:00+01:00,12.1,94.54257,11.25,0.4,988.0507,91.0,20.018072,0.0,0.0,0.0
2025-10-30 05:00:00+01:00,11.8,91.742355,10.5,0.0,989.816,59.0,18.152355,0.0,0.0,0.0
2025-10-30 06:00:00+01:00,11.1,89.26974,9.4,0.1,991.6625,65.0,18.054815,0.0,0.0,0.0
2025-10-30 07:00:00+01:00,10.65,82.82483,7.85,0.0,993.32227,16.0,16.813387,0.0,0.0,0.0
2025-10-30 08:00:00+01:00,10.1,78.07009,6.45,0.0,995.37225,1.0,15.898188,10.0,11.0,21.0
2025-10-30 09:00:00+01:00,10.6,73.20219,6.0,0.0,997.172,1.0,15.210799,90.0,43.0,133.0
2025-10-30 10:00:00+01:00,11.2,67.24605,5.35,0.0,998.48206,9.0,17.33429,201.0,58.0,259.0
2025-10-30 11:00:00+01:00,11.8,63.96071,5.2,0.0,999.49585,22.0,17.020235,265.0,79.0,344.0
2025-10-30 12:00:00+01:00,12.55,58.389526,4.6,0.0,999.9232,42.0,17.47484,284.0,98.0,382.0
2025-10-30 13:00:00+01:00,12.85,53.375668,3.6,0.0,1000.7264,46.0,16.895088,276.0,105.0,381.0
2025-10-30 14:00:00+01:00,13.0,53.41567,3.75,0.0,1001.12775,0.0,14.336861,233.0,96.0,329.0
2025-10-30 15:00:00+01:00,13.05,52.497204,3.55,0.0,1001.42633,6.0,12.972494,228.0,63.0,291.0
2025-10-30 16:00:00+01:00,12.35,58.135777,4.35,0.0,1001.79126,56.0,11.091564,102.0,55.0,157.0
2025-10-30 17:00:00+01:00,10.75,67.15028,4.9,0.0,1002.0183,0.0,8.893166,25.0,20.0,45.0
2025-10-30 18:00:00+01:00,9.55,74.0338,5.15,0.0,1002.36053,41.0,6.279395,0.0,0.0,0.0
2025-10-30 19:00:00+01:00,8.25,81.669334,5.3,0.0,1002.99445,100.0,5.7176566,0.0,0.0,0.0
2025-10-30 20:00:00+01:00,7.25,81.82214,4.35,0.0,1003.04865,100.0,1.9134263,0.0,0.0,0.0
2025-10-30 21:00:00+01:00,7.15,82.67253,4.4,0.0,1003.1429,100.0,1.0948973,0.0,0.0,0.0
2025-10-30 22:00:00+01:00,6.85,84.685074,4.45,0.0,1003.0307,100.0,0.25455844,0.0,0.0,0.0
2025-10-30 23:00:00+01:00,5.65,89.760216,4.1,0.0,1003.0752,100.0,3.0811036,0.0,0.0,0.0
2025-10-31 00:00:00+01:00,5.65,90.39169,4.2,0.0,1003.2727,100.0,2.4482646,0.0,0.0,0.0
2025-10-31 01:00:00+01:00,4.85,90.33251,3.4,0.0,1003.33514,100.0,3.244996,0.0,0.0,0.0
2025-10-31 02:00:00+01:00,4.4,89.66175,2.85,0.0,1003.4135,100.0,3.0758414,0.0,0.0,0.0
2025-10-31 03:00:00+01:00,4.3,89.33647,2.7,0.0,1003.4088,99.0,3.604497,0.0,0.0,0.0
2025-10-31 04:00:00+01:00,4.1,89.003296,2.45,0.0,1002.9059,100.0,4.175069,0.0,0.0,0.0
2025-10-31 05:00:00+01:00,4.1,88.05882,2.3,0.0,1002.7084,96.0,3.4949677,0.0,0.0,0.0
2025-10-31 06:00:00+01:00,4.1,87.12325,2.15,0.0,1002.9059,98.0,3.8183763,0.0,0.0,0.0
2025-10-31 07:00:00+01:00,3.3,89.25429,1.7,0.0,1003.0665,94.0,4.5891175,0.0,0.0,0.0
2025-10-31 08:00:00+01:00,3.45,89.26668,1.85,0.0,1003.5672,100.0,2.4149535,4.0,14.0,18.0
2025-10-31 09:00:00+01:00,5.25,85.10293,2.95,0.0,1004.1435,100.0,3.219938,31.0,73.0,104.0
2025-10-31 10:00:00+01:00,7.0,80.93269,3.95,0.0,1003.9263,100.0,0.25455844,80.0,119.0,199.0
2025-10-31 11:00:00+01:00,8.65,74.91444,4.45,0.0,1003.8023,100.0,1.2727921,126.0,157.0,283.0
2025-10-31 12:00:00+01:00,9.8,72.54998,5.1,0.0,1003.45795,100.0,1.609969,111.0,180.0,291.0
2025-10-31 13:00:00+01:00,10.85,72.24393,6.05,0.0,1002.9116,100.0,2.4149535,155.0,169.0,324.0
2025-10-31 14:00:00+01:00,11.6,71.888306,6.7,0.0,1002.35144,100.0,2.1068459,53.0,185.0,238.0
2025-10-31 15:00:00+01:00,12.0,72.45761,7.2,0.0,1002.07245,100.0,1.9881649,40.0,142.0,182.0
2025-10-31 16:00:00+01:00,11.7,78.847946,8.15,0.0,1001.86194,100.0,1.6981165,28.0,90.0,118.0
2025-10-31 17:00:00+01:00,9.9,84.446335,7.4,0.0,1001.98083,100.0,3.462369,3.0,29.0,32.0
2025-10-31 18:00:00+01:00,9.6,85.575035,7.3,0.0,1002.26385,100.0,4.379589,0.0,0.0,0.0
2025-10-31 19:00:00+01:00,9.25,87.611786,7.3,0.0,1002.5448,100.0,2.4216523,0.0,0.0,0.0
2025-10-31 20:00:00+01:00,8.8,90.31053,7.3,0.0,1002.72253,100.0,3.572898,0.0,0.0,0.0
2025-10-31 21:00:00+01:00,8.4,92.470955,7.25,0.0,1002.6061,94.0,3.563818,0.0,0.0,0.0
2025-10-31 22:00:00+01:00,8.35,93.102516,7.3,0.0,1002.9002,11.0,1.9881649,0.0,0.0,0.0
2025-10-31 23:00:00+01:00,7.7,94.03145,6.8,0.0,1002.87115,9.0,0.76367533,0.0,0.0,0.0
2025-11-01 00:00:00+01:00,7.15,96.298134,6.6,0.0,1002.6491,0.0,1.9881649,0.0,0.0,0.0
2025-11-01 01:00:00+01:00,6.9,94.319374,6.05,0.0,1002.63776,0.0,2.0523157,0.0,0.0,0.0
2025-11-01 02:00:00+01:00,6.55,94.63081,5.75,0.0,1002.42456,0.0,0.9,0.0,0.0,0.0
2025-11-01 03:00:00+01:00,6.45,95.61424,5.8,0.0,1002.2227,0.0,0.5091169,0.0,0.0,0.0
2025-11-01 04:00:00+01:00,5.95,96.933136,5.5,0.0,1001.5087,74.0,0.76367533,0.0,0.0,0.0
2025-11-01 05:00:00+01:00,5.6,98.280975,5.35,0.0,1001.098,100.0,1.5379207,0.0,0.0,0.0
2025-11-01 06:00:00+01:00,5.85,96.93071,5.4,0.0,1001.0106,99.0,0.76367533,0.0,0.0,0.0
2025-11-01 07:00:00+01:00,5.7,94.92509,4.95,0.0,1000.4115,98.0,0.9,0.0,0.0,0.0
2025-11-01 08:00:00+01:00,6.5,93.97558,5.6,0.0,1000.44727,100.0,0.17999999,3.0,10.0,13.0
2025-11-01 09:00:00+01:00,7.9,93.078575,6.85,0.0,1000.70734,100.0,4.829907,19.0,48.0,67.0
2025-11-01 10:00:00+01:00,9.0,89.40473,7.35,0.0,1000.2622,100.0,6.1437774,0.0,56.0,56.0
2025-11-01 11:00:00+01:00,10.55,85.96626,8.3,0.0,1000.1328,100.0,6.8423676,2.0,84.0,86.0
2025-11-01 12:00:00+01:00,11.75,83.80339,9.1,0.0,999.79,100.0,6.8423676,1.0,67.0,68.0
2025-11-01 13:00:00+01:00,13.35,81.23544,10.2,0.2,999.46356,100.0,12.47726,0.0,47.0,47.0
2025-11-01 14:00:00+01:00,12.7,87.341,10.65,0.5,998.9418,100.0,10.873251,0.0,49.0,49.0
2025-11-01 15:00:00+01:00,12.0,94.85223,11.2,0.7,998.8129,100.0,7.5213294,0.0,40.0,40.0
2025-11-01 16:00:00+01:00,12.3,93.30744,11.25,0.3,998.9245,100.0,11.770403,0.0,24.0,24.0
2025-11-01 17:00:00+01:00,12.2,96.122765,11.6,0.2,999.01917,100.0,11.362834,0.0,6.0,6.0
2025-11-01 18:00:00+01:00,12.55,95.816956,11.9,0.2,999.6269,100.0,14.021525,0.0,0.0,0.0
2025-11-01 19:00:00+01:00,11.8,97.39211,11.4,0.0,1000.3848,100.0,10.464797,0.0,0.0,0.0
2025-11-01 20:00:00+01:00,11.7,98.36169,11.45,0.1,1000.973,100.0,11.282711,0.0,0.0,0.0
2025-11-01 21:00:00+01:00,11.75,97.06925,11.3,0.1,1001.074,100.0,12.409561,0.0,0.0,0.0
2025-11-01 22:00:00+01:00,11.6,96.74455,11.1,0.0,1001.26495,100.0,11.364259,0.0,0.0,0.0
2025-11-01 23:00:00+01:00,10.8,97.69694,10.45,0.0,1001.52673,100.0,11.226575,0.0,0.0,0.0
2025-11-02 00:00:00+01:00,10.9,96.4048,10.35,0.0,1001.62946,100.0,11.074023,0.0,0.0,0.0
2025-11-02 01:00:00+01:00,10.65,97.36871,10.25,0.0,1001.5201,100.0,10.948973,0.0,0.0,0.0
2025-11-02 02:00:00+01:00,10.4,97.68975,10.05,0.0,1001.7066,100.0,11.753876,0.0,0.0,0.0
2025-11-02 03:00:00+01:00,10.2,97.03377,9.75,0.0,1001.30273,100.0,11.734564,0.0,0.0,0.0
2025-11-02 04:00:00+01:00,9.75,98.33651,9.5,0.0,1001.28284,100.0,10.548061,0.0,0.0,0.0
2025-11-02 05:00:00+01:00,9.65,98.99817,9.5,0.0,1000.78467,100.0,9.867218,0.0,0.0,0.0
2025-11-02 06:00:00+01:00,9.45,98.99658,9.3,0.0,1001.0721,100.0,10.583326,0.0,0.0,0.0
2025-11-02 07:00:00+01:00,9.6,98.665665,9.4,0.0,1000.8812,100.0,10.134495,0.0,0.0,0.0
2025-11-02 08:00:00+01:00,9.7,98.005974,9.4,0.0,1001.2807,100.0,10.04458,0.0,5.0,5.0
2025-11-02 09:00:00+01:00,10.2,97.359474,9.8,0.0,1001.1052,100.0,9.627896,0.0,41.0,41.0
2025-11-02 10:00:00+01:00,11.25,93.87857,10.3,0.0,1000.95355,58.0,12.081473,4.0,102.0,106.0
2025-11-02 11:00:00+01:00,12.5,85.02113,10.05,0.1,1000.7113,99.0,14.4,53.0,155.0,208.0
2025-11-02 12:00:00+01:00,13.3,79.083115,9.75,0.1,1000.1528,100.0,15.536408,107.0,153.0,260.0
2025-11-02 13:00:00+01:00,11.95,85.24704,9.55,0.1,1000.1935,100.0,15.444377,16.0,171.0,187.0
2025-11-02 14:00:00+01:00,11.75,92.35262,10.55,3.9,999.9875,100.0,9.847496,2.0,105.0,107.0
2025-11-02 15:00:00+01:00,11.1,94.50066,10.25,0.7,999.8605,100.0,11.190442,0.0,73.0,73.0
2025-11-02 16:00:00+01:00,11.0,94.1812,10.1,0.4,999.7573,100.0,12.47726,0.0,44.0,44.0
2025-11-02 17:00:00+01:00,10.3,97.687935,9.95,0.3,1000.02313,100.0,12.061343,0.0,10.0,10.0
2025-11-02 18:00:00+01:00,9.95,97.68162,9.6,0.3,1000.304,100.0,11.9140415,0.0,0.0,0.0
2025-11-02 19:00:00+01:00,9.95,96.70263,9.45,0.2,1000.6003,88.0,12.483748,0.0,0.0,0.0
2025-11-02 20:00:00+01:00,9.65,95.722374,9.0,0.0,1001.17975,60.0,13.644427,0.0,0.0,0.0
2025-11-02 21:00:00+01:00,8.9,95.050156,8.15,0.0,1001.9368,5.0,13.392774,0.0,0.0,0.0
2025-11-02 22:00:00+01:00,8.15,95.34623,7.45,0.0,1002.5951,5.0,13.060857,0.0,0.0,0.0
2025-11-02 23:00:00+01:00,7.7,95.32988,7.0,0.0,1003.26624,9.0,13.684735,0.0,0.0,0.0
2025-11-03 00:00:00+01:00,7.4,95.64675,6.75,0.0,1003.8453,15.0,13.392774,0.0,0.0,0.0
2025-11-03 01:00:00+01:00,7.45,95.97716,6.85,0.0,1004.7366,13.0,13.971757,0.0,0.0,0.0
2025-11-03 02:00:00+01:00,7.2,95.31162,6.5,0.0,1005.41644,9.0,13.929953,0.0,0.0,0.0
2025-11-03 03:00:00+01:00,6.75,95.62455,6.1,0.0,1005.9888,2.0,13.337016,0.0,0.0,0.0
2025-11-03 04:00:00+01:00,6.25,96.271835,5.7,0.0,1006.1635,5.0,11.931705,0.0,0.0,0.0
2025-11-03 05:00:00+01:00,5.8,96.92949,5.35,0.0,1006.7357,12.0,11.384198,0.0,0.0,0.0
2025-11-03 06:00:00+01:00,5.8,97.26649,5.4,0.0,1007.427,100.0,11.448055,0.0,0.0,0.0
2025-11-03 07:00:00+01:00,5.75,96.92827,5.3,0.0,1008.01733,31.0,11.212135,0.0,0.0,0.0
2025-11-03 08:00:00+01:00,6.0,96.5989,5.5,0.0,1008.9175,100.0,11.328566,4.0,8.0,12.0
2025-11-03 09:00:00+01:00,7.7,89.91876,6.15,0.0,1009.7841,100.0,13.491598,28.0,58.0,86.0
2025-11-03 10:00:00+01:00,8.55,86.05396,6.35,0.0,1010.1184,100.0,17.179394,29.0,109.0,138.0
2025-11-03 11:00:00+01:00,9.6,78.26285,6.0,0.0,1010.0663,100.0,16.740969,49.0,150.0,199.0
2025-11-03 12:00:00+01:00,10.5,73.691414,6.0,0.0,1010.30396,100.0,16.78156,85.0,158.0,243.0
2025-11-03 13:00:00+01:00,10.9,72.253265,6.1,0.0,1010.1238,100.0,17.134071,7.0,158.0,165.0
2025-11-03 14:00:00+01:00,11.3,69.877556,6.0,0.0,1009.94403,100.0,17.1,55.0,154.0,209.0
2025-11-03 15:00:00+01:00,11.4,69.17721,5.95,0.0,1009.9484,91.0,17.570988,71.0,100.0,171.0
2025-11-03 16:00:00+01:00,11.2,71.56588,6.25,0.0,1010.03827,100.0,12.351987,40.0,63.0,103.0
2025-11-03 17:00:00+01:00,10.5,75.23236,6.3,0.0,1010.1064,82.0,10.855358,8.0,15.0,23.0
2025-11-03 18:00:00+01:00,10.2,77.81741,6.5,0.0,1010.38934,80.0,11.351422,0.0,0.0,0.0
2025-11-03 19:00:00+01:00,10.25,81.095184,7.15,0.0,1010.7866,66.0,12.483748,0.0,0.0,0.0
2025-11-03 20:00:00+01:00,9.7,84.13529,7.15,0.0,1010.86096,92.0,12.011544,0.0,0.0,0.0
2025-11-03 21:00:00+01:00,9.5,86.15151,7.3,0.0,1011.04956,100.0,11.681987,0.0,0.0,0.0
2025-11-03 22:00:00+01:00,9.9,85.31535,7.55,0.0,1011.56104,30.0,11.712454,0.0,0.0,0.0
2025-11-03 23:00:00+01:00,9.25,89.12022,7.55,0.0,1011.03845,60.0,11.720751,0.0,0.0,0.0
2025-11-04 00:00:00+01:00,9.25,90.036255,7.7,0.0,1011.03845,20.0,11.556504,0.0,0.0,0.0
2025-11-04 01:00:00+01:00,9.8,89.16499,8.1,0.0,1011.26044,5.0,12.325728,0.0,0.0,0.0
2025-11-04 02:00:00+01:00,9.4,90.66215,7.95,0.0,1011.2427,3.0,11.9466305,0.0,0.0,0.0
2025-11-04 03:00:00+01:00,8.8,92.49398,7.65,0.0,1011.216,13.0,10.583326,0.0,0.0,0.0
2025-11-04 04:00:00+01:00,8.5,93.42877,7.5,0.0,1011.2027,10.0,9.432412,0.0,0.0,0.0
2025-11-04 05:00:00+01:00,8.1,94.37207,7.25,0.0,1011.1848,29.0,9.144637,0.0,0.0,0.0
2025-11-04 06:00:00+01:00,8.1,94.69521,7.3,0.0,1011.08606,85.0,9.039514,0.0,0.0,0.0
2025-11-04 07:00:00+01:00,8.3,93.09985,7.25,0.0,1011.2925,33.0,7.891311,0.0,0.0,0.0
2025-11-04 08:00:00+01:00,8.3,92.78203,7.2,0.0,1011.78625,76.0,8.461915,3.0,7.0,10.0
2025-11-04 09:00:00+01:00,9.1,88.80412,7.35,0.0,1012.0194,99.0,7.729527,46.0,44.0,90.0
2025-11-04 10:00:00+01:00,10.2,83.05209,7.45,0.0,1012.2659,98.0,7.327127,110.0,89.0,199.0
2025-11-04 11:00:00+01:00,11.35,78.79601,7.8,0.0,1012.11914,98.0,6.2067385,197.0,98.0,295.0
2025-11-04 12:00:00+01:00,12.55,74.55961,8.15,0.0,1011.77655,88.0,5.3999996,279.0,87.0,366.0
2025-11-04 13:00:00+01:00,13.75,68.01249,7.95,0.0,1010.93933,100.0,2.1674871,281.0,89.0,370.0
2025-11-04 14:00:00+01:00,14.65,66.6029,8.5,0.0,1010.4841,95.0,2.0523157,257.0,80.0,337.0
2025-11-04 15:00:00+01:00,15.15,65.592735,8.75,0.0,1009.91284,89.0,3.6402748,182.0,71.0,253.0
2025-11-04 16:00:00+01:00,14.05,75.32035,9.75,0.0,1009.4705,83.0,3.6447225,95.0,48.0,143.0
2025-11-04 17:00:00+01:00,11.65,78.57322,8.05,0.0,1009.36664,99.0,5.495161,17.0,15.0,32.0
2025-11-04 18:00:00+01:00,10.2,80.81129,7.05,0.0,1009.4017,100.0,5.506941,0.0,0.0,0.0
2025-11-04 19:00:00+01:00,9.3,81.807594,6.35,0.0,1009.2629,100.0,5.771239,0.0,0.0,0.0
2025-11-04 20:00:00+01:00,8.35,83.110695,5.65,0.0,1009.122,95.0,3.8183763,0.0,0.0,0.0
2025-11-04 21:00:00+01:00,7.85,83.919334,5.3,0.0,1008.9019,98.0,1.9881649,0.0,0.0,0.0
2025-11-04 22:00:00+01:00,7.65,83.60435,5.05,0.0,1008.99194,99.0,0.9693296,0.0,0.0,0.0
2025-11-04 23:00:00+01:00,7.45,84.16474,4.95,0.0,1008.7855,99.0,0.76367533,0.0,0.0,0.0
2025-11-05 00:00:00+01:00,7.0,86.79531,4.95,0.0,1009.1602,93.0,0.9,0.0,0.0,0.0
2025-11-05 01:00:00+01:00,4.8,98.61382,4.6,0.0,1009.455,100.0,1.0948973,0.0,0.0,0.0
2025-11-05 02:00:00+01:00,3.8,100.0,3.85,0.0,1009.2113,100.0,2.0523157,0.0,0.0,0.0
2025-11-05 03:00:00+01:00,3.6,100.0,3.6,0.0,1009.10333,100.0,2.2768397,0.0,0.0,0.0
2025-11-05 04:00:00+01:00,4.2,100.0,4.2,0.0,1009.03253,100.0,2.907989,0.0,0.0,0.0
2025-11-05 05:00:00+01:00,4.1,99.99999,4.1,0.0,1009.1265,100.0,3.9312592,0.0,0.0,0.0
2025-11-05 06:00:00+01:00,4.3,99.30198,4.2,0.0,1009.33325,100.0,5.09435,0.0,0.0,0.0
2025-11-05 07:00:00+01:00,3.9,98.951195,3.75,0.0,1009.4136,100.0,3.563818,0.0,0.0,0.0
2025-11-05 08:00:00+01:00,3.8,99.29916,3.7,0.0,1009.6063,100.0,3.550155,1.0,7.0,8.0
2025-11-05 09:00:00+01:00,5.3,96.58001,4.8,0.0,1009.77405,100.0,3.6179552,14.0,58.0,72.0
2025-11-05 10:00:00+01:00,6.55,93.65297,5.6,0.0,1009.53467,100.0,1.9881649,36.0,109.0,145.0
2025-11-05 11:00:00+01:00,8.15,87.50974,6.2,0.0,1009.2119,100.0,0.17999999,55.0,158.0,213.0
2025-11-05 12:00:00+01:00,9.45,82.39183,6.6,0.0,1008.5782,100.0,0.9693296,76.0,188.0,264.0
2025-11-05 13:00:00+01:00,11.3,74.85366,7.0,0.0,1007.47473,100.0,2.5772076,119.0,172.0,291.0
2025-11-05 14:00:00+01:00,11.65,74.91374,7.35,0.0,1006.8973,100.0,3.7064266,21.0,177.0,198.0
2025-11-05 15:00:00+01:00,11.65,76.985985,7.75,0.0,1006.40344,100.0,4.445672,15.0,133.0,148.0
2025-11-05 16:00:00+01:00,10.8,83.12535,8.05,0.0,1006.1689,100.0,4.7657523,7.0,82.0,89.0
2025-11-05 17:00:00+01:00,8.75,89.38479,7.1,0.0,1005.8806,0.0,4.4274144,6.0,19.0,25.0
2025-11-05 18:00:00+01:00,7.8,88.38853,6.0,0.0,1005.6408,0.0,4.724786,0.0,0.0,0.0
2025-11-05 19:00:00+01:00,7.6,87.7616,5.7,0.0,1005.1382,0.0,5.7204895,0.0,0.0,0.0
2025-11-05 20:00:00+01:00,7.1,87.715576,5.2,0.0,1004.8196,0.0,5.22,0.0,0.0,0.0
2025-11-05 21:00:00+01:00,7.0,87.09806,5.0,0.0,1004.5188,1.0,5.257109,0.0,0.0,0.0
2025-11-05 22:00:00+01:00,6.75,87.68322,4.85,0.0,1004.21124,0.0,5.48631,0.0,0.0,0.0
2025-11-05 23:00:00+01:00,6.8,87.382805,4.85,0.0,1003.8184,0.0,6.1305785,0.0,0.0,0.0
2025-11-06 00:00:00+01:00,5.75,90.39905,4.3,0.0,1003.37616,68.0,5.402999,0.0,0.0,0.0
2025-11-06 01:00:00+01:00,5.3,92.93786,4.25,0.0,1003.3556,77.0,6.050785,0.0,0.0,0.0
2025-11-06 02:00:00+01:00,4.6,93.22698,3.6,0.0,1002.9289,41.0,6.452441,0.0,0.0,0.0
2025-11-06 03:00:00+01:00,4.25,93.20843,3.25,0.0,1002.5179,1.0,6.638072,0.0,0.0,0.0
2025-11-06 04:00:00+01:00,3.8,94.17982,2.95,0.0,1002.20087,0.0,6.873078,0.0,0.0,0.0
2025-11-06 05:00:00+01:00,3.45,94.834335,2.7,0.0,1001.8886,0.0,8.181589,0.0,0.0,0.0
2025-11-06 06:00:00+01:00,2.85,95.48768,2.2,0.0,1001.7625,55.0,6.114703,0.0,0.0,0.0
2025-11-06 07:00:00+01:00,2.25,96.84132,1.8,0.0,1001.53705,99.0,4.6938257,0.0,0.0,0.0
2025-11-06 08:00:00+01:00,1.7,97.52455,1.35,0.0,1001.80774,56.0,3.381893,4.0,6.0,10.0
2025-11-06 09:00:00+01:00,4.0,95.52869,3.35,0.0,1001.9141,3.0,4.175069,69.0,38.0,107.0
2025-11-06 10:00:00+01:00,5.7,87.58539,3.8,0.0,1001.8927,62.0,2.97953,157.0,65.0,222.0
2025-11-06 11:00:00+01:00,6.85,85.57756,4.6,0.0,1001.7469,93.0,3.2846913,181.0,99.0,280.0
2025-11-06 12:00:00+01:00,8.1,81.083405,5.05,0.0,1001.4077,100.0,2.7534704,189.0,111.0,300.0
2025-11-06 13:00:00+01:00,9.65,77.19633,5.85,0.0,1000.6859,38.0,2.657668,203.0,114.0,317.0
2025-11-06 14:00:00+01:00,10.25,75.44968,6.1,0.0,1000.3172,28.0,3.219938,178.0,101.0,279.0
2025-11-06 15:00:00+01:00,10.35,75.46659,6.2,0.0,1000.12415,100.0,3.604497,137.0,86.0,223.0
2025-11-06 16:00:00+01:00,9.6,83.54932,6.95,0.0,999.9923,100.0,1.0948973,70.0,56.0,126.0
2025-11-06 17:00:00+01:00,7.6,86.25415,5.45,0.0,999.60785,82.0,2.8460498,5.0,18.0,23.0
2025-11-06 18:00:00+01:00,6.3,90.12465,4.8,0.0,999.64856,42.0,4.5572357,0.0,0.0,0.0
2025-11-06 19:00:00+01:00,4.8,93.5658,3.85,0.0,999.9757,20.0,4.186693,0.0,0.0,0.0
2025-11-06 20:00:00+01:00,4.05,95.19409,3.35,0.0,1000.3365,38.0,3.143565,0.0,0.0,0.0
2025-11-06 21:00:00+01:00,3.7,96.53625,3.2,0.0,1000.4191,42.0,3.964089,0.0,0.0,0.0
2025-11-06 22:00:00+01:00,3.5,98.599266,3.3,0.0,1000.41003,63.0,5.4833565,0.0,0.0,0.0
2025-11-06 23:00:00+01:00,3.2,99.647316,3.15,0.0,1000.1988,100.0,5.815978,0.0,0.0,0.0
2025-11-07 00:00:00+01:00,3.2,99.29573,3.1,0.0,1000.2975,100.0,4.2671766,0.0,0.0,0.0
2025-11-07 01:00:00+01:00,2.7,100.0,2.75,0.0,1000.27454,100.0,2.0124612,0.0,0.0,0.0
2025-11-07 02:00:00+01:00,3.15,98.24688,2.9,0.0,1000.2953,100.0,2.0124612,0.0,0.0,0.0
2025-11-07 03:00:00+01:00,3.3,99.29632,3.2,0.0,1000.40063,100.0,2.6758924,0.0,0.0,0.0
2025-11-07 04:00:00+01:00,3.45,100.0,3.45,0.0,1000.1114,100.0,2.8460495,0.0,0.0,0.0
2025-11-07 05:00:00+01:00,3.55,99.648315,3.5,0.0,1000.01733,100.0,3.6447225,0.0,0.0,0.0
2025-11-07 06:00:00+01:00,3.5,99.64818,3.45,0.0,1000.11383,100.0,1.8532133,0.0,0.0,0.0
2025-11-07 07:00:00+01:00,3.3,98.94612,3.15,0.0,1000.2031,100.0,1.26,0.0,0.0,0.0
2025-11-07 08:00:00+01:00,3.3,98.24899,3.05,0.0,1000.69684,100.0,3.1845248,0.0,4.0,4.0
2025-11-07 09:00:00+01:00,3.75,96.537636,3.25,0.0,1001.21124,100.0,4.5891175,0.0,39.0,39.0
2025-11-07 10:00:00+01:00,4.4,92.88816,3.35,0.0,1001.3399,100.0,4.143911,5.0,72.0,77.0
2025-11-07 11:00:00+01:00,5.25,88.47403,3.5,0.0,1001.08234,100.0,3.143565,21.0,133.0,154.0
2025-11-07 12:00:00+01:00,6.2,83.7231,3.65,0.0,1000.9276,100.0,3.3481934,40.0,154.0,194.0
2025-11-07 13:00:00+01:00,5.15,82.41692,2.4,0.0,1001.1764,100.0,3.319036,49.0,152.0,201.0
2025-11-07 14:00:00+01:00,5.7,80.752335,2.65,0.0,1001.004,100.0,3.396233,30.0,133.0,163.0
2025-11-07 15:00:00+01:00,6.45,78.04931,2.9,0.0,1000.6427,98.0,3.3481934,36.0,112.0,148.0
2025-11-07 16:00:00+01:00,6.55,78.897415,3.15,0.0,1000.54834,88.0,2.36753,19.0,71.0,90.0
2025-11-07 17:00:00+01:00,5.35,84.81348,3.0,0.0,1000.6918,91.0,2.3469129,6.0,14.0,20.0
2025-11-07 18:00:00+01:00,4.35,89.34056,2.75,0.0,1000.8436,77.0,1.6299692,0.0,0.0,0.0
2025-11-07 19:00:00+01:00,5.15,90.35477,3.7,0.0,1001.47266,100.0,3.3092594,0.0,0.0,0.0
2025-11-07 20:00:00+01:00,5.0,90.98206,3.65,0.0,1001.76227,100.0,4.293669,0.0,0.0,0.0
2025-11-07 21:00:00+01:00,4.9,91.61798,3.65,0.0,1001.85626,100.0,4.080882,0.0,0.0,0.0
2025-11-07 22:00:00+01:00,4.9,91.29604,3.6,0.0,1001.955,100.0,3.6,0.0,0.0,0.0
2025-11-07 23:00:00+01:00,4.8,91.28933,3.5,0.0,1001.75305,100.0,3.2599385,0.0,0.0,0.0
2025-11-08 00:00:00+01:00,4.65,92.90201,3.6,0.0,1001.7462,100.0,4.613762,0.0,0.0,0.0
2025-11-08 01:00:00+01:00,3.5,99.29745,3.4,0.0,1002.0886,100.0,3.8141315,0.0,0.0,0.0
2025-11-08 02:00:00+01:00,3.65,99.2983,3.55,0.0,1001.99677,100.0,4.846648,0.0,0.0,0.0
2025-11-08 03:00:00+01:00,3.6,98.6004,3.4,0.0,1001.9942,100.0,4.8965297,0.0,0.0,0.0
2025-11-08 04:00:00+01:00,3.55,98.25251,3.3,0.0,1001.69586,100.0,4.8433046,0.0,0.0,0.0
2025-11-08 05:00:00+01:00,3.5,97.56014,3.15,0.0,1001.8911,100.0,5.4744864,0.0,0.0,0.0
2025-11-08 06:00:00+01:00,3.45,97.55916,3.1,0.0,1001.98737,100.0,5.0911684,0.0,0.0,0.0
2025-11-08 07:00:00+01:00,3.8,98.602646,3.6,0.0,1002.0034,100.0,5.0911684,0.0,0.0,0.0
2025-11-08 08:00:00+01:00,3.85,97.56697,3.5,0.0,1002.4996,100.0,5.728979,0.0,3.0,3.0
2025-11-08 09:00:00+01:00,4.0,96.54452,3.5,0.0,1003.00024,100.0,5.8603754,2.0,21.0,23.0
2025-11-08 10:00:00+01:00,4.25,94.866875,3.5,0.0,1003.20905,100.0,6.248359,0.0,37.0,37.0
2025-11-08 11:00:00+01:00,4.65,93.229614,3.65,0.0,1003.32605,100.0,5.509882,0.0,61.0,61.0
2025-11-08 12:00:00+01:00,5.1,91.63096,3.85,0.0,1003.2478,100.0,5.728979,0.0,84.0,84.0
2025-11-08 13:00:00+01:00,4.95,88.76063,3.25,0.0,1003.24084,100.0,5.7402787,6.0,117.0,123.0
2025-11-08 14:00:00+01:00,5.6,86.65604,3.55,0.0,1003.17175,100.0,6.1305785,29.0,123.0,152.0
2025-11-08 15:00:00+01:00,5.8,87.28757,3.85,0.0,1003.18085,100.0,6.193674,10.0,104.0,114.0
2025-11-08 16:00:00+01:00,5.75,88.82883,4.05,0.0,1003.37616,100.0,5.904439,3.0,57.0,60.0
2025-11-08 17:00:00+01:00,5.35,91.96898,4.15,0.0,1003.55536,98.0,4.8466477,2.0,11.0,13.0
2025-11-08 18:00:00+01:00,5.1,93.58088,4.15,0.0,1003.8402,93.0,4.0249224,0.0,0.0,0.0
2025-11-08 19:00:00+01:00,5.0,94.89711,4.25,0.0,1004.23083,100.0,5.4744864,0.0,0.0,0.0
2025-11-08 20:00:00+01:00,5.3,93.59089,4.35,0.0,1004.44183,100.0,8.027678,0.0,0.0,0.0
2025-11-08 21:00:00+01:00,5.25,94.57591,4.45,0.0,1004.6372,100.0,8.942214,0.0,0.0,0.0
2025-11-08 22:00:00+01:00,5.25,94.90713,4.5,0.0,1004.9335,100.0,7.7900705,0.0,0.0,0.0
2025-11-08 23:00:00+01:00,5.25,95.23938,4.55,0.0,1004.6372,63.0,8.783189,0.0,0.0,0.0
2025-11-09 00:00:00+01:00,5.0,96.57187,4.5,0.0,1004.62585,82.0,9.3340025,0.0,0.0,0.0
2025-11-09 01:00:00+01:00,4.95,96.908714,4.5,0.0,1004.6233,93.0,6.384293,0.0,0.0,0.0
2025-11-09 02:00:00+01:00,5.0,97.93044,4.7,0.0,1004.5271,100.0,5.0975285,0.0,0.0,0.0
2025-11-09 03:00:00+01:00,5.0,98.27273,4.75,0.0,1004.42834,100.0,4.724786,0.0,0.0,0.0
2025-11-09 04:00:00+01:00,5.45,96.58407,4.95,0.0,1004.35004,100.0,6.2405767,0.0,0.0,0.0
2025-11-09 05:00:00+01:00,5.35,98.277534,5.1,0.2,1004.5428,100.0,6.623413,0.0,0.0,0.0
2025-11-09 06:00:00+01:00,5.4,99.30811,5.3,0.3,1004.44635,100.0,5.7431,0.0,0.0,0.0
2025-11-09 07:00:00+01:00,5.35,98.61993,5.15,0.5,1004.5428,100.0,3.9477081,0.0,0.0,0.0
2025-11-09 08:00:00+01:00,5.55,98.28029,5.3,0.1,1004.9469,100.0,5.876938,0.0,1.0,1.0
2025-11-09 09:00:00+01:00,5.9,97.268654,5.5,0.0,1005.1603,100.0,6.522361,0.0,12.0,12.0
2025-11-09 10:00:00+01:00,6.5,96.94644,6.05,0.0,1005.48364,100.0,4.8366103,0.0,44.0,44.0
2025-11-09 11:00:00+01:00,7.15,95.309784,6.45,0.0,1005.6117,100.0,4.829907,1.0,66.0,67.0
2025-11-09 12:00:00+01:00,7.8,95.33352,7.1,0.0,1005.5421,100.0,5.0142193,3.0,83.0,86.0
2025-11-09 13:00:00+01:00,8.75,93.760086,7.8,0.0,1005.4856,100.0,5.441838,0.0,90.0,90.0
2025-11-09 14:00:00+01:00,8.95,93.769684,8.0,0.0,1005.297,100.0,6.037383,2.0,72.0,74.0
2025-11-09 15:00:00+01:00,8.75,95.69237,8.1,0.0,1005.0906,98.0,7.44121,14.0,52.0,66.0
2025-11-09 16:00:00+01:00,8.6,96.99647,8.15,0.0,1005.1827,75.0,6.689125,9.0,36.0,45.0
2025-11-09 17:00:00+01:00,7.9,98.64765,7.7,0.0,1005.25024,66.0,6.090812,3.0,8.0,11.0
2025-11-09 18:00:00+01:00,7.4,98.642265,7.2,0.0,1005.5241,84.0,6.248359,0.0,0.0,0.0
2025-11-09 19:00:00+01:00,7.85,98.311424,7.6,0.0,1005.74176,82.0,6.8423676,0.0,0.0,0.0
2025-11-09 20:00:00+01:00,7.25,99.318275,7.15,0.0,1005.9125,86.0,4.724786,0.0,0.0,0.0
2025-11-09 21:00:00+01:00,6.75,99.65726,6.7,0.0,1006.08746,97.0,5.318383,0.0,0.0,0.0
2025-11-09 22:00:00+01:00,5.8,99.65464,5.75,0.0,1006.0445,100.0,4.991553,0.0,0.0,0.0
2025-11-09 23:00:00+01:00,5.15,100.0,5.15,0.0,1005.7187,100.0,4.896529,0.0,0.0,0.0
2025-11-10 00:00:00+01:00,4.95,100.0,4.95,0.0,1005.6107,100.0,4.278551,0.0,0.0,0.0
2025-11-10 01:00:00+01:00,6.35,100.0,6.4,0.0,1005.57574,100.0,2.8799999,0.0,0.0,0.0
2025-11-10 02:00:00+01:00,6.7,99.65713,6.65,0.0,1005.5916,100.0,2.907989,0.0,0.0,0.0
2025-11-10 03:00:00+01:00,6.8,100.0,6.8,0.0,1005.29974,100.0,2.8116899,0.0,0.0,0.0
2025-11-10 04:00:00+01:00,6.9,100.0,6.9,0.0,1005.10657,100.0,2.9522195,0.0,0.0,0.0
2025-11-10 05:00:00+01:00,7.05,100.0,7.05,0.0,1005.1136,100.0,2.0364676,0.0,0.0,0.0
2025-11-10 06:00:00+01:00,7.15,100.0,7.15,0.0,1004.9204,100.0,2.4014995,0.0,0.0,0.0
2025-11-10 07:00:00+01:00,6.95,99.65781,6.9,0.0,1004.81256,100.0,3.4623692,0.0,0.0,0.0
2025-11-10 08:00:00+01:00,7.0,100.0,7.0,0.0,1004.7164,100.0,3.438895,0.0,2.0,2.0
2025-11-10 09:00:00+01:00,7.3,100.0,7.3,0.0,1004.92706,100.0,4.6938257,1.0,26.0,27.0
2025-11-10 10:00:00+01:00,7.5,98.30675,7.25,0.0,1004.8375,100.0,5.257109,0.0,58.0,58.0
2025-11-10 11:00:00+01:00,7.8,97.64214,7.45,0.0,1004.65326,100.0,4.2175345,9.0,90.0,99.0
2025-11-10 12:00:00+01:00,8.3,95.02705,7.55,0.0,1004.28064,100.0,4.7928696,12.0,116.0,128.0
2025-11-10 13:00:00+01:00,7.85,96.64808,7.35,0.0,1003.86536,100.0,5.369916,5.0,127.0,132.0
2025-11-10 14:00:00+01:00,8.05,95.01739,7.3,0.0,1003.3808,100.0,5.1165614,0.0,85.0,85.0
2025-11-10 15:00:00+01:00,8.05,95.3426,7.35,0.0,1002.78827,100.0,2.8116899,0.0,55.0,55.0
2025-11-10 16:00:00+01:00,8.1,94.69521,7.3,0.0,1002.59283,100.0,4.846648,1.0,48.0,49.0
2025-11-10 17:00:00+01:00,7.65,95.65526,7.0,0.0,1002.17773,100.0,0.6489992,0.0,10.0,10.0
2025-11-10 18:00:00+01:00,6.8,97.62344,6.45,0.0,1002.2384,100.0,2.3400002,0.0,0.0,0.0
2025-11-10 19:00:00+01:00,6.9,100.0,6.9,0.0,1002.144,100.0,3.693291,0.0,0.0,0.0
2025-11-10 20:00:00+01:00,7.15,99.65835,7.1,0.0,1001.9578,100.0,5.3999996,0.0,0.0,0.0
2025-11-10 21:00:00+01:00,7.05,98.97733,6.9,0.0,1001.5585,100.0,5.8048253,0.0,0.0,0.0
2025-11-10 22:00:00+01:00,7.2,98.30271,6.95,0.0,1001.8613,100.0,7.841887,0.0,0.0,0.0
2025-11-10 23:00:00+01:00,6.85,97.960686,6.55,0.0,1001.84564,100.0,9.299225,0.0,0.0,0.0
2025-11-11 00:00:00+01:00,6.5,98.29325,6.25,0.0,1002.02734,100.0,9.686609,0.0,0.0,0.0
2025-11-11 01:00:00+01:00,6.6,97.61968,6.25,0.0,1001.93304,100.0,10.587918,0.0,0.0,0.0
2025-11-11 02:00:00+01:00,6.9,96.290855,6.35,0.0,1002.0453,100.0,12.033103,0.0,0.0,0.0
2025-11-11 03:00:00+01:00,7.15,95.309784,6.45,0.0,1001.9578,100.0,12.330985,0.0,0.0,0.0
2025-11-11 04:00:00+01:00,7.3,94.66212,6.5,0.0,1002.0632,98.0,10.316686,0.0,0.0,0.0
2025-11-11 05:00:00+01:00,6.8,96.28794,6.25,0.0,1002.33716,91.0,10.009036,0.0,0.0,0.0
2025-11-11 06:00:00+01:00,6.45,96.61096,5.95,0.0,1002.42017,99.0,10.8792095,0.0,0.0,0.0
2025-11-11 07:00:00+01:00,6.8,96.62029,6.3,0.0,1002.9296,100.0,11.362834,0.0,0.0,0.0
2025-11-11 08:00:00+01:00,7.2,95.96927,6.6,0.0,1003.44135,100.0,10.210936,0.0,3.0,3.0
2025-11-11 09:00:00+01:00,8.35,93.421165,7.35,0.0,1004.0853,100.0,9.688281,1.0,33.0,34.0
2025-11-11 10:00:00+01:00,9.2,91.57825,7.9,0.0,1004.5178,100.0,11.144021,2.0,62.0,64.0
2025-11-11 11:00:00+01:00,10.35,85.36368,8.0,0.0,1004.76624,96.0,13.33094,22.0,107.0,129.0
2025-11-11 12:00:00+01:00,11.6,76.71616,7.65,0.0,1004.6232,100.0,15.4642935,135.0,106.0,241.0
2025-11-11 13:00:00+01:00,11.55,80.720764,8.35,0.0,1004.5222,100.0,14.773164,44.0,131.0,175.0
2025-11-11 14:00:00+01:00,11.85,78.60315,8.25,0.0,1004.3379,100.0,13.324863,43.0,109.0,152.0
2025-11-11 15:00:00+01:00,11.9,78.87755,8.35,0.0,1004.0438,97.0,7.989242,24.0,90.0,114.0
2025-11-11 16:00:00+01:00,11.35,82.911125,8.55,0.0,1004.2174,100.0,5.414979,28.0,60.0,88.0
2025-11-11 17:00:00+01:00,9.7,87.35514,7.7,0.0,1004.24365,38.0,5.3999996,4.0,11.0,15.0
2025-11-11 18:00:00+01:00,8.65,87.85739,6.75,0.0,1004.39484,81.0,4.5891175,0.0,0.0,0.0
2025-11-11 19:00:00+01:00,8.3,88.12836,6.45,0.0,1004.4781,0.0,4.724786,0.0,0.0,0.0
2025-11-11 20:00:00+01:00,7.55,88.980095,5.85,0.0,1004.0496,73.0,3.8268526,0.0,0.0,0.0
2025-11-11 21:00:00+01:00,7.2,89.56965,5.6,0.0,1004.4289,98.0,1.1384199,0.0,0.0,0.0
2025-11-11 22:00:00+01:00,6.3,92.66989,5.2,0.0,1004.48737,65.0,1.9386592,0.0,0.0,0.0
2025-11-11 23:00:00+01:00,5.65,94.59289,4.85,0.0,1004.16144,94.0,0.9,0.0,0.0,0.0
2025-11-12 00:00:00+01:00,5.15,96.91361,4.7,0.0,1004.7312,98.0,1.0948973,0.0,0.0,0.0
2025-11-12 01:00:00+01:00,4.05,99.64974,4.0,0.0,1004.1874,95.0,3.2048087,0.0,0.0,0.0
2025-11-12 02:00:00+01:00,3.55,100.0,3.55,0.0,1003.96686,97.0,1.9134263,0.0,0.0,0.0
2025-11-12 03:00:00+01:00,3.35,100.0,3.35,0.0,1003.66144,100.0,0.8049845,0.0,0.0,0.0
2025-11-12 04:00:00+01:00,3.05,100.0,3.05,0.0,1003.6476,98.0,0.6489992,0.0,0.0,0.0
2025-11-12 05:00:00+01:00,2.7,100.0,2.7,0.0,1003.434,99.0,1.1525624,0.0,0.0,0.0
2025-11-12 06:00:00+01:00,2.15,100.0,2.15,0.0,1003.5073,100.0,0.71999997,0.0,0.0,0.0
2025-11-12 07:00:00+01:00,2.3,98.585625,2.1,0.0,1003.5143,100.0,1.0948973,0.0,0.0,0.0
2025-11-12 08:00:00+01:00,1.8,99.28769,1.7,0.0,1003.98456,100.0,2.4014995,1.0,3.0,4.0
2025-11-12 09:00:00+01:00,3.7,96.87778,3.25,0.0,1004.56616,100.0,5.12289,27.0,37.0,64.0
2025-11-12 10:00:00+01:00,5.15,95.90372,4.55,0.0,1004.5337,100.0,5.6060677,76.0,75.0,151.0
2025-11-12 11:00:00+01:00,6.75,89.84574,5.2,0.0,1004.6062,99.0,3.710795,115.0,113.0,228.0
2025-11-12 12:00:00+01:00,8.35,82.25119,5.5,0.0,1004.2829,100.0,4.3573384,165.0,123.0,288.0
2025-11-12 13:00:00+01:00,9.65,78.27051,6.05,0.0,1003.9451,98.0,2.907989,219.0,100.0,319.0
2025-11-12 14:00:00+01:00,10.6,74.7329,6.3,0.0,1003.4932,100.0,2.2768397,179.0,95.0,274.0
2025-11-12 15:00:00+01:00,10.85,74.77612,6.55,0.0,1002.81287,100.0,1.8,95.0,93.0,188.0
2025-11-12 16:00:00+01:00,9.8,80.47943,6.6,0.0,1002.4703,100.0,1.8089776,9.0,69.0,78.0
2025-11-12 17:00:00+01:00,8.65,80.31848,5.45,0.0,1002.2221,100.0,2.9024127,1.0,12.0,13.0
2025-11-12 18:00:00+01:00,8.2,83.380775,5.55,0.0,1002.3998,100.0,6.1305785,0.0,0.0,0.0
2025-11-12 19:00:00+01:00,7.4,90.51932,5.95,0.0,1002.36395,100.0,6.1094027,0.0,0.0,0.0
2025-11-12 20:00:00+01:00,5.7,94.265945,4.85,0.0,1002.3864,100.0,5.796447,0.0,0.0,0.0
2025-11-12 21:00:00+01:00,5.9,92.647156,4.8,0.0,1002.2966,100.0,2.8174455,0.0,0.0,0.0
2025-11-12 22:00:00+01:00,5.55,92.95157,4.5,0.0,1002.28076,99.0,2.8460498,0.0,0.0,0.0
2025-11-12 23:00:00+01:00,5.95,92.00615,4.75,0.0,1002.1012,99.0,8.149847,0.0,0.0,0.0
2025-11-13 00:00:00+01:00,6.55,90.77279,5.15,0.0,1002.0296,100.0,11.53265,0.0,0.0,0.0
2025-11-13 01:00:00+01:00,6.85,90.479485,5.4,0.0,1002.04315,99.0,10.837435,0.0,0.0,0.0
2025-11-13 02:00:00+01:00,6.45,89.822525,4.9,0.0,1001.92645,62.0,11.032987,0.0,0.0,0.0
2025-11-13 03:00:00+01:00,6.2,91.064926,4.85,0.0,1001.71765,22.0,11.276968,0.0,0.0,0.0
2025-11-13 04:00:00+01:00,6.0,92.009224,4.8,0.0,1001.7088,66.0,11.269782,0.0,0.0,0.0
2025-11-13 05:00:00+01:00,5.75,92.31569,4.6,0.0,1001.7962,52.0,11.13384,0.0,0.0,0.0
2025-11-13 06:00:00+01:00,5.45,92.62146,4.35,0.0,1001.78265,43.0,10.4493065,0.0,0.0,0.0
2025-11-13 07:00:00+01:00,4.75,94.55457,3.95,0.0,1001.5531,84.0,9.19939,0.0,0.0,0.0
2025-11-13 08:00:00+01:00,4.85,92.91308,3.8,0.0,1002.0515,73.0,13.121493,1.0,2.0,3.0
2025-11-13 09:00:00+01:00,6.0,92.33054,4.85,0.0,1002.4988,100.0,14.328949,42.0,30.0,72.0
2025-11-13 10:00:00+01:00,7.7,86.264366,5.55,0.0,1002.87115,100.0,13.864674,96.0,70.0,166.0
2025-11-13 11:00:00+01:00,9.2,83.50142,6.55,0.0,1003.1352,100.0,10.934166,104.0,116.0,220.0
2025-11-13 12:00:00+01:00,11.45,75.9105,7.35,0.0,1002.9375,98.0,9.5535755,159.0,123.0,282.0
2025-11-13 13:00:00+01:00,13.65,68.92282,8.05,0.0,1002.5387,100.0,8.461914,189.0,112.0,301.0
2025-11-13 14:00:00+01:00,14.4,68.146385,8.6,0.0,1001.9778,99.0,7.029225,186.0,89.0,275.0
2025-11-13 15:00:00+01:00,14.3,65.853905,8.0,0.0,1001.47974,99.0,13.229693,93.0,91.0,184.0
2025-11-13 16:00:00+01:00,13.15,68.353485,7.45,0.0,1001.5295,98.0,9.867218,39.0,55.0,94.0
2025-11-13 17:00:00+01:00,11.5,73.86964,7.0,0.0,1001.75446,95.0,7.001514,2.0,11.0,13.0
2025-11-13 18:00:00+01:00,10.65,75.777374,6.55,0.0,1002.014,91.0,6.6624317,0.0,0.0,0.0
2025-11-13 19:00:00+01:00,10.3,74.16666,5.9,0.0,1001.7022,83.0,4.0449967,0.0,0.0,0.0
2025-11-13 20:00:00+01:00,9.6,74.300415,5.25,0.0,1001.6713,98.0,3.563818,0.0,0.0,0.0
2025-11-13 21:00:00+01:00,9.6,76.39107,5.65,0.0,1001.86884,95.0,7.0107627,0.0,0.0,0.0
2025-11-13 22:00:00+01:00,8.65,81.43973,5.65,0.0,1001.432,100.0,6.638072,0.0,0.0,0.0
2025-11-13 23:00:00+01:00,9.55,82.68794,6.75,0.0,1001.07654,100.0,5.3999996,0.0,0.0,0.0
2025-11-14 00:00:00+01:00,10.25,79.44532,6.85,0.0,1000.90985,88.0,7.289444,0.0,0.0,0.0
2025-11-14 01:00:00+01:00,10.35,80.280525,7.1,0.0,1000.5192,99.0,1.0948973,0.0,0.0,0.0
2025-11-14 02:00:00+01:00,9.1,83.4894,6.45,0.0,999.87164,100.0,3.0652895,0.0,0.0,0.0
2025-11-14 03:00:00+01:00,8.65,84.01324,6.1,0.0,999.2593,100.0,2.19718,0.0,0.0,0.0
2025-11-14 04:00:00+01:00,8.3,86.02813,6.1,0.0,998.4538,100.0,3.8521678,0.0,0.0,0.0
2025-11-14 05:00:00+01:00,7.8,87.779915,5.9,0.0,998.3329,100.0,3.381893,0.0,0.0,0.0
2025-11-14 06:00:00+01:00,7.85,88.39291,6.05,0.0,998.2362,100.0,1.2727921,0.0,0.0,0.0
2025-11-14 07:00:00+01:00,7.4,95.31893,6.7,0.0,997.5249,100.0,1.1384199,0.0,0.0,0.0
2025-11-14 08:00:00+01:00,6.75,94.6392,5.95,0.0,997.5948,100.0,2.9024127,0.0,2.0,2.0
2025-11-14 09:00:00+01:00,8.05,91.504105,6.75,0.0,997.554,93.0,1.6299692,0.0,37.0,37.0
2025-11-14 10:00:00+01:00,9.35,87.621,7.4,0.0,997.611,100.0,6.0721655,31.0,86.0,117.0
2025-11-14 11:00:00+01:00,11.2,80.672844,8.0,0.0,997.5931,98.0,5.728979,81.0,128.0,209.0
2025-11-14 12:00:00+01:00,13.2,72.432304,8.35,0.0,997.38293,99.0,5.3517847,192.0,102.0,294.0
2025-11-14 13:00:00+01:00,13.85,65.9809,7.6,0.0,996.9165,100.0,4.186693,222.0,90.0,312.0
2025-11-14 14:00:00+01:00,14.55,62.629124,7.5,0.0,996.65,98.0,6.050785,175.0,87.0,262.0
2025-11-14 15:00:00+01:00,13.95,64.00608,7.25,0.0,996.13074,95.0,8.891343,56.0,100.0,156.0
2025-11-14 16:00:00+01:00,12.9,66.22793,6.75,0.0,996.08594,96.0,9.847496,18.0,54.0,72.0
2025-11-14 17:00:00+01:00,11.75,68.53557,6.15,0.0,996.2341,73.0,8.55142,3.0,8.0,11.0
2025-11-14 18:00:00+01:00,10.7,73.22036,6.1,0.0,996.485,98.0,5.896202,0.0,0.0,0.0
2025-11-14 19:00:00+01:00,11.3,73.58116,6.75,0.0,996.6098,100.0,6.037383,0.0,0.0,0.0
2025-11-14 20:00:00+01:00,10.9,75.81909,6.8,0.0,996.49347,98.0,2.9301877,0.0,0.0,0.0
2025-11-14 21:00:00+01:00,10.55,76.283615,6.55,0.0,996.5772,100.0,4.2481523,0.0,0.0,0.0
2025-11-14 22:00:00+01:00,10.1,79.4235,6.7,0.0,997.05133,100.0,5.2478566,0.0,0.0,0.0
2025-11-14 23:00:00+01:00,10.65,80.04861,7.35,0.0,997.37177,100.0,5.3517847,0.0,0.0,0.0
2025-11-15 00:00:00+01:00,10.1,83.32395,7.4,0.0,997.24884,100.0,4.6452556,0.0,0.0,0.0
2025-11-15 01:00:00+01:00,10.85,80.07685,7.55,0.0,997.1829,97.0,1.9386592,0.0,0.0,0.0
2025-11-15 02:00:00+01:00,9.9,80.770164,6.75,0.0,997.0425,100.0,1.659518,0.0,0.0,0.0
2025-11-15 03:00:00+01:00,10.4,80.83862,7.25,0.0,997.06445,100.0,2.34,0.0,0.0,0.0
2025-11-15 04:00:00+01:00,10.05,82.18623,7.15,0.0,997.14795,100.0,4.5572357,0.0,0.0,0.0
2025-11-15 05:00:00+01:00,10.15,81.918434,7.2,0.0,997.34985,100.0,3.362677,0.0,0.0,0.0
2025-11-15 06:00:00+01:00,10.25,82.21184,7.35,0.0,997.65045,100.0,3.9477081,0.0,0.0,0.0
2025-11-15 07:00:00+01:00,10.55,85.67523,8.25,0.0,997.4661,100.0,0.17999999,0.0,0.0,0.0
2025-11-15 08:00:00+01:00,10.5,85.961105,8.25,0.0,997.7603,98.0,2.36753,0.0,0.0,0.0
2025-11-15 09:00:00+01:00,10.1,90.71138,8.65,0.0,998.4341,100.0,3.096837,1.0,23.0,24.0
2025-11-15 10:00:00+01:00,10.7,89.53901,9.05,0.0,998.3616,100.0,3.9477081,0.0,46.0,46.0
2025-11-15 11:00:00+01:00,12.5,85.30584,10.1,0.0,998.63696,100.0,4.846648,6.0,97.0,103.0
2025-11-15 12:00:00+01:00,13.25,81.22219,10.1,0.0,998.3726,100.0,4.1125174,0.0,75.0,75.0
2025-11-15 13:00:00+01:00,14.3,84.375496,11.7,0.0,997.8247,100.0,5.7402787,0.0,58.0,58.0
2025-11-15 14:00:00+01:00,13.05,94.58192,12.2,0.9,997.7715,100.0,5.2478566,0.0,45.0,45.0
2025-11-15 15:00:00+01:00,12.75,96.773315,12.25,0.5,997.6598,100.0,3.8521678,5.0,45.0,50.0
2025-11-15 16:00:00+01:00,11.8,98.36295,11.55,0.2,997.12524,96.0,4.2481523,0.0,21.0,21.0
2025-11-15 17:00:00+01:00,10.9,97.69874,10.55,0.0,996.78973,24.0,4.2671766,2.0,5.0,7.0
2025-11-15 18:00:00+01:00,10.0,97.35535,9.6,0.0,996.8494,51.0,2.3051248,0.0,0.0,0.0
2025-11-15 19:00:00+01:00,10.9,95.12601,10.15,0.0,997.08606,94.0,1.3708391,0.0,0.0,0.0
2025-11-15 20:00:00+01:00,10.9,94.17674,10.0,0.0,997.08606,83.0,3.1072817,0.0,0.0,0.0
2025-11-15 21:00:00+01:00,10.3,96.06546,9.7,0.0,997.3564,98.0,7.689603,0.0,0.0,0.0
2025-11-15 22:00:00+01:00,10.6,97.36769,10.2,0.0,997.56714,100.0,9.505977,0.0,0.0,0.0
2025-11-15 23:00:00+01:00,10.4,98.01688,10.1,0.0,997.262,100.0,10.766949,0.0,0.0,0.0
2025-11-16 00:00:00+01:00,9.65,98.99817,9.5,0.0,997.0316,99.0,10.055864,0.0,0.0,0.0
2025-11-16 01:00:00+01:00,8.35,97.652336,8.0,0.0,997.0734,100.0,7.0107627,0.0,0.0,0.0
2025-11-16 02:00:00+01:00,8.6,97.32621,8.2,0.0,996.788,91.0,8.65873,0.0,0.0,0.0
2025-11-16 03:00:00+01:00,8.35,97.652336,8.0,0.0,996.48083,100.0,8.019601,0.0,0.0,0.0
2025-11-16 04:00:00+01:00,8.1,97.980736,7.8,0.0,996.1736,96.0,7.0107627,0.0,0.0,0.0
2025-11-16 05:00:00+01:00,7.6,98.64445,7.4,0.0,996.2501,1.0,9.5416975,0.0,0.0,0.0
2025-11-16 06:00:00+01:00,7.35,98.64174,7.15,0.0,996.33765,19.0,11.854062,0.0,0.0,0.0
2025-11-16 07:00:00+01:00,7.1,98.639046,6.9,0.0,996.22797,22.0,11.384198,0.0,0.0,0.0
2025-11-16 08:00:00+01:00,6.6,99.65685,6.55,0.0,996.20544,51.0,9.54,0.0,2.0,2.0
2025-11-16 09:00:00+01:00,7.35,97.96874,7.05,0.0,996.2389,85.0,7.7420926,24.0,31.0,55.0
2025-11-16 10:00:00+01:00,8.35,95.028984,7.6,0.0,996.0858,100.0,7.145796,51.0,74.0,125.0
2025-11-16 11:00:00+01:00,9.15,94.09794,8.25,0.0,995.9233,100.0,6.384293,73.0,99.0,172.0
2025-11-16 12:00:00+01:00,10.0,90.70437,8.55,0.0,995.5655,100.0,7.029225,68.0,136.0,204.0
2025-11-16 13:00:00+01:00,10.3,91.03208,8.9,0.0,994.6897,100.0,6.1226463,91.0,119.0,210.0
2025-11-16 14:00:00+01:00,11.05,87.776146,9.1,0.0,994.2283,100.0,6.279395,87.0,115.0,202.0
2025-11-16 15:00:00+01:00,11.3,86.33361,9.1,0.0,994.1405,83.0,6.0908127,71.0,81.0,152.0
2025-11-16 16:00:00+01:00,10.45,90.73587,9.0,0.0,994.0049,20.0,6.489992,50.0,38.0,88.0
2025-11-16 17:00:00+01:00,8.85,95.37148,8.15,0.0,993.6386,98.0,4.14,3.0,8.0,11.0
2025-11-16 18:00:00+01:00,8.2,96.32848,7.65,0.0,994.4004,98.0,5.7176566,0.0,0.0,0.0
2025-11-16 19:00:00+01:00,8.6,94.71574,7.8,0.0,994.51654,95.0,7.072878,0.0,0.0,0.0
2025-11-16 20:00:00+01:00,8.4,95.68061,7.75,0.0,994.40906,95.0,7.7879906,0.0,0.0,0.0
2025-11-16 21:00:00+01:00,8.3,95.67724,7.65,0.0,994.3059,58.0,6.279395,0.0,0.0,0.0
2025-11-16 22:00:00+01:00,8.45,94.70959,7.65,0.0,994.41125,100.0,5.5829024,0.0,0.0,0.0
2025-11-16 23:00:00+01:00,9.0,89.71063,7.4,0.0,994.3365,100.0,8.790563,0.0,0.0,0.0
2025-11-17 00:00:00+01:00,9.1,88.19921,7.25,0.0,994.53845,100.0,5.920878,0.0,0.0,0.0
2025-11-17 01:00:00+01:00,8.4,95.355286,7.7,0.2,994.8041,100.0,4.724786,0.0,0.0,0.0
2025-11-17 02:00:00+01:00,7.95,96.3213,7.4,0.6,994.88293,100.0,7.0568266,0.0,0.0,0.0
2025-11-17 03:00:00+01:00,7.25,95.64165,6.6,0.7,994.5557,100.0,10.594036,0.0,0.0,0.0
2025-11-17 04:00:00+01:00,6.7,95.95343,6.1,0.4,994.3339,100.0,9.6480665,0.0,0.0,0.0
2025-11-17 05:00:00+01:00,6.65,92.36894,5.5,0.4,995.0229,100.0,8.477216,0.0,0.0,0.0
2025-11-17 06:00:00+01:00,5.85,83.97685,3.35,0.1,995.57947,100.0,10.6261,0.0,0.0,0.0
2025-11-17 07:00:00+01:00,4.8,81.786095,1.95,0.0,995.6309,91.0,7.10031,0.0,0.0,0.0
2025-11-17 08:00:00+01:00,3.25,84.57342,0.9,0.0,995.75775,14.0,6.198903,0.0,1.0,1.0
2025-11-17 09:00:00+01:00,4.05,80.23078,0.95,0.0,996.48566,74.0,5.5916004,25.0,29.0,54.0
2025-11-17 10:00:00+01:00,5.4,75.95878,1.5,0.0,997.04034,91.0,3.0811036,46.0,67.0,113.0
2025-11-17 11:00:00+01:00,6.3,74.76823,2.15,0.0,997.3773,81.0,13.433838,14.0,115.0,129.0
2025-11-17 12:00:00+01:00,6.55,73.23121,2.1,0.0,997.487,73.0,15.3264475,32.0,110.0,142.0
2025-11-17 13:00:00+01:00,7.1,66.59792,1.3,0.0,998.00555,44.0,16.045261,136.0,89.0,225.0
2025-11-17 14:00:00+01:00,7.1,65.884575,1.15,0.0,998.3018,36.0,15.735336,60.0,110.0,170.0
2025-11-17 15:00:00+01:00,6.1,70.06708,1.05,0.1,999.54065,73.0,14.544401,93.0,66.0,159.0
2025-11-17 16:00:00+01:00,5.7,72.81193,1.2,0.0,1001.004,11.0,12.351987,23.0,49.0,72.0
2025-11-17 17:00:00+01:00,4.55,73.12307,0.15,0.0,1002.63043,2.0,11.345712,4.0,6.0,10.0
2025-11-17 18:00:00+01:00,3.65,77.04522,0.0,0.0,1003.97156,4.0,10.055864,0.0,0.0,0.0
2025-11-17 19:00:00+01:00,2.9,81.52994,0.05,0.0,1005.5166,3.0,8.217153,0.0,0.0,0.0
2025-11-17 20:00:00+01:00,2.65,82.687454,0.0,0.0,1006.59106,0.0,7.5685663,0.0,0.0,0.0
2025-11-17 21:00:00+01:00,2.25,83.846146,-0.2,0.0,1007.2635,1.0,6.854195,0.0,0.0,0.0
2025-11-17 22:00:00+01:00,1.3,87.480965,-0.55,0.0,1007.8116,0.0,4.6730714,0.0,0.0,0.0
2025-11-17 23:00:00+01:00,0.9,89.05321,-0.7,0.0,1008.0888,0.0,3.9312592,0.0,0.0,0.0
2025-11-18 00:00:00+01:00,0.45,91.65572,-0.75,0.0,1008.46246,0.0,3.4576871,0.0,0.0,0.0
2025-11-18 01:00:00+01:00,-0.15,92.62881,-1.2,0.0,1009.1253,0.0,4.1085763,0.0,0.0,0.0
2025-11-18 02:00:00+01:00,-0.75,94.31139,-1.55,0.0,1009.2939,0.0,3.6,0.0,0.0,0.0
2025-11-18 03:00:00+01:00,-0.9,95.349976,-1.55,0.0,1009.3857,96.0,4.3349743,0.0,0.0,0.0
2025-11-18 04:00:00+01:00,-1.0,96.40276,-1.5,0.0,1008.986,100.0,4.5820518,0.0,0.0,0.0
2025-11-18 05:00:00+01:00,-0.7,97.47587,-1.05,0.0,1009.19775,100.0,7.889259,0.0,0.0,0.0
2025-11-18 06:00:00+01:00,-0.75,98.190475,-1.0,0.0,1009.1951,98.0,7.406295,0.0,0.0,0.0
2025-11-18 07:00:00+01:00,-0.6,98.91211,-0.75,0.0,1009.3012,100.0,7.653705,0.0,0.0,0.0
2025-11-18 08:00:00+01:00,-0.75,99.27267,-0.85,0.0,1009.59,100.0,8.9873905,0.0,1.0,1.0
2025-11-18 09:00:00+01:00,-0.25,98.19786,-0.5,0.0,1009.9103,100.0,11.616626,8.0,32.0,40.0
2025-11-18 10:00:00+01:00,1.15,91.36946,-0.1,0.0,1009.9766,96.0,11.246759,31.0,79.0,110.0
2025-11-18 11:00:00+01:00,2.6,84.49799,0.25,0.0,1009.4521,61.0,8.281956,80.0,116.0,196.0
2025-11-18 12:00:00+01:00,3.9,77.64586,0.35,0.0,1008.72235,22.0,8.967541,185.0,96.0,281.0
2025-11-18 13:00:00+01:00,4.85,74.24321,0.65,0.0,1007.87744,34.0,10.233123,221.0,85.0,306.0
2025-11-18 14:00:00+01:00,5.35,71.7051,0.65,0.0,1007.209,64.0,13.115319,149.0,92.0,241.0
2025-11-18 15:00:00+01:00,5.55,70.462456,0.6,0.0,1006.1319,75.0,12.475961,57.0,79.0,136.0
2025-11-18 16:00:00+01:00,4.85,75.32116,0.85,0.0,1005.31006,29.0,8.731392,26.0,41.0,67.0
2025-11-18 17:00:00+01:00,3.1,80.96881,0.15,0.0,1004.53845,7.0,11.588701,4.0,5.0,9.0
2025-11-18 18:00:00+01:00,2.45,81.46851,-0.4,0.0,1004.2122,3.0,13.207634,0.0,0.0,0.0
2025-11-18 19:00:00+01:00,2.55,82.375046,-0.15,0.0,1004.01953,1.0,14.039999,0.0,0.0,0.0
2025-11-18 20:00:00+01:00,2.1,85.67477,-0.05,0.0,1003.7021,0.0,14.822429,0.0,0.0,0.0
2025-11-18 21:00:00+01:00,1.7,88.47715,0.0,0.0,1003.18994,58.0,13.70839,0.0,0.0,0.0
2025-11-18 22:00:00+01:00,1.3,90.71932,-0.05,0.0,1002.974,83.0,12.785069,0.0,0.0,0.0
2025-11-18 23:00:00+01:00,0.95,91.02437,-0.35,0.0,1002.2665,84.0,12.10157,0.0,0.0,0.0
2025-11-19 00:00:00+01:00,0.8,91.01381,-0.5,0.0,1001.6671,53.0,12.976239,0.0,0.0,0.0
2025-11-19 01:00:00+01:00,0.7,90.34565,-0.7,0.0,1001.5637,99.0,13.184308,0.0,0.0,0.0
2025-11-19 02:00:00+01:00,1.0,88.737686,-0.65,0.0,1001.084,100.0,12.74954,0.0,0.0,0.0
2025-11-19 03:00:00+01:00,1.15,88.10657,-0.6,0.0,1000.49884,100.0,12.397806,0.0,0.0,0.0
2025-11-19 04:00:00+01:00,1.35,87.80482,-0.45,0.0,999.5206,100.0,13.1041975,0.0,0.0,0.0
2025-11-19 05:00:00+01:00,1.6,85.62034,-0.55,0.0,998.9399,100.0,13.570615,0.0,0.0,0.0
2025-11-19 06:00:00+01:00,1.45,84.363235,-0.9,0.0,998.1431,100.0,15.410774,0.0,0.0,0.0
2025-11-19 07:00:00+01:00,1.35,89.09133,-0.25,0.1,997.74347,100.0,14.578888,0.0,0.0,0.0
2025-11-19 08:00:00+01:00,1.4,87.49058,-0.45,0.4,997.25244,100.0,17.088627,0.0,0.0,0.0
2025-11-19 09:00:00+01:00,1.35,88.76814,-0.3,0.5,996.9537,100.0,18.687086,0.0,10.0,10.0
2025-11-19 10:00:00+01:00,1.8,85.02129,-0.45,0.2,996.5798,100.0,16.595179,0.0,29.0,29.0
2025-11-19 11:00:00+01:00,2.45,81.46851,-0.4,0.0,996.21484,100.0,12.049249,8.0,90.0,98.0
2025-11-19 12:00:00+01:00,2.65,79.44714,-0.55,0.0,995.13794,100.0,11.588701,3.0,67.0,70.0
2025-11-19 13:00:00+01:00,3.0,80.36987,-0.05,0.0,994.5617,100.0,11.892265,9.0,90.0,99.0
2025-11-19 14:00:00+01:00,3.95,78.21696,0.5,0.0,993.71625,100.0,18.29459,10.0,101.0,111.0
2025-11-19 15:00:00+01:00,3.85,79.625755,0.65,0.0,993.1193,100.0,13.026081,4.0,81.0,85.0
2025-11-19 16:00:00+01:00,3.35,84.28126,0.95,0.1,992.60284,100.0,13.948548,0.0,14.0,14.0
2025-11-19 17:00:00+01:00,3.45,87.9995,1.65,0.1,991.8174,100.0,12.638512,0.0,2.0,2.0
2025-11-19 18:00:00+01:00,3.9,84.34573,1.5,0.0,991.24554,100.0,14.36621,0.0,0.0,0.0
2025-11-19 19:00:00+01:00,3.5,89.58998,1.95,0.1,991.12866,100.0,16.851885,0.0,0.0,0.0
2025-11-19 20:00:00+01:00,3.55,88.639786,1.85,0.1,991.03217,100.0,16.56489,0.0,0.0,0.0
2025-11-19 21:00:00+01:00,3.5,90.231415,2.05,0.1,990.635,100.0,15.577022,0.0,0.0,0.0
2025-11-19 22:00:00+01:00,3.5,90.553635,2.1,0.0,990.4375,100.0,15.858398,0.0,0.0,0.0
2025-11-19 23:00:00+01:00,3.6,90.883965,2.25,0.0,990.1456,100.0,16.019999,0.0,0.0,0.0
2025-11-20 00:00:00+01:00,3.5,90.553635,2.1,0.1,989.94385,80.0,15.405519,0.0,0.0,0.0
2025-11-20 01:00:00+01:00,3.55,94.50285,2.75,0.1,989.1561,38.0,20.366266,0.0,0.0,0.0
2025-11-20 02:00:00+01:00,2.85,95.14817,2.15,0.0,989.42065,100.0,15.83693,0.0,0.0,0.0
2025-11-20 03:00:00+01:00,3.4,93.16304,2.4,0.1,989.54425,100.0,16.925743,0.0,0.0,0.0
2025-11-20 04:00:00+01:00,3.5,92.837944,2.45,0.2,989.7464,100.0,15.518672,0.0,0.0,0.0
2025-11-20 05:00:00+01:00,3.3,92.4968,2.2,0.1,990.2308,100.0,13.450708,0.0,0.0,0.0
2025-11-20 06:00:00+01:00,2.65,90.4912,1.25,0.2,991.1886,100.0,14.869351,0.0,0.0,0.0
2025-11-20 07:00:00+01:00,2.55,92.78437,1.5,0.0,992.07275,99.0,16.293728,0.0,0.0,0.0
2025-11-20 08:00:00+01:00,2.6,87.60504,0.75,0.0,993.35846,89.0,13.737904,0.0,0.0,0.0
2025-11-20 09:00:00+01:00,2.65,85.11708,0.4,0.0,995.0392,100.0,10.957847,14.0,28.0,42.0
2025-11-20 10:00:00+01:00,3.15,79.23384,-0.1,0.0,996.3458,87.0,9.56713,35.0,72.0,107.0
2025-11-20 11:00:00+01:00,3.8,70.623665,-1.05,0.0,997.06647,88.0,8.171683,141.0,94.0,235.0
2025-11-20 12:00:00+01:00,4.3,61.97163,-2.35,0.0,997.6818,98.0,8.656858,199.0,95.0,294.0
2025-11-20 13:00:00+01:00,4.8,56.395348,-3.15,0.0,997.90204,100.0,10.962281,192.0,103.0,295.0
2025-11-20 14:00:00+01:00,4.65,56.14592,-3.35,0.0,998.19147,99.0,10.070353,66.0,118.0,184.0
2025-11-20 15:00:00+01:00,4.4,57.993248,-3.15,0.0,998.47644,100.0,8.373386,27.0,93.0,120.0
2025-11-20 16:00:00+01:00,3.7,71.64407,-0.95,0.0,998.93805,100.0,2.5959969,11.0,47.0,58.0
2025-11-20 17:00:00+01:00,2.75,68.1077,-2.55,0.0,999.48694,100.0,0.25455844,1.0,6.0,7.0
2025-11-20 18:00:00+01:00,1.9,72.891525,-2.45,0.0,999.9413,100.0,1.0182338,0.0,0.0,0.0
2025-11-20 19:00:00+01:00,1.1,80.98393,-1.8,0.0,1000.99,99.0,3.362677,0.0,0.0,0.0
2025-11-20 20:00:00+01:00,0.15,84.20885,-2.2,0.0,1001.2415,84.0,4.5,0.0,0.0,0.0
2025-11-20 21:00:00+01:00,-0.35,84.77497,-2.6,0.0,1001.7118,65.0,2.52,0.0,0.0,0.0
2025-11-20 22:00:00+01:00,-0.55,84.751755,-2.8,0.0,1002.09686,16.0,2.0124612,0.0,0.0,0.0
2025-11-20 23:00:00+01:00,-1.0,86.61121,-2.95,0.0,1002.3721,10.0,1.2074767,0.0,0.0,0.0
2025-11-21 00:00:00+01:00,-1.6,89.83509,-3.05,0.0,1002.5408,16.0,3.4576871,0.0,0.0,0.0
2025-11-21 01:00:00+01:00,-1.15,92.91231,-2.15,0.0,1003.1544,41.0,3.189608,0.0,0.0,0.0
2025-11-21 02:00:00+01:00,-0.95,94.30224,-1.75,0.0,1003.2626,34.0,2.657668,0.0,0.0,0.0
2025-11-21 03:00:00+01:00,-1.55,95.325455,-2.2,0.0,1003.82635,27.0,3.9966483,0.0,0.0,0.0
2025-11-21 04:00:00+01:00,-2.0,95.66221,-2.6,0.0,1004.10095,22.0,7.674842,0.0,0.0,0.0
2025-11-21 05:00:00+01:00,-2.2,93.54625,-3.1,0.0,1004.78253,9.0,7.3997297,0.0,0.0,0.0
2025-11-21 06:00:00+01:00,-2.25,91.47535,-3.45,0.0,1005.47095,0.0,7.4520864,0.0,0.0,0.0
2025-11-21 07:00:00+01:00,-2.15,89.122284,-3.7,0.0,1006.36414,12.0,7.889258,0.0,0.0,0.0
2025-11-21 08:00:00+01:00,-2.25,88.78082,-3.85,0.0,1007.14905,2.0,9.726664,0.0,0.0,0.0
2025-11-21 09:00:00+01:00,-1.55,87.20254,-3.4,0.0,1008.07104,0.0,10.589448,33.0,21.0,54.0
2025-11-21 10:00:00+01:00,-0.2,80.49956,-3.15,0.0,1008.6292,0.0,8.242743,124.0,43.0,167.0
2025-11-21 11:00:00+01:00,1.15,73.29211,-3.1,0.0,1009.1868,0.0,7.748368,207.0,54.0,261.0
2025-11-21 12:00:00+01:00,2.15,64.27594,-3.9,0.0,1009.3324,0.0,9.761578,258.0,59.0,317.0
2025-11-21 13:00:00+01:00,2.4,67.0282,-3.1,0.0,1009.7388,37.0,12.409561,265.0,60.0,325.0
2025-11-21 14:00:00+01:00,2.2,66.734764,-3.35,0.0,1010.0258,9.0,11.465024,212.0,65.0,277.0
2025-11-21 15:00:00+01:00,1.45,67.068306,-4.0,0.0,1010.38544,3.0,11.500296,149.0,52.0,201.0
2025-11-21 16:00:00+01:00,0.1,72.54669,-4.25,0.0,1011.30896,1.0,11.351422,61.0,33.0,94.0
2025-11-21 17:00:00+01:00,-1.35,77.9492,-4.7,0.0,1012.1281,0.0,12.362475,3.0,5.0,8.0
2025-11-21 18:00:00+01:00,-1.9,80.251335,-4.85,0.0,1012.7924,0.0,10.644379,0.0,0.0,0.0
2025-11-21 19:00:00+01:00,-1.9,84.911736,-4.1,0.0,1013.58215,0.0,10.730778,0.0,0.0,0.0
2025-11-21 20:00:00+01:00,-2.05,85.53424,-4.15,0.0,1014.26605,0.0,10.144082,0.0,0.0,0.0
2025-11-21 21:00:00+01:00,-2.2,86.162384,-4.2,0.0,1014.9497,0.0,9.19939,0.0,0.0,0.0
2025-11-21 22:00:00+01:00,-2.5,87.76483,-4.25,0.0,1015.3299,0.0,8.067936,0.0,0.0,0.0
2025-11-21 23:00:00+01:00,-2.8,88.73224,-4.4,0.0,1015.3152,0.0,6.269067,0.0,0.0,0.0
2025-11-22 00:00:00+01:00,-3.2,90.04453,-4.6,0.0,1015.4933,0.0,3.9518096,0.0,0.0,0.0
2025-11-22 01:00:00+01:00,-4.6,89.249756,-6.1,0.0,1016.01654,0.0,3.9518096,0.0,0.0,0.0
2025-11-22 02:00:00+01:00,-5.2,90.575806,-6.5,0.0,1015.9869,0.0,3.62243,0.0,0.0,0.0
2025-11-22 03:00:00+01:00,-5.55,91.94942,-6.65,0.0,1016.1667,0.0,3.2048087,0.0,0.0,0.0
2025-11-22 04:00:00+01:00,-5.8,93.35525,-6.7,0.0,1016.15424,0.0,2.1674871,0.0,0.0,0.0
2025-11-22 05:00:00+01:00,-6.15,96.24749,-6.65,0.0,1016.43317,1.0,1.3708391,0.0,0.0,0.0
2025-11-22 06:00:00+01:00,-6.25,96.24437,-6.75,0.0,1016.2305,97.0,0.9178235,0.0,0.0,0.0
2025-11-22 07:00:00+01:00,-7.15,95.47489,-7.75,0.0,1016.9748,99.0,1.3104197,0.0,0.0,0.0
2025-11-22 08:00:00+01:00,-7.3,95.839714,-7.85,0.0,1017.3619,100.0,1.4512063,0.0,0.0,0.0
2025-11-22 09:00:00+01:00,-6.7,94.39333,-7.45,0.0,1017.5896,99.0,0.17999999,11.0,26.0,37.0
2025-11-22 10:00:00+01:00,-5.6,87.463196,-7.35,0.0,1017.64484,100.0,0.40249225,23.0,75.0,98.0
2025-11-22 11:00:00+01:00,-3.95,80.56218,-6.8,0.0,1017.3319,54.0,1.484318,79.0,109.0,188.0
2025-11-22 12:00:00+01:00,-1.85,69.99151,-6.6,0.0,1016.4472,0.0,2.7534704,215.0,77.0,292.0
2025-11-22 13:00:00+01:00,-1.35,79.1327,-4.5,0.0,1015.9779,31.0,3.3043609,251.0,64.0,315.0
2025-11-22 14:00:00+01:00,-0.6,73.79043,-4.7,0.0,1015.42175,25.0,3.1845248,149.0,90.0,239.0
2025-11-22 15:00:00+01:00,-0.55,72.96952,-4.8,0.0,1014.8316,5.0,3.745557,141.0,53.0,194.0
2025-11-22 16:00:00+01:00,-1.55,79.7003,-4.6,0.0,1014.58624,0.0,4.080882,57.0,33.0,90.0
2025-11-22 17:00:00+01:00,-3.0,86.40228,-4.95,0.0,1014.12115,1.0,4.39436,3.0,4.0,7.0
2025-11-22 18:00:00+01:00,-3.3,88.35342,-4.95,0.0,1013.5144,16.0,4.471107,0.0,0.0,0.0
2025-11-22 19:00:00+01:00,-3.55,91.38643,-4.75,0.0,1013.4032,1.0,4.5891175,0.0,0.0,0.0
2025-11-22 20:00:00+01:00,-4.0,92.39828,-5.05,0.0,1013.0851,27.0,4.5322843,0.0,0.0,0.0
2025-11-22 21:00:00+01:00,-4.35,92.72773,-5.35,0.0,1012.57446,4.0,3.244996,0.0,0.0,0.0
2025-11-22 22:00:00+01:00,-4.6,93.41983,-5.5,0.0,1012.06854,10.0,1.6981165,0.0,0.0,0.0
2025-11-22 23:00:00+01:00,-4.9,95.55818,-5.5,0.0,1011.2643,23.0,1.2979984,0.0,0.0,0.0
2025-11-23 00:00:00+01:00,-5.15,96.64494,-5.6,0.0,1010.6597,2.0,1.2727921,0.0,0.0,0.0
2025-11-23 01:00:00+01:00,-6.1,97.73414,-6.4,0.0,1010.51385,87.0,1.8089776,0.0,0.0,0.0
2025-11-23 02:00:00+01:00,-6.55,96.60575,-7.0,0.0,1010.09686,84.0,2.0124612,0.0,0.0,0.0
2025-11-23 03:00:00+01:00,-6.6,95.12837,-7.25,0.0,1009.4034,55.0,2.6999998,0.0,0.0,0.0
2025-11-23 04:00:00+01:00,-6.4,94.40715,-7.15,0.0,1008.525,37.0,2.5455842,0.0,0.0,0.0
2025-11-23 05:00:00+01:00,-6.15,94.781906,-6.85,0.0,1007.94556,28.0,2.5582807,0.0,0.0,0.0
2025-11-23 06:00:00+01:00,-5.75,93.71638,-6.6,0.0,1007.4717,90.0,3.5455887,0.0,0.0,0.0
2025-11-23 07:00:00+01:00,-6.15,96.24749,-6.65,0.0,1007.156,100.0,2.3400002,0.0,0.0,0.0
2025-11-23 08:00:00+01:00,-6.1,95.88092,-6.65,0.0,1006.6648,97.0,2.0523157,0.0,0.0,0.0
2025-11-23 09:00:00+01:00,-5.55,93.368774,-6.45,0.0,1005.9024,100.0,2.2553935,18.0,17.0,35.0
2025-11-23 10:00:00+01:00,-4.35,84.30079,-6.6,0.0,1005.2705,100.0,2.8174455,43.0,57.0,100.0
2025-11-23 11:00:00+01:00,-3.25,73.28932,-7.35,0.0,1004.0407,60.0,4.186693,24.0,119.0,143.0
2025-11-23 12:00:00+01:00,-1.6,60.501366,-8.25,0.0,1002.837,20.0,4.7827187,147.0,112.0,259.0
2025-11-23 13:00:00+01:00,-1.25,62.736088,-7.45,0.0,1001.2741,7.0,5.0432134,165.0,100.0,265.0
2025-11-23 14:00:00+01:00,0.1,52.82342,-8.4,0.0,999.8571,100.0,5.297018,174.0,83.0,257.0
2025-11-23 15:00:00+01:00,0.6,48.999706,-8.9,0.0,998.79474,100.0,5.414979,9.0,79.0,88.0
2025-11-23 16:00:00+01:00,0.8,45.719906,-9.6,0.0,997.1258,100.0,7.6367526,1.0,19.0,20.0
2025-11-23 17:00:00+01:00,0.85,44.668106,-9.85,0.0,996.14075,100.0,11.542478,0.0,2.0,2.0
2025-11-23 18:00:00+01:00,1.0,47.052715,-9.05,0.5,994.6668,100.0,10.272623,0.0,0.0,0.0
2025-11-23 19:00:00+01:00,0.25,66.045906,-5.35,0.1,994.2369,100.0,10.739833,0.0,0.0,0.0
2025-11-23 20:00:00+01:00,0.1,74.47661,-3.9,0.3,993.04535,100.0,10.390226,0.0,0.0,0.0
2025-11-23 21:00:00+01:00,0.25,77.9155,-3.15,0.2,992.065,100.0,11.453715,0.0,0.0,0.0
2025-11-23 22:00:00+01:00,0.05,86.40014,-1.95,0.6,991.3646,100.0,12.330985,0.0,0.0,0.0
2025-11-23 23:00:00+01:00,0.3,91.64585,-0.9,0.6,990.2904,100.0,10.934166,0.0,0.0,0.0
2025-11-24 00:00:00+01:00,0.65,94.03273,-0.2,0.2,989.7143,100.0,10.883676,0.0,0.0,0.0
2025-11-24 01:00:00+01:00,0.25,97.49531,-0.1,0.2,989.6957,100.0,6.696387,0.0,0.0,0.0
2025-11-24 02:00:00+01:00,0.3,98.205925,0.05,0.0,988.9083,100.0,5.293959,0.0,0.0,0.0
2025-11-24 03:00:00+01:00,0.55,98.56538,0.35,0.0,989.01855,100.0,9.0,0.0,0.0,0.0
2025-11-24 04:00:00+01:00,0.7,97.85753,0.4,0.0,988.7295,100.0,8.536252,0.0,0.0,0.0
2025-11-24 05:00:00+01:00,0.35,98.20665,0.1,0.0,988.1208,100.0,7.42159,0.0,0.0,0.0
2025-11-24 06:00:00+01:00,0.2,97.494286,-0.15,0.0,987.8177,100.0,6.9480934,0.0,0.0,0.0
2025-11-24 07:00:00+01:00,0.95,98.57003,0.75,0.0,987.8524,100.0,6.279395,0.0,0.0,0.0
2025-11-24 08:00:00+01:00,1.5,98.576416,1.3,0.0,987.3843,100.0,7.040739,0.0,0.0,0.0
2025-11-24 09:00:00+01:00,2.15,98.232666,1.9,0.0,987.3153,100.0,8.019601,0.0,9.0,9.0
2025-11-24 10:00:00+01:00,2.75,98.24121,2.5,0.0,987.04645,100.0,8.827344,0.0,35.0,35.0
2025-11-24 11:00:00+01:00,3.4,96.87029,2.95,0.0,986.68085,100.0,7.329338,6.0,84.0,90.0
2025-11-24 12:00:00+01:00,3.95,95.8646,3.35,0.0,985.9158,100.0,6.5248446,2.0,109.0,111.0
2025-11-24 13:00:00+01:00,4.25,96.551384,3.75,0.0,985.7319,100.0,6.489992,20.0,132.0,152.0
2025-11-24 14:00:00+01:00,4.4,97.57765,4.05,0.0,985.3438,94.0,8.12197,16.0,78.0,94.0
2025-11-24 15:00:00+01:00,4.25,97.57476,3.9,0.0,984.94196,84.0,10.472535,26.0,63.0,89.0
2025-11-24 16:00:00+01:00,3.1,98.24617,2.85,0.1,984.89,48.0,10.315115,13.0,37.0,50.0
2025-11-24 17:00:00+01:00,2.15,97.882545,1.85,0.0,984.4521,41.0,7.9220443,1.0,3.0,4.0
2025-11-24 18:00:00+01:00,1.9,98.58103,1.7,0.0,984.8356,38.0,8.626865,0.0,0.0,0.0
2025-11-24 19:00:00+01:00,2.95,95.83157,2.35,0.0,985.37683,100.0,11.132385,0.0,0.0,0.0
2025-11-24 20:00:00+01:00,2.6,96.50568,2.1,0.0,985.5586,100.0,6.3639607,0.0,0.0,0.0
2025-11-24 21:00:00+01:00,1.95,96.833694,1.5,0.1,985.7263,98.0,6.391901,0.0,0.0,0.0
2025-11-24 22:00:00+01:00,2.3,95.12689,1.6,0.0,985.7425,47.0,3.319036,0.0,0.0,0.0
2025-11-24 23:00:00+01:00,1.95,96.14225,1.4,0.0,985.7263,59.0,4.080882,0.0,0.0,0.0
2025-11-25 00:00:00+01:00,1.4,98.22189,1.15,0.0,986.0962,28.0,7.029225,0.0,0.0,0.0
2025-11-25 01:00:00+01:00,1.75,98.932785,1.6,0.0,986.4083,62.0,7.0591216,0.0,0.0,0.0
2025-11-25 02:00:00+01:00,1.65,98.93192,1.5,0.0,986.4037,86.0,6.638072,0.0,0.0,0.0
2025-11-25 03:00:00+01:00,1.9,98.229095,1.65,0.0,986.7114,57.0,6.638072,0.0,0.0,0.0
2025-11-25 04:00:00+01:00,1.6,96.47753,1.1,0.0,986.8949,64.0,5.1919937,0.0,0.0,0.0
2025-11-25 05:00:00+01:00,1.55,94.0753,0.7,0.0,986.99146,100.0,1.2074767,0.0,0.0,0.0
2025-11-25 06:00:00+01:00,1.3,95.77623,0.7,0.0,987.57245,100.0,1.2074767,0.0,0.0,0.0
2025-11-25 07:00:00+01:00,1.5,100.0,1.5,0.0,987.8779,100.0,2.4014995,0.0,0.0,0.0
2025-11-25 08:00:00+01:00,1.45,99.64226,1.4,0.0,988.369,100.0,2.8460495,0.0,0.0,0.0
2025-11-25 09:00:00+01:00,1.95,100.0,1.95,0.0,989.18195,100.0,7.193247,5.0,17.0,22.0
2025-11-25 10:00:00+01:00,2.9,97.2025,2.5,0.0,990.1139,100.0,5.5450516,7.0,74.0,81.0
2025-11-25 11:00:00+01:00,3.35,96.185165,2.8,0.0,990.9243,100.0,6.1305785,1.0,60.0,61.0
2025-11-25 12:00:00+01:00,3.7,95.85638,3.1,0.0,990.9402,100.0,5.876938,0.0,53.0,53.0
2025-11-25 13:00:00+01:00,5.4,91.00981,4.05,0.0,991.4118,100.0,3.2048087,3.0,94.0,97.0
2025-11-25 14:00:00+01:00,5.85,89.1492,4.2,0.0,991.7283,96.0,4.7110505,44.0,113.0,157.0
2025-11-25 15:00:00+01:00,6.0,85.78715,3.8,0.0,992.2289,98.0,5.09435,36.0,86.0,122.0
2025-11-25 16:00:00+01:00,5.15,91.312836,3.85,0.0,992.9805,72.0,3.0652893,3.0,34.0,37.0
2025-11-25 17:00:00+01:00,4.0,93.195114,3.0,0.0,993.7187,100.0,4.2366967,0.0,3.0,3.0
2025-11-25 18:00:00+01:00,4.8,91.61151,3.55,0.0,994.7423,100.0,5.9399996,0.0,0.0,0.0
2025-11-25 19:00:00+01:00,2.9,95.150085,2.2,0.0,995.4456,88.0,3.4949677,0.0,0.0,0.0
2025-11-25 20:00:00+01:00,2.3,96.84259,1.85,0.1,995.91187,95.0,5.4119864,0.0,0.0,0.0
2025-11-25 21:00:00+01:00,2.25,96.84132,1.8,0.0,996.60046,96.0,5.8298883,0.0,0.0,0.0
2025-11-25 22:00:00+01:00,2.15,95.804886,1.55,0.0,997.1885,99.0,6.424764,0.0,0.0,0.0
2025-11-25 23:00:00+01:00,1.65,95.444275,1.0,0.0,997.6589,100.0,5.7852573,0.0,0.0,0.0
2025-11-26 00:00:00+01:00,1.8,95.10744,1.1,0.0,998.5544,80.0,5.7628117,0.0,0.0,0.0
2025-11-26 01:00:00+01:00,1.95,95.79818,1.35,0.0,999.055,38.0,6.519877,0.0,0.0,0.0
2025-11-26 02:00:00+01:00,3.15,94.485435,2.35,0.0,999.6042,62.0,10.837435,0.0,0.0,0.0
2025-11-26 03:00:00+01:00,3.0,95.49305,2.35,0.0,1000.3871,91.0,12.399112,0.0,0.0,0.0
2025-11-26 04:00:00+01:00,2.7,94.803535,1.95,0.0,1000.7682,83.0,11.616627,0.0,0.0,0.0
2025-11-26 05:00:00+01:00,2.65,94.801476,1.9,0.0,1001.2594,100.0,9.734988,0.0,0.0,0.0
2025-11-26 06:00:00+01:00,2.85,94.80972,2.1,0.0,1002.25616,81.0,11.555103,0.0,0.0,0.0
2025-11-26 07:00:00+01:00,2.8,94.80766,2.05,0.0,1002.64856,20.0,12.601285,0.0,0.0,0.0
2025-11-26 08:00:00+01:00,2.45,96.50148,1.95,0.0,1003.71857,100.0,12.661564,0.0,0.0,0.0
2025-11-26 09:00:00+01:00,2.65,95.82161,2.05,0.0,1004.81384,70.0,13.638489,10.0,20.0,30.0
2025-11-26 10:00:00+01:00,3.15,88.6049,1.45,0.0,1005.72577,58.0,13.8049555,30.0,58.0,88.0
2025-11-26 11:00:00+01:00,3.75,83.12624,1.15,0.0,1006.3457,100.0,14.178928,53.0,89.0,142.0
2025-11-26 12:00:00+01:00,4.25,78.82955,0.9,0.0,1006.46747,100.0,12.351988,85.0,87.0,172.0
2025-11-26 13:00:00+01:00,4.75,75.57558,0.8,0.0,1006.49023,50.0,11.003581,105.0,99.0,204.0
2025-11-26 14:00:00+01:00,5.25,70.913155,0.4,0.0,1007.0071,92.0,10.134496,90.0,83.0,173.0
2025-11-26 15:00:00+01:00,5.25,67.16,-0.35,0.0,1007.2046,100.0,9.266067,9.0,79.0,88.0
2025-11-26 16:00:00+01:00,4.55,75.26898,0.55,0.0,1007.8638,100.0,7.289445,0.0,22.0,22.0
2025-11-26 17:00:00+01:00,3.85,81.365456,0.95,0.0,1008.42395,100.0,6.6185193,0.0,2.0,2.0
2025-11-26 18:00:00+01:00,3.45,84.59651,1.1,0.0,1008.99774,92.0,4.7928696,0.0,0.0,0.0
2025-11-26 19:00:00+01:00,2.85,88.26099,1.1,0.0,1009.6613,100.0,3.2048087,0.0,0.0,0.0
2025-11-26 20:00:00+01:00,2.8,88.256485,1.05,0.0,1010.34985,100.0,4.1046314,0.0,0.0,0.0
2025-11-26 21:00:00+01:00,2.35,89.497215,0.8,0.0,1010.7239,99.0,3.9477081,0.0,0.0,0.0
2025-11-26 22:00:00+01:00,2.1,90.45048,0.7,0.0,1011.00824,88.0,2.907989,0.0,0.0,0.0
2025-11-26 23:00:00+01:00,1.3,92.71295,0.25,0.0,1010.8722,95.0,1.0495713,0.0,0.0,0.0
2025-11-27 00:00:00+01:00,1.15,93.04072,0.15,0.0,1011.16125,100.0,0.17999999,0.0,0.0,0.0
2025-11-27 01:00:00+01:00,2.05,92.0909,0.9,0.0,1011.40106,100.0,1.3104197,0.0,0.0,0.0
2025-11-27 02:00:00+01:00,2.8,89.85551,1.3,0.0,1011.04095,100.0,1.0182338,0.0,0.0,0.0
2025-11-27 03:00:00+01:00,2.35,89.82013,0.85,0.0,1010.9213,65.0,2.1897945,0.0,0.0,0.0
2025-11-27 04:00:00+01:00,1.7,91.73733,0.5,0.0,1010.5946,80.0,4.412754,0.0,0.0,0.0
2025-11-27 05:00:00+01:00,1.25,92.37501,0.15,0.0,1010.7708,100.0,5.315336,0.0,0.0,0.0
2025-11-27 06:00:00+01:00,1.95,92.41693,0.85,0.0,1011.00134,100.0,7.4520864,0.0,0.0,0.0
2025-11-27 07:00:00+01:00,2.55,92.12184,1.4,0.0,1010.93085,99.0,8.709098,0.0,0.0,0.0
2025-11-27 08:00:00+01:00,2.6,89.51749,1.05,0.0,1011.13055,95.0,9.708326,0.0,0.0,0.0
2025-11-27 09:00:00+01:00,2.45,87.27528,0.55,0.0,1011.41974,24.0,10.534229,13.0,17.0,30.0
2025-11-27 10:00:00+01:00,3.35,81.88617,0.55,0.0,1011.7578,41.0,10.1887,79.0,50.0,129.0
2025-11-27 11:00:00+01:00,4.2,76.30395,0.4,0.0,1011.40234,95.0,11.090103,180.0,54.0,234.0
2025-11-27 12:00:00+01:00,4.9,72.92439,0.45,0.0,1010.842,100.0,12.688404,173.0,85.0,258.0
2025-11-27 13:00:00+01:00,5.7,68.48603,0.35,0.0,1010.385,100.0,16.276815,88.0,123.0,211.0
2025-11-27 14:00:00+01:00,6.15,65.434975,0.15,0.0,1010.10913,100.0,17.823637,108.0,91.0,199.0
2025-11-27 15:00:00+01:00,6.15,64.02677,-0.15,0.0,1009.8128,100.0,14.88242,36.0,80.0,116.0
2025-11-27 16:00:00+01:00,5.25,71.42737,0.5,0.0,1009.8707,100.0,12.093535,1.0,35.0,36.0
2025-11-27 17:00:00+01:00,4.95,72.147446,0.35,0.0,1009.9554,100.0,11.534054,0.0,2.0,2.0
2025-11-27 18:00:00+01:00,4.85,72.91502,0.4,0.0,1010.0498,100.0,12.074766,0.0,0.0,0.0
2025-11-27 19:00:00+01:00,4.65,78.04549,1.15,0.1,1010.33685,100.0,12.409561,0.0,0.0,0.0
2025-11-27 20:00:00+01:00,4.3,82.01246,1.5,0.1,1010.5182,100.0,14.256409,0.0,0.0,0.0
2025-11-27 21:00:00+01:00,4.0,84.963104,1.7,0.1,1010.6032,100.0,14.169785,0.0,0.0,0.0
2025-11-27 22:00:00+01:00,3.85,87.41024,1.95,0.2,1010.5962,100.0,14.007655,0.0,0.0,0.0
2025-11-27 23:00:00+01:00,3.75,88.657166,2.05,0.2,1010.2952,100.0,14.092978,0.0,0.0,0.0
2025-11-28 00:00:00+01:00,3.65,90.5646,2.25,0.1,1010.3895,100.0,13.203954,0.0,0.0,0.0
2025-11-28 01:00:00+01:00,3.6,88.644135,1.9,0.0,1010.18945,100.0,13.141232,0.0,0.0,0.0
2025-11-28 02:00:00+01:00,3.8,87.093925,1.85,0.0,1009.50757,100.0,13.121493,0.0,0.0,0.0
2025-11-28 03:00:00+01:00,3.8,87.093925,1.85,0.0,1009.50757,100.0,11.4862,0.0,0.0,0.0
2025-11-28 04:00:00+01:00,3.8,87.40546,1.9,0.0,1009.1126,100.0,11.032987,0.0,0.0,0.0
2025-11-28 05:00:00+01:00,3.8,87.71798,1.95,0.0,1008.8164,100.0,11.334285,0.0,0.0,0.0
2025-11-28 06:00:00+01:00,3.8,87.71798,1.95,0.0,1008.6189,100.0,10.962281,0.0,0.0,0.0
2025-11-28 07:00:00+01:00,3.7,90.24648,2.25,0.0,1008.6144,100.0,10.304114,0.0,0.0,0.0
2025-11-28 08:00:00+01:00,3.75,89.92962,2.25,0.0,1008.4192,100.0,10.32924,0.0,0.0,0.0
2025-11-28 09:00:00+01:00,4.0,88.36378,2.25,0.0,1008.5297,100.0,11.276967,0.0,7.0,7.0
2025-11-28 10:00:00+01:00,4.5,86.85315,2.5,0.0,1008.45374,100.0,12.801531,4.0,22.0,26.0
2025-11-28 11:00:00+01:00,4.85,86.887856,2.85,0.0,1008.27234,100.0,10.304114,0.0,47.0,47.0
2025-11-28 12:00:00+01:00,5.05,86.907616,3.05,0.0,1007.3928,100.0,10.7894945,0.0,47.0,47.0
2025-11-28 13:00:00+01:00,5.15,85.091805,2.85,0.0,1006.8048,100.0,8.260411,1.0,66.0,67.0
2025-11-28 14:00:00+01:00,5.45,84.824776,3.1,0.0,1006.02875,100.0,8.383054,0.0,56.0,56.0
2025-11-28 15:00:00+01:00,5.7,84.2561,3.25,0.0,1005.44763,100.0,7.8583965,1.0,53.0,54.0
2025-11-28 16:00:00+01:00,5.55,84.83606,3.2,0.0,1005.24316,100.0,10.644379,0.0,21.0,21.0
2025-11-28 17:00:00+01:00,5.4,86.63596,3.35,0.0,1005.1376,100.0,11.103243,0.0,1.0,1.0
2025-11-28 18:00:00+01:00,5.65,87.580696,3.75,0.0,1004.6552,100.0,11.431062,0.0,0.0,0.0
2025-11-28 19:00:00+01:00,5.3,93.91893,4.4,0.0,1004.8368,100.0,11.052058,0.0,0.0,0.0
2025-11-28 20:00:00+01:00,5.15,97.592094,4.8,0.9,1004.7312,100.0,11.351422,0.0,0.0,0.0
2025-11-28 21:00:00+01:00,5.5,96.249695,4.95,0.0,1004.5498,100.0,12.313894,0.0,0.0,0.0
2025-11-28 22:00:00+01:00,5.45,98.278915,5.2,0.1,1004.25134,100.0,11.48761,0.0,0.0,0.0
2025-11-28 23:00:00+01:00,5.5,98.9646,5.35,0.1,1003.7598,100.0,11.183201,0.0,0.0,0.0
2025-11-29 00:00:00+01:00,5.7,98.966255,5.55,0.0,1003.17645,100.0,11.4862,0.0,0.0,0.0
2025-11-29 01:00:00+01:00,5.5,98.621574,5.3,0.0,1003.2661,100.0,10.587918,0.0,0.0,0.0
2025-11-29 02:00:00+01:00,5.6,99.30923,5.5,0.1,1003.17175,100.0,10.571074,0.0,0.0,0.0
2025-11-29 03:00:00+01:00,5.8,98.96709,5.65,0.1,1002.8845,100.0,9.686609,0.0,0.0,0.0
2025-11-29 04:00:00+01:00,5.75,99.31007,5.65,0.0,1002.5862,100.0,7.8954163,0.0,0.0,0.0
2025-11-29 05:00:00+01:00,5.8,99.31033,5.7,0.0,1002.29205,100.0,7.386582,0.0,0.0,0.0
2025-11-29 06:00:00+01:00,5.85,99.310616,5.75,0.0,1002.39307,100.0,6.8423676,0.0,0.0,0.0
2025-11-29 07:00:00+01:00,5.9,99.65491,5.85,0.0,1002.2966,100.0,6.638072,0.0,0.0,0.0
2025-11-29 08:00:00+01:00,6.0,99.31144,5.9,0.0,1002.4,100.0,7.44121,0.0,0.0,0.0
2025-11-29 09:00:00+01:00,6.25,99.65588,6.2,0.0,1002.31226,100.0,7.3997297,0.0,6.0,6.0
2025-11-29 10:00:00+01:00,6.95,97.962296,6.65,0.0,1001.7513,100.0,9.016185,0.0,29.0,29.0
2025-11-29 11:00:00+01:00,7.9,95.33716,7.2,0.0,1001.5962,100.0,9.504273,7.0,63.0,70.0
2025-11-29 12:00:00+01:00,8.65,92.17026,7.45,0.0,1000.8395,100.0,13.53236,56.0,95.0,151.0
2025-11-29 13:00:00+01:00,8.15,94.37426,7.3,0.0,1000.4224,100.0,10.096059,0.0,58.0,58.0
2025-11-29 14:00:00+01:00,8.65,91.23067,7.3,0.0,999.85187,100.0,11.090103,0.0,58.0,58.0
2025-11-29 15:00:00+01:00,9.0,89.71063,7.4,0.0,999.37335,100.0,9.9571085,26.0,72.0,98.0
2025-11-29 16:00:00+01:00,8.45,91.21729,7.1,0.0,999.0529,100.0,9.208192,8.0,27.0,35.0
2025-11-29 17:00:00+01:00,8.3,92.14926,7.1,0.0,998.75006,100.0,8.641874,0.0,2.0,2.0
2025-11-29 18:00:00+01:00,8.05,93.08656,7.0,0.0,998.5416,100.0,8.669949,0.0,0.0,0.0
2025-11-29 19:00:00+01:00,8.55,93.11311,7.5,0.0,998.2672,100.0,10.993271,0.0,0.0,0.0
2025-11-29 20:00:00+01:00,9.0,91.25395,7.65,0.0,998.18823,100.0,10.478722,0.0,0.0,0.0
2025-11-29 21:00:00+01:00,9.15,90.64447,7.7,0.0,997.8985,100.0,9.5196,0.0,0.0,0.0
2025-11-29 22:00:00+01:00,9.05,91.25728,7.7,0.0,997.89417,100.0,8.905908,0.0,0.0,0.0
2025-11-29 23:00:00+01:00,8.95,92.502594,7.8,0.1,997.791,100.0,8.490582,0.0,0.0,0.0
2025-11-30 00:00:00+01:00,8.55,93.4313,7.55,0.0,997.6747,99.0,7.989243,0.0,0.0,0.0
2025-11-30 01:00:00+01:00,7.45,94.34362,6.6,0.0,997.7249,99.0,8.035746,0.0,0.0,0.0
2025-11-30 02:00:00+01:00,7.2,94.98429,6.45,0.0,997.41736,99.0,7.186487,0.0,0.0,0.0
2025-11-30 03:00:00+01:00,6.65,95.62111,6.0,0.0,997.29425,100.0,5.994297,0.0,0.0,0.0
2025-11-30 04:00:00+01:00,6.85,95.62799,6.2,0.0,997.40173,100.0,10.182337,0.0,0.0,0.0
2025-11-30 05:00:00+01:00,6.85,95.95819,6.25,0.0,997.5005,100.0,11.1090765,0.0,0.0,0.0
2025-11-30 06:00:00+01:00,6.15,96.93798,5.7,0.0,997.76544,100.0,11.132385,0.0,0.0,0.0
2025-11-30 07:00:00+01:00,6.4,97.953384,6.1,0.0,997.6779,100.0,8.641874,0.0,0.0,0.0
2025-11-30 08:00:00+01:00,6.5,97.6178,6.15,0.1,998.0773,100.0,8.149847,0.0,0.0,0.0
2025-11-30 09:00:00+01:00,6.75,97.28697,6.35,0.1,998.77985,100.0,9.840914,0.0,7.0,7.0
2025-11-30 10:00:00+01:00,6.65,98.634155,6.45,0.3,999.1705,100.0,9.179999,0.0,11.0,11.0
2025-11-30 11:00:00+01:00,6.7,99.315285,6.6,0.3,999.46893,100.0,8.39657,0.0,28.0,28.0
2025-11-30 12:00:00+01:00,6.95,98.97652,6.8,0.5,999.87494,100.0,8.92408,0.0,41.0,41.0
2025-11-30 13:00:00+01:00,6.45,98.63198,6.25,0.5,1000.0502,100.0,7.8480825,0.0,48.0,48.0
2025-11-30 14:00:00+01:00,7.1,96.96087,6.65,0.2,1000.1781,100.0,7.3997297,1.0,74.0,75.0
2025-11-30 15:00:00+01:00,7.05,97.62814,6.7,0.0,1000.4721,100.0,7.7650757,0.0,39.0,39.0
2025-11-30 16:00:00+01:00,6.8,99.31582,6.7,0.1,1000.9546,100.0,7.5019197,0.0,14.0,14.0
2025-11-30 17:00:00+01:00,6.65,98.97407,6.5,0.1,1001.343,100.0,8.688613,0.0,1.0,1.0
2025-11-30 18:00:00+01:00,6.2,98.28918,5.95,0.1,1002.0139,95.0,9.734988,0.0,0.0,0.0
2025-11-30 19:00:00+01:00,6.0,96.93435,5.55,0.1,1002.79504,75.0,10.514218,0.0,0.0,0.0
2025-11-30 20:00:00+01:00,5.45,97.25888,5.05,0.0,1003.36255,100.0,9.016185,0.0,0.0,0.0
2025-11-30 21:00:00+01:00,5.4,95.24499,4.7,0.0,1004.24884,100.0,7.555712,0.0,0.0,0.0
2025-11-30 22:00:00+01:00,5.1,94.56953,4.3,0.0,1005.12396,74.0,7.3799996,0.0,0.0,0.0
2025-11-30 23:00:00+01:00,4.1,93.53045,3.15,0.0,1005.7693,17.0,6.122647,0.0,0.0,0.0
2025-12-01 00:00:00+01:00,2.9,93.80321,2.0,0.0,1006.50397,13.0,5.7176566,0.0,0.0,0.0
2025-12-01 01:00:00+01:00,1.7,95.10353,1.0,0.0,1007.0404,37.0,7.4932766,0.0,0.0,0.0
2025-12-01 02:00:00+01:00,1.35,96.12363,0.8,0.0,1007.32007,92.0,6.297428,0.0,0.0,0.0
2025-12-01 03:00:00+01:00,1.8,96.48319,1.3,0.0,1007.53876,33.0,7.562142,0.0,0.0,0.0
2025-12-01 04:00:00+01:00,1.75,96.48177,1.25,0.0,1007.4378,98.0,8.738811,0.0,0.0,0.0
2025-12-01 05:00:00+01:00,1.65,95.78806,1.05,0.0,1007.33435,97.0,8.707237,0.0,0.0,0.0
2025-12-01 06:00:00+01:00,1.45,95.43697,0.8,0.0,1007.7198,91.0,9.449572,0.0,0.0,0.0
2025-12-01 07:00:00+01:00,1.1,94.73694,0.35,0.0,1007.9996,21.0,9.984729,0.0,0.0,0.0
2025-12-01 08:00:00+01:00,0.3,96.09074,-0.25,0.0,1008.258,9.0,9.178235,0.0,0.0,0.0
2025-12-01 09:00:00+01:00,0.4,96.44331,-0.1,0.0,1008.65765,0.0,8.936778,15.0,14.0,29.0
2025-12-01 10:00:00+01:00,1.75,92.73878,0.7,0.0,1008.82,9.0,7.689603,86.0,40.0,126.0
2025-12-01 11:00:00+01:00,2.95,87.63814,1.1,0.0,1008.57965,8.0,8.037761,164.0,53.0,217.0
2025-12-01 12:00:00+01:00,4.2,80.83095,1.2,0.0,1007.94635,92.0,7.327127,208.0,62.0,270.0
2025-12-01 13:00:00+01:00,4.65,77.48661,1.05,0.0,1007.3746,94.0,6.5520988,177.0,86.0,263.0
2025-12-01 14:00:00+01:00,5.35,74.06638,1.1,0.0,1006.51776,91.0,7.229191,179.0,63.0,242.0
2025-12-01 15:00:00+01:00,5.25,73.78244,0.95,0.0,1006.0196,77.0,6.8423676,107.0,56.0,163.0
2025-12-01 16:00:00+01:00,3.95,80.7959,0.95,0.0,1005.76245,91.0,5.1544156,42.0,30.0,72.0
2025-12-01 17:00:00+01:00,2.5,84.48634,0.15,0.0,1005.49805,23.0,5.720489,1.0,3.0,4.0
2025-12-01 18:00:00+01:00,1.5,86.550224,-0.5,0.0,1005.1554,27.0,5.6262593,0.0,0.0,0.0
2025-12-01 19:00:00+01:00,0.8,88.396805,-0.9,0.0,1005.22125,95.0,5.2416787,0.0,0.0,0.0
2025-12-01 20:00:00+01:00,0.15,89.31633,-1.4,0.0,1004.8942,81.0,3.6,0.0,0.0,0.0
2025-12-01 21:00:00+01:00,-0.25,90.273544,-1.65,0.0,1004.38196,80.0,2.0124612,0.0,0.0,0.0
2025-12-01 22:00:00+01:00,-0.55,90.91791,-1.85,0.0,1003.97253,71.0,2.1897945,0.0,0.0,0.0
2025-12-01 23:00:00+01:00,-0.8,91.57292,-2.0,0.0,1003.2699,80.0,2.36753,0.0,0.0,0.0
2025-12-02 00:00:00+01:00,-0.85,91.90784,-2.0,0.0,1002.5763,89.0,2.5772078,0.0,0.0,0.0
2025-12-02 01:00:00+01:00,-0.75,92.593575,-1.8,0.0,1002.67975,99.0,1.9134263,0.0,0.0,0.0
2025-12-02 02:00:00+01:00,-0.75,92.593575,-1.8,0.0,1002.18616,100.0,1.5484185,0.0,0.0,0.0
2025-12-02 03:00:00+01:00,-0.85,93.96075,-1.7,0.0,1001.78656,100.0,1.609969,0.0,0.0,0.0
2025-12-02 04:00:00+01:00,-0.95,95.34808,-1.6,0.0,1001.28827,100.0,1.0948973,0.0,0.0,0.0
2025-12-02 05:00:00+01:00,-1.1,95.69376,-1.7,0.0,1001.3802,100.0,2.1674871,0.0,0.0,0.0
2025-12-02 06:00:00+01:00,-1.25,96.75063,-1.7,0.0,1001.37286,100.0,4.1046314,0.0,0.0,0.0
2025-12-02 07:00:00+01:00,-1.05,98.54646,-1.25,0.0,1001.87585,100.0,5.876938,0.0,0.0,0.0
2025-12-02 08:00:00+01:00,-1.4,98.542274,-1.6,0.0,1002.1554,100.0,4.4565907,0.0,0.0,0.0
2025-12-02 09:00:00+01:00,-0.75,98.55004,-0.95,0.0,1002.3836,100.0,4.5820518,3.0,16.0,19.0
2025-12-02 10:00:00+01:00,-0.05,95.73014,-0.65,0.0,1002.8118,100.0,7.7734165,24.0,53.0,77.0
2025-12-02 11:00:00+01:00,0.95,92.02219,-0.2,0.0,1002.6613,100.0,6.6624317,38.0,73.0,111.0
2025-12-02 12:00:00+01:00,1.45,88.77682,-0.2,0.0,1002.3884,100.0,7.001514,0.0,50.0,50.0
2025-12-02 13:00:00+01:00,2.5,89.509384,0.95,0.0,1001.9436,100.0,4.278551,0.0,41.0,41.0
2025-12-02 14:00:00+01:00,2.5,90.80577,1.15,0.0,1001.44995,100.0,2.9301877,0.0,37.0,37.0
2025-12-02 15:00:00+01:00,2.6,89.51749,1.05,0.0,1001.05975,100.0,0.9693296,6.0,30.0,36.0
2025-12-02 16:00:00+01:00,2.15,90.78067,0.8,0.0,1001.23645,100.0,2.9024127,0.0,9.0,9.0
2025-12-02 17:00:00+01:00,2.1,90.12491,0.65,0.0,1001.2338,100.0,1.2979984,0.0,1.0,1.0
2025-12-02 18:00:00+01:00,2.05,90.446754,0.65,0.0,1001.4292,100.0,1.2979984,0.0,0.0,0.0
2025-12-02 19:00:00+01:00,3.15,89.241875,1.55,0.0,1001.3814,100.0,0.8049845,0.0,0.0,0.0
2025-12-02 20:00:00+01:00,3.45,88.31478,1.7,0.0,1001.59247,100.0,1.4512063,0.0,0.0,0.0
2025-12-02 21:00:00+01:00,3.3,88.935646,1.65,0.0,1001.6842,100.0,2.8116899,0.0,0.0,0.0
2025-12-02 22:00:00+01:00,3.3,89.894615,1.8,0.0,1001.5855,100.0,3.9640884,0.0,0.0,0.0
2025-12-02 23:00:00+01:00,2.9,90.50963,1.5,0.0,1001.5672,100.0,4.293669,0.0,0.0,0.0
2025-12-03 00:00:00+01:00,2.6,91.46684,1.35,0.0,1001.6521,100.0,4.0449967,0.0,0.0,0.0
2025-12-03 01:00:00+01:00,3.1,90.201164,1.65,0.0,1001.6751,100.0,4.755544,0.0,0.0,0.0
2025-12-03 02:00:00+01:00,3.15,91.50334,1.9,0.0,1001.6776,99.0,5.7515564,0.0,0.0,0.0
2025-12-03 03:00:00+01:00,1.55,93.73669,0.65,0.0,1001.50464,100.0,5.4149795,0.0,0.0,0.0
2025-12-03 04:00:00+01:00,1.85,92.41095,0.75,0.0,1001.2223,99.0,6.5049515,0.0,0.0,0.0
2025-12-03 05:00:00+01:00,1.35,93.388695,0.4,0.0,1001.199,98.0,7.342588,0.0,0.0,0.0
2025-12-03 06:00:00+01:00,0.65,94.03273,-0.2,0.0,1001.3638,100.0,4.3498964,0.0,0.0,0.0
2025-12-03 07:00:00+01:00,0.5,94.36805,-0.3,0.0,1001.45557,100.0,5.937272,0.0,0.0,0.0
2025-12-03 08:00:00+01:00,0.5,95.74901,-0.1,0.0,1001.9492,100.0,7.072878,0.0,0.0,0.0
2025-12-03 09:00:00+01:00,0.95,93.3677,0.0,0.0,1002.2665,100.0,6.9899354,0.0,11.0,11.0
2025-12-03 10:00:00+01:00,1.3,93.04898,0.3,0.0,1002.48035,100.0,7.1208143,0.0,32.0,32.0
2025-12-03 11:00:00+01:00,1.75,91.40995,0.5,0.0,1002.4026,100.0,6.698806,5.0,56.0,61.0
2025-12-03 12:00:00+01:00,2.3,87.893456,0.5,0.0,1002.132,100.0,5.1544156,4.0,82.0,86.0
2025-12-03 13:00:00+01:00,3.35,81.88617,0.55,0.0,1001.98285,100.0,4.6277857,16.0,105.0,121.0
2025-12-03 14:00:00+01:00,3.7,81.052376,0.75,0.0,1001.7027,100.0,4.7110505,33.0,99.0,132.0
2025-12-03 15:00:00+01:00,3.55,82.505135,0.85,0.0,1001.39966,100.0,6.122647,12.0,75.0,87.0
2025-12-03 16:00:00+01:00,2.65,87.29469,0.75,0.0,1001.4569,87.0,5.6521144,6.0,39.0,45.0
2025-12-03 17:00:00+01:00,1.6,90.74105,0.25,0.0,1001.90173,67.0,6.2613096,0.0,2.0,2.0
2025-12-03 18:00:00+01:00,1.1,92.70145,0.05,0.0,1002.27344,69.0,6.601363,0.0,0.0,0.0
2025-12-03 19:00:00+01:00,1.2,96.46617,0.7,0.0,1002.37683,99.0,7.587806,0.0,0.0,0.0
2025-12-03 20:00:00+01:00,1.05,97.16051,0.65,0.0,1002.4687,100.0,6.77575,0.0,0.0,0.0
2025-12-03 21:00:00+01:00,0.8,97.15478,0.4,0.0,1002.457,100.0,5.4119864,0.0,0.0,0.0
2025-12-03 22:00:00+01:00,0.6,97.8558,0.3,0.0,1002.34875,100.0,5.2478566,0.0,0.0,0.0
2025-12-03 23:00:00+01:00,0.75,97.8584,0.45,0.0,1002.15826,100.0,5.983477,0.0,0.0,0.0
2025-12-04 00:00:00+01:00,0.75,98.21249,0.5,0.0,1001.7634,100.0,5.414979,0.0,0.0,0.0
2025-12-04 01:00:00+01:00,1.05,97.16051,0.65,0.0,1001.97504,100.0,6.519877,0.0,0.0,0.0
2025-12-04 02:00:00+01:00,1.1,97.16167,0.7,0.0,1001.48364,100.0,8.083983,0.0,0.0,0.0
2025-12-04 03:00:00+01:00,1.05,96.46191,0.55,0.0,1001.28394,100.0,7.1684303,0.0,0.0,0.0
2025-12-04 04:00:00+01:00,1.2,93.71928,0.3,0.0,1000.9947,100.0,7.229191,0.0,0.0,0.0
2025-12-04 05:00:00+01:00,1.0,93.37033,0.05,0.0,1000.2942,100.0,6.698806,0.0,0.0,0.0
2025-12-04 06:00:00+01:00,0.95,93.02969,-0.05,0.0,999.6009,100.0,5.9399996,0.0,0.0,0.0
2025-12-04 07:00:00+01:00,1.2,92.03788,0.05,0.0,999.71124,99.0,6.1437774,0.0,0.0,0.0
2025-12-04 08:00:00+01:00,1.4,90.39827,0.0,0.0,999.5232,99.0,6.87779,0.0,0.0,0.0
2025-12-04 09:00:00+01:00,1.5,89.10399,-0.1,0.0,999.2317,75.0,8.459999,0.0,10.0,10.0
2025-12-04 10:00:00+01:00,2.05,85.669334,-0.1,0.0,999.1584,47.0,7.8728137,8.0,52.0,60.0
2025-12-04 11:00:00+01:00,2.95,81.24181,0.05,0.0,998.6074,67.0,7.970972,62.0,91.0,153.0
2025-12-04 12:00:00+01:00,4.0,76.27026,0.2,0.0,997.96454,77.0,6.9247384,90.0,110.0,200.0
2025-12-04 13:00:00+01:00,3.6,79.30157,0.35,0.0,997.4523,100.0,6.320538,114.0,100.0,214.0
2025-12-04 14:00:00+01:00,3.8,79.33155,0.55,0.0,996.77026,100.0,6.379216,23.0,79.0,102.0
2025-12-04 15:00:00+01:00,4.0,78.79131,0.65,0.0,996.58215,100.0,7.689603,7.0,55.0,62.0
2025-12-04 16:00:00+01:00,3.7,80.1803,0.6,0.0,996.0746,100.0,8.836514,0.0,24.0,24.0
2025-12-04 17:00:00+01:00,2.7,83.29524,0.15,0.0,996.029,90.0,9.567131,0.0,2.0,2.0
2025-12-04 18:00:00+01:00,1.85,86.27224,-0.2,0.0,996.28577,84.0,8.101999,0.0,0.0,0.0
2025-12-04 19:00:00+01:00,2.1,87.87488,0.3,0.0,996.39606,99.0,7.7588143,0.0,0.0,0.0
2025-12-04 20:00:00+01:00,2.1,88.19323,0.35,0.0,996.49475,100.0,8.490582,0.0,0.0,0.0
2025-12-04 21:00:00+01:00,1.95,88.17961,0.2,0.0,996.58673,100.0,7.486788,0.0,0.0,0.0
2025-12-04 22:00:00+01:00,1.75,88.8028,0.1,0.0,996.5776,100.0,7.2202215,0.0,0.0,0.0
2025-12-04 23:00:00+01:00,1.6,89.11243,0.0,0.0,996.2742,100.0,7.555712,0.0,0.0,0.0
2025-12-05 00:00:00+01:00,1.0,91.35929,-0.25,0.0,996.1477,100.0,7.689603,0.0,0.0,0.0
2025-12-05 01:00:00+01:00,0.0,93.31743,-0.95,0.0,996.39716,100.0,5.7964473,0.0,0.0,0.0
2025-12-05 02:00:00+01:00,0.3,93.67415,-0.6,0.0,996.80615,100.0,5.8852015,0.0,0.0,0.0
2025-12-05 03:00:00+01:00,-0.1,94.34096,-0.9,0.0,997.08356,100.0,3.9477081,0.0,0.0,0.0
2025-12-05 04:00:00+01:00,0.15,93.66659,-0.75,0.0,997.19385,100.0,3.6447225,0.0,0.0,0.0
2025-12-05 05:00:00+01:00,0.3,93.67415,-0.6,0.0,997.49725,100.0,4.0449967,0.0,0.0,0.0
2025-12-05 06:00:00+01:00,0.4,93.33866,-0.55,0.0,997.69934,100.0,4.1046314,0.0,0.0,0.0
2025-12-05 07:00:00+01:00,0.85,91.34911,-0.4,0.0,998.41144,100.0,4.143911,0.0,0.0,0.0
2025-12-05 08:00:00+01:00,1.15,90.051674,-0.3,0.0,999.11664,100.0,1.08,0.0,0.0,0.0
2025-12-05 09:00:00+01:00,1.5,89.427864,-0.05,0.0,999.72534,100.0,1.6299692,0.0,7.0,7.0
2025-12-05 10:00:00+01:00,2.05,87.87021,0.25,0.0,1000.1457,100.0,2.657668,0.0,38.0,38.0
2025-12-05 11:00:00+01:00,2.5,87.28014,0.6,0.0,1000.4626,98.0,4.2021427,0.0,64.0,64.0
2025-12-05 12:00:00+01:00,3.1,85.16744,0.85,0.0,1000.58905,100.0,4.542994,0.0,89.0,89.0
2025-12-05 13:00:00+01:00,3.0,86.70295,1.0,0.0,1000.782,100.0,5.983477,19.0,87.0,106.0
2025-12-05 14:00:00+01:00,3.45,86.1286,1.35,0.0,1001.0,100.0,6.6624317,0.0,60.0,60.0
2025-12-05 15:00:00+01:00,3.7,86.773346,1.7,0.0,1001.4065,100.0,7.1321807,0.0,36.0,36.0
2025-12-05 16:00:00+01:00,3.85,88.35044,2.1,0.0,1001.80835,100.0,5.6521144,1.0,21.0,22.0
2025-12-05 17:00:00+01:00,3.6,90.883965,2.25,0.0,1001.8955,100.0,4.8466477,0.0,1.0,1.0
2025-12-05 18:00:00+01:00,3.35,92.82952,2.3,0.0,1001.88416,100.0,4.2366967,0.0,0.0,0.0
2025-12-05 19:00:00+01:00,3.15,95.1597,2.45,0.0,1002.17126,100.0,2.7059932,0.0,0.0,0.0
2025-12-05 20:00:00+01:00,3.2,94.82409,2.45,0.0,1001.976,91.0,3.244996,0.0,0.0,0.0
2025-12-05 21:00:00+01:00,3.1,95.83656,2.5,0.0,1001.7738,98.0,3.8141315,0.0,0.0,0.0
2025-12-05 22:00:00+01:00,3.5,95.510925,2.85,0.0,1001.49615,100.0,5.896202,0.0,0.0,0.0
2025-12-05 23:00:00+01:00,4.25,93.8687,3.35,0.0,1000.93805,71.0,8.149847,0.0,0.0,0.0
2025-12-06 00:00:00+01:00,3.75,94.51153,2.95,0.0,1000.7175,48.0,7.613382,0.0,0.0,0.0
2025-12-06 01:00:00+01:00,2.4,94.11512,1.55,0.0,1000.3592,83.0,6.7565966,0.0,0.0,0.0
2025-12-06 02:00:00+01:00,2.4,93.77871,1.5,0.0,999.86554,100.0,6.015878,0.0,0.0,0.0
2025-12-06 03:00:00+01:00,2.1,95.119125,1.4,0.0,998.963,99.0,6.502461,0.0,0.0,0.0
2025-12-06 04:00:00+01:00,1.7,95.78975,1.1,0.0,998.5497,100.0,5.426933,0.0,0.0,0.0
2025-12-06 05:00:00+01:00,2.0,95.11524,1.3,0.0,997.8723,100.0,6.854195,0.0,0.0,0.0
2025-12-06 06:00:00+01:00,2.15,94.78078,1.4,0.0,997.4846,99.0,3.9640884,0.0,0.0,0.0
2025-12-06 07:00:00+01:00,2.2,94.44379,1.4,0.0,997.092,100.0,3.8856654,0.0,0.0,0.0
2025-12-06 08:00:00+01:00,2.8,92.46736,1.7,0.0,997.0207,100.0,3.710795,0.0,0.0,0.0
2025-12-06 09:00:00+01:00,3.35,89.57795,1.8,0.1,997.1448,100.0,4.2481523,0.0,3.0,3.0
2025-12-06 10:00:00+01:00,3.55,90.880424,2.2,0.3,996.85767,100.0,8.490582,0.0,14.0,14.0
2025-12-06 11:00:00+01:00,4.45,91.265724,3.15,0.0,996.4049,100.0,11.897714,1.0,46.0,47.0
2025-12-06 12:00:00+01:00,5.15,88.777725,3.45,0.0,996.23914,100.0,12.904882,0.0,57.0,57.0
2025-12-06 13:00:00+01:00,6.1,84.59982,3.7,0.0,995.68945,100.0,15.342294,0.0,58.0,58.0
2025-12-06 14:00:00+01:00,6.7,80.60704,3.6,0.0,995.22266,100.0,16.947742,17.0,84.0,101.0
2025-12-06 15:00:00+01:00,6.5,84.053566,4.0,0.0,995.5097,100.0,13.708391,1.0,39.0,40.0
2025-12-06 16:00:00+01:00,7.1,85.30641,4.8,0.0,995.4379,90.0,14.009968,0.0,23.0,23.0
2025-12-06 17:00:00+01:00,7.0,87.70634,5.1,0.0,995.82855,100.0,16.34832,0.0,2.0,2.0
2025-12-06 18:00:00+01:00,7.15,89.25574,5.5,0.3,995.7363,100.0,16.394829,0.0,0.0,0.0
2025-12-06 19:00:00+01:00,7.35,96.30395,6.8,0.0,996.14014,95.0,17.326813,0.0,0.0,0.0
2025-12-06 20:00:00+01:00,7.5,95.3226,6.8,0.1,996.2458,97.0,16.383955,0.0,0.0,0.0
2025-12-06 21:00:00+01:00,6.9,96.290855,6.35,0.0,996.5151,53.0,15.277749,0.0,0.0,0.0
2025-12-06 22:00:00+01:00,6.35,96.942825,5.9,0.0,996.8857,35.0,14.041154,0.0,0.0,0.0
2025-12-06 23:00:00+01:00,6.05,96.60024,5.55,0.0,997.16846,40.0,14.677452,0.0,0.0,0.0
2025-12-07 00:00:00+01:00,5.9,97.94524,5.6,0.0,997.55664,100.0,14.689588,0.0,0.0,0.0
2025-12-07 01:00:00+01:00,7.6,97.305115,7.2,0.0,997.43524,98.0,16.22498,0.0,0.0,0.0
2025-12-07 02:00:00+01:00,7.95,95.33898,7.25,0.1,997.25305,68.0,17.786331,0.0,0.0,0.0
2025-12-07 03:00:00+01:00,7.3,96.30248,6.75,0.0,997.8168,39.0,15.027575,0.0,0.0,0.0
2025-12-07 04:00:00+01:00,6.7,97.62157,6.35,0.0,997.9877,60.0,14.88242,0.0,0.0,0.0
2025-12-07 05:00:00+01:00,6.65,97.957436,6.35,0.0,998.183,59.0,13.644427,0.0,0.0,0.0
2025-12-07 06:00:00+01:00,6.65,97.957436,6.35,0.0,998.3805,54.0,13.18308,0.0,0.0,0.0
2025-12-07 07:00:00+01:00,6.9,96.622955,6.4,0.1,998.5889,92.0,13.33094,0.0,0.0,0.0
2025-12-07 08:00:00+01:00,7.05,95.63482,6.4,0.0,998.6946,57.0,14.33234,0.0,0.0,0.0
2025-12-07 09:00:00+01:00,6.75,95.2951,6.05,0.0,999.1748,73.0,11.431062,6.0,11.0,17.0
2025-12-07 10:00:00+01:00,7.8,95.00768,7.05,0.0,999.5179,100.0,12.193589,50.0,45.0,95.0
2025-12-07 11:00:00+01:00,9.35,90.96742,7.95,0.0,999.8826,99.0,12.744457,36.0,84.0,120.0
2025-12-07 12:00:00+01:00,10.1,89.189285,8.4,0.0,999.6192,100.0,12.16832,25.0,87.0,112.0
2025-12-07 13:00:00+01:00,9.3,96.034805,8.7,0.0,999.2878,100.0,12.638512,0.0,61.0,61.0
2025-12-07 14:00:00+01:00,9.95,93.50153,8.95,0.0,998.9213,100.0,12.882267,1.0,63.0,64.0
2025-12-07 15:00:00+01:00,10.25,91.02872,8.85,0.0,998.4407,100.0,11.832176,20.0,65.0,85.0
2025-12-07 16:00:00+01:00,10.0,91.01174,8.6,0.0,998.13336,100.0,12.074766,0.0,19.0,19.0
2025-12-07 17:00:00+01:00,9.85,91.61971,8.55,0.0,998.0281,100.0,12.815443,0.0,1.0,1.0
2025-12-07 18:00:00+01:00,9.85,94.447624,9.0,0.3,997.63293,100.0,14.650938,0.0,0.0,0.0
2025-12-07 19:00:00+01:00,10.0,96.7039,9.5,0.8,997.34326,100.0,17.727943,0.0,0.0,0.0
2025-12-07 20:00:00+01:00,9.85,97.679794,9.5,1.4,996.94165,100.0,16.965895,0.0,0.0,0.0
2025-12-07 21:00:00+01:00,9.85,98.00832,9.55,2.4,997.0404,100.0,14.974658,0.0,0.0,0.0
2025-12-07 22:00:00+01:00,9.95,98.33913,9.7,2.8,996.946,100.0,14.410121,0.0,0.0,0.0
2025-12-07 23:00:00+01:00,10.2,98.34237,9.95,1.6,996.75946,100.0,14.356058,0.0,0.0,0.0
2025-12-08 00:00:00+01:00,10.8,98.350136,10.55,1.4,997.37836,100.0,15.697197,0.0,0.0,0.0
2025-12-08 01:00:00+01:00,11.6,96.4242,11.05,0.1,998.00543,100.0,14.428097,0.0,0.0,0.0
2025-12-08 02:00:00+01:00,11.65,97.71213,11.3,0.2,998.6003,100.0,13.437455,0.0,0.0,0.0
2025-12-08 03:00:00+01:00,11.5,97.70946,11.15,0.0,999.4827,95.0,14.396625,0.0,0.0,0.0
2025-12-08 04:00:00+01:00,11.05,98.02692,10.75,0.0,1000.0558,100.0,14.009968,0.0,0.0,0.0
2025-12-08 05:00:00+01:00,11.35,97.70678,11.0,0.0,1000.66156,100.0,13.529966,0.0,0.0,0.0
2025-12-08 06:00:00+01:00,11.65,97.38909,11.25,0.0,1001.1684,100.0,13.115319,0.0,0.0,0.0
2025-12-08 07:00:00+01:00,12.15,96.439354,11.6,0.4,1001.88153,100.0,14.835537,0.0,0.0,0.0
2025-12-08 08:00:00+01:00,12.55,95.816956,11.9,0.0,1002.39264,100.0,17.176563,0.0,0.0,0.0
2025-12-08 09:00:00+01:00,12.65,95.19096,11.9,0.1,1002.98944,100.0,16.563911,0.0,7.0,7.0
2025-12-08 10:00:00+01:00,13.0,94.579865,12.15,0.0,1003.4985,100.0,15.742541,4.0,34.0,38.0
2025-12-08 11:00:00+01:00,13.7,91.85934,12.4,0.0,1003.8251,100.0,16.388897,14.0,71.0,85.0
2025-12-08 12:00:00+01:00,14.15,87.76279,12.15,0.0,1003.9431,100.0,18.745079,0.0,65.0,65.0
2025-12-08 13:00:00+01:00,14.2,86.33493,11.95,0.0,1003.54987,100.0,18.832165,8.0,85.0,93.0
2025-12-08 14:00:00+01:00,14.05,87.177826,11.95,0.1,1003.5435,100.0,17.179394,2.0,50.0,52.0
2025-12-08 15:00:00+01:00,14.0,86.88631,11.85,0.0,1003.93646,100.0,15.651722,0.0,40.0,40.0
2025-12-08 16:00:00+01:00,13.65,88.008,11.7,0.0,1004.11914,100.0,13.945064,0.0,16.0,16.0
2025-12-08 17:00:00+01:00,13.25,91.228615,11.85,0.2,1004.497,100.0,14.447172,0.0,0.0,0.0
2025-12-08 18:00:00+01:00,13.1,92.12593,11.85,0.0,1004.6882,100.0,14.941085,0.0,0.0,0.0
2025-12-08 19:00:00+01:00,12.9,95.828156,12.25,0.0,1005.07477,98.0,16.144905,0.0,0.0,0.0
2025-12-08 20:00:00+01:00,12.6,96.13465,12.0,0.0,1005.16064,100.0,16.267857,0.0,0.0,0.0
2025-12-08 21:00:00+01:00,12.25,96.442085,11.7,0.0,1005.2443,100.0,15.779543,0.0,0.0,0.0
2025-12-08 22:00:00+01:00,12.15,96.121254,11.55,0.0,1005.635,100.0,15.12964,0.0,0.0,0.0
2025-12-08 23:00:00+01:00,11.8,96.11078,11.2,0.0,1005.9162,100.0,14.784126,0.0,0.0,0.0
2025-12-09 00:00:00+01:00,11.55,96.103294,10.95,0.0,1006.3001,100.0,13.379461,0.0,0.0,0.0
2025-12-09 01:00:00+01:00,11.65,95.470505,10.95,0.0,1006.2059,100.0,11.431062,0.0,0.0,0.0
2025-12-09 02:00:00+01:00,11.1,97.05444,10.65,0.0,1005.98425,100.0,11.272657,0.0,0.0,0.0
2025-12-09 03:00:00+01:00,10.7,96.72179,10.2,0.0,1006.1644,100.0,10.234705,0.0,0.0,0.0
2025-12-09 04:00:00+01:00,9.95,97.027985,9.5,0.0,1005.9337,100.0,9.595874,0.0,0.0,0.0
2025-12-09 05:00:00+01:00,9.4,97.67162,9.05,0.0,1005.71185,100.0,8.688613,0.0,0.0,0.0
2025-12-09 06:00:00+01:00,9.05,97.99577,8.75,0.0,1005.4001,100.0,8.528657,0.0,0.0,0.0
2025-12-09 07:00:00+01:00,9.15,96.68201,8.65,0.0,1005.2069,100.0,7.001514,0.0,0.0,0.0
2025-12-09 08:00:00+01:00,8.75,96.671616,8.25,0.0,1005.1893,100.0,6.4323244,0.0,0.0,0.0
2025-12-09 09:00:00+01:00,8.75,97.0,8.3,0.0,1004.99176,100.0,6.384293,1.0,12.0,13.0
2025-12-09 10:00:00+01:00,9.55,95.396545,8.85,0.0,1004.73083,100.0,7.4128532,23.0,56.0,79.0
2025-12-09 11:00:00+01:00,10.5,92.590706,9.35,0.0,1004.7729,100.0,10.310402,35.0,102.0,137.0
2025-12-09 12:00:00+01:00,10.95,89.860214,9.35,0.0,1004.39734,100.0,10.261579,59.0,118.0,177.0
2025-12-09 13:00:00+01:00,12.05,84.9722,9.6,0.0,1003.7538,91.0,9.984729,100.0,105.0,205.0
2025-12-09 14:00:00+01:00,12.35,82.47751,9.45,0.0,1003.2729,83.0,9.939196,119.0,72.0,191.0
2025-12-09 15:00:00+01:00,12.3,83.02726,9.5,0.0,1003.0731,100.0,9.19939,76.0,56.0,132.0
2025-12-09 16:00:00+01:00,11.25,87.79421,9.3,0.0,1003.0278,100.0,8.37532,17.0,34.0,51.0
2025-12-09 17:00:00+01:00,10.45,89.51942,8.8,0.0,1003.28906,100.0,9.19939,0.0,2.0,2.0
2025-12-09 18:00:00+01:00,9.9,90.08492,8.35,0.0,1003.2648,90.0,9.906544,0.0,0.0,0.0
2025-12-09 19:00:00+01:00,9.55,91.29039,8.2,0.0,1003.15063,90.0,9.446141,0.0,0.0,0.0
2025-12-09 20:00:00+01:00,8.95,92.18818,7.75,0.0,1003.1242,96.0,9.299225,0.0,0.0,0.0
2025-12-09 21:00:00+01:00,8.5,93.110466,7.45,0.0,1003.2031,88.0,10.583326,0.0,0.0,0.0
2025-12-09 22:00:00+01:00,8.1,94.69521,7.3,0.0,1003.38293,80.0,12.606426,0.0,0.0,0.0
2025-12-09 23:00:00+01:00,7.8,94.35896,6.95,0.0,1003.36945,41.0,12.061343,0.0,0.0,0.0
2025-12-10 00:00:00+01:00,7.45,94.34362,6.6,0.0,1003.8477,31.0,12.218805,0.0,0.0,0.0
2025-12-10 01:00:00+01:00,7.4,94.01755,6.5,0.0,1004.14154,73.0,12.906138,0.0,0.0,0.0
2025-12-10 02:00:00+01:00,6.9,94.319374,6.05,0.0,1004.3166,92.0,14.083778,0.0,0.0,0.0
2025-12-10 03:00:00+01:00,7.55,92.42166,6.4,0.0,1004.64215,100.0,14.650938,0.0,0.0,0.0
2025-12-10 04:00:00+01:00,7.95,90.24791,6.45,0.0,1004.8574,93.0,14.905261,0.0,0.0,0.0
2025-12-10 05:00:00+01:00,7.8,91.48787,6.5,0.0,1005.4433,80.0,13.184308,0.0,0.0,0.0
2025-12-10 06:00:00+01:00,7.9,90.86739,6.5,0.0,1005.8428,100.0,13.184308,0.0,0.0,0.0
2025-12-10 07:00:00+01:00,8.25,90.27007,6.75,0.0,1005.9572,100.0,12.514855,0.0,0.0,0.0
2025-12-10 08:00:00+01:00,8.1,92.13723,6.9,0.1,1006.54315,100.0,10.957846,0.0,0.0,0.0
2025-12-10 09:00:00+01:00,8.2,94.05452,7.3,0.3,1007.0415,100.0,11.734564,0.0,2.0,2.0
2025-12-10 10:00:00+01:00,8.2,97.98233,7.9,0.4,1007.5353,100.0,10.601679,0.0,10.0,10.0
2025-12-10 11:00:00+01:00,8.5,98.32007,8.25,0.3,1007.84485,100.0,10.310402,0.0,20.0,20.0
2025-12-10 12:00:00+01:00,8.8,96.67292,8.3,0.1,1008.05566,100.0,11.196232,0.0,22.0,22.0
2025-12-10 13:00:00+01:00,9.45,97.01637,9.0,0.2,1008.3807,100.0,10.571074,0.0,35.0,35.0
2025-12-10 14:00:00+01:00,9.8,96.37399,9.25,0.2,1008.79126,100.0,11.599879,5.0,70.0,75.0
2025-12-10 15:00:00+01:00,9.6,97.01985,9.15,0.0,1008.6836,100.0,11.161451,0.0,29.0,29.0
2025-12-10 16:00:00+01:00,9.3,98.66252,9.1,0.4,1009.2629,100.0,9.801326,0.0,8.0,8.0
2025-12-10 17:00:00+01:00,9.25,98.661995,9.05,0.3,1009.85333,100.0,10.062305,0.0,1.0,1.0
2025-12-10 18:00:00+01:00,9.35,98.66303,9.15,0.3,1010.3515,100.0,9.801326,0.0,0.0,0.0
2025-12-10 19:00:00+01:00,9.95,98.00988,9.65,0.2,1010.67444,100.0,11.634741,0.0,0.0,0.0
2025-12-10 20:00:00+01:00,9.85,98.66828,9.65,0.3,1011.1639,100.0,10.44,0.0,0.0,0.0
2025-12-10 21:00:00+01:00,9.6,98.665665,9.4,0.2,1011.84406,100.0,9.807935,0.0,0.0,0.0
2025-12-10 22:00:00+01:00,9.4,98.663574,9.2,0.1,1012.1316,100.0,9.703319,0.0,0.0,0.0
2025-12-10 23:00:00+01:00,8.75,98.99103,8.6,0.0,1012.20135,70.0,9.867218,0.0,0.0,0.0
2025-12-11 00:00:00+01:00,8.1,98.98582,7.95,0.0,1012.2711,100.0,9.187056,0.0,0.0,0.0
2025-12-11 01:00:00+01:00,8.55,99.32529,8.45,0.0,1012.6862,100.0,7.689603,0.0,0.0,0.0
2025-12-11 02:00:00+01:00,8.15,98.98623,8.0,0.0,1012.5697,83.0,6.6087217,0.0,0.0,0.0
2025-12-11 03:00:00+01:00,7.7,98.9826,7.55,0.0,1012.7468,88.0,7.6473517,0.0,0.0,0.0
2025-12-11 04:00:00+01:00,7.0,98.97692,6.85,0.0,1012.71533,92.0,6.725354,0.0,0.0,0.0
2025-12-11 05:00:00+01:00,7.05,98.30069,6.8,0.0,1012.6189,34.0,5.4744864,0.0,0.0,0.0
2025-12-11 06:00:00+01:00,6.7,98.63471,6.5,0.0,1012.7017,91.0,4.471107,0.0,0.0,0.0
2025-12-11 07:00:00+01:00,7.2,98.640114,7.0,0.0,1013.1193,100.0,4.978554,0.0,0.0,0.0
2025-12-11 08:00:00+01:00,6.9,98.63687,6.7,0.0,1013.4018,100.0,5.1481256,0.0,0.0,0.0
2025-12-11 09:00:00+01:00,7.3,98.979355,7.15,0.0,1013.71625,100.0,6.77575,0.0,8.0,8.0
2025-12-11 10:00:00+01:00,7.5,96.97042,7.05,0.0,1014.02185,100.0,6.849467,1.0,43.0,44.0
2025-12-11 11:00:00+01:00,7.95,92.12819,6.75,0.0,1013.8443,100.0,5.426933,21.0,75.0,96.0
2025-12-11 12:00:00+01:00,8.25,90.27007,6.75,0.0,1013.2654,100.0,5.0432134,15.0,94.0,109.0
2025-12-11 13:00:00+01:00,8.6,90.6054,7.15,0.0,1013.08356,100.0,3.7971041,23.0,101.0,124.0
2025-12-11 14:00:00+01:00,9.0,86.10029,6.8,0.0,1013.0025,100.0,3.2048087,21.0,95.0,116.0
2025-12-11 15:00:00+01:00,8.95,84.04825,6.4,0.0,1012.60535,100.0,3.01735,12.0,66.0,78.0
2025-12-11 16:00:00+01:00,8.45,89.0546,6.75,0.0,1012.28674,100.0,2.4014995,0.0,29.0,29.0
2025-12-11 17:00:00+01:00,7.85,89.93023,6.3,0.0,1011.9634,100.0,2.36753,0.0,1.0,1.0
2025-12-11 18:00:00+01:00,8.0,89.63265,6.4,0.0,1011.87134,100.0,4.2021427,0.0,0.0,0.0
2025-12-11 19:00:00+01:00,6.4,93.97089,5.5,0.0,1011.50305,93.0,2.50064,0.0,0.0,0.0
2025-12-11 20:00:00+01:00,5.95,95.2655,5.25,0.0,1011.48236,99.0,1.6299692,0.0,0.0,0.0
2025-12-11 21:00:00+01:00,5.95,94.93503,5.2,0.0,1011.48236,99.0,0.5091169,0.0,0.0,0.0
2025-12-11 22:00:00+01:00,5.25,98.27617,5.0,0.0,1011.2531,26.0,2.7475805,0.0,0.0,0.0
2025-12-11 23:00:00+01:00,4.3,99.30198,4.2,0.0,1010.6169,100.0,5.3999996,0.0,0.0,0.0
2025-12-12 00:00:00+01:00,3.65,99.2983,3.55,0.0,1010.48834,100.0,6.4924874,0.0,0.0,0.0
2025-12-12 01:00:00+01:00,3.55,98.948235,3.4,0.0,1010.7798,100.0,4.599695,0.0,0.0,0.0
2025-12-12 02:00:00+01:00,3.6,97.90712,3.3,0.0,1010.8806,100.0,4.293669,0.0,0.0,0.0
2025-12-12 03:00:00+01:00,3.4,97.55818,3.05,0.0,1010.87146,100.0,4.080882,0.0,0.0,0.0
2025-12-12 04:00:00+01:00,3.45,96.52934,2.95,0.0,1010.5775,100.0,3.319036,0.0,0.0,0.0
2025-12-12 05:00:00+01:00,3.1,95.83656,2.5,0.0,1010.46265,100.0,2.7416782,0.0,0.0,0.0
2025-12-12 06:00:00+01:00,3.45,95.848145,2.85,0.0,1010.5775,100.0,3.4388947,0.0,0.0,0.0
2025-12-12 07:00:00+01:00,4.45,96.21841,3.9,0.0,1010.8213,100.0,4.3573384,0.0,0.0,0.0
2025-12-12 08:00:00+01:00,4.6,96.90011,4.15,0.0,1011.0258,100.0,2.5772076,0.0,0.0,0.0
2025-12-12 09:00:00+01:00,4.75,97.243576,4.35,0.0,1011.2299,100.0,1.9469976,1.0,9.0,10.0
2025-12-12 10:00:00+01:00,6.05,94.609795,5.25,0.0,1011.6846,100.0,0.54,22.0,44.0,66.0
2025-12-12 11:00:00+01:00,7.35,93.3702,6.35,0.0,1011.94086,100.0,1.9469976,53.0,81.0,134.0
2025-12-12 12:00:00+01:00,8.3,88.43206,6.5,0.0,1011.78625,100.0,1.8,48.0,113.0,161.0
2025-12-12 13:00:00+01:00,8.9,87.579445,6.95,0.0,1011.4179,80.0,2.5071096,27.0,122.0,149.0
2025-12-12 14:00:00+01:00,9.35,84.964355,6.95,0.0,1011.4379,99.0,3.4152596,9.0,99.0,108.0
2025-12-12 15:00:00+01:00,9.4,84.67922,6.95,0.0,1011.4402,99.0,2.7059932,3.0,71.0,74.0
2025-12-12 16:00:00+01:00,8.8,89.08338,7.1,0.0,1011.5122,90.0,1.4058449,1.0,33.0,34.0
2025-12-12 17:00:00+01:00,7.15,92.71787,6.05,0.0,1011.537,100.0,2.50064,0.0,2.0,2.0
2025-12-12 18:00:00+01:00,5.85,96.59487,5.35,0.0,1011.57666,100.0,1.5379207,0.0,0.0,0.0
2025-12-12 19:00:00+01:00,5.7,98.966255,5.55,0.0,1011.86615,100.0,2.0124612,0.0,0.0,0.0
2025-12-12 20:00:00+01:00,4.85,100.0,4.85,0.0,1012.3208,99.0,2.3469129,0.0,0.0,0.0
2025-12-12 21:00:00+01:00,4.25,99.99999,4.25,0.0,1012.5895,99.0,3.6,0.0,0.0,0.0
2025-12-12 22:00:00+01:00,4.35,100.0,4.35,0.0,1013.0876,99.0,1.659518,0.0,0.0,0.0
2025-12-12 23:00:00+01:00,4.2,100.0,4.25,0.0,1013.2783,100.0,0.6489992,0.0,0.0,0.0
2025-12-13 00:00:00+01:00,4.15,100.0,4.15,0.0,1013.67084,100.0,0.25455844,0.0,0.0,0.0
2025-12-13 01:00:00+01:00,4.3,100.0,4.3,0.0,1014.0728,100.0,0.9,0.0,0.0,0.0
2025-12-13 02:00:00+01:00,4.95,99.65228,4.9,0.0,1014.5964,100.0,1.2727921,0.0,0.0,0.0
2025-12-13 03:00:00+01:00,5.3,98.962944,5.15,0.0,1014.90894,100.0,1.2074767,0.0,0.0,0.0
2025-12-13 04:00:00+01:00,5.45,98.621025,5.25,0.0,1014.91595,100.0,4.412754,0.0,0.0,0.0
2025-12-13 05:00:00+01:00,5.45,98.96418,5.3,0.0,1014.91595,100.0,3.671294,0.0,0.0,0.0
2025-12-13 06:00:00+01:00,5.55,99.308945,5.45,0.0,1014.82153,100.0,4.379589,0.0,0.0,0.0
2025-12-13 07:00:00+01:00,5.55,99.65394,5.5,0.0,1015.3153,100.0,6.2067385,0.0,0.0,0.0
2025-12-13 08:00:00+01:00,5.4,99.30811,5.3,0.0,1015.70337,100.0,7.674842,0.0,0.0,0.0
2025-12-13 09:00:00+01:00,5.25,98.96252,5.1,0.0,1016.19037,100.0,8.404285,1.0,4.0,5.0
2025-12-13 10:00:00+01:00,5.35,97.93621,5.05,0.0,1016.8861,100.0,7.7734165,3.0,29.0,32.0
2025-12-13 11:00:00+01:00,5.35,98.277534,5.1,0.0,1017.4786,100.0,7.386582,3.0,49.0,52.0
2025-12-13 12:00:00+01:00,5.5,97.259964,5.1,0.0,1017.18933,100.0,7.1684303,0.0,54.0,54.0
2025-12-13 13:00:00+01:00,5.3,96.24378,4.75,0.0,1016.5876,100.0,6.889557,3.0,70.0,73.0
2025-12-13 14:00:00+01:00,5.65,96.254135,5.1,0.0,1016.70233,100.0,6.037383,2.0,72.0,74.0
2025-12-13 15:00:00+01:00,5.7,95.92145,5.1,0.0,1016.70483,100.0,3.572898,2.0,41.0,43.0
2025-12-13 16:00:00+01:00,5.65,95.91984,5.05,0.0,1016.70233,100.0,4.060985,0.0,18.0,18.0
2025-12-13 17:00:00+01:00,5.55,96.92339,5.1,0.0,1016.8953,100.0,4.6938252,0.0,1.0,1.0
2025-12-13 18:00:00+01:00,5.6,97.262146,5.2,0.0,1016.79877,100.0,5.2416787,0.0,0.0,0.0
2025-12-13 19:00:00+01:00,5.4,97.25779,5.0,0.0,1016.9871,100.0,4.3573384,0.0,0.0,0.0
2025-12-13 20:00:00+01:00,5.45,97.25888,5.05,0.0,1017.38464,100.0,3.244996,0.0,0.0,0.0
2025-12-13 21:00:00+01:00,5.45,97.25888,5.05,0.0,1017.38464,100.0,3.143565,0.0,0.0,0.0
2025-12-13 22:00:00+01:00,5.4,97.596886,5.05,0.0,1017.38214,100.0,3.9477081,0.0,0.0,0.0
2025-12-13 23:00:00+01:00,5.3,98.276855,5.05,0.0,1017.27875,100.0,3.2048087,0.0,0.0,0.0
2025-12-14 00:00:00+01:00,5.25,98.61881,5.05,0.0,1016.78284,100.0,3.3481934,0.0,0.0,0.0
2025-12-14 01:00:00+01:00,5.15,98.961685,5.0,0.0,1016.5806,100.0,2.3469126,0.0,0.0,0.0
2025-12-14 02:00:00+01:00,5.2,98.61827,5.0,0.0,1016.3857,100.0,2.1749482,0.0,0.0,0.0
2025-12-14 03:00:00+01:00,5.3,97.935394,5.0,0.0,1016.29126,100.0,2.3051248,0.0,0.0,0.0
2025-12-14 04:00:00+01:00,5.3,98.962944,5.15,0.0,1016.0938,100.0,2.0523157,0.0,0.0,0.0
2025-12-14 05:00:00+01:00,5.35,98.96335,5.2,0.0,1015.8987,100.0,2.5582807,0.0,0.0,0.0
2025-12-14 06:00:00+01:00,5.4,98.62046,5.2,0.0,1015.70337,100.0,2.7943513,0.0,0.0,0.0
2025-12-14 07:00:00+01:00,5.15,98.61769,4.95,0.0,1015.59314,100.0,1.9469976,0.0,0.0,0.0
2025-12-14 08:00:00+01:00,5.1,98.617165,4.9,0.0,1015.5909,100.0,3.01735,0.0,0.0,0.0
2025-12-14 09:00:00+01:00,5.3,97.935394,5.0,0.0,1015.6001,100.0,4.6730714,0.0,4.0,4.0
2025-12-14 10:00:00+01:00,5.65,96.92583,5.2,0.0,1015.5174,100.0,5.920878,0.0,18.0,18.0
2025-12-14 11:00:00+01:00,6.2,92.98705,5.15,0.0,1015.4439,100.0,8.65873,1.0,49.0,50.0
2025-12-14 12:00:00+01:00,6.65,87.36858,4.7,0.0,1015.0695,100.0,10.315115,3.0,66.0,69.0
2025-12-14 13:00:00+01:00,6.35,90.443054,4.9,0.0,1014.4633,100.0,6.6087217,4.0,72.0,76.0
2025-12-14 14:00:00+01:00,6.6,89.52202,5.0,0.0,1013.7832,100.0,6.439876,3.0,59.0,62.0
2025-12-14 15:00:00+01:00,6.6,89.834145,5.05,0.0,1013.3882,100.0,6.1437774,1.0,40.0,41.0
2025-12-14 16:00:00+01:00,6.4,91.39605,5.1,0.0,1013.18176,100.0,5.293959,1.0,18.0,19.0
2025-12-14 17:00:00+01:00,6.1,93.63073,5.15,0.0,1012.6743,100.0,3.8773184,0.0,1.0,1.0
2025-12-14 18:00:00+01:00,6.15,95.27292,5.45,0.0,1012.3803,100.0,5.9834766,0.0,0.0,0.0
2025-12-14 19:00:00+01:00,6.1,96.93678,5.65,0.0,1011.98315,100.0,5.4656014,0.0,0.0,0.0
2025-12-14 20:00:00+01:00,6.3,96.9416,5.85,0.0,1011.89355,100.0,6.28713,0.0,0.0,0.0
2025-12-14 21:00:00+01:00,6.35,97.27838,5.95,0.0,1011.797,100.0,6.1858225,0.0,0.0,0.0
2025-12-14 22:00:00+01:00,6.3,97.2773,5.9,0.0,1011.49866,100.0,5.195113,0.0,0.0,0.0
2025-12-14 23:00:00+01:00,5.95,97.94606,5.65,0.0,1010.88983,99.0,3.2599385,0.0,0.0,0.0
2025-12-15 00:00:00+01:00,5.65,98.623215,5.45,0.0,1010.58,99.0,3.0811036,0.0,0.0,0.0
2025-12-15 01:00:00+01:00,5.8,96.59351,5.3,0.0,1010.48816,95.0,4.1125174,0.0,0.0,0.0
2025-12-15 02:00:00+01:00,5.15,97.932915,4.85,0.0,1010.0635,100.0,4.6800003,0.0,0.0,0.0
2025-12-15 03:00:00+01:00,4.6,97.58152,4.25,0.0,1009.7421,75.0,5.315336,0.0,0.0,0.0
2025-12-15 04:00:00+01:00,4.2,96.890205,3.75,0.0,1009.62494,100.0,7.2805495,0.0,0.0,0.0
2025-12-15 05:00:00+01:00,3.95,96.884,3.5,0.0,1009.1196,100.0,9.181765,0.0,0.0,0.0
2025-12-15 06:00:00+01:00,3.6,97.90712,3.3,0.0,1008.6097,100.0,9.0,0.0,0.0,0.0
2025-12-15 07:00:00+01:00,3.9,97.224815,3.5,0.0,1008.32745,90.0,9.779817,0.0,0.0,0.0
2025-12-15 08:00:00+01:00,3.5,98.25181,3.25,0.0,1008.21027,97.0,10.308831,0.0,0.0,0.0
2025-12-15 09:00:00+01:00,3.55,97.56112,3.2,0.0,1008.11383,91.0,9.499157,3.0,5.0,8.0
2025-12-15 10:00:00+01:00,4.35,91.90648,3.15,0.0,1008.05176,89.0,10.1902895,29.0,32.0,61.0
2025-12-15 11:00:00+01:00,5.0,87.51953,3.1,0.0,1008.18066,85.0,10.464797,60.0,54.0,114.0
2025-12-15 12:00:00+01:00,5.7,83.367775,3.1,0.0,1007.81757,72.0,8.452336,79.0,73.0,152.0
2025-12-15 13:00:00+01:00,6.0,80.79418,2.95,0.0,1007.33746,94.0,7.4346757,81.0,94.0,175.0
2025-12-15 14:00:00+01:00,6.6,78.90495,3.2,0.0,1006.7719,16.0,5.3999996,74.0,75.0,149.0
2025-12-15 15:00:00+01:00,6.75,80.61404,3.65,0.0,1006.08746,1.0,1.3104197,62.0,57.0,119.0
2025-12-15 16:00:00+01:00,5.55,84.23859,3.1,0.0,1005.6382,13.0,2.2910259,32.0,26.0,58.0
2025-12-15 17:00:00+01:00,4.3,87.14273,2.35,0.0,1005.28485,16.0,3.710795,1.0,1.0,2.0
2025-12-15 18:00:00+01:00,3.95,87.41981,2.05,0.0,1005.26874,7.0,3.244996,0.0,0.0,0.0
2025-12-15 19:00:00+01:00,3.35,90.86627,2.0,0.0,1005.5374,45.0,2.995797,0.0,0.0,0.0
2025-12-15 20:00:00+01:00,2.85,91.48346,1.6,0.0,1005.4157,95.0,3.964089,0.0,0.0,0.0
2025-12-15 21:00:00+01:00,2.55,91.79216,1.35,0.0,1005.5005,91.0,3.964089,0.0,0.0,0.0
2025-12-15 22:00:00+01:00,2.25,91.77286,1.05,0.0,1005.2888,96.0,4.471107,0.0,0.0,0.0
2025-12-15 23:00:00+01:00,3.2,88.60927,1.5,0.0,1005.1356,100.0,6.8777895,0.0,0.0,0.0
2025-12-16 00:00:00+01:00,3.05,87.64758,1.2,0.0,1004.83246,71.0,7.989242,0.0,0.0,0.0
2025-12-16 01:00:00+01:00,2.4,87.58607,0.55,0.0,1005.197,88.0,8.11798,0.0,0.0,0.0
2025-12-16 02:00:00+01:00,1.75,87.84225,-0.05,0.0,1004.7721,9.0,8.0599,0.0,0.0,0.0
2025-12-16 03:00:00+01:00,1.25,89.40734,-0.3,0.0,1004.551,2.0,8.55142,0.0,0.0,0.0
2025-12-16 04:00:00+01:00,1.3,88.120316,-0.45,0.0,1004.1587,23.0,7.7879906,0.0,0.0,0.0
2025-12-16 05:00:00+01:00,1.1,87.14314,-0.8,0.0,1004.0505,20.0,7.3447943,0.0,0.0,0.0
2025-12-16 06:00:00+01:00,0.05,87.35995,-1.8,0.0,1004.001,2.0,5.7515564,0.0,0.0,0.0
2025-12-16 07:00:00+01:00,0.35,89.332954,-1.2,0.0,1004.31134,66.0,6.7853074,0.0,0.0,0.0
2025-12-16 08:00:00+01:00,-0.7,91.24283,-1.95,0.0,1004.4593,73.0,4.978554,0.0,0.0,0.0
2025-12-16 09:00:00+01:00,-0.2,90.609604,-1.55,0.0,1004.68036,62.0,5.5916004,4.0,7.0,11.0
2025-12-16 10:00:00+01:00,1.55,86.87087,-0.4,0.0,1004.6639,93.0,9.526405,43.0,40.0,83.0
2025-12-16 11:00:00+01:00,2.5,82.66814,-0.15,0.0,1004.8069,91.0,6.698806,87.0,71.0,158.0
2025-12-16 12:00:00+01:00,3.4,79.27149,0.15,0.0,1004.5523,99.0,4.8965297,154.0,68.0,222.0
2025-12-16 13:00:00+01:00,3.8,73.78434,-0.45,0.0,1003.7807,96.0,6.5520988,155.0,79.0,234.0
2025-12-16 14:00:00+01:00,4.05,69.90375,-0.95,0.0,1003.49615,100.0,3.0811036,136.0,72.0,208.0
2025-12-16 15:00:00+01:00,3.05,75.005806,-0.95,0.0,1003.6476,100.0,3.096837,42.0,81.0,123.0
2025-12-16 16:00:00+01:00,1.5,81.63658,-1.3,0.0,1003.9707,100.0,3.4152596,9.0,41.0,50.0
2025-12-16 17:00:00+01:00,0.75,81.83517,-2.0,0.0,1004.23157,100.0,3.4623692,0.0,2.0,2.0
2025-12-16 18:00:00+01:00,0.7,82.43392,-1.95,0.0,1004.62415,100.0,4.68,0.0,0.0,0.0
2025-12-16 19:00:00+01:00,1.25,89.40734,-0.3,0.0,1004.84717,100.0,5.771239,0.0,0.0,0.0
2025-12-16 20:00:00+01:00,0.2,92.64925,-0.85,0.0,1004.8967,100.0,4.2671766,0.0,0.0,0.0
2025-12-16 21:00:00+01:00,0.15,94.00887,-0.7,0.0,1004.9929,100.0,3.6402748,0.0,0.0,0.0
2025-12-16 22:00:00+01:00,-0.3,95.024445,-1.0,0.0,1005.26794,100.0,2.34,0.0,0.0,0.0
2025-12-16 23:00:00+01:00,-0.7,96.41151,-1.2,0.0,1005.249,81.0,1.2727921,0.0,0.0,0.0
2025-12-17 00:00:00+01:00,-1.05,97.82675,-1.35,0.0,1005.4296,96.0,1.5379207,0.0,0.0,0.0
2025-12-17 01:00:00+01:00,-0.25,97.8409,-0.55,0.0,1005.8628,100.0,6.015878,0.0,0.0,0.0
2025-12-17 02:00:00+01:00,0.3,97.14322,-0.1,0.0,1005.7899,99.0,7.0591216,0.0,0.0,0.0
2025-12-17 03:00:00+01:00,0.45,96.79516,0.0,0.0,1005.69824,100.0,5.441838,0.0,0.0,0.0
2025-12-17 04:00:00+01:00,0.2,97.494286,-0.15,0.0,1005.98267,100.0,6.8423676,0.0,0.0,0.0
2025-12-17 05:00:00+01:00,-0.05,98.2008,-0.3,0.0,1005.97095,98.0,3.9477081,0.0,0.0,0.0
2025-12-17 06:00:00+01:00,-0.2,98.55656,-0.4,0.0,1006.45734,95.0,5.426933,0.0,0.0,0.0
2025-12-17 07:00:00+01:00,-0.65,98.91166,-0.8,0.0,1007.2255,95.0,4.060985,0.0,0.0,0.0
2025-12-17 08:00:00+01:00,-0.7,98.91122,-0.85,0.0,1008.0131,100.0,5.1481256,0.0,0.0,0.0
2025-12-17 09:00:00+01:00,-0.35,98.19638,-0.6,0.0,1008.6222,100.0,7.0038276,2.0,6.0,8.0
2025-12-17 10:00:00+01:00,0.5,96.44618,0.0,0.0,1009.15607,100.0,7.4520864,22.0,38.0,60.0
2025-12-17 11:00:00+01:00,1.45,93.73172,0.55,0.0,1009.4969,100.0,8.748075,33.0,82.0,115.0
2025-12-17 12:00:00+01:00,2.35,91.12208,1.05,0.0,1009.44037,98.0,9.299225,63.0,100.0,163.0
2025-12-17 13:00:00+01:00,1.2,92.03788,0.05,0.0,1009.4852,100.0,6.1305785,85.0,96.0,181.0
2025-12-17 14:00:00+01:00,1.6,89.11243,0.0,0.0,1009.40515,100.0,5.3457265,21.0,97.0,118.0
2025-12-17 15:00:00+01:00,1.95,88.82008,0.3,0.0,1009.32294,100.0,3.3043609,20.0,74.0,94.0
2025-12-17 16:00:00+01:00,1.1,92.36599,0.0,0.0,1009.3818,91.0,1.3104197,15.0,31.0,46.0
2025-12-17 17:00:00+01:00,0.3,92.99367,-0.7,0.0,1009.5414,37.0,1.2074767,0.0,2.0,2.0
2025-12-17 18:00:00+01:00,0.0,94.34549,-0.8,0.0,1009.82336,77.0,1.98,0.0,0.0,0.0
2025-12-17 19:00:00+01:00,0.9,97.15707,0.5,0.0,1009.8659,100.0,1.609969,0.0,0.0,0.0
2025-12-17 20:00:00+01:00,2.5,94.11978,1.65,0.0,1010.03973,100.0,0.9178235,0.0,0.0,0.0
2025-12-17 21:00:00+01:00,2.75,93.79588,1.85,0.0,1010.1502,100.0,0.9693296,0.0,0.0,0.0
2025-12-17 22:00:00+01:00,3.05,94.145294,2.2,0.0,1010.3616,100.0,1.835647,0.0,0.0,0.0
2025-12-17 23:00:00+01:00,3.45,93.49735,2.5,0.0,1010.38,100.0,2.2910259,0.0,0.0,0.0
2025-12-18 00:00:00+01:00,3.45,93.83002,2.55,0.0,1010.38,100.0,4.080882,0.0,0.0,0.0
2025-12-18 01:00:00+01:00,4.35,89.97601,2.85,0.0,1010.3228,98.0,3.84796,0.0,0.0,0.0
2025-12-18 02:00:00+01:00,4.05,91.23863,2.75,0.0,1010.2105,100.0,3.2599385,0.0,0.0,0.0
2025-12-18 03:00:00+01:00,4.2,91.57242,2.95,0.0,1010.2174,100.0,6.7205353,0.0,0.0,0.0
2025-12-18 04:00:00+01:00,4.75,93.2349,3.75,0.1,1010.14374,100.0,8.338489,0.0,0.0,0.0
2025-12-18 05:00:00+01:00,4.9,95.560394,4.25,0.1,1009.95325,99.0,10.337078,0.0,0.0,0.0
2025-12-18 06:00:00+01:00,4.85,96.567795,4.35,0.0,1009.8523,99.0,10.472535,0.0,0.0,0.0
2025-12-18 07:00:00+01:00,4.45,96.55688,3.95,0.0,1010.2288,60.0,11.212135,0.0,0.0,0.0
2025-12-18 08:00:00+01:00,4.0,97.569885,3.65,0.0,1010.307,100.0,12.011544,0.0,0.0,0.0
2025-12-18 09:00:00+01:00,4.35,98.60882,4.15,0.0,1010.3228,100.0,11.855429,1.0,5.0,6.0
2025-12-18 10:00:00+01:00,4.75,98.26925,4.5,0.0,1010.63745,100.0,11.931705,7.0,33.0,40.0
2025-12-18 11:00:00+01:00,5.2,96.914856,4.75,0.0,1010.5597,100.0,11.886816,29.0,62.0,91.0
2025-12-18 12:00:00+01:00,5.85,93.61832,4.9,0.0,1009.89795,88.0,10.583326,66.0,78.0,144.0
2025-12-18 13:00:00+01:00,7.05,92.71225,5.95,0.0,1009.1625,77.0,5.854844,82.0,84.0,166.0
2025-12-18 14:00:00+01:00,7.65,88.98842,5.95,0.0,1008.49817,100.0,4.514377,93.0,76.0,169.0
2025-12-18 15:00:00+01:00,7.8,89.30844,6.15,0.0,1007.91223,53.0,2.2768397,82.0,55.0,137.0
2025-12-18 16:00:00+01:00,6.55,89.20676,4.9,0.0,1007.55963,9.0,5.1919937,34.0,27.0,61.0
2025-12-18 17:00:00+01:00,5.9,87.29714,3.95,0.0,1007.3327,69.0,6.444905,1.0,2.0,3.0
2025-12-18 18:00:00+01:00,5.55,86.34616,3.45,0.0,1007.31683,77.0,6.7397914,0.0,0.0,0.0
2025-12-18 19:00:00+01:00,5.25,86.62089,3.2,0.0,1007.0071,99.0,6.050785,0.0,0.0,0.0
2025-12-18 20:00:00+01:00,5.0,85.68048,2.8,0.0,1006.50195,100.0,3.84796,0.0,0.0,0.0
2025-12-18 21:00:00+01:00,5.05,84.779526,2.7,0.0,1006.3066,98.0,4.8965297,0.0,0.0,0.0
2025-12-18 22:00:00+01:00,5.15,85.696556,2.95,0.0,1006.3111,97.0,7.653705,0.0,0.0,0.0
2025-12-18 23:00:00+01:00,5.5,86.34104,3.4,0.0,1006.5247,98.0,8.4963045,0.0,0.0,0.0
2025-12-19 00:00:00+01:00,5.1,87.838646,3.25,0.0,1007.1976,94.0,9.82114,0.0,0.0,0.0
2025-12-19 01:00:00+01:00,4.8,86.269035,2.7,0.0,1007.0852,98.0,8.281956,0.0,0.0,0.0
2025-12-19 02:00:00+01:00,4.8,84.75114,2.45,0.0,1007.0852,98.0,8.942214,0.0,0.0,0.0
2025-12-19 03:00:00+01:00,4.6,85.03046,2.3,0.0,1007.27356,98.0,10.373061,0.0,0.0,0.0
2025-12-19 04:00:00+01:00,4.45,87.157326,2.5,0.0,1007.26654,96.0,11.328566,0.0,0.0,0.0
2025-12-19 05:00:00+01:00,4.5,86.23801,2.4,0.0,1007.1701,35.0,10.825469,0.0,0.0,0.0
2025-12-19 06:00:00+01:00,4.65,84.13294,2.2,0.0,1007.2758,75.0,11.712454,0.0,0.0,0.0
2025-12-19 07:00:00+01:00,4.05,89.63393,2.5,0.0,1007.2483,100.0,6.452441,0.0,0.0,0.0
2025-12-19 08:00:00+01:00,5.6,83.061066,2.95,0.0,1007.41785,91.0,9.109138,0.0,0.0,0.0
2025-12-19 09:00:00+01:00,5.45,84.824776,3.1,0.0,1007.90497,62.0,10.228373,1.0,5.0,6.0
2025-12-19 10:00:00+01:00,6.2,84.90911,3.85,0.0,1008.33386,100.0,10.304114,21.0,36.0,57.0
2025-12-19 11:00:00+01:00,7.35,81.54962,4.4,0.0,1008.682,100.0,10.44,18.0,73.0,91.0
2025-12-19 12:00:00+01:00,7.95,80.21959,4.75,0.0,1008.709,100.0,9.793059,0.0,74.0,74.0
2025-12-19 13:00:00+01:00,8.4,79.44999,5.05,0.0,1008.43286,100.0,7.5363917,0.0,73.0,73.0
2025-12-19 14:00:00+01:00,8.45,82.264046,5.6,0.0,1008.2376,100.0,8.149847,0.0,59.0,59.0
2025-12-19 15:00:00+01:00,8.45,81.979485,5.55,0.1,1008.2376,100.0,9.567131,0.0,23.0,23.0
2025-12-19 16:00:00+01:00,8.15,85.420105,5.85,0.1,1008.22437,100.0,9.299225,0.0,17.0,17.0
2025-12-19 17:00:00+01:00,7.8,88.69423,6.05,0.0,1008.20856,97.0,8.404285,0.0,1.0,1.0
2025-12-19 18:00:00+01:00,7.45,90.83602,6.05,0.0,1008.29175,100.0,8.274128,0.0,0.0,0.0
2025-12-19 19:00:00+01:00,7.2,91.13312,5.85,0.0,1008.47784,100.0,6.638072,0.0,0.0,0.0
2025-12-19 20:00:00+01:00,7.6,90.846504,6.2,0.1,1008.6934,100.0,7.6388745,0.0,0.0,0.0
2025-12-19 21:00:00+01:00,7.15,92.71787,6.05,0.1,1008.6731,99.0,6.8423676,0.0,0.0,0.0
2025-12-19 22:00:00+01:00,6.2,96.60427,5.7,0.0,1008.6301,100.0,6.8541956,0.0,0.0,0.0
2025-12-19 23:00:00+01:00,6.35,97.952576,6.05,0.0,1008.637,100.0,6.7853074,0.0,0.0,0.0
2025-12-20 00:00:00+01:00,6.4,98.63145,6.2,0.1,1008.24426,100.0,3.8647635,0.0,0.0,0.0
2025-12-20 01:00:00+01:00,7.1,96.29669,6.55,0.0,1008.17725,100.0,1.2074767,0.0,0.0,0.0
2025-12-20 02:00:00+01:00,6.9,96.622955,6.4,0.0,1007.87164,100.0,0.40249225,0.0,0.0,0.0
2025-12-20 03:00:00+01:00,6.65,97.62062,6.3,0.0,1007.9594,100.0,1.08,0.0,0.0,0.0
2025-12-20 04:00:00+01:00,6.45,98.63198,6.25,0.0,1007.65405,100.0,1.1525624,0.0,0.0,0.0
2025-12-20 05:00:00+01:00,6.25,98.97079,6.1,0.0,1007.05225,100.0,4.1046314,0.0,0.0,0.0
2025-12-20 06:00:00+01:00,5.9,98.9679,5.75,0.0,1006.64154,100.0,3.319036,0.0,0.0,0.0
2025-12-20 07:00:00+01:00,6.5,99.65657,6.45,0.0,1006.2736,100.0,5.5450516,0.0,0.0,0.0
2025-12-20 08:00:00+01:00,6.65,99.315,6.55,0.0,1006.28064,100.0,4.846648,0.0,0.0,0.0
2025-12-20 09:00:00+01:00,6.9,99.316376,6.8,0.0,1006.2916,100.0,7.327127,0.0,3.0,3.0
2025-12-20 10:00:00+01:00,7.3,98.979355,7.15,0.1,1006.1121,100.0,8.181589,0.0,20.0,20.0
2025-12-20 11:00:00+01:00,7.75,98.64604,7.55,0.1,1005.8361,100.0,8.019601,0.0,38.0,38.0
2025-12-20 12:00:00+01:00,8.15,98.98623,8.0,0.2,1005.1628,100.0,8.913181,0.0,50.0,50.0
2025-12-20 13:00:00+01:00,7.95,97.31252,7.55,0.0,1004.36365,100.0,9.085988,0.0,57.0,57.0
2025-12-20 14:00:00+01:00,8.3,95.67724,7.65,0.0,1003.7868,100.0,8.3520775,0.0,48.0,48.0
2025-12-20 15:00:00+01:00,8.1,95.01932,7.35,0.0,1003.58044,100.0,8.067936,0.0,25.0,25.0
2025-12-20 16:00:00+01:00,7.9,93.078575,6.85,0.0,1003.47253,100.0,7.24486,2.0,28.0,30.0
2025-12-20 17:00:00+01:00,7.6,91.160194,6.25,0.0,1003.3606,100.0,7.889259,0.0,1.0,1.0
2025-12-20 18:00:00+01:00,7.6,88.371056,5.8,0.0,1003.1631,100.0,7.0911775,0.0,0.0,0.0
2025-12-20 19:00:00+01:00,7.4,89.276054,5.75,0.0,1003.05524,99.0,6.21717,0.0,0.0,0.0
2025-12-20 20:00:00+01:00,7.05,89.86889,5.5,0.0,1003.1385,100.0,5.414979,0.0,0.0,0.0
2025-12-20 21:00:00+01:00,7.3,88.03891,5.45,0.1,1002.8532,95.0,8.101999,0.0,0.0,0.0
2025-12-20 22:00:00+01:00,6.75,89.223114,5.1,0.4,1002.8287,100.0,6.519877,0.0,0.0,0.0
2025-12-20 23:00:00+01:00,6.15,89.799225,4.6,0.0,1002.80164,95.0,5.637765,0.0,0.0,0.0
2025-12-21 00:00:00+01:00,5.45,89.744576,3.9,0.0,1002.4739,95.0,6.28713,0.0,0.0,0.0
2025-12-21 01:00:00+01:00,5.4,89.74064,3.85,0.0,1002.3726,93.0,7.9567327,0.0,0.0,0.0
2025-12-21 02:00:00+01:00,5.1,89.71707,3.55,0.0,1002.4578,98.0,5.8603754,0.0,0.0,0.0
2025-12-21 03:00:00+01:00,4.9,89.38533,3.3,0.0,1002.35,99.0,6.638072,0.0,0.0,0.0
2025-12-21 04:00:00+01:00,4.45,91.912766,3.25,0.0,1002.2307,99.0,8.536252,0.0,0.0,0.0
2025-12-21 05:00:00+01:00,4.2,93.205765,3.2,0.0,1002.12067,100.0,8.55142,0.0,0.0,0.0
2025-12-21 06:00:00+01:00,3.75,93.84457,2.85,0.0,1001.90247,100.0,8.244708,0.0,0.0,0.0
2025-12-21 07:00:00+01:00,3.7,94.844536,2.95,0.0,1001.7027,100.0,8.528657,0.0,0.0,0.0
2025-12-21 08:00:00+01:00,2.9,95.82991,2.3,0.0,1001.6659,100.0,9.044888,0.0,0.0,0.0
2025-12-21 09:00:00+01:00,2.95,97.20362,2.55,0.0,1002.16187,100.0,10.009036,0.0,8.0,8.0
2025-12-21 10:00:00+01:00,4.2,94.53096,3.4,0.0,1002.3181,100.0,10.070353,17.0,52.0,69.0
2025-12-21 11:00:00+01:00,5.85,90.090645,4.35,0.0,1002.2943,98.0,10.383987,59.0,82.0,141.0
2025-12-21 12:00:00+01:00,7.05,79.81038,3.8,0.0,1001.756,99.0,10.036512,132.0,81.0,213.0
2025-12-21 13:00:00+01:00,8.3,76.44329,4.4,0.0,1000.429,100.0,10.7894945,150.0,81.0,231.0
2025-12-21 14:00:00+01:00,9.25,70.69465,4.2,0.0,999.977,47.0,11.200571,136.0,72.0,208.0
2025-12-21 15:00:00+01:00,8.95,69.40478,3.65,0.0,999.66754,16.0,11.833546,108.0,47.0,155.0
2025-12-21 16:00:00+01:00,7.35,72.089226,2.65,0.0,999.59656,19.0,10.8015,42.0,25.0,67.0
2025-12-21 17:00:00+01:00,5.9,77.686295,2.3,0.0,999.43286,89.0,11.298495,1.0,2.0,3.0
2025-12-21 18:00:00+01:00,5.15,80.38822,2.05,0.0,999.30023,31.0,11.7,0.0,0.0,0.0
2025-12-21 19:00:00+01:00,5.65,81.32038,2.7,0.0,998.53284,4.0,12.218805,0.0,0.0,0.0
2025-12-21 20:00:00+01:00,5.15,82.71041,2.45,0.0,998.70776,48.0,10.316686,0.0,0.0,0.0
2025-12-21 21:00:00+01:00,4.85,83.26312,2.25,0.0,998.6943,91.0,10.185519,0.0,0.0,0.0
2025-12-21 22:00:00+01:00,4.6,82.64025,1.9,0.0,998.683,74.0,10.97262,0.0,0.0,0.0
2025-12-21 23:00:00+01:00,4.1,82.28057,1.35,0.0,998.7588,30.0,11.226575,0.0,0.0,0.0
2025-12-22 00:00:00+01:00,3.55,83.10118,0.95,0.0,998.83246,0.0,10.44,0.0,0.0,0.0
2025-12-22 01:00:00+01:00,3.5,81.9062,0.7,0.0,998.534,16.0,10.316686,0.0,0.0,0.0
2025-12-22 02:00:00+01:00,3.2,81.86612,0.4,0.0,998.7178,13.0,9.422101,0.0,0.0,0.0
2025-12-22 03:00:00+01:00,2.9,82.71956,0.25,0.0,998.70386,44.0,10.185519,0.0,0.0,0.0
2025-12-22 04:00:00+01:00,2.5,84.7928,0.2,0.0,998.8829,72.0,9.54679,0.0,0.0,0.0
2025-12-22 05:00:00+01:00,1.95,86.910934,0.0,0.0,999.055,53.0,8.14587,0.0,0.0,0.0
2025-12-22 06:00:00+01:00,1.55,88.143166,-0.2,0.0,999.2338,86.0,8.528657,0.0,0.0,0.0
2025-12-22 07:00:00+01:00,1.15,88.75076,-0.5,0.0,999.3141,26.0,8.827344,0.0,0.0,0.0
2025-12-22 08:00:00+01:00,0.9,90.360725,-0.5,0.0,999.79584,52.0,9.037721,0.0,0.0,0.0
2025-12-22 09:00:00+01:00,0.8,91.34572,-0.45,0.0,1000.1863,90.0,8.574123,3.0,6.0,9.0
2025-12-22 10:00:00+01:00,2.3,86.631996,0.3,0.0,1000.45355,92.0,8.536252,24.0,42.0,66.0
2025-12-22 11:00:00+01:00,3.2,83.65848,0.7,0.0,1000.495,100.0,8.891344,37.0,72.0,109.0
2025-12-22 12:00:00+01:00,3.8,81.94615,1.0,0.0,1000.4236,100.0,10.609316,42.0,98.0,140.0
2025-12-22 13:00:00+01:00,3.75,81.05932,0.8,0.0,1000.2239,100.0,12.284916,53.0,97.0,150.0
2025-12-22 14:00:00+01:00,4.1,78.806625,0.75,0.0,1000.04236,100.0,12.108261,10.0,96.0,106.0
2025-12-22 15:00:00+01:00,4.3,77.151535,0.65,0.0,1000.0516,100.0,10.98,5.0,71.0,76.0
2025-12-22 16:00:00+01:00,4.15,79.95716,1.0,0.0,1000.0446,100.0,8.260411,2.0,35.0,37.0
2025-12-22 17:00:00+01:00,3.65,83.41298,1.1,0.0,1000.31824,100.0,6.1226463,0.0,2.0,2.0
2025-12-22 18:00:00+01:00,3.45,85.51284,1.25,0.0,1000.7038,100.0,8.043805,0.0,0.0,0.0
2025-12-22 19:00:00+01:00,3.95,85.56723,1.75,0.0,1000.62805,100.0,10.373061,0.0,0.0,0.0
2025-12-22 20:00:00+01:00,4.1,84.974365,1.8,0.0,1000.8323,100.0,10.564941,0.0,0.0,0.0
2025-12-22 21:00:00+01:00,3.75,85.85226,1.6,0.0,1001.01373,100.0,10.316686,0.0,0.0,0.0
2025-12-22 22:00:00+01:00,3.5,86.44307,1.45,0.0,1001.19995,100.0,10.718693,0.0,0.0,0.0
2025-12-22 23:00:00+01:00,3.0,87.64285,1.15,0.0,1001.17694,100.0,10.694485,0.0,0.0,0.0
2025-12-23 00:00:00+01:00,2.95,86.69789,0.95,0.0,1001.2732,100.0,10.601679,0.0,0.0,0.0
2025-12-23 01:00:00+01:00,3.15,87.03005,1.2,0.0,1001.4801,100.0,11.391313,0.0,0.0,0.0
2025-12-23 02:00:00+01:00,3.2,86.10235,1.1,0.0,1001.5811,100.0,10.404249,0.0,0.0,0.0
2025-12-23 03:00:00+01:00,3.2,84.87262,0.9,0.0,1001.77856,100.0,11.282711,0.0,0.0,0.0
2025-12-23 04:00:00+01:00,3.2,83.65848,0.7,0.0,1001.8773,100.0,11.885453,0.0,0.0,0.0
2025-12-23 05:00:00+01:00,3.05,82.7388,0.4,0.0,1001.96906,100.0,11.778658,0.0,0.0,0.0
2025-12-23 06:00:00+01:00,3.0,82.433754,0.3,0.0,1002.0656,100.0,12.229406,0.0,0.0,0.0
2025-12-23 07:00:00+01:00,3.8,79.33155,0.55,0.0,1002.20087,84.0,14.224556,0.0,0.0,0.0
2025-12-23 08:00:00+01:00,3.9,78.776,0.55,0.0,1002.79803,100.0,13.6289835,0.0,0.0,0.0
2025-12-23 09:00:00+01:00,3.95,78.78366,0.6,0.0,1003.19525,100.0,14.480773,0.0,5.0,5.0
2025-12-23 10:00:00+01:00,4.35,76.60512,0.6,0.0,1003.70715,100.0,13.6289835,1.0,39.0,40.0
2025-12-23 11:00:00+01:00,4.95,72.147446,0.35,0.0,1004.2283,100.0,17.381886,6.0,78.0,84.0
2025-12-23 12:00:00+01:00,5.4,65.50351,-0.55,0.0,1004.24884,96.0,18.0,1.0,85.0,86.0
2025-12-23 13:00:00+01:00,5.15,68.61854,-0.15,0.0,1004.3362,100.0,18.22361,18.0,102.0,120.0
2025-12-23 14:00:00+01:00,5.1,70.372055,0.15,0.0,1004.63025,100.0,19.523985,15.0,84.0,99.0
2025-12-23 15:00:00+01:00,5.3,72.21444,0.7,0.0,1004.93555,100.0,13.337016,3.0,60.0,63.0
2025-12-23 16:00:00+01:00,5.1,73.48982,0.75,0.0,1005.3214,100.0,14.092978,3.0,25.0,28.0
2025-12-23 17:00:00+01:00,4.8,74.77162,0.7,0.0,1006.0978,100.0,15.077082,0.0,1.0,1.0
2025-12-23 18:00:00+01:00,4.6,75.822655,0.7,0.0,1006.77985,100.0,15.951087,0.0,0.0,0.0
2025-12-23 19:00:00+01:00,4.8,75.04161,0.75,0.0,1007.28265,100.0,16.685719,0.0,0.0,0.0
2025-12-23 20:00:00+01:00,4.55,76.362724,0.75,0.0,1008.0613,100.0,17.31746,0.0,0.0,0.0
2025-12-23 21:00:00+01:00,4.25,78.26389,0.8,0.0,1008.5411,100.0,17.23964,0.0,0.0,0.0
2025-12-23 22:00:00+01:00,3.7,79.60355,0.5,0.0,1009.3056,100.0,19.06046,0.0,0.0,0.0
2025-12-23 23:00:00+01:00,3.2,78.668335,-0.15,0.0,1009.6774,100.0,19.761507,0.0,0.0,0.0
2025-12-24 00:00:00+01:00,2.55,78.56767,-0.8,0.0,1010.2397,100.0,21.281145,0.0,0.0,0.0
2025-12-24 01:00:00+01:00,2.4,79.99121,-0.7,0.0,1010.72614,100.0,21.20412,0.0,0.0,0.0
2025-12-24 02:00:00+01:00,2.05,75.9383,-1.75,0.0,1011.30237,87.0,20.999144,0.0,0.0,0.0
2025-12-24 03:00:00+01:00,1.45,73.34848,-2.8,0.0,1011.9651,14.0,20.304129,0.0,0.0,0.0
2025-12-24 04:00:00+01:00,0.5,75.10766,-3.4,0.0,1012.41394,23.0,19.734436,0.0,0.0,0.0
2025-12-24 05:00:00+01:00,0.3,74.51297,-3.7,0.0,1012.6018,15.0,19.820442,0.0,0.0,0.0
2025-12-24 06:00:00+01:00,0.05,71.99369,-4.4,0.0,1012.7873,36.0,19.90852,0.0,0.0,0.0
2025-12-24 07:00:00+01:00,0.15,69.87717,-4.7,0.0,1012.89075,7.0,20.46941,0.0,0.0,0.0
2025-12-24 08:00:00+01:00,0.15,69.87717,-4.7,0.0,1013.38434,25.0,20.699999,0.0,0.0,0.0
2025-12-24 09:00:00+01:00,0.5,73.1694,-3.75,0.0,1014.09216,99.0,20.188908,3.0,5.0,8.0
2025-12-24 10:00:00+01:00,1.3,68.81682,-3.8,0.0,1014.6238,100.0,22.786179,0.0,38.0,38.0
2025-12-24 11:00:00+01:00,1.9,63.7368,-4.25,0.0,1014.9483,100.0,24.823036,13.0,79.0,92.0
2025-12-24 12:00:00+01:00,2.05,60.272224,-4.85,0.0,1014.75793,99.0,25.12854,4.0,105.0,109.0
2025-12-24 13:00:00+01:00,1.35,69.86411,-3.55,0.0,1014.32983,100.0,27.108381,16.0,109.0,125.0
2025-12-24 14:00:00+01:00,0.85,69.238846,-4.15,0.0,1013.8127,100.0,25.968079,7.0,68.0,75.0
2025-12-24 15:00:00+01:00,0.4,70.192665,-4.4,0.0,1013.6926,100.0,27.64099,11.0,66.0,77.0
2025-12-24 16:00:00+01:00,-0.15,70.34421,-4.9,0.0,1014.0613,100.0,27.792374,11.0,26.0,37.0
2025-12-24 17:00:00+01:00,-0.8,70.74506,-5.45,0.0,1014.2276,98.0,26.790989,0.0,2.0,2.0
2025-12-24 18:00:00+01:00,-1.25,69.84982,-6.05,0.0,1014.50195,93.0,24.798225,0.0,0.0,0.0
2025-12-24 19:00:00+01:00,-0.95,71.25353,-5.5,0.0,1014.1215,90.0,25.848024,0.0,0.0,0.0
2025-12-24 20:00:00+01:00,-1.5,70.60169,-6.15,0.0,1014.19385,100.0,25.216064,0.0,0.0,0.0
2025-12-24 21:00:00+01:00,-1.95,71.32358,-6.45,0.0,1014.3695,97.0,23.431824,0.0,0.0,0.0
2025-12-24 22:00:00+01:00,-1.85,69.45704,-6.7,0.0,1014.47296,38.0,22.169981,0.0,0.0,0.0
2025-12-24 23:00:00+01:00,-1.9,68.6513,-6.9,0.0,1014.47046,20.0,20.765635,0.0,0.0,0.0
2025-12-25 00:00:00+01:00,-1.95,67.33292,-7.2,0.0,1014.6657,18.0,19.494091,0.0,0.0,0.0
2025-12-25 01:00:00+01:00,-2.0,69.42519,-6.85,0.0,1014.5645,8.0,19.777897,0.0,0.0,0.0
2025-12-25 02:00:00+01:00,-2.15,69.660545,-6.95,0.0,1014.5572,5.0,18.713942,0.0,0.0,0.0
2025-12-25 03:00:00+01:00,-2.15,68.070854,-7.25,0.0,1014.8533,2.0,18.089775,0.0,0.0,0.0
2025-12-25 04:00:00+01:00,-2.35,67.243385,-7.6,0.0,1014.84375,2.0,18.466455,0.0,0.0,0.0
2025-12-25 05:00:00+01:00,-2.45,67.48136,-7.65,0.0,1014.6416,2.0,18.329973,0.0,0.0,0.0
2025-12-25 06:00:00+01:00,-2.35,68.02688,-7.45,0.0,1014.64636,6.0,17.703253,0.0,0.0,0.0
2025-12-25 07:00:00+01:00,-2.9,71.68155,-7.3,0.0,1014.81683,25.0,18.000898,0.0,0.0,0.0
2025-12-25 08:00:00+01:00,-2.7,71.17163,-7.2,0.0,1015.22125,40.0,17.377226,0.0,0.0,0.0
2025-12-25 09:00:00+01:00,-2.3,69.09488,-7.2,0.0,1015.7347,48.0,17.065859,2.0,5.0,7.0
2025-12-25 10:00:00+01:00,-0.6,63.136745,-6.75,0.0,1015.91534,36.0,18.626305,36.0,35.0,71.0
2025-12-25 11:00:00+01:00,0.1,61.40077,-6.45,0.0,1015.6527,3.0,16.904673,107.0,55.0,162.0
2025-12-25 12:00:00+01:00,0.6,59.675198,-6.35,0.0,1015.08417,1.0,19.084246,179.0,53.0,232.0
2025-12-25 13:00:00+01:00,1.1,60.48974,-5.7,0.0,1014.4168,0.0,17.046865,197.0,55.0,252.0
2025-12-25 14:00:00+01:00,2.15,54.844086,-6.0,0.0,1014.07153,0.0,16.1198,176.0,52.0,228.0
2025-12-25 15:00:00+01:00,2.35,53.862953,-6.05,0.0,1013.982,0.0,15.735336,118.0,44.0,162.0
2025-12-25 16:00:00+01:00,1.15,56.921165,-6.45,0.0,1014.0244,0.0,15.435983,43.0,27.0,70.0
2025-12-25 17:00:00+01:00,0.0,62.084526,-6.4,0.0,1014.2658,0.0,16.63905,1.0,3.0,4.0
2025-12-25 18:00:00+01:00,-0.35,64.417274,-6.25,0.0,1014.64417,0.0,16.774803,0.0,0.0,0.0
2025-12-25 19:00:00+01:00,-1.25,69.31889,-6.15,0.0,1014.99554,0.0,16.276817,0.0,0.0,0.0
2025-12-25 20:00:00+01:00,-1.65,72.7579,-5.9,0.0,1015.1737,0.0,15.990646,0.0,0.0,0.0
2025-12-25 21:00:00+01:00,-1.75,74.70261,-5.65,0.0,1015.56366,0.0,15.627897,0.0,0.0,0.0
2025-12-25 22:00:00+01:00,-1.9,75.53212,-5.65,0.0,1015.9512,0.0,15.22783,0.0,0.0,0.0
2025-12-25 23:00:00+01:00,-2.2,76.056015,-5.85,0.0,1016.03564,0.0,15.095336,0.0,0.0,0.0
2025-12-26 00:00:00+01:00,-2.3,76.328804,-5.9,0.0,1015.932,0.0,14.787414,0.0,0.0,0.0
2025-12-26 01:00:00+01:00,-2.65,76.85295,-6.15,0.0,1015.9148,0.0,14.677452,0.0,0.0,0.0
2025-12-26 02:00:00+01:00,-2.9,78.89161,-6.05,0.0,1015.90265,0.0,14.628807,0.0,0.0,0.0
2025-12-26 03:00:00+01:00,-3.0,79.78366,-6.0,0.0,1015.79913,0.0,14.926983,0.0,0.0,0.0
2025-12-26 04:00:00+01:00,-3.0,80.39397,-5.9,0.0,1015.8978,0.0,14.879153,0.0,0.0,0.0
2025-12-26 05:00:00+01:00,-2.95,81.01557,-5.75,0.0,1015.70276,0.0,13.979872,0.0,0.0,0.0
2025-12-26 06:00:00+01:00,-2.8,81.6548,-5.5,0.0,1015.8087,0.0,13.878689,0.0,0.0,0.0
2025-12-26 07:00:00+01:00,-3.05,82.55625,-5.6,0.0,1016.19147,0.0,13.433838,0.0,0.0,0.0
2025-12-26 08:00:00+01:00,-3.3,84.74847,-5.5,0.0,1016.673,13.0,13.287122,0.0,0.0,0.0
2025-12-26 09:00:00+01:00,-2.95,82.88345,-5.45,0.0,1017.18335,7.0,12.535549,4.0,4.0,8.0
2025-12-26 10:00:00+01:00,-1.45,74.47421,-5.4,0.0,1017.5527,16.0,14.512064,55.0,31.0,86.0
2025-12-26 11:00:00+01:00,0.6,64.64089,-5.3,0.0,1018.0459,3.0,12.535549,132.0,46.0,178.0
2025-12-26 12:00:00+01:00,2.3,59.656845,-4.75,0.0,1017.83044,9.0,11.886816,188.0,52.0,240.0
2025-12-26 13:00:00+01:00,3.15,63.321445,-3.15,0.0,1017.5741,1.0,12.13499,205.0,54.0,259.0
2025-12-26 14:00:00+01:00,3.85,61.176716,-2.95,0.0,1017.2117,7.0,10.144082,181.0,52.0,233.0
2025-12-26 15:00:00+01:00,3.55,62.481766,-2.95,0.0,1017.2965,2.0,8.707237,121.0,45.0,166.0
2025-12-26 16:00:00+01:00,2.0,68.709114,-3.15,0.0,1017.5197,0.0,10.315115,45.0,27.0,72.0
2025-12-26 17:00:00+01:00,1.0,72.99141,-3.3,0.0,1017.86743,0.0,11.583109,2.0,2.0,4.0
2025-12-26 18:00:00+01:00,0.5,74.828,-3.45,0.0,1018.23865,0.0,11.391313,0.0,0.0,0.0
2025-12-26 19:00:00+01:00,0.4,75.93491,-3.35,0.0,1018.3326,0.0,12.257194,0.0,0.0,0.0
2025-12-26 20:00:00+01:00,0.0,78.75087,-3.25,0.0,1018.7083,0.0,13.130133,0.0,0.0,0.0
2025-12-26 21:00:00+01:00,-0.3,80.485085,-3.25,0.0,1019.0888,0.0,12.785069,0.0,0.0,0.0
2025-12-26 22:00:00+01:00,-0.5,81.05846,-3.35,0.0,1019.3753,0.0,12.961249,0.0,0.0,0.0
2025-12-26 23:00:00+01:00,-0.75,81.3263,-3.55,0.0,1019.3631,0.0,12.348051,0.0,0.0,0.0
2025-12-27 00:00:00+01:00,-0.95,80.99477,-3.8,0.0,1019.45215,0.0,12.204212,0.0,0.0,0.0
2025-12-27 01:00:00+01:00,-1.1,80.97346,-3.95,0.0,1019.0504,0.0,12.261157,0.0,0.0,0.0
2025-12-27 02:00:00+01:00,-1.45,81.228226,-4.25,0.0,1019.0334,0.0,12.738099,0.0,0.0,0.0
2025-12-27 03:00:00+01:00,-1.65,80.59109,-4.55,0.0,1018.92474,0.0,11.720751,0.0,0.0,0.0
2025-12-27 04:00:00+01:00,-1.8,79.36234,-4.9,0.0,1018.91766,0.0,10.825469,0.0,0.0,0.0
2025-12-27 05:00:00+01:00,-2.1,79.61716,-5.15,0.0,1018.70557,5.0,10.233123,0.0,0.0,0.0
2025-12-27 06:00:00+01:00,-2.35,79.5792,-5.4,0.0,1018.4961,13.0,10.4493065,0.0,0.0,0.0
2025-12-27 07:00:00+01:00,-2.2,79.30097,-5.3,0.0,1018.5034,79.0,10.837435,0.0,0.0,0.0
2025-12-27 08:00:00+01:00,-2.95,81.32427,-5.7,0.0,1018.76263,99.0,10.514218,0.0,0.0,0.0
2025-12-27 09:00:00+01:00,-2.85,79.20071,-5.95,0.0,1019.06396,99.0,8.43699,2.0,6.0,8.0
2025-12-27 10:00:00+01:00,-1.5,70.332695,-6.2,0.0,1019.72186,92.0,5.402999,47.0,35.0,82.0
2025-12-27 11:00:00+01:00,0.4,60.775276,-6.3,0.0,1020.1096,99.0,4.278551,122.0,50.0,172.0
2025-12-27 12:00:00+01:00,2.0,52.74658,-6.65,0.0,1019.7906,90.0,3.2846913,170.0,61.0,231.0
2025-12-27 13:00:00+01:00,3.55,48.171173,-6.4,0.0,1018.7776,93.0,3.6402748,187.0,64.0,251.0
2025-12-27 14:00:00+01:00,4.3,44.320038,-6.8,0.0,1018.3188,80.0,4.0449963,172.0,57.0,229.0
2025-12-27 15:00:00+01:00,3.6,47.453857,-6.55,0.0,1017.79236,58.0,1.8792552,113.0,49.0,162.0
2025-12-27 16:00:00+01:00,1.95,52.732555,-6.7,0.0,1017.4188,1.0,1.2074767,44.0,28.0,72.0
2025-12-27 17:00:00+01:00,1.0,56.44674,-6.7,0.0,1017.27515,0.0,0.54,2.0,2.0,4.0
2025-12-27 18:00:00+01:00,0.4,58.942326,-6.7,0.0,1017.64154,0.0,4.913044,0.0,0.0,0.0
2025-12-27 19:00:00+01:00,0.35,63.850212,-5.7,0.0,1017.63904,1.0,6.5223618,0.0,0.0,0.0
2025-12-27 20:00:00+01:00,0.0,65.98888,-5.6,0.0,1017.52356,0.0,6.21717,0.0,0.0,0.0
2025-12-27 21:00:00+01:00,0.85,67.18753,-4.55,0.0,1018.1566,56.0,13.841286,0.0,0.0,0.0
2025-12-27 22:00:00+01:00,0.35,86.11421,-1.7,0.0,1018.2313,87.0,10.730778,0.0,0.0,0.0
2025-12-27 23:00:00+01:00,0.75,94.03748,-0.1,0.0,1018.34924,100.0,12.56008,0.0,0.0,0.0
2025-12-28 00:00:00+01:00,1.3,95.77623,0.7,0.0,1018.0792,100.0,9.179999,0.0,0.0,0.0
2025-12-28 01:00:00+01:00,1.85,95.45155,1.2,0.0,1018.0064,100.0,10.062305,0.0,0.0,0.0
2025-12-28 02:00:00+01:00,2.15,94.44158,1.35,0.0,1018.4157,100.0,12.835653,0.0,0.0,0.0
2025-12-28 03:00:00+01:00,2.05,94.776634,1.3,0.0,1019.0033,100.0,12.337553,0.0,0.0,0.0
2025-12-28 04:00:00+01:00,1.95,95.11329,1.25,0.0,1018.8998,100.0,10.228373,0.0,0.0,0.0
2025-12-28 05:00:00+01:00,1.75,95.447914,1.1,0.0,1018.79175,100.0,10.464797,0.0,0.0,0.0
2025-12-28 06:00:00+01:00,1.6,94.75789,0.85,0.0,1018.4882,98.0,9.983106,0.0,0.0,0.0
2025-12-28 07:00:00+01:00,0.7,90.67567,-0.65,0.0,1018.5444,56.0,7.4867883,0.0,0.0,0.0
2025-12-28 08:00:00+01:00,-0.85,92.92926,-1.85,0.0,1018.9634,31.0,9.430695,0.0,0.0,0.0
2025-12-28 09:00:00+01:00,-1.7,94.96795,-2.4,0.0,1018.9225,15.0,7.5170207,3.0,5.0,8.0
2025-12-28 10:00:00+01:00,-0.75,95.00639,-1.45,0.0,1019.067,0.0,9.511088,51.0,34.0,85.0
2025-12-28 11:00:00+01:00,0.9,88.0836,-0.85,0.0,1019.54095,2.0,8.827344,132.0,49.0,181.0
2025-12-28 12:00:00+01:00,2.3,77.95619,-1.15,0.0,1019.60754,1.0,8.400428,196.0,52.0,248.0
2025-12-28 13:00:00+01:00,3.15,73.12745,-1.2,0.0,1018.9564,4.0,9.7565975,215.0,54.0,269.0
2025-12-28 14:00:00+01:00,3.3,73.692444,-0.95,0.0,1018.4694,2.0,9.335737,189.0,52.0,241.0
2025-12-28 15:00:00+01:00,2.95,74.988106,-1.05,0.0,1017.762,0.0,9.600937,130.0,45.0,175.0
2025-12-28 16:00:00+01:00,1.45,79.55836,-1.7,0.0,1017.69135,0.0,10.248941,51.0,28.0,79.0
2025-12-28 17:00:00+01:00,-0.1,83.558,-2.55,0.0,1017.32135,0.0,11.276967,2.0,3.0,5.0
2025-12-28 18:00:00+01:00,-0.75,84.728485,-3.0,0.0,1016.79645,0.0,11.351422,0.0,0.0,0.0
2025-12-28 19:00:00+01:00,-0.6,83.80673,-3.0,0.0,1016.31024,0.0,12.156331,0.0,0.0,0.0
2025-12-28 20:00:00+01:00,-1.0,85.65054,-3.1,0.0,1016.09375,0.0,10.337078,0.0,0.0,0.0
2025-12-28 21:00:00+01:00,-1.35,86.57498,-3.3,0.0,1015.7806,0.0,10.094454,0.0,0.0,0.0
2025-12-28 22:00:00+01:00,-1.6,87.19757,-3.45,0.0,1015.4723,0.0,8.913181,0.0,0.0,0.0
2025-12-28 23:00:00+01:00,-1.85,87.499176,-3.65,0.0,1015.16406,0.0,6.873078,0.0,0.0,0.0
2025-12-29 00:00:00+01:00,-2.0,87.157745,-3.85,0.0,1014.86053,0.0,6.1094027,0.0,0.0,0.0
2025-12-29 01:00:00+01:00,-2.75,85.779106,-4.8,0.0,1014.3307,0.0,6.7757506,0.0,0.0,0.0
2025-12-29 02:00:00+01:00,-3.15,85.41095,-5.25,0.0,1014.0152,0.0,9.044888,0.0,0.0,0.0
2025-12-29 03:00:00+01:00,-3.4,84.41533,-5.65,0.0,1013.608,0.0,6.6405115,0.0,0.0,0.0
2025-12-29 04:00:00+01:00,-4.35,86.25856,-6.3,0.0,1012.96924,0.0,2.0523157,0.0,0.0,0.0
2025-12-29 05:00:00+01:00,-4.65,86.88928,-6.5,0.0,1012.7569,0.0,2.1749482,0.0,0.0,0.0
2025-12-29 06:00:00+01:00,-5.1,88.18684,-6.75,0.0,1012.5373,0.0,3.381893,0.0,0.0,0.0
2025-12-29 07:00:00+01:00,-5.75,90.882866,-7.0,0.0,1012.70245,0.0,2.226477,0.0,0.0,0.0
2025-12-29 08:00:00+01:00,-6.3,92.61175,-7.3,0.0,1012.97125,0.0,0.56920993,0.0,0.0,0.0
2025-12-29 09:00:00+01:00,-6.1,94.05903,-6.9,0.0,1012.98114,1.0,0.40249225,4.0,5.0,9.0
2025-12-29 10:00:00+01:00,-4.2,88.94493,-5.75,0.0,1013.0753,34.0,1.1384199,58.0,30.0,88.0
2025-12-29 11:00:00+01:00,-1.35,71.99015,-5.75,0.0,1012.9178,100.0,1.9469976,122.0,51.0,173.0
2025-12-29 12:00:00+01:00,0.65,67.396866,-4.7,0.0,1012.42096,100.0,1.8089776,126.0,71.0,197.0
2025-12-29 13:00:00+01:00,1.15,68.27116,-4.05,0.0,1011.9512,100.0,1.7727944,96.0,80.0,176.0
2025-12-29 14:00:00+01:00,1.75,65.89002,-3.95,0.0,1011.6831,100.0,1.0495713,63.0,72.0,135.0
2025-12-29 15:00:00+01:00,1.65,68.123856,-3.6,0.0,1011.38226,100.0,0.742159,28.0,50.0,78.0
2025-12-29 16:00:00+01:00,1.25,67.276,-4.15,0.0,1011.1657,96.0,5.3426957,9.0,26.0,35.0
2025-12-29 17:00:00+01:00,0.7,71.04905,-3.95,0.0,1010.8439,100.0,7.754637,0.0,2.0,2.0
2025-12-29 18:00:00+01:00,0.9,75.739456,-2.9,0.0,1010.6557,100.0,7.8625183,0.0,0.0,0.0
2025-12-29 19:00:00+01:00,1.15,85.25876,-1.05,0.0,1010.4702,100.0,7.8625183,0.0,0.0,0.0
2025-12-29 20:00:00+01:00,1.2,89.40323,-0.35,0.0,1010.67,95.0,7.9383874,0.0,0.0,0.0
2025-12-29 21:00:00+01:00,1.05,92.028465,-0.1,0.0,1010.8604,100.0,8.281956,0.0,0.0,0.0
2025-12-29 22:00:00+01:00,1.45,91.38974,0.2,0.0,1010.78033,100.0,8.467655,0.0,0.0,0.0
2025-12-29 23:00:00+01:00,1.65,91.07342,0.35,0.0,1010.69116,98.0,9.531505,0.0,0.0,0.0
2025-12-30 00:00:00+01:00,2.0,90.44305,0.6,0.0,1010.9048,98.0,8.534353,0.0,0.0,0.0
2025-12-30 01:00:00+01:00,1.7,89.444244,0.15,0.0,1011.187,100.0,7.029225,0.0,0.0,0.0
2025-12-30 02:00:00+01:00,1.4,91.05594,0.1,0.0,1011.568,100.0,8.227004,0.0,0.0,0.0
2025-12-30 03:00:00+01:00,1.55,92.05977,0.4,0.0,1011.96985,84.0,7.293888,0.0,0.0,0.0
2025-12-30 04:00:00+01:00,1.05,92.028465,-0.1,0.0,1011.94635,19.0,6.76618,0.0,0.0,0.0
2025-12-30 05:00:00+01:00,-0.7,91.91746,-1.85,0.0,1012.25806,32.0,6.1437774,0.0,0.0,0.0
2025-12-30 06:00:00+01:00,-1.25,90.53163,-2.6,0.0,1012.33026,3.0,5.318383,0.0,0.0,0.0
2025-12-30 07:00:00+01:00,-1.55,89.83908,-3.0,0.0,1012.8093,0.0,5.9399996,0.0,0.0,0.0
2025-12-30 08:00:00+01:00,-2.05,88.13686,-3.75,0.0,1013.3776,2.0,3.1072817,0.0,0.0,0.0
2025-12-30 09:00:00+01:00,-2.25,88.78082,-3.85,0.0,1014.0589,10.0,5.297018,4.0,5.0,9.0
2025-12-30 10:00:00+01:00,0.3,82.686325,-2.3,0.0,1014.9711,1.0,7.748368,57.0,31.0,88.0
2025-12-30 11:00:00+01:00,1.9,78.75473,-1.4,0.0,1015.14575,2.0,4.8633323,138.0,46.0,184.0
2025-12-30 12:00:00+01:00,3.1,66.19499,-2.6,0.0,1015.00446,5.0,6.2145634,194.0,54.0,248.0
2025-12-30 13:00:00+01:00,3.45,54.576492,-4.85,0.0,1014.922,95.0,13.708391,210.0,58.0,268.0
2025-12-30 14:00:00+01:00,3.0,60.28503,-3.95,0.0,1014.7037,35.0,10.8029995,84.0,72.0,156.0
2025-12-30 15:00:00+01:00,2.75,64.89805,-3.2,0.0,1014.7908,66.0,8.197414,47.0,65.0,112.0
2025-12-30 16:00:00+01:00,1.75,61.809998,-4.8,0.0,1015.04,0.0,7.3821945,26.0,34.0,60.0
2025-12-30 17:00:00+01:00,0.0,63.523888,-6.1,0.0,1015.25305,0.0,7.5685663,3.0,3.0,6.0
2025-12-30 18:00:00+01:00,-0.85,66.29922,-6.35,0.0,1015.60706,0.0,6.7469993,0.0,0.0,0.0
2025-12-30 19:00:00+01:00,-1.65,70.57085,-6.3,0.0,1015.6673,0.0,5.506941,0.0,0.0,0.0
2025-12-30 20:00:00+01:00,-2.05,71.576904,-6.5,0.0,1015.8454,0.0,4.1085763,0.0,0.0,0.0
2025-12-30 21:00:00+01:00,-2.2,72.3737,-6.5,0.0,1016.33167,0.0,2.9522195,0.0,0.0,0.0
2025-12-30 22:00:00+01:00,-2.25,71.81154,-6.65,0.0,1016.32916,0.0,1.3708391,0.0,0.0,0.0
2025-12-30 23:00:00+01:00,-2.7,75.67876,-6.4,0.0,1016.011,0.0,1.484318,0.0,0.0,0.0
2025-12-31 00:00:00+01:00,-3.2,80.67164,-6.05,0.0,1015.78937,0.0,3.143565,0.0,0.0,0.0
2025-12-31 01:00:00+01:00,-4.1,79.61648,-7.1,0.0,1015.9425,2.0,2.5959969,0.0,0.0,0.0
2025-12-31 02:00:00+01:00,-4.95,83.90404,-7.25,0.0,1015.50586,17.0,4.080882,0.0,0.0,0.0
2025-12-31 03:00:00+01:00,-4.65,86.22632,-6.6,0.0,1015.32306,23.0,6.015878,0.0,0.0,0.0
2025-12-31 04:00:00+01:00,-4.6,88.57108,-6.2,0.0,1014.6347,18.0,6.804381,0.0,0.0,0.0
2025-12-31 05:00:00+01:00,-4.75,90.60974,-6.05,0.0,1014.0353,9.0,7.3997297,0.0,0.0,0.0
2025-12-31 06:00:00+01:00,-4.6,90.96673,-5.85,0.0,1013.5491,31.0,7.653705,0.0,0.0,0.0
2025-12-31 07:00:00+01:00,-4.8,93.05457,-5.75,0.0,1013.93396,70.0,8.39078,0.0,0.0,0.0
2025-12-31 08:00:00+01:00,-4.65,93.41717,-5.55,0.0,1014.04004,99.0,9.504273,0.0,0.0,0.0
2025-12-31 09:00:00+01:00,-3.6,88.661026,-5.2,0.0,1013.9933,100.0,10.711135,0.0,3.0,3.0
2025-12-31 10:00:00+01:00,-2.25,83.28782,-4.7,0.0,1013.7627,100.0,11.4862,5.0,41.0,46.0
2025-12-31 11:00:00+01:00,-1.15,76.81526,-4.7,0.0,1013.026,100.0,10.248941,7.0,75.0,82.0
2025-12-31 12:00:00+01:00,0.4,70.98861,-4.25,0.0,1012.60657,100.0,9.807935,12.0,79.0,91.0
2025-12-31 13:00:00+01:00,1.6,78.1313,-1.8,0.0,1012.0708,100.0,14.64209,8.0,95.0,103.0
2025-12-31 14:00:00+01:00,2.1,77.07131,-1.5,0.0,1011.4032,100.0,12.570394,1.0,72.0,73.0
2025-12-31 15:00:00+01:00,2.3,76.540924,-1.4,0.0,1010.9192,100.0,10.348043,0.0,46.0,46.0
2025-12-31 16:00:00+01:00,2.15,76.51569,-1.55,0.0,1010.221,100.0,10.464797,6.0,29.0,35.0
2025-12-31 17:00:00+01:00,1.6,77.84422,-1.85,0.0,1009.80005,100.0,13.379461,0.0,2.0,2.0
2025-12-31 18:00:00+01:00,1.35,77.51745,-2.15,0.0,1009.4921,100.0,13.356437,0.0,0.0,0.0
2025-12-31 19:00:00+01:00,1.15,81.5888,-1.65,0.0,1009.2855,90.0,12.031756,0.0,0.0,0.0
2025-12-31 20:00:00+01:00,0.65,85.516106,-1.5,0.0,1009.0643,100.0,12.85205,0.0,0.0,0.0
2025-12-31 21:00:00+01:00,1.0,86.49874,-1.0,0.0,1008.9821,100.0,13.276144,0.0,0.0,0.0
2025-12-31 22:00:00+01:00,1.35,88.12489,-0.4,0.0,1008.5048,100.0,13.5012,0.0,0.0,0.0
2025-12-31 23:00:00+01:00,1.5,89.427864,-0.05,0.0,1007.5249,100.0,14.291592,0.0,0.0,0.0
