persona_id,household_id,method,city,days,start_date,memory_sample_id,memory_source_event_id,memory_source_day,price_csv,vpp_start_hour,vpp_duration_hours,vpp_events_json,status,return_code,elapsed_s,output_dir,log_file,run_summary_path,exit_code,energy_kwh,energy_kwh_per_day,day_ahead_total_cost_eur,day_ahead_weighted_price_eur_per_kwh,day_ahead_price_unit,day_ahead_price_source,vpp_window_energy_kwh,vpp_window_energy_avg_per_hour_kwh,vpp_demand_achievement_ratio,vpp_appliance_avoidance_success_rate,user_pref_score,appliance_task_completion_rate,physical_appliance_task_completion_rate,policy_output_covered_appliance_services,policy_output_uncovered_appliance_services,policy_output_absent_appliance_services,counterfactual_baseline_status,counterfactual_baseline_id,counterfactual_baseline_source,counterfactual_baseline_basis,counterfactual_baseline_event_count,counterfactual_baseline_vpp_window_kwh,counterfactual_actual_vpp_window_kwh,counterfactual_capacity_upper_bound_total_kwh,counterfactual_capacity_upper_bound_avg_per_hour_kwh,counterfactual_actual_shed_total_kwh,counterfactual_actual_shed_avg_per_hour_kwh,counterfactual_delivery_ratio_vs_baseline_upper_bound_total,vpp_energy_reduction_total_kwh,vpp_energy_reduction_avg_per_hour_kwh,vpp_energy_reduction_basis
household_s1_dual_commuter_standard,household_s1_dual_commuter_standard,no_dr,Germany,1,2025-06-01,d01_hist_d01_1,hist_d01_1,1,/home/hku_user3/EnergyBridge/experiments/real_data/germany_2025_price.csv,18.0,1.0,/home/hku_user3/EnergyBridge/benchmark_results/vpp_patch_2026-07-15/_batch_logs/daily_event_configs/d01_hist_d01_1.json,skipped_done,0,0.0,/home/hku_user3/EnergyBridge/benchmark_results/vpp_patch_2026-07-15/household_s1_dual_commuter_standard_no_dr_germany_d01_hist_d01_1_2025-06-01_1day,/home/hku_user3/EnergyBridge/benchmark_results/vpp_patch_2026-07-15/_batch_logs/daily_dr_memory_germany_1day/household_s1_dual_commuter_standard_no_dr_germany_d01_hist_d01_1_2025-06-01_1day.log,/home/hku_user3/EnergyBridge/benchmark_results/vpp_patch_2026-07-15/household_s1_dual_commuter_standard_no_dr_germany_d01_hist_d01_1_2025-06-01_1day/run_summary.txt,0,40.097881,40.097881,8.510018,0.048374,EUR/kWh,D:\Pycharm_project\PycharmProjects\EnergyBridge\experiments\real_data\germany_2025_price.csv,10.6596,10.6596,1.0,1.0,,0.0,1.0,[],"['dishwasher', 'dryer', 'ev', 'washer', 'water_heater']",[],matched,household_s1_dual_commuter_standard|germany|1days|2025-06-01|no_dr,/home/hku_user3/EnergyBridge/benchmark_results/vpp_patch_2026-07-15/household_s1_dual_commuter_standard_no_dr_germany_d01_hist_d01_1_2025-06-01_1day/benchmark_result.json,no_dr_counterfactual_event_window_energy,1,10.6596,10.6596,10.6596,10.6596,0.0,0.0,0.0,0.0,0.0,no_dr_counterfactual_baseline
household_s3_hybrid_work_from_home,household_s3_hybrid_work_from_home,no_dr,Germany,1,2025-06-01,d01_hist_d01_1,hist_d01_1,1,/home/hku_user3/EnergyBridge/experiments/real_data/germany_2025_price.csv,18.0,1.0,/home/hku_user3/EnergyBridge/benchmark_results/vpp_patch_2026-07-15/_batch_logs/daily_event_configs/d01_hist_d01_1.json,skipped_done,0,0.0,/home/hku_user3/EnergyBridge/benchmark_results/vpp_patch_2026-07-15/household_s3_hybrid_work_from_home_no_dr_germany_d01_hist_d01_1_2025-06-01_1day,/home/hku_user3/EnergyBridge/benchmark_results/vpp_patch_2026-07-15/_batch_logs/daily_dr_memory_germany_1day/household_s3_hybrid_work_from_home_no_dr_germany_d01_hist_d01_1_2025-06-01_1day.log,/home/hku_user3/EnergyBridge/benchmark_results/vpp_patch_2026-07-15/household_s3_hybrid_work_from_home_no_dr_germany_d01_hist_d01_1_2025-06-01_1day/run_summary.txt,0,38.319009,38.319009,8.332233,0.047963,EUR/kWh,D:\Pycharm_project\PycharmProjects\EnergyBridge\experiments\real_data\germany_2025_price.csv,10.667,10.667,1.0,1.0,,0.0,0.8,[],"['dishwasher', 'dryer', 'ev', 'washer', 'water_heater']",[],matched,household_s3_hybrid_work_from_home|germany|1days|2025-06-01|no_dr,/home/hku_user3/EnergyBridge/benchmark_results/vpp_patch_2026-07-15/household_s3_hybrid_work_from_home_no_dr_germany_d01_hist_d01_1_2025-06-01_1day/benchmark_result.json,no_dr_counterfactual_event_window_energy,1,10.667,10.667,10.667,10.667,0.0,0.0,0.0,0.0,0.0,no_dr_counterfactual_baseline
household_s1_dual_commuter_standard,household_s1_dual_commuter_standard,EnergyBridge,Germany,1,2025-06-01,d01_hist_d01_1,hist_d01_1,1,/home/hku_user3/EnergyBridge/experiments/real_data/germany_2025_price.csv,18.0,1.0,/home/hku_user3/EnergyBridge/benchmark_results/vpp_patch_2026-07-15/_batch_logs/daily_event_configs/d01_hist_d01_1.json,skipped_done,0,0.0,/home/hku_user3/EnergyBridge/benchmark_results/vpp_patch_2026-07-15/household_s1_dual_commuter_standard_EnergyBridge_germany_d01_hist_d01_1_2025-06-01_1day,/home/hku_user3/EnergyBridge/benchmark_results/vpp_patch_2026-07-15/_batch_logs/daily_dr_memory_germany_1day/household_s1_dual_commuter_standard_EnergyBridge_germany_d01_hist_d01_1_2025-06-01_1day.log,/home/hku_user3/EnergyBridge/benchmark_results/vpp_patch_2026-07-15/household_s1_dual_commuter_standard_EnergyBridge_germany_d01_hist_d01_1_2025-06-01_1day/run_summary.txt,0,41.268862,41.268862,7.926206,0.045881,EUR/kWh,D:\Pycharm_project\PycharmProjects\EnergyBridge\experiments\real_data\germany_2025_price.csv,6.3804,6.3804,1.0,1.0,4.0,1.0,1.0,"['dishwasher', 'dryer', 'ev', 'washer', 'water_heater']",[],[],matched,household_s1_dual_commuter_standard|germany|1days|2025-06-01|no_dr,/home/hku_user3/EnergyBridge/benchmark_results/vpp_patch_2026-07-15/household_s1_dual_commuter_standard_no_dr_germany_d01_hist_d01_1_2025-06-01_1day/benchmark_result.json,no_dr_counterfactual_event_window_energy,1,10.6596,6.3804,10.6596,10.6596,4.2792,4.2792,0.401441,4.2792,4.2792,no_dr_counterfactual_baseline
household_s4_ev_commuter_flexible,household_s4_ev_commuter_flexible,no_dr,Germany,1,2025-06-01,d01_hist_d01_1,hist_d01_1,1,/home/hku_user3/EnergyBridge/experiments/real_data/germany_2025_price.csv,18.0,1.0,/home/hku_user3/EnergyBridge/benchmark_results/vpp_patch_2026-07-15/_batch_logs/daily_event_configs/d01_hist_d01_1.json,skipped_done,0,0.0,/home/hku_user3/EnergyBridge/benchmark_results/vpp_patch_2026-07-15/household_s4_ev_commuter_flexible_no_dr_germany_d01_hist_d01_1_2025-06-01_1day,/home/hku_user3/EnergyBridge/benchmark_results/vpp_patch_2026-07-15/_batch_logs/daily_dr_memory_germany_1day/household_s4_ev_commuter_flexible_no_dr_germany_d01_hist_d01_1_2025-06-01_1day.log,/home/hku_user3/EnergyBridge/benchmark_results/vpp_patch_2026-07-15/household_s4_ev_commuter_flexible_no_dr_germany_d01_hist_d01_1_2025-06-01_1day/run_summary.txt,0,42.138461,42.138461,8.69012,0.048831,EUR/kWh,D:\Pycharm_project\PycharmProjects\EnergyBridge\experiments\real_data\germany_2025_price.csv,10.6596,10.6596,1.0,1.0,,0.0,1.0,[],"['dishwasher', 'dryer', 'ev', 'washer', 'water_heater']",[],matched,household_s4_ev_commuter_flexible|germany|1days|2025-06-01|no_dr,/home/hku_user3/EnergyBridge/benchmark_results/vpp_patch_2026-07-15/household_s4_ev_commuter_flexible_no_dr_germany_d01_hist_d01_1_2025-06-01_1day/benchmark_result.json,no_dr_counterfactual_event_window_energy,1,10.6596,10.6596,10.6596,10.6596,0.0,0.0,0.0,0.0,0.0,no_dr_counterfactual_baseline
household_s5_shared_roommates_irregular,household_s5_shared_roommates_irregular,no_dr,Germany,1,2025-06-01,d01_hist_d01_1,hist_d01_1,1,/home/hku_user3/EnergyBridge/experiments/real_data/germany_2025_price.csv,18.0,1.0,/home/hku_user3/EnergyBridge/benchmark_results/vpp_patch_2026-07-15/_batch_logs/daily_event_configs/d01_hist_d01_1.json,skipped_done,0,0.0,/home/hku_user3/EnergyBridge/benchmark_results/vpp_patch_2026-07-15/household_s5_shared_roommates_irregular_no_dr_germany_d01_hist_d01_1_2025-06-01_1day,/home/hku_user3/EnergyBridge/benchmark_results/vpp_patch_2026-07-15/_batch_logs/daily_dr_memory_germany_1day/household_s5_shared_roommates_irregular_no_dr_germany_d01_hist_d01_1_2025-06-01_1day.log,/home/hku_user3/EnergyBridge/benchmark_results/vpp_patch_2026-07-15/household_s5_shared_roommates_irregular_no_dr_germany_d01_hist_d01_1_2025-06-01_1day/run_summary.txt,0,38.057301,38.057301,8.329917,0.047906,EUR/kWh,D:\Pycharm_project\PycharmProjects\EnergyBridge\experiments\real_data\germany_2025_price.csv,10.6596,10.6596,1.0,1.0,,0.0,1.0,[],"['dishwasher', 'dryer', 'ev', 'washer', 'water_heater']",[],matched,household_s5_shared_roommates_irregular|germany|1days|2025-06-01|no_dr,/home/hku_user3/EnergyBridge/benchmark_results/vpp_patch_2026-07-15/household_s5_shared_roommates_irregular_no_dr_germany_d01_hist_d01_1_2025-06-01_1day/benchmark_result.json,no_dr_counterfactual_event_window_energy,1,10.6596,10.6596,10.6596,10.6596,0.0,0.0,0.0,0.0,0.0,no_dr_counterfactual_baseline
household_s2_multigeneration_caregiver,household_s2_multigeneration_caregiver,no_dr,Germany,1,2025-06-01,d01_hist_d01_1,hist_d01_1,1,/home/hku_user3/EnergyBridge/experiments/real_data/germany_2025_price.csv,18.0,1.0,/home/hku_user3/EnergyBridge/benchmark_results/vpp_patch_2026-07-15/_batch_logs/daily_event_configs/d01_hist_d01_1.json,skipped_done,0,0.0,/home/hku_user3/EnergyBridge/benchmark_results/vpp_patch_2026-07-15/household_s2_multigeneration_caregiver_no_dr_germany_d01_hist_d01_1_2025-06-01_1day,/home/hku_user3/EnergyBridge/benchmark_results/vpp_patch_2026-07-15/_batch_logs/daily_dr_memory_germany_1day/household_s2_multigeneration_caregiver_no_dr_germany_d01_hist_d01_1_2025-06-01_1day.log,/home/hku_user3/EnergyBridge/benchmark_results/vpp_patch_2026-07-15/household_s2_multigeneration_caregiver_no_dr_germany_d01_hist_d01_1_2025-06-01_1day/run_summary.txt,0,36.942831,36.942831,8.15777,0.047351,EUR/kWh,D:\Pycharm_project\PycharmProjects\EnergyBridge\experiments\real_data\germany_2025_price.csv,10.6961,10.6961,1.0,1.0,,0.0,1.0,[],"['dishwasher', 'dryer', 'ev', 'washer', 'water_heater']",[],matched,household_s2_multigeneration_caregiver|germany|1days|2025-06-01|no_dr,/home/hku_user3/EnergyBridge/benchmark_results/vpp_patch_2026-07-15/household_s2_multigeneration_caregiver_no_dr_germany_d01_hist_d01_1_2025-06-01_1day/benchmark_result.json,no_dr_counterfactual_event_window_energy,1,10.6961,10.6961,10.6961,10.6961,0.0,0.0,0.0,0.0,0.0,no_dr_counterfactual_baseline
household_s2_multigeneration_caregiver,household_s2_multigeneration_caregiver,EnergyBridge,Germany,1,2025-06-01,d01_hist_d01_1,hist_d01_1,1,/home/hku_user3/EnergyBridge/experiments/real_data/germany_2025_price.csv,18.0,1.0,/home/hku_user3/EnergyBridge/benchmark_results/vpp_patch_2026-07-15/_batch_logs/daily_event_configs/d01_hist_d01_1.json,skipped_done,0,0.0,/home/hku_user3/EnergyBridge/benchmark_results/vpp_patch_2026-07-15/household_s2_multigeneration_caregiver_EnergyBridge_germany_d01_hist_d01_1_2025-06-01_1day,/home/hku_user3/EnergyBridge/benchmark_results/vpp_patch_2026-07-15/_batch_logs/daily_dr_memory_germany_1day/household_s2_multigeneration_caregiver_EnergyBridge_germany_d01_hist_d01_1_2025-06-01_1day.log,/home/hku_user3/EnergyBridge/benchmark_results/vpp_patch_2026-07-15/household_s2_multigeneration_caregiver_EnergyBridge_germany_d01_hist_d01_1_2025-06-01_1day/run_summary.txt,0,35.936206,35.936206,7.513028,0.044102,EUR/kWh,D:\Pycharm_project\PycharmProjects\EnergyBridge\experiments\real_data\germany_2025_price.csv,6.3531,6.3531,1.0,1.0,4.4,1.0,1.0,"['dishwasher', 'dryer', 'ev', 'washer', 'water_heater']",[],[],matched,household_s2_multigeneration_caregiver|germany|1days|2025-06-01|no_dr,/home/hku_user3/EnergyBridge/benchmark_results/vpp_patch_2026-07-15/household_s2_multigeneration_caregiver_no_dr_germany_d01_hist_d01_1_2025-06-01_1day/benchmark_result.json,no_dr_counterfactual_event_window_energy,1,10.6961,6.3531,10.6961,10.6961,4.343,4.343,0.406036,4.343,4.343,no_dr_counterfactual_baseline
household_s5_shared_roommates_irregular,household_s5_shared_roommates_irregular,EnergyBridge,Germany,1,2025-06-01,d01_hist_d01_1,hist_d01_1,1,/home/hku_user3/EnergyBridge/experiments/real_data/germany_2025_price.csv,18.0,1.0,/home/hku_user3/EnergyBridge/benchmark_results/vpp_patch_2026-07-15/_batch_logs/daily_event_configs/d01_hist_d01_1.json,skipped_done,0,0.0,/home/hku_user3/EnergyBridge/benchmark_results/vpp_patch_2026-07-15/household_s5_shared_roommates_irregular_EnergyBridge_germany_d01_hist_d01_1_2025-06-01_1day,/home/hku_user3/EnergyBridge/benchmark_results/vpp_patch_2026-07-15/_batch_logs/daily_dr_memory_germany_1day/household_s5_shared_roommates_irregular_EnergyBridge_germany_d01_hist_d01_1_2025-06-01_1day.log,/home/hku_user3/EnergyBridge/benchmark_results/vpp_patch_2026-07-15/household_s5_shared_roommates_irregular_EnergyBridge_germany_d01_hist_d01_1_2025-06-01_1day/run_summary.txt,0,39.228283,39.228283,7.77004,0.045515,EUR/kWh,D:\Pycharm_project\PycharmProjects\EnergyBridge\experiments\real_data\germany_2025_price.csv,6.3804,6.3804,1.0,1.0,4.25,1.0,1.0,"['dishwasher', 'dryer', 'ev', 'washer', 'water_heater']",[],[],matched,household_s5_shared_roommates_irregular|germany|1days|2025-06-01|no_dr,/home/hku_user3/EnergyBridge/benchmark_results/vpp_patch_2026-07-15/household_s5_shared_roommates_irregular_no_dr_germany_d01_hist_d01_1_2025-06-01_1day/benchmark_result.json,no_dr_counterfactual_event_window_energy,1,10.6596,6.3804,10.6596,10.6596,4.2792,4.2792,0.401441,4.2792,4.2792,no_dr_counterfactual_baseline
household_s3_hybrid_work_from_home,household_s3_hybrid_work_from_home,EnergyBridge,Germany,1,2025-06-01,d01_hist_d01_1,hist_d01_1,1,/home/hku_user3/EnergyBridge/experiments/real_data/germany_2025_price.csv,18.0,1.0,/home/hku_user3/EnergyBridge/benchmark_results/vpp_patch_2026-07-15/_batch_logs/daily_event_configs/d01_hist_d01_1.json,skipped_done,0,0.0,/home/hku_user3/EnergyBridge/benchmark_results/vpp_patch_2026-07-15/household_s3_hybrid_work_from_home_EnergyBridge_germany_d01_hist_d01_1_2025-06-01_1day,/home/hku_user3/EnergyBridge/benchmark_results/vpp_patch_2026-07-15/_batch_logs/daily_dr_memory_germany_1day/household_s3_hybrid_work_from_home_EnergyBridge_germany_d01_hist_d01_1_2025-06-01_1day.log,/home/hku_user3/EnergyBridge/benchmark_results/vpp_patch_2026-07-15/household_s3_hybrid_work_from_home_EnergyBridge_germany_d01_hist_d01_1_2025-06-01_1day/run_summary.txt,0,37.915036,37.915036,7.739083,0.045202,EUR/kWh,D:\Pycharm_project\PycharmProjects\EnergyBridge\experiments\real_data\germany_2025_price.csv,6.2659,6.2659,1.0,1.0,4.0,1.0,1.0,"['dishwasher', 'dryer', 'ev', 'washer', 'water_heater']",[],[],matched,household_s3_hybrid_work_from_home|germany|1days|2025-06-01|no_dr,/home/hku_user3/EnergyBridge/benchmark_results/vpp_patch_2026-07-15/household_s3_hybrid_work_from_home_no_dr_germany_d01_hist_d01_1_2025-06-01_1day/benchmark_result.json,no_dr_counterfactual_event_window_energy,1,10.667,6.2659,10.667,10.667,4.4011,4.4011,0.41259,4.4011,4.4011,no_dr_counterfactual_baseline
household_s1_dual_commuter_standard,household_s1_dual_commuter_standard,no_dr,Germany,1,2025-06-02,d02_hist_d02_1_patched,hist_d02_1_patched,2,/home/hku_user3/EnergyBridge/experiments/real_data/germany_2025_price.csv,18.0,1.0,/home/hku_user3/EnergyBridge/benchmark_results/vpp_patch_2026-07-15/_batch_logs/daily_event_configs/d02_hist_d02_1_patched.json,skipped_done,0,0.0,/home/hku_user3/EnergyBridge/benchmark_results/vpp_patch_2026-07-15/household_s1_dual_commuter_standard_no_dr_germany_d02_hist_d02_1_patched_2025-06-02_1day,/home/hku_user3/EnergyBridge/benchmark_results/vpp_patch_2026-07-15/_batch_logs/daily_dr_memory_germany_1day/household_s1_dual_commuter_standard_no_dr_germany_d02_hist_d02_1_patched_2025-06-02_1day.log,/home/hku_user3/EnergyBridge/benchmark_results/vpp_patch_2026-07-15/household_s1_dual_commuter_standard_no_dr_germany_d02_hist_d02_1_patched_2025-06-02_1day/run_summary.txt,0,36.989259,36.989259,17.595047,0.101459,EUR/kWh,/home/hku_user3/EnergyBridge/experiments/real_data/germany_2025_price.csv,10.4411,10.4411,1.0,1.0,,0.0,1.0,[],"['dishwasher', 'dryer', 'ev', 'washer', 'water_heater']",[],matched,household_s1_dual_commuter_standard|germany|1days|2025-06-02|no_dr,/home/hku_user3/EnergyBridge/benchmark_results/vpp_patch_2026-07-15/household_s1_dual_commuter_standard_no_dr_germany_d02_hist_d02_1_patched_2025-06-02_1day/benchmark_result.json,no_dr_counterfactual_event_window_energy,1,10.4411,10.4411,10.4411,10.4411,0.0,0.0,0.0,0.0,0.0,no_dr_counterfactual_baseline
household_s4_ev_commuter_flexible,household_s4_ev_commuter_flexible,EnergyBridge,Germany,1,2025-06-01,d01_hist_d01_1,hist_d01_1,1,/home/hku_user3/EnergyBridge/experiments/real_data/germany_2025_price.csv,18.0,1.0,/home/hku_user3/EnergyBridge/benchmark_results/vpp_patch_2026-07-15/_batch_logs/daily_event_configs/d01_hist_d01_1.json,skipped_done,0,0.0,/home/hku_user3/EnergyBridge/benchmark_results/vpp_patch_2026-07-15/household_s4_ev_commuter_flexible_EnergyBridge_germany_d01_hist_d01_1_2025-06-01_1day,/home/hku_user3/EnergyBridge/benchmark_results/vpp_patch_2026-07-15/_batch_logs/daily_dr_memory_germany_1day/household_s4_ev_commuter_flexible_EnergyBridge_germany_d01_hist_d01_1_2025-06-01_1day.log,/home/hku_user3/EnergyBridge/benchmark_results/vpp_patch_2026-07-15/household_s4_ev_commuter_flexible_EnergyBridge_germany_d01_hist_d01_1_2025-06-01_1day/run_summary.txt,0,43.309442,43.309442,8.161611,0.046693,EUR/kWh,D:\Pycharm_project\PycharmProjects\EnergyBridge\experiments\real_data\germany_2025_price.csv,6.3804,6.3804,1.0,1.0,4.25,1.0,1.0,"['dishwasher', 'dryer', 'ev', 'washer', 'water_heater']",[],[],matched,household_s4_ev_commuter_flexible|germany|1days|2025-06-01|no_dr,/home/hku_user3/EnergyBridge/benchmark_results/vpp_patch_2026-07-15/household_s4_ev_commuter_flexible_no_dr_germany_d01_hist_d01_1_2025-06-01_1day/benchmark_result.json,no_dr_counterfactual_event_window_energy,1,10.6596,6.3804,10.6596,10.6596,4.2792,4.2792,0.401441,4.2792,4.2792,no_dr_counterfactual_baseline
household_s2_multigeneration_caregiver,household_s2_multigeneration_caregiver,EnergyBridge,Germany,1,2025-06-02,d02_hist_d02_1_patched,hist_d02_1_patched,2,/home/hku_user3/EnergyBridge/experiments/real_data/germany_2025_price.csv,18.0,1.0,/home/hku_user3/EnergyBridge/benchmark_results/vpp_patch_2026-07-15/_batch_logs/daily_event_configs/d02_hist_d02_1_patched.json,skipped_done,0,0.0,/home/hku_user3/EnergyBridge/benchmark_results/vpp_patch_2026-07-15/household_s2_multigeneration_caregiver_EnergyBridge_germany_d02_hist_d02_1_patched_2025-06-02_1day,/home/hku_user3/EnergyBridge/benchmark_results/vpp_patch_2026-07-15/_batch_logs/daily_dr_memory_germany_1day/household_s2_multigeneration_caregiver_EnergyBridge_germany_d02_hist_d02_1_patched_2025-06-02_1day.log,/home/hku_user3/EnergyBridge/benchmark_results/vpp_patch_2026-07-15/household_s2_multigeneration_caregiver_EnergyBridge_germany_d02_hist_d02_1_patched_2025-06-02_1day/run_summary.txt,0,38.427487,38.427487,15.567866,0.09241,EUR/kWh,/home/hku_user3/EnergyBridge/experiments/real_data/germany_2025_price.csv,6.2205,6.2205,1.0,1.0,4.2,1.0,1.0,"['dishwasher', 'dryer', 'ev', 'washer', 'water_heater']",[],[],matched,household_s2_multigeneration_caregiver|germany|1days|2025-06-02|no_dr,/home/hku_user3/EnergyBridge/benchmark_results/vpp_patch_2026-07-15/household_s2_multigeneration_caregiver_no_dr_germany_d02_hist_d02_1_patched_2025-06-02_1day/benchmark_result.json,no_dr_counterfactual_event_window_energy,1,10.4792,6.2205,10.4792,10.4792,4.2587,4.2587,0.406396,4.2587,4.2587,no_dr_counterfactual_baseline
household_s2_multigeneration_caregiver,household_s2_multigeneration_caregiver,no_dr,Germany,1,2025-06-02,d02_hist_d02_1_patched,hist_d02_1_patched,2,/home/hku_user3/EnergyBridge/experiments/real_data/germany_2025_price.csv,18.0,1.0,/home/hku_user3/EnergyBridge/benchmark_results/vpp_patch_2026-07-15/_batch_logs/daily_event_configs/d02_hist_d02_1_patched.json,skipped_done,0,0.0,/home/hku_user3/EnergyBridge/benchmark_results/vpp_patch_2026-07-15/household_s2_multigeneration_caregiver_no_dr_germany_d02_hist_d02_1_patched_2025-06-02_1day,/home/hku_user3/EnergyBridge/benchmark_results/vpp_patch_2026-07-15/_batch_logs/daily_dr_memory_germany_1day/household_s2_multigeneration_caregiver_no_dr_germany_d02_hist_d02_1_patched_2025-06-02_1day.log,/home/hku_user3/EnergyBridge/benchmark_results/vpp_patch_2026-07-15/household_s2_multigeneration_caregiver_no_dr_germany_d02_hist_d02_1_patched_2025-06-02_1day/run_summary.txt,0,33.76464,33.76464,17.142352,0.101097,EUR/kWh,/home/hku_user3/EnergyBridge/experiments/real_data/germany_2025_price.csv,10.4792,10.4792,1.0,1.0,,0.0,1.0,[],"['dishwasher', 'dryer', 'ev', 'washer', 'water_heater']",[],matched,household_s2_multigeneration_caregiver|germany|1days|2025-06-02|no_dr,/home/hku_user3/EnergyBridge/benchmark_results/vpp_patch_2026-07-15/household_s2_multigeneration_caregiver_no_dr_germany_d02_hist_d02_1_patched_2025-06-02_1day/benchmark_result.json,no_dr_counterfactual_event_window_energy,1,10.4792,10.4792,10.4792,10.4792,0.0,0.0,0.0,0.0,0.0,no_dr_counterfactual_baseline
household_s3_hybrid_work_from_home,household_s3_hybrid_work_from_home,no_dr,Germany,1,2025-06-02,d02_hist_d02_1_patched,hist_d02_1_patched,2,/home/hku_user3/EnergyBridge/experiments/real_data/germany_2025_price.csv,18.0,1.0,/home/hku_user3/EnergyBridge/benchmark_results/vpp_patch_2026-07-15/_batch_logs/daily_event_configs/d02_hist_d02_1_patched.json,skipped_done,0,0.0,/home/hku_user3/EnergyBridge/benchmark_results/vpp_patch_2026-07-15/household_s3_hybrid_work_from_home_no_dr_germany_d02_hist_d02_1_patched_2025-06-02_1day,/home/hku_user3/EnergyBridge/benchmark_results/vpp_patch_2026-07-15/_batch_logs/daily_dr_memory_germany_1day/household_s3_hybrid_work_from_home_no_dr_germany_d02_hist_d02_1_patched_2025-06-02_1day.log,/home/hku_user3/EnergyBridge/benchmark_results/vpp_patch_2026-07-15/household_s3_hybrid_work_from_home_no_dr_germany_d02_hist_d02_1_patched_2025-06-02_1day/run_summary.txt,0,35.25765,35.25765,17.361668,0.101412,EUR/kWh,/home/hku_user3/EnergyBridge/experiments/real_data/germany_2025_price.csv,10.4502,10.4502,1.0,1.0,,0.0,0.8,[],"['dishwasher', 'dryer', 'ev', 'washer', 'water_heater']",[],matched,household_s3_hybrid_work_from_home|germany|1days|2025-06-02|no_dr,/home/hku_user3/EnergyBridge/benchmark_results/vpp_patch_2026-07-15/household_s3_hybrid_work_from_home_no_dr_germany_d02_hist_d02_1_patched_2025-06-02_1day/benchmark_result.json,no_dr_counterfactual_event_window_energy,1,10.4502,10.4502,10.4502,10.4502,0.0,0.0,0.0,0.0,0.0,no_dr_counterfactual_baseline
household_s4_ev_commuter_flexible,household_s4_ev_commuter_flexible,no_dr,Germany,1,2025-06-02,d02_hist_d02_1_patched,hist_d02_1_patched,2,/home/hku_user3/EnergyBridge/experiments/real_data/germany_2025_price.csv,18.0,1.0,/home/hku_user3/EnergyBridge/benchmark_results/vpp_patch_2026-07-15/_batch_logs/daily_event_configs/d02_hist_d02_1_patched.json,skipped_done,0,0.0,/home/hku_user3/EnergyBridge/benchmark_results/vpp_patch_2026-07-15/household_s4_ev_commuter_flexible_no_dr_germany_d02_hist_d02_1_patched_2025-06-02_1day,/home/hku_user3/EnergyBridge/benchmark_results/vpp_patch_2026-07-15/_batch_logs/daily_dr_memory_germany_1day/household_s4_ev_commuter_flexible_no_dr_germany_d02_hist_d02_1_patched_2025-06-02_1day.log,/home/hku_user3/EnergyBridge/benchmark_results/vpp_patch_2026-07-15/household_s4_ev_commuter_flexible_no_dr_germany_d02_hist_d02_1_patched_2025-06-02_1day/run_summary.txt,0,39.029839,39.029839,17.817878,0.101549,EUR/kWh,/home/hku_user3/EnergyBridge/experiments/real_data/germany_2025_price.csv,10.4411,10.4411,1.0,1.0,,0.0,1.0,[],"['dishwasher', 'dryer', 'ev', 'washer', 'water_heater']",[],matched,household_s4_ev_commuter_flexible|germany|1days|2025-06-02|no_dr,/home/hku_user3/EnergyBridge/benchmark_results/vpp_patch_2026-07-15/household_s4_ev_commuter_flexible_no_dr_germany_d02_hist_d02_1_patched_2025-06-02_1day/benchmark_result.json,no_dr_counterfactual_event_window_energy,1,10.4411,10.4411,10.4411,10.4411,0.0,0.0,0.0,0.0,0.0,no_dr_counterfactual_baseline
household_s3_hybrid_work_from_home,household_s3_hybrid_work_from_home,EnergyBridge,Germany,1,2025-06-02,d02_hist_d02_1_patched,hist_d02_1_patched,2,/home/hku_user3/EnergyBridge/experiments/real_data/germany_2025_price.csv,18.0,1.0,/home/hku_user3/EnergyBridge/benchmark_results/vpp_patch_2026-07-15/_batch_logs/daily_event_configs/d02_hist_d02_1_patched.json,skipped_done,0,0.0,/home/hku_user3/EnergyBridge/benchmark_results/vpp_patch_2026-07-15/household_s3_hybrid_work_from_home_EnergyBridge_germany_d02_hist_d02_1_patched_2025-06-02_1day,/home/hku_user3/EnergyBridge/benchmark_results/vpp_patch_2026-07-15/_batch_logs/daily_dr_memory_germany_1day/household_s3_hybrid_work_from_home_EnergyBridge_germany_d02_hist_d02_1_patched_2025-06-02_1day.log,/home/hku_user3/EnergyBridge/benchmark_results/vpp_patch_2026-07-15/household_s3_hybrid_work_from_home_EnergyBridge_germany_d02_hist_d02_1_patched_2025-06-02_1day/run_summary.txt,0,37.513807,37.513807,15.758756,0.093007,EUR/kWh,/home/hku_user3/EnergyBridge/experiments/real_data/germany_2025_price.csv,6.1234,6.1234,1.0,1.0,4.0,1.0,1.0,"['dishwasher', 'dryer', 'ev', 'washer', 'water_heater']",[],[],matched,household_s3_hybrid_work_from_home|germany|1days|2025-06-02|no_dr,/home/hku_user3/EnergyBridge/benchmark_results/vpp_patch_2026-07-15/household_s3_hybrid_work_from_home_no_dr_germany_d02_hist_d02_1_patched_2025-06-02_1day/benchmark_result.json,no_dr_counterfactual_event_window_energy,1,10.4502,6.1234,10.4502,10.4502,4.3268,4.3268,0.41404,4.3268,4.3268,no_dr_counterfactual_baseline
household_s5_shared_roommates_irregular,household_s5_shared_roommates_irregular,no_dr,Germany,1,2025-06-02,d02_hist_d02_1_patched,hist_d02_1_patched,2,/home/hku_user3/EnergyBridge/experiments/real_data/germany_2025_price.csv,18.0,1.0,/home/hku_user3/EnergyBridge/benchmark_results/vpp_patch_2026-07-15/_batch_logs/daily_event_configs/d02_hist_d02_1_patched.json,skipped_done,0,0.0,/home/hku_user3/EnergyBridge/benchmark_results/vpp_patch_2026-07-15/household_s5_shared_roommates_irregular_no_dr_germany_d02_hist_d02_1_patched_2025-06-02_1day,/home/hku_user3/EnergyBridge/benchmark_results/vpp_patch_2026-07-15/_batch_logs/daily_dr_memory_germany_1day/household_s5_shared_roommates_irregular_no_dr_germany_d02_hist_d02_1_patched_2025-06-02_1day.log,/home/hku_user3/EnergyBridge/benchmark_results/vpp_patch_2026-07-15/household_s5_shared_roommates_irregular_no_dr_germany_d02_hist_d02_1_patched_2025-06-02_1day/run_summary.txt,0,34.94868,34.94868,17.372216,0.101367,EUR/kWh,/home/hku_user3/EnergyBridge/experiments/real_data/germany_2025_price.csv,10.4411,10.4411,1.0,1.0,,0.0,1.0,[],"['dishwasher', 'dryer', 'ev', 'washer', 'water_heater']",[],matched,household_s5_shared_roommates_irregular|germany|1days|2025-06-02|no_dr,/home/hku_user3/EnergyBridge/benchmark_results/vpp_patch_2026-07-15/household_s5_shared_roommates_irregular_no_dr_germany_d02_hist_d02_1_patched_2025-06-02_1day/benchmark_result.json,no_dr_counterfactual_event_window_energy,1,10.4411,10.4411,10.4411,10.4411,0.0,0.0,0.0,0.0,0.0,no_dr_counterfactual_baseline
household_s1_dual_commuter_standard,household_s1_dual_commuter_standard,no_dr,Tianjin,1,2025-06-02,d02_hist_d02_1_patched,hist_d02_1_patched,2,/home/hku_user3/EnergyBridge/experiments/real_data/tianjin_tou_price_normalized.csv,18.0,1.0,/home/hku_user3/EnergyBridge/benchmark_results/vpp_patch_2026-07-15/_batch_logs/daily_event_configs/d02_hist_d02_1_patched.json,skipped_done,0,0.0,/home/hku_user3/EnergyBridge/benchmark_results/vpp_patch_2026-07-15/household_s1_dual_commuter_standard_no_dr_tianjin_d02_hist_d02_1_patched_2025-06-02_1day,/home/hku_user3/EnergyBridge/benchmark_results/vpp_patch_2026-07-15/_batch_logs/daily_dr_memory_tianjin_1day/household_s1_dual_commuter_standard_no_dr_tianjin_d02_hist_d02_1_patched_2025-06-02_1day.log,/home/hku_user3/EnergyBridge/benchmark_results/vpp_patch_2026-07-15/household_s1_dual_commuter_standard_no_dr_tianjin_d02_hist_d02_1_patched_2025-06-02_1day/run_summary.txt,0,48.033515,48.033515,53.385783,1.344439,normalized TOU cost/kWh,/home/hku_user3/EnergyBridge/experiments/real_data/tianjin_tou_price_normalized.csv,6.1111,6.1111,1.0,1.0,,0.0,1.0,[],"['dishwasher', 'dryer', 'ev', 'washer', 'water_heater']",[],matched,household_s1_dual_commuter_standard|tianjin|1days|2025-06-02|no_dr,/home/hku_user3/EnergyBridge/benchmark_results/vpp_patch_2026-07-15/household_s1_dual_commuter_standard_no_dr_tianjin_d02_hist_d02_1_patched_2025-06-02_1day/benchmark_result.json,no_dr_counterfactual_event_window_energy,1,6.1111,6.1111,6.1111,6.1111,0.0,0.0,0.0,0.0,0.0,no_dr_counterfactual_baseline
household_s2_multigeneration_caregiver,household_s2_multigeneration_caregiver,no_dr,Tianjin,1,2025-06-02,d02_hist_d02_1_patched,hist_d02_1_patched,2,/home/hku_user3/EnergyBridge/experiments/real_data/tianjin_tou_price_normalized.csv,18.0,1.0,/home/hku_user3/EnergyBridge/benchmark_results/vpp_patch_2026-07-15/_batch_logs/daily_event_configs/d02_hist_d02_1_patched.json,skipped_done,0,0.0,/home/hku_user3/EnergyBridge/benchmark_results/vpp_patch_2026-07-15/household_s2_multigeneration_caregiver_no_dr_tianjin_d02_hist_d02_1_patched_2025-06-02_1day,/home/hku_user3/EnergyBridge/benchmark_results/vpp_patch_2026-07-15/_batch_logs/daily_dr_memory_tianjin_1day/household_s2_multigeneration_caregiver_no_dr_tianjin_d02_hist_d02_1_patched_2025-06-02_1day.log,/home/hku_user3/EnergyBridge/benchmark_results/vpp_patch_2026-07-15/household_s2_multigeneration_caregiver_no_dr_tianjin_d02_hist_d02_1_patched_2025-06-02_1day/run_summary.txt,0,45.507206,45.507206,48.146681,1.305781,normalized TOU cost/kWh,/home/hku_user3/EnergyBridge/experiments/real_data/tianjin_tou_price_normalized.csv,6.0846,6.0846,1.0,1.0,,0.0,1.0,[],"['dishwasher', 'dryer', 'ev', 'washer', 'water_heater']",[],matched,household_s2_multigeneration_caregiver|tianjin|1days|2025-06-02|no_dr,/home/hku_user3/EnergyBridge/benchmark_results/vpp_patch_2026-07-15/household_s2_multigeneration_caregiver_no_dr_tianjin_d02_hist_d02_1_patched_2025-06-02_1day/benchmark_result.json,no_dr_counterfactual_event_window_energy,1,6.0846,6.0846,6.0846,6.0846,0.0,0.0,0.0,0.0,0.0,no_dr_counterfactual_baseline
household_s5_shared_roommates_irregular,household_s5_shared_roommates_irregular,EnergyBridge,Germany,1,2025-06-02,d02_hist_d02_1_patched,hist_d02_1_patched,2,/home/hku_user3/EnergyBridge/experiments/real_data/germany_2025_price.csv,18.0,1.0,/home/hku_user3/EnergyBridge/benchmark_results/vpp_patch_2026-07-15/_batch_logs/daily_event_configs/d02_hist_d02_1_patched.json,skipped_done,0,0.0,/home/hku_user3/EnergyBridge/benchmark_results/vpp_patch_2026-07-15/household_s5_shared_roommates_irregular_EnergyBridge_germany_d02_hist_d02_1_patched_2025-06-02_1day,/home/hku_user3/EnergyBridge/benchmark_results/vpp_patch_2026-07-15/_batch_logs/daily_dr_memory_germany_1day/household_s5_shared_roommates_irregular_EnergyBridge_germany_d02_hist_d02_1_patched_2025-06-02_1day.log,/home/hku_user3/EnergyBridge/benchmark_results/vpp_patch_2026-07-15/household_s5_shared_roommates_irregular_EnergyBridge_germany_d02_hist_d02_1_patched_2025-06-02_1day/run_summary.txt,0,39.212484,39.212484,15.761837,0.093241,EUR/kWh,/home/hku_user3/EnergyBridge/experiments/real_data/germany_2025_price.csv,6.2235,6.2235,1.0,1.0,4.0,1.0,1.0,"['dishwasher', 'dryer', 'ev', 'washer', 'water_heater']",[],[],matched,household_s5_shared_roommates_irregular|germany|1days|2025-06-02|no_dr,/home/hku_user3/EnergyBridge/benchmark_results/vpp_patch_2026-07-15/household_s5_shared_roommates_irregular_no_dr_germany_d02_hist_d02_1_patched_2025-06-02_1day/benchmark_result.json,no_dr_counterfactual_event_window_energy,1,10.4411,6.2235,10.4411,10.4411,4.2176,4.2176,0.403942,4.2176,4.2176,no_dr_counterfactual_baseline
household_s4_ev_commuter_flexible,household_s4_ev_commuter_flexible,EnergyBridge,Germany,1,2025-06-02,d02_hist_d02_1_patched,hist_d02_1_patched,2,/home/hku_user3/EnergyBridge/experiments/real_data/germany_2025_price.csv,18.0,1.0,/home/hku_user3/EnergyBridge/benchmark_results/vpp_patch_2026-07-15/_batch_logs/daily_event_configs/d02_hist_d02_1_patched.json,skipped_done,0,0.0,/home/hku_user3/EnergyBridge/benchmark_results/vpp_patch_2026-07-15/household_s4_ev_commuter_flexible_EnergyBridge_germany_d02_hist_d02_1_patched_2025-06-02_1day,/home/hku_user3/EnergyBridge/benchmark_results/vpp_patch_2026-07-15/_batch_logs/daily_dr_memory_germany_1day/household_s4_ev_commuter_flexible_EnergyBridge_germany_d02_hist_d02_1_patched_2025-06-02_1day.log,/home/hku_user3/EnergyBridge/benchmark_results/vpp_patch_2026-07-15/household_s4_ev_commuter_flexible_EnergyBridge_germany_d02_hist_d02_1_patched_2025-06-02_1day/run_summary.txt,0,43.293644,43.293644,16.2916,0.094103,EUR/kWh,/home/hku_user3/EnergyBridge/experiments/real_data/germany_2025_price.csv,6.2235,6.2235,1.0,1.0,4.5,1.0,1.0,"['dishwasher', 'dryer', 'ev', 'washer', 'water_heater']",[],[],matched,household_s4_ev_commuter_flexible|germany|1days|2025-06-02|no_dr,/home/hku_user3/EnergyBridge/benchmark_results/vpp_patch_2026-07-15/household_s4_ev_commuter_flexible_no_dr_germany_d02_hist_d02_1_patched_2025-06-02_1day/benchmark_result.json,no_dr_counterfactual_event_window_energy,1,10.4411,6.2235,10.4411,10.4411,4.2176,4.2176,0.403942,4.2176,4.2176,no_dr_counterfactual_baseline
household_s3_hybrid_work_from_home,household_s3_hybrid_work_from_home,no_dr,Tianjin,1,2025-06-02,d02_hist_d02_1_patched,hist_d02_1_patched,2,/home/hku_user3/EnergyBridge/experiments/real_data/tianjin_tou_price_normalized.csv,18.0,1.0,/home/hku_user3/EnergyBridge/benchmark_results/vpp_patch_2026-07-15/_batch_logs/daily_event_configs/d02_hist_d02_1_patched.json,skipped_done,0,0.0,/home/hku_user3/EnergyBridge/benchmark_results/vpp_patch_2026-07-15/household_s3_hybrid_work_from_home_no_dr_tianjin_d02_hist_d02_1_patched_2025-06-02_1day,/home/hku_user3/EnergyBridge/benchmark_results/vpp_patch_2026-07-15/_batch_logs/daily_dr_memory_tianjin_1day/household_s3_hybrid_work_from_home_no_dr_tianjin_d02_hist_d02_1_patched_2025-06-02_1day.log,/home/hku_user3/EnergyBridge/benchmark_results/vpp_patch_2026-07-15/household_s3_hybrid_work_from_home_no_dr_tianjin_d02_hist_d02_1_patched_2025-06-02_1day/run_summary.txt,0,46.332314,46.332314,50.531858,1.331195,normalized TOU cost/kWh,/home/hku_user3/EnergyBridge/experiments/real_data/tianjin_tou_price_normalized.csv,6.1149,6.1149,1.0,1.0,,0.0,0.8,[],"['dishwasher', 'dryer', 'ev', 'washer', 'water_heater']",[],matched,household_s3_hybrid_work_from_home|tianjin|1days|2025-06-02|no_dr,/home/hku_user3/EnergyBridge/benchmark_results/vpp_patch_2026-07-15/household_s3_hybrid_work_from_home_no_dr_tianjin_d02_hist_d02_1_patched_2025-06-02_1day/benchmark_result.json,no_dr_counterfactual_event_window_energy,1,6.1149,6.1149,6.1149,6.1149,0.0,0.0,0.0,0.0,0.0,no_dr_counterfactual_baseline
household_s1_dual_commuter_standard,household_s1_dual_commuter_standard,EnergyBridge,Tianjin,1,2025-06-02,d02_hist_d02_1_patched,hist_d02_1_patched,2,/home/hku_user3/EnergyBridge/experiments/real_data/tianjin_tou_price_normalized.csv,18.0,1.0,/home/hku_user3/EnergyBridge/benchmark_results/vpp_patch_2026-07-15/_batch_logs/daily_event_configs/d02_hist_d02_1_patched.json,skipped_done,0,0.0,/home/hku_user3/EnergyBridge/benchmark_results/vpp_patch_2026-07-15/household_s1_dual_commuter_standard_EnergyBridge_tianjin_d02_hist_d02_1_patched_2025-06-02_1day,/home/hku_user3/EnergyBridge/benchmark_results/vpp_patch_2026-07-15/_batch_logs/daily_dr_memory_tianjin_1day/household_s1_dual_commuter_standard_EnergyBridge_tianjin_d02_hist_d02_1_patched_2025-06-02_1day.log,/home/hku_user3/EnergyBridge/benchmark_results/vpp_patch_2026-07-15/household_s1_dual_commuter_standard_EnergyBridge_tianjin_d02_hist_d02_1_patched_2025-06-02_1day/run_summary.txt,0,47.984759,47.984759,50.737555,1.292055,normalized TOU cost/kWh,/home/hku_user3/EnergyBridge/experiments/real_data/tianjin_tou_price_normalized.csv,1.8208,1.8208,1.0,1.0,3.75,1.0,1.0,"['dishwasher', 'dryer', 'ev', 'washer', 'water_heater']",[],[],matched,household_s1_dual_commuter_standard|tianjin|1days|2025-06-02|no_dr,/home/hku_user3/EnergyBridge/benchmark_results/vpp_patch_2026-07-15/household_s1_dual_commuter_standard_no_dr_tianjin_d02_hist_d02_1_patched_2025-06-02_1day/benchmark_result.json,no_dr_counterfactual_event_window_energy,1,6.1111,1.8208,6.1111,6.1111,4.2903,4.2903,0.70205,4.2903,4.2903,no_dr_counterfactual_baseline
household_s1_dual_commuter_standard,household_s1_dual_commuter_standard,EnergyBridge,Germany,1,2025-06-02,d02_hist_d02_1_patched,hist_d02_1_patched,2,/home/hku_user3/EnergyBridge/experiments/real_data/germany_2025_price.csv,18.0,1.0,/home/hku_user3/EnergyBridge/benchmark_results/vpp_patch_2026-07-15/_batch_logs/daily_event_configs/d02_hist_d02_1_patched.json,skipped_done,0,0.0,/home/hku_user3/EnergyBridge/benchmark_results/vpp_patch_2026-07-15/household_s1_dual_commuter_standard_EnergyBridge_germany_d02_hist_d02_1_patched_2025-06-02_1day,/home/hku_user3/EnergyBridge/benchmark_results/vpp_patch_2026-07-15/_batch_logs/daily_dr_memory_germany_1day/household_s1_dual_commuter_standard_EnergyBridge_germany_d02_hist_d02_1_patched_2025-06-02_1day.log,/home/hku_user3/EnergyBridge/benchmark_results/vpp_patch_2026-07-15/household_s1_dual_commuter_standard_EnergyBridge_germany_d02_hist_d02_1_patched_2025-06-02_1day/run_summary.txt,0,41.253064,41.253064,15.977893,0.093391,EUR/kWh,/home/hku_user3/EnergyBridge/experiments/real_data/germany_2025_price.csv,6.2235,6.2235,1.0,1.0,4.25,1.0,1.0,"['dishwasher', 'dryer', 'ev', 'washer', 'water_heater']",[],[],matched,household_s1_dual_commuter_standard|germany|1days|2025-06-02|no_dr,/home/hku_user3/EnergyBridge/benchmark_results/vpp_patch_2026-07-15/household_s1_dual_commuter_standard_no_dr_germany_d02_hist_d02_1_patched_2025-06-02_1day/benchmark_result.json,no_dr_counterfactual_event_window_energy,1,10.4411,6.2235,10.4411,10.4411,4.2176,4.2176,0.403942,4.2176,4.2176,no_dr_counterfactual_baseline
household_s2_multigeneration_caregiver,household_s2_multigeneration_caregiver,EnergyBridge,Tianjin,1,2025-06-02,d02_hist_d02_1_patched,hist_d02_1_patched,2,/home/hku_user3/EnergyBridge/experiments/real_data/tianjin_tou_price_normalized.csv,18.0,1.0,/home/hku_user3/EnergyBridge/benchmark_results/vpp_patch_2026-07-15/_batch_logs/daily_event_configs/d02_hist_d02_1_patched.json,skipped_done,0,0.0,/home/hku_user3/EnergyBridge/benchmark_results/vpp_patch_2026-07-15/household_s2_multigeneration_caregiver_EnergyBridge_tianjin_d02_hist_d02_1_patched_2025-06-02_1day,/home/hku_user3/EnergyBridge/benchmark_results/vpp_patch_2026-07-15/_batch_logs/daily_dr_memory_tianjin_1day/household_s2_multigeneration_caregiver_EnergyBridge_tianjin_d02_hist_d02_1_patched_2025-06-02_1day.log,/home/hku_user3/EnergyBridge/benchmark_results/vpp_patch_2026-07-15/household_s2_multigeneration_caregiver_EnergyBridge_tianjin_d02_hist_d02_1_patched_2025-06-02_1day/run_summary.txt,0,44.087632,44.087632,48.639396,1.262176,normalized TOU cost/kWh,/home/hku_user3/EnergyBridge/experiments/real_data/tianjin_tou_price_normalized.csv,1.2445,1.2445,1.0,1.0,4.2,1.0,1.0,"['dishwasher', 'dryer', 'ev', 'washer', 'water_heater']",[],[],matched,household_s2_multigeneration_caregiver|tianjin|1days|2025-06-02|no_dr,/home/hku_user3/EnergyBridge/benchmark_results/vpp_patch_2026-07-15/household_s2_multigeneration_caregiver_no_dr_tianjin_d02_hist_d02_1_patched_2025-06-02_1day/benchmark_result.json,no_dr_counterfactual_event_window_energy,1,6.0846,1.2445,6.0846,6.0846,4.8401,4.8401,0.795467,4.8401,4.8401,no_dr_counterfactual_baseline
household_s4_ev_commuter_flexible,household_s4_ev_commuter_flexible,no_dr,Tianjin,1,2025-06-02,d02_hist_d02_1_patched,hist_d02_1_patched,2,/home/hku_user3/EnergyBridge/experiments/real_data/tianjin_tou_price_normalized.csv,18.0,1.0,/home/hku_user3/EnergyBridge/benchmark_results/vpp_patch_2026-07-15/_batch_logs/daily_event_configs/d02_hist_d02_1_patched.json,skipped_done,0,0.0,/home/hku_user3/EnergyBridge/benchmark_results/vpp_patch_2026-07-15/household_s4_ev_commuter_flexible_no_dr_tianjin_d02_hist_d02_1_patched_2025-06-02_1day,/home/hku_user3/EnergyBridge/benchmark_results/vpp_patch_2026-07-15/_batch_logs/daily_dr_memory_tianjin_1day/household_s4_ev_commuter_flexible_no_dr_tianjin_d02_hist_d02_1_patched_2025-06-02_1day.log,/home/hku_user3/EnergyBridge/benchmark_results/vpp_patch_2026-07-15/household_s4_ev_commuter_flexible_no_dr_tianjin_d02_hist_d02_1_patched_2025-06-02_1day/run_summary.txt,0,50.074095,50.074095,56.650711,1.35693,normalized TOU cost/kWh,/home/hku_user3/EnergyBridge/experiments/real_data/tianjin_tou_price_normalized.csv,6.1111,6.1111,1.0,1.0,,0.0,1.0,[],"['dishwasher', 'dryer', 'ev', 'washer', 'water_heater']",[],matched,household_s4_ev_commuter_flexible|tianjin|1days|2025-06-02|no_dr,/home/hku_user3/EnergyBridge/benchmark_results/vpp_patch_2026-07-15/household_s4_ev_commuter_flexible_no_dr_tianjin_d02_hist_d02_1_patched_2025-06-02_1day/benchmark_result.json,no_dr_counterfactual_event_window_energy,1,6.1111,6.1111,6.1111,6.1111,0.0,0.0,0.0,0.0,0.0,no_dr_counterfactual_baseline
household_s1_dual_commuter_standard,household_s1_dual_commuter_standard,no_dr,Germany,1,2025-06-03,d03_hist_d03_1_patched,hist_d03_1_patched,3,/home/hku_user3/EnergyBridge/experiments/real_data/germany_2025_price.csv,18.0,1.0,/home/hku_user3/EnergyBridge/benchmark_results/vpp_patch_2026-07-15/_batch_logs/daily_event_configs/d03_hist_d03_1_patched.json,skipped_done,0,0.0,/home/hku_user3/EnergyBridge/benchmark_results/vpp_patch_2026-07-15/household_s1_dual_commuter_standard_no_dr_germany_d03_hist_d03_1_patched_2025-06-03_1day,/home/hku_user3/EnergyBridge/benchmark_results/vpp_patch_2026-07-15/_batch_logs/daily_dr_memory_germany_1day/household_s1_dual_commuter_standard_no_dr_germany_d03_hist_d03_1_patched_2025-06-03_1day.log,/home/hku_user3/EnergyBridge/benchmark_results/vpp_patch_2026-07-15/household_s1_dual_commuter_standard_no_dr_germany_d03_hist_d03_1_patched_2025-06-03_1day/run_summary.txt,0,38.32038,38.32038,13.453061,0.077051,EUR/kWh,/home/hku_user3/EnergyBridge/experiments/real_data/germany_2025_price.csv,10.5693,10.5693,1.0,1.0,,0.0,1.0,[],"['dishwasher', 'dryer', 'ev', 'washer', 'water_heater']",[],matched,household_s1_dual_commuter_standard|germany|1days|2025-06-03|no_dr,/home/hku_user3/EnergyBridge/benchmark_results/vpp_patch_2026-07-15/household_s1_dual_commuter_standard_no_dr_germany_d03_hist_d03_1_patched_2025-06-03_1day/benchmark_result.json,no_dr_counterfactual_event_window_energy,1,10.5693,10.5693,10.5693,10.5693,0.0,0.0,0.0,0.0,0.0,no_dr_counterfactual_baseline
household_s5_shared_roommates_irregular,household_s5_shared_roommates_irregular,EnergyBridge,Tianjin,1,2025-06-02,d02_hist_d02_1_patched,hist_d02_1_patched,2,/home/hku_user3/EnergyBridge/experiments/real_data/tianjin_tou_price_normalized.csv,18.0,1.0,/home/hku_user3/EnergyBridge/benchmark_results/vpp_patch_2026-07-15/_batch_logs/daily_event_configs/d02_hist_d02_1_patched.json,skipped_done,0,0.0,/home/hku_user3/EnergyBridge/benchmark_results/vpp_patch_2026-07-15/household_s5_shared_roommates_irregular_EnergyBridge_tianjin_d02_hist_d02_1_patched_2025-06-02_1day,/home/hku_user3/EnergyBridge/benchmark_results/vpp_patch_2026-07-15/_batch_logs/daily_dr_memory_tianjin_1day/household_s5_shared_roommates_irregular_EnergyBridge_tianjin_d02_hist_d02_1_patched_2025-06-02_1day.log,/home/hku_user3/EnergyBridge/benchmark_results/vpp_patch_2026-07-15/household_s5_shared_roommates_irregular_EnergyBridge_tianjin_d02_hist_d02_1_patched_2025-06-02_1day/run_summary.txt,0,45.364539,45.364539,48.679083,1.309632,normalized TOU cost/kWh,/home/hku_user3/EnergyBridge/experiments/real_data/tianjin_tou_price_normalized.csv,1.8224,1.8224,1.0,1.0,4.0,1.0,1.0,"['dishwasher', 'dryer', 'ev', 'washer', 'water_heater']",[],[],matched,household_s5_shared_roommates_irregular|tianjin|1days|2025-06-02|no_dr,/home/hku_user3/EnergyBridge/benchmark_results/vpp_patch_2026-07-15/household_s5_shared_roommates_irregular_no_dr_tianjin_d02_hist_d02_1_patched_2025-06-02_1day/benchmark_result.json,no_dr_counterfactual_event_window_energy,1,6.1111,1.8224,6.1111,6.1111,4.2887,4.2887,0.701789,4.2887,4.2887,no_dr_counterfactual_baseline
household_s3_hybrid_work_from_home,household_s3_hybrid_work_from_home,EnergyBridge,Tianjin,1,2025-06-02,d02_hist_d02_1_patched,hist_d02_1_patched,2,/home/hku_user3/EnergyBridge/experiments/real_data/tianjin_tou_price_normalized.csv,18.0,1.0,/home/hku_user3/EnergyBridge/benchmark_results/vpp_patch_2026-07-15/_batch_logs/daily_event_configs/d02_hist_d02_1_patched.json,skipped_done,0,0.0,/home/hku_user3/EnergyBridge/benchmark_results/vpp_patch_2026-07-15/household_s3_hybrid_work_from_home_EnergyBridge_tianjin_d02_hist_d02_1_patched_2025-06-02_1day,/home/hku_user3/EnergyBridge/benchmark_results/vpp_patch_2026-07-15/_batch_logs/daily_dr_memory_tianjin_1day/household_s3_hybrid_work_from_home_EnergyBridge_tianjin_d02_hist_d02_1_patched_2025-06-02_1day.log,/home/hku_user3/EnergyBridge/benchmark_results/vpp_patch_2026-07-15/household_s3_hybrid_work_from_home_EnergyBridge_tianjin_d02_hist_d02_1_patched_2025-06-02_1day/run_summary.txt,0,44.398692,44.398692,52.249556,1.361825,normalized TOU cost/kWh,/home/hku_user3/EnergyBridge/experiments/real_data/tianjin_tou_price_normalized.csv,1.0482,1.0482,1.0,1.0,4.0,1.0,1.0,"['dishwasher', 'dryer', 'ev', 'washer', 'water_heater']",[],[],matched,household_s3_hybrid_work_from_home|tianjin|1days|2025-06-02|no_dr,/home/hku_user3/EnergyBridge/benchmark_results/vpp_patch_2026-07-15/household_s3_hybrid_work_from_home_no_dr_tianjin_d02_hist_d02_1_patched_2025-06-02_1day/benchmark_result.json,no_dr_counterfactual_event_window_energy,1,6.1149,1.0482,6.1149,6.1149,5.0667,5.0667,0.828583,5.0667,5.0667,no_dr_counterfactual_baseline
household_s5_shared_roommates_irregular,household_s5_shared_roommates_irregular,no_dr,Tianjin,1,2025-06-02,d02_hist_d02_1_patched,hist_d02_1_patched,2,/home/hku_user3/EnergyBridge/experiments/real_data/tianjin_tou_price_normalized.csv,18.0,1.0,/home/hku_user3/EnergyBridge/benchmark_results/vpp_patch_2026-07-15/_batch_logs/daily_event_configs/d02_hist_d02_1_patched.json,skipped_done,0,0.0,/home/hku_user3/EnergyBridge/benchmark_results/vpp_patch_2026-07-15/household_s5_shared_roommates_irregular_no_dr_tianjin_d02_hist_d02_1_patched_2025-06-02_1day,/home/hku_user3/EnergyBridge/benchmark_results/vpp_patch_2026-07-15/_batch_logs/daily_dr_memory_tianjin_1day/household_s5_shared_roommates_irregular_no_dr_tianjin_d02_hist_d02_1_patched_2025-06-02_1day.log,/home/hku_user3/EnergyBridge/benchmark_results/vpp_patch_2026-07-15/household_s5_shared_roommates_irregular_no_dr_tianjin_d02_hist_d02_1_patched_2025-06-02_1day/run_summary.txt,0,45.992935,45.992935,50.120856,1.330594,normalized TOU cost/kWh,/home/hku_user3/EnergyBridge/experiments/real_data/tianjin_tou_price_normalized.csv,6.1111,6.1111,1.0,1.0,,0.0,1.0,[],"['dishwasher', 'dryer', 'ev', 'washer', 'water_heater']",[],matched,household_s5_shared_roommates_irregular|tianjin|1days|2025-06-02|no_dr,/home/hku_user3/EnergyBridge/benchmark_results/vpp_patch_2026-07-15/household_s5_shared_roommates_irregular_no_dr_tianjin_d02_hist_d02_1_patched_2025-06-02_1day/benchmark_result.json,no_dr_counterfactual_event_window_energy,1,6.1111,6.1111,6.1111,6.1111,0.0,0.0,0.0,0.0,0.0,no_dr_counterfactual_baseline
household_s2_multigeneration_caregiver,household_s2_multigeneration_caregiver,no_dr,Germany,1,2025-06-03,d03_hist_d03_1_patched,hist_d03_1_patched,3,/home/hku_user3/EnergyBridge/experiments/real_data/germany_2025_price.csv,18.0,1.0,/home/hku_user3/EnergyBridge/benchmark_results/vpp_patch_2026-07-15/_batch_logs/daily_event_configs/d03_hist_d03_1_patched.json,skipped_done,0,0.0,/home/hku_user3/EnergyBridge/benchmark_results/vpp_patch_2026-07-15/household_s2_multigeneration_caregiver_no_dr_germany_d03_hist_d03_1_patched_2025-06-03_1day,/home/hku_user3/EnergyBridge/benchmark_results/vpp_patch_2026-07-15/_batch_logs/daily_dr_memory_germany_1day/household_s2_multigeneration_caregiver_no_dr_germany_d03_hist_d03_1_patched_2025-06-03_1day.log,/home/hku_user3/EnergyBridge/benchmark_results/vpp_patch_2026-07-15/household_s2_multigeneration_caregiver_no_dr_germany_d03_hist_d03_1_patched_2025-06-03_1day/run_summary.txt,0,35.057221,35.057221,13.07384,0.076545,EUR/kWh,/home/hku_user3/EnergyBridge/experiments/real_data/germany_2025_price.csv,10.6072,10.6072,1.0,1.0,,0.0,1.0,[],"['dishwasher', 'dryer', 'ev', 'washer', 'water_heater']",[],matched,household_s2_multigeneration_caregiver|germany|1days|2025-06-03|no_dr,/home/hku_user3/EnergyBridge/benchmark_results/vpp_patch_2026-07-15/household_s2_multigeneration_caregiver_no_dr_germany_d03_hist_d03_1_patched_2025-06-03_1day/benchmark_result.json,no_dr_counterfactual_event_window_energy,1,10.6072,10.6072,10.6072,10.6072,0.0,0.0,0.0,0.0,0.0,no_dr_counterfactual_baseline
household_s4_ev_commuter_flexible,household_s4_ev_commuter_flexible,EnergyBridge,Tianjin,1,2025-06-02,d02_hist_d02_1_patched,hist_d02_1_patched,2,/home/hku_user3/EnergyBridge/experiments/real_data/tianjin_tou_price_normalized.csv,18.0,1.0,/home/hku_user3/EnergyBridge/benchmark_results/vpp_patch_2026-07-15/_batch_logs/daily_event_configs/d02_hist_d02_1_patched.json,skipped_done,0,0.0,/home/hku_user3/EnergyBridge/benchmark_results/vpp_patch_2026-07-15/household_s4_ev_commuter_flexible_EnergyBridge_tianjin_d02_hist_d02_1_patched_2025-06-02_1day,/home/hku_user3/EnergyBridge/benchmark_results/vpp_patch_2026-07-15/_batch_logs/daily_dr_memory_tianjin_1day/household_s4_ev_commuter_flexible_EnergyBridge_tianjin_d02_hist_d02_1_patched_2025-06-02_1day.log,/home/hku_user3/EnergyBridge/benchmark_results/vpp_patch_2026-07-15/household_s4_ev_commuter_flexible_EnergyBridge_tianjin_d02_hist_d02_1_patched_2025-06-02_1day/run_summary.txt,0,49.445698,49.445698,54.160242,1.312937,normalized TOU cost/kWh,/home/hku_user3/EnergyBridge/experiments/real_data/tianjin_tou_price_normalized.csv,1.8224,1.8224,1.0,1.0,4.75,1.0,1.0,"['dishwasher', 'dryer', 'ev', 'washer', 'water_heater']",[],[],matched,household_s4_ev_commuter_flexible|tianjin|1days|2025-06-02|no_dr,/home/hku_user3/EnergyBridge/benchmark_results/vpp_patch_2026-07-15/household_s4_ev_commuter_flexible_no_dr_tianjin_d02_hist_d02_1_patched_2025-06-02_1day/benchmark_result.json,no_dr_counterfactual_event_window_energy,1,6.1111,1.8224,6.1111,6.1111,4.2887,4.2887,0.701789,4.2887,4.2887,no_dr_counterfactual_baseline
household_s3_hybrid_work_from_home,household_s3_hybrid_work_from_home,no_dr,Germany,1,2025-06-03,d03_hist_d03_1_patched,hist_d03_1_patched,3,/home/hku_user3/EnergyBridge/experiments/real_data/germany_2025_price.csv,18.0,1.0,/home/hku_user3/EnergyBridge/benchmark_results/vpp_patch_2026-07-15/_batch_logs/daily_event_configs/d03_hist_d03_1_patched.json,skipped_done,0,0.0,/home/hku_user3/EnergyBridge/benchmark_results/vpp_patch_2026-07-15/household_s3_hybrid_work_from_home_no_dr_germany_d03_hist_d03_1_patched_2025-06-03_1day,/home/hku_user3/EnergyBridge/benchmark_results/vpp_patch_2026-07-15/_batch_logs/daily_dr_memory_germany_1day/household_s3_hybrid_work_from_home_no_dr_germany_d03_hist_d03_1_patched_2025-06-03_1day.log,/home/hku_user3/EnergyBridge/benchmark_results/vpp_patch_2026-07-15/household_s3_hybrid_work_from_home_no_dr_germany_d03_hist_d03_1_patched_2025-06-03_1day/run_summary.txt,0,36.513483,36.513483,13.25489,0.076896,EUR/kWh,/home/hku_user3/EnergyBridge/experiments/real_data/germany_2025_price.csv,10.5779,10.5779,1.0,1.0,,0.0,0.8,[],"['dishwasher', 'dryer', 'ev', 'washer', 'water_heater']",[],matched,household_s3_hybrid_work_from_home|germany|1days|2025-06-03|no_dr,/home/hku_user3/EnergyBridge/benchmark_results/vpp_patch_2026-07-15/household_s3_hybrid_work_from_home_no_dr_germany_d03_hist_d03_1_patched_2025-06-03_1day/benchmark_result.json,no_dr_counterfactual_event_window_energy,1,10.5779,10.5779,10.5779,10.5779,0.0,0.0,0.0,0.0,0.0,no_dr_counterfactual_baseline
household_s4_ev_commuter_flexible,household_s4_ev_commuter_flexible,EnergyBridge,Germany,1,2025-06-03,d03_hist_d03_1_patched,hist_d03_1_patched,3,/home/hku_user3/EnergyBridge/experiments/real_data/germany_2025_price.csv,18.0,1.0,/home/hku_user3/EnergyBridge/benchmark_results/vpp_patch_2026-07-15/_batch_logs/daily_event_configs/d03_hist_d03_1_patched.json,skipped_done,0,0.0,/home/hku_user3/EnergyBridge/benchmark_results/vpp_patch_2026-07-15/household_s4_ev_commuter_flexible_EnergyBridge_germany_d03_hist_d03_1_patched_2025-06-03_1day,/home/hku_user3/EnergyBridge/benchmark_results/vpp_patch_2026-07-15/_batch_logs/daily_dr_memory_germany_1day/household_s4_ev_commuter_flexible_EnergyBridge_germany_d03_hist_d03_1_patched_2025-06-03_1day.log,/home/hku_user3/EnergyBridge/benchmark_results/vpp_patch_2026-07-15/household_s4_ev_commuter_flexible_EnergyBridge_germany_d03_hist_d03_1_patched_2025-06-03_1day/run_summary.txt,0,43.631199,43.631199,12.586954,0.072345,EUR/kWh,/home/hku_user3/EnergyBridge/experiments/real_data/germany_2025_price.csv,6.3946,6.3946,1.0,1.0,4.75,1.0,1.0,"['dishwasher', 'dryer', 'ev', 'washer', 'water_heater']",[],[],matched,household_s4_ev_commuter_flexible|germany|1days|2025-06-03|no_dr,/home/hku_user3/EnergyBridge/benchmark_results/vpp_patch_2026-07-15/household_s4_ev_commuter_flexible_no_dr_germany_d03_hist_d03_1_patched_2025-06-03_1day/benchmark_result.json,no_dr_counterfactual_event_window_energy,1,10.5693,6.3946,10.5693,10.5693,4.1747,4.1747,0.394984,4.1747,4.1747,no_dr_counterfactual_baseline
household_s4_ev_commuter_flexible,household_s4_ev_commuter_flexible,no_dr,Germany,1,2025-06-03,d03_hist_d03_1_patched,hist_d03_1_patched,3,/home/hku_user3/EnergyBridge/experiments/real_data/germany_2025_price.csv,18.0,1.0,/home/hku_user3/EnergyBridge/benchmark_results/vpp_patch_2026-07-15/_batch_logs/daily_event_configs/d03_hist_d03_1_patched.json,skipped_done,0,0.0,/home/hku_user3/EnergyBridge/benchmark_results/vpp_patch_2026-07-15/household_s4_ev_commuter_flexible_no_dr_germany_d03_hist_d03_1_patched_2025-06-03_1day,/home/hku_user3/EnergyBridge/benchmark_results/vpp_patch_2026-07-15/_batch_logs/daily_dr_memory_germany_1day/household_s4_ev_commuter_flexible_no_dr_germany_d03_hist_d03_1_patched_2025-06-03_1day.log,/home/hku_user3/EnergyBridge/benchmark_results/vpp_patch_2026-07-15/household_s4_ev_commuter_flexible_no_dr_germany_d03_hist_d03_1_patched_2025-06-03_1day/run_summary.txt,0,40.360959,40.360959,13.644427,0.077244,EUR/kWh,/home/hku_user3/EnergyBridge/experiments/real_data/germany_2025_price.csv,10.5693,10.5693,1.0,1.0,,0.0,1.0,[],"['dishwasher', 'dryer', 'ev', 'washer', 'water_heater']",[],matched,household_s4_ev_commuter_flexible|germany|1days|2025-06-03|no_dr,/home/hku_user3/EnergyBridge/benchmark_results/vpp_patch_2026-07-15/household_s4_ev_commuter_flexible_no_dr_germany_d03_hist_d03_1_patched_2025-06-03_1day/benchmark_result.json,no_dr_counterfactual_event_window_energy,1,10.5693,10.5693,10.5693,10.5693,0.0,0.0,0.0,0.0,0.0,no_dr_counterfactual_baseline
household_s3_hybrid_work_from_home,household_s3_hybrid_work_from_home,EnergyBridge,Germany,1,2025-06-03,d03_hist_d03_1_patched,hist_d03_1_patched,3,/home/hku_user3/EnergyBridge/experiments/real_data/germany_2025_price.csv,18.0,1.0,/home/hku_user3/EnergyBridge/benchmark_results/vpp_patch_2026-07-15/_batch_logs/daily_event_configs/d03_hist_d03_1_patched.json,skipped_done,0,0.0,/home/hku_user3/EnergyBridge/benchmark_results/vpp_patch_2026-07-15/household_s3_hybrid_work_from_home_EnergyBridge_germany_d03_hist_d03_1_patched_2025-06-03_1day,/home/hku_user3/EnergyBridge/benchmark_results/vpp_patch_2026-07-15/_batch_logs/daily_dr_memory_germany_1day/household_s3_hybrid_work_from_home_EnergyBridge_germany_d03_hist_d03_1_patched_2025-06-03_1day.log,/home/hku_user3/EnergyBridge/benchmark_results/vpp_patch_2026-07-15/household_s3_hybrid_work_from_home_EnergyBridge_germany_d03_hist_d03_1_patched_2025-06-03_1day/run_summary.txt,0,37.368689,37.368689,12.185565,0.071504,EUR/kWh,/home/hku_user3/EnergyBridge/experiments/real_data/germany_2025_price.csv,6.2341,6.2341,1.0,1.0,4.333,1.0,1.0,"['dishwasher', 'dryer', 'ev', 'washer', 'water_heater']",[],[],matched,household_s3_hybrid_work_from_home|germany|1days|2025-06-03|no_dr,/home/hku_user3/EnergyBridge/benchmark_results/vpp_patch_2026-07-15/household_s3_hybrid_work_from_home_no_dr_germany_d03_hist_d03_1_patched_2025-06-03_1day/benchmark_result.json,no_dr_counterfactual_event_window_energy,1,10.5779,6.2341,10.5779,10.5779,4.3438,4.3438,0.410649,4.3438,4.3438,no_dr_counterfactual_baseline
household_s2_multigeneration_caregiver,household_s2_multigeneration_caregiver,EnergyBridge,Germany,1,2025-06-03,d03_hist_d03_1_patched,hist_d03_1_patched,3,/home/hku_user3/EnergyBridge/experiments/real_data/germany_2025_price.csv,18.0,1.0,/home/hku_user3/EnergyBridge/benchmark_results/vpp_patch_2026-07-15/_batch_logs/daily_event_configs/d03_hist_d03_1_patched.json,skipped_done,0,0.0,/home/hku_user3/EnergyBridge/benchmark_results/vpp_patch_2026-07-15/household_s2_multigeneration_caregiver_EnergyBridge_germany_d03_hist_d03_1_patched_2025-06-03_1day,/home/hku_user3/EnergyBridge/benchmark_results/vpp_patch_2026-07-15/_batch_logs/daily_dr_memory_germany_1day/household_s2_multigeneration_caregiver_EnergyBridge_germany_d03_hist_d03_1_patched_2025-06-03_1day.log,/home/hku_user3/EnergyBridge/benchmark_results/vpp_patch_2026-07-15/household_s2_multigeneration_caregiver_EnergyBridge_germany_d03_hist_d03_1_patched_2025-06-03_1day/run_summary.txt,0,35.239351,35.239351,11.966602,0.070576,EUR/kWh,/home/hku_user3/EnergyBridge/experiments/real_data/germany_2025_price.csv,6.3234,6.3234,1.0,1.0,4.0,1.0,1.0,"['dishwasher', 'dryer', 'ev', 'washer', 'water_heater']",[],[],matched,household_s2_multigeneration_caregiver|germany|1days|2025-06-03|no_dr,/home/hku_user3/EnergyBridge/benchmark_results/vpp_patch_2026-07-15/household_s2_multigeneration_caregiver_no_dr_germany_d03_hist_d03_1_patched_2025-06-03_1day/benchmark_result.json,no_dr_counterfactual_event_window_energy,1,10.6072,6.3234,10.6072,10.6072,4.2838,4.2838,0.403858,4.2838,4.2838,no_dr_counterfactual_baseline
household_s5_shared_roommates_irregular,household_s5_shared_roommates_irregular,no_dr,Germany,1,2025-06-03,d03_hist_d03_1_patched,hist_d03_1_patched,3,/home/hku_user3/EnergyBridge/experiments/real_data/germany_2025_price.csv,18.0,1.0,/home/hku_user3/EnergyBridge/benchmark_results/vpp_patch_2026-07-15/_batch_logs/daily_event_configs/d03_hist_d03_1_patched.json,skipped_done,0,0.0,/home/hku_user3/EnergyBridge/benchmark_results/vpp_patch_2026-07-15/household_s5_shared_roommates_irregular_no_dr_germany_d03_hist_d03_1_patched_2025-06-03_1day,/home/hku_user3/EnergyBridge/benchmark_results/vpp_patch_2026-07-15/_batch_logs/daily_dr_memory_germany_1day/household_s5_shared_roommates_irregular_no_dr_germany_d03_hist_d03_1_patched_2025-06-03_1day.log,/home/hku_user3/EnergyBridge/benchmark_results/vpp_patch_2026-07-15/household_s5_shared_roommates_irregular_no_dr_germany_d03_hist_d03_1_patched_2025-06-03_1day/run_summary.txt,0,36.2798,36.2798,13.261696,0.076853,EUR/kWh,/home/hku_user3/EnergyBridge/experiments/real_data/germany_2025_price.csv,10.5693,10.5693,1.0,1.0,,0.0,1.0,[],"['dishwasher', 'dryer', 'ev', 'washer', 'water_heater']",[],matched,household_s5_shared_roommates_irregular|germany|1days|2025-06-03|no_dr,/home/hku_user3/EnergyBridge/benchmark_results/vpp_patch_2026-07-15/household_s5_shared_roommates_irregular_no_dr_germany_d03_hist_d03_1_patched_2025-06-03_1day/benchmark_result.json,no_dr_counterfactual_event_window_energy,1,10.5693,10.5693,10.5693,10.5693,0.0,0.0,0.0,0.0,0.0,no_dr_counterfactual_baseline
household_s2_multigeneration_caregiver,household_s2_multigeneration_caregiver,no_dr,Tianjin,1,2025-06-03,d03_hist_d03_1_patched,hist_d03_1_patched,3,/home/hku_user3/EnergyBridge/experiments/real_data/tianjin_tou_price_normalized.csv,18.0,1.0,/home/hku_user3/EnergyBridge/benchmark_results/vpp_patch_2026-07-15/_batch_logs/daily_event_configs/d03_hist_d03_1_patched.json,skipped_done,0,0.0,/home/hku_user3/EnergyBridge/benchmark_results/vpp_patch_2026-07-15/household_s2_multigeneration_caregiver_no_dr_tianjin_d03_hist_d03_1_patched_2025-06-03_1day,/home/hku_user3/EnergyBridge/benchmark_results/vpp_patch_2026-07-15/_batch_logs/daily_dr_memory_tianjin_1day/household_s2_multigeneration_caregiver_no_dr_tianjin_d03_hist_d03_1_patched_2025-06-03_1day.log,/home/hku_user3/EnergyBridge/benchmark_results/vpp_patch_2026-07-15/household_s2_multigeneration_caregiver_no_dr_tianjin_d03_hist_d03_1_patched_2025-06-03_1day/run_summary.txt,0,48.502856,48.502856,57.434434,1.37652,normalized TOU cost/kWh,/home/hku_user3/EnergyBridge/experiments/real_data/tianjin_tou_price_normalized.csv,6.0221,6.0221,1.0,1.0,,0.0,1.0,[],"['dishwasher', 'dryer', 'ev', 'washer', 'water_heater']",[],matched,household_s2_multigeneration_caregiver|tianjin|1days|2025-06-03|no_dr,/home/hku_user3/EnergyBridge/benchmark_results/vpp_patch_2026-07-15/household_s2_multigeneration_caregiver_no_dr_tianjin_d03_hist_d03_1_patched_2025-06-03_1day/benchmark_result.json,no_dr_counterfactual_event_window_energy,1,6.0221,6.0221,6.0221,6.0221,0.0,0.0,0.0,0.0,0.0,no_dr_counterfactual_baseline
household_s1_dual_commuter_standard,household_s1_dual_commuter_standard,no_dr,Tianjin,1,2025-06-03,d03_hist_d03_1_patched,hist_d03_1_patched,3,/home/hku_user3/EnergyBridge/experiments/real_data/tianjin_tou_price_normalized.csv,18.0,1.0,/home/hku_user3/EnergyBridge/benchmark_results/vpp_patch_2026-07-15/_batch_logs/daily_event_configs/d03_hist_d03_1_patched.json,skipped_done,0,0.0,/home/hku_user3/EnergyBridge/benchmark_results/vpp_patch_2026-07-15/household_s1_dual_commuter_standard_no_dr_tianjin_d03_hist_d03_1_patched_2025-06-03_1day,/home/hku_user3/EnergyBridge/benchmark_results/vpp_patch_2026-07-15/_batch_logs/daily_dr_memory_tianjin_1day/household_s1_dual_commuter_standard_no_dr_tianjin_d03_hist_d03_1_patched_2025-06-03_1day.log,/home/hku_user3/EnergyBridge/benchmark_results/vpp_patch_2026-07-15/household_s1_dual_commuter_standard_no_dr_tianjin_d03_hist_d03_1_patched_2025-06-03_1day/run_summary.txt,0,50.652787,50.652787,62.585472,1.406316,normalized TOU cost/kWh,/home/hku_user3/EnergyBridge/experiments/real_data/tianjin_tou_price_normalized.csv,5.9786,5.9786,1.0,1.0,,0.0,1.0,[],"['dishwasher', 'dryer', 'ev', 'washer', 'water_heater']",[],matched,household_s1_dual_commuter_standard|tianjin|1days|2025-06-03|no_dr,/home/hku_user3/EnergyBridge/benchmark_results/vpp_patch_2026-07-15/household_s1_dual_commuter_standard_no_dr_tianjin_d03_hist_d03_1_patched_2025-06-03_1day/benchmark_result.json,no_dr_counterfactual_event_window_energy,1,5.9786,5.9786,5.9786,5.9786,0.0,0.0,0.0,0.0,0.0,no_dr_counterfactual_baseline
household_s3_hybrid_work_from_home,household_s3_hybrid_work_from_home,no_dr,Tianjin,1,2025-06-03,d03_hist_d03_1_patched,hist_d03_1_patched,3,/home/hku_user3/EnergyBridge/experiments/real_data/tianjin_tou_price_normalized.csv,18.0,1.0,/home/hku_user3/EnergyBridge/benchmark_results/vpp_patch_2026-07-15/_batch_logs/daily_event_configs/d03_hist_d03_1_patched.json,skipped_done,0,0.0,/home/hku_user3/EnergyBridge/benchmark_results/vpp_patch_2026-07-15/household_s3_hybrid_work_from_home_no_dr_tianjin_d03_hist_d03_1_patched_2025-06-03_1day,/home/hku_user3/EnergyBridge/benchmark_results/vpp_patch_2026-07-15/_batch_logs/daily_dr_memory_tianjin_1day/household_s3_hybrid_work_from_home_no_dr_tianjin_d03_hist_d03_1_patched_2025-06-03_1day.log,/home/hku_user3/EnergyBridge/benchmark_results/vpp_patch_2026-07-15/household_s3_hybrid_work_from_home_no_dr_tianjin_d03_hist_d03_1_patched_2025-06-03_1day/run_summary.txt,0,49.10073,49.10073,59.745285,1.397117,normalized TOU cost/kWh,/home/hku_user3/EnergyBridge/experiments/real_data/tianjin_tou_price_normalized.csv,5.9809,5.9809,1.0,1.0,,0.0,0.8,[],"['dishwasher', 'dryer', 'ev', 'washer', 'water_heater']",[],matched,household_s3_hybrid_work_from_home|tianjin|1days|2025-06-03|no_dr,/home/hku_user3/EnergyBridge/benchmark_results/vpp_patch_2026-07-15/household_s3_hybrid_work_from_home_no_dr_tianjin_d03_hist_d03_1_patched_2025-06-03_1day/benchmark_result.json,no_dr_counterfactual_event_window_energy,1,5.9809,5.9809,5.9809,5.9809,0.0,0.0,0.0,0.0,0.0,no_dr_counterfactual_baseline
household_s1_dual_commuter_standard,household_s1_dual_commuter_standard,EnergyBridge,Germany,1,2025-06-03,d03_hist_d03_1_patched,hist_d03_1_patched,3,/home/hku_user3/EnergyBridge/experiments/real_data/germany_2025_price.csv,18.0,1.0,/home/hku_user3/EnergyBridge/benchmark_results/vpp_patch_2026-07-15/_batch_logs/daily_event_configs/d03_hist_d03_1_patched.json,skipped_done,0,0.0,/home/hku_user3/EnergyBridge/benchmark_results/vpp_patch_2026-07-15/household_s1_dual_commuter_standard_EnergyBridge_germany_d03_hist_d03_1_patched_2025-06-03_1day,/home/hku_user3/EnergyBridge/benchmark_results/vpp_patch_2026-07-15/_batch_logs/daily_dr_memory_germany_1day/household_s1_dual_commuter_standard_EnergyBridge_germany_d03_hist_d03_1_patched_2025-06-03_1day.log,/home/hku_user3/EnergyBridge/benchmark_results/vpp_patch_2026-07-15/household_s1_dual_commuter_standard_EnergyBridge_germany_d03_hist_d03_1_patched_2025-06-03_1day/run_summary.txt,0,41.590619,41.590619,12.325562,0.071684,EUR/kWh,/home/hku_user3/EnergyBridge/experiments/real_data/germany_2025_price.csv,6.3946,6.3946,1.0,1.0,4.0,1.0,1.0,"['dishwasher', 'dryer', 'ev', 'washer', 'water_heater']",[],[],matched,household_s1_dual_commuter_standard|germany|1days|2025-06-03|no_dr,/home/hku_user3/EnergyBridge/benchmark_results/vpp_patch_2026-07-15/household_s1_dual_commuter_standard_no_dr_germany_d03_hist_d03_1_patched_2025-06-03_1day/benchmark_result.json,no_dr_counterfactual_event_window_energy,1,10.5693,6.3946,10.5693,10.5693,4.1747,4.1747,0.394984,4.1747,4.1747,no_dr_counterfactual_baseline
household_s1_dual_commuter_standard,household_s1_dual_commuter_standard,EnergyBridge,Tianjin,1,2025-06-03,d03_hist_d03_1_patched,hist_d03_1_patched,3,/home/hku_user3/EnergyBridge/experiments/real_data/tianjin_tou_price_normalized.csv,18.0,1.0,/home/hku_user3/EnergyBridge/benchmark_results/vpp_patch_2026-07-15/_batch_logs/daily_event_configs/d03_hist_d03_1_patched.json,skipped_done,0,0.0,/home/hku_user3/EnergyBridge/benchmark_results/vpp_patch_2026-07-15/household_s1_dual_commuter_standard_EnergyBridge_tianjin_d03_hist_d03_1_patched_2025-06-03_1day,/home/hku_user3/EnergyBridge/benchmark_results/vpp_patch_2026-07-15/_batch_logs/daily_dr_memory_tianjin_1day/household_s1_dual_commuter_standard_EnergyBridge_tianjin_d03_hist_d03_1_patched_2025-06-03_1day.log,/home/hku_user3/EnergyBridge/benchmark_results/vpp_patch_2026-07-15/household_s1_dual_commuter_standard_EnergyBridge_tianjin_d03_hist_d03_1_patched_2025-06-03_1day/run_summary.txt,0,46.864054,46.864054,49.03466,1.325909,normalized TOU cost/kWh,/home/hku_user3/EnergyBridge/experiments/real_data/tianjin_tou_price_normalized.csv,1.6222,1.6222,1.0,1.0,4.5,1.0,1.0,"['dishwasher', 'dryer', 'ev', 'washer', 'water_heater']",[],[],matched,household_s1_dual_commuter_standard|tianjin|1days|2025-06-03|no_dr,/home/hku_user3/EnergyBridge/benchmark_results/vpp_patch_2026-07-15/household_s1_dual_commuter_standard_no_dr_tianjin_d03_hist_d03_1_patched_2025-06-03_1day/benchmark_result.json,no_dr_counterfactual_event_window_energy,1,5.9786,1.6222,5.9786,5.9786,4.3564,4.3564,0.728666,4.3564,4.3564,no_dr_counterfactual_baseline
household_s3_hybrid_work_from_home,household_s3_hybrid_work_from_home,EnergyBridge,Tianjin,1,2025-06-03,d03_hist_d03_1_patched,hist_d03_1_patched,3,/home/hku_user3/EnergyBridge/experiments/real_data/tianjin_tou_price_normalized.csv,18.0,1.0,/home/hku_user3/EnergyBridge/benchmark_results/vpp_patch_2026-07-15/_batch_logs/daily_event_configs/d03_hist_d03_1_patched.json,skipped_done,0,0.0,/home/hku_user3/EnergyBridge/benchmark_results/vpp_patch_2026-07-15/household_s3_hybrid_work_from_home_EnergyBridge_tianjin_d03_hist_d03_1_patched_2025-06-03_1day,/home/hku_user3/EnergyBridge/benchmark_results/vpp_patch_2026-07-15/_batch_logs/daily_dr_memory_tianjin_1day/household_s3_hybrid_work_from_home_EnergyBridge_tianjin_d03_hist_d03_1_patched_2025-06-03_1day.log,/home/hku_user3/EnergyBridge/benchmark_results/vpp_patch_2026-07-15/household_s3_hybrid_work_from_home_EnergyBridge_tianjin_d03_hist_d03_1_patched_2025-06-03_1day/run_summary.txt,0,44.411778,44.411778,50.295374,1.367433,normalized TOU cost/kWh,/home/hku_user3/EnergyBridge/experiments/real_data/tianjin_tou_price_normalized.csv,1.0489,1.0489,1.0,1.0,4.333,1.0,1.0,"['dishwasher', 'dryer', 'ev', 'washer', 'water_heater']",[],[],matched,household_s3_hybrid_work_from_home|tianjin|1days|2025-06-03|no_dr,/home/hku_user3/EnergyBridge/benchmark_results/vpp_patch_2026-07-15/household_s3_hybrid_work_from_home_no_dr_tianjin_d03_hist_d03_1_patched_2025-06-03_1day/benchmark_result.json,no_dr_counterfactual_event_window_energy,1,5.9809,1.0489,5.9809,5.9809,4.932,4.932,0.824625,4.932,4.932,no_dr_counterfactual_baseline
household_s5_shared_roommates_irregular,household_s5_shared_roommates_irregular,EnergyBridge,Germany,1,2025-06-03,d03_hist_d03_1_patched,hist_d03_1_patched,3,/home/hku_user3/EnergyBridge/experiments/real_data/germany_2025_price.csv,18.0,1.0,/home/hku_user3/EnergyBridge/benchmark_results/vpp_patch_2026-07-15/_batch_logs/daily_event_configs/d03_hist_d03_1_patched.json,skipped_done,0,0.0,/home/hku_user3/EnergyBridge/benchmark_results/vpp_patch_2026-07-15/household_s5_shared_roommates_irregular_EnergyBridge_germany_d03_hist_d03_1_patched_2025-06-03_1day,/home/hku_user3/EnergyBridge/benchmark_results/vpp_patch_2026-07-15/_batch_logs/daily_dr_memory_germany_1day/household_s5_shared_roommates_irregular_EnergyBridge_germany_d03_hist_d03_1_patched_2025-06-03_1day.log,/home/hku_user3/EnergyBridge/benchmark_results/vpp_patch_2026-07-15/household_s5_shared_roommates_irregular_EnergyBridge_germany_d03_hist_d03_1_patched_2025-06-03_1day/run_summary.txt,0,39.550039,39.550039,12.173824,0.071651,EUR/kWh,/home/hku_user3/EnergyBridge/experiments/real_data/germany_2025_price.csv,6.3946,6.3946,1.0,1.0,4.0,1.0,1.0,"['dishwasher', 'dryer', 'ev', 'washer', 'water_heater']",[],[],matched,household_s5_shared_roommates_irregular|germany|1days|2025-06-03|no_dr,/home/hku_user3/EnergyBridge/benchmark_results/vpp_patch_2026-07-15/household_s5_shared_roommates_irregular_no_dr_germany_d03_hist_d03_1_patched_2025-06-03_1day/benchmark_result.json,no_dr_counterfactual_event_window_energy,1,10.5693,6.3946,10.5693,10.5693,4.1747,4.1747,0.394984,4.1747,4.1747,no_dr_counterfactual_baseline
household_s4_ev_commuter_flexible,household_s4_ev_commuter_flexible,no_dr,Tianjin,1,2025-06-03,d03_hist_d03_1_patched,hist_d03_1_patched,3,/home/hku_user3/EnergyBridge/experiments/real_data/tianjin_tou_price_normalized.csv,18.0,1.0,/home/hku_user3/EnergyBridge/benchmark_results/vpp_patch_2026-07-15/_batch_logs/daily_event_configs/d03_hist_d03_1_patched.json,skipped_done,0,0.0,/home/hku_user3/EnergyBridge/benchmark_results/vpp_patch_2026-07-15/household_s4_ev_commuter_flexible_no_dr_tianjin_d03_hist_d03_1_patched_2025-06-03_1day,/home/hku_user3/EnergyBridge/benchmark_results/vpp_patch_2026-07-15/_batch_logs/daily_dr_memory_tianjin_1day/household_s4_ev_commuter_flexible_no_dr_tianjin_d03_hist_d03_1_patched_2025-06-03_1day.log,/home/hku_user3/EnergyBridge/benchmark_results/vpp_patch_2026-07-15/household_s4_ev_commuter_flexible_no_dr_tianjin_d03_hist_d03_1_patched_2025-06-03_1day/run_summary.txt,0,52.693367,52.693367,65.850399,1.414808,normalized TOU cost/kWh,/home/hku_user3/EnergyBridge/experiments/real_data/tianjin_tou_price_normalized.csv,5.9786,5.9786,1.0,1.0,,0.0,1.0,[],"['dishwasher', 'dryer', 'ev', 'washer', 'water_heater']",[],matched,household_s4_ev_commuter_flexible|tianjin|1days|2025-06-03|no_dr,/home/hku_user3/EnergyBridge/benchmark_results/vpp_patch_2026-07-15/household_s4_ev_commuter_flexible_no_dr_tianjin_d03_hist_d03_1_patched_2025-06-03_1day/benchmark_result.json,no_dr_counterfactual_event_window_energy,1,5.9786,5.9786,5.9786,5.9786,0.0,0.0,0.0,0.0,0.0,no_dr_counterfactual_baseline
household_s5_shared_roommates_irregular,household_s5_shared_roommates_irregular,no_dr,Tianjin,1,2025-06-03,d03_hist_d03_1_patched,hist_d03_1_patched,3,/home/hku_user3/EnergyBridge/experiments/real_data/tianjin_tou_price_normalized.csv,18.0,1.0,/home/hku_user3/EnergyBridge/benchmark_results/vpp_patch_2026-07-15/_batch_logs/daily_event_configs/d03_hist_d03_1_patched.json,skipped_done,0,0.0,/home/hku_user3/EnergyBridge/benchmark_results/vpp_patch_2026-07-15/household_s5_shared_roommates_irregular_no_dr_tianjin_d03_hist_d03_1_patched_2025-06-03_1day,/home/hku_user3/EnergyBridge/benchmark_results/vpp_patch_2026-07-15/_batch_logs/daily_dr_memory_tianjin_1day/household_s5_shared_roommates_irregular_no_dr_tianjin_d03_hist_d03_1_patched_2025-06-03_1day.log,/home/hku_user3/EnergyBridge/benchmark_results/vpp_patch_2026-07-15/household_s5_shared_roommates_irregular_no_dr_tianjin_d03_hist_d03_1_patched_2025-06-03_1day/run_summary.txt,0,48.612208,48.612208,59.320544,1.397008,normalized TOU cost/kWh,/home/hku_user3/EnergyBridge/experiments/real_data/tianjin_tou_price_normalized.csv,5.9786,5.9786,1.0,1.0,,0.0,1.0,[],"['dishwasher', 'dryer', 'ev', 'washer', 'water_heater']",[],matched,household_s5_shared_roommates_irregular|tianjin|1days|2025-06-03|no_dr,/home/hku_user3/EnergyBridge/benchmark_results/vpp_patch_2026-07-15/household_s5_shared_roommates_irregular_no_dr_tianjin_d03_hist_d03_1_patched_2025-06-03_1day/benchmark_result.json,no_dr_counterfactual_event_window_energy,1,5.9786,5.9786,5.9786,5.9786,0.0,0.0,0.0,0.0,0.0,no_dr_counterfactual_baseline
household_s2_multigeneration_caregiver,household_s2_multigeneration_caregiver,EnergyBridge,Tianjin,1,2025-06-03,d03_hist_d03_1_patched,hist_d03_1_patched,3,/home/hku_user3/EnergyBridge/experiments/real_data/tianjin_tou_price_normalized.csv,18.0,1.0,/home/hku_user3/EnergyBridge/benchmark_results/vpp_patch_2026-07-15/_batch_logs/daily_event_configs/d03_hist_d03_1_patched.json,skipped_done,0,0.0,/home/hku_user3/EnergyBridge/benchmark_results/vpp_patch_2026-07-15/household_s2_multigeneration_caregiver_EnergyBridge_tianjin_d03_hist_d03_1_patched_2025-06-03_1day,/home/hku_user3/EnergyBridge/benchmark_results/vpp_patch_2026-07-15/_batch_logs/daily_dr_memory_tianjin_1day/household_s2_multigeneration_caregiver_EnergyBridge_tianjin_d03_hist_d03_1_patched_2025-06-03_1day.log,/home/hku_user3/EnergyBridge/benchmark_results/vpp_patch_2026-07-15/household_s2_multigeneration_caregiver_EnergyBridge_tianjin_d03_hist_d03_1_patched_2025-06-03_1day/run_summary.txt,0,44.204076,44.204076,47.762508,1.304266,normalized TOU cost/kWh,/home/hku_user3/EnergyBridge/experiments/real_data/tianjin_tou_price_normalized.csv,1.1096,1.1096,1.0,1.0,4.4,1.0,1.0,"['dishwasher', 'dryer', 'ev', 'washer', 'water_heater']",[],[],matched,household_s2_multigeneration_caregiver|tianjin|1days|2025-06-03|no_dr,/home/hku_user3/EnergyBridge/benchmark_results/vpp_patch_2026-07-15/household_s2_multigeneration_caregiver_no_dr_tianjin_d03_hist_d03_1_patched_2025-06-03_1day/benchmark_result.json,no_dr_counterfactual_event_window_energy,1,6.0221,1.1096,6.0221,6.0221,4.9125,4.9125,0.815745,4.9125,4.9125,no_dr_counterfactual_baseline
household_s4_ev_commuter_flexible,household_s4_ev_commuter_flexible,EnergyBridge,Tianjin,1,2025-06-03,d03_hist_d03_1_patched,hist_d03_1_patched,3,/home/hku_user3/EnergyBridge/experiments/real_data/tianjin_tou_price_normalized.csv,18.0,1.0,/home/hku_user3/EnergyBridge/benchmark_results/vpp_patch_2026-07-15/_batch_logs/daily_event_configs/d03_hist_d03_1_patched.json,skipped_done,0,0.0,/home/hku_user3/EnergyBridge/benchmark_results/vpp_patch_2026-07-15/household_s4_ev_commuter_flexible_EnergyBridge_tianjin_d03_hist_d03_1_patched_2025-06-03_1day,/home/hku_user3/EnergyBridge/benchmark_results/vpp_patch_2026-07-15/_batch_logs/daily_dr_memory_tianjin_1day/household_s4_ev_commuter_flexible_EnergyBridge_tianjin_d03_hist_d03_1_patched_2025-06-03_1day.log,/home/hku_user3/EnergyBridge/benchmark_results/vpp_patch_2026-07-15/household_s4_ev_commuter_flexible_EnergyBridge_tianjin_d03_hist_d03_1_patched_2025-06-03_1day/run_summary.txt,0,48.904633,48.904633,53.17524,1.362682,normalized TOU cost/kWh,/home/hku_user3/EnergyBridge/experiments/real_data/tianjin_tou_price_normalized.csv,1.6222,1.6222,1.0,1.0,4.0,1.0,1.0,"['dishwasher', 'dryer', 'ev', 'washer', 'water_heater']",[],[],matched,household_s4_ev_commuter_flexible|tianjin|1days|2025-06-03|no_dr,/home/hku_user3/EnergyBridge/benchmark_results/vpp_patch_2026-07-15/household_s4_ev_commuter_flexible_no_dr_tianjin_d03_hist_d03_1_patched_2025-06-03_1day/benchmark_result.json,no_dr_counterfactual_event_window_energy,1,5.9786,1.6222,5.9786,5.9786,4.3564,4.3564,0.728666,4.3564,4.3564,no_dr_counterfactual_baseline
household_s5_shared_roommates_irregular,household_s5_shared_roommates_irregular,EnergyBridge,Tianjin,1,2025-06-03,d03_hist_d03_1_patched,hist_d03_1_patched,3,/home/hku_user3/EnergyBridge/experiments/real_data/tianjin_tou_price_normalized.csv,18.0,1.0,/home/hku_user3/EnergyBridge/benchmark_results/vpp_patch_2026-07-15/_batch_logs/daily_event_configs/d03_hist_d03_1_patched.json,skipped_done,0,0.0,/home/hku_user3/EnergyBridge/benchmark_results/vpp_patch_2026-07-15/household_s5_shared_roommates_irregular_EnergyBridge_tianjin_d03_hist_d03_1_patched_2025-06-03_1day,/home/hku_user3/EnergyBridge/benchmark_results/vpp_patch_2026-07-15/_batch_logs/daily_dr_memory_tianjin_1day/household_s5_shared_roommates_irregular_EnergyBridge_tianjin_d03_hist_d03_1_patched_2025-06-03_1day.log,/home/hku_user3/EnergyBridge/benchmark_results/vpp_patch_2026-07-15/household_s5_shared_roommates_irregular_EnergyBridge_tianjin_d03_hist_d03_1_patched_2025-06-03_1day/run_summary.txt,0,46.770373,46.770373,48.15956,1.36791,normalized TOU cost/kWh,/home/hku_user3/EnergyBridge/experiments/real_data/tianjin_tou_price_normalized.csv,1.6281,1.6281,1.0,1.0,4.0,1.0,1.0,"['dishwasher', 'dryer', 'ev', 'washer', 'water_heater']",[],[],matched,household_s5_shared_roommates_irregular|tianjin|1days|2025-06-03|no_dr,/home/hku_user3/EnergyBridge/benchmark_results/vpp_patch_2026-07-15/household_s5_shared_roommates_irregular_no_dr_tianjin_d03_hist_d03_1_patched_2025-06-03_1day/benchmark_result.json,no_dr_counterfactual_event_window_energy,1,5.9786,1.6281,5.9786,5.9786,4.3505,4.3505,0.727679,4.3505,4.3505,no_dr_counterfactual_baseline
household_s1_dual_commuter_standard,household_s1_dual_commuter_standard,no_dr,Germany,1,2025-06-05,d05_hist_d05_1_patched,hist_d05_1_patched,5,/home/hku_user3/EnergyBridge/experiments/real_data/germany_2025_price.csv,18.0,1.0,/home/hku_user3/EnergyBridge/benchmark_results/vpp_patch_2026-07-15/_batch_logs/daily_event_configs/d05_hist_d05_1_patched.json,skipped_done,0,0.0,/home/hku_user3/EnergyBridge/benchmark_results/vpp_patch_2026-07-15/household_s1_dual_commuter_standard_no_dr_germany_d05_hist_d05_1_patched_2025-06-05_1day,/home/hku_user3/EnergyBridge/benchmark_results/vpp_patch_2026-07-15/_batch_logs/daily_dr_memory_germany_1day/household_s1_dual_commuter_standard_no_dr_germany_d05_hist_d05_1_patched_2025-06-05_1day.log,/home/hku_user3/EnergyBridge/benchmark_results/vpp_patch_2026-07-15/household_s1_dual_commuter_standard_no_dr_germany_d05_hist_d05_1_patched_2025-06-05_1day/run_summary.txt,0,33.031533,33.031533,14.066278,0.082575,EUR/kWh,/home/hku_user3/EnergyBridge/experiments/real_data/germany_2025_price.csv,10.2502,10.2502,1.0,1.0,,0.0,1.0,[],"['dishwasher', 'dryer', 'ev', 'washer', 'water_heater']",[],matched,household_s1_dual_commuter_standard|germany|1days|2025-06-05|no_dr,/home/hku_user3/EnergyBridge/benchmark_results/vpp_patch_2026-07-15/household_s1_dual_commuter_standard_no_dr_germany_d05_hist_d05_1_patched_2025-06-05_1day/benchmark_result.json,no_dr_counterfactual_event_window_energy,1,10.2502,10.2502,10.2502,10.2502,0.0,0.0,0.0,0.0,0.0,no_dr_counterfactual_baseline
household_s2_multigeneration_caregiver,household_s2_multigeneration_caregiver,no_dr,Germany,1,2025-06-05,d05_hist_d05_1_patched,hist_d05_1_patched,5,/home/hku_user3/EnergyBridge/experiments/real_data/germany_2025_price.csv,18.0,1.0,/home/hku_user3/EnergyBridge/benchmark_results/vpp_patch_2026-07-15/_batch_logs/daily_event_configs/d05_hist_d05_1_patched.json,skipped_done,0,0.0,/home/hku_user3/EnergyBridge/benchmark_results/vpp_patch_2026-07-15/household_s2_multigeneration_caregiver_no_dr_germany_d05_hist_d05_1_patched_2025-06-05_1day,/home/hku_user3/EnergyBridge/benchmark_results/vpp_patch_2026-07-15/_batch_logs/daily_dr_memory_germany_1day/household_s2_multigeneration_caregiver_no_dr_germany_d05_hist_d05_1_patched_2025-06-05_1day.log,/home/hku_user3/EnergyBridge/benchmark_results/vpp_patch_2026-07-15/household_s2_multigeneration_caregiver_no_dr_germany_d05_hist_d05_1_patched_2025-06-05_1day/run_summary.txt,0,29.561685,29.561685,13.732176,0.082497,EUR/kWh,/home/hku_user3/EnergyBridge/experiments/real_data/germany_2025_price.csv,10.2897,10.2897,1.0,1.0,,0.0,1.0,[],"['dishwasher', 'dryer', 'ev', 'washer', 'water_heater']",[],matched,household_s2_multigeneration_caregiver|germany|1days|2025-06-05|no_dr,/home/hku_user3/EnergyBridge/benchmark_results/vpp_patch_2026-07-15/household_s2_multigeneration_caregiver_no_dr_germany_d05_hist_d05_1_patched_2025-06-05_1day/benchmark_result.json,no_dr_counterfactual_event_window_energy,1,10.2897,10.2897,10.2897,10.2897,0.0,0.0,0.0,0.0,0.0,no_dr_counterfactual_baseline
household_s2_multigeneration_caregiver,household_s2_multigeneration_caregiver,EnergyBridge,Germany,1,2025-06-05,d05_hist_d05_1_patched,hist_d05_1_patched,5,/home/hku_user3/EnergyBridge/experiments/real_data/germany_2025_price.csv,18.0,1.0,/home/hku_user3/EnergyBridge/benchmark_results/vpp_patch_2026-07-15/_batch_logs/daily_event_configs/d05_hist_d05_1_patched.json,skipped_done,0,0.0,/home/hku_user3/EnergyBridge/benchmark_results/vpp_patch_2026-07-15/household_s2_multigeneration_caregiver_EnergyBridge_germany_d05_hist_d05_1_patched_2025-06-05_1day,/home/hku_user3/EnergyBridge/benchmark_results/vpp_patch_2026-07-15/_batch_logs/daily_dr_memory_germany_1day/household_s2_multigeneration_caregiver_EnergyBridge_germany_d05_hist_d05_1_patched_2025-06-05_1day.log,/home/hku_user3/EnergyBridge/benchmark_results/vpp_patch_2026-07-15/household_s2_multigeneration_caregiver_EnergyBridge_germany_d05_hist_d05_1_patched_2025-06-05_1day/run_summary.txt,0,29.857708,29.857708,12.847343,0.077636,EUR/kWh,/home/hku_user3/EnergyBridge/experiments/real_data/germany_2025_price.csv,6.0658,6.0658,1.0,1.0,4.4,1.0,1.0,"['dishwasher', 'dryer', 'ev', 'washer', 'water_heater']",[],[],matched,household_s2_multigeneration_caregiver|germany|1days|2025-06-05|no_dr,/home/hku_user3/EnergyBridge/benchmark_results/vpp_patch_2026-07-15/household_s2_multigeneration_caregiver_no_dr_germany_d05_hist_d05_1_patched_2025-06-05_1day/benchmark_result.json,no_dr_counterfactual_event_window_energy,1,10.2897,6.0658,10.2897,10.2897,4.2239,4.2239,0.410498,4.2239,4.2239,no_dr_counterfactual_baseline
household_s3_hybrid_work_from_home,household_s3_hybrid_work_from_home,no_dr,Germany,1,2025-06-05,d05_hist_d05_1_patched,hist_d05_1_patched,5,/home/hku_user3/EnergyBridge/experiments/real_data/germany_2025_price.csv,18.0,1.0,/home/hku_user3/EnergyBridge/benchmark_results/vpp_patch_2026-07-15/_batch_logs/daily_event_configs/d05_hist_d05_1_patched.json,skipped_done,0,0.0,/home/hku_user3/EnergyBridge/benchmark_results/vpp_patch_2026-07-15/household_s3_hybrid_work_from_home_no_dr_germany_d05_hist_d05_1_patched_2025-06-05_1day,/home/hku_user3/EnergyBridge/benchmark_results/vpp_patch_2026-07-15/_batch_logs/daily_dr_memory_germany_1day/household_s3_hybrid_work_from_home_no_dr_germany_d05_hist_d05_1_patched_2025-06-05_1day.log,/home/hku_user3/EnergyBridge/benchmark_results/vpp_patch_2026-07-15/household_s3_hybrid_work_from_home_no_dr_germany_d05_hist_d05_1_patched_2025-06-05_1day/run_summary.txt,0,31.258192,31.258192,13.890982,0.082609,EUR/kWh,/home/hku_user3/EnergyBridge/experiments/real_data/germany_2025_price.csv,10.2547,10.2547,1.0,1.0,,0.0,0.8,[],"['dishwasher', 'dryer', 'ev', 'washer', 'water_heater']",[],matched,household_s3_hybrid_work_from_home|germany|1days|2025-06-05|no_dr,/home/hku_user3/EnergyBridge/benchmark_results/vpp_patch_2026-07-15/household_s3_hybrid_work_from_home_no_dr_germany_d05_hist_d05_1_patched_2025-06-05_1day/benchmark_result.json,no_dr_counterfactual_event_window_energy,1,10.2547,10.2547,10.2547,10.2547,0.0,0.0,0.0,0.0,0.0,no_dr_counterfactual_baseline
household_s1_dual_commuter_standard,household_s1_dual_commuter_standard,EnergyBridge,Germany,1,2025-06-05,d05_hist_d05_1_patched,hist_d05_1_patched,5,/home/hku_user3/EnergyBridge/experiments/real_data/germany_2025_price.csv,18.0,1.0,/home/hku_user3/EnergyBridge/benchmark_results/vpp_patch_2026-07-15/_batch_logs/daily_event_configs/d05_hist_d05_1_patched.json,skipped_done,0,0.0,/home/hku_user3/EnergyBridge/benchmark_results/vpp_patch_2026-07-15/household_s1_dual_commuter_standard_EnergyBridge_germany_d05_hist_d05_1_patched_2025-06-05_1day,/home/hku_user3/EnergyBridge/benchmark_results/vpp_patch_2026-07-15/_batch_logs/daily_dr_memory_germany_1day/household_s1_dual_commuter_standard_EnergyBridge_germany_d05_hist_d05_1_patched_2025-06-05_1day.log,/home/hku_user3/EnergyBridge/benchmark_results/vpp_patch_2026-07-15/household_s1_dual_commuter_standard_EnergyBridge_germany_d05_hist_d05_1_patched_2025-06-05_1day/run_summary.txt,0,33.216209,33.216209,13.088841,0.077603,EUR/kWh,/home/hku_user3/EnergyBridge/experiments/real_data/germany_2025_price.csv,6.005,6.005,1.0,1.0,4.5,1.0,1.0,"['dishwasher', 'dryer', 'ev', 'washer', 'water_heater']",[],[],matched,household_s1_dual_commuter_standard|germany|1days|2025-06-05|no_dr,/home/hku_user3/EnergyBridge/benchmark_results/vpp_patch_2026-07-15/household_s1_dual_commuter_standard_no_dr_germany_d05_hist_d05_1_patched_2025-06-05_1day/benchmark_result.json,no_dr_counterfactual_event_window_energy,1,10.2502,6.005,10.2502,10.2502,4.2452,4.2452,0.414158,4.2452,4.2452,no_dr_counterfactual_baseline
household_s3_hybrid_work_from_home,household_s3_hybrid_work_from_home,EnergyBridge,Germany,1,2025-06-05,d05_hist_d05_1_patched,hist_d05_1_patched,5,/home/hku_user3/EnergyBridge/experiments/real_data/germany_2025_price.csv,18.0,1.0,/home/hku_user3/EnergyBridge/benchmark_results/vpp_patch_2026-07-15/_batch_logs/daily_event_configs/d05_hist_d05_1_patched.json,skipped_done,0,0.0,/home/hku_user3/EnergyBridge/benchmark_results/vpp_patch_2026-07-15/household_s3_hybrid_work_from_home_EnergyBridge_germany_d05_hist_d05_1_patched_2025-06-05_1day,/home/hku_user3/EnergyBridge/benchmark_results/vpp_patch_2026-07-15/_batch_logs/daily_dr_memory_germany_1day/household_s3_hybrid_work_from_home_EnergyBridge_germany_d05_hist_d05_1_patched_2025-06-05_1day.log,/home/hku_user3/EnergyBridge/benchmark_results/vpp_patch_2026-07-15/household_s3_hybrid_work_from_home_EnergyBridge_germany_d05_hist_d05_1_patched_2025-06-05_1day/run_summary.txt,0,31.468401,31.468401,12.962519,0.077795,EUR/kWh,/home/hku_user3/EnergyBridge/experiments/real_data/germany_2025_price.csv,6.0098,6.0098,1.0,1.0,3.333,1.0,1.0,"['dishwasher', 'dryer', 'ev', 'washer', 'water_heater']",[],[],matched,household_s3_hybrid_work_from_home|germany|1days|2025-06-05|no_dr,/home/hku_user3/EnergyBridge/benchmark_results/vpp_patch_2026-07-15/household_s3_hybrid_work_from_home_no_dr_germany_d05_hist_d05_1_patched_2025-06-05_1day/benchmark_result.json,no_dr_counterfactual_event_window_energy,1,10.2547,6.0098,10.2547,10.2547,4.2449,4.2449,0.413947,4.2449,4.2449,no_dr_counterfactual_baseline
household_s4_ev_commuter_flexible,household_s4_ev_commuter_flexible,no_dr,Germany,1,2025-06-05,d05_hist_d05_1_patched,hist_d05_1_patched,5,/home/hku_user3/EnergyBridge/experiments/real_data/germany_2025_price.csv,18.0,1.0,/home/hku_user3/EnergyBridge/benchmark_results/vpp_patch_2026-07-15/_batch_logs/daily_event_configs/d05_hist_d05_1_patched.json,skipped_done,0,0.0,/home/hku_user3/EnergyBridge/benchmark_results/vpp_patch_2026-07-15/household_s4_ev_commuter_flexible_no_dr_germany_d05_hist_d05_1_patched_2025-06-05_1day,/home/hku_user3/EnergyBridge/benchmark_results/vpp_patch_2026-07-15/_batch_logs/daily_dr_memory_germany_1day/household_s4_ev_commuter_flexible_no_dr_germany_d05_hist_d05_1_patched_2025-06-05_1day.log,/home/hku_user3/EnergyBridge/benchmark_results/vpp_patch_2026-07-15/household_s4_ev_commuter_flexible_no_dr_germany_d05_hist_d05_1_patched_2025-06-05_1day/run_summary.txt,0,35.072113,35.072113,14.230484,0.08255,EUR/kWh,/home/hku_user3/EnergyBridge/experiments/real_data/germany_2025_price.csv,10.2502,10.2502,1.0,1.0,,0.0,1.0,[],"['dishwasher', 'dryer', 'ev', 'washer', 'water_heater']",[],matched,household_s4_ev_commuter_flexible|germany|1days|2025-06-05|no_dr,/home/hku_user3/EnergyBridge/benchmark_results/vpp_patch_2026-07-15/household_s4_ev_commuter_flexible_no_dr_germany_d05_hist_d05_1_patched_2025-06-05_1day/benchmark_result.json,no_dr_counterfactual_event_window_energy,1,10.2502,10.2502,10.2502,10.2502,0.0,0.0,0.0,0.0,0.0,no_dr_counterfactual_baseline
household_s1_dual_commuter_standard,household_s1_dual_commuter_standard,no_dr,Tianjin,1,2025-06-05,d05_hist_d05_1_patched,hist_d05_1_patched,5,/home/hku_user3/EnergyBridge/experiments/real_data/tianjin_tou_price_normalized.csv,18.0,1.0,/home/hku_user3/EnergyBridge/benchmark_results/vpp_patch_2026-07-15/_batch_logs/daily_event_configs/d05_hist_d05_1_patched.json,skipped_done,0,0.0,/home/hku_user3/EnergyBridge/benchmark_results/vpp_patch_2026-07-15/household_s1_dual_commuter_standard_no_dr_tianjin_d05_hist_d05_1_patched_2025-06-05_1day,/home/hku_user3/EnergyBridge/benchmark_results/vpp_patch_2026-07-15/_batch_logs/daily_dr_memory_tianjin_1day/household_s1_dual_commuter_standard_no_dr_tianjin_d05_hist_d05_1_patched_2025-06-05_1day.log,/home/hku_user3/EnergyBridge/benchmark_results/vpp_patch_2026-07-15/household_s1_dual_commuter_standard_no_dr_tianjin_d05_hist_d05_1_patched_2025-06-05_1day/run_summary.txt,0,43.912163,43.912163,54.120778,1.389607,normalized TOU cost/kWh,/home/hku_user3/EnergyBridge/experiments/real_data/tianjin_tou_price_normalized.csv,5.4586,5.4586,1.0,1.0,,0.0,1.0,[],"['dishwasher', 'dryer', 'ev', 'washer', 'water_heater']",[],matched,household_s1_dual_commuter_standard|tianjin|1days|2025-06-05|no_dr,/home/hku_user3/EnergyBridge/benchmark_results/vpp_patch_2026-07-15/household_s1_dual_commuter_standard_no_dr_tianjin_d05_hist_d05_1_patched_2025-06-05_1day/benchmark_result.json,no_dr_counterfactual_event_window_energy,1,5.4586,5.4586,5.4586,5.4586,0.0,0.0,0.0,0.0,0.0,no_dr_counterfactual_baseline
household_s4_ev_commuter_flexible,household_s4_ev_commuter_flexible,EnergyBridge,Germany,1,2025-06-05,d05_hist_d05_1_patched,hist_d05_1_patched,5,/home/hku_user3/EnergyBridge/experiments/real_data/germany_2025_price.csv,18.0,1.0,/home/hku_user3/EnergyBridge/benchmark_results/vpp_patch_2026-07-15/_batch_logs/daily_event_configs/d05_hist_d05_1_patched.json,skipped_done,0,0.0,/home/hku_user3/EnergyBridge/benchmark_results/vpp_patch_2026-07-15/household_s4_ev_commuter_flexible_EnergyBridge_germany_d05_hist_d05_1_patched_2025-06-05_1day,/home/hku_user3/EnergyBridge/benchmark_results/vpp_patch_2026-07-15/_batch_logs/daily_dr_memory_germany_1day/household_s4_ev_commuter_flexible_EnergyBridge_germany_d05_hist_d05_1_patched_2025-06-05_1day.log,/home/hku_user3/EnergyBridge/benchmark_results/vpp_patch_2026-07-15/household_s4_ev_commuter_flexible_EnergyBridge_germany_d05_hist_d05_1_patched_2025-06-05_1day/run_summary.txt,0,35.256788,35.256788,13.327326,0.078072,EUR/kWh,/home/hku_user3/EnergyBridge/experiments/real_data/germany_2025_price.csv,6.005,6.005,1.0,1.0,4.25,1.0,1.0,"['dishwasher', 'dryer', 'ev', 'washer', 'water_heater']",[],[],matched,household_s4_ev_commuter_flexible|germany|1days|2025-06-05|no_dr,/home/hku_user3/EnergyBridge/benchmark_results/vpp_patch_2026-07-15/household_s4_ev_commuter_flexible_no_dr_germany_d05_hist_d05_1_patched_2025-06-05_1day/benchmark_result.json,no_dr_counterfactual_event_window_energy,1,10.2502,6.005,10.2502,10.2502,4.2452,4.2452,0.414158,4.2452,4.2452,no_dr_counterfactual_baseline
household_s5_shared_roommates_irregular,household_s5_shared_roommates_irregular,no_dr,Germany,1,2025-06-05,d05_hist_d05_1_patched,hist_d05_1_patched,5,/home/hku_user3/EnergyBridge/experiments/real_data/germany_2025_price.csv,18.0,1.0,/home/hku_user3/EnergyBridge/benchmark_results/vpp_patch_2026-07-15/_batch_logs/daily_event_configs/d05_hist_d05_1_patched.json,skipped_done,0,0.0,/home/hku_user3/EnergyBridge/benchmark_results/vpp_patch_2026-07-15/household_s5_shared_roommates_irregular_no_dr_germany_d05_hist_d05_1_patched_2025-06-05_1day,/home/hku_user3/EnergyBridge/benchmark_results/vpp_patch_2026-07-15/_batch_logs/daily_dr_memory_germany_1day/household_s5_shared_roommates_irregular_no_dr_germany_d05_hist_d05_1_patched_2025-06-05_1day.log,/home/hku_user3/EnergyBridge/benchmark_results/vpp_patch_2026-07-15/household_s5_shared_roommates_irregular_no_dr_germany_d05_hist_d05_1_patched_2025-06-05_1day/run_summary.txt,0,30.990954,30.990954,13.902073,0.082601,EUR/kWh,/home/hku_user3/EnergyBridge/experiments/real_data/germany_2025_price.csv,10.2502,10.2502,1.0,1.0,,0.0,1.0,[],"['dishwasher', 'dryer', 'ev', 'washer', 'water_heater']",[],matched,household_s5_shared_roommates_irregular|germany|1days|2025-06-05|no_dr,/home/hku_user3/EnergyBridge/benchmark_results/vpp_patch_2026-07-15/household_s5_shared_roommates_irregular_no_dr_germany_d05_hist_d05_1_patched_2025-06-05_1day/benchmark_result.json,no_dr_counterfactual_event_window_energy,1,10.2502,10.2502,10.2502,10.2502,0.0,0.0,0.0,0.0,0.0,no_dr_counterfactual_baseline
household_s5_shared_roommates_irregular,household_s5_shared_roommates_irregular,EnergyBridge,Germany,1,2025-06-05,d05_hist_d05_1_patched,hist_d05_1_patched,5,/home/hku_user3/EnergyBridge/experiments/real_data/germany_2025_price.csv,18.0,1.0,/home/hku_user3/EnergyBridge/benchmark_results/vpp_patch_2026-07-15/_batch_logs/daily_event_configs/d05_hist_d05_1_patched.json,skipped_done,0,0.0,/home/hku_user3/EnergyBridge/benchmark_results/vpp_patch_2026-07-15/household_s5_shared_roommates_irregular_EnergyBridge_germany_d05_hist_d05_1_patched_2025-06-05_1day,/home/hku_user3/EnergyBridge/benchmark_results/vpp_patch_2026-07-15/_batch_logs/daily_dr_memory_germany_1day/household_s5_shared_roommates_irregular_EnergyBridge_germany_d05_hist_d05_1_patched_2025-06-05_1day.log,/home/hku_user3/EnergyBridge/benchmark_results/vpp_patch_2026-07-15/household_s5_shared_roommates_irregular_EnergyBridge_germany_d05_hist_d05_1_patched_2025-06-05_1day/run_summary.txt,0,31.175629,31.175629,12.95455,0.077747,EUR/kWh,/home/hku_user3/EnergyBridge/experiments/real_data/germany_2025_price.csv,6.005,6.005,1.0,1.0,4.0,1.0,1.0,"['dishwasher', 'dryer', 'ev', 'washer', 'water_heater']",[],[],matched,household_s5_shared_roommates_irregular|germany|1days|2025-06-05|no_dr,/home/hku_user3/EnergyBridge/benchmark_results/vpp_patch_2026-07-15/household_s5_shared_roommates_irregular_no_dr_germany_d05_hist_d05_1_patched_2025-06-05_1day/benchmark_result.json,no_dr_counterfactual_event_window_energy,1,10.2502,6.005,10.2502,10.2502,4.2452,4.2452,0.414158,4.2452,4.2452,no_dr_counterfactual_baseline
household_s2_multigeneration_caregiver,household_s2_multigeneration_caregiver,no_dr,Tianjin,1,2025-06-05,d05_hist_d05_1_patched,hist_d05_1_patched,5,/home/hku_user3/EnergyBridge/experiments/real_data/tianjin_tou_price_normalized.csv,18.0,1.0,/home/hku_user3/EnergyBridge/benchmark_results/vpp_patch_2026-07-15/_batch_logs/daily_event_configs/d05_hist_d05_1_patched.json,skipped_done,0,0.0,/home/hku_user3/EnergyBridge/benchmark_results/vpp_patch_2026-07-15/household_s2_multigeneration_caregiver_no_dr_tianjin_d05_hist_d05_1_patched_2025-06-05_1day,/home/hku_user3/EnergyBridge/benchmark_results/vpp_patch_2026-07-15/_batch_logs/daily_dr_memory_tianjin_1day/household_s2_multigeneration_caregiver_no_dr_tianjin_d05_hist_d05_1_patched_2025-06-05_1day.log,/home/hku_user3/EnergyBridge/benchmark_results/vpp_patch_2026-07-15/household_s2_multigeneration_caregiver_no_dr_tianjin_d05_hist_d05_1_patched_2025-06-05_1day/run_summary.txt,0,41.337449,41.337449,48.841892,1.352835,normalized TOU cost/kWh,/home/hku_user3/EnergyBridge/experiments/real_data/tianjin_tou_price_normalized.csv,5.5032,5.5032,1.0,1.0,,0.0,1.0,[],"['dishwasher', 'dryer', 'ev', 'washer', 'water_heater']",[],matched,household_s2_multigeneration_caregiver|tianjin|1days|2025-06-05|no_dr,/home/hku_user3/EnergyBridge/benchmark_results/vpp_patch_2026-07-15/household_s2_multigeneration_caregiver_no_dr_tianjin_d05_hist_d05_1_patched_2025-06-05_1day/benchmark_result.json,no_dr_counterfactual_event_window_energy,1,5.5032,5.5032,5.5032,5.5032,0.0,0.0,0.0,0.0,0.0,no_dr_counterfactual_baseline
household_s1_dual_commuter_standard,household_s1_dual_commuter_standard,EnergyBridge,Tianjin,1,2025-06-05,d05_hist_d05_1_patched,hist_d05_1_patched,5,/home/hku_user3/EnergyBridge/experiments/real_data/tianjin_tou_price_normalized.csv,18.0,1.0,/home/hku_user3/EnergyBridge/benchmark_results/vpp_patch_2026-07-15/_batch_logs/daily_event_configs/d05_hist_d05_1_patched.json,skipped_done,0,0.0,/home/hku_user3/EnergyBridge/benchmark_results/vpp_patch_2026-07-15/household_s1_dual_commuter_standard_EnergyBridge_tianjin_d05_hist_d05_1_patched_2025-06-05_1day,/home/hku_user3/EnergyBridge/benchmark_results/vpp_patch_2026-07-15/_batch_logs/daily_dr_memory_tianjin_1day/household_s1_dual_commuter_standard_EnergyBridge_tianjin_d05_hist_d05_1_patched_2025-06-05_1day.log,/home/hku_user3/EnergyBridge/benchmark_results/vpp_patch_2026-07-15/household_s1_dual_commuter_standard_EnergyBridge_tianjin_d05_hist_d05_1_patched_2025-06-05_1day/run_summary.txt,0,43.744079,43.744079,47.752774,1.329759,normalized TOU cost/kWh,/home/hku_user3/EnergyBridge/experiments/real_data/tianjin_tou_price_normalized.csv,1.1895,1.1895,1.0,1.0,4.5,1.0,1.0,"['dishwasher', 'dryer', 'ev', 'washer', 'water_heater']",[],[],matched,household_s1_dual_commuter_standard|tianjin|1days|2025-06-05|no_dr,/home/hku_user3/EnergyBridge/benchmark_results/vpp_patch_2026-07-15/household_s1_dual_commuter_standard_no_dr_tianjin_d05_hist_d05_1_patched_2025-06-05_1day/benchmark_result.json,no_dr_counterfactual_event_window_energy,1,5.4586,1.1895,5.4586,5.4586,4.2691,4.2691,0.782087,4.2691,4.2691,no_dr_counterfactual_baseline
household_s4_ev_commuter_flexible,household_s4_ev_commuter_flexible,no_dr,Tianjin,1,2025-06-05,d05_hist_d05_1_patched,hist_d05_1_patched,5,/home/hku_user3/EnergyBridge/experiments/real_data/tianjin_tou_price_normalized.csv,18.0,1.0,/home/hku_user3/EnergyBridge/benchmark_results/vpp_patch_2026-07-15/_batch_logs/daily_event_configs/d05_hist_d05_1_patched.json,skipped_done,0,0.0,/home/hku_user3/EnergyBridge/benchmark_results/vpp_patch_2026-07-15/household_s4_ev_commuter_flexible_no_dr_tianjin_d05_hist_d05_1_patched_2025-06-05_1day,/home/hku_user3/EnergyBridge/benchmark_results/vpp_patch_2026-07-15/_batch_logs/daily_dr_memory_tianjin_1day/household_s4_ev_commuter_flexible_no_dr_tianjin_d05_hist_d05_1_patched_2025-06-05_1day.log,/home/hku_user3/EnergyBridge/benchmark_results/vpp_patch_2026-07-15/household_s4_ev_commuter_flexible_no_dr_tianjin_d05_hist_d05_1_patched_2025-06-05_1day/run_summary.txt,0,45.952743,45.952743,57.385705,1.400082,normalized TOU cost/kWh,/home/hku_user3/EnergyBridge/experiments/real_data/tianjin_tou_price_normalized.csv,5.4586,5.4586,1.0,1.0,,0.0,1.0,[],"['dishwasher', 'dryer', 'ev', 'washer', 'water_heater']",[],matched,household_s4_ev_commuter_flexible|tianjin|1days|2025-06-05|no_dr,/home/hku_user3/EnergyBridge/benchmark_results/vpp_patch_2026-07-15/household_s4_ev_commuter_flexible_no_dr_tianjin_d05_hist_d05_1_patched_2025-06-05_1day/benchmark_result.json,no_dr_counterfactual_event_window_energy,1,5.4586,5.4586,5.4586,5.4586,0.0,0.0,0.0,0.0,0.0,no_dr_counterfactual_baseline
household_s2_multigeneration_caregiver,household_s2_multigeneration_caregiver,EnergyBridge,Tianjin,1,2025-06-05,d05_hist_d05_1_patched,hist_d05_1_patched,5,/home/hku_user3/EnergyBridge/experiments/real_data/tianjin_tou_price_normalized.csv,18.0,1.0,/home/hku_user3/EnergyBridge/benchmark_results/vpp_patch_2026-07-15/_batch_logs/daily_event_configs/d05_hist_d05_1_patched.json,skipped_done,0,0.0,/home/hku_user3/EnergyBridge/benchmark_results/vpp_patch_2026-07-15/household_s2_multigeneration_caregiver_EnergyBridge_tianjin_d05_hist_d05_1_patched_2025-06-05_1day,/home/hku_user3/EnergyBridge/benchmark_results/vpp_patch_2026-07-15/_batch_logs/daily_dr_memory_tianjin_1day/household_s2_multigeneration_caregiver_EnergyBridge_tianjin_d05_hist_d05_1_patched_2025-06-05_1day.log,/home/hku_user3/EnergyBridge/benchmark_results/vpp_patch_2026-07-15/household_s2_multigeneration_caregiver_EnergyBridge_tianjin_d05_hist_d05_1_patched_2025-06-05_1day/run_summary.txt,0,37.565518,37.565518,43.900698,1.278248,normalized TOU cost/kWh,/home/hku_user3/EnergyBridge/experiments/real_data/tianjin_tou_price_normalized.csv,0.6471,0.6471,1.0,1.0,4.2,1.0,1.0,"['dishwasher', 'dryer', 'ev', 'washer', 'water_heater']",[],[],matched,household_s2_multigeneration_caregiver|tianjin|1days|2025-06-05|no_dr,/home/hku_user3/EnergyBridge/benchmark_results/vpp_patch_2026-07-15/household_s2_multigeneration_caregiver_no_dr_tianjin_d05_hist_d05_1_patched_2025-06-05_1day/benchmark_result.json,no_dr_counterfactual_event_window_energy,1,5.5032,0.6471,5.5032,5.5032,4.8561,4.8561,0.882414,4.8561,4.8561,no_dr_counterfactual_baseline
household_s3_hybrid_work_from_home,household_s3_hybrid_work_from_home,no_dr,Tianjin,1,2025-06-05,d05_hist_d05_1_patched,hist_d05_1_patched,5,/home/hku_user3/EnergyBridge/experiments/real_data/tianjin_tou_price_normalized.csv,18.0,1.0,/home/hku_user3/EnergyBridge/benchmark_results/vpp_patch_2026-07-15/_batch_logs/daily_event_configs/d05_hist_d05_1_patched.json,skipped_done,0,0.0,/home/hku_user3/EnergyBridge/benchmark_results/vpp_patch_2026-07-15/household_s3_hybrid_work_from_home_no_dr_tianjin_d05_hist_d05_1_patched_2025-06-05_1day,/home/hku_user3/EnergyBridge/benchmark_results/vpp_patch_2026-07-15/_batch_logs/daily_dr_memory_tianjin_1day/household_s3_hybrid_work_from_home_no_dr_tianjin_d05_hist_d05_1_patched_2025-06-05_1day.log,/home/hku_user3/EnergyBridge/benchmark_results/vpp_patch_2026-07-15/household_s3_hybrid_work_from_home_no_dr_tianjin_d05_hist_d05_1_patched_2025-06-05_1day/run_summary.txt,0,42.164417,42.164417,51.264928,1.378195,normalized TOU cost/kWh,/home/hku_user3/EnergyBridge/experiments/real_data/tianjin_tou_price_normalized.csv,5.4613,5.4613,1.0,1.0,,0.0,0.8,[],"['dishwasher', 'dryer', 'ev', 'washer', 'water_heater']",[],matched,household_s3_hybrid_work_from_home|tianjin|1days|2025-06-05|no_dr,/home/hku_user3/EnergyBridge/benchmark_results/vpp_patch_2026-07-15/household_s3_hybrid_work_from_home_no_dr_tianjin_d05_hist_d05_1_patched_2025-06-05_1day/benchmark_result.json,no_dr_counterfactual_event_window_energy,1,5.4613,5.4613,5.4613,5.4613,0.0,0.0,0.0,0.0,0.0,no_dr_counterfactual_baseline
household_s1_dual_commuter_standard,household_s1_dual_commuter_standard,no_dr,Germany,1,2025-06-06,d06_hist_d06_1,hist_d06_1,6,/home/hku_user3/EnergyBridge/experiments/real_data/germany_2025_price.csv,18.0,1.0,/home/hku_user3/EnergyBridge/benchmark_results/vpp_patch_2026-07-15/_batch_logs/daily_event_configs/d06_hist_d06_1.json,skipped_done,0,0.0,/home/hku_user3/EnergyBridge/benchmark_results/vpp_patch_2026-07-15/household_s1_dual_commuter_standard_no_dr_germany_d06_hist_d06_1_2025-06-06_1day,/home/hku_user3/EnergyBridge/benchmark_results/vpp_patch_2026-07-15/_batch_logs/daily_dr_memory_germany_1day/household_s1_dual_commuter_standard_no_dr_germany_d06_hist_d06_1_2025-06-06_1day.log,/home/hku_user3/EnergyBridge/benchmark_results/vpp_patch_2026-07-15/household_s1_dual_commuter_standard_no_dr_germany_d06_hist_d06_1_2025-06-06_1day/run_summary.txt,0,31.501305,31.501305,10.259891,0.060807,EUR/kWh,D:\Pycharm_project\PycharmProjects\EnergyBridge\experiments\real_data\germany_2025_price.csv,10.0216,10.0216,1.0,1.0,,0.0,1.0,[],"['dishwasher', 'dryer', 'ev', 'washer', 'water_heater']",[],matched,household_s1_dual_commuter_standard|germany|1days|2025-06-06|no_dr,/home/hku_user3/EnergyBridge/benchmark_results/vpp_patch_2026-07-15/household_s1_dual_commuter_standard_no_dr_germany_d06_hist_d06_1_2025-06-06_1day/benchmark_result.json,no_dr_counterfactual_event_window_energy,1,10.0216,10.0216,10.0216,10.0216,0.0,0.0,0.0,0.0,0.0,no_dr_counterfactual_baseline
household_s4_ev_commuter_flexible,household_s4_ev_commuter_flexible,EnergyBridge,Tianjin,1,2025-06-05,d05_hist_d05_1_patched,hist_d05_1_patched,5,/home/hku_user3/EnergyBridge/experiments/real_data/tianjin_tou_price_normalized.csv,18.0,1.0,/home/hku_user3/EnergyBridge/benchmark_results/vpp_patch_2026-07-15/_batch_logs/daily_event_configs/d05_hist_d05_1_patched.json,skipped_done,0,0.0,/home/hku_user3/EnergyBridge/benchmark_results/vpp_patch_2026-07-15/household_s4_ev_commuter_flexible_EnergyBridge_tianjin_d05_hist_d05_1_patched_2025-06-05_1day,/home/hku_user3/EnergyBridge/benchmark_results/vpp_patch_2026-07-15/_batch_logs/daily_dr_memory_tianjin_1day/household_s4_ev_commuter_flexible_EnergyBridge_tianjin_d05_hist_d05_1_patched_2025-06-05_1day.log,/home/hku_user3/EnergyBridge/benchmark_results/vpp_patch_2026-07-15/household_s4_ev_commuter_flexible_EnergyBridge_tianjin_d05_hist_d05_1_patched_2025-06-05_1day/run_summary.txt,0,44.782898,44.782898,51.918937,1.370365,normalized TOU cost/kWh,/home/hku_user3/EnergyBridge/experiments/real_data/tianjin_tou_price_normalized.csv,1.1901,1.1901,1.0,1.0,4.75,1.0,1.0,"['dishwasher', 'dryer', 'ev', 'washer', 'water_heater']",[],[],matched,household_s4_ev_commuter_flexible|tianjin|1days|2025-06-05|no_dr,/home/hku_user3/EnergyBridge/benchmark_results/vpp_patch_2026-07-15/household_s4_ev_commuter_flexible_no_dr_tianjin_d05_hist_d05_1_patched_2025-06-05_1day/benchmark_result.json,no_dr_counterfactual_event_window_energy,1,5.4586,1.1901,5.4586,5.4586,4.2685,4.2685,0.781977,4.2685,4.2685,no_dr_counterfactual_baseline
household_s5_shared_roommates_irregular,household_s5_shared_roommates_irregular,no_dr,Tianjin,1,2025-06-05,d05_hist_d05_1_patched,hist_d05_1_patched,5,/home/hku_user3/EnergyBridge/experiments/real_data/tianjin_tou_price_normalized.csv,18.0,1.0,/home/hku_user3/EnergyBridge/benchmark_results/vpp_patch_2026-07-15/_batch_logs/daily_event_configs/d05_hist_d05_1_patched.json,skipped_done,0,0.0,/home/hku_user3/EnergyBridge/benchmark_results/vpp_patch_2026-07-15/household_s5_shared_roommates_irregular_no_dr_tianjin_d05_hist_d05_1_patched_2025-06-05_1day,/home/hku_user3/EnergyBridge/benchmark_results/vpp_patch_2026-07-15/_batch_logs/daily_dr_memory_tianjin_1day/household_s5_shared_roommates_irregular_no_dr_tianjin_d05_hist_d05_1_patched_2025-06-05_1day.log,/home/hku_user3/EnergyBridge/benchmark_results/vpp_patch_2026-07-15/household_s5_shared_roommates_irregular_no_dr_tianjin_d05_hist_d05_1_patched_2025-06-05_1day/run_summary.txt,0,41.871584,41.871584,50.85585,1.377975,normalized TOU cost/kWh,/home/hku_user3/EnergyBridge/experiments/real_data/tianjin_tou_price_normalized.csv,5.4586,5.4586,1.0,1.0,,0.0,1.0,[],"['dishwasher', 'dryer', 'ev', 'washer', 'water_heater']",[],matched,household_s5_shared_roommates_irregular|tianjin|1days|2025-06-05|no_dr,/home/hku_user3/EnergyBridge/benchmark_results/vpp_patch_2026-07-15/household_s5_shared_roommates_irregular_no_dr_tianjin_d05_hist_d05_1_patched_2025-06-05_1day/benchmark_result.json,no_dr_counterfactual_event_window_energy,1,5.4586,5.4586,5.4586,5.4586,0.0,0.0,0.0,0.0,0.0,no_dr_counterfactual_baseline
household_s2_multigeneration_caregiver,household_s2_multigeneration_caregiver,no_dr,Germany,1,2025-06-06,d06_hist_d06_1,hist_d06_1,6,/home/hku_user3/EnergyBridge/experiments/real_data/germany_2025_price.csv,18.0,1.0,/home/hku_user3/EnergyBridge/benchmark_results/vpp_patch_2026-07-15/_batch_logs/daily_event_configs/d06_hist_d06_1.json,skipped_done,0,0.0,/home/hku_user3/EnergyBridge/benchmark_results/vpp_patch_2026-07-15/household_s2_multigeneration_caregiver_no_dr_germany_d06_hist_d06_1_2025-06-06_1day,/home/hku_user3/EnergyBridge/benchmark_results/vpp_patch_2026-07-15/_batch_logs/daily_dr_memory_germany_1day/household_s2_multigeneration_caregiver_no_dr_germany_d06_hist_d06_1_2025-06-06_1day.log,/home/hku_user3/EnergyBridge/benchmark_results/vpp_patch_2026-07-15/household_s2_multigeneration_caregiver_no_dr_germany_d06_hist_d06_1_2025-06-06_1day/run_summary.txt,0,27.576174,27.576174,9.841052,0.059866,EUR/kWh,D:\Pycharm_project\PycharmProjects\EnergyBridge\experiments\real_data\germany_2025_price.csv,10.1073,10.1073,1.0,1.0,,0.0,1.0,[],"['dishwasher', 'dryer', 'ev', 'washer', 'water_heater']",[],matched,household_s2_multigeneration_caregiver|germany|1days|2025-06-06|no_dr,/home/hku_user3/EnergyBridge/benchmark_results/vpp_patch_2026-07-15/household_s2_multigeneration_caregiver_no_dr_germany_d06_hist_d06_1_2025-06-06_1day/benchmark_result.json,no_dr_counterfactual_event_window_energy,1,10.1073,10.1073,10.1073,10.1073,0.0,0.0,0.0,0.0,0.0,no_dr_counterfactual_baseline
household_s3_hybrid_work_from_home,household_s3_hybrid_work_from_home,no_dr,Germany,1,2025-06-06,d06_hist_d06_1,hist_d06_1,6,/home/hku_user3/EnergyBridge/experiments/real_data/germany_2025_price.csv,18.0,1.0,/home/hku_user3/EnergyBridge/benchmark_results/vpp_patch_2026-07-15/_batch_logs/daily_event_configs/d06_hist_d06_1.json,skipped_done,0,0.0,/home/hku_user3/EnergyBridge/benchmark_results/vpp_patch_2026-07-15/household_s3_hybrid_work_from_home_no_dr_germany_d06_hist_d06_1_2025-06-06_1day,/home/hku_user3/EnergyBridge/benchmark_results/vpp_patch_2026-07-15/_batch_logs/daily_dr_memory_germany_1day/household_s3_hybrid_work_from_home_no_dr_germany_d06_hist_d06_1_2025-06-06_1day.log,/home/hku_user3/EnergyBridge/benchmark_results/vpp_patch_2026-07-15/household_s3_hybrid_work_from_home_no_dr_germany_d06_hist_d06_1_2025-06-06_1day/run_summary.txt,0,29.53115,29.53115,10.056174,0.060456,EUR/kWh,D:\Pycharm_project\PycharmProjects\EnergyBridge\experiments\real_data\germany_2025_price.csv,10.0585,10.0585,1.0,1.0,,0.0,0.8,[],"['dishwasher', 'dryer', 'ev', 'washer', 'water_heater']",[],matched,household_s3_hybrid_work_from_home|germany|1days|2025-06-06|no_dr,/home/hku_user3/EnergyBridge/benchmark_results/vpp_patch_2026-07-15/household_s3_hybrid_work_from_home_no_dr_germany_d06_hist_d06_1_2025-06-06_1day/benchmark_result.json,no_dr_counterfactual_event_window_energy,1,10.0585,10.0585,10.0585,10.0585,0.0,0.0,0.0,0.0,0.0,no_dr_counterfactual_baseline
household_s3_hybrid_work_from_home,household_s3_hybrid_work_from_home,EnergyBridge,Tianjin,1,2025-06-05,d05_hist_d05_1_patched,hist_d05_1_patched,5,/home/hku_user3/EnergyBridge/experiments/real_data/tianjin_tou_price_normalized.csv,18.0,1.0,/home/hku_user3/EnergyBridge/benchmark_results/vpp_patch_2026-07-15/_batch_logs/daily_event_configs/d05_hist_d05_1_patched.json,skipped_done,0,0.0,/home/hku_user3/EnergyBridge/benchmark_results/vpp_patch_2026-07-15/household_s3_hybrid_work_from_home_EnergyBridge_tianjin_d05_hist_d05_1_patched_2025-06-05_1day,/home/hku_user3/EnergyBridge/benchmark_results/vpp_patch_2026-07-15/_batch_logs/daily_dr_memory_tianjin_1day/household_s3_hybrid_work_from_home_EnergyBridge_tianjin_d05_hist_d05_1_patched_2025-06-05_1day.log,/home/hku_user3/EnergyBridge/benchmark_results/vpp_patch_2026-07-15/household_s3_hybrid_work_from_home_EnergyBridge_tianjin_d05_hist_d05_1_patched_2025-06-05_1day/run_summary.txt,0,38.693443,38.693443,45.969495,1.325857,normalized TOU cost/kWh,/home/hku_user3/EnergyBridge/experiments/real_data/tianjin_tou_price_normalized.csv,1.1884,1.1884,1.0,1.0,4.0,1.0,1.0,"['dishwasher', 'dryer', 'ev', 'washer', 'water_heater']",[],[],matched,household_s3_hybrid_work_from_home|tianjin|1days|2025-06-05|no_dr,/home/hku_user3/EnergyBridge/benchmark_results/vpp_patch_2026-07-15/household_s3_hybrid_work_from_home_no_dr_tianjin_d05_hist_d05_1_patched_2025-06-05_1day/benchmark_result.json,no_dr_counterfactual_event_window_energy,1,5.4613,1.1884,5.4613,5.4613,4.2729,4.2729,0.782396,4.2729,4.2729,no_dr_counterfactual_baseline
household_s5_shared_roommates_irregular,household_s5_shared_roommates_irregular,EnergyBridge,Tianjin,1,2025-06-05,d05_hist_d05_1_patched,hist_d05_1_patched,5,/home/hku_user3/EnergyBridge/experiments/real_data/tianjin_tou_price_normalized.csv,18.0,1.0,/home/hku_user3/EnergyBridge/benchmark_results/vpp_patch_2026-07-15/_batch_logs/daily_event_configs/d05_hist_d05_1_patched.json,skipped_done,0,0.0,/home/hku_user3/EnergyBridge/benchmark_results/vpp_patch_2026-07-15/household_s5_shared_roommates_irregular_EnergyBridge_tianjin_d05_hist_d05_1_patched_2025-06-05_1day,/home/hku_user3/EnergyBridge/benchmark_results/vpp_patch_2026-07-15/_batch_logs/daily_dr_memory_tianjin_1day/household_s5_shared_roommates_irregular_EnergyBridge_tianjin_d05_hist_d05_1_patched_2025-06-05_1day.log,/home/hku_user3/EnergyBridge/benchmark_results/vpp_patch_2026-07-15/household_s5_shared_roommates_irregular_EnergyBridge_tianjin_d05_hist_d05_1_patched_2025-06-05_1day/run_summary.txt,0,38.530355,38.530355,44.486872,1.323768,normalized TOU cost/kWh,/home/hku_user3/EnergyBridge/experiments/real_data/tianjin_tou_price_normalized.csv,1.1837,1.1837,1.0,1.0,4.5,1.0,1.0,"['dishwasher', 'dryer', 'ev', 'washer', 'water_heater']",[],[],matched,household_s5_shared_roommates_irregular|tianjin|1days|2025-06-05|no_dr,/home/hku_user3/EnergyBridge/benchmark_results/vpp_patch_2026-07-15/household_s5_shared_roommates_irregular_no_dr_tianjin_d05_hist_d05_1_patched_2025-06-05_1day/benchmark_result.json,no_dr_counterfactual_event_window_energy,1,5.4586,1.1837,5.4586,5.4586,4.2749,4.2749,0.78315,4.2749,4.2749,no_dr_counterfactual_baseline
household_s4_ev_commuter_flexible,household_s4_ev_commuter_flexible,no_dr,Germany,1,2025-06-06,d06_hist_d06_1,hist_d06_1,6,/home/hku_user3/EnergyBridge/experiments/real_data/germany_2025_price.csv,18.0,1.0,/home/hku_user3/EnergyBridge/benchmark_results/vpp_patch_2026-07-15/_batch_logs/daily_event_configs/d06_hist_d06_1.json,skipped_done,0,0.0,/home/hku_user3/EnergyBridge/benchmark_results/vpp_patch_2026-07-15/household_s4_ev_commuter_flexible_no_dr_germany_d06_hist_d06_1_2025-06-06_1day,/home/hku_user3/EnergyBridge/benchmark_results/vpp_patch_2026-07-15/_batch_logs/daily_dr_memory_germany_1day/household_s4_ev_commuter_flexible_no_dr_germany_d06_hist_d06_1_2025-06-06_1day.log,/home/hku_user3/EnergyBridge/benchmark_results/vpp_patch_2026-07-15/household_s4_ev_commuter_flexible_no_dr_germany_d06_hist_d06_1_2025-06-06_1day/run_summary.txt,0,33.541884,33.541884,10.46654,0.061291,EUR/kWh,D:\Pycharm_project\PycharmProjects\EnergyBridge\experiments\real_data\germany_2025_price.csv,10.0216,10.0216,1.0,1.0,,0.0,1.0,[],"['dishwasher', 'dryer', 'ev', 'washer', 'water_heater']",[],matched,household_s4_ev_commuter_flexible|germany|1days|2025-06-06|no_dr,/home/hku_user3/EnergyBridge/benchmark_results/vpp_patch_2026-07-15/household_s4_ev_commuter_flexible_no_dr_germany_d06_hist_d06_1_2025-06-06_1day/benchmark_result.json,no_dr_counterfactual_event_window_energy,1,10.0216,10.0216,10.0216,10.0216,0.0,0.0,0.0,0.0,0.0,no_dr_counterfactual_baseline
household_s4_ev_commuter_flexible,household_s4_ev_commuter_flexible,EnergyBridge,Germany,1,2025-06-06,d06_hist_d06_1,hist_d06_1,6,/home/hku_user3/EnergyBridge/experiments/real_data/germany_2025_price.csv,18.0,1.0,/home/hku_user3/EnergyBridge/benchmark_results/vpp_patch_2026-07-15/_batch_logs/daily_event_configs/d06_hist_d06_1.json,skipped_done,0,0.0,/home/hku_user3/EnergyBridge/benchmark_results/vpp_patch_2026-07-15/household_s4_ev_commuter_flexible_EnergyBridge_germany_d06_hist_d06_1_2025-06-06_1day,/home/hku_user3/EnergyBridge/benchmark_results/vpp_patch_2026-07-15/_batch_logs/daily_dr_memory_germany_1day/household_s4_ev_commuter_flexible_EnergyBridge_germany_d06_hist_d06_1_2025-06-06_1day.log,/home/hku_user3/EnergyBridge/benchmark_results/vpp_patch_2026-07-15/household_s4_ev_commuter_flexible_EnergyBridge_germany_d06_hist_d06_1_2025-06-06_1day/run_summary.txt,0,33.440391,33.440391,9.650259,0.056856,EUR/kWh,D:\Pycharm_project\PycharmProjects\EnergyBridge\experiments\real_data\germany_2025_price.csv,6.005,6.005,1.0,1.0,4.25,1.0,1.0,"['dishwasher', 'dryer', 'ev', 'washer', 'water_heater']",[],[],matched,household_s4_ev_commuter_flexible|germany|1days|2025-06-06|no_dr,/home/hku_user3/EnergyBridge/benchmark_results/vpp_patch_2026-07-15/household_s4_ev_commuter_flexible_no_dr_germany_d06_hist_d06_1_2025-06-06_1day/benchmark_result.json,no_dr_counterfactual_event_window_energy,1,10.0216,6.005,10.0216,10.0216,4.0166,4.0166,0.400794,4.0166,4.0166,no_dr_counterfactual_baseline
household_s5_shared_roommates_irregular,household_s5_shared_roommates_irregular,no_dr,Germany,1,2025-06-06,d06_hist_d06_1,hist_d06_1,6,/home/hku_user3/EnergyBridge/experiments/real_data/germany_2025_price.csv,18.0,1.0,/home/hku_user3/EnergyBridge/benchmark_results/vpp_patch_2026-07-15/_batch_logs/daily_event_configs/d06_hist_d06_1.json,skipped_done,0,0.0,/home/hku_user3/EnergyBridge/benchmark_results/vpp_patch_2026-07-15/household_s5_shared_roommates_irregular_no_dr_germany_d06_hist_d06_1_2025-06-06_1day,/home/hku_user3/EnergyBridge/benchmark_results/vpp_patch_2026-07-15/_batch_logs/daily_dr_memory_germany_1day/household_s5_shared_roommates_irregular_no_dr_germany_d06_hist_d06_1_2025-06-06_1day.log,/home/hku_user3/EnergyBridge/benchmark_results/vpp_patch_2026-07-15/household_s5_shared_roommates_irregular_no_dr_germany_d06_hist_d06_1_2025-06-06_1day/run_summary.txt,0,29.460725,29.460725,10.053241,0.060312,EUR/kWh,D:\Pycharm_project\PycharmProjects\EnergyBridge\experiments\real_data\germany_2025_price.csv,10.0216,10.0216,1.0,1.0,,0.0,1.0,[],"['dishwasher', 'dryer', 'ev', 'washer', 'water_heater']",[],matched,household_s5_shared_roommates_irregular|germany|1days|2025-06-06|no_dr,/home/hku_user3/EnergyBridge/benchmark_results/vpp_patch_2026-07-15/household_s5_shared_roommates_irregular_no_dr_germany_d06_hist_d06_1_2025-06-06_1day/benchmark_result.json,no_dr_counterfactual_event_window_energy,1,10.0216,10.0216,10.0216,10.0216,0.0,0.0,0.0,0.0,0.0,no_dr_counterfactual_baseline
household_s2_multigeneration_caregiver,household_s2_multigeneration_caregiver,EnergyBridge,Germany,1,2025-06-06,d06_hist_d06_1,hist_d06_1,6,/home/hku_user3/EnergyBridge/experiments/real_data/germany_2025_price.csv,18.0,1.0,/home/hku_user3/EnergyBridge/benchmark_results/vpp_patch_2026-07-15/_batch_logs/daily_event_configs/d06_hist_d06_1.json,skipped_done,0,0.0,/home/hku_user3/EnergyBridge/benchmark_results/vpp_patch_2026-07-15/household_s2_multigeneration_caregiver_EnergyBridge_germany_d06_hist_d06_1_2025-06-06_1day,/home/hku_user3/EnergyBridge/benchmark_results/vpp_patch_2026-07-15/_batch_logs/daily_dr_memory_germany_1day/household_s2_multigeneration_caregiver_EnergyBridge_germany_d06_hist_d06_1_2025-06-06_1day.log,/home/hku_user3/EnergyBridge/benchmark_results/vpp_patch_2026-07-15/household_s2_multigeneration_caregiver_EnergyBridge_germany_d06_hist_d06_1_2025-06-06_1day/run_summary.txt,0,27.667417,27.667417,8.916333,0.054332,EUR/kWh,D:\Pycharm_project\PycharmProjects\EnergyBridge\experiments\real_data\germany_2025_price.csv,6.0098,6.0098,1.0,1.0,4.4,1.0,1.0,"['dishwasher', 'dryer', 'ev', 'washer', 'water_heater']",[],[],matched,household_s2_multigeneration_caregiver|germany|1days|2025-06-06|no_dr,/home/hku_user3/EnergyBridge/benchmark_results/vpp_patch_2026-07-15/household_s2_multigeneration_caregiver_no_dr_germany_d06_hist_d06_1_2025-06-06_1day/benchmark_result.json,no_dr_counterfactual_event_window_energy,1,10.1073,6.0098,10.1073,10.1073,4.0975,4.0975,0.4054,4.0975,4.0975,no_dr_counterfactual_baseline
household_s3_hybrid_work_from_home,household_s3_hybrid_work_from_home,EnergyBridge,Germany,1,2025-06-06,d06_hist_d06_1,hist_d06_1,6,/home/hku_user3/EnergyBridge/experiments/real_data/germany_2025_price.csv,18.0,1.0,/home/hku_user3/EnergyBridge/benchmark_results/vpp_patch_2026-07-15/_batch_logs/daily_event_configs/d06_hist_d06_1.json,skipped_done,0,0.0,/home/hku_user3/EnergyBridge/benchmark_results/vpp_patch_2026-07-15/household_s3_hybrid_work_from_home_EnergyBridge_germany_d06_hist_d06_1_2025-06-06_1day,/home/hku_user3/EnergyBridge/benchmark_results/vpp_patch_2026-07-15/_batch_logs/daily_dr_memory_germany_1day/household_s3_hybrid_work_from_home_EnergyBridge_germany_d06_hist_d06_1_2025-06-06_1day.log,/home/hku_user3/EnergyBridge/benchmark_results/vpp_patch_2026-07-15/household_s3_hybrid_work_from_home_EnergyBridge_germany_d06_hist_d06_1_2025-06-06_1day/run_summary.txt,0,29.733666,29.733666,9.192484,0.055567,EUR/kWh,D:\Pycharm_project\PycharmProjects\EnergyBridge\experiments\real_data\germany_2025_price.csv,6.0098,6.0098,1.0,1.0,3.667,1.0,1.0,"['dishwasher', 'dryer', 'ev', 'washer', 'water_heater']",[],[],matched,household_s3_hybrid_work_from_home|germany|1days|2025-06-06|no_dr,/home/hku_user3/EnergyBridge/benchmark_results/vpp_patch_2026-07-15/household_s3_hybrid_work_from_home_no_dr_germany_d06_hist_d06_1_2025-06-06_1day/benchmark_result.json,no_dr_counterfactual_event_window_energy,1,10.0585,6.0098,10.0585,10.0585,4.0487,4.0487,0.402515,4.0487,4.0487,no_dr_counterfactual_baseline
household_s1_dual_commuter_standard,household_s1_dual_commuter_standard,no_dr,Tianjin,1,2025-06-06,d06_hist_d06_1,hist_d06_1,6,/home/hku_user3/EnergyBridge/experiments/real_data/tianjin_tou_price_normalized.csv,18.0,1.0,/home/hku_user3/EnergyBridge/benchmark_results/vpp_patch_2026-07-15/_batch_logs/daily_event_configs/d06_hist_d06_1.json,skipped_done,0,0.0,/home/hku_user3/EnergyBridge/benchmark_results/vpp_patch_2026-07-15/household_s1_dual_commuter_standard_no_dr_tianjin_d06_hist_d06_1_2025-06-06_1day,/home/hku_user3/EnergyBridge/benchmark_results/vpp_patch_2026-07-15/_batch_logs/daily_dr_memory_tianjin_1day/household_s1_dual_commuter_standard_no_dr_tianjin_d06_hist_d06_1_2025-06-06_1day.log,/home/hku_user3/EnergyBridge/benchmark_results/vpp_patch_2026-07-15/household_s1_dual_commuter_standard_no_dr_tianjin_d06_hist_d06_1_2025-06-06_1day/run_summary.txt,0,55.951882,55.951882,69.733624,1.405927,normalized TOU cost/kWh,D:\Pycharm_project\PycharmProjects\EnergyBridge\experiments\real_data\tianjin_tou_price_normalized.csv,6.4992,6.4992,1.0,1.0,,0.0,1.0,[],"['dishwasher', 'dryer', 'ev', 'washer', 'water_heater']",[],matched,household_s1_dual_commuter_standard|tianjin|1days|2025-06-06|no_dr,/home/hku_user3/EnergyBridge/benchmark_results/vpp_patch_2026-07-15/household_s1_dual_commuter_standard_no_dr_tianjin_d06_hist_d06_1_2025-06-06_1day/benchmark_result.json,no_dr_counterfactual_event_window_energy,1,6.4992,6.4992,6.4992,6.4992,0.0,0.0,0.0,0.0,0.0,no_dr_counterfactual_baseline
household_s5_shared_roommates_irregular,household_s5_shared_roommates_irregular,EnergyBridge,Germany,1,2025-06-06,d06_hist_d06_1,hist_d06_1,6,/home/hku_user3/EnergyBridge/experiments/real_data/germany_2025_price.csv,18.0,1.0,/home/hku_user3/EnergyBridge/benchmark_results/vpp_patch_2026-07-15/_batch_logs/daily_event_configs/d06_hist_d06_1.json,skipped_done,0,0.0,/home/hku_user3/EnergyBridge/benchmark_results/vpp_patch_2026-07-15/household_s5_shared_roommates_irregular_EnergyBridge_germany_d06_hist_d06_1_2025-06-06_1day,/home/hku_user3/EnergyBridge/benchmark_results/vpp_patch_2026-07-15/_batch_logs/daily_dr_memory_germany_1day/household_s5_shared_roommates_irregular_EnergyBridge_germany_d06_hist_d06_1_2025-06-06_1day.log,/home/hku_user3/EnergyBridge/benchmark_results/vpp_patch_2026-07-15/household_s5_shared_roommates_irregular_EnergyBridge_germany_d06_hist_d06_1_2025-06-06_1day/run_summary.txt,0,29.359232,29.359232,9.182634,0.055434,EUR/kWh,D:\Pycharm_project\PycharmProjects\EnergyBridge\experiments\real_data\germany_2025_price.csv,6.005,6.005,1.0,1.0,4.25,1.0,1.0,"['dishwasher', 'dryer', 'ev', 'washer', 'water_heater']",[],[],matched,household_s5_shared_roommates_irregular|germany|1days|2025-06-06|no_dr,/home/hku_user3/EnergyBridge/benchmark_results/vpp_patch_2026-07-15/household_s5_shared_roommates_irregular_no_dr_germany_d06_hist_d06_1_2025-06-06_1day/benchmark_result.json,no_dr_counterfactual_event_window_energy,1,10.0216,6.005,10.0216,10.0216,4.0166,4.0166,0.400794,4.0166,4.0166,no_dr_counterfactual_baseline
household_s3_hybrid_work_from_home,household_s3_hybrid_work_from_home,no_dr,Tianjin,1,2025-06-06,d06_hist_d06_1,hist_d06_1,6,/home/hku_user3/EnergyBridge/experiments/real_data/tianjin_tou_price_normalized.csv,18.0,1.0,/home/hku_user3/EnergyBridge/benchmark_results/vpp_patch_2026-07-15/_batch_logs/daily_event_configs/d06_hist_d06_1.json,skipped_done,0,0.0,/home/hku_user3/EnergyBridge/benchmark_results/vpp_patch_2026-07-15/household_s3_hybrid_work_from_home_no_dr_tianjin_d06_hist_d06_1_2025-06-06_1day,/home/hku_user3/EnergyBridge/benchmark_results/vpp_patch_2026-07-15/_batch_logs/daily_dr_memory_tianjin_1day/household_s3_hybrid_work_from_home_no_dr_tianjin_d06_hist_d06_1_2025-06-06_1day.log,/home/hku_user3/EnergyBridge/benchmark_results/vpp_patch_2026-07-15/household_s3_hybrid_work_from_home_no_dr_tianjin_d06_hist_d06_1_2025-06-06_1day/run_summary.txt,0,54.267077,54.267077,66.944293,1.397678,normalized TOU cost/kWh,D:\Pycharm_project\PycharmProjects\EnergyBridge\experiments\real_data\tianjin_tou_price_normalized.csv,6.4996,6.4996,1.0,1.0,,0.0,0.8,[],"['dishwasher', 'dryer', 'ev', 'washer', 'water_heater']",[],matched,household_s3_hybrid_work_from_home|tianjin|1days|2025-06-06|no_dr,/home/hku_user3/EnergyBridge/benchmark_results/vpp_patch_2026-07-15/household_s3_hybrid_work_from_home_no_dr_tianjin_d06_hist_d06_1_2025-06-06_1day/benchmark_result.json,no_dr_counterfactual_event_window_energy,1,6.4996,6.4996,6.4996,6.4996,0.0,0.0,0.0,0.0,0.0,no_dr_counterfactual_baseline
household_s2_multigeneration_caregiver,household_s2_multigeneration_caregiver,no_dr,Tianjin,1,2025-06-06,d06_hist_d06_1,hist_d06_1,6,/home/hku_user3/EnergyBridge/experiments/real_data/tianjin_tou_price_normalized.csv,18.0,1.0,/home/hku_user3/EnergyBridge/benchmark_results/vpp_patch_2026-07-15/_batch_logs/daily_event_configs/d06_hist_d06_1.json,skipped_done,0,0.0,/home/hku_user3/EnergyBridge/benchmark_results/vpp_patch_2026-07-15/household_s2_multigeneration_caregiver_no_dr_tianjin_d06_hist_d06_1_2025-06-06_1day,/home/hku_user3/EnergyBridge/benchmark_results/vpp_patch_2026-07-15/_batch_logs/daily_dr_memory_tianjin_1day/household_s2_multigeneration_caregiver_no_dr_tianjin_d06_hist_d06_1_2025-06-06_1day.log,/home/hku_user3/EnergyBridge/benchmark_results/vpp_patch_2026-07-15/household_s2_multigeneration_caregiver_no_dr_tianjin_d06_hist_d06_1_2025-06-06_1day/run_summary.txt,0,53.878166,53.878166,64.781654,1.378838,normalized TOU cost/kWh,D:\Pycharm_project\PycharmProjects\EnergyBridge\experiments\real_data\tianjin_tou_price_normalized.csv,6.5617,6.5617,1.0,1.0,,0.0,1.0,[],"['dishwasher', 'dryer', 'ev', 'washer', 'water_heater']",[],matched,household_s2_multigeneration_caregiver|tianjin|1days|2025-06-06|no_dr,/home/hku_user3/EnergyBridge/benchmark_results/vpp_patch_2026-07-15/household_s2_multigeneration_caregiver_no_dr_tianjin_d06_hist_d06_1_2025-06-06_1day/benchmark_result.json,no_dr_counterfactual_event_window_energy,1,6.5617,6.5617,6.5617,6.5617,0.0,0.0,0.0,0.0,0.0,no_dr_counterfactual_baseline
household_s4_ev_commuter_flexible,household_s4_ev_commuter_flexible,no_dr,Tianjin,1,2025-06-06,d06_hist_d06_1,hist_d06_1,6,/home/hku_user3/EnergyBridge/experiments/real_data/tianjin_tou_price_normalized.csv,18.0,1.0,/home/hku_user3/EnergyBridge/benchmark_results/vpp_patch_2026-07-15/_batch_logs/daily_event_configs/d06_hist_d06_1.json,skipped_done,0,0.0,/home/hku_user3/EnergyBridge/benchmark_results/vpp_patch_2026-07-15/household_s4_ev_commuter_flexible_no_dr_tianjin_d06_hist_d06_1_2025-06-06_1day,/home/hku_user3/EnergyBridge/benchmark_results/vpp_patch_2026-07-15/_batch_logs/daily_dr_memory_tianjin_1day/household_s4_ev_commuter_flexible_no_dr_tianjin_d06_hist_d06_1_2025-06-06_1day.log,/home/hku_user3/EnergyBridge/benchmark_results/vpp_patch_2026-07-15/household_s4_ev_commuter_flexible_no_dr_tianjin_d06_hist_d06_1_2025-06-06_1day/run_summary.txt,0,57.992461,57.992461,72.998552,1.413596,normalized TOU cost/kWh,D:\Pycharm_project\PycharmProjects\EnergyBridge\experiments\real_data\tianjin_tou_price_normalized.csv,6.4992,6.4992,1.0,1.0,,0.0,1.0,[],"['dishwasher', 'dryer', 'ev', 'washer', 'water_heater']",[],matched,household_s4_ev_commuter_flexible|tianjin|1days|2025-06-06|no_dr,/home/hku_user3/EnergyBridge/benchmark_results/vpp_patch_2026-07-15/household_s4_ev_commuter_flexible_no_dr_tianjin_d06_hist_d06_1_2025-06-06_1day/benchmark_result.json,no_dr_counterfactual_event_window_energy,1,6.4992,6.4992,6.4992,6.4992,0.0,0.0,0.0,0.0,0.0,no_dr_counterfactual_baseline
household_s1_dual_commuter_standard,household_s1_dual_commuter_standard,EnergyBridge,Germany,1,2025-06-06,d06_hist_d06_1,hist_d06_1,6,/home/hku_user3/EnergyBridge/experiments/real_data/germany_2025_price.csv,18.0,1.0,/home/hku_user3/EnergyBridge/benchmark_results/vpp_patch_2026-07-15/_batch_logs/daily_event_configs/d06_hist_d06_1.json,skipped_done,0,0.0,/home/hku_user3/EnergyBridge/benchmark_results/vpp_patch_2026-07-15/household_s1_dual_commuter_standard_EnergyBridge_germany_d06_hist_d06_1_2025-06-06_1day,/home/hku_user3/EnergyBridge/benchmark_results/vpp_patch_2026-07-15/_batch_logs/daily_dr_memory_germany_1day/household_s1_dual_commuter_standard_EnergyBridge_germany_d06_hist_d06_1_2025-06-06_1day.log,/home/hku_user3/EnergyBridge/benchmark_results/vpp_patch_2026-07-15/household_s1_dual_commuter_standard_EnergyBridge_germany_d06_hist_d06_1_2025-06-06_1day/run_summary.txt,0,31.399812,31.399812,9.356369,0.055795,EUR/kWh,D:\Pycharm_project\PycharmProjects\EnergyBridge\experiments\real_data\germany_2025_price.csv,6.005,6.005,1.0,1.0,4.75,1.0,1.0,"['dishwasher', 'dryer', 'ev', 'washer', 'water_heater']",[],[],matched,household_s1_dual_commuter_standard|germany|1days|2025-06-06|no_dr,/home/hku_user3/EnergyBridge/benchmark_results/vpp_patch_2026-07-15/household_s1_dual_commuter_standard_no_dr_germany_d06_hist_d06_1_2025-06-06_1day/benchmark_result.json,no_dr_counterfactual_event_window_energy,1,10.0216,6.005,10.0216,10.0216,4.0166,4.0166,0.400794,4.0166,4.0166,no_dr_counterfactual_baseline
household_s5_shared_roommates_irregular,household_s5_shared_roommates_irregular,no_dr,Tianjin,1,2025-06-06,d06_hist_d06_1,hist_d06_1,6,/home/hku_user3/EnergyBridge/experiments/real_data/tianjin_tou_price_normalized.csv,18.0,1.0,/home/hku_user3/EnergyBridge/benchmark_results/vpp_patch_2026-07-15/_batch_logs/daily_event_configs/d06_hist_d06_1.json,skipped_done,0,0.0,/home/hku_user3/EnergyBridge/benchmark_results/vpp_patch_2026-07-15/household_s5_shared_roommates_irregular_no_dr_tianjin_d06_hist_d06_1_2025-06-06_1day,/home/hku_user3/EnergyBridge/benchmark_results/vpp_patch_2026-07-15/_batch_logs/daily_dr_memory_tianjin_1day/household_s5_shared_roommates_irregular_no_dr_tianjin_d06_hist_d06_1_2025-06-06_1day.log,/home/hku_user3/EnergyBridge/benchmark_results/vpp_patch_2026-07-15/household_s5_shared_roommates_irregular_no_dr_tianjin_d06_hist_d06_1_2025-06-06_1day/run_summary.txt,0,53.911302,53.911302,66.468696,1.3976,normalized TOU cost/kWh,D:\Pycharm_project\PycharmProjects\EnergyBridge\experiments\real_data\tianjin_tou_price_normalized.csv,6.4992,6.4992,1.0,1.0,,0.0,1.0,[],"['dishwasher', 'dryer', 'ev', 'washer', 'water_heater']",[],matched,household_s5_shared_roommates_irregular|tianjin|1days|2025-06-06|no_dr,/home/hku_user3/EnergyBridge/benchmark_results/vpp_patch_2026-07-15/household_s5_shared_roommates_irregular_no_dr_tianjin_d06_hist_d06_1_2025-06-06_1day/benchmark_result.json,no_dr_counterfactual_event_window_energy,1,6.4992,6.4992,6.4992,6.4992,0.0,0.0,0.0,0.0,0.0,no_dr_counterfactual_baseline
household_s3_hybrid_work_from_home,household_s3_hybrid_work_from_home,EnergyBridge,Tianjin,1,2025-06-06,d06_hist_d06_1,hist_d06_1,6,/home/hku_user3/EnergyBridge/experiments/real_data/tianjin_tou_price_normalized.csv,18.0,1.0,/home/hku_user3/EnergyBridge/benchmark_results/vpp_patch_2026-07-15/_batch_logs/daily_event_configs/d06_hist_d06_1.json,skipped_done,0,0.0,/home/hku_user3/EnergyBridge/benchmark_results/vpp_patch_2026-07-15/household_s3_hybrid_work_from_home_EnergyBridge_tianjin_d06_hist_d06_1_2025-06-06_1day,/home/hku_user3/EnergyBridge/benchmark_results/vpp_patch_2026-07-15/_batch_logs/daily_dr_memory_tianjin_1day/household_s3_hybrid_work_from_home_EnergyBridge_tianjin_d06_hist_d06_1_2025-06-06_1day.log,/home/hku_user3/EnergyBridge/benchmark_results/vpp_patch_2026-07-15/household_s3_hybrid_work_from_home_EnergyBridge_tianjin_d06_hist_d06_1_2025-06-06_1day/run_summary.txt,0,51.19042,51.19042,58.514689,1.365235,normalized TOU cost/kWh,D:\Pycharm_project\PycharmProjects\EnergyBridge\experiments\real_data\tianjin_tou_price_normalized.csv,1.4331,1.4331,1.0,1.0,3.667,1.0,1.0,"['dishwasher', 'dryer', 'ev', 'washer', 'water_heater']",[],[],matched,household_s3_hybrid_work_from_home|tianjin|1days|2025-06-06|no_dr,/home/hku_user3/EnergyBridge/benchmark_results/vpp_patch_2026-07-15/household_s3_hybrid_work_from_home_no_dr_tianjin_d06_hist_d06_1_2025-06-06_1day/benchmark_result.json,no_dr_counterfactual_event_window_energy,1,6.4996,1.4331,6.4996,6.4996,5.0665,5.0665,0.77951,5.0665,5.0665,no_dr_counterfactual_baseline
household_s1_dual_commuter_standard,household_s1_dual_commuter_standard,EnergyBridge,Tianjin,1,2025-06-06,d06_hist_d06_1,hist_d06_1,6,/home/hku_user3/EnergyBridge/experiments/real_data/tianjin_tou_price_normalized.csv,18.0,1.0,/home/hku_user3/EnergyBridge/benchmark_results/vpp_patch_2026-07-15/_batch_logs/daily_event_configs/d06_hist_d06_1.json,skipped_done,0,0.0,/home/hku_user3/EnergyBridge/benchmark_results/vpp_patch_2026-07-15/household_s1_dual_commuter_standard_EnergyBridge_tianjin_d06_hist_d06_1_2025-06-06_1day,/home/hku_user3/EnergyBridge/benchmark_results/vpp_patch_2026-07-15/_batch_logs/daily_dr_memory_tianjin_1day/household_s1_dual_commuter_standard_EnergyBridge_tianjin_d06_hist_d06_1_2025-06-06_1day.log,/home/hku_user3/EnergyBridge/benchmark_results/vpp_patch_2026-07-15/household_s1_dual_commuter_standard_EnergyBridge_tianjin_d06_hist_d06_1_2025-06-06_1day/run_summary.txt,0,53.659367,53.659367,57.922335,1.36778,normalized TOU cost/kWh,D:\Pycharm_project\PycharmProjects\EnergyBridge\experiments\real_data\tianjin_tou_price_normalized.csv,2.2534,2.2534,1.0,1.0,3.75,1.0,1.0,"['dishwasher', 'dryer', 'ev', 'washer', 'water_heater']",[],[],matched,household_s1_dual_commuter_standard|tianjin|1days|2025-06-06|no_dr,/home/hku_user3/EnergyBridge/benchmark_results/vpp_patch_2026-07-15/household_s1_dual_commuter_standard_no_dr_tianjin_d06_hist_d06_1_2025-06-06_1day/benchmark_result.json,no_dr_counterfactual_event_window_energy,1,6.4992,2.2534,6.4992,6.4992,4.2458,4.2458,0.65328,4.2458,4.2458,no_dr_counterfactual_baseline
household_s2_multigeneration_caregiver,household_s2_multigeneration_caregiver,EnergyBridge,Tianjin,1,2025-06-06,d06_hist_d06_1,hist_d06_1,6,/home/hku_user3/EnergyBridge/experiments/real_data/tianjin_tou_price_normalized.csv,18.0,1.0,/home/hku_user3/EnergyBridge/benchmark_results/vpp_patch_2026-07-15/_batch_logs/daily_event_configs/d06_hist_d06_1.json,skipped_done,0,0.0,/home/hku_user3/EnergyBridge/benchmark_results/vpp_patch_2026-07-15/household_s2_multigeneration_caregiver_EnergyBridge_tianjin_d06_hist_d06_1_2025-06-06_1day,/home/hku_user3/EnergyBridge/benchmark_results/vpp_patch_2026-07-15/_batch_logs/daily_dr_memory_tianjin_1day/household_s2_multigeneration_caregiver_EnergyBridge_tianjin_d06_hist_d06_1_2025-06-06_1day.log,/home/hku_user3/EnergyBridge/benchmark_results/vpp_patch_2026-07-15/household_s2_multigeneration_caregiver_EnergyBridge_tianjin_d06_hist_d06_1_2025-06-06_1day/run_summary.txt,0,51.572305,51.572305,55.928311,1.303767,normalized TOU cost/kWh,D:\Pycharm_project\PycharmProjects\EnergyBridge\experiments\real_data\tianjin_tou_price_normalized.csv,1.7219,1.7219,1.0,1.0,4.2,1.0,1.0,"['dishwasher', 'dryer', 'ev', 'washer', 'water_heater']",[],[],matched,household_s2_multigeneration_caregiver|tianjin|1days|2025-06-06|no_dr,/home/hku_user3/EnergyBridge/benchmark_results/vpp_patch_2026-07-15/household_s2_multigeneration_caregiver_no_dr_tianjin_d06_hist_d06_1_2025-06-06_1day/benchmark_result.json,no_dr_counterfactual_event_window_energy,1,6.5617,1.7219,6.5617,6.5617,4.8398,4.8398,0.737583,4.8398,4.8398,no_dr_counterfactual_baseline
household_s2_multigeneration_caregiver,household_s2_multigeneration_caregiver,no_dr,Germany,1,2025-06-07,d07_hist_d07_1_patched,hist_d07_1_patched,7,/home/hku_user3/EnergyBridge/experiments/real_data/germany_2025_price.csv,18.0,1.0,/home/hku_user3/EnergyBridge/benchmark_results/vpp_patch_2026-07-15/_batch_logs/daily_event_configs/d07_hist_d07_1_patched.json,skipped_done,0,0.0,/home/hku_user3/EnergyBridge/benchmark_results/vpp_patch_2026-07-15/household_s2_multigeneration_caregiver_no_dr_germany_d07_hist_d07_1_patched_2025-06-07_1day,/home/hku_user3/EnergyBridge/benchmark_results/vpp_patch_2026-07-15/_batch_logs/daily_dr_memory_germany_1day/household_s2_multigeneration_caregiver_no_dr_germany_d07_hist_d07_1_patched_2025-06-07_1day.log,/home/hku_user3/EnergyBridge/benchmark_results/vpp_patch_2026-07-15/household_s2_multigeneration_caregiver_no_dr_germany_d07_hist_d07_1_patched_2025-06-07_1day/run_summary.txt,0,28.718719,28.718719,10.566474,0.063802,EUR/kWh,/home/hku_user3/EnergyBridge/experiments/real_data/germany_2025_price.csv,10.1572,10.1572,1.0,1.0,,0.0,1.0,[],"['dishwasher', 'dryer', 'ev', 'washer', 'water_heater']",[],matched,household_s2_multigeneration_caregiver|germany|1days|2025-06-07|no_dr,/home/hku_user3/EnergyBridge/benchmark_results/vpp_patch_2026-07-15/household_s2_multigeneration_caregiver_no_dr_germany_d07_hist_d07_1_patched_2025-06-07_1day/benchmark_result.json,no_dr_counterfactual_event_window_energy,1,10.1572,10.1572,10.1572,10.1572,0.0,0.0,0.0,0.0,0.0,no_dr_counterfactual_baseline
household_s1_dual_commuter_standard,household_s1_dual_commuter_standard,no_dr,Germany,1,2025-06-07,d07_hist_d07_1_patched,hist_d07_1_patched,7,/home/hku_user3/EnergyBridge/experiments/real_data/germany_2025_price.csv,18.0,1.0,/home/hku_user3/EnergyBridge/benchmark_results/vpp_patch_2026-07-15/_batch_logs/daily_event_configs/d07_hist_d07_1_patched.json,skipped_done,0,0.0,/home/hku_user3/EnergyBridge/benchmark_results/vpp_patch_2026-07-15/household_s1_dual_commuter_standard_no_dr_germany_d07_hist_d07_1_patched_2025-06-07_1day,/home/hku_user3/EnergyBridge/benchmark_results/vpp_patch_2026-07-15/_batch_logs/daily_dr_memory_germany_1day/household_s1_dual_commuter_standard_no_dr_germany_d07_hist_d07_1_patched_2025-06-07_1day.log,/home/hku_user3/EnergyBridge/benchmark_results/vpp_patch_2026-07-15/household_s1_dual_commuter_standard_no_dr_germany_d07_hist_d07_1_patched_2025-06-07_1day/run_summary.txt,0,32.221788,32.221788,10.898597,0.064285,EUR/kWh,/home/hku_user3/EnergyBridge/experiments/real_data/germany_2025_price.csv,10.1094,10.1094,1.0,1.0,,0.0,1.0,[],"['dishwasher', 'dryer', 'ev', 'washer', 'water_heater']",[],matched,household_s1_dual_commuter_standard|germany|1days|2025-06-07|no_dr,/home/hku_user3/EnergyBridge/benchmark_results/vpp_patch_2026-07-15/household_s1_dual_commuter_standard_no_dr_germany_d07_hist_d07_1_patched_2025-06-07_1day/benchmark_result.json,no_dr_counterfactual_event_window_energy,1,10.1094,10.1094,10.1094,10.1094,0.0,0.0,0.0,0.0,0.0,no_dr_counterfactual_baseline
household_s3_hybrid_work_from_home,household_s3_hybrid_work_from_home,no_dr,Germany,1,2025-06-07,d07_hist_d07_1_patched,hist_d07_1_patched,7,/home/hku_user3/EnergyBridge/experiments/real_data/germany_2025_price.csv,18.0,1.0,/home/hku_user3/EnergyBridge/benchmark_results/vpp_patch_2026-07-15/_batch_logs/daily_event_configs/d07_hist_d07_1_patched.json,skipped_done,0,0.0,/home/hku_user3/EnergyBridge/benchmark_results/vpp_patch_2026-07-15/household_s3_hybrid_work_from_home_no_dr_germany_d07_hist_d07_1_patched_2025-06-07_1day,/home/hku_user3/EnergyBridge/benchmark_results/vpp_patch_2026-07-15/_batch_logs/daily_dr_memory_germany_1day/household_s3_hybrid_work_from_home_no_dr_germany_d07_hist_d07_1_patched_2025-06-07_1day.log,/home/hku_user3/EnergyBridge/benchmark_results/vpp_patch_2026-07-15/household_s3_hybrid_work_from_home_no_dr_germany_d07_hist_d07_1_patched_2025-06-07_1day/run_summary.txt,0,30.475594,30.475594,10.73395,0.064133,EUR/kWh,/home/hku_user3/EnergyBridge/experiments/real_data/germany_2025_price.csv,10.1187,10.1187,1.0,1.0,,0.0,0.8,[],"['dishwasher', 'dryer', 'ev', 'washer', 'water_heater']",[],matched,household_s3_hybrid_work_from_home|germany|1days|2025-06-07|no_dr,/home/hku_user3/EnergyBridge/benchmark_results/vpp_patch_2026-07-15/household_s3_hybrid_work_from_home_no_dr_germany_d07_hist_d07_1_patched_2025-06-07_1day/benchmark_result.json,no_dr_counterfactual_event_window_energy,1,10.1187,10.1187,10.1187,10.1187,0.0,0.0,0.0,0.0,0.0,no_dr_counterfactual_baseline
household_s2_multigeneration_caregiver,household_s2_multigeneration_caregiver,EnergyBridge,Germany,1,2025-06-07,d07_hist_d07_1_patched,hist_d07_1_patched,7,/home/hku_user3/EnergyBridge/experiments/real_data/germany_2025_price.csv,18.0,1.0,/home/hku_user3/EnergyBridge/benchmark_results/vpp_patch_2026-07-15/_batch_logs/daily_event_configs/d07_hist_d07_1_patched.json,skipped_done,0,0.0,/home/hku_user3/EnergyBridge/benchmark_results/vpp_patch_2026-07-15/household_s2_multigeneration_caregiver_EnergyBridge_germany_d07_hist_d07_1_patched_2025-06-07_1day,/home/hku_user3/EnergyBridge/benchmark_results/vpp_patch_2026-07-15/_batch_logs/daily_dr_memory_germany_1day/household_s2_multigeneration_caregiver_EnergyBridge_germany_d07_hist_d07_1_patched_2025-06-07_1day.log,/home/hku_user3/EnergyBridge/benchmark_results/vpp_patch_2026-07-15/household_s2_multigeneration_caregiver_EnergyBridge_germany_d07_hist_d07_1_patched_2025-06-07_1day/run_summary.txt,0,28.67923,28.67923,9.808475,0.059605,EUR/kWh,/home/hku_user3/EnergyBridge/experiments/real_data/germany_2025_price.csv,6.0098,6.0098,1.0,1.0,4.0,1.0,1.0,"['dishwasher', 'dryer', 'ev', 'washer', 'water_heater']",[],[],matched,household_s2_multigeneration_caregiver|germany|1days|2025-06-07|no_dr,/home/hku_user3/EnergyBridge/benchmark_results/vpp_patch_2026-07-15/household_s2_multigeneration_caregiver_no_dr_germany_d07_hist_d07_1_patched_2025-06-07_1day/benchmark_result.json,no_dr_counterfactual_event_window_energy,1,10.1572,6.0098,10.1572,10.1572,4.1474,4.1474,0.408321,4.1474,4.1474,no_dr_counterfactual_baseline
household_s4_ev_commuter_flexible,household_s4_ev_commuter_flexible,EnergyBridge,Tianjin,1,2025-06-06,d06_hist_d06_1,hist_d06_1,6,/home/hku_user3/EnergyBridge/experiments/real_data/tianjin_tou_price_normalized.csv,18.0,1.0,/home/hku_user3/EnergyBridge/benchmark_results/vpp_patch_2026-07-15/_batch_logs/daily_event_configs/d06_hist_d06_1.json,skipped_done,0,0.0,/home/hku_user3/EnergyBridge/benchmark_results/vpp_patch_2026-07-15/household_s4_ev_commuter_flexible_EnergyBridge_tianjin_d06_hist_d06_1_2025-06-06_1day,/home/hku_user3/EnergyBridge/benchmark_results/vpp_patch_2026-07-15/_batch_logs/daily_dr_memory_tianjin_1day/household_s4_ev_commuter_flexible_EnergyBridge_tianjin_d06_hist_d06_1_2025-06-06_1day.log,/home/hku_user3/EnergyBridge/benchmark_results/vpp_patch_2026-07-15/household_s4_ev_commuter_flexible_EnergyBridge_tianjin_d06_hist_d06_1_2025-06-06_1day/run_summary.txt,0,58.217125,58.217125,61.39021,1.378246,normalized TOU cost/kWh,D:\Pycharm_project\PycharmProjects\EnergyBridge\experiments\real_data\tianjin_tou_price_normalized.csv,2.5086,2.5086,1.0,1.0,4.0,1.0,1.0,"['dishwasher', 'dryer', 'ev', 'washer', 'water_heater']",[],[],matched,household_s4_ev_commuter_flexible|tianjin|1days|2025-06-06|no_dr,/home/hku_user3/EnergyBridge/benchmark_results/vpp_patch_2026-07-15/household_s4_ev_commuter_flexible_no_dr_tianjin_d06_hist_d06_1_2025-06-06_1day/benchmark_result.json,no_dr_counterfactual_event_window_energy,1,6.4992,2.5086,6.4992,6.4992,3.9906,3.9906,0.614014,3.9906,3.9906,no_dr_counterfactual_baseline
household_s4_ev_commuter_flexible,household_s4_ev_commuter_flexible,no_dr,Germany,1,2025-06-07,d07_hist_d07_1_patched,hist_d07_1_patched,7,/home/hku_user3/EnergyBridge/experiments/real_data/germany_2025_price.csv,18.0,1.0,/home/hku_user3/EnergyBridge/benchmark_results/vpp_patch_2026-07-15/_batch_logs/daily_event_configs/d07_hist_d07_1_patched.json,skipped_done,0,0.0,/home/hku_user3/EnergyBridge/benchmark_results/vpp_patch_2026-07-15/household_s4_ev_commuter_flexible_no_dr_germany_d07_hist_d07_1_patched_2025-06-07_1day,/home/hku_user3/EnergyBridge/benchmark_results/vpp_patch_2026-07-15/_batch_logs/daily_dr_memory_germany_1day/household_s4_ev_commuter_flexible_no_dr_germany_d07_hist_d07_1_patched_2025-06-07_1day.log,/home/hku_user3/EnergyBridge/benchmark_results/vpp_patch_2026-07-15/household_s4_ev_commuter_flexible_no_dr_germany_d07_hist_d07_1_patched_2025-06-07_1day/run_summary.txt,0,34.262368,34.262368,11.062762,0.064477,EUR/kWh,/home/hku_user3/EnergyBridge/experiments/real_data/germany_2025_price.csv,10.1094,10.1094,1.0,1.0,,0.0,1.0,[],"['dishwasher', 'dryer', 'ev', 'washer', 'water_heater']",[],matched,household_s4_ev_commuter_flexible|germany|1days|2025-06-07|no_dr,/home/hku_user3/EnergyBridge/benchmark_results/vpp_patch_2026-07-15/household_s4_ev_commuter_flexible_no_dr_germany_d07_hist_d07_1_patched_2025-06-07_1day/benchmark_result.json,no_dr_counterfactual_event_window_energy,1,10.1094,10.1094,10.1094,10.1094,0.0,0.0,0.0,0.0,0.0,no_dr_counterfactual_baseline
household_s5_shared_roommates_irregular,household_s5_shared_roommates_irregular,no_dr,Germany,1,2025-06-07,d07_hist_d07_1_patched,hist_d07_1_patched,7,/home/hku_user3/EnergyBridge/experiments/real_data/germany_2025_price.csv,18.0,1.0,/home/hku_user3/EnergyBridge/benchmark_results/vpp_patch_2026-07-15/_batch_logs/daily_event_configs/d07_hist_d07_1_patched.json,skipped_done,0,0.0,/home/hku_user3/EnergyBridge/benchmark_results/vpp_patch_2026-07-15/household_s5_shared_roommates_irregular_no_dr_germany_d07_hist_d07_1_patched_2025-06-07_1day,/home/hku_user3/EnergyBridge/benchmark_results/vpp_patch_2026-07-15/_batch_logs/daily_dr_memory_germany_1day/household_s5_shared_roommates_irregular_no_dr_germany_d07_hist_d07_1_patched_2025-06-07_1day.log,/home/hku_user3/EnergyBridge/benchmark_results/vpp_patch_2026-07-15/household_s5_shared_roommates_irregular_no_dr_germany_d07_hist_d07_1_patched_2025-06-07_1day/run_summary.txt,0,30.181209,30.181209,10.734432,0.064088,EUR/kWh,/home/hku_user3/EnergyBridge/experiments/real_data/germany_2025_price.csv,10.1094,10.1094,1.0,1.0,,0.0,1.0,[],"['dishwasher', 'dryer', 'ev', 'washer', 'water_heater']",[],matched,household_s5_shared_roommates_irregular|germany|1days|2025-06-07|no_dr,/home/hku_user3/EnergyBridge/benchmark_results/vpp_patch_2026-07-15/household_s5_shared_roommates_irregular_no_dr_germany_d07_hist_d07_1_patched_2025-06-07_1day/benchmark_result.json,no_dr_counterfactual_event_window_energy,1,10.1094,10.1094,10.1094,10.1094,0.0,0.0,0.0,0.0,0.0,no_dr_counterfactual_baseline
household_s3_hybrid_work_from_home,household_s3_hybrid_work_from_home,EnergyBridge,Germany,1,2025-06-07,d07_hist_d07_1_patched,hist_d07_1_patched,7,/home/hku_user3/EnergyBridge/experiments/real_data/germany_2025_price.csv,18.0,1.0,/home/hku_user3/EnergyBridge/benchmark_results/vpp_patch_2026-07-15/_batch_logs/daily_event_configs/d07_hist_d07_1_patched.json,skipped_done,0,0.0,/home/hku_user3/EnergyBridge/benchmark_results/vpp_patch_2026-07-15/household_s3_hybrid_work_from_home_EnergyBridge_germany_d07_hist_d07_1_patched_2025-06-07_1day,/home/hku_user3/EnergyBridge/benchmark_results/vpp_patch_2026-07-15/_batch_logs/daily_dr_memory_germany_1day/household_s3_hybrid_work_from_home_EnergyBridge_germany_d07_hist_d07_1_patched_2025-06-07_1day.log,/home/hku_user3/EnergyBridge/benchmark_results/vpp_patch_2026-07-15/household_s3_hybrid_work_from_home_EnergyBridge_germany_d07_hist_d07_1_patched_2025-06-07_1day/run_summary.txt,0,30.498169,30.498169,10.020945,0.060343,EUR/kWh,/home/hku_user3/EnergyBridge/experiments/real_data/germany_2025_price.csv,6.0098,6.0098,1.0,1.0,3.667,1.0,1.0,"['dishwasher', 'dryer', 'ev', 'washer', 'water_heater']",[],[],matched,household_s3_hybrid_work_from_home|germany|1days|2025-06-07|no_dr,/home/hku_user3/EnergyBridge/benchmark_results/vpp_patch_2026-07-15/household_s3_hybrid_work_from_home_no_dr_germany_d07_hist_d07_1_patched_2025-06-07_1day/benchmark_result.json,no_dr_counterfactual_event_window_energy,1,10.1187,6.0098,10.1187,10.1187,4.1089,4.1089,0.40607,4.1089,4.1089,no_dr_counterfactual_baseline
household_s1_dual_commuter_standard,household_s1_dual_commuter_standard,no_dr,Tianjin,1,2025-06-07,d07_hist_d07_1_patched,hist_d07_1_patched,7,/home/hku_user3/EnergyBridge/experiments/real_data/tianjin_tou_price_normalized.csv,18.0,1.0,/home/hku_user3/EnergyBridge/benchmark_results/vpp_patch_2026-07-15/_batch_logs/daily_event_configs/d07_hist_d07_1_patched.json,skipped_done,0,0.0,/home/hku_user3/EnergyBridge/benchmark_results/vpp_patch_2026-07-15/household_s1_dual_commuter_standard_no_dr_tianjin_d07_hist_d07_1_patched_2025-06-07_1day,/home/hku_user3/EnergyBridge/benchmark_results/vpp_patch_2026-07-15/_batch_logs/daily_dr_memory_tianjin_1day/household_s1_dual_commuter_standard_no_dr_tianjin_d07_hist_d07_1_patched_2025-06-07_1day.log,/home/hku_user3/EnergyBridge/benchmark_results/vpp_patch_2026-07-15/household_s1_dual_commuter_standard_no_dr_tianjin_d07_hist_d07_1_patched_2025-06-07_1day/run_summary.txt,0,49.749732,49.749732,58.803268,1.368222,normalized TOU cost/kWh,/home/hku_user3/EnergyBridge/experiments/real_data/tianjin_tou_price_normalized.csv,5.295,5.295,1.0,1.0,,0.0,1.0,[],"['dishwasher', 'dryer', 'ev', 'washer', 'water_heater']",[],matched,household_s1_dual_commuter_standard|tianjin|1days|2025-06-07|no_dr,/home/hku_user3/EnergyBridge/benchmark_results/vpp_patch_2026-07-15/household_s1_dual_commuter_standard_no_dr_tianjin_d07_hist_d07_1_patched_2025-06-07_1day/benchmark_result.json,no_dr_counterfactual_event_window_energy,1,5.295,5.295,5.295,5.295,0.0,0.0,0.0,0.0,0.0,no_dr_counterfactual_baseline
household_s1_dual_commuter_standard,household_s1_dual_commuter_standard,EnergyBridge,Germany,1,2025-06-07,d07_hist_d07_1_patched,hist_d07_1_patched,7,/home/hku_user3/EnergyBridge/experiments/real_data/germany_2025_price.csv,18.0,1.0,/home/hku_user3/EnergyBridge/benchmark_results/vpp_patch_2026-07-15/_batch_logs/daily_event_configs/d07_hist_d07_1_patched.json,skipped_done,0,0.0,/home/hku_user3/EnergyBridge/benchmark_results/vpp_patch_2026-07-15/household_s1_dual_commuter_standard_EnergyBridge_germany_d07_hist_d07_1_patched_2025-06-07_1day,/home/hku_user3/EnergyBridge/benchmark_results/vpp_patch_2026-07-15/_batch_logs/daily_dr_memory_germany_1day/household_s1_dual_commuter_standard_EnergyBridge_germany_d07_hist_d07_1_patched_2025-06-07_1day.log,/home/hku_user3/EnergyBridge/benchmark_results/vpp_patch_2026-07-15/household_s1_dual_commuter_standard_EnergyBridge_germany_d07_hist_d07_1_patched_2025-06-07_1day/run_summary.txt,0,31.763353,31.763353,10.144463,0.060362,EUR/kWh,/home/hku_user3/EnergyBridge/experiments/real_data/germany_2025_price.csv,6.005,6.005,1.0,1.0,4.25,1.0,1.0,"['dishwasher', 'dryer', 'ev', 'washer', 'water_heater']",[],[],matched,household_s1_dual_commuter_standard|germany|1days|2025-06-07|no_dr,/home/hku_user3/EnergyBridge/benchmark_results/vpp_patch_2026-07-15/household_s1_dual_commuter_standard_no_dr_germany_d07_hist_d07_1_patched_2025-06-07_1day/benchmark_result.json,no_dr_counterfactual_event_window_energy,1,10.1094,6.005,10.1094,10.1094,4.1044,4.1044,0.405998,4.1044,4.1044,no_dr_counterfactual_baseline
household_s4_ev_commuter_flexible,household_s4_ev_commuter_flexible,EnergyBridge,Germany,1,2025-06-07,d07_hist_d07_1_patched,hist_d07_1_patched,7,/home/hku_user3/EnergyBridge/experiments/real_data/germany_2025_price.csv,18.0,1.0,/home/hku_user3/EnergyBridge/benchmark_results/vpp_patch_2026-07-15/_batch_logs/daily_event_configs/d07_hist_d07_1_patched.json,skipped_done,0,0.0,/home/hku_user3/EnergyBridge/benchmark_results/vpp_patch_2026-07-15/household_s4_ev_commuter_flexible_EnergyBridge_germany_d07_hist_d07_1_patched_2025-06-07_1day,/home/hku_user3/EnergyBridge/benchmark_results/vpp_patch_2026-07-15/_batch_logs/daily_dr_memory_germany_1day/household_s4_ev_commuter_flexible_EnergyBridge_germany_d07_hist_d07_1_patched_2025-06-07_1day.log,/home/hku_user3/EnergyBridge/benchmark_results/vpp_patch_2026-07-15/household_s4_ev_commuter_flexible_EnergyBridge_germany_d07_hist_d07_1_patched_2025-06-07_1day/run_summary.txt,0,33.803933,33.803933,10.372586,0.060979,EUR/kWh,/home/hku_user3/EnergyBridge/experiments/real_data/germany_2025_price.csv,6.005,6.005,1.0,1.0,4.25,1.0,1.0,"['dishwasher', 'dryer', 'ev', 'washer', 'water_heater']",[],[],matched,household_s4_ev_commuter_flexible|germany|1days|2025-06-07|no_dr,/home/hku_user3/EnergyBridge/benchmark_results/vpp_patch_2026-07-15/household_s4_ev_commuter_flexible_no_dr_germany_d07_hist_d07_1_patched_2025-06-07_1day/benchmark_result.json,no_dr_counterfactual_event_window_energy,1,10.1094,6.005,10.1094,10.1094,4.1044,4.1044,0.405998,4.1044,4.1044,no_dr_counterfactual_baseline
household_s5_shared_roommates_irregular,household_s5_shared_roommates_irregular,EnergyBridge,Germany,1,2025-06-07,d07_hist_d07_1_patched,hist_d07_1_patched,7,/home/hku_user3/EnergyBridge/experiments/real_data/germany_2025_price.csv,18.0,1.0,/home/hku_user3/EnergyBridge/benchmark_results/vpp_patch_2026-07-15/_batch_logs/daily_event_configs/d07_hist_d07_1_patched.json,skipped_done,0,0.0,/home/hku_user3/EnergyBridge/benchmark_results/vpp_patch_2026-07-15/household_s5_shared_roommates_irregular_EnergyBridge_germany_d07_hist_d07_1_patched_2025-06-07_1day,/home/hku_user3/EnergyBridge/benchmark_results/vpp_patch_2026-07-15/_batch_logs/daily_dr_memory_germany_1day/household_s5_shared_roommates_irregular_EnergyBridge_germany_d07_hist_d07_1_patched_2025-06-07_1day.log,/home/hku_user3/EnergyBridge/benchmark_results/vpp_patch_2026-07-15/household_s5_shared_roommates_irregular_EnergyBridge_germany_d07_hist_d07_1_patched_2025-06-07_1day/run_summary.txt,0,29.722774,29.722774,9.998766,0.060226,EUR/kWh,/home/hku_user3/EnergyBridge/experiments/real_data/germany_2025_price.csv,6.005,6.005,1.0,1.0,4.5,1.0,1.0,"['dishwasher', 'dryer', 'ev', 'washer', 'water_heater']",[],[],matched,household_s5_shared_roommates_irregular|germany|1days|2025-06-07|no_dr,/home/hku_user3/EnergyBridge/benchmark_results/vpp_patch_2026-07-15/household_s5_shared_roommates_irregular_no_dr_germany_d07_hist_d07_1_patched_2025-06-07_1day/benchmark_result.json,no_dr_counterfactual_event_window_energy,1,10.1094,6.005,10.1094,10.1094,4.1044,4.1044,0.405998,4.1044,4.1044,no_dr_counterfactual_baseline
household_s2_multigeneration_caregiver,household_s2_multigeneration_caregiver,EnergyBridge,Tianjin,1,2025-06-07,d07_hist_d07_1_patched,hist_d07_1_patched,7,/home/hku_user3/EnergyBridge/experiments/real_data/tianjin_tou_price_normalized.csv,18.0,1.0,/home/hku_user3/EnergyBridge/benchmark_results/vpp_patch_2026-07-15/_batch_logs/daily_event_configs/d07_hist_d07_1_patched.json,skipped_done,0,0.0,/home/hku_user3/EnergyBridge/benchmark_results/vpp_patch_2026-07-15/household_s2_multigeneration_caregiver_EnergyBridge_tianjin_d07_hist_d07_1_patched_2025-06-07_1day,/home/hku_user3/EnergyBridge/benchmark_results/vpp_patch_2026-07-15/_batch_logs/daily_dr_memory_tianjin_1day/household_s2_multigeneration_caregiver_EnergyBridge_tianjin_d07_hist_d07_1_patched_2025-06-07_1day.log,/home/hku_user3/EnergyBridge/benchmark_results/vpp_patch_2026-07-15/household_s2_multigeneration_caregiver_EnergyBridge_tianjin_d07_hist_d07_1_patched_2025-06-07_1day/run_summary.txt,0,42.008366,42.008366,46.674509,1.25291,normalized TOU cost/kWh,/home/hku_user3/EnergyBridge/experiments/real_data/tianjin_tou_price_normalized.csv,0.5636,0.5636,1.0,1.0,4.4,1.0,1.0,"['dishwasher', 'dryer', 'ev', 'washer', 'water_heater']",[],[],matched,household_s2_multigeneration_caregiver|tianjin|1days|2025-06-07|no_dr,/home/hku_user3/EnergyBridge/benchmark_results/vpp_patch_2026-07-15/household_s2_multigeneration_caregiver_no_dr_tianjin_d07_hist_d07_1_patched_2025-06-07_1day/benchmark_result.json,no_dr_counterfactual_event_window_energy,1,5.3302,0.5636,5.3302,5.3302,4.7666,4.7666,0.894263,4.7666,4.7666,no_dr_counterfactual_baseline
household_s5_shared_roommates_irregular,household_s5_shared_roommates_irregular,EnergyBridge,Tianjin,1,2025-06-06,d06_hist_d06_1,hist_d06_1,6,/home/hku_user3/EnergyBridge/experiments/real_data/tianjin_tou_price_normalized.csv,18.0,1.0,/home/hku_user3/EnergyBridge/benchmark_results/vpp_patch_2026-07-15/_batch_logs/daily_event_configs/d06_hist_d06_1.json,skipped_done,0,0.0,/home/hku_user3/EnergyBridge/benchmark_results/vpp_patch_2026-07-15/household_s5_shared_roommates_irregular_EnergyBridge_tianjin_d06_hist_d06_1_2025-06-06_1day,/home/hku_user3/EnergyBridge/benchmark_results/vpp_patch_2026-07-15/_batch_logs/daily_dr_memory_tianjin_1day/household_s5_shared_roommates_irregular_EnergyBridge_tianjin_d06_hist_d06_1_2025-06-06_1day.log,/home/hku_user3/EnergyBridge/benchmark_results/vpp_patch_2026-07-15/household_s5_shared_roommates_irregular_EnergyBridge_tianjin_d06_hist_d06_1_2025-06-06_1day/run_summary.txt,0,53.462978,53.462978,55.244076,1.362836,normalized TOU cost/kWh,D:\Pycharm_project\PycharmProjects\EnergyBridge\experiments\real_data\tianjin_tou_price_normalized.csv,2.5108,2.5108,1.0,1.0,4.0,1.0,1.0,"['dishwasher', 'dryer', 'ev', 'washer', 'water_heater']",[],[],matched,household_s5_shared_roommates_irregular|tianjin|1days|2025-06-06|no_dr,/home/hku_user3/EnergyBridge/benchmark_results/vpp_patch_2026-07-15/household_s5_shared_roommates_irregular_no_dr_tianjin_d06_hist_d06_1_2025-06-06_1day/benchmark_result.json,no_dr_counterfactual_event_window_energy,1,6.4992,2.5108,6.4992,6.4992,3.9884,3.9884,0.613676,3.9884,3.9884,no_dr_counterfactual_baseline
household_s4_ev_commuter_flexible,household_s4_ev_commuter_flexible,no_dr,Tianjin,1,2025-06-07,d07_hist_d07_1_patched,hist_d07_1_patched,7,/home/hku_user3/EnergyBridge/experiments/real_data/tianjin_tou_price_normalized.csv,18.0,1.0,/home/hku_user3/EnergyBridge/benchmark_results/vpp_patch_2026-07-15/_batch_logs/daily_event_configs/d07_hist_d07_1_patched.json,skipped_done,0,0.0,/home/hku_user3/EnergyBridge/benchmark_results/vpp_patch_2026-07-15/household_s4_ev_commuter_flexible_no_dr_tianjin_d07_hist_d07_1_patched_2025-06-07_1day,/home/hku_user3/EnergyBridge/benchmark_results/vpp_patch_2026-07-15/_batch_logs/daily_dr_memory_tianjin_1day/household_s4_ev_commuter_flexible_no_dr_tianjin_d07_hist_d07_1_patched_2025-06-07_1day.log,/home/hku_user3/EnergyBridge/benchmark_results/vpp_patch_2026-07-15/household_s4_ev_commuter_flexible_no_dr_tianjin_d07_hist_d07_1_patched_2025-06-07_1day/run_summary.txt,0,51.790311,51.790311,62.068195,1.378728,normalized TOU cost/kWh,/home/hku_user3/EnergyBridge/experiments/real_data/tianjin_tou_price_normalized.csv,5.295,5.295,1.0,1.0,,0.0,1.0,[],"['dishwasher', 'dryer', 'ev', 'washer', 'water_heater']",[],matched,household_s4_ev_commuter_flexible|tianjin|1days|2025-06-07|no_dr,/home/hku_user3/EnergyBridge/benchmark_results/vpp_patch_2026-07-15/household_s4_ev_commuter_flexible_no_dr_tianjin_d07_hist_d07_1_patched_2025-06-07_1day/benchmark_result.json,no_dr_counterfactual_event_window_energy,1,5.295,5.295,5.295,5.295,0.0,0.0,0.0,0.0,0.0,no_dr_counterfactual_baseline
household_s1_dual_commuter_standard,household_s1_dual_commuter_standard,EnergyBridge,Tianjin,1,2025-06-07,d07_hist_d07_1_patched,hist_d07_1_patched,7,/home/hku_user3/EnergyBridge/experiments/real_data/tianjin_tou_price_normalized.csv,18.0,1.0,/home/hku_user3/EnergyBridge/benchmark_results/vpp_patch_2026-07-15/_batch_logs/daily_event_configs/d07_hist_d07_1_patched.json,skipped_done,0,0.0,/home/hku_user3/EnergyBridge/benchmark_results/vpp_patch_2026-07-15/household_s1_dual_commuter_standard_EnergyBridge_tianjin_d07_hist_d07_1_patched_2025-06-07_1day,/home/hku_user3/EnergyBridge/benchmark_results/vpp_patch_2026-07-15/_batch_logs/daily_dr_memory_tianjin_1day/household_s1_dual_commuter_standard_EnergyBridge_tianjin_d07_hist_d07_1_patched_2025-06-07_1day.log,/home/hku_user3/EnergyBridge/benchmark_results/vpp_patch_2026-07-15/household_s1_dual_commuter_standard_EnergyBridge_tianjin_d07_hist_d07_1_patched_2025-06-07_1day/run_summary.txt,0,43.534189,43.534189,48.386293,1.299976,normalized TOU cost/kWh,/home/hku_user3/EnergyBridge/experiments/real_data/tianjin_tou_price_normalized.csv,1.1482,1.1482,1.0,1.0,2.0,1.0,0.8,"['dishwasher', 'dryer', 'ev', 'washer', 'water_heater']",[],[],matched,household_s1_dual_commuter_standard|tianjin|1days|2025-06-07|no_dr,/home/hku_user3/EnergyBridge/benchmark_results/vpp_patch_2026-07-15/household_s1_dual_commuter_standard_no_dr_tianjin_d07_hist_d07_1_patched_2025-06-07_1day/benchmark_result.json,no_dr_counterfactual_event_window_energy,1,5.295,1.1482,5.295,5.295,4.1468,4.1468,0.783154,4.1468,4.1468,no_dr_counterfactual_baseline
household_s5_shared_roommates_irregular,household_s5_shared_roommates_irregular,no_dr,Tianjin,1,2025-06-07,d07_hist_d07_1_patched,hist_d07_1_patched,7,/home/hku_user3/EnergyBridge/experiments/real_data/tianjin_tou_price_normalized.csv,18.0,1.0,/home/hku_user3/EnergyBridge/benchmark_results/vpp_patch_2026-07-15/_batch_logs/daily_event_configs/d07_hist_d07_1_patched.json,skipped_done,0,0.0,/home/hku_user3/EnergyBridge/benchmark_results/vpp_patch_2026-07-15/household_s5_shared_roommates_irregular_no_dr_tianjin_d07_hist_d07_1_patched_2025-06-07_1day,/home/hku_user3/EnergyBridge/benchmark_results/vpp_patch_2026-07-15/_batch_logs/daily_dr_memory_tianjin_1day/household_s5_shared_roommates_irregular_no_dr_tianjin_d07_hist_d07_1_patched_2025-06-07_1day.log,/home/hku_user3/EnergyBridge/benchmark_results/vpp_patch_2026-07-15/household_s5_shared_roommates_irregular_no_dr_tianjin_d07_hist_d07_1_patched_2025-06-07_1day/run_summary.txt,0,47.709152,47.709152,55.53834,1.356669,normalized TOU cost/kWh,/home/hku_user3/EnergyBridge/experiments/real_data/tianjin_tou_price_normalized.csv,5.295,5.295,1.0,1.0,,0.0,1.0,[],"['dishwasher', 'dryer', 'ev', 'washer', 'water_heater']",[],matched,household_s5_shared_roommates_irregular|tianjin|1days|2025-06-07|no_dr,/home/hku_user3/EnergyBridge/benchmark_results/vpp_patch_2026-07-15/household_s5_shared_roommates_irregular_no_dr_tianjin_d07_hist_d07_1_patched_2025-06-07_1day/benchmark_result.json,no_dr_counterfactual_event_window_energy,1,5.295,5.295,5.295,5.295,0.0,0.0,0.0,0.0,0.0,no_dr_counterfactual_baseline
household_s3_hybrid_work_from_home,household_s3_hybrid_work_from_home,no_dr,Tianjin,1,2025-06-07,d07_hist_d07_1_patched,hist_d07_1_patched,7,/home/hku_user3/EnergyBridge/experiments/real_data/tianjin_tou_price_normalized.csv,18.0,1.0,/home/hku_user3/EnergyBridge/benchmark_results/vpp_patch_2026-07-15/_batch_logs/daily_event_configs/d07_hist_d07_1_patched.json,skipped_done,0,0.0,/home/hku_user3/EnergyBridge/benchmark_results/vpp_patch_2026-07-15/household_s3_hybrid_work_from_home_no_dr_tianjin_d07_hist_d07_1_patched_2025-06-07_1day,/home/hku_user3/EnergyBridge/benchmark_results/vpp_patch_2026-07-15/_batch_logs/daily_dr_memory_tianjin_1day/household_s3_hybrid_work_from_home_no_dr_tianjin_d07_hist_d07_1_patched_2025-06-07_1day.log,/home/hku_user3/EnergyBridge/benchmark_results/vpp_patch_2026-07-15/household_s3_hybrid_work_from_home_no_dr_tianjin_d07_hist_d07_1_patched_2025-06-07_1day/run_summary.txt,0,48.095606,48.095606,55.958976,1.356951,normalized TOU cost/kWh,/home/hku_user3/EnergyBridge/experiments/real_data/tianjin_tou_price_normalized.csv,5.2965,5.2965,1.0,1.0,,0.0,0.8,[],"['dishwasher', 'dryer', 'ev', 'washer', 'water_heater']",[],matched,household_s3_hybrid_work_from_home|tianjin|1days|2025-06-07|no_dr,/home/hku_user3/EnergyBridge/benchmark_results/vpp_patch_2026-07-15/household_s3_hybrid_work_from_home_no_dr_tianjin_d07_hist_d07_1_patched_2025-06-07_1day/benchmark_result.json,no_dr_counterfactual_event_window_energy,1,5.2965,5.2965,5.2965,5.2965,0.0,0.0,0.0,0.0,0.0,no_dr_counterfactual_baseline
household_s2_multigeneration_caregiver,household_s2_multigeneration_caregiver,no_dr,Tianjin,1,2025-06-07,d07_hist_d07_1_patched,hist_d07_1_patched,7,/home/hku_user3/EnergyBridge/experiments/real_data/tianjin_tou_price_normalized.csv,18.0,1.0,/home/hku_user3/EnergyBridge/benchmark_results/vpp_patch_2026-07-15/_batch_logs/daily_event_configs/d07_hist_d07_1_patched.json,skipped_done,0,0.0,/home/hku_user3/EnergyBridge/benchmark_results/vpp_patch_2026-07-15/household_s2_multigeneration_caregiver_no_dr_tianjin_d07_hist_d07_1_patched_2025-06-07_1day,/home/hku_user3/EnergyBridge/benchmark_results/vpp_patch_2026-07-15/_batch_logs/daily_dr_memory_tianjin_1day/household_s2_multigeneration_caregiver_no_dr_tianjin_d07_hist_d07_1_patched_2025-06-07_1day.log,/home/hku_user3/EnergyBridge/benchmark_results/vpp_patch_2026-07-15/household_s2_multigeneration_caregiver_no_dr_tianjin_d07_hist_d07_1_patched_2025-06-07_1day/run_summary.txt,0,47.25333,47.25333,53.581059,1.333084,normalized TOU cost/kWh,/home/hku_user3/EnergyBridge/experiments/real_data/tianjin_tou_price_normalized.csv,5.3302,5.3302,1.0,1.0,,0.0,1.0,[],"['dishwasher', 'dryer', 'ev', 'washer', 'water_heater']",[],matched,household_s2_multigeneration_caregiver|tianjin|1days|2025-06-07|no_dr,/home/hku_user3/EnergyBridge/benchmark_results/vpp_patch_2026-07-15/household_s2_multigeneration_caregiver_no_dr_tianjin_d07_hist_d07_1_patched_2025-06-07_1day/benchmark_result.json,no_dr_counterfactual_event_window_energy,1,5.3302,5.3302,5.3302,5.3302,0.0,0.0,0.0,0.0,0.0,no_dr_counterfactual_baseline
household_s1_dual_commuter_standard,household_s1_dual_commuter_standard,EnergyBridge,Germany,1,2025-06-08,d08_hist_d08_1_patched,hist_d08_1_patched,8,/home/hku_user3/EnergyBridge/experiments/real_data/germany_2025_price.csv,18.0,1.0,/home/hku_user3/EnergyBridge/benchmark_results/vpp_patch_2026-07-15/_batch_logs/daily_event_configs/d08_hist_d08_1_patched.json,skipped_done,0,0.0,/home/hku_user3/EnergyBridge/benchmark_results/vpp_patch_2026-07-15/household_s1_dual_commuter_standard_EnergyBridge_germany_d08_hist_d08_1_patched_2025-06-08_1day,/home/hku_user3/EnergyBridge/benchmark_results/vpp_patch_2026-07-15/_batch_logs/daily_dr_memory_germany_1day/household_s1_dual_commuter_standard_EnergyBridge_germany_d08_hist_d08_1_patched_2025-06-08_1day.log,/home/hku_user3/EnergyBridge/benchmark_results/vpp_patch_2026-07-15/household_s1_dual_commuter_standard_EnergyBridge_germany_d08_hist_d08_1_patched_2025-06-08_1day/run_summary.txt,0,30.687087,30.687087,1.595319,0.009518,EUR/kWh,/home/hku_user3/EnergyBridge/experiments/real_data/germany_2025_price.csv,6.005,6.005,1.0,1.0,4.25,1.0,1.0,"['dishwasher', 'dryer', 'ev', 'washer', 'water_heater']",[],[],matched,household_s1_dual_commuter_standard|germany|1days|2025-06-08|no_dr,/home/hku_user3/EnergyBridge/benchmark_results/vpp_patch_2026-07-15/household_s1_dual_commuter_standard_no_dr_germany_d08_hist_d08_1_patched_2025-06-08_1day/benchmark_result.json,no_dr_counterfactual_event_window_energy,1,9.9861,6.005,9.9861,9.9861,3.9811,3.9811,0.398664,3.9811,3.9811,no_dr_counterfactual_baseline
household_s4_ev_commuter_flexible,household_s4_ev_commuter_flexible,EnergyBridge,Tianjin,1,2025-06-07,d07_hist_d07_1_patched,hist_d07_1_patched,7,/home/hku_user3/EnergyBridge/experiments/real_data/tianjin_tou_price_normalized.csv,18.0,1.0,/home/hku_user3/EnergyBridge/benchmark_results/vpp_patch_2026-07-15/_batch_logs/daily_event_configs/d07_hist_d07_1_patched.json,skipped_done,0,0.0,/home/hku_user3/EnergyBridge/benchmark_results/vpp_patch_2026-07-15/household_s4_ev_commuter_flexible_EnergyBridge_tianjin_d07_hist_d07_1_patched_2025-06-07_1day,/home/hku_user3/EnergyBridge/benchmark_results/vpp_patch_2026-07-15/_batch_logs/daily_dr_memory_tianjin_1day/household_s4_ev_commuter_flexible_EnergyBridge_tianjin_d07_hist_d07_1_patched_2025-06-07_1day.log,/home/hku_user3/EnergyBridge/benchmark_results/vpp_patch_2026-07-15/household_s4_ev_commuter_flexible_EnergyBridge_tianjin_d07_hist_d07_1_patched_2025-06-07_1day/run_summary.txt,0,48.438439,48.438439,52.346188,1.356493,normalized TOU cost/kWh,/home/hku_user3/EnergyBridge/experiments/real_data/tianjin_tou_price_normalized.csv,0.7008,0.7008,1.0,1.0,4.0,1.0,1.0,"['dishwasher', 'dryer', 'ev', 'washer', 'water_heater']",[],[],matched,household_s4_ev_commuter_flexible|tianjin|1days|2025-06-07|no_dr,/home/hku_user3/EnergyBridge/benchmark_results/vpp_patch_2026-07-15/household_s4_ev_commuter_flexible_no_dr_tianjin_d07_hist_d07_1_patched_2025-06-07_1day/benchmark_result.json,no_dr_counterfactual_event_window_energy,1,5.295,0.7008,5.295,5.295,4.5942,4.5942,0.867649,4.5942,4.5942,no_dr_counterfactual_baseline
household_s5_shared_roommates_irregular,household_s5_shared_roommates_irregular,EnergyBridge,Tianjin,1,2025-06-07,d07_hist_d07_1_patched,hist_d07_1_patched,7,/home/hku_user3/EnergyBridge/experiments/real_data/tianjin_tou_price_normalized.csv,18.0,1.0,/home/hku_user3/EnergyBridge/benchmark_results/vpp_patch_2026-07-15/_batch_logs/daily_event_configs/d07_hist_d07_1_patched.json,skipped_done,0,0.0,/home/hku_user3/EnergyBridge/benchmark_results/vpp_patch_2026-07-15/household_s5_shared_roommates_irregular_EnergyBridge_tianjin_d07_hist_d07_1_patched_2025-06-07_1day,/home/hku_user3/EnergyBridge/benchmark_results/vpp_patch_2026-07-15/_batch_logs/daily_dr_memory_tianjin_1day/household_s5_shared_roommates_irregular_EnergyBridge_tianjin_d07_hist_d07_1_patched_2025-06-07_1day.log,/home/hku_user3/EnergyBridge/benchmark_results/vpp_patch_2026-07-15/household_s5_shared_roommates_irregular_EnergyBridge_tianjin_d07_hist_d07_1_patched_2025-06-07_1day/run_summary.txt,0,42.171147,42.171147,47.716838,1.33591,normalized TOU cost/kWh,/home/hku_user3/EnergyBridge/experiments/real_data/tianjin_tou_price_normalized.csv,0.8978,0.8978,1.0,1.0,4.0,1.0,1.0,"['dishwasher', 'dryer', 'ev', 'washer', 'water_heater']",[],[],matched,household_s5_shared_roommates_irregular|tianjin|1days|2025-06-07|no_dr,/home/hku_user3/EnergyBridge/benchmark_results/vpp_patch_2026-07-15/household_s5_shared_roommates_irregular_no_dr_tianjin_d07_hist_d07_1_patched_2025-06-07_1day/benchmark_result.json,no_dr_counterfactual_event_window_energy,1,5.295,0.8978,5.295,5.295,4.3972,4.3972,0.830444,4.3972,4.3972,no_dr_counterfactual_baseline
household_s1_dual_commuter_standard,household_s1_dual_commuter_standard,no_dr,Germany,1,2025-06-08,d08_hist_d08_1_patched,hist_d08_1_patched,8,/home/hku_user3/EnergyBridge/experiments/real_data/germany_2025_price.csv,18.0,1.0,/home/hku_user3/EnergyBridge/benchmark_results/vpp_patch_2026-07-15/_batch_logs/daily_event_configs/d08_hist_d08_1_patched.json,skipped_done,0,0.0,/home/hku_user3/EnergyBridge/benchmark_results/vpp_patch_2026-07-15/household_s1_dual_commuter_standard_no_dr_germany_d08_hist_d08_1_patched_2025-06-08_1day,/home/hku_user3/EnergyBridge/benchmark_results/vpp_patch_2026-07-15/_batch_logs/daily_dr_memory_germany_1day/household_s1_dual_commuter_standard_no_dr_germany_d08_hist_d08_1_patched_2025-06-08_1day.log,/home/hku_user3/EnergyBridge/benchmark_results/vpp_patch_2026-07-15/household_s1_dual_commuter_standard_no_dr_germany_d08_hist_d08_1_patched_2025-06-08_1day/run_summary.txt,0,31.469793,31.469793,2.284931,0.013549,EUR/kWh,/home/hku_user3/EnergyBridge/experiments/real_data/germany_2025_price.csv,9.9861,9.9861,1.0,1.0,,0.0,1.0,[],"['dishwasher', 'dryer', 'ev', 'washer', 'water_heater']",[],matched,household_s1_dual_commuter_standard|germany|1days|2025-06-08|no_dr,/home/hku_user3/EnergyBridge/benchmark_results/vpp_patch_2026-07-15/household_s1_dual_commuter_standard_no_dr_germany_d08_hist_d08_1_patched_2025-06-08_1day/benchmark_result.json,no_dr_counterfactual_event_window_energy,1,9.9861,9.9861,9.9861,9.9861,0.0,0.0,0.0,0.0,0.0,no_dr_counterfactual_baseline
household_s3_hybrid_work_from_home,household_s3_hybrid_work_from_home,no_dr,Germany,1,2025-06-08,d08_hist_d08_1_patched,hist_d08_1_patched,8,/home/hku_user3/EnergyBridge/experiments/real_data/germany_2025_price.csv,18.0,1.0,/home/hku_user3/EnergyBridge/benchmark_results/vpp_patch_2026-07-15/_batch_logs/daily_event_configs/d08_hist_d08_1_patched.json,skipped_done,0,0.0,/home/hku_user3/EnergyBridge/benchmark_results/vpp_patch_2026-07-15/household_s3_hybrid_work_from_home_no_dr_germany_d08_hist_d08_1_patched_2025-06-08_1day,/home/hku_user3/EnergyBridge/benchmark_results/vpp_patch_2026-07-15/_batch_logs/daily_dr_memory_germany_1day/household_s3_hybrid_work_from_home_no_dr_germany_d08_hist_d08_1_patched_2025-06-08_1day.log,/home/hku_user3/EnergyBridge/benchmark_results/vpp_patch_2026-07-15/household_s3_hybrid_work_from_home_no_dr_germany_d08_hist_d08_1_patched_2025-06-08_1day/run_summary.txt,0,29.443409,29.443409,2.191175,0.013184,EUR/kWh,/home/hku_user3/EnergyBridge/experiments/real_data/germany_2025_price.csv,9.989,9.989,1.0,1.0,,0.0,0.8,[],"['dishwasher', 'dryer', 'ev', 'washer', 'water_heater']",[],matched,household_s3_hybrid_work_from_home|germany|1days|2025-06-08|no_dr,/home/hku_user3/EnergyBridge/benchmark_results/vpp_patch_2026-07-15/household_s3_hybrid_work_from_home_no_dr_germany_d08_hist_d08_1_patched_2025-06-08_1day/benchmark_result.json,no_dr_counterfactual_event_window_energy,1,9.989,9.989,9.989,9.989,0.0,0.0,0.0,0.0,0.0,no_dr_counterfactual_baseline
household_s2_multigeneration_caregiver,household_s2_multigeneration_caregiver,EnergyBridge,Germany,1,2025-06-08,d08_hist_d08_1_patched,hist_d08_1_patched,8,/home/hku_user3/EnergyBridge/experiments/real_data/germany_2025_price.csv,18.0,1.0,/home/hku_user3/EnergyBridge/benchmark_results/vpp_patch_2026-07-15/_batch_logs/daily_event_configs/d08_hist_d08_1_patched.json,skipped_done,0,0.0,/home/hku_user3/EnergyBridge/benchmark_results/vpp_patch_2026-07-15/household_s2_multigeneration_caregiver_EnergyBridge_germany_d08_hist_d08_1_patched_2025-06-08_1day,/home/hku_user3/EnergyBridge/benchmark_results/vpp_patch_2026-07-15/_batch_logs/daily_dr_memory_germany_1day/household_s2_multigeneration_caregiver_EnergyBridge_germany_d08_hist_d08_1_patched_2025-06-08_1day.log,/home/hku_user3/EnergyBridge/benchmark_results/vpp_patch_2026-07-15/household_s2_multigeneration_caregiver_EnergyBridge_germany_d08_hist_d08_1_patched_2025-06-08_1day/run_summary.txt,0,27.290822,27.290822,1.431032,0.008744,EUR/kWh,/home/hku_user3/EnergyBridge/experiments/real_data/germany_2025_price.csv,6.0098,6.0098,1.0,1.0,4.2,1.0,1.0,"['dishwasher', 'dryer', 'ev', 'washer', 'water_heater']",[],[],matched,household_s2_multigeneration_caregiver|germany|1days|2025-06-08|no_dr,/home/hku_user3/EnergyBridge/benchmark_results/vpp_patch_2026-07-15/household_s2_multigeneration_caregiver_no_dr_germany_d08_hist_d08_1_patched_2025-06-08_1day/benchmark_result.json,no_dr_counterfactual_event_window_energy,1,9.9897,6.0098,9.9897,9.9897,3.9799,3.9799,0.3984,3.9799,3.9799,no_dr_counterfactual_baseline
household_s2_multigeneration_caregiver,household_s2_multigeneration_caregiver,no_dr,Germany,1,2025-06-08,d08_hist_d08_1_patched,hist_d08_1_patched,8,/home/hku_user3/EnergyBridge/experiments/real_data/germany_2025_price.csv,18.0,1.0,/home/hku_user3/EnergyBridge/benchmark_results/vpp_patch_2026-07-15/_batch_logs/daily_event_configs/d08_hist_d08_1_patched.json,skipped_done,0,0.0,/home/hku_user3/EnergyBridge/benchmark_results/vpp_patch_2026-07-15/household_s2_multigeneration_caregiver_no_dr_germany_d08_hist_d08_1_patched_2025-06-08_1day,/home/hku_user3/EnergyBridge/benchmark_results/vpp_patch_2026-07-15/_batch_logs/daily_dr_memory_germany_1day/household_s2_multigeneration_caregiver_no_dr_germany_d08_hist_d08_1_patched_2025-06-08_1day.log,/home/hku_user3/EnergyBridge/benchmark_results/vpp_patch_2026-07-15/household_s2_multigeneration_caregiver_no_dr_germany_d08_hist_d08_1_patched_2025-06-08_1day/run_summary.txt,0,27.433942,27.433942,2.071217,0.012616,EUR/kWh,/home/hku_user3/EnergyBridge/experiments/real_data/germany_2025_price.csv,9.9897,9.9897,1.0,1.0,,0.0,1.0,[],"['dishwasher', 'dryer', 'ev', 'washer', 'water_heater']",[],matched,household_s2_multigeneration_caregiver|germany|1days|2025-06-08|no_dr,/home/hku_user3/EnergyBridge/benchmark_results/vpp_patch_2026-07-15/household_s2_multigeneration_caregiver_no_dr_germany_d08_hist_d08_1_patched_2025-06-08_1day/benchmark_result.json,no_dr_counterfactual_event_window_energy,1,9.9897,9.9897,9.9897,9.9897,0.0,0.0,0.0,0.0,0.0,no_dr_counterfactual_baseline
household_s5_shared_roommates_irregular,household_s5_shared_roommates_irregular,no_dr,Germany,1,2025-06-08,d08_hist_d08_1_patched,hist_d08_1_patched,8,/home/hku_user3/EnergyBridge/experiments/real_data/germany_2025_price.csv,18.0,1.0,/home/hku_user3/EnergyBridge/benchmark_results/vpp_patch_2026-07-15/_batch_logs/daily_event_configs/d08_hist_d08_1_patched.json,skipped_done,0,0.0,/home/hku_user3/EnergyBridge/benchmark_results/vpp_patch_2026-07-15/household_s5_shared_roommates_irregular_no_dr_germany_d08_hist_d08_1_patched_2025-06-08_1day,/home/hku_user3/EnergyBridge/benchmark_results/vpp_patch_2026-07-15/_batch_logs/daily_dr_memory_germany_1day/household_s5_shared_roommates_irregular_no_dr_germany_d08_hist_d08_1_patched_2025-06-08_1day.log,/home/hku_user3/EnergyBridge/benchmark_results/vpp_patch_2026-07-15/household_s5_shared_roommates_irregular_no_dr_germany_d08_hist_d08_1_patched_2025-06-08_1day/run_summary.txt,0,29.429213,29.429213,2.180331,0.013087,EUR/kWh,/home/hku_user3/EnergyBridge/experiments/real_data/germany_2025_price.csv,9.9861,9.9861,1.0,1.0,,0.0,1.0,[],"['dishwasher', 'dryer', 'ev', 'washer', 'water_heater']",[],matched,household_s5_shared_roommates_irregular|germany|1days|2025-06-08|no_dr,/home/hku_user3/EnergyBridge/benchmark_results/vpp_patch_2026-07-15/household_s5_shared_roommates_irregular_no_dr_germany_d08_hist_d08_1_patched_2025-06-08_1day/benchmark_result.json,no_dr_counterfactual_event_window_energy,1,9.9861,9.9861,9.9861,9.9861,0.0,0.0,0.0,0.0,0.0,no_dr_counterfactual_baseline
household_s3_hybrid_work_from_home,household_s3_hybrid_work_from_home,EnergyBridge,Germany,1,2025-06-08,d08_hist_d08_1_patched,hist_d08_1_patched,8,/home/hku_user3/EnergyBridge/experiments/real_data/germany_2025_price.csv,18.0,1.0,/home/hku_user3/EnergyBridge/benchmark_results/vpp_patch_2026-07-15/_batch_logs/daily_event_configs/d08_hist_d08_1_patched.json,skipped_done,0,0.0,/home/hku_user3/EnergyBridge/benchmark_results/vpp_patch_2026-07-15/household_s3_hybrid_work_from_home_EnergyBridge_germany_d08_hist_d08_1_patched_2025-06-08_1day,/home/hku_user3/EnergyBridge/benchmark_results/vpp_patch_2026-07-15/_batch_logs/daily_dr_memory_germany_1day/household_s3_hybrid_work_from_home_EnergyBridge_germany_d08_hist_d08_1_patched_2025-06-08_1day.log,/home/hku_user3/EnergyBridge/benchmark_results/vpp_patch_2026-07-15/household_s3_hybrid_work_from_home_EnergyBridge_germany_d08_hist_d08_1_patched_2025-06-08_1day/run_summary.txt,0,28.991355,28.991355,1.568616,0.009486,EUR/kWh,/home/hku_user3/EnergyBridge/experiments/real_data/germany_2025_price.csv,6.0098,6.0098,1.0,1.0,3.333,1.0,1.0,"['dishwasher', 'dryer', 'ev', 'washer', 'water_heater']",[],[],matched,household_s3_hybrid_work_from_home|germany|1days|2025-06-08|no_dr,/home/hku_user3/EnergyBridge/benchmark_results/vpp_patch_2026-07-15/household_s3_hybrid_work_from_home_no_dr_germany_d08_hist_d08_1_patched_2025-06-08_1day/benchmark_result.json,no_dr_counterfactual_event_window_energy,1,9.989,6.0098,9.989,9.989,3.9792,3.9792,0.398358,3.9792,3.9792,no_dr_counterfactual_baseline
household_s4_ev_commuter_flexible,household_s4_ev_commuter_flexible,EnergyBridge,Germany,1,2025-06-08,d08_hist_d08_1_patched,hist_d08_1_patched,8,/home/hku_user3/EnergyBridge/experiments/real_data/germany_2025_price.csv,18.0,1.0,/home/hku_user3/EnergyBridge/benchmark_results/vpp_patch_2026-07-15/_batch_logs/daily_event_configs/d08_hist_d08_1_patched.json,skipped_done,0,0.0,/home/hku_user3/EnergyBridge/benchmark_results/vpp_patch_2026-07-15/household_s4_ev_commuter_flexible_EnergyBridge_germany_d08_hist_d08_1_patched_2025-06-08_1day,/home/hku_user3/EnergyBridge/benchmark_results/vpp_patch_2026-07-15/_batch_logs/daily_dr_memory_germany_1day/household_s4_ev_commuter_flexible_EnergyBridge_germany_d08_hist_d08_1_patched_2025-06-08_1day.log,/home/hku_user3/EnergyBridge/benchmark_results/vpp_patch_2026-07-15/household_s4_ev_commuter_flexible_EnergyBridge_germany_d08_hist_d08_1_patched_2025-06-08_1day/run_summary.txt,0,32.727667,32.727667,1.787565,0.010537,EUR/kWh,/home/hku_user3/EnergyBridge/experiments/real_data/germany_2025_price.csv,6.005,6.005,1.0,1.0,5.0,1.0,1.0,"['dishwasher', 'dryer', 'ev', 'washer', 'water_heater']",[],[],matched,household_s4_ev_commuter_flexible|germany|1days|2025-06-08|no_dr,/home/hku_user3/EnergyBridge/benchmark_results/vpp_patch_2026-07-15/household_s4_ev_commuter_flexible_no_dr_germany_d08_hist_d08_1_patched_2025-06-08_1day/benchmark_result.json,no_dr_counterfactual_event_window_energy,1,9.9861,6.005,9.9861,9.9861,3.9811,3.9811,0.398664,3.9811,3.9811,no_dr_counterfactual_baseline
household_s1_dual_commuter_standard,household_s1_dual_commuter_standard,no_dr,Tianjin,1,2025-06-08,d08_hist_d08_1_patched,hist_d08_1_patched,8,/home/hku_user3/EnergyBridge/experiments/real_data/tianjin_tou_price_normalized.csv,18.0,1.0,/home/hku_user3/EnergyBridge/benchmark_results/vpp_patch_2026-07-15/_batch_logs/daily_event_configs/d08_hist_d08_1_patched.json,skipped_done,0,0.0,/home/hku_user3/EnergyBridge/benchmark_results/vpp_patch_2026-07-15/household_s1_dual_commuter_standard_no_dr_tianjin_d08_hist_d08_1_patched_2025-06-08_1day,/home/hku_user3/EnergyBridge/benchmark_results/vpp_patch_2026-07-15/_batch_logs/daily_dr_memory_tianjin_1day/household_s1_dual_commuter_standard_no_dr_tianjin_d08_hist_d08_1_patched_2025-06-08_1day.log,/home/hku_user3/EnergyBridge/benchmark_results/vpp_patch_2026-07-15/household_s1_dual_commuter_standard_no_dr_tianjin_d08_hist_d08_1_patched_2025-06-08_1day/run_summary.txt,0,33.849036,33.849036,49.908425,1.475239,normalized TOU cost/kWh,/home/hku_user3/EnergyBridge/experiments/real_data/tianjin_tou_price_normalized.csv,4.959,4.959,1.0,1.0,,0.0,1.0,[],"['dishwasher', 'dryer', 'ev', 'washer', 'water_heater']",[],matched,household_s1_dual_commuter_standard|tianjin|1days|2025-06-08|no_dr,/home/hku_user3/EnergyBridge/benchmark_results/vpp_patch_2026-07-15/household_s1_dual_commuter_standard_no_dr_tianjin_d08_hist_d08_1_patched_2025-06-08_1day/benchmark_result.json,no_dr_counterfactual_event_window_energy,1,4.959,4.959,4.959,4.959,0.0,0.0,0.0,0.0,0.0,no_dr_counterfactual_baseline
household_s3_hybrid_work_from_home,household_s3_hybrid_work_from_home,EnergyBridge,Tianjin,1,2025-06-07,d07_hist_d07_1_patched,hist_d07_1_patched,7,/home/hku_user3/EnergyBridge/experiments/real_data/tianjin_tou_price_normalized.csv,18.0,1.0,/home/hku_user3/EnergyBridge/benchmark_results/vpp_patch_2026-07-15/_batch_logs/daily_event_configs/d07_hist_d07_1_patched.json,skipped_done,0,0.0,/home/hku_user3/EnergyBridge/benchmark_results/vpp_patch_2026-07-15/household_s3_hybrid_work_from_home_EnergyBridge_tianjin_d07_hist_d07_1_patched_2025-06-07_1day,/home/hku_user3/EnergyBridge/benchmark_results/vpp_patch_2026-07-15/_batch_logs/daily_dr_memory_tianjin_1day/household_s3_hybrid_work_from_home_EnergyBridge_tianjin_d07_hist_d07_1_patched_2025-06-07_1day.log,/home/hku_user3/EnergyBridge/benchmark_results/vpp_patch_2026-07-15/household_s3_hybrid_work_from_home_EnergyBridge_tianjin_d07_hist_d07_1_patched_2025-06-07_1day/run_summary.txt,0,44.069028,44.069028,48.575936,1.311287,normalized TOU cost/kWh,/home/hku_user3/EnergyBridge/experiments/real_data/tianjin_tou_price_normalized.csv,0.7065,0.7065,1.0,1.0,4.0,1.0,1.0,"['dishwasher', 'dryer', 'ev', 'washer', 'water_heater']",[],[],matched,household_s3_hybrid_work_from_home|tianjin|1days|2025-06-07|no_dr,/home/hku_user3/EnergyBridge/benchmark_results/vpp_patch_2026-07-15/household_s3_hybrid_work_from_home_no_dr_tianjin_d07_hist_d07_1_patched_2025-06-07_1day/benchmark_result.json,no_dr_counterfactual_event_window_energy,1,5.2965,0.7065,5.2965,5.2965,4.59,4.59,0.86661,4.59,4.59,no_dr_counterfactual_baseline
household_s2_multigeneration_caregiver,household_s2_multigeneration_caregiver,no_dr,Tianjin,1,2025-06-08,d08_hist_d08_1_patched,hist_d08_1_patched,8,/home/hku_user3/EnergyBridge/experiments/real_data/tianjin_tou_price_normalized.csv,18.0,1.0,/home/hku_user3/EnergyBridge/benchmark_results/vpp_patch_2026-07-15/_batch_logs/daily_event_configs/d08_hist_d08_1_patched.json,skipped_done,0,0.0,/home/hku_user3/EnergyBridge/benchmark_results/vpp_patch_2026-07-15/household_s2_multigeneration_caregiver_no_dr_tianjin_d08_hist_d08_1_patched_2025-06-08_1day,/home/hku_user3/EnergyBridge/benchmark_results/vpp_patch_2026-07-15/_batch_logs/daily_dr_memory_tianjin_1day/household_s2_multigeneration_caregiver_no_dr_tianjin_d08_hist_d08_1_patched_2025-06-08_1day.log,/home/hku_user3/EnergyBridge/benchmark_results/vpp_patch_2026-07-15/household_s2_multigeneration_caregiver_no_dr_tianjin_d08_hist_d08_1_patched_2025-06-08_1day/run_summary.txt,0,29.698674,29.698674,43.270076,1.457869,normalized TOU cost/kWh,/home/hku_user3/EnergyBridge/experiments/real_data/tianjin_tou_price_normalized.csv,4.9566,4.9566,1.0,1.0,,0.0,1.0,[],"['dishwasher', 'dryer', 'ev', 'washer', 'water_heater']",[],matched,household_s2_multigeneration_caregiver|tianjin|1days|2025-06-08|no_dr,/home/hku_user3/EnergyBridge/benchmark_results/vpp_patch_2026-07-15/household_s2_multigeneration_caregiver_no_dr_tianjin_d08_hist_d08_1_patched_2025-06-08_1day/benchmark_result.json,no_dr_counterfactual_event_window_energy,1,4.9566,4.9566,4.9566,4.9566,0.0,0.0,0.0,0.0,0.0,no_dr_counterfactual_baseline
household_s3_hybrid_work_from_home,household_s3_hybrid_work_from_home,no_dr,Tianjin,1,2025-06-08,d08_hist_d08_1_patched,hist_d08_1_patched,8,/home/hku_user3/EnergyBridge/experiments/real_data/tianjin_tou_price_normalized.csv,18.0,1.0,/home/hku_user3/EnergyBridge/benchmark_results/vpp_patch_2026-07-15/_batch_logs/daily_event_configs/d08_hist_d08_1_patched.json,skipped_done,0,0.0,/home/hku_user3/EnergyBridge/benchmark_results/vpp_patch_2026-07-15/household_s3_hybrid_work_from_home_no_dr_tianjin_d08_hist_d08_1_patched_2025-06-08_1day,/home/hku_user3/EnergyBridge/benchmark_results/vpp_patch_2026-07-15/_batch_logs/daily_dr_memory_tianjin_1day/household_s3_hybrid_work_from_home_no_dr_tianjin_d08_hist_d08_1_patched_2025-06-08_1day.log,/home/hku_user3/EnergyBridge/benchmark_results/vpp_patch_2026-07-15/household_s3_hybrid_work_from_home_no_dr_tianjin_d08_hist_d08_1_patched_2025-06-08_1day/run_summary.txt,0,31.805921,31.805921,46.641671,1.467291,normalized TOU cost/kWh,/home/hku_user3/EnergyBridge/experiments/real_data/tianjin_tou_price_normalized.csv,4.9566,4.9566,1.0,1.0,,0.0,0.8,[],"['dishwasher', 'dryer', 'ev', 'washer', 'water_heater']",[],matched,household_s3_hybrid_work_from_home|tianjin|1days|2025-06-08|no_dr,/home/hku_user3/EnergyBridge/benchmark_results/vpp_patch_2026-07-15/household_s3_hybrid_work_from_home_no_dr_tianjin_d08_hist_d08_1_patched_2025-06-08_1day/benchmark_result.json,no_dr_counterfactual_event_window_energy,1,4.9566,4.9566,4.9566,4.9566,0.0,0.0,0.0,0.0,0.0,no_dr_counterfactual_baseline
household_s4_ev_commuter_flexible,household_s4_ev_commuter_flexible,no_dr,Germany,1,2025-06-08,d08_hist_d08_1_patched,hist_d08_1_patched,8,/home/hku_user3/EnergyBridge/experiments/real_data/germany_2025_price.csv,18.0,1.0,/home/hku_user3/EnergyBridge/benchmark_results/vpp_patch_2026-07-15/_batch_logs/daily_event_configs/d08_hist_d08_1_patched.json,skipped_done,0,0.0,/home/hku_user3/EnergyBridge/benchmark_results/vpp_patch_2026-07-15/household_s4_ev_commuter_flexible_no_dr_germany_d08_hist_d08_1_patched_2025-06-08_1day,/home/hku_user3/EnergyBridge/benchmark_results/vpp_patch_2026-07-15/_batch_logs/daily_dr_memory_germany_1day/household_s4_ev_commuter_flexible_no_dr_germany_d08_hist_d08_1_patched_2025-06-08_1day.log,/home/hku_user3/EnergyBridge/benchmark_results/vpp_patch_2026-07-15/household_s4_ev_commuter_flexible_no_dr_germany_d08_hist_d08_1_patched_2025-06-08_1day/run_summary.txt,0,33.510373,33.510373,2.389531,0.014,EUR/kWh,/home/hku_user3/EnergyBridge/experiments/real_data/germany_2025_price.csv,9.9861,9.9861,1.0,1.0,,0.0,1.0,[],"['dishwasher', 'dryer', 'ev', 'washer', 'water_heater']",[],matched,household_s4_ev_commuter_flexible|germany|1days|2025-06-08|no_dr,/home/hku_user3/EnergyBridge/benchmark_results/vpp_patch_2026-07-15/household_s4_ev_commuter_flexible_no_dr_germany_d08_hist_d08_1_patched_2025-06-08_1day/benchmark_result.json,no_dr_counterfactual_event_window_energy,1,9.9861,9.9861,9.9861,9.9861,0.0,0.0,0.0,0.0,0.0,no_dr_counterfactual_baseline
household_s4_ev_commuter_flexible,household_s4_ev_commuter_flexible,no_dr,Tianjin,1,2025-06-08,d08_hist_d08_1_patched,hist_d08_1_patched,8,/home/hku_user3/EnergyBridge/experiments/real_data/tianjin_tou_price_normalized.csv,18.0,1.0,/home/hku_user3/EnergyBridge/benchmark_results/vpp_patch_2026-07-15/_batch_logs/daily_event_configs/d08_hist_d08_1_patched.json,skipped_done,0,0.0,/home/hku_user3/EnergyBridge/benchmark_results/vpp_patch_2026-07-15/household_s4_ev_commuter_flexible_no_dr_tianjin_d08_hist_d08_1_patched_2025-06-08_1day,/home/hku_user3/EnergyBridge/benchmark_results/vpp_patch_2026-07-15/_batch_logs/daily_dr_memory_tianjin_1day/household_s4_ev_commuter_flexible_no_dr_tianjin_d08_hist_d08_1_patched_2025-06-08_1day.log,/home/hku_user3/EnergyBridge/benchmark_results/vpp_patch_2026-07-15/household_s4_ev_commuter_flexible_no_dr_tianjin_d08_hist_d08_1_patched_2025-06-08_1day/run_summary.txt,0,35.889616,35.889616,53.173352,1.482336,normalized TOU cost/kWh,/home/hku_user3/EnergyBridge/experiments/real_data/tianjin_tou_price_normalized.csv,4.959,4.959,1.0,1.0,,0.0,1.0,[],"['dishwasher', 'dryer', 'ev', 'washer', 'water_heater']",[],matched,household_s4_ev_commuter_flexible|tianjin|1days|2025-06-08|no_dr,/home/hku_user3/EnergyBridge/benchmark_results/vpp_patch_2026-07-15/household_s4_ev_commuter_flexible_no_dr_tianjin_d08_hist_d08_1_patched_2025-06-08_1day/benchmark_result.json,no_dr_counterfactual_event_window_energy,1,4.959,4.959,4.959,4.959,0.0,0.0,0.0,0.0,0.0,no_dr_counterfactual_baseline
household_s5_shared_roommates_irregular,household_s5_shared_roommates_irregular,EnergyBridge,Germany,1,2025-06-08,d08_hist_d08_1_patched,hist_d08_1_patched,8,/home/hku_user3/EnergyBridge/experiments/real_data/germany_2025_price.csv,18.0,1.0,/home/hku_user3/EnergyBridge/benchmark_results/vpp_patch_2026-07-15/_batch_logs/daily_event_configs/d08_hist_d08_1_patched.json,skipped_done,0,0.0,/home/hku_user3/EnergyBridge/benchmark_results/vpp_patch_2026-07-15/household_s5_shared_roommates_irregular_EnergyBridge_germany_d08_hist_d08_1_patched_2025-06-08_1day,/home/hku_user3/EnergyBridge/benchmark_results/vpp_patch_2026-07-15/_batch_logs/daily_dr_memory_germany_1day/household_s5_shared_roommates_irregular_EnergyBridge_germany_d08_hist_d08_1_patched_2025-06-08_1day.log,/home/hku_user3/EnergyBridge/benchmark_results/vpp_patch_2026-07-15/household_s5_shared_roommates_irregular_EnergyBridge_germany_d08_hist_d08_1_patched_2025-06-08_1day/run_summary.txt,0,28.646507,28.646507,1.556304,0.0094,EUR/kWh,/home/hku_user3/EnergyBridge/experiments/real_data/germany_2025_price.csv,6.005,6.005,1.0,1.0,4.0,1.0,1.0,"['dishwasher', 'dryer', 'ev', 'washer', 'water_heater']",[],[],matched,household_s5_shared_roommates_irregular|germany|1days|2025-06-08|no_dr,/home/hku_user3/EnergyBridge/benchmark_results/vpp_patch_2026-07-15/household_s5_shared_roommates_irregular_no_dr_germany_d08_hist_d08_1_patched_2025-06-08_1day/benchmark_result.json,no_dr_counterfactual_event_window_energy,1,9.9861,6.005,9.9861,9.9861,3.9811,3.9811,0.398664,3.9811,3.9811,no_dr_counterfactual_baseline
household_s3_hybrid_work_from_home,household_s3_hybrid_work_from_home,EnergyBridge,Tianjin,1,2025-06-08,d08_hist_d08_1_patched,hist_d08_1_patched,8,/home/hku_user3/EnergyBridge/experiments/real_data/tianjin_tou_price_normalized.csv,18.0,1.0,/home/hku_user3/EnergyBridge/benchmark_results/vpp_patch_2026-07-15/_batch_logs/daily_event_configs/d08_hist_d08_1_patched.json,skipped_done,0,0.0,/home/hku_user3/EnergyBridge/benchmark_results/vpp_patch_2026-07-15/household_s3_hybrid_work_from_home_EnergyBridge_tianjin_d08_hist_d08_1_patched_2025-06-08_1day,/home/hku_user3/EnergyBridge/benchmark_results/vpp_patch_2026-07-15/_batch_logs/daily_dr_memory_tianjin_1day/household_s3_hybrid_work_from_home_EnergyBridge_tianjin_d08_hist_d08_1_patched_2025-06-08_1day.log,/home/hku_user3/EnergyBridge/benchmark_results/vpp_patch_2026-07-15/household_s3_hybrid_work_from_home_EnergyBridge_tianjin_d08_hist_d08_1_patched_2025-06-08_1day/run_summary.txt,0,29.812634,29.812634,41.317152,1.390605,normalized TOU cost/kWh,/home/hku_user3/EnergyBridge/experiments/real_data/tianjin_tou_price_normalized.csv,0.5828,0.5828,1.0,1.0,4.0,1.0,1.0,"['dishwasher', 'dryer', 'ev', 'washer', 'water_heater']",[],[],matched,household_s3_hybrid_work_from_home|tianjin|1days|2025-06-08|no_dr,/home/hku_user3/EnergyBridge/benchmark_results/vpp_patch_2026-07-15/household_s3_hybrid_work_from_home_no_dr_tianjin_d08_hist_d08_1_patched_2025-06-08_1day/benchmark_result.json,no_dr_counterfactual_event_window_energy,1,4.9566,0.5828,4.9566,4.9566,4.3738,4.3738,0.882419,4.3738,4.3738,no_dr_counterfactual_baseline
household_s5_shared_roommates_irregular,household_s5_shared_roommates_irregular,no_dr,Tianjin,1,2025-06-08,d08_hist_d08_1_patched,hist_d08_1_patched,8,/home/hku_user3/EnergyBridge/experiments/real_data/tianjin_tou_price_normalized.csv,18.0,1.0,/home/hku_user3/EnergyBridge/benchmark_results/vpp_patch_2026-07-15/_batch_logs/daily_event_configs/d08_hist_d08_1_patched.json,skipped_done,0,0.0,/home/hku_user3/EnergyBridge/benchmark_results/vpp_patch_2026-07-15/household_s5_shared_roommates_irregular_no_dr_tianjin_d08_hist_d08_1_patched_2025-06-08_1day,/home/hku_user3/EnergyBridge/benchmark_results/vpp_patch_2026-07-15/_batch_logs/daily_dr_memory_tianjin_1day/household_s5_shared_roommates_irregular_no_dr_tianjin_d08_hist_d08_1_patched_2025-06-08_1day.log,/home/hku_user3/EnergyBridge/benchmark_results/vpp_patch_2026-07-15/household_s5_shared_roommates_irregular_no_dr_tianjin_d08_hist_d08_1_patched_2025-06-08_1day/run_summary.txt,0,31.808456,31.808456,46.643497,1.467231,normalized TOU cost/kWh,/home/hku_user3/EnergyBridge/experiments/real_data/tianjin_tou_price_normalized.csv,4.959,4.959,1.0,1.0,,0.0,1.0,[],"['dishwasher', 'dryer', 'ev', 'washer', 'water_heater']",[],matched,household_s5_shared_roommates_irregular|tianjin|1days|2025-06-08|no_dr,/home/hku_user3/EnergyBridge/benchmark_results/vpp_patch_2026-07-15/household_s5_shared_roommates_irregular_no_dr_tianjin_d08_hist_d08_1_patched_2025-06-08_1day/benchmark_result.json,no_dr_counterfactual_event_window_energy,1,4.959,4.959,4.959,4.959,0.0,0.0,0.0,0.0,0.0,no_dr_counterfactual_baseline
household_s2_multigeneration_caregiver,household_s2_multigeneration_caregiver,EnergyBridge,Tianjin,1,2025-06-08,d08_hist_d08_1_patched,hist_d08_1_patched,8,/home/hku_user3/EnergyBridge/experiments/real_data/tianjin_tou_price_normalized.csv,18.0,1.0,/home/hku_user3/EnergyBridge/benchmark_results/vpp_patch_2026-07-15/_batch_logs/daily_event_configs/d08_hist_d08_1_patched.json,skipped_done,0,0.0,/home/hku_user3/EnergyBridge/benchmark_results/vpp_patch_2026-07-15/household_s2_multigeneration_caregiver_EnergyBridge_tianjin_d08_hist_d08_1_patched_2025-06-08_1day,/home/hku_user3/EnergyBridge/benchmark_results/vpp_patch_2026-07-15/_batch_logs/daily_dr_memory_tianjin_1day/household_s2_multigeneration_caregiver_EnergyBridge_tianjin_d08_hist_d08_1_patched_2025-06-08_1day.log,/home/hku_user3/EnergyBridge/benchmark_results/vpp_patch_2026-07-15/household_s2_multigeneration_caregiver_EnergyBridge_tianjin_d08_hist_d08_1_patched_2025-06-08_1day/run_summary.txt,0,28.087898,28.087898,35.017054,1.251367,normalized TOU cost/kWh,/home/hku_user3/EnergyBridge/experiments/real_data/tianjin_tou_price_normalized.csv,0.3975,0.3975,1.0,1.0,4.0,1.0,1.0,"['dishwasher', 'dryer', 'ev', 'washer', 'water_heater']",[],[],matched,household_s2_multigeneration_caregiver|tianjin|1days|2025-06-08|no_dr,/home/hku_user3/EnergyBridge/benchmark_results/vpp_patch_2026-07-15/household_s2_multigeneration_caregiver_no_dr_tianjin_d08_hist_d08_1_patched_2025-06-08_1day/benchmark_result.json,no_dr_counterfactual_event_window_energy,1,4.9566,0.3975,4.9566,4.9566,4.5591,4.5591,0.919804,4.5591,4.5591,no_dr_counterfactual_baseline
household_s1_dual_commuter_standard,household_s1_dual_commuter_standard,no_dr,Germany,1,2025-06-09,d09_hist_d09_1_patched,hist_d09_1_patched,9,/home/hku_user3/EnergyBridge/experiments/real_data/germany_2025_price.csv,18.0,1.0,/home/hku_user3/EnergyBridge/benchmark_results/vpp_patch_2026-07-15/_batch_logs/daily_event_configs/d09_hist_d09_1_patched.json,skipped_done,0,0.0,/home/hku_user3/EnergyBridge/benchmark_results/vpp_patch_2026-07-15/household_s1_dual_commuter_standard_no_dr_germany_d09_hist_d09_1_patched_2025-06-09_1day,/home/hku_user3/EnergyBridge/benchmark_results/vpp_patch_2026-07-15/_batch_logs/daily_dr_memory_germany_1day/household_s1_dual_commuter_standard_no_dr_germany_d09_hist_d09_1_patched_2025-06-09_1day.log,/home/hku_user3/EnergyBridge/benchmark_results/vpp_patch_2026-07-15/household_s1_dual_commuter_standard_no_dr_germany_d09_hist_d09_1_patched_2025-06-09_1day/run_summary.txt,0,33.923873,33.923873,8.11272,0.047757,EUR/kWh,/home/hku_user3/EnergyBridge/experiments/real_data/germany_2025_price.csv,10.1504,10.1504,1.0,1.0,,0.0,1.0,[],"['dishwasher', 'dryer', 'ev', 'washer', 'water_heater']",[],matched,household_s1_dual_commuter_standard|germany|1days|2025-06-09|no_dr,/home/hku_user3/EnergyBridge/benchmark_results/vpp_patch_2026-07-15/household_s1_dual_commuter_standard_no_dr_germany_d09_hist_d09_1_patched_2025-06-09_1day/benchmark_result.json,no_dr_counterfactual_event_window_energy,1,10.1504,10.1504,10.1504,10.1504,0.0,0.0,0.0,0.0,0.0,no_dr_counterfactual_baseline
household_s1_dual_commuter_standard,household_s1_dual_commuter_standard,EnergyBridge,Tianjin,1,2025-06-08,d08_hist_d08_1_patched,hist_d08_1_patched,8,/home/hku_user3/EnergyBridge/experiments/real_data/tianjin_tou_price_normalized.csv,18.0,1.0,/home/hku_user3/EnergyBridge/benchmark_results/vpp_patch_2026-07-15/_batch_logs/daily_event_configs/d08_hist_d08_1_patched.json,skipped_done,0,0.0,/home/hku_user3/EnergyBridge/benchmark_results/vpp_patch_2026-07-15/household_s1_dual_commuter_standard_EnergyBridge_tianjin_d08_hist_d08_1_patched_2025-06-08_1day,/home/hku_user3/EnergyBridge/benchmark_results/vpp_patch_2026-07-15/_batch_logs/daily_dr_memory_tianjin_1day/household_s1_dual_commuter_standard_EnergyBridge_tianjin_d08_hist_d08_1_patched_2025-06-08_1day.log,/home/hku_user3/EnergyBridge/benchmark_results/vpp_patch_2026-07-15/household_s1_dual_commuter_standard_EnergyBridge_tianjin_d08_hist_d08_1_patched_2025-06-08_1day/run_summary.txt,0,31.673099,31.673099,41.31948,1.305315,normalized TOU cost/kWh,/home/hku_user3/EnergyBridge/experiments/real_data/tianjin_tou_price_normalized.csv,1.055,1.055,1.0,1.0,4.25,1.0,1.0,"['dishwasher', 'dryer', 'ev', 'washer', 'water_heater']",[],[],matched,household_s1_dual_commuter_standard|tianjin|1days|2025-06-08|no_dr,/home/hku_user3/EnergyBridge/benchmark_results/vpp_patch_2026-07-15/household_s1_dual_commuter_standard_no_dr_tianjin_d08_hist_d08_1_patched_2025-06-08_1day/benchmark_result.json,no_dr_counterfactual_event_window_energy,1,4.959,1.055,4.959,4.959,3.904,3.904,0.787255,3.904,3.904,no_dr_counterfactual_baseline
household_s5_shared_roommates_irregular,household_s5_shared_roommates_irregular,EnergyBridge,Tianjin,1,2025-06-08,d08_hist_d08_1_patched,hist_d08_1_patched,8,/home/hku_user3/EnergyBridge/experiments/real_data/tianjin_tou_price_normalized.csv,18.0,1.0,/home/hku_user3/EnergyBridge/benchmark_results/vpp_patch_2026-07-15/_batch_logs/daily_event_configs/d08_hist_d08_1_patched.json,skipped_done,0,0.0,/home/hku_user3/EnergyBridge/benchmark_results/vpp_patch_2026-07-15/household_s5_shared_roommates_irregular_EnergyBridge_tianjin_d08_hist_d08_1_patched_2025-06-08_1day,/home/hku_user3/EnergyBridge/benchmark_results/vpp_patch_2026-07-15/_batch_logs/daily_dr_memory_tianjin_1day/household_s5_shared_roommates_irregular_EnergyBridge_tianjin_d08_hist_d08_1_patched_2025-06-08_1day.log,/home/hku_user3/EnergyBridge/benchmark_results/vpp_patch_2026-07-15/household_s5_shared_roommates_irregular_EnergyBridge_tianjin_d08_hist_d08_1_patched_2025-06-08_1day/run_summary.txt,0,29.651508,29.651508,41.191635,1.39005,normalized TOU cost/kWh,/home/hku_user3/EnergyBridge/experiments/real_data/tianjin_tou_price_normalized.csv,0.5125,0.5125,1.0,1.0,4.75,1.0,1.0,"['dishwasher', 'dryer', 'ev', 'washer', 'water_heater']",[],[],matched,household_s5_shared_roommates_irregular|tianjin|1days|2025-06-08|no_dr,/home/hku_user3/EnergyBridge/benchmark_results/vpp_patch_2026-07-15/household_s5_shared_roommates_irregular_no_dr_tianjin_d08_hist_d08_1_patched_2025-06-08_1day/benchmark_result.json,no_dr_counterfactual_event_window_energy,1,4.959,0.5125,4.959,4.959,4.4465,4.4465,0.896653,4.4465,4.4465,no_dr_counterfactual_baseline
household_s3_hybrid_work_from_home,household_s3_hybrid_work_from_home,no_dr,Germany,1,2025-06-09,d09_hist_d09_1_patched,hist_d09_1_patched,9,/home/hku_user3/EnergyBridge/experiments/real_data/germany_2025_price.csv,18.0,1.0,/home/hku_user3/EnergyBridge/benchmark_results/vpp_patch_2026-07-15/_batch_logs/daily_event_configs/d09_hist_d09_1_patched.json,skipped_done,0,0.0,/home/hku_user3/EnergyBridge/benchmark_results/vpp_patch_2026-07-15/household_s3_hybrid_work_from_home_no_dr_germany_d09_hist_d09_1_patched_2025-06-09_1day,/home/hku_user3/EnergyBridge/benchmark_results/vpp_patch_2026-07-15/_batch_logs/daily_dr_memory_germany_1day/household_s3_hybrid_work_from_home_no_dr_germany_d09_hist_d09_1_patched_2025-06-09_1day.log,/home/hku_user3/EnergyBridge/benchmark_results/vpp_patch_2026-07-15/household_s3_hybrid_work_from_home_no_dr_germany_d09_hist_d09_1_patched_2025-06-09_1day/run_summary.txt,0,32.126264,32.126264,7.916613,0.047219,EUR/kWh,/home/hku_user3/EnergyBridge/experiments/real_data/germany_2025_price.csv,10.1598,10.1598,1.0,1.0,,0.0,0.8,[],"['dishwasher', 'dryer', 'ev', 'washer', 'water_heater']",[],matched,household_s3_hybrid_work_from_home|germany|1days|2025-06-09|no_dr,/home/hku_user3/EnergyBridge/benchmark_results/vpp_patch_2026-07-15/household_s3_hybrid_work_from_home_no_dr_germany_d09_hist_d09_1_patched_2025-06-09_1day/benchmark_result.json,no_dr_counterfactual_event_window_energy,1,10.1598,10.1598,10.1598,10.1598,0.0,0.0,0.0,0.0,0.0,no_dr_counterfactual_baseline
household_s2_multigeneration_caregiver,household_s2_multigeneration_caregiver,EnergyBridge,Germany,1,2025-06-09,d09_hist_d09_1_patched,hist_d09_1_patched,9,/home/hku_user3/EnergyBridge/experiments/real_data/germany_2025_price.csv,18.0,1.0,/home/hku_user3/EnergyBridge/benchmark_results/vpp_patch_2026-07-15/_batch_logs/daily_event_configs/d09_hist_d09_1_patched.json,skipped_done,0,0.0,/home/hku_user3/EnergyBridge/benchmark_results/vpp_patch_2026-07-15/household_s2_multigeneration_caregiver_EnergyBridge_germany_d09_hist_d09_1_patched_2025-06-09_1day,/home/hku_user3/EnergyBridge/benchmark_results/vpp_patch_2026-07-15/_batch_logs/daily_dr_memory_germany_1day/household_s2_multigeneration_caregiver_EnergyBridge_germany_d09_hist_d09_1_patched_2025-06-09_1day.log,/home/hku_user3/EnergyBridge/benchmark_results/vpp_patch_2026-07-15/household_s2_multigeneration_caregiver_EnergyBridge_germany_d09_hist_d09_1_patched_2025-06-09_1day/run_summary.txt,0,30.776192,30.776192,6.815853,0.040989,EUR/kWh,/home/hku_user3/EnergyBridge/experiments/real_data/germany_2025_price.csv,6.043,6.043,1.0,1.0,4.4,1.0,1.0,"['dishwasher', 'dryer', 'ev', 'washer', 'water_heater']",[],[],matched,household_s2_multigeneration_caregiver|germany|1days|2025-06-09|no_dr,/home/hku_user3/EnergyBridge/benchmark_results/vpp_patch_2026-07-15/household_s2_multigeneration_caregiver_no_dr_germany_d09_hist_d09_1_patched_2025-06-09_1day/benchmark_result.json,no_dr_counterfactual_event_window_energy,1,10.1884,6.043,10.1884,10.1884,4.1454,4.1454,0.406874,4.1454,4.1454,no_dr_counterfactual_baseline
household_s4_ev_commuter_flexible,household_s4_ev_commuter_flexible,no_dr,Germany,1,2025-06-09,d09_hist_d09_1_patched,hist_d09_1_patched,9,/home/hku_user3/EnergyBridge/experiments/real_data/germany_2025_price.csv,18.0,1.0,/home/hku_user3/EnergyBridge/benchmark_results/vpp_patch_2026-07-15/_batch_logs/daily_event_configs/d09_hist_d09_1_patched.json,skipped_done,0,0.0,/home/hku_user3/EnergyBridge/benchmark_results/vpp_patch_2026-07-15/household_s4_ev_commuter_flexible_no_dr_germany_d09_hist_d09_1_patched_2025-06-09_1day,/home/hku_user3/EnergyBridge/benchmark_results/vpp_patch_2026-07-15/_batch_logs/daily_dr_memory_germany_1day/household_s4_ev_commuter_flexible_no_dr_germany_d09_hist_d09_1_patched_2025-06-09_1day.log,/home/hku_user3/EnergyBridge/benchmark_results/vpp_patch_2026-07-15/household_s4_ev_commuter_flexible_no_dr_germany_d09_hist_d09_1_patched_2025-06-09_1day/run_summary.txt,0,35.964453,35.964453,8.30835,0.048328,EUR/kWh,/home/hku_user3/EnergyBridge/experiments/real_data/germany_2025_price.csv,10.1504,10.1504,1.0,1.0,,0.0,1.0,[],"['dishwasher', 'dryer', 'ev', 'washer', 'water_heater']",[],matched,household_s4_ev_commuter_flexible|germany|1days|2025-06-09|no_dr,/home/hku_user3/EnergyBridge/benchmark_results/vpp_patch_2026-07-15/household_s4_ev_commuter_flexible_no_dr_germany_d09_hist_d09_1_patched_2025-06-09_1day/benchmark_result.json,no_dr_counterfactual_event_window_energy,1,10.1504,10.1504,10.1504,10.1504,0.0,0.0,0.0,0.0,0.0,no_dr_counterfactual_baseline
household_s4_ev_commuter_flexible,household_s4_ev_commuter_flexible,EnergyBridge,Tianjin,1,2025-06-08,d08_hist_d08_1_patched,hist_d08_1_patched,8,/home/hku_user3/EnergyBridge/experiments/real_data/tianjin_tou_price_normalized.csv,18.0,1.0,/home/hku_user3/EnergyBridge/benchmark_results/vpp_patch_2026-07-15/_batch_logs/daily_event_configs/d08_hist_d08_1_patched.json,skipped_done,0,0.0,/home/hku_user3/EnergyBridge/benchmark_results/vpp_patch_2026-07-15/household_s4_ev_commuter_flexible_EnergyBridge_tianjin_d08_hist_d08_1_patched_2025-06-08_1day,/home/hku_user3/EnergyBridge/benchmark_results/vpp_patch_2026-07-15/_batch_logs/daily_dr_memory_tianjin_1day/household_s4_ev_commuter_flexible_EnergyBridge_tianjin_d08_hist_d08_1_patched_2025-06-08_1day.log,/home/hku_user3/EnergyBridge/benchmark_results/vpp_patch_2026-07-15/household_s4_ev_commuter_flexible_EnergyBridge_tianjin_d08_hist_d08_1_patched_2025-06-08_1day/run_summary.txt,0,33.689141,33.689141,47.351233,1.406298,normalized TOU cost/kWh,/home/hku_user3/EnergyBridge/experiments/real_data/tianjin_tou_price_normalized.csv,0.3975,0.3975,1.0,1.0,4.5,1.0,1.0,"['dishwasher', 'dryer', 'ev', 'washer', 'water_heater']",[],[],matched,household_s4_ev_commuter_flexible|tianjin|1days|2025-06-08|no_dr,/home/hku_user3/EnergyBridge/benchmark_results/vpp_patch_2026-07-15/household_s4_ev_commuter_flexible_no_dr_tianjin_d08_hist_d08_1_patched_2025-06-08_1day/benchmark_result.json,no_dr_counterfactual_event_window_energy,1,4.959,0.3975,4.959,4.959,4.5615,4.5615,0.919843,4.5615,4.5615,no_dr_counterfactual_baseline
household_s2_multigeneration_caregiver,household_s2_multigeneration_caregiver,no_dr,Germany,1,2025-06-09,d09_hist_d09_1_patched,hist_d09_1_patched,9,/home/hku_user3/EnergyBridge/experiments/real_data/germany_2025_price.csv,18.0,1.0,/home/hku_user3/EnergyBridge/benchmark_results/vpp_patch_2026-07-15/_batch_logs/daily_event_configs/d09_hist_d09_1_patched.json,skipped_done,0,0.0,/home/hku_user3/EnergyBridge/benchmark_results/vpp_patch_2026-07-15/household_s2_multigeneration_caregiver_no_dr_germany_d09_hist_d09_1_patched_2025-06-09_1day,/home/hku_user3/EnergyBridge/benchmark_results/vpp_patch_2026-07-15/_batch_logs/daily_dr_memory_germany_1day/household_s2_multigeneration_caregiver_no_dr_germany_d09_hist_d09_1_patched_2025-06-09_1day.log,/home/hku_user3/EnergyBridge/benchmark_results/vpp_patch_2026-07-15/household_s2_multigeneration_caregiver_no_dr_germany_d09_hist_d09_1_patched_2025-06-09_1day/run_summary.txt,0,30.322483,30.322483,7.68543,0.046339,EUR/kWh,/home/hku_user3/EnergyBridge/experiments/real_data/germany_2025_price.csv,10.1884,10.1884,1.0,1.0,,0.0,1.0,[],"['dishwasher', 'dryer', 'ev', 'washer', 'water_heater']",[],matched,household_s2_multigeneration_caregiver|germany|1days|2025-06-09|no_dr,/home/hku_user3/EnergyBridge/benchmark_results/vpp_patch_2026-07-15/household_s2_multigeneration_caregiver_no_dr_germany_d09_hist_d09_1_patched_2025-06-09_1day/benchmark_result.json,no_dr_counterfactual_event_window_energy,1,10.1884,10.1884,10.1884,10.1884,0.0,0.0,0.0,0.0,0.0,no_dr_counterfactual_baseline
household_s5_shared_roommates_irregular,household_s5_shared_roommates_irregular,no_dr,Germany,1,2025-06-09,d09_hist_d09_1_patched,hist_d09_1_patched,9,/home/hku_user3/EnergyBridge/experiments/real_data/germany_2025_price.csv,18.0,1.0,/home/hku_user3/EnergyBridge/benchmark_results/vpp_patch_2026-07-15/_batch_logs/daily_event_configs/d09_hist_d09_1_patched.json,skipped_done,0,0.0,/home/hku_user3/EnergyBridge/benchmark_results/vpp_patch_2026-07-15/household_s5_shared_roommates_irregular_no_dr_germany_d09_hist_d09_1_patched_2025-06-09_1day,/home/hku_user3/EnergyBridge/benchmark_results/vpp_patch_2026-07-15/_batch_logs/daily_dr_memory_germany_1day/household_s5_shared_roommates_irregular_no_dr_germany_d09_hist_d09_1_patched_2025-06-09_1day.log,/home/hku_user3/EnergyBridge/benchmark_results/vpp_patch_2026-07-15/household_s5_shared_roommates_irregular_no_dr_germany_d09_hist_d09_1_patched_2025-06-09_1day/run_summary.txt,0,31.883293,31.883293,7.915063,0.04716,EUR/kWh,/home/hku_user3/EnergyBridge/experiments/real_data/germany_2025_price.csv,10.1504,10.1504,1.0,1.0,,0.0,1.0,[],"['dishwasher', 'dryer', 'ev', 'washer', 'water_heater']",[],matched,household_s5_shared_roommates_irregular|germany|1days|2025-06-09|no_dr,/home/hku_user3/EnergyBridge/benchmark_results/vpp_patch_2026-07-15/household_s5_shared_roommates_irregular_no_dr_germany_d09_hist_d09_1_patched_2025-06-09_1day/benchmark_result.json,no_dr_counterfactual_event_window_energy,1,10.1504,10.1504,10.1504,10.1504,0.0,0.0,0.0,0.0,0.0,no_dr_counterfactual_baseline
household_s1_dual_commuter_standard,household_s1_dual_commuter_standard,EnergyBridge,Germany,1,2025-06-09,d09_hist_d09_1_patched,hist_d09_1_patched,9,/home/hku_user3/EnergyBridge/experiments/real_data/germany_2025_price.csv,18.0,1.0,/home/hku_user3/EnergyBridge/benchmark_results/vpp_patch_2026-07-15/_batch_logs/daily_event_configs/d09_hist_d09_1_patched.json,skipped_done,0,0.0,/home/hku_user3/EnergyBridge/benchmark_results/vpp_patch_2026-07-15/household_s1_dual_commuter_standard_EnergyBridge_germany_d09_hist_d09_1_patched_2025-06-09_1day,/home/hku_user3/EnergyBridge/benchmark_results/vpp_patch_2026-07-15/_batch_logs/daily_dr_memory_germany_1day/household_s1_dual_commuter_standard_EnergyBridge_germany_d09_hist_d09_1_patched_2025-06-09_1day.log,/home/hku_user3/EnergyBridge/benchmark_results/vpp_patch_2026-07-15/household_s1_dual_commuter_standard_EnergyBridge_germany_d09_hist_d09_1_patched_2025-06-09_1day/run_summary.txt,0,34.168008,34.168008,7.143594,0.042417,EUR/kWh,/home/hku_user3/EnergyBridge/experiments/real_data/germany_2025_price.csv,6.005,6.005,1.0,1.0,3.75,1.0,1.0,"['dishwasher', 'dryer', 'ev', 'washer', 'water_heater']",[],[],matched,household_s1_dual_commuter_standard|germany|1days|2025-06-09|no_dr,/home/hku_user3/EnergyBridge/benchmark_results/vpp_patch_2026-07-15/household_s1_dual_commuter_standard_no_dr_germany_d09_hist_d09_1_patched_2025-06-09_1day/benchmark_result.json,no_dr_counterfactual_event_window_energy,1,10.1504,6.005,10.1504,10.1504,4.1454,4.1454,0.408398,4.1454,4.1454,no_dr_counterfactual_baseline
household_s1_dual_commuter_standard,household_s1_dual_commuter_standard,no_dr,Tianjin,1,2025-06-09,d09_hist_d09_1_patched,hist_d09_1_patched,9,/home/hku_user3/EnergyBridge/experiments/real_data/tianjin_tou_price_normalized.csv,18.0,1.0,/home/hku_user3/EnergyBridge/benchmark_results/vpp_patch_2026-07-15/_batch_logs/daily_event_configs/d09_hist_d09_1_patched.json,skipped_done,0,0.0,/home/hku_user3/EnergyBridge/benchmark_results/vpp_patch_2026-07-15/household_s1_dual_commuter_standard_no_dr_tianjin_d09_hist_d09_1_patched_2025-06-09_1day,/home/hku_user3/EnergyBridge/benchmark_results/vpp_patch_2026-07-15/_batch_logs/daily_dr_memory_tianjin_1day/household_s1_dual_commuter_standard_no_dr_tianjin_d09_hist_d09_1_patched_2025-06-09_1day.log,/home/hku_user3/EnergyBridge/benchmark_results/vpp_patch_2026-07-15/household_s1_dual_commuter_standard_no_dr_tianjin_d09_hist_d09_1_patched_2025-06-09_1day/run_summary.txt,0,33.836409,33.836409,49.917689,1.476064,normalized TOU cost/kWh,/home/hku_user3/EnergyBridge/experiments/real_data/tianjin_tou_price_normalized.csv,4.9492,4.9492,1.0,1.0,,0.0,1.0,[],"['dishwasher', 'dryer', 'ev', 'washer', 'water_heater']",[],matched,household_s1_dual_commuter_standard|tianjin|1days|2025-06-09|no_dr,/home/hku_user3/EnergyBridge/benchmark_results/vpp_patch_2026-07-15/household_s1_dual_commuter_standard_no_dr_tianjin_d09_hist_d09_1_patched_2025-06-09_1day/benchmark_result.json,no_dr_counterfactual_event_window_energy,1,4.9492,4.9492,4.9492,4.9492,0.0,0.0,0.0,0.0,0.0,no_dr_counterfactual_baseline
household_s5_shared_roommates_irregular,household_s5_shared_roommates_irregular,EnergyBridge,Germany,1,2025-06-09,d09_hist_d09_1_patched,hist_d09_1_patched,9,/home/hku_user3/EnergyBridge/experiments/real_data/germany_2025_price.csv,18.0,1.0,/home/hku_user3/EnergyBridge/benchmark_results/vpp_patch_2026-07-15/_batch_logs/daily_event_configs/d09_hist_d09_1_patched.json,skipped_done,0,0.0,/home/hku_user3/EnergyBridge/benchmark_results/vpp_patch_2026-07-15/household_s5_shared_roommates_irregular_EnergyBridge_germany_d09_hist_d09_1_patched_2025-06-09_1day,/home/hku_user3/EnergyBridge/benchmark_results/vpp_patch_2026-07-15/_batch_logs/daily_dr_memory_germany_1day/household_s5_shared_roommates_irregular_EnergyBridge_germany_d09_hist_d09_1_patched_2025-06-09_1day.log,/home/hku_user3/EnergyBridge/benchmark_results/vpp_patch_2026-07-15/household_s5_shared_roommates_irregular_EnergyBridge_germany_d09_hist_d09_1_patched_2025-06-09_1day/run_summary.txt,0,32.127428,32.127428,6.976372,0.041932,EUR/kWh,/home/hku_user3/EnergyBridge/experiments/real_data/germany_2025_price.csv,6.005,6.005,1.0,1.0,4.0,1.0,1.0,"['dishwasher', 'dryer', 'ev', 'washer', 'water_heater']",[],[],matched,household_s5_shared_roommates_irregular|germany|1days|2025-06-09|no_dr,/home/hku_user3/EnergyBridge/benchmark_results/vpp_patch_2026-07-15/household_s5_shared_roommates_irregular_no_dr_germany_d09_hist_d09_1_patched_2025-06-09_1day/benchmark_result.json,no_dr_counterfactual_event_window_energy,1,10.1504,6.005,10.1504,10.1504,4.1454,4.1454,0.408398,4.1454,4.1454,no_dr_counterfactual_baseline
household_s4_ev_commuter_flexible,household_s4_ev_commuter_flexible,EnergyBridge,Germany,1,2025-06-09,d09_hist_d09_1_patched,hist_d09_1_patched,9,/home/hku_user3/EnergyBridge/experiments/real_data/germany_2025_price.csv,18.0,1.0,/home/hku_user3/EnergyBridge/benchmark_results/vpp_patch_2026-07-15/_batch_logs/daily_event_configs/d09_hist_d09_1_patched.json,skipped_done,0,0.0,/home/hku_user3/EnergyBridge/benchmark_results/vpp_patch_2026-07-15/household_s4_ev_commuter_flexible_EnergyBridge_germany_d09_hist_d09_1_patched_2025-06-09_1day,/home/hku_user3/EnergyBridge/benchmark_results/vpp_patch_2026-07-15/_batch_logs/daily_dr_memory_germany_1day/household_s4_ev_commuter_flexible_EnergyBridge_germany_d09_hist_d09_1_patched_2025-06-09_1day.log,/home/hku_user3/EnergyBridge/benchmark_results/vpp_patch_2026-07-15/household_s4_ev_commuter_flexible_EnergyBridge_germany_d09_hist_d09_1_patched_2025-06-09_1day/run_summary.txt,0,36.208588,36.208588,7.430076,0.04359,EUR/kWh,/home/hku_user3/EnergyBridge/experiments/real_data/germany_2025_price.csv,6.005,6.005,1.0,1.0,4.5,1.0,1.0,"['dishwasher', 'dryer', 'ev', 'washer', 'water_heater']",[],[],matched,household_s4_ev_commuter_flexible|germany|1days|2025-06-09|no_dr,/home/hku_user3/EnergyBridge/benchmark_results/vpp_patch_2026-07-15/household_s4_ev_commuter_flexible_no_dr_germany_d09_hist_d09_1_patched_2025-06-09_1day/benchmark_result.json,no_dr_counterfactual_event_window_energy,1,10.1504,6.005,10.1504,10.1504,4.1454,4.1454,0.408398,4.1454,4.1454,no_dr_counterfactual_baseline
household_s3_hybrid_work_from_home,household_s3_hybrid_work_from_home,EnergyBridge,Germany,1,2025-06-09,d09_hist_d09_1_patched,hist_d09_1_patched,9,/home/hku_user3/EnergyBridge/experiments/real_data/germany_2025_price.csv,18.0,1.0,/home/hku_user3/EnergyBridge/benchmark_results/vpp_patch_2026-07-15/_batch_logs/daily_event_configs/d09_hist_d09_1_patched.json,skipped_done,0,0.0,/home/hku_user3/EnergyBridge/benchmark_results/vpp_patch_2026-07-15/household_s3_hybrid_work_from_home_EnergyBridge_germany_d09_hist_d09_1_patched_2025-06-09_1day,/home/hku_user3/EnergyBridge/benchmark_results/vpp_patch_2026-07-15/_batch_logs/daily_dr_memory_germany_1day/household_s3_hybrid_work_from_home_EnergyBridge_germany_d09_hist_d09_1_patched_2025-06-09_1day.log,/home/hku_user3/EnergyBridge/benchmark_results/vpp_patch_2026-07-15/household_s3_hybrid_work_from_home_EnergyBridge_germany_d09_hist_d09_1_patched_2025-06-09_1day/run_summary.txt,0,32.463841,32.463841,6.990784,0.042022,EUR/kWh,/home/hku_user3/EnergyBridge/experiments/real_data/germany_2025_price.csv,6.0098,6.0098,1.0,1.0,4.333,1.0,1.0,"['dishwasher', 'dryer', 'ev', 'washer', 'water_heater']",[],[],matched,household_s3_hybrid_work_from_home|germany|1days|2025-06-09|no_dr,/home/hku_user3/EnergyBridge/benchmark_results/vpp_patch_2026-07-15/household_s3_hybrid_work_from_home_no_dr_germany_d09_hist_d09_1_patched_2025-06-09_1day/benchmark_result.json,no_dr_counterfactual_event_window_energy,1,10.1598,6.0098,10.1598,10.1598,4.15,4.15,0.408473,4.15,4.15,no_dr_counterfactual_baseline
household_s3_hybrid_work_from_home,household_s3_hybrid_work_from_home,no_dr,Tianjin,1,2025-06-09,d09_hist_d09_1_patched,hist_d09_1_patched,9,/home/hku_user3/EnergyBridge/experiments/real_data/tianjin_tou_price_normalized.csv,18.0,1.0,/home/hku_user3/EnergyBridge/benchmark_results/vpp_patch_2026-07-15/_batch_logs/daily_event_configs/d09_hist_d09_1_patched.json,skipped_done,0,0.0,/home/hku_user3/EnergyBridge/benchmark_results/vpp_patch_2026-07-15/household_s3_hybrid_work_from_home_no_dr_tianjin_d09_hist_d09_1_patched_2025-06-09_1day,/home/hku_user3/EnergyBridge/benchmark_results/vpp_patch_2026-07-15/_batch_logs/daily_dr_memory_tianjin_1day/household_s3_hybrid_work_from_home_no_dr_tianjin_d09_hist_d09_1_patched_2025-06-09_1day.log,/home/hku_user3/EnergyBridge/benchmark_results/vpp_patch_2026-07-15/household_s3_hybrid_work_from_home_no_dr_tianjin_d09_hist_d09_1_patched_2025-06-09_1day/run_summary.txt,0,31.79321,31.79321,46.65104,1.468172,normalized TOU cost/kWh,/home/hku_user3/EnergyBridge/experiments/real_data/tianjin_tou_price_normalized.csv,4.9468,4.9468,1.0,1.0,,0.0,0.8,[],"['dishwasher', 'dryer', 'ev', 'washer', 'water_heater']",[],matched,household_s3_hybrid_work_from_home|tianjin|1days|2025-06-09|no_dr,/home/hku_user3/EnergyBridge/benchmark_results/vpp_patch_2026-07-15/household_s3_hybrid_work_from_home_no_dr_tianjin_d09_hist_d09_1_patched_2025-06-09_1day/benchmark_result.json,no_dr_counterfactual_event_window_energy,1,4.9468,4.9468,4.9468,4.9468,0.0,0.0,0.0,0.0,0.0,no_dr_counterfactual_baseline
household_s4_ev_commuter_flexible,household_s4_ev_commuter_flexible,no_dr,Tianjin,1,2025-06-09,d09_hist_d09_1_patched,hist_d09_1_patched,9,/home/hku_user3/EnergyBridge/experiments/real_data/tianjin_tou_price_normalized.csv,18.0,1.0,/home/hku_user3/EnergyBridge/benchmark_results/vpp_patch_2026-07-15/_batch_logs/daily_event_configs/d09_hist_d09_1_patched.json,skipped_done,0,0.0,/home/hku_user3/EnergyBridge/benchmark_results/vpp_patch_2026-07-15/household_s4_ev_commuter_flexible_no_dr_tianjin_d09_hist_d09_1_patched_2025-06-09_1day,/home/hku_user3/EnergyBridge/benchmark_results/vpp_patch_2026-07-15/_batch_logs/daily_dr_memory_tianjin_1day/household_s4_ev_commuter_flexible_no_dr_tianjin_d09_hist_d09_1_patched_2025-06-09_1day.log,/home/hku_user3/EnergyBridge/benchmark_results/vpp_patch_2026-07-15/household_s4_ev_commuter_flexible_no_dr_tianjin_d09_hist_d09_1_patched_2025-06-09_1day/run_summary.txt,0,35.876988,35.876988,53.182617,1.483117,normalized TOU cost/kWh,/home/hku_user3/EnergyBridge/experiments/real_data/tianjin_tou_price_normalized.csv,4.9492,4.9492,1.0,1.0,,0.0,1.0,[],"['dishwasher', 'dryer', 'ev', 'washer', 'water_heater']",[],matched,household_s4_ev_commuter_flexible|tianjin|1days|2025-06-09|no_dr,/home/hku_user3/EnergyBridge/benchmark_results/vpp_patch_2026-07-15/household_s4_ev_commuter_flexible_no_dr_tianjin_d09_hist_d09_1_patched_2025-06-09_1day/benchmark_result.json,no_dr_counterfactual_event_window_energy,1,4.9492,4.9492,4.9492,4.9492,0.0,0.0,0.0,0.0,0.0,no_dr_counterfactual_baseline
household_s2_multigeneration_caregiver,household_s2_multigeneration_caregiver,no_dr,Tianjin,1,2025-06-09,d09_hist_d09_1_patched,hist_d09_1_patched,9,/home/hku_user3/EnergyBridge/experiments/real_data/tianjin_tou_price_normalized.csv,18.0,1.0,/home/hku_user3/EnergyBridge/benchmark_results/vpp_patch_2026-07-15/_batch_logs/daily_event_configs/d09_hist_d09_1_patched.json,skipped_done,0,0.0,/home/hku_user3/EnergyBridge/benchmark_results/vpp_patch_2026-07-15/household_s2_multigeneration_caregiver_no_dr_tianjin_d09_hist_d09_1_patched_2025-06-09_1day,/home/hku_user3/EnergyBridge/benchmark_results/vpp_patch_2026-07-15/_batch_logs/daily_dr_memory_tianjin_1day/household_s2_multigeneration_caregiver_no_dr_tianjin_d09_hist_d09_1_patched_2025-06-09_1day.log,/home/hku_user3/EnergyBridge/benchmark_results/vpp_patch_2026-07-15/household_s2_multigeneration_caregiver_no_dr_tianjin_d09_hist_d09_1_patched_2025-06-09_1day/run_summary.txt,0,29.698693,29.698693,43.299814,1.45887,normalized TOU cost/kWh,/home/hku_user3/EnergyBridge/experiments/real_data/tianjin_tou_price_normalized.csv,4.9577,4.9577,1.0,1.0,,0.0,1.0,[],"['dishwasher', 'dryer', 'ev', 'washer', 'water_heater']",[],matched,household_s2_multigeneration_caregiver|tianjin|1days|2025-06-09|no_dr,/home/hku_user3/EnergyBridge/benchmark_results/vpp_patch_2026-07-15/household_s2_multigeneration_caregiver_no_dr_tianjin_d09_hist_d09_1_patched_2025-06-09_1day/benchmark_result.json,no_dr_counterfactual_event_window_energy,1,4.9577,4.9577,4.9577,4.9577,0.0,0.0,0.0,0.0,0.0,no_dr_counterfactual_baseline
household_s5_shared_roommates_irregular,household_s5_shared_roommates_irregular,no_dr,Tianjin,1,2025-06-09,d09_hist_d09_1_patched,hist_d09_1_patched,9,/home/hku_user3/EnergyBridge/experiments/real_data/tianjin_tou_price_normalized.csv,18.0,1.0,/home/hku_user3/EnergyBridge/benchmark_results/vpp_patch_2026-07-15/_batch_logs/daily_event_configs/d09_hist_d09_1_patched.json,skipped_done,0,0.0,/home/hku_user3/EnergyBridge/benchmark_results/vpp_patch_2026-07-15/household_s5_shared_roommates_irregular_no_dr_tianjin_d09_hist_d09_1_patched_2025-06-09_1day,/home/hku_user3/EnergyBridge/benchmark_results/vpp_patch_2026-07-15/_batch_logs/daily_dr_memory_tianjin_1day/household_s5_shared_roommates_irregular_no_dr_tianjin_d09_hist_d09_1_patched_2025-06-09_1day.log,/home/hku_user3/EnergyBridge/benchmark_results/vpp_patch_2026-07-15/household_s5_shared_roommates_irregular_no_dr_tianjin_d09_hist_d09_1_patched_2025-06-09_1day/run_summary.txt,0,31.795829,31.795829,46.652762,1.468106,normalized TOU cost/kWh,/home/hku_user3/EnergyBridge/experiments/real_data/tianjin_tou_price_normalized.csv,4.9492,4.9492,1.0,1.0,,0.0,1.0,[],"['dishwasher', 'dryer', 'ev', 'washer', 'water_heater']",[],matched,household_s5_shared_roommates_irregular|tianjin|1days|2025-06-09|no_dr,/home/hku_user3/EnergyBridge/benchmark_results/vpp_patch_2026-07-15/household_s5_shared_roommates_irregular_no_dr_tianjin_d09_hist_d09_1_patched_2025-06-09_1day/benchmark_result.json,no_dr_counterfactual_event_window_energy,1,4.9492,4.9492,4.9492,4.9492,0.0,0.0,0.0,0.0,0.0,no_dr_counterfactual_baseline
household_s3_hybrid_work_from_home,household_s3_hybrid_work_from_home,EnergyBridge,Tianjin,1,2025-06-09,d09_hist_d09_1_patched,hist_d09_1_patched,9,/home/hku_user3/EnergyBridge/experiments/real_data/tianjin_tou_price_normalized.csv,18.0,1.0,/home/hku_user3/EnergyBridge/benchmark_results/vpp_patch_2026-07-15/_batch_logs/daily_event_configs/d09_hist_d09_1_patched.json,skipped_done,0,0.0,/home/hku_user3/EnergyBridge/benchmark_results/vpp_patch_2026-07-15/household_s3_hybrid_work_from_home_EnergyBridge_tianjin_d09_hist_d09_1_patched_2025-06-09_1day,/home/hku_user3/EnergyBridge/benchmark_results/vpp_patch_2026-07-15/_batch_logs/daily_dr_memory_tianjin_1day/household_s3_hybrid_work_from_home_EnergyBridge_tianjin_d09_hist_d09_1_patched_2025-06-09_1day.log,/home/hku_user3/EnergyBridge/benchmark_results/vpp_patch_2026-07-15/household_s3_hybrid_work_from_home_EnergyBridge_tianjin_d09_hist_d09_1_patched_2025-06-09_1day/run_summary.txt,0,30.189179,30.189179,40.436762,1.353891,normalized TOU cost/kWh,/home/hku_user3/EnergyBridge/experiments/real_data/tianjin_tou_price_normalized.csv,0.4933,0.4933,1.0,1.0,4.333,1.0,1.0,"['dishwasher', 'dryer', 'ev', 'washer', 'water_heater']",[],[],matched,household_s3_hybrid_work_from_home|tianjin|1days|2025-06-09|no_dr,/home/hku_user3/EnergyBridge/benchmark_results/vpp_patch_2026-07-15/household_s3_hybrid_work_from_home_no_dr_tianjin_d09_hist_d09_1_patched_2025-06-09_1day/benchmark_result.json,no_dr_counterfactual_event_window_energy,1,4.9468,0.4933,4.9468,4.9468,4.4535,4.4535,0.900279,4.4535,4.4535,no_dr_counterfactual_baseline
household_s1_dual_commuter_standard,household_s1_dual_commuter_standard,EnergyBridge,Tianjin,1,2025-06-09,d09_hist_d09_1_patched,hist_d09_1_patched,9,/home/hku_user3/EnergyBridge/experiments/real_data/tianjin_tou_price_normalized.csv,18.0,1.0,/home/hku_user3/EnergyBridge/benchmark_results/vpp_patch_2026-07-15/_batch_logs/daily_event_configs/d09_hist_d09_1_patched.json,skipped_done,0,0.0,/home/hku_user3/EnergyBridge/benchmark_results/vpp_patch_2026-07-15/household_s1_dual_commuter_standard_EnergyBridge_tianjin_d09_hist_d09_1_patched_2025-06-09_1day,/home/hku_user3/EnergyBridge/benchmark_results/vpp_patch_2026-07-15/_batch_logs/daily_dr_memory_tianjin_1day/household_s1_dual_commuter_standard_EnergyBridge_tianjin_d09_hist_d09_1_patched_2025-06-09_1day.log,/home/hku_user3/EnergyBridge/benchmark_results/vpp_patch_2026-07-15/household_s1_dual_commuter_standard_EnergyBridge_tianjin_d09_hist_d09_1_patched_2025-06-09_1day/run_summary.txt,0,31.831205,31.831205,41.469109,1.308082,normalized TOU cost/kWh,/home/hku_user3/EnergyBridge/experiments/real_data/tianjin_tou_price_normalized.csv,1.0545,1.0545,1.0,1.0,3.75,1.0,1.0,"['dishwasher', 'dryer', 'ev', 'washer', 'water_heater']",[],[],matched,household_s1_dual_commuter_standard|tianjin|1days|2025-06-09|no_dr,/home/hku_user3/EnergyBridge/benchmark_results/vpp_patch_2026-07-15/household_s1_dual_commuter_standard_no_dr_tianjin_d09_hist_d09_1_patched_2025-06-09_1day/benchmark_result.json,no_dr_counterfactual_event_window_energy,1,4.9492,1.0545,4.9492,4.9492,3.8947,3.8947,0.786935,3.8947,3.8947,no_dr_counterfactual_baseline
household_s5_shared_roommates_irregular,household_s5_shared_roommates_irregular,EnergyBridge,Tianjin,1,2025-06-09,d09_hist_d09_1_patched,hist_d09_1_patched,9,/home/hku_user3/EnergyBridge/experiments/real_data/tianjin_tou_price_normalized.csv,18.0,1.0,/home/hku_user3/EnergyBridge/benchmark_results/vpp_patch_2026-07-15/_batch_logs/daily_event_configs/d09_hist_d09_1_patched.json,skipped_done,0,0.0,/home/hku_user3/EnergyBridge/benchmark_results/vpp_patch_2026-07-15/household_s5_shared_roommates_irregular_EnergyBridge_tianjin_d09_hist_d09_1_patched_2025-06-09_1day,/home/hku_user3/EnergyBridge/benchmark_results/vpp_patch_2026-07-15/_batch_logs/daily_dr_memory_tianjin_1day/household_s5_shared_roommates_irregular_EnergyBridge_tianjin_d09_hist_d09_1_patched_2025-06-09_1day.log,/home/hku_user3/EnergyBridge/benchmark_results/vpp_patch_2026-07-15/household_s5_shared_roommates_irregular_EnergyBridge_tianjin_d09_hist_d09_1_patched_2025-06-09_1day/run_summary.txt,0,29.8691,29.8691,41.365033,1.390815,normalized TOU cost/kWh,/home/hku_user3/EnergyBridge/experiments/real_data/tianjin_tou_price_normalized.csv,0.6398,0.6398,1.0,1.0,4.0,1.0,1.0,"['dishwasher', 'dryer', 'ev', 'washer', 'water_heater']",[],[],matched,household_s5_shared_roommates_irregular|tianjin|1days|2025-06-09|no_dr,/home/hku_user3/EnergyBridge/benchmark_results/vpp_patch_2026-07-15/household_s5_shared_roommates_irregular_no_dr_tianjin_d09_hist_d09_1_patched_2025-06-09_1day/benchmark_result.json,no_dr_counterfactual_event_window_energy,1,4.9492,0.6398,4.9492,4.9492,4.3094,4.3094,0.870727,4.3094,4.3094,no_dr_counterfactual_baseline
household_s2_multigeneration_caregiver,household_s2_multigeneration_caregiver,no_dr,Germany,1,2025-06-10,d10_hist_d10_1,hist_d10_1,10,/home/hku_user3/EnergyBridge/experiments/real_data/germany_2025_price.csv,18.0,1.0,/home/hku_user3/EnergyBridge/benchmark_results/vpp_patch_2026-07-15/_batch_logs/daily_event_configs/d10_hist_d10_1.json,skipped_done,0,0.0,/home/hku_user3/EnergyBridge/benchmark_results/vpp_patch_2026-07-15/household_s2_multigeneration_caregiver_no_dr_germany_d10_hist_d10_1_2025-06-10_1day,/home/hku_user3/EnergyBridge/benchmark_results/vpp_patch_2026-07-15/_batch_logs/daily_dr_memory_germany_1day/household_s2_multigeneration_caregiver_no_dr_germany_d10_hist_d10_1_2025-06-10_1day.log,/home/hku_user3/EnergyBridge/benchmark_results/vpp_patch_2026-07-15/household_s2_multigeneration_caregiver_no_dr_germany_d10_hist_d10_1_2025-06-10_1day/run_summary.txt,0,34.979339,34.979339,10.956747,0.067414,EUR/kWh,D:\Pycharm_project\PycharmProjects\EnergyBridge\experiments\real_data\germany_2025_price.csv,10.4086,10.4086,1.0,1.0,,0.0,1.0,[],"['dishwasher', 'dryer', 'ev', 'washer', 'water_heater']",[],matched,household_s2_multigeneration_caregiver|germany|1days|2025-06-10|no_dr,/home/hku_user3/EnergyBridge/benchmark_results/vpp_patch_2026-07-15/household_s2_multigeneration_caregiver_no_dr_germany_d10_hist_d10_1_2025-06-10_1day/benchmark_result.json,no_dr_counterfactual_event_window_energy,1,10.4086,10.4086,10.4086,10.4086,0.0,0.0,0.0,0.0,0.0,no_dr_counterfactual_baseline
household_s1_dual_commuter_standard,household_s1_dual_commuter_standard,no_dr,Germany,1,2025-06-10,d10_hist_d10_1,hist_d10_1,10,/home/hku_user3/EnergyBridge/experiments/real_data/germany_2025_price.csv,18.0,1.0,/home/hku_user3/EnergyBridge/benchmark_results/vpp_patch_2026-07-15/_batch_logs/daily_event_configs/d10_hist_d10_1.json,skipped_done,0,0.0,/home/hku_user3/EnergyBridge/benchmark_results/vpp_patch_2026-07-15/household_s1_dual_commuter_standard_no_dr_germany_d10_hist_d10_1_2025-06-10_1day,/home/hku_user3/EnergyBridge/benchmark_results/vpp_patch_2026-07-15/_batch_logs/daily_dr_memory_germany_1day/household_s1_dual_commuter_standard_no_dr_germany_d10_hist_d10_1_2025-06-10_1day.log,/home/hku_user3/EnergyBridge/benchmark_results/vpp_patch_2026-07-15/household_s1_dual_commuter_standard_no_dr_germany_d10_hist_d10_1_2025-06-10_1day/run_summary.txt,0,37.325122,37.325122,11.28527,0.068244,EUR/kWh,D:\Pycharm_project\PycharmProjects\EnergyBridge\experiments\real_data\germany_2025_price.csv,10.3655,10.3655,1.0,1.0,,0.0,1.0,[],"['dishwasher', 'dryer', 'ev', 'washer', 'water_heater']",[],matched,household_s1_dual_commuter_standard|germany|1days|2025-06-10|no_dr,/home/hku_user3/EnergyBridge/benchmark_results/vpp_patch_2026-07-15/household_s1_dual_commuter_standard_no_dr_germany_d10_hist_d10_1_2025-06-10_1day/benchmark_result.json,no_dr_counterfactual_event_window_energy,1,10.3655,10.3655,10.3655,10.3655,0.0,0.0,0.0,0.0,0.0,no_dr_counterfactual_baseline
household_s2_multigeneration_caregiver,household_s2_multigeneration_caregiver,EnergyBridge,Tianjin,1,2025-06-09,d09_hist_d09_1_patched,hist_d09_1_patched,9,/home/hku_user3/EnergyBridge/experiments/real_data/tianjin_tou_price_normalized.csv,18.0,1.0,/home/hku_user3/EnergyBridge/benchmark_results/vpp_patch_2026-07-15/_batch_logs/daily_event_configs/d09_hist_d09_1_patched.json,skipped_done,0,0.0,/home/hku_user3/EnergyBridge/benchmark_results/vpp_patch_2026-07-15/household_s2_multigeneration_caregiver_EnergyBridge_tianjin_d09_hist_d09_1_patched_2025-06-09_1day,/home/hku_user3/EnergyBridge/benchmark_results/vpp_patch_2026-07-15/_batch_logs/daily_dr_memory_tianjin_1day/household_s2_multigeneration_caregiver_EnergyBridge_tianjin_d09_hist_d09_1_patched_2025-06-09_1day.log,/home/hku_user3/EnergyBridge/benchmark_results/vpp_patch_2026-07-15/household_s2_multigeneration_caregiver_EnergyBridge_tianjin_d09_hist_d09_1_patched_2025-06-09_1day/run_summary.txt,0,28.342296,28.342296,36.039293,1.286242,normalized TOU cost/kWh,/home/hku_user3/EnergyBridge/experiments/real_data/tianjin_tou_price_normalized.csv,0.718,0.718,1.0,1.0,4.6,1.0,1.0,"['dishwasher', 'dryer', 'ev', 'washer', 'water_heater']",[],[],matched,household_s2_multigeneration_caregiver|tianjin|1days|2025-06-09|no_dr,/home/hku_user3/EnergyBridge/benchmark_results/vpp_patch_2026-07-15/household_s2_multigeneration_caregiver_no_dr_tianjin_d09_hist_d09_1_patched_2025-06-09_1day/benchmark_result.json,no_dr_counterfactual_event_window_energy,1,4.9577,0.718,4.9577,4.9577,4.2397,4.2397,0.855175,4.2397,4.2397,no_dr_counterfactual_baseline
household_s4_ev_commuter_flexible,household_s4_ev_commuter_flexible,EnergyBridge,Tianjin,1,2025-06-09,d09_hist_d09_1_patched,hist_d09_1_patched,9,/home/hku_user3/EnergyBridge/experiments/real_data/tianjin_tou_price_normalized.csv,18.0,1.0,/home/hku_user3/EnergyBridge/benchmark_results/vpp_patch_2026-07-15/_batch_logs/daily_event_configs/d09_hist_d09_1_patched.json,skipped_done,0,0.0,/home/hku_user3/EnergyBridge/benchmark_results/vpp_patch_2026-07-15/household_s4_ev_commuter_flexible_EnergyBridge_tianjin_d09_hist_d09_1_patched_2025-06-09_1day,/home/hku_user3/EnergyBridge/benchmark_results/vpp_patch_2026-07-15/_batch_logs/daily_dr_memory_tianjin_1day/household_s4_ev_commuter_flexible_EnergyBridge_tianjin_d09_hist_d09_1_patched_2025-06-09_1day.log,/home/hku_user3/EnergyBridge/benchmark_results/vpp_patch_2026-07-15/household_s4_ev_commuter_flexible_EnergyBridge_tianjin_d09_hist_d09_1_patched_2025-06-09_1day/run_summary.txt,0,33.9219,33.9219,45.615663,1.349866,normalized TOU cost/kWh,/home/hku_user3/EnergyBridge/experiments/real_data/tianjin_tou_price_normalized.csv,1.0545,1.0545,1.0,1.0,4.25,1.0,1.0,"['dishwasher', 'dryer', 'ev', 'washer', 'water_heater']",[],[],matched,household_s4_ev_commuter_flexible|tianjin|1days|2025-06-09|no_dr,/home/hku_user3/EnergyBridge/benchmark_results/vpp_patch_2026-07-15/household_s4_ev_commuter_flexible_no_dr_tianjin_d09_hist_d09_1_patched_2025-06-09_1day/benchmark_result.json,no_dr_counterfactual_event_window_energy,1,4.9492,1.0545,4.9492,4.9492,3.8947,3.8947,0.786935,3.8947,3.8947,no_dr_counterfactual_baseline
household_s3_hybrid_work_from_home,household_s3_hybrid_work_from_home,no_dr,Germany,1,2025-06-10,d10_hist_d10_1,hist_d10_1,10,/home/hku_user3/EnergyBridge/experiments/real_data/germany_2025_price.csv,18.0,1.0,/home/hku_user3/EnergyBridge/benchmark_results/vpp_patch_2026-07-15/_batch_logs/daily_event_configs/d10_hist_d10_1.json,skipped_done,0,0.0,/home/hku_user3/EnergyBridge/benchmark_results/vpp_patch_2026-07-15/household_s3_hybrid_work_from_home_no_dr_germany_d10_hist_d10_1_2025-06-10_1day,/home/hku_user3/EnergyBridge/benchmark_results/vpp_patch_2026-07-15/_batch_logs/daily_dr_memory_germany_1day/household_s3_hybrid_work_from_home_no_dr_germany_d10_hist_d10_1_2025-06-10_1day.log,/home/hku_user3/EnergyBridge/benchmark_results/vpp_patch_2026-07-15/household_s3_hybrid_work_from_home_no_dr_germany_d10_hist_d10_1_2025-06-10_1day/run_summary.txt,0,35.517326,35.517326,11.05328,0.067754,EUR/kWh,D:\Pycharm_project\PycharmProjects\EnergyBridge\experiments\real_data\germany_2025_price.csv,10.3729,10.3729,1.0,1.0,,0.0,0.8,[],"['dishwasher', 'dryer', 'ev', 'washer', 'water_heater']",[],matched,household_s3_hybrid_work_from_home|germany|1days|2025-06-10|no_dr,/home/hku_user3/EnergyBridge/benchmark_results/vpp_patch_2026-07-15/household_s3_hybrid_work_from_home_no_dr_germany_d10_hist_d10_1_2025-06-10_1day/benchmark_result.json,no_dr_counterfactual_event_window_energy,1,10.3729,10.3729,10.3729,10.3729,0.0,0.0,0.0,0.0,0.0,no_dr_counterfactual_baseline
household_s4_ev_commuter_flexible,household_s4_ev_commuter_flexible,no_dr,Germany,1,2025-06-10,d10_hist_d10_1,hist_d10_1,10,/home/hku_user3/EnergyBridge/experiments/real_data/germany_2025_price.csv,18.0,1.0,/home/hku_user3/EnergyBridge/benchmark_results/vpp_patch_2026-07-15/_batch_logs/daily_event_configs/d10_hist_d10_1.json,skipped_done,0,0.0,/home/hku_user3/EnergyBridge/benchmark_results/vpp_patch_2026-07-15/household_s4_ev_commuter_flexible_no_dr_germany_d10_hist_d10_1_2025-06-10_1day,/home/hku_user3/EnergyBridge/benchmark_results/vpp_patch_2026-07-15/_batch_logs/daily_dr_memory_germany_1day/household_s4_ev_commuter_flexible_no_dr_germany_d10_hist_d10_1_2025-06-10_1day.log,/home/hku_user3/EnergyBridge/benchmark_results/vpp_patch_2026-07-15/household_s4_ev_commuter_flexible_no_dr_germany_d10_hist_d10_1_2025-06-10_1day/run_summary.txt,0,39.365701,39.365701,11.510386,0.068757,EUR/kWh,D:\Pycharm_project\PycharmProjects\EnergyBridge\experiments\real_data\germany_2025_price.csv,10.3655,10.3655,1.0,1.0,,0.0,1.0,[],"['dishwasher', 'dryer', 'ev', 'washer', 'water_heater']",[],matched,household_s4_ev_commuter_flexible|germany|1days|2025-06-10|no_dr,/home/hku_user3/EnergyBridge/benchmark_results/vpp_patch_2026-07-15/household_s4_ev_commuter_flexible_no_dr_germany_d10_hist_d10_1_2025-06-10_1day/benchmark_result.json,no_dr_counterfactual_event_window_energy,1,10.3655,10.3655,10.3655,10.3655,0.0,0.0,0.0,0.0,0.0,no_dr_counterfactual_baseline
household_s1_dual_commuter_standard,household_s1_dual_commuter_standard,EnergyBridge,Germany,1,2025-06-10,d10_hist_d10_1,hist_d10_1,10,/home/hku_user3/EnergyBridge/experiments/real_data/germany_2025_price.csv,18.0,1.0,/home/hku_user3/EnergyBridge/benchmark_results/vpp_patch_2026-07-15/_batch_logs/daily_event_configs/d10_hist_d10_1.json,skipped_done,0,0.0,/home/hku_user3/EnergyBridge/benchmark_results/vpp_patch_2026-07-15/household_s1_dual_commuter_standard_EnergyBridge_germany_d10_hist_d10_1_2025-06-10_1day,/home/hku_user3/EnergyBridge/benchmark_results/vpp_patch_2026-07-15/_batch_logs/daily_dr_memory_germany_1day/household_s1_dual_commuter_standard_EnergyBridge_germany_d10_hist_d10_1_2025-06-10_1day.log,/home/hku_user3/EnergyBridge/benchmark_results/vpp_patch_2026-07-15/household_s1_dual_commuter_standard_EnergyBridge_germany_d10_hist_d10_1_2025-06-10_1day/run_summary.txt,0,38.928986,38.928986,11.058854,0.065076,EUR/kWh,D:\Pycharm_project\PycharmProjects\EnergyBridge\experiments\real_data\germany_2025_price.csv,6.193,6.193,1.0,1.0,3.75,1.0,1.0,"['dishwasher', 'dryer', 'ev', 'washer', 'water_heater']",[],[],matched,household_s1_dual_commuter_standard|germany|1days|2025-06-10|no_dr,/home/hku_user3/EnergyBridge/benchmark_results/vpp_patch_2026-07-15/household_s1_dual_commuter_standard_no_dr_germany_d10_hist_d10_1_2025-06-10_1day/benchmark_result.json,no_dr_counterfactual_event_window_energy,1,10.3655,6.193,10.3655,10.3655,4.1725,4.1725,0.402537,4.1725,4.1725,no_dr_counterfactual_baseline
household_s2_multigeneration_caregiver,household_s2_multigeneration_caregiver,EnergyBridge,Germany,1,2025-06-10,d10_hist_d10_1,hist_d10_1,10,/home/hku_user3/EnergyBridge/experiments/real_data/germany_2025_price.csv,18.0,1.0,/home/hku_user3/EnergyBridge/benchmark_results/vpp_patch_2026-07-15/_batch_logs/daily_event_configs/d10_hist_d10_1.json,skipped_done,0,0.0,/home/hku_user3/EnergyBridge/benchmark_results/vpp_patch_2026-07-15/household_s2_multigeneration_caregiver_EnergyBridge_germany_d10_hist_d10_1_2025-06-10_1day,/home/hku_user3/EnergyBridge/benchmark_results/vpp_patch_2026-07-15/_batch_logs/daily_dr_memory_germany_1day/household_s2_multigeneration_caregiver_EnergyBridge_germany_d10_hist_d10_1_2025-06-10_1day.log,/home/hku_user3/EnergyBridge/benchmark_results/vpp_patch_2026-07-15/household_s2_multigeneration_caregiver_EnergyBridge_germany_d10_hist_d10_1_2025-06-10_1day/run_summary.txt,0,33.955488,33.955488,10.711489,0.063947,EUR/kWh,D:\Pycharm_project\PycharmProjects\EnergyBridge\experiments\real_data\germany_2025_price.csv,6.2129,6.2129,1.0,1.0,4.2,1.0,1.0,"['dishwasher', 'dryer', 'ev', 'washer', 'water_heater']",[],[],matched,household_s2_multigeneration_caregiver|germany|1days|2025-06-10|no_dr,/home/hku_user3/EnergyBridge/benchmark_results/vpp_patch_2026-07-15/household_s2_multigeneration_caregiver_no_dr_germany_d10_hist_d10_1_2025-06-10_1day/benchmark_result.json,no_dr_counterfactual_event_window_energy,1,10.4086,6.2129,10.4086,10.4086,4.1957,4.1957,0.403099,4.1957,4.1957,no_dr_counterfactual_baseline
household_s5_shared_roommates_irregular,household_s5_shared_roommates_irregular,no_dr,Germany,1,2025-06-10,d10_hist_d10_1,hist_d10_1,10,/home/hku_user3/EnergyBridge/experiments/real_data/germany_2025_price.csv,18.0,1.0,/home/hku_user3/EnergyBridge/benchmark_results/vpp_patch_2026-07-15/_batch_logs/daily_event_configs/d10_hist_d10_1.json,skipped_done,0,0.0,/home/hku_user3/EnergyBridge/benchmark_results/vpp_patch_2026-07-15/household_s5_shared_roommates_irregular_no_dr_germany_d10_hist_d10_1_2025-06-10_1day,/home/hku_user3/EnergyBridge/benchmark_results/vpp_patch_2026-07-15/_batch_logs/daily_dr_memory_germany_1day/household_s5_shared_roommates_irregular_no_dr_germany_d10_hist_d10_1_2025-06-10_1day.log,/home/hku_user3/EnergyBridge/benchmark_results/vpp_patch_2026-07-15/household_s5_shared_roommates_irregular_no_dr_germany_d10_hist_d10_1_2025-06-10_1day/run_summary.txt,0,35.284542,35.284542,11.060153,0.067719,EUR/kWh,D:\Pycharm_project\PycharmProjects\EnergyBridge\experiments\real_data\germany_2025_price.csv,10.3655,10.3655,1.0,1.0,,0.0,1.0,[],"['dishwasher', 'dryer', 'ev', 'washer', 'water_heater']",[],matched,household_s5_shared_roommates_irregular|germany|1days|2025-06-10|no_dr,/home/hku_user3/EnergyBridge/benchmark_results/vpp_patch_2026-07-15/household_s5_shared_roommates_irregular_no_dr_germany_d10_hist_d10_1_2025-06-10_1day/benchmark_result.json,no_dr_counterfactual_event_window_energy,1,10.3655,10.3655,10.3655,10.3655,0.0,0.0,0.0,0.0,0.0,no_dr_counterfactual_baseline
household_s1_dual_commuter_standard,household_s1_dual_commuter_standard,no_dr,Tianjin,1,2025-06-10,d10_hist_d10_1,hist_d10_1,10,/home/hku_user3/EnergyBridge/experiments/real_data/tianjin_tou_price_normalized.csv,18.0,1.0,/home/hku_user3/EnergyBridge/benchmark_results/vpp_patch_2026-07-15/_batch_logs/daily_event_configs/d10_hist_d10_1.json,skipped_done,0,0.0,/home/hku_user3/EnergyBridge/benchmark_results/vpp_patch_2026-07-15/household_s1_dual_commuter_standard_no_dr_tianjin_d10_hist_d10_1_2025-06-10_1day,/home/hku_user3/EnergyBridge/benchmark_results/vpp_patch_2026-07-15/_batch_logs/daily_dr_memory_tianjin_1day/household_s1_dual_commuter_standard_no_dr_tianjin_d10_hist_d10_1_2025-06-10_1day.log,/home/hku_user3/EnergyBridge/benchmark_results/vpp_patch_2026-07-15/household_s1_dual_commuter_standard_no_dr_tianjin_d10_hist_d10_1_2025-06-10_1day/run_summary.txt,0,44.926425,44.926425,53.759894,1.437759,normalized TOU cost/kWh,D:\Pycharm_project\PycharmProjects\EnergyBridge\experiments\real_data\tianjin_tou_price_normalized.csv,6.3688,6.3688,1.0,1.0,,0.0,1.0,[],"['dishwasher', 'dryer', 'ev', 'washer', 'water_heater']",[],matched,household_s1_dual_commuter_standard|tianjin|1days|2025-06-10|no_dr,/home/hku_user3/EnergyBridge/benchmark_results/vpp_patch_2026-07-15/household_s1_dual_commuter_standard_no_dr_tianjin_d10_hist_d10_1_2025-06-10_1day/benchmark_result.json,no_dr_counterfactual_event_window_energy,1,6.3688,6.3688,6.3688,6.3688,0.0,0.0,0.0,0.0,0.0,no_dr_counterfactual_baseline
household_s5_shared_roommates_irregular,household_s5_shared_roommates_irregular,EnergyBridge,Germany,1,2025-06-10,d10_hist_d10_1,hist_d10_1,10,/home/hku_user3/EnergyBridge/experiments/real_data/germany_2025_price.csv,18.0,1.0,/home/hku_user3/EnergyBridge/benchmark_results/vpp_patch_2026-07-15/_batch_logs/daily_event_configs/d10_hist_d10_1.json,skipped_done,0,0.0,/home/hku_user3/EnergyBridge/benchmark_results/vpp_patch_2026-07-15/household_s5_shared_roommates_irregular_EnergyBridge_germany_d10_hist_d10_1_2025-06-10_1day,/home/hku_user3/EnergyBridge/benchmark_results/vpp_patch_2026-07-15/_batch_logs/daily_dr_memory_germany_1day/household_s5_shared_roommates_irregular_EnergyBridge_germany_d10_hist_d10_1_2025-06-10_1day.log,/home/hku_user3/EnergyBridge/benchmark_results/vpp_patch_2026-07-15/household_s5_shared_roommates_irregular_EnergyBridge_germany_d10_hist_d10_1_2025-06-10_1day/run_summary.txt,0,36.888406,36.888406,10.916279,0.065018,EUR/kWh,D:\Pycharm_project\PycharmProjects\EnergyBridge\experiments\real_data\germany_2025_price.csv,6.193,6.193,1.0,1.0,4.0,1.0,1.0,"['dishwasher', 'dryer', 'ev', 'washer', 'water_heater']",[],[],matched,household_s5_shared_roommates_irregular|germany|1days|2025-06-10|no_dr,/home/hku_user3/EnergyBridge/benchmark_results/vpp_patch_2026-07-15/household_s5_shared_roommates_irregular_no_dr_germany_d10_hist_d10_1_2025-06-10_1day/benchmark_result.json,no_dr_counterfactual_event_window_energy,1,10.3655,6.193,10.3655,10.3655,4.1725,4.1725,0.402537,4.1725,4.1725,no_dr_counterfactual_baseline
household_s3_hybrid_work_from_home,household_s3_hybrid_work_from_home,EnergyBridge,Germany,1,2025-06-10,d10_hist_d10_1,hist_d10_1,10,/home/hku_user3/EnergyBridge/experiments/real_data/germany_2025_price.csv,18.0,1.0,/home/hku_user3/EnergyBridge/benchmark_results/vpp_patch_2026-07-15/_batch_logs/daily_event_configs/d10_hist_d10_1.json,skipped_done,0,0.0,/home/hku_user3/EnergyBridge/benchmark_results/vpp_patch_2026-07-15/household_s3_hybrid_work_from_home_EnergyBridge_germany_d10_hist_d10_1_2025-06-10_1day,/home/hku_user3/EnergyBridge/benchmark_results/vpp_patch_2026-07-15/_batch_logs/daily_dr_memory_germany_1day/household_s3_hybrid_work_from_home_EnergyBridge_germany_d10_hist_d10_1_2025-06-10_1day.log,/home/hku_user3/EnergyBridge/benchmark_results/vpp_patch_2026-07-15/household_s3_hybrid_work_from_home_EnergyBridge_germany_d10_hist_d10_1_2025-06-10_1day/run_summary.txt,0,36.182872,36.182872,10.928953,0.064941,EUR/kWh,D:\Pycharm_project\PycharmProjects\EnergyBridge\experiments\real_data\germany_2025_price.csv,6.1004,6.1004,1.0,1.0,4.0,1.0,1.0,"['dishwasher', 'dryer', 'ev', 'washer', 'water_heater']",[],[],matched,household_s3_hybrid_work_from_home|germany|1days|2025-06-10|no_dr,/home/hku_user3/EnergyBridge/benchmark_results/vpp_patch_2026-07-15/household_s3_hybrid_work_from_home_no_dr_germany_d10_hist_d10_1_2025-06-10_1day/benchmark_result.json,no_dr_counterfactual_event_window_energy,1,10.3729,6.1004,10.3729,10.3729,4.2725,4.2725,0.411891,4.2725,4.2725,no_dr_counterfactual_baseline
household_s4_ev_commuter_flexible,household_s4_ev_commuter_flexible,EnergyBridge,Germany,1,2025-06-10,d10_hist_d10_1,hist_d10_1,10,/home/hku_user3/EnergyBridge/experiments/real_data/germany_2025_price.csv,18.0,1.0,/home/hku_user3/EnergyBridge/benchmark_results/vpp_patch_2026-07-15/_batch_logs/daily_event_configs/d10_hist_d10_1.json,skipped_done,0,0.0,/home/hku_user3/EnergyBridge/benchmark_results/vpp_patch_2026-07-15/household_s4_ev_commuter_flexible_EnergyBridge_germany_d10_hist_d10_1_2025-06-10_1day,/home/hku_user3/EnergyBridge/benchmark_results/vpp_patch_2026-07-15/_batch_logs/daily_dr_memory_germany_1day/household_s4_ev_commuter_flexible_EnergyBridge_germany_d10_hist_d10_1_2025-06-10_1day.log,/home/hku_user3/EnergyBridge/benchmark_results/vpp_patch_2026-07-15/household_s4_ev_commuter_flexible_EnergyBridge_germany_d10_hist_d10_1_2025-06-10_1day/run_summary.txt,0,40.969565,40.969565,11.295812,0.065682,EUR/kWh,D:\Pycharm_project\PycharmProjects\EnergyBridge\experiments\real_data\germany_2025_price.csv,6.193,6.193,1.0,1.0,4.25,1.0,1.0,"['dishwasher', 'dryer', 'ev', 'washer', 'water_heater']",[],[],matched,household_s4_ev_commuter_flexible|germany|1days|2025-06-10|no_dr,/home/hku_user3/EnergyBridge/benchmark_results/vpp_patch_2026-07-15/household_s4_ev_commuter_flexible_no_dr_germany_d10_hist_d10_1_2025-06-10_1day/benchmark_result.json,no_dr_counterfactual_event_window_energy,1,10.3655,6.193,10.3655,10.3655,4.1725,4.1725,0.402537,4.1725,4.1725,no_dr_counterfactual_baseline
household_s2_multigeneration_caregiver,household_s2_multigeneration_caregiver,no_dr,Tianjin,1,2025-06-10,d10_hist_d10_1,hist_d10_1,10,/home/hku_user3/EnergyBridge/experiments/real_data/tianjin_tou_price_normalized.csv,18.0,1.0,/home/hku_user3/EnergyBridge/benchmark_results/vpp_patch_2026-07-15/_batch_logs/daily_event_configs/d10_hist_d10_1.json,skipped_done,0,0.0,/home/hku_user3/EnergyBridge/benchmark_results/vpp_patch_2026-07-15/household_s2_multigeneration_caregiver_no_dr_tianjin_d10_hist_d10_1_2025-06-10_1day,/home/hku_user3/EnergyBridge/benchmark_results/vpp_patch_2026-07-15/_batch_logs/daily_dr_memory_tianjin_1day/household_s2_multigeneration_caregiver_no_dr_tianjin_d10_hist_d10_1_2025-06-10_1day.log,/home/hku_user3/EnergyBridge/benchmark_results/vpp_patch_2026-07-15/household_s2_multigeneration_caregiver_no_dr_tianjin_d10_hist_d10_1_2025-06-10_1day/run_summary.txt,0,41.325534,41.325534,49.551922,1.410511,normalized TOU cost/kWh,D:\Pycharm_project\PycharmProjects\EnergyBridge\experiments\real_data\tianjin_tou_price_normalized.csv,5.8317,5.8317,1.0,1.0,,0.0,1.0,[],"['dishwasher', 'dryer', 'ev', 'washer', 'water_heater']",[],matched,household_s2_multigeneration_caregiver|tianjin|1days|2025-06-10|no_dr,/home/hku_user3/EnergyBridge/benchmark_results/vpp_patch_2026-07-15/household_s2_multigeneration_caregiver_no_dr_tianjin_d10_hist_d10_1_2025-06-10_1day/benchmark_result.json,no_dr_counterfactual_event_window_energy,1,5.8317,5.8317,5.8317,5.8317,0.0,0.0,0.0,0.0,0.0,no_dr_counterfactual_baseline
household_s4_ev_commuter_flexible,household_s4_ev_commuter_flexible,no_dr,Tianjin,1,2025-06-10,d10_hist_d10_1,hist_d10_1,10,/home/hku_user3/EnergyBridge/experiments/real_data/tianjin_tou_price_normalized.csv,18.0,1.0,/home/hku_user3/EnergyBridge/benchmark_results/vpp_patch_2026-07-15/_batch_logs/daily_event_configs/d10_hist_d10_1.json,skipped_done,0,0.0,/home/hku_user3/EnergyBridge/benchmark_results/vpp_patch_2026-07-15/household_s4_ev_commuter_flexible_no_dr_tianjin_d10_hist_d10_1_2025-06-10_1day,/home/hku_user3/EnergyBridge/benchmark_results/vpp_patch_2026-07-15/_batch_logs/daily_dr_memory_tianjin_1day/household_s4_ev_commuter_flexible_no_dr_tianjin_d10_hist_d10_1_2025-06-10_1day.log,/home/hku_user3/EnergyBridge/benchmark_results/vpp_patch_2026-07-15/household_s4_ev_commuter_flexible_no_dr_tianjin_d10_hist_d10_1_2025-06-10_1day/run_summary.txt,0,46.572801,46.572801,56.394097,1.444602,normalized TOU cost/kWh,D:\Pycharm_project\PycharmProjects\EnergyBridge\experiments\real_data\tianjin_tou_price_normalized.csv,6.3688,6.3688,1.0,1.0,,0.0,1.0,[],"['dishwasher', 'dryer', 'ev', 'washer', 'water_heater']",[],matched,household_s4_ev_commuter_flexible|tianjin|1days|2025-06-10|no_dr,/home/hku_user3/EnergyBridge/benchmark_results/vpp_patch_2026-07-15/household_s4_ev_commuter_flexible_no_dr_tianjin_d10_hist_d10_1_2025-06-10_1day/benchmark_result.json,no_dr_counterfactual_event_window_energy,1,6.3688,6.3688,6.3688,6.3688,0.0,0.0,0.0,0.0,0.0,no_dr_counterfactual_baseline
household_s3_hybrid_work_from_home,household_s3_hybrid_work_from_home,no_dr,Tianjin,1,2025-06-10,d10_hist_d10_1,hist_d10_1,10,/home/hku_user3/EnergyBridge/experiments/real_data/tianjin_tou_price_normalized.csv,18.0,1.0,/home/hku_user3/EnergyBridge/benchmark_results/vpp_patch_2026-07-15/_batch_logs/daily_event_configs/d10_hist_d10_1.json,skipped_done,0,0.0,/home/hku_user3/EnergyBridge/benchmark_results/vpp_patch_2026-07-15/household_s3_hybrid_work_from_home_no_dr_tianjin_d10_hist_d10_1_2025-06-10_1day,/home/hku_user3/EnergyBridge/benchmark_results/vpp_patch_2026-07-15/_batch_logs/daily_dr_memory_tianjin_1day/household_s3_hybrid_work_from_home_no_dr_tianjin_d10_hist_d10_1_2025-06-10_1day.log,/home/hku_user3/EnergyBridge/benchmark_results/vpp_patch_2026-07-15/household_s3_hybrid_work_from_home_no_dr_tianjin_d10_hist_d10_1_2025-06-10_1day/run_summary.txt,0,42.841697,42.841697,52.124198,1.431957,normalized TOU cost/kWh,D:\Pycharm_project\PycharmProjects\EnergyBridge\experiments\real_data\tianjin_tou_price_normalized.csv,6.3722,6.3722,1.0,1.0,,0.0,0.8,[],"['dishwasher', 'dryer', 'ev', 'washer', 'water_heater']",[],matched,household_s3_hybrid_work_from_home|tianjin|1days|2025-06-10|no_dr,/home/hku_user3/EnergyBridge/benchmark_results/vpp_patch_2026-07-15/household_s3_hybrid_work_from_home_no_dr_tianjin_d10_hist_d10_1_2025-06-10_1day/benchmark_result.json,no_dr_counterfactual_event_window_energy,1,6.3722,6.3722,6.3722,6.3722,0.0,0.0,0.0,0.0,0.0,no_dr_counterfactual_baseline
household_s1_dual_commuter_standard,household_s1_dual_commuter_standard,EnergyBridge,Tianjin,1,2025-06-10,d10_hist_d10_1,hist_d10_1,10,/home/hku_user3/EnergyBridge/experiments/real_data/tianjin_tou_price_normalized.csv,18.0,1.0,/home/hku_user3/EnergyBridge/benchmark_results/vpp_patch_2026-07-15/_batch_logs/daily_event_configs/d10_hist_d10_1.json,skipped_done,0,0.0,/home/hku_user3/EnergyBridge/benchmark_results/vpp_patch_2026-07-15/household_s1_dual_commuter_standard_EnergyBridge_tianjin_d10_hist_d10_1_2025-06-10_1day,/home/hku_user3/EnergyBridge/benchmark_results/vpp_patch_2026-07-15/_batch_logs/daily_dr_memory_tianjin_1day/household_s1_dual_commuter_standard_EnergyBridge_tianjin_d10_hist_d10_1_2025-06-10_1day.log,/home/hku_user3/EnergyBridge/benchmark_results/vpp_patch_2026-07-15/household_s1_dual_commuter_standard_EnergyBridge_tianjin_d10_hist_d10_1_2025-06-10_1day/run_summary.txt,0,46.209898,46.209898,47.477358,1.383795,normalized TOU cost/kWh,D:\Pycharm_project\PycharmProjects\EnergyBridge\experiments\real_data\tianjin_tou_price_normalized.csv,1.5224,1.5224,1.0,1.0,3.75,1.0,1.0,"['dishwasher', 'dryer', 'ev', 'washer', 'water_heater']",[],[],matched,household_s1_dual_commuter_standard|tianjin|1days|2025-06-10|no_dr,/home/hku_user3/EnergyBridge/benchmark_results/vpp_patch_2026-07-15/household_s1_dual_commuter_standard_no_dr_tianjin_d10_hist_d10_1_2025-06-10_1day/benchmark_result.json,no_dr_counterfactual_event_window_energy,1,6.3688,1.5224,6.3688,6.3688,4.8464,4.8464,0.76096,4.8464,4.8464,no_dr_counterfactual_baseline
household_s5_shared_roommates_irregular,household_s5_shared_roommates_irregular,no_dr,Tianjin,1,2025-06-10,d10_hist_d10_1,hist_d10_1,10,/home/hku_user3/EnergyBridge/experiments/real_data/tianjin_tou_price_normalized.csv,18.0,1.0,/home/hku_user3/EnergyBridge/benchmark_results/vpp_patch_2026-07-15/_batch_logs/daily_event_configs/d10_hist_d10_1.json,skipped_done,0,0.0,/home/hku_user3/EnergyBridge/benchmark_results/vpp_patch_2026-07-15/household_s5_shared_roommates_irregular_no_dr_tianjin_d10_hist_d10_1_2025-06-10_1day,/home/hku_user3/EnergyBridge/benchmark_results/vpp_patch_2026-07-15/_batch_logs/daily_dr_memory_tianjin_1day/household_s5_shared_roommates_irregular_no_dr_tianjin_d10_hist_d10_1_2025-06-10_1day.log,/home/hku_user3/EnergyBridge/benchmark_results/vpp_patch_2026-07-15/household_s5_shared_roommates_irregular_no_dr_tianjin_d10_hist_d10_1_2025-06-10_1day/run_summary.txt,0,42.491642,42.491642,51.730909,1.432064,normalized TOU cost/kWh,D:\Pycharm_project\PycharmProjects\EnergyBridge\experiments\real_data\tianjin_tou_price_normalized.csv,6.3688,6.3688,1.0,1.0,,0.0,1.0,[],"['dishwasher', 'dryer', 'ev', 'washer', 'water_heater']",[],matched,household_s5_shared_roommates_irregular|tianjin|1days|2025-06-10|no_dr,/home/hku_user3/EnergyBridge/benchmark_results/vpp_patch_2026-07-15/household_s5_shared_roommates_irregular_no_dr_tianjin_d10_hist_d10_1_2025-06-10_1day/benchmark_result.json,no_dr_counterfactual_event_window_energy,1,6.3688,6.3688,6.3688,6.3688,0.0,0.0,0.0,0.0,0.0,no_dr_counterfactual_baseline
household_s2_multigeneration_caregiver,household_s2_multigeneration_caregiver,EnergyBridge,Tianjin,1,2025-06-10,d10_hist_d10_1,hist_d10_1,10,/home/hku_user3/EnergyBridge/experiments/real_data/tianjin_tou_price_normalized.csv,18.0,1.0,/home/hku_user3/EnergyBridge/benchmark_results/vpp_patch_2026-07-15/_batch_logs/daily_event_configs/d10_hist_d10_1.json,skipped_done,0,0.0,/home/hku_user3/EnergyBridge/benchmark_results/vpp_patch_2026-07-15/household_s2_multigeneration_caregiver_EnergyBridge_tianjin_d10_hist_d10_1_2025-06-10_1day,/home/hku_user3/EnergyBridge/benchmark_results/vpp_patch_2026-07-15/_batch_logs/daily_dr_memory_tianjin_1day/household_s2_multigeneration_caregiver_EnergyBridge_tianjin_d10_hist_d10_1_2025-06-10_1day.log,/home/hku_user3/EnergyBridge/benchmark_results/vpp_patch_2026-07-15/household_s2_multigeneration_caregiver_EnergyBridge_tianjin_d10_hist_d10_1_2025-06-10_1day/run_summary.txt,0,38.18815,38.18815,42.893332,1.278137,normalized TOU cost/kWh,D:\Pycharm_project\PycharmProjects\EnergyBridge\experiments\real_data\tianjin_tou_price_normalized.csv,1.697,1.697,1.0,1.0,2.0,1.0,0.8,"['dishwasher', 'dryer', 'ev', 'washer', 'water_heater']",[],[],matched,household_s2_multigeneration_caregiver|tianjin|1days|2025-06-10|no_dr,/home/hku_user3/EnergyBridge/benchmark_results/vpp_patch_2026-07-15/household_s2_multigeneration_caregiver_no_dr_tianjin_d10_hist_d10_1_2025-06-10_1day/benchmark_result.json,no_dr_counterfactual_event_window_energy,1,5.8317,1.697,5.8317,5.8317,4.1347,4.1347,0.709004,4.1347,4.1347,no_dr_counterfactual_baseline
household_s1_dual_commuter_standard,household_s1_dual_commuter_standard,no_dr,Germany,1,2025-06-11,d11_hist_d11_1,hist_d11_1,11,/home/hku_user3/EnergyBridge/experiments/real_data/germany_2025_price.csv,18.0,1.0,/home/hku_user3/EnergyBridge/benchmark_results/vpp_patch_2026-07-15/_batch_logs/daily_event_configs/d11_hist_d11_1.json,skipped_done,0,0.0,/home/hku_user3/EnergyBridge/benchmark_results/vpp_patch_2026-07-15/household_s1_dual_commuter_standard_no_dr_germany_d11_hist_d11_1_2025-06-11_1day,/home/hku_user3/EnergyBridge/benchmark_results/vpp_patch_2026-07-15/_batch_logs/daily_dr_memory_germany_1day/household_s1_dual_commuter_standard_no_dr_germany_d11_hist_d11_1_2025-06-11_1day.log,/home/hku_user3/EnergyBridge/benchmark_results/vpp_patch_2026-07-15/household_s1_dual_commuter_standard_no_dr_germany_d11_hist_d11_1_2025-06-11_1day/run_summary.txt,0,36.890818,36.890818,14.757832,0.084715,EUR/kWh,D:\Pycharm_project\PycharmProjects\EnergyBridge\experiments\real_data\germany_2025_price.csv,10.4555,10.4555,1.0,1.0,,0.0,1.0,[],"['dishwasher', 'dryer', 'ev', 'washer', 'water_heater']",[],matched,household_s1_dual_commuter_standard|germany|1days|2025-06-11|no_dr,/home/hku_user3/EnergyBridge/benchmark_results/vpp_patch_2026-07-15/household_s1_dual_commuter_standard_no_dr_germany_d11_hist_d11_1_2025-06-11_1day/benchmark_result.json,no_dr_counterfactual_event_window_energy,1,10.4555,10.4555,10.4555,10.4555,0.0,0.0,0.0,0.0,0.0,no_dr_counterfactual_baseline
household_s2_multigeneration_caregiver,household_s2_multigeneration_caregiver,no_dr,Germany,1,2025-06-11,d11_hist_d11_1,hist_d11_1,11,/home/hku_user3/EnergyBridge/experiments/real_data/germany_2025_price.csv,18.0,1.0,/home/hku_user3/EnergyBridge/benchmark_results/vpp_patch_2026-07-15/_batch_logs/daily_event_configs/d11_hist_d11_1.json,skipped_done,0,0.0,/home/hku_user3/EnergyBridge/benchmark_results/vpp_patch_2026-07-15/household_s2_multigeneration_caregiver_no_dr_germany_d11_hist_d11_1_2025-06-11_1day,/home/hku_user3/EnergyBridge/benchmark_results/vpp_patch_2026-07-15/_batch_logs/daily_dr_memory_germany_1day/household_s2_multigeneration_caregiver_no_dr_germany_d11_hist_d11_1_2025-06-11_1day.log,/home/hku_user3/EnergyBridge/benchmark_results/vpp_patch_2026-07-15/household_s2_multigeneration_caregiver_no_dr_germany_d11_hist_d11_1_2025-06-11_1day/run_summary.txt,0,33.424912,33.424912,14.341298,0.084202,EUR/kWh,D:\Pycharm_project\PycharmProjects\EnergyBridge\experiments\real_data\germany_2025_price.csv,10.4856,10.4856,1.0,1.0,,0.0,1.0,[],"['dishwasher', 'dryer', 'ev', 'washer', 'water_heater']",[],matched,household_s2_multigeneration_caregiver|germany|1days|2025-06-11|no_dr,/home/hku_user3/EnergyBridge/benchmark_results/vpp_patch_2026-07-15/household_s2_multigeneration_caregiver_no_dr_germany_d11_hist_d11_1_2025-06-11_1day/benchmark_result.json,no_dr_counterfactual_event_window_energy,1,10.4856,10.4856,10.4856,10.4856,0.0,0.0,0.0,0.0,0.0,no_dr_counterfactual_baseline
household_s4_ev_commuter_flexible,household_s4_ev_commuter_flexible,EnergyBridge,Tianjin,1,2025-06-10,d10_hist_d10_1,hist_d10_1,10,/home/hku_user3/EnergyBridge/experiments/real_data/tianjin_tou_price_normalized.csv,18.0,1.0,/home/hku_user3/EnergyBridge/benchmark_results/vpp_patch_2026-07-15/_batch_logs/daily_event_configs/d10_hist_d10_1.json,skipped_done,0,0.0,/home/hku_user3/EnergyBridge/benchmark_results/vpp_patch_2026-07-15/household_s4_ev_commuter_flexible_EnergyBridge_tianjin_d10_hist_d10_1_2025-06-10_1day,/home/hku_user3/EnergyBridge/benchmark_results/vpp_patch_2026-07-15/_batch_logs/daily_dr_memory_tianjin_1day/household_s4_ev_commuter_flexible_EnergyBridge_tianjin_d10_hist_d10_1_2025-06-10_1day.log,/home/hku_user3/EnergyBridge/benchmark_results/vpp_patch_2026-07-15/household_s4_ev_commuter_flexible_EnergyBridge_tianjin_d10_hist_d10_1_2025-06-10_1day/run_summary.txt,0,47.133364,47.133364,51.910373,1.428889,normalized TOU cost/kWh,D:\Pycharm_project\PycharmProjects\EnergyBridge\experiments\real_data\tianjin_tou_price_normalized.csv,1.1742,1.1742,1.0,1.0,4.5,1.0,1.0,"['dishwasher', 'dryer', 'ev', 'washer', 'water_heater']",[],[],matched,household_s4_ev_commuter_flexible|tianjin|1days|2025-06-10|no_dr,/home/hku_user3/EnergyBridge/benchmark_results/vpp_patch_2026-07-15/household_s4_ev_commuter_flexible_no_dr_tianjin_d10_hist_d10_1_2025-06-10_1day/benchmark_result.json,no_dr_counterfactual_event_window_energy,1,6.3688,1.1742,6.3688,6.3688,5.1946,5.1946,0.815632,5.1946,5.1946,no_dr_counterfactual_baseline
household_s1_dual_commuter_standard,household_s1_dual_commuter_standard,EnergyBridge,Germany,1,2025-06-11,d11_hist_d11_1,hist_d11_1,11,/home/hku_user3/EnergyBridge/experiments/real_data/germany_2025_price.csv,18.0,1.0,/home/hku_user3/EnergyBridge/benchmark_results/vpp_patch_2026-07-15/_batch_logs/daily_event_configs/d11_hist_d11_1.json,skipped_done,0,0.0,/home/hku_user3/EnergyBridge/benchmark_results/vpp_patch_2026-07-15/household_s1_dual_commuter_standard_EnergyBridge_germany_d11_hist_d11_1_2025-06-11_1day,/home/hku_user3/EnergyBridge/benchmark_results/vpp_patch_2026-07-15/_batch_logs/daily_dr_memory_germany_1day/household_s1_dual_commuter_standard_EnergyBridge_germany_d11_hist_d11_1_2025-06-11_1day.log,/home/hku_user3/EnergyBridge/benchmark_results/vpp_patch_2026-07-15/household_s1_dual_commuter_standard_EnergyBridge_germany_d11_hist_d11_1_2025-06-11_1day/run_summary.txt,0,39.99135,39.99135,13.133326,0.076591,EUR/kWh,D:\Pycharm_project\PycharmProjects\EnergyBridge\experiments\real_data\germany_2025_price.csv,6.4164,6.4164,1.0,1.0,4.25,1.0,1.0,"['dishwasher', 'dryer', 'ev', 'washer', 'water_heater']",[],[],matched,household_s1_dual_commuter_standard|germany|1days|2025-06-11|no_dr,/home/hku_user3/EnergyBridge/benchmark_results/vpp_patch_2026-07-15/household_s1_dual_commuter_standard_no_dr_germany_d11_hist_d11_1_2025-06-11_1day/benchmark_result.json,no_dr_counterfactual_event_window_energy,1,10.4555,6.4164,10.4555,10.4555,4.0391,4.0391,0.386313,4.0391,4.0391,no_dr_counterfactual_baseline
household_s3_hybrid_work_from_home,household_s3_hybrid_work_from_home,no_dr,Germany,1,2025-06-11,d11_hist_d11_1,hist_d11_1,11,/home/hku_user3/EnergyBridge/experiments/real_data/germany_2025_price.csv,18.0,1.0,/home/hku_user3/EnergyBridge/benchmark_results/vpp_patch_2026-07-15/_batch_logs/daily_event_configs/d11_hist_d11_1.json,skipped_done,0,0.0,/home/hku_user3/EnergyBridge/benchmark_results/vpp_patch_2026-07-15/household_s3_hybrid_work_from_home_no_dr_germany_d11_hist_d11_1_2025-06-11_1day,/home/hku_user3/EnergyBridge/benchmark_results/vpp_patch_2026-07-15/_batch_logs/daily_dr_memory_germany_1day/household_s3_hybrid_work_from_home_no_dr_germany_d11_hist_d11_1_2025-06-11_1day.log,/home/hku_user3/EnergyBridge/benchmark_results/vpp_patch_2026-07-15/household_s3_hybrid_work_from_home_no_dr_germany_d11_hist_d11_1_2025-06-11_1day/run_summary.txt,0,35.073972,35.073972,14.547187,0.084592,EUR/kWh,D:\Pycharm_project\PycharmProjects\EnergyBridge\experiments\real_data\germany_2025_price.csv,10.4651,10.4651,1.0,1.0,,0.0,0.8,[],"['dishwasher', 'dryer', 'ev', 'washer', 'water_heater']",[],matched,household_s3_hybrid_work_from_home|germany|1days|2025-06-11|no_dr,/home/hku_user3/EnergyBridge/benchmark_results/vpp_patch_2026-07-15/household_s3_hybrid_work_from_home_no_dr_germany_d11_hist_d11_1_2025-06-11_1day/benchmark_result.json,no_dr_counterfactual_event_window_energy,1,10.4651,10.4651,10.4651,10.4651,0.0,0.0,0.0,0.0,0.0,no_dr_counterfactual_baseline
household_s4_ev_commuter_flexible,household_s4_ev_commuter_flexible,no_dr,Germany,1,2025-06-11,d11_hist_d11_1,hist_d11_1,11,/home/hku_user3/EnergyBridge/experiments/real_data/germany_2025_price.csv,18.0,1.0,/home/hku_user3/EnergyBridge/benchmark_results/vpp_patch_2026-07-15/_batch_logs/daily_event_configs/d11_hist_d11_1.json,skipped_done,0,0.0,/home/hku_user3/EnergyBridge/benchmark_results/vpp_patch_2026-07-15/household_s4_ev_commuter_flexible_no_dr_germany_d11_hist_d11_1_2025-06-11_1day,/home/hku_user3/EnergyBridge/benchmark_results/vpp_patch_2026-07-15/_batch_logs/daily_dr_memory_germany_1day/household_s4_ev_commuter_flexible_no_dr_germany_d11_hist_d11_1_2025-06-11_1day.log,/home/hku_user3/EnergyBridge/benchmark_results/vpp_patch_2026-07-15/household_s4_ev_commuter_flexible_no_dr_germany_d11_hist_d11_1_2025-06-11_1day/run_summary.txt,0,38.931398,38.931398,14.962869,0.084898,EUR/kWh,D:\Pycharm_project\PycharmProjects\EnergyBridge\experiments\real_data\germany_2025_price.csv,10.4555,10.4555,1.0,1.0,,0.0,1.0,[],"['dishwasher', 'dryer', 'ev', 'washer', 'water_heater']",[],matched,household_s4_ev_commuter_flexible|germany|1days|2025-06-11|no_dr,/home/hku_user3/EnergyBridge/benchmark_results/vpp_patch_2026-07-15/household_s4_ev_commuter_flexible_no_dr_germany_d11_hist_d11_1_2025-06-11_1day/benchmark_result.json,no_dr_counterfactual_event_window_energy,1,10.4555,10.4555,10.4555,10.4555,0.0,0.0,0.0,0.0,0.0,no_dr_counterfactual_baseline
household_s3_hybrid_work_from_home,household_s3_hybrid_work_from_home,EnergyBridge,Tianjin,1,2025-06-10,d10_hist_d10_1,hist_d10_1,10,/home/hku_user3/EnergyBridge/experiments/real_data/tianjin_tou_price_normalized.csv,18.0,1.0,/home/hku_user3/EnergyBridge/benchmark_results/vpp_patch_2026-07-15/_batch_logs/daily_event_configs/d10_hist_d10_1.json,skipped_done,0,0.0,/home/hku_user3/EnergyBridge/benchmark_results/vpp_patch_2026-07-15/household_s3_hybrid_work_from_home_EnergyBridge_tianjin_d10_hist_d10_1_2025-06-10_1day,/home/hku_user3/EnergyBridge/benchmark_results/vpp_patch_2026-07-15/_batch_logs/daily_dr_memory_tianjin_1day/household_s3_hybrid_work_from_home_EnergyBridge_tianjin_d10_hist_d10_1_2025-06-10_1day.log,/home/hku_user3/EnergyBridge/benchmark_results/vpp_patch_2026-07-15/household_s3_hybrid_work_from_home_EnergyBridge_tianjin_d10_hist_d10_1_2025-06-10_1day/run_summary.txt,0,40.184757,40.184757,47.355194,1.419411,normalized TOU cost/kWh,D:\Pycharm_project\PycharmProjects\EnergyBridge\experiments\real_data\tianjin_tou_price_normalized.csv,0.9194,0.9194,1.0,1.0,4.0,1.0,1.0,"['dishwasher', 'dryer', 'ev', 'washer', 'water_heater']",[],[],matched,household_s3_hybrid_work_from_home|tianjin|1days|2025-06-10|no_dr,/home/hku_user3/EnergyBridge/benchmark_results/vpp_patch_2026-07-15/household_s3_hybrid_work_from_home_no_dr_tianjin_d10_hist_d10_1_2025-06-10_1day/benchmark_result.json,no_dr_counterfactual_event_window_energy,1,6.3722,0.9194,6.3722,6.3722,5.4528,5.4528,0.855717,5.4528,5.4528,no_dr_counterfactual_baseline
household_s3_hybrid_work_from_home,household_s3_hybrid_work_from_home,EnergyBridge,Germany,1,2025-06-11,d11_hist_d11_1,hist_d11_1,11,/home/hku_user3/EnergyBridge/experiments/real_data/germany_2025_price.csv,18.0,1.0,/home/hku_user3/EnergyBridge/benchmark_results/vpp_patch_2026-07-15/_batch_logs/daily_event_configs/d11_hist_d11_1.json,skipped_done,0,0.0,/home/hku_user3/EnergyBridge/benchmark_results/vpp_patch_2026-07-15/household_s3_hybrid_work_from_home_EnergyBridge_germany_d11_hist_d11_1_2025-06-11_1day,/home/hku_user3/EnergyBridge/benchmark_results/vpp_patch_2026-07-15/_batch_logs/daily_dr_memory_germany_1day/household_s3_hybrid_work_from_home_EnergyBridge_germany_d11_hist_d11_1_2025-06-11_1day.log,/home/hku_user3/EnergyBridge/benchmark_results/vpp_patch_2026-07-15/household_s3_hybrid_work_from_home_EnergyBridge_germany_d11_hist_d11_1_2025-06-11_1day/run_summary.txt,0,35.34893,35.34893,12.925258,0.076053,EUR/kWh,D:\Pycharm_project\PycharmProjects\EnergyBridge\experiments\real_data\germany_2025_price.csv,6.1923,6.1923,1.0,1.0,3.667,1.0,1.0,"['dishwasher', 'dryer', 'ev', 'washer', 'water_heater']",[],[],matched,household_s3_hybrid_work_from_home|germany|1days|2025-06-11|no_dr,/home/hku_user3/EnergyBridge/benchmark_results/vpp_patch_2026-07-15/household_s3_hybrid_work_from_home_no_dr_germany_d11_hist_d11_1_2025-06-11_1day/benchmark_result.json,no_dr_counterfactual_event_window_energy,1,10.4651,6.1923,10.4651,10.4651,4.2728,4.2728,0.40829,4.2728,4.2728,no_dr_counterfactual_baseline
household_s5_shared_roommates_irregular,household_s5_shared_roommates_irregular,no_dr,Germany,1,2025-06-11,d11_hist_d11_1,hist_d11_1,11,/home/hku_user3/EnergyBridge/experiments/real_data/germany_2025_price.csv,18.0,1.0,/home/hku_user3/EnergyBridge/benchmark_results/vpp_patch_2026-07-15/_batch_logs/daily_event_configs/d11_hist_d11_1.json,skipped_done,0,0.0,/home/hku_user3/EnergyBridge/benchmark_results/vpp_patch_2026-07-15/household_s5_shared_roommates_irregular_no_dr_germany_d11_hist_d11_1_2025-06-11_1day,/home/hku_user3/EnergyBridge/benchmark_results/vpp_patch_2026-07-15/_batch_logs/daily_dr_memory_germany_1day/household_s5_shared_roommates_irregular_no_dr_germany_d11_hist_d11_1_2025-06-11_1day.log,/home/hku_user3/EnergyBridge/benchmark_results/vpp_patch_2026-07-15/household_s5_shared_roommates_irregular_no_dr_germany_d11_hist_d11_1_2025-06-11_1day/run_summary.txt,0,34.850239,34.850239,14.552794,0.084529,EUR/kWh,D:\Pycharm_project\PycharmProjects\EnergyBridge\experiments\real_data\germany_2025_price.csv,10.4555,10.4555,1.0,1.0,,0.0,1.0,[],"['dishwasher', 'dryer', 'ev', 'washer', 'water_heater']",[],matched,household_s5_shared_roommates_irregular|germany|1days|2025-06-11|no_dr,/home/hku_user3/EnergyBridge/benchmark_results/vpp_patch_2026-07-15/household_s5_shared_roommates_irregular_no_dr_germany_d11_hist_d11_1_2025-06-11_1day/benchmark_result.json,no_dr_counterfactual_event_window_energy,1,10.4555,10.4555,10.4555,10.4555,0.0,0.0,0.0,0.0,0.0,no_dr_counterfactual_baseline
household_s1_dual_commuter_standard,household_s1_dual_commuter_standard,no_dr,Tianjin,1,2025-06-11,d11_hist_d11_1,hist_d11_1,11,/home/hku_user3/EnergyBridge/experiments/real_data/tianjin_tou_price_normalized.csv,18.0,1.0,/home/hku_user3/EnergyBridge/benchmark_results/vpp_patch_2026-07-15/_batch_logs/daily_event_configs/d11_hist_d11_1.json,skipped_done,0,0.0,/home/hku_user3/EnergyBridge/benchmark_results/vpp_patch_2026-07-15/household_s1_dual_commuter_standard_no_dr_tianjin_d11_hist_d11_1_2025-06-11_1day,/home/hku_user3/EnergyBridge/benchmark_results/vpp_patch_2026-07-15/_batch_logs/daily_dr_memory_tianjin_1day/household_s1_dual_commuter_standard_no_dr_tianjin_d11_hist_d11_1_2025-06-11_1day.log,/home/hku_user3/EnergyBridge/benchmark_results/vpp_patch_2026-07-15/household_s1_dual_commuter_standard_no_dr_tianjin_d11_hist_d11_1_2025-06-11_1day/run_summary.txt,0,66.467383,66.467383,44.002484,1.362887,normalized TOU cost/kWh,D:\Pycharm_project\PycharmProjects\EnergyBridge\experiments\real_data\tianjin_tou_price_normalized.csv,6.2122,6.2122,1.0,1.0,,0.0,1.0,[],"['dishwasher', 'dryer', 'ev', 'washer', 'water_heater']",[],matched,household_s1_dual_commuter_standard|tianjin|1days|2025-06-11|no_dr,/home/hku_user3/EnergyBridge/benchmark_results/vpp_patch_2026-07-15/household_s1_dual_commuter_standard_no_dr_tianjin_d11_hist_d11_1_2025-06-11_1day/benchmark_result.json,no_dr_counterfactual_event_window_energy,1,6.2122,6.2122,6.2122,6.2122,0.0,0.0,0.0,0.0,0.0,no_dr_counterfactual_baseline
household_s4_ev_commuter_flexible,household_s4_ev_commuter_flexible,EnergyBridge,Germany,1,2025-06-11,d11_hist_d11_1,hist_d11_1,11,/home/hku_user3/EnergyBridge/experiments/real_data/germany_2025_price.csv,18.0,1.0,/home/hku_user3/EnergyBridge/benchmark_results/vpp_patch_2026-07-15/_batch_logs/daily_event_configs/d11_hist_d11_1.json,skipped_done,0,0.0,/home/hku_user3/EnergyBridge/benchmark_results/vpp_patch_2026-07-15/household_s4_ev_commuter_flexible_EnergyBridge_germany_d11_hist_d11_1_2025-06-11_1day,/home/hku_user3/EnergyBridge/benchmark_results/vpp_patch_2026-07-15/_batch_logs/daily_dr_memory_germany_1day/household_s4_ev_commuter_flexible_EnergyBridge_germany_d11_hist_d11_1_2025-06-11_1day.log,/home/hku_user3/EnergyBridge/benchmark_results/vpp_patch_2026-07-15/household_s4_ev_commuter_flexible_EnergyBridge_germany_d11_hist_d11_1_2025-06-11_1day/run_summary.txt,0,42.03193,42.03193,13.421167,0.077349,EUR/kWh,D:\Pycharm_project\PycharmProjects\EnergyBridge\experiments\real_data\germany_2025_price.csv,6.4164,6.4164,1.0,1.0,4.25,1.0,1.0,"['dishwasher', 'dryer', 'ev', 'washer', 'water_heater']",[],[],matched,household_s4_ev_commuter_flexible|germany|1days|2025-06-11|no_dr,/home/hku_user3/EnergyBridge/benchmark_results/vpp_patch_2026-07-15/household_s4_ev_commuter_flexible_no_dr_germany_d11_hist_d11_1_2025-06-11_1day/benchmark_result.json,no_dr_counterfactual_event_window_energy,1,10.4555,6.4164,10.4555,10.4555,4.0391,4.0391,0.386313,4.0391,4.0391,no_dr_counterfactual_baseline
household_s5_shared_roommates_irregular,household_s5_shared_roommates_irregular,EnergyBridge,Germany,1,2025-06-11,d11_hist_d11_1,hist_d11_1,11,/home/hku_user3/EnergyBridge/experiments/real_data/germany_2025_price.csv,18.0,1.0,/home/hku_user3/EnergyBridge/benchmark_results/vpp_patch_2026-07-15/_batch_logs/daily_event_configs/d11_hist_d11_1.json,skipped_done,0,0.0,/home/hku_user3/EnergyBridge/benchmark_results/vpp_patch_2026-07-15/household_s5_shared_roommates_irregular_EnergyBridge_germany_d11_hist_d11_1_2025-06-11_1day,/home/hku_user3/EnergyBridge/benchmark_results/vpp_patch_2026-07-15/_batch_logs/daily_dr_memory_germany_1day/household_s5_shared_roommates_irregular_EnergyBridge_germany_d11_hist_d11_1_2025-06-11_1day.log,/home/hku_user3/EnergyBridge/benchmark_results/vpp_patch_2026-07-15/household_s5_shared_roommates_irregular_EnergyBridge_germany_d11_hist_d11_1_2025-06-11_1day/run_summary.txt,0,37.950771,37.950771,12.94947,0.076428,EUR/kWh,D:\Pycharm_project\PycharmProjects\EnergyBridge\experiments\real_data\germany_2025_price.csv,6.4164,6.4164,1.0,1.0,4.0,1.0,1.0,"['dishwasher', 'dryer', 'ev', 'washer', 'water_heater']",[],[],matched,household_s5_shared_roommates_irregular|germany|1days|2025-06-11|no_dr,/home/hku_user3/EnergyBridge/benchmark_results/vpp_patch_2026-07-15/household_s5_shared_roommates_irregular_no_dr_germany_d11_hist_d11_1_2025-06-11_1day/benchmark_result.json,no_dr_counterfactual_event_window_energy,1,10.4555,6.4164,10.4555,10.4555,4.0391,4.0391,0.386313,4.0391,4.0391,no_dr_counterfactual_baseline
household_s2_multigeneration_caregiver,household_s2_multigeneration_caregiver,no_dr,Tianjin,1,2025-06-11,d11_hist_d11_1,hist_d11_1,11,/home/hku_user3/EnergyBridge/experiments/real_data/tianjin_tou_price_normalized.csv,18.0,1.0,/home/hku_user3/EnergyBridge/benchmark_results/vpp_patch_2026-07-15/_batch_logs/daily_event_configs/d11_hist_d11_1.json,skipped_done,0,0.0,/home/hku_user3/EnergyBridge/benchmark_results/vpp_patch_2026-07-15/household_s2_multigeneration_caregiver_no_dr_tianjin_d11_hist_d11_1_2025-06-11_1day,/home/hku_user3/EnergyBridge/benchmark_results/vpp_patch_2026-07-15/_batch_logs/daily_dr_memory_tianjin_1day/household_s2_multigeneration_caregiver_no_dr_tianjin_d11_hist_d11_1_2025-06-11_1day.log,/home/hku_user3/EnergyBridge/benchmark_results/vpp_patch_2026-07-15/household_s2_multigeneration_caregiver_no_dr_tianjin_d11_hist_d11_1_2025-06-11_1day/run_summary.txt,0,63.453928,63.453928,44.074951,1.346017,normalized TOU cost/kWh,D:\Pycharm_project\PycharmProjects\EnergyBridge\experiments\real_data\tianjin_tou_price_normalized.csv,6.2574,6.2574,1.0,1.0,,0.0,1.0,[],"['dishwasher', 'dryer', 'ev', 'washer', 'water_heater']",[],matched,household_s2_multigeneration_caregiver|tianjin|1days|2025-06-11|no_dr,/home/hku_user3/EnergyBridge/benchmark_results/vpp_patch_2026-07-15/household_s2_multigeneration_caregiver_no_dr_tianjin_d11_hist_d11_1_2025-06-11_1day/benchmark_result.json,no_dr_counterfactual_event_window_energy,1,6.2574,6.2574,6.2574,6.2574,0.0,0.0,0.0,0.0,0.0,no_dr_counterfactual_baseline
household_s5_shared_roommates_irregular,household_s5_shared_roommates_irregular,EnergyBridge,Tianjin,1,2025-06-10,d10_hist_d10_1,hist_d10_1,10,/home/hku_user3/EnergyBridge/experiments/real_data/tianjin_tou_price_normalized.csv,18.0,1.0,/home/hku_user3/EnergyBridge/benchmark_results/vpp_patch_2026-07-15/_batch_logs/daily_event_configs/d10_hist_d10_1.json,skipped_done,0,0.0,/home/hku_user3/EnergyBridge/benchmark_results/vpp_patch_2026-07-15/household_s5_shared_roommates_irregular_EnergyBridge_tianjin_d10_hist_d10_1_2025-06-10_1day,/home/hku_user3/EnergyBridge/benchmark_results/vpp_patch_2026-07-15/_batch_logs/daily_dr_memory_tianjin_1day/household_s5_shared_roommates_irregular_EnergyBridge_tianjin_d10_hist_d10_1_2025-06-10_1day.log,/home/hku_user3/EnergyBridge/benchmark_results/vpp_patch_2026-07-15/household_s5_shared_roommates_irregular_EnergyBridge_tianjin_d10_hist_d10_1_2025-06-10_1day/run_summary.txt,0,42.294432,42.294432,45.040106,1.385026,normalized TOU cost/kWh,D:\Pycharm_project\PycharmProjects\EnergyBridge\experiments\real_data\tianjin_tou_price_normalized.csv,1.5367,1.5367,1.0,1.0,4.25,1.0,1.0,"['dishwasher', 'dryer', 'ev', 'washer', 'water_heater']",[],[],matched,household_s5_shared_roommates_irregular|tianjin|1days|2025-06-10|no_dr,/home/hku_user3/EnergyBridge/benchmark_results/vpp_patch_2026-07-15/household_s5_shared_roommates_irregular_no_dr_tianjin_d10_hist_d10_1_2025-06-10_1day/benchmark_result.json,no_dr_counterfactual_event_window_energy,1,6.3688,1.5367,6.3688,6.3688,4.8321,4.8321,0.758714,4.8321,4.8321,no_dr_counterfactual_baseline
household_s2_multigeneration_caregiver,household_s2_multigeneration_caregiver,EnergyBridge,Germany,1,2025-06-11,d11_hist_d11_1,hist_d11_1,11,/home/hku_user3/EnergyBridge/experiments/real_data/germany_2025_price.csv,18.0,1.0,/home/hku_user3/EnergyBridge/benchmark_results/vpp_patch_2026-07-15/_batch_logs/daily_event_configs/d11_hist_d11_1.json,skipped_done,0,0.0,/home/hku_user3/EnergyBridge/benchmark_results/vpp_patch_2026-07-15/household_s2_multigeneration_caregiver_EnergyBridge_germany_d11_hist_d11_1_2025-06-11_1day,/home/hku_user3/EnergyBridge/benchmark_results/vpp_patch_2026-07-15/_batch_logs/daily_dr_memory_germany_1day/household_s2_multigeneration_caregiver_EnergyBridge_germany_d11_hist_d11_1_2025-06-11_1day.log,/home/hku_user3/EnergyBridge/benchmark_results/vpp_patch_2026-07-15/household_s2_multigeneration_caregiver_EnergyBridge_germany_d11_hist_d11_1_2025-06-11_1day/run_summary.txt,0,34.39443,34.39443,12.739175,0.075251,EUR/kWh,D:\Pycharm_project\PycharmProjects\EnergyBridge\experiments\real_data\germany_2025_price.csv,6.3215,6.3215,1.0,1.0,4.4,1.0,1.0,"['dishwasher', 'dryer', 'ev', 'washer', 'water_heater']",[],[],matched,household_s2_multigeneration_caregiver|germany|1days|2025-06-11|no_dr,/home/hku_user3/EnergyBridge/benchmark_results/vpp_patch_2026-07-15/household_s2_multigeneration_caregiver_no_dr_germany_d11_hist_d11_1_2025-06-11_1day/benchmark_result.json,no_dr_counterfactual_event_window_energy,1,10.4856,6.3215,10.4856,10.4856,4.1641,4.1641,0.397126,4.1641,4.1641,no_dr_counterfactual_baseline
household_s3_hybrid_work_from_home,household_s3_hybrid_work_from_home,no_dr,Tianjin,1,2025-06-11,d11_hist_d11_1,hist_d11_1,11,/home/hku_user3/EnergyBridge/experiments/real_data/tianjin_tou_price_normalized.csv,18.0,1.0,/home/hku_user3/EnergyBridge/benchmark_results/vpp_patch_2026-07-15/_batch_logs/daily_event_configs/d11_hist_d11_1.json,skipped_done,0,0.0,/home/hku_user3/EnergyBridge/benchmark_results/vpp_patch_2026-07-15/household_s3_hybrid_work_from_home_no_dr_tianjin_d11_hist_d11_1_2025-06-11_1day,/home/hku_user3/EnergyBridge/benchmark_results/vpp_patch_2026-07-15/_batch_logs/daily_dr_memory_tianjin_1day/household_s3_hybrid_work_from_home_no_dr_tianjin_d11_hist_d11_1_2025-06-11_1day.log,/home/hku_user3/EnergyBridge/benchmark_results/vpp_patch_2026-07-15/household_s3_hybrid_work_from_home_no_dr_tianjin_d11_hist_d11_1_2025-06-11_1day/run_summary.txt,0,62.238542,62.238542,43.157882,1.357634,normalized TOU cost/kWh,D:\Pycharm_project\PycharmProjects\EnergyBridge\experiments\real_data\tianjin_tou_price_normalized.csv,6.2183,6.2183,1.0,1.0,,0.0,0.8,[],"['dishwasher', 'dryer', 'ev', 'washer', 'water_heater']",[],matched,household_s3_hybrid_work_from_home|tianjin|1days|2025-06-11|no_dr,/home/hku_user3/EnergyBridge/benchmark_results/vpp_patch_2026-07-15/household_s3_hybrid_work_from_home_no_dr_tianjin_d11_hist_d11_1_2025-06-11_1day/benchmark_result.json,no_dr_counterfactual_event_window_energy,1,6.2183,6.2183,6.2183,6.2183,0.0,0.0,0.0,0.0,0.0,no_dr_counterfactual_baseline
household_s4_ev_commuter_flexible,household_s4_ev_commuter_flexible,no_dr,Tianjin,1,2025-06-11,d11_hist_d11_1,hist_d11_1,11,/home/hku_user3/EnergyBridge/experiments/real_data/tianjin_tou_price_normalized.csv,18.0,1.0,/home/hku_user3/EnergyBridge/benchmark_results/vpp_patch_2026-07-15/_batch_logs/daily_event_configs/d11_hist_d11_1.json,skipped_done,0,0.0,/home/hku_user3/EnergyBridge/benchmark_results/vpp_patch_2026-07-15/household_s4_ev_commuter_flexible_no_dr_tianjin_d11_hist_d11_1_2025-06-11_1day,/home/hku_user3/EnergyBridge/benchmark_results/vpp_patch_2026-07-15/_batch_logs/daily_dr_memory_tianjin_1day/household_s4_ev_commuter_flexible_no_dr_tianjin_d11_hist_d11_1_2025-06-11_1day.log,/home/hku_user3/EnergyBridge/benchmark_results/vpp_patch_2026-07-15/household_s4_ev_commuter_flexible_no_dr_tianjin_d11_hist_d11_1_2025-06-11_1day/run_summary.txt,0,68.8326,68.8326,44.633208,1.365747,normalized TOU cost/kWh,D:\Pycharm_project\PycharmProjects\EnergyBridge\experiments\real_data\tianjin_tou_price_normalized.csv,6.2122,6.2122,1.0,1.0,,0.0,1.0,[],"['dishwasher', 'dryer', 'ev', 'washer', 'water_heater']",[],matched,household_s4_ev_commuter_flexible|tianjin|1days|2025-06-11|no_dr,/home/hku_user3/EnergyBridge/benchmark_results/vpp_patch_2026-07-15/household_s4_ev_commuter_flexible_no_dr_tianjin_d11_hist_d11_1_2025-06-11_1day/benchmark_result.json,no_dr_counterfactual_event_window_energy,1,6.2122,6.2122,6.2122,6.2122,0.0,0.0,0.0,0.0,0.0,no_dr_counterfactual_baseline
household_s5_shared_roommates_irregular,household_s5_shared_roommates_irregular,no_dr,Tianjin,1,2025-06-11,d11_hist_d11_1,hist_d11_1,11,/home/hku_user3/EnergyBridge/experiments/real_data/tianjin_tou_price_normalized.csv,18.0,1.0,/home/hku_user3/EnergyBridge/benchmark_results/vpp_patch_2026-07-15/_batch_logs/daily_event_configs/d11_hist_d11_1.json,skipped_done,0,0.0,/home/hku_user3/EnergyBridge/benchmark_results/vpp_patch_2026-07-15/household_s5_shared_roommates_irregular_no_dr_tianjin_d11_hist_d11_1_2025-06-11_1day,/home/hku_user3/EnergyBridge/benchmark_results/vpp_patch_2026-07-15/_batch_logs/daily_dr_memory_tianjin_1day/household_s5_shared_roommates_irregular_no_dr_tianjin_d11_hist_d11_1_2025-06-11_1day.log,/home/hku_user3/EnergyBridge/benchmark_results/vpp_patch_2026-07-15/household_s5_shared_roommates_irregular_no_dr_tianjin_d11_hist_d11_1_2025-06-11_1day/run_summary.txt,0,61.8326,61.8326,42.766542,1.357075,normalized TOU cost/kWh,D:\Pycharm_project\PycharmProjects\EnergyBridge\experiments\real_data\tianjin_tou_price_normalized.csv,6.2122,6.2122,1.0,1.0,,0.0,1.0,[],"['dishwasher', 'dryer', 'ev', 'washer', 'water_heater']",[],matched,household_s5_shared_roommates_irregular|tianjin|1days|2025-06-11|no_dr,/home/hku_user3/EnergyBridge/benchmark_results/vpp_patch_2026-07-15/household_s5_shared_roommates_irregular_no_dr_tianjin_d11_hist_d11_1_2025-06-11_1day/benchmark_result.json,no_dr_counterfactual_event_window_energy,1,6.2122,6.2122,6.2122,6.2122,0.0,0.0,0.0,0.0,0.0,no_dr_counterfactual_baseline
household_s3_hybrid_work_from_home,household_s3_hybrid_work_from_home,EnergyBridge,Tianjin,1,2025-06-11,d11_hist_d11_1,hist_d11_1,11,/home/hku_user3/EnergyBridge/experiments/real_data/tianjin_tou_price_normalized.csv,18.0,1.0,/home/hku_user3/EnergyBridge/benchmark_results/vpp_patch_2026-07-15/_batch_logs/daily_event_configs/d11_hist_d11_1.json,skipped_done,0,0.0,/home/hku_user3/EnergyBridge/benchmark_results/vpp_patch_2026-07-15/household_s3_hybrid_work_from_home_EnergyBridge_tianjin_d11_hist_d11_1_2025-06-11_1day,/home/hku_user3/EnergyBridge/benchmark_results/vpp_patch_2026-07-15/_batch_logs/daily_dr_memory_tianjin_1day/household_s3_hybrid_work_from_home_EnergyBridge_tianjin_d11_hist_d11_1_2025-06-11_1day.log,/home/hku_user3/EnergyBridge/benchmark_results/vpp_patch_2026-07-15/household_s3_hybrid_work_from_home_EnergyBridge_tianjin_d11_hist_d11_1_2025-06-11_1day/run_summary.txt,0,57.503767,57.503767,53.322233,1.412974,normalized TOU cost/kWh,D:\Pycharm_project\PycharmProjects\EnergyBridge\experiments\real_data\tianjin_tou_price_normalized.csv,1.6347,1.6347,1.0,1.0,4.0,1.0,1.0,"['dishwasher', 'dryer', 'ev', 'washer', 'water_heater']",[],[],matched,household_s3_hybrid_work_from_home|tianjin|1days|2025-06-11|no_dr,/home/hku_user3/EnergyBridge/benchmark_results/vpp_patch_2026-07-15/household_s3_hybrid_work_from_home_no_dr_tianjin_d11_hist_d11_1_2025-06-11_1day/benchmark_result.json,no_dr_counterfactual_event_window_energy,1,6.2183,1.6347,6.2183,6.2183,4.5836,4.5836,0.737115,4.5836,4.5836,no_dr_counterfactual_baseline
household_s1_dual_commuter_standard,household_s1_dual_commuter_standard,no_dr,Germany,1,2025-06-12,d12_hist_d12_1_patched,hist_d12_1_patched,12,/home/hku_user3/EnergyBridge/experiments/real_data/germany_2025_price.csv,18.0,1.0,/home/hku_user3/EnergyBridge/benchmark_results/vpp_patch_2026-07-15/_batch_logs/daily_event_configs/d12_hist_d12_1_patched.json,skipped_done,0,0.0,/home/hku_user3/EnergyBridge/benchmark_results/vpp_patch_2026-07-15/household_s1_dual_commuter_standard_no_dr_germany_d12_hist_d12_1_patched_2025-06-12_1day,/home/hku_user3/EnergyBridge/benchmark_results/vpp_patch_2026-07-15/_batch_logs/daily_dr_memory_germany_1day/household_s1_dual_commuter_standard_no_dr_germany_d12_hist_d12_1_patched_2025-06-12_1day.log,/home/hku_user3/EnergyBridge/benchmark_results/vpp_patch_2026-07-15/household_s1_dual_commuter_standard_no_dr_germany_d12_hist_d12_1_patched_2025-06-12_1day/run_summary.txt,0,44.829556,44.829556,11.665875,0.065904,EUR/kWh,/home/hku_user3/EnergyBridge/experiments/real_data/germany_2025_price.csv,10.8065,10.8065,1.0,1.0,,0.0,1.0,[],"['dishwasher', 'dryer', 'ev', 'washer', 'water_heater']",[],matched,household_s1_dual_commuter_standard|germany|1days|2025-06-12|no_dr,/home/hku_user3/EnergyBridge/benchmark_results/vpp_patch_2026-07-15/household_s1_dual_commuter_standard_no_dr_germany_d12_hist_d12_1_patched_2025-06-12_1day/benchmark_result.json,no_dr_counterfactual_event_window_energy,1,10.8065,10.8065,10.8065,10.8065,0.0,0.0,0.0,0.0,0.0,no_dr_counterfactual_baseline
household_s1_dual_commuter_standard,household_s1_dual_commuter_standard,EnergyBridge,Tianjin,1,2025-06-11,d11_hist_d11_1,hist_d11_1,11,/home/hku_user3/EnergyBridge/experiments/real_data/tianjin_tou_price_normalized.csv,18.0,1.0,/home/hku_user3/EnergyBridge/benchmark_results/vpp_patch_2026-07-15/_batch_logs/daily_event_configs/d11_hist_d11_1.json,skipped_done,0,0.0,/home/hku_user3/EnergyBridge/benchmark_results/vpp_patch_2026-07-15/household_s1_dual_commuter_standard_EnergyBridge_tianjin_d11_hist_d11_1_2025-06-11_1day,/home/hku_user3/EnergyBridge/benchmark_results/vpp_patch_2026-07-15/_batch_logs/daily_dr_memory_tianjin_1day/household_s1_dual_commuter_standard_EnergyBridge_tianjin_d11_hist_d11_1_2025-06-11_1day.log,/home/hku_user3/EnergyBridge/benchmark_results/vpp_patch_2026-07-15/household_s1_dual_commuter_standard_EnergyBridge_tianjin_d11_hist_d11_1_2025-06-11_1day/run_summary.txt,0,56.271719,56.271719,51.998439,1.344925,normalized TOU cost/kWh,D:\Pycharm_project\PycharmProjects\EnergyBridge\experiments\real_data\tianjin_tou_price_normalized.csv,1.997,1.997,1.0,1.0,3.75,1.0,1.0,"['dishwasher', 'dryer', 'ev', 'washer', 'water_heater']",[],[],matched,household_s1_dual_commuter_standard|tianjin|1days|2025-06-11|no_dr,/home/hku_user3/EnergyBridge/benchmark_results/vpp_patch_2026-07-15/household_s1_dual_commuter_standard_no_dr_tianjin_d11_hist_d11_1_2025-06-11_1day/benchmark_result.json,no_dr_counterfactual_event_window_energy,1,6.2122,1.997,6.2122,6.2122,4.2152,4.2152,0.678536,4.2152,4.2152,no_dr_counterfactual_baseline
household_s2_multigeneration_caregiver,household_s2_multigeneration_caregiver,no_dr,Germany,1,2025-06-12,d12_hist_d12_1_patched,hist_d12_1_patched,12,/home/hku_user3/EnergyBridge/experiments/real_data/germany_2025_price.csv,18.0,1.0,/home/hku_user3/EnergyBridge/benchmark_results/vpp_patch_2026-07-15/_batch_logs/daily_event_configs/d12_hist_d12_1_patched.json,skipped_done,0,0.0,/home/hku_user3/EnergyBridge/benchmark_results/vpp_patch_2026-07-15/household_s2_multigeneration_caregiver_no_dr_germany_d12_hist_d12_1_patched_2025-06-12_1day,/home/hku_user3/EnergyBridge/benchmark_results/vpp_patch_2026-07-15/_batch_logs/daily_dr_memory_germany_1day/household_s2_multigeneration_caregiver_no_dr_germany_d12_hist_d12_1_patched_2025-06-12_1day.log,/home/hku_user3/EnergyBridge/benchmark_results/vpp_patch_2026-07-15/household_s2_multigeneration_caregiver_no_dr_germany_d12_hist_d12_1_patched_2025-06-12_1day/run_summary.txt,0,40.982661,40.982661,11.403602,0.065395,EUR/kWh,/home/hku_user3/EnergyBridge/experiments/real_data/germany_2025_price.csv,10.8482,10.8482,1.0,1.0,,0.0,1.0,[],"['dishwasher', 'dryer', 'ev', 'washer', 'water_heater']",[],matched,household_s2_multigeneration_caregiver|germany|1days|2025-06-12|no_dr,/home/hku_user3/EnergyBridge/benchmark_results/vpp_patch_2026-07-15/household_s2_multigeneration_caregiver_no_dr_germany_d12_hist_d12_1_patched_2025-06-12_1day/benchmark_result.json,no_dr_counterfactual_event_window_energy,1,10.8482,10.8482,10.8482,10.8482,0.0,0.0,0.0,0.0,0.0,no_dr_counterfactual_baseline
household_s2_multigeneration_caregiver,household_s2_multigeneration_caregiver,EnergyBridge,Tianjin,1,2025-06-11,d11_hist_d11_1,hist_d11_1,11,/home/hku_user3/EnergyBridge/experiments/real_data/tianjin_tou_price_normalized.csv,18.0,1.0,/home/hku_user3/EnergyBridge/benchmark_results/vpp_patch_2026-07-15/_batch_logs/daily_event_configs/d11_hist_d11_1.json,skipped_done,0,0.0,/home/hku_user3/EnergyBridge/benchmark_results/vpp_patch_2026-07-15/household_s2_multigeneration_caregiver_EnergyBridge_tianjin_d11_hist_d11_1_2025-06-11_1day,/home/hku_user3/EnergyBridge/benchmark_results/vpp_patch_2026-07-15/_batch_logs/daily_dr_memory_tianjin_1day/household_s2_multigeneration_caregiver_EnergyBridge_tianjin_d11_hist_d11_1_2025-06-11_1day.log,/home/hku_user3/EnergyBridge/benchmark_results/vpp_patch_2026-07-15/household_s2_multigeneration_caregiver_EnergyBridge_tianjin_d11_hist_d11_1_2025-06-11_1day/run_summary.txt,0,55.93252,55.93252,48.270733,1.288884,normalized TOU cost/kWh,D:\Pycharm_project\PycharmProjects\EnergyBridge\experiments\real_data\tianjin_tou_price_normalized.csv,1.4099,1.4099,1.0,1.0,4.0,1.0,1.0,"['dishwasher', 'dryer', 'ev', 'washer', 'water_heater']",[],[],matched,household_s2_multigeneration_caregiver|tianjin|1days|2025-06-11|no_dr,/home/hku_user3/EnergyBridge/benchmark_results/vpp_patch_2026-07-15/household_s2_multigeneration_caregiver_no_dr_tianjin_d11_hist_d11_1_2025-06-11_1day/benchmark_result.json,no_dr_counterfactual_event_window_energy,1,6.2574,1.4099,6.2574,6.2574,4.8475,4.8475,0.774683,4.8475,4.8475,no_dr_counterfactual_baseline
household_s3_hybrid_work_from_home,household_s3_hybrid_work_from_home,no_dr,Germany,1,2025-06-12,d12_hist_d12_1_patched,hist_d12_1_patched,12,/home/hku_user3/EnergyBridge/experiments/real_data/germany_2025_price.csv,18.0,1.0,/home/hku_user3/EnergyBridge/benchmark_results/vpp_patch_2026-07-15/_batch_logs/daily_event_configs/d12_hist_d12_1_patched.json,skipped_done,0,0.0,/home/hku_user3/EnergyBridge/benchmark_results/vpp_patch_2026-07-15/household_s3_hybrid_work_from_home_no_dr_germany_d12_hist_d12_1_patched_2025-06-12_1day,/home/hku_user3/EnergyBridge/benchmark_results/vpp_patch_2026-07-15/_batch_logs/daily_dr_memory_germany_1day/household_s3_hybrid_work_from_home_no_dr_germany_d12_hist_d12_1_patched_2025-06-12_1day.log,/home/hku_user3/EnergyBridge/benchmark_results/vpp_patch_2026-07-15/household_s3_hybrid_work_from_home_no_dr_germany_d12_hist_d12_1_patched_2025-06-12_1day/run_summary.txt,0,43.330637,43.330637,11.587046,0.065848,EUR/kWh,/home/hku_user3/EnergyBridge/experiments/real_data/germany_2025_price.csv,10.8162,10.8162,1.0,1.0,,0.0,0.8,[],"['dishwasher', 'dryer', 'ev', 'washer', 'water_heater']",[],matched,household_s3_hybrid_work_from_home|germany|1days|2025-06-12|no_dr,/home/hku_user3/EnergyBridge/benchmark_results/vpp_patch_2026-07-15/household_s3_hybrid_work_from_home_no_dr_germany_d12_hist_d12_1_patched_2025-06-12_1day/benchmark_result.json,no_dr_counterfactual_event_window_energy,1,10.8162,10.8162,10.8162,10.8162,0.0,0.0,0.0,0.0,0.0,no_dr_counterfactual_baseline
household_s1_dual_commuter_standard,household_s1_dual_commuter_standard,EnergyBridge,Germany,1,2025-06-12,d12_hist_d12_1_patched,hist_d12_1_patched,12,/home/hku_user3/EnergyBridge/experiments/real_data/germany_2025_price.csv,18.0,1.0,/home/hku_user3/EnergyBridge/benchmark_results/vpp_patch_2026-07-15/_batch_logs/daily_event_configs/d12_hist_d12_1_patched.json,skipped_done,0,0.0,/home/hku_user3/EnergyBridge/benchmark_results/vpp_patch_2026-07-15/household_s1_dual_commuter_standard_EnergyBridge_germany_d12_hist_d12_1_patched_2025-06-12_1day,/home/hku_user3/EnergyBridge/benchmark_results/vpp_patch_2026-07-15/_batch_logs/daily_dr_memory_germany_1day/household_s1_dual_commuter_standard_EnergyBridge_germany_d12_hist_d12_1_patched_2025-06-12_1day.log,/home/hku_user3/EnergyBridge/benchmark_results/vpp_patch_2026-07-15/household_s1_dual_commuter_standard_EnergyBridge_germany_d12_hist_d12_1_patched_2025-06-12_1day/run_summary.txt,0,50.931979,50.931979,10.262165,0.061109,EUR/kWh,/home/hku_user3/EnergyBridge/experiments/real_data/germany_2025_price.csv,7.0654,7.0654,1.0,1.0,4.5,1.0,1.0,"['dishwasher', 'dryer', 'ev', 'washer', 'water_heater']",[],[],matched,household_s1_dual_commuter_standard|germany|1days|2025-06-12|no_dr,/home/hku_user3/EnergyBridge/benchmark_results/vpp_patch_2026-07-15/household_s1_dual_commuter_standard_no_dr_germany_d12_hist_d12_1_patched_2025-06-12_1day/benchmark_result.json,no_dr_counterfactual_event_window_energy,1,10.8065,7.0654,10.8065,10.8065,3.7411,3.7411,0.34619,3.7411,3.7411,no_dr_counterfactual_baseline
household_s5_shared_roommates_irregular,household_s5_shared_roommates_irregular,EnergyBridge,Tianjin,1,2025-06-11,d11_hist_d11_1,hist_d11_1,11,/home/hku_user3/EnergyBridge/experiments/real_data/tianjin_tou_price_normalized.csv,18.0,1.0,/home/hku_user3/EnergyBridge/benchmark_results/vpp_patch_2026-07-15/_batch_logs/daily_event_configs/d11_hist_d11_1.json,skipped_done,0,0.0,/home/hku_user3/EnergyBridge/benchmark_results/vpp_patch_2026-07-15/household_s5_shared_roommates_irregular_EnergyBridge_tianjin_d11_hist_d11_1_2025-06-11_1day,/home/hku_user3/EnergyBridge/benchmark_results/vpp_patch_2026-07-15/_batch_logs/daily_dr_memory_tianjin_1day/household_s5_shared_roommates_irregular_EnergyBridge_tianjin_d11_hist_d11_1_2025-06-11_1day.log,/home/hku_user3/EnergyBridge/benchmark_results/vpp_patch_2026-07-15/household_s5_shared_roommates_irregular_EnergyBridge_tianjin_d11_hist_d11_1_2025-06-11_1day/run_summary.txt,0,55.710676,55.710676,50.65407,1.383454,normalized TOU cost/kWh,D:\Pycharm_project\PycharmProjects\EnergyBridge\experiments\real_data\tianjin_tou_price_normalized.csv,1.4894,1.4894,1.0,1.0,4.0,1.0,1.0,"['dishwasher', 'dryer', 'ev', 'washer', 'water_heater']",[],[],matched,household_s5_shared_roommates_irregular|tianjin|1days|2025-06-11|no_dr,/home/hku_user3/EnergyBridge/benchmark_results/vpp_patch_2026-07-15/household_s5_shared_roommates_irregular_no_dr_tianjin_d11_hist_d11_1_2025-06-11_1day/benchmark_result.json,no_dr_counterfactual_event_window_energy,1,6.2122,1.4894,6.2122,6.2122,4.7228,4.7228,0.760246,4.7228,4.7228,no_dr_counterfactual_baseline
household_s4_ev_commuter_flexible,household_s4_ev_commuter_flexible,no_dr,Germany,1,2025-06-12,d12_hist_d12_1_patched,hist_d12_1_patched,12,/home/hku_user3/EnergyBridge/experiments/real_data/germany_2025_price.csv,18.0,1.0,/home/hku_user3/EnergyBridge/benchmark_results/vpp_patch_2026-07-15/_batch_logs/daily_event_configs/d12_hist_d12_1_patched.json,skipped_done,0,0.0,/home/hku_user3/EnergyBridge/benchmark_results/vpp_patch_2026-07-15/household_s4_ev_commuter_flexible_no_dr_germany_d12_hist_d12_1_patched_2025-06-12_1day,/home/hku_user3/EnergyBridge/benchmark_results/vpp_patch_2026-07-15/_batch_logs/daily_dr_memory_germany_1day/household_s4_ev_commuter_flexible_no_dr_germany_d12_hist_d12_1_patched_2025-06-12_1day.log,/home/hku_user3/EnergyBridge/benchmark_results/vpp_patch_2026-07-15/household_s4_ev_commuter_flexible_no_dr_germany_d12_hist_d12_1_patched_2025-06-12_1day/run_summary.txt,0,46.577382,46.577382,11.743321,0.066016,EUR/kWh,/home/hku_user3/EnergyBridge/experiments/real_data/germany_2025_price.csv,10.8065,10.8065,1.0,1.0,,0.0,1.0,[],"['dishwasher', 'dryer', 'ev', 'washer', 'water_heater']",[],matched,household_s4_ev_commuter_flexible|germany|1days|2025-06-12|no_dr,/home/hku_user3/EnergyBridge/benchmark_results/vpp_patch_2026-07-15/household_s4_ev_commuter_flexible_no_dr_germany_d12_hist_d12_1_patched_2025-06-12_1day/benchmark_result.json,no_dr_counterfactual_event_window_energy,1,10.8065,10.8065,10.8065,10.8065,0.0,0.0,0.0,0.0,0.0,no_dr_counterfactual_baseline
household_s5_shared_roommates_irregular,household_s5_shared_roommates_irregular,no_dr,Germany,1,2025-06-12,d12_hist_d12_1_patched,hist_d12_1_patched,12,/home/hku_user3/EnergyBridge/experiments/real_data/germany_2025_price.csv,18.0,1.0,/home/hku_user3/EnergyBridge/benchmark_results/vpp_patch_2026-07-15/_batch_logs/daily_event_configs/d12_hist_d12_1_patched.json,skipped_done,0,0.0,/home/hku_user3/EnergyBridge/benchmark_results/vpp_patch_2026-07-15/household_s5_shared_roommates_irregular_no_dr_germany_d12_hist_d12_1_patched_2025-06-12_1day,/home/hku_user3/EnergyBridge/benchmark_results/vpp_patch_2026-07-15/_batch_logs/daily_dr_memory_germany_1day/household_s5_shared_roommates_irregular_no_dr_germany_d12_hist_d12_1_patched_2025-06-12_1day.log,/home/hku_user3/EnergyBridge/benchmark_results/vpp_patch_2026-07-15/household_s5_shared_roommates_irregular_no_dr_germany_d12_hist_d12_1_patched_2025-06-12_1day/run_summary.txt,0,43.08173,43.08173,11.588429,0.065792,EUR/kWh,/home/hku_user3/EnergyBridge/experiments/real_data/germany_2025_price.csv,10.8065,10.8065,1.0,1.0,,0.0,1.0,[],"['dishwasher', 'dryer', 'ev', 'washer', 'water_heater']",[],matched,household_s5_shared_roommates_irregular|germany|1days|2025-06-12|no_dr,/home/hku_user3/EnergyBridge/benchmark_results/vpp_patch_2026-07-15/household_s5_shared_roommates_irregular_no_dr_germany_d12_hist_d12_1_patched_2025-06-12_1day/benchmark_result.json,no_dr_counterfactual_event_window_energy,1,10.8065,10.8065,10.8065,10.8065,0.0,0.0,0.0,0.0,0.0,no_dr_counterfactual_baseline
household_s4_ev_commuter_flexible,household_s4_ev_commuter_flexible,EnergyBridge,Tianjin,1,2025-06-11,d11_hist_d11_1,hist_d11_1,11,/home/hku_user3/EnergyBridge/experiments/real_data/tianjin_tou_price_normalized.csv,18.0,1.0,/home/hku_user3/EnergyBridge/benchmark_results/vpp_patch_2026-07-15/_batch_logs/daily_event_configs/d11_hist_d11_1.json,skipped_done,0,0.0,/home/hku_user3/EnergyBridge/benchmark_results/vpp_patch_2026-07-15/household_s4_ev_commuter_flexible_EnergyBridge_tianjin_d11_hist_d11_1_2025-06-11_1day,/home/hku_user3/EnergyBridge/benchmark_results/vpp_patch_2026-07-15/_batch_logs/daily_dr_memory_tianjin_1day/household_s4_ev_commuter_flexible_EnergyBridge_tianjin_d11_hist_d11_1_2025-06-11_1day.log,/home/hku_user3/EnergyBridge/benchmark_results/vpp_patch_2026-07-15/household_s4_ev_commuter_flexible_EnergyBridge_tianjin_d11_hist_d11_1_2025-06-11_1day/run_summary.txt,0,63.418913,63.418913,55.78288,1.402992,normalized TOU cost/kWh,D:\Pycharm_project\PycharmProjects\EnergyBridge\experiments\real_data\tianjin_tou_price_normalized.csv,2.0032,2.0032,1.0,1.0,4.5,1.0,1.0,"['dishwasher', 'dryer', 'ev', 'washer', 'water_heater']",[],[],matched,household_s4_ev_commuter_flexible|tianjin|1days|2025-06-11|no_dr,/home/hku_user3/EnergyBridge/benchmark_results/vpp_patch_2026-07-15/household_s4_ev_commuter_flexible_no_dr_tianjin_d11_hist_d11_1_2025-06-11_1day/benchmark_result.json,no_dr_counterfactual_event_window_energy,1,6.2122,2.0032,6.2122,6.2122,4.209,4.209,0.677538,4.209,4.209,no_dr_counterfactual_baseline
household_s1_dual_commuter_standard,household_s1_dual_commuter_standard,no_dr,Tianjin,1,2025-06-12,d12_hist_d12_1_patched,hist_d12_1_patched,12,/home/hku_user3/EnergyBridge/experiments/real_data/tianjin_tou_price_normalized.csv,18.0,1.0,/home/hku_user3/EnergyBridge/benchmark_results/vpp_patch_2026-07-15/_batch_logs/daily_event_configs/d12_hist_d12_1_patched.json,skipped_done,0,0.0,/home/hku_user3/EnergyBridge/benchmark_results/vpp_patch_2026-07-15/household_s1_dual_commuter_standard_no_dr_tianjin_d12_hist_d12_1_patched_2025-06-12_1day,/home/hku_user3/EnergyBridge/benchmark_results/vpp_patch_2026-07-15/_batch_logs/daily_dr_memory_tianjin_1day/household_s1_dual_commuter_standard_no_dr_tianjin_d12_hist_d12_1_patched_2025-06-12_1day.log,/home/hku_user3/EnergyBridge/benchmark_results/vpp_patch_2026-07-15/household_s1_dual_commuter_standard_no_dr_tianjin_d12_hist_d12_1_patched_2025-06-12_1day/run_summary.txt,0,38.777763,38.777763,51.033546,1.452611,normalized TOU cost/kWh,/home/hku_user3/EnergyBridge/experiments/real_data/tianjin_tou_price_normalized.csv,3.822,3.822,1.0,1.0,,0.0,1.0,[],"['dishwasher', 'dryer', 'ev', 'washer', 'water_heater']",[],matched,household_s1_dual_commuter_standard|tianjin|1days|2025-06-12|no_dr,/home/hku_user3/EnergyBridge/benchmark_results/vpp_patch_2026-07-15/household_s1_dual_commuter_standard_no_dr_tianjin_d12_hist_d12_1_patched_2025-06-12_1day/benchmark_result.json,no_dr_counterfactual_event_window_energy,1,3.822,3.822,3.822,3.822,0.0,0.0,0.0,0.0,0.0,no_dr_counterfactual_baseline
household_s2_multigeneration_caregiver,household_s2_multigeneration_caregiver,EnergyBridge,Germany,1,2025-06-12,d12_hist_d12_1_patched,hist_d12_1_patched,12,/home/hku_user3/EnergyBridge/experiments/real_data/germany_2025_price.csv,18.0,1.0,/home/hku_user3/EnergyBridge/benchmark_results/vpp_patch_2026-07-15/_batch_logs/daily_event_configs/d12_hist_d12_1_patched.json,skipped_done,0,0.0,/home/hku_user3/EnergyBridge/benchmark_results/vpp_patch_2026-07-15/household_s2_multigeneration_caregiver_EnergyBridge_germany_d12_hist_d12_1_patched_2025-06-12_1day,/home/hku_user3/EnergyBridge/benchmark_results/vpp_patch_2026-07-15/_batch_logs/daily_dr_memory_germany_1day/household_s2_multigeneration_caregiver_EnergyBridge_germany_d12_hist_d12_1_patched_2025-06-12_1day.log,/home/hku_user3/EnergyBridge/benchmark_results/vpp_patch_2026-07-15/household_s2_multigeneration_caregiver_EnergyBridge_germany_d12_hist_d12_1_patched_2025-06-12_1day/run_summary.txt,0,44.709221,44.709221,9.851294,0.059402,EUR/kWh,/home/hku_user3/EnergyBridge/experiments/real_data/germany_2025_price.csv,6.6377,6.6377,1.0,1.0,4.2,1.0,1.0,"['dishwasher', 'dryer', 'ev', 'washer', 'water_heater']",[],[],matched,household_s2_multigeneration_caregiver|germany|1days|2025-06-12|no_dr,/home/hku_user3/EnergyBridge/benchmark_results/vpp_patch_2026-07-15/household_s2_multigeneration_caregiver_no_dr_germany_d12_hist_d12_1_patched_2025-06-12_1day/benchmark_result.json,no_dr_counterfactual_event_window_energy,1,10.8482,6.6377,10.8482,10.8482,4.2105,4.2105,0.388129,4.2105,4.2105,no_dr_counterfactual_baseline
household_s2_multigeneration_caregiver,household_s2_multigeneration_caregiver,no_dr,Tianjin,1,2025-06-12,d12_hist_d12_1_patched,hist_d12_1_patched,12,/home/hku_user3/EnergyBridge/experiments/real_data/tianjin_tou_price_normalized.csv,18.0,1.0,/home/hku_user3/EnergyBridge/benchmark_results/vpp_patch_2026-07-15/_batch_logs/daily_event_configs/d12_hist_d12_1_patched.json,skipped_done,0,0.0,/home/hku_user3/EnergyBridge/benchmark_results/vpp_patch_2026-07-15/household_s2_multigeneration_caregiver_no_dr_tianjin_d12_hist_d12_1_patched_2025-06-12_1day,/home/hku_user3/EnergyBridge/benchmark_results/vpp_patch_2026-07-15/_batch_logs/daily_dr_memory_tianjin_1day/household_s2_multigeneration_caregiver_no_dr_tianjin_d12_hist_d12_1_patched_2025-06-12_1day.log,/home/hku_user3/EnergyBridge/benchmark_results/vpp_patch_2026-07-15/household_s2_multigeneration_caregiver_no_dr_tianjin_d12_hist_d12_1_patched_2025-06-12_1day/run_summary.txt,0,35.810507,35.810507,45.467254,1.426691,normalized TOU cost/kWh,/home/hku_user3/EnergyBridge/experiments/real_data/tianjin_tou_price_normalized.csv,3.8596,3.8596,1.0,1.0,,0.0,1.0,[],"['dishwasher', 'dryer', 'ev', 'washer', 'water_heater']",[],matched,household_s2_multigeneration_caregiver|tianjin|1days|2025-06-12|no_dr,/home/hku_user3/EnergyBridge/benchmark_results/vpp_patch_2026-07-15/household_s2_multigeneration_caregiver_no_dr_tianjin_d12_hist_d12_1_patched_2025-06-12_1day/benchmark_result.json,no_dr_counterfactual_event_window_energy,1,3.8596,3.8596,3.8596,3.8596,0.0,0.0,0.0,0.0,0.0,no_dr_counterfactual_baseline
household_s3_hybrid_work_from_home,household_s3_hybrid_work_from_home,EnergyBridge,Germany,1,2025-06-12,d12_hist_d12_1_patched,hist_d12_1_patched,12,/home/hku_user3/EnergyBridge/experiments/real_data/germany_2025_price.csv,18.0,1.0,/home/hku_user3/EnergyBridge/benchmark_results/vpp_patch_2026-07-15/_batch_logs/daily_event_configs/d12_hist_d12_1_patched.json,skipped_done,0,0.0,/home/hku_user3/EnergyBridge/benchmark_results/vpp_patch_2026-07-15/household_s3_hybrid_work_from_home_EnergyBridge_germany_d12_hist_d12_1_patched_2025-06-12_1day,/home/hku_user3/EnergyBridge/benchmark_results/vpp_patch_2026-07-15/_batch_logs/daily_dr_memory_germany_1day/household_s3_hybrid_work_from_home_EnergyBridge_germany_d12_hist_d12_1_patched_2025-06-12_1day.log,/home/hku_user3/EnergyBridge/benchmark_results/vpp_patch_2026-07-15/household_s3_hybrid_work_from_home_EnergyBridge_germany_d12_hist_d12_1_patched_2025-06-12_1day/run_summary.txt,0,45.953873,45.953873,10.079614,0.060425,EUR/kWh,/home/hku_user3/EnergyBridge/experiments/real_data/germany_2025_price.csv,6.496,6.496,1.0,1.0,4.0,1.0,1.0,"['dishwasher', 'dryer', 'ev', 'washer', 'water_heater']",[],[],matched,household_s3_hybrid_work_from_home|germany|1days|2025-06-12|no_dr,/home/hku_user3/EnergyBridge/benchmark_results/vpp_patch_2026-07-15/household_s3_hybrid_work_from_home_no_dr_germany_d12_hist_d12_1_patched_2025-06-12_1day/benchmark_result.json,no_dr_counterfactual_event_window_energy,1,10.8162,6.496,10.8162,10.8162,4.3202,4.3202,0.399419,4.3202,4.3202,no_dr_counterfactual_baseline
household_s4_ev_commuter_flexible,household_s4_ev_commuter_flexible,EnergyBridge,Germany,1,2025-06-12,d12_hist_d12_1_patched,hist_d12_1_patched,12,/home/hku_user3/EnergyBridge/experiments/real_data/germany_2025_price.csv,18.0,1.0,/home/hku_user3/EnergyBridge/benchmark_results/vpp_patch_2026-07-15/_batch_logs/daily_event_configs/d12_hist_d12_1_patched.json,skipped_done,0,0.0,/home/hku_user3/EnergyBridge/benchmark_results/vpp_patch_2026-07-15/household_s4_ev_commuter_flexible_EnergyBridge_germany_d12_hist_d12_1_patched_2025-06-12_1day,/home/hku_user3/EnergyBridge/benchmark_results/vpp_patch_2026-07-15/_batch_logs/daily_dr_memory_germany_1day/household_s4_ev_commuter_flexible_EnergyBridge_germany_d12_hist_d12_1_patched_2025-06-12_1day.log,/home/hku_user3/EnergyBridge/benchmark_results/vpp_patch_2026-07-15/household_s4_ev_commuter_flexible_EnergyBridge_germany_d12_hist_d12_1_patched_2025-06-12_1day/run_summary.txt,0,52.972559,52.972559,10.518889,0.061886,EUR/kWh,/home/hku_user3/EnergyBridge/experiments/real_data/germany_2025_price.csv,7.0654,7.0654,1.0,1.0,4.5,1.0,1.0,"['dishwasher', 'dryer', 'ev', 'washer', 'water_heater']",[],[],matched,household_s4_ev_commuter_flexible|germany|1days|2025-06-12|no_dr,/home/hku_user3/EnergyBridge/benchmark_results/vpp_patch_2026-07-15/household_s4_ev_commuter_flexible_no_dr_germany_d12_hist_d12_1_patched_2025-06-12_1day/benchmark_result.json,no_dr_counterfactual_event_window_energy,1,10.8065,7.0654,10.8065,10.8065,3.7411,3.7411,0.34619,3.7411,3.7411,no_dr_counterfactual_baseline
household_s5_shared_roommates_irregular,household_s5_shared_roommates_irregular,EnergyBridge,Germany,1,2025-06-12,d12_hist_d12_1_patched,hist_d12_1_patched,12,/home/hku_user3/EnergyBridge/experiments/real_data/germany_2025_price.csv,18.0,1.0,/home/hku_user3/EnergyBridge/benchmark_results/vpp_patch_2026-07-15/_batch_logs/daily_event_configs/d12_hist_d12_1_patched.json,skipped_done,0,0.0,/home/hku_user3/EnergyBridge/benchmark_results/vpp_patch_2026-07-15/household_s5_shared_roommates_irregular_EnergyBridge_germany_d12_hist_d12_1_patched_2025-06-12_1day,/home/hku_user3/EnergyBridge/benchmark_results/vpp_patch_2026-07-15/_batch_logs/daily_dr_memory_germany_1day/household_s5_shared_roommates_irregular_EnergyBridge_germany_d12_hist_d12_1_patched_2025-06-12_1day.log,/home/hku_user3/EnergyBridge/benchmark_results/vpp_patch_2026-07-15/household_s5_shared_roommates_irregular_EnergyBridge_germany_d12_hist_d12_1_patched_2025-06-12_1day/run_summary.txt,0,48.891399,48.891399,10.112121,0.060956,EUR/kWh,/home/hku_user3/EnergyBridge/experiments/real_data/germany_2025_price.csv,7.0654,7.0654,1.0,1.0,4.25,1.0,1.0,"['dishwasher', 'dryer', 'ev', 'washer', 'water_heater']",[],[],matched,household_s5_shared_roommates_irregular|germany|1days|2025-06-12|no_dr,/home/hku_user3/EnergyBridge/benchmark_results/vpp_patch_2026-07-15/household_s5_shared_roommates_irregular_no_dr_germany_d12_hist_d12_1_patched_2025-06-12_1day/benchmark_result.json,no_dr_counterfactual_event_window_energy,1,10.8065,7.0654,10.8065,10.8065,3.7411,3.7411,0.34619,3.7411,3.7411,no_dr_counterfactual_baseline
household_s4_ev_commuter_flexible,household_s4_ev_commuter_flexible,no_dr,Tianjin,1,2025-06-12,d12_hist_d12_1_patched,hist_d12_1_patched,12,/home/hku_user3/EnergyBridge/experiments/real_data/tianjin_tou_price_normalized.csv,18.0,1.0,/home/hku_user3/EnergyBridge/benchmark_results/vpp_patch_2026-07-15/_batch_logs/daily_event_configs/d12_hist_d12_1_patched.json,skipped_done,0,0.0,/home/hku_user3/EnergyBridge/benchmark_results/vpp_patch_2026-07-15/household_s4_ev_commuter_flexible_no_dr_tianjin_d12_hist_d12_1_patched_2025-06-12_1day,/home/hku_user3/EnergyBridge/benchmark_results/vpp_patch_2026-07-15/_batch_logs/daily_dr_memory_tianjin_1day/household_s4_ev_commuter_flexible_no_dr_tianjin_d12_hist_d12_1_patched_2025-06-12_1day.log,/home/hku_user3/EnergyBridge/benchmark_results/vpp_patch_2026-07-15/household_s4_ev_commuter_flexible_no_dr_tianjin_d12_hist_d12_1_patched_2025-06-12_1day/run_summary.txt,0,40.818343,40.818343,54.298474,1.460702,normalized TOU cost/kWh,/home/hku_user3/EnergyBridge/experiments/real_data/tianjin_tou_price_normalized.csv,3.822,3.822,1.0,1.0,,0.0,1.0,[],"['dishwasher', 'dryer', 'ev', 'washer', 'water_heater']",[],matched,household_s4_ev_commuter_flexible|tianjin|1days|2025-06-12|no_dr,/home/hku_user3/EnergyBridge/benchmark_results/vpp_patch_2026-07-15/household_s4_ev_commuter_flexible_no_dr_tianjin_d12_hist_d12_1_patched_2025-06-12_1day/benchmark_result.json,no_dr_counterfactual_event_window_energy,1,3.822,3.822,3.822,3.822,0.0,0.0,0.0,0.0,0.0,no_dr_counterfactual_baseline
household_s3_hybrid_work_from_home,household_s3_hybrid_work_from_home,no_dr,Tianjin,1,2025-06-12,d12_hist_d12_1_patched,hist_d12_1_patched,12,/home/hku_user3/EnergyBridge/experiments/real_data/tianjin_tou_price_normalized.csv,18.0,1.0,/home/hku_user3/EnergyBridge/benchmark_results/vpp_patch_2026-07-15/_batch_logs/daily_event_configs/d12_hist_d12_1_patched.json,skipped_done,0,0.0,/home/hku_user3/EnergyBridge/benchmark_results/vpp_patch_2026-07-15/household_s3_hybrid_work_from_home_no_dr_tianjin_d12_hist_d12_1_patched_2025-06-12_1day,/home/hku_user3/EnergyBridge/benchmark_results/vpp_patch_2026-07-15/_batch_logs/daily_dr_memory_tianjin_1day/household_s3_hybrid_work_from_home_no_dr_tianjin_d12_hist_d12_1_patched_2025-06-12_1day.log,/home/hku_user3/EnergyBridge/benchmark_results/vpp_patch_2026-07-15/household_s3_hybrid_work_from_home_no_dr_tianjin_d12_hist_d12_1_patched_2025-06-12_1day/run_summary.txt,0,37.098085,37.098085,48.130176,1.443132,normalized TOU cost/kWh,/home/hku_user3/EnergyBridge/experiments/real_data/tianjin_tou_price_normalized.csv,3.8228,3.8228,1.0,1.0,,0.0,0.8,[],"['dishwasher', 'dryer', 'ev', 'washer', 'water_heater']",[],matched,household_s3_hybrid_work_from_home|tianjin|1days|2025-06-12|no_dr,/home/hku_user3/EnergyBridge/benchmark_results/vpp_patch_2026-07-15/household_s3_hybrid_work_from_home_no_dr_tianjin_d12_hist_d12_1_patched_2025-06-12_1day/benchmark_result.json,no_dr_counterfactual_event_window_energy,1,3.8228,3.8228,3.8228,3.8228,0.0,0.0,0.0,0.0,0.0,no_dr_counterfactual_baseline
household_s5_shared_roommates_irregular,household_s5_shared_roommates_irregular,no_dr,Tianjin,1,2025-06-12,d12_hist_d12_1_patched,hist_d12_1_patched,12,/home/hku_user3/EnergyBridge/experiments/real_data/tianjin_tou_price_normalized.csv,18.0,1.0,/home/hku_user3/EnergyBridge/benchmark_results/vpp_patch_2026-07-15/_batch_logs/daily_event_configs/d12_hist_d12_1_patched.json,skipped_done,0,0.0,/home/hku_user3/EnergyBridge/benchmark_results/vpp_patch_2026-07-15/household_s5_shared_roommates_irregular_no_dr_tianjin_d12_hist_d12_1_patched_2025-06-12_1day,/home/hku_user3/EnergyBridge/benchmark_results/vpp_patch_2026-07-15/_batch_logs/daily_dr_memory_tianjin_1day/household_s5_shared_roommates_irregular_no_dr_tianjin_d12_hist_d12_1_patched_2025-06-12_1day.log,/home/hku_user3/EnergyBridge/benchmark_results/vpp_patch_2026-07-15/household_s5_shared_roommates_irregular_no_dr_tianjin_d12_hist_d12_1_patched_2025-06-12_1day/run_summary.txt,0,36.737183,36.737183,47.768619,1.443523,normalized TOU cost/kWh,/home/hku_user3/EnergyBridge/experiments/real_data/tianjin_tou_price_normalized.csv,3.822,3.822,1.0,1.0,,0.0,1.0,[],"['dishwasher', 'dryer', 'ev', 'washer', 'water_heater']",[],matched,household_s5_shared_roommates_irregular|tianjin|1days|2025-06-12|no_dr,/home/hku_user3/EnergyBridge/benchmark_results/vpp_patch_2026-07-15/household_s5_shared_roommates_irregular_no_dr_tianjin_d12_hist_d12_1_patched_2025-06-12_1day/benchmark_result.json,no_dr_counterfactual_event_window_energy,1,3.822,3.822,3.822,3.822,0.0,0.0,0.0,0.0,0.0,no_dr_counterfactual_baseline
household_s1_dual_commuter_standard,household_s1_dual_commuter_standard,EnergyBridge,Tianjin,1,2025-06-12,d12_hist_d12_1_patched,hist_d12_1_patched,12,/home/hku_user3/EnergyBridge/experiments/real_data/tianjin_tou_price_normalized.csv,18.0,1.0,/home/hku_user3/EnergyBridge/benchmark_results/vpp_patch_2026-07-15/_batch_logs/daily_event_configs/d12_hist_d12_1_patched.json,skipped_done,0,0.0,/home/hku_user3/EnergyBridge/benchmark_results/vpp_patch_2026-07-15/household_s1_dual_commuter_standard_EnergyBridge_tianjin_d12_hist_d12_1_patched_2025-06-12_1day,/home/hku_user3/EnergyBridge/benchmark_results/vpp_patch_2026-07-15/_batch_logs/daily_dr_memory_tianjin_1day/household_s1_dual_commuter_standard_EnergyBridge_tianjin_d12_hist_d12_1_patched_2025-06-12_1day.log,/home/hku_user3/EnergyBridge/benchmark_results/vpp_patch_2026-07-15/household_s1_dual_commuter_standard_EnergyBridge_tianjin_d12_hist_d12_1_patched_2025-06-12_1day/run_summary.txt,0,36.243527,36.243527,42.7011,1.314239,normalized TOU cost/kWh,/home/hku_user3/EnergyBridge/experiments/real_data/tianjin_tou_price_normalized.csv,1.0522,1.0522,1.0,1.0,4.0,1.0,1.0,"['dishwasher', 'dryer', 'ev', 'washer', 'water_heater']",[],[],matched,household_s1_dual_commuter_standard|tianjin|1days|2025-06-12|no_dr,/home/hku_user3/EnergyBridge/benchmark_results/vpp_patch_2026-07-15/household_s1_dual_commuter_standard_no_dr_tianjin_d12_hist_d12_1_patched_2025-06-12_1day/benchmark_result.json,no_dr_counterfactual_event_window_energy,1,3.822,1.0522,3.822,3.822,2.7698,2.7698,0.724699,2.7698,2.7698,no_dr_counterfactual_baseline
household_s1_dual_commuter_standard,household_s1_dual_commuter_standard,no_dr,Germany,1,2025-06-13,d13_hist_d13_1_patched,hist_d13_1_patched,13,/home/hku_user3/EnergyBridge/experiments/real_data/germany_2025_price.csv,18.0,1.0,/home/hku_user3/EnergyBridge/benchmark_results/vpp_patch_2026-07-15/_batch_logs/daily_event_configs/d13_hist_d13_1_patched.json,skipped_done,0,0.0,/home/hku_user3/EnergyBridge/benchmark_results/vpp_patch_2026-07-15/household_s1_dual_commuter_standard_no_dr_germany_d13_hist_d13_1_patched_2025-06-13_1day,/home/hku_user3/EnergyBridge/benchmark_results/vpp_patch_2026-07-15/_batch_logs/daily_dr_memory_germany_1day/household_s1_dual_commuter_standard_no_dr_germany_d13_hist_d13_1_patched_2025-06-13_1day.log,/home/hku_user3/EnergyBridge/benchmark_results/vpp_patch_2026-07-15/household_s1_dual_commuter_standard_no_dr_germany_d13_hist_d13_1_patched_2025-06-13_1day/run_summary.txt,0,53.534364,53.534364,10.705027,0.058583,EUR/kWh,/home/hku_user3/EnergyBridge/experiments/real_data/germany_2025_price.csv,11.1148,11.1148,1.0,1.0,,0.0,1.0,[],"['dishwasher', 'dryer', 'ev', 'washer', 'water_heater']",[],matched,household_s1_dual_commuter_standard|germany|1days|2025-06-13|no_dr,/home/hku_user3/EnergyBridge/benchmark_results/vpp_patch_2026-07-15/household_s1_dual_commuter_standard_no_dr_germany_d13_hist_d13_1_patched_2025-06-13_1day/benchmark_result.json,no_dr_counterfactual_event_window_energy,1,11.1148,11.1148,11.1148,11.1148,0.0,0.0,0.0,0.0,0.0,no_dr_counterfactual_baseline
household_s4_ev_commuter_flexible,household_s4_ev_commuter_flexible,EnergyBridge,Tianjin,1,2025-06-12,d12_hist_d12_1_patched,hist_d12_1_patched,12,/home/hku_user3/EnergyBridge/experiments/real_data/tianjin_tou_price_normalized.csv,18.0,1.0,/home/hku_user3/EnergyBridge/benchmark_results/vpp_patch_2026-07-15/_batch_logs/daily_event_configs/d12_hist_d12_1_patched.json,skipped_done,0,0.0,/home/hku_user3/EnergyBridge/benchmark_results/vpp_patch_2026-07-15/household_s4_ev_commuter_flexible_EnergyBridge_tianjin_d12_hist_d12_1_patched_2025-06-12_1day,/home/hku_user3/EnergyBridge/benchmark_results/vpp_patch_2026-07-15/_batch_logs/daily_dr_memory_tianjin_1day/household_s4_ev_commuter_flexible_EnergyBridge_tianjin_d12_hist_d12_1_patched_2025-06-12_1day.log,/home/hku_user3/EnergyBridge/benchmark_results/vpp_patch_2026-07-15/household_s4_ev_commuter_flexible_EnergyBridge_tianjin_d12_hist_d12_1_patched_2025-06-12_1day/run_summary.txt,0,38.166752,38.166752,48.109497,1.379226,normalized TOU cost/kWh,/home/hku_user3/EnergyBridge/experiments/real_data/tianjin_tou_price_normalized.csv,1.0596,1.0596,1.0,1.0,4.5,1.0,1.0,"['dishwasher', 'dryer', 'ev', 'washer', 'water_heater']",[],[],matched,household_s4_ev_commuter_flexible|tianjin|1days|2025-06-12|no_dr,/home/hku_user3/EnergyBridge/benchmark_results/vpp_patch_2026-07-15/household_s4_ev_commuter_flexible_no_dr_tianjin_d12_hist_d12_1_patched_2025-06-12_1day/benchmark_result.json,no_dr_counterfactual_event_window_energy,1,3.822,1.0596,3.822,3.822,2.7624,2.7624,0.722763,2.7624,2.7624,no_dr_counterfactual_baseline
household_s2_multigeneration_caregiver,household_s2_multigeneration_caregiver,EnergyBridge,Tianjin,1,2025-06-12,d12_hist_d12_1_patched,hist_d12_1_patched,12,/home/hku_user3/EnergyBridge/experiments/real_data/tianjin_tou_price_normalized.csv,18.0,1.0,/home/hku_user3/EnergyBridge/benchmark_results/vpp_patch_2026-07-15/_batch_logs/daily_event_configs/d12_hist_d12_1_patched.json,skipped_done,0,0.0,/home/hku_user3/EnergyBridge/benchmark_results/vpp_patch_2026-07-15/household_s2_multigeneration_caregiver_EnergyBridge_tianjin_d12_hist_d12_1_patched_2025-06-12_1day,/home/hku_user3/EnergyBridge/benchmark_results/vpp_patch_2026-07-15/_batch_logs/daily_dr_memory_tianjin_1day/household_s2_multigeneration_caregiver_EnergyBridge_tianjin_d12_hist_d12_1_patched_2025-06-12_1day.log,/home/hku_user3/EnergyBridge/benchmark_results/vpp_patch_2026-07-15/household_s2_multigeneration_caregiver_EnergyBridge_tianjin_d12_hist_d12_1_patched_2025-06-12_1day/run_summary.txt,0,34.036359,34.036359,37.963058,1.25213,normalized TOU cost/kWh,/home/hku_user3/EnergyBridge/experiments/real_data/tianjin_tou_price_normalized.csv,0.3975,0.3975,1.0,1.0,4.6,1.0,1.0,"['dishwasher', 'dryer', 'ev', 'washer', 'water_heater']",[],[],matched,household_s2_multigeneration_caregiver|tianjin|1days|2025-06-12|no_dr,/home/hku_user3/EnergyBridge/benchmark_results/vpp_patch_2026-07-15/household_s2_multigeneration_caregiver_no_dr_tianjin_d12_hist_d12_1_patched_2025-06-12_1day/benchmark_result.json,no_dr_counterfactual_event_window_energy,1,3.8596,0.3975,3.8596,3.8596,3.4621,3.4621,0.89701,3.4621,3.4621,no_dr_counterfactual_baseline
household_s2_multigeneration_caregiver,household_s2_multigeneration_caregiver,no_dr,Germany,1,2025-06-13,d13_hist_d13_1_patched,hist_d13_1_patched,13,/home/hku_user3/EnergyBridge/experiments/real_data/germany_2025_price.csv,18.0,1.0,/home/hku_user3/EnergyBridge/benchmark_results/vpp_patch_2026-07-15/_batch_logs/daily_event_configs/d13_hist_d13_1_patched.json,skipped_done,0,0.0,/home/hku_user3/EnergyBridge/benchmark_results/vpp_patch_2026-07-15/household_s2_multigeneration_caregiver_no_dr_germany_d13_hist_d13_1_patched_2025-06-13_1day,/home/hku_user3/EnergyBridge/benchmark_results/vpp_patch_2026-07-15/_batch_logs/daily_dr_memory_germany_1day/household_s2_multigeneration_caregiver_no_dr_germany_d13_hist_d13_1_patched_2025-06-13_1day.log,/home/hku_user3/EnergyBridge/benchmark_results/vpp_patch_2026-07-15/household_s2_multigeneration_caregiver_no_dr_germany_d13_hist_d13_1_patched_2025-06-13_1day/run_summary.txt,0,49.898349,49.898349,10.502697,0.058244,EUR/kWh,/home/hku_user3/EnergyBridge/experiments/real_data/germany_2025_price.csv,11.156,11.156,1.0,1.0,,0.0,1.0,[],"['dishwasher', 'dryer', 'ev', 'washer', 'water_heater']",[],matched,household_s2_multigeneration_caregiver|germany|1days|2025-06-13|no_dr,/home/hku_user3/EnergyBridge/benchmark_results/vpp_patch_2026-07-15/household_s2_multigeneration_caregiver_no_dr_germany_d13_hist_d13_1_patched_2025-06-13_1day/benchmark_result.json,no_dr_counterfactual_event_window_energy,1,11.156,11.156,11.156,11.156,0.0,0.0,0.0,0.0,0.0,no_dr_counterfactual_baseline
household_s3_hybrid_work_from_home,household_s3_hybrid_work_from_home,no_dr,Germany,1,2025-06-13,d13_hist_d13_1_patched,hist_d13_1_patched,13,/home/hku_user3/EnergyBridge/experiments/real_data/germany_2025_price.csv,18.0,1.0,/home/hku_user3/EnergyBridge/benchmark_results/vpp_patch_2026-07-15/_batch_logs/daily_event_configs/d13_hist_d13_1_patched.json,skipped_done,0,0.0,/home/hku_user3/EnergyBridge/benchmark_results/vpp_patch_2026-07-15/household_s3_hybrid_work_from_home_no_dr_germany_d13_hist_d13_1_patched_2025-06-13_1day,/home/hku_user3/EnergyBridge/benchmark_results/vpp_patch_2026-07-15/_batch_logs/daily_dr_memory_germany_1day/household_s3_hybrid_work_from_home_no_dr_germany_d13_hist_d13_1_patched_2025-06-13_1day.log,/home/hku_user3/EnergyBridge/benchmark_results/vpp_patch_2026-07-15/household_s3_hybrid_work_from_home_no_dr_germany_d13_hist_d13_1_patched_2025-06-13_1day/run_summary.txt,0,52.057961,52.057961,10.637604,0.058541,EUR/kWh,/home/hku_user3/EnergyBridge/experiments/real_data/germany_2025_price.csv,11.1243,11.1243,1.0,1.0,,0.0,0.8,[],"['dishwasher', 'dryer', 'ev', 'washer', 'water_heater']",[],matched,household_s3_hybrid_work_from_home|germany|1days|2025-06-13|no_dr,/home/hku_user3/EnergyBridge/benchmark_results/vpp_patch_2026-07-15/household_s3_hybrid_work_from_home_no_dr_germany_d13_hist_d13_1_patched_2025-06-13_1day/benchmark_result.json,no_dr_counterfactual_event_window_energy,1,11.1243,11.1243,11.1243,11.1243,0.0,0.0,0.0,0.0,0.0,no_dr_counterfactual_baseline
household_s3_hybrid_work_from_home,household_s3_hybrid_work_from_home,EnergyBridge,Tianjin,1,2025-06-12,d12_hist_d12_1_patched,hist_d12_1_patched,12,/home/hku_user3/EnergyBridge/experiments/real_data/tianjin_tou_price_normalized.csv,18.0,1.0,/home/hku_user3/EnergyBridge/benchmark_results/vpp_patch_2026-07-15/_batch_logs/daily_event_configs/d12_hist_d12_1_patched.json,skipped_done,0,0.0,/home/hku_user3/EnergyBridge/benchmark_results/vpp_patch_2026-07-15/household_s3_hybrid_work_from_home_EnergyBridge_tianjin_d12_hist_d12_1_patched_2025-06-12_1day,/home/hku_user3/EnergyBridge/benchmark_results/vpp_patch_2026-07-15/_batch_logs/daily_dr_memory_tianjin_1day/household_s3_hybrid_work_from_home_EnergyBridge_tianjin_d12_hist_d12_1_patched_2025-06-12_1day.log,/home/hku_user3/EnergyBridge/benchmark_results/vpp_patch_2026-07-15/household_s3_hybrid_work_from_home_EnergyBridge_tianjin_d12_hist_d12_1_patched_2025-06-12_1day/run_summary.txt,0,35.460623,35.460623,41.68094,1.331353,normalized TOU cost/kWh,/home/hku_user3/EnergyBridge/experiments/real_data/tianjin_tou_price_normalized.csv,1.0533,1.0533,1.0,1.0,4.0,1.0,1.0,"['dishwasher', 'dryer', 'ev', 'washer', 'water_heater']",[],[],matched,household_s3_hybrid_work_from_home|tianjin|1days|2025-06-12|no_dr,/home/hku_user3/EnergyBridge/benchmark_results/vpp_patch_2026-07-15/household_s3_hybrid_work_from_home_no_dr_tianjin_d12_hist_d12_1_patched_2025-06-12_1day/benchmark_result.json,no_dr_counterfactual_event_window_energy,1,3.8228,1.0533,3.8228,3.8228,2.7695,2.7695,0.724469,2.7695,2.7695,no_dr_counterfactual_baseline
household_s5_shared_roommates_irregular,household_s5_shared_roommates_irregular,EnergyBridge,Tianjin,1,2025-06-12,d12_hist_d12_1_patched,hist_d12_1_patched,12,/home/hku_user3/EnergyBridge/experiments/real_data/tianjin_tou_price_normalized.csv,18.0,1.0,/home/hku_user3/EnergyBridge/benchmark_results/vpp_patch_2026-07-15/_batch_logs/daily_event_configs/d12_hist_d12_1_patched.json,skipped_done,0,0.0,/home/hku_user3/EnergyBridge/benchmark_results/vpp_patch_2026-07-15/household_s5_shared_roommates_irregular_EnergyBridge_tianjin_d12_hist_d12_1_patched_2025-06-12_1day,/home/hku_user3/EnergyBridge/benchmark_results/vpp_patch_2026-07-15/_batch_logs/daily_dr_memory_tianjin_1day/household_s5_shared_roommates_irregular_EnergyBridge_tianjin_d12_hist_d12_1_patched_2025-06-12_1day.log,/home/hku_user3/EnergyBridge/benchmark_results/vpp_patch_2026-07-15/household_s5_shared_roommates_irregular_EnergyBridge_tianjin_d12_hist_d12_1_patched_2025-06-12_1day/run_summary.txt,0,34.35694,34.35694,41.956176,1.359085,normalized TOU cost/kWh,/home/hku_user3/EnergyBridge/experiments/real_data/tianjin_tou_price_normalized.csv,1.059,1.059,1.0,1.0,4.0,1.0,1.0,"['dishwasher', 'dryer', 'ev', 'washer', 'water_heater']",[],[],matched,household_s5_shared_roommates_irregular|tianjin|1days|2025-06-12|no_dr,/home/hku_user3/EnergyBridge/benchmark_results/vpp_patch_2026-07-15/household_s5_shared_roommates_irregular_no_dr_tianjin_d12_hist_d12_1_patched_2025-06-12_1day/benchmark_result.json,no_dr_counterfactual_event_window_energy,1,3.822,1.059,3.822,3.822,2.763,2.763,0.72292,2.763,2.763,no_dr_counterfactual_baseline
household_s4_ev_commuter_flexible,household_s4_ev_commuter_flexible,no_dr,Germany,1,2025-06-13,d13_hist_d13_1_patched,hist_d13_1_patched,13,/home/hku_user3/EnergyBridge/experiments/real_data/germany_2025_price.csv,18.0,1.0,/home/hku_user3/EnergyBridge/benchmark_results/vpp_patch_2026-07-15/_batch_logs/daily_event_configs/d13_hist_d13_1_patched.json,skipped_done,0,0.0,/home/hku_user3/EnergyBridge/benchmark_results/vpp_patch_2026-07-15/household_s4_ev_commuter_flexible_no_dr_germany_d13_hist_d13_1_patched_2025-06-13_1day,/home/hku_user3/EnergyBridge/benchmark_results/vpp_patch_2026-07-15/_batch_logs/daily_dr_memory_germany_1day/household_s4_ev_commuter_flexible_no_dr_germany_d13_hist_d13_1_patched_2025-06-13_1day.log,/home/hku_user3/EnergyBridge/benchmark_results/vpp_patch_2026-07-15/household_s4_ev_commuter_flexible_no_dr_germany_d13_hist_d13_1_patched_2025-06-13_1day/run_summary.txt,0,55.282191,55.282191,10.770439,0.05866,EUR/kWh,/home/hku_user3/EnergyBridge/experiments/real_data/germany_2025_price.csv,11.1148,11.1148,1.0,1.0,,0.0,1.0,[],"['dishwasher', 'dryer', 'ev', 'washer', 'water_heater']",[],matched,household_s4_ev_commuter_flexible|germany|1days|2025-06-13|no_dr,/home/hku_user3/EnergyBridge/benchmark_results/vpp_patch_2026-07-15/household_s4_ev_commuter_flexible_no_dr_germany_d13_hist_d13_1_patched_2025-06-13_1day/benchmark_result.json,no_dr_counterfactual_event_window_energy,1,11.1148,11.1148,11.1148,11.1148,0.0,0.0,0.0,0.0,0.0,no_dr_counterfactual_baseline
household_s5_shared_roommates_irregular,household_s5_shared_roommates_irregular,no_dr,Germany,1,2025-06-13,d13_hist_d13_1_patched,hist_d13_1_patched,13,/home/hku_user3/EnergyBridge/experiments/real_data/germany_2025_price.csv,18.0,1.0,/home/hku_user3/EnergyBridge/benchmark_results/vpp_patch_2026-07-15/_batch_logs/daily_event_configs/d13_hist_d13_1_patched.json,skipped_done,0,0.0,/home/hku_user3/EnergyBridge/benchmark_results/vpp_patch_2026-07-15/household_s5_shared_roommates_irregular_no_dr_germany_d13_hist_d13_1_patched_2025-06-13_1day,/home/hku_user3/EnergyBridge/benchmark_results/vpp_patch_2026-07-15/_batch_logs/daily_dr_memory_germany_1day/household_s5_shared_roommates_irregular_no_dr_germany_d13_hist_d13_1_patched_2025-06-13_1day.log,/home/hku_user3/EnergyBridge/benchmark_results/vpp_patch_2026-07-15/household_s5_shared_roommates_irregular_no_dr_germany_d13_hist_d13_1_patched_2025-06-13_1day/run_summary.txt,0,51.786538,51.786538,10.639614,0.058505,EUR/kWh,/home/hku_user3/EnergyBridge/experiments/real_data/germany_2025_price.csv,11.1148,11.1148,1.0,1.0,,0.0,1.0,[],"['dishwasher', 'dryer', 'ev', 'washer', 'water_heater']",[],matched,household_s5_shared_roommates_irregular|germany|1days|2025-06-13|no_dr,/home/hku_user3/EnergyBridge/benchmark_results/vpp_patch_2026-07-15/household_s5_shared_roommates_irregular_no_dr_germany_d13_hist_d13_1_patched_2025-06-13_1day/benchmark_result.json,no_dr_counterfactual_event_window_energy,1,11.1148,11.1148,11.1148,11.1148,0.0,0.0,0.0,0.0,0.0,no_dr_counterfactual_baseline
household_s5_shared_roommates_irregular,household_s5_shared_roommates_irregular,EnergyBridge,Germany,1,2025-06-13,d13_hist_d13_1_patched,hist_d13_1_patched,13,/home/hku_user3/EnergyBridge/experiments/real_data/germany_2025_price.csv,18.0,1.0,/home/hku_user3/EnergyBridge/benchmark_results/vpp_patch_2026-07-15/_batch_logs/daily_event_configs/d13_hist_d13_1_patched.json,skipped_done,0,0.0,/home/hku_user3/EnergyBridge/benchmark_results/vpp_patch_2026-07-15/household_s5_shared_roommates_irregular_EnergyBridge_germany_d13_hist_d13_1_patched_2025-06-13_1day,/home/hku_user3/EnergyBridge/benchmark_results/vpp_patch_2026-07-15/_batch_logs/daily_dr_memory_germany_1day/household_s5_shared_roommates_irregular_EnergyBridge_germany_d13_hist_d13_1_patched_2025-06-13_1day.log,/home/hku_user3/EnergyBridge/benchmark_results/vpp_patch_2026-07-15/household_s5_shared_roommates_irregular_EnergyBridge_germany_d13_hist_d13_1_patched_2025-06-13_1day/run_summary.txt,0,55.373488,55.373488,9.235826,0.054184,EUR/kWh,/home/hku_user3/EnergyBridge/experiments/real_data/germany_2025_price.csv,7.5461,7.5461,1.0,1.0,4.25,1.0,1.0,"['dishwasher', 'dryer', 'ev', 'washer', 'water_heater']",[],[],matched,household_s5_shared_roommates_irregular|germany|1days|2025-06-13|no_dr,/home/hku_user3/EnergyBridge/benchmark_results/vpp_patch_2026-07-15/household_s5_shared_roommates_irregular_no_dr_germany_d13_hist_d13_1_patched_2025-06-13_1day/benchmark_result.json,no_dr_counterfactual_event_window_energy,1,11.1148,7.5461,11.1148,11.1148,3.5687,3.5687,0.321076,3.5687,3.5687,no_dr_counterfactual_baseline
household_s1_dual_commuter_standard,household_s1_dual_commuter_standard,EnergyBridge,Germany,1,2025-06-13,d13_hist_d13_1_patched,hist_d13_1_patched,13,/home/hku_user3/EnergyBridge/experiments/real_data/germany_2025_price.csv,18.0,1.0,/home/hku_user3/EnergyBridge/benchmark_results/vpp_patch_2026-07-15/_batch_logs/daily_event_configs/d13_hist_d13_1_patched.json,skipped_done,0,0.0,/home/hku_user3/EnergyBridge/benchmark_results/vpp_patch_2026-07-15/household_s1_dual_commuter_standard_EnergyBridge_germany_d13_hist_d13_1_patched_2025-06-13_1day,/home/hku_user3/EnergyBridge/benchmark_results/vpp_patch_2026-07-15/_batch_logs/daily_dr_memory_germany_1day/household_s1_dual_commuter_standard_EnergyBridge_germany_d13_hist_d13_1_patched_2025-06-13_1day.log,/home/hku_user3/EnergyBridge/benchmark_results/vpp_patch_2026-07-15/household_s1_dual_commuter_standard_EnergyBridge_germany_d13_hist_d13_1_patched_2025-06-13_1day/run_summary.txt,0,57.414067,57.414067,9.377463,0.054364,EUR/kWh,/home/hku_user3/EnergyBridge/experiments/real_data/germany_2025_price.csv,7.5461,7.5461,1.0,1.0,4.25,1.0,1.0,"['dishwasher', 'dryer', 'ev', 'washer', 'water_heater']",[],[],matched,household_s1_dual_commuter_standard|germany|1days|2025-06-13|no_dr,/home/hku_user3/EnergyBridge/benchmark_results/vpp_patch_2026-07-15/household_s1_dual_commuter_standard_no_dr_germany_d13_hist_d13_1_patched_2025-06-13_1day/benchmark_result.json,no_dr_counterfactual_event_window_energy,1,11.1148,7.5461,11.1148,11.1148,3.5687,3.5687,0.321076,3.5687,3.5687,no_dr_counterfactual_baseline
household_s1_dual_commuter_standard,household_s1_dual_commuter_standard,no_dr,Tianjin,1,2025-06-13,d13_hist_d13_1_patched,hist_d13_1_patched,13,/home/hku_user3/EnergyBridge/experiments/real_data/tianjin_tou_price_normalized.csv,18.0,1.0,/home/hku_user3/EnergyBridge/benchmark_results/vpp_patch_2026-07-15/_batch_logs/daily_event_configs/d13_hist_d13_1_patched.json,skipped_done,0,0.0,/home/hku_user3/EnergyBridge/benchmark_results/vpp_patch_2026-07-15/household_s1_dual_commuter_standard_no_dr_tianjin_d13_hist_d13_1_patched_2025-06-13_1day,/home/hku_user3/EnergyBridge/benchmark_results/vpp_patch_2026-07-15/_batch_logs/daily_dr_memory_tianjin_1day/household_s1_dual_commuter_standard_no_dr_tianjin_d13_hist_d13_1_patched_2025-06-13_1day.log,/home/hku_user3/EnergyBridge/benchmark_results/vpp_patch_2026-07-15/household_s1_dual_commuter_standard_no_dr_tianjin_d13_hist_d13_1_patched_2025-06-13_1day/run_summary.txt,0,48.190468,48.190468,47.000692,1.413177,normalized TOU cost/kWh,/home/hku_user3/EnergyBridge/experiments/real_data/tianjin_tou_price_normalized.csv,6.0109,6.0109,1.0,1.0,,0.0,1.0,[],"['dishwasher', 'dryer', 'ev', 'washer', 'water_heater']",[],matched,household_s1_dual_commuter_standard|tianjin|1days|2025-06-13|no_dr,/home/hku_user3/EnergyBridge/benchmark_results/vpp_patch_2026-07-15/household_s1_dual_commuter_standard_no_dr_tianjin_d13_hist_d13_1_patched_2025-06-13_1day/benchmark_result.json,no_dr_counterfactual_event_window_energy,1,6.0109,6.0109,6.0109,6.0109,0.0,0.0,0.0,0.0,0.0,no_dr_counterfactual_baseline
household_s2_multigeneration_caregiver,household_s2_multigeneration_caregiver,no_dr,Tianjin,1,2025-06-13,d13_hist_d13_1_patched,hist_d13_1_patched,13,/home/hku_user3/EnergyBridge/experiments/real_data/tianjin_tou_price_normalized.csv,18.0,1.0,/home/hku_user3/EnergyBridge/benchmark_results/vpp_patch_2026-07-15/_batch_logs/daily_event_configs/d13_hist_d13_1_patched.json,skipped_done,0,0.0,/home/hku_user3/EnergyBridge/benchmark_results/vpp_patch_2026-07-15/household_s2_multigeneration_caregiver_no_dr_tianjin_d13_hist_d13_1_patched_2025-06-13_1day,/home/hku_user3/EnergyBridge/benchmark_results/vpp_patch_2026-07-15/_batch_logs/daily_dr_memory_tianjin_1day/household_s2_multigeneration_caregiver_no_dr_tianjin_d13_hist_d13_1_patched_2025-06-13_1day.log,/home/hku_user3/EnergyBridge/benchmark_results/vpp_patch_2026-07-15/household_s2_multigeneration_caregiver_no_dr_tianjin_d13_hist_d13_1_patched_2025-06-13_1day/run_summary.txt,0,46.536195,46.536195,45.215768,1.390202,normalized TOU cost/kWh,/home/hku_user3/EnergyBridge/experiments/real_data/tianjin_tou_price_normalized.csv,6.0659,6.0659,1.0,1.0,,0.0,1.0,[],"['dishwasher', 'dryer', 'ev', 'washer', 'water_heater']",[],matched,household_s2_multigeneration_caregiver|tianjin|1days|2025-06-13|no_dr,/home/hku_user3/EnergyBridge/benchmark_results/vpp_patch_2026-07-15/household_s2_multigeneration_caregiver_no_dr_tianjin_d13_hist_d13_1_patched_2025-06-13_1day/benchmark_result.json,no_dr_counterfactual_event_window_energy,1,6.0659,6.0659,6.0659,6.0659,0.0,0.0,0.0,0.0,0.0,no_dr_counterfactual_baseline
household_s1_dual_commuter_standard,household_s1_dual_commuter_standard,EnergyBridge,Tianjin,1,2025-06-13,d13_hist_d13_1_patched,hist_d13_1_patched,13,/home/hku_user3/EnergyBridge/experiments/real_data/tianjin_tou_price_normalized.csv,18.0,1.0,/home/hku_user3/EnergyBridge/benchmark_results/vpp_patch_2026-07-15/_batch_logs/daily_event_configs/d13_hist_d13_1_patched.json,skipped_done,0,0.0,/home/hku_user3/EnergyBridge/benchmark_results/vpp_patch_2026-07-15/household_s1_dual_commuter_standard_EnergyBridge_tianjin_d13_hist_d13_1_patched_2025-06-13_1day,/home/hku_user3/EnergyBridge/benchmark_results/vpp_patch_2026-07-15/_batch_logs/daily_dr_memory_tianjin_1day/household_s1_dual_commuter_standard_EnergyBridge_tianjin_d13_hist_d13_1_patched_2025-06-13_1day.log,/home/hku_user3/EnergyBridge/benchmark_results/vpp_patch_2026-07-15/household_s1_dual_commuter_standard_EnergyBridge_tianjin_d13_hist_d13_1_patched_2025-06-13_1day/run_summary.txt,0,50.507978,50.507978,51.183682,1.399638,normalized TOU cost/kWh,/home/hku_user3/EnergyBridge/experiments/real_data/tianjin_tou_price_normalized.csv,1.5427,1.5427,1.0,1.0,4.0,1.0,1.0,"['dishwasher', 'dryer', 'ev', 'washer', 'water_heater']",[],[],matched,household_s1_dual_commuter_standard|tianjin|1days|2025-06-13|no_dr,/home/hku_user3/EnergyBridge/benchmark_results/vpp_patch_2026-07-15/household_s1_dual_commuter_standard_no_dr_tianjin_d13_hist_d13_1_patched_2025-06-13_1day/benchmark_result.json,no_dr_counterfactual_event_window_energy,1,6.0109,1.5427,6.0109,6.0109,4.4682,4.4682,0.74335,4.4682,4.4682,no_dr_counterfactual_baseline
household_s3_hybrid_work_from_home,household_s3_hybrid_work_from_home,no_dr,Tianjin,1,2025-06-13,d13_hist_d13_1_patched,hist_d13_1_patched,13,/home/hku_user3/EnergyBridge/experiments/real_data/tianjin_tou_price_normalized.csv,18.0,1.0,/home/hku_user3/EnergyBridge/benchmark_results/vpp_patch_2026-07-15/_batch_logs/daily_event_configs/d13_hist_d13_1_patched.json,skipped_done,0,0.0,/home/hku_user3/EnergyBridge/benchmark_results/vpp_patch_2026-07-15/household_s3_hybrid_work_from_home_no_dr_tianjin_d13_hist_d13_1_patched_2025-06-13_1day,/home/hku_user3/EnergyBridge/benchmark_results/vpp_patch_2026-07-15/_batch_logs/daily_dr_memory_tianjin_1day/household_s3_hybrid_work_from_home_no_dr_tianjin_d13_hist_d13_1_patched_2025-06-13_1day.log,/home/hku_user3/EnergyBridge/benchmark_results/vpp_patch_2026-07-15/household_s3_hybrid_work_from_home_no_dr_tianjin_d13_hist_d13_1_patched_2025-06-13_1day/run_summary.txt,0,47.486316,47.486316,45.984134,1.408241,normalized TOU cost/kWh,/home/hku_user3/EnergyBridge/experiments/real_data/tianjin_tou_price_normalized.csv,6.0155,6.0155,1.0,1.0,,0.0,0.8,[],"['dishwasher', 'dryer', 'ev', 'washer', 'water_heater']",[],matched,household_s3_hybrid_work_from_home|tianjin|1days|2025-06-13|no_dr,/home/hku_user3/EnergyBridge/benchmark_results/vpp_patch_2026-07-15/household_s3_hybrid_work_from_home_no_dr_tianjin_d13_hist_d13_1_patched_2025-06-13_1day/benchmark_result.json,no_dr_counterfactual_event_window_energy,1,6.0155,6.0155,6.0155,6.0155,0.0,0.0,0.0,0.0,0.0,no_dr_counterfactual_baseline
household_s4_ev_commuter_flexible,household_s4_ev_commuter_flexible,EnergyBridge,Germany,1,2025-06-13,d13_hist_d13_1_patched,hist_d13_1_patched,13,/home/hku_user3/EnergyBridge/experiments/real_data/germany_2025_price.csv,18.0,1.0,/home/hku_user3/EnergyBridge/benchmark_results/vpp_patch_2026-07-15/_batch_logs/daily_event_configs/d13_hist_d13_1_patched.json,skipped_done,0,0.0,/home/hku_user3/EnergyBridge/benchmark_results/vpp_patch_2026-07-15/household_s4_ev_commuter_flexible_EnergyBridge_germany_d13_hist_d13_1_patched_2025-06-13_1day,/home/hku_user3/EnergyBridge/benchmark_results/vpp_patch_2026-07-15/_batch_logs/daily_dr_memory_germany_1day/household_s4_ev_commuter_flexible_EnergyBridge_germany_d13_hist_d13_1_patched_2025-06-13_1day.log,/home/hku_user3/EnergyBridge/benchmark_results/vpp_patch_2026-07-15/household_s4_ev_commuter_flexible_EnergyBridge_germany_d13_hist_d13_1_patched_2025-06-13_1day/run_summary.txt,0,59.454647,59.454647,9.59036,0.054948,EUR/kWh,/home/hku_user3/EnergyBridge/experiments/real_data/germany_2025_price.csv,7.5461,7.5461,1.0,1.0,4.25,1.0,1.0,"['dishwasher', 'dryer', 'ev', 'washer', 'water_heater']",[],[],matched,household_s4_ev_commuter_flexible|germany|1days|2025-06-13|no_dr,/home/hku_user3/EnergyBridge/benchmark_results/vpp_patch_2026-07-15/household_s4_ev_commuter_flexible_no_dr_germany_d13_hist_d13_1_patched_2025-06-13_1day/benchmark_result.json,no_dr_counterfactual_event_window_energy,1,11.1148,7.5461,11.1148,11.1148,3.5687,3.5687,0.321076,3.5687,3.5687,no_dr_counterfactual_baseline
household_s4_ev_commuter_flexible,household_s4_ev_commuter_flexible,no_dr,Tianjin,1,2025-06-13,d13_hist_d13_1_patched,hist_d13_1_patched,13,/home/hku_user3/EnergyBridge/experiments/real_data/tianjin_tou_price_normalized.csv,18.0,1.0,/home/hku_user3/EnergyBridge/benchmark_results/vpp_patch_2026-07-15/_batch_logs/daily_event_configs/d13_hist_d13_1_patched.json,skipped_done,0,0.0,/home/hku_user3/EnergyBridge/benchmark_results/vpp_patch_2026-07-15/household_s4_ev_commuter_flexible_no_dr_tianjin_d13_hist_d13_1_patched_2025-06-13_1day,/home/hku_user3/EnergyBridge/benchmark_results/vpp_patch_2026-07-15/_batch_logs/daily_dr_memory_tianjin_1day/household_s4_ev_commuter_flexible_no_dr_tianjin_d13_hist_d13_1_patched_2025-06-13_1day.log,/home/hku_user3/EnergyBridge/benchmark_results/vpp_patch_2026-07-15/household_s4_ev_commuter_flexible_no_dr_tianjin_d13_hist_d13_1_patched_2025-06-13_1day/run_summary.txt,0,50.231048,50.231048,50.26562,1.423977,normalized TOU cost/kWh,/home/hku_user3/EnergyBridge/experiments/real_data/tianjin_tou_price_normalized.csv,6.0109,6.0109,1.0,1.0,,0.0,1.0,[],"['dishwasher', 'dryer', 'ev', 'washer', 'water_heater']",[],matched,household_s4_ev_commuter_flexible|tianjin|1days|2025-06-13|no_dr,/home/hku_user3/EnergyBridge/benchmark_results/vpp_patch_2026-07-15/household_s4_ev_commuter_flexible_no_dr_tianjin_d13_hist_d13_1_patched_2025-06-13_1day/benchmark_result.json,no_dr_counterfactual_event_window_energy,1,6.0109,6.0109,6.0109,6.0109,0.0,0.0,0.0,0.0,0.0,no_dr_counterfactual_baseline
household_s3_hybrid_work_from_home,household_s3_hybrid_work_from_home,EnergyBridge,Tianjin,1,2025-06-13,d13_hist_d13_1_patched,hist_d13_1_patched,13,/home/hku_user3/EnergyBridge/experiments/real_data/tianjin_tou_price_normalized.csv,18.0,1.0,/home/hku_user3/EnergyBridge/benchmark_results/vpp_patch_2026-07-15/_batch_logs/daily_event_configs/d13_hist_d13_1_patched.json,skipped_done,0,0.0,/home/hku_user3/EnergyBridge/benchmark_results/vpp_patch_2026-07-15/household_s3_hybrid_work_from_home_EnergyBridge_tianjin_d13_hist_d13_1_patched_2025-06-13_1day,/home/hku_user3/EnergyBridge/benchmark_results/vpp_patch_2026-07-15/_batch_logs/daily_dr_memory_tianjin_1day/household_s3_hybrid_work_from_home_EnergyBridge_tianjin_d13_hist_d13_1_patched_2025-06-13_1day.log,/home/hku_user3/EnergyBridge/benchmark_results/vpp_patch_2026-07-15/household_s3_hybrid_work_from_home_EnergyBridge_tianjin_d13_hist_d13_1_patched_2025-06-13_1day/run_summary.txt,0,46.518188,46.518188,50.506421,1.416302,normalized TOU cost/kWh,/home/hku_user3/EnergyBridge/experiments/real_data/tianjin_tou_price_normalized.csv,1.7679,1.7679,1.0,1.0,4.0,1.0,1.0,"['dishwasher', 'dryer', 'ev', 'washer', 'water_heater']",[],[],matched,household_s3_hybrid_work_from_home|tianjin|1days|2025-06-13|no_dr,/home/hku_user3/EnergyBridge/benchmark_results/vpp_patch_2026-07-15/household_s3_hybrid_work_from_home_no_dr_tianjin_d13_hist_d13_1_patched_2025-06-13_1day/benchmark_result.json,no_dr_counterfactual_event_window_energy,1,6.0155,1.7679,6.0155,6.0155,4.2476,4.2476,0.706109,4.2476,4.2476,no_dr_counterfactual_baseline
household_s3_hybrid_work_from_home,household_s3_hybrid_work_from_home,EnergyBridge,Germany,1,2025-06-13,d13_hist_d13_1_patched,hist_d13_1_patched,13,/home/hku_user3/EnergyBridge/experiments/real_data/germany_2025_price.csv,18.0,1.0,/home/hku_user3/EnergyBridge/benchmark_results/vpp_patch_2026-07-15/_batch_logs/daily_event_configs/d13_hist_d13_1_patched.json,skipped_done,0,0.0,/home/hku_user3/EnergyBridge/benchmark_results/vpp_patch_2026-07-15/household_s3_hybrid_work_from_home_EnergyBridge_germany_d13_hist_d13_1_patched_2025-06-13_1day,/home/hku_user3/EnergyBridge/benchmark_results/vpp_patch_2026-07-15/_batch_logs/daily_dr_memory_germany_1day/household_s3_hybrid_work_from_home_EnergyBridge_germany_d13_hist_d13_1_patched_2025-06-13_1day.log,/home/hku_user3/EnergyBridge/benchmark_results/vpp_patch_2026-07-15/household_s3_hybrid_work_from_home_EnergyBridge_germany_d13_hist_d13_1_patched_2025-06-13_1day/run_summary.txt,0,53.081308,53.081308,9.245959,0.053781,EUR/kWh,/home/hku_user3/EnergyBridge/experiments/real_data/germany_2025_price.csv,6.8393,6.8393,1.0,1.0,3.333,1.0,1.0,"['dishwasher', 'dryer', 'ev', 'washer', 'water_heater']",[],[],matched,household_s3_hybrid_work_from_home|germany|1days|2025-06-13|no_dr,/home/hku_user3/EnergyBridge/benchmark_results/vpp_patch_2026-07-15/household_s3_hybrid_work_from_home_no_dr_germany_d13_hist_d13_1_patched_2025-06-13_1day/benchmark_result.json,no_dr_counterfactual_event_window_energy,1,11.1243,6.8393,11.1243,11.1243,4.285,4.285,0.385193,4.285,4.285,no_dr_counterfactual_baseline
household_s2_multigeneration_caregiver,household_s2_multigeneration_caregiver,EnergyBridge,Germany,1,2025-06-13,d13_hist_d13_1_patched,hist_d13_1_patched,13,/home/hku_user3/EnergyBridge/experiments/real_data/germany_2025_price.csv,18.0,1.0,/home/hku_user3/EnergyBridge/benchmark_results/vpp_patch_2026-07-15/_batch_logs/daily_event_configs/d13_hist_d13_1_patched.json,skipped_done,0,0.0,/home/hku_user3/EnergyBridge/benchmark_results/vpp_patch_2026-07-15/household_s2_multigeneration_caregiver_EnergyBridge_germany_d13_hist_d13_1_patched_2025-06-13_1day,/home/hku_user3/EnergyBridge/benchmark_results/vpp_patch_2026-07-15/_batch_logs/daily_dr_memory_germany_1day/household_s2_multigeneration_caregiver_EnergyBridge_germany_d13_hist_d13_1_patched_2025-06-13_1day.log,/home/hku_user3/EnergyBridge/benchmark_results/vpp_patch_2026-07-15/household_s2_multigeneration_caregiver_EnergyBridge_germany_d13_hist_d13_1_patched_2025-06-13_1day/run_summary.txt,0,52.930238,52.930238,9.080184,0.053015,EUR/kWh,/home/hku_user3/EnergyBridge/experiments/real_data/germany_2025_price.csv,6.9511,6.9511,1.0,1.0,4.2,1.0,1.0,"['dishwasher', 'dryer', 'ev', 'washer', 'water_heater']",[],[],matched,household_s2_multigeneration_caregiver|germany|1days|2025-06-13|no_dr,/home/hku_user3/EnergyBridge/benchmark_results/vpp_patch_2026-07-15/household_s2_multigeneration_caregiver_no_dr_germany_d13_hist_d13_1_patched_2025-06-13_1day/benchmark_result.json,no_dr_counterfactual_event_window_energy,1,11.156,6.9511,11.156,11.156,4.2049,4.2049,0.376918,4.2049,4.2049,no_dr_counterfactual_baseline
household_s1_dual_commuter_standard,household_s1_dual_commuter_standard,no_dr,Germany,1,2025-06-14,d14_hist_d14_1_patched,hist_d14_1_patched,14,/home/hku_user3/EnergyBridge/experiments/real_data/germany_2025_price.csv,18.0,1.0,/home/hku_user3/EnergyBridge/benchmark_results/vpp_patch_2026-07-15/_batch_logs/daily_event_configs/d14_hist_d14_1_patched.json,skipped_done,0,0.0,/home/hku_user3/EnergyBridge/benchmark_results/vpp_patch_2026-07-15/household_s1_dual_commuter_standard_no_dr_germany_d14_hist_d14_1_patched_2025-06-14_1day,/home/hku_user3/EnergyBridge/benchmark_results/vpp_patch_2026-07-15/_batch_logs/daily_dr_memory_germany_1day/household_s1_dual_commuter_standard_no_dr_germany_d14_hist_d14_1_patched_2025-06-14_1day.log,/home/hku_user3/EnergyBridge/benchmark_results/vpp_patch_2026-07-15/household_s1_dual_commuter_standard_no_dr_germany_d14_hist_d14_1_patched_2025-06-14_1day/run_summary.txt,0,54.57006,54.57006,10.173469,0.054759,EUR/kWh,/home/hku_user3/EnergyBridge/experiments/real_data/germany_2025_price.csv,11.0354,11.0354,1.0,1.0,,0.0,1.0,[],"['dishwasher', 'dryer', 'ev', 'washer', 'water_heater']",[],matched,household_s1_dual_commuter_standard|germany|1days|2025-06-14|no_dr,/home/hku_user3/EnergyBridge/benchmark_results/vpp_patch_2026-07-15/household_s1_dual_commuter_standard_no_dr_germany_d14_hist_d14_1_patched_2025-06-14_1day/benchmark_result.json,no_dr_counterfactual_event_window_energy,1,11.0354,11.0354,11.0354,11.0354,0.0,0.0,0.0,0.0,0.0,no_dr_counterfactual_baseline
household_s2_multigeneration_caregiver,household_s2_multigeneration_caregiver,EnergyBridge,Tianjin,1,2025-06-13,d13_hist_d13_1_patched,hist_d13_1_patched,13,/home/hku_user3/EnergyBridge/experiments/real_data/tianjin_tou_price_normalized.csv,18.0,1.0,/home/hku_user3/EnergyBridge/benchmark_results/vpp_patch_2026-07-15/_batch_logs/daily_event_configs/d13_hist_d13_1_patched.json,skipped_done,0,0.0,/home/hku_user3/EnergyBridge/benchmark_results/vpp_patch_2026-07-15/household_s2_multigeneration_caregiver_EnergyBridge_tianjin_d13_hist_d13_1_patched_2025-06-13_1day,/home/hku_user3/EnergyBridge/benchmark_results/vpp_patch_2026-07-15/_batch_logs/daily_dr_memory_tianjin_1day/household_s2_multigeneration_caregiver_EnergyBridge_tianjin_d13_hist_d13_1_patched_2025-06-13_1day.log,/home/hku_user3/EnergyBridge/benchmark_results/vpp_patch_2026-07-15/household_s2_multigeneration_caregiver_EnergyBridge_tianjin_d13_hist_d13_1_patched_2025-06-13_1day/run_summary.txt,0,43.358066,43.358066,46.062327,1.273623,normalized TOU cost/kWh,/home/hku_user3/EnergyBridge/experiments/real_data/tianjin_tou_price_normalized.csv,1.2065,1.2065,1.0,1.0,2.0,1.0,0.8,"['dishwasher', 'dryer', 'ev', 'washer', 'water_heater']",[],[],matched,household_s2_multigeneration_caregiver|tianjin|1days|2025-06-13|no_dr,/home/hku_user3/EnergyBridge/benchmark_results/vpp_patch_2026-07-15/household_s2_multigeneration_caregiver_no_dr_tianjin_d13_hist_d13_1_patched_2025-06-13_1day/benchmark_result.json,no_dr_counterfactual_event_window_energy,1,6.0659,1.2065,6.0659,6.0659,4.8594,4.8594,0.801101,4.8594,4.8594,no_dr_counterfactual_baseline
household_s5_shared_roommates_irregular,household_s5_shared_roommates_irregular,no_dr,Tianjin,1,2025-06-13,d13_hist_d13_1_patched,hist_d13_1_patched,13,/home/hku_user3/EnergyBridge/experiments/real_data/tianjin_tou_price_normalized.csv,18.0,1.0,/home/hku_user3/EnergyBridge/benchmark_results/vpp_patch_2026-07-15/_batch_logs/daily_event_configs/d13_hist_d13_1_patched.json,skipped_done,0,0.0,/home/hku_user3/EnergyBridge/benchmark_results/vpp_patch_2026-07-15/household_s5_shared_roommates_irregular_no_dr_tianjin_d13_hist_d13_1_patched_2025-06-13_1day,/home/hku_user3/EnergyBridge/benchmark_results/vpp_patch_2026-07-15/_batch_logs/daily_dr_memory_tianjin_1day/household_s5_shared_roommates_irregular_no_dr_tianjin_d13_hist_d13_1_patched_2025-06-13_1day.log,/home/hku_user3/EnergyBridge/benchmark_results/vpp_patch_2026-07-15/household_s5_shared_roommates_irregular_no_dr_tianjin_d13_hist_d13_1_patched_2025-06-13_1day/run_summary.txt,0,47.215106,47.215106,45.602431,1.408136,normalized TOU cost/kWh,/home/hku_user3/EnergyBridge/experiments/real_data/tianjin_tou_price_normalized.csv,6.0109,6.0109,1.0,1.0,,0.0,1.0,[],"['dishwasher', 'dryer', 'ev', 'washer', 'water_heater']",[],matched,household_s5_shared_roommates_irregular|tianjin|1days|2025-06-13|no_dr,/home/hku_user3/EnergyBridge/benchmark_results/vpp_patch_2026-07-15/household_s5_shared_roommates_irregular_no_dr_tianjin_d13_hist_d13_1_patched_2025-06-13_1day/benchmark_result.json,no_dr_counterfactual_event_window_energy,1,6.0109,6.0109,6.0109,6.0109,0.0,0.0,0.0,0.0,0.0,no_dr_counterfactual_baseline
household_s4_ev_commuter_flexible,household_s4_ev_commuter_flexible,EnergyBridge,Tianjin,1,2025-06-13,d13_hist_d13_1_patched,hist_d13_1_patched,13,/home/hku_user3/EnergyBridge/experiments/real_data/tianjin_tou_price_normalized.csv,18.0,1.0,/home/hku_user3/EnergyBridge/benchmark_results/vpp_patch_2026-07-15/_batch_logs/daily_event_configs/d13_hist_d13_1_patched.json,skipped_done,0,0.0,/home/hku_user3/EnergyBridge/benchmark_results/vpp_patch_2026-07-15/household_s4_ev_commuter_flexible_EnergyBridge_tianjin_d13_hist_d13_1_patched_2025-06-13_1day,/home/hku_user3/EnergyBridge/benchmark_results/vpp_patch_2026-07-15/_batch_logs/daily_dr_memory_tianjin_1day/household_s4_ev_commuter_flexible_EnergyBridge_tianjin_d13_hist_d13_1_patched_2025-06-13_1day.log,/home/hku_user3/EnergyBridge/benchmark_results/vpp_patch_2026-07-15/household_s4_ev_commuter_flexible_EnergyBridge_tianjin_d13_hist_d13_1_patched_2025-06-13_1day/run_summary.txt,0,48.107397,48.107397,52.907441,1.370077,normalized TOU cost/kWh,/home/hku_user3/EnergyBridge/experiments/real_data/tianjin_tou_price_normalized.csv,1.7792,1.7792,1.0,1.0,4.5,1.0,1.0,"['dishwasher', 'dryer', 'ev', 'washer', 'water_heater']",[],[],matched,household_s4_ev_commuter_flexible|tianjin|1days|2025-06-13|no_dr,/home/hku_user3/EnergyBridge/benchmark_results/vpp_patch_2026-07-15/household_s4_ev_commuter_flexible_no_dr_tianjin_d13_hist_d13_1_patched_2025-06-13_1day/benchmark_result.json,no_dr_counterfactual_event_window_energy,1,6.0109,1.7792,6.0109,6.0109,4.2317,4.2317,0.704004,4.2317,4.2317,no_dr_counterfactual_baseline
household_s3_hybrid_work_from_home,household_s3_hybrid_work_from_home,no_dr,Germany,1,2025-06-14,d14_hist_d14_1_patched,hist_d14_1_patched,14,/home/hku_user3/EnergyBridge/experiments/real_data/germany_2025_price.csv,18.0,1.0,/home/hku_user3/EnergyBridge/benchmark_results/vpp_patch_2026-07-15/_batch_logs/daily_event_configs/d14_hist_d14_1_patched.json,skipped_done,0,0.0,/home/hku_user3/EnergyBridge/benchmark_results/vpp_patch_2026-07-15/household_s3_hybrid_work_from_home_no_dr_germany_d14_hist_d14_1_patched_2025-06-14_1day,/home/hku_user3/EnergyBridge/benchmark_results/vpp_patch_2026-07-15/_batch_logs/daily_dr_memory_germany_1day/household_s3_hybrid_work_from_home_no_dr_germany_d14_hist_d14_1_patched_2025-06-14_1day.log,/home/hku_user3/EnergyBridge/benchmark_results/vpp_patch_2026-07-15/household_s3_hybrid_work_from_home_no_dr_germany_d14_hist_d14_1_patched_2025-06-14_1day/run_summary.txt,0,52.887853,52.887853,9.963072,0.054266,EUR/kWh,/home/hku_user3/EnergyBridge/experiments/real_data/germany_2025_price.csv,11.0435,11.0435,1.0,1.0,,0.0,0.8,[],"['dishwasher', 'dryer', 'ev', 'washer', 'water_heater']",[],matched,household_s3_hybrid_work_from_home|germany|1days|2025-06-14|no_dr,/home/hku_user3/EnergyBridge/benchmark_results/vpp_patch_2026-07-15/household_s3_hybrid_work_from_home_no_dr_germany_d14_hist_d14_1_patched_2025-06-14_1day/benchmark_result.json,no_dr_counterfactual_event_window_energy,1,11.0435,11.0435,11.0435,11.0435,0.0,0.0,0.0,0.0,0.0,no_dr_counterfactual_baseline
household_s1_dual_commuter_standard,household_s1_dual_commuter_standard,EnergyBridge,Germany,1,2025-06-14,d14_hist_d14_1_patched,hist_d14_1_patched,14,/home/hku_user3/EnergyBridge/experiments/real_data/germany_2025_price.csv,18.0,1.0,/home/hku_user3/EnergyBridge/benchmark_results/vpp_patch_2026-07-15/_batch_logs/daily_event_configs/d14_hist_d14_1_patched.json,skipped_done,0,0.0,/home/hku_user3/EnergyBridge/benchmark_results/vpp_patch_2026-07-15/household_s1_dual_commuter_standard_EnergyBridge_germany_d14_hist_d14_1_patched_2025-06-14_1day,/home/hku_user3/EnergyBridge/benchmark_results/vpp_patch_2026-07-15/_batch_logs/daily_dr_memory_germany_1day/household_s1_dual_commuter_standard_EnergyBridge_germany_d14_hist_d14_1_patched_2025-06-14_1day.log,/home/hku_user3/EnergyBridge/benchmark_results/vpp_patch_2026-07-15/household_s1_dual_commuter_standard_EnergyBridge_germany_d14_hist_d14_1_patched_2025-06-14_1day/run_summary.txt,0,57.474129,57.474129,9.291993,0.051338,EUR/kWh,/home/hku_user3/EnergyBridge/experiments/real_data/germany_2025_price.csv,7.5224,7.5224,1.0,1.0,3.75,1.0,1.0,"['dishwasher', 'dryer', 'ev', 'washer', 'water_heater']",[],[],matched,household_s1_dual_commuter_standard|germany|1days|2025-06-14|no_dr,/home/hku_user3/EnergyBridge/benchmark_results/vpp_patch_2026-07-15/household_s1_dual_commuter_standard_no_dr_germany_d14_hist_d14_1_patched_2025-06-14_1day/benchmark_result.json,no_dr_counterfactual_event_window_energy,1,11.0354,7.5224,11.0354,11.0354,3.513,3.513,0.318339,3.513,3.513,no_dr_counterfactual_baseline
household_s4_ev_commuter_flexible,household_s4_ev_commuter_flexible,no_dr,Germany,1,2025-06-14,d14_hist_d14_1_patched,hist_d14_1_patched,14,/home/hku_user3/EnergyBridge/experiments/real_data/germany_2025_price.csv,18.0,1.0,/home/hku_user3/EnergyBridge/benchmark_results/vpp_patch_2026-07-15/_batch_logs/daily_event_configs/d14_hist_d14_1_patched.json,skipped_done,0,0.0,/home/hku_user3/EnergyBridge/benchmark_results/vpp_patch_2026-07-15/household_s4_ev_commuter_flexible_no_dr_germany_d14_hist_d14_1_patched_2025-06-14_1day,/home/hku_user3/EnergyBridge/benchmark_results/vpp_patch_2026-07-15/_batch_logs/daily_dr_memory_germany_1day/household_s4_ev_commuter_flexible_no_dr_germany_d14_hist_d14_1_patched_2025-06-14_1day.log,/home/hku_user3/EnergyBridge/benchmark_results/vpp_patch_2026-07-15/household_s4_ev_commuter_flexible_no_dr_germany_d14_hist_d14_1_patched_2025-06-14_1day/run_summary.txt,0,56.61064,56.61064,10.383057,0.05528,EUR/kWh,/home/hku_user3/EnergyBridge/experiments/real_data/germany_2025_price.csv,11.0354,11.0354,1.0,1.0,,0.0,1.0,[],"['dishwasher', 'dryer', 'ev', 'washer', 'water_heater']",[],matched,household_s4_ev_commuter_flexible|germany|1days|2025-06-14|no_dr,/home/hku_user3/EnergyBridge/benchmark_results/vpp_patch_2026-07-15/household_s4_ev_commuter_flexible_no_dr_germany_d14_hist_d14_1_patched_2025-06-14_1day/benchmark_result.json,no_dr_counterfactual_event_window_energy,1,11.0354,11.0354,11.0354,11.0354,0.0,0.0,0.0,0.0,0.0,no_dr_counterfactual_baseline
household_s2_multigeneration_caregiver,household_s2_multigeneration_caregiver,no_dr,Germany,1,2025-06-14,d14_hist_d14_1_patched,hist_d14_1_patched,14,/home/hku_user3/EnergyBridge/experiments/real_data/germany_2025_price.csv,18.0,1.0,/home/hku_user3/EnergyBridge/benchmark_results/vpp_patch_2026-07-15/_batch_logs/daily_event_configs/d14_hist_d14_1_patched.json,skipped_done,0,0.0,/home/hku_user3/EnergyBridge/benchmark_results/vpp_patch_2026-07-15/household_s2_multigeneration_caregiver_no_dr_germany_d14_hist_d14_1_patched_2025-06-14_1day,/home/hku_user3/EnergyBridge/benchmark_results/vpp_patch_2026-07-15/_batch_logs/daily_dr_memory_germany_1day/household_s2_multigeneration_caregiver_no_dr_germany_d14_hist_d14_1_patched_2025-06-14_1day.log,/home/hku_user3/EnergyBridge/benchmark_results/vpp_patch_2026-07-15/household_s2_multigeneration_caregiver_no_dr_germany_d14_hist_d14_1_patched_2025-06-14_1day/run_summary.txt,0,51.902865,51.902865,9.768077,0.053603,EUR/kWh,/home/hku_user3/EnergyBridge/experiments/real_data/germany_2025_price.csv,11.0747,11.0747,1.0,1.0,,0.0,1.0,[],"['dishwasher', 'dryer', 'ev', 'washer', 'water_heater']",[],matched,household_s2_multigeneration_caregiver|germany|1days|2025-06-14|no_dr,/home/hku_user3/EnergyBridge/benchmark_results/vpp_patch_2026-07-15/household_s2_multigeneration_caregiver_no_dr_germany_d14_hist_d14_1_patched_2025-06-14_1day/benchmark_result.json,no_dr_counterfactual_event_window_energy,1,11.0747,11.0747,11.0747,11.0747,0.0,0.0,0.0,0.0,0.0,no_dr_counterfactual_baseline
household_s2_multigeneration_caregiver,household_s2_multigeneration_caregiver,EnergyBridge,Germany,1,2025-06-14,d14_hist_d14_1_patched,hist_d14_1_patched,14,/home/hku_user3/EnergyBridge/experiments/real_data/germany_2025_price.csv,18.0,1.0,/home/hku_user3/EnergyBridge/benchmark_results/vpp_patch_2026-07-15/_batch_logs/daily_event_configs/d14_hist_d14_1_patched.json,skipped_done,0,0.0,/home/hku_user3/EnergyBridge/benchmark_results/vpp_patch_2026-07-15/household_s2_multigeneration_caregiver_EnergyBridge_germany_d14_hist_d14_1_patched_2025-06-14_1day,/home/hku_user3/EnergyBridge/benchmark_results/vpp_patch_2026-07-15/_batch_logs/daily_dr_memory_germany_1day/household_s2_multigeneration_caregiver_EnergyBridge_germany_d14_hist_d14_1_patched_2025-06-14_1day.log,/home/hku_user3/EnergyBridge/benchmark_results/vpp_patch_2026-07-15/household_s2_multigeneration_caregiver_EnergyBridge_germany_d14_hist_d14_1_patched_2025-06-14_1day/run_summary.txt,0,52.022335,52.022335,8.846936,0.049121,EUR/kWh,/home/hku_user3/EnergyBridge/experiments/real_data/germany_2025_price.csv,6.8522,6.8522,1.0,1.0,4.8,1.0,1.0,"['dishwasher', 'dryer', 'ev', 'washer', 'water_heater']",[],[],matched,household_s2_multigeneration_caregiver|germany|1days|2025-06-14|no_dr,/home/hku_user3/EnergyBridge/benchmark_results/vpp_patch_2026-07-15/household_s2_multigeneration_caregiver_no_dr_germany_d14_hist_d14_1_patched_2025-06-14_1day/benchmark_result.json,no_dr_counterfactual_event_window_energy,1,11.0747,6.8522,11.0747,11.0747,4.2225,4.2225,0.381274,4.2225,4.2225,no_dr_counterfactual_baseline
household_s5_shared_roommates_irregular,household_s5_shared_roommates_irregular,EnergyBridge,Tianjin,1,2025-06-13,d13_hist_d13_1_patched,hist_d13_1_patched,13,/home/hku_user3/EnergyBridge/experiments/real_data/tianjin_tou_price_normalized.csv,18.0,1.0,/home/hku_user3/EnergyBridge/benchmark_results/vpp_patch_2026-07-15/_batch_logs/daily_event_configs/d13_hist_d13_1_patched.json,skipped_done,0,0.0,/home/hku_user3/EnergyBridge/benchmark_results/vpp_patch_2026-07-15/household_s5_shared_roommates_irregular_EnergyBridge_tianjin_d13_hist_d13_1_patched_2025-06-13_1day,/home/hku_user3/EnergyBridge/benchmark_results/vpp_patch_2026-07-15/_batch_logs/daily_dr_memory_tianjin_1day/household_s5_shared_roommates_irregular_EnergyBridge_tianjin_d13_hist_d13_1_patched_2025-06-13_1day.log,/home/hku_user3/EnergyBridge/benchmark_results/vpp_patch_2026-07-15/household_s5_shared_roommates_irregular_EnergyBridge_tianjin_d13_hist_d13_1_patched_2025-06-13_1day/run_summary.txt,0,45.245843,45.245843,48.593807,1.396035,normalized TOU cost/kWh,/home/hku_user3/EnergyBridge/experiments/real_data/tianjin_tou_price_normalized.csv,1.7866,1.7866,1.0,1.0,4.0,1.0,1.0,"['dishwasher', 'dryer', 'ev', 'washer', 'water_heater']",[],[],matched,household_s5_shared_roommates_irregular|tianjin|1days|2025-06-13|no_dr,/home/hku_user3/EnergyBridge/benchmark_results/vpp_patch_2026-07-15/household_s5_shared_roommates_irregular_no_dr_tianjin_d13_hist_d13_1_patched_2025-06-13_1day/benchmark_result.json,no_dr_counterfactual_event_window_energy,1,6.0109,1.7866,6.0109,6.0109,4.2243,4.2243,0.702773,4.2243,4.2243,no_dr_counterfactual_baseline
household_s3_hybrid_work_from_home,household_s3_hybrid_work_from_home,EnergyBridge,Germany,1,2025-06-14,d14_hist_d14_1_patched,hist_d14_1_patched,14,/home/hku_user3/EnergyBridge/experiments/real_data/germany_2025_price.csv,18.0,1.0,/home/hku_user3/EnergyBridge/benchmark_results/vpp_patch_2026-07-15/_batch_logs/daily_event_configs/d14_hist_d14_1_patched.json,skipped_done,0,0.0,/home/hku_user3/EnergyBridge/benchmark_results/vpp_patch_2026-07-15/household_s3_hybrid_work_from_home_EnergyBridge_germany_d14_hist_d14_1_patched_2025-06-14_1day,/home/hku_user3/EnergyBridge/benchmark_results/vpp_patch_2026-07-15/_batch_logs/daily_dr_memory_germany_1day/household_s3_hybrid_work_from_home_EnergyBridge_germany_d14_hist_d14_1_patched_2025-06-14_1day.log,/home/hku_user3/EnergyBridge/benchmark_results/vpp_patch_2026-07-15/household_s3_hybrid_work_from_home_EnergyBridge_germany_d14_hist_d14_1_patched_2025-06-14_1day/run_summary.txt,0,55.069977,55.069977,9.060068,0.050203,EUR/kWh,/home/hku_user3/EnergyBridge/experiments/real_data/germany_2025_price.csv,6.7534,6.7534,1.0,1.0,4.0,1.0,1.0,"['dishwasher', 'dryer', 'ev', 'washer', 'water_heater']",[],[],matched,household_s3_hybrid_work_from_home|germany|1days|2025-06-14|no_dr,/home/hku_user3/EnergyBridge/benchmark_results/vpp_patch_2026-07-15/household_s3_hybrid_work_from_home_no_dr_germany_d14_hist_d14_1_patched_2025-06-14_1day/benchmark_result.json,no_dr_counterfactual_event_window_energy,1,11.0435,6.7534,11.0435,11.0435,4.2901,4.2901,0.388473,4.2901,4.2901,no_dr_counterfactual_baseline
household_s1_dual_commuter_standard,household_s1_dual_commuter_standard,no_dr,Tianjin,1,2025-06-14,d14_hist_d14_1_patched,hist_d14_1_patched,14,/home/hku_user3/EnergyBridge/experiments/real_data/tianjin_tou_price_normalized.csv,18.0,1.0,/home/hku_user3/EnergyBridge/benchmark_results/vpp_patch_2026-07-15/_batch_logs/daily_event_configs/d14_hist_d14_1_patched.json,skipped_done,0,0.0,/home/hku_user3/EnergyBridge/benchmark_results/vpp_patch_2026-07-15/household_s1_dual_commuter_standard_no_dr_tianjin_d14_hist_d14_1_patched_2025-06-14_1day,/home/hku_user3/EnergyBridge/benchmark_results/vpp_patch_2026-07-15/_batch_logs/daily_dr_memory_tianjin_1day/household_s1_dual_commuter_standard_no_dr_tianjin_d14_hist_d14_1_patched_2025-06-14_1day.log,/home/hku_user3/EnergyBridge/benchmark_results/vpp_patch_2026-07-15/household_s1_dual_commuter_standard_no_dr_tianjin_d14_hist_d14_1_patched_2025-06-14_1day/run_summary.txt,0,55.038703,55.038703,51.212335,1.370307,normalized TOU cost/kWh,/home/hku_user3/EnergyBridge/experiments/real_data/tianjin_tou_price_normalized.csv,6.1832,6.1832,1.0,1.0,,0.0,1.0,[],"['dishwasher', 'dryer', 'ev', 'washer', 'water_heater']",[],matched,household_s1_dual_commuter_standard|tianjin|1days|2025-06-14|no_dr,/home/hku_user3/EnergyBridge/benchmark_results/vpp_patch_2026-07-15/household_s1_dual_commuter_standard_no_dr_tianjin_d14_hist_d14_1_patched_2025-06-14_1day/benchmark_result.json,no_dr_counterfactual_event_window_energy,1,6.1832,6.1832,6.1832,6.1832,0.0,0.0,0.0,0.0,0.0,no_dr_counterfactual_baseline
household_s2_multigeneration_caregiver,household_s2_multigeneration_caregiver,no_dr,Tianjin,1,2025-06-14,d14_hist_d14_1_patched,hist_d14_1_patched,14,/home/hku_user3/EnergyBridge/experiments/real_data/tianjin_tou_price_normalized.csv,18.0,1.0,/home/hku_user3/EnergyBridge/benchmark_results/vpp_patch_2026-07-15/_batch_logs/daily_event_configs/d14_hist_d14_1_patched.json,skipped_done,0,0.0,/home/hku_user3/EnergyBridge/benchmark_results/vpp_patch_2026-07-15/household_s2_multigeneration_caregiver_no_dr_tianjin_d14_hist_d14_1_patched_2025-06-14_1day,/home/hku_user3/EnergyBridge/benchmark_results/vpp_patch_2026-07-15/_batch_logs/daily_dr_memory_tianjin_1day/household_s2_multigeneration_caregiver_no_dr_tianjin_d14_hist_d14_1_patched_2025-06-14_1day.log,/home/hku_user3/EnergyBridge/benchmark_results/vpp_patch_2026-07-15/household_s2_multigeneration_caregiver_no_dr_tianjin_d14_hist_d14_1_patched_2025-06-14_1day/run_summary.txt,0,53.256521,53.256521,50.767855,1.353299,normalized TOU cost/kWh,/home/hku_user3/EnergyBridge/experiments/real_data/tianjin_tou_price_normalized.csv,6.2359,6.2359,1.0,1.0,,0.0,1.0,[],"['dishwasher', 'dryer', 'ev', 'washer', 'water_heater']",[],matched,household_s2_multigeneration_caregiver|tianjin|1days|2025-06-14|no_dr,/home/hku_user3/EnergyBridge/benchmark_results/vpp_patch_2026-07-15/household_s2_multigeneration_caregiver_no_dr_tianjin_d14_hist_d14_1_patched_2025-06-14_1day/benchmark_result.json,no_dr_counterfactual_event_window_energy,1,6.2359,6.2359,6.2359,6.2359,0.0,0.0,0.0,0.0,0.0,no_dr_counterfactual_baseline
household_s4_ev_commuter_flexible,household_s4_ev_commuter_flexible,EnergyBridge,Germany,1,2025-06-14,d14_hist_d14_1_patched,hist_d14_1_patched,14,/home/hku_user3/EnergyBridge/experiments/real_data/germany_2025_price.csv,18.0,1.0,/home/hku_user3/EnergyBridge/benchmark_results/vpp_patch_2026-07-15/_batch_logs/daily_event_configs/d14_hist_d14_1_patched.json,skipped_done,0,0.0,/home/hku_user3/EnergyBridge/benchmark_results/vpp_patch_2026-07-15/household_s4_ev_commuter_flexible_EnergyBridge_germany_d14_hist_d14_1_patched_2025-06-14_1day,/home/hku_user3/EnergyBridge/benchmark_results/vpp_patch_2026-07-15/_batch_logs/daily_dr_memory_germany_1day/household_s4_ev_commuter_flexible_EnergyBridge_germany_d14_hist_d14_1_patched_2025-06-14_1day.log,/home/hku_user3/EnergyBridge/benchmark_results/vpp_patch_2026-07-15/household_s4_ev_commuter_flexible_EnergyBridge_germany_d14_hist_d14_1_patched_2025-06-14_1day/run_summary.txt,0,59.514708,59.514708,9.568022,0.052274,EUR/kWh,/home/hku_user3/EnergyBridge/experiments/real_data/germany_2025_price.csv,7.5224,7.5224,1.0,1.0,4.5,1.0,1.0,"['dishwasher', 'dryer', 'ev', 'washer', 'water_heater']",[],[],matched,household_s4_ev_commuter_flexible|germany|1days|2025-06-14|no_dr,/home/hku_user3/EnergyBridge/benchmark_results/vpp_patch_2026-07-15/household_s4_ev_commuter_flexible_no_dr_germany_d14_hist_d14_1_patched_2025-06-14_1day/benchmark_result.json,no_dr_counterfactual_event_window_energy,1,11.0354,7.5224,11.0354,11.0354,3.513,3.513,0.318339,3.513,3.513,no_dr_counterfactual_baseline
household_s1_dual_commuter_standard,household_s1_dual_commuter_standard,EnergyBridge,Tianjin,1,2025-06-14,d14_hist_d14_1_patched,hist_d14_1_patched,14,/home/hku_user3/EnergyBridge/experiments/real_data/tianjin_tou_price_normalized.csv,18.0,1.0,/home/hku_user3/EnergyBridge/benchmark_results/vpp_patch_2026-07-15/_batch_logs/daily_event_configs/d14_hist_d14_1_patched.json,skipped_done,0,0.0,/home/hku_user3/EnergyBridge/benchmark_results/vpp_patch_2026-07-15/household_s1_dual_commuter_standard_EnergyBridge_tianjin_d14_hist_d14_1_patched_2025-06-14_1day,/home/hku_user3/EnergyBridge/benchmark_results/vpp_patch_2026-07-15/_batch_logs/daily_dr_memory_tianjin_1day/household_s1_dual_commuter_standard_EnergyBridge_tianjin_d14_hist_d14_1_patched_2025-06-14_1day.log,/home/hku_user3/EnergyBridge/benchmark_results/vpp_patch_2026-07-15/household_s1_dual_commuter_standard_EnergyBridge_tianjin_d14_hist_d14_1_patched_2025-06-14_1day/run_summary.txt,0,51.320134,51.320134,53.045439,1.338254,normalized TOU cost/kWh,/home/hku_user3/EnergyBridge/experiments/real_data/tianjin_tou_price_normalized.csv,1.9759,1.9759,1.0,1.0,2.0,1.0,0.8,"['dishwasher', 'dryer', 'ev', 'washer', 'water_heater']",[],[],matched,household_s1_dual_commuter_standard|tianjin|1days|2025-06-14|no_dr,/home/hku_user3/EnergyBridge/benchmark_results/vpp_patch_2026-07-15/household_s1_dual_commuter_standard_no_dr_tianjin_d14_hist_d14_1_patched_2025-06-14_1day/benchmark_result.json,no_dr_counterfactual_event_window_energy,1,6.1832,1.9759,6.1832,6.1832,4.2073,4.2073,0.680441,4.2073,4.2073,no_dr_counterfactual_baseline
household_s5_shared_roommates_irregular,household_s5_shared_roommates_irregular,no_dr,Germany,1,2025-06-14,d14_hist_d14_1_patched,hist_d14_1_patched,14,/home/hku_user3/EnergyBridge/experiments/real_data/germany_2025_price.csv,18.0,1.0,/home/hku_user3/EnergyBridge/benchmark_results/vpp_patch_2026-07-15/_batch_logs/daily_event_configs/d14_hist_d14_1_patched.json,skipped_done,0,0.0,/home/hku_user3/EnergyBridge/benchmark_results/vpp_patch_2026-07-15/household_s5_shared_roommates_irregular_no_dr_germany_d14_hist_d14_1_patched_2025-06-14_1day,/home/hku_user3/EnergyBridge/benchmark_results/vpp_patch_2026-07-15/_batch_logs/daily_dr_memory_germany_1day/household_s5_shared_roommates_irregular_no_dr_germany_d14_hist_d14_1_patched_2025-06-14_1day.log,/home/hku_user3/EnergyBridge/benchmark_results/vpp_patch_2026-07-15/household_s5_shared_roommates_irregular_no_dr_germany_d14_hist_d14_1_patched_2025-06-14_1day/run_summary.txt,0,52.52948,52.52948,9.963881,0.054226,EUR/kWh,/home/hku_user3/EnergyBridge/experiments/real_data/germany_2025_price.csv,11.0354,11.0354,1.0,1.0,,0.0,1.0,[],"['dishwasher', 'dryer', 'ev', 'washer', 'water_heater']",[],matched,household_s5_shared_roommates_irregular|germany|1days|2025-06-14|no_dr,/home/hku_user3/EnergyBridge/benchmark_results/vpp_patch_2026-07-15/household_s5_shared_roommates_irregular_no_dr_germany_d14_hist_d14_1_patched_2025-06-14_1day/benchmark_result.json,no_dr_counterfactual_event_window_energy,1,11.0354,11.0354,11.0354,11.0354,0.0,0.0,0.0,0.0,0.0,no_dr_counterfactual_baseline
household_s5_shared_roommates_irregular,household_s5_shared_roommates_irregular,EnergyBridge,Germany,1,2025-06-14,d14_hist_d14_1_patched,hist_d14_1_patched,14,/home/hku_user3/EnergyBridge/experiments/real_data/germany_2025_price.csv,18.0,1.0,/home/hku_user3/EnergyBridge/benchmark_results/vpp_patch_2026-07-15/_batch_logs/daily_event_configs/d14_hist_d14_1_patched.json,skipped_done,0,0.0,/home/hku_user3/EnergyBridge/benchmark_results/vpp_patch_2026-07-15/household_s5_shared_roommates_irregular_EnergyBridge_germany_d14_hist_d14_1_patched_2025-06-14_1day,/home/hku_user3/EnergyBridge/benchmark_results/vpp_patch_2026-07-15/_batch_logs/daily_dr_memory_germany_1day/household_s5_shared_roommates_irregular_EnergyBridge_germany_d14_hist_d14_1_patched_2025-06-14_1day.log,/home/hku_user3/EnergyBridge/benchmark_results/vpp_patch_2026-07-15/household_s5_shared_roommates_irregular_EnergyBridge_germany_d14_hist_d14_1_patched_2025-06-14_1day/run_summary.txt,0,55.433549,55.433549,9.118829,0.050956,EUR/kWh,/home/hku_user3/EnergyBridge/experiments/real_data/germany_2025_price.csv,7.5224,7.5224,1.0,1.0,4.0,1.0,1.0,"['dishwasher', 'dryer', 'ev', 'washer', 'water_heater']",[],[],matched,household_s5_shared_roommates_irregular|germany|1days|2025-06-14|no_dr,/home/hku_user3/EnergyBridge/benchmark_results/vpp_patch_2026-07-15/household_s5_shared_roommates_irregular_no_dr_germany_d14_hist_d14_1_patched_2025-06-14_1day/benchmark_result.json,no_dr_counterfactual_event_window_energy,1,11.0354,7.5224,11.0354,11.0354,3.513,3.513,0.318339,3.513,3.513,no_dr_counterfactual_baseline
household_s3_hybrid_work_from_home,household_s3_hybrid_work_from_home,no_dr,Tianjin,1,2025-06-14,d14_hist_d14_1_patched,hist_d14_1_patched,14,/home/hku_user3/EnergyBridge/experiments/real_data/tianjin_tou_price_normalized.csv,18.0,1.0,/home/hku_user3/EnergyBridge/benchmark_results/vpp_patch_2026-07-15/_batch_logs/daily_event_configs/d14_hist_d14_1_patched.json,skipped_done,0,0.0,/home/hku_user3/EnergyBridge/benchmark_results/vpp_patch_2026-07-15/household_s3_hybrid_work_from_home_no_dr_tianjin_d14_hist_d14_1_patched_2025-06-14_1day,/home/hku_user3/EnergyBridge/benchmark_results/vpp_patch_2026-07-15/_batch_logs/daily_dr_memory_tianjin_1day/household_s3_hybrid_work_from_home_no_dr_tianjin_d14_hist_d14_1_patched_2025-06-14_1day.log,/home/hku_user3/EnergyBridge/benchmark_results/vpp_patch_2026-07-15/household_s3_hybrid_work_from_home_no_dr_tianjin_d14_hist_d14_1_patched_2025-06-14_1day/run_summary.txt,0,51.93575,51.93575,49.760701,1.363378,normalized TOU cost/kWh,/home/hku_user3/EnergyBridge/experiments/real_data/tianjin_tou_price_normalized.csv,6.1883,6.1883,1.0,1.0,,0.0,0.8,[],"['dishwasher', 'dryer', 'ev', 'washer', 'water_heater']",[],matched,household_s3_hybrid_work_from_home|tianjin|1days|2025-06-14|no_dr,/home/hku_user3/EnergyBridge/benchmark_results/vpp_patch_2026-07-15/household_s3_hybrid_work_from_home_no_dr_tianjin_d14_hist_d14_1_patched_2025-06-14_1day/benchmark_result.json,no_dr_counterfactual_event_window_energy,1,6.1883,6.1883,6.1883,6.1883,0.0,0.0,0.0,0.0,0.0,no_dr_counterfactual_baseline
household_s5_shared_roommates_irregular,household_s5_shared_roommates_irregular,no_dr,Tianjin,1,2025-06-14,d14_hist_d14_1_patched,hist_d14_1_patched,14,/home/hku_user3/EnergyBridge/experiments/real_data/tianjin_tou_price_normalized.csv,18.0,1.0,/home/hku_user3/EnergyBridge/benchmark_results/vpp_patch_2026-07-15/_batch_logs/daily_event_configs/d14_hist_d14_1_patched.json,skipped_done,0,0.0,/home/hku_user3/EnergyBridge/benchmark_results/vpp_patch_2026-07-15/household_s5_shared_roommates_irregular_no_dr_tianjin_d14_hist_d14_1_patched_2025-06-14_1day,/home/hku_user3/EnergyBridge/benchmark_results/vpp_patch_2026-07-15/_batch_logs/daily_dr_memory_tianjin_1day/household_s5_shared_roommates_irregular_no_dr_tianjin_d14_hist_d14_1_patched_2025-06-14_1day.log,/home/hku_user3/EnergyBridge/benchmark_results/vpp_patch_2026-07-15/household_s5_shared_roommates_irregular_no_dr_tianjin_d14_hist_d14_1_patched_2025-06-14_1day/run_summary.txt,0,51.538703,51.538703,49.345669,1.362905,normalized TOU cost/kWh,/home/hku_user3/EnergyBridge/experiments/real_data/tianjin_tou_price_normalized.csv,6.1832,6.1832,1.0,1.0,,0.0,1.0,[],"['dishwasher', 'dryer', 'ev', 'washer', 'water_heater']",[],matched,household_s5_shared_roommates_irregular|tianjin|1days|2025-06-14|no_dr,/home/hku_user3/EnergyBridge/benchmark_results/vpp_patch_2026-07-15/household_s5_shared_roommates_irregular_no_dr_tianjin_d14_hist_d14_1_patched_2025-06-14_1day/benchmark_result.json,no_dr_counterfactual_event_window_energy,1,6.1832,6.1832,6.1832,6.1832,0.0,0.0,0.0,0.0,0.0,no_dr_counterfactual_baseline
household_s4_ev_commuter_flexible,household_s4_ev_commuter_flexible,no_dr,Tianjin,1,2025-06-14,d14_hist_d14_1_patched,hist_d14_1_patched,14,/home/hku_user3/EnergyBridge/experiments/real_data/tianjin_tou_price_normalized.csv,18.0,1.0,/home/hku_user3/EnergyBridge/benchmark_results/vpp_patch_2026-07-15/_batch_logs/daily_event_configs/d14_hist_d14_1_patched.json,skipped_done,0,0.0,/home/hku_user3/EnergyBridge/benchmark_results/vpp_patch_2026-07-15/household_s4_ev_commuter_flexible_no_dr_tianjin_d14_hist_d14_1_patched_2025-06-14_1day,/home/hku_user3/EnergyBridge/benchmark_results/vpp_patch_2026-07-15/_batch_logs/daily_dr_memory_tianjin_1day/household_s4_ev_commuter_flexible_no_dr_tianjin_d14_hist_d14_1_patched_2025-06-14_1day.log,/home/hku_user3/EnergyBridge/benchmark_results/vpp_patch_2026-07-15/household_s4_ev_commuter_flexible_no_dr_tianjin_d14_hist_d14_1_patched_2025-06-14_1day/run_summary.txt,0,55.998124,55.998124,51.979872,1.373217,normalized TOU cost/kWh,/home/hku_user3/EnergyBridge/experiments/real_data/tianjin_tou_price_normalized.csv,6.1832,6.1832,1.0,1.0,,0.0,1.0,[],"['dishwasher', 'dryer', 'ev', 'washer', 'water_heater']",[],matched,household_s4_ev_commuter_flexible|tianjin|1days|2025-06-14|no_dr,/home/hku_user3/EnergyBridge/benchmark_results/vpp_patch_2026-07-15/household_s4_ev_commuter_flexible_no_dr_tianjin_d14_hist_d14_1_patched_2025-06-14_1day/benchmark_result.json,no_dr_counterfactual_event_window_energy,1,6.1832,6.1832,6.1832,6.1832,0.0,0.0,0.0,0.0,0.0,no_dr_counterfactual_baseline
household_s2_multigeneration_caregiver,household_s2_multigeneration_caregiver,EnergyBridge,Tianjin,1,2025-06-14,d14_hist_d14_1_patched,hist_d14_1_patched,14,/home/hku_user3/EnergyBridge/experiments/real_data/tianjin_tou_price_normalized.csv,18.0,1.0,/home/hku_user3/EnergyBridge/benchmark_results/vpp_patch_2026-07-15/_batch_logs/daily_event_configs/d14_hist_d14_1_patched.json,skipped_done,0,0.0,/home/hku_user3/EnergyBridge/benchmark_results/vpp_patch_2026-07-15/household_s2_multigeneration_caregiver_EnergyBridge_tianjin_d14_hist_d14_1_patched_2025-06-14_1day,/home/hku_user3/EnergyBridge/benchmark_results/vpp_patch_2026-07-15/_batch_logs/daily_dr_memory_tianjin_1day/household_s2_multigeneration_caregiver_EnergyBridge_tianjin_d14_hist_d14_1_patched_2025-06-14_1day.log,/home/hku_user3/EnergyBridge/benchmark_results/vpp_patch_2026-07-15/household_s2_multigeneration_caregiver_EnergyBridge_tianjin_d14_hist_d14_1_patched_2025-06-14_1day/run_summary.txt,0,48.394048,48.394048,50.472221,1.268784,normalized TOU cost/kWh,/home/hku_user3/EnergyBridge/experiments/real_data/tianjin_tou_price_normalized.csv,1.351,1.351,1.0,1.0,4.0,1.0,1.0,"['dishwasher', 'dryer', 'ev', 'washer', 'water_heater']",[],[],matched,household_s2_multigeneration_caregiver|tianjin|1days|2025-06-14|no_dr,/home/hku_user3/EnergyBridge/benchmark_results/vpp_patch_2026-07-15/household_s2_multigeneration_caregiver_no_dr_tianjin_d14_hist_d14_1_patched_2025-06-14_1day/benchmark_result.json,no_dr_counterfactual_event_window_energy,1,6.2359,1.351,6.2359,6.2359,4.8849,4.8849,0.783351,4.8849,4.8849,no_dr_counterfactual_baseline
household_s1_dual_commuter_standard,household_s1_dual_commuter_standard,no_dr,Germany,1,2025-06-15,d15_hist_d15_1_patched,hist_d15_1_patched,15,/home/hku_user3/EnergyBridge/experiments/real_data/germany_2025_price.csv,18.0,1.0,/home/hku_user3/EnergyBridge/benchmark_results/vpp_patch_2026-07-15/_batch_logs/daily_event_configs/d15_hist_d15_1_patched.json,skipped_done,0,0.0,/home/hku_user3/EnergyBridge/benchmark_results/vpp_patch_2026-07-15/household_s1_dual_commuter_standard_no_dr_germany_d15_hist_d15_1_patched_2025-06-15_1day,/home/hku_user3/EnergyBridge/benchmark_results/vpp_patch_2026-07-15/_batch_logs/daily_dr_memory_germany_1day/household_s1_dual_commuter_standard_no_dr_germany_d15_hist_d15_1_patched_2025-06-15_1day.log,/home/hku_user3/EnergyBridge/benchmark_results/vpp_patch_2026-07-15/household_s1_dual_commuter_standard_no_dr_germany_d15_hist_d15_1_patched_2025-06-15_1day/run_summary.txt,0,42.563637,42.563637,12.163538,0.069277,EUR/kWh,/home/hku_user3/EnergyBridge/experiments/real_data/germany_2025_price.csv,10.2756,10.2756,1.0,1.0,,0.0,1.0,[],"['dishwasher', 'dryer', 'ev', 'washer', 'water_heater']",[],matched,household_s1_dual_commuter_standard|germany|1days|2025-06-15|no_dr,/home/hku_user3/EnergyBridge/benchmark_results/vpp_patch_2026-07-15/household_s1_dual_commuter_standard_no_dr_germany_d15_hist_d15_1_patched_2025-06-15_1day/benchmark_result.json,no_dr_counterfactual_event_window_energy,1,10.2756,10.2756,10.2756,10.2756,0.0,0.0,0.0,0.0,0.0,no_dr_counterfactual_baseline
household_s3_hybrid_work_from_home,household_s3_hybrid_work_from_home,EnergyBridge,Tianjin,1,2025-06-14,d14_hist_d14_1_patched,hist_d14_1_patched,14,/home/hku_user3/EnergyBridge/experiments/real_data/tianjin_tou_price_normalized.csv,18.0,1.0,/home/hku_user3/EnergyBridge/benchmark_results/vpp_patch_2026-07-15/_batch_logs/daily_event_configs/d14_hist_d14_1_patched.json,skipped_done,0,0.0,/home/hku_user3/EnergyBridge/benchmark_results/vpp_patch_2026-07-15/household_s3_hybrid_work_from_home_EnergyBridge_tianjin_d14_hist_d14_1_patched_2025-06-14_1day,/home/hku_user3/EnergyBridge/benchmark_results/vpp_patch_2026-07-15/_batch_logs/daily_dr_memory_tianjin_1day/household_s3_hybrid_work_from_home_EnergyBridge_tianjin_d14_hist_d14_1_patched_2025-06-14_1day.log,/home/hku_user3/EnergyBridge/benchmark_results/vpp_patch_2026-07-15/household_s3_hybrid_work_from_home_EnergyBridge_tianjin_d14_hist_d14_1_patched_2025-06-14_1day/run_summary.txt,0,49.187348,49.187348,53.175164,1.378807,normalized TOU cost/kWh,/home/hku_user3/EnergyBridge/experiments/real_data/tianjin_tou_price_normalized.csv,1.7488,1.7488,1.0,1.0,4.333,1.0,1.0,"['dishwasher', 'dryer', 'ev', 'washer', 'water_heater']",[],[],matched,household_s3_hybrid_work_from_home|tianjin|1days|2025-06-14|no_dr,/home/hku_user3/EnergyBridge/benchmark_results/vpp_patch_2026-07-15/household_s3_hybrid_work_from_home_no_dr_tianjin_d14_hist_d14_1_patched_2025-06-14_1day/benchmark_result.json,no_dr_counterfactual_event_window_energy,1,6.1883,1.7488,6.1883,6.1883,4.4395,4.4395,0.717402,4.4395,4.4395,no_dr_counterfactual_baseline
household_s2_multigeneration_caregiver,household_s2_multigeneration_caregiver,no_dr,Germany,1,2025-06-15,d15_hist_d15_1_patched,hist_d15_1_patched,15,/home/hku_user3/EnergyBridge/experiments/real_data/germany_2025_price.csv,18.0,1.0,/home/hku_user3/EnergyBridge/benchmark_results/vpp_patch_2026-07-15/_batch_logs/daily_event_configs/d15_hist_d15_1_patched.json,skipped_done,0,0.0,/home/hku_user3/EnergyBridge/benchmark_results/vpp_patch_2026-07-15/household_s2_multigeneration_caregiver_no_dr_germany_d15_hist_d15_1_patched_2025-06-15_1day,/home/hku_user3/EnergyBridge/benchmark_results/vpp_patch_2026-07-15/_batch_logs/daily_dr_memory_germany_1day/household_s2_multigeneration_caregiver_no_dr_germany_d15_hist_d15_1_patched_2025-06-15_1day.log,/home/hku_user3/EnergyBridge/benchmark_results/vpp_patch_2026-07-15/household_s2_multigeneration_caregiver_no_dr_germany_d15_hist_d15_1_patched_2025-06-15_1day/run_summary.txt,0,39.579953,39.579953,11.753765,0.068363,EUR/kWh,/home/hku_user3/EnergyBridge/experiments/real_data/germany_2025_price.csv,10.3112,10.3112,1.0,1.0,,0.0,1.0,[],"['dishwasher', 'dryer', 'ev', 'washer', 'water_heater']",[],matched,household_s2_multigeneration_caregiver|germany|1days|2025-06-15|no_dr,/home/hku_user3/EnergyBridge/benchmark_results/vpp_patch_2026-07-15/household_s2_multigeneration_caregiver_no_dr_germany_d15_hist_d15_1_patched_2025-06-15_1day/benchmark_result.json,no_dr_counterfactual_event_window_energy,1,10.3112,10.3112,10.3112,10.3112,0.0,0.0,0.0,0.0,0.0,no_dr_counterfactual_baseline
household_s1_dual_commuter_standard,household_s1_dual_commuter_standard,EnergyBridge,Germany,1,2025-06-15,d15_hist_d15_1_patched,hist_d15_1_patched,15,/home/hku_user3/EnergyBridge/experiments/real_data/germany_2025_price.csv,18.0,1.0,/home/hku_user3/EnergyBridge/benchmark_results/vpp_patch_2026-07-15/_batch_logs/daily_event_configs/d15_hist_d15_1_patched.json,skipped_done,0,0.0,/home/hku_user3/EnergyBridge/benchmark_results/vpp_patch_2026-07-15/household_s1_dual_commuter_standard_EnergyBridge_germany_d15_hist_d15_1_patched_2025-06-15_1day,/home/hku_user3/EnergyBridge/benchmark_results/vpp_patch_2026-07-15/_batch_logs/daily_dr_memory_germany_1day/household_s1_dual_commuter_standard_EnergyBridge_germany_d15_hist_d15_1_patched_2025-06-15_1day.log,/home/hku_user3/EnergyBridge/benchmark_results/vpp_patch_2026-07-15/household_s1_dual_commuter_standard_EnergyBridge_germany_d15_hist_d15_1_patched_2025-06-15_1day/run_summary.txt,0,44.640389,44.640389,11.198265,0.064946,EUR/kWh,/home/hku_user3/EnergyBridge/experiments/real_data/germany_2025_price.csv,6.2118,6.2118,1.0,1.0,4.0,1.0,1.0,"['dishwasher', 'dryer', 'ev', 'washer', 'water_heater']",[],[],matched,household_s1_dual_commuter_standard|germany|1days|2025-06-15|no_dr,/home/hku_user3/EnergyBridge/benchmark_results/vpp_patch_2026-07-15/household_s1_dual_commuter_standard_no_dr_germany_d15_hist_d15_1_patched_2025-06-15_1day/benchmark_result.json,no_dr_counterfactual_event_window_energy,1,10.2756,6.2118,10.2756,10.2756,4.0638,4.0638,0.395481,4.0638,4.0638,no_dr_counterfactual_baseline
household_s5_shared_roommates_irregular,household_s5_shared_roommates_irregular,EnergyBridge,Tianjin,1,2025-06-14,d14_hist_d14_1_patched,hist_d14_1_patched,14,/home/hku_user3/EnergyBridge/experiments/real_data/tianjin_tou_price_normalized.csv,18.0,1.0,/home/hku_user3/EnergyBridge/benchmark_results/vpp_patch_2026-07-15/_batch_logs/daily_event_configs/d14_hist_d14_1_patched.json,skipped_done,0,0.0,/home/hku_user3/EnergyBridge/benchmark_results/vpp_patch_2026-07-15/household_s5_shared_roommates_irregular_EnergyBridge_tianjin_d14_hist_d14_1_patched_2025-06-14_1day,/home/hku_user3/EnergyBridge/benchmark_results/vpp_patch_2026-07-15/_batch_logs/daily_dr_memory_tianjin_1day/household_s5_shared_roommates_irregular_EnergyBridge_tianjin_d14_hist_d14_1_patched_2025-06-14_1day.log,/home/hku_user3/EnergyBridge/benchmark_results/vpp_patch_2026-07-15/household_s5_shared_roommates_irregular_EnergyBridge_tianjin_d14_hist_d14_1_patched_2025-06-14_1day/run_summary.txt,0,52.189847,52.189847,52.342461,1.363806,normalized TOU cost/kWh,/home/hku_user3/EnergyBridge/experiments/real_data/tianjin_tou_price_normalized.csv,1.9523,1.9523,1.0,1.0,4.0,1.0,1.0,"['dishwasher', 'dryer', 'ev', 'washer', 'water_heater']",[],[],matched,household_s5_shared_roommates_irregular|tianjin|1days|2025-06-14|no_dr,/home/hku_user3/EnergyBridge/benchmark_results/vpp_patch_2026-07-15/household_s5_shared_roommates_irregular_no_dr_tianjin_d14_hist_d14_1_patched_2025-06-14_1day/benchmark_result.json,no_dr_counterfactual_event_window_energy,1,6.1832,1.9523,6.1832,6.1832,4.2309,4.2309,0.684257,4.2309,4.2309,no_dr_counterfactual_baseline
household_s2_multigeneration_caregiver,household_s2_multigeneration_caregiver,EnergyBridge,Germany,1,2025-06-15,d15_hist_d15_1_patched,hist_d15_1_patched,15,/home/hku_user3/EnergyBridge/experiments/real_data/germany_2025_price.csv,18.0,1.0,/home/hku_user3/EnergyBridge/benchmark_results/vpp_patch_2026-07-15/_batch_logs/daily_event_configs/d15_hist_d15_1_patched.json,skipped_done,0,0.0,/home/hku_user3/EnergyBridge/benchmark_results/vpp_patch_2026-07-15/household_s2_multigeneration_caregiver_EnergyBridge_germany_d15_hist_d15_1_patched_2025-06-15_1day,/home/hku_user3/EnergyBridge/benchmark_results/vpp_patch_2026-07-15/_batch_logs/daily_dr_memory_germany_1day/household_s2_multigeneration_caregiver_EnergyBridge_germany_d15_hist_d15_1_patched_2025-06-15_1day.log,/home/hku_user3/EnergyBridge/benchmark_results/vpp_patch_2026-07-15/household_s2_multigeneration_caregiver_EnergyBridge_germany_d15_hist_d15_1_patched_2025-06-15_1day/run_summary.txt,0,39.091976,39.091976,10.752214,0.063103,EUR/kWh,/home/hku_user3/EnergyBridge/experiments/real_data/germany_2025_price.csv,6.1949,6.1949,1.0,1.0,4.2,1.0,1.0,"['dishwasher', 'dryer', 'ev', 'washer', 'water_heater']",[],[],matched,household_s2_multigeneration_caregiver|germany|1days|2025-06-15|no_dr,/home/hku_user3/EnergyBridge/benchmark_results/vpp_patch_2026-07-15/household_s2_multigeneration_caregiver_no_dr_germany_d15_hist_d15_1_patched_2025-06-15_1day/benchmark_result.json,no_dr_counterfactual_event_window_energy,1,10.3112,6.1949,10.3112,10.3112,4.1163,4.1163,0.399207,4.1163,4.1163,no_dr_counterfactual_baseline
household_s4_ev_commuter_flexible,household_s4_ev_commuter_flexible,no_dr,Germany,1,2025-06-15,d15_hist_d15_1_patched,hist_d15_1_patched,15,/home/hku_user3/EnergyBridge/experiments/real_data/germany_2025_price.csv,18.0,1.0,/home/hku_user3/EnergyBridge/benchmark_results/vpp_patch_2026-07-15/_batch_logs/daily_event_configs/d15_hist_d15_1_patched.json,skipped_done,0,0.0,/home/hku_user3/EnergyBridge/benchmark_results/vpp_patch_2026-07-15/household_s4_ev_commuter_flexible_no_dr_germany_d15_hist_d15_1_patched_2025-06-15_1day,/home/hku_user3/EnergyBridge/benchmark_results/vpp_patch_2026-07-15/_batch_logs/daily_dr_memory_germany_1day/household_s4_ev_commuter_flexible_no_dr_germany_d15_hist_d15_1_patched_2025-06-15_1day.log,/home/hku_user3/EnergyBridge/benchmark_results/vpp_patch_2026-07-15/household_s4_ev_commuter_flexible_no_dr_germany_d15_hist_d15_1_patched_2025-06-15_1day/run_summary.txt,0,44.604217,44.604217,12.371779,0.069653,EUR/kWh,/home/hku_user3/EnergyBridge/experiments/real_data/germany_2025_price.csv,10.2756,10.2756,1.0,1.0,,0.0,1.0,[],"['dishwasher', 'dryer', 'ev', 'washer', 'water_heater']",[],matched,household_s4_ev_commuter_flexible|germany|1days|2025-06-15|no_dr,/home/hku_user3/EnergyBridge/benchmark_results/vpp_patch_2026-07-15/household_s4_ev_commuter_flexible_no_dr_germany_d15_hist_d15_1_patched_2025-06-15_1day/benchmark_result.json,no_dr_counterfactual_event_window_energy,1,10.2756,10.2756,10.2756,10.2756,0.0,0.0,0.0,0.0,0.0,no_dr_counterfactual_baseline
household_s4_ev_commuter_flexible,household_s4_ev_commuter_flexible,EnergyBridge,Germany,1,2025-06-15,d15_hist_d15_1_patched,hist_d15_1_patched,15,/home/hku_user3/EnergyBridge/experiments/real_data/germany_2025_price.csv,18.0,1.0,/home/hku_user3/EnergyBridge/benchmark_results/vpp_patch_2026-07-15/_batch_logs/daily_event_configs/d15_hist_d15_1_patched.json,skipped_done,0,0.0,/home/hku_user3/EnergyBridge/benchmark_results/vpp_patch_2026-07-15/household_s4_ev_commuter_flexible_EnergyBridge_germany_d15_hist_d15_1_patched_2025-06-15_1day,/home/hku_user3/EnergyBridge/benchmark_results/vpp_patch_2026-07-15/_batch_logs/daily_dr_memory_germany_1day/household_s4_ev_commuter_flexible_EnergyBridge_germany_d15_hist_d15_1_patched_2025-06-15_1day.log,/home/hku_user3/EnergyBridge/benchmark_results/vpp_patch_2026-07-15/household_s4_ev_commuter_flexible_EnergyBridge_germany_d15_hist_d15_1_patched_2025-06-15_1day/run_summary.txt,0,46.680969,46.680969,11.491418,0.065867,EUR/kWh,/home/hku_user3/EnergyBridge/experiments/real_data/germany_2025_price.csv,6.2118,6.2118,1.0,1.0,4.5,1.0,1.0,"['dishwasher', 'dryer', 'ev', 'washer', 'water_heater']",[],[],matched,household_s4_ev_commuter_flexible|germany|1days|2025-06-15|no_dr,/home/hku_user3/EnergyBridge/benchmark_results/vpp_patch_2026-07-15/household_s4_ev_commuter_flexible_no_dr_germany_d15_hist_d15_1_patched_2025-06-15_1day/benchmark_result.json,no_dr_counterfactual_event_window_energy,1,10.2756,6.2118,10.2756,10.2756,4.0638,4.0638,0.395481,4.0638,4.0638,no_dr_counterfactual_baseline
household_s4_ev_commuter_flexible,household_s4_ev_commuter_flexible,EnergyBridge,Tianjin,1,2025-06-14,d14_hist_d14_1_patched,hist_d14_1_patched,14,/home/hku_user3/EnergyBridge/experiments/real_data/tianjin_tou_price_normalized.csv,18.0,1.0,/home/hku_user3/EnergyBridge/benchmark_results/vpp_patch_2026-07-15/_batch_logs/daily_event_configs/d14_hist_d14_1_patched.json,skipped_done,0,0.0,/home/hku_user3/EnergyBridge/benchmark_results/vpp_patch_2026-07-15/household_s4_ev_commuter_flexible_EnergyBridge_tianjin_d14_hist_d14_1_patched_2025-06-14_1day,/home/hku_user3/EnergyBridge/benchmark_results/vpp_patch_2026-07-15/_batch_logs/daily_dr_memory_tianjin_1day/household_s4_ev_commuter_flexible_EnergyBridge_tianjin_d14_hist_d14_1_patched_2025-06-14_1day.log,/home/hku_user3/EnergyBridge/benchmark_results/vpp_patch_2026-07-15/household_s4_ev_commuter_flexible_EnergyBridge_tianjin_d14_hist_d14_1_patched_2025-06-14_1day/run_summary.txt,0,56.271007,56.271007,52.74478,1.395579,normalized TOU cost/kWh,/home/hku_user3/EnergyBridge/experiments/real_data/tianjin_tou_price_normalized.csv,1.9523,1.9523,1.0,1.0,4.5,1.0,1.0,"['dishwasher', 'dryer', 'ev', 'washer', 'water_heater']",[],[],matched,household_s4_ev_commuter_flexible|tianjin|1days|2025-06-14|no_dr,/home/hku_user3/EnergyBridge/benchmark_results/vpp_patch_2026-07-15/household_s4_ev_commuter_flexible_no_dr_tianjin_d14_hist_d14_1_patched_2025-06-14_1day/benchmark_result.json,no_dr_counterfactual_event_window_energy,1,6.1832,1.9523,6.1832,6.1832,4.2309,4.2309,0.684257,4.2309,4.2309,no_dr_counterfactual_baseline
household_s5_shared_roommates_irregular,household_s5_shared_roommates_irregular,no_dr,Germany,1,2025-06-15,d15_hist_d15_1_patched,hist_d15_1_patched,15,/home/hku_user3/EnergyBridge/experiments/real_data/germany_2025_price.csv,18.0,1.0,/home/hku_user3/EnergyBridge/benchmark_results/vpp_patch_2026-07-15/_batch_logs/daily_event_configs/d15_hist_d15_1_patched.json,skipped_done,0,0.0,/home/hku_user3/EnergyBridge/benchmark_results/vpp_patch_2026-07-15/household_s5_shared_roommates_irregular_no_dr_germany_d15_hist_d15_1_patched_2025-06-15_1day,/home/hku_user3/EnergyBridge/benchmark_results/vpp_patch_2026-07-15/_batch_logs/daily_dr_memory_germany_1day/household_s5_shared_roommates_irregular_no_dr_germany_d15_hist_d15_1_patched_2025-06-15_1day.log,/home/hku_user3/EnergyBridge/benchmark_results/vpp_patch_2026-07-15/household_s5_shared_roommates_irregular_no_dr_germany_d15_hist_d15_1_patched_2025-06-15_1day/run_summary.txt,0,40.523058,40.523058,11.955297,0.068891,EUR/kWh,/home/hku_user3/EnergyBridge/experiments/real_data/germany_2025_price.csv,10.2756,10.2756,1.0,1.0,,0.0,1.0,[],"['dishwasher', 'dryer', 'ev', 'washer', 'water_heater']",[],matched,household_s5_shared_roommates_irregular|germany|1days|2025-06-15|no_dr,/home/hku_user3/EnergyBridge/benchmark_results/vpp_patch_2026-07-15/household_s5_shared_roommates_irregular_no_dr_germany_d15_hist_d15_1_patched_2025-06-15_1day/benchmark_result.json,no_dr_counterfactual_event_window_energy,1,10.2756,10.2756,10.2756,10.2756,0.0,0.0,0.0,0.0,0.0,no_dr_counterfactual_baseline
household_s3_hybrid_work_from_home,household_s3_hybrid_work_from_home,no_dr,Germany,1,2025-06-15,d15_hist_d15_1_patched,hist_d15_1_patched,15,/home/hku_user3/EnergyBridge/experiments/real_data/germany_2025_price.csv,18.0,1.0,/home/hku_user3/EnergyBridge/benchmark_results/vpp_patch_2026-07-15/_batch_logs/daily_event_configs/d15_hist_d15_1_patched.json,skipped_done,0,0.0,/home/hku_user3/EnergyBridge/benchmark_results/vpp_patch_2026-07-15/household_s3_hybrid_work_from_home_no_dr_germany_d15_hist_d15_1_patched_2025-06-15_1day,/home/hku_user3/EnergyBridge/benchmark_results/vpp_patch_2026-07-15/_batch_logs/daily_dr_memory_germany_1day/household_s3_hybrid_work_from_home_no_dr_germany_d15_hist_d15_1_patched_2025-06-15_1day.log,/home/hku_user3/EnergyBridge/benchmark_results/vpp_patch_2026-07-15/household_s3_hybrid_work_from_home_no_dr_germany_d15_hist_d15_1_patched_2025-06-15_1day/run_summary.txt,0,40.780771,40.780771,11.949638,0.068923,EUR/kWh,/home/hku_user3/EnergyBridge/experiments/real_data/germany_2025_price.csv,10.2817,10.2817,1.0,1.0,,0.0,0.8,[],"['dishwasher', 'dryer', 'ev', 'washer', 'water_heater']",[],matched,household_s3_hybrid_work_from_home|germany|1days|2025-06-15|no_dr,/home/hku_user3/EnergyBridge/benchmark_results/vpp_patch_2026-07-15/household_s3_hybrid_work_from_home_no_dr_germany_d15_hist_d15_1_patched_2025-06-15_1day/benchmark_result.json,no_dr_counterfactual_event_window_energy,1,10.2817,10.2817,10.2817,10.2817,0.0,0.0,0.0,0.0,0.0,no_dr_counterfactual_baseline
household_s2_multigeneration_caregiver,household_s2_multigeneration_caregiver,no_dr,Tianjin,1,2025-06-15,d15_hist_d15_1_patched,hist_d15_1_patched,15,/home/hku_user3/EnergyBridge/experiments/real_data/tianjin_tou_price_normalized.csv,18.0,1.0,/home/hku_user3/EnergyBridge/benchmark_results/vpp_patch_2026-07-15/_batch_logs/daily_event_configs/d15_hist_d15_1_patched.json,skipped_done,0,0.0,/home/hku_user3/EnergyBridge/benchmark_results/vpp_patch_2026-07-15/household_s2_multigeneration_caregiver_no_dr_tianjin_d15_hist_d15_1_patched_2025-06-15_1day,/home/hku_user3/EnergyBridge/benchmark_results/vpp_patch_2026-07-15/_batch_logs/daily_dr_memory_tianjin_1day/household_s2_multigeneration_caregiver_no_dr_tianjin_d15_hist_d15_1_patched_2025-06-15_1day.log,/home/hku_user3/EnergyBridge/benchmark_results/vpp_patch_2026-07-15/household_s2_multigeneration_caregiver_no_dr_tianjin_d15_hist_d15_1_patched_2025-06-15_1day/run_summary.txt,0,51.007328,51.007328,53.183047,1.345507,normalized TOU cost/kWh,/home/hku_user3/EnergyBridge/experiments/real_data/tianjin_tou_price_normalized.csv,4.9173,4.9173,1.0,1.0,,0.0,1.0,[],"['dishwasher', 'dryer', 'ev', 'washer', 'water_heater']",[],matched,household_s2_multigeneration_caregiver|tianjin|1days|2025-06-15|no_dr,/home/hku_user3/EnergyBridge/benchmark_results/vpp_patch_2026-07-15/household_s2_multigeneration_caregiver_no_dr_tianjin_d15_hist_d15_1_patched_2025-06-15_1day/benchmark_result.json,no_dr_counterfactual_event_window_energy,1,4.9173,4.9173,4.9173,4.9173,0.0,0.0,0.0,0.0,0.0,no_dr_counterfactual_baseline
household_s1_dual_commuter_standard,household_s1_dual_commuter_standard,no_dr,Tianjin,1,2025-06-15,d15_hist_d15_1_patched,hist_d15_1_patched,15,/home/hku_user3/EnergyBridge/experiments/real_data/tianjin_tou_price_normalized.csv,18.0,1.0,/home/hku_user3/EnergyBridge/benchmark_results/vpp_patch_2026-07-15/_batch_logs/daily_event_configs/d15_hist_d15_1_patched.json,skipped_done,0,0.0,/home/hku_user3/EnergyBridge/benchmark_results/vpp_patch_2026-07-15/household_s1_dual_commuter_standard_no_dr_tianjin_d15_hist_d15_1_patched_2025-06-15_1day,/home/hku_user3/EnergyBridge/benchmark_results/vpp_patch_2026-07-15/_batch_logs/daily_dr_memory_tianjin_1day/household_s1_dual_commuter_standard_no_dr_tianjin_d15_hist_d15_1_patched_2025-06-15_1day.log,/home/hku_user3/EnergyBridge/benchmark_results/vpp_patch_2026-07-15/household_s1_dual_commuter_standard_no_dr_tianjin_d15_hist_d15_1_patched_2025-06-15_1day/run_summary.txt,0,51.776321,51.776321,58.554152,1.379347,normalized TOU cost/kWh,/home/hku_user3/EnergyBridge/experiments/real_data/tianjin_tou_price_normalized.csv,4.8766,4.8766,1.0,1.0,,0.0,1.0,[],"['dishwasher', 'dryer', 'ev', 'washer', 'water_heater']",[],matched,household_s1_dual_commuter_standard|tianjin|1days|2025-06-15|no_dr,/home/hku_user3/EnergyBridge/benchmark_results/vpp_patch_2026-07-15/household_s1_dual_commuter_standard_no_dr_tianjin_d15_hist_d15_1_patched_2025-06-15_1day/benchmark_result.json,no_dr_counterfactual_event_window_energy,1,4.8766,4.8766,4.8766,4.8766,0.0,0.0,0.0,0.0,0.0,no_dr_counterfactual_baseline
household_s3_hybrid_work_from_home,household_s3_hybrid_work_from_home,no_dr,Tianjin,1,2025-06-15,d15_hist_d15_1_patched,hist_d15_1_patched,15,/home/hku_user3/EnergyBridge/experiments/real_data/tianjin_tou_price_normalized.csv,18.0,1.0,/home/hku_user3/EnergyBridge/benchmark_results/vpp_patch_2026-07-15/_batch_logs/daily_event_configs/d15_hist_d15_1_patched.json,skipped_done,0,0.0,/home/hku_user3/EnergyBridge/benchmark_results/vpp_patch_2026-07-15/household_s3_hybrid_work_from_home_no_dr_tianjin_d15_hist_d15_1_patched_2025-06-15_1day,/home/hku_user3/EnergyBridge/benchmark_results/vpp_patch_2026-07-15/_batch_logs/daily_dr_memory_tianjin_1day/household_s3_hybrid_work_from_home_no_dr_tianjin_d15_hist_d15_1_patched_2025-06-15_1day.log,/home/hku_user3/EnergyBridge/benchmark_results/vpp_patch_2026-07-15/household_s3_hybrid_work_from_home_no_dr_tianjin_d15_hist_d15_1_patched_2025-06-15_1day/run_summary.txt,0,50.052442,50.052442,55.708485,1.368521,normalized TOU cost/kWh,/home/hku_user3/EnergyBridge/experiments/real_data/tianjin_tou_price_normalized.csv,4.8806,4.8806,1.0,1.0,,0.0,0.8,[],"['dishwasher', 'dryer', 'ev', 'washer', 'water_heater']",[],matched,household_s3_hybrid_work_from_home|tianjin|1days|2025-06-15|no_dr,/home/hku_user3/EnergyBridge/benchmark_results/vpp_patch_2026-07-15/household_s3_hybrid_work_from_home_no_dr_tianjin_d15_hist_d15_1_patched_2025-06-15_1day/benchmark_result.json,no_dr_counterfactual_event_window_energy,1,4.8806,4.8806,4.8806,4.8806,0.0,0.0,0.0,0.0,0.0,no_dr_counterfactual_baseline
household_s2_multigeneration_caregiver,household_s2_multigeneration_caregiver,EnergyBridge,Tianjin,1,2025-06-15,d15_hist_d15_1_patched,hist_d15_1_patched,15,/home/hku_user3/EnergyBridge/experiments/real_data/tianjin_tou_price_normalized.csv,18.0,1.0,/home/hku_user3/EnergyBridge/benchmark_results/vpp_patch_2026-07-15/_batch_logs/daily_event_configs/d15_hist_d15_1_patched.json,skipped_done,0,0.0,/home/hku_user3/EnergyBridge/benchmark_results/vpp_patch_2026-07-15/household_s2_multigeneration_caregiver_EnergyBridge_tianjin_d15_hist_d15_1_patched_2025-06-15_1day,/home/hku_user3/EnergyBridge/benchmark_results/vpp_patch_2026-07-15/_batch_logs/daily_dr_memory_tianjin_1day/household_s2_multigeneration_caregiver_EnergyBridge_tianjin_d15_hist_d15_1_patched_2025-06-15_1day.log,/home/hku_user3/EnergyBridge/benchmark_results/vpp_patch_2026-07-15/household_s2_multigeneration_caregiver_EnergyBridge_tianjin_d15_hist_d15_1_patched_2025-06-15_1day/run_summary.txt,0,48.919428,48.919428,50.482867,1.287751,normalized TOU cost/kWh,/home/hku_user3/EnergyBridge/experiments/real_data/tianjin_tou_price_normalized.csv,1.8317,1.8317,1.0,1.0,4.0,1.0,1.0,"['dishwasher', 'dryer', 'ev', 'washer', 'water_heater']",[],[],matched,household_s2_multigeneration_caregiver|tianjin|1days|2025-06-15|no_dr,/home/hku_user3/EnergyBridge/benchmark_results/vpp_patch_2026-07-15/household_s2_multigeneration_caregiver_no_dr_tianjin_d15_hist_d15_1_patched_2025-06-15_1day/benchmark_result.json,no_dr_counterfactual_event_window_energy,1,4.9173,1.8317,4.9173,4.9173,3.0856,3.0856,0.627499,3.0856,3.0856,no_dr_counterfactual_baseline
household_s4_ev_commuter_flexible,household_s4_ev_commuter_flexible,no_dr,Tianjin,1,2025-06-15,d15_hist_d15_1_patched,hist_d15_1_patched,15,/home/hku_user3/EnergyBridge/experiments/real_data/tianjin_tou_price_normalized.csv,18.0,1.0,/home/hku_user3/EnergyBridge/benchmark_results/vpp_patch_2026-07-15/_batch_logs/daily_event_configs/d15_hist_d15_1_patched.json,skipped_done,0,0.0,/home/hku_user3/EnergyBridge/benchmark_results/vpp_patch_2026-07-15/household_s4_ev_commuter_flexible_no_dr_tianjin_d15_hist_d15_1_patched_2025-06-15_1day,/home/hku_user3/EnergyBridge/benchmark_results/vpp_patch_2026-07-15/_batch_logs/daily_dr_memory_tianjin_1day/household_s4_ev_commuter_flexible_no_dr_tianjin_d15_hist_d15_1_patched_2025-06-15_1day.log,/home/hku_user3/EnergyBridge/benchmark_results/vpp_patch_2026-07-15/household_s4_ev_commuter_flexible_no_dr_tianjin_d15_hist_d15_1_patched_2025-06-15_1day/run_summary.txt,0,53.816901,53.816901,61.81908,1.389468,normalized TOU cost/kWh,/home/hku_user3/EnergyBridge/experiments/real_data/tianjin_tou_price_normalized.csv,4.8766,4.8766,1.0,1.0,,0.0,1.0,[],"['dishwasher', 'dryer', 'ev', 'washer', 'water_heater']",[],matched,household_s4_ev_commuter_flexible|tianjin|1days|2025-06-15|no_dr,/home/hku_user3/EnergyBridge/benchmark_results/vpp_patch_2026-07-15/household_s4_ev_commuter_flexible_no_dr_tianjin_d15_hist_d15_1_patched_2025-06-15_1day/benchmark_result.json,no_dr_counterfactual_event_window_energy,1,4.8766,4.8766,4.8766,4.8766,0.0,0.0,0.0,0.0,0.0,no_dr_counterfactual_baseline
household_s5_shared_roommates_irregular,household_s5_shared_roommates_irregular,EnergyBridge,Germany,1,2025-06-15,d15_hist_d15_1_patched,hist_d15_1_patched,15,/home/hku_user3/EnergyBridge/experiments/real_data/germany_2025_price.csv,18.0,1.0,/home/hku_user3/EnergyBridge/benchmark_results/vpp_patch_2026-07-15/_batch_logs/daily_event_configs/d15_hist_d15_1_patched.json,skipped_done,0,0.0,/home/hku_user3/EnergyBridge/benchmark_results/vpp_patch_2026-07-15/household_s5_shared_roommates_irregular_EnergyBridge_germany_d15_hist_d15_1_patched_2025-06-15_1day,/home/hku_user3/EnergyBridge/benchmark_results/vpp_patch_2026-07-15/_batch_logs/daily_dr_memory_germany_1day/household_s5_shared_roommates_irregular_EnergyBridge_germany_d15_hist_d15_1_patched_2025-06-15_1day.log,/home/hku_user3/EnergyBridge/benchmark_results/vpp_patch_2026-07-15/household_s5_shared_roommates_irregular_EnergyBridge_germany_d15_hist_d15_1_patched_2025-06-15_1day/run_summary.txt,0,42.599809,42.599809,11.021836,0.064689,EUR/kWh,/home/hku_user3/EnergyBridge/experiments/real_data/germany_2025_price.csv,6.2118,6.2118,1.0,1.0,4.0,1.0,1.0,"['dishwasher', 'dryer', 'ev', 'washer', 'water_heater']",[],[],matched,household_s5_shared_roommates_irregular|germany|1days|2025-06-15|no_dr,/home/hku_user3/EnergyBridge/benchmark_results/vpp_patch_2026-07-15/household_s5_shared_roommates_irregular_no_dr_germany_d15_hist_d15_1_patched_2025-06-15_1day/benchmark_result.json,no_dr_counterfactual_event_window_energy,1,10.2756,6.2118,10.2756,10.2756,4.0638,4.0638,0.395481,4.0638,4.0638,no_dr_counterfactual_baseline
household_s3_hybrid_work_from_home,household_s3_hybrid_work_from_home,EnergyBridge,Germany,1,2025-06-15,d15_hist_d15_1_patched,hist_d15_1_patched,15,/home/hku_user3/EnergyBridge/experiments/real_data/germany_2025_price.csv,18.0,1.0,/home/hku_user3/EnergyBridge/benchmark_results/vpp_patch_2026-07-15/_batch_logs/daily_event_configs/d15_hist_d15_1_patched.json,skipped_done,0,0.0,/home/hku_user3/EnergyBridge/benchmark_results/vpp_patch_2026-07-15/household_s3_hybrid_work_from_home_EnergyBridge_germany_d15_hist_d15_1_patched_2025-06-15_1day,/home/hku_user3/EnergyBridge/benchmark_results/vpp_patch_2026-07-15/_batch_logs/daily_dr_memory_germany_1day/household_s3_hybrid_work_from_home_EnergyBridge_germany_d15_hist_d15_1_patched_2025-06-15_1day.log,/home/hku_user3/EnergyBridge/benchmark_results/vpp_patch_2026-07-15/household_s3_hybrid_work_from_home_EnergyBridge_germany_d15_hist_d15_1_patched_2025-06-15_1day/run_summary.txt,0,41.578345,41.578345,11.023487,0.064528,EUR/kWh,/home/hku_user3/EnergyBridge/experiments/real_data/germany_2025_price.csv,6.0889,6.0889,1.0,1.0,3.667,1.0,1.0,"['dishwasher', 'dryer', 'ev', 'washer', 'water_heater']",[],[],matched,household_s3_hybrid_work_from_home|germany|1days|2025-06-15|no_dr,/home/hku_user3/EnergyBridge/benchmark_results/vpp_patch_2026-07-15/household_s3_hybrid_work_from_home_no_dr_germany_d15_hist_d15_1_patched_2025-06-15_1day/benchmark_result.json,no_dr_counterfactual_event_window_energy,1,10.2817,6.0889,10.2817,10.2817,4.1928,4.1928,0.407792,4.1928,4.1928,no_dr_counterfactual_baseline
household_s1_dual_commuter_standard,household_s1_dual_commuter_standard,EnergyBridge,Tianjin,1,2025-06-15,d15_hist_d15_1_patched,hist_d15_1_patched,15,/home/hku_user3/EnergyBridge/experiments/real_data/tianjin_tou_price_normalized.csv,18.0,1.0,/home/hku_user3/EnergyBridge/benchmark_results/vpp_patch_2026-07-15/_batch_logs/daily_event_configs/d15_hist_d15_1_patched.json,skipped_done,0,0.0,/home/hku_user3/EnergyBridge/benchmark_results/vpp_patch_2026-07-15/household_s1_dual_commuter_standard_EnergyBridge_tianjin_d15_hist_d15_1_patched_2025-06-15_1day,/home/hku_user3/EnergyBridge/benchmark_results/vpp_patch_2026-07-15/_batch_logs/daily_dr_memory_tianjin_1day/household_s1_dual_commuter_standard_EnergyBridge_tianjin_d15_hist_d15_1_patched_2025-06-15_1day.log,/home/hku_user3/EnergyBridge/benchmark_results/vpp_patch_2026-07-15/household_s1_dual_commuter_standard_EnergyBridge_tianjin_d15_hist_d15_1_patched_2025-06-15_1day/run_summary.txt,0,52.397434,52.397434,54.461612,1.362497,normalized TOU cost/kWh,/home/hku_user3/EnergyBridge/experiments/real_data/tianjin_tou_price_normalized.csv,1.8834,1.8834,1.0,1.0,3.75,1.0,1.0,"['dishwasher', 'dryer', 'ev', 'washer', 'water_heater']",[],[],matched,household_s1_dual_commuter_standard|tianjin|1days|2025-06-15|no_dr,/home/hku_user3/EnergyBridge/benchmark_results/vpp_patch_2026-07-15/household_s1_dual_commuter_standard_no_dr_tianjin_d15_hist_d15_1_patched_2025-06-15_1day/benchmark_result.json,no_dr_counterfactual_event_window_energy,1,4.8766,1.8834,4.8766,4.8766,2.9932,2.9932,0.613788,2.9932,2.9932,no_dr_counterfactual_baseline
household_s5_shared_roommates_irregular,household_s5_shared_roommates_irregular,no_dr,Tianjin,1,2025-06-15,d15_hist_d15_1_patched,hist_d15_1_patched,15,/home/hku_user3/EnergyBridge/experiments/real_data/tianjin_tou_price_normalized.csv,18.0,1.0,/home/hku_user3/EnergyBridge/benchmark_results/vpp_patch_2026-07-15/_batch_logs/daily_event_configs/d15_hist_d15_1_patched.json,skipped_done,0,0.0,/home/hku_user3/EnergyBridge/benchmark_results/vpp_patch_2026-07-15/household_s5_shared_roommates_irregular_no_dr_tianjin_d15_hist_d15_1_patched_2025-06-15_1day,/home/hku_user3/EnergyBridge/benchmark_results/vpp_patch_2026-07-15/_batch_logs/daily_dr_memory_tianjin_1day/household_s5_shared_roommates_irregular_no_dr_tianjin_d15_hist_d15_1_patched_2025-06-15_1day.log,/home/hku_user3/EnergyBridge/benchmark_results/vpp_patch_2026-07-15/household_s5_shared_roommates_irregular_no_dr_tianjin_d15_hist_d15_1_patched_2025-06-15_1day/run_summary.txt,0,49.735741,49.735741,55.289225,1.368205,normalized TOU cost/kWh,/home/hku_user3/EnergyBridge/experiments/real_data/tianjin_tou_price_normalized.csv,4.8766,4.8766,1.0,1.0,,0.0,1.0,[],"['dishwasher', 'dryer', 'ev', 'washer', 'water_heater']",[],matched,household_s5_shared_roommates_irregular|tianjin|1days|2025-06-15|no_dr,/home/hku_user3/EnergyBridge/benchmark_results/vpp_patch_2026-07-15/household_s5_shared_roommates_irregular_no_dr_tianjin_d15_hist_d15_1_patched_2025-06-15_1day/benchmark_result.json,no_dr_counterfactual_event_window_energy,1,4.8766,4.8766,4.8766,4.8766,0.0,0.0,0.0,0.0,0.0,no_dr_counterfactual_baseline
household_s1_dual_commuter_standard,household_s1_dual_commuter_standard,no_dr,Germany,1,2025-06-16,d16_hist_d16_1_patched,hist_d16_1_patched,16,/home/hku_user3/EnergyBridge/experiments/real_data/germany_2025_price.csv,18.0,1.0,/home/hku_user3/EnergyBridge/benchmark_results/vpp_patch_2026-07-15/_batch_logs/daily_event_configs/d16_hist_d16_1_patched.json,skipped_done,0,0.0,/home/hku_user3/EnergyBridge/benchmark_results/vpp_patch_2026-07-15/household_s1_dual_commuter_standard_no_dr_germany_d16_hist_d16_1_patched_2025-06-16_1day,/home/hku_user3/EnergyBridge/benchmark_results/vpp_patch_2026-07-15/_batch_logs/daily_dr_memory_germany_1day/household_s1_dual_commuter_standard_no_dr_germany_d16_hist_d16_1_patched_2025-06-16_1day.log,/home/hku_user3/EnergyBridge/benchmark_results/vpp_patch_2026-07-15/household_s1_dual_commuter_standard_no_dr_germany_d16_hist_d16_1_patched_2025-06-16_1day/run_summary.txt,0,38.713569,38.713569,16.202178,0.092243,EUR/kWh,/home/hku_user3/EnergyBridge/experiments/real_data/germany_2025_price.csv,10.4166,10.4166,1.0,1.0,,0.0,1.0,[],"['dishwasher', 'dryer', 'ev', 'washer', 'water_heater']",[],matched,household_s1_dual_commuter_standard|germany|1days|2025-06-16|no_dr,/home/hku_user3/EnergyBridge/benchmark_results/vpp_patch_2026-07-15/household_s1_dual_commuter_standard_no_dr_germany_d16_hist_d16_1_patched_2025-06-16_1day/benchmark_result.json,no_dr_counterfactual_event_window_energy,1,10.4166,10.4166,10.4166,10.4166,0.0,0.0,0.0,0.0,0.0,no_dr_counterfactual_baseline
household_s3_hybrid_work_from_home,household_s3_hybrid_work_from_home,EnergyBridge,Tianjin,1,2025-06-15,d15_hist_d15_1_patched,hist_d15_1_patched,15,/home/hku_user3/EnergyBridge/experiments/real_data/tianjin_tou_price_normalized.csv,18.0,1.0,/home/hku_user3/EnergyBridge/benchmark_results/vpp_patch_2026-07-15/_batch_logs/daily_event_configs/d15_hist_d15_1_patched.json,skipped_done,0,0.0,/home/hku_user3/EnergyBridge/benchmark_results/vpp_patch_2026-07-15/household_s3_hybrid_work_from_home_EnergyBridge_tianjin_d15_hist_d15_1_patched_2025-06-15_1day,/home/hku_user3/EnergyBridge/benchmark_results/vpp_patch_2026-07-15/_batch_logs/daily_dr_memory_tianjin_1day/household_s3_hybrid_work_from_home_EnergyBridge_tianjin_d15_hist_d15_1_patched_2025-06-15_1day.log,/home/hku_user3/EnergyBridge/benchmark_results/vpp_patch_2026-07-15/household_s3_hybrid_work_from_home_EnergyBridge_tianjin_d15_hist_d15_1_patched_2025-06-15_1day/run_summary.txt,0,48.86471,48.86471,54.233536,1.381917,normalized TOU cost/kWh,/home/hku_user3/EnergyBridge/experiments/real_data/tianjin_tou_price_normalized.csv,1.7319,1.7319,1.0,1.0,4.0,1.0,1.0,"['dishwasher', 'dryer', 'ev', 'washer', 'water_heater']",[],[],matched,household_s3_hybrid_work_from_home|tianjin|1days|2025-06-15|no_dr,/home/hku_user3/EnergyBridge/benchmark_results/vpp_patch_2026-07-15/household_s3_hybrid_work_from_home_no_dr_tianjin_d15_hist_d15_1_patched_2025-06-15_1day/benchmark_result.json,no_dr_counterfactual_event_window_energy,1,4.8806,1.7319,4.8806,4.8806,3.1487,3.1487,0.645146,3.1487,3.1487,no_dr_counterfactual_baseline
household_s2_multigeneration_caregiver,household_s2_multigeneration_caregiver,no_dr,Germany,1,2025-06-16,d16_hist_d16_1_patched,hist_d16_1_patched,16,/home/hku_user3/EnergyBridge/experiments/real_data/germany_2025_price.csv,18.0,1.0,/home/hku_user3/EnergyBridge/benchmark_results/vpp_patch_2026-07-15/_batch_logs/daily_event_configs/d16_hist_d16_1_patched.json,skipped_done,0,0.0,/home/hku_user3/EnergyBridge/benchmark_results/vpp_patch_2026-07-15/household_s2_multigeneration_caregiver_no_dr_germany_d16_hist_d16_1_patched_2025-06-16_1day,/home/hku_user3/EnergyBridge/benchmark_results/vpp_patch_2026-07-15/_batch_logs/daily_dr_memory_germany_1day/household_s2_multigeneration_caregiver_no_dr_germany_d16_hist_d16_1_patched_2025-06-16_1day.log,/home/hku_user3/EnergyBridge/benchmark_results/vpp_patch_2026-07-15/household_s2_multigeneration_caregiver_no_dr_germany_d16_hist_d16_1_patched_2025-06-16_1day/run_summary.txt,0,35.449688,35.449688,15.775058,0.091779,EUR/kWh,/home/hku_user3/EnergyBridge/experiments/real_data/germany_2025_price.csv,10.4537,10.4537,1.0,1.0,,0.0,1.0,[],"['dishwasher', 'dryer', 'ev', 'washer', 'water_heater']",[],matched,household_s2_multigeneration_caregiver|germany|1days|2025-06-16|no_dr,/home/hku_user3/EnergyBridge/benchmark_results/vpp_patch_2026-07-15/household_s2_multigeneration_caregiver_no_dr_germany_d16_hist_d16_1_patched_2025-06-16_1day/benchmark_result.json,no_dr_counterfactual_event_window_energy,1,10.4537,10.4537,10.4537,10.4537,0.0,0.0,0.0,0.0,0.0,no_dr_counterfactual_baseline
household_s3_hybrid_work_from_home,household_s3_hybrid_work_from_home,no_dr,Germany,1,2025-06-16,d16_hist_d16_1_patched,hist_d16_1_patched,16,/home/hku_user3/EnergyBridge/experiments/real_data/germany_2025_price.csv,18.0,1.0,/home/hku_user3/EnergyBridge/benchmark_results/vpp_patch_2026-07-15/_batch_logs/daily_event_configs/d16_hist_d16_1_patched.json,skipped_done,0,0.0,/home/hku_user3/EnergyBridge/benchmark_results/vpp_patch_2026-07-15/household_s3_hybrid_work_from_home_no_dr_germany_d16_hist_d16_1_patched_2025-06-16_1day,/home/hku_user3/EnergyBridge/benchmark_results/vpp_patch_2026-07-15/_batch_logs/daily_dr_memory_germany_1day/household_s3_hybrid_work_from_home_no_dr_germany_d16_hist_d16_1_patched_2025-06-16_1day.log,/home/hku_user3/EnergyBridge/benchmark_results/vpp_patch_2026-07-15/household_s3_hybrid_work_from_home_no_dr_germany_d16_hist_d16_1_patched_2025-06-16_1day/run_summary.txt,0,36.910414,36.910414,15.980372,0.092146,EUR/kWh,/home/hku_user3/EnergyBridge/experiments/real_data/germany_2025_price.csv,10.4264,10.4264,1.0,1.0,,0.0,0.8,[],"['dishwasher', 'dryer', 'ev', 'washer', 'water_heater']",[],matched,household_s3_hybrid_work_from_home|germany|1days|2025-06-16|no_dr,/home/hku_user3/EnergyBridge/benchmark_results/vpp_patch_2026-07-15/household_s3_hybrid_work_from_home_no_dr_germany_d16_hist_d16_1_patched_2025-06-16_1day/benchmark_result.json,no_dr_counterfactual_event_window_energy,1,10.4264,10.4264,10.4264,10.4264,0.0,0.0,0.0,0.0,0.0,no_dr_counterfactual_baseline
household_s5_shared_roommates_irregular,household_s5_shared_roommates_irregular,EnergyBridge,Tianjin,1,2025-06-15,d15_hist_d15_1_patched,hist_d15_1_patched,15,/home/hku_user3/EnergyBridge/experiments/real_data/tianjin_tou_price_normalized.csv,18.0,1.0,/home/hku_user3/EnergyBridge/benchmark_results/vpp_patch_2026-07-15/_batch_logs/daily_event_configs/d15_hist_d15_1_patched.json,skipped_done,0,0.0,/home/hku_user3/EnergyBridge/benchmark_results/vpp_patch_2026-07-15/household_s5_shared_roommates_irregular_EnergyBridge_tianjin_d15_hist_d15_1_patched_2025-06-15_1day,/home/hku_user3/EnergyBridge/benchmark_results/vpp_patch_2026-07-15/_batch_logs/daily_dr_memory_tianjin_1day/household_s5_shared_roommates_irregular_EnergyBridge_tianjin_d15_hist_d15_1_patched_2025-06-15_1day.log,/home/hku_user3/EnergyBridge/benchmark_results/vpp_patch_2026-07-15/household_s5_shared_roommates_irregular_EnergyBridge_tianjin_d15_hist_d15_1_patched_2025-06-15_1day/run_summary.txt,0,51.825559,51.825559,51.57012,1.363954,normalized TOU cost/kWh,/home/hku_user3/EnergyBridge/experiments/real_data/tianjin_tou_price_normalized.csv,1.4642,1.4642,1.0,1.0,4.0,1.0,1.0,"['dishwasher', 'dryer', 'ev', 'washer', 'water_heater']",[],[],matched,household_s5_shared_roommates_irregular|tianjin|1days|2025-06-15|no_dr,/home/hku_user3/EnergyBridge/benchmark_results/vpp_patch_2026-07-15/household_s5_shared_roommates_irregular_no_dr_tianjin_d15_hist_d15_1_patched_2025-06-15_1day/benchmark_result.json,no_dr_counterfactual_event_window_energy,1,4.8766,1.4642,4.8766,4.8766,3.4124,3.4124,0.69975,3.4124,3.4124,no_dr_counterfactual_baseline
household_s4_ev_commuter_flexible,household_s4_ev_commuter_flexible,EnergyBridge,Tianjin,1,2025-06-15,d15_hist_d15_1_patched,hist_d15_1_patched,15,/home/hku_user3/EnergyBridge/experiments/real_data/tianjin_tou_price_normalized.csv,18.0,1.0,/home/hku_user3/EnergyBridge/benchmark_results/vpp_patch_2026-07-15/_batch_logs/daily_event_configs/d15_hist_d15_1_patched.json,skipped_done,0,0.0,/home/hku_user3/EnergyBridge/benchmark_results/vpp_patch_2026-07-15/household_s4_ev_commuter_flexible_EnergyBridge_tianjin_d15_hist_d15_1_patched_2025-06-15_1day,/home/hku_user3/EnergyBridge/benchmark_results/vpp_patch_2026-07-15/_batch_logs/daily_dr_memory_tianjin_1day/household_s4_ev_commuter_flexible_EnergyBridge_tianjin_d15_hist_d15_1_patched_2025-06-15_1day.log,/home/hku_user3/EnergyBridge/benchmark_results/vpp_patch_2026-07-15/household_s4_ev_commuter_flexible_EnergyBridge_tianjin_d15_hist_d15_1_patched_2025-06-15_1day/run_summary.txt,0,64.014994,64.014994,62.89628,1.426026,normalized TOU cost/kWh,/home/hku_user3/EnergyBridge/experiments/real_data/tianjin_tou_price_normalized.csv,1.9268,1.9268,0.0,0.0,2.75,1.0,1.0,"['dishwasher', 'dryer', 'ev', 'washer', 'water_heater']",[],[],matched,household_s4_ev_commuter_flexible|tianjin|1days|2025-06-15|no_dr,/home/hku_user3/EnergyBridge/benchmark_results/vpp_patch_2026-07-15/household_s4_ev_commuter_flexible_no_dr_tianjin_d15_hist_d15_1_patched_2025-06-15_1day/benchmark_result.json,no_dr_counterfactual_event_window_energy,1,4.8766,1.9268,4.8766,4.8766,2.9498,2.9498,0.604889,2.9498,2.9498,no_dr_counterfactual_baseline
household_s4_ev_commuter_flexible,household_s4_ev_commuter_flexible,no_dr,Germany,1,2025-06-16,d16_hist_d16_1_patched,hist_d16_1_patched,16,/home/hku_user3/EnergyBridge/experiments/real_data/germany_2025_price.csv,18.0,1.0,/home/hku_user3/EnergyBridge/benchmark_results/vpp_patch_2026-07-15/_batch_logs/daily_event_configs/d16_hist_d16_1_patched.json,skipped_done,0,0.0,/home/hku_user3/EnergyBridge/benchmark_results/vpp_patch_2026-07-15/household_s4_ev_commuter_flexible_no_dr_germany_d16_hist_d16_1_patched_2025-06-16_1day,/home/hku_user3/EnergyBridge/benchmark_results/vpp_patch_2026-07-15/_batch_logs/daily_dr_memory_germany_1day/household_s4_ev_commuter_flexible_no_dr_germany_d16_hist_d16_1_patched_2025-06-16_1day.log,/home/hku_user3/EnergyBridge/benchmark_results/vpp_patch_2026-07-15/household_s4_ev_commuter_flexible_no_dr_germany_d16_hist_d16_1_patched_2025-06-16_1day/run_summary.txt,0,40.754149,40.754149,16.41701,0.092393,EUR/kWh,/home/hku_user3/EnergyBridge/experiments/real_data/germany_2025_price.csv,10.4166,10.4166,1.0,1.0,,0.0,1.0,[],"['dishwasher', 'dryer', 'ev', 'washer', 'water_heater']",[],matched,household_s4_ev_commuter_flexible|germany|1days|2025-06-16|no_dr,/home/hku_user3/EnergyBridge/benchmark_results/vpp_patch_2026-07-15/household_s4_ev_commuter_flexible_no_dr_germany_d16_hist_d16_1_patched_2025-06-16_1day/benchmark_result.json,no_dr_counterfactual_event_window_energy,1,10.4166,10.4166,10.4166,10.4166,0.0,0.0,0.0,0.0,0.0,no_dr_counterfactual_baseline
household_s2_multigeneration_caregiver,household_s2_multigeneration_caregiver,EnergyBridge,Germany,1,2025-06-16,d16_hist_d16_1_patched,hist_d16_1_patched,16,/home/hku_user3/EnergyBridge/experiments/real_data/germany_2025_price.csv,18.0,1.0,/home/hku_user3/EnergyBridge/benchmark_results/vpp_patch_2026-07-15/_batch_logs/daily_event_configs/d16_hist_d16_1_patched.json,skipped_done,0,0.0,/home/hku_user3/EnergyBridge/benchmark_results/vpp_patch_2026-07-15/household_s2_multigeneration_caregiver_EnergyBridge_germany_d16_hist_d16_1_patched_2025-06-16_1day,/home/hku_user3/EnergyBridge/benchmark_results/vpp_patch_2026-07-15/_batch_logs/daily_dr_memory_germany_1day/household_s2_multigeneration_caregiver_EnergyBridge_germany_d16_hist_d16_1_patched_2025-06-16_1day.log,/home/hku_user3/EnergyBridge/benchmark_results/vpp_patch_2026-07-15/household_s2_multigeneration_caregiver_EnergyBridge_germany_d16_hist_d16_1_patched_2025-06-16_1day/run_summary.txt,0,37.865134,37.865134,14.496358,0.084976,EUR/kWh,/home/hku_user3/EnergyBridge/experiments/real_data/germany_2025_price.csv,6.3212,6.3212,1.0,1.0,4.2,1.0,1.0,"['dishwasher', 'dryer', 'ev', 'washer', 'water_heater']",[],[],matched,household_s2_multigeneration_caregiver|germany|1days|2025-06-16|no_dr,/home/hku_user3/EnergyBridge/benchmark_results/vpp_patch_2026-07-15/household_s2_multigeneration_caregiver_no_dr_germany_d16_hist_d16_1_patched_2025-06-16_1day/benchmark_result.json,no_dr_counterfactual_event_window_energy,1,10.4537,6.3212,10.4537,10.4537,4.1325,4.1325,0.395315,4.1325,4.1325,no_dr_counterfactual_baseline
household_s1_dual_commuter_standard,household_s1_dual_commuter_standard,EnergyBridge,Germany,1,2025-06-16,d16_hist_d16_1_patched,hist_d16_1_patched,16,/home/hku_user3/EnergyBridge/experiments/real_data/germany_2025_price.csv,18.0,1.0,/home/hku_user3/EnergyBridge/benchmark_results/vpp_patch_2026-07-15/_batch_logs/daily_event_configs/d16_hist_d16_1_patched.json,skipped_done,0,0.0,/home/hku_user3/EnergyBridge/benchmark_results/vpp_patch_2026-07-15/household_s1_dual_commuter_standard_EnergyBridge_germany_d16_hist_d16_1_patched_2025-06-16_1day,/home/hku_user3/EnergyBridge/benchmark_results/vpp_patch_2026-07-15/_batch_logs/daily_dr_memory_germany_1day/household_s1_dual_commuter_standard_EnergyBridge_germany_d16_hist_d16_1_patched_2025-06-16_1day.log,/home/hku_user3/EnergyBridge/benchmark_results/vpp_patch_2026-07-15/household_s1_dual_commuter_standard_EnergyBridge_germany_d16_hist_d16_1_patched_2025-06-16_1day/run_summary.txt,0,41.586483,41.586483,14.797762,0.085648,EUR/kWh,/home/hku_user3/EnergyBridge/experiments/real_data/germany_2025_price.csv,6.4003,6.4003,1.0,1.0,4.25,1.0,1.0,"['dishwasher', 'dryer', 'ev', 'washer', 'water_heater']",[],[],matched,household_s1_dual_commuter_standard|germany|1days|2025-06-16|no_dr,/home/hku_user3/EnergyBridge/benchmark_results/vpp_patch_2026-07-15/household_s1_dual_commuter_standard_no_dr_germany_d16_hist_d16_1_patched_2025-06-16_1day/benchmark_result.json,no_dr_counterfactual_event_window_energy,1,10.4166,6.4003,10.4166,10.4166,4.0163,4.0163,0.385567,4.0163,4.0163,no_dr_counterfactual_baseline
household_s1_dual_commuter_standard,household_s1_dual_commuter_standard,no_dr,Tianjin,1,2025-06-16,d16_hist_d16_1_patched,hist_d16_1_patched,16,/home/hku_user3/EnergyBridge/experiments/real_data/tianjin_tou_price_normalized.csv,18.0,1.0,/home/hku_user3/EnergyBridge/benchmark_results/vpp_patch_2026-07-15/_batch_logs/daily_event_configs/d16_hist_d16_1_patched.json,skipped_done,0,0.0,/home/hku_user3/EnergyBridge/benchmark_results/vpp_patch_2026-07-15/household_s1_dual_commuter_standard_no_dr_tianjin_d16_hist_d16_1_patched_2025-06-16_1day,/home/hku_user3/EnergyBridge/benchmark_results/vpp_patch_2026-07-15/_batch_logs/daily_dr_memory_tianjin_1day/household_s1_dual_commuter_standard_no_dr_tianjin_d16_hist_d16_1_patched_2025-06-16_1day.log,/home/hku_user3/EnergyBridge/benchmark_results/vpp_patch_2026-07-15/household_s1_dual_commuter_standard_no_dr_tianjin_d16_hist_d16_1_patched_2025-06-16_1day/run_summary.txt,0,64.170066,64.170066,55.891546,1.346512,normalized TOU cost/kWh,/home/hku_user3/EnergyBridge/experiments/real_data/tianjin_tou_price_normalized.csv,6.5809,6.5809,1.0,1.0,,0.0,1.0,[],"['dishwasher', 'dryer', 'ev', 'washer', 'water_heater']",[],matched,household_s1_dual_commuter_standard|tianjin|1days|2025-06-16|no_dr,/home/hku_user3/EnergyBridge/benchmark_results/vpp_patch_2026-07-15/household_s1_dual_commuter_standard_no_dr_tianjin_d16_hist_d16_1_patched_2025-06-16_1day/benchmark_result.json,no_dr_counterfactual_event_window_energy,1,6.5809,6.5809,6.5809,6.5809,0.0,0.0,0.0,0.0,0.0,no_dr_counterfactual_baseline
household_s3_hybrid_work_from_home,household_s3_hybrid_work_from_home,EnergyBridge,Germany,1,2025-06-16,d16_hist_d16_1_patched,hist_d16_1_patched,16,/home/hku_user3/EnergyBridge/experiments/real_data/germany_2025_price.csv,18.0,1.0,/home/hku_user3/EnergyBridge/benchmark_results/vpp_patch_2026-07-15/_batch_logs/daily_event_configs/d16_hist_d16_1_patched.json,skipped_done,0,0.0,/home/hku_user3/EnergyBridge/benchmark_results/vpp_patch_2026-07-15/household_s3_hybrid_work_from_home_EnergyBridge_germany_d16_hist_d16_1_patched_2025-06-16_1day,/home/hku_user3/EnergyBridge/benchmark_results/vpp_patch_2026-07-15/_batch_logs/daily_dr_memory_germany_1day/household_s3_hybrid_work_from_home_EnergyBridge_germany_d16_hist_d16_1_patched_2025-06-16_1day.log,/home/hku_user3/EnergyBridge/benchmark_results/vpp_patch_2026-07-15/household_s3_hybrid_work_from_home_EnergyBridge_germany_d16_hist_d16_1_patched_2025-06-16_1day/run_summary.txt,0,37.025062,37.025062,14.58526,0.085167,EUR/kWh,/home/hku_user3/EnergyBridge/experiments/real_data/germany_2025_price.csv,6.2447,6.2447,1.0,1.0,4.333,1.0,1.0,"['dishwasher', 'dryer', 'ev', 'washer', 'water_heater']",[],[],matched,household_s3_hybrid_work_from_home|germany|1days|2025-06-16|no_dr,/home/hku_user3/EnergyBridge/benchmark_results/vpp_patch_2026-07-15/household_s3_hybrid_work_from_home_no_dr_germany_d16_hist_d16_1_patched_2025-06-16_1day/benchmark_result.json,no_dr_counterfactual_event_window_energy,1,10.4264,6.2447,10.4264,10.4264,4.1817,4.1817,0.401068,4.1817,4.1817,no_dr_counterfactual_baseline
household_s5_shared_roommates_irregular,household_s5_shared_roommates_irregular,no_dr,Germany,1,2025-06-16,d16_hist_d16_1_patched,hist_d16_1_patched,16,/home/hku_user3/EnergyBridge/experiments/real_data/germany_2025_price.csv,18.0,1.0,/home/hku_user3/EnergyBridge/benchmark_results/vpp_patch_2026-07-15/_batch_logs/daily_event_configs/d16_hist_d16_1_patched.json,skipped_done,0,0.0,/home/hku_user3/EnergyBridge/benchmark_results/vpp_patch_2026-07-15/household_s5_shared_roommates_irregular_no_dr_germany_d16_hist_d16_1_patched_2025-06-16_1day,/home/hku_user3/EnergyBridge/benchmark_results/vpp_patch_2026-07-15/_batch_logs/daily_dr_memory_germany_1day/household_s5_shared_roommates_irregular_no_dr_germany_d16_hist_d16_1_patched_2025-06-16_1day.log,/home/hku_user3/EnergyBridge/benchmark_results/vpp_patch_2026-07-15/household_s5_shared_roommates_irregular_no_dr_germany_d16_hist_d16_1_patched_2025-06-16_1day/run_summary.txt,0,36.672989,36.672989,15.987346,0.09209,EUR/kWh,/home/hku_user3/EnergyBridge/experiments/real_data/germany_2025_price.csv,10.4166,10.4166,1.0,1.0,,0.0,1.0,[],"['dishwasher', 'dryer', 'ev', 'washer', 'water_heater']",[],matched,household_s5_shared_roommates_irregular|germany|1days|2025-06-16|no_dr,/home/hku_user3/EnergyBridge/benchmark_results/vpp_patch_2026-07-15/household_s5_shared_roommates_irregular_no_dr_germany_d16_hist_d16_1_patched_2025-06-16_1day/benchmark_result.json,no_dr_counterfactual_event_window_energy,1,10.4166,10.4166,10.4166,10.4166,0.0,0.0,0.0,0.0,0.0,no_dr_counterfactual_baseline
household_s5_shared_roommates_irregular,household_s5_shared_roommates_irregular,EnergyBridge,Germany,1,2025-06-16,d16_hist_d16_1_patched,hist_d16_1_patched,16,/home/hku_user3/EnergyBridge/experiments/real_data/germany_2025_price.csv,18.0,1.0,/home/hku_user3/EnergyBridge/benchmark_results/vpp_patch_2026-07-15/_batch_logs/daily_event_configs/d16_hist_d16_1_patched.json,skipped_done,0,0.0,/home/hku_user3/EnergyBridge/benchmark_results/vpp_patch_2026-07-15/household_s5_shared_roommates_irregular_EnergyBridge_germany_d16_hist_d16_1_patched_2025-06-16_1day,/home/hku_user3/EnergyBridge/benchmark_results/vpp_patch_2026-07-15/_batch_logs/daily_dr_memory_germany_1day/household_s5_shared_roommates_irregular_EnergyBridge_germany_d16_hist_d16_1_patched_2025-06-16_1day.log,/home/hku_user3/EnergyBridge/benchmark_results/vpp_patch_2026-07-15/household_s5_shared_roommates_irregular_EnergyBridge_germany_d16_hist_d16_1_patched_2025-06-16_1day/run_summary.txt,0,39.545903,39.545903,14.590378,0.085457,EUR/kWh,/home/hku_user3/EnergyBridge/experiments/real_data/germany_2025_price.csv,6.4003,6.4003,1.0,1.0,4.0,1.0,1.0,"['dishwasher', 'dryer', 'ev', 'washer', 'water_heater']",[],[],matched,household_s5_shared_roommates_irregular|germany|1days|2025-06-16|no_dr,/home/hku_user3/EnergyBridge/benchmark_results/vpp_patch_2026-07-15/household_s5_shared_roommates_irregular_no_dr_germany_d16_hist_d16_1_patched_2025-06-16_1day/benchmark_result.json,no_dr_counterfactual_event_window_energy,1,10.4166,6.4003,10.4166,10.4166,4.0163,4.0163,0.385567,4.0163,4.0163,no_dr_counterfactual_baseline
household_s3_hybrid_work_from_home,household_s3_hybrid_work_from_home,no_dr,Tianjin,1,2025-06-16,d16_hist_d16_1_patched,hist_d16_1_patched,16,/home/hku_user3/EnergyBridge/experiments/real_data/tianjin_tou_price_normalized.csv,18.0,1.0,/home/hku_user3/EnergyBridge/benchmark_results/vpp_patch_2026-07-15/_batch_logs/daily_event_configs/d16_hist_d16_1_patched.json,skipped_done,0,0.0,/home/hku_user3/EnergyBridge/benchmark_results/vpp_patch_2026-07-15/household_s3_hybrid_work_from_home_no_dr_tianjin_d16_hist_d16_1_patched_2025-06-16_1day,/home/hku_user3/EnergyBridge/benchmark_results/vpp_patch_2026-07-15/_batch_logs/daily_dr_memory_tianjin_1day/household_s3_hybrid_work_from_home_no_dr_tianjin_d16_hist_d16_1_patched_2025-06-16_1day.log,/home/hku_user3/EnergyBridge/benchmark_results/vpp_patch_2026-07-15/household_s3_hybrid_work_from_home_no_dr_tianjin_d16_hist_d16_1_patched_2025-06-16_1day/run_summary.txt,0,62.049604,62.049604,54.314495,1.339124,normalized TOU cost/kWh,/home/hku_user3/EnergyBridge/experiments/real_data/tianjin_tou_price_normalized.csv,6.5832,6.5832,1.0,1.0,,0.0,0.8,[],"['dishwasher', 'dryer', 'ev', 'washer', 'water_heater']",[],matched,household_s3_hybrid_work_from_home|tianjin|1days|2025-06-16|no_dr,/home/hku_user3/EnergyBridge/benchmark_results/vpp_patch_2026-07-15/household_s3_hybrid_work_from_home_no_dr_tianjin_d16_hist_d16_1_patched_2025-06-16_1day/benchmark_result.json,no_dr_counterfactual_event_window_energy,1,6.5832,6.5832,6.5832,6.5832,0.0,0.0,0.0,0.0,0.0,no_dr_counterfactual_baseline
household_s4_ev_commuter_flexible,household_s4_ev_commuter_flexible,EnergyBridge,Germany,1,2025-06-16,d16_hist_d16_1_patched,hist_d16_1_patched,16,/home/hku_user3/EnergyBridge/experiments/real_data/germany_2025_price.csv,18.0,1.0,/home/hku_user3/EnergyBridge/benchmark_results/vpp_patch_2026-07-15/_batch_logs/daily_event_configs/d16_hist_d16_1_patched.json,skipped_done,0,0.0,/home/hku_user3/EnergyBridge/benchmark_results/vpp_patch_2026-07-15/household_s4_ev_commuter_flexible_EnergyBridge_germany_d16_hist_d16_1_patched_2025-06-16_1day,/home/hku_user3/EnergyBridge/benchmark_results/vpp_patch_2026-07-15/_batch_logs/daily_dr_memory_germany_1day/household_s4_ev_commuter_flexible_EnergyBridge_germany_d16_hist_d16_1_patched_2025-06-16_1day.log,/home/hku_user3/EnergyBridge/benchmark_results/vpp_patch_2026-07-15/household_s4_ev_commuter_flexible_EnergyBridge_germany_d16_hist_d16_1_patched_2025-06-16_1day/run_summary.txt,0,43.627062,43.627062,15.100207,0.086379,EUR/kWh,/home/hku_user3/EnergyBridge/experiments/real_data/germany_2025_price.csv,6.4003,6.4003,1.0,1.0,4.25,1.0,1.0,"['dishwasher', 'dryer', 'ev', 'washer', 'water_heater']",[],[],matched,household_s4_ev_commuter_flexible|germany|1days|2025-06-16|no_dr,/home/hku_user3/EnergyBridge/benchmark_results/vpp_patch_2026-07-15/household_s4_ev_commuter_flexible_no_dr_germany_d16_hist_d16_1_patched_2025-06-16_1day/benchmark_result.json,no_dr_counterfactual_event_window_energy,1,10.4166,6.4003,10.4166,10.4166,4.0163,4.0163,0.385567,4.0163,4.0163,no_dr_counterfactual_baseline
household_s1_dual_commuter_standard,household_s1_dual_commuter_standard,EnergyBridge,Tianjin,1,2025-06-16,d16_hist_d16_1_patched,hist_d16_1_patched,16,/home/hku_user3/EnergyBridge/experiments/real_data/tianjin_tou_price_normalized.csv,18.0,1.0,/home/hku_user3/EnergyBridge/benchmark_results/vpp_patch_2026-07-15/_batch_logs/daily_event_configs/d16_hist_d16_1_patched.json,skipped_done,0,0.0,/home/hku_user3/EnergyBridge/benchmark_results/vpp_patch_2026-07-15/household_s1_dual_commuter_standard_EnergyBridge_tianjin_d16_hist_d16_1_patched_2025-06-16_1day,/home/hku_user3/EnergyBridge/benchmark_results/vpp_patch_2026-07-15/_batch_logs/daily_dr_memory_tianjin_1day/household_s1_dual_commuter_standard_EnergyBridge_tianjin_d16_hist_d16_1_patched_2025-06-16_1day.log,/home/hku_user3/EnergyBridge/benchmark_results/vpp_patch_2026-07-15/household_s1_dual_commuter_standard_EnergyBridge_tianjin_d16_hist_d16_1_patched_2025-06-16_1day/run_summary.txt,0,61.143613,61.143613,60.422909,1.352835,normalized TOU cost/kWh,/home/hku_user3/EnergyBridge/experiments/real_data/tianjin_tou_price_normalized.csv,2.6363,2.6363,1.0,1.0,3.75,1.0,1.0,"['dishwasher', 'dryer', 'ev', 'washer', 'water_heater']",[],[],matched,household_s1_dual_commuter_standard|tianjin|1days|2025-06-16|no_dr,/home/hku_user3/EnergyBridge/benchmark_results/vpp_patch_2026-07-15/household_s1_dual_commuter_standard_no_dr_tianjin_d16_hist_d16_1_patched_2025-06-16_1day/benchmark_result.json,no_dr_counterfactual_event_window_energy,1,6.5809,2.6363,6.5809,6.5809,3.9446,3.9446,0.599401,3.9446,3.9446,no_dr_counterfactual_baseline
household_s2_multigeneration_caregiver,household_s2_multigeneration_caregiver,EnergyBridge,Tianjin,1,2025-06-16,d16_hist_d16_1_patched,hist_d16_1_patched,16,/home/hku_user3/EnergyBridge/experiments/real_data/tianjin_tou_price_normalized.csv,18.0,1.0,/home/hku_user3/EnergyBridge/benchmark_results/vpp_patch_2026-07-15/_batch_logs/daily_event_configs/d16_hist_d16_1_patched.json,skipped_done,0,0.0,/home/hku_user3/EnergyBridge/benchmark_results/vpp_patch_2026-07-15/household_s2_multigeneration_caregiver_EnergyBridge_tianjin_d16_hist_d16_1_patched_2025-06-16_1day,/home/hku_user3/EnergyBridge/benchmark_results/vpp_patch_2026-07-15/_batch_logs/daily_dr_memory_tianjin_1day/household_s2_multigeneration_caregiver_EnergyBridge_tianjin_d16_hist_d16_1_patched_2025-06-16_1day.log,/home/hku_user3/EnergyBridge/benchmark_results/vpp_patch_2026-07-15/household_s2_multigeneration_caregiver_EnergyBridge_tianjin_d16_hist_d16_1_patched_2025-06-16_1day/run_summary.txt,0,56.978796,56.978796,57.267469,1.267459,normalized TOU cost/kWh,/home/hku_user3/EnergyBridge/experiments/real_data/tianjin_tou_price_normalized.csv,1.6911,1.6911,1.0,1.0,3.8,1.0,1.0,"['dishwasher', 'dryer', 'ev', 'washer', 'water_heater']",[],[],matched,household_s2_multigeneration_caregiver|tianjin|1days|2025-06-16|no_dr,/home/hku_user3/EnergyBridge/benchmark_results/vpp_patch_2026-07-15/household_s2_multigeneration_caregiver_no_dr_tianjin_d16_hist_d16_1_patched_2025-06-16_1day/benchmark_result.json,no_dr_counterfactual_event_window_energy,1,6.6347,1.6911,6.6347,6.6347,4.9436,4.9436,0.745113,4.9436,4.9436,no_dr_counterfactual_baseline
household_s5_shared_roommates_irregular,household_s5_shared_roommates_irregular,no_dr,Tianjin,1,2025-06-16,d16_hist_d16_1_patched,hist_d16_1_patched,16,/home/hku_user3/EnergyBridge/experiments/real_data/tianjin_tou_price_normalized.csv,18.0,1.0,/home/hku_user3/EnergyBridge/benchmark_results/vpp_patch_2026-07-15/_batch_logs/daily_event_configs/d16_hist_d16_1_patched.json,skipped_done,0,0.0,/home/hku_user3/EnergyBridge/benchmark_results/vpp_patch_2026-07-15/household_s5_shared_roommates_irregular_no_dr_tianjin_d16_hist_d16_1_patched_2025-06-16_1day,/home/hku_user3/EnergyBridge/benchmark_results/vpp_patch_2026-07-15/_batch_logs/daily_dr_memory_tianjin_1day/household_s5_shared_roommates_irregular_no_dr_tianjin_d16_hist_d16_1_patched_2025-06-16_1day.log,/home/hku_user3/EnergyBridge/benchmark_results/vpp_patch_2026-07-15/household_s5_shared_roommates_irregular_no_dr_tianjin_d16_hist_d16_1_patched_2025-06-16_1day/run_summary.txt,0,61.735283,61.735283,53.862561,1.338524,normalized TOU cost/kWh,/home/hku_user3/EnergyBridge/experiments/real_data/tianjin_tou_price_normalized.csv,6.5809,6.5809,1.0,1.0,,0.0,1.0,[],"['dishwasher', 'dryer', 'ev', 'washer', 'water_heater']",[],matched,household_s5_shared_roommates_irregular|tianjin|1days|2025-06-16|no_dr,/home/hku_user3/EnergyBridge/benchmark_results/vpp_patch_2026-07-15/household_s5_shared_roommates_irregular_no_dr_tianjin_d16_hist_d16_1_patched_2025-06-16_1day/benchmark_result.json,no_dr_counterfactual_event_window_energy,1,6.5809,6.5809,6.5809,6.5809,0.0,0.0,0.0,0.0,0.0,no_dr_counterfactual_baseline
household_s4_ev_commuter_flexible,household_s4_ev_commuter_flexible,no_dr,Tianjin,1,2025-06-16,d16_hist_d16_1_patched,hist_d16_1_patched,16,/home/hku_user3/EnergyBridge/experiments/real_data/tianjin_tou_price_normalized.csv,18.0,1.0,/home/hku_user3/EnergyBridge/benchmark_results/vpp_patch_2026-07-15/_batch_logs/daily_event_configs/d16_hist_d16_1_patched.json,skipped_done,0,0.0,/home/hku_user3/EnergyBridge/benchmark_results/vpp_patch_2026-07-15/household_s4_ev_commuter_flexible_no_dr_tianjin_d16_hist_d16_1_patched_2025-06-16_1day,/home/hku_user3/EnergyBridge/benchmark_results/vpp_patch_2026-07-15/_batch_logs/daily_dr_memory_tianjin_1day/household_s4_ev_commuter_flexible_no_dr_tianjin_d16_hist_d16_1_patched_2025-06-16_1day.log,/home/hku_user3/EnergyBridge/benchmark_results/vpp_patch_2026-07-15/household_s4_ev_commuter_flexible_no_dr_tianjin_d16_hist_d16_1_patched_2025-06-16_1day/run_summary.txt,0,66.503399,66.503399,57.758213,1.353442,normalized TOU cost/kWh,/home/hku_user3/EnergyBridge/experiments/real_data/tianjin_tou_price_normalized.csv,6.5809,6.5809,1.0,1.0,,0.0,1.0,[],"['dishwasher', 'dryer', 'ev', 'washer', 'water_heater']",[],matched,household_s4_ev_commuter_flexible|tianjin|1days|2025-06-16|no_dr,/home/hku_user3/EnergyBridge/benchmark_results/vpp_patch_2026-07-15/household_s4_ev_commuter_flexible_no_dr_tianjin_d16_hist_d16_1_patched_2025-06-16_1day/benchmark_result.json,no_dr_counterfactual_event_window_energy,1,6.5809,6.5809,6.5809,6.5809,0.0,0.0,0.0,0.0,0.0,no_dr_counterfactual_baseline
household_s1_dual_commuter_standard,household_s1_dual_commuter_standard,no_dr,Germany,1,2025-06-17,d17_hist_d17_1,hist_d17_1,17,/home/hku_user3/EnergyBridge/experiments/real_data/germany_2025_price.csv,18.0,1.0,/home/hku_user3/EnergyBridge/benchmark_results/vpp_patch_2026-07-15/_batch_logs/daily_event_configs/d17_hist_d17_1.json,skipped_done,0,0.0,/home/hku_user3/EnergyBridge/benchmark_results/vpp_patch_2026-07-15/household_s1_dual_commuter_standard_no_dr_germany_d17_hist_d17_1_2025-06-17_1day,/home/hku_user3/EnergyBridge/benchmark_results/vpp_patch_2026-07-15/_batch_logs/daily_dr_memory_germany_1day/household_s1_dual_commuter_standard_no_dr_germany_d17_hist_d17_1_2025-06-17_1day.log,/home/hku_user3/EnergyBridge/benchmark_results/vpp_patch_2026-07-15/household_s1_dual_commuter_standard_no_dr_germany_d17_hist_d17_1_2025-06-17_1day/run_summary.txt,0,45.383693,45.383693,18.393527,0.102454,EUR/kWh,D:\Pycharm_project\PycharmProjects\EnergyBridge\experiments\real_data\germany_2025_price.csv,10.7269,10.7269,1.0,1.0,,0.0,1.0,[],"['dishwasher', 'dryer', 'ev', 'washer', 'water_heater']",[],matched,household_s1_dual_commuter_standard|germany|1days|2025-06-17|no_dr,/home/hku_user3/EnergyBridge/benchmark_results/vpp_patch_2026-07-15/household_s1_dual_commuter_standard_no_dr_germany_d17_hist_d17_1_2025-06-17_1day/benchmark_result.json,no_dr_counterfactual_event_window_energy,1,10.7269,10.7269,10.7269,10.7269,0.0,0.0,0.0,0.0,0.0,no_dr_counterfactual_baseline
household_s2_multigeneration_caregiver,household_s2_multigeneration_caregiver,no_dr,Tianjin,1,2025-06-16,d16_hist_d16_1_patched,hist_d16_1_patched,16,/home/hku_user3/EnergyBridge/experiments/real_data/tianjin_tou_price_normalized.csv,18.0,1.0,/home/hku_user3/EnergyBridge/benchmark_results/vpp_patch_2026-07-15/_batch_logs/daily_event_configs/d16_hist_d16_1_patched.json,skipped_done,0,0.0,/home/hku_user3/EnergyBridge/benchmark_results/vpp_patch_2026-07-15/household_s2_multigeneration_caregiver_no_dr_tianjin_d16_hist_d16_1_patched_2025-06-16_1day,/home/hku_user3/EnergyBridge/benchmark_results/vpp_patch_2026-07-15/_batch_logs/daily_dr_memory_tianjin_1day/household_s2_multigeneration_caregiver_no_dr_tianjin_d16_hist_d16_1_patched_2025-06-16_1day.log,/home/hku_user3/EnergyBridge/benchmark_results/vpp_patch_2026-07-15/household_s2_multigeneration_caregiver_no_dr_tianjin_d16_hist_d16_1_patched_2025-06-16_1day/run_summary.txt,0,62.036393,62.036393,53.776878,1.323279,normalized TOU cost/kWh,/home/hku_user3/EnergyBridge/experiments/real_data/tianjin_tou_price_normalized.csv,6.6347,6.6347,1.0,1.0,,0.0,1.0,[],"['dishwasher', 'dryer', 'ev', 'washer', 'water_heater']",[],matched,household_s2_multigeneration_caregiver|tianjin|1days|2025-06-16|no_dr,/home/hku_user3/EnergyBridge/benchmark_results/vpp_patch_2026-07-15/household_s2_multigeneration_caregiver_no_dr_tianjin_d16_hist_d16_1_patched_2025-06-16_1day/benchmark_result.json,no_dr_counterfactual_event_window_energy,1,6.6347,6.6347,6.6347,6.6347,0.0,0.0,0.0,0.0,0.0,no_dr_counterfactual_baseline
household_s2_multigeneration_caregiver,household_s2_multigeneration_caregiver,no_dr,Germany,1,2025-06-17,d17_hist_d17_1,hist_d17_1,17,/home/hku_user3/EnergyBridge/experiments/real_data/germany_2025_price.csv,18.0,1.0,/home/hku_user3/EnergyBridge/benchmark_results/vpp_patch_2026-07-15/_batch_logs/daily_event_configs/d17_hist_d17_1.json,skipped_done,0,0.0,/home/hku_user3/EnergyBridge/benchmark_results/vpp_patch_2026-07-15/household_s2_multigeneration_caregiver_no_dr_germany_d17_hist_d17_1_2025-06-17_1day,/home/hku_user3/EnergyBridge/benchmark_results/vpp_patch_2026-07-15/_batch_logs/daily_dr_memory_germany_1day/household_s2_multigeneration_caregiver_no_dr_germany_d17_hist_d17_1_2025-06-17_1day.log,/home/hku_user3/EnergyBridge/benchmark_results/vpp_patch_2026-07-15/household_s2_multigeneration_caregiver_no_dr_germany_d17_hist_d17_1_2025-06-17_1day/run_summary.txt,0,42.304925,42.304925,17.899196,0.101807,EUR/kWh,D:\Pycharm_project\PycharmProjects\EnergyBridge\experiments\real_data\germany_2025_price.csv,10.7643,10.7643,1.0,1.0,,0.0,1.0,[],"['dishwasher', 'dryer', 'ev', 'washer', 'water_heater']",[],matched,household_s2_multigeneration_caregiver|germany|1days|2025-06-17|no_dr,/home/hku_user3/EnergyBridge/benchmark_results/vpp_patch_2026-07-15/household_s2_multigeneration_caregiver_no_dr_germany_d17_hist_d17_1_2025-06-17_1day/benchmark_result.json,no_dr_counterfactual_event_window_energy,1,10.7643,10.7643,10.7643,10.7643,0.0,0.0,0.0,0.0,0.0,no_dr_counterfactual_baseline
household_s4_ev_commuter_flexible,household_s4_ev_commuter_flexible,EnergyBridge,Tianjin,1,2025-06-16,d16_hist_d16_1_patched,hist_d16_1_patched,16,/home/hku_user3/EnergyBridge/experiments/real_data/tianjin_tou_price_normalized.csv,18.0,1.0,/home/hku_user3/EnergyBridge/benchmark_results/vpp_patch_2026-07-15/_batch_logs/daily_event_configs/d16_hist_d16_1_patched.json,skipped_done,0,0.0,/home/hku_user3/EnergyBridge/benchmark_results/vpp_patch_2026-07-15/household_s4_ev_commuter_flexible_EnergyBridge_tianjin_d16_hist_d16_1_patched_2025-06-16_1day,/home/hku_user3/EnergyBridge/benchmark_results/vpp_patch_2026-07-15/_batch_logs/daily_dr_memory_tianjin_1day/household_s4_ev_commuter_flexible_EnergyBridge_tianjin_d16_hist_d16_1_patched_2025-06-16_1day.log,/home/hku_user3/EnergyBridge/benchmark_results/vpp_patch_2026-07-15/household_s4_ev_commuter_flexible_EnergyBridge_tianjin_d16_hist_d16_1_patched_2025-06-16_1day/run_summary.txt,0,62.828609,62.828609,62.730052,1.37597,normalized TOU cost/kWh,/home/hku_user3/EnergyBridge/experiments/real_data/tianjin_tou_price_normalized.csv,2.6423,2.6423,1.0,1.0,4.5,1.0,1.0,"['dishwasher', 'dryer', 'ev', 'washer', 'water_heater']",[],[],matched,household_s4_ev_commuter_flexible|tianjin|1days|2025-06-16|no_dr,/home/hku_user3/EnergyBridge/benchmark_results/vpp_patch_2026-07-15/household_s4_ev_commuter_flexible_no_dr_tianjin_d16_hist_d16_1_patched_2025-06-16_1day/benchmark_result.json,no_dr_counterfactual_event_window_energy,1,6.5809,2.6423,6.5809,6.5809,3.9386,3.9386,0.59849,3.9386,3.9386,no_dr_counterfactual_baseline
household_s3_hybrid_work_from_home,household_s3_hybrid_work_from_home,no_dr,Germany,1,2025-06-17,d17_hist_d17_1,hist_d17_1,17,/home/hku_user3/EnergyBridge/experiments/real_data/germany_2025_price.csv,18.0,1.0,/home/hku_user3/EnergyBridge/benchmark_results/vpp_patch_2026-07-15/_batch_logs/daily_event_configs/d17_hist_d17_1.json,skipped_done,0,0.0,/home/hku_user3/EnergyBridge/benchmark_results/vpp_patch_2026-07-15/household_s3_hybrid_work_from_home_no_dr_germany_d17_hist_d17_1_2025-06-17_1day,/home/hku_user3/EnergyBridge/benchmark_results/vpp_patch_2026-07-15/_batch_logs/daily_dr_memory_germany_1day/household_s3_hybrid_work_from_home_no_dr_germany_d17_hist_d17_1_2025-06-17_1day.log,/home/hku_user3/EnergyBridge/benchmark_results/vpp_patch_2026-07-15/household_s3_hybrid_work_from_home_no_dr_germany_d17_hist_d17_1_2025-06-17_1day/run_summary.txt,0,43.595023,43.595023,18.134689,0.10227,EUR/kWh,D:\Pycharm_project\PycharmProjects\EnergyBridge\experiments\real_data\germany_2025_price.csv,10.7377,10.7377,1.0,1.0,,0.0,0.8,[],"['dishwasher', 'dryer', 'ev', 'washer', 'water_heater']",[],matched,household_s3_hybrid_work_from_home|germany|1days|2025-06-17|no_dr,/home/hku_user3/EnergyBridge/benchmark_results/vpp_patch_2026-07-15/household_s3_hybrid_work_from_home_no_dr_germany_d17_hist_d17_1_2025-06-17_1day/benchmark_result.json,no_dr_counterfactual_event_window_energy,1,10.7377,10.7377,10.7377,10.7377,0.0,0.0,0.0,0.0,0.0,no_dr_counterfactual_baseline
household_s5_shared_roommates_irregular,household_s5_shared_roommates_irregular,EnergyBridge,Tianjin,1,2025-06-16,d16_hist_d16_1_patched,hist_d16_1_patched,16,/home/hku_user3/EnergyBridge/experiments/real_data/tianjin_tou_price_normalized.csv,18.0,1.0,/home/hku_user3/EnergyBridge/benchmark_results/vpp_patch_2026-07-15/_batch_logs/daily_event_configs/d16_hist_d16_1_patched.json,skipped_done,0,0.0,/home/hku_user3/EnergyBridge/benchmark_results/vpp_patch_2026-07-15/household_s5_shared_roommates_irregular_EnergyBridge_tianjin_d16_hist_d16_1_patched_2025-06-16_1day,/home/hku_user3/EnergyBridge/benchmark_results/vpp_patch_2026-07-15/_batch_logs/daily_dr_memory_tianjin_1day/household_s5_shared_roommates_irregular_EnergyBridge_tianjin_d16_hist_d16_1_patched_2025-06-16_1day.log,/home/hku_user3/EnergyBridge/benchmark_results/vpp_patch_2026-07-15/household_s5_shared_roommates_irregular_EnergyBridge_tianjin_d16_hist_d16_1_patched_2025-06-16_1day/run_summary.txt,0,60.294867,60.294867,58.116372,1.35603,normalized TOU cost/kWh,/home/hku_user3/EnergyBridge/experiments/real_data/tianjin_tou_price_normalized.csv,2.6385,2.6385,1.0,1.0,4.0,1.0,1.0,"['dishwasher', 'dryer', 'ev', 'washer', 'water_heater']",[],[],matched,household_s5_shared_roommates_irregular|tianjin|1days|2025-06-16|no_dr,/home/hku_user3/EnergyBridge/benchmark_results/vpp_patch_2026-07-15/household_s5_shared_roommates_irregular_no_dr_tianjin_d16_hist_d16_1_patched_2025-06-16_1day/benchmark_result.json,no_dr_counterfactual_event_window_energy,1,6.5809,2.6385,6.5809,6.5809,3.9424,3.9424,0.599067,3.9424,3.9424,no_dr_counterfactual_baseline
household_s3_hybrid_work_from_home,household_s3_hybrid_work_from_home,EnergyBridge,Tianjin,1,2025-06-16,d16_hist_d16_1_patched,hist_d16_1_patched,16,/home/hku_user3/EnergyBridge/experiments/real_data/tianjin_tou_price_normalized.csv,18.0,1.0,/home/hku_user3/EnergyBridge/benchmark_results/vpp_patch_2026-07-15/_batch_logs/daily_event_configs/d16_hist_d16_1_patched.json,skipped_done,0,0.0,/home/hku_user3/EnergyBridge/benchmark_results/vpp_patch_2026-07-15/household_s3_hybrid_work_from_home_EnergyBridge_tianjin_d16_hist_d16_1_patched_2025-06-16_1day,/home/hku_user3/EnergyBridge/benchmark_results/vpp_patch_2026-07-15/_batch_logs/daily_dr_memory_tianjin_1day/household_s3_hybrid_work_from_home_EnergyBridge_tianjin_d16_hist_d16_1_patched_2025-06-16_1day.log,/home/hku_user3/EnergyBridge/benchmark_results/vpp_patch_2026-07-15/household_s3_hybrid_work_from_home_EnergyBridge_tianjin_d16_hist_d16_1_patched_2025-06-16_1day/run_summary.txt,0,55.144187,55.144187,59.984195,1.340019,normalized TOU cost/kWh,/home/hku_user3/EnergyBridge/experiments/real_data/tianjin_tou_price_normalized.csv,1.8669,1.8669,1.0,1.0,4.0,1.0,1.0,"['dishwasher', 'dryer', 'ev', 'washer', 'water_heater']",[],[],matched,household_s3_hybrid_work_from_home|tianjin|1days|2025-06-16|no_dr,/home/hku_user3/EnergyBridge/benchmark_results/vpp_patch_2026-07-15/household_s3_hybrid_work_from_home_no_dr_tianjin_d16_hist_d16_1_patched_2025-06-16_1day/benchmark_result.json,no_dr_counterfactual_event_window_energy,1,6.5832,1.8669,6.5832,6.5832,4.7163,4.7163,0.716415,4.7163,4.7163,no_dr_counterfactual_baseline
household_s4_ev_commuter_flexible,household_s4_ev_commuter_flexible,no_dr,Germany,1,2025-06-17,d17_hist_d17_1,hist_d17_1,17,/home/hku_user3/EnergyBridge/experiments/real_data/germany_2025_price.csv,18.0,1.0,/home/hku_user3/EnergyBridge/benchmark_results/vpp_patch_2026-07-15/_batch_logs/daily_event_configs/d17_hist_d17_1.json,skipped_done,0,0.0,/home/hku_user3/EnergyBridge/benchmark_results/vpp_patch_2026-07-15/household_s4_ev_commuter_flexible_no_dr_germany_d17_hist_d17_1_2025-06-17_1day,/home/hku_user3/EnergyBridge/benchmark_results/vpp_patch_2026-07-15/_batch_logs/daily_dr_memory_germany_1day/household_s4_ev_commuter_flexible_no_dr_germany_d17_hist_d17_1_2025-06-17_1day.log,/home/hku_user3/EnergyBridge/benchmark_results/vpp_patch_2026-07-15/household_s4_ev_commuter_flexible_no_dr_germany_d17_hist_d17_1_2025-06-17_1day/run_summary.txt,0,47.424272,47.424272,18.647212,0.102699,EUR/kWh,D:\Pycharm_project\PycharmProjects\EnergyBridge\experiments\real_data\germany_2025_price.csv,10.7269,10.7269,1.0,1.0,,0.0,1.0,[],"['dishwasher', 'dryer', 'ev', 'washer', 'water_heater']",[],matched,household_s4_ev_commuter_flexible|germany|1days|2025-06-17|no_dr,/home/hku_user3/EnergyBridge/benchmark_results/vpp_patch_2026-07-15/household_s4_ev_commuter_flexible_no_dr_germany_d17_hist_d17_1_2025-06-17_1day/benchmark_result.json,no_dr_counterfactual_event_window_energy,1,10.7269,10.7269,10.7269,10.7269,0.0,0.0,0.0,0.0,0.0,no_dr_counterfactual_baseline
household_s1_dual_commuter_standard,household_s1_dual_commuter_standard,EnergyBridge,Germany,1,2025-06-17,d17_hist_d17_1,hist_d17_1,17,/home/hku_user3/EnergyBridge/experiments/real_data/germany_2025_price.csv,18.0,1.0,/home/hku_user3/EnergyBridge/benchmark_results/vpp_patch_2026-07-15/_batch_logs/daily_event_configs/d17_hist_d17_1.json,skipped_done,0,0.0,/home/hku_user3/EnergyBridge/benchmark_results/vpp_patch_2026-07-15/household_s1_dual_commuter_standard_EnergyBridge_germany_d17_hist_d17_1_2025-06-17_1day,/home/hku_user3/EnergyBridge/benchmark_results/vpp_patch_2026-07-15/_batch_logs/daily_dr_memory_germany_1day/household_s1_dual_commuter_standard_EnergyBridge_germany_d17_hist_d17_1_2025-06-17_1day.log,/home/hku_user3/EnergyBridge/benchmark_results/vpp_patch_2026-07-15/household_s1_dual_commuter_standard_EnergyBridge_germany_d17_hist_d17_1_2025-06-17_1day/run_summary.txt,0,60.123673,60.123673,17.090024,0.095703,EUR/kWh,D:\Pycharm_project\PycharmProjects\EnergyBridge\experiments\real_data\germany_2025_price.csv,7.2133,7.2133,0.0,0.0,2.25,1.0,1.0,"['dishwasher', 'dryer', 'ev', 'washer', 'water_heater']",[],[],matched,household_s1_dual_commuter_standard|germany|1days|2025-06-17|no_dr,/home/hku_user3/EnergyBridge/benchmark_results/vpp_patch_2026-07-15/household_s1_dual_commuter_standard_no_dr_germany_d17_hist_d17_1_2025-06-17_1day/benchmark_result.json,no_dr_counterfactual_event_window_energy,1,10.7269,7.2133,10.7269,10.7269,3.5136,3.5136,0.32755,3.5136,3.5136,no_dr_counterfactual_baseline
household_s5_shared_roommates_irregular,household_s5_shared_roommates_irregular,no_dr,Germany,1,2025-06-17,d17_hist_d17_1,hist_d17_1,17,/home/hku_user3/EnergyBridge/experiments/real_data/germany_2025_price.csv,18.0,1.0,/home/hku_user3/EnergyBridge/benchmark_results/vpp_patch_2026-07-15/_batch_logs/daily_event_configs/d17_hist_d17_1.json,skipped_done,0,0.0,/home/hku_user3/EnergyBridge/benchmark_results/vpp_patch_2026-07-15/household_s5_shared_roommates_irregular_no_dr_germany_d17_hist_d17_1_2025-06-17_1day,/home/hku_user3/EnergyBridge/benchmark_results/vpp_patch_2026-07-15/_batch_logs/daily_dr_memory_germany_1day/household_s5_shared_roommates_irregular_no_dr_germany_d17_hist_d17_1_2025-06-17_1day.log,/home/hku_user3/EnergyBridge/benchmark_results/vpp_patch_2026-07-15/household_s5_shared_roommates_irregular_no_dr_germany_d17_hist_d17_1_2025-06-17_1day/run_summary.txt,0,43.343113,43.343113,18.139842,0.102202,EUR/kWh,D:\Pycharm_project\PycharmProjects\EnergyBridge\experiments\real_data\germany_2025_price.csv,10.7269,10.7269,1.0,1.0,,0.0,1.0,[],"['dishwasher', 'dryer', 'ev', 'washer', 'water_heater']",[],matched,household_s5_shared_roommates_irregular|germany|1days|2025-06-17|no_dr,/home/hku_user3/EnergyBridge/benchmark_results/vpp_patch_2026-07-15/household_s5_shared_roommates_irregular_no_dr_germany_d17_hist_d17_1_2025-06-17_1day/benchmark_result.json,no_dr_counterfactual_event_window_energy,1,10.7269,10.7269,10.7269,10.7269,0.0,0.0,0.0,0.0,0.0,no_dr_counterfactual_baseline
household_s1_dual_commuter_standard,household_s1_dual_commuter_standard,no_dr,Tianjin,1,2025-06-17,d17_hist_d17_1,hist_d17_1,17,/home/hku_user3/EnergyBridge/experiments/real_data/tianjin_tou_price_normalized.csv,18.0,1.0,/home/hku_user3/EnergyBridge/benchmark_results/vpp_patch_2026-07-15/_batch_logs/daily_event_configs/d17_hist_d17_1.json,skipped_done,0,0.0,/home/hku_user3/EnergyBridge/benchmark_results/vpp_patch_2026-07-15/household_s1_dual_commuter_standard_no_dr_tianjin_d17_hist_d17_1_2025-06-17_1day,/home/hku_user3/EnergyBridge/benchmark_results/vpp_patch_2026-07-15/_batch_logs/daily_dr_memory_tianjin_1day/household_s1_dual_commuter_standard_no_dr_tianjin_d17_hist_d17_1_2025-06-17_1day.log,/home/hku_user3/EnergyBridge/benchmark_results/vpp_patch_2026-07-15/household_s1_dual_commuter_standard_no_dr_tianjin_d17_hist_d17_1_2025-06-17_1day/run_summary.txt,0,52.184438,52.184438,67.498509,1.375824,normalized TOU cost/kWh,D:\Pycharm_project\PycharmProjects\EnergyBridge\experiments\real_data\tianjin_tou_price_normalized.csv,4.836,4.836,1.0,1.0,,0.0,1.0,[],"['dishwasher', 'dryer', 'ev', 'washer', 'water_heater']",[],matched,household_s1_dual_commuter_standard|tianjin|1days|2025-06-17|no_dr,/home/hku_user3/EnergyBridge/benchmark_results/vpp_patch_2026-07-15/household_s1_dual_commuter_standard_no_dr_tianjin_d17_hist_d17_1_2025-06-17_1day/benchmark_result.json,no_dr_counterfactual_event_window_energy,1,4.836,4.836,4.836,4.836,0.0,0.0,0.0,0.0,0.0,no_dr_counterfactual_baseline
household_s3_hybrid_work_from_home,household_s3_hybrid_work_from_home,EnergyBridge,Germany,1,2025-06-17,d17_hist_d17_1,hist_d17_1,17,/home/hku_user3/EnergyBridge/experiments/real_data/germany_2025_price.csv,18.0,1.0,/home/hku_user3/EnergyBridge/benchmark_results/vpp_patch_2026-07-15/_batch_logs/daily_event_configs/d17_hist_d17_1.json,skipped_done,0,0.0,/home/hku_user3/EnergyBridge/benchmark_results/vpp_patch_2026-07-15/household_s3_hybrid_work_from_home_EnergyBridge_germany_d17_hist_d17_1_2025-06-17_1day,/home/hku_user3/EnergyBridge/benchmark_results/vpp_patch_2026-07-15/_batch_logs/daily_dr_memory_germany_1day/household_s3_hybrid_work_from_home_EnergyBridge_germany_d17_hist_d17_1_2025-06-17_1day.log,/home/hku_user3/EnergyBridge/benchmark_results/vpp_patch_2026-07-15/household_s3_hybrid_work_from_home_EnergyBridge_germany_d17_hist_d17_1_2025-06-17_1day/run_summary.txt,0,46.603823,46.603823,16.040707,0.091714,EUR/kWh,D:\Pycharm_project\PycharmProjects\EnergyBridge\experiments\real_data\germany_2025_price.csv,6.4861,6.4861,1.0,1.0,4.0,1.0,1.0,"['dishwasher', 'dryer', 'ev', 'washer', 'water_heater']",[],[],matched,household_s3_hybrid_work_from_home|germany|1days|2025-06-17|no_dr,/home/hku_user3/EnergyBridge/benchmark_results/vpp_patch_2026-07-15/household_s3_hybrid_work_from_home_no_dr_germany_d17_hist_d17_1_2025-06-17_1day/benchmark_result.json,no_dr_counterfactual_event_window_energy,1,10.7377,6.4861,10.7377,10.7377,4.2516,4.2516,0.395951,4.2516,4.2516,no_dr_counterfactual_baseline
household_s2_multigeneration_caregiver,household_s2_multigeneration_caregiver,EnergyBridge,Germany,1,2025-06-17,d17_hist_d17_1,hist_d17_1,17,/home/hku_user3/EnergyBridge/experiments/real_data/germany_2025_price.csv,18.0,1.0,/home/hku_user3/EnergyBridge/benchmark_results/vpp_patch_2026-07-15/_batch_logs/daily_event_configs/d17_hist_d17_1.json,skipped_done,0,0.0,/home/hku_user3/EnergyBridge/benchmark_results/vpp_patch_2026-07-15/household_s2_multigeneration_caregiver_EnergyBridge_germany_d17_hist_d17_1_2025-06-17_1day,/home/hku_user3/EnergyBridge/benchmark_results/vpp_patch_2026-07-15/_batch_logs/daily_dr_memory_germany_1day/household_s2_multigeneration_caregiver_EnergyBridge_germany_d17_hist_d17_1_2025-06-17_1day.log,/home/hku_user3/EnergyBridge/benchmark_results/vpp_patch_2026-07-15/household_s2_multigeneration_caregiver_EnergyBridge_germany_d17_hist_d17_1_2025-06-17_1day/run_summary.txt,0,45.490105,45.490105,15.780028,0.090726,EUR/kWh,D:\Pycharm_project\PycharmProjects\EnergyBridge\experiments\real_data\germany_2025_price.csv,6.6187,6.6187,1.0,1.0,4.0,1.0,1.0,"['dishwasher', 'dryer', 'ev', 'washer', 'water_heater']",[],[],matched,household_s2_multigeneration_caregiver|germany|1days|2025-06-17|no_dr,/home/hku_user3/EnergyBridge/benchmark_results/vpp_patch_2026-07-15/household_s2_multigeneration_caregiver_no_dr_germany_d17_hist_d17_1_2025-06-17_1day/benchmark_result.json,no_dr_counterfactual_event_window_energy,1,10.7643,6.6187,10.7643,10.7643,4.1456,4.1456,0.385125,4.1456,4.1456,no_dr_counterfactual_baseline
household_s5_shared_roommates_irregular,household_s5_shared_roommates_irregular,EnergyBridge,Germany,1,2025-06-17,d17_hist_d17_1,hist_d17_1,17,/home/hku_user3/EnergyBridge/experiments/real_data/germany_2025_price.csv,18.0,1.0,/home/hku_user3/EnergyBridge/benchmark_results/vpp_patch_2026-07-15/_batch_logs/daily_event_configs/d17_hist_d17_1.json,skipped_done,0,0.0,/home/hku_user3/EnergyBridge/benchmark_results/vpp_patch_2026-07-15/household_s5_shared_roommates_irregular_EnergyBridge_germany_d17_hist_d17_1_2025-06-17_1day,/home/hku_user3/EnergyBridge/benchmark_results/vpp_patch_2026-07-15/_batch_logs/daily_dr_memory_germany_1day/household_s5_shared_roommates_irregular_EnergyBridge_germany_d17_hist_d17_1_2025-06-17_1day.log,/home/hku_user3/EnergyBridge/benchmark_results/vpp_patch_2026-07-15/household_s5_shared_roommates_irregular_EnergyBridge_germany_d17_hist_d17_1_2025-06-17_1day/run_summary.txt,0,49.672136,49.672136,16.127065,0.092655,EUR/kWh,D:\Pycharm_project\PycharmProjects\EnergyBridge\experiments\real_data\germany_2025_price.csv,7.0914,7.0914,1.0,1.0,4.25,1.0,1.0,"['dishwasher', 'dryer', 'ev', 'washer', 'water_heater']",[],[],matched,household_s5_shared_roommates_irregular|germany|1days|2025-06-17|no_dr,/home/hku_user3/EnergyBridge/benchmark_results/vpp_patch_2026-07-15/household_s5_shared_roommates_irregular_no_dr_germany_d17_hist_d17_1_2025-06-17_1day/benchmark_result.json,no_dr_counterfactual_event_window_energy,1,10.7269,7.0914,10.7269,10.7269,3.6355,3.6355,0.338914,3.6355,3.6355,no_dr_counterfactual_baseline
household_s3_hybrid_work_from_home,household_s3_hybrid_work_from_home,no_dr,Tianjin,1,2025-06-17,d17_hist_d17_1,hist_d17_1,17,/home/hku_user3/EnergyBridge/experiments/real_data/tianjin_tou_price_normalized.csv,18.0,1.0,/home/hku_user3/EnergyBridge/benchmark_results/vpp_patch_2026-07-15/_batch_logs/daily_event_configs/d17_hist_d17_1.json,skipped_done,0,0.0,/home/hku_user3/EnergyBridge/benchmark_results/vpp_patch_2026-07-15/household_s3_hybrid_work_from_home_no_dr_tianjin_d17_hist_d17_1_2025-06-17_1day,/home/hku_user3/EnergyBridge/benchmark_results/vpp_patch_2026-07-15/_batch_logs/daily_dr_memory_tianjin_1day/household_s3_hybrid_work_from_home_no_dr_tianjin_d17_hist_d17_1_2025-06-17_1day.log,/home/hku_user3/EnergyBridge/benchmark_results/vpp_patch_2026-07-15/household_s3_hybrid_work_from_home_no_dr_tianjin_d17_hist_d17_1_2025-06-17_1day/run_summary.txt,0,50.480443,50.480443,64.707967,1.366409,normalized TOU cost/kWh,D:\Pycharm_project\PycharmProjects\EnergyBridge\experiments\real_data\tianjin_tou_price_normalized.csv,4.8363,4.8363,1.0,1.0,,0.0,0.8,[],"['dishwasher', 'dryer', 'ev', 'washer', 'water_heater']",[],matched,household_s3_hybrid_work_from_home|tianjin|1days|2025-06-17|no_dr,/home/hku_user3/EnergyBridge/benchmark_results/vpp_patch_2026-07-15/household_s3_hybrid_work_from_home_no_dr_tianjin_d17_hist_d17_1_2025-06-17_1day/benchmark_result.json,no_dr_counterfactual_event_window_energy,1,4.8363,4.8363,4.8363,4.8363,0.0,0.0,0.0,0.0,0.0,no_dr_counterfactual_baseline
household_s1_dual_commuter_standard,household_s1_dual_commuter_standard,EnergyBridge,Tianjin,1,2025-06-17,d17_hist_d17_1,hist_d17_1,17,/home/hku_user3/EnergyBridge/experiments/real_data/tianjin_tou_price_normalized.csv,18.0,1.0,/home/hku_user3/EnergyBridge/benchmark_results/vpp_patch_2026-07-15/_batch_logs/daily_event_configs/d17_hist_d17_1.json,skipped_done,0,0.0,/home/hku_user3/EnergyBridge/benchmark_results/vpp_patch_2026-07-15/household_s1_dual_commuter_standard_EnergyBridge_tianjin_d17_hist_d17_1_2025-06-17_1day,/home/hku_user3/EnergyBridge/benchmark_results/vpp_patch_2026-07-15/_batch_logs/daily_dr_memory_tianjin_1day/household_s1_dual_commuter_standard_EnergyBridge_tianjin_d17_hist_d17_1_2025-06-17_1day.log,/home/hku_user3/EnergyBridge/benchmark_results/vpp_patch_2026-07-15/household_s1_dual_commuter_standard_EnergyBridge_tianjin_d17_hist_d17_1_2025-06-17_1day/run_summary.txt,0,52.339952,52.339952,56.141174,1.302901,normalized TOU cost/kWh,D:\Pycharm_project\PycharmProjects\EnergyBridge\experiments\real_data\tianjin_tou_price_normalized.csv,1.7026,1.7026,1.0,1.0,4.25,1.0,1.0,"['dishwasher', 'dryer', 'ev', 'washer', 'water_heater']",[],[],matched,household_s1_dual_commuter_standard|tianjin|1days|2025-06-17|no_dr,/home/hku_user3/EnergyBridge/benchmark_results/vpp_patch_2026-07-15/household_s1_dual_commuter_standard_no_dr_tianjin_d17_hist_d17_1_2025-06-17_1day/benchmark_result.json,no_dr_counterfactual_event_window_energy,1,4.836,1.7026,4.836,4.836,3.1334,3.1334,0.647932,3.1334,3.1334,no_dr_counterfactual_baseline
household_s2_multigeneration_caregiver,household_s2_multigeneration_caregiver,EnergyBridge,Tianjin,1,2025-06-17,d17_hist_d17_1,hist_d17_1,17,/home/hku_user3/EnergyBridge/experiments/real_data/tianjin_tou_price_normalized.csv,18.0,1.0,/home/hku_user3/EnergyBridge/benchmark_results/vpp_patch_2026-07-15/_batch_logs/daily_event_configs/d17_hist_d17_1.json,skipped_done,0,0.0,/home/hku_user3/EnergyBridge/benchmark_results/vpp_patch_2026-07-15/household_s2_multigeneration_caregiver_EnergyBridge_tianjin_d17_hist_d17_1_2025-06-17_1day,/home/hku_user3/EnergyBridge/benchmark_results/vpp_patch_2026-07-15/_batch_logs/daily_dr_memory_tianjin_1day/household_s2_multigeneration_caregiver_EnergyBridge_tianjin_d17_hist_d17_1_2025-06-17_1day.log,/home/hku_user3/EnergyBridge/benchmark_results/vpp_patch_2026-07-15/household_s2_multigeneration_caregiver_EnergyBridge_tianjin_d17_hist_d17_1_2025-06-17_1day/run_summary.txt,0,49.33505,49.33505,55.274181,1.268188,normalized TOU cost/kWh,D:\Pycharm_project\PycharmProjects\EnergyBridge\experiments\real_data\tianjin_tou_price_normalized.csv,1.776,1.776,1.0,1.0,4.2,1.0,1.0,"['dishwasher', 'dryer', 'ev', 'washer', 'water_heater']",[],[],matched,household_s2_multigeneration_caregiver|tianjin|1days|2025-06-17|no_dr,/home/hku_user3/EnergyBridge/benchmark_results/vpp_patch_2026-07-15/household_s2_multigeneration_caregiver_no_dr_tianjin_d17_hist_d17_1_2025-06-17_1day/benchmark_result.json,no_dr_counterfactual_event_window_energy,1,4.9005,1.776,4.9005,4.9005,3.1245,3.1245,0.637588,3.1245,3.1245,no_dr_counterfactual_baseline
household_s4_ev_commuter_flexible,household_s4_ev_commuter_flexible,no_dr,Tianjin,1,2025-06-17,d17_hist_d17_1,hist_d17_1,17,/home/hku_user3/EnergyBridge/experiments/real_data/tianjin_tou_price_normalized.csv,18.0,1.0,/home/hku_user3/EnergyBridge/benchmark_results/vpp_patch_2026-07-15/_batch_logs/daily_event_configs/d17_hist_d17_1.json,skipped_done,0,0.0,/home/hku_user3/EnergyBridge/benchmark_results/vpp_patch_2026-07-15/household_s4_ev_commuter_flexible_no_dr_tianjin_d17_hist_d17_1_2025-06-17_1day,/home/hku_user3/EnergyBridge/benchmark_results/vpp_patch_2026-07-15/_batch_logs/daily_dr_memory_tianjin_1day/household_s4_ev_commuter_flexible_no_dr_tianjin_d17_hist_d17_1_2025-06-17_1day.log,/home/hku_user3/EnergyBridge/benchmark_results/vpp_patch_2026-07-15/household_s4_ev_commuter_flexible_no_dr_tianjin_d17_hist_d17_1_2025-06-17_1day/run_summary.txt,0,54.225018,54.225018,70.763437,1.384776,normalized TOU cost/kWh,D:\Pycharm_project\PycharmProjects\EnergyBridge\experiments\real_data\tianjin_tou_price_normalized.csv,4.836,4.836,1.0,1.0,,0.0,1.0,[],"['dishwasher', 'dryer', 'ev', 'washer', 'water_heater']",[],matched,household_s4_ev_commuter_flexible|tianjin|1days|2025-06-17|no_dr,/home/hku_user3/EnergyBridge/benchmark_results/vpp_patch_2026-07-15/household_s4_ev_commuter_flexible_no_dr_tianjin_d17_hist_d17_1_2025-06-17_1day/benchmark_result.json,no_dr_counterfactual_event_window_energy,1,4.836,4.836,4.836,4.836,0.0,0.0,0.0,0.0,0.0,no_dr_counterfactual_baseline
household_s2_multigeneration_caregiver,household_s2_multigeneration_caregiver,no_dr,Tianjin,1,2025-06-17,d17_hist_d17_1,hist_d17_1,17,/home/hku_user3/EnergyBridge/experiments/real_data/tianjin_tou_price_normalized.csv,18.0,1.0,/home/hku_user3/EnergyBridge/benchmark_results/vpp_patch_2026-07-15/_batch_logs/daily_event_configs/d17_hist_d17_1.json,skipped_done,0,0.0,/home/hku_user3/EnergyBridge/benchmark_results/vpp_patch_2026-07-15/household_s2_multigeneration_caregiver_no_dr_tianjin_d17_hist_d17_1_2025-06-17_1day,/home/hku_user3/EnergyBridge/benchmark_results/vpp_patch_2026-07-15/_batch_logs/daily_dr_memory_tianjin_1day/household_s2_multigeneration_caregiver_no_dr_tianjin_d17_hist_d17_1_2025-06-17_1day.log,/home/hku_user3/EnergyBridge/benchmark_results/vpp_patch_2026-07-15/household_s2_multigeneration_caregiver_no_dr_tianjin_d17_hist_d17_1_2025-06-17_1day/run_summary.txt,0,49.828603,49.828603,62.592518,1.347272,normalized TOU cost/kWh,D:\Pycharm_project\PycharmProjects\EnergyBridge\experiments\real_data\tianjin_tou_price_normalized.csv,4.9005,4.9005,1.0,1.0,,0.0,1.0,[],"['dishwasher', 'dryer', 'ev', 'washer', 'water_heater']",[],matched,household_s2_multigeneration_caregiver|tianjin|1days|2025-06-17|no_dr,/home/hku_user3/EnergyBridge/benchmark_results/vpp_patch_2026-07-15/household_s2_multigeneration_caregiver_no_dr_tianjin_d17_hist_d17_1_2025-06-17_1day/benchmark_result.json,no_dr_counterfactual_event_window_energy,1,4.9005,4.9005,4.9005,4.9005,0.0,0.0,0.0,0.0,0.0,no_dr_counterfactual_baseline
household_s3_hybrid_work_from_home,household_s3_hybrid_work_from_home,EnergyBridge,Tianjin,1,2025-06-17,d17_hist_d17_1,hist_d17_1,17,/home/hku_user3/EnergyBridge/experiments/real_data/tianjin_tou_price_normalized.csv,18.0,1.0,/home/hku_user3/EnergyBridge/benchmark_results/vpp_patch_2026-07-15/_batch_logs/daily_event_configs/d17_hist_d17_1.json,skipped_done,0,0.0,/home/hku_user3/EnergyBridge/benchmark_results/vpp_patch_2026-07-15/household_s3_hybrid_work_from_home_EnergyBridge_tianjin_d17_hist_d17_1_2025-06-17_1day,/home/hku_user3/EnergyBridge/benchmark_results/vpp_patch_2026-07-15/_batch_logs/daily_dr_memory_tianjin_1day/household_s3_hybrid_work_from_home_EnergyBridge_tianjin_d17_hist_d17_1_2025-06-17_1day.log,/home/hku_user3/EnergyBridge/benchmark_results/vpp_patch_2026-07-15/household_s3_hybrid_work_from_home_EnergyBridge_tianjin_d17_hist_d17_1_2025-06-17_1day/run_summary.txt,0,48.674657,48.674657,57.188317,1.325435,normalized TOU cost/kWh,D:\Pycharm_project\PycharmProjects\EnergyBridge\experiments\real_data\tianjin_tou_price_normalized.csv,1.2499,1.2499,1.0,1.0,4.333,1.0,1.0,"['dishwasher', 'dryer', 'ev', 'washer', 'water_heater']",[],[],matched,household_s3_hybrid_work_from_home|tianjin|1days|2025-06-17|no_dr,/home/hku_user3/EnergyBridge/benchmark_results/vpp_patch_2026-07-15/household_s3_hybrid_work_from_home_no_dr_tianjin_d17_hist_d17_1_2025-06-17_1day/benchmark_result.json,no_dr_counterfactual_event_window_energy,1,4.8363,1.2499,4.8363,4.8363,3.5864,3.5864,0.741559,3.5864,3.5864,no_dr_counterfactual_baseline
household_s1_dual_commuter_standard,household_s1_dual_commuter_standard,no_dr,Germany,1,2025-06-18,d18_hist_d18_1_patched,hist_d18_1_patched,18,/home/hku_user3/EnergyBridge/experiments/real_data/germany_2025_price.csv,18.0,1.0,/home/hku_user3/EnergyBridge/benchmark_results/vpp_patch_2026-07-15/_batch_logs/daily_event_configs/d18_hist_d18_1_patched.json,skipped_done,0,0.0,/home/hku_user3/EnergyBridge/benchmark_results/vpp_patch_2026-07-15/household_s1_dual_commuter_standard_no_dr_germany_d18_hist_d18_1_patched_2025-06-18_1day,/home/hku_user3/EnergyBridge/benchmark_results/vpp_patch_2026-07-15/_batch_logs/daily_dr_memory_germany_1day/household_s1_dual_commuter_standard_no_dr_germany_d18_hist_d18_1_patched_2025-06-18_1day.log,/home/hku_user3/EnergyBridge/benchmark_results/vpp_patch_2026-07-15/household_s1_dual_commuter_standard_no_dr_germany_d18_hist_d18_1_patched_2025-06-18_1day/run_summary.txt,0,47.162257,47.162257,15.811752,0.086954,EUR/kWh,/home/hku_user3/EnergyBridge/experiments/real_data/germany_2025_price.csv,10.8145,10.8145,1.0,1.0,,0.0,1.0,[],"['dishwasher', 'dryer', 'ev', 'washer', 'water_heater']",[],matched,household_s1_dual_commuter_standard|germany|1days|2025-06-18|no_dr,/home/hku_user3/EnergyBridge/benchmark_results/vpp_patch_2026-07-15/household_s1_dual_commuter_standard_no_dr_germany_d18_hist_d18_1_patched_2025-06-18_1day/benchmark_result.json,no_dr_counterfactual_event_window_energy,1,10.8145,10.8145,10.8145,10.8145,0.0,0.0,0.0,0.0,0.0,no_dr_counterfactual_baseline
household_s5_shared_roommates_irregular,household_s5_shared_roommates_irregular,no_dr,Tianjin,1,2025-06-17,d17_hist_d17_1,hist_d17_1,17,/home/hku_user3/EnergyBridge/experiments/real_data/tianjin_tou_price_normalized.csv,18.0,1.0,/home/hku_user3/EnergyBridge/benchmark_results/vpp_patch_2026-07-15/_batch_logs/daily_event_configs/d17_hist_d17_1.json,skipped_done,0,0.0,/home/hku_user3/EnergyBridge/benchmark_results/vpp_patch_2026-07-15/household_s5_shared_roommates_irregular_no_dr_tianjin_d17_hist_d17_1_2025-06-17_1day,/home/hku_user3/EnergyBridge/benchmark_results/vpp_patch_2026-07-15/_batch_logs/daily_dr_memory_tianjin_1day/household_s5_shared_roommates_irregular_no_dr_tianjin_d17_hist_d17_1_2025-06-17_1day.log,/home/hku_user3/EnergyBridge/benchmark_results/vpp_patch_2026-07-15/household_s5_shared_roommates_irregular_no_dr_tianjin_d17_hist_d17_1_2025-06-17_1day/run_summary.txt,0,50.143859,50.143859,64.233581,1.366096,normalized TOU cost/kWh,D:\Pycharm_project\PycharmProjects\EnergyBridge\experiments\real_data\tianjin_tou_price_normalized.csv,4.836,4.836,1.0,1.0,,0.0,1.0,[],"['dishwasher', 'dryer', 'ev', 'washer', 'water_heater']",[],matched,household_s5_shared_roommates_irregular|tianjin|1days|2025-06-17|no_dr,/home/hku_user3/EnergyBridge/benchmark_results/vpp_patch_2026-07-15/household_s5_shared_roommates_irregular_no_dr_tianjin_d17_hist_d17_1_2025-06-17_1day/benchmark_result.json,no_dr_counterfactual_event_window_energy,1,4.836,4.836,4.836,4.836,0.0,0.0,0.0,0.0,0.0,no_dr_counterfactual_baseline
household_s2_multigeneration_caregiver,household_s2_multigeneration_caregiver,no_dr,Germany,1,2025-06-18,d18_hist_d18_1_patched,hist_d18_1_patched,18,/home/hku_user3/EnergyBridge/experiments/real_data/germany_2025_price.csv,18.0,1.0,/home/hku_user3/EnergyBridge/benchmark_results/vpp_patch_2026-07-15/_batch_logs/daily_event_configs/d18_hist_d18_1_patched.json,skipped_done,0,0.0,/home/hku_user3/EnergyBridge/benchmark_results/vpp_patch_2026-07-15/household_s2_multigeneration_caregiver_no_dr_germany_d18_hist_d18_1_patched_2025-06-18_1day,/home/hku_user3/EnergyBridge/benchmark_results/vpp_patch_2026-07-15/_batch_logs/daily_dr_memory_germany_1day/household_s2_multigeneration_caregiver_no_dr_germany_d18_hist_d18_1_patched_2025-06-18_1day.log,/home/hku_user3/EnergyBridge/benchmark_results/vpp_patch_2026-07-15/household_s2_multigeneration_caregiver_no_dr_germany_d18_hist_d18_1_patched_2025-06-18_1day/run_summary.txt,0,44.109337,44.109337,15.374881,0.086284,EUR/kWh,/home/hku_user3/EnergyBridge/experiments/real_data/germany_2025_price.csv,10.852,10.852,1.0,1.0,,0.0,1.0,[],"['dishwasher', 'dryer', 'ev', 'washer', 'water_heater']",[],matched,household_s2_multigeneration_caregiver|germany|1days|2025-06-18|no_dr,/home/hku_user3/EnergyBridge/benchmark_results/vpp_patch_2026-07-15/household_s2_multigeneration_caregiver_no_dr_germany_d18_hist_d18_1_patched_2025-06-18_1day/benchmark_result.json,no_dr_counterfactual_event_window_energy,1,10.852,10.852,10.852,10.852,0.0,0.0,0.0,0.0,0.0,no_dr_counterfactual_baseline
household_s4_ev_commuter_flexible,household_s4_ev_commuter_flexible,EnergyBridge,Tianjin,1,2025-06-17,d17_hist_d17_1,hist_d17_1,17,/home/hku_user3/EnergyBridge/experiments/real_data/tianjin_tou_price_normalized.csv,18.0,1.0,/home/hku_user3/EnergyBridge/benchmark_results/vpp_patch_2026-07-15/_batch_logs/daily_event_configs/d17_hist_d17_1.json,skipped_done,0,0.0,/home/hku_user3/EnergyBridge/benchmark_results/vpp_patch_2026-07-15/household_s4_ev_commuter_flexible_EnergyBridge_tianjin_d17_hist_d17_1_2025-06-17_1day,/home/hku_user3/EnergyBridge/benchmark_results/vpp_patch_2026-07-15/_batch_logs/daily_dr_memory_tianjin_1day/household_s4_ev_commuter_flexible_EnergyBridge_tianjin_d17_hist_d17_1_2025-06-17_1day.log,/home/hku_user3/EnergyBridge/benchmark_results/vpp_patch_2026-07-15/household_s4_ev_commuter_flexible_EnergyBridge_tianjin_d17_hist_d17_1_2025-06-17_1day/run_summary.txt,0,53.041267,53.041267,60.248737,1.336701,normalized TOU cost/kWh,D:\Pycharm_project\PycharmProjects\EnergyBridge\experiments\real_data\tianjin_tou_price_normalized.csv,2.0862,2.0862,1.0,1.0,4.5,1.0,1.0,"['dishwasher', 'dryer', 'ev', 'washer', 'water_heater']",[],[],matched,household_s4_ev_commuter_flexible|tianjin|1days|2025-06-17|no_dr,/home/hku_user3/EnergyBridge/benchmark_results/vpp_patch_2026-07-15/household_s4_ev_commuter_flexible_no_dr_tianjin_d17_hist_d17_1_2025-06-17_1day/benchmark_result.json,no_dr_counterfactual_event_window_energy,1,4.836,2.0862,4.836,4.836,2.7498,2.7498,0.56861,2.7498,2.7498,no_dr_counterfactual_baseline
household_s4_ev_commuter_flexible,household_s4_ev_commuter_flexible,EnergyBridge,Germany,1,2025-06-17,d17_hist_d17_1,hist_d17_1,17,/home/hku_user3/EnergyBridge/experiments/real_data/germany_2025_price.csv,18.0,1.0,/home/hku_user3/EnergyBridge/benchmark_results/vpp_patch_2026-07-15/_batch_logs/daily_event_configs/d17_hist_d17_1.json,skipped_done,0,0.0,/home/hku_user3/EnergyBridge/benchmark_results/vpp_patch_2026-07-15/household_s4_ev_commuter_flexible_EnergyBridge_germany_d17_hist_d17_1_2025-06-17_1day,/home/hku_user3/EnergyBridge/benchmark_results/vpp_patch_2026-07-15/_batch_logs/daily_dr_memory_germany_1day/household_s4_ev_commuter_flexible_EnergyBridge_germany_d17_hist_d17_1_2025-06-17_1day.log,/home/hku_user3/EnergyBridge/benchmark_results/vpp_patch_2026-07-15/household_s4_ev_commuter_flexible_EnergyBridge_germany_d17_hist_d17_1_2025-06-17_1day/run_summary.txt,0,53.753296,53.753296,16.698172,0.093738,EUR/kWh,D:\Pycharm_project\PycharmProjects\EnergyBridge\experiments\real_data\germany_2025_price.csv,7.0914,7.0914,1.0,1.0,4.5,1.0,1.0,"['dishwasher', 'dryer', 'ev', 'washer', 'water_heater']",[],[],matched,household_s4_ev_commuter_flexible|germany|1days|2025-06-17|no_dr,/home/hku_user3/EnergyBridge/benchmark_results/vpp_patch_2026-07-15/household_s4_ev_commuter_flexible_no_dr_germany_d17_hist_d17_1_2025-06-17_1day/benchmark_result.json,no_dr_counterfactual_event_window_energy,1,10.7269,7.0914,10.7269,10.7269,3.6355,3.6355,0.338914,3.6355,3.6355,no_dr_counterfactual_baseline
household_s3_hybrid_work_from_home,household_s3_hybrid_work_from_home,no_dr,Germany,1,2025-06-18,d18_hist_d18_1_patched,hist_d18_1_patched,18,/home/hku_user3/EnergyBridge/experiments/real_data/germany_2025_price.csv,18.0,1.0,/home/hku_user3/EnergyBridge/benchmark_results/vpp_patch_2026-07-15/_batch_logs/daily_event_configs/d18_hist_d18_1_patched.json,skipped_done,0,0.0,/home/hku_user3/EnergyBridge/benchmark_results/vpp_patch_2026-07-15/household_s3_hybrid_work_from_home_no_dr_germany_d18_hist_d18_1_patched_2025-06-18_1day,/home/hku_user3/EnergyBridge/benchmark_results/vpp_patch_2026-07-15/_batch_logs/daily_dr_memory_germany_1day/household_s3_hybrid_work_from_home_no_dr_germany_d18_hist_d18_1_patched_2025-06-18_1day.log,/home/hku_user3/EnergyBridge/benchmark_results/vpp_patch_2026-07-15/household_s3_hybrid_work_from_home_no_dr_germany_d18_hist_d18_1_patched_2025-06-18_1day/run_summary.txt,0,45.378265,45.378265,15.578021,0.086719,EUR/kWh,/home/hku_user3/EnergyBridge/experiments/real_data/germany_2025_price.csv,10.8246,10.8246,1.0,1.0,,0.0,0.8,[],"['dishwasher', 'dryer', 'ev', 'washer', 'water_heater']",[],matched,household_s3_hybrid_work_from_home|germany|1days|2025-06-18|no_dr,/home/hku_user3/EnergyBridge/benchmark_results/vpp_patch_2026-07-15/household_s3_hybrid_work_from_home_no_dr_germany_d18_hist_d18_1_patched_2025-06-18_1day/benchmark_result.json,no_dr_counterfactual_event_window_energy,1,10.8246,10.8246,10.8246,10.8246,0.0,0.0,0.0,0.0,0.0,no_dr_counterfactual_baseline
household_s1_dual_commuter_standard,household_s1_dual_commuter_standard,EnergyBridge,Germany,1,2025-06-18,d18_hist_d18_1_patched,hist_d18_1_patched,18,/home/hku_user3/EnergyBridge/experiments/real_data/germany_2025_price.csv,18.0,1.0,/home/hku_user3/EnergyBridge/benchmark_results/vpp_patch_2026-07-15/_batch_logs/daily_event_configs/d18_hist_d18_1_patched.json,skipped_done,0,0.0,/home/hku_user3/EnergyBridge/benchmark_results/vpp_patch_2026-07-15/household_s1_dual_commuter_standard_EnergyBridge_germany_d18_hist_d18_1_patched_2025-06-18_1day,/home/hku_user3/EnergyBridge/benchmark_results/vpp_patch_2026-07-15/_batch_logs/daily_dr_memory_germany_1day/household_s1_dual_commuter_standard_EnergyBridge_germany_d18_hist_d18_1_patched_2025-06-18_1day.log,/home/hku_user3/EnergyBridge/benchmark_results/vpp_patch_2026-07-15/household_s1_dual_commuter_standard_EnergyBridge_germany_d18_hist_d18_1_patched_2025-06-18_1day/run_summary.txt,0,49.75706,49.75706,14.623368,0.082195,EUR/kWh,/home/hku_user3/EnergyBridge/experiments/real_data/germany_2025_price.csv,7.2201,7.2201,1.0,1.0,4.0,1.0,1.0,"['dishwasher', 'dryer', 'ev', 'washer', 'water_heater']",[],[],matched,household_s1_dual_commuter_standard|germany|1days|2025-06-18|no_dr,/home/hku_user3/EnergyBridge/benchmark_results/vpp_patch_2026-07-15/household_s1_dual_commuter_standard_no_dr_germany_d18_hist_d18_1_patched_2025-06-18_1day/benchmark_result.json,no_dr_counterfactual_event_window_energy,1,10.8145,7.2201,10.8145,10.8145,3.5944,3.5944,0.332369,3.5944,3.5944,no_dr_counterfactual_baseline
household_s4_ev_commuter_flexible,household_s4_ev_commuter_flexible,no_dr,Germany,1,2025-06-18,d18_hist_d18_1_patched,hist_d18_1_patched,18,/home/hku_user3/EnergyBridge/experiments/real_data/germany_2025_price.csv,18.0,1.0,/home/hku_user3/EnergyBridge/benchmark_results/vpp_patch_2026-07-15/_batch_logs/daily_event_configs/d18_hist_d18_1_patched.json,skipped_done,0,0.0,/home/hku_user3/EnergyBridge/benchmark_results/vpp_patch_2026-07-15/household_s4_ev_commuter_flexible_no_dr_germany_d18_hist_d18_1_patched_2025-06-18_1day,/home/hku_user3/EnergyBridge/benchmark_results/vpp_patch_2026-07-15/_batch_logs/daily_dr_memory_germany_1day/household_s4_ev_commuter_flexible_no_dr_germany_d18_hist_d18_1_patched_2025-06-18_1day.log,/home/hku_user3/EnergyBridge/benchmark_results/vpp_patch_2026-07-15/household_s4_ev_commuter_flexible_no_dr_germany_d18_hist_d18_1_patched_2025-06-18_1day/run_summary.txt,0,49.202837,49.202837,16.040868,0.087235,EUR/kWh,/home/hku_user3/EnergyBridge/experiments/real_data/germany_2025_price.csv,10.8145,10.8145,1.0,1.0,,0.0,1.0,[],"['dishwasher', 'dryer', 'ev', 'washer', 'water_heater']",[],matched,household_s4_ev_commuter_flexible|germany|1days|2025-06-18|no_dr,/home/hku_user3/EnergyBridge/benchmark_results/vpp_patch_2026-07-15/household_s4_ev_commuter_flexible_no_dr_germany_d18_hist_d18_1_patched_2025-06-18_1day/benchmark_result.json,no_dr_counterfactual_event_window_energy,1,10.8145,10.8145,10.8145,10.8145,0.0,0.0,0.0,0.0,0.0,no_dr_counterfactual_baseline
household_s5_shared_roommates_irregular,household_s5_shared_roommates_irregular,no_dr,Germany,1,2025-06-18,d18_hist_d18_1_patched,hist_d18_1_patched,18,/home/hku_user3/EnergyBridge/experiments/real_data/germany_2025_price.csv,18.0,1.0,/home/hku_user3/EnergyBridge/benchmark_results/vpp_patch_2026-07-15/_batch_logs/daily_event_configs/d18_hist_d18_1_patched.json,skipped_done,0,0.0,/home/hku_user3/EnergyBridge/benchmark_results/vpp_patch_2026-07-15/household_s5_shared_roommates_irregular_no_dr_germany_d18_hist_d18_1_patched_2025-06-18_1day,/home/hku_user3/EnergyBridge/benchmark_results/vpp_patch_2026-07-15/_batch_logs/daily_dr_memory_germany_1day/household_s5_shared_roommates_irregular_no_dr_germany_d18_hist_d18_1_patched_2025-06-18_1day.log,/home/hku_user3/EnergyBridge/benchmark_results/vpp_patch_2026-07-15/household_s5_shared_roommates_irregular_no_dr_germany_d18_hist_d18_1_patched_2025-06-18_1day/run_summary.txt,0,45.121678,45.121678,15.582636,0.086666,EUR/kWh,/home/hku_user3/EnergyBridge/experiments/real_data/germany_2025_price.csv,10.8145,10.8145,1.0,1.0,,0.0,1.0,[],"['dishwasher', 'dryer', 'ev', 'washer', 'water_heater']",[],matched,household_s5_shared_roommates_irregular|germany|1days|2025-06-18|no_dr,/home/hku_user3/EnergyBridge/benchmark_results/vpp_patch_2026-07-15/household_s5_shared_roommates_irregular_no_dr_germany_d18_hist_d18_1_patched_2025-06-18_1day/benchmark_result.json,no_dr_counterfactual_event_window_energy,1,10.8145,10.8145,10.8145,10.8145,0.0,0.0,0.0,0.0,0.0,no_dr_counterfactual_baseline
household_s4_ev_commuter_flexible,household_s4_ev_commuter_flexible,EnergyBridge,Germany,1,2025-06-18,d18_hist_d18_1_patched,hist_d18_1_patched,18,/home/hku_user3/EnergyBridge/experiments/real_data/germany_2025_price.csv,18.0,1.0,/home/hku_user3/EnergyBridge/benchmark_results/vpp_patch_2026-07-15/_batch_logs/daily_event_configs/d18_hist_d18_1_patched.json,skipped_done,0,0.0,/home/hku_user3/EnergyBridge/benchmark_results/vpp_patch_2026-07-15/household_s4_ev_commuter_flexible_EnergyBridge_germany_d18_hist_d18_1_patched_2025-06-18_1day,/home/hku_user3/EnergyBridge/benchmark_results/vpp_patch_2026-07-15/_batch_logs/daily_dr_memory_germany_1day/household_s4_ev_commuter_flexible_EnergyBridge_germany_d18_hist_d18_1_patched_2025-06-18_1day.log,/home/hku_user3/EnergyBridge/benchmark_results/vpp_patch_2026-07-15/household_s4_ev_commuter_flexible_EnergyBridge_germany_d18_hist_d18_1_patched_2025-06-18_1day/run_summary.txt,0,51.797639,51.797639,14.924975,0.082939,EUR/kWh,/home/hku_user3/EnergyBridge/experiments/real_data/germany_2025_price.csv,7.2201,7.2201,1.0,1.0,4.25,1.0,1.0,"['dishwasher', 'dryer', 'ev', 'washer', 'water_heater']",[],[],matched,household_s4_ev_commuter_flexible|germany|1days|2025-06-18|no_dr,/home/hku_user3/EnergyBridge/benchmark_results/vpp_patch_2026-07-15/household_s4_ev_commuter_flexible_no_dr_germany_d18_hist_d18_1_patched_2025-06-18_1day/benchmark_result.json,no_dr_counterfactual_event_window_energy,1,10.8145,7.2201,10.8145,10.8145,3.5944,3.5944,0.332369,3.5944,3.5944,no_dr_counterfactual_baseline
household_s5_shared_roommates_irregular,household_s5_shared_roommates_irregular,EnergyBridge,Germany,1,2025-06-18,d18_hist_d18_1_patched,hist_d18_1_patched,18,/home/hku_user3/EnergyBridge/experiments/real_data/germany_2025_price.csv,18.0,1.0,/home/hku_user3/EnergyBridge/benchmark_results/vpp_patch_2026-07-15/_batch_logs/daily_event_configs/d18_hist_d18_1_patched.json,skipped_done,0,0.0,/home/hku_user3/EnergyBridge/benchmark_results/vpp_patch_2026-07-15/household_s5_shared_roommates_irregular_EnergyBridge_germany_d18_hist_d18_1_patched_2025-06-18_1day,/home/hku_user3/EnergyBridge/benchmark_results/vpp_patch_2026-07-15/_batch_logs/daily_dr_memory_germany_1day/household_s5_shared_roommates_irregular_EnergyBridge_germany_d18_hist_d18_1_patched_2025-06-18_1day.log,/home/hku_user3/EnergyBridge/benchmark_results/vpp_patch_2026-07-15/household_s5_shared_roommates_irregular_EnergyBridge_germany_d18_hist_d18_1_patched_2025-06-18_1day/run_summary.txt,0,47.71648,47.71648,14.404536,0.081905,EUR/kWh,/home/hku_user3/EnergyBridge/experiments/real_data/germany_2025_price.csv,7.2201,7.2201,1.0,1.0,4.25,1.0,1.0,"['dishwasher', 'dryer', 'ev', 'washer', 'water_heater']",[],[],matched,household_s5_shared_roommates_irregular|germany|1days|2025-06-18|no_dr,/home/hku_user3/EnergyBridge/benchmark_results/vpp_patch_2026-07-15/household_s5_shared_roommates_irregular_no_dr_germany_d18_hist_d18_1_patched_2025-06-18_1day/benchmark_result.json,no_dr_counterfactual_event_window_energy,1,10.8145,7.2201,10.8145,10.8145,3.5944,3.5944,0.332369,3.5944,3.5944,no_dr_counterfactual_baseline
household_s1_dual_commuter_standard,household_s1_dual_commuter_standard,no_dr,Tianjin,1,2025-06-18,d18_hist_d18_1_patched,hist_d18_1_patched,18,/home/hku_user3/EnergyBridge/experiments/real_data/tianjin_tou_price_normalized.csv,18.0,1.0,/home/hku_user3/EnergyBridge/benchmark_results/vpp_patch_2026-07-15/_batch_logs/daily_event_configs/d18_hist_d18_1_patched.json,skipped_done,0,0.0,/home/hku_user3/EnergyBridge/benchmark_results/vpp_patch_2026-07-15/household_s1_dual_commuter_standard_no_dr_tianjin_d18_hist_d18_1_patched_2025-06-18_1day,/home/hku_user3/EnergyBridge/benchmark_results/vpp_patch_2026-07-15/_batch_logs/daily_dr_memory_tianjin_1day/household_s1_dual_commuter_standard_no_dr_tianjin_d18_hist_d18_1_patched_2025-06-18_1day.log,/home/hku_user3/EnergyBridge/benchmark_results/vpp_patch_2026-07-15/household_s1_dual_commuter_standard_no_dr_tianjin_d18_hist_d18_1_patched_2025-06-18_1day/run_summary.txt,0,57.717006,57.717006,57.812208,1.326112,normalized TOU cost/kWh,/home/hku_user3/EnergyBridge/experiments/real_data/tianjin_tou_price_normalized.csv,5.8301,5.8301,1.0,1.0,,0.0,1.0,[],"['dishwasher', 'dryer', 'ev', 'washer', 'water_heater']",[],matched,household_s1_dual_commuter_standard|tianjin|1days|2025-06-18|no_dr,/home/hku_user3/EnergyBridge/benchmark_results/vpp_patch_2026-07-15/household_s1_dual_commuter_standard_no_dr_tianjin_d18_hist_d18_1_patched_2025-06-18_1day/benchmark_result.json,no_dr_counterfactual_event_window_energy,1,5.8301,5.8301,5.8301,5.8301,0.0,0.0,0.0,0.0,0.0,no_dr_counterfactual_baseline
household_s2_multigeneration_caregiver,household_s2_multigeneration_caregiver,no_dr,Tianjin,1,2025-06-18,d18_hist_d18_1_patched,hist_d18_1_patched,18,/home/hku_user3/EnergyBridge/experiments/real_data/tianjin_tou_price_normalized.csv,18.0,1.0,/home/hku_user3/EnergyBridge/benchmark_results/vpp_patch_2026-07-15/_batch_logs/daily_event_configs/d18_hist_d18_1_patched.json,skipped_done,0,0.0,/home/hku_user3/EnergyBridge/benchmark_results/vpp_patch_2026-07-15/household_s2_multigeneration_caregiver_no_dr_tianjin_d18_hist_d18_1_patched_2025-06-18_1day,/home/hku_user3/EnergyBridge/benchmark_results/vpp_patch_2026-07-15/_batch_logs/daily_dr_memory_tianjin_1day/household_s2_multigeneration_caregiver_no_dr_tianjin_d18_hist_d18_1_patched_2025-06-18_1day.log,/home/hku_user3/EnergyBridge/benchmark_results/vpp_patch_2026-07-15/household_s2_multigeneration_caregiver_no_dr_tianjin_d18_hist_d18_1_patched_2025-06-18_1day/run_summary.txt,0,57.493969,57.493969,57.630048,1.310599,normalized TOU cost/kWh,/home/hku_user3/EnergyBridge/experiments/real_data/tianjin_tou_price_normalized.csv,5.8865,5.8865,1.0,1.0,,0.0,1.0,[],"['dishwasher', 'dryer', 'ev', 'washer', 'water_heater']",[],matched,household_s2_multigeneration_caregiver|tianjin|1days|2025-06-18|no_dr,/home/hku_user3/EnergyBridge/benchmark_results/vpp_patch_2026-07-15/household_s2_multigeneration_caregiver_no_dr_tianjin_d18_hist_d18_1_patched_2025-06-18_1day/benchmark_result.json,no_dr_counterfactual_event_window_energy,1,5.8865,5.8865,5.8865,5.8865,0.0,0.0,0.0,0.0,0.0,no_dr_counterfactual_baseline
household_s2_multigeneration_caregiver,household_s2_multigeneration_caregiver,EnergyBridge,Germany,1,2025-06-18,d18_hist_d18_1_patched,hist_d18_1_patched,18,/home/hku_user3/EnergyBridge/experiments/real_data/germany_2025_price.csv,18.0,1.0,/home/hku_user3/EnergyBridge/benchmark_results/vpp_patch_2026-07-15/_batch_logs/daily_event_configs/d18_hist_d18_1_patched.json,skipped_done,0,0.0,/home/hku_user3/EnergyBridge/benchmark_results/vpp_patch_2026-07-15/household_s2_multigeneration_caregiver_EnergyBridge_germany_d18_hist_d18_1_patched_2025-06-18_1day,/home/hku_user3/EnergyBridge/benchmark_results/vpp_patch_2026-07-15/_batch_logs/daily_dr_memory_germany_1day/household_s2_multigeneration_caregiver_EnergyBridge_germany_d18_hist_d18_1_patched_2025-06-18_1day.log,/home/hku_user3/EnergyBridge/benchmark_results/vpp_patch_2026-07-15/household_s2_multigeneration_caregiver_EnergyBridge_germany_d18_hist_d18_1_patched_2025-06-18_1day/run_summary.txt,0,46.113939,46.113939,14.187113,0.080582,EUR/kWh,/home/hku_user3/EnergyBridge/experiments/real_data/germany_2025_price.csv,6.7013,6.7013,1.0,1.0,4.2,1.0,1.0,"['dishwasher', 'dryer', 'ev', 'washer', 'water_heater']",[],[],matched,household_s2_multigeneration_caregiver|germany|1days|2025-06-18|no_dr,/home/hku_user3/EnergyBridge/benchmark_results/vpp_patch_2026-07-15/household_s2_multigeneration_caregiver_no_dr_germany_d18_hist_d18_1_patched_2025-06-18_1day/benchmark_result.json,no_dr_counterfactual_event_window_energy,1,10.852,6.7013,10.852,10.852,4.1507,4.1507,0.382482,4.1507,4.1507,no_dr_counterfactual_baseline
household_s3_hybrid_work_from_home,household_s3_hybrid_work_from_home,EnergyBridge,Germany,1,2025-06-18,d18_hist_d18_1_patched,hist_d18_1_patched,18,/home/hku_user3/EnergyBridge/experiments/real_data/germany_2025_price.csv,18.0,1.0,/home/hku_user3/EnergyBridge/benchmark_results/vpp_patch_2026-07-15/_batch_logs/daily_event_configs/d18_hist_d18_1_patched.json,skipped_done,0,0.0,/home/hku_user3/EnergyBridge/benchmark_results/vpp_patch_2026-07-15/household_s3_hybrid_work_from_home_EnergyBridge_germany_d18_hist_d18_1_patched_2025-06-18_1day,/home/hku_user3/EnergyBridge/benchmark_results/vpp_patch_2026-07-15/_batch_logs/daily_dr_memory_germany_1day/household_s3_hybrid_work_from_home_EnergyBridge_germany_d18_hist_d18_1_patched_2025-06-18_1day.log,/home/hku_user3/EnergyBridge/benchmark_results/vpp_patch_2026-07-15/household_s3_hybrid_work_from_home_EnergyBridge_germany_d18_hist_d18_1_patched_2025-06-18_1day/run_summary.txt,0,44.157412,44.157412,14.374227,0.081246,EUR/kWh,/home/hku_user3/EnergyBridge/experiments/real_data/germany_2025_price.csv,6.5828,6.5828,1.0,1.0,4.0,1.0,1.0,"['dishwasher', 'dryer', 'ev', 'washer', 'water_heater']",[],[],matched,household_s3_hybrid_work_from_home|germany|1days|2025-06-18|no_dr,/home/hku_user3/EnergyBridge/benchmark_results/vpp_patch_2026-07-15/household_s3_hybrid_work_from_home_no_dr_germany_d18_hist_d18_1_patched_2025-06-18_1day/benchmark_result.json,no_dr_counterfactual_event_window_energy,1,10.8246,6.5828,10.8246,10.8246,4.2418,4.2418,0.391867,4.2418,4.2418,no_dr_counterfactual_baseline
household_s5_shared_roommates_irregular,household_s5_shared_roommates_irregular,EnergyBridge,Tianjin,1,2025-06-17,d17_hist_d17_1,hist_d17_1,17,/home/hku_user3/EnergyBridge/experiments/real_data/tianjin_tou_price_normalized.csv,18.0,1.0,/home/hku_user3/EnergyBridge/benchmark_results/vpp_patch_2026-07-15/_batch_logs/daily_event_configs/d17_hist_d17_1.json,skipped_done,0,0.0,/home/hku_user3/EnergyBridge/benchmark_results/vpp_patch_2026-07-15/household_s5_shared_roommates_irregular_EnergyBridge_tianjin_d17_hist_d17_1_2025-06-17_1day,/home/hku_user3/EnergyBridge/benchmark_results/vpp_patch_2026-07-15/_batch_logs/daily_dr_memory_tianjin_1day/household_s5_shared_roommates_irregular_EnergyBridge_tianjin_d17_hist_d17_1_2025-06-17_1day.log,/home/hku_user3/EnergyBridge/benchmark_results/vpp_patch_2026-07-15/household_s5_shared_roommates_irregular_EnergyBridge_tianjin_d17_hist_d17_1_2025-06-17_1day/run_summary.txt,0,50.299372,50.299372,54.100594,1.317958,normalized TOU cost/kWh,D:\Pycharm_project\PycharmProjects\EnergyBridge\experiments\real_data\tianjin_tou_price_normalized.csv,1.7026,1.7026,1.0,1.0,4.0,1.0,1.0,"['dishwasher', 'dryer', 'ev', 'washer', 'water_heater']",[],[],matched,household_s5_shared_roommates_irregular|tianjin|1days|2025-06-17|no_dr,/home/hku_user3/EnergyBridge/benchmark_results/vpp_patch_2026-07-15/household_s5_shared_roommates_irregular_no_dr_tianjin_d17_hist_d17_1_2025-06-17_1day/benchmark_result.json,no_dr_counterfactual_event_window_energy,1,4.836,1.7026,4.836,4.836,3.1334,3.1334,0.647932,3.1334,3.1334,no_dr_counterfactual_baseline
household_s3_hybrid_work_from_home,household_s3_hybrid_work_from_home,no_dr,Tianjin,1,2025-06-18,d18_hist_d18_1_patched,hist_d18_1_patched,18,/home/hku_user3/EnergyBridge/experiments/real_data/tianjin_tou_price_normalized.csv,18.0,1.0,/home/hku_user3/EnergyBridge/benchmark_results/vpp_patch_2026-07-15/_batch_logs/daily_event_configs/d18_hist_d18_1_patched.json,skipped_done,0,0.0,/home/hku_user3/EnergyBridge/benchmark_results/vpp_patch_2026-07-15/household_s3_hybrid_work_from_home_no_dr_tianjin_d18_hist_d18_1_patched_2025-06-18_1day,/home/hku_user3/EnergyBridge/benchmark_results/vpp_patch_2026-07-15/_batch_logs/daily_dr_memory_tianjin_1day/household_s3_hybrid_work_from_home_no_dr_tianjin_d18_hist_d18_1_patched_2025-06-18_1day.log,/home/hku_user3/EnergyBridge/benchmark_results/vpp_patch_2026-07-15/household_s3_hybrid_work_from_home_no_dr_tianjin_d18_hist_d18_1_patched_2025-06-18_1day/run_summary.txt,0,55.730517,55.730517,56.409225,1.319283,normalized TOU cost/kWh,/home/hku_user3/EnergyBridge/experiments/real_data/tianjin_tou_price_normalized.csv,5.8305,5.8305,1.0,1.0,,0.0,0.8,[],"['dishwasher', 'dryer', 'ev', 'washer', 'water_heater']",[],matched,household_s3_hybrid_work_from_home|tianjin|1days|2025-06-18|no_dr,/home/hku_user3/EnergyBridge/benchmark_results/vpp_patch_2026-07-15/household_s3_hybrid_work_from_home_no_dr_tianjin_d18_hist_d18_1_patched_2025-06-18_1day/benchmark_result.json,no_dr_counterfactual_event_window_energy,1,5.8305,5.8305,5.8305,5.8305,0.0,0.0,0.0,0.0,0.0,no_dr_counterfactual_baseline
household_s1_dual_commuter_standard,household_s1_dual_commuter_standard,EnergyBridge,Tianjin,1,2025-06-18,d18_hist_d18_1_patched,hist_d18_1_patched,18,/home/hku_user3/EnergyBridge/experiments/real_data/tianjin_tou_price_normalized.csv,18.0,1.0,/home/hku_user3/EnergyBridge/benchmark_results/vpp_patch_2026-07-15/_batch_logs/daily_event_configs/d18_hist_d18_1_patched.json,skipped_done,0,0.0,/home/hku_user3/EnergyBridge/benchmark_results/vpp_patch_2026-07-15/household_s1_dual_commuter_standard_EnergyBridge_tianjin_d18_hist_d18_1_patched_2025-06-18_1day,/home/hku_user3/EnergyBridge/benchmark_results/vpp_patch_2026-07-15/_batch_logs/daily_dr_memory_tianjin_1day/household_s1_dual_commuter_standard_EnergyBridge_tianjin_d18_hist_d18_1_patched_2025-06-18_1day.log,/home/hku_user3/EnergyBridge/benchmark_results/vpp_patch_2026-07-15/household_s1_dual_commuter_standard_EnergyBridge_tianjin_d18_hist_d18_1_patched_2025-06-18_1day/run_summary.txt,0,54.138772,54.138772,50.919394,1.291996,normalized TOU cost/kWh,/home/hku_user3/EnergyBridge/experiments/real_data/tianjin_tou_price_normalized.csv,1.5297,1.5297,1.0,1.0,4.5,1.0,1.0,"['dishwasher', 'dryer', 'ev', 'washer', 'water_heater']",[],[],matched,household_s1_dual_commuter_standard|tianjin|1days|2025-06-18|no_dr,/home/hku_user3/EnergyBridge/benchmark_results/vpp_patch_2026-07-15/household_s1_dual_commuter_standard_no_dr_tianjin_d18_hist_d18_1_patched_2025-06-18_1day/benchmark_result.json,no_dr_counterfactual_event_window_energy,1,5.8301,1.5297,5.8301,5.8301,4.3004,4.3004,0.73762,4.3004,4.3004,no_dr_counterfactual_baseline
household_s2_multigeneration_caregiver,household_s2_multigeneration_caregiver,EnergyBridge,Tianjin,1,2025-06-18,d18_hist_d18_1_patched,hist_d18_1_patched,18,/home/hku_user3/EnergyBridge/experiments/real_data/tianjin_tou_price_normalized.csv,18.0,1.0,/home/hku_user3/EnergyBridge/benchmark_results/vpp_patch_2026-07-15/_batch_logs/daily_event_configs/d18_hist_d18_1_patched.json,skipped_done,0,0.0,/home/hku_user3/EnergyBridge/benchmark_results/vpp_patch_2026-07-15/household_s2_multigeneration_caregiver_EnergyBridge_tianjin_d18_hist_d18_1_patched_2025-06-18_1day,/home/hku_user3/EnergyBridge/benchmark_results/vpp_patch_2026-07-15/_batch_logs/daily_dr_memory_tianjin_1day/household_s2_multigeneration_caregiver_EnergyBridge_tianjin_d18_hist_d18_1_patched_2025-06-18_1day.log,/home/hku_user3/EnergyBridge/benchmark_results/vpp_patch_2026-07-15/household_s2_multigeneration_caregiver_EnergyBridge_tianjin_d18_hist_d18_1_patched_2025-06-18_1day/run_summary.txt,0,52.585446,52.585446,53.436636,1.232024,normalized TOU cost/kWh,/home/hku_user3/EnergyBridge/experiments/real_data/tianjin_tou_price_normalized.csv,1.6424,1.6424,1.0,1.0,2.0,1.0,0.8,"['dishwasher', 'dryer', 'ev', 'washer', 'water_heater']",[],[],matched,household_s2_multigeneration_caregiver|tianjin|1days|2025-06-18|no_dr,/home/hku_user3/EnergyBridge/benchmark_results/vpp_patch_2026-07-15/household_s2_multigeneration_caregiver_no_dr_tianjin_d18_hist_d18_1_patched_2025-06-18_1day/benchmark_result.json,no_dr_counterfactual_event_window_energy,1,5.8865,1.6424,5.8865,5.8865,4.2441,4.2441,0.720989,4.2441,4.2441,no_dr_counterfactual_baseline
household_s4_ev_commuter_flexible,household_s4_ev_commuter_flexible,no_dr,Tianjin,1,2025-06-18,d18_hist_d18_1_patched,hist_d18_1_patched,18,/home/hku_user3/EnergyBridge/experiments/real_data/tianjin_tou_price_normalized.csv,18.0,1.0,/home/hku_user3/EnergyBridge/benchmark_results/vpp_patch_2026-07-15/_batch_logs/daily_event_configs/d18_hist_d18_1_patched.json,skipped_done,0,0.0,/home/hku_user3/EnergyBridge/benchmark_results/vpp_patch_2026-07-15/household_s4_ev_commuter_flexible_no_dr_tianjin_d18_hist_d18_1_patched_2025-06-18_1day,/home/hku_user3/EnergyBridge/benchmark_results/vpp_patch_2026-07-15/_batch_logs/daily_dr_memory_tianjin_1day/household_s4_ev_commuter_flexible_no_dr_tianjin_d18_hist_d18_1_patched_2025-06-18_1day.log,/home/hku_user3/EnergyBridge/benchmark_results/vpp_patch_2026-07-15/household_s4_ev_commuter_flexible_no_dr_tianjin_d18_hist_d18_1_patched_2025-06-18_1day/run_summary.txt,0,60.050339,60.050339,59.678874,1.33325,normalized TOU cost/kWh,/home/hku_user3/EnergyBridge/experiments/real_data/tianjin_tou_price_normalized.csv,5.8301,5.8301,1.0,1.0,,0.0,1.0,[],"['dishwasher', 'dryer', 'ev', 'washer', 'water_heater']",[],matched,household_s4_ev_commuter_flexible|tianjin|1days|2025-06-18|no_dr,/home/hku_user3/EnergyBridge/benchmark_results/vpp_patch_2026-07-15/household_s4_ev_commuter_flexible_no_dr_tianjin_d18_hist_d18_1_patched_2025-06-18_1day/benchmark_result.json,no_dr_counterfactual_event_window_energy,1,5.8301,5.8301,5.8301,5.8301,0.0,0.0,0.0,0.0,0.0,no_dr_counterfactual_baseline
household_s4_ev_commuter_flexible,household_s4_ev_commuter_flexible,EnergyBridge,Tianjin,1,2025-06-18,d18_hist_d18_1_patched,hist_d18_1_patched,18,/home/hku_user3/EnergyBridge/experiments/real_data/tianjin_tou_price_normalized.csv,18.0,1.0,/home/hku_user3/EnergyBridge/benchmark_results/vpp_patch_2026-07-15/_batch_logs/daily_event_configs/d18_hist_d18_1_patched.json,skipped_done,0,0.0,/home/hku_user3/EnergyBridge/benchmark_results/vpp_patch_2026-07-15/household_s4_ev_commuter_flexible_EnergyBridge_tianjin_d18_hist_d18_1_patched_2025-06-18_1day,/home/hku_user3/EnergyBridge/benchmark_results/vpp_patch_2026-07-15/_batch_logs/daily_dr_memory_tianjin_1day/household_s4_ev_commuter_flexible_EnergyBridge_tianjin_d18_hist_d18_1_patched_2025-06-18_1day.log,/home/hku_user3/EnergyBridge/benchmark_results/vpp_patch_2026-07-15/household_s4_ev_commuter_flexible_EnergyBridge_tianjin_d18_hist_d18_1_patched_2025-06-18_1day/run_summary.txt,0,54.56742,54.56742,45.959267,1.300935,normalized TOU cost/kWh,/home/hku_user3/EnergyBridge/experiments/real_data/tianjin_tou_price_normalized.csv,1.5967,1.5967,1.0,1.0,4.25,1.0,1.0,"['dishwasher', 'dryer', 'ev', 'washer', 'water_heater']",[],[],matched,household_s4_ev_commuter_flexible|tianjin|1days|2025-06-18|no_dr,/home/hku_user3/EnergyBridge/benchmark_results/vpp_patch_2026-07-15/household_s4_ev_commuter_flexible_no_dr_tianjin_d18_hist_d18_1_patched_2025-06-18_1day/benchmark_result.json,no_dr_counterfactual_event_window_energy,1,5.8301,1.5967,5.8301,5.8301,4.2334,4.2334,0.726128,4.2334,4.2334,no_dr_counterfactual_baseline
household_s5_shared_roommates_irregular,household_s5_shared_roommates_irregular,no_dr,Tianjin,1,2025-06-18,d18_hist_d18_1_patched,hist_d18_1_patched,18,/home/hku_user3/EnergyBridge/experiments/real_data/tianjin_tou_price_normalized.csv,18.0,1.0,/home/hku_user3/EnergyBridge/benchmark_results/vpp_patch_2026-07-15/_batch_logs/daily_event_configs/d18_hist_d18_1_patched.json,skipped_done,0,0.0,/home/hku_user3/EnergyBridge/benchmark_results/vpp_patch_2026-07-15/household_s5_shared_roommates_irregular_no_dr_tianjin_d18_hist_d18_1_patched_2025-06-18_1day,/home/hku_user3/EnergyBridge/benchmark_results/vpp_patch_2026-07-15/_batch_logs/daily_dr_memory_tianjin_1day/household_s5_shared_roommates_irregular_no_dr_tianjin_d18_hist_d18_1_patched_2025-06-18_1day.log,/home/hku_user3/EnergyBridge/benchmark_results/vpp_patch_2026-07-15/household_s5_shared_roommates_irregular_no_dr_tianjin_d18_hist_d18_1_patched_2025-06-18_1day/run_summary.txt,0,55.383672,55.383672,55.945541,1.31858,normalized TOU cost/kWh,/home/hku_user3/EnergyBridge/experiments/real_data/tianjin_tou_price_normalized.csv,5.8301,5.8301,1.0,1.0,,0.0,1.0,[],"['dishwasher', 'dryer', 'ev', 'washer', 'water_heater']",[],matched,household_s5_shared_roommates_irregular|tianjin|1days|2025-06-18|no_dr,/home/hku_user3/EnergyBridge/benchmark_results/vpp_patch_2026-07-15/household_s5_shared_roommates_irregular_no_dr_tianjin_d18_hist_d18_1_patched_2025-06-18_1day/benchmark_result.json,no_dr_counterfactual_event_window_energy,1,5.8301,5.8301,5.8301,5.8301,0.0,0.0,0.0,0.0,0.0,no_dr_counterfactual_baseline
household_s3_hybrid_work_from_home,household_s3_hybrid_work_from_home,EnergyBridge,Tianjin,1,2025-06-18,d18_hist_d18_1_patched,hist_d18_1_patched,18,/home/hku_user3/EnergyBridge/experiments/real_data/tianjin_tou_price_normalized.csv,18.0,1.0,/home/hku_user3/EnergyBridge/benchmark_results/vpp_patch_2026-07-15/_batch_logs/daily_event_configs/d18_hist_d18_1_patched.json,skipped_done,0,0.0,/home/hku_user3/EnergyBridge/benchmark_results/vpp_patch_2026-07-15/household_s3_hybrid_work_from_home_EnergyBridge_tianjin_d18_hist_d18_1_patched_2025-06-18_1day,/home/hku_user3/EnergyBridge/benchmark_results/vpp_patch_2026-07-15/_batch_logs/daily_dr_memory_tianjin_1day/household_s3_hybrid_work_from_home_EnergyBridge_tianjin_d18_hist_d18_1_patched_2025-06-18_1day.log,/home/hku_user3/EnergyBridge/benchmark_results/vpp_patch_2026-07-15/household_s3_hybrid_work_from_home_EnergyBridge_tianjin_d18_hist_d18_1_patched_2025-06-18_1day/run_summary.txt,0,54.499911,54.499911,52.259884,1.319854,normalized TOU cost/kWh,/home/hku_user3/EnergyBridge/experiments/real_data/tianjin_tou_price_normalized.csv,1.4124,1.4124,1.0,1.0,4.0,1.0,1.0,"['dishwasher', 'dryer', 'ev', 'washer', 'water_heater']",[],[],matched,household_s3_hybrid_work_from_home|tianjin|1days|2025-06-18|no_dr,/home/hku_user3/EnergyBridge/benchmark_results/vpp_patch_2026-07-15/household_s3_hybrid_work_from_home_no_dr_tianjin_d18_hist_d18_1_patched_2025-06-18_1day/benchmark_result.json,no_dr_counterfactual_event_window_energy,1,5.8305,1.4124,5.8305,5.8305,4.4181,4.4181,0.757757,4.4181,4.4181,no_dr_counterfactual_baseline
household_s1_dual_commuter_standard,household_s1_dual_commuter_standard,no_dr,Germany,1,2025-06-19,d19_hist_d19_1,hist_d19_1,19,/home/hku_user3/EnergyBridge/experiments/real_data/germany_2025_price.csv,18.0,1.0,/home/hku_user3/EnergyBridge/benchmark_results/vpp_patch_2026-07-15/_batch_logs/daily_event_configs/d19_hist_d19_1.json,skipped_done,0,0.0,/home/hku_user3/EnergyBridge/benchmark_results/vpp_patch_2026-07-15/household_s1_dual_commuter_standard_no_dr_germany_d19_hist_d19_1_2025-06-19_1day,/home/hku_user3/EnergyBridge/benchmark_results/vpp_patch_2026-07-15/_batch_logs/daily_dr_memory_germany_1day/household_s1_dual_commuter_standard_no_dr_germany_d19_hist_d19_1_2025-06-19_1day.log,/home/hku_user3/EnergyBridge/benchmark_results/vpp_patch_2026-07-15/household_s1_dual_commuter_standard_no_dr_germany_d19_hist_d19_1_2025-06-19_1day/run_summary.txt,0,53.494689,53.494689,11.27343,0.064317,EUR/kWh,D:\Pycharm_project\PycharmProjects\EnergyBridge\experiments\real_data\germany_2025_price.csv,10.6923,10.6923,1.0,1.0,,0.0,1.0,[],"['dishwasher', 'dryer', 'ev', 'washer', 'water_heater']",[],matched,household_s1_dual_commuter_standard|germany|1days|2025-06-19|no_dr,/home/hku_user3/EnergyBridge/benchmark_results/vpp_patch_2026-07-15/household_s1_dual_commuter_standard_no_dr_germany_d19_hist_d19_1_2025-06-19_1day/benchmark_result.json,no_dr_counterfactual_event_window_energy,1,10.6923,10.6923,10.6923,10.6923,0.0,0.0,0.0,0.0,0.0,no_dr_counterfactual_baseline
household_s3_hybrid_work_from_home,household_s3_hybrid_work_from_home,no_dr,Germany,1,2025-06-19,d19_hist_d19_1,hist_d19_1,19,/home/hku_user3/EnergyBridge/experiments/real_data/germany_2025_price.csv,18.0,1.0,/home/hku_user3/EnergyBridge/benchmark_results/vpp_patch_2026-07-15/_batch_logs/daily_event_configs/d19_hist_d19_1.json,skipped_done,0,0.0,/home/hku_user3/EnergyBridge/benchmark_results/vpp_patch_2026-07-15/household_s3_hybrid_work_from_home_no_dr_germany_d19_hist_d19_1_2025-06-19_1day,/home/hku_user3/EnergyBridge/benchmark_results/vpp_patch_2026-07-15/_batch_logs/daily_dr_memory_germany_1day/household_s3_hybrid_work_from_home_no_dr_germany_d19_hist_d19_1_2025-06-19_1day.log,/home/hku_user3/EnergyBridge/benchmark_results/vpp_patch_2026-07-15/household_s3_hybrid_work_from_home_no_dr_germany_d19_hist_d19_1_2025-06-19_1day/run_summary.txt,0,52.025618,52.025618,11.164507,0.064076,EUR/kWh,D:\Pycharm_project\PycharmProjects\EnergyBridge\experiments\real_data\germany_2025_price.csv,10.7007,10.7007,1.0,1.0,,0.0,0.8,[],"['dishwasher', 'dryer', 'ev', 'washer', 'water_heater']",[],matched,household_s3_hybrid_work_from_home|germany|1days|2025-06-19|no_dr,/home/hku_user3/EnergyBridge/benchmark_results/vpp_patch_2026-07-15/household_s3_hybrid_work_from_home_no_dr_germany_d19_hist_d19_1_2025-06-19_1day/benchmark_result.json,no_dr_counterfactual_event_window_energy,1,10.7007,10.7007,10.7007,10.7007,0.0,0.0,0.0,0.0,0.0,no_dr_counterfactual_baseline
household_s2_multigeneration_caregiver,household_s2_multigeneration_caregiver,no_dr,Germany,1,2025-06-19,d19_hist_d19_1,hist_d19_1,19,/home/hku_user3/EnergyBridge/experiments/real_data/germany_2025_price.csv,18.0,1.0,/home/hku_user3/EnergyBridge/benchmark_results/vpp_patch_2026-07-15/_batch_logs/daily_event_configs/d19_hist_d19_1.json,skipped_done,0,0.0,/home/hku_user3/EnergyBridge/benchmark_results/vpp_patch_2026-07-15/household_s2_multigeneration_caregiver_no_dr_germany_d19_hist_d19_1_2025-06-19_1day,/home/hku_user3/EnergyBridge/benchmark_results/vpp_patch_2026-07-15/_batch_logs/daily_dr_memory_germany_1day/household_s2_multigeneration_caregiver_no_dr_germany_d19_hist_d19_1_2025-06-19_1day.log,/home/hku_user3/EnergyBridge/benchmark_results/vpp_patch_2026-07-15/household_s2_multigeneration_caregiver_no_dr_germany_d19_hist_d19_1_2025-06-19_1day/run_summary.txt,0,50.771738,50.771738,11.067091,0.063652,EUR/kWh,D:\Pycharm_project\PycharmProjects\EnergyBridge\experiments\real_data\germany_2025_price.csv,10.7325,10.7325,1.0,1.0,,0.0,1.0,[],"['dishwasher', 'dryer', 'ev', 'washer', 'water_heater']",[],matched,household_s2_multigeneration_caregiver|germany|1days|2025-06-19|no_dr,/home/hku_user3/EnergyBridge/benchmark_results/vpp_patch_2026-07-15/household_s2_multigeneration_caregiver_no_dr_germany_d19_hist_d19_1_2025-06-19_1day/benchmark_result.json,no_dr_counterfactual_event_window_energy,1,10.7325,10.7325,10.7325,10.7325,0.0,0.0,0.0,0.0,0.0,no_dr_counterfactual_baseline
household_s5_shared_roommates_irregular,household_s5_shared_roommates_irregular,EnergyBridge,Tianjin,1,2025-06-18,d18_hist_d18_1_patched,hist_d18_1_patched,18,/home/hku_user3/EnergyBridge/experiments/real_data/tianjin_tou_price_normalized.csv,18.0,1.0,/home/hku_user3/EnergyBridge/benchmark_results/vpp_patch_2026-07-15/_batch_logs/daily_event_configs/d18_hist_d18_1_patched.json,skipped_done,0,0.0,/home/hku_user3/EnergyBridge/benchmark_results/vpp_patch_2026-07-15/household_s5_shared_roommates_irregular_EnergyBridge_tianjin_d18_hist_d18_1_patched_2025-06-18_1day,/home/hku_user3/EnergyBridge/benchmark_results/vpp_patch_2026-07-15/_batch_logs/daily_dr_memory_tianjin_1day/household_s5_shared_roommates_irregular_EnergyBridge_tianjin_d18_hist_d18_1_patched_2025-06-18_1day.log,/home/hku_user3/EnergyBridge/benchmark_results/vpp_patch_2026-07-15/household_s5_shared_roommates_irregular_EnergyBridge_tianjin_d18_hist_d18_1_patched_2025-06-18_1day/run_summary.txt,0,52.275687,52.275687,49.624265,1.327421,normalized TOU cost/kWh,/home/hku_user3/EnergyBridge/experiments/real_data/tianjin_tou_price_normalized.csv,1.6003,1.6003,1.0,1.0,4.0,1.0,1.0,"['dishwasher', 'dryer', 'ev', 'washer', 'water_heater']",[],[],matched,household_s5_shared_roommates_irregular|tianjin|1days|2025-06-18|no_dr,/home/hku_user3/EnergyBridge/benchmark_results/vpp_patch_2026-07-15/household_s5_shared_roommates_irregular_no_dr_tianjin_d18_hist_d18_1_patched_2025-06-18_1day/benchmark_result.json,no_dr_counterfactual_event_window_energy,1,5.8301,1.6003,5.8301,5.8301,4.2298,4.2298,0.725511,4.2298,4.2298,no_dr_counterfactual_baseline
household_s1_dual_commuter_standard,household_s1_dual_commuter_standard,EnergyBridge,Germany,1,2025-06-19,d19_hist_d19_1,hist_d19_1,19,/home/hku_user3/EnergyBridge/experiments/real_data/germany_2025_price.csv,18.0,1.0,/home/hku_user3/EnergyBridge/benchmark_results/vpp_patch_2026-07-15/_batch_logs/daily_event_configs/d19_hist_d19_1.json,skipped_done,0,0.0,/home/hku_user3/EnergyBridge/benchmark_results/vpp_patch_2026-07-15/household_s1_dual_commuter_standard_EnergyBridge_germany_d19_hist_d19_1_2025-06-19_1day,/home/hku_user3/EnergyBridge/benchmark_results/vpp_patch_2026-07-15/_batch_logs/daily_dr_memory_germany_1day/household_s1_dual_commuter_standard_EnergyBridge_germany_d19_hist_d19_1_2025-06-19_1day.log,/home/hku_user3/EnergyBridge/benchmark_results/vpp_patch_2026-07-15/household_s1_dual_commuter_standard_EnergyBridge_germany_d19_hist_d19_1_2025-06-19_1day/run_summary.txt,0,45.929587,45.929587,10.371082,0.060173,EUR/kWh,D:\Pycharm_project\PycharmProjects\EnergyBridge\experiments\real_data\germany_2025_price.csv,6.9792,6.9792,1.0,1.0,4.25,1.0,1.0,"['dishwasher', 'dryer', 'ev', 'washer', 'water_heater']",[],[],matched,household_s1_dual_commuter_standard|germany|1days|2025-06-19|no_dr,/home/hku_user3/EnergyBridge/benchmark_results/vpp_patch_2026-07-15/household_s1_dual_commuter_standard_no_dr_germany_d19_hist_d19_1_2025-06-19_1day/benchmark_result.json,no_dr_counterfactual_event_window_energy,1,10.6923,6.9792,10.6923,10.6923,3.7131,3.7131,0.347269,3.7131,3.7131,no_dr_counterfactual_baseline
household_s5_shared_roommates_irregular,household_s5_shared_roommates_irregular,no_dr,Germany,1,2025-06-19,d19_hist_d19_1,hist_d19_1,19,/home/hku_user3/EnergyBridge/experiments/real_data/germany_2025_price.csv,18.0,1.0,/home/hku_user3/EnergyBridge/benchmark_results/vpp_patch_2026-07-15/_batch_logs/daily_event_configs/d19_hist_d19_1.json,skipped_done,0,0.0,/home/hku_user3/EnergyBridge/benchmark_results/vpp_patch_2026-07-15/household_s5_shared_roommates_irregular_no_dr_germany_d19_hist_d19_1_2025-06-19_1day,/home/hku_user3/EnergyBridge/benchmark_results/vpp_patch_2026-07-15/_batch_logs/daily_dr_memory_germany_1day/household_s5_shared_roommates_irregular_no_dr_germany_d19_hist_d19_1_2025-06-19_1day.log,/home/hku_user3/EnergyBridge/benchmark_results/vpp_patch_2026-07-15/household_s5_shared_roommates_irregular_no_dr_germany_d19_hist_d19_1_2025-06-19_1day/run_summary.txt,0,51.746863,51.746863,11.163964,0.064012,EUR/kWh,D:\Pycharm_project\PycharmProjects\EnergyBridge\experiments\real_data\germany_2025_price.csv,10.6923,10.6923,1.0,1.0,,0.0,1.0,[],"['dishwasher', 'dryer', 'ev', 'washer', 'water_heater']",[],matched,household_s5_shared_roommates_irregular|germany|1days|2025-06-19|no_dr,/home/hku_user3/EnergyBridge/benchmark_results/vpp_patch_2026-07-15/household_s5_shared_roommates_irregular_no_dr_germany_d19_hist_d19_1_2025-06-19_1day/benchmark_result.json,no_dr_counterfactual_event_window_energy,1,10.6923,10.6923,10.6923,10.6923,0.0,0.0,0.0,0.0,0.0,no_dr_counterfactual_baseline
household_s4_ev_commuter_flexible,household_s4_ev_commuter_flexible,EnergyBridge,Germany,1,2025-06-19,d19_hist_d19_1,hist_d19_1,19,/home/hku_user3/EnergyBridge/experiments/real_data/germany_2025_price.csv,18.0,1.0,/home/hku_user3/EnergyBridge/benchmark_results/vpp_patch_2026-07-15/_batch_logs/daily_event_configs/d19_hist_d19_1.json,skipped_done,0,0.0,/home/hku_user3/EnergyBridge/benchmark_results/vpp_patch_2026-07-15/household_s4_ev_commuter_flexible_EnergyBridge_germany_d19_hist_d19_1_2025-06-19_1day,/home/hku_user3/EnergyBridge/benchmark_results/vpp_patch_2026-07-15/_batch_logs/daily_dr_memory_germany_1day/household_s4_ev_commuter_flexible_EnergyBridge_germany_d19_hist_d19_1_2025-06-19_1day.log,/home/hku_user3/EnergyBridge/benchmark_results/vpp_patch_2026-07-15/household_s4_ev_commuter_flexible_EnergyBridge_germany_d19_hist_d19_1_2025-06-19_1day/run_summary.txt,0,49.136833,49.136833,10.323539,0.060409,EUR/kWh,D:\Pycharm_project\PycharmProjects\EnergyBridge\experiments\real_data\germany_2025_price.csv,6.9792,6.9792,1.0,1.0,4.25,1.0,1.0,"['dishwasher', 'dryer', 'ev', 'washer', 'water_heater']",[],[],matched,household_s4_ev_commuter_flexible|germany|1days|2025-06-19|no_dr,/home/hku_user3/EnergyBridge/benchmark_results/vpp_patch_2026-07-15/household_s4_ev_commuter_flexible_no_dr_germany_d19_hist_d19_1_2025-06-19_1day/benchmark_result.json,no_dr_counterfactual_event_window_energy,1,10.6923,6.9792,10.6923,10.6923,3.7131,3.7131,0.347269,3.7131,3.7131,no_dr_counterfactual_baseline
household_s3_hybrid_work_from_home,household_s3_hybrid_work_from_home,EnergyBridge,Germany,1,2025-06-19,d19_hist_d19_1,hist_d19_1,19,/home/hku_user3/EnergyBridge/experiments/real_data/germany_2025_price.csv,18.0,1.0,/home/hku_user3/EnergyBridge/benchmark_results/vpp_patch_2026-07-15/_batch_logs/daily_event_configs/d19_hist_d19_1.json,skipped_done,0,0.0,/home/hku_user3/EnergyBridge/benchmark_results/vpp_patch_2026-07-15/household_s3_hybrid_work_from_home_EnergyBridge_germany_d19_hist_d19_1_2025-06-19_1day,/home/hku_user3/EnergyBridge/benchmark_results/vpp_patch_2026-07-15/_batch_logs/daily_dr_memory_germany_1day/household_s3_hybrid_work_from_home_EnergyBridge_germany_d19_hist_d19_1_2025-06-19_1day.log,/home/hku_user3/EnergyBridge/benchmark_results/vpp_patch_2026-07-15/household_s3_hybrid_work_from_home_EnergyBridge_germany_d19_hist_d19_1_2025-06-19_1day/run_summary.txt,0,43.852473,43.852473,10.07182,0.058825,EUR/kWh,D:\Pycharm_project\PycharmProjects\EnergyBridge\experiments\real_data\germany_2025_price.csv,6.4492,6.4492,1.0,1.0,4.0,1.0,1.0,"['dishwasher', 'dryer', 'ev', 'washer', 'water_heater']",[],[],matched,household_s3_hybrid_work_from_home|germany|1days|2025-06-19|no_dr,/home/hku_user3/EnergyBridge/benchmark_results/vpp_patch_2026-07-15/household_s3_hybrid_work_from_home_no_dr_germany_d19_hist_d19_1_2025-06-19_1day/benchmark_result.json,no_dr_counterfactual_event_window_energy,1,10.7007,6.4492,10.7007,10.7007,4.2515,4.2515,0.39731,4.2515,4.2515,no_dr_counterfactual_baseline
household_s1_dual_commuter_standard,household_s1_dual_commuter_standard,no_dr,Tianjin,1,2025-06-19,d19_hist_d19_1,hist_d19_1,19,/home/hku_user3/EnergyBridge/experiments/real_data/tianjin_tou_price_normalized.csv,18.0,1.0,/home/hku_user3/EnergyBridge/benchmark_results/vpp_patch_2026-07-15/_batch_logs/daily_event_configs/d19_hist_d19_1.json,skipped_done,0,0.0,/home/hku_user3/EnergyBridge/benchmark_results/vpp_patch_2026-07-15/household_s1_dual_commuter_standard_no_dr_tianjin_d19_hist_d19_1_2025-06-19_1day,/home/hku_user3/EnergyBridge/benchmark_results/vpp_patch_2026-07-15/_batch_logs/daily_dr_memory_tianjin_1day/household_s1_dual_commuter_standard_no_dr_tianjin_d19_hist_d19_1_2025-06-19_1day.log,/home/hku_user3/EnergyBridge/benchmark_results/vpp_patch_2026-07-15/household_s1_dual_commuter_standard_no_dr_tianjin_d19_hist_d19_1_2025-06-19_1day/run_summary.txt,0,60.120756,60.120756,69.623868,1.365415,normalized TOU cost/kWh,D:\Pycharm_project\PycharmProjects\EnergyBridge\experiments\real_data\tianjin_tou_price_normalized.csv,5.7892,5.7892,1.0,1.0,,0.0,1.0,[],"['dishwasher', 'dryer', 'ev', 'washer', 'water_heater']",[],matched,household_s1_dual_commuter_standard|tianjin|1days|2025-06-19|no_dr,/home/hku_user3/EnergyBridge/benchmark_results/vpp_patch_2026-07-15/household_s1_dual_commuter_standard_no_dr_tianjin_d19_hist_d19_1_2025-06-19_1day/benchmark_result.json,no_dr_counterfactual_event_window_energy,1,5.7892,5.7892,5.7892,5.7892,0.0,0.0,0.0,0.0,0.0,no_dr_counterfactual_baseline
household_s4_ev_commuter_flexible,household_s4_ev_commuter_flexible,no_dr,Germany,1,2025-06-19,d19_hist_d19_1,hist_d19_1,19,/home/hku_user3/EnergyBridge/experiments/real_data/germany_2025_price.csv,18.0,1.0,/home/hku_user3/EnergyBridge/benchmark_results/vpp_patch_2026-07-15/_batch_logs/daily_event_configs/d19_hist_d19_1.json,skipped_done,0,0.0,/home/hku_user3/EnergyBridge/benchmark_results/vpp_patch_2026-07-15/household_s4_ev_commuter_flexible_no_dr_germany_d19_hist_d19_1_2025-06-19_1day,/home/hku_user3/EnergyBridge/benchmark_results/vpp_patch_2026-07-15/_batch_logs/daily_dr_memory_germany_1day/household_s4_ev_commuter_flexible_no_dr_germany_d19_hist_d19_1_2025-06-19_1day.log,/home/hku_user3/EnergyBridge/benchmark_results/vpp_patch_2026-07-15/household_s4_ev_commuter_flexible_no_dr_germany_d19_hist_d19_1_2025-06-19_1day/run_summary.txt,0,55.242515,55.242515,11.382896,0.064619,EUR/kWh,D:\Pycharm_project\PycharmProjects\EnergyBridge\experiments\real_data\germany_2025_price.csv,10.6923,10.6923,1.0,1.0,,0.0,1.0,[],"['dishwasher', 'dryer', 'ev', 'washer', 'water_heater']",[],matched,household_s4_ev_commuter_flexible|germany|1days|2025-06-19|no_dr,/home/hku_user3/EnergyBridge/benchmark_results/vpp_patch_2026-07-15/household_s4_ev_commuter_flexible_no_dr_germany_d19_hist_d19_1_2025-06-19_1day/benchmark_result.json,no_dr_counterfactual_event_window_energy,1,10.6923,10.6923,10.6923,10.6923,0.0,0.0,0.0,0.0,0.0,no_dr_counterfactual_baseline
household_s2_multigeneration_caregiver,household_s2_multigeneration_caregiver,no_dr,Tianjin,1,2025-06-19,d19_hist_d19_1,hist_d19_1,19,/home/hku_user3/EnergyBridge/experiments/real_data/tianjin_tou_price_normalized.csv,18.0,1.0,/home/hku_user3/EnergyBridge/benchmark_results/vpp_patch_2026-07-15/_batch_logs/daily_event_configs/d19_hist_d19_1.json,skipped_done,0,0.0,/home/hku_user3/EnergyBridge/benchmark_results/vpp_patch_2026-07-15/household_s2_multigeneration_caregiver_no_dr_tianjin_d19_hist_d19_1_2025-06-19_1day,/home/hku_user3/EnergyBridge/benchmark_results/vpp_patch_2026-07-15/_batch_logs/daily_dr_memory_tianjin_1day/household_s2_multigeneration_caregiver_no_dr_tianjin_d19_hist_d19_1_2025-06-19_1day.log,/home/hku_user3/EnergyBridge/benchmark_results/vpp_patch_2026-07-15/household_s2_multigeneration_caregiver_no_dr_tianjin_d19_hist_d19_1_2025-06-19_1day/run_summary.txt,0,57.731704,57.731704,64.692245,1.337171,normalized TOU cost/kWh,D:\Pycharm_project\PycharmProjects\EnergyBridge\experiments\real_data\tianjin_tou_price_normalized.csv,5.846,5.846,1.0,1.0,,0.0,1.0,[],"['dishwasher', 'dryer', 'ev', 'washer', 'water_heater']",[],matched,household_s2_multigeneration_caregiver|tianjin|1days|2025-06-19|no_dr,/home/hku_user3/EnergyBridge/benchmark_results/vpp_patch_2026-07-15/household_s2_multigeneration_caregiver_no_dr_tianjin_d19_hist_d19_1_2025-06-19_1day/benchmark_result.json,no_dr_counterfactual_event_window_energy,1,5.846,5.846,5.846,5.846,0.0,0.0,0.0,0.0,0.0,no_dr_counterfactual_baseline
household_s3_hybrid_work_from_home,household_s3_hybrid_work_from_home,no_dr,Tianjin,1,2025-06-19,d19_hist_d19_1,hist_d19_1,19,/home/hku_user3/EnergyBridge/experiments/real_data/tianjin_tou_price_normalized.csv,18.0,1.0,/home/hku_user3/EnergyBridge/benchmark_results/vpp_patch_2026-07-15/_batch_logs/daily_event_configs/d19_hist_d19_1.json,skipped_done,0,0.0,/home/hku_user3/EnergyBridge/benchmark_results/vpp_patch_2026-07-15/household_s3_hybrid_work_from_home_no_dr_tianjin_d19_hist_d19_1_2025-06-19_1day,/home/hku_user3/EnergyBridge/benchmark_results/vpp_patch_2026-07-15/_batch_logs/daily_dr_memory_tianjin_1day/household_s3_hybrid_work_from_home_no_dr_tianjin_d19_hist_d19_1_2025-06-19_1day.log,/home/hku_user3/EnergyBridge/benchmark_results/vpp_patch_2026-07-15/household_s3_hybrid_work_from_home_no_dr_tianjin_d19_hist_d19_1_2025-06-19_1day/run_summary.txt,0,58.412537,58.412537,66.825504,1.355982,normalized TOU cost/kWh,D:\Pycharm_project\PycharmProjects\EnergyBridge\experiments\real_data\tianjin_tou_price_normalized.csv,5.7897,5.7897,1.0,1.0,,0.0,0.8,[],"['dishwasher', 'dryer', 'ev', 'washer', 'water_heater']",[],matched,household_s3_hybrid_work_from_home|tianjin|1days|2025-06-19|no_dr,/home/hku_user3/EnergyBridge/benchmark_results/vpp_patch_2026-07-15/household_s3_hybrid_work_from_home_no_dr_tianjin_d19_hist_d19_1_2025-06-19_1day/benchmark_result.json,no_dr_counterfactual_event_window_energy,1,5.7897,5.7897,5.7897,5.7897,0.0,0.0,0.0,0.0,0.0,no_dr_counterfactual_baseline
household_s5_shared_roommates_irregular,household_s5_shared_roommates_irregular,EnergyBridge,Germany,1,2025-06-19,d19_hist_d19_1,hist_d19_1,19,/home/hku_user3/EnergyBridge/experiments/real_data/germany_2025_price.csv,18.0,1.0,/home/hku_user3/EnergyBridge/benchmark_results/vpp_patch_2026-07-15/_batch_logs/daily_event_configs/d19_hist_d19_1.json,skipped_done,0,0.0,/home/hku_user3/EnergyBridge/benchmark_results/vpp_patch_2026-07-15/household_s5_shared_roommates_irregular_EnergyBridge_germany_d19_hist_d19_1_2025-06-19_1day,/home/hku_user3/EnergyBridge/benchmark_results/vpp_patch_2026-07-15/_batch_logs/daily_dr_memory_germany_1day/household_s5_shared_roommates_irregular_EnergyBridge_germany_d19_hist_d19_1_2025-06-19_1day.log,/home/hku_user3/EnergyBridge/benchmark_results/vpp_patch_2026-07-15/household_s5_shared_roommates_irregular_EnergyBridge_germany_d19_hist_d19_1_2025-06-19_1day/run_summary.txt,0,43.889007,43.889007,10.162251,0.059668,EUR/kWh,D:\Pycharm_project\PycharmProjects\EnergyBridge\experiments\real_data\germany_2025_price.csv,6.9792,6.9792,1.0,1.0,4.0,1.0,1.0,"['dishwasher', 'dryer', 'ev', 'washer', 'water_heater']",[],[],matched,household_s5_shared_roommates_irregular|germany|1days|2025-06-19|no_dr,/home/hku_user3/EnergyBridge/benchmark_results/vpp_patch_2026-07-15/household_s5_shared_roommates_irregular_no_dr_germany_d19_hist_d19_1_2025-06-19_1day/benchmark_result.json,no_dr_counterfactual_event_window_energy,1,10.6923,6.9792,10.6923,10.6923,3.7131,3.7131,0.347269,3.7131,3.7131,no_dr_counterfactual_baseline
household_s4_ev_commuter_flexible,household_s4_ev_commuter_flexible,no_dr,Tianjin,1,2025-06-19,d19_hist_d19_1,hist_d19_1,19,/home/hku_user3/EnergyBridge/experiments/real_data/tianjin_tou_price_normalized.csv,18.0,1.0,/home/hku_user3/EnergyBridge/benchmark_results/vpp_patch_2026-07-15/_batch_logs/daily_event_configs/d19_hist_d19_1.json,skipped_done,0,0.0,/home/hku_user3/EnergyBridge/benchmark_results/vpp_patch_2026-07-15/household_s4_ev_commuter_flexible_no_dr_tianjin_d19_hist_d19_1_2025-06-19_1day,/home/hku_user3/EnergyBridge/benchmark_results/vpp_patch_2026-07-15/_batch_logs/daily_dr_memory_tianjin_1day/household_s4_ev_commuter_flexible_no_dr_tianjin_d19_hist_d19_1_2025-06-19_1day.log,/home/hku_user3/EnergyBridge/benchmark_results/vpp_patch_2026-07-15/household_s4_ev_commuter_flexible_no_dr_tianjin_d19_hist_d19_1_2025-06-19_1day/run_summary.txt,0,62.161335,62.161335,72.888795,1.374442,normalized TOU cost/kWh,D:\Pycharm_project\PycharmProjects\EnergyBridge\experiments\real_data\tianjin_tou_price_normalized.csv,5.7892,5.7892,1.0,1.0,,0.0,1.0,[],"['dishwasher', 'dryer', 'ev', 'washer', 'water_heater']",[],matched,household_s4_ev_commuter_flexible|tianjin|1days|2025-06-19|no_dr,/home/hku_user3/EnergyBridge/benchmark_results/vpp_patch_2026-07-15/household_s4_ev_commuter_flexible_no_dr_tianjin_d19_hist_d19_1_2025-06-19_1day/benchmark_result.json,no_dr_counterfactual_event_window_energy,1,5.7892,5.7892,5.7892,5.7892,0.0,0.0,0.0,0.0,0.0,no_dr_counterfactual_baseline
household_s2_multigeneration_caregiver,household_s2_multigeneration_caregiver,EnergyBridge,Germany,1,2025-06-19,d19_hist_d19_1,hist_d19_1,19,/home/hku_user3/EnergyBridge/experiments/real_data/germany_2025_price.csv,18.0,1.0,/home/hku_user3/EnergyBridge/benchmark_results/vpp_patch_2026-07-15/_batch_logs/daily_event_configs/d19_hist_d19_1.json,skipped_done,0,0.0,/home/hku_user3/EnergyBridge/benchmark_results/vpp_patch_2026-07-15/household_s2_multigeneration_caregiver_EnergyBridge_germany_d19_hist_d19_1_2025-06-19_1day,/home/hku_user3/EnergyBridge/benchmark_results/vpp_patch_2026-07-15/_batch_logs/daily_dr_memory_germany_1day/household_s2_multigeneration_caregiver_EnergyBridge_germany_d19_hist_d19_1_2025-06-19_1day.log,/home/hku_user3/EnergyBridge/benchmark_results/vpp_patch_2026-07-15/household_s2_multigeneration_caregiver_EnergyBridge_germany_d19_hist_d19_1_2025-06-19_1day/run_summary.txt,0,44.358977,44.358977,10.208124,0.058599,EUR/kWh,D:\Pycharm_project\PycharmProjects\EnergyBridge\experiments\real_data\germany_2025_price.csv,6.5939,6.5939,1.0,1.0,2.0,1.0,0.8,"['dishwasher', 'dryer', 'ev', 'washer', 'water_heater']",[],[],matched,household_s2_multigeneration_caregiver|germany|1days|2025-06-19|no_dr,/home/hku_user3/EnergyBridge/benchmark_results/vpp_patch_2026-07-15/household_s2_multigeneration_caregiver_no_dr_germany_d19_hist_d19_1_2025-06-19_1day/benchmark_result.json,no_dr_counterfactual_event_window_energy,1,10.7325,6.5939,10.7325,10.7325,4.1386,4.1386,0.385614,4.1386,4.1386,no_dr_counterfactual_baseline
household_s1_dual_commuter_standard,household_s1_dual_commuter_standard,EnergyBridge,Tianjin,1,2025-06-19,d19_hist_d19_1,hist_d19_1,19,/home/hku_user3/EnergyBridge/experiments/real_data/tianjin_tou_price_normalized.csv,18.0,1.0,/home/hku_user3/EnergyBridge/benchmark_results/vpp_patch_2026-07-15/_batch_logs/daily_event_configs/d19_hist_d19_1.json,skipped_done,0,0.0,/home/hku_user3/EnergyBridge/benchmark_results/vpp_patch_2026-07-15/household_s1_dual_commuter_standard_EnergyBridge_tianjin_d19_hist_d19_1_2025-06-19_1day,/home/hku_user3/EnergyBridge/benchmark_results/vpp_patch_2026-07-15/_batch_logs/daily_dr_memory_tianjin_1day/household_s1_dual_commuter_standard_EnergyBridge_tianjin_d19_hist_d19_1_2025-06-19_1day.log,/home/hku_user3/EnergyBridge/benchmark_results/vpp_patch_2026-07-15/household_s1_dual_commuter_standard_EnergyBridge_tianjin_d19_hist_d19_1_2025-06-19_1day/run_summary.txt,0,57.985656,57.985656,57.902253,1.321449,normalized TOU cost/kWh,D:\Pycharm_project\PycharmProjects\EnergyBridge\experiments\real_data\tianjin_tou_price_normalized.csv,1.8233,1.8233,1.0,1.0,4.25,1.0,1.0,"['dishwasher', 'dryer', 'ev', 'washer', 'water_heater']",[],[],matched,household_s1_dual_commuter_standard|tianjin|1days|2025-06-19|no_dr,/home/hku_user3/EnergyBridge/benchmark_results/vpp_patch_2026-07-15/household_s1_dual_commuter_standard_no_dr_tianjin_d19_hist_d19_1_2025-06-19_1day/benchmark_result.json,no_dr_counterfactual_event_window_energy,1,5.7892,1.8233,5.7892,5.7892,3.9659,3.9659,0.685051,3.9659,3.9659,no_dr_counterfactual_baseline
household_s5_shared_roommates_irregular,household_s5_shared_roommates_irregular,no_dr,Tianjin,1,2025-06-19,d19_hist_d19_1,hist_d19_1,19,/home/hku_user3/EnergyBridge/experiments/real_data/tianjin_tou_price_normalized.csv,18.0,1.0,/home/hku_user3/EnergyBridge/benchmark_results/vpp_patch_2026-07-15/_batch_logs/daily_event_configs/d19_hist_d19_1.json,skipped_done,0,0.0,/home/hku_user3/EnergyBridge/benchmark_results/vpp_patch_2026-07-15/household_s5_shared_roommates_irregular_no_dr_tianjin_d19_hist_d19_1_2025-06-19_1day,/home/hku_user3/EnergyBridge/benchmark_results/vpp_patch_2026-07-15/_batch_logs/daily_dr_memory_tianjin_1day/household_s5_shared_roommates_irregular_no_dr_tianjin_d19_hist_d19_1_2025-06-19_1day.log,/home/hku_user3/EnergyBridge/benchmark_results/vpp_patch_2026-07-15/household_s5_shared_roommates_irregular_no_dr_tianjin_d19_hist_d19_1_2025-06-19_1day/run_summary.txt,0,58.080176,58.080176,66.35894,1.355636,normalized TOU cost/kWh,D:\Pycharm_project\PycharmProjects\EnergyBridge\experiments\real_data\tianjin_tou_price_normalized.csv,5.7892,5.7892,1.0,1.0,,0.0,1.0,[],"['dishwasher', 'dryer', 'ev', 'washer', 'water_heater']",[],matched,household_s5_shared_roommates_irregular|tianjin|1days|2025-06-19|no_dr,/home/hku_user3/EnergyBridge/benchmark_results/vpp_patch_2026-07-15/household_s5_shared_roommates_irregular_no_dr_tianjin_d19_hist_d19_1_2025-06-19_1day/benchmark_result.json,no_dr_counterfactual_event_window_energy,1,5.7892,5.7892,5.7892,5.7892,0.0,0.0,0.0,0.0,0.0,no_dr_counterfactual_baseline
household_s1_dual_commuter_standard,household_s1_dual_commuter_standard,no_dr,Germany,1,2025-06-20,d20_hist_d20_1,hist_d20_1,20,/home/hku_user3/EnergyBridge/experiments/real_data/germany_2025_price.csv,18.0,1.0,/home/hku_user3/EnergyBridge/benchmark_results/vpp_patch_2026-07-15/_batch_logs/daily_event_configs/d20_hist_d20_1.json,skipped_done,0,0.0,/home/hku_user3/EnergyBridge/benchmark_results/vpp_patch_2026-07-15/household_s1_dual_commuter_standard_no_dr_germany_d20_hist_d20_1_2025-06-20_1day,/home/hku_user3/EnergyBridge/benchmark_results/vpp_patch_2026-07-15/_batch_logs/daily_dr_memory_germany_1day/household_s1_dual_commuter_standard_no_dr_germany_d20_hist_d20_1_2025-06-20_1day.log,/home/hku_user3/EnergyBridge/benchmark_results/vpp_patch_2026-07-15/household_s1_dual_commuter_standard_no_dr_germany_d20_hist_d20_1_2025-06-20_1day/run_summary.txt,0,39.999597,39.999597,17.135107,0.09759,EUR/kWh,D:\Pycharm_project\PycharmProjects\EnergyBridge\experiments\real_data\germany_2025_price.csv,10.6222,10.6222,1.0,1.0,,0.0,1.0,[],"['dishwasher', 'dryer', 'ev', 'washer', 'water_heater']",[],matched,household_s1_dual_commuter_standard|germany|1days|2025-06-20|no_dr,/home/hku_user3/EnergyBridge/benchmark_results/vpp_patch_2026-07-15/household_s1_dual_commuter_standard_no_dr_germany_d20_hist_d20_1_2025-06-20_1day/benchmark_result.json,no_dr_counterfactual_event_window_energy,1,10.6222,10.6222,10.6222,10.6222,0.0,0.0,0.0,0.0,0.0,no_dr_counterfactual_baseline
household_s5_shared_roommates_irregular,household_s5_shared_roommates_irregular,EnergyBridge,Tianjin,1,2025-06-19,d19_hist_d19_1,hist_d19_1,19,/home/hku_user3/EnergyBridge/experiments/real_data/tianjin_tou_price_normalized.csv,18.0,1.0,/home/hku_user3/EnergyBridge/benchmark_results/vpp_patch_2026-07-15/_batch_logs/daily_event_configs/d19_hist_d19_1.json,skipped_done,0,0.0,/home/hku_user3/EnergyBridge/benchmark_results/vpp_patch_2026-07-15/household_s5_shared_roommates_irregular_EnergyBridge_tianjin_d19_hist_d19_1_2025-06-19_1day,/home/hku_user3/EnergyBridge/benchmark_results/vpp_patch_2026-07-15/_batch_logs/daily_dr_memory_tianjin_1day/household_s5_shared_roommates_irregular_EnergyBridge_tianjin_d19_hist_d19_1_2025-06-19_1day.log,/home/hku_user3/EnergyBridge/benchmark_results/vpp_patch_2026-07-15/household_s5_shared_roommates_irregular_EnergyBridge_tianjin_d19_hist_d19_1_2025-06-19_1day/run_summary.txt,0,58.005094,58.005094,55.06897,1.322338,normalized TOU cost/kWh,D:\Pycharm_project\PycharmProjects\EnergyBridge\experiments\real_data\tianjin_tou_price_normalized.csv,1.3475,1.3475,1.0,1.0,4.0,1.0,1.0,"['dishwasher', 'dryer', 'ev', 'washer', 'water_heater']",[],[],matched,household_s5_shared_roommates_irregular|tianjin|1days|2025-06-19|no_dr,/home/hku_user3/EnergyBridge/benchmark_results/vpp_patch_2026-07-15/household_s5_shared_roommates_irregular_no_dr_tianjin_d19_hist_d19_1_2025-06-19_1day/benchmark_result.json,no_dr_counterfactual_event_window_energy,1,5.7892,1.3475,5.7892,5.7892,4.4417,4.4417,0.767239,4.4417,4.4417,no_dr_counterfactual_baseline
household_s2_multigeneration_caregiver,household_s2_multigeneration_caregiver,no_dr,Germany,1,2025-06-20,d20_hist_d20_1,hist_d20_1,20,/home/hku_user3/EnergyBridge/experiments/real_data/germany_2025_price.csv,18.0,1.0,/home/hku_user3/EnergyBridge/benchmark_results/vpp_patch_2026-07-15/_batch_logs/daily_event_configs/d20_hist_d20_1.json,skipped_done,0,0.0,/home/hku_user3/EnergyBridge/benchmark_results/vpp_patch_2026-07-15/household_s2_multigeneration_caregiver_no_dr_germany_d20_hist_d20_1_2025-06-20_1day,/home/hku_user3/EnergyBridge/benchmark_results/vpp_patch_2026-07-15/_batch_logs/daily_dr_memory_germany_1day/household_s2_multigeneration_caregiver_no_dr_germany_d20_hist_d20_1_2025-06-20_1day.log,/home/hku_user3/EnergyBridge/benchmark_results/vpp_patch_2026-07-15/household_s2_multigeneration_caregiver_no_dr_germany_d20_hist_d20_1_2025-06-20_1day/run_summary.txt,0,36.735601,36.735601,16.785173,0.097048,EUR/kWh,D:\Pycharm_project\PycharmProjects\EnergyBridge\experiments\real_data\germany_2025_price.csv,10.6619,10.6619,1.0,1.0,,0.0,1.0,[],"['dishwasher', 'dryer', 'ev', 'washer', 'water_heater']",[],matched,household_s2_multigeneration_caregiver|germany|1days|2025-06-20|no_dr,/home/hku_user3/EnergyBridge/benchmark_results/vpp_patch_2026-07-15/household_s2_multigeneration_caregiver_no_dr_germany_d20_hist_d20_1_2025-06-20_1day/benchmark_result.json,no_dr_counterfactual_event_window_energy,1,10.6619,10.6619,10.6619,10.6619,0.0,0.0,0.0,0.0,0.0,no_dr_counterfactual_baseline
household_s2_multigeneration_caregiver,household_s2_multigeneration_caregiver,EnergyBridge,Tianjin,1,2025-06-19,d19_hist_d19_1,hist_d19_1,19,/home/hku_user3/EnergyBridge/experiments/real_data/tianjin_tou_price_normalized.csv,18.0,1.0,/home/hku_user3/EnergyBridge/benchmark_results/vpp_patch_2026-07-15/_batch_logs/daily_event_configs/d19_hist_d19_1.json,skipped_done,0,0.0,/home/hku_user3/EnergyBridge/benchmark_results/vpp_patch_2026-07-15/household_s2_multigeneration_caregiver_EnergyBridge_tianjin_d19_hist_d19_1_2025-06-19_1day,/home/hku_user3/EnergyBridge/benchmark_results/vpp_patch_2026-07-15/_batch_logs/daily_dr_memory_tianjin_1day/household_s2_multigeneration_caregiver_EnergyBridge_tianjin_d19_hist_d19_1_2025-06-19_1day.log,/home/hku_user3/EnergyBridge/benchmark_results/vpp_patch_2026-07-15/household_s2_multigeneration_caregiver_EnergyBridge_tianjin_d19_hist_d19_1_2025-06-19_1day/run_summary.txt,0,54.143127,54.143127,55.619763,1.253076,normalized TOU cost/kWh,D:\Pycharm_project\PycharmProjects\EnergyBridge\experiments\real_data\tianjin_tou_price_normalized.csv,1.6675,1.6675,1.0,1.0,4.0,1.0,1.0,"['dishwasher', 'dryer', 'ev', 'washer', 'water_heater']",[],[],matched,household_s2_multigeneration_caregiver|tianjin|1days|2025-06-19|no_dr,/home/hku_user3/EnergyBridge/benchmark_results/vpp_patch_2026-07-15/household_s2_multigeneration_caregiver_no_dr_tianjin_d19_hist_d19_1_2025-06-19_1day/benchmark_result.json,no_dr_counterfactual_event_window_energy,1,5.846,1.6675,5.846,5.846,4.1785,4.1785,0.714762,4.1785,4.1785,no_dr_counterfactual_baseline
household_s3_hybrid_work_from_home,household_s3_hybrid_work_from_home,EnergyBridge,Tianjin,1,2025-06-19,d19_hist_d19_1,hist_d19_1,19,/home/hku_user3/EnergyBridge/experiments/real_data/tianjin_tou_price_normalized.csv,18.0,1.0,/home/hku_user3/EnergyBridge/benchmark_results/vpp_patch_2026-07-15/_batch_logs/daily_event_configs/d19_hist_d19_1.json,skipped_done,0,0.0,/home/hku_user3/EnergyBridge/benchmark_results/vpp_patch_2026-07-15/household_s3_hybrid_work_from_home_EnergyBridge_tianjin_d19_hist_d19_1_2025-06-19_1day,/home/hku_user3/EnergyBridge/benchmark_results/vpp_patch_2026-07-15/_batch_logs/daily_dr_memory_tianjin_1day/household_s3_hybrid_work_from_home_EnergyBridge_tianjin_d19_hist_d19_1_2025-06-19_1day.log,/home/hku_user3/EnergyBridge/benchmark_results/vpp_patch_2026-07-15/household_s3_hybrid_work_from_home_EnergyBridge_tianjin_d19_hist_d19_1_2025-06-19_1day/run_summary.txt,0,52.238545,52.238545,58.024791,1.329271,normalized TOU cost/kWh,D:\Pycharm_project\PycharmProjects\EnergyBridge\experiments\real_data\tianjin_tou_price_normalized.csv,1.0804,1.0804,1.0,1.0,3.667,1.0,1.0,"['dishwasher', 'dryer', 'ev', 'washer', 'water_heater']",[],[],matched,household_s3_hybrid_work_from_home|tianjin|1days|2025-06-19|no_dr,/home/hku_user3/EnergyBridge/benchmark_results/vpp_patch_2026-07-15/household_s3_hybrid_work_from_home_no_dr_tianjin_d19_hist_d19_1_2025-06-19_1day/benchmark_result.json,no_dr_counterfactual_event_window_energy,1,5.7897,1.0804,5.7897,5.7897,4.7093,4.7093,0.813393,4.7093,4.7093,no_dr_counterfactual_baseline
household_s4_ev_commuter_flexible,household_s4_ev_commuter_flexible,EnergyBridge,Tianjin,1,2025-06-19,d19_hist_d19_1,hist_d19_1,19,/home/hku_user3/EnergyBridge/experiments/real_data/tianjin_tou_price_normalized.csv,18.0,1.0,/home/hku_user3/EnergyBridge/benchmark_results/vpp_patch_2026-07-15/_batch_logs/daily_event_configs/d19_hist_d19_1.json,skipped_done,0,0.0,/home/hku_user3/EnergyBridge/benchmark_results/vpp_patch_2026-07-15/household_s4_ev_commuter_flexible_EnergyBridge_tianjin_d19_hist_d19_1_2025-06-19_1day,/home/hku_user3/EnergyBridge/benchmark_results/vpp_patch_2026-07-15/_batch_logs/daily_dr_memory_tianjin_1day/household_s4_ev_commuter_flexible_EnergyBridge_tianjin_d19_hist_d19_1_2025-06-19_1day.log,/home/hku_user3/EnergyBridge/benchmark_results/vpp_patch_2026-07-15/household_s4_ev_commuter_flexible_EnergyBridge_tianjin_d19_hist_d19_1_2025-06-19_1day/run_summary.txt,0,60.026236,60.026236,62.042832,1.352939,normalized TOU cost/kWh,D:\Pycharm_project\PycharmProjects\EnergyBridge\experiments\real_data\tianjin_tou_price_normalized.csv,1.8233,1.8233,1.0,1.0,4.0,1.0,1.0,"['dishwasher', 'dryer', 'ev', 'washer', 'water_heater']",[],[],matched,household_s4_ev_commuter_flexible|tianjin|1days|2025-06-19|no_dr,/home/hku_user3/EnergyBridge/benchmark_results/vpp_patch_2026-07-15/household_s4_ev_commuter_flexible_no_dr_tianjin_d19_hist_d19_1_2025-06-19_1day/benchmark_result.json,no_dr_counterfactual_event_window_energy,1,5.7892,1.8233,5.7892,5.7892,3.9659,3.9659,0.685051,3.9659,3.9659,no_dr_counterfactual_baseline
household_s4_ev_commuter_flexible,household_s4_ev_commuter_flexible,no_dr,Germany,1,2025-06-20,d20_hist_d20_1,hist_d20_1,20,/home/hku_user3/EnergyBridge/experiments/real_data/germany_2025_price.csv,18.0,1.0,/home/hku_user3/EnergyBridge/benchmark_results/vpp_patch_2026-07-15/_batch_logs/daily_event_configs/d20_hist_d20_1.json,skipped_done,0,0.0,/home/hku_user3/EnergyBridge/benchmark_results/vpp_patch_2026-07-15/household_s4_ev_commuter_flexible_no_dr_germany_d20_hist_d20_1_2025-06-20_1day,/home/hku_user3/EnergyBridge/benchmark_results/vpp_patch_2026-07-15/_batch_logs/daily_dr_memory_germany_1day/household_s4_ev_commuter_flexible_no_dr_germany_d20_hist_d20_1_2025-06-20_1day.log,/home/hku_user3/EnergyBridge/benchmark_results/vpp_patch_2026-07-15/household_s4_ev_commuter_flexible_no_dr_germany_d20_hist_d20_1_2025-06-20_1day/run_summary.txt,0,42.040177,42.040177,17.380915,0.097853,EUR/kWh,D:\Pycharm_project\PycharmProjects\EnergyBridge\experiments\real_data\germany_2025_price.csv,10.6222,10.6222,1.0,1.0,,0.0,1.0,[],"['dishwasher', 'dryer', 'ev', 'washer', 'water_heater']",[],matched,household_s4_ev_commuter_flexible|germany|1days|2025-06-20|no_dr,/home/hku_user3/EnergyBridge/benchmark_results/vpp_patch_2026-07-15/household_s4_ev_commuter_flexible_no_dr_germany_d20_hist_d20_1_2025-06-20_1day/benchmark_result.json,no_dr_counterfactual_event_window_energy,1,10.6222,10.6222,10.6222,10.6222,0.0,0.0,0.0,0.0,0.0,no_dr_counterfactual_baseline
household_s1_dual_commuter_standard,household_s1_dual_commuter_standard,EnergyBridge,Germany,1,2025-06-20,d20_hist_d20_1,hist_d20_1,20,/home/hku_user3/EnergyBridge/experiments/real_data/germany_2025_price.csv,18.0,1.0,/home/hku_user3/EnergyBridge/benchmark_results/vpp_patch_2026-07-15/_batch_logs/daily_event_configs/d20_hist_d20_1.json,skipped_done,0,0.0,/home/hku_user3/EnergyBridge/benchmark_results/vpp_patch_2026-07-15/household_s1_dual_commuter_standard_EnergyBridge_germany_d20_hist_d20_1_2025-06-20_1day,/home/hku_user3/EnergyBridge/benchmark_results/vpp_patch_2026-07-15/_batch_logs/daily_dr_memory_germany_1day/household_s1_dual_commuter_standard_EnergyBridge_germany_d20_hist_d20_1_2025-06-20_1day.log,/home/hku_user3/EnergyBridge/benchmark_results/vpp_patch_2026-07-15/household_s1_dual_commuter_standard_EnergyBridge_germany_d20_hist_d20_1_2025-06-20_1day/run_summary.txt,0,45.863457,45.863457,15.497361,0.089902,EUR/kWh,D:\Pycharm_project\PycharmProjects\EnergyBridge\experiments\real_data\germany_2025_price.csv,6.7543,6.7543,1.0,1.0,4.0,1.0,1.0,"['dishwasher', 'dryer', 'ev', 'washer', 'water_heater']",[],[],matched,household_s1_dual_commuter_standard|germany|1days|2025-06-20|no_dr,/home/hku_user3/EnergyBridge/benchmark_results/vpp_patch_2026-07-15/household_s1_dual_commuter_standard_no_dr_germany_d20_hist_d20_1_2025-06-20_1day/benchmark_result.json,no_dr_counterfactual_event_window_energy,1,10.6222,6.7543,10.6222,10.6222,3.8679,3.8679,0.364134,3.8679,3.8679,no_dr_counterfactual_baseline
household_s3_hybrid_work_from_home,household_s3_hybrid_work_from_home,no_dr,Germany,1,2025-06-20,d20_hist_d20_1,hist_d20_1,20,/home/hku_user3/EnergyBridge/experiments/real_data/germany_2025_price.csv,18.0,1.0,/home/hku_user3/EnergyBridge/benchmark_results/vpp_patch_2026-07-15/_batch_logs/daily_event_configs/d20_hist_d20_1.json,skipped_done,0,0.0,/home/hku_user3/EnergyBridge/benchmark_results/vpp_patch_2026-07-15/household_s3_hybrid_work_from_home_no_dr_germany_d20_hist_d20_1_2025-06-20_1day,/home/hku_user3/EnergyBridge/benchmark_results/vpp_patch_2026-07-15/_batch_logs/daily_dr_memory_germany_1day/household_s3_hybrid_work_from_home_no_dr_germany_d20_hist_d20_1_2025-06-20_1day.log,/home/hku_user3/EnergyBridge/benchmark_results/vpp_patch_2026-07-15/household_s3_hybrid_work_from_home_no_dr_germany_d20_hist_d20_1_2025-06-20_1day/run_summary.txt,0,39.262628,39.262628,17.022376,0.097534,EUR/kWh,D:\Pycharm_project\PycharmProjects\EnergyBridge\experiments\real_data\germany_2025_price.csv,10.6316,10.6316,1.0,1.0,,0.0,0.8,[],"['dishwasher', 'dryer', 'ev', 'washer', 'water_heater']",[],matched,household_s3_hybrid_work_from_home|germany|1days|2025-06-20|no_dr,/home/hku_user3/EnergyBridge/benchmark_results/vpp_patch_2026-07-15/household_s3_hybrid_work_from_home_no_dr_germany_d20_hist_d20_1_2025-06-20_1day/benchmark_result.json,no_dr_counterfactual_event_window_energy,1,10.6316,10.6316,10.6316,10.6316,0.0,0.0,0.0,0.0,0.0,no_dr_counterfactual_baseline
household_s3_hybrid_work_from_home,household_s3_hybrid_work_from_home,EnergyBridge,Germany,1,2025-06-20,d20_hist_d20_1,hist_d20_1,20,/home/hku_user3/EnergyBridge/experiments/real_data/germany_2025_price.csv,18.0,1.0,/home/hku_user3/EnergyBridge/benchmark_results/vpp_patch_2026-07-15/_batch_logs/daily_event_configs/d20_hist_d20_1.json,skipped_done,0,0.0,/home/hku_user3/EnergyBridge/benchmark_results/vpp_patch_2026-07-15/household_s3_hybrid_work_from_home_EnergyBridge_germany_d20_hist_d20_1_2025-06-20_1day,/home/hku_user3/EnergyBridge/benchmark_results/vpp_patch_2026-07-15/_batch_logs/daily_dr_memory_germany_1day/household_s3_hybrid_work_from_home_EnergyBridge_germany_d20_hist_d20_1_2025-06-20_1day.log,/home/hku_user3/EnergyBridge/benchmark_results/vpp_patch_2026-07-15/household_s3_hybrid_work_from_home_EnergyBridge_germany_d20_hist_d20_1_2025-06-20_1day/run_summary.txt,0,41.390813,41.390813,15.265008,0.089146,EUR/kWh,D:\Pycharm_project\PycharmProjects\EnergyBridge\experiments\real_data\germany_2025_price.csv,6.4017,6.4017,1.0,1.0,4.0,1.0,1.0,"['dishwasher', 'dryer', 'ev', 'washer', 'water_heater']",[],[],matched,household_s3_hybrid_work_from_home|germany|1days|2025-06-20|no_dr,/home/hku_user3/EnergyBridge/benchmark_results/vpp_patch_2026-07-15/household_s3_hybrid_work_from_home_no_dr_germany_d20_hist_d20_1_2025-06-20_1day/benchmark_result.json,no_dr_counterfactual_event_window_energy,1,10.6316,6.4017,10.6316,10.6316,4.2299,4.2299,0.397861,4.2299,4.2299,no_dr_counterfactual_baseline
household_s4_ev_commuter_flexible,household_s4_ev_commuter_flexible,EnergyBridge,Germany,1,2025-06-20,d20_hist_d20_1,hist_d20_1,20,/home/hku_user3/EnergyBridge/experiments/real_data/germany_2025_price.csv,18.0,1.0,/home/hku_user3/EnergyBridge/benchmark_results/vpp_patch_2026-07-15/_batch_logs/daily_event_configs/d20_hist_d20_1.json,skipped_done,0,0.0,/home/hku_user3/EnergyBridge/benchmark_results/vpp_patch_2026-07-15/household_s4_ev_commuter_flexible_EnergyBridge_germany_d20_hist_d20_1_2025-06-20_1day,/home/hku_user3/EnergyBridge/benchmark_results/vpp_patch_2026-07-15/_batch_logs/daily_dr_memory_germany_1day/household_s4_ev_commuter_flexible_EnergyBridge_germany_d20_hist_d20_1_2025-06-20_1day.log,/home/hku_user3/EnergyBridge/benchmark_results/vpp_patch_2026-07-15/household_s4_ev_commuter_flexible_EnergyBridge_germany_d20_hist_d20_1_2025-06-20_1day/run_summary.txt,0,47.904037,47.904037,15.832536,0.090772,EUR/kWh,D:\Pycharm_project\PycharmProjects\EnergyBridge\experiments\real_data\germany_2025_price.csv,6.7543,6.7543,1.0,1.0,4.25,1.0,1.0,"['dishwasher', 'dryer', 'ev', 'washer', 'water_heater']",[],[],matched,household_s4_ev_commuter_flexible|germany|1days|2025-06-20|no_dr,/home/hku_user3/EnergyBridge/benchmark_results/vpp_patch_2026-07-15/household_s4_ev_commuter_flexible_no_dr_germany_d20_hist_d20_1_2025-06-20_1day/benchmark_result.json,no_dr_counterfactual_event_window_energy,1,10.6222,6.7543,10.6222,10.6222,3.8679,3.8679,0.364134,3.8679,3.8679,no_dr_counterfactual_baseline
household_s2_multigeneration_caregiver,household_s2_multigeneration_caregiver,EnergyBridge,Germany,1,2025-06-20,d20_hist_d20_1,hist_d20_1,20,/home/hku_user3/EnergyBridge/experiments/real_data/germany_2025_price.csv,18.0,1.0,/home/hku_user3/EnergyBridge/benchmark_results/vpp_patch_2026-07-15/_batch_logs/daily_event_configs/d20_hist_d20_1.json,skipped_done,0,0.0,/home/hku_user3/EnergyBridge/benchmark_results/vpp_patch_2026-07-15/household_s2_multigeneration_caregiver_EnergyBridge_germany_d20_hist_d20_1_2025-06-20_1day,/home/hku_user3/EnergyBridge/benchmark_results/vpp_patch_2026-07-15/_batch_logs/daily_dr_memory_germany_1day/household_s2_multigeneration_caregiver_EnergyBridge_germany_d20_hist_d20_1_2025-06-20_1day.log,/home/hku_user3/EnergyBridge/benchmark_results/vpp_patch_2026-07-15/household_s2_multigeneration_caregiver_EnergyBridge_germany_d20_hist_d20_1_2025-06-20_1day/run_summary.txt,0,38.190534,38.190534,15.018654,0.088056,EUR/kWh,D:\Pycharm_project\PycharmProjects\EnergyBridge\experiments\real_data\germany_2025_price.csv,6.5456,6.5456,1.0,1.0,4.2,1.0,1.0,"['dishwasher', 'dryer', 'ev', 'washer', 'water_heater']",[],[],matched,household_s2_multigeneration_caregiver|germany|1days|2025-06-20|no_dr,/home/hku_user3/EnergyBridge/benchmark_results/vpp_patch_2026-07-15/household_s2_multigeneration_caregiver_no_dr_germany_d20_hist_d20_1_2025-06-20_1day/benchmark_result.json,no_dr_counterfactual_event_window_energy,1,10.6619,6.5456,10.6619,10.6619,4.1163,4.1163,0.386076,4.1163,4.1163,no_dr_counterfactual_baseline
household_s2_multigeneration_caregiver,household_s2_multigeneration_caregiver,no_dr,Tianjin,1,2025-06-20,d20_hist_d20_1,hist_d20_1,20,/home/hku_user3/EnergyBridge/experiments/real_data/tianjin_tou_price_normalized.csv,18.0,1.0,/home/hku_user3/EnergyBridge/benchmark_results/vpp_patch_2026-07-15/_batch_logs/daily_event_configs/d20_hist_d20_1.json,skipped_done,0,0.0,/home/hku_user3/EnergyBridge/benchmark_results/vpp_patch_2026-07-15/household_s2_multigeneration_caregiver_no_dr_tianjin_d20_hist_d20_1_2025-06-20_1day,/home/hku_user3/EnergyBridge/benchmark_results/vpp_patch_2026-07-15/_batch_logs/daily_dr_memory_tianjin_1day/household_s2_multigeneration_caregiver_no_dr_tianjin_d20_hist_d20_1_2025-06-20_1day.log,/home/hku_user3/EnergyBridge/benchmark_results/vpp_patch_2026-07-15/household_s2_multigeneration_caregiver_no_dr_tianjin_d20_hist_d20_1_2025-06-20_1day/run_summary.txt,0,73.24074,73.24074,63.808318,1.280781,normalized TOU cost/kWh,D:\Pycharm_project\PycharmProjects\EnergyBridge\experiments\real_data\tianjin_tou_price_normalized.csv,6.7044,6.7044,1.0,1.0,,0.0,1.0,[],"['dishwasher', 'dryer', 'ev', 'washer', 'water_heater']",[],matched,household_s2_multigeneration_caregiver|tianjin|1days|2025-06-20|no_dr,/home/hku_user3/EnergyBridge/benchmark_results/vpp_patch_2026-07-15/household_s2_multigeneration_caregiver_no_dr_tianjin_d20_hist_d20_1_2025-06-20_1day/benchmark_result.json,no_dr_counterfactual_event_window_energy,1,6.7044,6.7044,6.7044,6.7044,0.0,0.0,0.0,0.0,0.0,no_dr_counterfactual_baseline
household_s5_shared_roommates_irregular,household_s5_shared_roommates_irregular,no_dr,Germany,1,2025-06-20,d20_hist_d20_1,hist_d20_1,20,/home/hku_user3/EnergyBridge/experiments/real_data/germany_2025_price.csv,18.0,1.0,/home/hku_user3/EnergyBridge/benchmark_results/vpp_patch_2026-07-15/_batch_logs/daily_event_configs/d20_hist_d20_1.json,skipped_done,0,0.0,/home/hku_user3/EnergyBridge/benchmark_results/vpp_patch_2026-07-15/household_s5_shared_roommates_irregular_no_dr_germany_d20_hist_d20_1_2025-06-20_1day,/home/hku_user3/EnergyBridge/benchmark_results/vpp_patch_2026-07-15/_batch_logs/daily_dr_memory_germany_1day/household_s5_shared_roommates_irregular_no_dr_germany_d20_hist_d20_1_2025-06-20_1day.log,/home/hku_user3/EnergyBridge/benchmark_results/vpp_patch_2026-07-15/household_s5_shared_roommates_irregular_no_dr_germany_d20_hist_d20_1_2025-06-20_1day/run_summary.txt,0,39.024235,39.024235,17.029835,0.097475,EUR/kWh,D:\Pycharm_project\PycharmProjects\EnergyBridge\experiments\real_data\germany_2025_price.csv,10.6222,10.6222,1.0,1.0,,0.0,1.0,[],"['dishwasher', 'dryer', 'ev', 'washer', 'water_heater']",[],matched,household_s5_shared_roommates_irregular|germany|1days|2025-06-20|no_dr,/home/hku_user3/EnergyBridge/benchmark_results/vpp_patch_2026-07-15/household_s5_shared_roommates_irregular_no_dr_germany_d20_hist_d20_1_2025-06-20_1day/benchmark_result.json,no_dr_counterfactual_event_window_energy,1,10.6222,10.6222,10.6222,10.6222,0.0,0.0,0.0,0.0,0.0,no_dr_counterfactual_baseline
household_s1_dual_commuter_standard,household_s1_dual_commuter_standard,no_dr,Tianjin,1,2025-06-20,d20_hist_d20_1,hist_d20_1,20,/home/hku_user3/EnergyBridge/experiments/real_data/tianjin_tou_price_normalized.csv,18.0,1.0,/home/hku_user3/EnergyBridge/benchmark_results/vpp_patch_2026-07-15/_batch_logs/daily_event_configs/d20_hist_d20_1.json,skipped_done,0,0.0,/home/hku_user3/EnergyBridge/benchmark_results/vpp_patch_2026-07-15/household_s1_dual_commuter_standard_no_dr_tianjin_d20_hist_d20_1_2025-06-20_1day,/home/hku_user3/EnergyBridge/benchmark_results/vpp_patch_2026-07-15/_batch_logs/daily_dr_memory_tianjin_1day/household_s1_dual_commuter_standard_no_dr_tianjin_d20_hist_d20_1_2025-06-20_1day.log,/home/hku_user3/EnergyBridge/benchmark_results/vpp_patch_2026-07-15/household_s1_dual_commuter_standard_no_dr_tianjin_d20_hist_d20_1_2025-06-20_1day/run_summary.txt,0,74.57859,74.57859,70.409355,1.317747,normalized TOU cost/kWh,D:\Pycharm_project\PycharmProjects\EnergyBridge\experiments\real_data\tianjin_tou_price_normalized.csv,6.6353,6.6353,1.0,1.0,,0.0,1.0,[],"['dishwasher', 'dryer', 'ev', 'washer', 'water_heater']",[],matched,household_s1_dual_commuter_standard|tianjin|1days|2025-06-20|no_dr,/home/hku_user3/EnergyBridge/benchmark_results/vpp_patch_2026-07-15/household_s1_dual_commuter_standard_no_dr_tianjin_d20_hist_d20_1_2025-06-20_1day/benchmark_result.json,no_dr_counterfactual_event_window_energy,1,6.6353,6.6353,6.6353,6.6353,0.0,0.0,0.0,0.0,0.0,no_dr_counterfactual_baseline
household_s3_hybrid_work_from_home,household_s3_hybrid_work_from_home,no_dr,Tianjin,1,2025-06-20,d20_hist_d20_1,hist_d20_1,20,/home/hku_user3/EnergyBridge/experiments/real_data/tianjin_tou_price_normalized.csv,18.0,1.0,/home/hku_user3/EnergyBridge/benchmark_results/vpp_patch_2026-07-15/_batch_logs/daily_event_configs/d20_hist_d20_1.json,skipped_done,0,0.0,/home/hku_user3/EnergyBridge/benchmark_results/vpp_patch_2026-07-15/household_s3_hybrid_work_from_home_no_dr_tianjin_d20_hist_d20_1_2025-06-20_1day,/home/hku_user3/EnergyBridge/benchmark_results/vpp_patch_2026-07-15/_batch_logs/daily_dr_memory_tianjin_1day/household_s3_hybrid_work_from_home_no_dr_tianjin_d20_hist_d20_1_2025-06-20_1day.log,/home/hku_user3/EnergyBridge/benchmark_results/vpp_patch_2026-07-15/household_s3_hybrid_work_from_home_no_dr_tianjin_d20_hist_d20_1_2025-06-20_1day/run_summary.txt,0,72.890061,72.890061,67.641812,1.307253,normalized TOU cost/kWh,D:\Pycharm_project\PycharmProjects\EnergyBridge\experiments\real_data\tianjin_tou_price_normalized.csv,6.6348,6.6348,1.0,1.0,,0.0,0.8,[],"['dishwasher', 'dryer', 'ev', 'washer', 'water_heater']",[],matched,household_s3_hybrid_work_from_home|tianjin|1days|2025-06-20|no_dr,/home/hku_user3/EnergyBridge/benchmark_results/vpp_patch_2026-07-15/household_s3_hybrid_work_from_home_no_dr_tianjin_d20_hist_d20_1_2025-06-20_1day/benchmark_result.json,no_dr_counterfactual_event_window_energy,1,6.6348,6.6348,6.6348,6.6348,0.0,0.0,0.0,0.0,0.0,no_dr_counterfactual_baseline
household_s4_ev_commuter_flexible,household_s4_ev_commuter_flexible,no_dr,Tianjin,1,2025-06-20,d20_hist_d20_1,hist_d20_1,20,/home/hku_user3/EnergyBridge/experiments/real_data/tianjin_tou_price_normalized.csv,18.0,1.0,/home/hku_user3/EnergyBridge/benchmark_results/vpp_patch_2026-07-15/_batch_logs/daily_event_configs/d20_hist_d20_1.json,skipped_done,0,0.0,/home/hku_user3/EnergyBridge/benchmark_results/vpp_patch_2026-07-15/household_s4_ev_commuter_flexible_no_dr_tianjin_d20_hist_d20_1_2025-06-20_1day,/home/hku_user3/EnergyBridge/benchmark_results/vpp_patch_2026-07-15/_batch_logs/daily_dr_memory_tianjin_1day/household_s4_ev_commuter_flexible_no_dr_tianjin_d20_hist_d20_1_2025-06-20_1day.log,/home/hku_user3/EnergyBridge/benchmark_results/vpp_patch_2026-07-15/household_s4_ev_commuter_flexible_no_dr_tianjin_d20_hist_d20_1_2025-06-20_1day/run_summary.txt,0,76.619169,76.619169,73.674282,1.32813,normalized TOU cost/kWh,D:\Pycharm_project\PycharmProjects\EnergyBridge\experiments\real_data\tianjin_tou_price_normalized.csv,6.6353,6.6353,1.0,1.0,,0.0,1.0,[],"['dishwasher', 'dryer', 'ev', 'washer', 'water_heater']",[],matched,household_s4_ev_commuter_flexible|tianjin|1days|2025-06-20|no_dr,/home/hku_user3/EnergyBridge/benchmark_results/vpp_patch_2026-07-15/household_s4_ev_commuter_flexible_no_dr_tianjin_d20_hist_d20_1_2025-06-20_1day/benchmark_result.json,no_dr_counterfactual_event_window_energy,1,6.6353,6.6353,6.6353,6.6353,0.0,0.0,0.0,0.0,0.0,no_dr_counterfactual_baseline
household_s1_dual_commuter_standard,household_s1_dual_commuter_standard,EnergyBridge,Tianjin,1,2025-06-20,d20_hist_d20_1,hist_d20_1,20,/home/hku_user3/EnergyBridge/experiments/real_data/tianjin_tou_price_normalized.csv,18.0,1.0,/home/hku_user3/EnergyBridge/benchmark_results/vpp_patch_2026-07-15/_batch_logs/daily_event_configs/d20_hist_d20_1.json,skipped_done,0,0.0,/home/hku_user3/EnergyBridge/benchmark_results/vpp_patch_2026-07-15/household_s1_dual_commuter_standard_EnergyBridge_tianjin_d20_hist_d20_1_2025-06-20_1day,/home/hku_user3/EnergyBridge/benchmark_results/vpp_patch_2026-07-15/_batch_logs/daily_dr_memory_tianjin_1day/household_s1_dual_commuter_standard_EnergyBridge_tianjin_d20_hist_d20_1_2025-06-20_1day.log,/home/hku_user3/EnergyBridge/benchmark_results/vpp_patch_2026-07-15/household_s1_dual_commuter_standard_EnergyBridge_tianjin_d20_hist_d20_1_2025-06-20_1day/run_summary.txt,0,68.073317,68.073317,65.64209,1.294921,normalized TOU cost/kWh,D:\Pycharm_project\PycharmProjects\EnergyBridge\experiments\real_data\tianjin_tou_price_normalized.csv,2.7587,2.7587,1.0,1.0,3.75,1.0,1.0,"['dishwasher', 'dryer', 'ev', 'washer', 'water_heater']",[],[],matched,household_s1_dual_commuter_standard|tianjin|1days|2025-06-20|no_dr,/home/hku_user3/EnergyBridge/benchmark_results/vpp_patch_2026-07-15/household_s1_dual_commuter_standard_no_dr_tianjin_d20_hist_d20_1_2025-06-20_1day/benchmark_result.json,no_dr_counterfactual_event_window_energy,1,6.6353,2.7587,6.6353,6.6353,3.8766,3.8766,0.584239,3.8766,3.8766,no_dr_counterfactual_baseline
household_s5_shared_roommates_irregular,household_s5_shared_roommates_irregular,no_dr,Tianjin,1,2025-06-20,d20_hist_d20_1,hist_d20_1,20,/home/hku_user3/EnergyBridge/experiments/real_data/tianjin_tou_price_normalized.csv,18.0,1.0,/home/hku_user3/EnergyBridge/benchmark_results/vpp_patch_2026-07-15/_batch_logs/daily_event_configs/d20_hist_d20_1.json,skipped_done,0,0.0,/home/hku_user3/EnergyBridge/benchmark_results/vpp_patch_2026-07-15/household_s5_shared_roommates_irregular_no_dr_tianjin_d20_hist_d20_1_2025-06-20_1day,/home/hku_user3/EnergyBridge/benchmark_results/vpp_patch_2026-07-15/_batch_logs/daily_dr_memory_tianjin_1day/household_s5_shared_roommates_irregular_no_dr_tianjin_d20_hist_d20_1_2025-06-20_1day.log,/home/hku_user3/EnergyBridge/benchmark_results/vpp_patch_2026-07-15/household_s5_shared_roommates_irregular_no_dr_tianjin_d20_hist_d20_1_2025-06-20_1day/run_summary.txt,0,72.53801,72.53801,67.144427,1.30654,normalized TOU cost/kWh,D:\Pycharm_project\PycharmProjects\EnergyBridge\experiments\real_data\tianjin_tou_price_normalized.csv,6.6353,6.6353,1.0,1.0,,0.0,1.0,[],"['dishwasher', 'dryer', 'ev', 'washer', 'water_heater']",[],matched,household_s5_shared_roommates_irregular|tianjin|1days|2025-06-20|no_dr,/home/hku_user3/EnergyBridge/benchmark_results/vpp_patch_2026-07-15/household_s5_shared_roommates_irregular_no_dr_tianjin_d20_hist_d20_1_2025-06-20_1day/benchmark_result.json,no_dr_counterfactual_event_window_energy,1,6.6353,6.6353,6.6353,6.6353,0.0,0.0,0.0,0.0,0.0,no_dr_counterfactual_baseline
household_s2_multigeneration_caregiver,household_s2_multigeneration_caregiver,EnergyBridge,Tianjin,1,2025-06-20,d20_hist_d20_1,hist_d20_1,20,/home/hku_user3/EnergyBridge/experiments/real_data/tianjin_tou_price_normalized.csv,18.0,1.0,/home/hku_user3/EnergyBridge/benchmark_results/vpp_patch_2026-07-15/_batch_logs/daily_event_configs/d20_hist_d20_1.json,skipped_done,0,0.0,/home/hku_user3/EnergyBridge/benchmark_results/vpp_patch_2026-07-15/household_s2_multigeneration_caregiver_EnergyBridge_tianjin_d20_hist_d20_1_2025-06-20_1day,/home/hku_user3/EnergyBridge/benchmark_results/vpp_patch_2026-07-15/_batch_logs/daily_dr_memory_tianjin_1day/household_s2_multigeneration_caregiver_EnergyBridge_tianjin_d20_hist_d20_1_2025-06-20_1day.log,/home/hku_user3/EnergyBridge/benchmark_results/vpp_patch_2026-07-15/household_s2_multigeneration_caregiver_EnergyBridge_tianjin_d20_hist_d20_1_2025-06-20_1day/run_summary.txt,0,66.943386,66.943386,65.642779,1.249409,normalized TOU cost/kWh,D:\Pycharm_project\PycharmProjects\EnergyBridge\experiments\real_data\tianjin_tou_price_normalized.csv,2.3286,2.3286,1.0,1.0,4.0,1.0,1.0,"['dishwasher', 'dryer', 'ev', 'washer', 'water_heater']",[],[],matched,household_s2_multigeneration_caregiver|tianjin|1days|2025-06-20|no_dr,/home/hku_user3/EnergyBridge/benchmark_results/vpp_patch_2026-07-15/household_s2_multigeneration_caregiver_no_dr_tianjin_d20_hist_d20_1_2025-06-20_1day/benchmark_result.json,no_dr_counterfactual_event_window_energy,1,6.7044,2.3286,6.7044,6.7044,4.3758,4.3758,0.652676,4.3758,4.3758,no_dr_counterfactual_baseline
household_s5_shared_roommates_irregular,household_s5_shared_roommates_irregular,EnergyBridge,Germany,1,2025-06-20,d20_hist_d20_1,hist_d20_1,20,/home/hku_user3/EnergyBridge/experiments/real_data/germany_2025_price.csv,18.0,1.0,/home/hku_user3/EnergyBridge/benchmark_results/vpp_patch_2026-07-15/_batch_logs/daily_event_configs/d20_hist_d20_1.json,skipped_done,0,0.0,/home/hku_user3/EnergyBridge/benchmark_results/vpp_patch_2026-07-15/household_s5_shared_roommates_irregular_EnergyBridge_germany_d20_hist_d20_1_2025-06-20_1day,/home/hku_user3/EnergyBridge/benchmark_results/vpp_patch_2026-07-15/_batch_logs/daily_dr_memory_germany_1day/household_s5_shared_roommates_irregular_EnergyBridge_germany_d20_hist_d20_1_2025-06-20_1day.log,/home/hku_user3/EnergyBridge/benchmark_results/vpp_patch_2026-07-15/household_s5_shared_roommates_irregular_EnergyBridge_germany_d20_hist_d20_1_2025-06-20_1day/run_summary.txt,0,43.822878,43.822878,15.272904,0.089661,EUR/kWh,D:\Pycharm_project\PycharmProjects\EnergyBridge\experiments\real_data\germany_2025_price.csv,6.7543,6.7543,1.0,1.0,4.0,1.0,1.0,"['dishwasher', 'dryer', 'ev', 'washer', 'water_heater']",[],[],matched,household_s5_shared_roommates_irregular|germany|1days|2025-06-20|no_dr,/home/hku_user3/EnergyBridge/benchmark_results/vpp_patch_2026-07-15/household_s5_shared_roommates_irregular_no_dr_germany_d20_hist_d20_1_2025-06-20_1day/benchmark_result.json,no_dr_counterfactual_event_window_energy,1,10.6222,6.7543,10.6222,10.6222,3.8679,3.8679,0.364134,3.8679,3.8679,no_dr_counterfactual_baseline
household_s3_hybrid_work_from_home,household_s3_hybrid_work_from_home,EnergyBridge,Tianjin,1,2025-06-20,d20_hist_d20_1,hist_d20_1,20,/home/hku_user3/EnergyBridge/experiments/real_data/tianjin_tou_price_normalized.csv,18.0,1.0,/home/hku_user3/EnergyBridge/benchmark_results/vpp_patch_2026-07-15/_batch_logs/daily_event_configs/d20_hist_d20_1.json,skipped_done,0,0.0,/home/hku_user3/EnergyBridge/benchmark_results/vpp_patch_2026-07-15/household_s3_hybrid_work_from_home_EnergyBridge_tianjin_d20_hist_d20_1_2025-06-20_1day,/home/hku_user3/EnergyBridge/benchmark_results/vpp_patch_2026-07-15/_batch_logs/daily_dr_memory_tianjin_1day/household_s3_hybrid_work_from_home_EnergyBridge_tianjin_d20_hist_d20_1_2025-06-20_1day.log,/home/hku_user3/EnergyBridge/benchmark_results/vpp_patch_2026-07-15/household_s3_hybrid_work_from_home_EnergyBridge_tianjin_d20_hist_d20_1_2025-06-20_1day/run_summary.txt,0,65.745363,65.745363,68.744961,1.324401,normalized TOU cost/kWh,D:\Pycharm_project\PycharmProjects\EnergyBridge\experiments\real_data\tianjin_tou_price_normalized.csv,2.0582,2.0582,1.0,1.0,3.333,1.0,1.0,"['dishwasher', 'dryer', 'ev', 'washer', 'water_heater']",[],[],matched,household_s3_hybrid_work_from_home|tianjin|1days|2025-06-20|no_dr,/home/hku_user3/EnergyBridge/benchmark_results/vpp_patch_2026-07-15/household_s3_hybrid_work_from_home_no_dr_tianjin_d20_hist_d20_1_2025-06-20_1day/benchmark_result.json,no_dr_counterfactual_event_window_energy,1,6.6348,2.0582,6.6348,6.6348,4.5766,4.5766,0.689787,4.5766,4.5766,no_dr_counterfactual_baseline
household_s1_dual_commuter_standard,household_s1_dual_commuter_standard,no_dr,Germany,1,2025-06-21,d21_hist_d21_1_patched,hist_d21_1_patched,21,/home/hku_user3/EnergyBridge/experiments/real_data/germany_2025_price.csv,18.0,1.0,/home/hku_user3/EnergyBridge/benchmark_results/vpp_patch_2026-07-15/_batch_logs/daily_event_configs/d21_hist_d21_1_patched.json,skipped_done,0,0.0,/home/hku_user3/EnergyBridge/benchmark_results/vpp_patch_2026-07-15/household_s1_dual_commuter_standard_no_dr_germany_d21_hist_d21_1_patched_2025-06-21_1day,/home/hku_user3/EnergyBridge/benchmark_results/vpp_patch_2026-07-15/_batch_logs/daily_dr_memory_germany_1day/household_s1_dual_commuter_standard_no_dr_germany_d21_hist_d21_1_patched_2025-06-21_1day.log,/home/hku_user3/EnergyBridge/benchmark_results/vpp_patch_2026-07-15/household_s1_dual_commuter_standard_no_dr_germany_d21_hist_d21_1_patched_2025-06-21_1day/run_summary.txt,0,49.931761,49.931761,14.25454,0.080121,EUR/kWh,/home/hku_user3/EnergyBridge/experiments/real_data/germany_2025_price.csv,10.843,10.843,1.0,1.0,,0.0,1.0,[],"['dishwasher', 'dryer', 'ev', 'washer', 'water_heater']",[],matched,household_s1_dual_commuter_standard|germany|1days|2025-06-21|no_dr,/home/hku_user3/EnergyBridge/benchmark_results/vpp_patch_2026-07-15/household_s1_dual_commuter_standard_no_dr_germany_d21_hist_d21_1_patched_2025-06-21_1day/benchmark_result.json,no_dr_counterfactual_event_window_energy,1,10.843,10.843,10.843,10.843,0.0,0.0,0.0,0.0,0.0,no_dr_counterfactual_baseline
household_s2_multigeneration_caregiver,household_s2_multigeneration_caregiver,no_dr,Germany,1,2025-06-21,d21_hist_d21_1_patched,hist_d21_1_patched,21,/home/hku_user3/EnergyBridge/experiments/real_data/germany_2025_price.csv,18.0,1.0,/home/hku_user3/EnergyBridge/benchmark_results/vpp_patch_2026-07-15/_batch_logs/daily_event_configs/d21_hist_d21_1_patched.json,skipped_done,0,0.0,/home/hku_user3/EnergyBridge/benchmark_results/vpp_patch_2026-07-15/household_s2_multigeneration_caregiver_no_dr_germany_d21_hist_d21_1_patched_2025-06-21_1day,/home/hku_user3/EnergyBridge/benchmark_results/vpp_patch_2026-07-15/_batch_logs/daily_dr_memory_germany_1day/household_s2_multigeneration_caregiver_no_dr_germany_d21_hist_d21_1_patched_2025-06-21_1day.log,/home/hku_user3/EnergyBridge/benchmark_results/vpp_patch_2026-07-15/household_s2_multigeneration_caregiver_no_dr_germany_d21_hist_d21_1_patched_2025-06-21_1day/run_summary.txt,0,46.654487,46.654487,13.989413,0.079424,EUR/kWh,/home/hku_user3/EnergyBridge/experiments/real_data/germany_2025_price.csv,10.8832,10.8832,1.0,1.0,,0.0,1.0,[],"['dishwasher', 'dryer', 'ev', 'washer', 'water_heater']",[],matched,household_s2_multigeneration_caregiver|germany|1days|2025-06-21|no_dr,/home/hku_user3/EnergyBridge/benchmark_results/vpp_patch_2026-07-15/household_s2_multigeneration_caregiver_no_dr_germany_d21_hist_d21_1_patched_2025-06-21_1day/benchmark_result.json,no_dr_counterfactual_event_window_energy,1,10.8832,10.8832,10.8832,10.8832,0.0,0.0,0.0,0.0,0.0,no_dr_counterfactual_baseline
household_s3_hybrid_work_from_home,household_s3_hybrid_work_from_home,no_dr,Germany,1,2025-06-21,d21_hist_d21_1_patched,hist_d21_1_patched,21,/home/hku_user3/EnergyBridge/experiments/real_data/germany_2025_price.csv,18.0,1.0,/home/hku_user3/EnergyBridge/benchmark_results/vpp_patch_2026-07-15/_batch_logs/daily_event_configs/d21_hist_d21_1_patched.json,skipped_done,0,0.0,/home/hku_user3/EnergyBridge/benchmark_results/vpp_patch_2026-07-15/household_s3_hybrid_work_from_home_no_dr_germany_d21_hist_d21_1_patched_2025-06-21_1day,/home/hku_user3/EnergyBridge/benchmark_results/vpp_patch_2026-07-15/_batch_logs/daily_dr_memory_germany_1day/household_s3_hybrid_work_from_home_no_dr_germany_d21_hist_d21_1_patched_2025-06-21_1day.log,/home/hku_user3/EnergyBridge/benchmark_results/vpp_patch_2026-07-15/household_s3_hybrid_work_from_home_no_dr_germany_d21_hist_d21_1_patched_2025-06-21_1day/run_summary.txt,0,47.832818,47.832818,14.091831,0.079814,EUR/kWh,/home/hku_user3/EnergyBridge/experiments/real_data/germany_2025_price.csv,10.858,10.858,1.0,1.0,,0.0,0.8,[],"['dishwasher', 'dryer', 'ev', 'washer', 'water_heater']",[],matched,household_s3_hybrid_work_from_home|germany|1days|2025-06-21|no_dr,/home/hku_user3/EnergyBridge/benchmark_results/vpp_patch_2026-07-15/household_s3_hybrid_work_from_home_no_dr_germany_d21_hist_d21_1_patched_2025-06-21_1day/benchmark_result.json,no_dr_counterfactual_event_window_energy,1,10.858,10.858,10.858,10.858,0.0,0.0,0.0,0.0,0.0,no_dr_counterfactual_baseline
household_s4_ev_commuter_flexible,household_s4_ev_commuter_flexible,EnergyBridge,Tianjin,1,2025-06-20,d20_hist_d20_1,hist_d20_1,20,/home/hku_user3/EnergyBridge/experiments/real_data/tianjin_tou_price_normalized.csv,18.0,1.0,/home/hku_user3/EnergyBridge/benchmark_results/vpp_patch_2026-07-15/_batch_logs/daily_event_configs/d20_hist_d20_1.json,skipped_done,0,0.0,/home/hku_user3/EnergyBridge/benchmark_results/vpp_patch_2026-07-15/household_s4_ev_commuter_flexible_EnergyBridge_tianjin_d20_hist_d20_1_2025-06-20_1day,/home/hku_user3/EnergyBridge/benchmark_results/vpp_patch_2026-07-15/_batch_logs/daily_dr_memory_tianjin_1day/household_s4_ev_commuter_flexible_EnergyBridge_tianjin_d20_hist_d20_1_2025-06-20_1day.log,/home/hku_user3/EnergyBridge/benchmark_results/vpp_patch_2026-07-15/household_s4_ev_commuter_flexible_EnergyBridge_tianjin_d20_hist_d20_1_2025-06-20_1day/run_summary.txt,0,70.113896,70.113896,68.616003,1.330647,normalized TOU cost/kWh,D:\Pycharm_project\PycharmProjects\EnergyBridge\experiments\real_data\tianjin_tou_price_normalized.csv,2.7587,2.7587,1.0,1.0,4.5,1.0,1.0,"['dishwasher', 'dryer', 'ev', 'washer', 'water_heater']",[],[],matched,household_s4_ev_commuter_flexible|tianjin|1days|2025-06-20|no_dr,/home/hku_user3/EnergyBridge/benchmark_results/vpp_patch_2026-07-15/household_s4_ev_commuter_flexible_no_dr_tianjin_d20_hist_d20_1_2025-06-20_1day/benchmark_result.json,no_dr_counterfactual_event_window_energy,1,6.6353,2.7587,6.6353,6.6353,3.8766,3.8766,0.584239,3.8766,3.8766,no_dr_counterfactual_baseline
household_s4_ev_commuter_flexible,household_s4_ev_commuter_flexible,no_dr,Germany,1,2025-06-21,d21_hist_d21_1_patched,hist_d21_1_patched,21,/home/hku_user3/EnergyBridge/experiments/real_data/germany_2025_price.csv,18.0,1.0,/home/hku_user3/EnergyBridge/benchmark_results/vpp_patch_2026-07-15/_batch_logs/daily_event_configs/d21_hist_d21_1_patched.json,skipped_done,0,0.0,/home/hku_user3/EnergyBridge/benchmark_results/vpp_patch_2026-07-15/household_s4_ev_commuter_flexible_no_dr_germany_d21_hist_d21_1_patched_2025-06-21_1day,/home/hku_user3/EnergyBridge/benchmark_results/vpp_patch_2026-07-15/_batch_logs/daily_dr_memory_germany_1day/household_s4_ev_commuter_flexible_no_dr_germany_d21_hist_d21_1_patched_2025-06-21_1day.log,/home/hku_user3/EnergyBridge/benchmark_results/vpp_patch_2026-07-15/household_s4_ev_commuter_flexible_no_dr_germany_d21_hist_d21_1_patched_2025-06-21_1day/run_summary.txt,0,52.265095,52.265095,14.390456,0.080358,EUR/kWh,/home/hku_user3/EnergyBridge/experiments/real_data/germany_2025_price.csv,10.843,10.843,1.0,1.0,,0.0,1.0,[],"['dishwasher', 'dryer', 'ev', 'washer', 'water_heater']",[],matched,household_s4_ev_commuter_flexible|germany|1days|2025-06-21|no_dr,/home/hku_user3/EnergyBridge/benchmark_results/vpp_patch_2026-07-15/household_s4_ev_commuter_flexible_no_dr_germany_d21_hist_d21_1_patched_2025-06-21_1day/benchmark_result.json,no_dr_counterfactual_event_window_energy,1,10.843,10.843,10.843,10.843,0.0,0.0,0.0,0.0,0.0,no_dr_counterfactual_baseline
household_s1_dual_commuter_standard,household_s1_dual_commuter_standard,EnergyBridge,Germany,1,2025-06-21,d21_hist_d21_1_patched,hist_d21_1_patched,21,/home/hku_user3/EnergyBridge/experiments/real_data/germany_2025_price.csv,18.0,1.0,/home/hku_user3/EnergyBridge/benchmark_results/vpp_patch_2026-07-15/_batch_logs/daily_event_configs/d21_hist_d21_1_patched.json,skipped_done,0,0.0,/home/hku_user3/EnergyBridge/benchmark_results/vpp_patch_2026-07-15/household_s1_dual_commuter_standard_EnergyBridge_germany_d21_hist_d21_1_patched_2025-06-21_1day,/home/hku_user3/EnergyBridge/benchmark_results/vpp_patch_2026-07-15/_batch_logs/daily_dr_memory_germany_1day/household_s1_dual_commuter_standard_EnergyBridge_germany_d21_hist_d21_1_patched_2025-06-21_1day.log,/home/hku_user3/EnergyBridge/benchmark_results/vpp_patch_2026-07-15/household_s1_dual_commuter_standard_EnergyBridge_germany_d21_hist_d21_1_patched_2025-06-21_1day/run_summary.txt,0,54.534213,54.534213,12.243698,0.073337,EUR/kWh,/home/hku_user3/EnergyBridge/experiments/real_data/germany_2025_price.csv,7.2413,7.2413,1.0,1.0,3.75,1.0,1.0,"['dishwasher', 'dryer', 'ev', 'washer', 'water_heater']",[],[],matched,household_s1_dual_commuter_standard|germany|1days|2025-06-21|no_dr,/home/hku_user3/EnergyBridge/benchmark_results/vpp_patch_2026-07-15/household_s1_dual_commuter_standard_no_dr_germany_d21_hist_d21_1_patched_2025-06-21_1day/benchmark_result.json,no_dr_counterfactual_event_window_energy,1,10.843,7.2413,10.843,10.843,3.6017,3.6017,0.332168,3.6017,3.6017,no_dr_counterfactual_baseline
household_s5_shared_roommates_irregular,household_s5_shared_roommates_irregular,no_dr,Germany,1,2025-06-21,d21_hist_d21_1_patched,hist_d21_1_patched,21,/home/hku_user3/EnergyBridge/experiments/real_data/germany_2025_price.csv,18.0,1.0,/home/hku_user3/EnergyBridge/benchmark_results/vpp_patch_2026-07-15/_batch_logs/daily_event_configs/d21_hist_d21_1_patched.json,skipped_done,0,0.0,/home/hku_user3/EnergyBridge/benchmark_results/vpp_patch_2026-07-15/household_s5_shared_roommates_irregular_no_dr_germany_d21_hist_d21_1_patched_2025-06-21_1day,/home/hku_user3/EnergyBridge/benchmark_results/vpp_patch_2026-07-15/_batch_logs/daily_dr_memory_germany_1day/household_s5_shared_roommates_irregular_no_dr_germany_d21_hist_d21_1_patched_2025-06-21_1day.log,/home/hku_user3/EnergyBridge/benchmark_results/vpp_patch_2026-07-15/household_s5_shared_roommates_irregular_no_dr_germany_d21_hist_d21_1_patched_2025-06-21_1day/run_summary.txt,0,47.598428,47.598428,14.096211,0.079754,EUR/kWh,/home/hku_user3/EnergyBridge/experiments/real_data/germany_2025_price.csv,10.843,10.843,1.0,1.0,,0.0,1.0,[],"['dishwasher', 'dryer', 'ev', 'washer', 'water_heater']",[],matched,household_s5_shared_roommates_irregular|germany|1days|2025-06-21|no_dr,/home/hku_user3/EnergyBridge/benchmark_results/vpp_patch_2026-07-15/household_s5_shared_roommates_irregular_no_dr_germany_d21_hist_d21_1_patched_2025-06-21_1day/benchmark_result.json,no_dr_counterfactual_event_window_energy,1,10.843,10.843,10.843,10.843,0.0,0.0,0.0,0.0,0.0,no_dr_counterfactual_baseline
household_s5_shared_roommates_irregular,household_s5_shared_roommates_irregular,EnergyBridge,Tianjin,1,2025-06-20,d20_hist_d20_1,hist_d20_1,20,/home/hku_user3/EnergyBridge/experiments/real_data/tianjin_tou_price_normalized.csv,18.0,1.0,/home/hku_user3/EnergyBridge/benchmark_results/vpp_patch_2026-07-15/_batch_logs/daily_event_configs/d20_hist_d20_1.json,skipped_done,0,0.0,/home/hku_user3/EnergyBridge/benchmark_results/vpp_patch_2026-07-15/household_s5_shared_roommates_irregular_EnergyBridge_tianjin_d20_hist_d20_1_2025-06-20_1day,/home/hku_user3/EnergyBridge/benchmark_results/vpp_patch_2026-07-15/_batch_logs/daily_dr_memory_tianjin_1day/household_s5_shared_roommates_irregular_EnergyBridge_tianjin_d20_hist_d20_1_2025-06-20_1day.log,/home/hku_user3/EnergyBridge/benchmark_results/vpp_patch_2026-07-15/household_s5_shared_roommates_irregular_EnergyBridge_tianjin_d20_hist_d20_1_2025-06-20_1day/run_summary.txt,0,66.857963,66.857963,62.850042,1.284755,normalized TOU cost/kWh,D:\Pycharm_project\PycharmProjects\EnergyBridge\experiments\real_data\tianjin_tou_price_normalized.csv,2.1579,2.1579,1.0,1.0,4.0,1.0,1.0,"['dishwasher', 'dryer', 'ev', 'washer', 'water_heater']",[],[],matched,household_s5_shared_roommates_irregular|tianjin|1days|2025-06-20|no_dr,/home/hku_user3/EnergyBridge/benchmark_results/vpp_patch_2026-07-15/household_s5_shared_roommates_irregular_no_dr_tianjin_d20_hist_d20_1_2025-06-20_1day/benchmark_result.json,no_dr_counterfactual_event_window_energy,1,6.6353,2.1579,6.6353,6.6353,4.4774,4.4774,0.674785,4.4774,4.4774,no_dr_counterfactual_baseline
household_s3_hybrid_work_from_home,household_s3_hybrid_work_from_home,EnergyBridge,Germany,1,2025-06-21,d21_hist_d21_1_patched,hist_d21_1_patched,21,/home/hku_user3/EnergyBridge/experiments/real_data/germany_2025_price.csv,18.0,1.0,/home/hku_user3/EnergyBridge/benchmark_results/vpp_patch_2026-07-15/_batch_logs/daily_event_configs/d21_hist_d21_1_patched.json,skipped_done,0,0.0,/home/hku_user3/EnergyBridge/benchmark_results/vpp_patch_2026-07-15/household_s3_hybrid_work_from_home_EnergyBridge_germany_d21_hist_d21_1_patched_2025-06-21_1day,/home/hku_user3/EnergyBridge/benchmark_results/vpp_patch_2026-07-15/_batch_logs/daily_dr_memory_germany_1day/household_s3_hybrid_work_from_home_EnergyBridge_germany_d21_hist_d21_1_patched_2025-06-21_1day.log,/home/hku_user3/EnergyBridge/benchmark_results/vpp_patch_2026-07-15/household_s3_hybrid_work_from_home_EnergyBridge_germany_d21_hist_d21_1_patched_2025-06-21_1day/run_summary.txt,0,49.585203,49.585203,12.075738,0.07233,EUR/kWh,/home/hku_user3/EnergyBridge/experiments/real_data/germany_2025_price.csv,6.6438,6.6438,1.0,1.0,4.0,1.0,1.0,"['dishwasher', 'dryer', 'ev', 'washer', 'water_heater']",[],[],matched,household_s3_hybrid_work_from_home|germany|1days|2025-06-21|no_dr,/home/hku_user3/EnergyBridge/benchmark_results/vpp_patch_2026-07-15/household_s3_hybrid_work_from_home_no_dr_germany_d21_hist_d21_1_patched_2025-06-21_1day/benchmark_result.json,no_dr_counterfactual_event_window_energy,1,10.858,6.6438,10.858,10.858,4.2142,4.2142,0.388119,4.2142,4.2142,no_dr_counterfactual_baseline
household_s1_dual_commuter_standard,household_s1_dual_commuter_standard,no_dr,Tianjin,1,2025-06-21,d21_hist_d21_1_patched,hist_d21_1_patched,21,/home/hku_user3/EnergyBridge/experiments/real_data/tianjin_tou_price_normalized.csv,18.0,1.0,/home/hku_user3/EnergyBridge/benchmark_results/vpp_patch_2026-07-15/_batch_logs/daily_event_configs/d21_hist_d21_1_patched.json,skipped_done,0,0.0,/home/hku_user3/EnergyBridge/benchmark_results/vpp_patch_2026-07-15/household_s1_dual_commuter_standard_no_dr_tianjin_d21_hist_d21_1_patched_2025-06-21_1day,/home/hku_user3/EnergyBridge/benchmark_results/vpp_patch_2026-07-15/_batch_logs/daily_dr_memory_tianjin_1day/household_s1_dual_commuter_standard_no_dr_tianjin_d21_hist_d21_1_patched_2025-06-21_1day.log,/home/hku_user3/EnergyBridge/benchmark_results/vpp_patch_2026-07-15/household_s1_dual_commuter_standard_no_dr_tianjin_d21_hist_d21_1_patched_2025-06-21_1day/run_summary.txt,0,57.001511,57.001511,57.773465,1.319199,normalized TOU cost/kWh,/home/hku_user3/EnergyBridge/experiments/real_data/tianjin_tou_price_normalized.csv,4.6734,4.6734,1.0,1.0,,0.0,1.0,[],"['dishwasher', 'dryer', 'ev', 'washer', 'water_heater']",[],matched,household_s1_dual_commuter_standard|tianjin|1days|2025-06-21|no_dr,/home/hku_user3/EnergyBridge/benchmark_results/vpp_patch_2026-07-15/household_s1_dual_commuter_standard_no_dr_tianjin_d21_hist_d21_1_patched_2025-06-21_1day/benchmark_result.json,no_dr_counterfactual_event_window_energy,1,4.6734,4.6734,4.6734,4.6734,0.0,0.0,0.0,0.0,0.0,no_dr_counterfactual_baseline
household_s2_multigeneration_caregiver,household_s2_multigeneration_caregiver,no_dr,Tianjin,1,2025-06-21,d21_hist_d21_1_patched,hist_d21_1_patched,21,/home/hku_user3/EnergyBridge/experiments/real_data/tianjin_tou_price_normalized.csv,18.0,1.0,/home/hku_user3/EnergyBridge/benchmark_results/vpp_patch_2026-07-15/_batch_logs/daily_event_configs/d21_hist_d21_1_patched.json,skipped_done,0,0.0,/home/hku_user3/EnergyBridge/benchmark_results/vpp_patch_2026-07-15/household_s2_multigeneration_caregiver_no_dr_tianjin_d21_hist_d21_1_patched_2025-06-21_1day,/home/hku_user3/EnergyBridge/benchmark_results/vpp_patch_2026-07-15/_batch_logs/daily_dr_memory_tianjin_1day/household_s2_multigeneration_caregiver_no_dr_tianjin_d21_hist_d21_1_patched_2025-06-21_1day.log,/home/hku_user3/EnergyBridge/benchmark_results/vpp_patch_2026-07-15/household_s2_multigeneration_caregiver_no_dr_tianjin_d21_hist_d21_1_patched_2025-06-21_1day/run_summary.txt,0,54.42838,54.42838,55.876077,1.296909,normalized TOU cost/kWh,/home/hku_user3/EnergyBridge/experiments/real_data/tianjin_tou_price_normalized.csv,4.7342,4.7342,1.0,1.0,,0.0,1.0,[],"['dishwasher', 'dryer', 'ev', 'washer', 'water_heater']",[],matched,household_s2_multigeneration_caregiver|tianjin|1days|2025-06-21|no_dr,/home/hku_user3/EnergyBridge/benchmark_results/vpp_patch_2026-07-15/household_s2_multigeneration_caregiver_no_dr_tianjin_d21_hist_d21_1_patched_2025-06-21_1day/benchmark_result.json,no_dr_counterfactual_event_window_energy,1,4.7342,4.7342,4.7342,4.7342,0.0,0.0,0.0,0.0,0.0,no_dr_counterfactual_baseline
household_s4_ev_commuter_flexible,household_s4_ev_commuter_flexible,EnergyBridge,Germany,1,2025-06-21,d21_hist_d21_1_patched,hist_d21_1_patched,21,/home/hku_user3/EnergyBridge/experiments/real_data/germany_2025_price.csv,18.0,1.0,/home/hku_user3/EnergyBridge/benchmark_results/vpp_patch_2026-07-15/_batch_logs/daily_event_configs/d21_hist_d21_1_patched.json,skipped_done,0,0.0,/home/hku_user3/EnergyBridge/benchmark_results/vpp_patch_2026-07-15/household_s4_ev_commuter_flexible_EnergyBridge_germany_d21_hist_d21_1_patched_2025-06-21_1day,/home/hku_user3/EnergyBridge/benchmark_results/vpp_patch_2026-07-15/_batch_logs/daily_dr_memory_germany_1day/household_s4_ev_commuter_flexible_EnergyBridge_germany_d21_hist_d21_1_patched_2025-06-21_1day.log,/home/hku_user3/EnergyBridge/benchmark_results/vpp_patch_2026-07-15/household_s4_ev_commuter_flexible_EnergyBridge_germany_d21_hist_d21_1_patched_2025-06-21_1day/run_summary.txt,0,56.6603,56.6603,12.638652,0.074449,EUR/kWh,/home/hku_user3/EnergyBridge/experiments/real_data/germany_2025_price.csv,7.2413,7.2413,1.0,1.0,4.5,1.0,1.0,"['dishwasher', 'dryer', 'ev', 'washer', 'water_heater']",[],[],matched,household_s4_ev_commuter_flexible|germany|1days|2025-06-21|no_dr,/home/hku_user3/EnergyBridge/benchmark_results/vpp_patch_2026-07-15/household_s4_ev_commuter_flexible_no_dr_germany_d21_hist_d21_1_patched_2025-06-21_1day/benchmark_result.json,no_dr_counterfactual_event_window_energy,1,10.843,7.2413,10.843,10.843,3.6017,3.6017,0.332168,3.6017,3.6017,no_dr_counterfactual_baseline
household_s2_multigeneration_caregiver,household_s2_multigeneration_caregiver,EnergyBridge,Germany,1,2025-06-21,d21_hist_d21_1_patched,hist_d21_1_patched,21,/home/hku_user3/EnergyBridge/experiments/real_data/germany_2025_price.csv,18.0,1.0,/home/hku_user3/EnergyBridge/benchmark_results/vpp_patch_2026-07-15/_batch_logs/daily_event_configs/d21_hist_d21_1_patched.json,skipped_done,0,0.0,/home/hku_user3/EnergyBridge/benchmark_results/vpp_patch_2026-07-15/household_s2_multigeneration_caregiver_EnergyBridge_germany_d21_hist_d21_1_patched_2025-06-21_1day,/home/hku_user3/EnergyBridge/benchmark_results/vpp_patch_2026-07-15/_batch_logs/daily_dr_memory_germany_1day/household_s2_multigeneration_caregiver_EnergyBridge_germany_d21_hist_d21_1_patched_2025-06-21_1day.log,/home/hku_user3/EnergyBridge/benchmark_results/vpp_patch_2026-07-15/household_s2_multigeneration_caregiver_EnergyBridge_germany_d21_hist_d21_1_patched_2025-06-21_1day/run_summary.txt,0,48.552682,48.552682,12.058706,0.071566,EUR/kWh,/home/hku_user3/EnergyBridge/experiments/real_data/germany_2025_price.csv,6.7648,6.7648,1.0,1.0,4.0,1.0,1.0,"['dishwasher', 'dryer', 'ev', 'washer', 'water_heater']",[],[],matched,household_s2_multigeneration_caregiver|germany|1days|2025-06-21|no_dr,/home/hku_user3/EnergyBridge/benchmark_results/vpp_patch_2026-07-15/household_s2_multigeneration_caregiver_no_dr_germany_d21_hist_d21_1_patched_2025-06-21_1day/benchmark_result.json,no_dr_counterfactual_event_window_energy,1,10.8832,6.7648,10.8832,10.8832,4.1184,4.1184,0.378418,4.1184,4.1184,no_dr_counterfactual_baseline
household_s2_multigeneration_caregiver,household_s2_multigeneration_caregiver,EnergyBridge,Tianjin,1,2025-06-21,d21_hist_d21_1_patched,hist_d21_1_patched,21,/home/hku_user3/EnergyBridge/experiments/real_data/tianjin_tou_price_normalized.csv,18.0,1.0,/home/hku_user3/EnergyBridge/benchmark_results/vpp_patch_2026-07-15/_batch_logs/daily_event_configs/d21_hist_d21_1_patched.json,skipped_done,0,0.0,/home/hku_user3/EnergyBridge/benchmark_results/vpp_patch_2026-07-15/household_s2_multigeneration_caregiver_EnergyBridge_tianjin_d21_hist_d21_1_patched_2025-06-21_1day,/home/hku_user3/EnergyBridge/benchmark_results/vpp_patch_2026-07-15/_batch_logs/daily_dr_memory_tianjin_1day/household_s2_multigeneration_caregiver_EnergyBridge_tianjin_d21_hist_d21_1_patched_2025-06-21_1day.log,/home/hku_user3/EnergyBridge/benchmark_results/vpp_patch_2026-07-15/household_s2_multigeneration_caregiver_EnergyBridge_tianjin_d21_hist_d21_1_patched_2025-06-21_1day/run_summary.txt,0,52.038771,52.038771,53.047113,1.24752,normalized TOU cost/kWh,/home/hku_user3/EnergyBridge/experiments/real_data/tianjin_tou_price_normalized.csv,1.6709,1.6709,1.0,1.0,4.0,1.0,1.0,"['dishwasher', 'dryer', 'ev', 'washer', 'water_heater']",[],[],matched,household_s2_multigeneration_caregiver|tianjin|1days|2025-06-21|no_dr,/home/hku_user3/EnergyBridge/benchmark_results/vpp_patch_2026-07-15/household_s2_multigeneration_caregiver_no_dr_tianjin_d21_hist_d21_1_patched_2025-06-21_1day/benchmark_result.json,no_dr_counterfactual_event_window_energy,1,4.7342,1.6709,4.7342,4.7342,3.0633,3.0633,0.647058,3.0633,3.0633,no_dr_counterfactual_baseline
household_s3_hybrid_work_from_home,household_s3_hybrid_work_from_home,no_dr,Tianjin,1,2025-06-21,d21_hist_d21_1_patched,hist_d21_1_patched,21,/home/hku_user3/EnergyBridge/experiments/real_data/tianjin_tou_price_normalized.csv,18.0,1.0,/home/hku_user3/EnergyBridge/benchmark_results/vpp_patch_2026-07-15/_batch_logs/daily_event_configs/d21_hist_d21_1_patched.json,skipped_done,0,0.0,/home/hku_user3/EnergyBridge/benchmark_results/vpp_patch_2026-07-15/household_s3_hybrid_work_from_home_no_dr_tianjin_d21_hist_d21_1_patched_2025-06-21_1day,/home/hku_user3/EnergyBridge/benchmark_results/vpp_patch_2026-07-15/_batch_logs/daily_dr_memory_tianjin_1day/household_s3_hybrid_work_from_home_no_dr_tianjin_d21_hist_d21_1_patched_2025-06-21_1day.log,/home/hku_user3/EnergyBridge/benchmark_results/vpp_patch_2026-07-15/household_s3_hybrid_work_from_home_no_dr_tianjin_d21_hist_d21_1_patched_2025-06-21_1day/run_summary.txt,0,54.991638,54.991638,56.363664,1.312286,normalized TOU cost/kWh,/home/hku_user3/EnergyBridge/experiments/real_data/tianjin_tou_price_normalized.csv,4.6742,4.6742,1.0,1.0,,0.0,0.8,[],"['dishwasher', 'dryer', 'ev', 'washer', 'water_heater']",[],matched,household_s3_hybrid_work_from_home|tianjin|1days|2025-06-21|no_dr,/home/hku_user3/EnergyBridge/benchmark_results/vpp_patch_2026-07-15/household_s3_hybrid_work_from_home_no_dr_tianjin_d21_hist_d21_1_patched_2025-06-21_1day/benchmark_result.json,no_dr_counterfactual_event_window_energy,1,4.6742,4.6742,4.6742,4.6742,0.0,0.0,0.0,0.0,0.0,no_dr_counterfactual_baseline
household_s5_shared_roommates_irregular,household_s5_shared_roommates_irregular,EnergyBridge,Germany,1,2025-06-21,d21_hist_d21_1_patched,hist_d21_1_patched,21,/home/hku_user3/EnergyBridge/experiments/real_data/germany_2025_price.csv,18.0,1.0,/home/hku_user3/EnergyBridge/benchmark_results/vpp_patch_2026-07-15/_batch_logs/daily_event_configs/d21_hist_d21_1_patched.json,skipped_done,0,0.0,/home/hku_user3/EnergyBridge/benchmark_results/vpp_patch_2026-07-15/household_s5_shared_roommates_irregular_EnergyBridge_germany_d21_hist_d21_1_patched_2025-06-21_1day,/home/hku_user3/EnergyBridge/benchmark_results/vpp_patch_2026-07-15/_batch_logs/daily_dr_memory_germany_1day/household_s5_shared_roommates_irregular_EnergyBridge_germany_d21_hist_d21_1_patched_2025-06-21_1day.log,/home/hku_user3/EnergyBridge/benchmark_results/vpp_patch_2026-07-15/household_s5_shared_roommates_irregular_EnergyBridge_germany_d21_hist_d21_1_patched_2025-06-21_1day/run_summary.txt,0,52.20088,52.20088,12.107781,0.073034,EUR/kWh,/home/hku_user3/EnergyBridge/experiments/real_data/germany_2025_price.csv,7.2413,7.2413,1.0,1.0,4.0,1.0,1.0,"['dishwasher', 'dryer', 'ev', 'washer', 'water_heater']",[],[],matched,household_s5_shared_roommates_irregular|germany|1days|2025-06-21|no_dr,/home/hku_user3/EnergyBridge/benchmark_results/vpp_patch_2026-07-15/household_s5_shared_roommates_irregular_no_dr_germany_d21_hist_d21_1_patched_2025-06-21_1day/benchmark_result.json,no_dr_counterfactual_event_window_energy,1,10.843,7.2413,10.843,10.843,3.6017,3.6017,0.332168,3.6017,3.6017,no_dr_counterfactual_baseline
household_s4_ev_commuter_flexible,household_s4_ev_commuter_flexible,no_dr,Tianjin,1,2025-06-21,d21_hist_d21_1_patched,hist_d21_1_patched,21,/home/hku_user3/EnergyBridge/experiments/real_data/tianjin_tou_price_normalized.csv,18.0,1.0,/home/hku_user3/EnergyBridge/benchmark_results/vpp_patch_2026-07-15/_batch_logs/daily_event_configs/d21_hist_d21_1_patched.json,skipped_done,0,0.0,/home/hku_user3/EnergyBridge/benchmark_results/vpp_patch_2026-07-15/household_s4_ev_commuter_flexible_no_dr_tianjin_d21_hist_d21_1_patched_2025-06-21_1day,/home/hku_user3/EnergyBridge/benchmark_results/vpp_patch_2026-07-15/_batch_logs/daily_dr_memory_tianjin_1day/household_s4_ev_commuter_flexible_no_dr_tianjin_d21_hist_d21_1_patched_2025-06-21_1day.log,/home/hku_user3/EnergyBridge/benchmark_results/vpp_patch_2026-07-15/household_s4_ev_commuter_flexible_no_dr_tianjin_d21_hist_d21_1_patched_2025-06-21_1day/run_summary.txt,0,59.334844,59.334844,59.640132,1.326485,normalized TOU cost/kWh,/home/hku_user3/EnergyBridge/experiments/real_data/tianjin_tou_price_normalized.csv,4.6734,4.6734,1.0,1.0,,0.0,1.0,[],"['dishwasher', 'dryer', 'ev', 'washer', 'water_heater']",[],matched,household_s4_ev_commuter_flexible|tianjin|1days|2025-06-21|no_dr,/home/hku_user3/EnergyBridge/benchmark_results/vpp_patch_2026-07-15/household_s4_ev_commuter_flexible_no_dr_tianjin_d21_hist_d21_1_patched_2025-06-21_1day/benchmark_result.json,no_dr_counterfactual_event_window_energy,1,4.6734,4.6734,4.6734,4.6734,0.0,0.0,0.0,0.0,0.0,no_dr_counterfactual_baseline
household_s1_dual_commuter_standard,household_s1_dual_commuter_standard,EnergyBridge,Tianjin,1,2025-06-21,d21_hist_d21_1_patched,hist_d21_1_patched,21,/home/hku_user3/EnergyBridge/experiments/real_data/tianjin_tou_price_normalized.csv,18.0,1.0,/home/hku_user3/EnergyBridge/benchmark_results/vpp_patch_2026-07-15/_batch_logs/daily_event_configs/d21_hist_d21_1_patched.json,skipped_done,0,0.0,/home/hku_user3/EnergyBridge/benchmark_results/vpp_patch_2026-07-15/household_s1_dual_commuter_standard_EnergyBridge_tianjin_d21_hist_d21_1_patched_2025-06-21_1day,/home/hku_user3/EnergyBridge/benchmark_results/vpp_patch_2026-07-15/_batch_logs/daily_dr_memory_tianjin_1day/household_s1_dual_commuter_standard_EnergyBridge_tianjin_d21_hist_d21_1_patched_2025-06-21_1day.log,/home/hku_user3/EnergyBridge/benchmark_results/vpp_patch_2026-07-15/household_s1_dual_commuter_standard_EnergyBridge_tianjin_d21_hist_d21_1_patched_2025-06-21_1day/run_summary.txt,0,58.645243,58.645243,51.946359,1.305935,normalized TOU cost/kWh,/home/hku_user3/EnergyBridge/experiments/real_data/tianjin_tou_price_normalized.csv,1.1967,1.1967,1.0,1.0,4.0,1.0,1.0,"['dishwasher', 'dryer', 'ev', 'washer', 'water_heater']",[],[],matched,household_s1_dual_commuter_standard|tianjin|1days|2025-06-21|no_dr,/home/hku_user3/EnergyBridge/benchmark_results/vpp_patch_2026-07-15/household_s1_dual_commuter_standard_no_dr_tianjin_d21_hist_d21_1_patched_2025-06-21_1day/benchmark_result.json,no_dr_counterfactual_event_window_energy,1,4.6734,1.1967,4.6734,4.6734,3.4767,3.4767,0.743934,3.4767,3.4767,no_dr_counterfactual_baseline
household_s5_shared_roommates_irregular,household_s5_shared_roommates_irregular,no_dr,Tianjin,1,2025-06-21,d21_hist_d21_1_patched,hist_d21_1_patched,21,/home/hku_user3/EnergyBridge/experiments/real_data/tianjin_tou_price_normalized.csv,18.0,1.0,/home/hku_user3/EnergyBridge/benchmark_results/vpp_patch_2026-07-15/_batch_logs/daily_event_configs/d21_hist_d21_1_patched.json,skipped_done,0,0.0,/home/hku_user3/EnergyBridge/benchmark_results/vpp_patch_2026-07-15/household_s5_shared_roommates_irregular_no_dr_tianjin_d21_hist_d21_1_patched_2025-06-21_1day,/home/hku_user3/EnergyBridge/benchmark_results/vpp_patch_2026-07-15/_batch_logs/daily_dr_memory_tianjin_1day/household_s5_shared_roommates_irregular_no_dr_tianjin_d21_hist_d21_1_patched_2025-06-21_1day.log,/home/hku_user3/EnergyBridge/benchmark_results/vpp_patch_2026-07-15/household_s5_shared_roommates_irregular_no_dr_tianjin_d21_hist_d21_1_patched_2025-06-21_1day/run_summary.txt,0,54.668178,54.668178,55.906799,1.311513,normalized TOU cost/kWh,/home/hku_user3/EnergyBridge/experiments/real_data/tianjin_tou_price_normalized.csv,4.6734,4.6734,1.0,1.0,,0.0,1.0,[],"['dishwasher', 'dryer', 'ev', 'washer', 'water_heater']",[],matched,household_s5_shared_roommates_irregular|tianjin|1days|2025-06-21|no_dr,/home/hku_user3/EnergyBridge/benchmark_results/vpp_patch_2026-07-15/household_s5_shared_roommates_irregular_no_dr_tianjin_d21_hist_d21_1_patched_2025-06-21_1day/benchmark_result.json,no_dr_counterfactual_event_window_energy,1,4.6734,4.6734,4.6734,4.6734,0.0,0.0,0.0,0.0,0.0,no_dr_counterfactual_baseline
household_s1_dual_commuter_standard,household_s1_dual_commuter_standard,no_dr,Germany,1,2025-06-22,d22_hist_d22_1_patched,hist_d22_1_patched,22,/home/hku_user3/EnergyBridge/experiments/real_data/germany_2025_price.csv,18.0,1.0,/home/hku_user3/EnergyBridge/benchmark_results/vpp_patch_2026-07-15/_batch_logs/daily_event_configs/d22_hist_d22_1_patched.json,skipped_done,0,0.0,/home/hku_user3/EnergyBridge/benchmark_results/vpp_patch_2026-07-15/household_s1_dual_commuter_standard_no_dr_germany_d22_hist_d22_1_patched_2025-06-22_1day,/home/hku_user3/EnergyBridge/benchmark_results/vpp_patch_2026-07-15/_batch_logs/daily_dr_memory_germany_1day/household_s1_dual_commuter_standard_no_dr_germany_d22_hist_d22_1_patched_2025-06-22_1day.log,/home/hku_user3/EnergyBridge/benchmark_results/vpp_patch_2026-07-15/household_s1_dual_commuter_standard_no_dr_germany_d22_hist_d22_1_patched_2025-06-22_1day/run_summary.txt,0,54.732849,54.732849,9.754285,0.051927,EUR/kWh,/home/hku_user3/EnergyBridge/experiments/real_data/germany_2025_price.csv,11.2531,11.2531,1.0,1.0,,0.0,1.0,[],"['dishwasher', 'dryer', 'ev', 'washer', 'water_heater']",[],matched,household_s1_dual_commuter_standard|germany|1days|2025-06-22|no_dr,/home/hku_user3/EnergyBridge/benchmark_results/vpp_patch_2026-07-15/household_s1_dual_commuter_standard_no_dr_germany_d22_hist_d22_1_patched_2025-06-22_1day/benchmark_result.json,no_dr_counterfactual_event_window_energy,1,11.2531,11.2531,11.2531,11.2531,0.0,0.0,0.0,0.0,0.0,no_dr_counterfactual_baseline
household_s2_multigeneration_caregiver,household_s2_multigeneration_caregiver,no_dr,Germany,1,2025-06-22,d22_hist_d22_1_patched,hist_d22_1_patched,22,/home/hku_user3/EnergyBridge/experiments/real_data/germany_2025_price.csv,18.0,1.0,/home/hku_user3/EnergyBridge/benchmark_results/vpp_patch_2026-07-15/_batch_logs/daily_event_configs/d22_hist_d22_1_patched.json,skipped_done,0,0.0,/home/hku_user3/EnergyBridge/benchmark_results/vpp_patch_2026-07-15/household_s2_multigeneration_caregiver_no_dr_germany_d22_hist_d22_1_patched_2025-06-22_1day,/home/hku_user3/EnergyBridge/benchmark_results/vpp_patch_2026-07-15/_batch_logs/daily_dr_memory_germany_1day/household_s2_multigeneration_caregiver_no_dr_germany_d22_hist_d22_1_patched_2025-06-22_1day.log,/home/hku_user3/EnergyBridge/benchmark_results/vpp_patch_2026-07-15/household_s2_multigeneration_caregiver_no_dr_germany_d22_hist_d22_1_patched_2025-06-22_1day/run_summary.txt,0,51.735562,51.735562,9.333513,0.050647,EUR/kWh,/home/hku_user3/EnergyBridge/experiments/real_data/germany_2025_price.csv,11.2961,11.2961,1.0,1.0,,0.0,1.0,[],"['dishwasher', 'dryer', 'ev', 'washer', 'water_heater']",[],matched,household_s2_multigeneration_caregiver|germany|1days|2025-06-22|no_dr,/home/hku_user3/EnergyBridge/benchmark_results/vpp_patch_2026-07-15/household_s2_multigeneration_caregiver_no_dr_germany_d22_hist_d22_1_patched_2025-06-22_1day/benchmark_result.json,no_dr_counterfactual_event_window_energy,1,11.2961,11.2961,11.2961,11.2961,0.0,0.0,0.0,0.0,0.0,no_dr_counterfactual_baseline
household_s4_ev_commuter_flexible,household_s4_ev_commuter_flexible,EnergyBridge,Tianjin,1,2025-06-21,d21_hist_d21_1_patched,hist_d21_1_patched,21,/home/hku_user3/EnergyBridge/experiments/real_data/tianjin_tou_price_normalized.csv,18.0,1.0,/home/hku_user3/EnergyBridge/benchmark_results/vpp_patch_2026-07-15/_batch_logs/daily_event_configs/d21_hist_d21_1_patched.json,skipped_done,0,0.0,/home/hku_user3/EnergyBridge/benchmark_results/vpp_patch_2026-07-15/household_s4_ev_commuter_flexible_EnergyBridge_tianjin_d21_hist_d21_1_patched_2025-06-21_1day,/home/hku_user3/EnergyBridge/benchmark_results/vpp_patch_2026-07-15/_batch_logs/daily_dr_memory_tianjin_1day/household_s4_ev_commuter_flexible_EnergyBridge_tianjin_d21_hist_d21_1_patched_2025-06-21_1day.log,/home/hku_user3/EnergyBridge/benchmark_results/vpp_patch_2026-07-15/household_s4_ev_commuter_flexible_EnergyBridge_tianjin_d21_hist_d21_1_patched_2025-06-21_1day/run_summary.txt,0,58.209198,58.209198,50.894633,1.321457,normalized TOU cost/kWh,/home/hku_user3/EnergyBridge/experiments/real_data/tianjin_tou_price_normalized.csv,1.6781,1.6781,1.0,1.0,4.0,1.0,1.0,"['dishwasher', 'dryer', 'ev', 'washer', 'water_heater']",[],[],matched,household_s4_ev_commuter_flexible|tianjin|1days|2025-06-21|no_dr,/home/hku_user3/EnergyBridge/benchmark_results/vpp_patch_2026-07-15/household_s4_ev_commuter_flexible_no_dr_tianjin_d21_hist_d21_1_patched_2025-06-21_1day/benchmark_result.json,no_dr_counterfactual_event_window_energy,1,4.6734,1.6781,4.6734,4.6734,2.9953,2.9953,0.640925,2.9953,2.9953,no_dr_counterfactual_baseline
household_s1_dual_commuter_standard,household_s1_dual_commuter_standard,EnergyBridge,Germany,1,2025-06-22,d22_hist_d22_1_patched,hist_d22_1_patched,22,/home/hku_user3/EnergyBridge/experiments/real_data/germany_2025_price.csv,18.0,1.0,/home/hku_user3/EnergyBridge/benchmark_results/vpp_patch_2026-07-15/_batch_logs/daily_event_configs/d22_hist_d22_1_patched.json,skipped_done,0,0.0,/home/hku_user3/EnergyBridge/benchmark_results/vpp_patch_2026-07-15/household_s1_dual_commuter_standard_EnergyBridge_germany_d22_hist_d22_1_patched_2025-06-22_1day,/home/hku_user3/EnergyBridge/benchmark_results/vpp_patch_2026-07-15/_batch_logs/daily_dr_memory_germany_1day/household_s1_dual_commuter_standard_EnergyBridge_germany_d22_hist_d22_1_patched_2025-06-22_1day.log,/home/hku_user3/EnergyBridge/benchmark_results/vpp_patch_2026-07-15/household_s1_dual_commuter_standard_EnergyBridge_germany_d22_hist_d22_1_patched_2025-06-22_1day/run_summary.txt,0,57.876344,57.876344,8.563037,0.046827,EUR/kWh,/home/hku_user3/EnergyBridge/experiments/real_data/germany_2025_price.csv,7.8819,7.8819,1.0,1.0,4.5,1.0,1.0,"['dishwasher', 'dryer', 'ev', 'washer', 'water_heater']",[],[],matched,household_s1_dual_commuter_standard|germany|1days|2025-06-22|no_dr,/home/hku_user3/EnergyBridge/benchmark_results/vpp_patch_2026-07-15/household_s1_dual_commuter_standard_no_dr_germany_d22_hist_d22_1_patched_2025-06-22_1day/benchmark_result.json,no_dr_counterfactual_event_window_energy,1,11.2531,7.8819,11.2531,11.2531,3.3712,3.3712,0.29958,3.3712,3.3712,no_dr_counterfactual_baseline
household_s3_hybrid_work_from_home,household_s3_hybrid_work_from_home,no_dr,Germany,1,2025-06-22,d22_hist_d22_1_patched,hist_d22_1_patched,22,/home/hku_user3/EnergyBridge/experiments/real_data/germany_2025_price.csv,18.0,1.0,/home/hku_user3/EnergyBridge/benchmark_results/vpp_patch_2026-07-15/_batch_logs/daily_event_configs/d22_hist_d22_1_patched.json,skipped_done,0,0.0,/home/hku_user3/EnergyBridge/benchmark_results/vpp_patch_2026-07-15/household_s3_hybrid_work_from_home_no_dr_germany_d22_hist_d22_1_patched_2025-06-22_1day,/home/hku_user3/EnergyBridge/benchmark_results/vpp_patch_2026-07-15/_batch_logs/daily_dr_memory_germany_1day/household_s3_hybrid_work_from_home_no_dr_germany_d22_hist_d22_1_patched_2025-06-22_1day.log,/home/hku_user3/EnergyBridge/benchmark_results/vpp_patch_2026-07-15/household_s3_hybrid_work_from_home_no_dr_germany_d22_hist_d22_1_patched_2025-06-22_1day/run_summary.txt,0,52.969696,52.969696,9.54153,0.051392,EUR/kWh,/home/hku_user3/EnergyBridge/experiments/real_data/germany_2025_price.csv,11.2621,11.2621,1.0,1.0,,0.0,0.8,[],"['dishwasher', 'dryer', 'ev', 'washer', 'water_heater']",[],matched,household_s3_hybrid_work_from_home|germany|1days|2025-06-22|no_dr,/home/hku_user3/EnergyBridge/benchmark_results/vpp_patch_2026-07-15/household_s3_hybrid_work_from_home_no_dr_germany_d22_hist_d22_1_patched_2025-06-22_1day/benchmark_result.json,no_dr_counterfactual_event_window_energy,1,11.2621,11.2621,11.2621,11.2621,0.0,0.0,0.0,0.0,0.0,no_dr_counterfactual_baseline
household_s3_hybrid_work_from_home,household_s3_hybrid_work_from_home,EnergyBridge,Tianjin,1,2025-06-21,d21_hist_d21_1_patched,hist_d21_1_patched,21,/home/hku_user3/EnergyBridge/experiments/real_data/tianjin_tou_price_normalized.csv,18.0,1.0,/home/hku_user3/EnergyBridge/benchmark_results/vpp_patch_2026-07-15/_batch_logs/daily_event_configs/d21_hist_d21_1_patched.json,skipped_done,0,0.0,/home/hku_user3/EnergyBridge/benchmark_results/vpp_patch_2026-07-15/household_s3_hybrid_work_from_home_EnergyBridge_tianjin_d21_hist_d21_1_patched_2025-06-21_1day,/home/hku_user3/EnergyBridge/benchmark_results/vpp_patch_2026-07-15/_batch_logs/daily_dr_memory_tianjin_1day/household_s3_hybrid_work_from_home_EnergyBridge_tianjin_d21_hist_d21_1_patched_2025-06-21_1day.log,/home/hku_user3/EnergyBridge/benchmark_results/vpp_patch_2026-07-15/household_s3_hybrid_work_from_home_EnergyBridge_tianjin_d21_hist_d21_1_patched_2025-06-21_1day/run_summary.txt,0,51.905267,51.905267,52.77602,1.325421,normalized TOU cost/kWh,/home/hku_user3/EnergyBridge/experiments/real_data/tianjin_tou_price_normalized.csv,1.553,1.553,1.0,1.0,3.667,1.0,1.0,"['dishwasher', 'dryer', 'ev', 'washer', 'water_heater']",[],[],matched,household_s3_hybrid_work_from_home|tianjin|1days|2025-06-21|no_dr,/home/hku_user3/EnergyBridge/benchmark_results/vpp_patch_2026-07-15/household_s3_hybrid_work_from_home_no_dr_tianjin_d21_hist_d21_1_patched_2025-06-21_1day/benchmark_result.json,no_dr_counterfactual_event_window_energy,1,4.6742,1.553,4.6742,4.6742,3.1212,3.1212,0.667751,3.1212,3.1212,no_dr_counterfactual_baseline
household_s2_multigeneration_caregiver,household_s2_multigeneration_caregiver,EnergyBridge,Germany,1,2025-06-22,d22_hist_d22_1_patched,hist_d22_1_patched,22,/home/hku_user3/EnergyBridge/experiments/real_data/germany_2025_price.csv,18.0,1.0,/home/hku_user3/EnergyBridge/benchmark_results/vpp_patch_2026-07-15/_batch_logs/daily_event_configs/d22_hist_d22_1_patched.json,skipped_done,0,0.0,/home/hku_user3/EnergyBridge/benchmark_results/vpp_patch_2026-07-15/household_s2_multigeneration_caregiver_EnergyBridge_germany_d22_hist_d22_1_patched_2025-06-22_1day,/home/hku_user3/EnergyBridge/benchmark_results/vpp_patch_2026-07-15/_batch_logs/daily_dr_memory_germany_1day/household_s2_multigeneration_caregiver_EnergyBridge_germany_d22_hist_d22_1_patched_2025-06-22_1day.log,/home/hku_user3/EnergyBridge/benchmark_results/vpp_patch_2026-07-15/household_s2_multigeneration_caregiver_EnergyBridge_germany_d22_hist_d22_1_patched_2025-06-22_1day/run_summary.txt,0,53.857718,53.857718,8.099127,0.044519,EUR/kWh,/home/hku_user3/EnergyBridge/experiments/real_data/germany_2025_price.csv,7.3459,7.3459,1.0,1.0,4.4,1.0,1.0,"['dishwasher', 'dryer', 'ev', 'washer', 'water_heater']",[],[],matched,household_s2_multigeneration_caregiver|germany|1days|2025-06-22|no_dr,/home/hku_user3/EnergyBridge/benchmark_results/vpp_patch_2026-07-15/household_s2_multigeneration_caregiver_no_dr_germany_d22_hist_d22_1_patched_2025-06-22_1day/benchmark_result.json,no_dr_counterfactual_event_window_energy,1,11.2961,7.3459,11.2961,11.2961,3.9502,3.9502,0.349696,3.9502,3.9502,no_dr_counterfactual_baseline
household_s3_hybrid_work_from_home,household_s3_hybrid_work_from_home,EnergyBridge,Germany,1,2025-06-22,d22_hist_d22_1_patched,hist_d22_1_patched,22,/home/hku_user3/EnergyBridge/experiments/real_data/germany_2025_price.csv,18.0,1.0,/home/hku_user3/EnergyBridge/benchmark_results/vpp_patch_2026-07-15/_batch_logs/daily_event_configs/d22_hist_d22_1_patched.json,skipped_done,0,0.0,/home/hku_user3/EnergyBridge/benchmark_results/vpp_patch_2026-07-15/household_s3_hybrid_work_from_home_EnergyBridge_germany_d22_hist_d22_1_patched_2025-06-22_1day,/home/hku_user3/EnergyBridge/benchmark_results/vpp_patch_2026-07-15/_batch_logs/daily_dr_memory_germany_1day/household_s3_hybrid_work_from_home_EnergyBridge_germany_d22_hist_d22_1_patched_2025-06-22_1day.log,/home/hku_user3/EnergyBridge/benchmark_results/vpp_patch_2026-07-15/household_s3_hybrid_work_from_home_EnergyBridge_germany_d22_hist_d22_1_patched_2025-06-22_1day/run_summary.txt,0,54.887465,54.887465,8.341913,0.045692,EUR/kWh,/home/hku_user3/EnergyBridge/experiments/real_data/germany_2025_price.csv,7.1575,7.1575,1.0,1.0,4.0,1.0,1.0,"['dishwasher', 'dryer', 'ev', 'washer', 'water_heater']",[],[],matched,household_s3_hybrid_work_from_home|germany|1days|2025-06-22|no_dr,/home/hku_user3/EnergyBridge/benchmark_results/vpp_patch_2026-07-15/household_s3_hybrid_work_from_home_no_dr_germany_d22_hist_d22_1_patched_2025-06-22_1day/benchmark_result.json,no_dr_counterfactual_event_window_energy,1,11.2621,7.1575,11.2621,11.2621,4.1046,4.1046,0.364461,4.1046,4.1046,no_dr_counterfactual_baseline
household_s4_ev_commuter_flexible,household_s4_ev_commuter_flexible,no_dr,Germany,1,2025-06-22,d22_hist_d22_1_patched,hist_d22_1_patched,22,/home/hku_user3/EnergyBridge/experiments/real_data/germany_2025_price.csv,18.0,1.0,/home/hku_user3/EnergyBridge/benchmark_results/vpp_patch_2026-07-15/_batch_logs/daily_event_configs/d22_hist_d22_1_patched.json,skipped_done,0,0.0,/home/hku_user3/EnergyBridge/benchmark_results/vpp_patch_2026-07-15/household_s4_ev_commuter_flexible_no_dr_germany_d22_hist_d22_1_patched_2025-06-22_1day,/home/hku_user3/EnergyBridge/benchmark_results/vpp_patch_2026-07-15/_batch_logs/daily_dr_memory_germany_1day/household_s4_ev_commuter_flexible_no_dr_germany_d22_hist_d22_1_patched_2025-06-22_1day.log,/home/hku_user3/EnergyBridge/benchmark_results/vpp_patch_2026-07-15/household_s4_ev_commuter_flexible_no_dr_germany_d22_hist_d22_1_patched_2025-06-22_1day/run_summary.txt,0,56.773428,56.773428,9.968403,0.052497,EUR/kWh,/home/hku_user3/EnergyBridge/experiments/real_data/germany_2025_price.csv,11.2531,11.2531,1.0,1.0,,0.0,1.0,[],"['dishwasher', 'dryer', 'ev', 'washer', 'water_heater']",[],matched,household_s4_ev_commuter_flexible|germany|1days|2025-06-22|no_dr,/home/hku_user3/EnergyBridge/benchmark_results/vpp_patch_2026-07-15/household_s4_ev_commuter_flexible_no_dr_germany_d22_hist_d22_1_patched_2025-06-22_1day/benchmark_result.json,no_dr_counterfactual_event_window_energy,1,11.2531,11.2531,11.2531,11.2531,0.0,0.0,0.0,0.0,0.0,no_dr_counterfactual_baseline
household_s1_dual_commuter_standard,household_s1_dual_commuter_standard,no_dr,Tianjin,1,2025-06-22,d22_hist_d22_1_patched,hist_d22_1_patched,22,/home/hku_user3/EnergyBridge/experiments/real_data/tianjin_tou_price_normalized.csv,18.0,1.0,/home/hku_user3/EnergyBridge/benchmark_results/vpp_patch_2026-07-15/_batch_logs/daily_event_configs/d22_hist_d22_1_patched.json,skipped_done,0,0.0,/home/hku_user3/EnergyBridge/benchmark_results/vpp_patch_2026-07-15/household_s1_dual_commuter_standard_no_dr_tianjin_d22_hist_d22_1_patched_2025-06-22_1day,/home/hku_user3/EnergyBridge/benchmark_results/vpp_patch_2026-07-15/_batch_logs/daily_dr_memory_tianjin_1day/household_s1_dual_commuter_standard_no_dr_tianjin_d22_hist_d22_1_patched_2025-06-22_1day.log,/home/hku_user3/EnergyBridge/benchmark_results/vpp_patch_2026-07-15/household_s1_dual_commuter_standard_no_dr_tianjin_d22_hist_d22_1_patched_2025-06-22_1day/run_summary.txt,0,43.704954,43.704954,59.175752,1.406656,normalized TOU cost/kWh,/home/hku_user3/EnergyBridge/experiments/real_data/tianjin_tou_price_normalized.csv,5.3673,5.3673,1.0,1.0,,0.0,1.0,[],"['dishwasher', 'dryer', 'ev', 'washer', 'water_heater']",[],matched,household_s1_dual_commuter_standard|tianjin|1days|2025-06-22|no_dr,/home/hku_user3/EnergyBridge/benchmark_results/vpp_patch_2026-07-15/household_s1_dual_commuter_standard_no_dr_tianjin_d22_hist_d22_1_patched_2025-06-22_1day/benchmark_result.json,no_dr_counterfactual_event_window_energy,1,5.3673,5.3673,5.3673,5.3673,0.0,0.0,0.0,0.0,0.0,no_dr_counterfactual_baseline
household_s5_shared_roommates_irregular,household_s5_shared_roommates_irregular,no_dr,Germany,1,2025-06-22,d22_hist_d22_1_patched,hist_d22_1_patched,22,/home/hku_user3/EnergyBridge/experiments/real_data/germany_2025_price.csv,18.0,1.0,/home/hku_user3/EnergyBridge/benchmark_results/vpp_patch_2026-07-15/_batch_logs/daily_event_configs/d22_hist_d22_1_patched.json,skipped_done,0,0.0,/home/hku_user3/EnergyBridge/benchmark_results/vpp_patch_2026-07-15/household_s5_shared_roommates_irregular_no_dr_germany_d22_hist_d22_1_patched_2025-06-22_1day,/home/hku_user3/EnergyBridge/benchmark_results/vpp_patch_2026-07-15/_batch_logs/daily_dr_memory_germany_1day/household_s5_shared_roommates_irregular_no_dr_germany_d22_hist_d22_1_patched_2025-06-22_1day.log,/home/hku_user3/EnergyBridge/benchmark_results/vpp_patch_2026-07-15/household_s5_shared_roommates_irregular_no_dr_germany_d22_hist_d22_1_patched_2025-06-22_1day/run_summary.txt,0,52.692269,52.692269,9.540167,0.051345,EUR/kWh,/home/hku_user3/EnergyBridge/experiments/real_data/germany_2025_price.csv,11.2531,11.2531,1.0,1.0,,0.0,1.0,[],"['dishwasher', 'dryer', 'ev', 'washer', 'water_heater']",[],matched,household_s5_shared_roommates_irregular|germany|1days|2025-06-22|no_dr,/home/hku_user3/EnergyBridge/benchmark_results/vpp_patch_2026-07-15/household_s5_shared_roommates_irregular_no_dr_germany_d22_hist_d22_1_patched_2025-06-22_1day/benchmark_result.json,no_dr_counterfactual_event_window_energy,1,11.2531,11.2531,11.2531,11.2531,0.0,0.0,0.0,0.0,0.0,no_dr_counterfactual_baseline
household_s5_shared_roommates_irregular,household_s5_shared_roommates_irregular,EnergyBridge,Tianjin,1,2025-06-21,d21_hist_d21_1_patched,hist_d21_1_patched,21,/home/hku_user3/EnergyBridge/experiments/real_data/tianjin_tou_price_normalized.csv,18.0,1.0,/home/hku_user3/EnergyBridge/benchmark_results/vpp_patch_2026-07-15/_batch_logs/daily_event_configs/d21_hist_d21_1_patched.json,skipped_done,0,0.0,/home/hku_user3/EnergyBridge/benchmark_results/vpp_patch_2026-07-15/household_s5_shared_roommates_irregular_EnergyBridge_tianjin_d21_hist_d21_1_patched_2025-06-21_1day,/home/hku_user3/EnergyBridge/benchmark_results/vpp_patch_2026-07-15/_batch_logs/daily_dr_memory_tianjin_1day/household_s5_shared_roommates_irregular_EnergyBridge_tianjin_d21_hist_d21_1_patched_2025-06-21_1day.log,/home/hku_user3/EnergyBridge/benchmark_results/vpp_patch_2026-07-15/household_s5_shared_roommates_irregular_EnergyBridge_tianjin_d21_hist_d21_1_patched_2025-06-21_1day/run_summary.txt,0,54.059486,54.059486,48.451957,1.277876,normalized TOU cost/kWh,/home/hku_user3/EnergyBridge/experiments/real_data/tianjin_tou_price_normalized.csv,1.0404,1.0404,1.0,1.0,4.25,1.0,1.0,"['dishwasher', 'dryer', 'ev', 'washer', 'water_heater']",[],[],matched,household_s5_shared_roommates_irregular|tianjin|1days|2025-06-21|no_dr,/home/hku_user3/EnergyBridge/benchmark_results/vpp_patch_2026-07-15/household_s5_shared_roommates_irregular_no_dr_tianjin_d21_hist_d21_1_patched_2025-06-21_1day/benchmark_result.json,no_dr_counterfactual_event_window_energy,1,4.6734,1.0404,4.6734,4.6734,3.633,3.633,0.777378,3.633,3.633,no_dr_counterfactual_baseline
household_s2_multigeneration_caregiver,household_s2_multigeneration_caregiver,no_dr,Tianjin,1,2025-06-22,d22_hist_d22_1_patched,hist_d22_1_patched,22,/home/hku_user3/EnergyBridge/experiments/real_data/tianjin_tou_price_normalized.csv,18.0,1.0,/home/hku_user3/EnergyBridge/benchmark_results/vpp_patch_2026-07-15/_batch_logs/daily_event_configs/d22_hist_d22_1_patched.json,skipped_done,0,0.0,/home/hku_user3/EnergyBridge/benchmark_results/vpp_patch_2026-07-15/household_s2_multigeneration_caregiver_no_dr_tianjin_d22_hist_d22_1_patched_2025-06-22_1day,/home/hku_user3/EnergyBridge/benchmark_results/vpp_patch_2026-07-15/_batch_logs/daily_dr_memory_tianjin_1day/household_s2_multigeneration_caregiver_no_dr_tianjin_d22_hist_d22_1_patched_2025-06-22_1day.log,/home/hku_user3/EnergyBridge/benchmark_results/vpp_patch_2026-07-15/household_s2_multigeneration_caregiver_no_dr_tianjin_d22_hist_d22_1_patched_2025-06-22_1day/run_summary.txt,0,41.033066,41.033066,54.00856,1.374677,normalized TOU cost/kWh,/home/hku_user3/EnergyBridge/experiments/real_data/tianjin_tou_price_normalized.csv,5.4157,5.4157,1.0,1.0,,0.0,1.0,[],"['dishwasher', 'dryer', 'ev', 'washer', 'water_heater']",[],matched,household_s2_multigeneration_caregiver|tianjin|1days|2025-06-22|no_dr,/home/hku_user3/EnergyBridge/benchmark_results/vpp_patch_2026-07-15/household_s2_multigeneration_caregiver_no_dr_tianjin_d22_hist_d22_1_patched_2025-06-22_1day/benchmark_result.json,no_dr_counterfactual_event_window_energy,1,5.4157,5.4157,5.4157,5.4157,0.0,0.0,0.0,0.0,0.0,no_dr_counterfactual_baseline
household_s5_shared_roommates_irregular,household_s5_shared_roommates_irregular,EnergyBridge,Germany,1,2025-06-22,d22_hist_d22_1_patched,hist_d22_1_patched,22,/home/hku_user3/EnergyBridge/experiments/real_data/germany_2025_price.csv,18.0,1.0,/home/hku_user3/EnergyBridge/benchmark_results/vpp_patch_2026-07-15/_batch_logs/daily_event_configs/d22_hist_d22_1_patched.json,skipped_done,0,0.0,/home/hku_user3/EnergyBridge/benchmark_results/vpp_patch_2026-07-15/household_s5_shared_roommates_irregular_EnergyBridge_germany_d22_hist_d22_1_patched_2025-06-22_1day,/home/hku_user3/EnergyBridge/benchmark_results/vpp_patch_2026-07-15/_batch_logs/daily_dr_memory_germany_1day/household_s5_shared_roommates_irregular_EnergyBridge_germany_d22_hist_d22_1_patched_2025-06-22_1day.log,/home/hku_user3/EnergyBridge/benchmark_results/vpp_patch_2026-07-15/household_s5_shared_roommates_irregular_EnergyBridge_germany_d22_hist_d22_1_patched_2025-06-22_1day/run_summary.txt,0,55.835764,55.835764,8.419605,0.046562,EUR/kWh,/home/hku_user3/EnergyBridge/experiments/real_data/germany_2025_price.csv,7.8819,7.8819,1.0,1.0,4.0,1.0,1.0,"['dishwasher', 'dryer', 'ev', 'washer', 'water_heater']",[],[],matched,household_s5_shared_roommates_irregular|germany|1days|2025-06-22|no_dr,/home/hku_user3/EnergyBridge/benchmark_results/vpp_patch_2026-07-15/household_s5_shared_roommates_irregular_no_dr_germany_d22_hist_d22_1_patched_2025-06-22_1day/benchmark_result.json,no_dr_counterfactual_event_window_energy,1,11.2531,7.8819,11.2531,11.2531,3.3712,3.3712,0.29958,3.3712,3.3712,no_dr_counterfactual_baseline
household_s3_hybrid_work_from_home,household_s3_hybrid_work_from_home,no_dr,Tianjin,1,2025-06-22,d22_hist_d22_1_patched,hist_d22_1_patched,22,/home/hku_user3/EnergyBridge/experiments/real_data/tianjin_tou_price_normalized.csv,18.0,1.0,/home/hku_user3/EnergyBridge/benchmark_results/vpp_patch_2026-07-15/_batch_logs/daily_event_configs/d22_hist_d22_1_patched.json,skipped_done,0,0.0,/home/hku_user3/EnergyBridge/benchmark_results/vpp_patch_2026-07-15/household_s3_hybrid_work_from_home_no_dr_tianjin_d22_hist_d22_1_patched_2025-06-22_1day,/home/hku_user3/EnergyBridge/benchmark_results/vpp_patch_2026-07-15/_batch_logs/daily_dr_memory_tianjin_1day/household_s3_hybrid_work_from_home_no_dr_tianjin_d22_hist_d22_1_patched_2025-06-22_1day.log,/home/hku_user3/EnergyBridge/benchmark_results/vpp_patch_2026-07-15/household_s3_hybrid_work_from_home_no_dr_tianjin_d22_hist_d22_1_patched_2025-06-22_1day/run_summary.txt,0,41.969833,41.969833,56.338117,1.396817,normalized TOU cost/kWh,/home/hku_user3/EnergyBridge/experiments/real_data/tianjin_tou_price_normalized.csv,5.3686,5.3686,1.0,1.0,,0.0,0.8,[],"['dishwasher', 'dryer', 'ev', 'washer', 'water_heater']",[],matched,household_s3_hybrid_work_from_home|tianjin|1days|2025-06-22|no_dr,/home/hku_user3/EnergyBridge/benchmark_results/vpp_patch_2026-07-15/household_s3_hybrid_work_from_home_no_dr_tianjin_d22_hist_d22_1_patched_2025-06-22_1day/benchmark_result.json,no_dr_counterfactual_event_window_energy,1,5.3686,5.3686,5.3686,5.3686,0.0,0.0,0.0,0.0,0.0,no_dr_counterfactual_baseline
household_s4_ev_commuter_flexible,household_s4_ev_commuter_flexible,EnergyBridge,Germany,1,2025-06-22,d22_hist_d22_1_patched,hist_d22_1_patched,22,/home/hku_user3/EnergyBridge/experiments/real_data/germany_2025_price.csv,18.0,1.0,/home/hku_user3/EnergyBridge/benchmark_results/vpp_patch_2026-07-15/_batch_logs/daily_event_configs/d22_hist_d22_1_patched.json,skipped_done,0,0.0,/home/hku_user3/EnergyBridge/benchmark_results/vpp_patch_2026-07-15/household_s4_ev_commuter_flexible_EnergyBridge_germany_d22_hist_d22_1_patched_2025-06-22_1day,/home/hku_user3/EnergyBridge/benchmark_results/vpp_patch_2026-07-15/_batch_logs/daily_dr_memory_germany_1day/household_s4_ev_commuter_flexible_EnergyBridge_germany_d22_hist_d22_1_patched_2025-06-22_1day.log,/home/hku_user3/EnergyBridge/benchmark_results/vpp_patch_2026-07-15/household_s4_ev_commuter_flexible_EnergyBridge_germany_d22_hist_d22_1_patched_2025-06-22_1day/run_summary.txt,0,59.916923,59.916923,8.88966,0.048076,EUR/kWh,/home/hku_user3/EnergyBridge/experiments/real_data/germany_2025_price.csv,7.8819,7.8819,1.0,1.0,4.25,1.0,1.0,"['dishwasher', 'dryer', 'ev', 'washer', 'water_heater']",[],[],matched,household_s4_ev_commuter_flexible|germany|1days|2025-06-22|no_dr,/home/hku_user3/EnergyBridge/benchmark_results/vpp_patch_2026-07-15/household_s4_ev_commuter_flexible_no_dr_germany_d22_hist_d22_1_patched_2025-06-22_1day/benchmark_result.json,no_dr_counterfactual_event_window_energy,1,11.2531,7.8819,11.2531,11.2531,3.3712,3.3712,0.29958,3.3712,3.3712,no_dr_counterfactual_baseline
household_s3_hybrid_work_from_home,household_s3_hybrid_work_from_home,EnergyBridge,Tianjin,1,2025-06-22,d22_hist_d22_1_patched,hist_d22_1_patched,22,/home/hku_user3/EnergyBridge/experiments/real_data/tianjin_tou_price_normalized.csv,18.0,1.0,/home/hku_user3/EnergyBridge/benchmark_results/vpp_patch_2026-07-15/_batch_logs/daily_event_configs/d22_hist_d22_1_patched.json,skipped_done,0,0.0,/home/hku_user3/EnergyBridge/benchmark_results/vpp_patch_2026-07-15/household_s3_hybrid_work_from_home_EnergyBridge_tianjin_d22_hist_d22_1_patched_2025-06-22_1day,/home/hku_user3/EnergyBridge/benchmark_results/vpp_patch_2026-07-15/_batch_logs/daily_dr_memory_tianjin_1day/household_s3_hybrid_work_from_home_EnergyBridge_tianjin_d22_hist_d22_1_patched_2025-06-22_1day.log,/home/hku_user3/EnergyBridge/benchmark_results/vpp_patch_2026-07-15/household_s3_hybrid_work_from_home_EnergyBridge_tianjin_d22_hist_d22_1_patched_2025-06-22_1day/run_summary.txt,0,38.165589,38.165589,47.800431,1.36346,normalized TOU cost/kWh,/home/hku_user3/EnergyBridge/experiments/real_data/tianjin_tou_price_normalized.csv,1.2161,1.2161,1.0,1.0,4.0,1.0,1.0,"['dishwasher', 'dryer', 'ev', 'washer', 'water_heater']",[],[],matched,household_s3_hybrid_work_from_home|tianjin|1days|2025-06-22|no_dr,/home/hku_user3/EnergyBridge/benchmark_results/vpp_patch_2026-07-15/household_s3_hybrid_work_from_home_no_dr_tianjin_d22_hist_d22_1_patched_2025-06-22_1day/benchmark_result.json,no_dr_counterfactual_event_window_energy,1,5.3686,1.2161,5.3686,5.3686,4.1525,4.1525,0.773479,4.1525,4.1525,no_dr_counterfactual_baseline
household_s1_dual_commuter_standard,household_s1_dual_commuter_standard,EnergyBridge,Tianjin,1,2025-06-22,d22_hist_d22_1_patched,hist_d22_1_patched,22,/home/hku_user3/EnergyBridge/experiments/real_data/tianjin_tou_price_normalized.csv,18.0,1.0,/home/hku_user3/EnergyBridge/benchmark_results/vpp_patch_2026-07-15/_batch_logs/daily_event_configs/d22_hist_d22_1_patched.json,skipped_done,0,0.0,/home/hku_user3/EnergyBridge/benchmark_results/vpp_patch_2026-07-15/household_s1_dual_commuter_standard_EnergyBridge_tianjin_d22_hist_d22_1_patched_2025-06-22_1day,/home/hku_user3/EnergyBridge/benchmark_results/vpp_patch_2026-07-15/_batch_logs/daily_dr_memory_tianjin_1day/household_s1_dual_commuter_standard_EnergyBridge_tianjin_d22_hist_d22_1_patched_2025-06-22_1day.log,/home/hku_user3/EnergyBridge/benchmark_results/vpp_patch_2026-07-15/household_s1_dual_commuter_standard_EnergyBridge_tianjin_d22_hist_d22_1_patched_2025-06-22_1day/run_summary.txt,0,40.883786,40.883786,47.622441,1.311242,normalized TOU cost/kWh,/home/hku_user3/EnergyBridge/experiments/real_data/tianjin_tou_price_normalized.csv,1.0297,1.0297,1.0,1.0,4.25,1.0,1.0,"['dishwasher', 'dryer', 'ev', 'washer', 'water_heater']",[],[],matched,household_s1_dual_commuter_standard|tianjin|1days|2025-06-22|no_dr,/home/hku_user3/EnergyBridge/benchmark_results/vpp_patch_2026-07-15/household_s1_dual_commuter_standard_no_dr_tianjin_d22_hist_d22_1_patched_2025-06-22_1day/benchmark_result.json,no_dr_counterfactual_event_window_energy,1,5.3673,1.0297,5.3673,5.3673,4.3376,4.3376,0.808153,4.3376,4.3376,no_dr_counterfactual_baseline
household_s4_ev_commuter_flexible,household_s4_ev_commuter_flexible,no_dr,Tianjin,1,2025-06-22,d22_hist_d22_1_patched,hist_d22_1_patched,22,/home/hku_user3/EnergyBridge/experiments/real_data/tianjin_tou_price_normalized.csv,18.0,1.0,/home/hku_user3/EnergyBridge/benchmark_results/vpp_patch_2026-07-15/_batch_logs/daily_event_configs/d22_hist_d22_1_patched.json,skipped_done,0,0.0,/home/hku_user3/EnergyBridge/benchmark_results/vpp_patch_2026-07-15/household_s4_ev_commuter_flexible_no_dr_tianjin_d22_hist_d22_1_patched_2025-06-22_1day,/home/hku_user3/EnergyBridge/benchmark_results/vpp_patch_2026-07-15/_batch_logs/daily_dr_memory_tianjin_1day/household_s4_ev_commuter_flexible_no_dr_tianjin_d22_hist_d22_1_patched_2025-06-22_1day.log,/home/hku_user3/EnergyBridge/benchmark_results/vpp_patch_2026-07-15/household_s4_ev_commuter_flexible_no_dr_tianjin_d22_hist_d22_1_patched_2025-06-22_1day/run_summary.txt,0,45.745534,45.745534,62.44068,1.4156,normalized TOU cost/kWh,/home/hku_user3/EnergyBridge/experiments/real_data/tianjin_tou_price_normalized.csv,5.3673,5.3673,1.0,1.0,,0.0,1.0,[],"['dishwasher', 'dryer', 'ev', 'washer', 'water_heater']",[],matched,household_s4_ev_commuter_flexible|tianjin|1days|2025-06-22|no_dr,/home/hku_user3/EnergyBridge/benchmark_results/vpp_patch_2026-07-15/household_s4_ev_commuter_flexible_no_dr_tianjin_d22_hist_d22_1_patched_2025-06-22_1day/benchmark_result.json,no_dr_counterfactual_event_window_energy,1,5.3673,5.3673,5.3673,5.3673,0.0,0.0,0.0,0.0,0.0,no_dr_counterfactual_baseline
household_s4_ev_commuter_flexible,household_s4_ev_commuter_flexible,EnergyBridge,Tianjin,1,2025-06-22,d22_hist_d22_1_patched,hist_d22_1_patched,22,/home/hku_user3/EnergyBridge/experiments/real_data/tianjin_tou_price_normalized.csv,18.0,1.0,/home/hku_user3/EnergyBridge/benchmark_results/vpp_patch_2026-07-15/_batch_logs/daily_event_configs/d22_hist_d22_1_patched.json,skipped_done,0,0.0,/home/hku_user3/EnergyBridge/benchmark_results/vpp_patch_2026-07-15/household_s4_ev_commuter_flexible_EnergyBridge_tianjin_d22_hist_d22_1_patched_2025-06-22_1day,/home/hku_user3/EnergyBridge/benchmark_results/vpp_patch_2026-07-15/_batch_logs/daily_dr_memory_tianjin_1day/household_s4_ev_commuter_flexible_EnergyBridge_tianjin_d22_hist_d22_1_patched_2025-06-22_1day.log,/home/hku_user3/EnergyBridge/benchmark_results/vpp_patch_2026-07-15/household_s4_ev_commuter_flexible_EnergyBridge_tianjin_d22_hist_d22_1_patched_2025-06-22_1day/run_summary.txt,0,43.474225,43.474225,51.785593,1.348007,normalized TOU cost/kWh,/home/hku_user3/EnergyBridge/experiments/real_data/tianjin_tou_price_normalized.csv,0.6348,0.6348,1.0,1.0,4.75,1.0,1.0,"['dishwasher', 'dryer', 'ev', 'washer', 'water_heater']",[],[],matched,household_s4_ev_commuter_flexible|tianjin|1days|2025-06-22|no_dr,/home/hku_user3/EnergyBridge/benchmark_results/vpp_patch_2026-07-15/household_s4_ev_commuter_flexible_no_dr_tianjin_d22_hist_d22_1_patched_2025-06-22_1day/benchmark_result.json,no_dr_counterfactual_event_window_energy,1,5.3673,0.6348,5.3673,5.3673,4.7325,4.7325,0.881728,4.7325,4.7325,no_dr_counterfactual_baseline
household_s2_multigeneration_caregiver,household_s2_multigeneration_caregiver,EnergyBridge,Tianjin,1,2025-06-22,d22_hist_d22_1_patched,hist_d22_1_patched,22,/home/hku_user3/EnergyBridge/experiments/real_data/tianjin_tou_price_normalized.csv,18.0,1.0,/home/hku_user3/EnergyBridge/benchmark_results/vpp_patch_2026-07-15/_batch_logs/daily_event_configs/d22_hist_d22_1_patched.json,skipped_done,0,0.0,/home/hku_user3/EnergyBridge/benchmark_results/vpp_patch_2026-07-15/household_s2_multigeneration_caregiver_EnergyBridge_tianjin_d22_hist_d22_1_patched_2025-06-22_1day,/home/hku_user3/EnergyBridge/benchmark_results/vpp_patch_2026-07-15/_batch_logs/daily_dr_memory_tianjin_1day/household_s2_multigeneration_caregiver_EnergyBridge_tianjin_d22_hist_d22_1_patched_2025-06-22_1day.log,/home/hku_user3/EnergyBridge/benchmark_results/vpp_patch_2026-07-15/household_s2_multigeneration_caregiver_EnergyBridge_tianjin_d22_hist_d22_1_patched_2025-06-22_1day/run_summary.txt,0,37.767986,37.767986,43.980432,1.246567,normalized TOU cost/kWh,/home/hku_user3/EnergyBridge/experiments/real_data/tianjin_tou_price_normalized.csv,0.71,0.71,1.0,1.0,3.8,1.0,1.0,"['dishwasher', 'dryer', 'ev', 'washer', 'water_heater']",[],[],matched,household_s2_multigeneration_caregiver|tianjin|1days|2025-06-22|no_dr,/home/hku_user3/EnergyBridge/benchmark_results/vpp_patch_2026-07-15/household_s2_multigeneration_caregiver_no_dr_tianjin_d22_hist_d22_1_patched_2025-06-22_1day/benchmark_result.json,no_dr_counterfactual_event_window_energy,1,5.4157,0.71,5.4157,5.4157,4.7057,4.7057,0.8689,4.7057,4.7057,no_dr_counterfactual_baseline
household_s5_shared_roommates_irregular,household_s5_shared_roommates_irregular,no_dr,Tianjin,1,2025-06-22,d22_hist_d22_1_patched,hist_d22_1_patched,22,/home/hku_user3/EnergyBridge/experiments/real_data/tianjin_tou_price_normalized.csv,18.0,1.0,/home/hku_user3/EnergyBridge/benchmark_results/vpp_patch_2026-07-15/_batch_logs/daily_event_configs/d22_hist_d22_1_patched.json,skipped_done,0,0.0,/home/hku_user3/EnergyBridge/benchmark_results/vpp_patch_2026-07-15/household_s5_shared_roommates_irregular_no_dr_tianjin_d22_hist_d22_1_patched_2025-06-22_1day,/home/hku_user3/EnergyBridge/benchmark_results/vpp_patch_2026-07-15/_batch_logs/daily_dr_memory_tianjin_1day/household_s5_shared_roommates_irregular_no_dr_tianjin_d22_hist_d22_1_patched_2025-06-22_1day.log,/home/hku_user3/EnergyBridge/benchmark_results/vpp_patch_2026-07-15/household_s5_shared_roommates_irregular_no_dr_tianjin_d22_hist_d22_1_patched_2025-06-22_1day/run_summary.txt,0,41.664375,41.664375,55.910824,1.396799,normalized TOU cost/kWh,/home/hku_user3/EnergyBridge/experiments/real_data/tianjin_tou_price_normalized.csv,5.3673,5.3673,1.0,1.0,,0.0,1.0,[],"['dishwasher', 'dryer', 'ev', 'washer', 'water_heater']",[],matched,household_s5_shared_roommates_irregular|tianjin|1days|2025-06-22|no_dr,/home/hku_user3/EnergyBridge/benchmark_results/vpp_patch_2026-07-15/household_s5_shared_roommates_irregular_no_dr_tianjin_d22_hist_d22_1_patched_2025-06-22_1day/benchmark_result.json,no_dr_counterfactual_event_window_energy,1,5.3673,5.3673,5.3673,5.3673,0.0,0.0,0.0,0.0,0.0,no_dr_counterfactual_baseline
household_s5_shared_roommates_irregular,household_s5_shared_roommates_irregular,EnergyBridge,Tianjin,1,2025-06-22,d22_hist_d22_1_patched,hist_d22_1_patched,22,/home/hku_user3/EnergyBridge/experiments/real_data/tianjin_tou_price_normalized.csv,18.0,1.0,/home/hku_user3/EnergyBridge/benchmark_results/vpp_patch_2026-07-15/_batch_logs/daily_event_configs/d22_hist_d22_1_patched.json,skipped_done,0,0.0,/home/hku_user3/EnergyBridge/benchmark_results/vpp_patch_2026-07-15/household_s5_shared_roommates_irregular_EnergyBridge_tianjin_d22_hist_d22_1_patched_2025-06-22_1day,/home/hku_user3/EnergyBridge/benchmark_results/vpp_patch_2026-07-15/_batch_logs/daily_dr_memory_tianjin_1day/household_s5_shared_roommates_irregular_EnergyBridge_tianjin_d22_hist_d22_1_patched_2025-06-22_1day.log,/home/hku_user3/EnergyBridge/benchmark_results/vpp_patch_2026-07-15/household_s5_shared_roommates_irregular_EnergyBridge_tianjin_d22_hist_d22_1_patched_2025-06-22_1day/run_summary.txt,0,41.09964,41.09964,46.285523,1.356035,normalized TOU cost/kWh,/home/hku_user3/EnergyBridge/experiments/real_data/tianjin_tou_price_normalized.csv,0.8233,0.8233,1.0,1.0,4.0,1.0,1.0,"['dishwasher', 'dryer', 'ev', 'washer', 'water_heater']",[],[],matched,household_s5_shared_roommates_irregular|tianjin|1days|2025-06-22|no_dr,/home/hku_user3/EnergyBridge/benchmark_results/vpp_patch_2026-07-15/household_s5_shared_roommates_irregular_no_dr_tianjin_d22_hist_d22_1_patched_2025-06-22_1day/benchmark_result.json,no_dr_counterfactual_event_window_energy,1,5.3673,0.8233,5.3673,5.3673,4.544,4.544,0.846608,4.544,4.544,no_dr_counterfactual_baseline
household_s1_dual_commuter_standard,household_s1_dual_commuter_standard,no_dr,Germany,1,2025-06-23,d23_hist_d23_1,hist_d23_1,23,/home/hku_user3/EnergyBridge/experiments/real_data/germany_2025_price.csv,18.0,1.0,/home/hku_user3/EnergyBridge/benchmark_results/vpp_patch_2026-07-15/_batch_logs/daily_event_configs/d23_hist_d23_1.json,skipped_done,0,0.0,/home/hku_user3/EnergyBridge/benchmark_results/vpp_patch_2026-07-15/household_s1_dual_commuter_standard_no_dr_germany_d23_hist_d23_1_2025-06-23_1day,/home/hku_user3/EnergyBridge/benchmark_results/vpp_patch_2026-07-15/_batch_logs/daily_dr_memory_germany_1day/household_s1_dual_commuter_standard_no_dr_germany_d23_hist_d23_1_2025-06-23_1day.log,/home/hku_user3/EnergyBridge/benchmark_results/vpp_patch_2026-07-15/household_s1_dual_commuter_standard_no_dr_germany_d23_hist_d23_1_2025-06-23_1day/run_summary.txt,0,45.459515,45.459515,8.672246,0.047894,EUR/kWh,D:\Pycharm_project\PycharmProjects\EnergyBridge\experiments\real_data\germany_2025_price.csv,10.5614,10.5614,1.0,1.0,,0.0,1.0,[],"['dishwasher', 'dryer', 'ev', 'washer', 'water_heater']",[],matched,household_s1_dual_commuter_standard|germany|1days|2025-06-23|no_dr,/home/hku_user3/EnergyBridge/benchmark_results/vpp_patch_2026-07-15/household_s1_dual_commuter_standard_no_dr_germany_d23_hist_d23_1_2025-06-23_1day/benchmark_result.json,no_dr_counterfactual_event_window_energy,1,10.5614,10.5614,10.5614,10.5614,0.0,0.0,0.0,0.0,0.0,no_dr_counterfactual_baseline
household_s3_hybrid_work_from_home,household_s3_hybrid_work_from_home,no_dr,Germany,1,2025-06-23,d23_hist_d23_1,hist_d23_1,23,/home/hku_user3/EnergyBridge/experiments/real_data/germany_2025_price.csv,18.0,1.0,/home/hku_user3/EnergyBridge/benchmark_results/vpp_patch_2026-07-15/_batch_logs/daily_event_configs/d23_hist_d23_1.json,skipped_done,0,0.0,/home/hku_user3/EnergyBridge/benchmark_results/vpp_patch_2026-07-15/household_s3_hybrid_work_from_home_no_dr_germany_d23_hist_d23_1_2025-06-23_1day,/home/hku_user3/EnergyBridge/benchmark_results/vpp_patch_2026-07-15/_batch_logs/daily_dr_memory_germany_1day/household_s3_hybrid_work_from_home_no_dr_germany_d23_hist_d23_1_2025-06-23_1day.log,/home/hku_user3/EnergyBridge/benchmark_results/vpp_patch_2026-07-15/household_s3_hybrid_work_from_home_no_dr_germany_d23_hist_d23_1_2025-06-23_1day/run_summary.txt,0,43.655506,43.655506,8.498056,0.047515,EUR/kWh,D:\Pycharm_project\PycharmProjects\EnergyBridge\experiments\real_data\germany_2025_price.csv,10.5673,10.5673,1.0,1.0,,0.0,0.8,[],"['dishwasher', 'dryer', 'ev', 'washer', 'water_heater']",[],matched,household_s3_hybrid_work_from_home|germany|1days|2025-06-23|no_dr,/home/hku_user3/EnergyBridge/benchmark_results/vpp_patch_2026-07-15/household_s3_hybrid_work_from_home_no_dr_germany_d23_hist_d23_1_2025-06-23_1day/benchmark_result.json,no_dr_counterfactual_event_window_energy,1,10.5673,10.5673,10.5673,10.5673,0.0,0.0,0.0,0.0,0.0,no_dr_counterfactual_baseline
household_s2_multigeneration_caregiver,household_s2_multigeneration_caregiver,EnergyBridge,Germany,1,2025-06-23,d23_hist_d23_1,hist_d23_1,23,/home/hku_user3/EnergyBridge/experiments/real_data/germany_2025_price.csv,18.0,1.0,/home/hku_user3/EnergyBridge/benchmark_results/vpp_patch_2026-07-15/_batch_logs/daily_event_configs/d23_hist_d23_1.json,skipped_done,0,0.0,/home/hku_user3/EnergyBridge/benchmark_results/vpp_patch_2026-07-15/household_s2_multigeneration_caregiver_EnergyBridge_germany_d23_hist_d23_1_2025-06-23_1day,/home/hku_user3/EnergyBridge/benchmark_results/vpp_patch_2026-07-15/_batch_logs/daily_dr_memory_germany_1day/household_s2_multigeneration_caregiver_EnergyBridge_germany_d23_hist_d23_1_2025-06-23_1day.log,/home/hku_user3/EnergyBridge/benchmark_results/vpp_patch_2026-07-15/household_s2_multigeneration_caregiver_EnergyBridge_germany_d23_hist_d23_1_2025-06-23_1day/run_summary.txt,0,41.402457,41.402457,7.818755,0.044613,EUR/kWh,D:\Pycharm_project\PycharmProjects\EnergyBridge\experiments\real_data\germany_2025_price.csv,6.5058,6.5058,1.0,1.0,4.2,1.0,1.0,"['dishwasher', 'dryer', 'ev', 'washer', 'water_heater']",[],[],matched,household_s2_multigeneration_caregiver|germany|1days|2025-06-23|no_dr,/home/hku_user3/EnergyBridge/benchmark_results/vpp_patch_2026-07-15/household_s2_multigeneration_caregiver_no_dr_germany_d23_hist_d23_1_2025-06-23_1day/benchmark_result.json,no_dr_counterfactual_event_window_energy,1,10.6014,6.5058,10.6014,10.6014,4.0956,4.0956,0.386326,4.0956,4.0956,no_dr_counterfactual_baseline
household_s4_ev_commuter_flexible,household_s4_ev_commuter_flexible,no_dr,Germany,1,2025-06-23,d23_hist_d23_1,hist_d23_1,23,/home/hku_user3/EnergyBridge/experiments/real_data/germany_2025_price.csv,18.0,1.0,/home/hku_user3/EnergyBridge/benchmark_results/vpp_patch_2026-07-15/_batch_logs/daily_event_configs/d23_hist_d23_1.json,skipped_done,0,0.0,/home/hku_user3/EnergyBridge/benchmark_results/vpp_patch_2026-07-15/household_s4_ev_commuter_flexible_no_dr_germany_d23_hist_d23_1_2025-06-23_1day,/home/hku_user3/EnergyBridge/benchmark_results/vpp_patch_2026-07-15/_batch_logs/daily_dr_memory_germany_1day/household_s4_ev_commuter_flexible_no_dr_germany_d23_hist_d23_1_2025-06-23_1day.log,/home/hku_user3/EnergyBridge/benchmark_results/vpp_patch_2026-07-15/household_s4_ev_commuter_flexible_no_dr_germany_d23_hist_d23_1_2025-06-23_1day/run_summary.txt,0,47.500094,47.500094,8.849389,0.048327,EUR/kWh,D:\Pycharm_project\PycharmProjects\EnergyBridge\experiments\real_data\germany_2025_price.csv,10.5614,10.5614,1.0,1.0,,0.0,1.0,[],"['dishwasher', 'dryer', 'ev', 'washer', 'water_heater']",[],matched,household_s4_ev_commuter_flexible|germany|1days|2025-06-23|no_dr,/home/hku_user3/EnergyBridge/benchmark_results/vpp_patch_2026-07-15/household_s4_ev_commuter_flexible_no_dr_germany_d23_hist_d23_1_2025-06-23_1day/benchmark_result.json,no_dr_counterfactual_event_window_energy,1,10.5614,10.5614,10.5614,10.5614,0.0,0.0,0.0,0.0,0.0,no_dr_counterfactual_baseline
household_s3_hybrid_work_from_home,household_s3_hybrid_work_from_home,EnergyBridge,Germany,1,2025-06-23,d23_hist_d23_1,hist_d23_1,23,/home/hku_user3/EnergyBridge/experiments/real_data/germany_2025_price.csv,18.0,1.0,/home/hku_user3/EnergyBridge/benchmark_results/vpp_patch_2026-07-15/_batch_logs/daily_event_configs/d23_hist_d23_1.json,skipped_done,0,0.0,/home/hku_user3/EnergyBridge/benchmark_results/vpp_patch_2026-07-15/household_s3_hybrid_work_from_home_EnergyBridge_germany_d23_hist_d23_1_2025-06-23_1day,/home/hku_user3/EnergyBridge/benchmark_results/vpp_patch_2026-07-15/_batch_logs/daily_dr_memory_germany_1day/household_s3_hybrid_work_from_home_EnergyBridge_germany_d23_hist_d23_1_2025-06-23_1day.log,/home/hku_user3/EnergyBridge/benchmark_results/vpp_patch_2026-07-15/household_s3_hybrid_work_from_home_EnergyBridge_germany_d23_hist_d23_1_2025-06-23_1day/run_summary.txt,0,42.249746,42.249746,8.004289,0.045607,EUR/kWh,D:\Pycharm_project\PycharmProjects\EnergyBridge\experiments\real_data\germany_2025_price.csv,6.3485,6.3485,1.0,1.0,4.0,1.0,1.0,"['dishwasher', 'dryer', 'ev', 'washer', 'water_heater']",[],[],matched,household_s3_hybrid_work_from_home|germany|1days|2025-06-23|no_dr,/home/hku_user3/EnergyBridge/benchmark_results/vpp_patch_2026-07-15/household_s3_hybrid_work_from_home_no_dr_germany_d23_hist_d23_1_2025-06-23_1day/benchmark_result.json,no_dr_counterfactual_event_window_energy,1,10.5673,6.3485,10.5673,10.5673,4.2188,4.2188,0.399232,4.2188,4.2188,no_dr_counterfactual_baseline
household_s1_dual_commuter_standard,household_s1_dual_commuter_standard,EnergyBridge,Germany,1,2025-06-23,d23_hist_d23_1,hist_d23_1,23,/home/hku_user3/EnergyBridge/experiments/real_data/germany_2025_price.csv,18.0,1.0,/home/hku_user3/EnergyBridge/benchmark_results/vpp_patch_2026-07-15/_batch_logs/daily_event_configs/d23_hist_d23_1.json,skipped_done,0,0.0,/home/hku_user3/EnergyBridge/benchmark_results/vpp_patch_2026-07-15/household_s1_dual_commuter_standard_EnergyBridge_germany_d23_hist_d23_1_2025-06-23_1day,/home/hku_user3/EnergyBridge/benchmark_results/vpp_patch_2026-07-15/_batch_logs/daily_dr_memory_germany_1day/household_s1_dual_commuter_standard_EnergyBridge_germany_d23_hist_d23_1_2025-06-23_1day.log,/home/hku_user3/EnergyBridge/benchmark_results/vpp_patch_2026-07-15/household_s1_dual_commuter_standard_EnergyBridge_germany_d23_hist_d23_1_2025-06-23_1day/run_summary.txt,0,46.002249,46.002249,8.228676,0.046617,EUR/kWh,D:\Pycharm_project\PycharmProjects\EnergyBridge\experiments\real_data\germany_2025_price.csv,6.778,6.778,1.0,1.0,4.0,1.0,1.0,"['dishwasher', 'dryer', 'ev', 'washer', 'water_heater']",[],[],matched,household_s1_dual_commuter_standard|germany|1days|2025-06-23|no_dr,/home/hku_user3/EnergyBridge/benchmark_results/vpp_patch_2026-07-15/household_s1_dual_commuter_standard_no_dr_germany_d23_hist_d23_1_2025-06-23_1day/benchmark_result.json,no_dr_counterfactual_event_window_energy,1,10.5614,6.778,10.5614,10.5614,3.7834,3.7834,0.358229,3.7834,3.7834,no_dr_counterfactual_baseline
household_s4_ev_commuter_flexible,household_s4_ev_commuter_flexible,EnergyBridge,Germany,1,2025-06-23,d23_hist_d23_1,hist_d23_1,23,/home/hku_user3/EnergyBridge/experiments/real_data/germany_2025_price.csv,18.0,1.0,/home/hku_user3/EnergyBridge/benchmark_results/vpp_patch_2026-07-15/_batch_logs/daily_event_configs/d23_hist_d23_1.json,skipped_done,0,0.0,/home/hku_user3/EnergyBridge/benchmark_results/vpp_patch_2026-07-15/household_s4_ev_commuter_flexible_EnergyBridge_germany_d23_hist_d23_1_2025-06-23_1day,/home/hku_user3/EnergyBridge/benchmark_results/vpp_patch_2026-07-15/_batch_logs/daily_dr_memory_germany_1day/household_s4_ev_commuter_flexible_EnergyBridge_germany_d23_hist_d23_1_2025-06-23_1day.log,/home/hku_user3/EnergyBridge/benchmark_results/vpp_patch_2026-07-15/household_s4_ev_commuter_flexible_EnergyBridge_germany_d23_hist_d23_1_2025-06-23_1day/run_summary.txt,0,48.042829,48.042829,8.467388,0.047422,EUR/kWh,D:\Pycharm_project\PycharmProjects\EnergyBridge\experiments\real_data\germany_2025_price.csv,6.778,6.778,1.0,1.0,4.5,1.0,1.0,"['dishwasher', 'dryer', 'ev', 'washer', 'water_heater']",[],[],matched,household_s4_ev_commuter_flexible|germany|1days|2025-06-23|no_dr,/home/hku_user3/EnergyBridge/benchmark_results/vpp_patch_2026-07-15/household_s4_ev_commuter_flexible_no_dr_germany_d23_hist_d23_1_2025-06-23_1day/benchmark_result.json,no_dr_counterfactual_event_window_energy,1,10.5614,6.778,10.5614,10.5614,3.7834,3.7834,0.358229,3.7834,3.7834,no_dr_counterfactual_baseline
household_s1_dual_commuter_standard,household_s1_dual_commuter_standard,no_dr,Tianjin,1,2025-06-23,d23_hist_d23_1,hist_d23_1,23,/home/hku_user3/EnergyBridge/experiments/real_data/tianjin_tou_price_normalized.csv,18.0,1.0,/home/hku_user3/EnergyBridge/benchmark_results/vpp_patch_2026-07-15/_batch_logs/daily_event_configs/d23_hist_d23_1.json,skipped_done,0,0.0,/home/hku_user3/EnergyBridge/benchmark_results/vpp_patch_2026-07-15/household_s1_dual_commuter_standard_no_dr_tianjin_d23_hist_d23_1_2025-06-23_1day,/home/hku_user3/EnergyBridge/benchmark_results/vpp_patch_2026-07-15/_batch_logs/daily_dr_memory_tianjin_1day/household_s1_dual_commuter_standard_no_dr_tianjin_d23_hist_d23_1_2025-06-23_1day.log,/home/hku_user3/EnergyBridge/benchmark_results/vpp_patch_2026-07-15/household_s1_dual_commuter_standard_no_dr_tianjin_d23_hist_d23_1_2025-06-23_1day/run_summary.txt,0,40.342231,40.342231,56.594234,1.435621,normalized TOU cost/kWh,D:\Pycharm_project\PycharmProjects\EnergyBridge\experiments\real_data\tianjin_tou_price_normalized.csv,5.1661,5.1661,1.0,1.0,,0.0,1.0,[],"['dishwasher', 'dryer', 'ev', 'washer', 'water_heater']",[],matched,household_s1_dual_commuter_standard|tianjin|1days|2025-06-23|no_dr,/home/hku_user3/EnergyBridge/benchmark_results/vpp_patch_2026-07-15/household_s1_dual_commuter_standard_no_dr_tianjin_d23_hist_d23_1_2025-06-23_1day/benchmark_result.json,no_dr_counterfactual_event_window_energy,1,5.1661,5.1661,5.1661,5.1661,0.0,0.0,0.0,0.0,0.0,no_dr_counterfactual_baseline
household_s5_shared_roommates_irregular,household_s5_shared_roommates_irregular,no_dr,Germany,1,2025-06-23,d23_hist_d23_1,hist_d23_1,23,/home/hku_user3/EnergyBridge/experiments/real_data/germany_2025_price.csv,18.0,1.0,/home/hku_user3/EnergyBridge/benchmark_results/vpp_patch_2026-07-15/_batch_logs/daily_event_configs/d23_hist_d23_1.json,skipped_done,0,0.0,/home/hku_user3/EnergyBridge/benchmark_results/vpp_patch_2026-07-15/household_s5_shared_roommates_irregular_no_dr_germany_d23_hist_d23_1_2025-06-23_1day,/home/hku_user3/EnergyBridge/benchmark_results/vpp_patch_2026-07-15/_batch_logs/daily_dr_memory_germany_1day/household_s5_shared_roommates_irregular_no_dr_germany_d23_hist_d23_1_2025-06-23_1day.log,/home/hku_user3/EnergyBridge/benchmark_results/vpp_patch_2026-07-15/household_s5_shared_roommates_irregular_no_dr_germany_d23_hist_d23_1_2025-06-23_1day/run_summary.txt,0,43.418935,43.418935,8.495103,0.04745,EUR/kWh,D:\Pycharm_project\PycharmProjects\EnergyBridge\experiments\real_data\germany_2025_price.csv,10.5614,10.5614,1.0,1.0,,0.0,1.0,[],"['dishwasher', 'dryer', 'ev', 'washer', 'water_heater']",[],matched,household_s5_shared_roommates_irregular|germany|1days|2025-06-23|no_dr,/home/hku_user3/EnergyBridge/benchmark_results/vpp_patch_2026-07-15/household_s5_shared_roommates_irregular_no_dr_germany_d23_hist_d23_1_2025-06-23_1day/benchmark_result.json,no_dr_counterfactual_event_window_energy,1,10.5614,10.5614,10.5614,10.5614,0.0,0.0,0.0,0.0,0.0,no_dr_counterfactual_baseline
household_s2_multigeneration_caregiver,household_s2_multigeneration_caregiver,no_dr,Germany,1,2025-06-23,d23_hist_d23_1,hist_d23_1,23,/home/hku_user3/EnergyBridge/experiments/real_data/germany_2025_price.csv,18.0,1.0,/home/hku_user3/EnergyBridge/benchmark_results/vpp_patch_2026-07-15/_batch_logs/daily_event_configs/d23_hist_d23_1.json,skipped_done,0,0.0,/home/hku_user3/EnergyBridge/benchmark_results/vpp_patch_2026-07-15/household_s2_multigeneration_caregiver_no_dr_germany_d23_hist_d23_1_2025-06-23_1day,/home/hku_user3/EnergyBridge/benchmark_results/vpp_patch_2026-07-15/_batch_logs/daily_dr_memory_germany_1day/household_s2_multigeneration_caregiver_no_dr_germany_d23_hist_d23_1_2025-06-23_1day.log,/home/hku_user3/EnergyBridge/benchmark_results/vpp_patch_2026-07-15/household_s2_multigeneration_caregiver_no_dr_germany_d23_hist_d23_1_2025-06-23_1day/run_summary.txt,0,42.62065,42.62065,8.341711,0.046977,EUR/kWh,D:\Pycharm_project\PycharmProjects\EnergyBridge\experiments\real_data\germany_2025_price.csv,10.6014,10.6014,1.0,1.0,,0.0,1.0,[],"['dishwasher', 'dryer', 'ev', 'washer', 'water_heater']",[],matched,household_s2_multigeneration_caregiver|germany|1days|2025-06-23|no_dr,/home/hku_user3/EnergyBridge/benchmark_results/vpp_patch_2026-07-15/household_s2_multigeneration_caregiver_no_dr_germany_d23_hist_d23_1_2025-06-23_1day/benchmark_result.json,no_dr_counterfactual_event_window_energy,1,10.6014,10.6014,10.6014,10.6014,0.0,0.0,0.0,0.0,0.0,no_dr_counterfactual_baseline
household_s2_multigeneration_caregiver,household_s2_multigeneration_caregiver,no_dr,Tianjin,1,2025-06-23,d23_hist_d23_1,hist_d23_1,23,/home/hku_user3/EnergyBridge/experiments/real_data/tianjin_tou_price_normalized.csv,18.0,1.0,/home/hku_user3/EnergyBridge/benchmark_results/vpp_patch_2026-07-15/_batch_logs/daily_event_configs/d23_hist_d23_1.json,skipped_done,0,0.0,/home/hku_user3/EnergyBridge/benchmark_results/vpp_patch_2026-07-15/household_s2_multigeneration_caregiver_no_dr_tianjin_d23_hist_d23_1_2025-06-23_1day,/home/hku_user3/EnergyBridge/benchmark_results/vpp_patch_2026-07-15/_batch_logs/daily_dr_memory_tianjin_1day/household_s2_multigeneration_caregiver_no_dr_tianjin_d23_hist_d23_1_2025-06-23_1day.log,/home/hku_user3/EnergyBridge/benchmark_results/vpp_patch_2026-07-15/household_s2_multigeneration_caregiver_no_dr_tianjin_d23_hist_d23_1_2025-06-23_1day/run_summary.txt,0,37.473046,37.473046,51.307281,1.403941,normalized TOU cost/kWh,D:\Pycharm_project\PycharmProjects\EnergyBridge\experiments\real_data\tianjin_tou_price_normalized.csv,5.2075,5.2075,1.0,1.0,,0.0,1.0,[],"['dishwasher', 'dryer', 'ev', 'washer', 'water_heater']",[],matched,household_s2_multigeneration_caregiver|tianjin|1days|2025-06-23|no_dr,/home/hku_user3/EnergyBridge/benchmark_results/vpp_patch_2026-07-15/household_s2_multigeneration_caregiver_no_dr_tianjin_d23_hist_d23_1_2025-06-23_1day/benchmark_result.json,no_dr_counterfactual_event_window_energy,1,5.2075,5.2075,5.2075,5.2075,0.0,0.0,0.0,0.0,0.0,no_dr_counterfactual_baseline
household_s1_dual_commuter_standard,household_s1_dual_commuter_standard,EnergyBridge,Tianjin,1,2025-06-23,d23_hist_d23_1,hist_d23_1,23,/home/hku_user3/EnergyBridge/experiments/real_data/tianjin_tou_price_normalized.csv,18.0,1.0,/home/hku_user3/EnergyBridge/benchmark_results/vpp_patch_2026-07-15/_batch_logs/daily_event_configs/d23_hist_d23_1.json,skipped_done,0,0.0,/home/hku_user3/EnergyBridge/benchmark_results/vpp_patch_2026-07-15/household_s1_dual_commuter_standard_EnergyBridge_tianjin_d23_hist_d23_1_2025-06-23_1day,/home/hku_user3/EnergyBridge/benchmark_results/vpp_patch_2026-07-15/_batch_logs/daily_dr_memory_tianjin_1day/household_s1_dual_commuter_standard_EnergyBridge_tianjin_d23_hist_d23_1_2025-06-23_1day.log,/home/hku_user3/EnergyBridge/benchmark_results/vpp_patch_2026-07-15/household_s1_dual_commuter_standard_EnergyBridge_tianjin_d23_hist_d23_1_2025-06-23_1day/run_summary.txt,0,37.881128,37.881128,46.471886,1.34934,normalized TOU cost/kWh,D:\Pycharm_project\PycharmProjects\EnergyBridge\experiments\real_data\tianjin_tou_price_normalized.csv,1.1003,1.1003,1.0,1.0,3.75,1.0,1.0,"['dishwasher', 'dryer', 'ev', 'washer', 'water_heater']",[],[],matched,household_s1_dual_commuter_standard|tianjin|1days|2025-06-23|no_dr,/home/hku_user3/EnergyBridge/benchmark_results/vpp_patch_2026-07-15/household_s1_dual_commuter_standard_no_dr_tianjin_d23_hist_d23_1_2025-06-23_1day/benchmark_result.json,no_dr_counterfactual_event_window_energy,1,5.1661,1.1003,5.1661,5.1661,4.0658,4.0658,0.787015,4.0658,4.0658,no_dr_counterfactual_baseline
household_s5_shared_roommates_irregular,household_s5_shared_roommates_irregular,EnergyBridge,Germany,1,2025-06-23,d23_hist_d23_1,hist_d23_1,23,/home/hku_user3/EnergyBridge/experiments/real_data/germany_2025_price.csv,18.0,1.0,/home/hku_user3/EnergyBridge/benchmark_results/vpp_patch_2026-07-15/_batch_logs/daily_event_configs/d23_hist_d23_1.json,skipped_done,0,0.0,/home/hku_user3/EnergyBridge/benchmark_results/vpp_patch_2026-07-15/household_s5_shared_roommates_irregular_EnergyBridge_germany_d23_hist_d23_1_2025-06-23_1day,/home/hku_user3/EnergyBridge/benchmark_results/vpp_patch_2026-07-15/_batch_logs/daily_dr_memory_germany_1day/household_s5_shared_roommates_irregular_EnergyBridge_germany_d23_hist_d23_1_2025-06-23_1day.log,/home/hku_user3/EnergyBridge/benchmark_results/vpp_patch_2026-07-15/household_s5_shared_roommates_irregular_EnergyBridge_germany_d23_hist_d23_1_2025-06-23_1day/run_summary.txt,0,43.961669,43.961669,8.098324,0.046416,EUR/kWh,D:\Pycharm_project\PycharmProjects\EnergyBridge\experiments\real_data\germany_2025_price.csv,6.778,6.778,1.0,1.0,4.25,1.0,1.0,"['dishwasher', 'dryer', 'ev', 'washer', 'water_heater']",[],[],matched,household_s5_shared_roommates_irregular|germany|1days|2025-06-23|no_dr,/home/hku_user3/EnergyBridge/benchmark_results/vpp_patch_2026-07-15/household_s5_shared_roommates_irregular_no_dr_germany_d23_hist_d23_1_2025-06-23_1day/benchmark_result.json,no_dr_counterfactual_event_window_energy,1,10.5614,6.778,10.5614,10.5614,3.7834,3.7834,0.358229,3.7834,3.7834,no_dr_counterfactual_baseline
household_s3_hybrid_work_from_home,household_s3_hybrid_work_from_home,EnergyBridge,Tianjin,1,2025-06-23,d23_hist_d23_1,hist_d23_1,23,/home/hku_user3/EnergyBridge/experiments/real_data/tianjin_tou_price_normalized.csv,18.0,1.0,/home/hku_user3/EnergyBridge/benchmark_results/vpp_patch_2026-07-15/_batch_logs/daily_event_configs/d23_hist_d23_1.json,skipped_done,0,0.0,/home/hku_user3/EnergyBridge/benchmark_results/vpp_patch_2026-07-15/household_s3_hybrid_work_from_home_EnergyBridge_tianjin_d23_hist_d23_1_2025-06-23_1day,/home/hku_user3/EnergyBridge/benchmark_results/vpp_patch_2026-07-15/_batch_logs/daily_dr_memory_tianjin_1day/household_s3_hybrid_work_from_home_EnergyBridge_tianjin_d23_hist_d23_1_2025-06-23_1day.log,/home/hku_user3/EnergyBridge/benchmark_results/vpp_patch_2026-07-15/household_s3_hybrid_work_from_home_EnergyBridge_tianjin_d23_hist_d23_1_2025-06-23_1day/run_summary.txt,0,37.213701,37.213701,44.935266,1.338114,normalized TOU cost/kWh,D:\Pycharm_project\PycharmProjects\EnergyBridge\experiments\real_data\tianjin_tou_price_normalized.csv,0.4249,0.4249,1.0,1.0,4.333,1.0,1.0,"['dishwasher', 'dryer', 'ev', 'washer', 'water_heater']",[],[],matched,household_s3_hybrid_work_from_home|tianjin|1days|2025-06-23|no_dr,/home/hku_user3/EnergyBridge/benchmark_results/vpp_patch_2026-07-15/household_s3_hybrid_work_from_home_no_dr_tianjin_d23_hist_d23_1_2025-06-23_1day/benchmark_result.json,no_dr_counterfactual_event_window_energy,1,5.1767,0.4249,5.1767,5.1767,4.7518,4.7518,0.917921,4.7518,4.7518,no_dr_counterfactual_baseline
household_s2_multigeneration_caregiver,household_s2_multigeneration_caregiver,EnergyBridge,Tianjin,1,2025-06-23,d23_hist_d23_1,hist_d23_1,23,/home/hku_user3/EnergyBridge/experiments/real_data/tianjin_tou_price_normalized.csv,18.0,1.0,/home/hku_user3/EnergyBridge/benchmark_results/vpp_patch_2026-07-15/_batch_logs/daily_event_configs/d23_hist_d23_1.json,skipped_done,0,0.0,/home/hku_user3/EnergyBridge/benchmark_results/vpp_patch_2026-07-15/household_s2_multigeneration_caregiver_EnergyBridge_tianjin_d23_hist_d23_1_2025-06-23_1day,/home/hku_user3/EnergyBridge/benchmark_results/vpp_patch_2026-07-15/_batch_logs/daily_dr_memory_tianjin_1day/household_s2_multigeneration_caregiver_EnergyBridge_tianjin_d23_hist_d23_1_2025-06-23_1day.log,/home/hku_user3/EnergyBridge/benchmark_results/vpp_patch_2026-07-15/household_s2_multigeneration_caregiver_EnergyBridge_tianjin_d23_hist_d23_1_2025-06-23_1day/run_summary.txt,0,35.231456,35.231456,41.904849,1.290153,normalized TOU cost/kWh,D:\Pycharm_project\PycharmProjects\EnergyBridge\experiments\real_data\tianjin_tou_price_normalized.csv,1.1454,1.1454,1.0,1.0,4.0,1.0,1.0,"['dishwasher', 'dryer', 'ev', 'washer', 'water_heater']",[],[],matched,household_s2_multigeneration_caregiver|tianjin|1days|2025-06-23|no_dr,/home/hku_user3/EnergyBridge/benchmark_results/vpp_patch_2026-07-15/household_s2_multigeneration_caregiver_no_dr_tianjin_d23_hist_d23_1_2025-06-23_1day/benchmark_result.json,no_dr_counterfactual_event_window_energy,1,5.2075,1.1454,5.2075,5.2075,4.0621,4.0621,0.780048,4.0621,4.0621,no_dr_counterfactual_baseline
household_s4_ev_commuter_flexible,household_s4_ev_commuter_flexible,no_dr,Tianjin,1,2025-06-23,d23_hist_d23_1,hist_d23_1,23,/home/hku_user3/EnergyBridge/experiments/real_data/tianjin_tou_price_normalized.csv,18.0,1.0,/home/hku_user3/EnergyBridge/benchmark_results/vpp_patch_2026-07-15/_batch_logs/daily_event_configs/d23_hist_d23_1.json,skipped_done,0,0.0,/home/hku_user3/EnergyBridge/benchmark_results/vpp_patch_2026-07-15/household_s4_ev_commuter_flexible_no_dr_tianjin_d23_hist_d23_1_2025-06-23_1day,/home/hku_user3/EnergyBridge/benchmark_results/vpp_patch_2026-07-15/_batch_logs/daily_dr_memory_tianjin_1day/household_s4_ev_commuter_flexible_no_dr_tianjin_d23_hist_d23_1_2025-06-23_1day.log,/home/hku_user3/EnergyBridge/benchmark_results/vpp_patch_2026-07-15/household_s4_ev_commuter_flexible_no_dr_tianjin_d23_hist_d23_1_2025-06-23_1day/run_summary.txt,0,42.382811,42.382811,59.859162,1.443711,normalized TOU cost/kWh,D:\Pycharm_project\PycharmProjects\EnergyBridge\experiments\real_data\tianjin_tou_price_normalized.csv,5.1661,5.1661,1.0,1.0,,0.0,1.0,[],"['dishwasher', 'dryer', 'ev', 'washer', 'water_heater']",[],matched,household_s4_ev_commuter_flexible|tianjin|1days|2025-06-23|no_dr,/home/hku_user3/EnergyBridge/benchmark_results/vpp_patch_2026-07-15/household_s4_ev_commuter_flexible_no_dr_tianjin_d23_hist_d23_1_2025-06-23_1day/benchmark_result.json,no_dr_counterfactual_event_window_energy,1,5.1661,5.1661,5.1661,5.1661,0.0,0.0,0.0,0.0,0.0,no_dr_counterfactual_baseline
household_s5_shared_roommates_irregular,household_s5_shared_roommates_irregular,no_dr,Tianjin,1,2025-06-23,d23_hist_d23_1,hist_d23_1,23,/home/hku_user3/EnergyBridge/experiments/real_data/tianjin_tou_price_normalized.csv,18.0,1.0,/home/hku_user3/EnergyBridge/benchmark_results/vpp_patch_2026-07-15/_batch_logs/daily_event_configs/d23_hist_d23_1.json,skipped_done,0,0.0,/home/hku_user3/EnergyBridge/benchmark_results/vpp_patch_2026-07-15/household_s5_shared_roommates_irregular_no_dr_tianjin_d23_hist_d23_1_2025-06-23_1day,/home/hku_user3/EnergyBridge/benchmark_results/vpp_patch_2026-07-15/_batch_logs/daily_dr_memory_tianjin_1day/household_s5_shared_roommates_irregular_no_dr_tianjin_d23_hist_d23_1_2025-06-23_1day.log,/home/hku_user3/EnergyBridge/benchmark_results/vpp_patch_2026-07-15/household_s5_shared_roommates_irregular_no_dr_tianjin_d23_hist_d23_1_2025-06-23_1day/run_summary.txt,0,38.301652,38.301652,53.329307,1.426648,normalized TOU cost/kWh,D:\Pycharm_project\PycharmProjects\EnergyBridge\experiments\real_data\tianjin_tou_price_normalized.csv,5.1661,5.1661,1.0,1.0,,0.0,1.0,[],"['dishwasher', 'dryer', 'ev', 'washer', 'water_heater']",[],matched,household_s5_shared_roommates_irregular|tianjin|1days|2025-06-23|no_dr,/home/hku_user3/EnergyBridge/benchmark_results/vpp_patch_2026-07-15/household_s5_shared_roommates_irregular_no_dr_tianjin_d23_hist_d23_1_2025-06-23_1day/benchmark_result.json,no_dr_counterfactual_event_window_energy,1,5.1661,5.1661,5.1661,5.1661,0.0,0.0,0.0,0.0,0.0,no_dr_counterfactual_baseline
household_s3_hybrid_work_from_home,household_s3_hybrid_work_from_home,no_dr,Tianjin,1,2025-06-23,d23_hist_d23_1,hist_d23_1,23,/home/hku_user3/EnergyBridge/experiments/real_data/tianjin_tou_price_normalized.csv,18.0,1.0,/home/hku_user3/EnergyBridge/benchmark_results/vpp_patch_2026-07-15/_batch_logs/daily_event_configs/d23_hist_d23_1.json,skipped_done,0,0.0,/home/hku_user3/EnergyBridge/benchmark_results/vpp_patch_2026-07-15/household_s3_hybrid_work_from_home_no_dr_tianjin_d23_hist_d23_1_2025-06-23_1day,/home/hku_user3/EnergyBridge/benchmark_results/vpp_patch_2026-07-15/_batch_logs/daily_dr_memory_tianjin_1day/household_s3_hybrid_work_from_home_no_dr_tianjin_d23_hist_d23_1_2025-06-23_1day.log,/home/hku_user3/EnergyBridge/benchmark_results/vpp_patch_2026-07-15/household_s3_hybrid_work_from_home_no_dr_tianjin_d23_hist_d23_1_2025-06-23_1day/run_summary.txt,0,38.583405,38.583405,53.734332,1.426659,normalized TOU cost/kWh,D:\Pycharm_project\PycharmProjects\EnergyBridge\experiments\real_data\tianjin_tou_price_normalized.csv,5.1767,5.1767,1.0,1.0,,0.0,0.8,[],"['dishwasher', 'dryer', 'ev', 'washer', 'water_heater']",[],matched,household_s3_hybrid_work_from_home|tianjin|1days|2025-06-23|no_dr,/home/hku_user3/EnergyBridge/benchmark_results/vpp_patch_2026-07-15/household_s3_hybrid_work_from_home_no_dr_tianjin_d23_hist_d23_1_2025-06-23_1day/benchmark_result.json,no_dr_counterfactual_event_window_energy,1,5.1767,5.1767,5.1767,5.1767,0.0,0.0,0.0,0.0,0.0,no_dr_counterfactual_baseline
household_s2_multigeneration_caregiver,household_s2_multigeneration_caregiver,no_dr,Germany,1,2025-06-24,d24_hist_d24_1,hist_d24_1,24,/home/hku_user3/EnergyBridge/experiments/real_data/germany_2025_price.csv,18.0,1.0,/home/hku_user3/EnergyBridge/benchmark_results/vpp_patch_2026-07-15/_batch_logs/daily_event_configs/d24_hist_d24_1.json,skipped_done,0,0.0,/home/hku_user3/EnergyBridge/benchmark_results/vpp_patch_2026-07-15/household_s2_multigeneration_caregiver_no_dr_germany_d24_hist_d24_1_2025-06-24_1day,/home/hku_user3/EnergyBridge/benchmark_results/vpp_patch_2026-07-15/_batch_logs/daily_dr_memory_germany_1day/household_s2_multigeneration_caregiver_no_dr_germany_d24_hist_d24_1_2025-06-24_1day.log,/home/hku_user3/EnergyBridge/benchmark_results/vpp_patch_2026-07-15/household_s2_multigeneration_caregiver_no_dr_germany_d24_hist_d24_1_2025-06-24_1day/run_summary.txt,0,37.920617,37.920617,9.585417,0.055029,EUR/kWh,D:\Pycharm_project\PycharmProjects\EnergyBridge\experiments\real_data\germany_2025_price.csv,10.7619,10.7619,1.0,1.0,,0.0,1.0,[],"['dishwasher', 'dryer', 'ev', 'washer', 'water_heater']",[],matched,household_s2_multigeneration_caregiver|germany|1days|2025-06-24|no_dr,/home/hku_user3/EnergyBridge/benchmark_results/vpp_patch_2026-07-15/household_s2_multigeneration_caregiver_no_dr_germany_d24_hist_d24_1_2025-06-24_1day/benchmark_result.json,no_dr_counterfactual_event_window_energy,1,10.7619,10.7619,10.7619,10.7619,0.0,0.0,0.0,0.0,0.0,no_dr_counterfactual_baseline
household_s4_ev_commuter_flexible,household_s4_ev_commuter_flexible,EnergyBridge,Tianjin,1,2025-06-23,d23_hist_d23_1,hist_d23_1,23,/home/hku_user3/EnergyBridge/experiments/real_data/tianjin_tou_price_normalized.csv,18.0,1.0,/home/hku_user3/EnergyBridge/benchmark_results/vpp_patch_2026-07-15/_batch_logs/daily_event_configs/d23_hist_d23_1.json,skipped_done,0,0.0,/home/hku_user3/EnergyBridge/benchmark_results/vpp_patch_2026-07-15/household_s4_ev_commuter_flexible_EnergyBridge_tianjin_d23_hist_d23_1_2025-06-23_1day,/home/hku_user3/EnergyBridge/benchmark_results/vpp_patch_2026-07-15/_batch_logs/daily_dr_memory_tianjin_1day/household_s4_ev_commuter_flexible_EnergyBridge_tianjin_d23_hist_d23_1_2025-06-23_1day.log,/home/hku_user3/EnergyBridge/benchmark_results/vpp_patch_2026-07-15/household_s4_ev_commuter_flexible_EnergyBridge_tianjin_d23_hist_d23_1_2025-06-23_1day/run_summary.txt,0,40.609697,40.609697,50.006888,1.35638,normalized TOU cost/kWh,D:\Pycharm_project\PycharmProjects\EnergyBridge\experiments\real_data\tianjin_tou_price_normalized.csv,0.8053,0.8053,1.0,1.0,4.25,1.0,1.0,"['dishwasher', 'dryer', 'ev', 'washer', 'water_heater']",[],[],matched,household_s4_ev_commuter_flexible|tianjin|1days|2025-06-23|no_dr,/home/hku_user3/EnergyBridge/benchmark_results/vpp_patch_2026-07-15/household_s4_ev_commuter_flexible_no_dr_tianjin_d23_hist_d23_1_2025-06-23_1day/benchmark_result.json,no_dr_counterfactual_event_window_energy,1,5.1661,0.8053,5.1661,5.1661,4.3608,4.3608,0.844118,4.3608,4.3608,no_dr_counterfactual_baseline
household_s3_hybrid_work_from_home,household_s3_hybrid_work_from_home,no_dr,Germany,1,2025-06-24,d24_hist_d24_1,hist_d24_1,24,/home/hku_user3/EnergyBridge/experiments/real_data/germany_2025_price.csv,18.0,1.0,/home/hku_user3/EnergyBridge/benchmark_results/vpp_patch_2026-07-15/_batch_logs/daily_event_configs/d24_hist_d24_1.json,skipped_done,0,0.0,/home/hku_user3/EnergyBridge/benchmark_results/vpp_patch_2026-07-15/household_s3_hybrid_work_from_home_no_dr_germany_d24_hist_d24_1_2025-06-24_1day,/home/hku_user3/EnergyBridge/benchmark_results/vpp_patch_2026-07-15/_batch_logs/daily_dr_memory_germany_1day/household_s3_hybrid_work_from_home_no_dr_germany_d24_hist_d24_1_2025-06-24_1day.log,/home/hku_user3/EnergyBridge/benchmark_results/vpp_patch_2026-07-15/household_s3_hybrid_work_from_home_no_dr_germany_d24_hist_d24_1_2025-06-24_1day/run_summary.txt,0,39.285354,39.285354,9.77259,0.055638,EUR/kWh,D:\Pycharm_project\PycharmProjects\EnergyBridge\experiments\real_data\germany_2025_price.csv,10.7278,10.7278,1.0,1.0,,0.0,0.8,[],"['dishwasher', 'dryer', 'ev', 'washer', 'water_heater']",[],matched,household_s3_hybrid_work_from_home|germany|1days|2025-06-24|no_dr,/home/hku_user3/EnergyBridge/benchmark_results/vpp_patch_2026-07-15/household_s3_hybrid_work_from_home_no_dr_germany_d24_hist_d24_1_2025-06-24_1day/benchmark_result.json,no_dr_counterfactual_event_window_energy,1,10.7278,10.7278,10.7278,10.7278,0.0,0.0,0.0,0.0,0.0,no_dr_counterfactual_baseline
household_s5_shared_roommates_irregular,household_s5_shared_roommates_irregular,EnergyBridge,Tianjin,1,2025-06-23,d23_hist_d23_1,hist_d23_1,23,/home/hku_user3/EnergyBridge/experiments/real_data/tianjin_tou_price_normalized.csv,18.0,1.0,/home/hku_user3/EnergyBridge/benchmark_results/vpp_patch_2026-07-15/_batch_logs/daily_event_configs/d23_hist_d23_1.json,skipped_done,0,0.0,/home/hku_user3/EnergyBridge/benchmark_results/vpp_patch_2026-07-15/household_s5_shared_roommates_irregular_EnergyBridge_tianjin_d23_hist_d23_1_2025-06-23_1day,/home/hku_user3/EnergyBridge/benchmark_results/vpp_patch_2026-07-15/_batch_logs/daily_dr_memory_tianjin_1day/household_s5_shared_roommates_irregular_EnergyBridge_tianjin_d23_hist_d23_1_2025-06-23_1day.log,/home/hku_user3/EnergyBridge/benchmark_results/vpp_patch_2026-07-15/household_s5_shared_roommates_irregular_EnergyBridge_tianjin_d23_hist_d23_1_2025-06-23_1day/run_summary.txt,0,36.936076,36.936076,43.849825,1.335039,normalized TOU cost/kWh,D:\Pycharm_project\PycharmProjects\EnergyBridge\experiments\real_data\tianjin_tou_price_normalized.csv,0.4414,0.4414,1.0,1.0,4.25,1.0,1.0,"['dishwasher', 'dryer', 'ev', 'washer', 'water_heater']",[],[],matched,household_s5_shared_roommates_irregular|tianjin|1days|2025-06-23|no_dr,/home/hku_user3/EnergyBridge/benchmark_results/vpp_patch_2026-07-15/household_s5_shared_roommates_irregular_no_dr_tianjin_d23_hist_d23_1_2025-06-23_1day/benchmark_result.json,no_dr_counterfactual_event_window_energy,1,5.1661,0.4414,5.1661,5.1661,4.7247,4.7247,0.914558,4.7247,4.7247,no_dr_counterfactual_baseline
household_s1_dual_commuter_standard,household_s1_dual_commuter_standard,no_dr,Germany,1,2025-06-24,d24_hist_d24_1,hist_d24_1,24,/home/hku_user3/EnergyBridge/experiments/real_data/germany_2025_price.csv,18.0,1.0,/home/hku_user3/EnergyBridge/benchmark_results/vpp_patch_2026-07-15/_batch_logs/daily_event_configs/d24_hist_d24_1.json,skipped_done,0,0.0,/home/hku_user3/EnergyBridge/benchmark_results/vpp_patch_2026-07-15/household_s1_dual_commuter_standard_no_dr_germany_d24_hist_d24_1_2025-06-24_1day,/home/hku_user3/EnergyBridge/benchmark_results/vpp_patch_2026-07-15/_batch_logs/daily_dr_memory_germany_1day/household_s1_dual_commuter_standard_no_dr_germany_d24_hist_d24_1_2025-06-24_1day.log,/home/hku_user3/EnergyBridge/benchmark_results/vpp_patch_2026-07-15/household_s1_dual_commuter_standard_no_dr_germany_d24_hist_d24_1_2025-06-24_1day/run_summary.txt,0,41.086625,41.086625,9.971217,0.05606,EUR/kWh,D:\Pycharm_project\PycharmProjects\EnergyBridge\experiments\real_data\germany_2025_price.csv,10.7199,10.7199,1.0,1.0,,0.0,1.0,[],"['dishwasher', 'dryer', 'ev', 'washer', 'water_heater']",[],matched,household_s1_dual_commuter_standard|germany|1days|2025-06-24|no_dr,/home/hku_user3/EnergyBridge/benchmark_results/vpp_patch_2026-07-15/household_s1_dual_commuter_standard_no_dr_germany_d24_hist_d24_1_2025-06-24_1day/benchmark_result.json,no_dr_counterfactual_event_window_energy,1,10.7199,10.7199,10.7199,10.7199,0.0,0.0,0.0,0.0,0.0,no_dr_counterfactual_baseline
household_s4_ev_commuter_flexible,household_s4_ev_commuter_flexible,no_dr,Germany,1,2025-06-24,d24_hist_d24_1,hist_d24_1,24,/home/hku_user3/EnergyBridge/experiments/real_data/germany_2025_price.csv,18.0,1.0,/home/hku_user3/EnergyBridge/benchmark_results/vpp_patch_2026-07-15/_batch_logs/daily_event_configs/d24_hist_d24_1.json,skipped_done,0,0.0,/home/hku_user3/EnergyBridge/benchmark_results/vpp_patch_2026-07-15/household_s4_ev_commuter_flexible_no_dr_germany_d24_hist_d24_1_2025-06-24_1day,/home/hku_user3/EnergyBridge/benchmark_results/vpp_patch_2026-07-15/_batch_logs/daily_dr_memory_germany_1day/household_s4_ev_commuter_flexible_no_dr_germany_d24_hist_d24_1_2025-06-24_1day.log,/home/hku_user3/EnergyBridge/benchmark_results/vpp_patch_2026-07-15/household_s4_ev_commuter_flexible_no_dr_germany_d24_hist_d24_1_2025-06-24_1day/run_summary.txt,0,43.127205,43.127205,10.170398,0.056531,EUR/kWh,D:\Pycharm_project\PycharmProjects\EnergyBridge\experiments\real_data\germany_2025_price.csv,10.7199,10.7199,1.0,1.0,,0.0,1.0,[],"['dishwasher', 'dryer', 'ev', 'washer', 'water_heater']",[],matched,household_s4_ev_commuter_flexible|germany|1days|2025-06-24|no_dr,/home/hku_user3/EnergyBridge/benchmark_results/vpp_patch_2026-07-15/household_s4_ev_commuter_flexible_no_dr_germany_d24_hist_d24_1_2025-06-24_1day/benchmark_result.json,no_dr_counterfactual_event_window_energy,1,10.7199,10.7199,10.7199,10.7199,0.0,0.0,0.0,0.0,0.0,no_dr_counterfactual_baseline
household_s4_ev_commuter_flexible,household_s4_ev_commuter_flexible,EnergyBridge,Germany,1,2025-06-24,d24_hist_d24_1,hist_d24_1,24,/home/hku_user3/EnergyBridge/experiments/real_data/germany_2025_price.csv,18.0,1.0,/home/hku_user3/EnergyBridge/benchmark_results/vpp_patch_2026-07-15/_batch_logs/daily_event_configs/d24_hist_d24_1.json,skipped_done,0,0.0,/home/hku_user3/EnergyBridge/benchmark_results/vpp_patch_2026-07-15/household_s4_ev_commuter_flexible_EnergyBridge_germany_d24_hist_d24_1_2025-06-24_1day,/home/hku_user3/EnergyBridge/benchmark_results/vpp_patch_2026-07-15/_batch_logs/daily_dr_memory_germany_1day/household_s4_ev_commuter_flexible_EnergyBridge_germany_d24_hist_d24_1_2025-06-24_1day.log,/home/hku_user3/EnergyBridge/benchmark_results/vpp_patch_2026-07-15/household_s4_ev_commuter_flexible_EnergyBridge_germany_d24_hist_d24_1_2025-06-24_1day/run_summary.txt,0,45.208409,45.208409,9.277119,0.052623,EUR/kWh,D:\Pycharm_project\PycharmProjects\EnergyBridge\experiments\real_data\germany_2025_price.csv,6.9702,6.9702,1.0,1.0,4.25,1.0,1.0,"['dishwasher', 'dryer', 'ev', 'washer', 'water_heater']",[],[],matched,household_s4_ev_commuter_flexible|germany|1days|2025-06-24|no_dr,/home/hku_user3/EnergyBridge/benchmark_results/vpp_patch_2026-07-15/household_s4_ev_commuter_flexible_no_dr_germany_d24_hist_d24_1_2025-06-24_1day/benchmark_result.json,no_dr_counterfactual_event_window_energy,1,10.7199,6.9702,10.7199,10.7199,3.7497,3.7497,0.349789,3.7497,3.7497,no_dr_counterfactual_baseline
household_s5_shared_roommates_irregular,household_s5_shared_roommates_irregular,no_dr,Germany,1,2025-06-24,d24_hist_d24_1,hist_d24_1,24,/home/hku_user3/EnergyBridge/experiments/real_data/germany_2025_price.csv,18.0,1.0,/home/hku_user3/EnergyBridge/benchmark_results/vpp_patch_2026-07-15/_batch_logs/daily_event_configs/d24_hist_d24_1.json,skipped_done,0,0.0,/home/hku_user3/EnergyBridge/benchmark_results/vpp_patch_2026-07-15/household_s5_shared_roommates_irregular_no_dr_germany_d24_hist_d24_1_2025-06-24_1day,/home/hku_user3/EnergyBridge/benchmark_results/vpp_patch_2026-07-15/_batch_logs/daily_dr_memory_germany_1day/household_s5_shared_roommates_irregular_no_dr_germany_d24_hist_d24_1_2025-06-24_1day.log,/home/hku_user3/EnergyBridge/benchmark_results/vpp_patch_2026-07-15/household_s5_shared_roommates_irregular_no_dr_germany_d24_hist_d24_1_2025-06-24_1day/run_summary.txt,0,39.046045,39.046045,9.772036,0.055578,EUR/kWh,D:\Pycharm_project\PycharmProjects\EnergyBridge\experiments\real_data\germany_2025_price.csv,10.7199,10.7199,1.0,1.0,,0.0,1.0,[],"['dishwasher', 'dryer', 'ev', 'washer', 'water_heater']",[],matched,household_s5_shared_roommates_irregular|germany|1days|2025-06-24|no_dr,/home/hku_user3/EnergyBridge/benchmark_results/vpp_patch_2026-07-15/household_s5_shared_roommates_irregular_no_dr_germany_d24_hist_d24_1_2025-06-24_1day/benchmark_result.json,no_dr_counterfactual_event_window_energy,1,10.7199,10.7199,10.7199,10.7199,0.0,0.0,0.0,0.0,0.0,no_dr_counterfactual_baseline
household_s1_dual_commuter_standard,household_s1_dual_commuter_standard,no_dr,Tianjin,1,2025-06-24,d24_hist_d24_1,hist_d24_1,24,/home/hku_user3/EnergyBridge/experiments/real_data/tianjin_tou_price_normalized.csv,18.0,1.0,/home/hku_user3/EnergyBridge/benchmark_results/vpp_patch_2026-07-15/_batch_logs/daily_event_configs/d24_hist_d24_1.json,skipped_done,0,0.0,/home/hku_user3/EnergyBridge/benchmark_results/vpp_patch_2026-07-15/household_s1_dual_commuter_standard_no_dr_tianjin_d24_hist_d24_1_2025-06-24_1day,/home/hku_user3/EnergyBridge/benchmark_results/vpp_patch_2026-07-15/_batch_logs/daily_dr_memory_tianjin_1day/household_s1_dual_commuter_standard_no_dr_tianjin_d24_hist_d24_1_2025-06-24_1day.log,/home/hku_user3/EnergyBridge/benchmark_results/vpp_patch_2026-07-15/household_s1_dual_commuter_standard_no_dr_tianjin_d24_hist_d24_1_2025-06-24_1day/run_summary.txt,0,56.770364,56.770364,63.005484,1.355872,normalized TOU cost/kWh,D:\Pycharm_project\PycharmProjects\EnergyBridge\experiments\real_data\tianjin_tou_price_normalized.csv,5.462,5.462,1.0,1.0,,0.0,1.0,[],"['dishwasher', 'dryer', 'ev', 'washer', 'water_heater']",[],matched,household_s1_dual_commuter_standard|tianjin|1days|2025-06-24|no_dr,/home/hku_user3/EnergyBridge/benchmark_results/vpp_patch_2026-07-15/household_s1_dual_commuter_standard_no_dr_tianjin_d24_hist_d24_1_2025-06-24_1day/benchmark_result.json,no_dr_counterfactual_event_window_energy,1,5.462,5.462,5.462,5.462,0.0,0.0,0.0,0.0,0.0,no_dr_counterfactual_baseline
household_s1_dual_commuter_standard,household_s1_dual_commuter_standard,EnergyBridge,Germany,1,2025-06-24,d24_hist_d24_1,hist_d24_1,24,/home/hku_user3/EnergyBridge/experiments/real_data/germany_2025_price.csv,18.0,1.0,/home/hku_user3/EnergyBridge/benchmark_results/vpp_patch_2026-07-15/_batch_logs/daily_event_configs/d24_hist_d24_1.json,skipped_done,0,0.0,/home/hku_user3/EnergyBridge/benchmark_results/vpp_patch_2026-07-15/household_s1_dual_commuter_standard_EnergyBridge_germany_d24_hist_d24_1_2025-06-24_1day,/home/hku_user3/EnergyBridge/benchmark_results/vpp_patch_2026-07-15/_batch_logs/daily_dr_memory_germany_1day/household_s1_dual_commuter_standard_EnergyBridge_germany_d24_hist_d24_1_2025-06-24_1day.log,/home/hku_user3/EnergyBridge/benchmark_results/vpp_patch_2026-07-15/household_s1_dual_commuter_standard_EnergyBridge_germany_d24_hist_d24_1_2025-06-24_1day/run_summary.txt,0,43.167829,43.167829,9.009793,0.051705,EUR/kWh,D:\Pycharm_project\PycharmProjects\EnergyBridge\experiments\real_data\germany_2025_price.csv,6.9702,6.9702,1.0,1.0,3.75,1.0,1.0,"['dishwasher', 'dryer', 'ev', 'washer', 'water_heater']",[],[],matched,household_s1_dual_commuter_standard|germany|1days|2025-06-24|no_dr,/home/hku_user3/EnergyBridge/benchmark_results/vpp_patch_2026-07-15/household_s1_dual_commuter_standard_no_dr_germany_d24_hist_d24_1_2025-06-24_1day/benchmark_result.json,no_dr_counterfactual_event_window_energy,1,10.7199,6.9702,10.7199,10.7199,3.7497,3.7497,0.349789,3.7497,3.7497,no_dr_counterfactual_baseline
household_s5_shared_roommates_irregular,household_s5_shared_roommates_irregular,EnergyBridge,Germany,1,2025-06-24,d24_hist_d24_1,hist_d24_1,24,/home/hku_user3/EnergyBridge/experiments/real_data/germany_2025_price.csv,18.0,1.0,/home/hku_user3/EnergyBridge/benchmark_results/vpp_patch_2026-07-15/_batch_logs/daily_event_configs/d24_hist_d24_1.json,skipped_done,0,0.0,/home/hku_user3/EnergyBridge/benchmark_results/vpp_patch_2026-07-15/household_s5_shared_roommates_irregular_EnergyBridge_germany_d24_hist_d24_1_2025-06-24_1day,/home/hku_user3/EnergyBridge/benchmark_results/vpp_patch_2026-07-15/_batch_logs/daily_dr_memory_germany_1day/household_s5_shared_roommates_irregular_EnergyBridge_germany_d24_hist_d24_1_2025-06-24_1day.log,/home/hku_user3/EnergyBridge/benchmark_results/vpp_patch_2026-07-15/household_s5_shared_roommates_irregular_EnergyBridge_germany_d24_hist_d24_1_2025-06-24_1day/run_summary.txt,0,41.127249,41.127249,8.870462,0.051509,EUR/kWh,D:\Pycharm_project\PycharmProjects\EnergyBridge\experiments\real_data\germany_2025_price.csv,6.9702,6.9702,1.0,1.0,4.25,1.0,1.0,"['dishwasher', 'dryer', 'ev', 'washer', 'water_heater']",[],[],matched,household_s5_shared_roommates_irregular|germany|1days|2025-06-24|no_dr,/home/hku_user3/EnergyBridge/benchmark_results/vpp_patch_2026-07-15/household_s5_shared_roommates_irregular_no_dr_germany_d24_hist_d24_1_2025-06-24_1day/benchmark_result.json,no_dr_counterfactual_event_window_energy,1,10.7199,6.9702,10.7199,10.7199,3.7497,3.7497,0.349789,3.7497,3.7497,no_dr_counterfactual_baseline
household_s3_hybrid_work_from_home,household_s3_hybrid_work_from_home,EnergyBridge,Germany,1,2025-06-24,d24_hist_d24_1,hist_d24_1,24,/home/hku_user3/EnergyBridge/experiments/real_data/germany_2025_price.csv,18.0,1.0,/home/hku_user3/EnergyBridge/benchmark_results/vpp_patch_2026-07-15/_batch_logs/daily_event_configs/d24_hist_d24_1.json,skipped_done,0,0.0,/home/hku_user3/EnergyBridge/benchmark_results/vpp_patch_2026-07-15/household_s3_hybrid_work_from_home_EnergyBridge_germany_d24_hist_d24_1_2025-06-24_1day,/home/hku_user3/EnergyBridge/benchmark_results/vpp_patch_2026-07-15/_batch_logs/daily_dr_memory_germany_1day/household_s3_hybrid_work_from_home_EnergyBridge_germany_d24_hist_d24_1_2025-06-24_1day.log,/home/hku_user3/EnergyBridge/benchmark_results/vpp_patch_2026-07-15/household_s3_hybrid_work_from_home_EnergyBridge_germany_d24_hist_d24_1_2025-06-24_1day/run_summary.txt,0,39.605341,39.605341,8.816967,0.050909,EUR/kWh,D:\Pycharm_project\PycharmProjects\EnergyBridge\experiments\real_data\germany_2025_price.csv,6.5027,6.5027,1.0,1.0,4.0,1.0,1.0,"['dishwasher', 'dryer', 'ev', 'washer', 'water_heater']",[],[],matched,household_s3_hybrid_work_from_home|germany|1days|2025-06-24|no_dr,/home/hku_user3/EnergyBridge/benchmark_results/vpp_patch_2026-07-15/household_s3_hybrid_work_from_home_no_dr_germany_d24_hist_d24_1_2025-06-24_1day/benchmark_result.json,no_dr_counterfactual_event_window_energy,1,10.7278,6.5027,10.7278,10.7278,4.2251,4.2251,0.393846,4.2251,4.2251,no_dr_counterfactual_baseline
household_s2_multigeneration_caregiver,household_s2_multigeneration_caregiver,no_dr,Tianjin,1,2025-06-24,d24_hist_d24_1,hist_d24_1,24,/home/hku_user3/EnergyBridge/experiments/real_data/tianjin_tou_price_normalized.csv,18.0,1.0,/home/hku_user3/EnergyBridge/benchmark_results/vpp_patch_2026-07-15/_batch_logs/daily_event_configs/d24_hist_d24_1.json,skipped_done,0,0.0,/home/hku_user3/EnergyBridge/benchmark_results/vpp_patch_2026-07-15/household_s2_multigeneration_caregiver_no_dr_tianjin_d24_hist_d24_1_2025-06-24_1day,/home/hku_user3/EnergyBridge/benchmark_results/vpp_patch_2026-07-15/_batch_logs/daily_dr_memory_tianjin_1day/household_s2_multigeneration_caregiver_no_dr_tianjin_d24_hist_d24_1_2025-06-24_1day.log,/home/hku_user3/EnergyBridge/benchmark_results/vpp_patch_2026-07-15/household_s2_multigeneration_caregiver_no_dr_tianjin_d24_hist_d24_1_2025-06-24_1day/run_summary.txt,0,56.06167,56.06167,57.785368,1.323063,normalized TOU cost/kWh,D:\Pycharm_project\PycharmProjects\EnergyBridge\experiments\real_data\tianjin_tou_price_normalized.csv,5.5201,5.5201,1.0,1.0,,0.0,1.0,[],"['dishwasher', 'dryer', 'ev', 'washer', 'water_heater']",[],matched,household_s2_multigeneration_caregiver|tianjin|1days|2025-06-24|no_dr,/home/hku_user3/EnergyBridge/benchmark_results/vpp_patch_2026-07-15/household_s2_multigeneration_caregiver_no_dr_tianjin_d24_hist_d24_1_2025-06-24_1day/benchmark_result.json,no_dr_counterfactual_event_window_energy,1,5.5201,5.5201,5.5201,5.5201,0.0,0.0,0.0,0.0,0.0,no_dr_counterfactual_baseline
household_s2_multigeneration_caregiver,household_s2_multigeneration_caregiver,EnergyBridge,Germany,1,2025-06-24,d24_hist_d24_1,hist_d24_1,24,/home/hku_user3/EnergyBridge/experiments/real_data/germany_2025_price.csv,18.0,1.0,/home/hku_user3/EnergyBridge/benchmark_results/vpp_patch_2026-07-15/_batch_logs/daily_event_configs/d24_hist_d24_1.json,skipped_done,0,0.0,/home/hku_user3/EnergyBridge/benchmark_results/vpp_patch_2026-07-15/household_s2_multigeneration_caregiver_EnergyBridge_germany_d24_hist_d24_1_2025-06-24_1day,/home/hku_user3/EnergyBridge/benchmark_results/vpp_patch_2026-07-15/_batch_logs/daily_dr_memory_germany_1day/household_s2_multigeneration_caregiver_EnergyBridge_germany_d24_hist_d24_1_2025-06-24_1day.log,/home/hku_user3/EnergyBridge/benchmark_results/vpp_patch_2026-07-15/household_s2_multigeneration_caregiver_EnergyBridge_germany_d24_hist_d24_1_2025-06-24_1day/run_summary.txt,0,38.388933,38.388933,8.580744,0.049723,EUR/kWh,D:\Pycharm_project\PycharmProjects\EnergyBridge\experiments\real_data\germany_2025_price.csv,6.6531,6.6531,1.0,1.0,4.4,1.0,1.0,"['dishwasher', 'dryer', 'ev', 'washer', 'water_heater']",[],[],matched,household_s2_multigeneration_caregiver|germany|1days|2025-06-24|no_dr,/home/hku_user3/EnergyBridge/benchmark_results/vpp_patch_2026-07-15/household_s2_multigeneration_caregiver_no_dr_germany_d24_hist_d24_1_2025-06-24_1day/benchmark_result.json,no_dr_counterfactual_event_window_energy,1,10.7619,6.6531,10.7619,10.7619,4.1088,4.1088,0.381791,4.1088,4.1088,no_dr_counterfactual_baseline
household_s4_ev_commuter_flexible,household_s4_ev_commuter_flexible,no_dr,Tianjin,1,2025-06-24,d24_hist_d24_1,hist_d24_1,24,/home/hku_user3/EnergyBridge/experiments/real_data/tianjin_tou_price_normalized.csv,18.0,1.0,/home/hku_user3/EnergyBridge/benchmark_results/vpp_patch_2026-07-15/_batch_logs/daily_event_configs/d24_hist_d24_1.json,skipped_done,0,0.0,/home/hku_user3/EnergyBridge/benchmark_results/vpp_patch_2026-07-15/household_s4_ev_commuter_flexible_no_dr_tianjin_d24_hist_d24_1_2025-06-24_1day,/home/hku_user3/EnergyBridge/benchmark_results/vpp_patch_2026-07-15/_batch_logs/daily_dr_memory_tianjin_1day/household_s4_ev_commuter_flexible_no_dr_tianjin_d24_hist_d24_1_2025-06-24_1day.log,/home/hku_user3/EnergyBridge/benchmark_results/vpp_patch_2026-07-15/household_s4_ev_commuter_flexible_no_dr_tianjin_d24_hist_d24_1_2025-06-24_1day/run_summary.txt,0,58.810944,58.810944,66.270412,1.366141,normalized TOU cost/kWh,D:\Pycharm_project\PycharmProjects\EnergyBridge\experiments\real_data\tianjin_tou_price_normalized.csv,5.462,5.462,1.0,1.0,,0.0,1.0,[],"['dishwasher', 'dryer', 'ev', 'washer', 'water_heater']",[],matched,household_s4_ev_commuter_flexible|tianjin|1days|2025-06-24|no_dr,/home/hku_user3/EnergyBridge/benchmark_results/vpp_patch_2026-07-15/household_s4_ev_commuter_flexible_no_dr_tianjin_d24_hist_d24_1_2025-06-24_1day/benchmark_result.json,no_dr_counterfactual_event_window_energy,1,5.462,5.462,5.462,5.462,0.0,0.0,0.0,0.0,0.0,no_dr_counterfactual_baseline
household_s3_hybrid_work_from_home,household_s3_hybrid_work_from_home,no_dr,Tianjin,1,2025-06-24,d24_hist_d24_1,hist_d24_1,24,/home/hku_user3/EnergyBridge/experiments/real_data/tianjin_tou_price_normalized.csv,18.0,1.0,/home/hku_user3/EnergyBridge/benchmark_results/vpp_patch_2026-07-15/_batch_logs/daily_event_configs/d24_hist_d24_1.json,skipped_done,0,0.0,/home/hku_user3/EnergyBridge/benchmark_results/vpp_patch_2026-07-15/household_s3_hybrid_work_from_home_no_dr_tianjin_d24_hist_d24_1_2025-06-24_1day,/home/hku_user3/EnergyBridge/benchmark_results/vpp_patch_2026-07-15/_batch_logs/daily_dr_memory_tianjin_1day/household_s3_hybrid_work_from_home_no_dr_tianjin_d24_hist_d24_1_2025-06-24_1day.log,/home/hku_user3/EnergyBridge/benchmark_results/vpp_patch_2026-07-15/household_s3_hybrid_work_from_home_no_dr_tianjin_d24_hist_d24_1_2025-06-24_1day/run_summary.txt,0,55.127052,55.127052,60.18287,1.345154,normalized TOU cost/kWh,D:\Pycharm_project\PycharmProjects\EnergyBridge\experiments\real_data\tianjin_tou_price_normalized.csv,5.4638,5.4638,1.0,1.0,,0.0,0.8,[],"['dishwasher', 'dryer', 'ev', 'washer', 'water_heater']",[],matched,household_s3_hybrid_work_from_home|tianjin|1days|2025-06-24|no_dr,/home/hku_user3/EnergyBridge/benchmark_results/vpp_patch_2026-07-15/household_s3_hybrid_work_from_home_no_dr_tianjin_d24_hist_d24_1_2025-06-24_1day/benchmark_result.json,no_dr_counterfactual_event_window_energy,1,5.4638,5.4638,5.4638,5.4638,0.0,0.0,0.0,0.0,0.0,no_dr_counterfactual_baseline
household_s3_hybrid_work_from_home,household_s3_hybrid_work_from_home,EnergyBridge,Tianjin,1,2025-06-24,d24_hist_d24_1,hist_d24_1,24,/home/hku_user3/EnergyBridge/experiments/real_data/tianjin_tou_price_normalized.csv,18.0,1.0,/home/hku_user3/EnergyBridge/benchmark_results/vpp_patch_2026-07-15/_batch_logs/daily_event_configs/d24_hist_d24_1.json,skipped_done,0,0.0,/home/hku_user3/EnergyBridge/benchmark_results/vpp_patch_2026-07-15/household_s3_hybrid_work_from_home_EnergyBridge_tianjin_d24_hist_d24_1_2025-06-24_1day,/home/hku_user3/EnergyBridge/benchmark_results/vpp_patch_2026-07-15/_batch_logs/daily_dr_memory_tianjin_1day/household_s3_hybrid_work_from_home_EnergyBridge_tianjin_d24_hist_d24_1_2025-06-24_1day.log,/home/hku_user3/EnergyBridge/benchmark_results/vpp_patch_2026-07-15/household_s3_hybrid_work_from_home_EnergyBridge_tianjin_d24_hist_d24_1_2025-06-24_1day/run_summary.txt,0,55.533739,55.533739,57.916882,1.354589,normalized TOU cost/kWh,D:\Pycharm_project\PycharmProjects\EnergyBridge\experiments\real_data\tianjin_tou_price_normalized.csv,2.257,2.257,1.0,1.0,3.333,1.0,1.0,"['dishwasher', 'dryer', 'ev', 'washer', 'water_heater']",[],[],matched,household_s3_hybrid_work_from_home|tianjin|1days|2025-06-24|no_dr,/home/hku_user3/EnergyBridge/benchmark_results/vpp_patch_2026-07-15/household_s3_hybrid_work_from_home_no_dr_tianjin_d24_hist_d24_1_2025-06-24_1day/benchmark_result.json,no_dr_counterfactual_event_window_energy,1,5.4638,2.257,5.4638,5.4638,3.2068,3.2068,0.586918,3.2068,3.2068,no_dr_counterfactual_baseline
household_s2_multigeneration_caregiver,household_s2_multigeneration_caregiver,EnergyBridge,Tianjin,1,2025-06-24,d24_hist_d24_1,hist_d24_1,24,/home/hku_user3/EnergyBridge/experiments/real_data/tianjin_tou_price_normalized.csv,18.0,1.0,/home/hku_user3/EnergyBridge/benchmark_results/vpp_patch_2026-07-15/_batch_logs/daily_event_configs/d24_hist_d24_1.json,skipped_done,0,0.0,/home/hku_user3/EnergyBridge/benchmark_results/vpp_patch_2026-07-15/household_s2_multigeneration_caregiver_EnergyBridge_tianjin_d24_hist_d24_1_2025-06-24_1day,/home/hku_user3/EnergyBridge/benchmark_results/vpp_patch_2026-07-15/_batch_logs/daily_dr_memory_tianjin_1day/household_s2_multigeneration_caregiver_EnergyBridge_tianjin_d24_hist_d24_1_2025-06-24_1day.log,/home/hku_user3/EnergyBridge/benchmark_results/vpp_patch_2026-07-15/household_s2_multigeneration_caregiver_EnergyBridge_tianjin_d24_hist_d24_1_2025-06-24_1day/run_summary.txt,0,52.254967,52.254967,54.042937,1.268123,normalized TOU cost/kWh,D:\Pycharm_project\PycharmProjects\EnergyBridge\experiments\real_data\tianjin_tou_price_normalized.csv,2.0054,2.0054,1.0,1.0,3.8,1.0,1.0,"['dishwasher', 'dryer', 'ev', 'washer', 'water_heater']",[],[],matched,household_s2_multigeneration_caregiver|tianjin|1days|2025-06-24|no_dr,/home/hku_user3/EnergyBridge/benchmark_results/vpp_patch_2026-07-15/household_s2_multigeneration_caregiver_no_dr_tianjin_d24_hist_d24_1_2025-06-24_1day/benchmark_result.json,no_dr_counterfactual_event_window_energy,1,5.5201,2.0054,5.5201,5.5201,3.5147,3.5147,0.636709,3.5147,3.5147,no_dr_counterfactual_baseline
household_s1_dual_commuter_standard,household_s1_dual_commuter_standard,EnergyBridge,Tianjin,1,2025-06-24,d24_hist_d24_1,hist_d24_1,24,/home/hku_user3/EnergyBridge/experiments/real_data/tianjin_tou_price_normalized.csv,18.0,1.0,/home/hku_user3/EnergyBridge/benchmark_results/vpp_patch_2026-07-15/_batch_logs/daily_event_configs/d24_hist_d24_1.json,skipped_done,0,0.0,/home/hku_user3/EnergyBridge/benchmark_results/vpp_patch_2026-07-15/household_s1_dual_commuter_standard_EnergyBridge_tianjin_d24_hist_d24_1_2025-06-24_1day,/home/hku_user3/EnergyBridge/benchmark_results/vpp_patch_2026-07-15/_batch_logs/daily_dr_memory_tianjin_1day/household_s1_dual_commuter_standard_EnergyBridge_tianjin_d24_hist_d24_1_2025-06-24_1day.log,/home/hku_user3/EnergyBridge/benchmark_results/vpp_patch_2026-07-15/household_s1_dual_commuter_standard_EnergyBridge_tianjin_d24_hist_d24_1_2025-06-24_1day/run_summary.txt,0,59.078375,59.078375,56.609213,1.328526,normalized TOU cost/kWh,D:\Pycharm_project\PycharmProjects\EnergyBridge\experiments\real_data\tianjin_tou_price_normalized.csv,2.7865,2.7865,1.0,1.0,4.5,1.0,1.0,"['dishwasher', 'dryer', 'ev', 'washer', 'water_heater']",[],[],matched,household_s1_dual_commuter_standard|tianjin|1days|2025-06-24|no_dr,/home/hku_user3/EnergyBridge/benchmark_results/vpp_patch_2026-07-15/household_s1_dual_commuter_standard_no_dr_tianjin_d24_hist_d24_1_2025-06-24_1day/benchmark_result.json,no_dr_counterfactual_event_window_energy,1,5.462,2.7865,5.462,5.462,2.6755,2.6755,0.489839,2.6755,2.6755,no_dr_counterfactual_baseline
household_s4_ev_commuter_flexible,household_s4_ev_commuter_flexible,EnergyBridge,Tianjin,1,2025-06-24,d24_hist_d24_1,hist_d24_1,24,/home/hku_user3/EnergyBridge/experiments/real_data/tianjin_tou_price_normalized.csv,18.0,1.0,/home/hku_user3/EnergyBridge/benchmark_results/vpp_patch_2026-07-15/_batch_logs/daily_event_configs/d24_hist_d24_1.json,skipped_done,0,0.0,/home/hku_user3/EnergyBridge/benchmark_results/vpp_patch_2026-07-15/household_s4_ev_commuter_flexible_EnergyBridge_tianjin_d24_hist_d24_1_2025-06-24_1day,/home/hku_user3/EnergyBridge/benchmark_results/vpp_patch_2026-07-15/_batch_logs/daily_dr_memory_tianjin_1day/household_s4_ev_commuter_flexible_EnergyBridge_tianjin_d24_hist_d24_1_2025-06-24_1day.log,/home/hku_user3/EnergyBridge/benchmark_results/vpp_patch_2026-07-15/household_s4_ev_commuter_flexible_EnergyBridge_tianjin_d24_hist_d24_1_2025-06-24_1day/run_summary.txt,0,58.97509,58.97509,59.22324,1.36181,normalized TOU cost/kWh,D:\Pycharm_project\PycharmProjects\EnergyBridge\experiments\real_data\tianjin_tou_price_normalized.csv,2.7933,2.7933,1.0,1.0,4.5,1.0,1.0,"['dishwasher', 'dryer', 'ev', 'washer', 'water_heater']",[],[],matched,household_s4_ev_commuter_flexible|tianjin|1days|2025-06-24|no_dr,/home/hku_user3/EnergyBridge/benchmark_results/vpp_patch_2026-07-15/household_s4_ev_commuter_flexible_no_dr_tianjin_d24_hist_d24_1_2025-06-24_1day/benchmark_result.json,no_dr_counterfactual_event_window_energy,1,5.462,2.7933,5.462,5.462,2.6687,2.6687,0.488594,2.6687,2.6687,no_dr_counterfactual_baseline
household_s5_shared_roommates_irregular,household_s5_shared_roommates_irregular,no_dr,Tianjin,1,2025-06-24,d24_hist_d24_1,hist_d24_1,24,/home/hku_user3/EnergyBridge/experiments/real_data/tianjin_tou_price_normalized.csv,18.0,1.0,/home/hku_user3/EnergyBridge/benchmark_results/vpp_patch_2026-07-15/_batch_logs/daily_event_configs/d24_hist_d24_1.json,skipped_done,0,0.0,/home/hku_user3/EnergyBridge/benchmark_results/vpp_patch_2026-07-15/household_s5_shared_roommates_irregular_no_dr_tianjin_d24_hist_d24_1_2025-06-24_1day,/home/hku_user3/EnergyBridge/benchmark_results/vpp_patch_2026-07-15/_batch_logs/daily_dr_memory_tianjin_1day/household_s5_shared_roommates_irregular_no_dr_tianjin_d24_hist_d24_1_2025-06-24_1day.log,/home/hku_user3/EnergyBridge/benchmark_results/vpp_patch_2026-07-15/household_s5_shared_roommates_irregular_no_dr_tianjin_d24_hist_d24_1_2025-06-24_1day/run_summary.txt,0,54.729785,54.729785,59.740556,1.344659,normalized TOU cost/kWh,D:\Pycharm_project\PycharmProjects\EnergyBridge\experiments\real_data\tianjin_tou_price_normalized.csv,5.462,5.462,1.0,1.0,,0.0,1.0,[],"['dishwasher', 'dryer', 'ev', 'washer', 'water_heater']",[],matched,household_s5_shared_roommates_irregular|tianjin|1days|2025-06-24|no_dr,/home/hku_user3/EnergyBridge/benchmark_results/vpp_patch_2026-07-15/household_s5_shared_roommates_irregular_no_dr_tianjin_d24_hist_d24_1_2025-06-24_1day/benchmark_result.json,no_dr_counterfactual_event_window_energy,1,5.462,5.462,5.462,5.462,0.0,0.0,0.0,0.0,0.0,no_dr_counterfactual_baseline
household_s2_multigeneration_caregiver,household_s2_multigeneration_caregiver,EnergyBridge,Germany,1,2025-06-25,d25_hist_d25_1_patched,hist_d25_1_patched,25,/home/hku_user3/EnergyBridge/experiments/real_data/germany_2025_price.csv,18.0,1.0,/home/hku_user3/EnergyBridge/benchmark_results/vpp_patch_2026-07-15/_batch_logs/daily_event_configs/d25_hist_d25_1_patched.json,skipped_done,0,0.0,/home/hku_user3/EnergyBridge/benchmark_results/vpp_patch_2026-07-15/household_s2_multigeneration_caregiver_EnergyBridge_germany_d25_hist_d25_1_patched_2025-06-25_1day,/home/hku_user3/EnergyBridge/benchmark_results/vpp_patch_2026-07-15/_batch_logs/daily_dr_memory_germany_1day/household_s2_multigeneration_caregiver_EnergyBridge_germany_d25_hist_d25_1_patched_2025-06-25_1day.log,/home/hku_user3/EnergyBridge/benchmark_results/vpp_patch_2026-07-15/household_s2_multigeneration_caregiver_EnergyBridge_germany_d25_hist_d25_1_patched_2025-06-25_1day/run_summary.txt,0,48.301753,48.301753,15.64296,0.087747,EUR/kWh,/home/hku_user3/EnergyBridge/experiments/real_data/germany_2025_price.csv,6.9004,6.9004,1.0,1.0,3.8,1.0,1.0,"['dishwasher', 'dryer', 'ev', 'washer', 'water_heater']",[],[],matched,household_s2_multigeneration_caregiver|germany|1days|2025-06-25|no_dr,/home/hku_user3/EnergyBridge/benchmark_results/vpp_patch_2026-07-15/household_s2_multigeneration_caregiver_no_dr_germany_d25_hist_d25_1_patched_2025-06-25_1day/benchmark_result.json,no_dr_counterfactual_event_window_energy,1,11.0044,6.9004,11.0044,11.0044,4.104,4.104,0.372942,4.104,4.104,no_dr_counterfactual_baseline
household_s5_shared_roommates_irregular,household_s5_shared_roommates_irregular,EnergyBridge,Tianjin,1,2025-06-24,d24_hist_d24_1,hist_d24_1,24,/home/hku_user3/EnergyBridge/experiments/real_data/tianjin_tou_price_normalized.csv,18.0,1.0,/home/hku_user3/EnergyBridge/benchmark_results/vpp_patch_2026-07-15/_batch_logs/daily_event_configs/d24_hist_d24_1.json,skipped_done,0,0.0,/home/hku_user3/EnergyBridge/benchmark_results/vpp_patch_2026-07-15/household_s5_shared_roommates_irregular_EnergyBridge_tianjin_d24_hist_d24_1_2025-06-24_1day,/home/hku_user3/EnergyBridge/benchmark_results/vpp_patch_2026-07-15/_batch_logs/daily_dr_memory_tianjin_1day/household_s5_shared_roommates_irregular_EnergyBridge_tianjin_d24_hist_d24_1_2025-06-24_1day.log,/home/hku_user3/EnergyBridge/benchmark_results/vpp_patch_2026-07-15/household_s5_shared_roommates_irregular_EnergyBridge_tianjin_d24_hist_d24_1_2025-06-24_1day/run_summary.txt,0,57.218546,57.218546,55.099852,1.3577,normalized TOU cost/kWh,D:\Pycharm_project\PycharmProjects\EnergyBridge\experiments\real_data\tianjin_tou_price_normalized.csv,2.7972,2.7972,1.0,1.0,4.0,1.0,1.0,"['dishwasher', 'dryer', 'ev', 'washer', 'water_heater']",[],[],matched,household_s5_shared_roommates_irregular|tianjin|1days|2025-06-24|no_dr,/home/hku_user3/EnergyBridge/benchmark_results/vpp_patch_2026-07-15/household_s5_shared_roommates_irregular_no_dr_tianjin_d24_hist_d24_1_2025-06-24_1day/benchmark_result.json,no_dr_counterfactual_event_window_energy,1,5.462,2.7972,5.462,5.462,2.6648,2.6648,0.48788,2.6648,2.6648,no_dr_counterfactual_baseline
household_s1_dual_commuter_standard,household_s1_dual_commuter_standard,EnergyBridge,Germany,1,2025-06-25,d25_hist_d25_1_patched,hist_d25_1_patched,25,/home/hku_user3/EnergyBridge/experiments/real_data/germany_2025_price.csv,18.0,1.0,/home/hku_user3/EnergyBridge/benchmark_results/vpp_patch_2026-07-15/_batch_logs/daily_event_configs/d25_hist_d25_1_patched.json,skipped_done,0,0.0,/home/hku_user3/EnergyBridge/benchmark_results/vpp_patch_2026-07-15/household_s1_dual_commuter_standard_EnergyBridge_germany_d25_hist_d25_1_patched_2025-06-25_1day,/home/hku_user3/EnergyBridge/benchmark_results/vpp_patch_2026-07-15/_batch_logs/daily_dr_memory_germany_1day/household_s1_dual_commuter_standard_EnergyBridge_germany_d25_hist_d25_1_patched_2025-06-25_1day.log,/home/hku_user3/EnergyBridge/benchmark_results/vpp_patch_2026-07-15/household_s1_dual_commuter_standard_EnergyBridge_germany_d25_hist_d25_1_patched_2025-06-25_1day/run_summary.txt,0,55.730677,55.730677,15.940155,0.090759,EUR/kWh,/home/hku_user3/EnergyBridge/experiments/real_data/germany_2025_price.csv,7.4848,7.4848,1.0,1.0,3.75,1.0,1.0,"['dishwasher', 'dryer', 'ev', 'washer', 'water_heater']",[],[],matched,household_s1_dual_commuter_standard|germany|1days|2025-06-25|no_dr,/home/hku_user3/EnergyBridge/benchmark_results/vpp_patch_2026-07-15/household_s1_dual_commuter_standard_no_dr_germany_d25_hist_d25_1_patched_2025-06-25_1day/benchmark_result.json,no_dr_counterfactual_event_window_energy,1,10.9699,7.4848,10.9699,10.9699,3.4851,3.4851,0.317697,3.4851,3.4851,no_dr_counterfactual_baseline
household_s1_dual_commuter_standard,household_s1_dual_commuter_standard,no_dr,Germany,1,2025-06-25,d25_hist_d25_1_patched,hist_d25_1_patched,25,/home/hku_user3/EnergyBridge/experiments/real_data/germany_2025_price.csv,18.0,1.0,/home/hku_user3/EnergyBridge/benchmark_results/vpp_patch_2026-07-15/_batch_logs/daily_event_configs/d25_hist_d25_1_patched.json,skipped_done,0,0.0,/home/hku_user3/EnergyBridge/benchmark_results/vpp_patch_2026-07-15/household_s1_dual_commuter_standard_no_dr_germany_d25_hist_d25_1_patched_2025-06-25_1day,/home/hku_user3/EnergyBridge/benchmark_results/vpp_patch_2026-07-15/_batch_logs/daily_dr_memory_germany_1day/household_s1_dual_commuter_standard_no_dr_germany_d25_hist_d25_1_patched_2025-06-25_1day.log,/home/hku_user3/EnergyBridge/benchmark_results/vpp_patch_2026-07-15/household_s1_dual_commuter_standard_no_dr_germany_d25_hist_d25_1_patched_2025-06-25_1day/run_summary.txt,0,52.926063,52.926063,18.171453,0.09973,EUR/kWh,/home/hku_user3/EnergyBridge/experiments/real_data/germany_2025_price.csv,10.9699,10.9699,1.0,1.0,,0.0,1.0,[],"['dishwasher', 'dryer', 'ev', 'washer', 'water_heater']",[],matched,household_s1_dual_commuter_standard|germany|1days|2025-06-25|no_dr,/home/hku_user3/EnergyBridge/benchmark_results/vpp_patch_2026-07-15/household_s1_dual_commuter_standard_no_dr_germany_d25_hist_d25_1_patched_2025-06-25_1day/benchmark_result.json,no_dr_counterfactual_event_window_energy,1,10.9699,10.9699,10.9699,10.9699,0.0,0.0,0.0,0.0,0.0,no_dr_counterfactual_baseline
household_s4_ev_commuter_flexible,household_s4_ev_commuter_flexible,no_dr,Germany,1,2025-06-25,d25_hist_d25_1_patched,hist_d25_1_patched,25,/home/hku_user3/EnergyBridge/experiments/real_data/germany_2025_price.csv,18.0,1.0,/home/hku_user3/EnergyBridge/benchmark_results/vpp_patch_2026-07-15/_batch_logs/daily_event_configs/d25_hist_d25_1_patched.json,skipped_done,0,0.0,/home/hku_user3/EnergyBridge/benchmark_results/vpp_patch_2026-07-15/household_s4_ev_commuter_flexible_no_dr_germany_d25_hist_d25_1_patched_2025-06-25_1day,/home/hku_user3/EnergyBridge/benchmark_results/vpp_patch_2026-07-15/_batch_logs/daily_dr_memory_germany_1day/household_s4_ev_commuter_flexible_no_dr_germany_d25_hist_d25_1_patched_2025-06-25_1day.log,/home/hku_user3/EnergyBridge/benchmark_results/vpp_patch_2026-07-15/household_s4_ev_commuter_flexible_no_dr_germany_d25_hist_d25_1_patched_2025-06-25_1day/run_summary.txt,0,55.259397,55.259397,18.331904,0.099971,EUR/kWh,/home/hku_user3/EnergyBridge/experiments/real_data/germany_2025_price.csv,10.9699,10.9699,1.0,1.0,,0.0,1.0,[],"['dishwasher', 'dryer', 'ev', 'washer', 'water_heater']",[],matched,household_s4_ev_commuter_flexible|germany|1days|2025-06-25|no_dr,/home/hku_user3/EnergyBridge/benchmark_results/vpp_patch_2026-07-15/household_s4_ev_commuter_flexible_no_dr_germany_d25_hist_d25_1_patched_2025-06-25_1day/benchmark_result.json,no_dr_counterfactual_event_window_energy,1,10.9699,10.9699,10.9699,10.9699,0.0,0.0,0.0,0.0,0.0,no_dr_counterfactual_baseline
household_s2_multigeneration_caregiver,household_s2_multigeneration_caregiver,no_dr,Germany,1,2025-06-25,d25_hist_d25_1_patched,hist_d25_1_patched,25,/home/hku_user3/EnergyBridge/experiments/real_data/germany_2025_price.csv,18.0,1.0,/home/hku_user3/EnergyBridge/benchmark_results/vpp_patch_2026-07-15/_batch_logs/daily_event_configs/d25_hist_d25_1_patched.json,skipped_done,0,0.0,/home/hku_user3/EnergyBridge/benchmark_results/vpp_patch_2026-07-15/household_s2_multigeneration_caregiver_no_dr_germany_d25_hist_d25_1_patched_2025-06-25_1day,/home/hku_user3/EnergyBridge/benchmark_results/vpp_patch_2026-07-15/_batch_logs/daily_dr_memory_germany_1day/household_s2_multigeneration_caregiver_no_dr_germany_d25_hist_d25_1_patched_2025-06-25_1day.log,/home/hku_user3/EnergyBridge/benchmark_results/vpp_patch_2026-07-15/household_s2_multigeneration_caregiver_no_dr_germany_d25_hist_d25_1_patched_2025-06-25_1day/run_summary.txt,0,49.716063,49.716063,17.822394,0.098678,EUR/kWh,/home/hku_user3/EnergyBridge/experiments/real_data/germany_2025_price.csv,11.0044,11.0044,1.0,1.0,,0.0,1.0,[],"['dishwasher', 'dryer', 'ev', 'washer', 'water_heater']",[],matched,household_s2_multigeneration_caregiver|germany|1days|2025-06-25|no_dr,/home/hku_user3/EnergyBridge/benchmark_results/vpp_patch_2026-07-15/household_s2_multigeneration_caregiver_no_dr_germany_d25_hist_d25_1_patched_2025-06-25_1day/benchmark_result.json,no_dr_counterfactual_event_window_energy,1,11.0044,11.0044,11.0044,11.0044,0.0,0.0,0.0,0.0,0.0,no_dr_counterfactual_baseline
household_s5_shared_roommates_irregular,household_s5_shared_roommates_irregular,no_dr,Germany,1,2025-06-25,d25_hist_d25_1_patched,hist_d25_1_patched,25,/home/hku_user3/EnergyBridge/experiments/real_data/germany_2025_price.csv,18.0,1.0,/home/hku_user3/EnergyBridge/benchmark_results/vpp_patch_2026-07-15/_batch_logs/daily_event_configs/d25_hist_d25_1_patched.json,skipped_done,0,0.0,/home/hku_user3/EnergyBridge/benchmark_results/vpp_patch_2026-07-15/household_s5_shared_roommates_irregular_no_dr_germany_d25_hist_d25_1_patched_2025-06-25_1day,/home/hku_user3/EnergyBridge/benchmark_results/vpp_patch_2026-07-15/_batch_logs/daily_dr_memory_germany_1day/household_s5_shared_roommates_irregular_no_dr_germany_d25_hist_d25_1_patched_2025-06-25_1day.log,/home/hku_user3/EnergyBridge/benchmark_results/vpp_patch_2026-07-15/household_s5_shared_roommates_irregular_no_dr_germany_d25_hist_d25_1_patched_2025-06-25_1day/run_summary.txt,0,50.59273,50.59273,17.958349,0.099196,EUR/kWh,/home/hku_user3/EnergyBridge/experiments/real_data/germany_2025_price.csv,10.9699,10.9699,1.0,1.0,,0.0,1.0,[],"['dishwasher', 'dryer', 'ev', 'washer', 'water_heater']",[],matched,household_s5_shared_roommates_irregular|germany|1days|2025-06-25|no_dr,/home/hku_user3/EnergyBridge/benchmark_results/vpp_patch_2026-07-15/household_s5_shared_roommates_irregular_no_dr_germany_d25_hist_d25_1_patched_2025-06-25_1day/benchmark_result.json,no_dr_counterfactual_event_window_energy,1,10.9699,10.9699,10.9699,10.9699,0.0,0.0,0.0,0.0,0.0,no_dr_counterfactual_baseline
household_s3_hybrid_work_from_home,household_s3_hybrid_work_from_home,no_dr,Germany,1,2025-06-25,d25_hist_d25_1_patched,hist_d25_1_patched,25,/home/hku_user3/EnergyBridge/experiments/real_data/germany_2025_price.csv,18.0,1.0,/home/hku_user3/EnergyBridge/benchmark_results/vpp_patch_2026-07-15/_batch_logs/daily_event_configs/d25_hist_d25_1_patched.json,skipped_done,0,0.0,/home/hku_user3/EnergyBridge/benchmark_results/vpp_patch_2026-07-15/household_s3_hybrid_work_from_home_no_dr_germany_d25_hist_d25_1_patched_2025-06-25_1day,/home/hku_user3/EnergyBridge/benchmark_results/vpp_patch_2026-07-15/_batch_logs/daily_dr_memory_germany_1day/household_s3_hybrid_work_from_home_no_dr_germany_d25_hist_d25_1_patched_2025-06-25_1day.log,/home/hku_user3/EnergyBridge/benchmark_results/vpp_patch_2026-07-15/household_s3_hybrid_work_from_home_no_dr_germany_d25_hist_d25_1_patched_2025-06-25_1day/run_summary.txt,0,50.866951,50.866951,17.954249,0.099253,EUR/kWh,/home/hku_user3/EnergyBridge/experiments/real_data/germany_2025_price.csv,10.9791,10.9791,1.0,1.0,,0.0,0.8,[],"['dishwasher', 'dryer', 'ev', 'washer', 'water_heater']",[],matched,household_s3_hybrid_work_from_home|germany|1days|2025-06-25|no_dr,/home/hku_user3/EnergyBridge/benchmark_results/vpp_patch_2026-07-15/household_s3_hybrid_work_from_home_no_dr_germany_d25_hist_d25_1_patched_2025-06-25_1day/benchmark_result.json,no_dr_counterfactual_event_window_energy,1,10.9791,10.9791,10.9791,10.9791,0.0,0.0,0.0,0.0,0.0,no_dr_counterfactual_baseline
household_s4_ev_commuter_flexible,household_s4_ev_commuter_flexible,EnergyBridge,Germany,1,2025-06-25,d25_hist_d25_1_patched,hist_d25_1_patched,25,/home/hku_user3/EnergyBridge/experiments/real_data/germany_2025_price.csv,18.0,1.0,/home/hku_user3/EnergyBridge/benchmark_results/vpp_patch_2026-07-15/_batch_logs/daily_event_configs/d25_hist_d25_1_patched.json,skipped_done,0,0.0,/home/hku_user3/EnergyBridge/benchmark_results/vpp_patch_2026-07-15/household_s4_ev_commuter_flexible_EnergyBridge_germany_d25_hist_d25_1_patched_2025-06-25_1day,/home/hku_user3/EnergyBridge/benchmark_results/vpp_patch_2026-07-15/_batch_logs/daily_dr_memory_germany_1day/household_s4_ev_commuter_flexible_EnergyBridge_germany_d25_hist_d25_1_patched_2025-06-25_1day.log,/home/hku_user3/EnergyBridge/benchmark_results/vpp_patch_2026-07-15/household_s4_ev_commuter_flexible_EnergyBridge_germany_d25_hist_d25_1_patched_2025-06-25_1day/run_summary.txt,0,57.771257,57.771257,16.400511,0.092308,EUR/kWh,/home/hku_user3/EnergyBridge/experiments/real_data/germany_2025_price.csv,7.4848,7.4848,1.0,1.0,4.5,1.0,1.0,"['dishwasher', 'dryer', 'ev', 'washer', 'water_heater']",[],[],matched,household_s4_ev_commuter_flexible|germany|1days|2025-06-25|no_dr,/home/hku_user3/EnergyBridge/benchmark_results/vpp_patch_2026-07-15/household_s4_ev_commuter_flexible_no_dr_germany_d25_hist_d25_1_patched_2025-06-25_1day/benchmark_result.json,no_dr_counterfactual_event_window_energy,1,10.9699,7.4848,10.9699,10.9699,3.4851,3.4851,0.317697,3.4851,3.4851,no_dr_counterfactual_baseline
household_s1_dual_commuter_standard,household_s1_dual_commuter_standard,no_dr,Tianjin,1,2025-06-25,d25_hist_d25_1_patched,hist_d25_1_patched,25,/home/hku_user3/EnergyBridge/experiments/real_data/tianjin_tou_price_normalized.csv,18.0,1.0,/home/hku_user3/EnergyBridge/benchmark_results/vpp_patch_2026-07-15/_batch_logs/daily_event_configs/d25_hist_d25_1_patched.json,skipped_done,0,0.0,/home/hku_user3/EnergyBridge/benchmark_results/vpp_patch_2026-07-15/household_s1_dual_commuter_standard_no_dr_tianjin_d25_hist_d25_1_patched_2025-06-25_1day,/home/hku_user3/EnergyBridge/benchmark_results/vpp_patch_2026-07-15/_batch_logs/daily_dr_memory_tianjin_1day/household_s1_dual_commuter_standard_no_dr_tianjin_d25_hist_d25_1_patched_2025-06-25_1day.log,/home/hku_user3/EnergyBridge/benchmark_results/vpp_patch_2026-07-15/household_s1_dual_commuter_standard_no_dr_tianjin_d25_hist_d25_1_patched_2025-06-25_1day/run_summary.txt,0,62.906606,62.906606,64.498321,1.349255,normalized TOU cost/kWh,/home/hku_user3/EnergyBridge/experiments/real_data/tianjin_tou_price_normalized.csv,6.951,6.951,1.0,1.0,,0.0,1.0,[],"['dishwasher', 'dryer', 'ev', 'washer', 'water_heater']",[],matched,household_s1_dual_commuter_standard|tianjin|1days|2025-06-25|no_dr,/home/hku_user3/EnergyBridge/benchmark_results/vpp_patch_2026-07-15/household_s1_dual_commuter_standard_no_dr_tianjin_d25_hist_d25_1_patched_2025-06-25_1day/benchmark_result.json,no_dr_counterfactual_event_window_energy,1,6.951,6.951,6.951,6.951,0.0,0.0,0.0,0.0,0.0,no_dr_counterfactual_baseline
household_s2_multigeneration_caregiver,household_s2_multigeneration_caregiver,no_dr,Tianjin,1,2025-06-25,d25_hist_d25_1_patched,hist_d25_1_patched,25,/home/hku_user3/EnergyBridge/experiments/real_data/tianjin_tou_price_normalized.csv,18.0,1.0,/home/hku_user3/EnergyBridge/benchmark_results/vpp_patch_2026-07-15/_batch_logs/daily_event_configs/d25_hist_d25_1_patched.json,skipped_done,0,0.0,/home/hku_user3/EnergyBridge/benchmark_results/vpp_patch_2026-07-15/household_s2_multigeneration_caregiver_no_dr_tianjin_d25_hist_d25_1_patched_2025-06-25_1day,/home/hku_user3/EnergyBridge/benchmark_results/vpp_patch_2026-07-15/_batch_logs/daily_dr_memory_tianjin_1day/household_s2_multigeneration_caregiver_no_dr_tianjin_d25_hist_d25_1_patched_2025-06-25_1day.log,/home/hku_user3/EnergyBridge/benchmark_results/vpp_patch_2026-07-15/household_s2_multigeneration_caregiver_no_dr_tianjin_d25_hist_d25_1_patched_2025-06-25_1day/run_summary.txt,0,59.727064,59.727064,59.402013,1.317565,normalized TOU cost/kWh,/home/hku_user3/EnergyBridge/experiments/real_data/tianjin_tou_price_normalized.csv,6.4191,6.4191,1.0,1.0,,0.0,1.0,[],"['dishwasher', 'dryer', 'ev', 'washer', 'water_heater']",[],matched,household_s2_multigeneration_caregiver|tianjin|1days|2025-06-25|no_dr,/home/hku_user3/EnergyBridge/benchmark_results/vpp_patch_2026-07-15/household_s2_multigeneration_caregiver_no_dr_tianjin_d25_hist_d25_1_patched_2025-06-25_1day/benchmark_result.json,no_dr_counterfactual_event_window_energy,1,6.4191,6.4191,6.4191,6.4191,0.0,0.0,0.0,0.0,0.0,no_dr_counterfactual_baseline
household_s3_hybrid_work_from_home,household_s3_hybrid_work_from_home,EnergyBridge,Germany,1,2025-06-25,d25_hist_d25_1_patched,hist_d25_1_patched,25,/home/hku_user3/EnergyBridge/experiments/real_data/germany_2025_price.csv,18.0,1.0,/home/hku_user3/EnergyBridge/benchmark_results/vpp_patch_2026-07-15/_batch_logs/daily_event_configs/d25_hist_d25_1_patched.json,skipped_done,0,0.0,/home/hku_user3/EnergyBridge/benchmark_results/vpp_patch_2026-07-15/household_s3_hybrid_work_from_home_EnergyBridge_germany_d25_hist_d25_1_patched_2025-06-25_1day,/home/hku_user3/EnergyBridge/benchmark_results/vpp_patch_2026-07-15/_batch_logs/daily_dr_memory_germany_1day/household_s3_hybrid_work_from_home_EnergyBridge_germany_d25_hist_d25_1_patched_2025-06-25_1day.log,/home/hku_user3/EnergyBridge/benchmark_results/vpp_patch_2026-07-15/household_s3_hybrid_work_from_home_EnergyBridge_germany_d25_hist_d25_1_patched_2025-06-25_1day/run_summary.txt,0,51.867453,51.867453,15.617288,0.089229,EUR/kWh,/home/hku_user3/EnergyBridge/experiments/real_data/germany_2025_price.csv,6.7927,6.7927,1.0,1.0,4.0,1.0,1.0,"['dishwasher', 'dryer', 'ev', 'washer', 'water_heater']",[],[],matched,household_s3_hybrid_work_from_home|germany|1days|2025-06-25|no_dr,/home/hku_user3/EnergyBridge/benchmark_results/vpp_patch_2026-07-15/household_s3_hybrid_work_from_home_no_dr_germany_d25_hist_d25_1_patched_2025-06-25_1day/benchmark_result.json,no_dr_counterfactual_event_window_energy,1,10.9791,6.7927,10.9791,10.9791,4.1864,4.1864,0.381306,4.1864,4.1864,no_dr_counterfactual_baseline
household_s1_dual_commuter_standard,household_s1_dual_commuter_standard,EnergyBridge,Tianjin,1,2025-06-25,d25_hist_d25_1_patched,hist_d25_1_patched,25,/home/hku_user3/EnergyBridge/experiments/real_data/tianjin_tou_price_normalized.csv,18.0,1.0,/home/hku_user3/EnergyBridge/benchmark_results/vpp_patch_2026-07-15/_batch_logs/daily_event_configs/d25_hist_d25_1_patched.json,skipped_done,0,0.0,/home/hku_user3/EnergyBridge/benchmark_results/vpp_patch_2026-07-15/household_s1_dual_commuter_standard_EnergyBridge_tianjin_d25_hist_d25_1_patched_2025-06-25_1day,/home/hku_user3/EnergyBridge/benchmark_results/vpp_patch_2026-07-15/_batch_logs/daily_dr_memory_tianjin_1day/household_s1_dual_commuter_standard_EnergyBridge_tianjin_d25_hist_d25_1_patched_2025-06-25_1day.log,/home/hku_user3/EnergyBridge/benchmark_results/vpp_patch_2026-07-15/household_s1_dual_commuter_standard_EnergyBridge_tianjin_d25_hist_d25_1_patched_2025-06-25_1day/run_summary.txt,0,62.244732,62.244732,59.891712,1.340387,normalized TOU cost/kWh,/home/hku_user3/EnergyBridge/experiments/real_data/tianjin_tou_price_normalized.csv,2.569,2.569,1.0,1.0,4.25,1.0,1.0,"['dishwasher', 'dryer', 'ev', 'washer', 'water_heater']",[],[],matched,household_s1_dual_commuter_standard|tianjin|1days|2025-06-25|no_dr,/home/hku_user3/EnergyBridge/benchmark_results/vpp_patch_2026-07-15/household_s1_dual_commuter_standard_no_dr_tianjin_d25_hist_d25_1_patched_2025-06-25_1day/benchmark_result.json,no_dr_counterfactual_event_window_energy,1,6.951,2.569,6.951,6.951,4.382,4.382,0.630413,4.382,4.382,no_dr_counterfactual_baseline
household_s5_shared_roommates_irregular,household_s5_shared_roommates_irregular,EnergyBridge,Germany,1,2025-06-25,d25_hist_d25_1_patched,hist_d25_1_patched,25,/home/hku_user3/EnergyBridge/experiments/real_data/germany_2025_price.csv,18.0,1.0,/home/hku_user3/EnergyBridge/benchmark_results/vpp_patch_2026-07-15/_batch_logs/daily_event_configs/d25_hist_d25_1_patched.json,skipped_done,0,0.0,/home/hku_user3/EnergyBridge/benchmark_results/vpp_patch_2026-07-15/household_s5_shared_roommates_irregular_EnergyBridge_germany_d25_hist_d25_1_patched_2025-06-25_1day,/home/hku_user3/EnergyBridge/benchmark_results/vpp_patch_2026-07-15/_batch_logs/daily_dr_memory_germany_1day/household_s5_shared_roommates_irregular_EnergyBridge_germany_d25_hist_d25_1_patched_2025-06-25_1day.log,/home/hku_user3/EnergyBridge/benchmark_results/vpp_patch_2026-07-15/household_s5_shared_roommates_irregular_EnergyBridge_germany_d25_hist_d25_1_patched_2025-06-25_1day/run_summary.txt,0,53.690097,53.690097,15.689939,0.090384,EUR/kWh,/home/hku_user3/EnergyBridge/experiments/real_data/germany_2025_price.csv,7.4848,7.4848,1.0,1.0,4.0,1.0,1.0,"['dishwasher', 'dryer', 'ev', 'washer', 'water_heater']",[],[],matched,household_s5_shared_roommates_irregular|germany|1days|2025-06-25|no_dr,/home/hku_user3/EnergyBridge/benchmark_results/vpp_patch_2026-07-15/household_s5_shared_roommates_irregular_no_dr_germany_d25_hist_d25_1_patched_2025-06-25_1day/benchmark_result.json,no_dr_counterfactual_event_window_energy,1,10.9699,7.4848,10.9699,10.9699,3.4851,3.4851,0.317697,3.4851,3.4851,no_dr_counterfactual_baseline
household_s4_ev_commuter_flexible,household_s4_ev_commuter_flexible,no_dr,Tianjin,1,2025-06-25,d25_hist_d25_1_patched,hist_d25_1_patched,25,/home/hku_user3/EnergyBridge/experiments/real_data/tianjin_tou_price_normalized.csv,18.0,1.0,/home/hku_user3/EnergyBridge/benchmark_results/vpp_patch_2026-07-15/_batch_logs/daily_event_configs/d25_hist_d25_1_patched.json,skipped_done,0,0.0,/home/hku_user3/EnergyBridge/benchmark_results/vpp_patch_2026-07-15/household_s4_ev_commuter_flexible_no_dr_tianjin_d25_hist_d25_1_patched_2025-06-25_1day,/home/hku_user3/EnergyBridge/benchmark_results/vpp_patch_2026-07-15/_batch_logs/daily_dr_memory_tianjin_1day/household_s4_ev_commuter_flexible_no_dr_tianjin_d25_hist_d25_1_patched_2025-06-25_1day.log,/home/hku_user3/EnergyBridge/benchmark_results/vpp_patch_2026-07-15/household_s4_ev_commuter_flexible_no_dr_tianjin_d25_hist_d25_1_patched_2025-06-25_1day/run_summary.txt,0,64.947186,64.947186,67.763249,1.35952,normalized TOU cost/kWh,/home/hku_user3/EnergyBridge/experiments/real_data/tianjin_tou_price_normalized.csv,6.951,6.951,1.0,1.0,,0.0,1.0,[],"['dishwasher', 'dryer', 'ev', 'washer', 'water_heater']",[],matched,household_s4_ev_commuter_flexible|tianjin|1days|2025-06-25|no_dr,/home/hku_user3/EnergyBridge/benchmark_results/vpp_patch_2026-07-15/household_s4_ev_commuter_flexible_no_dr_tianjin_d25_hist_d25_1_patched_2025-06-25_1day/benchmark_result.json,no_dr_counterfactual_event_window_energy,1,6.951,6.951,6.951,6.951,0.0,0.0,0.0,0.0,0.0,no_dr_counterfactual_baseline
household_s3_hybrid_work_from_home,household_s3_hybrid_work_from_home,no_dr,Tianjin,1,2025-06-25,d25_hist_d25_1_patched,hist_d25_1_patched,25,/home/hku_user3/EnergyBridge/experiments/real_data/tianjin_tou_price_normalized.csv,18.0,1.0,/home/hku_user3/EnergyBridge/benchmark_results/vpp_patch_2026-07-15/_batch_logs/daily_event_configs/d25_hist_d25_1_patched.json,skipped_done,0,0.0,/home/hku_user3/EnergyBridge/benchmark_results/vpp_patch_2026-07-15/household_s3_hybrid_work_from_home_no_dr_tianjin_d25_hist_d25_1_patched_2025-06-25_1day,/home/hku_user3/EnergyBridge/benchmark_results/vpp_patch_2026-07-15/_batch_logs/daily_dr_memory_tianjin_1day/household_s3_hybrid_work_from_home_no_dr_tianjin_d25_hist_d25_1_patched_2025-06-25_1day.log,/home/hku_user3/EnergyBridge/benchmark_results/vpp_patch_2026-07-15/household_s3_hybrid_work_from_home_no_dr_tianjin_d25_hist_d25_1_patched_2025-06-25_1day/run_summary.txt,0,61.209383,61.209383,61.689813,1.338542,normalized TOU cost/kWh,/home/hku_user3/EnergyBridge/experiments/real_data/tianjin_tou_price_normalized.csv,6.952,6.952,1.0,1.0,,0.0,0.8,[],"['dishwasher', 'dryer', 'ev', 'washer', 'water_heater']",[],matched,household_s3_hybrid_work_from_home|tianjin|1days|2025-06-25|no_dr,/home/hku_user3/EnergyBridge/benchmark_results/vpp_patch_2026-07-15/household_s3_hybrid_work_from_home_no_dr_tianjin_d25_hist_d25_1_patched_2025-06-25_1day/benchmark_result.json,no_dr_counterfactual_event_window_energy,1,6.952,6.952,6.952,6.952,0.0,0.0,0.0,0.0,0.0,no_dr_counterfactual_baseline
household_s2_multigeneration_caregiver,household_s2_multigeneration_caregiver,EnergyBridge,Tianjin,1,2025-06-25,d25_hist_d25_1_patched,hist_d25_1_patched,25,/home/hku_user3/EnergyBridge/experiments/real_data/tianjin_tou_price_normalized.csv,18.0,1.0,/home/hku_user3/EnergyBridge/benchmark_results/vpp_patch_2026-07-15/_batch_logs/daily_event_configs/d25_hist_d25_1_patched.json,skipped_done,0,0.0,/home/hku_user3/EnergyBridge/benchmark_results/vpp_patch_2026-07-15/household_s2_multigeneration_caregiver_EnergyBridge_tianjin_d25_hist_d25_1_patched_2025-06-25_1day,/home/hku_user3/EnergyBridge/benchmark_results/vpp_patch_2026-07-15/_batch_logs/daily_dr_memory_tianjin_1day/household_s2_multigeneration_caregiver_EnergyBridge_tianjin_d25_hist_d25_1_patched_2025-06-25_1day.log,/home/hku_user3/EnergyBridge/benchmark_results/vpp_patch_2026-07-15/household_s2_multigeneration_caregiver_EnergyBridge_tianjin_d25_hist_d25_1_patched_2025-06-25_1day/run_summary.txt,0,59.39931,59.39931,59.021659,1.275124,normalized TOU cost/kWh,/home/hku_user3/EnergyBridge/experiments/real_data/tianjin_tou_price_normalized.csv,2.3169,2.3169,1.0,1.0,4.4,1.0,1.0,"['dishwasher', 'dryer', 'ev', 'washer', 'water_heater']",[],[],matched,household_s2_multigeneration_caregiver|tianjin|1days|2025-06-25|no_dr,/home/hku_user3/EnergyBridge/benchmark_results/vpp_patch_2026-07-15/household_s2_multigeneration_caregiver_no_dr_tianjin_d25_hist_d25_1_patched_2025-06-25_1day/benchmark_result.json,no_dr_counterfactual_event_window_energy,1,6.4191,2.3169,6.4191,6.4191,4.1022,4.1022,0.639062,4.1022,4.1022,no_dr_counterfactual_baseline
household_s1_dual_commuter_standard,household_s1_dual_commuter_standard,no_dr,Germany,1,2025-06-26,d26_hist_d26_1_patched,hist_d26_1_patched,26,/home/hku_user3/EnergyBridge/experiments/real_data/germany_2025_price.csv,18.0,1.0,/home/hku_user3/EnergyBridge/benchmark_results/vpp_patch_2026-07-15/_batch_logs/daily_event_configs/d26_hist_d26_1_patched.json,skipped_done,0,0.0,/home/hku_user3/EnergyBridge/benchmark_results/vpp_patch_2026-07-15/household_s1_dual_commuter_standard_no_dr_germany_d26_hist_d26_1_patched_2025-06-26_1day,/home/hku_user3/EnergyBridge/benchmark_results/vpp_patch_2026-07-15/_batch_logs/daily_dr_memory_germany_1day/household_s1_dual_commuter_standard_no_dr_germany_d26_hist_d26_1_patched_2025-06-26_1day.log,/home/hku_user3/EnergyBridge/benchmark_results/vpp_patch_2026-07-15/household_s1_dual_commuter_standard_no_dr_germany_d26_hist_d26_1_patched_2025-06-26_1day/run_summary.txt,0,48.294937,48.294937,16.562379,0.090813,EUR/kWh,/home/hku_user3/EnergyBridge/experiments/real_data/germany_2025_price.csv,10.6446,10.6446,1.0,1.0,,0.0,1.0,[],"['dishwasher', 'dryer', 'ev', 'washer', 'water_heater']",[],matched,household_s1_dual_commuter_standard|germany|1days|2025-06-26|no_dr,/home/hku_user3/EnergyBridge/benchmark_results/vpp_patch_2026-07-15/household_s1_dual_commuter_standard_no_dr_germany_d26_hist_d26_1_patched_2025-06-26_1day/benchmark_result.json,no_dr_counterfactual_event_window_energy,1,10.6446,10.6446,10.6446,10.6446,0.0,0.0,0.0,0.0,0.0,no_dr_counterfactual_baseline
household_s5_shared_roommates_irregular,household_s5_shared_roommates_irregular,no_dr,Tianjin,1,2025-06-25,d25_hist_d25_1_patched,hist_d25_1_patched,25,/home/hku_user3/EnergyBridge/experiments/real_data/tianjin_tou_price_normalized.csv,18.0,1.0,/home/hku_user3/EnergyBridge/benchmark_results/vpp_patch_2026-07-15/_batch_logs/daily_event_configs/d25_hist_d25_1_patched.json,skipped_done,0,0.0,/home/hku_user3/EnergyBridge/benchmark_results/vpp_patch_2026-07-15/household_s5_shared_roommates_irregular_no_dr_tianjin_d25_hist_d25_1_patched_2025-06-25_1day,/home/hku_user3/EnergyBridge/benchmark_results/vpp_patch_2026-07-15/_batch_logs/daily_dr_memory_tianjin_1day/household_s5_shared_roommates_irregular_no_dr_tianjin_d25_hist_d25_1_patched_2025-06-25_1day.log,/home/hku_user3/EnergyBridge/benchmark_results/vpp_patch_2026-07-15/household_s5_shared_roommates_irregular_no_dr_tianjin_d25_hist_d25_1_patched_2025-06-25_1day/run_summary.txt,0,60.866026,60.866026,61.233394,1.338074,normalized TOU cost/kWh,/home/hku_user3/EnergyBridge/experiments/real_data/tianjin_tou_price_normalized.csv,6.951,6.951,1.0,1.0,,0.0,1.0,[],"['dishwasher', 'dryer', 'ev', 'washer', 'water_heater']",[],matched,household_s5_shared_roommates_irregular|tianjin|1days|2025-06-25|no_dr,/home/hku_user3/EnergyBridge/benchmark_results/vpp_patch_2026-07-15/household_s5_shared_roommates_irregular_no_dr_tianjin_d25_hist_d25_1_patched_2025-06-25_1day/benchmark_result.json,no_dr_counterfactual_event_window_energy,1,6.951,6.951,6.951,6.951,0.0,0.0,0.0,0.0,0.0,no_dr_counterfactual_baseline
household_s4_ev_commuter_flexible,household_s4_ev_commuter_flexible,EnergyBridge,Tianjin,1,2025-06-25,d25_hist_d25_1_patched,hist_d25_1_patched,25,/home/hku_user3/EnergyBridge/experiments/real_data/tianjin_tou_price_normalized.csv,18.0,1.0,/home/hku_user3/EnergyBridge/benchmark_results/vpp_patch_2026-07-15/_batch_logs/daily_event_configs/d25_hist_d25_1_patched.json,skipped_done,0,0.0,/home/hku_user3/EnergyBridge/benchmark_results/vpp_patch_2026-07-15/household_s4_ev_commuter_flexible_EnergyBridge_tianjin_d25_hist_d25_1_patched_2025-06-25_1day,/home/hku_user3/EnergyBridge/benchmark_results/vpp_patch_2026-07-15/_batch_logs/daily_dr_memory_tianjin_1day/household_s4_ev_commuter_flexible_EnergyBridge_tianjin_d25_hist_d25_1_patched_2025-06-25_1day.log,/home/hku_user3/EnergyBridge/benchmark_results/vpp_patch_2026-07-15/household_s4_ev_commuter_flexible_EnergyBridge_tianjin_d25_hist_d25_1_patched_2025-06-25_1day/run_summary.txt,0,64.283518,64.283518,63.231225,1.340864,normalized TOU cost/kWh,/home/hku_user3/EnergyBridge/experiments/real_data/tianjin_tou_price_normalized.csv,2.5648,2.5648,1.0,1.0,4.5,1.0,1.0,"['dishwasher', 'dryer', 'ev', 'washer', 'water_heater']",[],[],matched,household_s4_ev_commuter_flexible|tianjin|1days|2025-06-25|no_dr,/home/hku_user3/EnergyBridge/benchmark_results/vpp_patch_2026-07-15/household_s4_ev_commuter_flexible_no_dr_tianjin_d25_hist_d25_1_patched_2025-06-25_1day/benchmark_result.json,no_dr_counterfactual_event_window_energy,1,6.951,2.5648,6.951,6.951,4.3862,4.3862,0.631017,4.3862,4.3862,no_dr_counterfactual_baseline
household_s5_shared_roommates_irregular,household_s5_shared_roommates_irregular,EnergyBridge,Tianjin,1,2025-06-25,d25_hist_d25_1_patched,hist_d25_1_patched,25,/home/hku_user3/EnergyBridge/experiments/real_data/tianjin_tou_price_normalized.csv,18.0,1.0,/home/hku_user3/EnergyBridge/benchmark_results/vpp_patch_2026-07-15/_batch_logs/daily_event_configs/d25_hist_d25_1_patched.json,skipped_done,0,0.0,/home/hku_user3/EnergyBridge/benchmark_results/vpp_patch_2026-07-15/household_s5_shared_roommates_irregular_EnergyBridge_tianjin_d25_hist_d25_1_patched_2025-06-25_1day,/home/hku_user3/EnergyBridge/benchmark_results/vpp_patch_2026-07-15/_batch_logs/daily_dr_memory_tianjin_1day/household_s5_shared_roommates_irregular_EnergyBridge_tianjin_d25_hist_d25_1_patched_2025-06-25_1day.log,/home/hku_user3/EnergyBridge/benchmark_results/vpp_patch_2026-07-15/household_s5_shared_roommates_irregular_EnergyBridge_tianjin_d25_hist_d25_1_patched_2025-06-25_1day/run_summary.txt,0,59.809949,59.809949,58.623596,1.350329,normalized TOU cost/kWh,/home/hku_user3/EnergyBridge/experiments/real_data/tianjin_tou_price_normalized.csv,2.569,2.569,1.0,1.0,4.0,1.0,1.0,"['dishwasher', 'dryer', 'ev', 'washer', 'water_heater']",[],[],matched,household_s5_shared_roommates_irregular|tianjin|1days|2025-06-25|no_dr,/home/hku_user3/EnergyBridge/benchmark_results/vpp_patch_2026-07-15/household_s5_shared_roommates_irregular_no_dr_tianjin_d25_hist_d25_1_patched_2025-06-25_1day/benchmark_result.json,no_dr_counterfactual_event_window_energy,1,6.951,2.569,6.951,6.951,4.382,4.382,0.630413,4.382,4.382,no_dr_counterfactual_baseline
household_s1_dual_commuter_standard,household_s1_dual_commuter_standard,EnergyBridge,Germany,1,2025-06-26,d26_hist_d26_1_patched,hist_d26_1_patched,26,/home/hku_user3/EnergyBridge/experiments/real_data/germany_2025_price.csv,18.0,1.0,/home/hku_user3/EnergyBridge/benchmark_results/vpp_patch_2026-07-15/_batch_logs/daily_event_configs/d26_hist_d26_1_patched.json,skipped_done,0,0.0,/home/hku_user3/EnergyBridge/benchmark_results/vpp_patch_2026-07-15/household_s1_dual_commuter_standard_EnergyBridge_germany_d26_hist_d26_1_patched_2025-06-26_1day,/home/hku_user3/EnergyBridge/benchmark_results/vpp_patch_2026-07-15/_batch_logs/daily_dr_memory_germany_1day/household_s1_dual_commuter_standard_EnergyBridge_germany_d26_hist_d26_1_patched_2025-06-26_1day.log,/home/hku_user3/EnergyBridge/benchmark_results/vpp_patch_2026-07-15/household_s1_dual_commuter_standard_EnergyBridge_germany_d26_hist_d26_1_patched_2025-06-26_1day/run_summary.txt,0,46.703699,46.703699,15.79242,0.088926,EUR/kWh,/home/hku_user3/EnergyBridge/experiments/real_data/germany_2025_price.csv,6.9147,6.9147,1.0,1.0,4.25,1.0,1.0,"['dishwasher', 'dryer', 'ev', 'washer', 'water_heater']",[],[],matched,household_s1_dual_commuter_standard|germany|1days|2025-06-26|no_dr,/home/hku_user3/EnergyBridge/benchmark_results/vpp_patch_2026-07-15/household_s1_dual_commuter_standard_no_dr_germany_d26_hist_d26_1_patched_2025-06-26_1day/benchmark_result.json,no_dr_counterfactual_event_window_energy,1,10.6446,6.9147,10.6446,10.6446,3.7299,3.7299,0.350403,3.7299,3.7299,no_dr_counterfactual_baseline
household_s2_multigeneration_caregiver,household_s2_multigeneration_caregiver,no_dr,Germany,1,2025-06-26,d26_hist_d26_1_patched,hist_d26_1_patched,26,/home/hku_user3/EnergyBridge/experiments/real_data/germany_2025_price.csv,18.0,1.0,/home/hku_user3/EnergyBridge/benchmark_results/vpp_patch_2026-07-15/_batch_logs/daily_event_configs/d26_hist_d26_1_patched.json,skipped_done,0,0.0,/home/hku_user3/EnergyBridge/benchmark_results/vpp_patch_2026-07-15/household_s2_multigeneration_caregiver_no_dr_germany_d26_hist_d26_1_patched_2025-06-26_1day,/home/hku_user3/EnergyBridge/benchmark_results/vpp_patch_2026-07-15/_batch_logs/daily_dr_memory_germany_1day/household_s2_multigeneration_caregiver_no_dr_germany_d26_hist_d26_1_patched_2025-06-26_1day.log,/home/hku_user3/EnergyBridge/benchmark_results/vpp_patch_2026-07-15/household_s2_multigeneration_caregiver_no_dr_germany_d26_hist_d26_1_patched_2025-06-26_1day/run_summary.txt,0,45.708654,45.708654,16.219409,0.090657,EUR/kWh,/home/hku_user3/EnergyBridge/experiments/real_data/germany_2025_price.csv,10.6845,10.6845,1.0,1.0,,0.0,1.0,[],"['dishwasher', 'dryer', 'ev', 'washer', 'water_heater']",[],matched,household_s2_multigeneration_caregiver|germany|1days|2025-06-26|no_dr,/home/hku_user3/EnergyBridge/benchmark_results/vpp_patch_2026-07-15/household_s2_multigeneration_caregiver_no_dr_germany_d26_hist_d26_1_patched_2025-06-26_1day/benchmark_result.json,no_dr_counterfactual_event_window_energy,1,10.6845,10.6845,10.6845,10.6845,0.0,0.0,0.0,0.0,0.0,no_dr_counterfactual_baseline
household_s4_ev_commuter_flexible,household_s4_ev_commuter_flexible,no_dr,Germany,1,2025-06-26,d26_hist_d26_1_patched,hist_d26_1_patched,26,/home/hku_user3/EnergyBridge/experiments/real_data/germany_2025_price.csv,18.0,1.0,/home/hku_user3/EnergyBridge/benchmark_results/vpp_patch_2026-07-15/_batch_logs/daily_event_configs/d26_hist_d26_1_patched.json,skipped_done,0,0.0,/home/hku_user3/EnergyBridge/benchmark_results/vpp_patch_2026-07-15/household_s4_ev_commuter_flexible_no_dr_germany_d26_hist_d26_1_patched_2025-06-26_1day,/home/hku_user3/EnergyBridge/benchmark_results/vpp_patch_2026-07-15/_batch_logs/daily_dr_memory_germany_1day/household_s4_ev_commuter_flexible_no_dr_germany_d26_hist_d26_1_patched_2025-06-26_1day.log,/home/hku_user3/EnergyBridge/benchmark_results/vpp_patch_2026-07-15/household_s4_ev_commuter_flexible_no_dr_germany_d26_hist_d26_1_patched_2025-06-26_1day/run_summary.txt,0,50.335516,50.335516,16.756785,0.090862,EUR/kWh,/home/hku_user3/EnergyBridge/experiments/real_data/germany_2025_price.csv,10.6446,10.6446,1.0,1.0,,0.0,1.0,[],"['dishwasher', 'dryer', 'ev', 'washer', 'water_heater']",[],matched,household_s4_ev_commuter_flexible|germany|1days|2025-06-26|no_dr,/home/hku_user3/EnergyBridge/benchmark_results/vpp_patch_2026-07-15/household_s4_ev_commuter_flexible_no_dr_germany_d26_hist_d26_1_patched_2025-06-26_1day/benchmark_result.json,no_dr_counterfactual_event_window_energy,1,10.6446,10.6446,10.6446,10.6446,0.0,0.0,0.0,0.0,0.0,no_dr_counterfactual_baseline
household_s3_hybrid_work_from_home,household_s3_hybrid_work_from_home,EnergyBridge,Tianjin,1,2025-06-25,d25_hist_d25_1_patched,hist_d25_1_patched,25,/home/hku_user3/EnergyBridge/experiments/real_data/tianjin_tou_price_normalized.csv,18.0,1.0,/home/hku_user3/EnergyBridge/benchmark_results/vpp_patch_2026-07-15/_batch_logs/daily_event_configs/d25_hist_d25_1_patched.json,skipped_done,0,0.0,/home/hku_user3/EnergyBridge/benchmark_results/vpp_patch_2026-07-15/household_s3_hybrid_work_from_home_EnergyBridge_tianjin_d25_hist_d25_1_patched_2025-06-25_1day,/home/hku_user3/EnergyBridge/benchmark_results/vpp_patch_2026-07-15/_batch_logs/daily_dr_memory_tianjin_1day/household_s3_hybrid_work_from_home_EnergyBridge_tianjin_d25_hist_d25_1_patched_2025-06-25_1day.log,/home/hku_user3/EnergyBridge/benchmark_results/vpp_patch_2026-07-15/household_s3_hybrid_work_from_home_EnergyBridge_tianjin_d25_hist_d25_1_patched_2025-06-25_1day/run_summary.txt,0,57.329023,57.329023,61.651859,1.323849,normalized TOU cost/kWh,/home/hku_user3/EnergyBridge/experiments/real_data/tianjin_tou_price_normalized.csv,1.7777,1.7777,1.0,1.0,4.0,1.0,1.0,"['dishwasher', 'dryer', 'ev', 'washer', 'water_heater']",[],[],matched,household_s3_hybrid_work_from_home|tianjin|1days|2025-06-25|no_dr,/home/hku_user3/EnergyBridge/benchmark_results/vpp_patch_2026-07-15/household_s3_hybrid_work_from_home_no_dr_tianjin_d25_hist_d25_1_patched_2025-06-25_1day/benchmark_result.json,no_dr_counterfactual_event_window_energy,1,6.952,1.7777,6.952,6.952,5.1743,5.1743,0.744289,5.1743,5.1743,no_dr_counterfactual_baseline
household_s3_hybrid_work_from_home,household_s3_hybrid_work_from_home,no_dr,Germany,1,2025-06-26,d26_hist_d26_1_patched,hist_d26_1_patched,26,/home/hku_user3/EnergyBridge/experiments/real_data/germany_2025_price.csv,18.0,1.0,/home/hku_user3/EnergyBridge/benchmark_results/vpp_patch_2026-07-15/_batch_logs/daily_event_configs/d26_hist_d26_1_patched.json,skipped_done,0,0.0,/home/hku_user3/EnergyBridge/benchmark_results/vpp_patch_2026-07-15/household_s3_hybrid_work_from_home_no_dr_germany_d26_hist_d26_1_patched_2025-06-26_1day,/home/hku_user3/EnergyBridge/benchmark_results/vpp_patch_2026-07-15/_batch_logs/daily_dr_memory_germany_1day/household_s3_hybrid_work_from_home_no_dr_germany_d26_hist_d26_1_patched_2025-06-26_1day.log,/home/hku_user3/EnergyBridge/benchmark_results/vpp_patch_2026-07-15/household_s3_hybrid_work_from_home_no_dr_germany_d26_hist_d26_1_patched_2025-06-26_1day/run_summary.txt,0,46.585308,46.585308,16.3567,0.090784,EUR/kWh,/home/hku_user3/EnergyBridge/experiments/real_data/germany_2025_price.csv,10.6509,10.6509,1.0,1.0,,0.0,0.8,[],"['dishwasher', 'dryer', 'ev', 'washer', 'water_heater']",[],matched,household_s3_hybrid_work_from_home|germany|1days|2025-06-26|no_dr,/home/hku_user3/EnergyBridge/benchmark_results/vpp_patch_2026-07-15/household_s3_hybrid_work_from_home_no_dr_germany_d26_hist_d26_1_patched_2025-06-26_1day/benchmark_result.json,no_dr_counterfactual_event_window_energy,1,10.6509,10.6509,10.6509,10.6509,0.0,0.0,0.0,0.0,0.0,no_dr_counterfactual_baseline
household_s3_hybrid_work_from_home,household_s3_hybrid_work_from_home,EnergyBridge,Germany,1,2025-06-26,d26_hist_d26_1_patched,hist_d26_1_patched,26,/home/hku_user3/EnergyBridge/experiments/real_data/germany_2025_price.csv,18.0,1.0,/home/hku_user3/EnergyBridge/benchmark_results/vpp_patch_2026-07-15/_batch_logs/daily_event_configs/d26_hist_d26_1_patched.json,skipped_done,0,0.0,/home/hku_user3/EnergyBridge/benchmark_results/vpp_patch_2026-07-15/household_s3_hybrid_work_from_home_EnergyBridge_germany_d26_hist_d26_1_patched_2025-06-26_1day,/home/hku_user3/EnergyBridge/benchmark_results/vpp_patch_2026-07-15/_batch_logs/daily_dr_memory_germany_1day/household_s3_hybrid_work_from_home_EnergyBridge_germany_d26_hist_d26_1_patched_2025-06-26_1day.log,/home/hku_user3/EnergyBridge/benchmark_results/vpp_patch_2026-07-15/household_s3_hybrid_work_from_home_EnergyBridge_germany_d26_hist_d26_1_patched_2025-06-26_1day/run_summary.txt,0,44.415652,44.415652,15.702647,0.088824,EUR/kWh,/home/hku_user3/EnergyBridge/experiments/real_data/germany_2025_price.csv,6.4282,6.4282,1.0,1.0,4.0,1.0,1.0,"['dishwasher', 'dryer', 'ev', 'washer', 'water_heater']",[],[],matched,household_s3_hybrid_work_from_home|germany|1days|2025-06-26|no_dr,/home/hku_user3/EnergyBridge/benchmark_results/vpp_patch_2026-07-15/household_s3_hybrid_work_from_home_no_dr_germany_d26_hist_d26_1_patched_2025-06-26_1day/benchmark_result.json,no_dr_counterfactual_event_window_energy,1,10.6509,6.4282,10.6509,10.6509,4.2227,4.2227,0.396464,4.2227,4.2227,no_dr_counterfactual_baseline
household_s2_multigeneration_caregiver,household_s2_multigeneration_caregiver,EnergyBridge,Germany,1,2025-06-26,d26_hist_d26_1_patched,hist_d26_1_patched,26,/home/hku_user3/EnergyBridge/experiments/real_data/germany_2025_price.csv,18.0,1.0,/home/hku_user3/EnergyBridge/benchmark_results/vpp_patch_2026-07-15/_batch_logs/daily_event_configs/d26_hist_d26_1_patched.json,skipped_done,0,0.0,/home/hku_user3/EnergyBridge/benchmark_results/vpp_patch_2026-07-15/household_s2_multigeneration_caregiver_EnergyBridge_germany_d26_hist_d26_1_patched_2025-06-26_1day,/home/hku_user3/EnergyBridge/benchmark_results/vpp_patch_2026-07-15/_batch_logs/daily_dr_memory_germany_1day/household_s2_multigeneration_caregiver_EnergyBridge_germany_d26_hist_d26_1_patched_2025-06-26_1day.log,/home/hku_user3/EnergyBridge/benchmark_results/vpp_patch_2026-07-15/household_s2_multigeneration_caregiver_EnergyBridge_germany_d26_hist_d26_1_patched_2025-06-26_1day/run_summary.txt,0,48.033581,48.033581,15.636623,0.088506,EUR/kWh,/home/hku_user3/EnergyBridge/experiments/real_data/germany_2025_price.csv,6.5905,6.5905,1.0,1.0,4.0,1.0,1.0,"['dishwasher', 'dryer', 'ev', 'washer', 'water_heater']",[],[],matched,household_s2_multigeneration_caregiver|germany|1days|2025-06-26|no_dr,/home/hku_user3/EnergyBridge/benchmark_results/vpp_patch_2026-07-15/household_s2_multigeneration_caregiver_no_dr_germany_d26_hist_d26_1_patched_2025-06-26_1day/benchmark_result.json,no_dr_counterfactual_event_window_energy,1,10.6845,6.5905,10.6845,10.6845,4.094,4.094,0.383172,4.094,4.094,no_dr_counterfactual_baseline
household_s5_shared_roommates_irregular,household_s5_shared_roommates_irregular,no_dr,Germany,1,2025-06-26,d26_hist_d26_1_patched,hist_d26_1_patched,26,/home/hku_user3/EnergyBridge/experiments/real_data/germany_2025_price.csv,18.0,1.0,/home/hku_user3/EnergyBridge/benchmark_results/vpp_patch_2026-07-15/_batch_logs/daily_event_configs/d26_hist_d26_1_patched.json,skipped_done,0,0.0,/home/hku_user3/EnergyBridge/benchmark_results/vpp_patch_2026-07-15/household_s5_shared_roommates_irregular_no_dr_germany_d26_hist_d26_1_patched_2025-06-26_1day,/home/hku_user3/EnergyBridge/benchmark_results/vpp_patch_2026-07-15/_batch_logs/daily_dr_memory_germany_1day/household_s5_shared_roommates_irregular_no_dr_germany_d26_hist_d26_1_patched_2025-06-26_1day.log,/home/hku_user3/EnergyBridge/benchmark_results/vpp_patch_2026-07-15/household_s5_shared_roommates_irregular_no_dr_germany_d26_hist_d26_1_patched_2025-06-26_1day/run_summary.txt,0,46.254357,46.254357,16.367973,0.090763,EUR/kWh,/home/hku_user3/EnergyBridge/experiments/real_data/germany_2025_price.csv,10.6446,10.6446,1.0,1.0,,0.0,1.0,[],"['dishwasher', 'dryer', 'ev', 'washer', 'water_heater']",[],matched,household_s5_shared_roommates_irregular|germany|1days|2025-06-26|no_dr,/home/hku_user3/EnergyBridge/benchmark_results/vpp_patch_2026-07-15/household_s5_shared_roommates_irregular_no_dr_germany_d26_hist_d26_1_patched_2025-06-26_1day/benchmark_result.json,no_dr_counterfactual_event_window_energy,1,10.6446,10.6446,10.6446,10.6446,0.0,0.0,0.0,0.0,0.0,no_dr_counterfactual_baseline
household_s2_multigeneration_caregiver,household_s2_multigeneration_caregiver,no_dr,Tianjin,1,2025-06-26,d26_hist_d26_1_patched,hist_d26_1_patched,26,/home/hku_user3/EnergyBridge/experiments/real_data/tianjin_tou_price_normalized.csv,18.0,1.0,/home/hku_user3/EnergyBridge/benchmark_results/vpp_patch_2026-07-15/_batch_logs/daily_event_configs/d26_hist_d26_1_patched.json,skipped_done,0,0.0,/home/hku_user3/EnergyBridge/benchmark_results/vpp_patch_2026-07-15/household_s2_multigeneration_caregiver_no_dr_tianjin_d26_hist_d26_1_patched_2025-06-26_1day,/home/hku_user3/EnergyBridge/benchmark_results/vpp_patch_2026-07-15/_batch_logs/daily_dr_memory_tianjin_1day/household_s2_multigeneration_caregiver_no_dr_tianjin_d26_hist_d26_1_patched_2025-06-26_1day.log,/home/hku_user3/EnergyBridge/benchmark_results/vpp_patch_2026-07-15/household_s2_multigeneration_caregiver_no_dr_tianjin_d26_hist_d26_1_patched_2025-06-26_1day/run_summary.txt,0,37.537626,37.537626,51.289822,1.387103,normalized TOU cost/kWh,/home/hku_user3/EnergyBridge/experiments/real_data/tianjin_tou_price_normalized.csv,5.1079,5.1079,1.0,1.0,,0.0,1.0,[],"['dishwasher', 'dryer', 'ev', 'washer', 'water_heater']",[],matched,household_s2_multigeneration_caregiver|tianjin|1days|2025-06-26|no_dr,/home/hku_user3/EnergyBridge/benchmark_results/vpp_patch_2026-07-15/household_s2_multigeneration_caregiver_no_dr_tianjin_d26_hist_d26_1_patched_2025-06-26_1day/benchmark_result.json,no_dr_counterfactual_event_window_energy,1,5.1079,5.1079,5.1079,5.1079,0.0,0.0,0.0,0.0,0.0,no_dr_counterfactual_baseline
household_s1_dual_commuter_standard,household_s1_dual_commuter_standard,no_dr,Tianjin,1,2025-06-26,d26_hist_d26_1_patched,hist_d26_1_patched,26,/home/hku_user3/EnergyBridge/experiments/real_data/tianjin_tou_price_normalized.csv,18.0,1.0,/home/hku_user3/EnergyBridge/benchmark_results/vpp_patch_2026-07-15/_batch_logs/daily_event_configs/d26_hist_d26_1_patched.json,skipped_done,0,0.0,/home/hku_user3/EnergyBridge/benchmark_results/vpp_patch_2026-07-15/household_s1_dual_commuter_standard_no_dr_tianjin_d26_hist_d26_1_patched_2025-06-26_1day,/home/hku_user3/EnergyBridge/benchmark_results/vpp_patch_2026-07-15/_batch_logs/daily_dr_memory_tianjin_1day/household_s1_dual_commuter_standard_no_dr_tianjin_d26_hist_d26_1_patched_2025-06-26_1day.log,/home/hku_user3/EnergyBridge/benchmark_results/vpp_patch_2026-07-15/household_s1_dual_commuter_standard_no_dr_tianjin_d26_hist_d26_1_patched_2025-06-26_1day/run_summary.txt,0,40.11545,40.11545,56.510297,1.419885,normalized TOU cost/kWh,/home/hku_user3/EnergyBridge/experiments/real_data/tianjin_tou_price_normalized.csv,5.0658,5.0658,1.0,1.0,,0.0,1.0,[],"['dishwasher', 'dryer', 'ev', 'washer', 'water_heater']",[],matched,household_s1_dual_commuter_standard|tianjin|1days|2025-06-26|no_dr,/home/hku_user3/EnergyBridge/benchmark_results/vpp_patch_2026-07-15/household_s1_dual_commuter_standard_no_dr_tianjin_d26_hist_d26_1_patched_2025-06-26_1day/benchmark_result.json,no_dr_counterfactual_event_window_energy,1,5.0658,5.0658,5.0658,5.0658,0.0,0.0,0.0,0.0,0.0,no_dr_counterfactual_baseline
household_s5_shared_roommates_irregular,household_s5_shared_roommates_irregular,EnergyBridge,Germany,1,2025-06-26,d26_hist_d26_1_patched,hist_d26_1_patched,26,/home/hku_user3/EnergyBridge/experiments/real_data/germany_2025_price.csv,18.0,1.0,/home/hku_user3/EnergyBridge/benchmark_results/vpp_patch_2026-07-15/_batch_logs/daily_event_configs/d26_hist_d26_1_patched.json,skipped_done,0,0.0,/home/hku_user3/EnergyBridge/benchmark_results/vpp_patch_2026-07-15/household_s5_shared_roommates_irregular_EnergyBridge_germany_d26_hist_d26_1_patched_2025-06-26_1day,/home/hku_user3/EnergyBridge/benchmark_results/vpp_patch_2026-07-15/_batch_logs/daily_dr_memory_germany_1day/household_s5_shared_roommates_irregular_EnergyBridge_germany_d26_hist_d26_1_patched_2025-06-26_1day.log,/home/hku_user3/EnergyBridge/benchmark_results/vpp_patch_2026-07-15/household_s5_shared_roommates_irregular_EnergyBridge_germany_d26_hist_d26_1_patched_2025-06-26_1day/run_summary.txt,0,44.663119,44.663119,15.634153,0.089058,EUR/kWh,/home/hku_user3/EnergyBridge/experiments/real_data/germany_2025_price.csv,6.9147,6.9147,1.0,1.0,4.0,1.0,1.0,"['dishwasher', 'dryer', 'ev', 'washer', 'water_heater']",[],[],matched,household_s5_shared_roommates_irregular|germany|1days|2025-06-26|no_dr,/home/hku_user3/EnergyBridge/benchmark_results/vpp_patch_2026-07-15/household_s5_shared_roommates_irregular_no_dr_germany_d26_hist_d26_1_patched_2025-06-26_1day/benchmark_result.json,no_dr_counterfactual_event_window_energy,1,10.6446,6.9147,10.6446,10.6446,3.7299,3.7299,0.350403,3.7299,3.7299,no_dr_counterfactual_baseline
household_s4_ev_commuter_flexible,household_s4_ev_commuter_flexible,EnergyBridge,Germany,1,2025-06-26,d26_hist_d26_1_patched,hist_d26_1_patched,26,/home/hku_user3/EnergyBridge/experiments/real_data/germany_2025_price.csv,18.0,1.0,/home/hku_user3/EnergyBridge/benchmark_results/vpp_patch_2026-07-15/_batch_logs/daily_event_configs/d26_hist_d26_1_patched.json,skipped_done,0,0.0,/home/hku_user3/EnergyBridge/benchmark_results/vpp_patch_2026-07-15/household_s4_ev_commuter_flexible_EnergyBridge_germany_d26_hist_d26_1_patched_2025-06-26_1day,/home/hku_user3/EnergyBridge/benchmark_results/vpp_patch_2026-07-15/_batch_logs/daily_dr_memory_germany_1day/household_s4_ev_commuter_flexible_EnergyBridge_germany_d26_hist_d26_1_patched_2025-06-26_1day.log,/home/hku_user3/EnergyBridge/benchmark_results/vpp_patch_2026-07-15/household_s4_ev_commuter_flexible_EnergyBridge_germany_d26_hist_d26_1_patched_2025-06-26_1day/run_summary.txt,0,48.744278,48.744278,16.054848,0.089377,EUR/kWh,/home/hku_user3/EnergyBridge/experiments/real_data/germany_2025_price.csv,6.9147,6.9147,1.0,1.0,4.75,1.0,1.0,"['dishwasher', 'dryer', 'ev', 'washer', 'water_heater']",[],[],matched,household_s4_ev_commuter_flexible|germany|1days|2025-06-26|no_dr,/home/hku_user3/EnergyBridge/benchmark_results/vpp_patch_2026-07-15/household_s4_ev_commuter_flexible_no_dr_germany_d26_hist_d26_1_patched_2025-06-26_1day/benchmark_result.json,no_dr_counterfactual_event_window_energy,1,10.6446,6.9147,10.6446,10.6446,3.7299,3.7299,0.350403,3.7299,3.7299,no_dr_counterfactual_baseline
household_s4_ev_commuter_flexible,household_s4_ev_commuter_flexible,no_dr,Tianjin,1,2025-06-26,d26_hist_d26_1_patched,hist_d26_1_patched,26,/home/hku_user3/EnergyBridge/experiments/real_data/tianjin_tou_price_normalized.csv,18.0,1.0,/home/hku_user3/EnergyBridge/benchmark_results/vpp_patch_2026-07-15/_batch_logs/daily_event_configs/d26_hist_d26_1_patched.json,skipped_done,0,0.0,/home/hku_user3/EnergyBridge/benchmark_results/vpp_patch_2026-07-15/household_s4_ev_commuter_flexible_no_dr_tianjin_d26_hist_d26_1_patched_2025-06-26_1day,/home/hku_user3/EnergyBridge/benchmark_results/vpp_patch_2026-07-15/_batch_logs/daily_dr_memory_tianjin_1day/household_s4_ev_commuter_flexible_no_dr_tianjin_d26_hist_d26_1_patched_2025-06-26_1day.log,/home/hku_user3/EnergyBridge/benchmark_results/vpp_patch_2026-07-15/household_s4_ev_commuter_flexible_no_dr_tianjin_d26_hist_d26_1_patched_2025-06-26_1day/run_summary.txt,0,42.15603,42.15603,59.775224,1.42867,normalized TOU cost/kWh,/home/hku_user3/EnergyBridge/experiments/real_data/tianjin_tou_price_normalized.csv,5.0658,5.0658,1.0,1.0,,0.0,1.0,[],"['dishwasher', 'dryer', 'ev', 'washer', 'water_heater']",[],matched,household_s4_ev_commuter_flexible|tianjin|1days|2025-06-26|no_dr,/home/hku_user3/EnergyBridge/benchmark_results/vpp_patch_2026-07-15/household_s4_ev_commuter_flexible_no_dr_tianjin_d26_hist_d26_1_patched_2025-06-26_1day/benchmark_result.json,no_dr_counterfactual_event_window_energy,1,5.0658,5.0658,5.0658,5.0658,0.0,0.0,0.0,0.0,0.0,no_dr_counterfactual_baseline
household_s2_multigeneration_caregiver,household_s2_multigeneration_caregiver,EnergyBridge,Tianjin,1,2025-06-26,d26_hist_d26_1_patched,hist_d26_1_patched,26,/home/hku_user3/EnergyBridge/experiments/real_data/tianjin_tou_price_normalized.csv,18.0,1.0,/home/hku_user3/EnergyBridge/benchmark_results/vpp_patch_2026-07-15/_batch_logs/daily_event_configs/d26_hist_d26_1_patched.json,skipped_done,0,0.0,/home/hku_user3/EnergyBridge/benchmark_results/vpp_patch_2026-07-15/household_s2_multigeneration_caregiver_EnergyBridge_tianjin_d26_hist_d26_1_patched_2025-06-26_1day,/home/hku_user3/EnergyBridge/benchmark_results/vpp_patch_2026-07-15/_batch_logs/daily_dr_memory_tianjin_1day/household_s2_multigeneration_caregiver_EnergyBridge_tianjin_d26_hist_d26_1_patched_2025-06-26_1day.log,/home/hku_user3/EnergyBridge/benchmark_results/vpp_patch_2026-07-15/household_s2_multigeneration_caregiver_EnergyBridge_tianjin_d26_hist_d26_1_patched_2025-06-26_1day/run_summary.txt,0,34.361104,34.361104,41.028351,1.253396,normalized TOU cost/kWh,/home/hku_user3/EnergyBridge/experiments/real_data/tianjin_tou_price_normalized.csv,0.4926,0.4926,1.0,1.0,4.0,1.0,1.0,"['dishwasher', 'dryer', 'ev', 'washer', 'water_heater']",[],[],matched,household_s2_multigeneration_caregiver|tianjin|1days|2025-06-26|no_dr,/home/hku_user3/EnergyBridge/benchmark_results/vpp_patch_2026-07-15/household_s2_multigeneration_caregiver_no_dr_tianjin_d26_hist_d26_1_patched_2025-06-26_1day/benchmark_result.json,no_dr_counterfactual_event_window_energy,1,5.1079,0.4926,5.1079,5.1079,4.6153,4.6153,0.903561,4.6153,4.6153,no_dr_counterfactual_baseline
household_s3_hybrid_work_from_home,household_s3_hybrid_work_from_home,EnergyBridge,Tianjin,1,2025-06-26,d26_hist_d26_1_patched,hist_d26_1_patched,26,/home/hku_user3/EnergyBridge/experiments/real_data/tianjin_tou_price_normalized.csv,18.0,1.0,/home/hku_user3/EnergyBridge/benchmark_results/vpp_patch_2026-07-15/_batch_logs/daily_event_configs/d26_hist_d26_1_patched.json,skipped_done,0,0.0,/home/hku_user3/EnergyBridge/benchmark_results/vpp_patch_2026-07-15/household_s3_hybrid_work_from_home_EnergyBridge_tianjin_d26_hist_d26_1_patched_2025-06-26_1day,/home/hku_user3/EnergyBridge/benchmark_results/vpp_patch_2026-07-15/_batch_logs/daily_dr_memory_tianjin_1day/household_s3_hybrid_work_from_home_EnergyBridge_tianjin_d26_hist_d26_1_patched_2025-06-26_1day.log,/home/hku_user3/EnergyBridge/benchmark_results/vpp_patch_2026-07-15/household_s3_hybrid_work_from_home_EnergyBridge_tianjin_d26_hist_d26_1_patched_2025-06-26_1day/run_summary.txt,0,39.188979,39.188979,46.172516,1.384605,normalized TOU cost/kWh,/home/hku_user3/EnergyBridge/experiments/real_data/tianjin_tou_price_normalized.csv,1.0591,1.0591,1.0,1.0,4.0,1.0,1.0,"['dishwasher', 'dryer', 'ev', 'washer', 'water_heater']",[],[],matched,household_s3_hybrid_work_from_home|tianjin|1days|2025-06-26|no_dr,/home/hku_user3/EnergyBridge/benchmark_results/vpp_patch_2026-07-15/household_s3_hybrid_work_from_home_no_dr_tianjin_d26_hist_d26_1_patched_2025-06-26_1day/benchmark_result.json,no_dr_counterfactual_event_window_energy,1,5.0665,1.0591,5.0665,5.0665,4.0074,4.0074,0.79096,4.0074,4.0074,no_dr_counterfactual_baseline
household_s3_hybrid_work_from_home,household_s3_hybrid_work_from_home,no_dr,Tianjin,1,2025-06-26,d26_hist_d26_1_patched,hist_d26_1_patched,26,/home/hku_user3/EnergyBridge/experiments/real_data/tianjin_tou_price_normalized.csv,18.0,1.0,/home/hku_user3/EnergyBridge/benchmark_results/vpp_patch_2026-07-15/_batch_logs/daily_event_configs/d26_hist_d26_1_patched.json,skipped_done,0,0.0,/home/hku_user3/EnergyBridge/benchmark_results/vpp_patch_2026-07-15/household_s3_hybrid_work_from_home_no_dr_tianjin_d26_hist_d26_1_patched_2025-06-26_1day,/home/hku_user3/EnergyBridge/benchmark_results/vpp_patch_2026-07-15/_batch_logs/daily_dr_memory_tianjin_1day/household_s3_hybrid_work_from_home_no_dr_tianjin_d26_hist_d26_1_patched_2025-06-26_1day.log,/home/hku_user3/EnergyBridge/benchmark_results/vpp_patch_2026-07-15/household_s3_hybrid_work_from_home_no_dr_tianjin_d26_hist_d26_1_patched_2025-06-26_1day/run_summary.txt,0,38.384881,38.384881,53.680116,1.410088,normalized TOU cost/kWh,/home/hku_user3/EnergyBridge/experiments/real_data/tianjin_tou_price_normalized.csv,5.0665,5.0665,1.0,1.0,,0.0,0.8,[],"['dishwasher', 'dryer', 'ev', 'washer', 'water_heater']",[],matched,household_s3_hybrid_work_from_home|tianjin|1days|2025-06-26|no_dr,/home/hku_user3/EnergyBridge/benchmark_results/vpp_patch_2026-07-15/household_s3_hybrid_work_from_home_no_dr_tianjin_d26_hist_d26_1_patched_2025-06-26_1day/benchmark_result.json,no_dr_counterfactual_event_window_energy,1,5.0665,5.0665,5.0665,5.0665,0.0,0.0,0.0,0.0,0.0,no_dr_counterfactual_baseline
household_s1_dual_commuter_standard,household_s1_dual_commuter_standard,EnergyBridge,Tianjin,1,2025-06-26,d26_hist_d26_1_patched,hist_d26_1_patched,26,/home/hku_user3/EnergyBridge/experiments/real_data/tianjin_tou_price_normalized.csv,18.0,1.0,/home/hku_user3/EnergyBridge/benchmark_results/vpp_patch_2026-07-15/_batch_logs/daily_event_configs/d26_hist_d26_1_patched.json,skipped_done,0,0.0,/home/hku_user3/EnergyBridge/benchmark_results/vpp_patch_2026-07-15/household_s1_dual_commuter_standard_EnergyBridge_tianjin_d26_hist_d26_1_patched_2025-06-26_1day,/home/hku_user3/EnergyBridge/benchmark_results/vpp_patch_2026-07-15/_batch_logs/daily_dr_memory_tianjin_1day/household_s1_dual_commuter_standard_EnergyBridge_tianjin_d26_hist_d26_1_patched_2025-06-26_1day.log,/home/hku_user3/EnergyBridge/benchmark_results/vpp_patch_2026-07-15/household_s1_dual_commuter_standard_EnergyBridge_tianjin_d26_hist_d26_1_patched_2025-06-26_1day/run_summary.txt,0,38.255019,38.255019,45.55488,1.316266,normalized TOU cost/kWh,/home/hku_user3/EnergyBridge/experiments/real_data/tianjin_tou_price_normalized.csv,0.5712,0.5712,1.0,1.0,4.25,1.0,1.0,"['dishwasher', 'dryer', 'ev', 'washer', 'water_heater']",[],[],matched,household_s1_dual_commuter_standard|tianjin|1days|2025-06-26|no_dr,/home/hku_user3/EnergyBridge/benchmark_results/vpp_patch_2026-07-15/household_s1_dual_commuter_standard_no_dr_tianjin_d26_hist_d26_1_patched_2025-06-26_1day/benchmark_result.json,no_dr_counterfactual_event_window_energy,1,5.0658,0.5712,5.0658,5.0658,4.4946,4.4946,0.887244,4.4946,4.4946,no_dr_counterfactual_baseline
household_s1_dual_commuter_standard,household_s1_dual_commuter_standard,no_dr,Germany,1,2025-06-27,d27_hist_d27_1_patched,hist_d27_1_patched,27,/home/hku_user3/EnergyBridge/experiments/real_data/germany_2025_price.csv,18.0,1.0,/home/hku_user3/EnergyBridge/benchmark_results/vpp_patch_2026-07-15/_batch_logs/daily_event_configs/d27_hist_d27_1_patched.json,skipped_done,0,0.0,/home/hku_user3/EnergyBridge/benchmark_results/vpp_patch_2026-07-15/household_s1_dual_commuter_standard_no_dr_germany_d27_hist_d27_1_patched_2025-06-27_1day,/home/hku_user3/EnergyBridge/benchmark_results/vpp_patch_2026-07-15/_batch_logs/daily_dr_memory_germany_1day/household_s1_dual_commuter_standard_no_dr_germany_d27_hist_d27_1_patched_2025-06-27_1day.log,/home/hku_user3/EnergyBridge/benchmark_results/vpp_patch_2026-07-15/household_s1_dual_commuter_standard_no_dr_germany_d27_hist_d27_1_patched_2025-06-27_1day/run_summary.txt,0,38.024033,38.024033,15.189177,0.087302,EUR/kWh,/home/hku_user3/EnergyBridge/experiments/real_data/germany_2025_price.csv,10.3641,10.3641,1.0,1.0,,0.0,1.0,[],"['dishwasher', 'dryer', 'ev', 'washer', 'water_heater']",[],matched,household_s1_dual_commuter_standard|germany|1days|2025-06-27|no_dr,/home/hku_user3/EnergyBridge/benchmark_results/vpp_patch_2026-07-15/household_s1_dual_commuter_standard_no_dr_germany_d27_hist_d27_1_patched_2025-06-27_1day/benchmark_result.json,no_dr_counterfactual_event_window_energy,1,10.3641,10.3641,10.3641,10.3641,0.0,0.0,0.0,0.0,0.0,no_dr_counterfactual_baseline
household_s5_shared_roommates_irregular,household_s5_shared_roommates_irregular,EnergyBridge,Tianjin,1,2025-06-26,d26_hist_d26_1_patched,hist_d26_1_patched,26,/home/hku_user3/EnergyBridge/experiments/real_data/tianjin_tou_price_normalized.csv,18.0,1.0,/home/hku_user3/EnergyBridge/benchmark_results/vpp_patch_2026-07-15/_batch_logs/daily_event_configs/d26_hist_d26_1_patched.json,skipped_done,0,0.0,/home/hku_user3/EnergyBridge/benchmark_results/vpp_patch_2026-07-15/household_s5_shared_roommates_irregular_EnergyBridge_tianjin_d26_hist_d26_1_patched_2025-06-26_1day,/home/hku_user3/EnergyBridge/benchmark_results/vpp_patch_2026-07-15/_batch_logs/daily_dr_memory_tianjin_1day/household_s5_shared_roommates_irregular_EnergyBridge_tianjin_d26_hist_d26_1_patched_2025-06-26_1day.log,/home/hku_user3/EnergyBridge/benchmark_results/vpp_patch_2026-07-15/household_s5_shared_roommates_irregular_EnergyBridge_tianjin_d26_hist_d26_1_patched_2025-06-26_1day/run_summary.txt,0,35.329918,35.329918,44.56772,1.386326,normalized TOU cost/kWh,/home/hku_user3/EnergyBridge/experiments/real_data/tianjin_tou_price_normalized.csv,1.0644,1.0644,1.0,1.0,4.5,1.0,1.0,"['dishwasher', 'dryer', 'ev', 'washer', 'water_heater']",[],[],matched,household_s5_shared_roommates_irregular|tianjin|1days|2025-06-26|no_dr,/home/hku_user3/EnergyBridge/benchmark_results/vpp_patch_2026-07-15/household_s5_shared_roommates_irregular_no_dr_tianjin_d26_hist_d26_1_patched_2025-06-26_1day/benchmark_result.json,no_dr_counterfactual_event_window_energy,1,5.0658,1.0644,5.0658,5.0658,4.0014,4.0014,0.789885,4.0014,4.0014,no_dr_counterfactual_baseline
household_s2_multigeneration_caregiver,household_s2_multigeneration_caregiver,no_dr,Germany,1,2025-06-27,d27_hist_d27_1_patched,hist_d27_1_patched,27,/home/hku_user3/EnergyBridge/experiments/real_data/germany_2025_price.csv,18.0,1.0,/home/hku_user3/EnergyBridge/benchmark_results/vpp_patch_2026-07-15/_batch_logs/daily_event_configs/d27_hist_d27_1_patched.json,skipped_done,0,0.0,/home/hku_user3/EnergyBridge/benchmark_results/vpp_patch_2026-07-15/household_s2_multigeneration_caregiver_no_dr_germany_d27_hist_d27_1_patched_2025-06-27_1day,/home/hku_user3/EnergyBridge/benchmark_results/vpp_patch_2026-07-15/_batch_logs/daily_dr_memory_germany_1day/household_s2_multigeneration_caregiver_no_dr_germany_d27_hist_d27_1_patched_2025-06-27_1day.log,/home/hku_user3/EnergyBridge/benchmark_results/vpp_patch_2026-07-15/household_s2_multigeneration_caregiver_no_dr_germany_d27_hist_d27_1_patched_2025-06-27_1day/run_summary.txt,0,34.869946,34.869946,14.760287,0.086652,EUR/kWh,/home/hku_user3/EnergyBridge/experiments/real_data/germany_2025_price.csv,10.4073,10.4073,1.0,1.0,,0.0,1.0,[],"['dishwasher', 'dryer', 'ev', 'washer', 'water_heater']",[],matched,household_s2_multigeneration_caregiver|germany|1days|2025-06-27|no_dr,/home/hku_user3/EnergyBridge/benchmark_results/vpp_patch_2026-07-15/household_s2_multigeneration_caregiver_no_dr_germany_d27_hist_d27_1_patched_2025-06-27_1day/benchmark_result.json,no_dr_counterfactual_event_window_energy,1,10.4073,10.4073,10.4073,10.4073,0.0,0.0,0.0,0.0,0.0,no_dr_counterfactual_baseline
household_s4_ev_commuter_flexible,household_s4_ev_commuter_flexible,EnergyBridge,Tianjin,1,2025-06-26,d26_hist_d26_1_patched,hist_d26_1_patched,26,/home/hku_user3/EnergyBridge/experiments/real_data/tianjin_tou_price_normalized.csv,18.0,1.0,/home/hku_user3/EnergyBridge/benchmark_results/vpp_patch_2026-07-15/_batch_logs/daily_event_configs/d26_hist_d26_1_patched.json,skipped_done,0,0.0,/home/hku_user3/EnergyBridge/benchmark_results/vpp_patch_2026-07-15/household_s4_ev_commuter_flexible_EnergyBridge_tianjin_d26_hist_d26_1_patched_2025-06-26_1day,/home/hku_user3/EnergyBridge/benchmark_results/vpp_patch_2026-07-15/_batch_logs/daily_dr_memory_tianjin_1day/household_s4_ev_commuter_flexible_EnergyBridge_tianjin_d26_hist_d26_1_patched_2025-06-26_1day.log,/home/hku_user3/EnergyBridge/benchmark_results/vpp_patch_2026-07-15/household_s4_ev_commuter_flexible_EnergyBridge_tianjin_d26_hist_d26_1_patched_2025-06-26_1day/run_summary.txt,0,40.302002,40.302002,51.18978,1.397021,normalized TOU cost/kWh,/home/hku_user3/EnergyBridge/experiments/real_data/tianjin_tou_price_normalized.csv,1.0637,1.0637,1.0,1.0,4.75,1.0,1.0,"['dishwasher', 'dryer', 'ev', 'washer', 'water_heater']",[],[],matched,household_s4_ev_commuter_flexible|tianjin|1days|2025-06-26|no_dr,/home/hku_user3/EnergyBridge/benchmark_results/vpp_patch_2026-07-15/household_s4_ev_commuter_flexible_no_dr_tianjin_d26_hist_d26_1_patched_2025-06-26_1day/benchmark_result.json,no_dr_counterfactual_event_window_energy,1,5.0658,1.0637,5.0658,5.0658,4.0021,4.0021,0.790023,4.0021,4.0021,no_dr_counterfactual_baseline
household_s5_shared_roommates_irregular,household_s5_shared_roommates_irregular,no_dr,Tianjin,1,2025-06-26,d26_hist_d26_1_patched,hist_d26_1_patched,26,/home/hku_user3/EnergyBridge/experiments/real_data/tianjin_tou_price_normalized.csv,18.0,1.0,/home/hku_user3/EnergyBridge/benchmark_results/vpp_patch_2026-07-15/_batch_logs/daily_event_configs/d26_hist_d26_1_patched.json,skipped_done,0,0.0,/home/hku_user3/EnergyBridge/benchmark_results/vpp_patch_2026-07-15/household_s5_shared_roommates_irregular_no_dr_tianjin_d26_hist_d26_1_patched_2025-06-26_1day,/home/hku_user3/EnergyBridge/benchmark_results/vpp_patch_2026-07-15/_batch_logs/daily_dr_memory_tianjin_1day/household_s5_shared_roommates_irregular_no_dr_tianjin_d26_hist_d26_1_patched_2025-06-26_1day.log,/home/hku_user3/EnergyBridge/benchmark_results/vpp_patch_2026-07-15/household_s5_shared_roommates_irregular_no_dr_tianjin_d26_hist_d26_1_patched_2025-06-26_1day/run_summary.txt,0,38.07487,38.07487,53.245369,1.410151,normalized TOU cost/kWh,/home/hku_user3/EnergyBridge/experiments/real_data/tianjin_tou_price_normalized.csv,5.0658,5.0658,1.0,1.0,,0.0,1.0,[],"['dishwasher', 'dryer', 'ev', 'washer', 'water_heater']",[],matched,household_s5_shared_roommates_irregular|tianjin|1days|2025-06-26|no_dr,/home/hku_user3/EnergyBridge/benchmark_results/vpp_patch_2026-07-15/household_s5_shared_roommates_irregular_no_dr_tianjin_d26_hist_d26_1_patched_2025-06-26_1day/benchmark_result.json,no_dr_counterfactual_event_window_energy,1,5.0658,5.0658,5.0658,5.0658,0.0,0.0,0.0,0.0,0.0,no_dr_counterfactual_baseline
household_s4_ev_commuter_flexible,household_s4_ev_commuter_flexible,no_dr,Germany,1,2025-06-27,d27_hist_d27_1_patched,hist_d27_1_patched,27,/home/hku_user3/EnergyBridge/experiments/real_data/germany_2025_price.csv,18.0,1.0,/home/hku_user3/EnergyBridge/benchmark_results/vpp_patch_2026-07-15/_batch_logs/daily_event_configs/d27_hist_d27_1_patched.json,skipped_done,0,0.0,/home/hku_user3/EnergyBridge/benchmark_results/vpp_patch_2026-07-15/household_s4_ev_commuter_flexible_no_dr_germany_d27_hist_d27_1_patched_2025-06-27_1day,/home/hku_user3/EnergyBridge/benchmark_results/vpp_patch_2026-07-15/_batch_logs/daily_dr_memory_germany_1day/household_s4_ev_commuter_flexible_no_dr_germany_d27_hist_d27_1_patched_2025-06-27_1day.log,/home/hku_user3/EnergyBridge/benchmark_results/vpp_patch_2026-07-15/household_s4_ev_commuter_flexible_no_dr_germany_d27_hist_d27_1_patched_2025-06-27_1day/run_summary.txt,0,40.064612,40.064612,15.411069,0.087551,EUR/kWh,/home/hku_user3/EnergyBridge/experiments/real_data/germany_2025_price.csv,10.3641,10.3641,1.0,1.0,,0.0,1.0,[],"['dishwasher', 'dryer', 'ev', 'washer', 'water_heater']",[],matched,household_s4_ev_commuter_flexible|germany|1days|2025-06-27|no_dr,/home/hku_user3/EnergyBridge/benchmark_results/vpp_patch_2026-07-15/household_s4_ev_commuter_flexible_no_dr_germany_d27_hist_d27_1_patched_2025-06-27_1day/benchmark_result.json,no_dr_counterfactual_event_window_energy,1,10.3641,10.3641,10.3641,10.3641,0.0,0.0,0.0,0.0,0.0,no_dr_counterfactual_baseline
household_s1_dual_commuter_standard,household_s1_dual_commuter_standard,EnergyBridge,Germany,1,2025-06-27,d27_hist_d27_1_patched,hist_d27_1_patched,27,/home/hku_user3/EnergyBridge/experiments/real_data/germany_2025_price.csv,18.0,1.0,/home/hku_user3/EnergyBridge/benchmark_results/vpp_patch_2026-07-15/_batch_logs/daily_event_configs/d27_hist_d27_1_patched.json,skipped_done,0,0.0,/home/hku_user3/EnergyBridge/benchmark_results/vpp_patch_2026-07-15/household_s1_dual_commuter_standard_EnergyBridge_germany_d27_hist_d27_1_patched_2025-06-27_1day,/home/hku_user3/EnergyBridge/benchmark_results/vpp_patch_2026-07-15/_batch_logs/daily_dr_memory_germany_1day/household_s1_dual_commuter_standard_EnergyBridge_germany_d27_hist_d27_1_patched_2025-06-27_1day.log,/home/hku_user3/EnergyBridge/benchmark_results/vpp_patch_2026-07-15/household_s1_dual_commuter_standard_EnergyBridge_germany_d27_hist_d27_1_patched_2025-06-27_1day/run_summary.txt,0,39.264915,39.264915,14.29821,0.083476,EUR/kWh,/home/hku_user3/EnergyBridge/experiments/real_data/germany_2025_price.csv,6.3247,6.3247,1.0,1.0,4.25,1.0,1.0,"['dishwasher', 'dryer', 'ev', 'washer', 'water_heater']",[],[],matched,household_s1_dual_commuter_standard|germany|1days|2025-06-27|no_dr,/home/hku_user3/EnergyBridge/benchmark_results/vpp_patch_2026-07-15/household_s1_dual_commuter_standard_no_dr_germany_d27_hist_d27_1_patched_2025-06-27_1day/benchmark_result.json,no_dr_counterfactual_event_window_energy,1,10.3641,6.3247,10.3641,10.3641,4.0394,4.0394,0.389749,4.0394,4.0394,no_dr_counterfactual_baseline
household_s5_shared_roommates_irregular,household_s5_shared_roommates_irregular,no_dr,Germany,1,2025-06-27,d27_hist_d27_1_patched,hist_d27_1_patched,27,/home/hku_user3/EnergyBridge/experiments/real_data/germany_2025_price.csv,18.0,1.0,/home/hku_user3/EnergyBridge/benchmark_results/vpp_patch_2026-07-15/_batch_logs/daily_event_configs/d27_hist_d27_1_patched.json,skipped_done,0,0.0,/home/hku_user3/EnergyBridge/benchmark_results/vpp_patch_2026-07-15/household_s5_shared_roommates_irregular_no_dr_germany_d27_hist_d27_1_patched_2025-06-27_1day,/home/hku_user3/EnergyBridge/benchmark_results/vpp_patch_2026-07-15/_batch_logs/daily_dr_memory_germany_1day/household_s5_shared_roommates_irregular_no_dr_germany_d27_hist_d27_1_patched_2025-06-27_1day.log,/home/hku_user3/EnergyBridge/benchmark_results/vpp_patch_2026-07-15/household_s5_shared_roommates_irregular_no_dr_germany_d27_hist_d27_1_patched_2025-06-27_1day/run_summary.txt,0,35.983453,35.983453,14.967284,0.087048,EUR/kWh,/home/hku_user3/EnergyBridge/experiments/real_data/germany_2025_price.csv,10.3641,10.3641,1.0,1.0,,0.0,1.0,[],"['dishwasher', 'dryer', 'ev', 'washer', 'water_heater']",[],matched,household_s5_shared_roommates_irregular|germany|1days|2025-06-27|no_dr,/home/hku_user3/EnergyBridge/benchmark_results/vpp_patch_2026-07-15/household_s5_shared_roommates_irregular_no_dr_germany_d27_hist_d27_1_patched_2025-06-27_1day/benchmark_result.json,no_dr_counterfactual_event_window_energy,1,10.3641,10.3641,10.3641,10.3641,0.0,0.0,0.0,0.0,0.0,no_dr_counterfactual_baseline
household_s3_hybrid_work_from_home,household_s3_hybrid_work_from_home,no_dr,Germany,1,2025-06-27,d27_hist_d27_1_patched,hist_d27_1_patched,27,/home/hku_user3/EnergyBridge/experiments/real_data/germany_2025_price.csv,18.0,1.0,/home/hku_user3/EnergyBridge/benchmark_results/vpp_patch_2026-07-15/_batch_logs/daily_event_configs/d27_hist_d27_1_patched.json,skipped_done,0,0.0,/home/hku_user3/EnergyBridge/benchmark_results/vpp_patch_2026-07-15/household_s3_hybrid_work_from_home_no_dr_germany_d27_hist_d27_1_patched_2025-06-27_1day,/home/hku_user3/EnergyBridge/benchmark_results/vpp_patch_2026-07-15/_batch_logs/daily_dr_memory_germany_1day/household_s3_hybrid_work_from_home_no_dr_germany_d27_hist_d27_1_patched_2025-06-27_1day.log,/home/hku_user3/EnergyBridge/benchmark_results/vpp_patch_2026-07-15/household_s3_hybrid_work_from_home_no_dr_germany_d27_hist_d27_1_patched_2025-06-27_1day/run_summary.txt,0,36.236277,36.236277,14.959738,0.087088,EUR/kWh,/home/hku_user3/EnergyBridge/experiments/real_data/germany_2025_price.csv,10.3714,10.3714,1.0,1.0,,0.0,0.8,[],"['dishwasher', 'dryer', 'ev', 'washer', 'water_heater']",[],matched,household_s3_hybrid_work_from_home|germany|1days|2025-06-27|no_dr,/home/hku_user3/EnergyBridge/benchmark_results/vpp_patch_2026-07-15/household_s3_hybrid_work_from_home_no_dr_germany_d27_hist_d27_1_patched_2025-06-27_1day/benchmark_result.json,no_dr_counterfactual_event_window_energy,1,10.3714,10.3714,10.3714,10.3714,0.0,0.0,0.0,0.0,0.0,no_dr_counterfactual_baseline
household_s3_hybrid_work_from_home,household_s3_hybrid_work_from_home,EnergyBridge,Germany,1,2025-06-27,d27_hist_d27_1_patched,hist_d27_1_patched,27,/home/hku_user3/EnergyBridge/experiments/real_data/germany_2025_price.csv,18.0,1.0,/home/hku_user3/EnergyBridge/benchmark_results/vpp_patch_2026-07-15/_batch_logs/daily_event_configs/d27_hist_d27_1_patched.json,skipped_done,0,0.0,/home/hku_user3/EnergyBridge/benchmark_results/vpp_patch_2026-07-15/household_s3_hybrid_work_from_home_EnergyBridge_germany_d27_hist_d27_1_patched_2025-06-27_1day,/home/hku_user3/EnergyBridge/benchmark_results/vpp_patch_2026-07-15/_batch_logs/daily_dr_memory_germany_1day/household_s3_hybrid_work_from_home_EnergyBridge_germany_d27_hist_d27_1_patched_2025-06-27_1day.log,/home/hku_user3/EnergyBridge/benchmark_results/vpp_patch_2026-07-15/household_s3_hybrid_work_from_home_EnergyBridge_germany_d27_hist_d27_1_patched_2025-06-27_1day/run_summary.txt,0,36.470312,36.470312,14.136939,0.083172,EUR/kWh,/home/hku_user3/EnergyBridge/experiments/real_data/germany_2025_price.csv,6.2271,6.2271,1.0,1.0,4.0,1.0,1.0,"['dishwasher', 'dryer', 'ev', 'washer', 'water_heater']",[],[],matched,household_s3_hybrid_work_from_home|germany|1days|2025-06-27|no_dr,/home/hku_user3/EnergyBridge/benchmark_results/vpp_patch_2026-07-15/household_s3_hybrid_work_from_home_no_dr_germany_d27_hist_d27_1_patched_2025-06-27_1day/benchmark_result.json,no_dr_counterfactual_event_window_energy,1,10.3714,6.2271,10.3714,10.3714,4.1443,4.1443,0.399589,4.1443,4.1443,no_dr_counterfactual_baseline
household_s1_dual_commuter_standard,household_s1_dual_commuter_standard,no_dr,Tianjin,1,2025-06-27,d27_hist_d27_1_patched,hist_d27_1_patched,27,/home/hku_user3/EnergyBridge/experiments/real_data/tianjin_tou_price_normalized.csv,18.0,1.0,/home/hku_user3/EnergyBridge/benchmark_results/vpp_patch_2026-07-15/_batch_logs/daily_event_configs/d27_hist_d27_1_patched.json,skipped_done,0,0.0,/home/hku_user3/EnergyBridge/benchmark_results/vpp_patch_2026-07-15/household_s1_dual_commuter_standard_no_dr_tianjin_d27_hist_d27_1_patched_2025-06-27_1day,/home/hku_user3/EnergyBridge/benchmark_results/vpp_patch_2026-07-15/_batch_logs/daily_dr_memory_tianjin_1day/household_s1_dual_commuter_standard_no_dr_tianjin_d27_hist_d27_1_patched_2025-06-27_1day.log,/home/hku_user3/EnergyBridge/benchmark_results/vpp_patch_2026-07-15/household_s1_dual_commuter_standard_no_dr_tianjin_d27_hist_d27_1_patched_2025-06-27_1day/run_summary.txt,0,58.007804,58.007804,63.260008,1.368871,normalized TOU cost/kWh,/home/hku_user3/EnergyBridge/experiments/real_data/tianjin_tou_price_normalized.csv,6.1661,6.1661,1.0,1.0,,0.0,1.0,[],"['dishwasher', 'dryer', 'ev', 'washer', 'water_heater']",[],matched,household_s1_dual_commuter_standard|tianjin|1days|2025-06-27|no_dr,/home/hku_user3/EnergyBridge/benchmark_results/vpp_patch_2026-07-15/household_s1_dual_commuter_standard_no_dr_tianjin_d27_hist_d27_1_patched_2025-06-27_1day/benchmark_result.json,no_dr_counterfactual_event_window_energy,1,6.1661,6.1661,6.1661,6.1661,0.0,0.0,0.0,0.0,0.0,no_dr_counterfactual_baseline
household_s2_multigeneration_caregiver,household_s2_multigeneration_caregiver,EnergyBridge,Germany,1,2025-06-27,d27_hist_d27_1_patched,hist_d27_1_patched,27,/home/hku_user3/EnergyBridge/experiments/real_data/germany_2025_price.csv,18.0,1.0,/home/hku_user3/EnergyBridge/benchmark_results/vpp_patch_2026-07-15/_batch_logs/daily_event_configs/d27_hist_d27_1_patched.json,skipped_done,0,0.0,/home/hku_user3/EnergyBridge/benchmark_results/vpp_patch_2026-07-15/household_s2_multigeneration_caregiver_EnergyBridge_germany_d27_hist_d27_1_patched_2025-06-27_1day,/home/hku_user3/EnergyBridge/benchmark_results/vpp_patch_2026-07-15/_batch_logs/daily_dr_memory_germany_1day/household_s2_multigeneration_caregiver_EnergyBridge_germany_d27_hist_d27_1_patched_2025-06-27_1day.log,/home/hku_user3/EnergyBridge/benchmark_results/vpp_patch_2026-07-15/household_s2_multigeneration_caregiver_EnergyBridge_germany_d27_hist_d27_1_patched_2025-06-27_1day/run_summary.txt,0,34.37608,34.37608,13.944989,0.082575,EUR/kWh,/home/hku_user3/EnergyBridge/experiments/real_data/germany_2025_price.csv,6.3129,6.3129,1.0,1.0,4.2,1.0,1.0,"['dishwasher', 'dryer', 'ev', 'washer', 'water_heater']",[],[],matched,household_s2_multigeneration_caregiver|germany|1days|2025-06-27|no_dr,/home/hku_user3/EnergyBridge/benchmark_results/vpp_patch_2026-07-15/household_s2_multigeneration_caregiver_no_dr_germany_d27_hist_d27_1_patched_2025-06-27_1day/benchmark_result.json,no_dr_counterfactual_event_window_energy,1,10.4073,6.3129,10.4073,10.4073,4.0944,4.0944,0.393416,4.0944,4.0944,no_dr_counterfactual_baseline
household_s4_ev_commuter_flexible,household_s4_ev_commuter_flexible,EnergyBridge,Germany,1,2025-06-27,d27_hist_d27_1_patched,hist_d27_1_patched,27,/home/hku_user3/EnergyBridge/experiments/real_data/germany_2025_price.csv,18.0,1.0,/home/hku_user3/EnergyBridge/benchmark_results/vpp_patch_2026-07-15/_batch_logs/daily_event_configs/d27_hist_d27_1_patched.json,skipped_done,0,0.0,/home/hku_user3/EnergyBridge/benchmark_results/vpp_patch_2026-07-15/household_s4_ev_commuter_flexible_EnergyBridge_germany_d27_hist_d27_1_patched_2025-06-27_1day,/home/hku_user3/EnergyBridge/benchmark_results/vpp_patch_2026-07-15/_batch_logs/daily_dr_memory_germany_1day/household_s4_ev_commuter_flexible_EnergyBridge_germany_d27_hist_d27_1_patched_2025-06-27_1day.log,/home/hku_user3/EnergyBridge/benchmark_results/vpp_patch_2026-07-15/household_s4_ev_commuter_flexible_EnergyBridge_germany_d27_hist_d27_1_patched_2025-06-27_1day/run_summary.txt,0,41.305495,41.305495,14.60283,0.084251,EUR/kWh,/home/hku_user3/EnergyBridge/experiments/real_data/germany_2025_price.csv,6.3247,6.3247,1.0,1.0,4.75,1.0,1.0,"['dishwasher', 'dryer', 'ev', 'washer', 'water_heater']",[],[],matched,household_s4_ev_commuter_flexible|germany|1days|2025-06-27|no_dr,/home/hku_user3/EnergyBridge/benchmark_results/vpp_patch_2026-07-15/household_s4_ev_commuter_flexible_no_dr_germany_d27_hist_d27_1_patched_2025-06-27_1day/benchmark_result.json,no_dr_counterfactual_event_window_energy,1,10.3641,6.3247,10.3641,10.3641,4.0394,4.0394,0.389749,4.0394,4.0394,no_dr_counterfactual_baseline
household_s3_hybrid_work_from_home,household_s3_hybrid_work_from_home,no_dr,Tianjin,1,2025-06-27,d27_hist_d27_1_patched,hist_d27_1_patched,27,/home/hku_user3/EnergyBridge/experiments/real_data/tianjin_tou_price_normalized.csv,18.0,1.0,/home/hku_user3/EnergyBridge/benchmark_results/vpp_patch_2026-07-15/_batch_logs/daily_event_configs/d27_hist_d27_1_patched.json,skipped_done,0,0.0,/home/hku_user3/EnergyBridge/benchmark_results/vpp_patch_2026-07-15/household_s3_hybrid_work_from_home_no_dr_tianjin_d27_hist_d27_1_patched_2025-06-27_1day,/home/hku_user3/EnergyBridge/benchmark_results/vpp_patch_2026-07-15/_batch_logs/daily_dr_memory_tianjin_1day/household_s3_hybrid_work_from_home_no_dr_tianjin_d27_hist_d27_1_patched_2025-06-27_1day.log,/home/hku_user3/EnergyBridge/benchmark_results/vpp_patch_2026-07-15/household_s3_hybrid_work_from_home_no_dr_tianjin_d27_hist_d27_1_patched_2025-06-27_1day/run_summary.txt,0,56.637322,56.637322,62.300618,1.364744,normalized TOU cost/kWh,/home/hku_user3/EnergyBridge/experiments/real_data/tianjin_tou_price_normalized.csv,6.1689,6.1689,1.0,1.0,,0.0,0.8,[],"['dishwasher', 'dryer', 'ev', 'washer', 'water_heater']",[],matched,household_s3_hybrid_work_from_home|tianjin|1days|2025-06-27|no_dr,/home/hku_user3/EnergyBridge/benchmark_results/vpp_patch_2026-07-15/household_s3_hybrid_work_from_home_no_dr_tianjin_d27_hist_d27_1_patched_2025-06-27_1day/benchmark_result.json,no_dr_counterfactual_event_window_energy,1,6.1689,6.1689,6.1689,6.1689,0.0,0.0,0.0,0.0,0.0,no_dr_counterfactual_baseline
household_s1_dual_commuter_standard,household_s1_dual_commuter_standard,EnergyBridge,Tianjin,1,2025-06-27,d27_hist_d27_1_patched,hist_d27_1_patched,27,/home/hku_user3/EnergyBridge/experiments/real_data/tianjin_tou_price_normalized.csv,18.0,1.0,/home/hku_user3/EnergyBridge/benchmark_results/vpp_patch_2026-07-15/_batch_logs/daily_event_configs/d27_hist_d27_1_patched.json,skipped_done,0,0.0,/home/hku_user3/EnergyBridge/benchmark_results/vpp_patch_2026-07-15/household_s1_dual_commuter_standard_EnergyBridge_tianjin_d27_hist_d27_1_patched_2025-06-27_1day,/home/hku_user3/EnergyBridge/benchmark_results/vpp_patch_2026-07-15/_batch_logs/daily_dr_memory_tianjin_1day/household_s1_dual_commuter_standard_EnergyBridge_tianjin_d27_hist_d27_1_patched_2025-06-27_1day.log,/home/hku_user3/EnergyBridge/benchmark_results/vpp_patch_2026-07-15/household_s1_dual_commuter_standard_EnergyBridge_tianjin_d27_hist_d27_1_patched_2025-06-27_1day/run_summary.txt,0,57.725645,57.725645,54.43558,1.346303,normalized TOU cost/kWh,/home/hku_user3/EnergyBridge/experiments/real_data/tianjin_tou_price_normalized.csv,1.4207,1.4207,1.0,1.0,4.0,1.0,1.0,"['dishwasher', 'dryer', 'ev', 'washer', 'water_heater']",[],[],matched,household_s1_dual_commuter_standard|tianjin|1days|2025-06-27|no_dr,/home/hku_user3/EnergyBridge/benchmark_results/vpp_patch_2026-07-15/household_s1_dual_commuter_standard_no_dr_tianjin_d27_hist_d27_1_patched_2025-06-27_1day/benchmark_result.json,no_dr_counterfactual_event_window_energy,1,6.1661,1.4207,6.1661,6.1661,4.7454,4.7454,0.769595,4.7454,4.7454,no_dr_counterfactual_baseline
household_s5_shared_roommates_irregular,household_s5_shared_roommates_irregular,EnergyBridge,Germany,1,2025-06-27,d27_hist_d27_1_patched,hist_d27_1_patched,27,/home/hku_user3/EnergyBridge/experiments/real_data/germany_2025_price.csv,18.0,1.0,/home/hku_user3/EnergyBridge/benchmark_results/vpp_patch_2026-07-15/_batch_logs/daily_event_configs/d27_hist_d27_1_patched.json,skipped_done,0,0.0,/home/hku_user3/EnergyBridge/benchmark_results/vpp_patch_2026-07-15/household_s5_shared_roommates_irregular_EnergyBridge_germany_d27_hist_d27_1_patched_2025-06-27_1day,/home/hku_user3/EnergyBridge/benchmark_results/vpp_patch_2026-07-15/_batch_logs/daily_dr_memory_germany_1day/household_s5_shared_roommates_irregular_EnergyBridge_germany_d27_hist_d27_1_patched_2025-06-27_1day.log,/home/hku_user3/EnergyBridge/benchmark_results/vpp_patch_2026-07-15/household_s5_shared_roommates_irregular_EnergyBridge_germany_d27_hist_d27_1_patched_2025-06-27_1day/run_summary.txt,0,45.173018,45.173018,14.583644,0.085072,EUR/kWh,/home/hku_user3/EnergyBridge/experiments/real_data/germany_2025_price.csv,6.3001,6.3001,0.0,0.0,2.5,1.0,1.0,"['dishwasher', 'dryer', 'ev', 'washer', 'water_heater']",[],[],matched,household_s5_shared_roommates_irregular|germany|1days|2025-06-27|no_dr,/home/hku_user3/EnergyBridge/benchmark_results/vpp_patch_2026-07-15/household_s5_shared_roommates_irregular_no_dr_germany_d27_hist_d27_1_patched_2025-06-27_1day/benchmark_result.json,no_dr_counterfactual_event_window_energy,1,10.3641,6.3001,10.3641,10.3641,4.064,4.064,0.392123,4.064,4.064,no_dr_counterfactual_baseline
household_s4_ev_commuter_flexible,household_s4_ev_commuter_flexible,no_dr,Tianjin,1,2025-06-27,d27_hist_d27_1_patched,hist_d27_1_patched,27,/home/hku_user3/EnergyBridge/experiments/real_data/tianjin_tou_price_normalized.csv,18.0,1.0,/home/hku_user3/EnergyBridge/benchmark_results/vpp_patch_2026-07-15/_batch_logs/daily_event_configs/d27_hist_d27_1_patched.json,skipped_done,0,0.0,/home/hku_user3/EnergyBridge/benchmark_results/vpp_patch_2026-07-15/household_s4_ev_commuter_flexible_no_dr_tianjin_d27_hist_d27_1_patched_2025-06-27_1day,/home/hku_user3/EnergyBridge/benchmark_results/vpp_patch_2026-07-15/_batch_logs/daily_dr_memory_tianjin_1day/household_s4_ev_commuter_flexible_no_dr_tianjin_d27_hist_d27_1_patched_2025-06-27_1day.log,/home/hku_user3/EnergyBridge/benchmark_results/vpp_patch_2026-07-15/household_s4_ev_commuter_flexible_no_dr_tianjin_d27_hist_d27_1_patched_2025-06-27_1day/run_summary.txt,0,59.27592,59.27592,64.658269,1.37316,normalized TOU cost/kWh,/home/hku_user3/EnergyBridge/experiments/real_data/tianjin_tou_price_normalized.csv,6.1661,6.1661,1.0,1.0,,0.0,1.0,[],"['dishwasher', 'dryer', 'ev', 'washer', 'water_heater']",[],matched,household_s4_ev_commuter_flexible|tianjin|1days|2025-06-27|no_dr,/home/hku_user3/EnergyBridge/benchmark_results/vpp_patch_2026-07-15/household_s4_ev_commuter_flexible_no_dr_tianjin_d27_hist_d27_1_patched_2025-06-27_1day/benchmark_result.json,no_dr_counterfactual_event_window_energy,1,6.1661,6.1661,6.1661,6.1661,0.0,0.0,0.0,0.0,0.0,no_dr_counterfactual_baseline
household_s3_hybrid_work_from_home,household_s3_hybrid_work_from_home,EnergyBridge,Tianjin,1,2025-06-27,d27_hist_d27_1_patched,hist_d27_1_patched,27,/home/hku_user3/EnergyBridge/experiments/real_data/tianjin_tou_price_normalized.csv,18.0,1.0,/home/hku_user3/EnergyBridge/benchmark_results/vpp_patch_2026-07-15/_batch_logs/daily_event_configs/d27_hist_d27_1_patched.json,skipped_done,0,0.0,/home/hku_user3/EnergyBridge/benchmark_results/vpp_patch_2026-07-15/household_s3_hybrid_work_from_home_EnergyBridge_tianjin_d27_hist_d27_1_patched_2025-06-27_1day,/home/hku_user3/EnergyBridge/benchmark_results/vpp_patch_2026-07-15/_batch_logs/daily_dr_memory_tianjin_1day/household_s3_hybrid_work_from_home_EnergyBridge_tianjin_d27_hist_d27_1_patched_2025-06-27_1day.log,/home/hku_user3/EnergyBridge/benchmark_results/vpp_patch_2026-07-15/household_s3_hybrid_work_from_home_EnergyBridge_tianjin_d27_hist_d27_1_patched_2025-06-27_1day/run_summary.txt,0,50.652859,50.652859,54.378697,1.353279,normalized TOU cost/kWh,/home/hku_user3/EnergyBridge/experiments/real_data/tianjin_tou_price_normalized.csv,1.8687,1.8687,1.0,1.0,4.333,1.0,1.0,"['dishwasher', 'dryer', 'ev', 'washer', 'water_heater']",[],[],matched,household_s3_hybrid_work_from_home|tianjin|1days|2025-06-27|no_dr,/home/hku_user3/EnergyBridge/benchmark_results/vpp_patch_2026-07-15/household_s3_hybrid_work_from_home_no_dr_tianjin_d27_hist_d27_1_patched_2025-06-27_1day/benchmark_result.json,no_dr_counterfactual_event_window_energy,1,6.1689,1.8687,6.1689,6.1689,4.3002,4.3002,0.697077,4.3002,4.3002,no_dr_counterfactual_baseline
household_s2_multigeneration_caregiver,household_s2_multigeneration_caregiver,no_dr,Tianjin,1,2025-06-27,d27_hist_d27_1_patched,hist_d27_1_patched,27,/home/hku_user3/EnergyBridge/experiments/real_data/tianjin_tou_price_normalized.csv,18.0,1.0,/home/hku_user3/EnergyBridge/benchmark_results/vpp_patch_2026-07-15/_batch_logs/daily_event_configs/d27_hist_d27_1_patched.json,skipped_done,0,0.0,/home/hku_user3/EnergyBridge/benchmark_results/vpp_patch_2026-07-15/household_s2_multigeneration_caregiver_no_dr_tianjin_d27_hist_d27_1_patched_2025-06-27_1day,/home/hku_user3/EnergyBridge/benchmark_results/vpp_patch_2026-07-15/_batch_logs/daily_dr_memory_tianjin_1day/household_s2_multigeneration_caregiver_no_dr_tianjin_d27_hist_d27_1_patched_2025-06-27_1day.log,/home/hku_user3/EnergyBridge/benchmark_results/vpp_patch_2026-07-15/household_s2_multigeneration_caregiver_no_dr_tianjin_d27_hist_d27_1_patched_2025-06-27_1day/run_summary.txt,0,55.057948,55.057948,60.081544,1.344716,normalized TOU cost/kWh,/home/hku_user3/EnergyBridge/experiments/real_data/tianjin_tou_price_normalized.csv,6.2192,6.2192,1.0,1.0,,0.0,1.0,[],"['dishwasher', 'dryer', 'ev', 'washer', 'water_heater']",[],matched,household_s2_multigeneration_caregiver|tianjin|1days|2025-06-27|no_dr,/home/hku_user3/EnergyBridge/benchmark_results/vpp_patch_2026-07-15/household_s2_multigeneration_caregiver_no_dr_tianjin_d27_hist_d27_1_patched_2025-06-27_1day/benchmark_result.json,no_dr_counterfactual_event_window_energy,1,6.2192,6.2192,6.2192,6.2192,0.0,0.0,0.0,0.0,0.0,no_dr_counterfactual_baseline
household_s5_shared_roommates_irregular,household_s5_shared_roommates_irregular,no_dr,Tianjin,1,2025-06-27,d27_hist_d27_1_patched,hist_d27_1_patched,27,/home/hku_user3/EnergyBridge/experiments/real_data/tianjin_tou_price_normalized.csv,18.0,1.0,/home/hku_user3/EnergyBridge/benchmark_results/vpp_patch_2026-07-15/_batch_logs/daily_event_configs/d27_hist_d27_1_patched.json,skipped_done,0,0.0,/home/hku_user3/EnergyBridge/benchmark_results/vpp_patch_2026-07-15/household_s5_shared_roommates_irregular_no_dr_tianjin_d27_hist_d27_1_patched_2025-06-27_1day,/home/hku_user3/EnergyBridge/benchmark_results/vpp_patch_2026-07-15/_batch_logs/daily_dr_memory_tianjin_1day/household_s5_shared_roommates_irregular_no_dr_tianjin_d27_hist_d27_1_patched_2025-06-27_1day.log,/home/hku_user3/EnergyBridge/benchmark_results/vpp_patch_2026-07-15/household_s5_shared_roommates_irregular_no_dr_tianjin_d27_hist_d27_1_patched_2025-06-27_1day/run_summary.txt,0,56.259978,56.259978,61.861747,1.364416,normalized TOU cost/kWh,/home/hku_user3/EnergyBridge/experiments/real_data/tianjin_tou_price_normalized.csv,6.1661,6.1661,1.0,1.0,,0.0,1.0,[],"['dishwasher', 'dryer', 'ev', 'washer', 'water_heater']",[],matched,household_s5_shared_roommates_irregular|tianjin|1days|2025-06-27|no_dr,/home/hku_user3/EnergyBridge/benchmark_results/vpp_patch_2026-07-15/household_s5_shared_roommates_irregular_no_dr_tianjin_d27_hist_d27_1_patched_2025-06-27_1day/benchmark_result.json,no_dr_counterfactual_event_window_energy,1,6.1661,6.1661,6.1661,6.1661,0.0,0.0,0.0,0.0,0.0,no_dr_counterfactual_baseline
household_s2_multigeneration_caregiver,household_s2_multigeneration_caregiver,EnergyBridge,Tianjin,1,2025-06-27,d27_hist_d27_1_patched,hist_d27_1_patched,27,/home/hku_user3/EnergyBridge/experiments/real_data/tianjin_tou_price_normalized.csv,18.0,1.0,/home/hku_user3/EnergyBridge/benchmark_results/vpp_patch_2026-07-15/_batch_logs/daily_event_configs/d27_hist_d27_1_patched.json,skipped_done,0,0.0,/home/hku_user3/EnergyBridge/benchmark_results/vpp_patch_2026-07-15/household_s2_multigeneration_caregiver_EnergyBridge_tianjin_d27_hist_d27_1_patched_2025-06-27_1day,/home/hku_user3/EnergyBridge/benchmark_results/vpp_patch_2026-07-15/_batch_logs/daily_dr_memory_tianjin_1day/household_s2_multigeneration_caregiver_EnergyBridge_tianjin_d27_hist_d27_1_patched_2025-06-27_1day.log,/home/hku_user3/EnergyBridge/benchmark_results/vpp_patch_2026-07-15/household_s2_multigeneration_caregiver_EnergyBridge_tianjin_d27_hist_d27_1_patched_2025-06-27_1day/run_summary.txt,0,50.540103,50.540103,52.77387,1.239226,normalized TOU cost/kWh,/home/hku_user3/EnergyBridge/experiments/real_data/tianjin_tou_price_normalized.csv,1.4178,1.4178,1.0,1.0,1.8,1.0,0.8,"['dishwasher', 'dryer', 'ev', 'washer', 'water_heater']",[],[],matched,household_s2_multigeneration_caregiver|tianjin|1days|2025-06-27|no_dr,/home/hku_user3/EnergyBridge/benchmark_results/vpp_patch_2026-07-15/household_s2_multigeneration_caregiver_no_dr_tianjin_d27_hist_d27_1_patched_2025-06-27_1day/benchmark_result.json,no_dr_counterfactual_event_window_energy,1,6.2192,1.4178,6.2192,6.2192,4.8014,4.8014,0.772029,4.8014,4.8014,no_dr_counterfactual_baseline
household_s2_multigeneration_caregiver,household_s2_multigeneration_caregiver,no_dr,Germany,1,2025-06-28,d28_hist_d28_1_patched,hist_d28_1_patched,28,/home/hku_user3/EnergyBridge/experiments/real_data/germany_2025_price.csv,18.0,1.0,/home/hku_user3/EnergyBridge/benchmark_results/vpp_patch_2026-07-15/_batch_logs/daily_event_configs/d28_hist_d28_1_patched.json,skipped_done,0,0.0,/home/hku_user3/EnergyBridge/benchmark_results/vpp_patch_2026-07-15/household_s2_multigeneration_caregiver_no_dr_germany_d28_hist_d28_1_patched_2025-06-28_1day,/home/hku_user3/EnergyBridge/benchmark_results/vpp_patch_2026-07-15/_batch_logs/daily_dr_memory_germany_1day/household_s2_multigeneration_caregiver_no_dr_germany_d28_hist_d28_1_patched_2025-06-28_1day.log,/home/hku_user3/EnergyBridge/benchmark_results/vpp_patch_2026-07-15/household_s2_multigeneration_caregiver_no_dr_germany_d28_hist_d28_1_patched_2025-06-28_1day/run_summary.txt,0,48.972154,48.972154,10.332554,0.058035,EUR/kWh,/home/hku_user3/EnergyBridge/experiments/real_data/germany_2025_price.csv,10.8818,10.8818,1.0,1.0,,0.0,1.0,[],"['dishwasher', 'dryer', 'ev', 'washer', 'water_heater']",[],matched,household_s2_multigeneration_caregiver|germany|1days|2025-06-28|no_dr,/home/hku_user3/EnergyBridge/benchmark_results/vpp_patch_2026-07-15/household_s2_multigeneration_caregiver_no_dr_germany_d28_hist_d28_1_patched_2025-06-28_1day/benchmark_result.json,no_dr_counterfactual_event_window_energy,1,10.8818,10.8818,10.8818,10.8818,0.0,0.0,0.0,0.0,0.0,no_dr_counterfactual_baseline
household_s1_dual_commuter_standard,household_s1_dual_commuter_standard,no_dr,Germany,1,2025-06-28,d28_hist_d28_1_patched,hist_d28_1_patched,28,/home/hku_user3/EnergyBridge/experiments/real_data/germany_2025_price.csv,18.0,1.0,/home/hku_user3/EnergyBridge/benchmark_results/vpp_patch_2026-07-15/_batch_logs/daily_event_configs/d28_hist_d28_1_patched.json,skipped_done,0,0.0,/home/hku_user3/EnergyBridge/benchmark_results/vpp_patch_2026-07-15/household_s1_dual_commuter_standard_no_dr_germany_d28_hist_d28_1_patched_2025-06-28_1day,/home/hku_user3/EnergyBridge/benchmark_results/vpp_patch_2026-07-15/_batch_logs/daily_dr_memory_germany_1day/household_s1_dual_commuter_standard_no_dr_germany_d28_hist_d28_1_patched_2025-06-28_1day.log,/home/hku_user3/EnergyBridge/benchmark_results/vpp_patch_2026-07-15/household_s1_dual_commuter_standard_no_dr_germany_d28_hist_d28_1_patched_2025-06-28_1day/run_summary.txt,0,51.661576,51.661576,10.517527,0.058637,EUR/kWh,/home/hku_user3/EnergyBridge/experiments/real_data/germany_2025_price.csv,10.8417,10.8417,1.0,1.0,,0.0,1.0,[],"['dishwasher', 'dryer', 'ev', 'washer', 'water_heater']",[],matched,household_s1_dual_commuter_standard|germany|1days|2025-06-28|no_dr,/home/hku_user3/EnergyBridge/benchmark_results/vpp_patch_2026-07-15/household_s1_dual_commuter_standard_no_dr_germany_d28_hist_d28_1_patched_2025-06-28_1day/benchmark_result.json,no_dr_counterfactual_event_window_energy,1,10.8417,10.8417,10.8417,10.8417,0.0,0.0,0.0,0.0,0.0,no_dr_counterfactual_baseline
household_s4_ev_commuter_flexible,household_s4_ev_commuter_flexible,EnergyBridge,Tianjin,1,2025-06-27,d27_hist_d27_1_patched,hist_d27_1_patched,27,/home/hku_user3/EnergyBridge/experiments/real_data/tianjin_tou_price_normalized.csv,18.0,1.0,/home/hku_user3/EnergyBridge/benchmark_results/vpp_patch_2026-07-15/_batch_logs/daily_event_configs/d27_hist_d27_1_patched.json,skipped_done,0,0.0,/home/hku_user3/EnergyBridge/benchmark_results/vpp_patch_2026-07-15/household_s4_ev_commuter_flexible_EnergyBridge_tianjin_d27_hist_d27_1_patched_2025-06-27_1day,/home/hku_user3/EnergyBridge/benchmark_results/vpp_patch_2026-07-15/_batch_logs/daily_dr_memory_tianjin_1day/household_s4_ev_commuter_flexible_EnergyBridge_tianjin_d27_hist_d27_1_patched_2025-06-27_1day.log,/home/hku_user3/EnergyBridge/benchmark_results/vpp_patch_2026-07-15/household_s4_ev_commuter_flexible_EnergyBridge_tianjin_d27_hist_d27_1_patched_2025-06-27_1day/run_summary.txt,0,57.686255,57.686255,58.377618,1.386955,normalized TOU cost/kWh,/home/hku_user3/EnergyBridge/experiments/real_data/tianjin_tou_price_normalized.csv,2.0825,2.0825,1.0,1.0,4.25,1.0,1.0,"['dishwasher', 'dryer', 'ev', 'washer', 'water_heater']",[],[],matched,household_s4_ev_commuter_flexible|tianjin|1days|2025-06-27|no_dr,/home/hku_user3/EnergyBridge/benchmark_results/vpp_patch_2026-07-15/household_s4_ev_commuter_flexible_no_dr_tianjin_d27_hist_d27_1_patched_2025-06-27_1day/benchmark_result.json,no_dr_counterfactual_event_window_energy,1,6.1661,2.0825,6.1661,6.1661,4.0836,4.0836,0.662266,4.0836,4.0836,no_dr_counterfactual_baseline
household_s5_shared_roommates_irregular,household_s5_shared_roommates_irregular,EnergyBridge,Tianjin,1,2025-06-27,d27_hist_d27_1_patched,hist_d27_1_patched,27,/home/hku_user3/EnergyBridge/experiments/real_data/tianjin_tou_price_normalized.csv,18.0,1.0,/home/hku_user3/EnergyBridge/benchmark_results/vpp_patch_2026-07-15/_batch_logs/daily_event_configs/d27_hist_d27_1_patched.json,skipped_done,0,0.0,/home/hku_user3/EnergyBridge/benchmark_results/vpp_patch_2026-07-15/household_s5_shared_roommates_irregular_EnergyBridge_tianjin_d27_hist_d27_1_patched_2025-06-27_1day,/home/hku_user3/EnergyBridge/benchmark_results/vpp_patch_2026-07-15/_batch_logs/daily_dr_memory_tianjin_1day/household_s5_shared_roommates_irregular_EnergyBridge_tianjin_d27_hist_d27_1_patched_2025-06-27_1day.log,/home/hku_user3/EnergyBridge/benchmark_results/vpp_patch_2026-07-15/household_s5_shared_roommates_irregular_EnergyBridge_tianjin_d27_hist_d27_1_patched_2025-06-27_1day/run_summary.txt,0,54.025635,54.025635,52.434755,1.359371,normalized TOU cost/kWh,/home/hku_user3/EnergyBridge/experiments/real_data/tianjin_tou_price_normalized.csv,2.083,2.083,1.0,1.0,4.25,1.0,1.0,"['dishwasher', 'dryer', 'ev', 'washer', 'water_heater']",[],[],matched,household_s5_shared_roommates_irregular|tianjin|1days|2025-06-27|no_dr,/home/hku_user3/EnergyBridge/benchmark_results/vpp_patch_2026-07-15/household_s5_shared_roommates_irregular_no_dr_tianjin_d27_hist_d27_1_patched_2025-06-27_1day/benchmark_result.json,no_dr_counterfactual_event_window_energy,1,6.1661,2.083,6.1661,6.1661,4.0831,4.0831,0.662185,4.0831,4.0831,no_dr_counterfactual_baseline
household_s3_hybrid_work_from_home,household_s3_hybrid_work_from_home,no_dr,Germany,1,2025-06-28,d28_hist_d28_1_patched,hist_d28_1_patched,28,/home/hku_user3/EnergyBridge/experiments/real_data/germany_2025_price.csv,18.0,1.0,/home/hku_user3/EnergyBridge/benchmark_results/vpp_patch_2026-07-15/_batch_logs/daily_event_configs/d28_hist_d28_1_patched.json,skipped_done,0,0.0,/home/hku_user3/EnergyBridge/benchmark_results/vpp_patch_2026-07-15/household_s3_hybrid_work_from_home_no_dr_germany_d28_hist_d28_1_patched_2025-06-28_1day,/home/hku_user3/EnergyBridge/benchmark_results/vpp_patch_2026-07-15/_batch_logs/daily_dr_memory_germany_1day/household_s3_hybrid_work_from_home_no_dr_germany_d28_hist_d28_1_patched_2025-06-28_1day.log,/home/hku_user3/EnergyBridge/benchmark_results/vpp_patch_2026-07-15/household_s3_hybrid_work_from_home_no_dr_germany_d28_hist_d28_1_patched_2025-06-28_1day/run_summary.txt,0,50.184494,50.184494,10.417436,0.058412,EUR/kWh,/home/hku_user3/EnergyBridge/experiments/real_data/germany_2025_price.csv,10.8505,10.8505,1.0,1.0,,0.0,0.8,[],"['dishwasher', 'dryer', 'ev', 'washer', 'water_heater']",[],matched,household_s3_hybrid_work_from_home|germany|1days|2025-06-28|no_dr,/home/hku_user3/EnergyBridge/benchmark_results/vpp_patch_2026-07-15/household_s3_hybrid_work_from_home_no_dr_germany_d28_hist_d28_1_patched_2025-06-28_1day/benchmark_result.json,no_dr_counterfactual_event_window_energy,1,10.8505,10.8505,10.8505,10.8505,0.0,0.0,0.0,0.0,0.0,no_dr_counterfactual_baseline
household_s1_dual_commuter_standard,household_s1_dual_commuter_standard,EnergyBridge,Germany,1,2025-06-28,d28_hist_d28_1_patched,hist_d28_1_patched,28,/home/hku_user3/EnergyBridge/experiments/real_data/germany_2025_price.csv,18.0,1.0,/home/hku_user3/EnergyBridge/benchmark_results/vpp_patch_2026-07-15/_batch_logs/daily_event_configs/d28_hist_d28_1_patched.json,skipped_done,0,0.0,/home/hku_user3/EnergyBridge/benchmark_results/vpp_patch_2026-07-15/household_s1_dual_commuter_standard_EnergyBridge_germany_d28_hist_d28_1_patched_2025-06-28_1day,/home/hku_user3/EnergyBridge/benchmark_results/vpp_patch_2026-07-15/_batch_logs/daily_dr_memory_germany_1day/household_s1_dual_commuter_standard_EnergyBridge_germany_d28_hist_d28_1_patched_2025-06-28_1day.log,/home/hku_user3/EnergyBridge/benchmark_results/vpp_patch_2026-07-15/household_s1_dual_commuter_standard_EnergyBridge_germany_d28_hist_d28_1_patched_2025-06-28_1day/run_summary.txt,0,51.27379,51.27379,9.425554,0.055439,EUR/kWh,/home/hku_user3/EnergyBridge/experiments/real_data/germany_2025_price.csv,7.4204,7.4204,1.0,1.0,3.75,1.0,1.0,"['dishwasher', 'dryer', 'ev', 'washer', 'water_heater']",[],[],matched,household_s1_dual_commuter_standard|germany|1days|2025-06-28|no_dr,/home/hku_user3/EnergyBridge/benchmark_results/vpp_patch_2026-07-15/household_s1_dual_commuter_standard_no_dr_germany_d28_hist_d28_1_patched_2025-06-28_1day/benchmark_result.json,no_dr_counterfactual_event_window_energy,1,10.8417,7.4204,10.8417,10.8417,3.4213,3.4213,0.315569,3.4213,3.4213,no_dr_counterfactual_baseline
household_s5_shared_roommates_irregular,household_s5_shared_roommates_irregular,no_dr,Germany,1,2025-06-28,d28_hist_d28_1_patched,hist_d28_1_patched,28,/home/hku_user3/EnergyBridge/experiments/real_data/germany_2025_price.csv,18.0,1.0,/home/hku_user3/EnergyBridge/benchmark_results/vpp_patch_2026-07-15/_batch_logs/daily_event_configs/d28_hist_d28_1_patched.json,skipped_done,0,0.0,/home/hku_user3/EnergyBridge/benchmark_results/vpp_patch_2026-07-15/household_s5_shared_roommates_irregular_no_dr_germany_d28_hist_d28_1_patched_2025-06-28_1day,/home/hku_user3/EnergyBridge/benchmark_results/vpp_patch_2026-07-15/_batch_logs/daily_dr_memory_germany_1day/household_s5_shared_roommates_irregular_no_dr_germany_d28_hist_d28_1_patched_2025-06-28_1day.log,/home/hku_user3/EnergyBridge/benchmark_results/vpp_patch_2026-07-15/household_s5_shared_roommates_irregular_no_dr_germany_d28_hist_d28_1_patched_2025-06-28_1day/run_summary.txt,0,49.91375,49.91375,10.416179,0.058356,EUR/kWh,/home/hku_user3/EnergyBridge/experiments/real_data/germany_2025_price.csv,10.8417,10.8417,1.0,1.0,,0.0,1.0,[],"['dishwasher', 'dryer', 'ev', 'washer', 'water_heater']",[],matched,household_s5_shared_roommates_irregular|germany|1days|2025-06-28|no_dr,/home/hku_user3/EnergyBridge/benchmark_results/vpp_patch_2026-07-15/household_s5_shared_roommates_irregular_no_dr_germany_d28_hist_d28_1_patched_2025-06-28_1day/benchmark_result.json,no_dr_counterfactual_event_window_energy,1,10.8417,10.8417,10.8417,10.8417,0.0,0.0,0.0,0.0,0.0,no_dr_counterfactual_baseline
household_s4_ev_commuter_flexible,household_s4_ev_commuter_flexible,no_dr,Germany,1,2025-06-28,d28_hist_d28_1_patched,hist_d28_1_patched,28,/home/hku_user3/EnergyBridge/experiments/real_data/germany_2025_price.csv,18.0,1.0,/home/hku_user3/EnergyBridge/benchmark_results/vpp_patch_2026-07-15/_batch_logs/daily_event_configs/d28_hist_d28_1_patched.json,skipped_done,0,0.0,/home/hku_user3/EnergyBridge/benchmark_results/vpp_patch_2026-07-15/household_s4_ev_commuter_flexible_no_dr_germany_d28_hist_d28_1_patched_2025-06-28_1day,/home/hku_user3/EnergyBridge/benchmark_results/vpp_patch_2026-07-15/_batch_logs/daily_dr_memory_germany_1day/household_s4_ev_commuter_flexible_no_dr_germany_d28_hist_d28_1_patched_2025-06-28_1day.log,/home/hku_user3/EnergyBridge/benchmark_results/vpp_patch_2026-07-15/household_s4_ev_commuter_flexible_no_dr_germany_d28_hist_d28_1_patched_2025-06-28_1day/run_summary.txt,0,53.409402,53.409402,10.618874,0.058915,EUR/kWh,/home/hku_user3/EnergyBridge/experiments/real_data/germany_2025_price.csv,10.8417,10.8417,1.0,1.0,,0.0,1.0,[],"['dishwasher', 'dryer', 'ev', 'washer', 'water_heater']",[],matched,household_s4_ev_commuter_flexible|germany|1days|2025-06-28|no_dr,/home/hku_user3/EnergyBridge/benchmark_results/vpp_patch_2026-07-15/household_s4_ev_commuter_flexible_no_dr_germany_d28_hist_d28_1_patched_2025-06-28_1day/benchmark_result.json,no_dr_counterfactual_event_window_energy,1,10.8417,10.8417,10.8417,10.8417,0.0,0.0,0.0,0.0,0.0,no_dr_counterfactual_baseline
household_s2_multigeneration_caregiver,household_s2_multigeneration_caregiver,EnergyBridge,Germany,1,2025-06-28,d28_hist_d28_1_patched,hist_d28_1_patched,28,/home/hku_user3/EnergyBridge/experiments/real_data/germany_2025_price.csv,18.0,1.0,/home/hku_user3/EnergyBridge/benchmark_results/vpp_patch_2026-07-15/_batch_logs/daily_event_configs/d28_hist_d28_1_patched.json,skipped_done,0,0.0,/home/hku_user3/EnergyBridge/benchmark_results/vpp_patch_2026-07-15/household_s2_multigeneration_caregiver_EnergyBridge_germany_d28_hist_d28_1_patched_2025-06-28_1day,/home/hku_user3/EnergyBridge/benchmark_results/vpp_patch_2026-07-15/_batch_logs/daily_dr_memory_germany_1day/household_s2_multigeneration_caregiver_EnergyBridge_germany_d28_hist_d28_1_patched_2025-06-28_1day.log,/home/hku_user3/EnergyBridge/benchmark_results/vpp_patch_2026-07-15/household_s2_multigeneration_caregiver_EnergyBridge_germany_d28_hist_d28_1_patched_2025-06-28_1day/run_summary.txt,0,47.575152,47.575152,9.239299,0.053636,EUR/kWh,/home/hku_user3/EnergyBridge/experiments/real_data/germany_2025_price.csv,6.7912,6.7912,1.0,1.0,3.8,1.0,1.0,"['dishwasher', 'dryer', 'ev', 'washer', 'water_heater']",[],[],matched,household_s2_multigeneration_caregiver|germany|1days|2025-06-28|no_dr,/home/hku_user3/EnergyBridge/benchmark_results/vpp_patch_2026-07-15/household_s2_multigeneration_caregiver_no_dr_germany_d28_hist_d28_1_patched_2025-06-28_1day/benchmark_result.json,no_dr_counterfactual_event_window_energy,1,10.8818,6.7912,10.8818,10.8818,4.0906,4.0906,0.375912,4.0906,4.0906,no_dr_counterfactual_baseline
household_s4_ev_commuter_flexible,household_s4_ev_commuter_flexible,EnergyBridge,Germany,1,2025-06-28,d28_hist_d28_1_patched,hist_d28_1_patched,28,/home/hku_user3/EnergyBridge/experiments/real_data/germany_2025_price.csv,18.0,1.0,/home/hku_user3/EnergyBridge/benchmark_results/vpp_patch_2026-07-15/_batch_logs/daily_event_configs/d28_hist_d28_1_patched.json,skipped_done,0,0.0,/home/hku_user3/EnergyBridge/benchmark_results/vpp_patch_2026-07-15/household_s4_ev_commuter_flexible_EnergyBridge_germany_d28_hist_d28_1_patched_2025-06-28_1day,/home/hku_user3/EnergyBridge/benchmark_results/vpp_patch_2026-07-15/_batch_logs/daily_dr_memory_germany_1day/household_s4_ev_commuter_flexible_EnergyBridge_germany_d28_hist_d28_1_patched_2025-06-28_1day.log,/home/hku_user3/EnergyBridge/benchmark_results/vpp_patch_2026-07-15/household_s4_ev_commuter_flexible_EnergyBridge_germany_d28_hist_d28_1_patched_2025-06-28_1day/run_summary.txt,0,55.167993,55.167993,9.542282,0.055996,EUR/kWh,/home/hku_user3/EnergyBridge/experiments/real_data/germany_2025_price.csv,7.4204,7.4204,1.0,1.0,4.25,1.0,1.0,"['dishwasher', 'dryer', 'ev', 'washer', 'water_heater']",[],[],matched,household_s4_ev_commuter_flexible|germany|1days|2025-06-28|no_dr,/home/hku_user3/EnergyBridge/benchmark_results/vpp_patch_2026-07-15/household_s4_ev_commuter_flexible_no_dr_germany_d28_hist_d28_1_patched_2025-06-28_1day/benchmark_result.json,no_dr_counterfactual_event_window_energy,1,10.8417,7.4204,10.8417,10.8417,3.4213,3.4213,0.315569,3.4213,3.4213,no_dr_counterfactual_baseline
household_s1_dual_commuter_standard,household_s1_dual_commuter_standard,no_dr,Tianjin,1,2025-06-28,d28_hist_d28_1_patched,hist_d28_1_patched,28,/home/hku_user3/EnergyBridge/experiments/real_data/tianjin_tou_price_normalized.csv,18.0,1.0,/home/hku_user3/EnergyBridge/benchmark_results/vpp_patch_2026-07-15/_batch_logs/daily_event_configs/d28_hist_d28_1_patched.json,skipped_done,0,0.0,/home/hku_user3/EnergyBridge/benchmark_results/vpp_patch_2026-07-15/household_s1_dual_commuter_standard_no_dr_tianjin_d28_hist_d28_1_patched_2025-06-28_1day,/home/hku_user3/EnergyBridge/benchmark_results/vpp_patch_2026-07-15/_batch_logs/daily_dr_memory_tianjin_1day/household_s1_dual_commuter_standard_no_dr_tianjin_d28_hist_d28_1_patched_2025-06-28_1day.log,/home/hku_user3/EnergyBridge/benchmark_results/vpp_patch_2026-07-15/household_s1_dual_commuter_standard_no_dr_tianjin_d28_hist_d28_1_patched_2025-06-28_1day/run_summary.txt,0,55.196822,55.196822,62.6372,1.384455,normalized TOU cost/kWh,/home/hku_user3/EnergyBridge/experiments/real_data/tianjin_tou_price_normalized.csv,6.1676,6.1676,1.0,1.0,,0.0,1.0,[],"['dishwasher', 'dryer', 'ev', 'washer', 'water_heater']",[],matched,household_s1_dual_commuter_standard|tianjin|1days|2025-06-28|no_dr,/home/hku_user3/EnergyBridge/benchmark_results/vpp_patch_2026-07-15/household_s1_dual_commuter_standard_no_dr_tianjin_d28_hist_d28_1_patched_2025-06-28_1day/benchmark_result.json,no_dr_counterfactual_event_window_energy,1,6.1676,6.1676,6.1676,6.1676,0.0,0.0,0.0,0.0,0.0,no_dr_counterfactual_baseline
household_s2_multigeneration_caregiver,household_s2_multigeneration_caregiver,no_dr,Tianjin,1,2025-06-28,d28_hist_d28_1_patched,hist_d28_1_patched,28,/home/hku_user3/EnergyBridge/experiments/real_data/tianjin_tou_price_normalized.csv,18.0,1.0,/home/hku_user3/EnergyBridge/benchmark_results/vpp_patch_2026-07-15/_batch_logs/daily_event_configs/d28_hist_d28_1_patched.json,skipped_done,0,0.0,/home/hku_user3/EnergyBridge/benchmark_results/vpp_patch_2026-07-15/household_s2_multigeneration_caregiver_no_dr_tianjin_d28_hist_d28_1_patched_2025-06-28_1day,/home/hku_user3/EnergyBridge/benchmark_results/vpp_patch_2026-07-15/_batch_logs/daily_dr_memory_tianjin_1day/household_s2_multigeneration_caregiver_no_dr_tianjin_d28_hist_d28_1_patched_2025-06-28_1day.log,/home/hku_user3/EnergyBridge/benchmark_results/vpp_patch_2026-07-15/household_s2_multigeneration_caregiver_no_dr_tianjin_d28_hist_d28_1_patched_2025-06-28_1day/run_summary.txt,0,52.22579,52.22579,57.556904,1.354203,normalized TOU cost/kWh,/home/hku_user3/EnergyBridge/experiments/real_data/tianjin_tou_price_normalized.csv,6.2258,6.2258,1.0,1.0,,0.0,1.0,[],"['dishwasher', 'dryer', 'ev', 'washer', 'water_heater']",[],matched,household_s2_multigeneration_caregiver|tianjin|1days|2025-06-28|no_dr,/home/hku_user3/EnergyBridge/benchmark_results/vpp_patch_2026-07-15/household_s2_multigeneration_caregiver_no_dr_tianjin_d28_hist_d28_1_patched_2025-06-28_1day/benchmark_result.json,no_dr_counterfactual_event_window_energy,1,6.2258,6.2258,6.2258,6.2258,0.0,0.0,0.0,0.0,0.0,no_dr_counterfactual_baseline
household_s3_hybrid_work_from_home,household_s3_hybrid_work_from_home,EnergyBridge,Germany,1,2025-06-28,d28_hist_d28_1_patched,hist_d28_1_patched,28,/home/hku_user3/EnergyBridge/experiments/real_data/germany_2025_price.csv,18.0,1.0,/home/hku_user3/EnergyBridge/benchmark_results/vpp_patch_2026-07-15/_batch_logs/daily_event_configs/d28_hist_d28_1_patched.json,skipped_done,0,0.0,/home/hku_user3/EnergyBridge/benchmark_results/vpp_patch_2026-07-15/household_s3_hybrid_work_from_home_EnergyBridge_germany_d28_hist_d28_1_patched_2025-06-28_1day,/home/hku_user3/EnergyBridge/benchmark_results/vpp_patch_2026-07-15/_batch_logs/daily_dr_memory_germany_1day/household_s3_hybrid_work_from_home_EnergyBridge_germany_d28_hist_d28_1_patched_2025-06-28_1day.log,/home/hku_user3/EnergyBridge/benchmark_results/vpp_patch_2026-07-15/household_s3_hybrid_work_from_home_EnergyBridge_germany_d28_hist_d28_1_patched_2025-06-28_1day/run_summary.txt,0,45.750062,45.750062,9.122295,0.053914,EUR/kWh,/home/hku_user3/EnergyBridge/experiments/real_data/germany_2025_price.csv,6.6764,6.6764,1.0,1.0,4.333,1.0,1.0,"['dishwasher', 'dryer', 'ev', 'washer', 'water_heater']",[],[],matched,household_s3_hybrid_work_from_home|germany|1days|2025-06-28|no_dr,/home/hku_user3/EnergyBridge/benchmark_results/vpp_patch_2026-07-15/household_s3_hybrid_work_from_home_no_dr_germany_d28_hist_d28_1_patched_2025-06-28_1day/benchmark_result.json,no_dr_counterfactual_event_window_energy,1,10.8505,6.6764,10.8505,10.8505,4.1741,4.1741,0.384692,4.1741,4.1741,no_dr_counterfactual_baseline
household_s5_shared_roommates_irregular,household_s5_shared_roommates_irregular,EnergyBridge,Germany,1,2025-06-28,d28_hist_d28_1_patched,hist_d28_1_patched,28,/home/hku_user3/EnergyBridge/experiments/real_data/germany_2025_price.csv,18.0,1.0,/home/hku_user3/EnergyBridge/benchmark_results/vpp_patch_2026-07-15/_batch_logs/daily_event_configs/d28_hist_d28_1_patched.json,skipped_done,0,0.0,/home/hku_user3/EnergyBridge/benchmark_results/vpp_patch_2026-07-15/household_s5_shared_roommates_irregular_EnergyBridge_germany_d28_hist_d28_1_patched_2025-06-28_1day,/home/hku_user3/EnergyBridge/benchmark_results/vpp_patch_2026-07-15/_batch_logs/daily_dr_memory_germany_1day/household_s5_shared_roommates_irregular_EnergyBridge_germany_d28_hist_d28_1_patched_2025-06-28_1day.log,/home/hku_user3/EnergyBridge/benchmark_results/vpp_patch_2026-07-15/household_s5_shared_roommates_irregular_EnergyBridge_germany_d28_hist_d28_1_patched_2025-06-28_1day/run_summary.txt,0,49.23321,49.23321,9.230928,0.054954,EUR/kWh,/home/hku_user3/EnergyBridge/experiments/real_data/germany_2025_price.csv,7.4204,7.4204,1.0,1.0,4.25,1.0,1.0,"['dishwasher', 'dryer', 'ev', 'washer', 'water_heater']",[],[],matched,household_s5_shared_roommates_irregular|germany|1days|2025-06-28|no_dr,/home/hku_user3/EnergyBridge/benchmark_results/vpp_patch_2026-07-15/household_s5_shared_roommates_irregular_no_dr_germany_d28_hist_d28_1_patched_2025-06-28_1day/benchmark_result.json,no_dr_counterfactual_event_window_energy,1,10.8417,7.4204,10.8417,10.8417,3.4213,3.4213,0.315569,3.4213,3.4213,no_dr_counterfactual_baseline
household_s3_hybrid_work_from_home,household_s3_hybrid_work_from_home,no_dr,Tianjin,1,2025-06-28,d28_hist_d28_1_patched,hist_d28_1_patched,28,/home/hku_user3/EnergyBridge/experiments/real_data/tianjin_tou_price_normalized.csv,18.0,1.0,/home/hku_user3/EnergyBridge/benchmark_results/vpp_patch_2026-07-15/_batch_logs/daily_event_configs/d28_hist_d28_1_patched.json,skipped_done,0,0.0,/home/hku_user3/EnergyBridge/benchmark_results/vpp_patch_2026-07-15/household_s3_hybrid_work_from_home_no_dr_tianjin_d28_hist_d28_1_patched_2025-06-28_1day,/home/hku_user3/EnergyBridge/benchmark_results/vpp_patch_2026-07-15/_batch_logs/daily_dr_memory_tianjin_1day/household_s3_hybrid_work_from_home_no_dr_tianjin_d28_hist_d28_1_patched_2025-06-28_1day.log,/home/hku_user3/EnergyBridge/benchmark_results/vpp_patch_2026-07-15/household_s3_hybrid_work_from_home_no_dr_tianjin_d28_hist_d28_1_patched_2025-06-28_1day/run_summary.txt,0,52.887838,52.887838,59.812858,1.374599,normalized TOU cost/kWh,/home/hku_user3/EnergyBridge/experiments/real_data/tianjin_tou_price_normalized.csv,6.1718,6.1718,1.0,1.0,,0.0,0.8,[],"['dishwasher', 'dryer', 'ev', 'washer', 'water_heater']",[],matched,household_s3_hybrid_work_from_home|tianjin|1days|2025-06-28|no_dr,/home/hku_user3/EnergyBridge/benchmark_results/vpp_patch_2026-07-15/household_s3_hybrid_work_from_home_no_dr_tianjin_d28_hist_d28_1_patched_2025-06-28_1day/benchmark_result.json,no_dr_counterfactual_event_window_energy,1,6.1718,6.1718,6.1718,6.1718,0.0,0.0,0.0,0.0,0.0,no_dr_counterfactual_baseline
household_s1_dual_commuter_standard,household_s1_dual_commuter_standard,EnergyBridge,Tianjin,1,2025-06-28,d28_hist_d28_1_patched,hist_d28_1_patched,28,/home/hku_user3/EnergyBridge/experiments/real_data/tianjin_tou_price_normalized.csv,18.0,1.0,/home/hku_user3/EnergyBridge/benchmark_results/vpp_patch_2026-07-15/_batch_logs/daily_event_configs/d28_hist_d28_1_patched.json,skipped_done,0,0.0,/home/hku_user3/EnergyBridge/benchmark_results/vpp_patch_2026-07-15/household_s1_dual_commuter_standard_EnergyBridge_tianjin_d28_hist_d28_1_patched_2025-06-28_1day,/home/hku_user3/EnergyBridge/benchmark_results/vpp_patch_2026-07-15/_batch_logs/daily_dr_memory_tianjin_1day/household_s1_dual_commuter_standard_EnergyBridge_tianjin_d28_hist_d28_1_patched_2025-06-28_1day.log,/home/hku_user3/EnergyBridge/benchmark_results/vpp_patch_2026-07-15/household_s1_dual_commuter_standard_EnergyBridge_tianjin_d28_hist_d28_1_patched_2025-06-28_1day/run_summary.txt,0,53.463796,53.463796,54.544955,1.326283,normalized TOU cost/kWh,/home/hku_user3/EnergyBridge/experiments/real_data/tianjin_tou_price_normalized.csv,1.4248,1.4248,1.0,1.0,4.0,1.0,1.0,"['dishwasher', 'dryer', 'ev', 'washer', 'water_heater']",[],[],matched,household_s1_dual_commuter_standard|tianjin|1days|2025-06-28|no_dr,/home/hku_user3/EnergyBridge/benchmark_results/vpp_patch_2026-07-15/household_s1_dual_commuter_standard_no_dr_tianjin_d28_hist_d28_1_patched_2025-06-28_1day/benchmark_result.json,no_dr_counterfactual_event_window_energy,1,6.1676,1.4248,6.1676,6.1676,4.7428,4.7428,0.768986,4.7428,4.7428,no_dr_counterfactual_baseline
household_s5_shared_roommates_irregular,household_s5_shared_roommates_irregular,no_dr,Tianjin,1,2025-06-28,d28_hist_d28_1_patched,hist_d28_1_patched,28,/home/hku_user3/EnergyBridge/experiments/real_data/tianjin_tou_price_normalized.csv,18.0,1.0,/home/hku_user3/EnergyBridge/benchmark_results/vpp_patch_2026-07-15/_batch_logs/daily_event_configs/d28_hist_d28_1_patched.json,skipped_done,0,0.0,/home/hku_user3/EnergyBridge/benchmark_results/vpp_patch_2026-07-15/household_s5_shared_roommates_irregular_no_dr_tianjin_d28_hist_d28_1_patched_2025-06-28_1day,/home/hku_user3/EnergyBridge/benchmark_results/vpp_patch_2026-07-15/_batch_logs/daily_dr_memory_tianjin_1day/household_s5_shared_roommates_irregular_no_dr_tianjin_d28_hist_d28_1_patched_2025-06-28_1day.log,/home/hku_user3/EnergyBridge/benchmark_results/vpp_patch_2026-07-15/household_s5_shared_roommates_irregular_no_dr_tianjin_d28_hist_d28_1_patched_2025-06-28_1day/run_summary.txt,0,53.156243,53.156243,59.372273,1.374275,normalized TOU cost/kWh,/home/hku_user3/EnergyBridge/experiments/real_data/tianjin_tou_price_normalized.csv,6.1676,6.1676,1.0,1.0,,0.0,1.0,[],"['dishwasher', 'dryer', 'ev', 'washer', 'water_heater']",[],matched,household_s5_shared_roommates_irregular|tianjin|1days|2025-06-28|no_dr,/home/hku_user3/EnergyBridge/benchmark_results/vpp_patch_2026-07-15/household_s5_shared_roommates_irregular_no_dr_tianjin_d28_hist_d28_1_patched_2025-06-28_1day/benchmark_result.json,no_dr_counterfactual_event_window_energy,1,6.1676,6.1676,6.1676,6.1676,0.0,0.0,0.0,0.0,0.0,no_dr_counterfactual_baseline
household_s2_multigeneration_caregiver,household_s2_multigeneration_caregiver,EnergyBridge,Tianjin,1,2025-06-28,d28_hist_d28_1_patched,hist_d28_1_patched,28,/home/hku_user3/EnergyBridge/experiments/real_data/tianjin_tou_price_normalized.csv,18.0,1.0,/home/hku_user3/EnergyBridge/benchmark_results/vpp_patch_2026-07-15/_batch_logs/daily_event_configs/d28_hist_d28_1_patched.json,skipped_done,0,0.0,/home/hku_user3/EnergyBridge/benchmark_results/vpp_patch_2026-07-15/household_s2_multigeneration_caregiver_EnergyBridge_tianjin_d28_hist_d28_1_patched_2025-06-28_1day,/home/hku_user3/EnergyBridge/benchmark_results/vpp_patch_2026-07-15/_batch_logs/daily_dr_memory_tianjin_1day/household_s2_multigeneration_caregiver_EnergyBridge_tianjin_d28_hist_d28_1_patched_2025-06-28_1day.log,/home/hku_user3/EnergyBridge/benchmark_results/vpp_patch_2026-07-15/household_s2_multigeneration_caregiver_EnergyBridge_tianjin_d28_hist_d28_1_patched_2025-06-28_1day/run_summary.txt,0,50.425257,50.425257,52.436782,1.296574,normalized TOU cost/kWh,/home/hku_user3/EnergyBridge/experiments/real_data/tianjin_tou_price_normalized.csv,2.0856,2.0856,1.0,1.0,4.0,1.0,1.0,"['dishwasher', 'dryer', 'ev', 'washer', 'water_heater']",[],[],matched,household_s2_multigeneration_caregiver|tianjin|1days|2025-06-28|no_dr,/home/hku_user3/EnergyBridge/benchmark_results/vpp_patch_2026-07-15/household_s2_multigeneration_caregiver_no_dr_tianjin_d28_hist_d28_1_patched_2025-06-28_1day/benchmark_result.json,no_dr_counterfactual_event_window_energy,1,6.2258,2.0856,6.2258,6.2258,4.1402,4.1402,0.665007,4.1402,4.1402,no_dr_counterfactual_baseline
household_s4_ev_commuter_flexible,household_s4_ev_commuter_flexible,EnergyBridge,Tianjin,1,2025-06-28,d28_hist_d28_1_patched,hist_d28_1_patched,28,/home/hku_user3/EnergyBridge/experiments/real_data/tianjin_tou_price_normalized.csv,18.0,1.0,/home/hku_user3/EnergyBridge/benchmark_results/vpp_patch_2026-07-15/_batch_logs/daily_event_configs/d28_hist_d28_1_patched.json,skipped_done,0,0.0,/home/hku_user3/EnergyBridge/benchmark_results/vpp_patch_2026-07-15/household_s4_ev_commuter_flexible_EnergyBridge_tianjin_d28_hist_d28_1_patched_2025-06-28_1day,/home/hku_user3/EnergyBridge/benchmark_results/vpp_patch_2026-07-15/_batch_logs/daily_dr_memory_tianjin_1day/household_s4_ev_commuter_flexible_EnergyBridge_tianjin_d28_hist_d28_1_patched_2025-06-28_1day.log,/home/hku_user3/EnergyBridge/benchmark_results/vpp_patch_2026-07-15/household_s4_ev_commuter_flexible_EnergyBridge_tianjin_d28_hist_d28_1_patched_2025-06-28_1day/run_summary.txt,0,54.951937,54.951937,57.783574,1.394747,normalized TOU cost/kWh,/home/hku_user3/EnergyBridge/experiments/real_data/tianjin_tou_price_normalized.csv,2.0863,2.0863,1.0,1.0,4.5,1.0,1.0,"['dishwasher', 'dryer', 'ev', 'washer', 'water_heater']",[],[],matched,household_s4_ev_commuter_flexible|tianjin|1days|2025-06-28|no_dr,/home/hku_user3/EnergyBridge/benchmark_results/vpp_patch_2026-07-15/household_s4_ev_commuter_flexible_no_dr_tianjin_d28_hist_d28_1_patched_2025-06-28_1day/benchmark_result.json,no_dr_counterfactual_event_window_energy,1,6.1676,2.0863,6.1676,6.1676,4.0813,4.0813,0.661732,4.0813,4.0813,no_dr_counterfactual_baseline
household_s4_ev_commuter_flexible,household_s4_ev_commuter_flexible,no_dr,Tianjin,1,2025-06-28,d28_hist_d28_1_patched,hist_d28_1_patched,28,/home/hku_user3/EnergyBridge/experiments/real_data/tianjin_tou_price_normalized.csv,18.0,1.0,/home/hku_user3/EnergyBridge/benchmark_results/vpp_patch_2026-07-15/_batch_logs/daily_event_configs/d28_hist_d28_1_patched.json,skipped_done,0,0.0,/home/hku_user3/EnergyBridge/benchmark_results/vpp_patch_2026-07-15/household_s4_ev_commuter_flexible_no_dr_tianjin_d28_hist_d28_1_patched_2025-06-28_1day,/home/hku_user3/EnergyBridge/benchmark_results/vpp_patch_2026-07-15/_batch_logs/daily_dr_memory_tianjin_1day/household_s4_ev_commuter_flexible_no_dr_tianjin_d28_hist_d28_1_patched_2025-06-28_1day.log,/home/hku_user3/EnergyBridge/benchmark_results/vpp_patch_2026-07-15/household_s4_ev_commuter_flexible_no_dr_tianjin_d28_hist_d28_1_patched_2025-06-28_1day/run_summary.txt,0,57.717112,57.717112,65.902128,1.393758,normalized TOU cost/kWh,/home/hku_user3/EnergyBridge/experiments/real_data/tianjin_tou_price_normalized.csv,6.1676,6.1676,1.0,1.0,,0.0,1.0,[],"['dishwasher', 'dryer', 'ev', 'washer', 'water_heater']",[],matched,household_s4_ev_commuter_flexible|tianjin|1days|2025-06-28|no_dr,/home/hku_user3/EnergyBridge/benchmark_results/vpp_patch_2026-07-15/household_s4_ev_commuter_flexible_no_dr_tianjin_d28_hist_d28_1_patched_2025-06-28_1day/benchmark_result.json,no_dr_counterfactual_event_window_energy,1,6.1676,6.1676,6.1676,6.1676,0.0,0.0,0.0,0.0,0.0,no_dr_counterfactual_baseline
household_s2_multigeneration_caregiver,household_s2_multigeneration_caregiver,no_dr,Germany,1,2025-06-29,d29_hist_d29_1_patched,hist_d29_1_patched,29,/home/hku_user3/EnergyBridge/experiments/real_data/germany_2025_price.csv,18.0,1.0,/home/hku_user3/EnergyBridge/benchmark_results/vpp_patch_2026-07-15/_batch_logs/daily_event_configs/d29_hist_d29_1_patched.json,skipped_done,0,0.0,/home/hku_user3/EnergyBridge/benchmark_results/vpp_patch_2026-07-15/household_s2_multigeneration_caregiver_no_dr_germany_d29_hist_d29_1_patched_2025-06-29_1day,/home/hku_user3/EnergyBridge/benchmark_results/vpp_patch_2026-07-15/_batch_logs/daily_dr_memory_germany_1day/household_s2_multigeneration_caregiver_no_dr_germany_d29_hist_d29_1_patched_2025-06-29_1day.log,/home/hku_user3/EnergyBridge/benchmark_results/vpp_patch_2026-07-15/household_s2_multigeneration_caregiver_no_dr_germany_d29_hist_d29_1_patched_2025-06-29_1day/run_summary.txt,0,48.69873,48.69873,11.599796,0.063044,EUR/kWh,/home/hku_user3/EnergyBridge/experiments/real_data/germany_2025_price.csv,11.1642,11.1642,1.0,1.0,,0.0,1.0,[],"['dishwasher', 'dryer', 'ev', 'washer', 'water_heater']",[],matched,household_s2_multigeneration_caregiver|germany|1days|2025-06-29|no_dr,/home/hku_user3/EnergyBridge/benchmark_results/vpp_patch_2026-07-15/household_s2_multigeneration_caregiver_no_dr_germany_d29_hist_d29_1_patched_2025-06-29_1day/benchmark_result.json,no_dr_counterfactual_event_window_energy,1,11.1642,11.1642,11.1642,11.1642,0.0,0.0,0.0,0.0,0.0,no_dr_counterfactual_baseline
household_s1_dual_commuter_standard,household_s1_dual_commuter_standard,no_dr,Germany,1,2025-06-29,d29_hist_d29_1_patched,hist_d29_1_patched,29,/home/hku_user3/EnergyBridge/experiments/real_data/germany_2025_price.csv,18.0,1.0,/home/hku_user3/EnergyBridge/benchmark_results/vpp_patch_2026-07-15/_batch_logs/daily_event_configs/d29_hist_d29_1_patched.json,skipped_done,0,0.0,/home/hku_user3/EnergyBridge/benchmark_results/vpp_patch_2026-07-15/household_s1_dual_commuter_standard_no_dr_germany_d29_hist_d29_1_patched_2025-06-29_1day,/home/hku_user3/EnergyBridge/benchmark_results/vpp_patch_2026-07-15/_batch_logs/daily_dr_memory_germany_1day/household_s1_dual_commuter_standard_no_dr_germany_d29_hist_d29_1_patched_2025-06-29_1day.log,/home/hku_user3/EnergyBridge/benchmark_results/vpp_patch_2026-07-15/household_s1_dual_commuter_standard_no_dr_germany_d29_hist_d29_1_patched_2025-06-29_1day/run_summary.txt,0,51.582629,51.582629,12.032292,0.064157,EUR/kWh,/home/hku_user3/EnergyBridge/experiments/real_data/germany_2025_price.csv,11.1217,11.1217,1.0,1.0,,0.0,1.0,[],"['dishwasher', 'dryer', 'ev', 'washer', 'water_heater']",[],matched,household_s1_dual_commuter_standard|germany|1days|2025-06-29|no_dr,/home/hku_user3/EnergyBridge/benchmark_results/vpp_patch_2026-07-15/household_s1_dual_commuter_standard_no_dr_germany_d29_hist_d29_1_patched_2025-06-29_1day/benchmark_result.json,no_dr_counterfactual_event_window_energy,1,11.1217,11.1217,11.1217,11.1217,0.0,0.0,0.0,0.0,0.0,no_dr_counterfactual_baseline
household_s3_hybrid_work_from_home,household_s3_hybrid_work_from_home,EnergyBridge,Tianjin,1,2025-06-28,d28_hist_d28_1_patched,hist_d28_1_patched,28,/home/hku_user3/EnergyBridge/experiments/real_data/tianjin_tou_price_normalized.csv,18.0,1.0,/home/hku_user3/EnergyBridge/benchmark_results/vpp_patch_2026-07-15/_batch_logs/daily_event_configs/d28_hist_d28_1_patched.json,skipped_done,0,0.0,/home/hku_user3/EnergyBridge/benchmark_results/vpp_patch_2026-07-15/household_s3_hybrid_work_from_home_EnergyBridge_tianjin_d28_hist_d28_1_patched_2025-06-28_1day,/home/hku_user3/EnergyBridge/benchmark_results/vpp_patch_2026-07-15/_batch_logs/daily_dr_memory_tianjin_1day/household_s3_hybrid_work_from_home_EnergyBridge_tianjin_d28_hist_d28_1_patched_2025-06-28_1day.log,/home/hku_user3/EnergyBridge/benchmark_results/vpp_patch_2026-07-15/household_s3_hybrid_work_from_home_EnergyBridge_tianjin_d28_hist_d28_1_patched_2025-06-28_1day/run_summary.txt,0,51.488033,51.488033,54.985899,1.347563,normalized TOU cost/kWh,/home/hku_user3/EnergyBridge/experiments/real_data/tianjin_tou_price_normalized.csv,1.2522,1.2522,1.0,1.0,3.667,1.0,1.0,"['dishwasher', 'dryer', 'ev', 'washer', 'water_heater']",[],[],matched,household_s3_hybrid_work_from_home|tianjin|1days|2025-06-28|no_dr,/home/hku_user3/EnergyBridge/benchmark_results/vpp_patch_2026-07-15/household_s3_hybrid_work_from_home_no_dr_tianjin_d28_hist_d28_1_patched_2025-06-28_1day/benchmark_result.json,no_dr_counterfactual_event_window_energy,1,6.1718,1.2522,6.1718,6.1718,4.9196,4.9196,0.797109,4.9196,4.9196,no_dr_counterfactual_baseline
household_s5_shared_roommates_irregular,household_s5_shared_roommates_irregular,EnergyBridge,Tianjin,1,2025-06-28,d28_hist_d28_1_patched,hist_d28_1_patched,28,/home/hku_user3/EnergyBridge/experiments/real_data/tianjin_tou_price_normalized.csv,18.0,1.0,/home/hku_user3/EnergyBridge/benchmark_results/vpp_patch_2026-07-15/_batch_logs/daily_event_configs/d28_hist_d28_1_patched.json,skipped_done,0,0.0,/home/hku_user3/EnergyBridge/benchmark_results/vpp_patch_2026-07-15/household_s5_shared_roommates_irregular_EnergyBridge_tianjin_d28_hist_d28_1_patched_2025-06-28_1day,/home/hku_user3/EnergyBridge/benchmark_results/vpp_patch_2026-07-15/_batch_logs/daily_dr_memory_tianjin_1day/household_s5_shared_roommates_irregular_EnergyBridge_tianjin_d28_hist_d28_1_patched_2025-06-28_1day.log,/home/hku_user3/EnergyBridge/benchmark_results/vpp_patch_2026-07-15/household_s5_shared_roommates_irregular_EnergyBridge_tianjin_d28_hist_d28_1_patched_2025-06-28_1day/run_summary.txt,0,53.095092,53.095092,53.640224,1.385355,normalized TOU cost/kWh,/home/hku_user3/EnergyBridge/experiments/real_data/tianjin_tou_price_normalized.csv,2.0868,2.0868,1.0,1.0,4.25,1.0,1.0,"['dishwasher', 'dryer', 'ev', 'washer', 'water_heater']",[],[],matched,household_s5_shared_roommates_irregular|tianjin|1days|2025-06-28|no_dr,/home/hku_user3/EnergyBridge/benchmark_results/vpp_patch_2026-07-15/household_s5_shared_roommates_irregular_no_dr_tianjin_d28_hist_d28_1_patched_2025-06-28_1day/benchmark_result.json,no_dr_counterfactual_event_window_energy,1,6.1676,2.0868,6.1676,6.1676,4.0808,4.0808,0.661651,4.0808,4.0808,no_dr_counterfactual_baseline
household_s1_dual_commuter_standard,household_s1_dual_commuter_standard,EnergyBridge,Germany,1,2025-06-29,d29_hist_d29_1_patched,hist_d29_1_patched,29,/home/hku_user3/EnergyBridge/experiments/real_data/germany_2025_price.csv,18.0,1.0,/home/hku_user3/EnergyBridge/benchmark_results/vpp_patch_2026-07-15/_batch_logs/daily_event_configs/d29_hist_d29_1_patched.json,skipped_done,0,0.0,/home/hku_user3/EnergyBridge/benchmark_results/vpp_patch_2026-07-15/household_s1_dual_commuter_standard_EnergyBridge_germany_d29_hist_d29_1_patched_2025-06-29_1day,/home/hku_user3/EnergyBridge/benchmark_results/vpp_patch_2026-07-15/_batch_logs/daily_dr_memory_germany_1day/household_s1_dual_commuter_standard_EnergyBridge_germany_d29_hist_d29_1_patched_2025-06-29_1day.log,/home/hku_user3/EnergyBridge/benchmark_results/vpp_patch_2026-07-15/household_s1_dual_commuter_standard_EnergyBridge_germany_d29_hist_d29_1_patched_2025-06-29_1day/run_summary.txt,0,55.360705,55.360705,11.260339,0.061604,EUR/kWh,/home/hku_user3/EnergyBridge/experiments/real_data/germany_2025_price.csv,7.8227,7.8227,1.0,1.0,4.25,1.0,1.0,"['dishwasher', 'dryer', 'ev', 'washer', 'water_heater']",[],[],matched,household_s1_dual_commuter_standard|germany|1days|2025-06-29|no_dr,/home/hku_user3/EnergyBridge/benchmark_results/vpp_patch_2026-07-15/household_s1_dual_commuter_standard_no_dr_germany_d29_hist_d29_1_patched_2025-06-29_1day/benchmark_result.json,no_dr_counterfactual_event_window_energy,1,11.1217,7.8227,11.1217,11.1217,3.299,3.299,0.296627,3.299,3.299,no_dr_counterfactual_baseline
household_s4_ev_commuter_flexible,household_s4_ev_commuter_flexible,no_dr,Germany,1,2025-06-29,d29_hist_d29_1_patched,hist_d29_1_patched,29,/home/hku_user3/EnergyBridge/experiments/real_data/germany_2025_price.csv,18.0,1.0,/home/hku_user3/EnergyBridge/benchmark_results/vpp_patch_2026-07-15/_batch_logs/daily_event_configs/d29_hist_d29_1_patched.json,skipped_done,0,0.0,/home/hku_user3/EnergyBridge/benchmark_results/vpp_patch_2026-07-15/household_s4_ev_commuter_flexible_no_dr_germany_d29_hist_d29_1_patched_2025-06-29_1day,/home/hku_user3/EnergyBridge/benchmark_results/vpp_patch_2026-07-15/_batch_logs/daily_dr_memory_germany_1day/household_s4_ev_commuter_flexible_no_dr_germany_d29_hist_d29_1_patched_2025-06-29_1day.log,/home/hku_user3/EnergyBridge/benchmark_results/vpp_patch_2026-07-15/household_s4_ev_commuter_flexible_no_dr_germany_d29_hist_d29_1_patched_2025-06-29_1day/run_summary.txt,0,53.623208,53.623208,12.261653,0.064676,EUR/kWh,/home/hku_user3/EnergyBridge/experiments/real_data/germany_2025_price.csv,11.1217,11.1217,1.0,1.0,,0.0,1.0,[],"['dishwasher', 'dryer', 'ev', 'washer', 'water_heater']",[],matched,household_s4_ev_commuter_flexible|germany|1days|2025-06-29|no_dr,/home/hku_user3/EnergyBridge/benchmark_results/vpp_patch_2026-07-15/household_s4_ev_commuter_flexible_no_dr_germany_d29_hist_d29_1_patched_2025-06-29_1day/benchmark_result.json,no_dr_counterfactual_event_window_energy,1,11.1217,11.1217,11.1217,11.1217,0.0,0.0,0.0,0.0,0.0,no_dr_counterfactual_baseline
household_s4_ev_commuter_flexible,household_s4_ev_commuter_flexible,EnergyBridge,Germany,1,2025-06-29,d29_hist_d29_1_patched,hist_d29_1_patched,29,/home/hku_user3/EnergyBridge/experiments/real_data/germany_2025_price.csv,18.0,1.0,/home/hku_user3/EnergyBridge/benchmark_results/vpp_patch_2026-07-15/_batch_logs/daily_event_configs/d29_hist_d29_1_patched.json,skipped_done,0,0.0,/home/hku_user3/EnergyBridge/benchmark_results/vpp_patch_2026-07-15/household_s4_ev_commuter_flexible_EnergyBridge_germany_d29_hist_d29_1_patched_2025-06-29_1day,/home/hku_user3/EnergyBridge/benchmark_results/vpp_patch_2026-07-15/_batch_logs/daily_dr_memory_germany_1day/household_s4_ev_commuter_flexible_EnergyBridge_germany_d29_hist_d29_1_patched_2025-06-29_1day.log,/home/hku_user3/EnergyBridge/benchmark_results/vpp_patch_2026-07-15/household_s4_ev_commuter_flexible_EnergyBridge_germany_d29_hist_d29_1_patched_2025-06-29_1day/run_summary.txt,0,57.401284,57.401284,11.554012,0.062513,EUR/kWh,/home/hku_user3/EnergyBridge/experiments/real_data/germany_2025_price.csv,7.8227,7.8227,1.0,1.0,4.25,1.0,1.0,"['dishwasher', 'dryer', 'ev', 'washer', 'water_heater']",[],[],matched,household_s4_ev_commuter_flexible|germany|1days|2025-06-29|no_dr,/home/hku_user3/EnergyBridge/benchmark_results/vpp_patch_2026-07-15/household_s4_ev_commuter_flexible_no_dr_germany_d29_hist_d29_1_patched_2025-06-29_1day/benchmark_result.json,no_dr_counterfactual_event_window_energy,1,11.1217,7.8227,11.1217,11.1217,3.299,3.299,0.296627,3.299,3.299,no_dr_counterfactual_baseline
household_s5_shared_roommates_irregular,household_s5_shared_roommates_irregular,no_dr,Germany,1,2025-06-29,d29_hist_d29_1_patched,hist_d29_1_patched,29,/home/hku_user3/EnergyBridge/experiments/real_data/germany_2025_price.csv,18.0,1.0,/home/hku_user3/EnergyBridge/benchmark_results/vpp_patch_2026-07-15/_batch_logs/daily_event_configs/d29_hist_d29_1_patched.json,skipped_done,0,0.0,/home/hku_user3/EnergyBridge/benchmark_results/vpp_patch_2026-07-15/household_s5_shared_roommates_irregular_no_dr_germany_d29_hist_d29_1_patched_2025-06-29_1day,/home/hku_user3/EnergyBridge/benchmark_results/vpp_patch_2026-07-15/_batch_logs/daily_dr_memory_germany_1day/household_s5_shared_roommates_irregular_no_dr_germany_d29_hist_d29_1_patched_2025-06-29_1day.log,/home/hku_user3/EnergyBridge/benchmark_results/vpp_patch_2026-07-15/household_s5_shared_roommates_irregular_no_dr_germany_d29_hist_d29_1_patched_2025-06-29_1day/run_summary.txt,0,49.542049,49.542049,11.802931,0.063626,EUR/kWh,/home/hku_user3/EnergyBridge/experiments/real_data/germany_2025_price.csv,11.1217,11.1217,1.0,1.0,,0.0,1.0,[],"['dishwasher', 'dryer', 'ev', 'washer', 'water_heater']",[],matched,household_s5_shared_roommates_irregular|germany|1days|2025-06-29|no_dr,/home/hku_user3/EnergyBridge/benchmark_results/vpp_patch_2026-07-15/household_s5_shared_roommates_irregular_no_dr_germany_d29_hist_d29_1_patched_2025-06-29_1day/benchmark_result.json,no_dr_counterfactual_event_window_energy,1,11.1217,11.1217,11.1217,11.1217,0.0,0.0,0.0,0.0,0.0,no_dr_counterfactual_baseline
household_s3_hybrid_work_from_home,household_s3_hybrid_work_from_home,no_dr,Germany,1,2025-06-29,d29_hist_d29_1_patched,hist_d29_1_patched,29,/home/hku_user3/EnergyBridge/experiments/real_data/germany_2025_price.csv,18.0,1.0,/home/hku_user3/EnergyBridge/benchmark_results/vpp_patch_2026-07-15/_batch_logs/daily_event_configs/d29_hist_d29_1_patched.json,skipped_done,0,0.0,/home/hku_user3/EnergyBridge/benchmark_results/vpp_patch_2026-07-15/household_s3_hybrid_work_from_home_no_dr_germany_d29_hist_d29_1_patched_2025-06-29_1day,/home/hku_user3/EnergyBridge/benchmark_results/vpp_patch_2026-07-15/_batch_logs/daily_dr_memory_germany_1day/household_s3_hybrid_work_from_home_no_dr_germany_d29_hist_d29_1_patched_2025-06-29_1day.log,/home/hku_user3/EnergyBridge/benchmark_results/vpp_patch_2026-07-15/household_s3_hybrid_work_from_home_no_dr_germany_d29_hist_d29_1_patched_2025-06-29_1day/run_summary.txt,0,49.824034,49.824034,11.804221,0.06368,EUR/kWh,/home/hku_user3/EnergyBridge/experiments/real_data/germany_2025_price.csv,11.1312,11.1312,1.0,1.0,,0.0,0.8,[],"['dishwasher', 'dryer', 'ev', 'washer', 'water_heater']",[],matched,household_s3_hybrid_work_from_home|germany|1days|2025-06-29|no_dr,/home/hku_user3/EnergyBridge/benchmark_results/vpp_patch_2026-07-15/household_s3_hybrid_work_from_home_no_dr_germany_d29_hist_d29_1_patched_2025-06-29_1day/benchmark_result.json,no_dr_counterfactual_event_window_energy,1,11.1312,11.1312,11.1312,11.1312,0.0,0.0,0.0,0.0,0.0,no_dr_counterfactual_baseline
household_s2_multigeneration_caregiver,household_s2_multigeneration_caregiver,EnergyBridge,Germany,1,2025-06-29,d29_hist_d29_1_patched,hist_d29_1_patched,29,/home/hku_user3/EnergyBridge/experiments/real_data/germany_2025_price.csv,18.0,1.0,/home/hku_user3/EnergyBridge/benchmark_results/vpp_patch_2026-07-15/_batch_logs/daily_event_configs/d29_hist_d29_1_patched.json,skipped_done,0,0.0,/home/hku_user3/EnergyBridge/benchmark_results/vpp_patch_2026-07-15/household_s2_multigeneration_caregiver_EnergyBridge_germany_d29_hist_d29_1_patched_2025-06-29_1day,/home/hku_user3/EnergyBridge/benchmark_results/vpp_patch_2026-07-15/_batch_logs/daily_dr_memory_germany_1day/household_s2_multigeneration_caregiver_EnergyBridge_germany_d29_hist_d29_1_patched_2025-06-29_1day.log,/home/hku_user3/EnergyBridge/benchmark_results/vpp_patch_2026-07-15/household_s2_multigeneration_caregiver_EnergyBridge_germany_d29_hist_d29_1_patched_2025-06-29_1day/run_summary.txt,0,48.874806,48.874806,10.731162,0.058961,EUR/kWh,/home/hku_user3/EnergyBridge/experiments/real_data/germany_2025_price.csv,7.1649,7.1649,1.0,1.0,4.6,1.0,1.0,"['dishwasher', 'dryer', 'ev', 'washer', 'water_heater']",[],[],matched,household_s2_multigeneration_caregiver|germany|1days|2025-06-29|no_dr,/home/hku_user3/EnergyBridge/benchmark_results/vpp_patch_2026-07-15/household_s2_multigeneration_caregiver_no_dr_germany_d29_hist_d29_1_patched_2025-06-29_1day/benchmark_result.json,no_dr_counterfactual_event_window_energy,1,11.1642,7.1649,11.1642,11.1642,3.9993,3.9993,0.358225,3.9993,3.9993,no_dr_counterfactual_baseline
household_s5_shared_roommates_irregular,household_s5_shared_roommates_irregular,EnergyBridge,Germany,1,2025-06-29,d29_hist_d29_1_patched,hist_d29_1_patched,29,/home/hku_user3/EnergyBridge/experiments/real_data/germany_2025_price.csv,18.0,1.0,/home/hku_user3/EnergyBridge/benchmark_results/vpp_patch_2026-07-15/_batch_logs/daily_event_configs/d29_hist_d29_1_patched.json,skipped_done,0,0.0,/home/hku_user3/EnergyBridge/benchmark_results/vpp_patch_2026-07-15/household_s5_shared_roommates_irregular_EnergyBridge_germany_d29_hist_d29_1_patched_2025-06-29_1day,/home/hku_user3/EnergyBridge/benchmark_results/vpp_patch_2026-07-15/_batch_logs/daily_dr_memory_germany_1day/household_s5_shared_roommates_irregular_EnergyBridge_germany_d29_hist_d29_1_patched_2025-06-29_1day.log,/home/hku_user3/EnergyBridge/benchmark_results/vpp_patch_2026-07-15/household_s5_shared_roommates_irregular_EnergyBridge_germany_d29_hist_d29_1_patched_2025-06-29_1day/run_summary.txt,0,53.320125,53.320125,11.066627,0.061228,EUR/kWh,/home/hku_user3/EnergyBridge/experiments/real_data/germany_2025_price.csv,7.8227,7.8227,1.0,1.0,4.0,1.0,1.0,"['dishwasher', 'dryer', 'ev', 'washer', 'water_heater']",[],[],matched,household_s5_shared_roommates_irregular|germany|1days|2025-06-29|no_dr,/home/hku_user3/EnergyBridge/benchmark_results/vpp_patch_2026-07-15/household_s5_shared_roommates_irregular_no_dr_germany_d29_hist_d29_1_patched_2025-06-29_1day/benchmark_result.json,no_dr_counterfactual_event_window_energy,1,11.1217,7.8227,11.1217,11.1217,3.299,3.299,0.296627,3.299,3.299,no_dr_counterfactual_baseline
household_s1_dual_commuter_standard,household_s1_dual_commuter_standard,no_dr,Tianjin,1,2025-06-29,d29_hist_d29_1_patched,hist_d29_1_patched,29,/home/hku_user3/EnergyBridge/experiments/real_data/tianjin_tou_price_normalized.csv,18.0,1.0,/home/hku_user3/EnergyBridge/benchmark_results/vpp_patch_2026-07-15/_batch_logs/daily_event_configs/d29_hist_d29_1_patched.json,skipped_done,0,0.0,/home/hku_user3/EnergyBridge/benchmark_results/vpp_patch_2026-07-15/household_s1_dual_commuter_standard_no_dr_tianjin_d29_hist_d29_1_patched_2025-06-29_1day,/home/hku_user3/EnergyBridge/benchmark_results/vpp_patch_2026-07-15/_batch_logs/daily_dr_memory_tianjin_1day/household_s1_dual_commuter_standard_no_dr_tianjin_d29_hist_d29_1_patched_2025-06-29_1day.log,/home/hku_user3/EnergyBridge/benchmark_results/vpp_patch_2026-07-15/household_s1_dual_commuter_standard_no_dr_tianjin_d29_hist_d29_1_patched_2025-06-29_1day/run_summary.txt,0,53.081147,53.081147,67.409587,1.378505,normalized TOU cost/kWh,/home/hku_user3/EnergyBridge/experiments/real_data/tianjin_tou_price_normalized.csv,6.7018,6.7018,1.0,1.0,,0.0,1.0,[],"['dishwasher', 'dryer', 'ev', 'washer', 'water_heater']",[],matched,household_s1_dual_commuter_standard|tianjin|1days|2025-06-29|no_dr,/home/hku_user3/EnergyBridge/benchmark_results/vpp_patch_2026-07-15/household_s1_dual_commuter_standard_no_dr_tianjin_d29_hist_d29_1_patched_2025-06-29_1day/benchmark_result.json,no_dr_counterfactual_event_window_energy,1,6.7018,6.7018,6.7018,6.7018,0.0,0.0,0.0,0.0,0.0,no_dr_counterfactual_baseline
household_s2_multigeneration_caregiver,household_s2_multigeneration_caregiver,no_dr,Tianjin,1,2025-06-29,d29_hist_d29_1_patched,hist_d29_1_patched,29,/home/hku_user3/EnergyBridge/experiments/real_data/tianjin_tou_price_normalized.csv,18.0,1.0,/home/hku_user3/EnergyBridge/benchmark_results/vpp_patch_2026-07-15/_batch_logs/daily_event_configs/d29_hist_d29_1_patched.json,skipped_done,0,0.0,/home/hku_user3/EnergyBridge/benchmark_results/vpp_patch_2026-07-15/household_s2_multigeneration_caregiver_no_dr_tianjin_d29_hist_d29_1_patched_2025-06-29_1day,/home/hku_user3/EnergyBridge/benchmark_results/vpp_patch_2026-07-15/_batch_logs/daily_dr_memory_tianjin_1day/household_s2_multigeneration_caregiver_no_dr_tianjin_d29_hist_d29_1_patched_2025-06-29_1day.log,/home/hku_user3/EnergyBridge/benchmark_results/vpp_patch_2026-07-15/household_s2_multigeneration_caregiver_no_dr_tianjin_d29_hist_d29_1_patched_2025-06-29_1day/run_summary.txt,0,50.694182,50.694182,62.416692,1.349911,normalized TOU cost/kWh,/home/hku_user3/EnergyBridge/experiments/real_data/tianjin_tou_price_normalized.csv,6.7596,6.7596,1.0,1.0,,0.0,1.0,[],"['dishwasher', 'dryer', 'ev', 'washer', 'water_heater']",[],matched,household_s2_multigeneration_caregiver|tianjin|1days|2025-06-29|no_dr,/home/hku_user3/EnergyBridge/benchmark_results/vpp_patch_2026-07-15/household_s2_multigeneration_caregiver_no_dr_tianjin_d29_hist_d29_1_patched_2025-06-29_1day/benchmark_result.json,no_dr_counterfactual_event_window_energy,1,6.7596,6.7596,6.7596,6.7596,0.0,0.0,0.0,0.0,0.0,no_dr_counterfactual_baseline
household_s3_hybrid_work_from_home,household_s3_hybrid_work_from_home,EnergyBridge,Germany,1,2025-06-29,d29_hist_d29_1_patched,hist_d29_1_patched,29,/home/hku_user3/EnergyBridge/experiments/real_data/germany_2025_price.csv,18.0,1.0,/home/hku_user3/EnergyBridge/benchmark_results/vpp_patch_2026-07-15/_batch_logs/daily_event_configs/d29_hist_d29_1_patched.json,skipped_done,0,0.0,/home/hku_user3/EnergyBridge/benchmark_results/vpp_patch_2026-07-15/household_s3_hybrid_work_from_home_EnergyBridge_germany_d29_hist_d29_1_patched_2025-06-29_1day,/home/hku_user3/EnergyBridge/benchmark_results/vpp_patch_2026-07-15/_batch_logs/daily_dr_memory_germany_1day/household_s3_hybrid_work_from_home_EnergyBridge_germany_d29_hist_d29_1_patched_2025-06-29_1day.log,/home/hku_user3/EnergyBridge/benchmark_results/vpp_patch_2026-07-15/household_s3_hybrid_work_from_home_EnergyBridge_germany_d29_hist_d29_1_patched_2025-06-29_1day/run_summary.txt,0,51.309077,51.309077,10.949184,0.060155,EUR/kWh,/home/hku_user3/EnergyBridge/experiments/real_data/germany_2025_price.csv,7.2074,7.2074,1.0,1.0,3.667,1.0,1.0,"['dishwasher', 'dryer', 'ev', 'washer', 'water_heater']",[],[],matched,household_s3_hybrid_work_from_home|germany|1days|2025-06-29|no_dr,/home/hku_user3/EnergyBridge/benchmark_results/vpp_patch_2026-07-15/household_s3_hybrid_work_from_home_no_dr_germany_d29_hist_d29_1_patched_2025-06-29_1day/benchmark_result.json,no_dr_counterfactual_event_window_energy,1,11.1312,7.2074,11.1312,11.1312,3.9238,3.9238,0.352505,3.9238,3.9238,no_dr_counterfactual_baseline
household_s2_multigeneration_caregiver,household_s2_multigeneration_caregiver,EnergyBridge,Tianjin,1,2025-06-29,d29_hist_d29_1_patched,hist_d29_1_patched,29,/home/hku_user3/EnergyBridge/experiments/real_data/tianjin_tou_price_normalized.csv,18.0,1.0,/home/hku_user3/EnergyBridge/benchmark_results/vpp_patch_2026-07-15/_batch_logs/daily_event_configs/d29_hist_d29_1_patched.json,skipped_done,0,0.0,/home/hku_user3/EnergyBridge/benchmark_results/vpp_patch_2026-07-15/household_s2_multigeneration_caregiver_EnergyBridge_tianjin_d29_hist_d29_1_patched_2025-06-29_1day,/home/hku_user3/EnergyBridge/benchmark_results/vpp_patch_2026-07-15/_batch_logs/daily_dr_memory_tianjin_1day/household_s2_multigeneration_caregiver_EnergyBridge_tianjin_d29_hist_d29_1_patched_2025-06-29_1day.log,/home/hku_user3/EnergyBridge/benchmark_results/vpp_patch_2026-07-15/household_s2_multigeneration_caregiver_EnergyBridge_tianjin_d29_hist_d29_1_patched_2025-06-29_1day/run_summary.txt,0,49.207041,49.207041,53.958637,1.253653,normalized TOU cost/kWh,/home/hku_user3/EnergyBridge/experiments/real_data/tianjin_tou_price_normalized.csv,1.3822,1.3822,1.0,1.0,4.2,1.0,1.0,"['dishwasher', 'dryer', 'ev', 'washer', 'water_heater']",[],[],matched,household_s2_multigeneration_caregiver|tianjin|1days|2025-06-29|no_dr,/home/hku_user3/EnergyBridge/benchmark_results/vpp_patch_2026-07-15/household_s2_multigeneration_caregiver_no_dr_tianjin_d29_hist_d29_1_patched_2025-06-29_1day/benchmark_result.json,no_dr_counterfactual_event_window_energy,1,6.7596,1.3822,6.7596,6.7596,5.3774,5.3774,0.79552,5.3774,5.3774,no_dr_counterfactual_baseline
household_s3_hybrid_work_from_home,household_s3_hybrid_work_from_home,no_dr,Tianjin,1,2025-06-29,d29_hist_d29_1_patched,hist_d29_1_patched,29,/home/hku_user3/EnergyBridge/experiments/real_data/tianjin_tou_price_normalized.csv,18.0,1.0,/home/hku_user3/EnergyBridge/benchmark_results/vpp_patch_2026-07-15/_batch_logs/daily_event_configs/d29_hist_d29_1_patched.json,skipped_done,0,0.0,/home/hku_user3/EnergyBridge/benchmark_results/vpp_patch_2026-07-15/household_s3_hybrid_work_from_home_no_dr_tianjin_d29_hist_d29_1_patched_2025-06-29_1day,/home/hku_user3/EnergyBridge/benchmark_results/vpp_patch_2026-07-15/_batch_logs/daily_dr_memory_tianjin_1day/household_s3_hybrid_work_from_home_no_dr_tianjin_d29_hist_d29_1_patched_2025-06-29_1day.log,/home/hku_user3/EnergyBridge/benchmark_results/vpp_patch_2026-07-15/household_s3_hybrid_work_from_home_no_dr_tianjin_d29_hist_d29_1_patched_2025-06-29_1day/run_summary.txt,0,51.375136,51.375136,64.592488,1.369182,normalized TOU cost/kWh,/home/hku_user3/EnergyBridge/experiments/real_data/tianjin_tou_price_normalized.csv,6.7039,6.7039,1.0,1.0,,0.0,0.8,[],"['dishwasher', 'dryer', 'ev', 'washer', 'water_heater']",[],matched,household_s3_hybrid_work_from_home|tianjin|1days|2025-06-29|no_dr,/home/hku_user3/EnergyBridge/benchmark_results/vpp_patch_2026-07-15/household_s3_hybrid_work_from_home_no_dr_tianjin_d29_hist_d29_1_patched_2025-06-29_1day/benchmark_result.json,no_dr_counterfactual_event_window_energy,1,6.7039,6.7039,6.7039,6.7039,0.0,0.0,0.0,0.0,0.0,no_dr_counterfactual_baseline
household_s4_ev_commuter_flexible,household_s4_ev_commuter_flexible,no_dr,Tianjin,1,2025-06-29,d29_hist_d29_1_patched,hist_d29_1_patched,29,/home/hku_user3/EnergyBridge/experiments/real_data/tianjin_tou_price_normalized.csv,18.0,1.0,/home/hku_user3/EnergyBridge/benchmark_results/vpp_patch_2026-07-15/_batch_logs/daily_event_configs/d29_hist_d29_1_patched.json,skipped_done,0,0.0,/home/hku_user3/EnergyBridge/benchmark_results/vpp_patch_2026-07-15/household_s4_ev_commuter_flexible_no_dr_tianjin_d29_hist_d29_1_patched_2025-06-29_1day,/home/hku_user3/EnergyBridge/benchmark_results/vpp_patch_2026-07-15/_batch_logs/daily_dr_memory_tianjin_1day/household_s4_ev_commuter_flexible_no_dr_tianjin_d29_hist_d29_1_patched_2025-06-29_1day.log,/home/hku_user3/EnergyBridge/benchmark_results/vpp_patch_2026-07-15/household_s4_ev_commuter_flexible_no_dr_tianjin_d29_hist_d29_1_patched_2025-06-29_1day/run_summary.txt,0,55.121727,55.121727,70.674515,1.387377,normalized TOU cost/kWh,/home/hku_user3/EnergyBridge/experiments/real_data/tianjin_tou_price_normalized.csv,6.7018,6.7018,1.0,1.0,,0.0,1.0,[],"['dishwasher', 'dryer', 'ev', 'washer', 'water_heater']",[],matched,household_s4_ev_commuter_flexible|tianjin|1days|2025-06-29|no_dr,/home/hku_user3/EnergyBridge/benchmark_results/vpp_patch_2026-07-15/household_s4_ev_commuter_flexible_no_dr_tianjin_d29_hist_d29_1_patched_2025-06-29_1day/benchmark_result.json,no_dr_counterfactual_event_window_energy,1,6.7018,6.7018,6.7018,6.7018,0.0,0.0,0.0,0.0,0.0,no_dr_counterfactual_baseline
household_s5_shared_roommates_irregular,household_s5_shared_roommates_irregular,no_dr,Tianjin,1,2025-06-29,d29_hist_d29_1_patched,hist_d29_1_patched,29,/home/hku_user3/EnergyBridge/experiments/real_data/tianjin_tou_price_normalized.csv,18.0,1.0,/home/hku_user3/EnergyBridge/benchmark_results/vpp_patch_2026-07-15/_batch_logs/daily_event_configs/d29_hist_d29_1_patched.json,skipped_done,0,0.0,/home/hku_user3/EnergyBridge/benchmark_results/vpp_patch_2026-07-15/household_s5_shared_roommates_irregular_no_dr_tianjin_d29_hist_d29_1_patched_2025-06-29_1day,/home/hku_user3/EnergyBridge/benchmark_results/vpp_patch_2026-07-15/_batch_logs/daily_dr_memory_tianjin_1day/household_s5_shared_roommates_irregular_no_dr_tianjin_d29_hist_d29_1_patched_2025-06-29_1day.log,/home/hku_user3/EnergyBridge/benchmark_results/vpp_patch_2026-07-15/household_s5_shared_roommates_irregular_no_dr_tianjin_d29_hist_d29_1_patched_2025-06-29_1day/run_summary.txt,0,51.040567,51.040567,64.144659,1.36886,normalized TOU cost/kWh,/home/hku_user3/EnergyBridge/experiments/real_data/tianjin_tou_price_normalized.csv,6.7018,6.7018,1.0,1.0,,0.0,1.0,[],"['dishwasher', 'dryer', 'ev', 'washer', 'water_heater']",[],matched,household_s5_shared_roommates_irregular|tianjin|1days|2025-06-29|no_dr,/home/hku_user3/EnergyBridge/benchmark_results/vpp_patch_2026-07-15/household_s5_shared_roommates_irregular_no_dr_tianjin_d29_hist_d29_1_patched_2025-06-29_1day/benchmark_result.json,no_dr_counterfactual_event_window_energy,1,6.7018,6.7018,6.7018,6.7018,0.0,0.0,0.0,0.0,0.0,no_dr_counterfactual_baseline
household_s4_ev_commuter_flexible,household_s4_ev_commuter_flexible,EnergyBridge,Tianjin,1,2025-06-29,d29_hist_d29_1_patched,hist_d29_1_patched,29,/home/hku_user3/EnergyBridge/experiments/real_data/tianjin_tou_price_normalized.csv,18.0,1.0,/home/hku_user3/EnergyBridge/benchmark_results/vpp_patch_2026-07-15/_batch_logs/daily_event_configs/d29_hist_d29_1_patched.json,skipped_done,0,0.0,/home/hku_user3/EnergyBridge/benchmark_results/vpp_patch_2026-07-15/household_s4_ev_commuter_flexible_EnergyBridge_tianjin_d29_hist_d29_1_patched_2025-06-29_1day,/home/hku_user3/EnergyBridge/benchmark_results/vpp_patch_2026-07-15/_batch_logs/daily_dr_memory_tianjin_1day/household_s4_ev_commuter_flexible_EnergyBridge_tianjin_d29_hist_d29_1_patched_2025-06-29_1day.log,/home/hku_user3/EnergyBridge/benchmark_results/vpp_patch_2026-07-15/household_s4_ev_commuter_flexible_EnergyBridge_tianjin_d29_hist_d29_1_patched_2025-06-29_1day/run_summary.txt,0,56.21473,56.21473,60.725177,1.344333,normalized TOU cost/kWh,/home/hku_user3/EnergyBridge/experiments/real_data/tianjin_tou_price_normalized.csv,2.01,2.01,1.0,1.0,4.25,1.0,1.0,"['dishwasher', 'dryer', 'ev', 'washer', 'water_heater']",[],[],matched,household_s4_ev_commuter_flexible|tianjin|1days|2025-06-29|no_dr,/home/hku_user3/EnergyBridge/benchmark_results/vpp_patch_2026-07-15/household_s4_ev_commuter_flexible_no_dr_tianjin_d29_hist_d29_1_patched_2025-06-29_1day/benchmark_result.json,no_dr_counterfactual_event_window_energy,1,6.7018,2.01,6.7018,6.7018,4.6918,4.6918,0.700081,4.6918,4.6918,no_dr_counterfactual_baseline
household_s1_dual_commuter_standard,household_s1_dual_commuter_standard,EnergyBridge,Tianjin,1,2025-06-29,d29_hist_d29_1_patched,hist_d29_1_patched,29,/home/hku_user3/EnergyBridge/experiments/real_data/tianjin_tou_price_normalized.csv,18.0,1.0,/home/hku_user3/EnergyBridge/benchmark_results/vpp_patch_2026-07-15/_batch_logs/daily_event_configs/d29_hist_d29_1_patched.json,skipped_done,0,0.0,/home/hku_user3/EnergyBridge/benchmark_results/vpp_patch_2026-07-15/household_s1_dual_commuter_standard_EnergyBridge_tianjin_d29_hist_d29_1_patched_2025-06-29_1day,/home/hku_user3/EnergyBridge/benchmark_results/vpp_patch_2026-07-15/_batch_logs/daily_dr_memory_tianjin_1day/household_s1_dual_commuter_standard_EnergyBridge_tianjin_d29_hist_d29_1_patched_2025-06-29_1day.log,/home/hku_user3/EnergyBridge/benchmark_results/vpp_patch_2026-07-15/household_s1_dual_commuter_standard_EnergyBridge_tianjin_d29_hist_d29_1_patched_2025-06-29_1day/run_summary.txt,0,54.202607,54.202607,56.630727,1.304837,normalized TOU cost/kWh,/home/hku_user3/EnergyBridge/experiments/real_data/tianjin_tou_price_normalized.csv,1.4067,1.4067,1.0,1.0,4.0,1.0,1.0,"['dishwasher', 'dryer', 'ev', 'washer', 'water_heater']",[],[],matched,household_s1_dual_commuter_standard|tianjin|1days|2025-06-29|no_dr,/home/hku_user3/EnergyBridge/benchmark_results/vpp_patch_2026-07-15/household_s1_dual_commuter_standard_no_dr_tianjin_d29_hist_d29_1_patched_2025-06-29_1day/benchmark_result.json,no_dr_counterfactual_event_window_energy,1,6.7018,1.4067,6.7018,6.7018,5.2951,5.2951,0.790101,5.2951,5.2951,no_dr_counterfactual_baseline
household_s1_dual_commuter_standard,household_s1_dual_commuter_standard,no_dr,Germany,1,2025-06-30,d30_hist_d30_1_patched,hist_d30_1_patched,30,/home/hku_user3/EnergyBridge/experiments/real_data/germany_2025_price.csv,18.0,1.0,/home/hku_user3/EnergyBridge/benchmark_results/vpp_patch_2026-07-15/_batch_logs/daily_event_configs/d30_hist_d30_1_patched.json,skipped_done,0,0.0,/home/hku_user3/EnergyBridge/benchmark_results/vpp_patch_2026-07-15/household_s1_dual_commuter_standard_no_dr_germany_d30_hist_d30_1_patched_2025-06-30_1day,/home/hku_user3/EnergyBridge/benchmark_results/vpp_patch_2026-07-15/_batch_logs/daily_dr_memory_germany_1day/household_s1_dual_commuter_standard_no_dr_germany_d30_hist_d30_1_patched_2025-06-30_1day.log,/home/hku_user3/EnergyBridge/benchmark_results/vpp_patch_2026-07-15/household_s1_dual_commuter_standard_no_dr_germany_d30_hist_d30_1_patched_2025-06-30_1day/run_summary.txt,0,54.077494,54.077494,21.676126,0.115261,EUR/kWh,/home/hku_user3/EnergyBridge/experiments/real_data/germany_2025_price.csv,11.0362,11.0362,1.0,1.0,,0.0,1.0,[],"['dishwasher', 'dryer', 'ev', 'washer', 'water_heater']",[],matched,household_s1_dual_commuter_standard|germany|1days|2025-06-30|no_dr,/home/hku_user3/EnergyBridge/benchmark_results/vpp_patch_2026-07-15/household_s1_dual_commuter_standard_no_dr_germany_d30_hist_d30_1_patched_2025-06-30_1day/benchmark_result.json,no_dr_counterfactual_event_window_energy,1,11.0362,11.0362,11.0362,11.0362,0.0,0.0,0.0,0.0,0.0,no_dr_counterfactual_baseline
household_s3_hybrid_work_from_home,household_s3_hybrid_work_from_home,EnergyBridge,Tianjin,1,2025-06-29,d29_hist_d29_1_patched,hist_d29_1_patched,29,/home/hku_user3/EnergyBridge/experiments/real_data/tianjin_tou_price_normalized.csv,18.0,1.0,/home/hku_user3/EnergyBridge/benchmark_results/vpp_patch_2026-07-15/_batch_logs/daily_event_configs/d29_hist_d29_1_patched.json,skipped_done,0,0.0,/home/hku_user3/EnergyBridge/benchmark_results/vpp_patch_2026-07-15/household_s3_hybrid_work_from_home_EnergyBridge_tianjin_d29_hist_d29_1_patched_2025-06-29_1day,/home/hku_user3/EnergyBridge/benchmark_results/vpp_patch_2026-07-15/_batch_logs/daily_dr_memory_tianjin_1day/household_s3_hybrid_work_from_home_EnergyBridge_tianjin_d29_hist_d29_1_patched_2025-06-29_1day.log,/home/hku_user3/EnergyBridge/benchmark_results/vpp_patch_2026-07-15/household_s3_hybrid_work_from_home_EnergyBridge_tianjin_d29_hist_d29_1_patched_2025-06-29_1day/run_summary.txt,0,51.917624,51.917624,58.36331,1.362734,normalized TOU cost/kWh,/home/hku_user3/EnergyBridge/experiments/real_data/tianjin_tou_price_normalized.csv,1.8193,1.8193,1.0,1.0,4.333,1.0,1.0,"['dishwasher', 'dryer', 'ev', 'washer', 'water_heater']",[],[],matched,household_s3_hybrid_work_from_home|tianjin|1days|2025-06-29|no_dr,/home/hku_user3/EnergyBridge/benchmark_results/vpp_patch_2026-07-15/household_s3_hybrid_work_from_home_no_dr_tianjin_d29_hist_d29_1_patched_2025-06-29_1day/benchmark_result.json,no_dr_counterfactual_event_window_energy,1,6.7039,1.8193,6.7039,6.7039,4.8846,4.8846,0.728621,4.8846,4.8846,no_dr_counterfactual_baseline
household_s2_multigeneration_caregiver,household_s2_multigeneration_caregiver,no_dr,Germany,1,2025-06-30,d30_hist_d30_1_patched,hist_d30_1_patched,30,/home/hku_user3/EnergyBridge/experiments/real_data/germany_2025_price.csv,18.0,1.0,/home/hku_user3/EnergyBridge/benchmark_results/vpp_patch_2026-07-15/_batch_logs/daily_event_configs/d30_hist_d30_1_patched.json,skipped_done,0,0.0,/home/hku_user3/EnergyBridge/benchmark_results/vpp_patch_2026-07-15/household_s2_multigeneration_caregiver_no_dr_germany_d30_hist_d30_1_patched_2025-06-30_1day,/home/hku_user3/EnergyBridge/benchmark_results/vpp_patch_2026-07-15/_batch_logs/daily_dr_memory_germany_1day/household_s2_multigeneration_caregiver_no_dr_germany_d30_hist_d30_1_patched_2025-06-30_1day.log,/home/hku_user3/EnergyBridge/benchmark_results/vpp_patch_2026-07-15/household_s2_multigeneration_caregiver_no_dr_germany_d30_hist_d30_1_patched_2025-06-30_1day/run_summary.txt,0,51.327489,51.327489,21.209894,0.114916,EUR/kWh,/home/hku_user3/EnergyBridge/experiments/real_data/germany_2025_price.csv,11.0791,11.0791,1.0,1.0,,0.0,1.0,[],"['dishwasher', 'dryer', 'ev', 'washer', 'water_heater']",[],matched,household_s2_multigeneration_caregiver|germany|1days|2025-06-30|no_dr,/home/hku_user3/EnergyBridge/benchmark_results/vpp_patch_2026-07-15/household_s2_multigeneration_caregiver_no_dr_germany_d30_hist_d30_1_patched_2025-06-30_1day/benchmark_result.json,no_dr_counterfactual_event_window_energy,1,11.0791,11.0791,11.0791,11.0791,0.0,0.0,0.0,0.0,0.0,no_dr_counterfactual_baseline
household_s3_hybrid_work_from_home,household_s3_hybrid_work_from_home,no_dr,Germany,1,2025-06-30,d30_hist_d30_1_patched,hist_d30_1_patched,30,/home/hku_user3/EnergyBridge/experiments/real_data/germany_2025_price.csv,18.0,1.0,/home/hku_user3/EnergyBridge/benchmark_results/vpp_patch_2026-07-15/_batch_logs/daily_event_configs/d30_hist_d30_1_patched.json,skipped_done,0,0.0,/home/hku_user3/EnergyBridge/benchmark_results/vpp_patch_2026-07-15/household_s3_hybrid_work_from_home_no_dr_germany_d30_hist_d30_1_patched_2025-06-30_1day,/home/hku_user3/EnergyBridge/benchmark_results/vpp_patch_2026-07-15/_batch_logs/daily_dr_memory_germany_1day/household_s3_hybrid_work_from_home_no_dr_germany_d30_hist_d30_1_patched_2025-06-30_1day.log,/home/hku_user3/EnergyBridge/benchmark_results/vpp_patch_2026-07-15/household_s3_hybrid_work_from_home_no_dr_germany_d30_hist_d30_1_patched_2025-06-30_1day/run_summary.txt,0,52.314372,52.314372,21.418038,0.115226,EUR/kWh,/home/hku_user3/EnergyBridge/experiments/real_data/germany_2025_price.csv,11.0457,11.0457,1.0,1.0,,0.0,0.8,[],"['dishwasher', 'dryer', 'ev', 'washer', 'water_heater']",[],matched,household_s3_hybrid_work_from_home|germany|1days|2025-06-30|no_dr,/home/hku_user3/EnergyBridge/benchmark_results/vpp_patch_2026-07-15/household_s3_hybrid_work_from_home_no_dr_germany_d30_hist_d30_1_patched_2025-06-30_1day/benchmark_result.json,no_dr_counterfactual_event_window_energy,1,11.0457,11.0457,11.0457,11.0457,0.0,0.0,0.0,0.0,0.0,no_dr_counterfactual_baseline
household_s5_shared_roommates_irregular,household_s5_shared_roommates_irregular,EnergyBridge,Tianjin,1,2025-06-29,d29_hist_d29_1_patched,hist_d29_1_patched,29,/home/hku_user3/EnergyBridge/experiments/real_data/tianjin_tou_price_normalized.csv,18.0,1.0,/home/hku_user3/EnergyBridge/benchmark_results/vpp_patch_2026-07-15/_batch_logs/daily_event_configs/d29_hist_d29_1_patched.json,skipped_done,0,0.0,/home/hku_user3/EnergyBridge/benchmark_results/vpp_patch_2026-07-15/household_s5_shared_roommates_irregular_EnergyBridge_tianjin_d29_hist_d29_1_patched_2025-06-29_1day,/home/hku_user3/EnergyBridge/benchmark_results/vpp_patch_2026-07-15/_batch_logs/daily_dr_memory_tianjin_1day/household_s5_shared_roommates_irregular_EnergyBridge_tianjin_d29_hist_d29_1_patched_2025-06-29_1day.log,/home/hku_user3/EnergyBridge/benchmark_results/vpp_patch_2026-07-15/household_s5_shared_roommates_irregular_EnergyBridge_tianjin_d29_hist_d29_1_patched_2025-06-29_1day/run_summary.txt,0,52.162027,52.162027,54.590147,1.319877,normalized TOU cost/kWh,/home/hku_user3/EnergyBridge/experiments/real_data/tianjin_tou_price_normalized.csv,1.4067,1.4067,1.0,1.0,4.0,1.0,1.0,"['dishwasher', 'dryer', 'ev', 'washer', 'water_heater']",[],[],matched,household_s5_shared_roommates_irregular|tianjin|1days|2025-06-29|no_dr,/home/hku_user3/EnergyBridge/benchmark_results/vpp_patch_2026-07-15/household_s5_shared_roommates_irregular_no_dr_tianjin_d29_hist_d29_1_patched_2025-06-29_1day/benchmark_result.json,no_dr_counterfactual_event_window_energy,1,6.7018,1.4067,6.7018,6.7018,5.2951,5.2951,0.790101,5.2951,5.2951,no_dr_counterfactual_baseline
household_s4_ev_commuter_flexible,household_s4_ev_commuter_flexible,no_dr,Germany,1,2025-06-30,d30_hist_d30_1_patched,hist_d30_1_patched,30,/home/hku_user3/EnergyBridge/experiments/real_data/germany_2025_price.csv,18.0,1.0,/home/hku_user3/EnergyBridge/benchmark_results/vpp_patch_2026-07-15/_batch_logs/daily_event_configs/d30_hist_d30_1_patched.json,skipped_done,0,0.0,/home/hku_user3/EnergyBridge/benchmark_results/vpp_patch_2026-07-15/household_s4_ev_commuter_flexible_no_dr_germany_d30_hist_d30_1_patched_2025-06-30_1day,/home/hku_user3/EnergyBridge/benchmark_results/vpp_patch_2026-07-15/_batch_logs/daily_dr_memory_germany_1day/household_s4_ev_commuter_flexible_no_dr_germany_d30_hist_d30_1_patched_2025-06-30_1day.log,/home/hku_user3/EnergyBridge/benchmark_results/vpp_patch_2026-07-15/household_s4_ev_commuter_flexible_no_dr_germany_d30_hist_d30_1_patched_2025-06-30_1day/run_summary.txt,0,56.118073,56.118073,21.924607,0.115331,EUR/kWh,/home/hku_user3/EnergyBridge/experiments/real_data/germany_2025_price.csv,11.0362,11.0362,1.0,1.0,,0.0,1.0,[],"['dishwasher', 'dryer', 'ev', 'washer', 'water_heater']",[],matched,household_s4_ev_commuter_flexible|germany|1days|2025-06-30|no_dr,/home/hku_user3/EnergyBridge/benchmark_results/vpp_patch_2026-07-15/household_s4_ev_commuter_flexible_no_dr_germany_d30_hist_d30_1_patched_2025-06-30_1day/benchmark_result.json,no_dr_counterfactual_event_window_energy,1,11.0362,11.0362,11.0362,11.0362,0.0,0.0,0.0,0.0,0.0,no_dr_counterfactual_baseline
household_s5_shared_roommates_irregular,household_s5_shared_roommates_irregular,no_dr,Germany,1,2025-06-30,d30_hist_d30_1_patched,hist_d30_1_patched,30,/home/hku_user3/EnergyBridge/experiments/real_data/germany_2025_price.csv,18.0,1.0,/home/hku_user3/EnergyBridge/benchmark_results/vpp_patch_2026-07-15/_batch_logs/daily_event_configs/d30_hist_d30_1_patched.json,skipped_done,0,0.0,/home/hku_user3/EnergyBridge/benchmark_results/vpp_patch_2026-07-15/household_s5_shared_roommates_irregular_no_dr_germany_d30_hist_d30_1_patched_2025-06-30_1day,/home/hku_user3/EnergyBridge/benchmark_results/vpp_patch_2026-07-15/_batch_logs/daily_dr_memory_germany_1day/household_s5_shared_roommates_irregular_no_dr_germany_d30_hist_d30_1_patched_2025-06-30_1day.log,/home/hku_user3/EnergyBridge/benchmark_results/vpp_patch_2026-07-15/household_s5_shared_roommates_irregular_no_dr_germany_d30_hist_d30_1_patched_2025-06-30_1day/run_summary.txt,0,52.036914,52.036914,21.427644,0.11519,EUR/kWh,/home/hku_user3/EnergyBridge/experiments/real_data/germany_2025_price.csv,11.0362,11.0362,1.0,1.0,,0.0,1.0,[],"['dishwasher', 'dryer', 'ev', 'washer', 'water_heater']",[],matched,household_s5_shared_roommates_irregular|germany|1days|2025-06-30|no_dr,/home/hku_user3/EnergyBridge/benchmark_results/vpp_patch_2026-07-15/household_s5_shared_roommates_irregular_no_dr_germany_d30_hist_d30_1_patched_2025-06-30_1day/benchmark_result.json,no_dr_counterfactual_event_window_energy,1,11.0362,11.0362,11.0362,11.0362,0.0,0.0,0.0,0.0,0.0,no_dr_counterfactual_baseline
household_s1_dual_commuter_standard,household_s1_dual_commuter_standard,EnergyBridge,Germany,1,2025-06-30,d30_hist_d30_1_patched,hist_d30_1_patched,30,/home/hku_user3/EnergyBridge/experiments/real_data/germany_2025_price.csv,18.0,1.0,/home/hku_user3/EnergyBridge/benchmark_results/vpp_patch_2026-07-15/_batch_logs/daily_event_configs/d30_hist_d30_1_patched.json,skipped_done,0,0.0,/home/hku_user3/EnergyBridge/benchmark_results/vpp_patch_2026-07-15/household_s1_dual_commuter_standard_EnergyBridge_germany_d30_hist_d30_1_patched_2025-06-30_1day,/home/hku_user3/EnergyBridge/benchmark_results/vpp_patch_2026-07-15/_batch_logs/daily_dr_memory_germany_1day/household_s1_dual_commuter_standard_EnergyBridge_germany_d30_hist_d30_1_patched_2025-06-30_1day.log,/home/hku_user3/EnergyBridge/benchmark_results/vpp_patch_2026-07-15/household_s1_dual_commuter_standard_EnergyBridge_germany_d30_hist_d30_1_patched_2025-06-30_1day/run_summary.txt,0,57.828077,57.828077,19.423498,0.106158,EUR/kWh,/home/hku_user3/EnergyBridge/experiments/real_data/germany_2025_price.csv,7.7548,7.7548,1.0,1.0,4.0,1.0,1.0,"['dishwasher', 'dryer', 'ev', 'washer', 'water_heater']",[],[],matched,household_s1_dual_commuter_standard|germany|1days|2025-06-30|no_dr,/home/hku_user3/EnergyBridge/benchmark_results/vpp_patch_2026-07-15/household_s1_dual_commuter_standard_no_dr_germany_d30_hist_d30_1_patched_2025-06-30_1day/benchmark_result.json,no_dr_counterfactual_event_window_energy,1,11.0362,7.7548,11.0362,11.0362,3.2814,3.2814,0.297331,3.2814,3.2814,no_dr_counterfactual_baseline
household_s2_multigeneration_caregiver,household_s2_multigeneration_caregiver,EnergyBridge,Germany,1,2025-06-30,d30_hist_d30_1_patched,hist_d30_1_patched,30,/home/hku_user3/EnergyBridge/experiments/real_data/germany_2025_price.csv,18.0,1.0,/home/hku_user3/EnergyBridge/benchmark_results/vpp_patch_2026-07-15/_batch_logs/daily_event_configs/d30_hist_d30_1_patched.json,skipped_done,0,0.0,/home/hku_user3/EnergyBridge/benchmark_results/vpp_patch_2026-07-15/household_s2_multigeneration_caregiver_EnergyBridge_germany_d30_hist_d30_1_patched_2025-06-30_1day,/home/hku_user3/EnergyBridge/benchmark_results/vpp_patch_2026-07-15/_batch_logs/daily_dr_memory_germany_1day/household_s2_multigeneration_caregiver_EnergyBridge_germany_d30_hist_d30_1_patched_2025-06-30_1day.log,/home/hku_user3/EnergyBridge/benchmark_results/vpp_patch_2026-07-15/household_s2_multigeneration_caregiver_EnergyBridge_germany_d30_hist_d30_1_patched_2025-06-30_1day/run_summary.txt,0,50.869032,50.869032,19.078915,0.104648,EUR/kWh,/home/hku_user3/EnergyBridge/experiments/real_data/germany_2025_price.csv,7.089,7.089,1.0,1.0,4.2,1.0,1.0,"['dishwasher', 'dryer', 'ev', 'washer', 'water_heater']",[],[],matched,household_s2_multigeneration_caregiver|germany|1days|2025-06-30|no_dr,/home/hku_user3/EnergyBridge/benchmark_results/vpp_patch_2026-07-15/household_s2_multigeneration_caregiver_no_dr_germany_d30_hist_d30_1_patched_2025-06-30_1day/benchmark_result.json,no_dr_counterfactual_event_window_energy,1,11.0791,7.089,11.0791,11.0791,3.9901,3.9901,0.360147,3.9901,3.9901,no_dr_counterfactual_baseline
household_s3_hybrid_work_from_home,household_s3_hybrid_work_from_home,EnergyBridge,Germany,1,2025-06-30,d30_hist_d30_1_patched,hist_d30_1_patched,30,/home/hku_user3/EnergyBridge/experiments/real_data/germany_2025_price.csv,18.0,1.0,/home/hku_user3/EnergyBridge/benchmark_results/vpp_patch_2026-07-15/_batch_logs/daily_event_configs/d30_hist_d30_1_patched.json,skipped_done,0,0.0,/home/hku_user3/EnergyBridge/benchmark_results/vpp_patch_2026-07-15/household_s3_hybrid_work_from_home_EnergyBridge_germany_d30_hist_d30_1_patched_2025-06-30_1day,/home/hku_user3/EnergyBridge/benchmark_results/vpp_patch_2026-07-15/_batch_logs/daily_dr_memory_germany_1day/household_s3_hybrid_work_from_home_EnergyBridge_germany_d30_hist_d30_1_patched_2025-06-30_1day.log,/home/hku_user3/EnergyBridge/benchmark_results/vpp_patch_2026-07-15/household_s3_hybrid_work_from_home_EnergyBridge_germany_d30_hist_d30_1_patched_2025-06-30_1day/run_summary.txt,0,53.866365,53.866365,19.213454,0.105372,EUR/kWh,/home/hku_user3/EnergyBridge/experiments/real_data/germany_2025_price.csv,6.9443,6.9443,1.0,1.0,4.333,1.0,1.0,"['dishwasher', 'dryer', 'ev', 'washer', 'water_heater']",[],[],matched,household_s3_hybrid_work_from_home|germany|1days|2025-06-30|no_dr,/home/hku_user3/EnergyBridge/benchmark_results/vpp_patch_2026-07-15/household_s3_hybrid_work_from_home_no_dr_germany_d30_hist_d30_1_patched_2025-06-30_1day/benchmark_result.json,no_dr_counterfactual_event_window_energy,1,11.0457,6.9443,11.0457,11.0457,4.1014,4.1014,0.371312,4.1014,4.1014,no_dr_counterfactual_baseline
household_s1_dual_commuter_standard,household_s1_dual_commuter_standard,no_dr,Tianjin,1,2025-06-30,d30_hist_d30_1_patched,hist_d30_1_patched,30,/home/hku_user3/EnergyBridge/experiments/real_data/tianjin_tou_price_normalized.csv,18.0,1.0,/home/hku_user3/EnergyBridge/benchmark_results/vpp_patch_2026-07-15/_batch_logs/daily_event_configs/d30_hist_d30_1_patched.json,skipped_done,0,0.0,/home/hku_user3/EnergyBridge/benchmark_results/vpp_patch_2026-07-15/household_s1_dual_commuter_standard_no_dr_tianjin_d30_hist_d30_1_patched_2025-06-30_1day,/home/hku_user3/EnergyBridge/benchmark_results/vpp_patch_2026-07-15/_batch_logs/daily_dr_memory_tianjin_1day/household_s1_dual_commuter_standard_no_dr_tianjin_d30_hist_d30_1_patched_2025-06-30_1day.log,/home/hku_user3/EnergyBridge/benchmark_results/vpp_patch_2026-07-15/household_s1_dual_commuter_standard_no_dr_tianjin_d30_hist_d30_1_patched_2025-06-30_1day/run_summary.txt,0,39.35606,39.35606,55.814861,1.429035,normalized TOU cost/kWh,/home/hku_user3/EnergyBridge/experiments/real_data/tianjin_tou_price_normalized.csv,5.0395,5.0395,1.0,1.0,,0.0,1.0,[],"['dishwasher', 'dryer', 'ev', 'washer', 'water_heater']",[],matched,household_s1_dual_commuter_standard|tianjin|1days|2025-06-30|no_dr,/home/hku_user3/EnergyBridge/benchmark_results/vpp_patch_2026-07-15/household_s1_dual_commuter_standard_no_dr_tianjin_d30_hist_d30_1_patched_2025-06-30_1day/benchmark_result.json,no_dr_counterfactual_event_window_energy,1,5.0395,5.0395,5.0395,5.0395,0.0,0.0,0.0,0.0,0.0,no_dr_counterfactual_baseline
household_s5_shared_roommates_irregular,household_s5_shared_roommates_irregular,EnergyBridge,Germany,1,2025-06-30,d30_hist_d30_1_patched,hist_d30_1_patched,30,/home/hku_user3/EnergyBridge/experiments/real_data/germany_2025_price.csv,18.0,1.0,/home/hku_user3/EnergyBridge/benchmark_results/vpp_patch_2026-07-15/_batch_logs/daily_event_configs/d30_hist_d30_1_patched.json,skipped_done,0,0.0,/home/hku_user3/EnergyBridge/benchmark_results/vpp_patch_2026-07-15/household_s5_shared_roommates_irregular_EnergyBridge_germany_d30_hist_d30_1_patched_2025-06-30_1day,/home/hku_user3/EnergyBridge/benchmark_results/vpp_patch_2026-07-15/_batch_logs/daily_dr_memory_germany_1day/household_s5_shared_roommates_irregular_EnergyBridge_germany_d30_hist_d30_1_patched_2025-06-30_1day.log,/home/hku_user3/EnergyBridge/benchmark_results/vpp_patch_2026-07-15/household_s5_shared_roommates_irregular_EnergyBridge_germany_d30_hist_d30_1_patched_2025-06-30_1day/run_summary.txt,0,55.787498,55.787498,19.228806,0.106279,EUR/kWh,/home/hku_user3/EnergyBridge/experiments/real_data/germany_2025_price.csv,7.7548,7.7548,1.0,1.0,4.0,1.0,1.0,"['dishwasher', 'dryer', 'ev', 'washer', 'water_heater']",[],[],matched,household_s5_shared_roommates_irregular|germany|1days|2025-06-30|no_dr,/home/hku_user3/EnergyBridge/benchmark_results/vpp_patch_2026-07-15/household_s5_shared_roommates_irregular_no_dr_germany_d30_hist_d30_1_patched_2025-06-30_1day/benchmark_result.json,no_dr_counterfactual_event_window_energy,1,11.0362,7.7548,11.0362,11.0362,3.2814,3.2814,0.297331,3.2814,3.2814,no_dr_counterfactual_baseline
household_s4_ev_commuter_flexible,household_s4_ev_commuter_flexible,EnergyBridge,Germany,1,2025-06-30,d30_hist_d30_1_patched,hist_d30_1_patched,30,/home/hku_user3/EnergyBridge/experiments/real_data/germany_2025_price.csv,18.0,1.0,/home/hku_user3/EnergyBridge/benchmark_results/vpp_patch_2026-07-15/_batch_logs/daily_event_configs/d30_hist_d30_1_patched.json,skipped_done,0,0.0,/home/hku_user3/EnergyBridge/benchmark_results/vpp_patch_2026-07-15/household_s4_ev_commuter_flexible_EnergyBridge_germany_d30_hist_d30_1_patched_2025-06-30_1day,/home/hku_user3/EnergyBridge/benchmark_results/vpp_patch_2026-07-15/_batch_logs/daily_dr_memory_germany_1day/household_s4_ev_commuter_flexible_EnergyBridge_germany_d30_hist_d30_1_patched_2025-06-30_1day.log,/home/hku_user3/EnergyBridge/benchmark_results/vpp_patch_2026-07-15/household_s4_ev_commuter_flexible_EnergyBridge_germany_d30_hist_d30_1_patched_2025-06-30_1day/run_summary.txt,0,59.868657,59.868657,19.81958,0.107128,EUR/kWh,/home/hku_user3/EnergyBridge/experiments/real_data/germany_2025_price.csv,7.7548,7.7548,1.0,1.0,4.5,1.0,1.0,"['dishwasher', 'dryer', 'ev', 'washer', 'water_heater']",[],[],matched,household_s4_ev_commuter_flexible|germany|1days|2025-06-30|no_dr,/home/hku_user3/EnergyBridge/benchmark_results/vpp_patch_2026-07-15/household_s4_ev_commuter_flexible_no_dr_germany_d30_hist_d30_1_patched_2025-06-30_1day/benchmark_result.json,no_dr_counterfactual_event_window_energy,1,11.0362,7.7548,11.0362,11.0362,3.2814,3.2814,0.297331,3.2814,3.2814,no_dr_counterfactual_baseline
household_s2_multigeneration_caregiver,household_s2_multigeneration_caregiver,no_dr,Tianjin,1,2025-06-30,d30_hist_d30_1_patched,hist_d30_1_patched,30,/home/hku_user3/EnergyBridge/experiments/real_data/tianjin_tou_price_normalized.csv,18.0,1.0,/home/hku_user3/EnergyBridge/benchmark_results/vpp_patch_2026-07-15/_batch_logs/daily_event_configs/d30_hist_d30_1_patched.json,skipped_done,0,0.0,/home/hku_user3/EnergyBridge/benchmark_results/vpp_patch_2026-07-15/household_s2_multigeneration_caregiver_no_dr_tianjin_d30_hist_d30_1_patched_2025-06-30_1day,/home/hku_user3/EnergyBridge/benchmark_results/vpp_patch_2026-07-15/_batch_logs/daily_dr_memory_tianjin_1day/household_s2_multigeneration_caregiver_no_dr_tianjin_d30_hist_d30_1_patched_2025-06-30_1day.log,/home/hku_user3/EnergyBridge/benchmark_results/vpp_patch_2026-07-15/household_s2_multigeneration_caregiver_no_dr_tianjin_d30_hist_d30_1_patched_2025-06-30_1day/run_summary.txt,0,36.514696,36.514696,50.552659,1.396457,normalized TOU cost/kWh,/home/hku_user3/EnergyBridge/experiments/real_data/tianjin_tou_price_normalized.csv,5.0846,5.0846,1.0,1.0,,0.0,1.0,[],"['dishwasher', 'dryer', 'ev', 'washer', 'water_heater']",[],matched,household_s2_multigeneration_caregiver|tianjin|1days|2025-06-30|no_dr,/home/hku_user3/EnergyBridge/benchmark_results/vpp_patch_2026-07-15/household_s2_multigeneration_caregiver_no_dr_tianjin_d30_hist_d30_1_patched_2025-06-30_1day/benchmark_result.json,no_dr_counterfactual_event_window_energy,1,5.0846,5.0846,5.0846,5.0846,0.0,0.0,0.0,0.0,0.0,no_dr_counterfactual_baseline
household_s3_hybrid_work_from_home,household_s3_hybrid_work_from_home,no_dr,Tianjin,1,2025-06-30,d30_hist_d30_1_patched,hist_d30_1_patched,30,/home/hku_user3/EnergyBridge/experiments/real_data/tianjin_tou_price_normalized.csv,18.0,1.0,/home/hku_user3/EnergyBridge/benchmark_results/vpp_patch_2026-07-15/_batch_logs/daily_event_configs/d30_hist_d30_1_patched.json,skipped_done,0,0.0,/home/hku_user3/EnergyBridge/benchmark_results/vpp_patch_2026-07-15/household_s3_hybrid_work_from_home_no_dr_tianjin_d30_hist_d30_1_patched_2025-06-30_1day,/home/hku_user3/EnergyBridge/benchmark_results/vpp_patch_2026-07-15/_batch_logs/daily_dr_memory_tianjin_1day/household_s3_hybrid_work_from_home_no_dr_tianjin_d30_hist_d30_1_patched_2025-06-30_1day.log,/home/hku_user3/EnergyBridge/benchmark_results/vpp_patch_2026-07-15/household_s3_hybrid_work_from_home_no_dr_tianjin_d30_hist_d30_1_patched_2025-06-30_1day/run_summary.txt,0,37.61798,37.61798,52.975381,1.419505,normalized TOU cost/kWh,/home/hku_user3/EnergyBridge/experiments/real_data/tianjin_tou_price_normalized.csv,5.0407,5.0407,1.0,1.0,,0.0,0.8,[],"['dishwasher', 'dryer', 'ev', 'washer', 'water_heater']",[],matched,household_s3_hybrid_work_from_home|tianjin|1days|2025-06-30|no_dr,/home/hku_user3/EnergyBridge/benchmark_results/vpp_patch_2026-07-15/household_s3_hybrid_work_from_home_no_dr_tianjin_d30_hist_d30_1_patched_2025-06-30_1day/benchmark_result.json,no_dr_counterfactual_event_window_energy,1,5.0407,5.0407,5.0407,5.0407,0.0,0.0,0.0,0.0,0.0,no_dr_counterfactual_baseline
household_s4_ev_commuter_flexible,household_s4_ev_commuter_flexible,no_dr,Tianjin,1,2025-06-30,d30_hist_d30_1_patched,hist_d30_1_patched,30,/home/hku_user3/EnergyBridge/experiments/real_data/tianjin_tou_price_normalized.csv,18.0,1.0,/home/hku_user3/EnergyBridge/benchmark_results/vpp_patch_2026-07-15/_batch_logs/daily_event_configs/d30_hist_d30_1_patched.json,skipped_done,0,0.0,/home/hku_user3/EnergyBridge/benchmark_results/vpp_patch_2026-07-15/household_s4_ev_commuter_flexible_no_dr_tianjin_d30_hist_d30_1_patched_2025-06-30_1day,/home/hku_user3/EnergyBridge/benchmark_results/vpp_patch_2026-07-15/_batch_logs/daily_dr_memory_tianjin_1day/household_s4_ev_commuter_flexible_no_dr_tianjin_d30_hist_d30_1_patched_2025-06-30_1day.log,/home/hku_user3/EnergyBridge/benchmark_results/vpp_patch_2026-07-15/household_s4_ev_commuter_flexible_no_dr_tianjin_d30_hist_d30_1_patched_2025-06-30_1day/run_summary.txt,0,41.39664,41.39664,59.079788,1.437524,normalized TOU cost/kWh,/home/hku_user3/EnergyBridge/experiments/real_data/tianjin_tou_price_normalized.csv,5.0395,5.0395,1.0,1.0,,0.0,1.0,[],"['dishwasher', 'dryer', 'ev', 'washer', 'water_heater']",[],matched,household_s4_ev_commuter_flexible|tianjin|1days|2025-06-30|no_dr,/home/hku_user3/EnergyBridge/benchmark_results/vpp_patch_2026-07-15/household_s4_ev_commuter_flexible_no_dr_tianjin_d30_hist_d30_1_patched_2025-06-30_1day/benchmark_result.json,no_dr_counterfactual_event_window_energy,1,5.0395,5.0395,5.0395,5.0395,0.0,0.0,0.0,0.0,0.0,no_dr_counterfactual_baseline
household_s2_multigeneration_caregiver,household_s2_multigeneration_caregiver,EnergyBridge,Tianjin,1,2025-06-30,d30_hist_d30_1_patched,hist_d30_1_patched,30,/home/hku_user3/EnergyBridge/experiments/real_data/tianjin_tou_price_normalized.csv,18.0,1.0,/home/hku_user3/EnergyBridge/benchmark_results/vpp_patch_2026-07-15/_batch_logs/daily_event_configs/d30_hist_d30_1_patched.json,skipped_done,0,0.0,/home/hku_user3/EnergyBridge/benchmark_results/vpp_patch_2026-07-15/household_s2_multigeneration_caregiver_EnergyBridge_tianjin_d30_hist_d30_1_patched_2025-06-30_1day,/home/hku_user3/EnergyBridge/benchmark_results/vpp_patch_2026-07-15/_batch_logs/daily_dr_memory_tianjin_1day/household_s2_multigeneration_caregiver_EnergyBridge_tianjin_d30_hist_d30_1_patched_2025-06-30_1day.log,/home/hku_user3/EnergyBridge/benchmark_results/vpp_patch_2026-07-15/household_s2_multigeneration_caregiver_EnergyBridge_tianjin_d30_hist_d30_1_patched_2025-06-30_1day/run_summary.txt,0,34.115324,34.115324,41.096142,1.289454,normalized TOU cost/kWh,/home/hku_user3/EnergyBridge/experiments/real_data/tianjin_tou_price_normalized.csv,1.1408,1.1408,1.0,1.0,4.2,1.0,1.0,"['dishwasher', 'dryer', 'ev', 'washer', 'water_heater']",[],[],matched,household_s2_multigeneration_caregiver|tianjin|1days|2025-06-30|no_dr,/home/hku_user3/EnergyBridge/benchmark_results/vpp_patch_2026-07-15/household_s2_multigeneration_caregiver_no_dr_tianjin_d30_hist_d30_1_patched_2025-06-30_1day/benchmark_result.json,no_dr_counterfactual_event_window_energy,1,5.0846,1.1408,5.0846,5.0846,3.9438,3.9438,0.775636,3.9438,3.9438,no_dr_counterfactual_baseline
household_s1_dual_commuter_standard,household_s1_dual_commuter_standard,EnergyBridge,Tianjin,1,2025-06-30,d30_hist_d30_1_patched,hist_d30_1_patched,30,/home/hku_user3/EnergyBridge/experiments/real_data/tianjin_tou_price_normalized.csv,18.0,1.0,/home/hku_user3/EnergyBridge/benchmark_results/vpp_patch_2026-07-15/_batch_logs/daily_event_configs/d30_hist_d30_1_patched.json,skipped_done,0,0.0,/home/hku_user3/EnergyBridge/benchmark_results/vpp_patch_2026-07-15/household_s1_dual_commuter_standard_EnergyBridge_tianjin_d30_hist_d30_1_patched_2025-06-30_1day,/home/hku_user3/EnergyBridge/benchmark_results/vpp_patch_2026-07-15/_batch_logs/daily_dr_memory_tianjin_1day/household_s1_dual_commuter_standard_EnergyBridge_tianjin_d30_hist_d30_1_patched_2025-06-30_1day.log,/home/hku_user3/EnergyBridge/benchmark_results/vpp_patch_2026-07-15/household_s1_dual_commuter_standard_EnergyBridge_tianjin_d30_hist_d30_1_patched_2025-06-30_1day/run_summary.txt,0,37.789347,37.789347,45.062183,1.31971,normalized TOU cost/kWh,/home/hku_user3/EnergyBridge/experiments/real_data/tianjin_tou_price_normalized.csv,0.4033,0.4033,1.0,1.0,4.0,1.0,1.0,"['dishwasher', 'dryer', 'ev', 'washer', 'water_heater']",[],[],matched,household_s1_dual_commuter_standard|tianjin|1days|2025-06-30|no_dr,/home/hku_user3/EnergyBridge/benchmark_results/vpp_patch_2026-07-15/household_s1_dual_commuter_standard_no_dr_tianjin_d30_hist_d30_1_patched_2025-06-30_1day/benchmark_result.json,no_dr_counterfactual_event_window_energy,1,5.0395,0.4033,5.0395,5.0395,4.6362,4.6362,0.919972,4.6362,4.6362,no_dr_counterfactual_baseline
household_s5_shared_roommates_irregular,household_s5_shared_roommates_irregular,no_dr,Tianjin,1,2025-06-30,d30_hist_d30_1_patched,hist_d30_1_patched,30,/home/hku_user3/EnergyBridge/experiments/real_data/tianjin_tou_price_normalized.csv,18.0,1.0,/home/hku_user3/EnergyBridge/benchmark_results/vpp_patch_2026-07-15/_batch_logs/daily_event_configs/d30_hist_d30_1_patched.json,skipped_done,0,0.0,/home/hku_user3/EnergyBridge/benchmark_results/vpp_patch_2026-07-15/household_s5_shared_roommates_irregular_no_dr_tianjin_d30_hist_d30_1_patched_2025-06-30_1day,/home/hku_user3/EnergyBridge/benchmark_results/vpp_patch_2026-07-15/_batch_logs/daily_dr_memory_tianjin_1day/household_s5_shared_roommates_irregular_no_dr_tianjin_d30_hist_d30_1_patched_2025-06-30_1day.log,/home/hku_user3/EnergyBridge/benchmark_results/vpp_patch_2026-07-15/household_s5_shared_roommates_irregular_no_dr_tianjin_d30_hist_d30_1_patched_2025-06-30_1day/run_summary.txt,0,37.315481,37.315481,52.549933,1.41961,normalized TOU cost/kWh,/home/hku_user3/EnergyBridge/experiments/real_data/tianjin_tou_price_normalized.csv,5.0395,5.0395,1.0,1.0,,0.0,1.0,[],"['dishwasher', 'dryer', 'ev', 'washer', 'water_heater']",[],matched,household_s5_shared_roommates_irregular|tianjin|1days|2025-06-30|no_dr,/home/hku_user3/EnergyBridge/benchmark_results/vpp_patch_2026-07-15/household_s5_shared_roommates_irregular_no_dr_tianjin_d30_hist_d30_1_patched_2025-06-30_1day/benchmark_result.json,no_dr_counterfactual_event_window_energy,1,5.0395,5.0395,5.0395,5.0395,0.0,0.0,0.0,0.0,0.0,no_dr_counterfactual_baseline
household_s4_ev_commuter_flexible,household_s4_ev_commuter_flexible,EnergyBridge,Tianjin,1,2025-06-30,d30_hist_d30_1_patched,hist_d30_1_patched,30,/home/hku_user3/EnergyBridge/experiments/real_data/tianjin_tou_price_normalized.csv,18.0,1.0,/home/hku_user3/EnergyBridge/benchmark_results/vpp_patch_2026-07-15/_batch_logs/daily_event_configs/d30_hist_d30_1_patched.json,skipped_done,0,0.0,/home/hku_user3/EnergyBridge/benchmark_results/vpp_patch_2026-07-15/household_s4_ev_commuter_flexible_EnergyBridge_tianjin_d30_hist_d30_1_patched_2025-06-30_1day,/home/hku_user3/EnergyBridge/benchmark_results/vpp_patch_2026-07-15/_batch_logs/daily_dr_memory_tianjin_1day/household_s4_ev_commuter_flexible_EnergyBridge_tianjin_d30_hist_d30_1_patched_2025-06-30_1day.log,/home/hku_user3/EnergyBridge/benchmark_results/vpp_patch_2026-07-15/household_s4_ev_commuter_flexible_EnergyBridge_tianjin_d30_hist_d30_1_patched_2025-06-30_1day/run_summary.txt,0,40.594828,40.594828,49.852129,1.38848,normalized TOU cost/kWh,/home/hku_user3/EnergyBridge/experiments/real_data/tianjin_tou_price_normalized.csv,1.031,1.031,1.0,1.0,4.25,1.0,1.0,"['dishwasher', 'dryer', 'ev', 'washer', 'water_heater']",[],[],matched,household_s4_ev_commuter_flexible|tianjin|1days|2025-06-30|no_dr,/home/hku_user3/EnergyBridge/benchmark_results/vpp_patch_2026-07-15/household_s4_ev_commuter_flexible_no_dr_tianjin_d30_hist_d30_1_patched_2025-06-30_1day/benchmark_result.json,no_dr_counterfactual_event_window_energy,1,5.0395,1.031,5.0395,5.0395,4.0085,4.0085,0.795416,4.0085,4.0085,no_dr_counterfactual_baseline
household_s3_hybrid_work_from_home,household_s3_hybrid_work_from_home,EnergyBridge,Tianjin,1,2025-06-30,d30_hist_d30_1_patched,hist_d30_1_patched,30,/home/hku_user3/EnergyBridge/experiments/real_data/tianjin_tou_price_normalized.csv,18.0,1.0,/home/hku_user3/EnergyBridge/benchmark_results/vpp_patch_2026-07-15/_batch_logs/daily_event_configs/d30_hist_d30_1_patched.json,skipped_done,0,0.0,/home/hku_user3/EnergyBridge/benchmark_results/vpp_patch_2026-07-15/household_s3_hybrid_work_from_home_EnergyBridge_tianjin_d30_hist_d30_1_patched_2025-06-30_1day,/home/hku_user3/EnergyBridge/benchmark_results/vpp_patch_2026-07-15/_batch_logs/daily_dr_memory_tianjin_1day/household_s3_hybrid_work_from_home_EnergyBridge_tianjin_d30_hist_d30_1_patched_2025-06-30_1day.log,/home/hku_user3/EnergyBridge/benchmark_results/vpp_patch_2026-07-15/household_s3_hybrid_work_from_home_EnergyBridge_tianjin_d30_hist_d30_1_patched_2025-06-30_1day/run_summary.txt,0,35.475686,35.475686,45.017381,1.394687,normalized TOU cost/kWh,/home/hku_user3/EnergyBridge/experiments/real_data/tianjin_tou_price_normalized.csv,1.052,1.052,1.0,1.0,4.0,1.0,1.0,"['dishwasher', 'dryer', 'ev', 'washer', 'water_heater']",[],[],matched,household_s3_hybrid_work_from_home|tianjin|1days|2025-06-30|no_dr,/home/hku_user3/EnergyBridge/benchmark_results/vpp_patch_2026-07-15/household_s3_hybrid_work_from_home_no_dr_tianjin_d30_hist_d30_1_patched_2025-06-30_1day/benchmark_result.json,no_dr_counterfactual_event_window_energy,1,5.0407,1.052,5.0407,5.0407,3.9887,3.9887,0.791299,3.9887,3.9887,no_dr_counterfactual_baseline
household_s5_shared_roommates_irregular,household_s5_shared_roommates_irregular,EnergyBridge,Tianjin,1,2025-06-30,d30_hist_d30_1_patched,hist_d30_1_patched,30,/home/hku_user3/EnergyBridge/experiments/real_data/tianjin_tou_price_normalized.csv,18.0,1.0,/home/hku_user3/EnergyBridge/benchmark_results/vpp_patch_2026-07-15/_batch_logs/daily_event_configs/d30_hist_d30_1_patched.json,skipped_done,0,0.0,/home/hku_user3/EnergyBridge/benchmark_results/vpp_patch_2026-07-15/household_s5_shared_roommates_irregular_EnergyBridge_tianjin_d30_hist_d30_1_patched_2025-06-30_1day,/home/hku_user3/EnergyBridge/benchmark_results/vpp_patch_2026-07-15/_batch_logs/daily_dr_memory_tianjin_1day/household_s5_shared_roommates_irregular_EnergyBridge_tianjin_d30_hist_d30_1_patched_2025-06-30_1day.log,/home/hku_user3/EnergyBridge/benchmark_results/vpp_patch_2026-07-15/household_s5_shared_roommates_irregular_EnergyBridge_tianjin_d30_hist_d30_1_patched_2025-06-30_1day/run_summary.txt,0,36.513668,36.513668,43.67097,1.372311,normalized TOU cost/kWh,/home/hku_user3/EnergyBridge/experiments/real_data/tianjin_tou_price_normalized.csv,1.031,1.031,1.0,1.0,4.25,1.0,1.0,"['dishwasher', 'dryer', 'ev', 'washer', 'water_heater']",[],[],matched,household_s5_shared_roommates_irregular|tianjin|1days|2025-06-30|no_dr,/home/hku_user3/EnergyBridge/benchmark_results/vpp_patch_2026-07-15/household_s5_shared_roommates_irregular_no_dr_tianjin_d30_hist_d30_1_patched_2025-06-30_1day/benchmark_result.json,no_dr_counterfactual_event_window_energy,1,5.0395,1.031,5.0395,5.0395,4.0085,4.0085,0.795416,4.0085,4.0085,no_dr_counterfactual_baseline
