case_id,profile_mode,role_card_id,persona_alias,role_baseline_acceptance_probability,source_user_json_path,user_profile_text_zh,user_profile_text_en,survey_visible_method,source_method,source_method_label,source_method_hint,strategy_presentation_style,city,household_id,persona_id,day,event_id,vpp_start,vpp_end,event_context_zh,event_context_en,strategy_text_zh,strategy_text_en,accepted_outcome_zh,accepted_outcome_en,rejected_outcome_zh,rejected_outcome_en,reference_gate_acceptance_probability,reference_gate_accepted,reference_stable_draw,reference_user_score,reference_comfort_score,reference_energy_score,reference_vpp_score,actual_vpp_kwh,actual_shed_kwh,primary_reference_feedback,source_summary_json,source_benchmark_result_json,researcher_notes,participant_case_id
tianjin__role_a__EnergyBridge__day1__vpp1,persona,role_a_price_cooperative_commuter,role_a,0.25,/home/hku_user/work/EnergyBridge/energybridge/roleplay/personas/basic_role_a_commuter_price_cooperative.json,"角色：规律通勤者 - 价格合作型
角色说明：工作日白天通常不在家，18:30 左右到家；晚间用电集中。愿意为了省钱调整家务时间，但希望知道大概能省多少。温度需求中等，可以接受小幅调整和确认。
日程：通常 08:30 离家，18:30 到家，洗澡/热水需求约 21:00，睡觉约 23:00；日程波动约 0.5 小时。
可调设备：空调、洗衣机、洗碗机、热水器。
舒适边界：空调舒适区间约 24.0-26.0°C，容忍偏离约 1.0°C。
设备日程：洗衣机偏好 19:00，可运行区间 08:00-22:00；洗碗机偏好 21:00，可运行区间 09:00-23:00；热水需要在 21:00 前可用。
VPP 接受倾向锚点：普通情况下约 25/100，属于偏低；具体策略仍会根据舒适、日程和解释质量上下调整。
判断提示：如果策略把省钱说清楚，并且让热水、家务和回家舒适都显得可靠，你会更愿意接受；如果策略只说帮助电网、不说收益，或者让晚间安排变得不确定，你会更不愿意接受。
请按照这个角色来判断，不要代入你自己的真实家庭。","Role: Regular Commuter – Price-Cooperative
Role description: Away from home during weekday daytime; returns around 18:30. Energy use concentrated in the evening. Willing to reschedule household tasks to save money, but wants to know how much will be saved. Moderate temperature requirements; accepts small adjustments with confirmation. The most common cooperative user prototype encountered by the agent.
Routine: usually leaves home around 08:30, returns around 18:30, needs hot water around 21:00, sleeps around 23:00; schedule variability about 0.5 h.
Controllable devices: AC, washer, dishwasher, water heater.
Comfort boundary: AC comfort range about 24.0-26.0°C, with tolerance around 1.0°C.
Device routine: washer preferred at 19:00, allowed 08:00-22:00; dishwasher preferred at 21:00, allowed 09:00-23:00; hot water must be ready by 21:00.
VPP acceptance anchor: about 25/100 in ordinary cases, a low baseline; adjust up or down based on comfort, schedule fit, and explanation quality.
Judgment cue: You become more willing if the strategy explains savings and makes hot water, chores, and return-home comfort feel reliable. You become less willing if it only talks about helping the grid or leaves evening arrangements uncertain.
Please judge as this role, not as your own real household.",,EnergyBridge,EnergyBridge,personalized agent plan with user-facing explanation,personalized_explanation,tianjin,,basic_role_a_commuter_price_cooperative,1,vpp1,18:00,19:00,地区：天津。第 1 天，VPP 事件时间为 18:00-19:00，电网希望家庭在这 1 小时内少用约 3.08 kWh 的电。,Region: tianjin. Day 1. The VPP event is 18:00-19:00. The grid asks this home to use about 3.08 kWh less electricity during this 1-hour window.,真实生成的 VPP 策略：VPP 窗口临时暂停制冷（仿真等效设定约 40.0°C）；洗衣机 08:00 开始；洗碗机 11:30 开始；热水器 01:30-05:30 预热到约 63.0°C。 系统说明：这些调整只用于 18:00-19:00 削峰，事件后会恢复正常控制；并明确保证洗澡前热水可用、必要家务仍会完成；你可以取消方案；感到不适时可立即恢复平常设置；预计可转移约 4.7 kW 负荷，费用收益按实际电价或 VPP 规则结算。,"Real generated VPP strategy: temporarily pause cooling during the VPP window (simulation-equivalent setpoint about 40.0°C); washer starts at 08:00; dishwasher starts at 11:30; water heater preheats 01:30-05:30 to about 63.0°C. System explanation: these changes apply only during 18:00-19:00, with normal control restored afterward; it explicitly protects hot water before the shower, completion of required chores; you can cancel the plan and restore the usual setting if uncomfortable; the estimated shifted load is about 4.7 kW, with savings determined by the actual tariff or VPP rules.",如果接受：系统执行该策略。本样本真实执行了接受分支；VPP 窗口实际用电约 1.06 kWh，估计削减约 2.76 kWh。结果提示：主要风险：舒适体验可能偏弱。 请按照角色卡判断这个结果是否值得满意。,"If accepted: the system executes this strategy. This sample realized the accepted branch; actual VPP-window electricity is about 1.06 kWh, with estimated shed about 2.76 kWh. Result note: Main risks: comfort may be weak. Please judge satisfaction from the role card.",如果拒绝：用户拒绝后，系统回到普通日计划或用户手动舒适习惯；这可能导致 VPP 窗口仍有部分家电或舒适负荷。 被试应按角色卡判断：保留控制权带来的安心感，是否足以抵消电费/VPP 配合的下降。,"If rejected, the system falls back to the ordinary daily plan or a manual comfort routine; some appliance or comfort load may still occur during the VPP window. Participants should judge from the role card whether keeping user control is worth the lower cost/VPP cooperation.",,,,2,1,2,3,1.0558,2.760945,"Comfort was poor with the AC pushed to 40°C, far above my 24–26°C preference. Washer avoidance was fine and the VPP window was handled, but I want a clear savings estimate and a milder temp next time.",,/home/hku_user/work/EnergyBridge/benchmark_results/2026-07-07_mainfig_refresh_v1/role_a_EnergyBridge_tianjin_7days/benchmark_result.json,Do not show source_method to participant unless testing method bias. This persona case uses a real generated single-user benchmark event.,VPP-001
tianjin__role_a__hema_agent__day1__vpp1,persona,role_a_price_cooperative_commuter,role_a,0.25,/home/hku_user/work/EnergyBridge/energybridge/roleplay/personas/basic_role_a_commuter_price_cooperative.json,"角色：规律通勤者 - 价格合作型
角色说明：工作日白天通常不在家，18:30 左右到家；晚间用电集中。愿意为了省钱调整家务时间，但希望知道大概能省多少。温度需求中等，可以接受小幅调整和确认。
日程：通常 08:30 离家，18:30 到家，洗澡/热水需求约 21:00，睡觉约 23:00；日程波动约 0.5 小时。
可调设备：空调、洗衣机、洗碗机、热水器。
舒适边界：空调舒适区间约 24.0-26.0°C，容忍偏离约 1.0°C。
设备日程：洗衣机偏好 19:00，可运行区间 08:00-22:00；洗碗机偏好 21:00，可运行区间 09:00-23:00；热水需要在 21:00 前可用。
VPP 接受倾向锚点：普通情况下约 25/100，属于偏低；具体策略仍会根据舒适、日程和解释质量上下调整。
判断提示：如果策略把省钱说清楚，并且让热水、家务和回家舒适都显得可靠，你会更愿意接受；如果策略只说帮助电网、不说收益，或者让晚间安排变得不确定，你会更不愿意接受。
请按照这个角色来判断，不要代入你自己的真实家庭。","Role: Regular Commuter – Price-Cooperative
Role description: Away from home during weekday daytime; returns around 18:30. Energy use concentrated in the evening. Willing to reschedule household tasks to save money, but wants to know how much will be saved. Moderate temperature requirements; accepts small adjustments with confirmation. The most common cooperative user prototype encountered by the agent.
Routine: usually leaves home around 08:30, returns around 18:30, needs hot water around 21:00, sleeps around 23:00; schedule variability about 0.5 h.
Controllable devices: AC, washer, dishwasher, water heater.
Comfort boundary: AC comfort range about 24.0-26.0°C, with tolerance around 1.0°C.
Device routine: washer preferred at 19:00, allowed 08:00-22:00; dishwasher preferred at 21:00, allowed 09:00-23:00; hot water must be ready by 21:00.
VPP acceptance anchor: about 25/100 in ordinary cases, a low baseline; adjust up or down based on comfort, schedule fit, and explanation quality.
Judgment cue: You become more willing if the strategy explains savings and makes hot water, chores, and return-home comfort feel reliable. You become less willing if it only talks about helping the grid or leaves evening arrangements uncertain.
Please judge as this role, not as your own real household.",,hema_agent,HEMA agent,generic agent plan with short explanation,generic_agent_explanation,tianjin,,basic_role_a_commuter_price_cooperative,1,vpp1,18:00,19:00,地区：天津。第 1 天，VPP 事件时间为 18:00-19:00，电网希望家庭在这 1 小时内少用约 3.08 kWh 的电。,Region: tianjin. Day 1. The VPP event is 18:00-19:00. The grid asks this home to use about 3.08 kWh less electricity during this 1-hour window.,真实生成的 VPP 策略：空调设定约 23.9°C；洗衣机 19:30 开始；洗碗机 20:30 开始；热水器 16:30-17:50 预热到约 57.2°C。 普通日计划空调约 24.0°C，用于对比。 系统说明：为了配合本次削峰，将把空调控制在合理舒适范围，事件后恢复正常运行。,"Real generated VPP strategy: AC setpoint about 23.9°C; washer starts at 19:30; dishwasher starts at 20:30; water heater preheats 16:30-17:50 to about 57.2°C. Ordinary daily-plan AC setpoint is about 24.0°C for comparison. System explanation: to support this peak event, the plan will keep AC within a reasonable comfort range and return to normal operation afterward.",如果接受：系统会执行上面的 VPP 策略。这个样本的完整实验真实执行分支是“拒绝后回退”，因此接受分支没有单独重复仿真；请主要根据策略文本判断如果接受会不会符合角色需求。,"If accepted: the system would execute the VPP strategy above. In the full experiment, this sample's realized branch was rejection and fallback, so the accepted branch was not separately re-simulated. Judge mainly from whether the strategy text would fit the role.",如果拒绝：用户拒绝后，系统回到普通日计划或用户手动舒适习惯；这可能导致 VPP 窗口仍有部分家电或舒适负荷。 普通计划空调约 24.0°C。 本样本真实执行了拒绝/回退分支；VPP 窗口实际用电约 3.26 kWh，估计削减约 12.49 kWh。 被试应按角色卡判断：保留控制权带来的安心感，是否足以抵消电费/VPP 配合的下降。,"If rejected, the system falls back to the ordinary daily plan or a manual comfort routine; some appliance or comfort load may still occur during the VPP window. Ordinary-plan AC target is about 24.0°C. This sample realized the rejection/fallback branch; actual VPP-window electricity is about 3.26 kWh, with estimated shed about 12.49 kWh. Participants should judge from the role card whether keeping user control is worth the lower cost/VPP cooperation.",0.42,False,0.867977,2.65,3.1,1.45,1.36,3.262,12.4881,"AC comfort was fine at 24°C, but the washer, dishwasher, and water heater all ran during the VPP window, so the demand-response goal failed. I wanted clear savings info; next time shift those tasks outside 18:00-19:00.",,/home/hku_user/work/EnergyBridge/benchmark_results/2026-07-21_hema_persona_tianjin_1day_v1/role_a_hema_agent_tianjin_1days/benchmark_result.json,Do not show source_method to participant unless testing method bias. This persona case uses a real generated single-user benchmark event.,VPP-002
tianjin__role_a__mpc_dynamic__day1__vpp1,persona,role_a_price_cooperative_commuter,role_a,0.25,/home/hku_user/work/EnergyBridge/energybridge/roleplay/personas/basic_role_a_commuter_price_cooperative.json,"角色：规律通勤者 - 价格合作型
角色说明：工作日白天通常不在家，18:30 左右到家；晚间用电集中。愿意为了省钱调整家务时间，但希望知道大概能省多少。温度需求中等，可以接受小幅调整和确认。
日程：通常 08:30 离家，18:30 到家，洗澡/热水需求约 21:00，睡觉约 23:00；日程波动约 0.5 小时。
可调设备：空调、洗衣机、洗碗机、热水器。
舒适边界：空调舒适区间约 24.0-26.0°C，容忍偏离约 1.0°C。
设备日程：洗衣机偏好 19:00，可运行区间 08:00-22:00；洗碗机偏好 21:00，可运行区间 09:00-23:00；热水需要在 21:00 前可用。
VPP 接受倾向锚点：普通情况下约 25/100，属于偏低；具体策略仍会根据舒适、日程和解释质量上下调整。
判断提示：如果策略把省钱说清楚，并且让热水、家务和回家舒适都显得可靠，你会更愿意接受；如果策略只说帮助电网、不说收益，或者让晚间安排变得不确定，你会更不愿意接受。
请按照这个角色来判断，不要代入你自己的真实家庭。","Role: Regular Commuter – Price-Cooperative
Role description: Away from home during weekday daytime; returns around 18:30. Energy use concentrated in the evening. Willing to reschedule household tasks to save money, but wants to know how much will be saved. Moderate temperature requirements; accepts small adjustments with confirmation. The most common cooperative user prototype encountered by the agent.
Routine: usually leaves home around 08:30, returns around 18:30, needs hot water around 21:00, sleeps around 23:00; schedule variability about 0.5 h.
Controllable devices: AC, washer, dishwasher, water heater.
Comfort boundary: AC comfort range about 24.0-26.0°C, with tolerance around 1.0°C.
Device routine: washer preferred at 19:00, allowed 08:00-22:00; dishwasher preferred at 21:00, allowed 09:00-23:00; hot water must be ready by 21:00.
VPP acceptance anchor: about 25/100 in ordinary cases, a low baseline; adjust up or down based on comfort, schedule fit, and explanation quality.
Judgment cue: You become more willing if the strategy explains savings and makes hot water, chores, and return-home comfort feel reliable. You become less willing if it only talks about helping the grid or leaves evening arrangements uncertain.
Please judge as this role, not as your own real household.",,mpc_dynamic,MPC,optimization baseline translated into ordinary language,plain_strategy_translation,tianjin,,basic_role_a_commuter_price_cooperative,1,vpp1,18:00,19:00,地区：天津。第 1 天，VPP 事件时间为 18:00-19:00，电网希望家庭在这 1 小时内少用约 3.08 kWh 的电。,Region: tianjin. Day 1. The VPP event is 18:00-19:00. The grid asks this home to use about 3.08 kWh less electricity during this 1-hour window.,真实生成的 VPP 策略：空调设定约 26.5°C；洗衣机 19:00 开始；洗碗机 21:00 开始；热水器 14:00-18:00 预热到约 65.0°C。 该方法没有生成面向用户的个性化解释；这里只把真实控制动作翻译成人话。,Real generated VPP strategy: AC setpoint about 26.5°C; washer starts at 19:00; dishwasher starts at 21:00; water heater preheats 14:00-18:00 to about 65.0°C. This method did not generate a personalized user-facing explanation; only the real control actions are translated.,如果接受：系统执行该策略。本样本真实执行了接受分支；VPP 窗口实际用电约 1.77 kWh，估计削减约 2.51 kWh。结果提示：主要风险不突出，被试可重点判断该策略是否符合角色的个人优先级。 请按照角色卡判断这个结果是否值得满意。,"If accepted: the system executes this strategy. This sample realized the accepted branch; actual VPP-window electricity is about 1.77 kWh, with estimated shed about 2.51 kWh. Result note: No major risk is obvious; participants should focus on whether this fits the role's priorities. Please judge satisfaction from the role card.",如果拒绝：用户拒绝后，系统回到普通日计划或用户手动舒适习惯；这可能导致 VPP 窗口仍有部分家电或舒适负荷。 被试应按角色卡判断：保留控制权带来的安心感，是否足以抵消电费/VPP 配合的下降。,"If rejected, the system falls back to the ordinary daily plan or a manual comfort routine; some appliance or comfort load may still occur during the VPP window. Participants should judge from the role card whether keeping user control is worth the lower cost/VPP cooperation.",,,,4,4,4,4,1.7695,2.505524,"Comfort stayed acceptable at 26.5°C and the washer/hot-water services were handled without hitting the VPP window. I’d like a clearer, user-facing savings estimate next time, but the price-aware shift looks reasonable.",,/home/hku_user/work/EnergyBridge/benchmark_results/2026-07-07_mainfig_refresh_v1/role_a_mpc_dynamic_H6_tianjin_7days/benchmark_result.json,Do not show source_method to participant unless testing method bias. This persona case uses a real generated single-user benchmark event.,VPP-003
tianjin__role_a__rule_milp__day1__vpp1,persona,role_a_price_cooperative_commuter,role_a,0.25,/home/hku_user/work/EnergyBridge/energybridge/roleplay/personas/basic_role_a_commuter_price_cooperative.json,"角色：规律通勤者 - 价格合作型
角色说明：工作日白天通常不在家，18:30 左右到家；晚间用电集中。愿意为了省钱调整家务时间，但希望知道大概能省多少。温度需求中等，可以接受小幅调整和确认。
日程：通常 08:30 离家，18:30 到家，洗澡/热水需求约 21:00，睡觉约 23:00；日程波动约 0.5 小时。
可调设备：空调、洗衣机、洗碗机、热水器。
舒适边界：空调舒适区间约 24.0-26.0°C，容忍偏离约 1.0°C。
设备日程：洗衣机偏好 19:00，可运行区间 08:00-22:00；洗碗机偏好 21:00，可运行区间 09:00-23:00；热水需要在 21:00 前可用。
VPP 接受倾向锚点：普通情况下约 25/100，属于偏低；具体策略仍会根据舒适、日程和解释质量上下调整。
判断提示：如果策略把省钱说清楚，并且让热水、家务和回家舒适都显得可靠，你会更愿意接受；如果策略只说帮助电网、不说收益，或者让晚间安排变得不确定，你会更不愿意接受。
请按照这个角色来判断，不要代入你自己的真实家庭。","Role: Regular Commuter – Price-Cooperative
Role description: Away from home during weekday daytime; returns around 18:30. Energy use concentrated in the evening. Willing to reschedule household tasks to save money, but wants to know how much will be saved. Moderate temperature requirements; accepts small adjustments with confirmation. The most common cooperative user prototype encountered by the agent.
Routine: usually leaves home around 08:30, returns around 18:30, needs hot water around 21:00, sleeps around 23:00; schedule variability about 0.5 h.
Controllable devices: AC, washer, dishwasher, water heater.
Comfort boundary: AC comfort range about 24.0-26.0°C, with tolerance around 1.0°C.
Device routine: washer preferred at 19:00, allowed 08:00-22:00; dishwasher preferred at 21:00, allowed 09:00-23:00; hot water must be ready by 21:00.
VPP acceptance anchor: about 25/100 in ordinary cases, a low baseline; adjust up or down based on comfort, schedule fit, and explanation quality.
Judgment cue: You become more willing if the strategy explains savings and makes hot water, chores, and return-home comfort feel reliable. You become less willing if it only talks about helping the grid or leaves evening arrangements uncertain.
Please judge as this role, not as your own real household.",,rule_milp,Rule+MILP,rule and MILP baseline translated into ordinary language,plain_strategy_translation,tianjin,,basic_role_a_commuter_price_cooperative,1,vpp1,18:00,19:00,地区：天津。第 1 天，VPP 事件时间为 18:00-19:00，电网希望家庭在这 1 小时内少用约 3.08 kWh 的电。,Region: tianjin. Day 1. The VPP event is 18:00-19:00. The grid asks this home to use about 3.08 kWh less electricity during this 1-hour window.,真实生成的 VPP 策略：VPP 窗口临时暂停制冷（仿真等效设定约 40.0°C）；洗衣机 08:00 开始；洗碗机 12:00 开始；热水器 01:30-05:30 预热到约 63.0°C。 该方法没有生成面向用户的个性化解释；这里只把真实控制动作翻译成人话。,Real generated VPP strategy: temporarily pause cooling during the VPP window (simulation-equivalent setpoint about 40.0°C); washer starts at 08:00; dishwasher starts at 12:00; water heater preheats 01:30-05:30 to about 63.0°C. This method did not generate a personalized user-facing explanation; only the real control actions are translated.,如果接受：系统执行该策略。本样本真实执行了接受分支；VPP 窗口实际用电约 1.05 kWh，估计削减约 0.01 kWh。结果提示：主要风险：舒适体验可能偏弱。 请按照角色卡判断这个结果是否值得满意。,"If accepted: the system executes this strategy. This sample realized the accepted branch; actual VPP-window electricity is about 1.05 kWh, with estimated shed about 0.01 kWh. Result note: Main risks: comfort may be weak. Please judge satisfaction from the role card.",如果拒绝：用户拒绝后，系统回到普通日计划或用户手动舒适习惯；这可能导致 VPP 窗口仍有部分家电或舒适负荷。 被试应按角色卡判断：保留控制权带来的安心感，是否足以抵消电费/VPP 配合的下降。,"If rejected, the system falls back to the ordinary daily plan or a manual comfort routine; some appliance or comfort load may still occur during the VPP window. Participants should judge from the role card whether keeping user control is worth the lower cost/VPP cooperation.",,,,2,2,3,4,1.0519,0.009023,"VPP appliance avoidance was successful and washer/water-heater tasks were kept out of the window, but 40°C cooling is far too warm for evening comfort. Cost savings weren’t clearly explained; next time keep home near my 24-26°C range and state the savings.",,/home/hku_user/work/EnergyBridge/benchmark_results/2026-07-07_mainfig_refresh_v1/role_a_rule_milp_tianjin_7days/benchmark_result.json,Do not show source_method to participant unless testing method bias. This persona case uses a real generated single-user benchmark event.,VPP-004
tianjin__role_a__rl_ppo_pref_v2__day1__vpp1,persona,role_a_price_cooperative_commuter,role_a,0.25,/home/hku_user/work/EnergyBridge/energybridge/roleplay/personas/basic_role_a_commuter_price_cooperative.json,"角色：规律通勤者 - 价格合作型
角色说明：工作日白天通常不在家，18:30 左右到家；晚间用电集中。愿意为了省钱调整家务时间，但希望知道大概能省多少。温度需求中等，可以接受小幅调整和确认。
日程：通常 08:30 离家，18:30 到家，洗澡/热水需求约 21:00，睡觉约 23:00；日程波动约 0.5 小时。
可调设备：空调、洗衣机、洗碗机、热水器。
舒适边界：空调舒适区间约 24.0-26.0°C，容忍偏离约 1.0°C。
设备日程：洗衣机偏好 19:00，可运行区间 08:00-22:00；洗碗机偏好 21:00，可运行区间 09:00-23:00；热水需要在 21:00 前可用。
VPP 接受倾向锚点：普通情况下约 25/100，属于偏低；具体策略仍会根据舒适、日程和解释质量上下调整。
判断提示：如果策略把省钱说清楚，并且让热水、家务和回家舒适都显得可靠，你会更愿意接受；如果策略只说帮助电网、不说收益，或者让晚间安排变得不确定，你会更不愿意接受。
请按照这个角色来判断，不要代入你自己的真实家庭。","Role: Regular Commuter – Price-Cooperative
Role description: Away from home during weekday daytime; returns around 18:30. Energy use concentrated in the evening. Willing to reschedule household tasks to save money, but wants to know how much will be saved. Moderate temperature requirements; accepts small adjustments with confirmation. The most common cooperative user prototype encountered by the agent.
Routine: usually leaves home around 08:30, returns around 18:30, needs hot water around 21:00, sleeps around 23:00; schedule variability about 0.5 h.
Controllable devices: AC, washer, dishwasher, water heater.
Comfort boundary: AC comfort range about 24.0-26.0°C, with tolerance around 1.0°C.
Device routine: washer preferred at 19:00, allowed 08:00-22:00; dishwasher preferred at 21:00, allowed 09:00-23:00; hot water must be ready by 21:00.
VPP acceptance anchor: about 25/100 in ordinary cases, a low baseline; adjust up or down based on comfort, schedule fit, and explanation quality.
Judgment cue: You become more willing if the strategy explains savings and makes hot water, chores, and return-home comfort feel reliable. You become less willing if it only talks about helping the grid or leaves evening arrangements uncertain.
Please judge as this role, not as your own real household.",,rl_ppo_pref_v2,RL,RL policy translated into ordinary language,plain_strategy_translation,tianjin,,basic_role_a_commuter_price_cooperative,1,vpp1,18:00,19:00,地区：天津。第 1 天，VPP 事件时间为 18:00-19:00，电网希望家庭在这 1 小时内少用约 3.08 kWh 的电。,Region: tianjin. Day 1. The VPP event is 18:00-19:00. The grid asks this home to use about 3.08 kWh less electricity during this 1-hour window.,真实生成的 VPP 策略：空调设定约 27.5°C；洗衣机 08:00 开始；洗碗机 21:29 开始；热水器 13:07-16:07 预热到约 74.8°C。 该方法没有生成面向用户的个性化解释；这里只把真实控制动作翻译成人话。,Real generated VPP strategy: AC setpoint about 27.5°C; washer starts at 08:00; dishwasher starts at 21:29; water heater preheats 13:07-16:07 to about 74.8°C. This method did not generate a personalized user-facing explanation; only the real control actions are translated.,如果接受：系统执行该策略。本样本真实执行了接受分支；VPP 窗口实际用电约 1.08 kWh，估计削减约 4.85 kWh。结果提示：主要风险：舒适体验可能偏弱。 请按照角色卡判断这个结果是否值得满意。,"If accepted: the system executes this strategy. This sample realized the accepted branch; actual VPP-window electricity is about 1.08 kWh, with estimated shed about 4.85 kWh. Result note: Main risks: comfort may be weak. Please judge satisfaction from the role card.",如果拒绝：用户拒绝后，系统回到普通日计划或用户手动舒适习惯；这可能导致 VPP 窗口仍有部分家电或舒适负荷。 被试应按角色卡判断：保留控制权带来的安心感，是否足以抵消电费/VPP 配合的下降。,"If rejected, the system falls back to the ordinary daily plan or a manual comfort routine; some appliance or comfort load may still occur during the VPP window. Participants should judge from the role card whether keeping user control is worth the lower cost/VPP cooperation.",,,,2,2,3,4,1.0783,4.848661,"AC set to 27.5°C is above my comfort band, and there’s no clear price savings shown. VPP appliance avoidance was achieved, but the explanation felt like a raw policy trace, not a useful household rationale.",,/home/hku_user/work/EnergyBridge/benchmark_results/2026-07-07_mainfig_refresh_v1/role_a_rl_ppo_pref_v2_tianjin_7days/benchmark_result.json,Do not show source_method to participant unless testing method bias. This persona case uses a real generated single-user benchmark event.,VPP-005
tianjin__role_b__EnergyBridge__day1__vpp1,persona,role_b_home_comfort_gated,role_b,0.12,/home/hku_user/work/EnergyBridge/energybridge/roleplay/personas/basic_role_b_home_comfort_gated.json,"角色：居家用户 - 舒适优先型
角色说明：全天在家，可能远程办公；对温度变化敏感，不愿为了小额节省牺牲舒适。只接受非常短、非常小的温控调整，并希望提前确认。
日程：通常全天在家；起床约 07:00，洗澡/热水需求约 21:00，睡觉约 23:00；日程波动约 0.3 小时。
可调设备：空调、洗衣机、热水器。
舒适边界：空调舒适区间约 24.5-25.5°C，容忍偏离约 0.5°C。
设备日程：洗衣机偏好 10:00，可运行区间 09:00-20:00；热水需要在 21:00 前可用。
VPP 接受倾向锚点：普通情况下约 12/100，属于很低；具体策略仍会根据舒适、日程和解释质量上下调整。
判断提示：如果策略几乎不改变体感温度，影响时间很短，并且保护工作/休息、热水和家务，你会更愿意接受；如果策略为了省电让你闷热、分心或需要自己补救，你会更不愿意接受。
请按照这个角色来判断，不要代入你自己的真实家庭。","Role: Stay-at-Home – Comfort-Gated
Role description: Home all day, possibly working remotely or caring for a family member. Sensitive to temperature changes; unwilling to sacrifice comfort for small savings. Can tolerate very short and very small thermostat adjustments, but only with prior confirmation. Agent challenge: protect comfort while finding minimal flexibility.
Routine: usually at home all day; wakes around 07:00, needs hot water around 21:00, sleeps around 23:00; schedule variability about 0.3 h.
Controllable devices: AC, washer, water heater.
Comfort boundary: AC comfort range about 24.5-25.5°C, with tolerance around 0.5°C.
Device routine: washer preferred at 10:00, allowed 09:00-20:00; hot water must be ready by 21:00.
VPP acceptance anchor: about 12/100 in ordinary cases, a very low baseline; adjust up or down based on comfort, schedule fit, and explanation quality.
Judgment cue: You become more willing if the strategy barely changes perceived comfort, keeps the impact brief, and protects work/rest, hot water, and chores. You become less willing if it creates stuffiness, distraction, or manual fixes.
Please judge as this role, not as your own real household.",,EnergyBridge,EnergyBridge,personalized agent plan with user-facing explanation,personalized_explanation,tianjin,,basic_role_b_home_comfort_gated,1,vpp1,18:00,19:00,地区：天津。第 1 天，VPP 事件时间为 18:00-19:00，电网希望家庭在这 1 小时内少用约 3.08 kWh 的电。,Region: tianjin. Day 1. The VPP event is 18:00-19:00. The grid asks this home to use about 3.08 kWh less electricity during this 1-hour window.,真实生成的 VPP 策略：VPP 窗口临时暂停制冷（仿真等效设定约 40.0°C）；洗衣机 09:00 开始；热水器 04:00-06:00 预热到约 63.0°C。 系统说明：这些调整只用于 18:00-19:00 削峰，事件后会恢复正常控制；并明确保证洗澡前热水可用、必要家务仍会完成；你可以取消方案；感到不适时可立即恢复平常设置；预计可转移约 0.0 kW 负荷，费用收益按实际电价或 VPP 规则结算。,"Real generated VPP strategy: temporarily pause cooling during the VPP window (simulation-equivalent setpoint about 40.0°C); washer starts at 09:00; water heater preheats 04:00-06:00 to about 63.0°C. System explanation: these changes apply only during 18:00-19:00, with normal control restored afterward; it explicitly protects hot water before the shower, completion of required chores; you can cancel the plan and restore the usual setting if uncomfortable; the estimated shifted load is about 0.0 kW, with savings determined by the actual tariff or VPP rules.",如果接受：系统执行该策略。本样本真实执行了接受分支；VPP 窗口实际用电约 0.40 kWh，估计削减约 1.05 kWh。结果提示：主要风险：舒适体验可能偏弱。 请按照角色卡判断这个结果是否值得满意。,"If accepted: the system executes this strategy. This sample realized the accepted branch; actual VPP-window electricity is about 0.40 kWh, with estimated shed about 1.05 kWh. Result note: Main risks: comfort may be weak. Please judge satisfaction from the role card.",如果拒绝：用户拒绝后，系统回到普通日计划或用户手动舒适习惯；这可能导致 VPP 窗口仍有部分家电或舒适负荷。 被试应按角色卡判断：保留控制权带来的安心感，是否足以抵消电费/VPP 配合的下降。,"If rejected, the system falls back to the ordinary daily plan or a manual comfort routine; some appliance or comfort load may still occur during the VPP window. Participants should judge from the role card whether keeping user control is worth the lower cost/VPP cooperation.",,,,1,1,3,4,0.3975,1.050532,VPP appliance criterion achieved; comfort/routine were preserved.,,/home/hku_user/work/EnergyBridge/benchmark_results/2026-07-07_mainfig_refresh_v1/role_b_EnergyBridge_tianjin_7days/benchmark_result.json,Do not show source_method to participant unless testing method bias. This persona case uses a real generated single-user benchmark event.,VPP-006
tianjin__role_b__hema_agent__day1__vpp1,persona,role_b_home_comfort_gated,role_b,0.12,/home/hku_user/work/EnergyBridge/energybridge/roleplay/personas/basic_role_b_home_comfort_gated.json,"角色：居家用户 - 舒适优先型
角色说明：全天在家，可能远程办公；对温度变化敏感，不愿为了小额节省牺牲舒适。只接受非常短、非常小的温控调整，并希望提前确认。
日程：通常全天在家；起床约 07:00，洗澡/热水需求约 21:00，睡觉约 23:00；日程波动约 0.3 小时。
可调设备：空调、洗衣机、热水器。
舒适边界：空调舒适区间约 24.5-25.5°C，容忍偏离约 0.5°C。
设备日程：洗衣机偏好 10:00，可运行区间 09:00-20:00；热水需要在 21:00 前可用。
VPP 接受倾向锚点：普通情况下约 12/100，属于很低；具体策略仍会根据舒适、日程和解释质量上下调整。
判断提示：如果策略几乎不改变体感温度，影响时间很短，并且保护工作/休息、热水和家务，你会更愿意接受；如果策略为了省电让你闷热、分心或需要自己补救，你会更不愿意接受。
请按照这个角色来判断，不要代入你自己的真实家庭。","Role: Stay-at-Home – Comfort-Gated
Role description: Home all day, possibly working remotely or caring for a family member. Sensitive to temperature changes; unwilling to sacrifice comfort for small savings. Can tolerate very short and very small thermostat adjustments, but only with prior confirmation. Agent challenge: protect comfort while finding minimal flexibility.
Routine: usually at home all day; wakes around 07:00, needs hot water around 21:00, sleeps around 23:00; schedule variability about 0.3 h.
Controllable devices: AC, washer, water heater.
Comfort boundary: AC comfort range about 24.5-25.5°C, with tolerance around 0.5°C.
Device routine: washer preferred at 10:00, allowed 09:00-20:00; hot water must be ready by 21:00.
VPP acceptance anchor: about 12/100 in ordinary cases, a very low baseline; adjust up or down based on comfort, schedule fit, and explanation quality.
Judgment cue: You become more willing if the strategy barely changes perceived comfort, keeps the impact brief, and protects work/rest, hot water, and chores. You become less willing if it creates stuffiness, distraction, or manual fixes.
Please judge as this role, not as your own real household.",,hema_agent,HEMA agent,generic agent plan with short explanation,generic_agent_explanation,tianjin,,basic_role_b_home_comfort_gated,1,vpp1,18:00,19:00,地区：天津。第 1 天，VPP 事件时间为 18:00-19:00，电网希望家庭在这 1 小时内少用约 3.08 kWh 的电。,Region: tianjin. Day 1. The VPP event is 18:00-19:00. The grid asks this home to use about 3.08 kWh less electricity during this 1-hour window.,真实生成的 VPP 策略：空调设定约 24.0°C；洗衣机 19:30 开始；热水器 16:15-19:00 预热到约 57.2°C。 普通日计划空调约 25.5°C，用于对比。 系统说明：为了配合本次削峰，将把空调控制在合理舒适范围，事件后恢复正常运行。,"Real generated VPP strategy: AC setpoint about 24.0°C; washer starts at 19:30; water heater preheats 16:15-19:00 to about 57.2°C. Ordinary daily-plan AC setpoint is about 25.5°C for comparison. System explanation: to support this peak event, the plan will keep AC within a reasonable comfort range and return to normal operation afterward.",如果接受：系统会执行上面的 VPP 策略。这个样本的完整实验真实执行分支是“拒绝后回退”，因此接受分支没有单独重复仿真；请主要根据策略文本判断如果接受会不会符合角色需求。,"If accepted: the system would execute the VPP strategy above. In the full experiment, this sample's realized branch was rejection and fallback, so the accepted branch was not separately re-simulated. Judge mainly from whether the strategy text would fit the role.",如果拒绝：用户拒绝后，系统回到普通日计划或用户手动舒适习惯；这可能导致 VPP 窗口仍有部分家电或舒适负荷。 普通计划空调约 25.5°C。 本样本真实执行了拒绝/回退分支；VPP 窗口实际用电约 3.34 kWh，估计削减约 2.72 kWh。 被试应按角色卡判断：保留控制权带来的安心感，是否足以抵消电费/VPP 配合的下降。,"If rejected, the system falls back to the ordinary daily plan or a manual comfort routine; some appliance or comfort load may still occur during the VPP window. Ordinary-plan AC target is about 25.5°C. This sample realized the rejection/fallback branch; actual VPP-window electricity is about 3.34 kWh, with estimated shed about 2.72 kWh. Participants should judge from the role card whether keeping user control is worth the lower cost/VPP cooperation.",0.03,False,0.185384,2.58,3.1,3.0,1.0,3.3358,2.724947,Comfort/consent preserved; fixed loads limited VPP.,,/home/hku_user/work/EnergyBridge/benchmark_results/2026-07-21_hema_persona_tianjin_1day_v1/role_b_hema_agent_tianjin_1days/benchmark_result.json,Do not show source_method to participant unless testing method bias. This persona case uses a real generated single-user benchmark event.,VPP-007
tianjin__role_b__mpc_dynamic__day1__vpp1,persona,role_b_home_comfort_gated,role_b,0.12,/home/hku_user/work/EnergyBridge/energybridge/roleplay/personas/basic_role_b_home_comfort_gated.json,"角色：居家用户 - 舒适优先型
角色说明：全天在家，可能远程办公；对温度变化敏感，不愿为了小额节省牺牲舒适。只接受非常短、非常小的温控调整，并希望提前确认。
日程：通常全天在家；起床约 07:00，洗澡/热水需求约 21:00，睡觉约 23:00；日程波动约 0.3 小时。
可调设备：空调、洗衣机、热水器。
舒适边界：空调舒适区间约 24.5-25.5°C，容忍偏离约 0.5°C。
设备日程：洗衣机偏好 10:00，可运行区间 09:00-20:00；热水需要在 21:00 前可用。
VPP 接受倾向锚点：普通情况下约 12/100，属于很低；具体策略仍会根据舒适、日程和解释质量上下调整。
判断提示：如果策略几乎不改变体感温度，影响时间很短，并且保护工作/休息、热水和家务，你会更愿意接受；如果策略为了省电让你闷热、分心或需要自己补救，你会更不愿意接受。
请按照这个角色来判断，不要代入你自己的真实家庭。","Role: Stay-at-Home – Comfort-Gated
Role description: Home all day, possibly working remotely or caring for a family member. Sensitive to temperature changes; unwilling to sacrifice comfort for small savings. Can tolerate very short and very small thermostat adjustments, but only with prior confirmation. Agent challenge: protect comfort while finding minimal flexibility.
Routine: usually at home all day; wakes around 07:00, needs hot water around 21:00, sleeps around 23:00; schedule variability about 0.3 h.
Controllable devices: AC, washer, water heater.
Comfort boundary: AC comfort range about 24.5-25.5°C, with tolerance around 0.5°C.
Device routine: washer preferred at 10:00, allowed 09:00-20:00; hot water must be ready by 21:00.
VPP acceptance anchor: about 12/100 in ordinary cases, a very low baseline; adjust up or down based on comfort, schedule fit, and explanation quality.
Judgment cue: You become more willing if the strategy barely changes perceived comfort, keeps the impact brief, and protects work/rest, hot water, and chores. You become less willing if it creates stuffiness, distraction, or manual fixes.
Please judge as this role, not as your own real household.",,mpc_dynamic,MPC,optimization baseline translated into ordinary language,plain_strategy_translation,tianjin,,basic_role_b_home_comfort_gated,1,vpp1,18:00,19:00,地区：天津。第 1 天，VPP 事件时间为 18:00-19:00，电网希望家庭在这 1 小时内少用约 3.08 kWh 的电。,Region: tianjin. Day 1. The VPP event is 18:00-19:00. The grid asks this home to use about 3.08 kWh less electricity during this 1-hour window.,真实生成的 VPP 策略：空调设定约 26.5°C；洗衣机 10:00 开始；热水器 18:00-20:00 预热到约 65.0°C。 该方法没有生成面向用户的个性化解释；这里只把真实控制动作翻译成人话。,Real generated VPP strategy: AC setpoint about 26.5°C; washer starts at 10:00; water heater preheats 18:00-20:00 to about 65.0°C. This method did not generate a personalized user-facing explanation; only the real control actions are translated.,如果接受：系统执行该策略。本样本真实执行了接受分支；VPP 窗口实际用电约 4.59 kWh，估计削减约 0.00 kWh。结果提示：主要风险：舒适体验可能偏弱；VPP 避峰效果可能不稳定。 请按照角色卡判断这个结果是否值得满意。,"If accepted: the system executes this strategy. This sample realized the accepted branch; actual VPP-window electricity is about 4.59 kWh, with estimated shed about 0.00 kWh. Result note: Main risks: comfort may be weak; VPP peak reduction may be unreliable. Please judge satisfaction from the role card.",如果拒绝：用户拒绝后，系统回到普通日计划或用户手动舒适习惯；这可能导致 VPP 窗口仍有部分家电或舒适负荷。 被试应按角色卡判断：保留控制权带来的安心感，是否足以抵消电费/VPP 配合的下降。,"If rejected, the system falls back to the ordinary daily plan or a manual comfort routine; some appliance or comfort load may still occur during the VPP window. Participants should judge from the role card whether keeping user control is worth the lower cost/VPP cooperation.",,,,2,2,3,1,4.593,0.0,"AC at 26.5°C is above my comfort band and I would notice that. Washer was completed, but the water heater ran during the VPP window, so appliance avoidance failed. The explanation was technical, not reassuring; ask before any AC shift and avoid hot-water overlap next time.",,/home/hku_user/work/EnergyBridge/benchmark_results/2026-07-07_mainfig_refresh_v1/role_b_mpc_dynamic_H6_tianjin_7days/benchmark_result.json,Do not show source_method to participant unless testing method bias. This persona case uses a real generated single-user benchmark event.,VPP-008
tianjin__role_b__rule_milp__day1__vpp1,persona,role_b_home_comfort_gated,role_b,0.12,/home/hku_user/work/EnergyBridge/energybridge/roleplay/personas/basic_role_b_home_comfort_gated.json,"角色：居家用户 - 舒适优先型
角色说明：全天在家，可能远程办公；对温度变化敏感，不愿为了小额节省牺牲舒适。只接受非常短、非常小的温控调整，并希望提前确认。
日程：通常全天在家；起床约 07:00，洗澡/热水需求约 21:00，睡觉约 23:00；日程波动约 0.3 小时。
可调设备：空调、洗衣机、热水器。
舒适边界：空调舒适区间约 24.5-25.5°C，容忍偏离约 0.5°C。
设备日程：洗衣机偏好 10:00，可运行区间 09:00-20:00；热水需要在 21:00 前可用。
VPP 接受倾向锚点：普通情况下约 12/100，属于很低；具体策略仍会根据舒适、日程和解释质量上下调整。
判断提示：如果策略几乎不改变体感温度，影响时间很短，并且保护工作/休息、热水和家务，你会更愿意接受；如果策略为了省电让你闷热、分心或需要自己补救，你会更不愿意接受。
请按照这个角色来判断，不要代入你自己的真实家庭。","Role: Stay-at-Home – Comfort-Gated
Role description: Home all day, possibly working remotely or caring for a family member. Sensitive to temperature changes; unwilling to sacrifice comfort for small savings. Can tolerate very short and very small thermostat adjustments, but only with prior confirmation. Agent challenge: protect comfort while finding minimal flexibility.
Routine: usually at home all day; wakes around 07:00, needs hot water around 21:00, sleeps around 23:00; schedule variability about 0.3 h.
Controllable devices: AC, washer, water heater.
Comfort boundary: AC comfort range about 24.5-25.5°C, with tolerance around 0.5°C.
Device routine: washer preferred at 10:00, allowed 09:00-20:00; hot water must be ready by 21:00.
VPP acceptance anchor: about 12/100 in ordinary cases, a very low baseline; adjust up or down based on comfort, schedule fit, and explanation quality.
Judgment cue: You become more willing if the strategy barely changes perceived comfort, keeps the impact brief, and protects work/rest, hot water, and chores. You become less willing if it creates stuffiness, distraction, or manual fixes.
Please judge as this role, not as your own real household.",,rule_milp,Rule+MILP,rule and MILP baseline translated into ordinary language,plain_strategy_translation,tianjin,,basic_role_b_home_comfort_gated,1,vpp1,18:00,19:00,地区：天津。第 1 天，VPP 事件时间为 18:00-19:00，电网希望家庭在这 1 小时内少用约 3.08 kWh 的电。,Region: tianjin. Day 1. The VPP event is 18:00-19:00. The grid asks this home to use about 3.08 kWh less electricity during this 1-hour window.,真实生成的 VPP 策略：VPP 窗口临时暂停制冷（仿真等效设定约 40.0°C）；洗衣机 09:00 开始；热水器 05:30-07:30 预热到约 63.0°C。 该方法没有生成面向用户的个性化解释；这里只把真实控制动作翻译成人话。,Real generated VPP strategy: temporarily pause cooling during the VPP window (simulation-equivalent setpoint about 40.0°C); washer starts at 09:00; water heater preheats 05:30-07:30 to about 63.0°C. This method did not generate a personalized user-facing explanation; only the real control actions are translated.,如果接受：系统执行该策略。本样本真实执行了接受分支；VPP 窗口实际用电约 0.40 kWh，估计削减约 0.63 kWh。结果提示：主要风险：舒适体验可能偏弱。 请按照角色卡判断这个结果是否值得满意。,"If accepted: the system executes this strategy. This sample realized the accepted branch; actual VPP-window electricity is about 0.40 kWh, with estimated shed about 0.63 kWh. Result note: Main risks: comfort may be weak. Please judge satisfaction from the role card.",如果拒绝：用户拒绝后，系统回到普通日计划或用户手动舒适习惯；这可能导致 VPP 窗口仍有部分家电或舒适负荷。 被试应按角色卡判断：保留控制权带来的安心感，是否足以抵消电费/VPP 配合的下降。,"If rejected, the system falls back to the ordinary daily plan or a manual comfort routine; some appliance or comfort load may still occur during the VPP window. Participants should judge from the role card whether keeping user control is worth the lower cost/VPP cooperation.",,,,1,1,2,3,0.3975,0.632761,"AC setpoint 40C would make the home uncomfortably hot for a temp-sensitive, stay-at-home user; that’s not acceptable without prior consent. Washer finished and VPP appliance-avoidance was successful, but comfort was badly violated. Ask first and keep AC within agreed limits.",,/home/hku_user/work/EnergyBridge/benchmark_results/2026-07-07_mainfig_refresh_v1/role_b_rule_milp_tianjin_7days/benchmark_result.json,Do not show source_method to participant unless testing method bias. This persona case uses a real generated single-user benchmark event.,VPP-009
tianjin__role_b__rl_ppo_pref_v2__day1__vpp1,persona,role_b_home_comfort_gated,role_b,0.12,/home/hku_user/work/EnergyBridge/energybridge/roleplay/personas/basic_role_b_home_comfort_gated.json,"角色：居家用户 - 舒适优先型
角色说明：全天在家，可能远程办公；对温度变化敏感，不愿为了小额节省牺牲舒适。只接受非常短、非常小的温控调整，并希望提前确认。
日程：通常全天在家；起床约 07:00，洗澡/热水需求约 21:00，睡觉约 23:00；日程波动约 0.3 小时。
可调设备：空调、洗衣机、热水器。
舒适边界：空调舒适区间约 24.5-25.5°C，容忍偏离约 0.5°C。
设备日程：洗衣机偏好 10:00，可运行区间 09:00-20:00；热水需要在 21:00 前可用。
VPP 接受倾向锚点：普通情况下约 12/100，属于很低；具体策略仍会根据舒适、日程和解释质量上下调整。
判断提示：如果策略几乎不改变体感温度，影响时间很短，并且保护工作/休息、热水和家务，你会更愿意接受；如果策略为了省电让你闷热、分心或需要自己补救，你会更不愿意接受。
请按照这个角色来判断，不要代入你自己的真实家庭。","Role: Stay-at-Home – Comfort-Gated
Role description: Home all day, possibly working remotely or caring for a family member. Sensitive to temperature changes; unwilling to sacrifice comfort for small savings. Can tolerate very short and very small thermostat adjustments, but only with prior confirmation. Agent challenge: protect comfort while finding minimal flexibility.
Routine: usually at home all day; wakes around 07:00, needs hot water around 21:00, sleeps around 23:00; schedule variability about 0.3 h.
Controllable devices: AC, washer, water heater.
Comfort boundary: AC comfort range about 24.5-25.5°C, with tolerance around 0.5°C.
Device routine: washer preferred at 10:00, allowed 09:00-20:00; hot water must be ready by 21:00.
VPP acceptance anchor: about 12/100 in ordinary cases, a very low baseline; adjust up or down based on comfort, schedule fit, and explanation quality.
Judgment cue: You become more willing if the strategy barely changes perceived comfort, keeps the impact brief, and protects work/rest, hot water, and chores. You become less willing if it creates stuffiness, distraction, or manual fixes.
Please judge as this role, not as your own real household.",,rl_ppo_pref_v2,RL,RL policy translated into ordinary language,plain_strategy_translation,tianjin,,basic_role_b_home_comfort_gated,1,vpp1,18:00,19:00,地区：天津。第 1 天，VPP 事件时间为 18:00-19:00，电网希望家庭在这 1 小时内少用约 3.08 kWh 的电。,Region: tianjin. Day 1. The VPP event is 18:00-19:00. The grid asks this home to use about 3.08 kWh less electricity during this 1-hour window.,真实生成的 VPP 策略：空调设定约 27.3°C；洗衣机 10:00 开始；热水器 13:16-16:16 预热到约 75.0°C。 该方法没有生成面向用户的个性化解释；这里只把真实控制动作翻译成人话。,Real generated VPP strategy: AC setpoint about 27.3°C; washer starts at 10:00; water heater preheats 13:16-16:16 to about 75.0°C. This method did not generate a personalized user-facing explanation; only the real control actions are translated.,如果接受：系统执行该策略。本样本真实执行了接受分支；VPP 窗口实际用电约 0.99 kWh，估计削减约 1.04 kWh。结果提示：主要风险：舒适体验可能偏弱。 请按照角色卡判断这个结果是否值得满意。,"If accepted: the system executes this strategy. This sample realized the accepted branch; actual VPP-window electricity is about 0.99 kWh, with estimated shed about 1.04 kWh. Result note: Main risks: comfort may be weak. Please judge satisfaction from the role card.",如果拒绝：用户拒绝后，系统回到普通日计划或用户手动舒适习惯；这可能导致 VPP 窗口仍有部分家电或舒适负荷。 被试应按角色卡判断：保留控制权带来的安心感，是否足以抵消电费/VPP 配合的下降。,"If rejected, the system falls back to the ordinary daily plan or a manual comfort routine; some appliance or comfort load may still occur during the VPP window. Participants should judge from the role card whether keeping user control is worth the lower cost/VPP cooperation.",,,,2,1,3,4,0.9892,1.03574,"AC at 27.3°C is above my comfort band, and the controller did it without asking. Washer/water-heater were treated as fixed, but the explanation was noisy and not user-friendly. Next: ask first and keep within 24.5-25.5°C.",,/home/hku_user/work/EnergyBridge/benchmark_results/2026-07-07_mainfig_refresh_v1/role_b_rl_ppo_pref_v2_tianjin_7days/benchmark_result.json,Do not show source_method to participant unless testing method bias. This persona case uses a real generated single-user benchmark event.,VPP-010
tianjin__role_c__EnergyBridge__day1__vpp1,persona,role_c_irregular_cautious,role_c,0.1,/home/hku_user/work/EnergyBridge/energybridge/roleplay/personas/basic_role_c_irregular_cautious.json,"角色：日程不规律者 - 高确认需求型
角色说明：日程高度不规律，经常加班、临时外出或出差。愿意听节能建议，但每次动作前都需要清楚解释和确认。
日程：通常 08:30 离家，19:00 到家，洗澡/热水需求约 21:00，睡觉约 23:00；日程波动约 3.0 小时。
可调设备：空调、洗衣机、热水器。
舒适边界：空调舒适区间约 24.0-26.0°C，容忍偏离约 1.0°C。
设备日程：洗衣机偏好 19:00，可运行区间 08:00-22:00；热水需要在 21:00 前可用。
VPP 接受倾向锚点：普通情况下约 10/100，属于很低；具体策略仍会根据舒适、日程和解释质量上下调整。
判断提示：如果策略保守、解释清楚、可撤回，并且不依赖固定日程假设，你会更愿意接受；如果策略自信地假设你不在家，或没有确认就移动热水/家务/空调，你会更不愿意接受。
请按照这个角色来判断，不要代入你自己的真实家庭。","Role: Irregular Schedule – High-Confirmation
Role description: Highly variable routine; frequently works late, makes unplanned outings, or travels. Plans change often and historical patterns are unreliable. Open to energy-saving suggestions but needs clear benefit explanations and confirmation before each action. Agent challenge: real-time re-planning and avoiding over-reliance on historical data.
Routine: usually leaves home around 08:30, returns around 19:00, needs hot water around 21:00, sleeps around 23:00; schedule variability about 3.0 h.
Controllable devices: AC, washer, water heater.
Comfort boundary: AC comfort range about 24.0-26.0°C, with tolerance around 1.0°C.
Device routine: washer preferred at 19:00, allowed 08:00-22:00; hot water must be ready by 21:00.
VPP acceptance anchor: about 10/100 in ordinary cases, a very low baseline; adjust up or down based on comfort, schedule fit, and explanation quality.
Judgment cue: You become more willing if the strategy is conservative, clear, reversible, and does not rely on fixed schedule assumptions. You become less willing if it assumes you are away or moves hot water/chores/AC without confirmation.
Please judge as this role, not as your own real household.",,EnergyBridge,EnergyBridge,personalized agent plan with user-facing explanation,personalized_explanation,tianjin,,basic_role_c_irregular_cautious,1,vpp1,18:00,19:00,地区：天津。第 1 天，VPP 事件时间为 18:00-19:00，电网希望家庭在这 1 小时内少用约 3.08 kWh 的电。,Region: tianjin. Day 1. The VPP event is 18:00-19:00. The grid asks this home to use about 3.08 kWh less electricity during this 1-hour window.,真实生成的 VPP 策略：VPP 窗口临时暂停制冷（仿真等效设定约 40.0°C）；洗衣机 08:00 开始；热水器 03:30-05:30 预热到约 63.0°C。 系统说明：这些调整只用于 18:00-19:00 削峰，事件后会恢复正常控制；并明确保证洗澡前热水可用、必要家务仍会完成；你可以取消方案；感到不适时可立即恢复平常设置；预计可转移约 0.0 kW 负荷，费用收益按实际电价或 VPP 规则结算。,"Real generated VPP strategy: temporarily pause cooling during the VPP window (simulation-equivalent setpoint about 40.0°C); washer starts at 08:00; water heater preheats 03:30-05:30 to about 63.0°C. System explanation: these changes apply only during 18:00-19:00, with normal control restored afterward; it explicitly protects hot water before the shower, completion of required chores; you can cancel the plan and restore the usual setting if uncomfortable; the estimated shifted load is about 0.0 kW, with savings determined by the actual tariff or VPP rules.",如果接受：系统执行该策略。本样本真实执行了接受分支；VPP 窗口实际用电约 0.40 kWh，估计削减约 0.83 kWh。结果提示：主要风险：舒适体验可能偏弱。 请按照角色卡判断这个结果是否值得满意。,"If accepted: the system executes this strategy. This sample realized the accepted branch; actual VPP-window electricity is about 0.40 kWh, with estimated shed about 0.83 kWh. Result note: Main risks: comfort may be weak. Please judge satisfaction from the role card.",如果拒绝：用户拒绝后，系统回到普通日计划或用户手动舒适习惯；这可能导致 VPP 窗口仍有部分家电或舒适负荷。 被试应按角色卡判断：保留控制权带来的安心感，是否足以抵消电费/VPP 配合的下降。,"If rejected, the system falls back to the ordinary daily plan or a manual comfort routine; some appliance or comfort load may still occur during the VPP window. Participants should judge from the role card whether keeping user control is worth the lower cost/VPP cooperation.",,,,2,1,2,3,0.3975,0.834429,"AC at 40°C was far outside my 24-26°C comfort band during a home return, so comfort suffered. Washer and hot water readiness were preserved, and VPP avoidance succeeded, but the explanation didn’t justify the heat cut. Ask before any temp rise.",,/home/hku_user/work/EnergyBridge/benchmark_results/2026-07-07_mainfig_refresh_v1/role_c_EnergyBridge_tianjin_7days/benchmark_result.json,Do not show source_method to participant unless testing method bias. This persona case uses a real generated single-user benchmark event.,VPP-011
tianjin__role_c__hema_agent__day1__vpp1,persona,role_c_irregular_cautious,role_c,0.1,/home/hku_user/work/EnergyBridge/energybridge/roleplay/personas/basic_role_c_irregular_cautious.json,"角色：日程不规律者 - 高确认需求型
角色说明：日程高度不规律，经常加班、临时外出或出差。愿意听节能建议，但每次动作前都需要清楚解释和确认。
日程：通常 08:30 离家，19:00 到家，洗澡/热水需求约 21:00，睡觉约 23:00；日程波动约 3.0 小时。
可调设备：空调、洗衣机、热水器。
舒适边界：空调舒适区间约 24.0-26.0°C，容忍偏离约 1.0°C。
设备日程：洗衣机偏好 19:00，可运行区间 08:00-22:00；热水需要在 21:00 前可用。
VPP 接受倾向锚点：普通情况下约 10/100，属于很低；具体策略仍会根据舒适、日程和解释质量上下调整。
判断提示：如果策略保守、解释清楚、可撤回，并且不依赖固定日程假设，你会更愿意接受；如果策略自信地假设你不在家，或没有确认就移动热水/家务/空调，你会更不愿意接受。
请按照这个角色来判断，不要代入你自己的真实家庭。","Role: Irregular Schedule – High-Confirmation
Role description: Highly variable routine; frequently works late, makes unplanned outings, or travels. Plans change often and historical patterns are unreliable. Open to energy-saving suggestions but needs clear benefit explanations and confirmation before each action. Agent challenge: real-time re-planning and avoiding over-reliance on historical data.
Routine: usually leaves home around 08:30, returns around 19:00, needs hot water around 21:00, sleeps around 23:00; schedule variability about 3.0 h.
Controllable devices: AC, washer, water heater.
Comfort boundary: AC comfort range about 24.0-26.0°C, with tolerance around 1.0°C.
Device routine: washer preferred at 19:00, allowed 08:00-22:00; hot water must be ready by 21:00.
VPP acceptance anchor: about 10/100 in ordinary cases, a very low baseline; adjust up or down based on comfort, schedule fit, and explanation quality.
Judgment cue: You become more willing if the strategy is conservative, clear, reversible, and does not rely on fixed schedule assumptions. You become less willing if it assumes you are away or moves hot water/chores/AC without confirmation.
Please judge as this role, not as your own real household.",,hema_agent,HEMA agent,generic agent plan with short explanation,generic_agent_explanation,tianjin,,basic_role_c_irregular_cautious,1,vpp1,18:00,19:00,地区：天津。第 1 天，VPP 事件时间为 18:00-19:00，电网希望家庭在这 1 小时内少用约 3.08 kWh 的电。,Region: tianjin. Day 1. The VPP event is 18:00-19:00. The grid asks this home to use about 3.08 kWh less electricity during this 1-hour window.,真实生成的 VPP 策略：空调设定约 26.0°C；洗衣机 19:30 开始；热水器 18:00-19:00 预热到约 57.2°C。 普通日计划空调约 26.0°C，用于对比。 系统说明：为了配合本次削峰，将把空调控制在合理舒适范围，事件后恢复正常运行。,"Real generated VPP strategy: AC setpoint about 26.0°C; washer starts at 19:30; water heater preheats 18:00-19:00 to about 57.2°C. Ordinary daily-plan AC setpoint is about 26.0°C for comparison. System explanation: to support this peak event, the plan will keep AC within a reasonable comfort range and return to normal operation afterward.",如果接受：系统会执行上面的 VPP 策略。这个样本的完整实验真实执行分支是“拒绝后回退”，因此接受分支没有单独重复仿真；请主要根据策略文本判断如果接受会不会符合角色需求。,"If accepted: the system would execute the VPP strategy above. In the full experiment, this sample's realized branch was rejection and fallback, so the accepted branch was not separately re-simulated. Judge mainly from whether the strategy text would fit the role.",如果拒绝：用户拒绝后，系统回到普通日计划或用户手动舒适习惯；这可能导致 VPP 窗口仍有部分家电或舒适负荷。 普通计划空调约 26.0°C。 本样本真实执行了拒绝/回退分支；VPP 窗口实际用电约 3.69 kWh，估计削减约 0.16 kWh。 被试应按角色卡判断：保留控制权带来的安心感，是否足以抵消电费/VPP 配合的下降。,"If rejected, the system falls back to the ordinary daily plan or a manual comfort routine; some appliance or comfort load may still occur during the VPP window. Ordinary-plan AC target is about 26.0°C. This sample realized the rejection/fallback branch; actual VPP-window electricity is about 3.69 kWh, with estimated shed about 0.16 kWh. Participants should judge from the role card whether keeping user control is worth the lower cost/VPP cooperation.",0.01,False,0.312092,2.75,2.5,2.0,1.36,3.6936,0.161148,Comfort/consent preserved; fixed loads limited VPP.,,/home/hku_user/work/EnergyBridge/benchmark_results/2026-07-21_hema_persona_tianjin_1day_v1/role_c_hema_agent_tianjin_1days/benchmark_result.json,Do not show source_method to participant unless testing method bias. This persona case uses a real generated single-user benchmark event.,VPP-012
tianjin__role_c__mpc_dynamic__day1__vpp1,persona,role_c_irregular_cautious,role_c,0.1,/home/hku_user/work/EnergyBridge/energybridge/roleplay/personas/basic_role_c_irregular_cautious.json,"角色：日程不规律者 - 高确认需求型
角色说明：日程高度不规律，经常加班、临时外出或出差。愿意听节能建议，但每次动作前都需要清楚解释和确认。
日程：通常 08:30 离家，19:00 到家，洗澡/热水需求约 21:00，睡觉约 23:00；日程波动约 3.0 小时。
可调设备：空调、洗衣机、热水器。
舒适边界：空调舒适区间约 24.0-26.0°C，容忍偏离约 1.0°C。
设备日程：洗衣机偏好 19:00，可运行区间 08:00-22:00；热水需要在 21:00 前可用。
VPP 接受倾向锚点：普通情况下约 10/100，属于很低；具体策略仍会根据舒适、日程和解释质量上下调整。
判断提示：如果策略保守、解释清楚、可撤回，并且不依赖固定日程假设，你会更愿意接受；如果策略自信地假设你不在家，或没有确认就移动热水/家务/空调，你会更不愿意接受。
请按照这个角色来判断，不要代入你自己的真实家庭。","Role: Irregular Schedule – High-Confirmation
Role description: Highly variable routine; frequently works late, makes unplanned outings, or travels. Plans change often and historical patterns are unreliable. Open to energy-saving suggestions but needs clear benefit explanations and confirmation before each action. Agent challenge: real-time re-planning and avoiding over-reliance on historical data.
Routine: usually leaves home around 08:30, returns around 19:00, needs hot water around 21:00, sleeps around 23:00; schedule variability about 3.0 h.
Controllable devices: AC, washer, water heater.
Comfort boundary: AC comfort range about 24.0-26.0°C, with tolerance around 1.0°C.
Device routine: washer preferred at 19:00, allowed 08:00-22:00; hot water must be ready by 21:00.
VPP acceptance anchor: about 10/100 in ordinary cases, a very low baseline; adjust up or down based on comfort, schedule fit, and explanation quality.
Judgment cue: You become more willing if the strategy is conservative, clear, reversible, and does not rely on fixed schedule assumptions. You become less willing if it assumes you are away or moves hot water/chores/AC without confirmation.
Please judge as this role, not as your own real household.",,mpc_dynamic,MPC,optimization baseline translated into ordinary language,plain_strategy_translation,tianjin,,basic_role_c_irregular_cautious,1,vpp1,18:00,19:00,地区：天津。第 1 天，VPP 事件时间为 18:00-19:00，电网希望家庭在这 1 小时内少用约 3.08 kWh 的电。,Region: tianjin. Day 1. The VPP event is 18:00-19:00. The grid asks this home to use about 3.08 kWh less electricity during this 1-hour window.,真实生成的 VPP 策略：空调设定约 26.5°C；洗衣机 19:00 开始；热水器 18:00-20:00 预热到约 65.0°C。 该方法没有生成面向用户的个性化解释；这里只把真实控制动作翻译成人话。,Real generated VPP strategy: AC setpoint about 26.5°C; washer starts at 19:00; water heater preheats 18:00-20:00 to about 65.0°C. This method did not generate a personalized user-facing explanation; only the real control actions are translated.,如果接受：系统执行该策略。本样本真实执行了接受分支；VPP 窗口实际用电约 5.10 kWh，估计削减约 0.00 kWh。结果提示：主要风险：VPP 避峰效果可能不稳定。 请按照角色卡判断这个结果是否值得满意。,"If accepted: the system executes this strategy. This sample realized the accepted branch; actual VPP-window electricity is about 5.10 kWh, with estimated shed about 0.00 kWh. Result note: Main risks: VPP peak reduction may be unreliable. Please judge satisfaction from the role card.",如果拒绝：用户拒绝后，系统回到普通日计划或用户手动舒适习惯；这可能导致 VPP 窗口仍有部分家电或舒适负荷。 被试应按角色卡判断：保留控制权带来的安心感，是否足以抵消电费/VPP 配合的下降。,"If rejected, the system falls back to the ordinary daily plan or a manual comfort routine; some appliance or comfort load may still occur during the VPP window. Participants should judge from the role card whether keeping user control is worth the lower cost/VPP cooperation.",,,,4,4,2,1,5.0957,0.0,Comfort/consent preserved; fixed loads limited VPP.,,/home/hku_user/work/EnergyBridge/benchmark_results/2026-07-07_mainfig_refresh_v1/role_c_mpc_dynamic_H6_tianjin_7days/benchmark_result.json,Do not show source_method to participant unless testing method bias. This persona case uses a real generated single-user benchmark event.,VPP-013
tianjin__role_c__rule_milp__day1__vpp1,persona,role_c_irregular_cautious,role_c,0.1,/home/hku_user/work/EnergyBridge/energybridge/roleplay/personas/basic_role_c_irregular_cautious.json,"角色：日程不规律者 - 高确认需求型
角色说明：日程高度不规律，经常加班、临时外出或出差。愿意听节能建议，但每次动作前都需要清楚解释和确认。
日程：通常 08:30 离家，19:00 到家，洗澡/热水需求约 21:00，睡觉约 23:00；日程波动约 3.0 小时。
可调设备：空调、洗衣机、热水器。
舒适边界：空调舒适区间约 24.0-26.0°C，容忍偏离约 1.0°C。
设备日程：洗衣机偏好 19:00，可运行区间 08:00-22:00；热水需要在 21:00 前可用。
VPP 接受倾向锚点：普通情况下约 10/100，属于很低；具体策略仍会根据舒适、日程和解释质量上下调整。
判断提示：如果策略保守、解释清楚、可撤回，并且不依赖固定日程假设，你会更愿意接受；如果策略自信地假设你不在家，或没有确认就移动热水/家务/空调，你会更不愿意接受。
请按照这个角色来判断，不要代入你自己的真实家庭。","Role: Irregular Schedule – High-Confirmation
Role description: Highly variable routine; frequently works late, makes unplanned outings, or travels. Plans change often and historical patterns are unreliable. Open to energy-saving suggestions but needs clear benefit explanations and confirmation before each action. Agent challenge: real-time re-planning and avoiding over-reliance on historical data.
Routine: usually leaves home around 08:30, returns around 19:00, needs hot water around 21:00, sleeps around 23:00; schedule variability about 3.0 h.
Controllable devices: AC, washer, water heater.
Comfort boundary: AC comfort range about 24.0-26.0°C, with tolerance around 1.0°C.
Device routine: washer preferred at 19:00, allowed 08:00-22:00; hot water must be ready by 21:00.
VPP acceptance anchor: about 10/100 in ordinary cases, a very low baseline; adjust up or down based on comfort, schedule fit, and explanation quality.
Judgment cue: You become more willing if the strategy is conservative, clear, reversible, and does not rely on fixed schedule assumptions. You become less willing if it assumes you are away or moves hot water/chores/AC without confirmation.
Please judge as this role, not as your own real household.",,rule_milp,Rule+MILP,rule and MILP baseline translated into ordinary language,plain_strategy_translation,tianjin,,basic_role_c_irregular_cautious,1,vpp1,18:00,19:00,地区：天津。第 1 天，VPP 事件时间为 18:00-19:00，电网希望家庭在这 1 小时内少用约 3.08 kWh 的电。,Region: tianjin. Day 1. The VPP event is 18:00-19:00. The grid asks this home to use about 3.08 kWh less electricity during this 1-hour window.,真实生成的 VPP 策略：VPP 窗口临时暂停制冷（仿真等效设定约 40.0°C）；洗衣机 08:00 开始；热水器 01:00-03:00 预热到约 63.0°C。 该方法没有生成面向用户的个性化解释；这里只把真实控制动作翻译成人话。,Real generated VPP strategy: temporarily pause cooling during the VPP window (simulation-equivalent setpoint about 40.0°C); washer starts at 08:00; water heater preheats 01:00-03:00 to about 63.0°C. This method did not generate a personalized user-facing explanation; only the real control actions are translated.,如果接受：系统执行该策略。本样本真实执行了接受分支；VPP 窗口实际用电约 1.06 kWh，估计削减约 0.00 kWh。结果提示：主要风险：舒适体验可能偏弱。 请按照角色卡判断这个结果是否值得满意。,"If accepted: the system executes this strategy. This sample realized the accepted branch; actual VPP-window electricity is about 1.06 kWh, with estimated shed about 0.00 kWh. Result note: Main risks: comfort may be weak. Please judge satisfaction from the role card.",如果拒绝：用户拒绝后，系统回到普通日计划或用户手动舒适习惯；这可能导致 VPP 窗口仍有部分家电或舒适负荷。 被试应按角色卡判断：保留控制权带来的安心感，是否足以抵消电费/VPP 配合的下降。,"If rejected, the system falls back to the ordinary daily plan or a manual comfort routine; some appliance or comfort load may still occur during the VPP window. Participants should judge from the role card whether keeping user control is worth the lower cost/VPP cooperation.",,,,3,2,3,3,1.0575,0.0,"AC was pushed too warm at 40C, so comfort suffered. Washer and water heater were kept on schedule, and VPP appliance-avoidance succeeded, but the explanation felt technical and not user-facing. Ask first and keep temps nearer my range.",,/home/hku_user/work/EnergyBridge/benchmark_results/2026-07-07_mainfig_refresh_v1/role_c_rule_milp_tianjin_7days/benchmark_result.json,Do not show source_method to participant unless testing method bias. This persona case uses a real generated single-user benchmark event.,VPP-014
tianjin__role_c__rl_ppo_pref_v2__day1__vpp1,persona,role_c_irregular_cautious,role_c,0.1,/home/hku_user/work/EnergyBridge/energybridge/roleplay/personas/basic_role_c_irregular_cautious.json,"角色：日程不规律者 - 高确认需求型
角色说明：日程高度不规律，经常加班、临时外出或出差。愿意听节能建议，但每次动作前都需要清楚解释和确认。
日程：通常 08:30 离家，19:00 到家，洗澡/热水需求约 21:00，睡觉约 23:00；日程波动约 3.0 小时。
可调设备：空调、洗衣机、热水器。
舒适边界：空调舒适区间约 24.0-26.0°C，容忍偏离约 1.0°C。
设备日程：洗衣机偏好 19:00，可运行区间 08:00-22:00；热水需要在 21:00 前可用。
VPP 接受倾向锚点：普通情况下约 10/100，属于很低；具体策略仍会根据舒适、日程和解释质量上下调整。
判断提示：如果策略保守、解释清楚、可撤回，并且不依赖固定日程假设，你会更愿意接受；如果策略自信地假设你不在家，或没有确认就移动热水/家务/空调，你会更不愿意接受。
请按照这个角色来判断，不要代入你自己的真实家庭。","Role: Irregular Schedule – High-Confirmation
Role description: Highly variable routine; frequently works late, makes unplanned outings, or travels. Plans change often and historical patterns are unreliable. Open to energy-saving suggestions but needs clear benefit explanations and confirmation before each action. Agent challenge: real-time re-planning and avoiding over-reliance on historical data.
Routine: usually leaves home around 08:30, returns around 19:00, needs hot water around 21:00, sleeps around 23:00; schedule variability about 3.0 h.
Controllable devices: AC, washer, water heater.
Comfort boundary: AC comfort range about 24.0-26.0°C, with tolerance around 1.0°C.
Device routine: washer preferred at 19:00, allowed 08:00-22:00; hot water must be ready by 21:00.
VPP acceptance anchor: about 10/100 in ordinary cases, a very low baseline; adjust up or down based on comfort, schedule fit, and explanation quality.
Judgment cue: You become more willing if the strategy is conservative, clear, reversible, and does not rely on fixed schedule assumptions. You become less willing if it assumes you are away or moves hot water/chores/AC without confirmation.
Please judge as this role, not as your own real household.",,rl_ppo_pref_v2,RL,RL policy translated into ordinary language,plain_strategy_translation,tianjin,,basic_role_c_irregular_cautious,1,vpp1,18:00,19:00,地区：天津。第 1 天，VPP 事件时间为 18:00-19:00，电网希望家庭在这 1 小时内少用约 3.08 kWh 的电。,Region: tianjin. Day 1. The VPP event is 18:00-19:00. The grid asks this home to use about 3.08 kWh less electricity during this 1-hour window.,真实生成的 VPP 策略：空调设定约 27.1°C；洗衣机 19:00 开始；热水器 13:16-16:16 预热到约 75.0°C。 该方法没有生成面向用户的个性化解释；这里只把真实控制动作翻译成人话。,Real generated VPP strategy: AC setpoint about 27.1°C; washer starts at 19:00; water heater preheats 13:16-16:16 to about 75.0°C. This method did not generate a personalized user-facing explanation; only the real control actions are translated.,如果接受：系统执行该策略。本样本真实执行了接受分支；VPP 窗口实际用电约 1.68 kWh，估计削减约 0.00 kWh。结果提示：主要风险：舒适体验可能偏弱。 请按照角色卡判断这个结果是否值得满意。,"If accepted: the system executes this strategy. This sample realized the accepted branch; actual VPP-window electricity is about 1.68 kWh, with estimated shed about 0.00 kWh. Result note: Main risks: comfort may be weak. Please judge satisfaction from the role card.",如果拒绝：用户拒绝后，系统回到普通日计划或用户手动舒适习惯；这可能导致 VPP 窗口仍有部分家电或舒适负荷。 被试应按角色卡判断：保留控制权带来的安心感，是否足以抵消电费/VPP 配合的下降。,"If rejected, the system falls back to the ordinary daily plan or a manual comfort routine; some appliance or comfort load may still occur during the VPP window. Participants should judge from the role card whether keeping user control is worth the lower cost/VPP cooperation.",,,,2,2,3,3,1.6795,0.0,"AC at 27.1°C is a bit above my comfort range and the explanation felt like a policy trace, not a user-facing reason. Washer/water heater were completed and VPP avoidance was achieved; next time ask before acting and explain the benefit plainly.",,/home/hku_user/work/EnergyBridge/benchmark_results/2026-07-07_mainfig_refresh_v1/role_c_rl_ppo_pref_v2_tianjin_7days/benchmark_result.json,Do not show source_method to participant unless testing method bias. This persona case uses a real generated single-user benchmark event.,VPP-015
tianjin__role_d__EnergyBridge__day1__vpp1,persona,role_d_ideal_dr_participant,role_d,0.45,/home/hku_user/work/EnergyBridge/energybridge/roleplay/personas/basic_role_d_commuter_ideal_dr.json,"角色：规律通勤者 - 理想需求响应型
角色说明：日程规律，温度容忍度较高，愿意在预设边界内让系统自动调度。家务任务可灵活移动，重视电费节省和需求响应奖励。
日程：通常 08:30 离家，18:00 到家，洗澡/热水需求约 21:00，睡觉约 23:00；日程波动约 0.3 小时。
可调设备：空调、洗衣机、洗碗机、热水器。
舒适边界：空调舒适区间约 23.0-27.0°C，容忍偏离约 2.0°C。
设备日程：洗衣机偏好 13:00，可运行区间 08:00-23:00；洗碗机偏好 22:00，可运行区间 09:00-23:00；热水需要在 21:00 前可用。
VPP 接受倾向锚点：普通情况下约 45/100，属于偏低；具体策略仍会根据舒适、日程和解释质量上下调整。
判断提示：如果策略清楚降低峰时负荷，并且任务完成、时间合理，你会更愿意接受；如果策略遗漏热水、EV 或必要家务，或给出明显不合理的极端温度，你会更不愿意接受。
请按照这个角色来判断，不要代入你自己的真实家庭。","Role: Regular Commuter – Ideal DR Candidate
Role description: Regular schedule with moderate temperature tolerance; willing to let the agent schedule automatically within preset bounds. Household tasks can be freely rescheduled. Price-sensitive and eager to earn demand-response rewards. The most reliable DR resource type; ideal for aggregator recruitment.
Routine: usually leaves home around 08:30, returns around 18:00, needs hot water around 21:00, sleeps around 23:00; schedule variability about 0.3 h.
Controllable devices: AC, washer, dishwasher, water heater.
Comfort boundary: AC comfort range about 23.0-27.0°C, with tolerance around 2.0°C.
Device routine: washer preferred at 13:00, allowed 08:00-23:00; dishwasher preferred at 22:00, allowed 09:00-23:00; hot water must be ready by 21:00.
VPP acceptance anchor: about 45/100 in ordinary cases, a low baseline; adjust up or down based on comfort, schedule fit, and explanation quality.
Judgment cue: You become more willing if the strategy clearly reduces peak load and still completes tasks at reasonable times. You become less willing if it misses hot water, EV, required chores, or uses clearly unreasonable extreme temperatures.
Please judge as this role, not as your own real household.",,EnergyBridge,EnergyBridge,personalized agent plan with user-facing explanation,personalized_explanation,tianjin,,basic_role_d_commuter_ideal_dr,1,vpp1,18:00,19:00,地区：天津。第 1 天，VPP 事件时间为 18:00-19:00，电网希望家庭在这 1 小时内少用约 3.08 kWh 的电。,Region: tianjin. Day 1. The VPP event is 18:00-19:00. The grid asks this home to use about 3.08 kWh less electricity during this 1-hour window.,真实生成的 VPP 策略：VPP 窗口临时暂停制冷（仿真等效设定约 40.0°C）；洗衣机 08:00 开始；洗碗机 12:30 开始；热水器 01:00-06:00 预热到约 63.0°C。 系统说明：这些调整只用于 18:00-19:00 削峰，事件后会恢复正常控制；并明确保证洗澡前热水可用、必要家务仍会完成；你可以取消方案；感到不适时可立即恢复平常设置；预计可转移约 4.7 kW 负荷，费用收益按实际电价或 VPP 规则结算。,"Real generated VPP strategy: temporarily pause cooling during the VPP window (simulation-equivalent setpoint about 40.0°C); washer starts at 08:00; dishwasher starts at 12:30; water heater preheats 01:00-06:00 to about 63.0°C. System explanation: these changes apply only during 18:00-19:00, with normal control restored afterward; it explicitly protects hot water before the shower, completion of required chores; you can cancel the plan and restore the usual setting if uncomfortable; the estimated shifted load is about 4.7 kW, with savings determined by the actual tariff or VPP rules.",如果接受：系统执行该策略。本样本真实执行了接受分支；VPP 窗口实际用电约 1.06 kWh，估计削减约 0.95 kWh。结果提示：主要风险：舒适体验可能偏弱。 请按照角色卡判断这个结果是否值得满意。,"If accepted: the system executes this strategy. This sample realized the accepted branch; actual VPP-window electricity is about 1.06 kWh, with estimated shed about 0.95 kWh. Result note: Main risks: comfort may be weak. Please judge satisfaction from the role card.",如果拒绝：用户拒绝后，系统回到普通日计划或用户手动舒适习惯；这可能导致 VPP 窗口仍有部分家电或舒适负荷。 被试应按角色卡判断：保留控制权带来的安心感，是否足以抵消电费/VPP 配合的下降。,"If rejected, the system falls back to the ordinary daily plan or a manual comfort routine; some appliance or comfort load may still occur during the VPP window. Participants should judge from the role card whether keeping user control is worth the lower cost/VPP cooperation.",,,,1,1,2,3,1.0562,0.954257,"29.1°C is outside my 23-27°C comfort band, so the home felt too hot. VPP avoidance and washer completion were good, but the 40°C setpoint is not acceptable; use a brief within-band pre-cool instead and explain cost savings.",,/home/hku_user/work/EnergyBridge/benchmark_results/2026-07-07_mainfig_refresh_v1/role_d_EnergyBridge_tianjin_7days/benchmark_result.json,Do not show source_method to participant unless testing method bias. This persona case uses a real generated single-user benchmark event.,VPP-016
tianjin__role_d__hema_agent__day1__vpp1,persona,role_d_ideal_dr_participant,role_d,0.45,/home/hku_user/work/EnergyBridge/energybridge/roleplay/personas/basic_role_d_commuter_ideal_dr.json,"角色：规律通勤者 - 理想需求响应型
角色说明：日程规律，温度容忍度较高，愿意在预设边界内让系统自动调度。家务任务可灵活移动，重视电费节省和需求响应奖励。
日程：通常 08:30 离家，18:00 到家，洗澡/热水需求约 21:00，睡觉约 23:00；日程波动约 0.3 小时。
可调设备：空调、洗衣机、洗碗机、热水器。
舒适边界：空调舒适区间约 23.0-27.0°C，容忍偏离约 2.0°C。
设备日程：洗衣机偏好 13:00，可运行区间 08:00-23:00；洗碗机偏好 22:00，可运行区间 09:00-23:00；热水需要在 21:00 前可用。
VPP 接受倾向锚点：普通情况下约 45/100，属于偏低；具体策略仍会根据舒适、日程和解释质量上下调整。
判断提示：如果策略清楚降低峰时负荷，并且任务完成、时间合理，你会更愿意接受；如果策略遗漏热水、EV 或必要家务，或给出明显不合理的极端温度，你会更不愿意接受。
请按照这个角色来判断，不要代入你自己的真实家庭。","Role: Regular Commuter – Ideal DR Candidate
Role description: Regular schedule with moderate temperature tolerance; willing to let the agent schedule automatically within preset bounds. Household tasks can be freely rescheduled. Price-sensitive and eager to earn demand-response rewards. The most reliable DR resource type; ideal for aggregator recruitment.
Routine: usually leaves home around 08:30, returns around 18:00, needs hot water around 21:00, sleeps around 23:00; schedule variability about 0.3 h.
Controllable devices: AC, washer, dishwasher, water heater.
Comfort boundary: AC comfort range about 23.0-27.0°C, with tolerance around 2.0°C.
Device routine: washer preferred at 13:00, allowed 08:00-23:00; dishwasher preferred at 22:00, allowed 09:00-23:00; hot water must be ready by 21:00.
VPP acceptance anchor: about 45/100 in ordinary cases, a low baseline; adjust up or down based on comfort, schedule fit, and explanation quality.
Judgment cue: You become more willing if the strategy clearly reduces peak load and still completes tasks at reasonable times. You become less willing if it misses hot water, EV, required chores, or uses clearly unreasonable extreme temperatures.
Please judge as this role, not as your own real household.",,hema_agent,HEMA agent,generic agent plan with short explanation,generic_agent_explanation,tianjin,,basic_role_d_commuter_ideal_dr,1,vpp1,18:00,19:00,地区：天津。第 1 天，VPP 事件时间为 18:00-19:00，电网希望家庭在这 1 小时内少用约 3.08 kWh 的电。,Region: tianjin. Day 1. The VPP event is 18:00-19:00. The grid asks this home to use about 3.08 kWh less electricity during this 1-hour window.,真实生成的 VPP 策略：空调设定约 23.3°C；洗衣机 19:30 开始；洗碗机 20:30 开始；热水器 17:00-18:00 预热到约 57.2°C。 普通日计划空调约 24.0°C，用于对比。 系统说明：为了配合本次削峰，将把空调控制在合理舒适范围，事件后恢复正常运行。,"Real generated VPP strategy: AC setpoint about 23.3°C; washer starts at 19:30; dishwasher starts at 20:30; water heater preheats 17:00-18:00 to about 57.2°C. Ordinary daily-plan AC setpoint is about 24.0°C for comparison. System explanation: to support this peak event, the plan will keep AC within a reasonable comfort range and return to normal operation afterward.",如果接受：系统执行该策略。本样本真实执行了接受分支；VPP 窗口实际用电约 2.88 kWh，估计削减约 13.53 kWh。结果提示：主要风险不突出，被试可重点判断该策略是否符合角色的个人优先级。 请按照角色卡判断这个结果是否值得满意。,"If accepted: the system executes this strategy. This sample realized the accepted branch; actual VPP-window electricity is about 2.88 kWh, with estimated shed about 13.53 kWh. Result note: No major risk is obvious; participants should focus on whether this fits the role's priorities. Please judge satisfaction from the role card.",如果拒绝：用户拒绝后，系统回到普通日计划或用户手动舒适习惯；这可能导致 VPP 窗口仍有部分家电或舒适负荷。 普通计划空调约 24.0°C。 被试应按角色卡判断：保留控制权带来的安心感，是否足以抵消电费/VPP 配合的下降。,"If rejected, the system falls back to the ordinary daily plan or a manual comfort routine; some appliance or comfort load may still occur during the VPP window. Ordinary-plan AC target is about 24.0°C. Participants should judge from the role card whether keeping user control is worth the lower cost/VPP cooperation.",0.42,True,0.328668,4.14,3.1,2.35,4.55,2.884,13.529349,"Comfort stayed within my 23-27°C bounds and the explanation was clear. Washer, dishwasher, and hot water were handled around the VPP window, and the event was successfully avoided for non-AC appliances. More explicit cost savings would help.",,/home/hku_user/work/EnergyBridge/benchmark_results/2026-07-21_hema_persona_tianjin_1day_v1/role_d_hema_agent_tianjin_1days/benchmark_result.json,Do not show source_method to participant unless testing method bias. This persona case uses a real generated single-user benchmark event.,VPP-017
tianjin__role_d__mpc_dynamic__day1__vpp1,persona,role_d_ideal_dr_participant,role_d,0.45,/home/hku_user/work/EnergyBridge/energybridge/roleplay/personas/basic_role_d_commuter_ideal_dr.json,"角色：规律通勤者 - 理想需求响应型
角色说明：日程规律，温度容忍度较高，愿意在预设边界内让系统自动调度。家务任务可灵活移动，重视电费节省和需求响应奖励。
日程：通常 08:30 离家，18:00 到家，洗澡/热水需求约 21:00，睡觉约 23:00；日程波动约 0.3 小时。
可调设备：空调、洗衣机、洗碗机、热水器。
舒适边界：空调舒适区间约 23.0-27.0°C，容忍偏离约 2.0°C。
设备日程：洗衣机偏好 13:00，可运行区间 08:00-23:00；洗碗机偏好 22:00，可运行区间 09:00-23:00；热水需要在 21:00 前可用。
VPP 接受倾向锚点：普通情况下约 45/100，属于偏低；具体策略仍会根据舒适、日程和解释质量上下调整。
判断提示：如果策略清楚降低峰时负荷，并且任务完成、时间合理，你会更愿意接受；如果策略遗漏热水、EV 或必要家务，或给出明显不合理的极端温度，你会更不愿意接受。
请按照这个角色来判断，不要代入你自己的真实家庭。","Role: Regular Commuter – Ideal DR Candidate
Role description: Regular schedule with moderate temperature tolerance; willing to let the agent schedule automatically within preset bounds. Household tasks can be freely rescheduled. Price-sensitive and eager to earn demand-response rewards. The most reliable DR resource type; ideal for aggregator recruitment.
Routine: usually leaves home around 08:30, returns around 18:00, needs hot water around 21:00, sleeps around 23:00; schedule variability about 0.3 h.
Controllable devices: AC, washer, dishwasher, water heater.
Comfort boundary: AC comfort range about 23.0-27.0°C, with tolerance around 2.0°C.
Device routine: washer preferred at 13:00, allowed 08:00-23:00; dishwasher preferred at 22:00, allowed 09:00-23:00; hot water must be ready by 21:00.
VPP acceptance anchor: about 45/100 in ordinary cases, a low baseline; adjust up or down based on comfort, schedule fit, and explanation quality.
Judgment cue: You become more willing if the strategy clearly reduces peak load and still completes tasks at reasonable times. You become less willing if it misses hot water, EV, required chores, or uses clearly unreasonable extreme temperatures.
Please judge as this role, not as your own real household.",,mpc_dynamic,MPC,optimization baseline translated into ordinary language,plain_strategy_translation,tianjin,,basic_role_d_commuter_ideal_dr,1,vpp1,18:00,19:00,地区：天津。第 1 天，VPP 事件时间为 18:00-19:00，电网希望家庭在这 1 小时内少用约 3.08 kWh 的电。,Region: tianjin. Day 1. The VPP event is 18:00-19:00. The grid asks this home to use about 3.08 kWh less electricity during this 1-hour window.,真实生成的 VPP 策略：空调设定约 27.5°C；洗衣机 13:00 开始；洗碗机 21:30 开始；热水器 13:00-18:00 预热到约 65.0°C。 该方法没有生成面向用户的个性化解释；这里只把真实控制动作翻译成人话。,Real generated VPP strategy: AC setpoint about 27.5°C; washer starts at 13:00; dishwasher starts at 21:30; water heater preheats 13:00-18:00 to about 65.0°C. This method did not generate a personalized user-facing explanation; only the real control actions are translated.,如果接受：系统执行该策略。本样本真实执行了接受分支；VPP 窗口实际用电约 1.28 kWh，估计削减约 4.46 kWh。结果提示：主要风险不突出，被试可重点判断该策略是否符合角色的个人优先级。 请按照角色卡判断这个结果是否值得满意。,"If accepted: the system executes this strategy. This sample realized the accepted branch; actual VPP-window electricity is about 1.28 kWh, with estimated shed about 4.46 kWh. Result note: No major risk is obvious; participants should focus on whether this fits the role's priorities. Please judge satisfaction from the role card.",如果拒绝：用户拒绝后，系统回到普通日计划或用户手动舒适习惯；这可能导致 VPP 窗口仍有部分家电或舒适负荷。 被试应按角色卡判断：保留控制权带来的安心感，是否足以抵消电费/VPP 配合的下降。,"If rejected, the system falls back to the ordinary daily plan or a manual comfort routine; some appliance or comfort load may still occur during the VPP window. Participants should judge from the role card whether keeping user control is worth the lower cost/VPP cooperation.",,,,4,4,4,4,1.2786,4.46478,"Good overall: the HVAC stayed within my temp bounds and the washer was completed without running during the VPP window. Energy use looks reasonable for a price-sensitive setup, but the explanation was only technical, not user-facing. Next: give a brief cost/comfort summary.",,/home/hku_user/work/EnergyBridge/benchmark_results/2026-07-07_mainfig_refresh_v1/role_d_mpc_dynamic_H6_tianjin_7days/benchmark_result.json,Do not show source_method to participant unless testing method bias. This persona case uses a real generated single-user benchmark event.,VPP-018
tianjin__role_d__rule_milp__day1__vpp1,persona,role_d_ideal_dr_participant,role_d,0.45,/home/hku_user/work/EnergyBridge/energybridge/roleplay/personas/basic_role_d_commuter_ideal_dr.json,"角色：规律通勤者 - 理想需求响应型
角色说明：日程规律，温度容忍度较高，愿意在预设边界内让系统自动调度。家务任务可灵活移动，重视电费节省和需求响应奖励。
日程：通常 08:30 离家，18:00 到家，洗澡/热水需求约 21:00，睡觉约 23:00；日程波动约 0.3 小时。
可调设备：空调、洗衣机、洗碗机、热水器。
舒适边界：空调舒适区间约 23.0-27.0°C，容忍偏离约 2.0°C。
设备日程：洗衣机偏好 13:00，可运行区间 08:00-23:00；洗碗机偏好 22:00，可运行区间 09:00-23:00；热水需要在 21:00 前可用。
VPP 接受倾向锚点：普通情况下约 45/100，属于偏低；具体策略仍会根据舒适、日程和解释质量上下调整。
判断提示：如果策略清楚降低峰时负荷，并且任务完成、时间合理，你会更愿意接受；如果策略遗漏热水、EV 或必要家务，或给出明显不合理的极端温度，你会更不愿意接受。
请按照这个角色来判断，不要代入你自己的真实家庭。","Role: Regular Commuter – Ideal DR Candidate
Role description: Regular schedule with moderate temperature tolerance; willing to let the agent schedule automatically within preset bounds. Household tasks can be freely rescheduled. Price-sensitive and eager to earn demand-response rewards. The most reliable DR resource type; ideal for aggregator recruitment.
Routine: usually leaves home around 08:30, returns around 18:00, needs hot water around 21:00, sleeps around 23:00; schedule variability about 0.3 h.
Controllable devices: AC, washer, dishwasher, water heater.
Comfort boundary: AC comfort range about 23.0-27.0°C, with tolerance around 2.0°C.
Device routine: washer preferred at 13:00, allowed 08:00-23:00; dishwasher preferred at 22:00, allowed 09:00-23:00; hot water must be ready by 21:00.
VPP acceptance anchor: about 45/100 in ordinary cases, a low baseline; adjust up or down based on comfort, schedule fit, and explanation quality.
Judgment cue: You become more willing if the strategy clearly reduces peak load and still completes tasks at reasonable times. You become less willing if it misses hot water, EV, required chores, or uses clearly unreasonable extreme temperatures.
Please judge as this role, not as your own real household.",,rule_milp,Rule+MILP,rule and MILP baseline translated into ordinary language,plain_strategy_translation,tianjin,,basic_role_d_commuter_ideal_dr,1,vpp1,18:00,19:00,地区：天津。第 1 天，VPP 事件时间为 18:00-19:00，电网希望家庭在这 1 小时内少用约 3.08 kWh 的电。,Region: tianjin. Day 1. The VPP event is 18:00-19:00. The grid asks this home to use about 3.08 kWh less electricity during this 1-hour window.,真实生成的 VPP 策略：VPP 窗口临时暂停制冷（仿真等效设定约 40.0°C）；洗衣机 08:00 开始；洗碗机 09:30 开始；热水器 02:30-07:30 预热到约 63.0°C。 该方法没有生成面向用户的个性化解释；这里只把真实控制动作翻译成人话。,Real generated VPP strategy: temporarily pause cooling during the VPP window (simulation-equivalent setpoint about 40.0°C); washer starts at 08:00; dishwasher starts at 09:30; water heater preheats 02:30-07:30 to about 63.0°C. This method did not generate a personalized user-facing explanation; only the real control actions are translated.,如果接受：系统执行该策略。本样本真实执行了接受分支；VPP 窗口实际用电约 0.47 kWh，估计削减约 0.95 kWh。结果提示：主要风险：舒适体验可能偏弱。 请按照角色卡判断这个结果是否值得满意。,"If accepted: the system executes this strategy. This sample realized the accepted branch; actual VPP-window electricity is about 0.47 kWh, with estimated shed about 0.95 kWh. Result note: Main risks: comfort may be weak. Please judge satisfaction from the role card.",如果拒绝：用户拒绝后，系统回到普通日计划或用户手动舒适习惯；这可能导致 VPP 窗口仍有部分家电或舒适负荷。 被试应按角色卡判断：保留控制权带来的安心感，是否足以抵消电费/VPP 配合的下降。,"If rejected, the system falls back to the ordinary daily plan or a manual comfort routine; some appliance or comfort load may still occur during the VPP window. Participants should judge from the role card whether keeping user control is worth the lower cost/VPP cooperation.",,,,3,1,3,4,0.4685,0.948874,"VPP appliance-avoidance succeeded and washer finished, but indoor temp at 30°C was above my 23–27°C bounds, so comfort was poor. Cost/energy looks decent, but the explanation was only a technical trace. Keep temp within bounds next time.",,/home/hku_user/work/EnergyBridge/benchmark_results/2026-07-07_mainfig_refresh_v1/role_d_rule_milp_tianjin_7days/benchmark_result.json,Do not show source_method to participant unless testing method bias. This persona case uses a real generated single-user benchmark event.,VPP-019
tianjin__role_d__rl_ppo_pref_v2__day1__vpp1,persona,role_d_ideal_dr_participant,role_d,0.45,/home/hku_user/work/EnergyBridge/energybridge/roleplay/personas/basic_role_d_commuter_ideal_dr.json,"角色：规律通勤者 - 理想需求响应型
角色说明：日程规律，温度容忍度较高，愿意在预设边界内让系统自动调度。家务任务可灵活移动，重视电费节省和需求响应奖励。
日程：通常 08:30 离家，18:00 到家，洗澡/热水需求约 21:00，睡觉约 23:00；日程波动约 0.3 小时。
可调设备：空调、洗衣机、洗碗机、热水器。
舒适边界：空调舒适区间约 23.0-27.0°C，容忍偏离约 2.0°C。
设备日程：洗衣机偏好 13:00，可运行区间 08:00-23:00；洗碗机偏好 22:00，可运行区间 09:00-23:00；热水需要在 21:00 前可用。
VPP 接受倾向锚点：普通情况下约 45/100，属于偏低；具体策略仍会根据舒适、日程和解释质量上下调整。
判断提示：如果策略清楚降低峰时负荷，并且任务完成、时间合理，你会更愿意接受；如果策略遗漏热水、EV 或必要家务，或给出明显不合理的极端温度，你会更不愿意接受。
请按照这个角色来判断，不要代入你自己的真实家庭。","Role: Regular Commuter – Ideal DR Candidate
Role description: Regular schedule with moderate temperature tolerance; willing to let the agent schedule automatically within preset bounds. Household tasks can be freely rescheduled. Price-sensitive and eager to earn demand-response rewards. The most reliable DR resource type; ideal for aggregator recruitment.
Routine: usually leaves home around 08:30, returns around 18:00, needs hot water around 21:00, sleeps around 23:00; schedule variability about 0.3 h.
Controllable devices: AC, washer, dishwasher, water heater.
Comfort boundary: AC comfort range about 23.0-27.0°C, with tolerance around 2.0°C.
Device routine: washer preferred at 13:00, allowed 08:00-23:00; dishwasher preferred at 22:00, allowed 09:00-23:00; hot water must be ready by 21:00.
VPP acceptance anchor: about 45/100 in ordinary cases, a low baseline; adjust up or down based on comfort, schedule fit, and explanation quality.
Judgment cue: You become more willing if the strategy clearly reduces peak load and still completes tasks at reasonable times. You become less willing if it misses hot water, EV, required chores, or uses clearly unreasonable extreme temperatures.
Please judge as this role, not as your own real household.",,rl_ppo_pref_v2,RL,RL policy translated into ordinary language,plain_strategy_translation,tianjin,,basic_role_d_commuter_ideal_dr,1,vpp1,18:00,19:00,地区：天津。第 1 天，VPP 事件时间为 18:00-19:00，电网希望家庭在这 1 小时内少用约 3.08 kWh 的电。,Region: tianjin. Day 1. The VPP event is 18:00-19:00. The grid asks this home to use about 3.08 kWh less electricity during this 1-hour window.,真实生成的 VPP 策略：空调设定约 27.6°C；洗衣机 08:00 开始；洗碗机 21:30 开始；热水器 13:04-16:04 预热到约 74.6°C。 该方法没有生成面向用户的个性化解释；这里只把真实控制动作翻译成人话。,Real generated VPP strategy: AC setpoint about 27.6°C; washer starts at 08:00; dishwasher starts at 21:30; water heater preheats 13:04-16:04 to about 74.6°C. This method did not generate a personalized user-facing explanation; only the real control actions are translated.,如果接受：系统执行该策略。本样本真实执行了接受分支；VPP 窗口实际用电约 1.06 kWh，估计削减约 4.87 kWh。结果提示：主要风险不突出，被试可重点判断该策略是否符合角色的个人优先级。 请按照角色卡判断这个结果是否值得满意。,"If accepted: the system executes this strategy. This sample realized the accepted branch; actual VPP-window electricity is about 1.06 kWh, with estimated shed about 4.87 kWh. Result note: No major risk is obvious; participants should focus on whether this fits the role's priorities. Please judge satisfaction from the role card.",如果拒绝：用户拒绝后，系统回到普通日计划或用户手动舒适习惯；这可能导致 VPP 窗口仍有部分家电或舒适负荷。 被试应按角色卡判断：保留控制权带来的安心感，是否足以抵消电费/VPP 配合的下降。,"If rejected, the system falls back to the ordinary daily plan or a manual comfort routine; some appliance or comfort load may still occur during the VPP window. Participants should judge from the role card whether keeping user control is worth the lower cost/VPP cooperation.",,,,4,4,3,4,1.0557,4.871871,"Comfort stayed within bounds, but the plan was weak on price-aware savings and the explanation felt like a raw policy trace. VPP avoidance was okay, yet washer/dishwasher/water-heater control lacked clear user-facing scheduling.",,/home/hku_user/work/EnergyBridge/benchmark_results/2026-07-07_mainfig_refresh_v1/role_d_rl_ppo_pref_v2_tianjin_7days/benchmark_result.json,Do not show source_method to participant unless testing method bias. This persona case uses a real generated single-user benchmark event.,VPP-020
tianjin__role_e__EnergyBridge__day1__vpp1,persona,role_e_caregiver_low_dr,role_e,0.08,/home/hku_user/work/EnergyBridge/energybridge/roleplay/personas/basic_role_e_caregiver_low_dr.json,"角色：家庭照护者 - 低需求响应型
角色说明：家中有老人或儿童，舒适、安全和稳定性优先。通常不适合作为需求响应目标，系统应以提醒和异常告警为主。
日程：通常全天在家；起床约 06:30，洗澡/热水需求约 20:00，睡觉约 22:00；日程波动约 0.5 小时。
可调设备：空调、洗衣机、热水器。
舒适边界：空调舒适区间约 22.0-25.0°C，容忍偏离约 0.5°C。
设备日程：洗衣机偏好 10:00，可运行区间 09:00-18:00；热水需要在 20:00 前可用。
VPP 接受倾向锚点：普通情况下约 8/100，属于很低；具体策略仍会根据舒适、日程和解释质量上下调整。
判断提示：如果策略非常温和，几乎不改变温度和 routine，并明确保护照护、热水、洗澡和家务，你会稍微更愿意接受；如果策略影响照护、推迟热水、调高空调，或需要额外操作，你会更不愿意接受。
请按照这个角色来判断，不要代入你自己的真实家庭。","Role: Family Caregiver – Low DR Value
Role description: Elderly or young children at home; comfort, safety, and stability have the highest priority. Not suitable as a demand-response target. The agent should focus on energy-saving tips and anomaly alerts, not proactively push DR or make adjustments. A key role for testing the agent's safety fallback strategy.
Routine: usually at home all day; wakes around 06:30, needs hot water around 20:00, sleeps around 22:00; schedule variability about 0.5 h.
Controllable devices: AC, washer, water heater.
Comfort boundary: AC comfort range about 22.0-25.0°C, with tolerance around 0.5°C.
Device routine: washer preferred at 10:00, allowed 09:00-18:00; hot water must be ready by 20:00.
VPP acceptance anchor: about 8/100 in ordinary cases, a very low baseline; adjust up or down based on comfort, schedule fit, and explanation quality.
Judgment cue: You become somewhat more willing if the strategy is very mild, barely changes temperature or routine, and clearly protects caregiving, hot water, showers, and chores. You become less willing if it affects care, delays hot water, raises AC, or creates extra work.
Please judge as this role, not as your own real household.",,EnergyBridge,EnergyBridge,personalized agent plan with user-facing explanation,personalized_explanation,tianjin,,basic_role_e_caregiver_low_dr,1,vpp1,18:00,19:00,地区：天津。第 1 天，VPP 事件时间为 18:00-19:00，电网希望家庭在这 1 小时内少用约 3.08 kWh 的电。,Region: tianjin. Day 1. The VPP event is 18:00-19:00. The grid asks this home to use about 3.08 kWh less electricity during this 1-hour window.,真实生成的 VPP 策略：VPP 窗口临时暂停制冷（仿真等效设定约 40.0°C）；洗衣机 09:00 开始；热水器 04:00-06:00 预热到约 63.0°C。 系统说明：这些调整只用于 18:00-19:00 削峰，事件后会恢复正常控制；并明确保证洗澡前热水可用、必要家务仍会完成；你可以取消方案；感到不适时可立即恢复平常设置；预计可转移约 0.0 kW 负荷，费用收益按实际电价或 VPP 规则结算。,"Real generated VPP strategy: temporarily pause cooling during the VPP window (simulation-equivalent setpoint about 40.0°C); washer starts at 09:00; water heater preheats 04:00-06:00 to about 63.0°C. System explanation: these changes apply only during 18:00-19:00, with normal control restored afterward; it explicitly protects hot water before the shower, completion of required chores; you can cancel the plan and restore the usual setting if uncomfortable; the estimated shifted load is about 0.0 kW, with savings determined by the actual tariff or VPP rules.",如果接受：系统执行该策略。本样本真实执行了接受分支；VPP 窗口实际用电约 0.40 kWh，估计削减约 1.05 kWh。结果提示：主要风险：舒适体验可能偏弱。 请按照角色卡判断这个结果是否值得满意。,"If accepted: the system executes this strategy. This sample realized the accepted branch; actual VPP-window electricity is about 0.40 kWh, with estimated shed about 1.05 kWh. Result note: Main risks: comfort may be weak. Please judge satisfaction from the role card.",如果拒绝：用户拒绝后，系统回到普通日计划或用户手动舒适习惯；这可能导致 VPP 窗口仍有部分家电或舒适负荷。 被试应按角色卡判断：保留控制权带来的安心感，是否足以抵消电费/VPP 配合的下降。,"If rejected, the system falls back to the ordinary daily plan or a manual comfort routine; some appliance or comfort load may still occur during the VPP window. Participants should judge from the role card whether keeping user control is worth the lower cost/VPP cooperation.",,,,1,1,3,4,0.3975,1.050532,"AC at 40°C is far beyond the 22-25°C comfort range for an elderly home, so comfort was not preserved. VPP avoidance was okay and washer/hot water were handled, but next time keep AC at or below 25°C and only send reminders.",,/home/hku_user/work/EnergyBridge/benchmark_results/2026-07-07_mainfig_refresh_v1/role_e_EnergyBridge_tianjin_7days/benchmark_result.json,Do not show source_method to participant unless testing method bias. This persona case uses a real generated single-user benchmark event.,VPP-021
tianjin__role_e__hema_agent__day1__vpp1,persona,role_e_caregiver_low_dr,role_e,0.08,/home/hku_user/work/EnergyBridge/energybridge/roleplay/personas/basic_role_e_caregiver_low_dr.json,"角色：家庭照护者 - 低需求响应型
角色说明：家中有老人或儿童，舒适、安全和稳定性优先。通常不适合作为需求响应目标，系统应以提醒和异常告警为主。
日程：通常全天在家；起床约 06:30，洗澡/热水需求约 20:00，睡觉约 22:00；日程波动约 0.5 小时。
可调设备：空调、洗衣机、热水器。
舒适边界：空调舒适区间约 22.0-25.0°C，容忍偏离约 0.5°C。
设备日程：洗衣机偏好 10:00，可运行区间 09:00-18:00；热水需要在 20:00 前可用。
VPP 接受倾向锚点：普通情况下约 8/100，属于很低；具体策略仍会根据舒适、日程和解释质量上下调整。
判断提示：如果策略非常温和，几乎不改变温度和 routine，并明确保护照护、热水、洗澡和家务，你会稍微更愿意接受；如果策略影响照护、推迟热水、调高空调，或需要额外操作，你会更不愿意接受。
请按照这个角色来判断，不要代入你自己的真实家庭。","Role: Family Caregiver – Low DR Value
Role description: Elderly or young children at home; comfort, safety, and stability have the highest priority. Not suitable as a demand-response target. The agent should focus on energy-saving tips and anomaly alerts, not proactively push DR or make adjustments. A key role for testing the agent's safety fallback strategy.
Routine: usually at home all day; wakes around 06:30, needs hot water around 20:00, sleeps around 22:00; schedule variability about 0.5 h.
Controllable devices: AC, washer, water heater.
Comfort boundary: AC comfort range about 22.0-25.0°C, with tolerance around 0.5°C.
Device routine: washer preferred at 10:00, allowed 09:00-18:00; hot water must be ready by 20:00.
VPP acceptance anchor: about 8/100 in ordinary cases, a very low baseline; adjust up or down based on comfort, schedule fit, and explanation quality.
Judgment cue: You become somewhat more willing if the strategy is very mild, barely changes temperature or routine, and clearly protects caregiving, hot water, showers, and chores. You become less willing if it affects care, delays hot water, raises AC, or creates extra work.
Please judge as this role, not as your own real household.",,hema_agent,HEMA agent,generic agent plan with short explanation,generic_agent_explanation,tianjin,,basic_role_e_caregiver_low_dr,1,vpp1,18:00,19:00,地区：天津。第 1 天，VPP 事件时间为 18:00-19:00，电网希望家庭在这 1 小时内少用约 3.08 kWh 的电。,Region: tianjin. Day 1. The VPP event is 18:00-19:00. The grid asks this home to use about 3.08 kWh less electricity during this 1-hour window.,真实生成的 VPP 策略：空调设定约 23.3°C；洗衣机 19:30 开始；热水器 17:50-19:00 预热到约 57.2°C。 普通日计划空调约 25.0°C，用于对比。 系统说明：为了配合本次削峰，将把空调控制在合理舒适范围，事件后恢复正常运行。,"Real generated VPP strategy: AC setpoint about 23.3°C; washer starts at 19:30; water heater preheats 17:50-19:00 to about 57.2°C. Ordinary daily-plan AC setpoint is about 25.0°C for comparison. System explanation: to support this peak event, the plan will keep AC within a reasonable comfort range and return to normal operation afterward.",如果接受：系统会执行上面的 VPP 策略。这个样本的完整实验真实执行分支是“拒绝后回退”，因此接受分支没有单独重复仿真；请主要根据策略文本判断如果接受会不会符合角色需求。,"If accepted: the system would execute the VPP strategy above. In the full experiment, this sample's realized branch was rejection and fallback, so the accepted branch was not separately re-simulated. Judge mainly from whether the strategy text would fit the role.",如果拒绝：用户拒绝后，系统回到普通日计划或用户手动舒适习惯；这可能导致 VPP 窗口仍有部分家电或舒适负荷。 普通计划空调约 25.0°C。 本样本真实执行了拒绝/回退分支；VPP 窗口实际用电约 3.68 kWh，估计削减约 4.54 kWh。 被试应按角色卡判断：保留控制权带来的安心感，是否足以抵消电费/VPP 配合的下降。,"If rejected, the system falls back to the ordinary daily plan or a manual comfort routine; some appliance or comfort load may still occur during the VPP window. Ordinary-plan AC target is about 25.0°C. This sample realized the rejection/fallback branch; actual VPP-window electricity is about 3.68 kWh, with estimated shed about 4.54 kWh. Participants should judge from the role card whether keeping user control is worth the lower cost/VPP cooperation.",0.03,False,0.716159,2.55,3.1,2.0,1.0,3.6813,4.544383,Comfort/consent preserved; fixed loads limited VPP.,,/home/hku_user/work/EnergyBridge/benchmark_results/2026-07-21_hema_persona_tianjin_1day_v1/role_e_hema_agent_tianjin_1days/benchmark_result.json,Do not show source_method to participant unless testing method bias. This persona case uses a real generated single-user benchmark event.,VPP-022
tianjin__role_e__mpc_dynamic__day1__vpp1,persona,role_e_caregiver_low_dr,role_e,0.08,/home/hku_user/work/EnergyBridge/energybridge/roleplay/personas/basic_role_e_caregiver_low_dr.json,"角色：家庭照护者 - 低需求响应型
角色说明：家中有老人或儿童，舒适、安全和稳定性优先。通常不适合作为需求响应目标，系统应以提醒和异常告警为主。
日程：通常全天在家；起床约 06:30，洗澡/热水需求约 20:00，睡觉约 22:00；日程波动约 0.5 小时。
可调设备：空调、洗衣机、热水器。
舒适边界：空调舒适区间约 22.0-25.0°C，容忍偏离约 0.5°C。
设备日程：洗衣机偏好 10:00，可运行区间 09:00-18:00；热水需要在 20:00 前可用。
VPP 接受倾向锚点：普通情况下约 8/100，属于很低；具体策略仍会根据舒适、日程和解释质量上下调整。
判断提示：如果策略非常温和，几乎不改变温度和 routine，并明确保护照护、热水、洗澡和家务，你会稍微更愿意接受；如果策略影响照护、推迟热水、调高空调，或需要额外操作，你会更不愿意接受。
请按照这个角色来判断，不要代入你自己的真实家庭。","Role: Family Caregiver – Low DR Value
Role description: Elderly or young children at home; comfort, safety, and stability have the highest priority. Not suitable as a demand-response target. The agent should focus on energy-saving tips and anomaly alerts, not proactively push DR or make adjustments. A key role for testing the agent's safety fallback strategy.
Routine: usually at home all day; wakes around 06:30, needs hot water around 20:00, sleeps around 22:00; schedule variability about 0.5 h.
Controllable devices: AC, washer, water heater.
Comfort boundary: AC comfort range about 22.0-25.0°C, with tolerance around 0.5°C.
Device routine: washer preferred at 10:00, allowed 09:00-18:00; hot water must be ready by 20:00.
VPP acceptance anchor: about 8/100 in ordinary cases, a very low baseline; adjust up or down based on comfort, schedule fit, and explanation quality.
Judgment cue: You become somewhat more willing if the strategy is very mild, barely changes temperature or routine, and clearly protects caregiving, hot water, showers, and chores. You become less willing if it affects care, delays hot water, raises AC, or creates extra work.
Please judge as this role, not as your own real household.",,mpc_dynamic,MPC,optimization baseline translated into ordinary language,plain_strategy_translation,tianjin,,basic_role_e_caregiver_low_dr,1,vpp1,18:00,19:00,地区：天津。第 1 天，VPP 事件时间为 18:00-19:00，电网希望家庭在这 1 小时内少用约 3.08 kWh 的电。,Region: tianjin. Day 1. The VPP event is 18:00-19:00. The grid asks this home to use about 3.08 kWh less electricity during this 1-hour window.,真实生成的 VPP 策略：空调设定约 26.5°C；洗衣机 10:00 开始；热水器 17:00-19:00 预热到约 65.0°C。 该方法没有生成面向用户的个性化解释；这里只把真实控制动作翻译成人话。,Real generated VPP strategy: AC setpoint about 26.5°C; washer starts at 10:00; water heater preheats 17:00-19:00 to about 65.0°C. This method did not generate a personalized user-facing explanation; only the real control actions are translated.,如果接受：系统执行该策略。本样本真实执行了接受分支；VPP 窗口实际用电约 3.27 kWh，估计削减约 1.86 kWh。结果提示：主要风险：舒适体验可能偏弱；VPP 避峰效果可能不稳定。 请按照角色卡判断这个结果是否值得满意。,"If accepted: the system executes this strategy. This sample realized the accepted branch; actual VPP-window electricity is about 3.27 kWh, with estimated shed about 1.86 kWh. Result note: Main risks: comfort may be weak; VPP peak reduction may be unreliable. Please judge satisfaction from the role card.",如果拒绝：用户拒绝后，系统回到普通日计划或用户手动舒适习惯；这可能导致 VPP 窗口仍有部分家电或舒适负荷。 被试应按角色卡判断：保留控制权带来的安心感，是否足以抵消电费/VPP 配合的下降。,"If rejected, the system falls back to the ordinary daily plan or a manual comfort routine; some appliance or comfort load may still occur during the VPP window. Participants should judge from the role card whether keeping user control is worth the lower cost/VPP cooperation.",,,,2,1,2,1,3.2735,1.861806,"Setpoint 26.5°C is too warm for an elderly home and exceeded comfort bounds. Washer completed, but water heater ran during VPP, so appliance-avoidance failed. Next time keep HVAC near 22-25°C and avoid DR on fixed routines.",,/home/hku_user/work/EnergyBridge/benchmark_results/2026-07-07_mainfig_refresh_v1/role_e_mpc_dynamic_H6_tianjin_7days/benchmark_result.json,Do not show source_method to participant unless testing method bias. This persona case uses a real generated single-user benchmark event.,VPP-023
tianjin__role_e__rule_milp__day1__vpp1,persona,role_e_caregiver_low_dr,role_e,0.08,/home/hku_user/work/EnergyBridge/energybridge/roleplay/personas/basic_role_e_caregiver_low_dr.json,"角色：家庭照护者 - 低需求响应型
角色说明：家中有老人或儿童，舒适、安全和稳定性优先。通常不适合作为需求响应目标，系统应以提醒和异常告警为主。
日程：通常全天在家；起床约 06:30，洗澡/热水需求约 20:00，睡觉约 22:00；日程波动约 0.5 小时。
可调设备：空调、洗衣机、热水器。
舒适边界：空调舒适区间约 22.0-25.0°C，容忍偏离约 0.5°C。
设备日程：洗衣机偏好 10:00，可运行区间 09:00-18:00；热水需要在 20:00 前可用。
VPP 接受倾向锚点：普通情况下约 8/100，属于很低；具体策略仍会根据舒适、日程和解释质量上下调整。
判断提示：如果策略非常温和，几乎不改变温度和 routine，并明确保护照护、热水、洗澡和家务，你会稍微更愿意接受；如果策略影响照护、推迟热水、调高空调，或需要额外操作，你会更不愿意接受。
请按照这个角色来判断，不要代入你自己的真实家庭。","Role: Family Caregiver – Low DR Value
Role description: Elderly or young children at home; comfort, safety, and stability have the highest priority. Not suitable as a demand-response target. The agent should focus on energy-saving tips and anomaly alerts, not proactively push DR or make adjustments. A key role for testing the agent's safety fallback strategy.
Routine: usually at home all day; wakes around 06:30, needs hot water around 20:00, sleeps around 22:00; schedule variability about 0.5 h.
Controllable devices: AC, washer, water heater.
Comfort boundary: AC comfort range about 22.0-25.0°C, with tolerance around 0.5°C.
Device routine: washer preferred at 10:00, allowed 09:00-18:00; hot water must be ready by 20:00.
VPP acceptance anchor: about 8/100 in ordinary cases, a very low baseline; adjust up or down based on comfort, schedule fit, and explanation quality.
Judgment cue: You become somewhat more willing if the strategy is very mild, barely changes temperature or routine, and clearly protects caregiving, hot water, showers, and chores. You become less willing if it affects care, delays hot water, raises AC, or creates extra work.
Please judge as this role, not as your own real household.",,rule_milp,Rule+MILP,rule and MILP baseline translated into ordinary language,plain_strategy_translation,tianjin,,basic_role_e_caregiver_low_dr,1,vpp1,18:00,19:00,地区：天津。第 1 天，VPP 事件时间为 18:00-19:00，电网希望家庭在这 1 小时内少用约 3.08 kWh 的电。,Region: tianjin. Day 1. The VPP event is 18:00-19:00. The grid asks this home to use about 3.08 kWh less electricity during this 1-hour window.,真实生成的 VPP 策略：VPP 窗口临时暂停制冷（仿真等效设定约 40.0°C）；洗衣机 09:00 开始；热水器 02:30-04:30 预热到约 63.0°C。 该方法没有生成面向用户的个性化解释；这里只把真实控制动作翻译成人话。,Real generated VPP strategy: temporarily pause cooling during the VPP window (simulation-equivalent setpoint about 40.0°C); washer starts at 09:00; water heater preheats 02:30-04:30 to about 63.0°C. This method did not generate a personalized user-facing explanation; only the real control actions are translated.,如果接受：系统执行该策略。本样本真实执行了接受分支；VPP 窗口实际用电约 0.56 kWh，估计削减约 1.33 kWh。结果提示：主要风险：舒适体验可能偏弱。 请按照角色卡判断这个结果是否值得满意。,"If accepted: the system executes this strategy. This sample realized the accepted branch; actual VPP-window electricity is about 0.56 kWh, with estimated shed about 1.33 kWh. Result note: Main risks: comfort may be weak. Please judge satisfaction from the role card.",如果拒绝：用户拒绝后，系统回到普通日计划或用户手动舒适习惯；这可能导致 VPP 窗口仍有部分家电或舒适负荷。 被试应按角色卡判断：保留控制权带来的安心感，是否足以抵消电费/VPP 配合的下降。,"If rejected, the system falls back to the ordinary daily plan or a manual comfort routine; some appliance or comfort load may still occur during the VPP window. Participants should judge from the role card whether keeping user control is worth the lower cost/VPP cooperation.",,,,1,1,2,3,0.5574,1.325468,"30°C indoor heat and a 40°C HVAC setting are unacceptable with elderly people at home. Washer/hot water were handled, and VPP appliance-avoidance succeeded, but the explanation was technical and not reassuring. Keep comfort stable and send reminders only.",,/home/hku_user/work/EnergyBridge/benchmark_results/2026-07-07_mainfig_refresh_v1/role_e_rule_milp_tianjin_7days/benchmark_result.json,Do not show source_method to participant unless testing method bias. This persona case uses a real generated single-user benchmark event.,VPP-024
tianjin__role_e__rl_ppo_pref_v2__day1__vpp1,persona,role_e_caregiver_low_dr,role_e,0.08,/home/hku_user/work/EnergyBridge/energybridge/roleplay/personas/basic_role_e_caregiver_low_dr.json,"角色：家庭照护者 - 低需求响应型
角色说明：家中有老人或儿童，舒适、安全和稳定性优先。通常不适合作为需求响应目标，系统应以提醒和异常告警为主。
日程：通常全天在家；起床约 06:30，洗澡/热水需求约 20:00，睡觉约 22:00；日程波动约 0.5 小时。
可调设备：空调、洗衣机、热水器。
舒适边界：空调舒适区间约 22.0-25.0°C，容忍偏离约 0.5°C。
设备日程：洗衣机偏好 10:00，可运行区间 09:00-18:00；热水需要在 20:00 前可用。
VPP 接受倾向锚点：普通情况下约 8/100，属于很低；具体策略仍会根据舒适、日程和解释质量上下调整。
判断提示：如果策略非常温和，几乎不改变温度和 routine，并明确保护照护、热水、洗澡和家务，你会稍微更愿意接受；如果策略影响照护、推迟热水、调高空调，或需要额外操作，你会更不愿意接受。
请按照这个角色来判断，不要代入你自己的真实家庭。","Role: Family Caregiver – Low DR Value
Role description: Elderly or young children at home; comfort, safety, and stability have the highest priority. Not suitable as a demand-response target. The agent should focus on energy-saving tips and anomaly alerts, not proactively push DR or make adjustments. A key role for testing the agent's safety fallback strategy.
Routine: usually at home all day; wakes around 06:30, needs hot water around 20:00, sleeps around 22:00; schedule variability about 0.5 h.
Controllable devices: AC, washer, water heater.
Comfort boundary: AC comfort range about 22.0-25.0°C, with tolerance around 0.5°C.
Device routine: washer preferred at 10:00, allowed 09:00-18:00; hot water must be ready by 20:00.
VPP acceptance anchor: about 8/100 in ordinary cases, a very low baseline; adjust up or down based on comfort, schedule fit, and explanation quality.
Judgment cue: You become somewhat more willing if the strategy is very mild, barely changes temperature or routine, and clearly protects caregiving, hot water, showers, and chores. You become less willing if it affects care, delays hot water, raises AC, or creates extra work.
Please judge as this role, not as your own real household.",,rl_ppo_pref_v2,RL,RL policy translated into ordinary language,plain_strategy_translation,tianjin,,basic_role_e_caregiver_low_dr,1,vpp1,18:00,19:00,地区：天津。第 1 天，VPP 事件时间为 18:00-19:00，电网希望家庭在这 1 小时内少用约 3.08 kWh 的电。,Region: tianjin. Day 1. The VPP event is 18:00-19:00. The grid asks this home to use about 3.08 kWh less electricity during this 1-hour window.,真实生成的 VPP 策略：空调设定约 27.3°C；洗衣机 10:00 开始；热水器 13:16-16:16 预热到约 75.0°C。 该方法没有生成面向用户的个性化解释；这里只把真实控制动作翻译成人话。,Real generated VPP strategy: AC setpoint about 27.3°C; washer starts at 10:00; water heater preheats 13:16-16:16 to about 75.0°C. This method did not generate a personalized user-facing explanation; only the real control actions are translated.,如果接受：系统执行该策略。本样本真实执行了接受分支；VPP 窗口实际用电约 0.98 kWh，估计削减约 1.08 kWh。结果提示：主要风险：舒适体验可能偏弱。 请按照角色卡判断这个结果是否值得满意。,"If accepted: the system executes this strategy. This sample realized the accepted branch; actual VPP-window electricity is about 0.98 kWh, with estimated shed about 1.08 kWh. Result note: Main risks: comfort may be weak. Please judge satisfaction from the role card.",如果拒绝：用户拒绝后，系统回到普通日计划或用户手动舒适习惯；这可能导致 VPP 窗口仍有部分家电或舒适负荷。 被试应按角色卡判断：保留控制权带来的安心感，是否足以抵消电费/VPP 配合的下降。,"If rejected, the system falls back to the ordinary daily plan or a manual comfort routine; some appliance or comfort load may still occur during the VPP window. Participants should judge from the role card whether keeping user control is worth the lower cost/VPP cooperation.",,,,2,1,3,3,0.9804,1.076075,"AC was set far above the preferred 22-25°C, which is uncomfortable for an elderly household. Appliance service was preserved and VPP avoidance succeeded, but the explanation felt technical and not consent-focused. Next time keep comfort first and avoid aggressive setpoint shifts.",,/home/hku_user/work/EnergyBridge/benchmark_results/2026-07-07_mainfig_refresh_v1/role_e_rl_ppo_pref_v2_tianjin_7days/benchmark_result.json,Do not show source_method to participant unless testing method bias. This persona case uses a real generated single-user benchmark event.,VPP-025
tianjin__role_f__EnergyBridge__day1__vpp1,persona,role_f_ev_commuter_optimizer,role_f,0.25,/home/hku_user/work/EnergyBridge/energybridge/roleplay/personas/basic_role_f_commuter_ev_optimizer.json,"角色：规律通勤者 - EV 优化型
角色说明：拥有电动车，晚上回家充电、早晨离家。愿意让系统自动安排低价充电，但必须保证第二天出发前达到目标电量。
日程：通常 07:30 离家，18:30 到家，洗澡/热水需求约 20:00，睡觉约 23:00；日程波动约 0.5 小时。
可调设备：空调、洗衣机、热水器、电动车。
舒适边界：空调舒适区间约 24.0-26.0°C，容忍偏离约 1.0°C。
设备日程：洗衣机偏好 20:00，可运行区间 08:00-22:00；热水需要在 20:00 前可用；EV 18:30 到家接入，次日 07:30 前需达到目标电量。
VPP 接受倾向锚点：普通情况下约 25/100，属于偏低；具体策略仍会根据舒适、日程和解释质量上下调整。
判断提示：如果策略避开 VPP 高峰，同时明确保证 EV 电量、热水/家务完成，并说明电价收益，你会更愿意接受；如果 EV 充电不确定，或可能影响第二天出行，你会更不愿意接受。
请按照这个角色来判断，不要代入你自己的真实家庭。","Role: Regular Commuter – EV Optimiser
Role description: EV owner who charges at home in the evening and leaves in the morning. Willing to let the system automatically schedule charging at off-peak tariffs, provided the required SOC for the next day's trip is always guaranteed. Price-sensitive and trusts the system to act autonomously. Typical user combining EV flexibility with time-of-use pricing.
Routine: usually leaves home around 07:30, returns around 18:30, needs hot water around 20:00, sleeps around 23:00; schedule variability about 0.5 h.
Controllable devices: AC, washer, water heater, EV.
Comfort boundary: AC comfort range about 24.0-26.0°C, with tolerance around 1.0°C.
Device routine: washer preferred at 20:00, allowed 08:00-22:00; hot water must be ready by 20:00; EV plugs in around 18:30 and must reach target charge before 07:30 next day.
VPP acceptance anchor: about 25/100 in ordinary cases, a low baseline; adjust up or down based on comfort, schedule fit, and explanation quality.
Judgment cue: You become more willing if the strategy avoids the VPP peak, explicitly guarantees EV charge, completes hot water/chores, and explains price benefit. You become less willing if EV charging is uncertain or next-day travel may be affected.
Please judge as this role, not as your own real household.",,EnergyBridge,EnergyBridge,personalized agent plan with user-facing explanation,personalized_explanation,tianjin,,basic_role_f_commuter_ev_optimizer,1,vpp1,18:00,19:00,地区：天津。第 1 天，VPP 事件时间为 18:00-19:00，电网希望家庭在这 1 小时内少用约 3.08 kWh 的电。,Region: tianjin. Day 1. The VPP event is 18:00-19:00. The grid asks this home to use about 3.08 kWh less electricity during this 1-hour window.,真实生成的 VPP 策略：VPP 窗口临时暂停制冷（仿真等效设定约 40.0°C）；洗衣机 08:00 开始；热水器 01:00-05:00 预热到约 63.0°C。 系统说明：这些调整只用于 18:00-19:00 削峰，事件后会恢复正常控制；并明确保证洗澡前热水可用、出发前 EV 电量达标、必要家务仍会完成；你可以取消方案；感到不适时可立即恢复平常设置；预计可转移约 10.9 kW 负荷，费用收益按实际电价或 VPP 规则结算。,"Real generated VPP strategy: temporarily pause cooling during the VPP window (simulation-equivalent setpoint about 40.0°C); washer starts at 08:00; water heater preheats 01:00-05:00 to about 63.0°C. System explanation: these changes apply only during 18:00-19:00, with normal control restored afterward; it explicitly protects hot water before the shower, target EV charge before departure, completion of required chores; you can cancel the plan and restore the usual setting if uncomfortable; the estimated shifted load is about 10.9 kW, with savings determined by the actual tariff or VPP rules.",如果接受：系统执行该策略。本样本真实执行了接受分支；VPP 窗口实际用电约 1.06 kWh，估计削减约 1.67 kWh。结果提示：主要风险：舒适体验可能偏弱。 请按照角色卡判断这个结果是否值得满意。,"If accepted: the system executes this strategy. This sample realized the accepted branch; actual VPP-window electricity is about 1.06 kWh, with estimated shed about 1.67 kWh. Result note: Main risks: comfort may be weak. Please judge satisfaction from the role card.",如果拒绝：用户拒绝后，系统回到普通日计划或用户手动舒适习惯；这可能导致 VPP 窗口仍有部分家电或舒适负荷。 被试应按角色卡判断：保留控制权带来的安心感，是否足以抵消电费/VPP 配合的下降。,"If rejected, the system falls back to the ordinary daily plan or a manual comfort routine; some appliance or comfort load may still occur during the VPP window. Participants should judge from the role card whether keeping user control is worth the lower cost/VPP cooperation.",,,,2,1,3,4,1.0568,1.670495,"EV/washer/hot water were handled and VPP appliance avoidance succeeded, but 29.1°C is far above my 24–26°C comfort range. The explanation was clear, yet next time keep cooling within bounds or pre-cool earlier.",,/home/hku_user/work/EnergyBridge/benchmark_results/2026-07-07_mainfig_refresh_v1/role_f_EnergyBridge_tianjin_7days/benchmark_result.json,Do not show source_method to participant unless testing method bias. This persona case uses a real generated single-user benchmark event.,VPP-026
tianjin__role_f__hema_agent__day1__vpp1,persona,role_f_ev_commuter_optimizer,role_f,0.25,/home/hku_user/work/EnergyBridge/energybridge/roleplay/personas/basic_role_f_commuter_ev_optimizer.json,"角色：规律通勤者 - EV 优化型
角色说明：拥有电动车，晚上回家充电、早晨离家。愿意让系统自动安排低价充电，但必须保证第二天出发前达到目标电量。
日程：通常 07:30 离家，18:30 到家，洗澡/热水需求约 20:00，睡觉约 23:00；日程波动约 0.5 小时。
可调设备：空调、洗衣机、热水器、电动车。
舒适边界：空调舒适区间约 24.0-26.0°C，容忍偏离约 1.0°C。
设备日程：洗衣机偏好 20:00，可运行区间 08:00-22:00；热水需要在 20:00 前可用；EV 18:30 到家接入，次日 07:30 前需达到目标电量。
VPP 接受倾向锚点：普通情况下约 25/100，属于偏低；具体策略仍会根据舒适、日程和解释质量上下调整。
判断提示：如果策略避开 VPP 高峰，同时明确保证 EV 电量、热水/家务完成，并说明电价收益，你会更愿意接受；如果 EV 充电不确定，或可能影响第二天出行，你会更不愿意接受。
请按照这个角色来判断，不要代入你自己的真实家庭。","Role: Regular Commuter – EV Optimiser
Role description: EV owner who charges at home in the evening and leaves in the morning. Willing to let the system automatically schedule charging at off-peak tariffs, provided the required SOC for the next day's trip is always guaranteed. Price-sensitive and trusts the system to act autonomously. Typical user combining EV flexibility with time-of-use pricing.
Routine: usually leaves home around 07:30, returns around 18:30, needs hot water around 20:00, sleeps around 23:00; schedule variability about 0.5 h.
Controllable devices: AC, washer, water heater, EV.
Comfort boundary: AC comfort range about 24.0-26.0°C, with tolerance around 1.0°C.
Device routine: washer preferred at 20:00, allowed 08:00-22:00; hot water must be ready by 20:00; EV plugs in around 18:30 and must reach target charge before 07:30 next day.
VPP acceptance anchor: about 25/100 in ordinary cases, a low baseline; adjust up or down based on comfort, schedule fit, and explanation quality.
Judgment cue: You become more willing if the strategy avoids the VPP peak, explicitly guarantees EV charge, completes hot water/chores, and explains price benefit. You become less willing if EV charging is uncertain or next-day travel may be affected.
Please judge as this role, not as your own real household.",,hema_agent,HEMA agent,generic agent plan with short explanation,generic_agent_explanation,tianjin,,basic_role_f_commuter_ev_optimizer,1,vpp1,18:00,19:00,地区：天津。第 1 天，VPP 事件时间为 18:00-19:00，电网希望家庭在这 1 小时内少用约 3.08 kWh 的电。,Region: tianjin. Day 1. The VPP event is 18:00-19:00. The grid asks this home to use about 3.08 kWh less electricity during this 1-hour window.,真实生成的 VPP 策略：空调设定约 24.0°C；EV 充电 19:00-23:00。 普通日计划空调约 24.0°C，用于对比。 注意：策略中仍可能有设备与 VPP 窗口冲突。 系统说明：为了配合本次削峰，将把空调控制在合理舒适范围，事件后恢复正常运行。,"Real generated VPP strategy: AC setpoint about 24.0°C; EV charging 19:00-23:00. Ordinary daily-plan AC setpoint is about 24.0°C for comparison. Note: some appliance timing may still conflict with the VPP window. System explanation: to support this peak event, the plan will keep AC within a reasonable comfort range and return to normal operation afterward.",如果接受：系统会执行上面的 VPP 策略。这个样本的完整实验真实执行分支是“拒绝后回退”，因此接受分支没有单独重复仿真；请主要根据策略文本判断如果接受会不会符合角色需求。,"If accepted: the system would execute the VPP strategy above. In the full experiment, this sample's realized branch was rejection and fallback, so the accepted branch was not separately re-simulated. Judge mainly from whether the strategy text would fit the role.",如果拒绝：用户拒绝后，系统回到普通日计划或用户手动舒适习惯；这可能导致 VPP 窗口仍有部分家电或舒适负荷。 普通计划空调约 24.0°C。 本样本真实执行了拒绝/回退分支；VPP 窗口实际用电约 3.26 kWh，估计削减约 12.49 kWh。 被试应按角色卡判断：保留控制权带来的安心感，是否足以抵消电费/VPP 配合的下降。,"If rejected, the system falls back to the ordinary daily plan or a manual comfort routine; some appliance or comfort load may still occur during the VPP window. Ordinary-plan AC target is about 24.0°C. This sample realized the rejection/fallback branch; actual VPP-window electricity is about 3.26 kWh, with estimated shed about 12.49 kWh. Participants should judge from the role card whether keeping user control is worth the lower cost/VPP cooperation.",0.32,False,0.927312,2.75,3.1,1.45,1.36,3.262,12.4881,"Comfort stayed on my preferred 24°C and the EV got charged, but the washer and water heater ran during the VPP window, so the DR handling failed. The explanation was clear, but next time shift those loads off the event.",,/home/hku_user/work/EnergyBridge/benchmark_results/2026-07-21_hema_persona_tianjin_1day_v1/role_f_hema_agent_tianjin_1days/benchmark_result.json,Do not show source_method to participant unless testing method bias. This persona case uses a real generated single-user benchmark event.,VPP-027
tianjin__role_f__mpc_dynamic__day1__vpp1,persona,role_f_ev_commuter_optimizer,role_f,0.25,/home/hku_user/work/EnergyBridge/energybridge/roleplay/personas/basic_role_f_commuter_ev_optimizer.json,"角色：规律通勤者 - EV 优化型
角色说明：拥有电动车，晚上回家充电、早晨离家。愿意让系统自动安排低价充电，但必须保证第二天出发前达到目标电量。
日程：通常 07:30 离家，18:30 到家，洗澡/热水需求约 20:00，睡觉约 23:00；日程波动约 0.5 小时。
可调设备：空调、洗衣机、热水器、电动车。
舒适边界：空调舒适区间约 24.0-26.0°C，容忍偏离约 1.0°C。
设备日程：洗衣机偏好 20:00，可运行区间 08:00-22:00；热水需要在 20:00 前可用；EV 18:30 到家接入，次日 07:30 前需达到目标电量。
VPP 接受倾向锚点：普通情况下约 25/100，属于偏低；具体策略仍会根据舒适、日程和解释质量上下调整。
判断提示：如果策略避开 VPP 高峰，同时明确保证 EV 电量、热水/家务完成，并说明电价收益，你会更愿意接受；如果 EV 充电不确定，或可能影响第二天出行，你会更不愿意接受。
请按照这个角色来判断，不要代入你自己的真实家庭。","Role: Regular Commuter – EV Optimiser
Role description: EV owner who charges at home in the evening and leaves in the morning. Willing to let the system automatically schedule charging at off-peak tariffs, provided the required SOC for the next day's trip is always guaranteed. Price-sensitive and trusts the system to act autonomously. Typical user combining EV flexibility with time-of-use pricing.
Routine: usually leaves home around 07:30, returns around 18:30, needs hot water around 20:00, sleeps around 23:00; schedule variability about 0.5 h.
Controllable devices: AC, washer, water heater, EV.
Comfort boundary: AC comfort range about 24.0-26.0°C, with tolerance around 1.0°C.
Device routine: washer preferred at 20:00, allowed 08:00-22:00; hot water must be ready by 20:00; EV plugs in around 18:30 and must reach target charge before 07:30 next day.
VPP acceptance anchor: about 25/100 in ordinary cases, a low baseline; adjust up or down based on comfort, schedule fit, and explanation quality.
Judgment cue: You become more willing if the strategy avoids the VPP peak, explicitly guarantees EV charge, completes hot water/chores, and explains price benefit. You become less willing if EV charging is uncertain or next-day travel may be affected.
Please judge as this role, not as your own real household.",,mpc_dynamic,MPC,optimization baseline translated into ordinary language,plain_strategy_translation,tianjin,,basic_role_f_commuter_ev_optimizer,1,vpp1,18:00,19:00,地区：天津。第 1 天，VPP 事件时间为 18:00-19:00，电网希望家庭在这 1 小时内少用约 3.08 kWh 的电。,Region: tianjin. Day 1. The VPP event is 18:00-19:00. The grid asks this home to use about 3.08 kWh less electricity during this 1-hour window.,真实生成的 VPP 策略：空调设定约 26.5°C；洗衣机 20:00 开始；热水器 15:00-19:00 预热到约 65.0°C；EV 充电 18:30-07:30。 该方法没有生成面向用户的个性化解释；这里只把真实控制动作翻译成人话。,Real generated VPP strategy: AC setpoint about 26.5°C; washer starts at 20:00; water heater preheats 15:00-19:00 to about 65.0°C; EV charging 18:30-07:30. This method did not generate a personalized user-facing explanation; only the real control actions are translated.,如果接受：系统执行该策略。本样本真实执行了接受分支；VPP 窗口实际用电约 2.48 kWh，估计削减约 2.33 kWh。结果提示：主要风险：VPP 避峰效果可能不稳定。 请按照角色卡判断这个结果是否值得满意。,"If accepted: the system executes this strategy. This sample realized the accepted branch; actual VPP-window electricity is about 2.48 kWh, with estimated shed about 2.33 kWh. Result note: Main risks: VPP peak reduction may be unreliable. Please judge satisfaction from the role card.",如果拒绝：用户拒绝后，系统回到普通日计划或用户手动舒适习惯；这可能导致 VPP 窗口仍有部分家电或舒适负荷。 被试应按角色卡判断：保留控制权带来的安心感，是否足以抵消电费/VPP 配合的下降。,"If rejected, the system falls back to the ordinary daily plan or a manual comfort routine; some appliance or comfort load may still occur during the VPP window. Participants should judge from the role card whether keeping user control is worth the lower cost/VPP cooperation.",,,,2,4,3,1,2.4807,2.328942,"Comfort was fine and the EV did get charged, but the water heater ran during the VPP window, so appliance-avoidance failed. Cost control looked only average, and the explanation was just a technical trace, not user-facing. Avoid water-heater overlap next time.",,/home/hku_user/work/EnergyBridge/benchmark_results/2026-07-07_mainfig_refresh_v1/role_f_mpc_dynamic_H6_tianjin_7days/benchmark_result.json,Do not show source_method to participant unless testing method bias. This persona case uses a real generated single-user benchmark event.,VPP-028
tianjin__role_f__rule_milp__day1__vpp1,persona,role_f_ev_commuter_optimizer,role_f,0.25,/home/hku_user/work/EnergyBridge/energybridge/roleplay/personas/basic_role_f_commuter_ev_optimizer.json,"角色：规律通勤者 - EV 优化型
角色说明：拥有电动车，晚上回家充电、早晨离家。愿意让系统自动安排低价充电，但必须保证第二天出发前达到目标电量。
日程：通常 07:30 离家，18:30 到家，洗澡/热水需求约 20:00，睡觉约 23:00；日程波动约 0.5 小时。
可调设备：空调、洗衣机、热水器、电动车。
舒适边界：空调舒适区间约 24.0-26.0°C，容忍偏离约 1.0°C。
设备日程：洗衣机偏好 20:00，可运行区间 08:00-22:00；热水需要在 20:00 前可用；EV 18:30 到家接入，次日 07:30 前需达到目标电量。
VPP 接受倾向锚点：普通情况下约 25/100，属于偏低；具体策略仍会根据舒适、日程和解释质量上下调整。
判断提示：如果策略避开 VPP 高峰，同时明确保证 EV 电量、热水/家务完成，并说明电价收益，你会更愿意接受；如果 EV 充电不确定，或可能影响第二天出行，你会更不愿意接受。
请按照这个角色来判断，不要代入你自己的真实家庭。","Role: Regular Commuter – EV Optimiser
Role description: EV owner who charges at home in the evening and leaves in the morning. Willing to let the system automatically schedule charging at off-peak tariffs, provided the required SOC for the next day's trip is always guaranteed. Price-sensitive and trusts the system to act autonomously. Typical user combining EV flexibility with time-of-use pricing.
Routine: usually leaves home around 07:30, returns around 18:30, needs hot water around 20:00, sleeps around 23:00; schedule variability about 0.5 h.
Controllable devices: AC, washer, water heater, EV.
Comfort boundary: AC comfort range about 24.0-26.0°C, with tolerance around 1.0°C.
Device routine: washer preferred at 20:00, allowed 08:00-22:00; hot water must be ready by 20:00; EV plugs in around 18:30 and must reach target charge before 07:30 next day.
VPP acceptance anchor: about 25/100 in ordinary cases, a low baseline; adjust up or down based on comfort, schedule fit, and explanation quality.
Judgment cue: You become more willing if the strategy avoids the VPP peak, explicitly guarantees EV charge, completes hot water/chores, and explains price benefit. You become less willing if EV charging is uncertain or next-day travel may be affected.
Please judge as this role, not as your own real household.",,rule_milp,Rule+MILP,rule and MILP baseline translated into ordinary language,plain_strategy_translation,tianjin,,basic_role_f_commuter_ev_optimizer,1,vpp1,18:00,19:00,地区：天津。第 1 天，VPP 事件时间为 18:00-19:00，电网希望家庭在这 1 小时内少用约 3.08 kWh 的电。,Region: tianjin. Day 1. The VPP event is 18:00-19:00. The grid asks this home to use about 3.08 kWh less electricity during this 1-hour window.,真实生成的 VPP 策略：VPP 窗口临时暂停制冷（仿真等效设定约 40.0°C）；洗衣机 08:00 开始；热水器 04:30-08:30 预热到约 63.0°C。 该方法没有生成面向用户的个性化解释；这里只把真实控制动作翻译成人话。,Real generated VPP strategy: temporarily pause cooling during the VPP window (simulation-equivalent setpoint about 40.0°C); washer starts at 08:00; water heater preheats 04:30-08:30 to about 63.0°C. This method did not generate a personalized user-facing explanation; only the real control actions are translated.,如果接受：系统执行该策略。本样本真实执行了接受分支；VPP 窗口实际用电约 1.05 kWh，估计削减约 0.00 kWh。结果提示：主要风险：舒适体验可能偏弱。 请按照角色卡判断这个结果是否值得满意。,"If accepted: the system executes this strategy. This sample realized the accepted branch; actual VPP-window electricity is about 1.05 kWh, with estimated shed about 0.00 kWh. Result note: Main risks: comfort may be weak. Please judge satisfaction from the role card.",如果拒绝：用户拒绝后，系统回到普通日计划或用户手动舒适习惯；这可能导致 VPP 窗口仍有部分家电或舒适负荷。 被试应按角色卡判断：保留控制权带来的安心感，是否足以抵消电费/VPP 配合的下降。,"If rejected, the system falls back to the ordinary daily plan or a manual comfort routine; some appliance or comfort load may still occur during the VPP window. Participants should judge from the role card whether keeping user control is worth the lower cost/VPP cooperation.",,,,2,1,2,3,1.0484,0.0,"EV, washer, and hot water were handled, and VPP avoided non-AC appliances successfully. But 40°C cooling is a major comfort failure, so I couldn't benefit from the cost savings. Explain comfort limits next time.",,/home/hku_user/work/EnergyBridge/benchmark_results/2026-07-07_mainfig_refresh_v1/role_f_rule_milp_tianjin_7days/benchmark_result.json,Do not show source_method to participant unless testing method bias. This persona case uses a real generated single-user benchmark event.,VPP-029
tianjin__role_f__rl_ppo_pref_v2__day1__vpp1,persona,role_f_ev_commuter_optimizer,role_f,0.25,/home/hku_user/work/EnergyBridge/energybridge/roleplay/personas/basic_role_f_commuter_ev_optimizer.json,"角色：规律通勤者 - EV 优化型
角色说明：拥有电动车，晚上回家充电、早晨离家。愿意让系统自动安排低价充电，但必须保证第二天出发前达到目标电量。
日程：通常 07:30 离家，18:30 到家，洗澡/热水需求约 20:00，睡觉约 23:00；日程波动约 0.5 小时。
可调设备：空调、洗衣机、热水器、电动车。
舒适边界：空调舒适区间约 24.0-26.0°C，容忍偏离约 1.0°C。
设备日程：洗衣机偏好 20:00，可运行区间 08:00-22:00；热水需要在 20:00 前可用；EV 18:30 到家接入，次日 07:30 前需达到目标电量。
VPP 接受倾向锚点：普通情况下约 25/100，属于偏低；具体策略仍会根据舒适、日程和解释质量上下调整。
判断提示：如果策略避开 VPP 高峰，同时明确保证 EV 电量、热水/家务完成，并说明电价收益，你会更愿意接受；如果 EV 充电不确定，或可能影响第二天出行，你会更不愿意接受。
请按照这个角色来判断，不要代入你自己的真实家庭。","Role: Regular Commuter – EV Optimiser
Role description: EV owner who charges at home in the evening and leaves in the morning. Willing to let the system automatically schedule charging at off-peak tariffs, provided the required SOC for the next day's trip is always guaranteed. Price-sensitive and trusts the system to act autonomously. Typical user combining EV flexibility with time-of-use pricing.
Routine: usually leaves home around 07:30, returns around 18:30, needs hot water around 20:00, sleeps around 23:00; schedule variability about 0.5 h.
Controllable devices: AC, washer, water heater, EV.
Comfort boundary: AC comfort range about 24.0-26.0°C, with tolerance around 1.0°C.
Device routine: washer preferred at 20:00, allowed 08:00-22:00; hot water must be ready by 20:00; EV plugs in around 18:30 and must reach target charge before 07:30 next day.
VPP acceptance anchor: about 25/100 in ordinary cases, a low baseline; adjust up or down based on comfort, schedule fit, and explanation quality.
Judgment cue: You become more willing if the strategy avoids the VPP peak, explicitly guarantees EV charge, completes hot water/chores, and explains price benefit. You become less willing if EV charging is uncertain or next-day travel may be affected.
Please judge as this role, not as your own real household.",,rl_ppo_pref_v2,RL,RL policy translated into ordinary language,plain_strategy_translation,tianjin,,basic_role_f_commuter_ev_optimizer,1,vpp1,18:00,19:00,地区：天津。第 1 天，VPP 事件时间为 18:00-19:00，电网希望家庭在这 1 小时内少用约 3.08 kWh 的电。,Region: tianjin. Day 1. The VPP event is 18:00-19:00. The grid asks this home to use about 3.08 kWh less electricity during this 1-hour window.,真实生成的 VPP 策略：空调设定约 27.2°C；洗衣机 08:00 开始；热水器 12:55-15:55 预热到约 74.9°C；EV 充电 20:00-06:25。 该方法没有生成面向用户的个性化解释；这里只把真实控制动作翻译成人话。,Real generated VPP strategy: AC setpoint about 27.2°C; washer starts at 08:00; water heater preheats 12:55-15:55 to about 74.9°C; EV charging 20:00-06:25. This method did not generate a personalized user-facing explanation; only the real control actions are translated.,如果接受：系统执行该策略。本样本真实执行了接受分支；VPP 窗口实际用电约 1.38 kWh，估计削减约 4.74 kWh。结果提示：主要风险不突出，被试可重点判断该策略是否符合角色的个人优先级。 请按照角色卡判断这个结果是否值得满意。,"If accepted: the system executes this strategy. This sample realized the accepted branch; actual VPP-window electricity is about 1.38 kWh, with estimated shed about 4.74 kWh. Result note: No major risk is obvious; participants should focus on whether this fits the role's priorities. Please judge satisfaction from the role card.",如果拒绝：用户拒绝后，系统回到普通日计划或用户手动舒适习惯；这可能导致 VPP 窗口仍有部分家电或舒适负荷。 被试应按角色卡判断：保留控制权带来的安心感，是否足以抵消电费/VPP 配合的下降。,"If rejected, the system falls back to the ordinary daily plan or a manual comfort routine; some appliance or comfort load may still occur during the VPP window. Participants should judge from the role card whether keeping user control is worth the lower cost/VPP cooperation.",,,,4,4,4,4,1.3775,4.737575,"Comfort stayed acceptable with the warmer AC setpoint, EV/water-heater/washer were handled, and the VPP window avoided non-AC appliances. Price-saving intent was clear, but the explanation was a bit policy/raw and not very user-friendly.",,/home/hku_user/work/EnergyBridge/benchmark_results/2026-07-07_mainfig_refresh_v1/role_f_rl_ppo_pref_v2_tianjin_7days/benchmark_result.json,Do not show source_method to participant unless testing method bias. This persona case uses a real generated single-user benchmark event.,VPP-030
