persona_id,household_id,method,city,days,start_date,memory_sample_id,memory_source_event_id,memory_source_day,price_csv,vpp_start_hour,vpp_duration_hours,vpp_events_json,status,return_code,elapsed_s,output_dir,log_file,run_summary_path,exit_code,energy_kwh,energy_kwh_per_day,day_ahead_total_cost_eur,day_ahead_weighted_price_eur_per_kwh,day_ahead_price_unit,day_ahead_price_source,vpp_window_energy_kwh,vpp_window_energy_avg_per_hour_kwh,vpp_demand_achievement_ratio,vpp_appliance_avoidance_success_rate,user_pref_score,appliance_task_completion_rate,physical_appliance_task_completion_rate,policy_output_covered_appliance_services,policy_output_uncovered_appliance_services,policy_output_absent_appliance_services
household_s2_multigeneration_caregiver,household_s2_multigeneration_caregiver,no_dr,Germany,1,2025-06-01,d01_hist_d01_1,hist_d01_1,1,D:\Pycharm_project\PycharmProjects\EnergyBridge\experiments\real_data\germany_2025_price.csv,18.0,1.0,D:\Pycharm_project\PycharmProjects\EnergyBridge\benchmark_results\2026-07-21\_batch_logs\daily_event_configs\d01_hist_d01_1.json,skipped_done,0,0.0,D:\Pycharm_project\PycharmProjects\EnergyBridge\benchmark_results\2026-07-21\household_s2_multigeneration_caregiver_no_dr_germany_d01_hist_d01_1_2025-06-01_1day,D:\Pycharm_project\PycharmProjects\EnergyBridge\benchmark_results\2026-07-21\_batch_logs\daily_dr_memory_germany_1day\household_s2_multigeneration_caregiver_no_dr_germany_d01_hist_d01_1_2025-06-01_1day.log,D:\Pycharm_project\PycharmProjects\EnergyBridge\benchmark_results\2026-07-21\household_s2_multigeneration_caregiver_no_dr_germany_d01_hist_d01_1_2025-06-01_1day\run_summary.txt,0,53.366802,53.366802,9.157281,0.049434,EUR/kWh,D:\Pycharm_project\PycharmProjects\EnergyBridge\experiments\real_data\germany_2025_price.csv,10.6961,10.6961,1.0,1.0,,0.0,1.0,[],"['dishwasher', 'dryer', 'ev', 'washer', 'water_heater']",[]
household_s1_dual_commuter_standard,household_s1_dual_commuter_standard,mpc_dynamic,Germany,1,2025-06-01,d01_hist_d01_1,hist_d01_1,1,D:\Pycharm_project\PycharmProjects\EnergyBridge\experiments\real_data\germany_2025_price.csv,18.0,1.0,D:\Pycharm_project\PycharmProjects\EnergyBridge\benchmark_results\2026-07-21\_batch_logs\daily_event_configs\d01_hist_d01_1.json,skipped_done,0,0.0,D:\Pycharm_project\PycharmProjects\EnergyBridge\benchmark_results\2026-07-21\household_s1_dual_commuter_standard_mpc_dynamic_germany_d01_hist_d01_1_2025-06-01_1day,D:\Pycharm_project\PycharmProjects\EnergyBridge\benchmark_results\2026-07-21\_batch_logs\daily_dr_memory_germany_1day\household_s1_dual_commuter_standard_mpc_dynamic_germany_d01_hist_d01_1_2025-06-01_1day.log,D:\Pycharm_project\PycharmProjects\EnergyBridge\benchmark_results\2026-07-21\household_s1_dual_commuter_standard_mpc_dynamic_germany_d01_hist_d01_1_2025-06-01_1day\run_summary.txt,0,62.484614,62.484614,8.986758,0.048309,EUR/kWh,D:\Pycharm_project\PycharmProjects\EnergyBridge\experiments\real_data\germany_2025_price.csv,7.7892,7.7892,0.0,0.0,2.612,1.0,1.0,"['dishwasher', 'dryer', 'ev', 'washer', 'water_heater']",[],[]
household_s2_multigeneration_caregiver,household_s2_multigeneration_caregiver,mpc_dynamic,Germany,1,2025-06-01,d01_hist_d01_1,hist_d01_1,1,D:\Pycharm_project\PycharmProjects\EnergyBridge\experiments\real_data\germany_2025_price.csv,18.0,1.0,D:\Pycharm_project\PycharmProjects\EnergyBridge\benchmark_results\2026-07-21\_batch_logs\daily_event_configs\d01_hist_d01_1.json,skipped_done,0,0.0,D:\Pycharm_project\PycharmProjects\EnergyBridge\benchmark_results\2026-07-21\household_s2_multigeneration_caregiver_mpc_dynamic_germany_d01_hist_d01_1_2025-06-01_1day,D:\Pycharm_project\PycharmProjects\EnergyBridge\benchmark_results\2026-07-21\_batch_logs\daily_dr_memory_germany_1day\household_s2_multigeneration_caregiver_mpc_dynamic_germany_d01_hist_d01_1_2025-06-01_1day.log,D:\Pycharm_project\PycharmProjects\EnergyBridge\benchmark_results\2026-07-21\household_s2_multigeneration_caregiver_mpc_dynamic_germany_d01_hist_d01_1_2025-06-01_1day\run_summary.txt,0,55.074636,55.074636,8.60757,0.047058,EUR/kWh,D:\Pycharm_project\PycharmProjects\EnergyBridge\experiments\real_data\germany_2025_price.csv,7.5659,7.5659,0.0,0.0,2.55,1.0,1.0,"['dishwasher', 'dryer', 'ev', 'washer', 'water_heater']",[],[]
household_s1_dual_commuter_standard,household_s1_dual_commuter_standard,no_dr,Germany,1,2025-06-01,d01_hist_d01_1,hist_d01_1,1,D:\Pycharm_project\PycharmProjects\EnergyBridge\experiments\real_data\germany_2025_price.csv,18.0,1.0,D:\Pycharm_project\PycharmProjects\EnergyBridge\benchmark_results\2026-07-21\_batch_logs\daily_event_configs\d01_hist_d01_1.json,skipped_done,0,0.0,D:\Pycharm_project\PycharmProjects\EnergyBridge\benchmark_results\2026-07-21\household_s1_dual_commuter_standard_no_dr_germany_d01_hist_d01_1_2025-06-01_1day,D:\Pycharm_project\PycharmProjects\EnergyBridge\benchmark_results\2026-07-21\_batch_logs\daily_dr_memory_germany_1day\household_s1_dual_commuter_standard_no_dr_germany_d01_hist_d01_1_2025-06-01_1day.log,D:\Pycharm_project\PycharmProjects\EnergyBridge\benchmark_results\2026-07-21\household_s1_dual_commuter_standard_no_dr_germany_d01_hist_d01_1_2025-06-01_1day\run_summary.txt,0,60.672246,60.672246,9.816012,0.050853,EUR/kWh,D:\Pycharm_project\PycharmProjects\EnergyBridge\experiments\real_data\germany_2025_price.csv,10.6596,10.6596,1.0,1.0,,0.0,1.0,[],"['dishwasher', 'dryer', 'ev', 'washer', 'water_heater']",[]
household_s3_hybrid_work_from_home,household_s3_hybrid_work_from_home,mpc_dynamic,Germany,1,2025-06-01,d01_hist_d01_1,hist_d01_1,1,D:\Pycharm_project\PycharmProjects\EnergyBridge\experiments\real_data\germany_2025_price.csv,18.0,1.0,D:\Pycharm_project\PycharmProjects\EnergyBridge\benchmark_results\2026-07-21\_batch_logs\daily_event_configs\d01_hist_d01_1.json,skipped_done,0,0.0,D:\Pycharm_project\PycharmProjects\EnergyBridge\benchmark_results\2026-07-21\household_s3_hybrid_work_from_home_mpc_dynamic_germany_d01_hist_d01_1_2025-06-01_1day,D:\Pycharm_project\PycharmProjects\EnergyBridge\benchmark_results\2026-07-21\_batch_logs\daily_dr_memory_germany_1day\household_s3_hybrid_work_from_home_mpc_dynamic_germany_d01_hist_d01_1_2025-06-01_1day.log,D:\Pycharm_project\PycharmProjects\EnergyBridge\benchmark_results\2026-07-21\household_s3_hybrid_work_from_home_mpc_dynamic_germany_d01_hist_d01_1_2025-06-01_1day\run_summary.txt,0,56.887211,56.887211,8.599751,0.047138,EUR/kWh,D:\Pycharm_project\PycharmProjects\EnergyBridge\experiments\real_data\germany_2025_price.csv,7.6082,7.6082,0.0,0.0,2.633,1.0,1.0,"['dishwasher', 'dryer', 'ev', 'washer', 'water_heater']",[],[]
household_s3_hybrid_work_from_home,household_s3_hybrid_work_from_home,no_dr,Germany,1,2025-06-01,d01_hist_d01_1,hist_d01_1,1,D:\Pycharm_project\PycharmProjects\EnergyBridge\experiments\real_data\germany_2025_price.csv,18.0,1.0,D:\Pycharm_project\PycharmProjects\EnergyBridge\benchmark_results\2026-07-21\_batch_logs\daily_event_configs\d01_hist_d01_1.json,skipped_done,0,0.0,D:\Pycharm_project\PycharmProjects\EnergyBridge\benchmark_results\2026-07-21\household_s3_hybrid_work_from_home_no_dr_germany_d01_hist_d01_1_2025-06-01_1day,D:\Pycharm_project\PycharmProjects\EnergyBridge\benchmark_results\2026-07-21\_batch_logs\daily_dr_memory_germany_1day\household_s3_hybrid_work_from_home_no_dr_germany_d01_hist_d01_1_2025-06-01_1day.log,D:\Pycharm_project\PycharmProjects\EnergyBridge\benchmark_results\2026-07-21\household_s3_hybrid_work_from_home_no_dr_germany_d01_hist_d01_1_2025-06-01_1day\run_summary.txt,0,56.852793,56.852793,9.487449,0.050254,EUR/kWh,D:\Pycharm_project\PycharmProjects\EnergyBridge\experiments\real_data\germany_2025_price.csv,10.667,10.667,1.0,1.0,,0.0,0.8,[],"['dishwasher', 'dryer', 'ev', 'washer', 'water_heater']",[]
household_s4_ev_commuter_flexible,household_s4_ev_commuter_flexible,mpc_dynamic,Germany,1,2025-06-01,d01_hist_d01_1,hist_d01_1,1,D:\Pycharm_project\PycharmProjects\EnergyBridge\experiments\real_data\germany_2025_price.csv,18.0,1.0,D:\Pycharm_project\PycharmProjects\EnergyBridge\benchmark_results\2026-07-21\_batch_logs\daily_event_configs\d01_hist_d01_1.json,skipped_done,0,0.0,D:\Pycharm_project\PycharmProjects\EnergyBridge\benchmark_results\2026-07-21\household_s4_ev_commuter_flexible_mpc_dynamic_germany_d01_hist_d01_1_2025-06-01_1day,D:\Pycharm_project\PycharmProjects\EnergyBridge\benchmark_results\2026-07-21\_batch_logs\daily_dr_memory_germany_1day\household_s4_ev_commuter_flexible_mpc_dynamic_germany_d01_hist_d01_1_2025-06-01_1day.log,D:\Pycharm_project\PycharmProjects\EnergyBridge\benchmark_results\2026-07-21\household_s4_ev_commuter_flexible_mpc_dynamic_germany_d01_hist_d01_1_2025-06-01_1day\run_summary.txt,0,66.565774,66.565774,9.309064,0.048967,EUR/kWh,D:\Pycharm_project\PycharmProjects\EnergyBridge\experiments\real_data\germany_2025_price.csv,7.7892,7.7892,0.0,0.0,2.65,1.0,1.0,"['dishwasher', 'dryer', 'ev', 'washer', 'water_heater']",[],[]
household_s4_ev_commuter_flexible,household_s4_ev_commuter_flexible,no_dr,Germany,1,2025-06-01,d01_hist_d01_1,hist_d01_1,1,D:\Pycharm_project\PycharmProjects\EnergyBridge\experiments\real_data\germany_2025_price.csv,18.0,1.0,D:\Pycharm_project\PycharmProjects\EnergyBridge\benchmark_results\2026-07-21\_batch_logs\daily_event_configs\d01_hist_d01_1.json,skipped_done,0,0.0,D:\Pycharm_project\PycharmProjects\EnergyBridge\benchmark_results\2026-07-21\household_s4_ev_commuter_flexible_no_dr_germany_d01_hist_d01_1_2025-06-01_1day,D:\Pycharm_project\PycharmProjects\EnergyBridge\benchmark_results\2026-07-21\_batch_logs\daily_dr_memory_germany_1day\household_s4_ev_commuter_flexible_no_dr_germany_d01_hist_d01_1_2025-06-01_1day.log,D:\Pycharm_project\PycharmProjects\EnergyBridge\benchmark_results\2026-07-21\household_s4_ev_commuter_flexible_no_dr_germany_d01_hist_d01_1_2025-06-01_1day\run_summary.txt,0,64.753406,64.753406,10.146892,0.051479,EUR/kWh,D:\Pycharm_project\PycharmProjects\EnergyBridge\experiments\real_data\germany_2025_price.csv,10.6596,10.6596,1.0,1.0,,0.0,1.0,[],"['dishwasher', 'dryer', 'ev', 'washer', 'water_heater']",[]
household_s5_shared_roommates_irregular,household_s5_shared_roommates_irregular,mpc_dynamic,Germany,1,2025-06-01,d01_hist_d01_1,hist_d01_1,1,D:\Pycharm_project\PycharmProjects\EnergyBridge\experiments\real_data\germany_2025_price.csv,18.0,1.0,D:\Pycharm_project\PycharmProjects\EnergyBridge\benchmark_results\2026-07-21\_batch_logs\daily_event_configs\d01_hist_d01_1.json,skipped_done,0,0.0,D:\Pycharm_project\PycharmProjects\EnergyBridge\benchmark_results\2026-07-21\household_s5_shared_roommates_irregular_mpc_dynamic_germany_d01_hist_d01_1_2025-06-01_1day,D:\Pycharm_project\PycharmProjects\EnergyBridge\benchmark_results\2026-07-21\_batch_logs\daily_dr_memory_germany_1day\household_s5_shared_roommates_irregular_mpc_dynamic_germany_d01_hist_d01_1_2025-06-01_1day.log,D:\Pycharm_project\PycharmProjects\EnergyBridge\benchmark_results\2026-07-21\household_s5_shared_roommates_irregular_mpc_dynamic_germany_d01_hist_d01_1_2025-06-01_1day\run_summary.txt,0,58.403455,58.403455,8.633616,0.047452,EUR/kWh,D:\Pycharm_project\PycharmProjects\EnergyBridge\experiments\real_data\germany_2025_price.csv,7.7892,7.7892,0.0,0.0,2.612,1.0,1.0,"['dishwasher', 'dryer', 'ev', 'washer', 'water_heater']",[],[]
household_s5_shared_roommates_irregular,household_s5_shared_roommates_irregular,no_dr,Germany,1,2025-06-01,d01_hist_d01_1,hist_d01_1,1,D:\Pycharm_project\PycharmProjects\EnergyBridge\experiments\real_data\germany_2025_price.csv,18.0,1.0,D:\Pycharm_project\PycharmProjects\EnergyBridge\benchmark_results\2026-07-21\_batch_logs\daily_event_configs\d01_hist_d01_1.json,skipped_done,0,0.0,D:\Pycharm_project\PycharmProjects\EnergyBridge\benchmark_results\2026-07-21\household_s5_shared_roommates_irregular_no_dr_germany_d01_hist_d01_1_2025-06-01_1day,D:\Pycharm_project\PycharmProjects\EnergyBridge\benchmark_results\2026-07-21\_batch_logs\daily_dr_memory_germany_1day\household_s5_shared_roommates_irregular_no_dr_germany_d01_hist_d01_1_2025-06-01_1day.log,D:\Pycharm_project\PycharmProjects\EnergyBridge\benchmark_results\2026-07-21\household_s5_shared_roommates_irregular_no_dr_germany_d01_hist_d01_1_2025-06-01_1day\run_summary.txt,0,56.591087,56.591087,9.485132,0.0502,EUR/kWh,D:\Pycharm_project\PycharmProjects\EnergyBridge\experiments\real_data\germany_2025_price.csv,10.6596,10.6596,1.0,1.0,,0.0,1.0,[],"['dishwasher', 'dryer', 'ev', 'washer', 'water_heater']",[]
household_s1_dual_commuter_standard,household_s1_dual_commuter_standard,mpc_dynamic,Tianjin,1,2025-06-01,d01_hist_d01_1,hist_d01_1,1,D:\Pycharm_project\PycharmProjects\EnergyBridge\experiments\real_data\tianjin_tou_price_normalized.csv,18.0,1.0,D:\Pycharm_project\PycharmProjects\EnergyBridge\benchmark_results\2026-07-21\_batch_logs\daily_event_configs\d01_hist_d01_1.json,skipped_done,0,0.0,D:\Pycharm_project\PycharmProjects\EnergyBridge\benchmark_results\2026-07-21\household_s1_dual_commuter_standard_mpc_dynamic_tianjin_d01_hist_d01_1_2025-06-01_1day,D:\Pycharm_project\PycharmProjects\EnergyBridge\benchmark_results\2026-07-21\_batch_logs\daily_dr_memory_tianjin_1day\household_s1_dual_commuter_standard_mpc_dynamic_tianjin_d01_hist_d01_1_2025-06-01_1day.log,D:\Pycharm_project\PycharmProjects\EnergyBridge\benchmark_results\2026-07-21\household_s1_dual_commuter_standard_mpc_dynamic_tianjin_d01_hist_d01_1_2025-06-01_1day\run_summary.txt,0,56.179135,56.179135,31.610443,1.008089,normalized TOU cost/kWh,D:\Pycharm_project\PycharmProjects\EnergyBridge\experiments\real_data\tianjin_tou_price_normalized.csv,2.2864,2.2864,0.0,0.0,2.612,1.0,1.0,"['dishwasher', 'dryer', 'ev', 'washer', 'water_heater']",[],[]
household_s1_dual_commuter_standard,household_s1_dual_commuter_standard,no_dr,Tianjin,1,2025-06-01,d01_hist_d01_1,hist_d01_1,1,D:\Pycharm_project\PycharmProjects\EnergyBridge\experiments\real_data\tianjin_tou_price_normalized.csv,18.0,1.0,D:\Pycharm_project\PycharmProjects\EnergyBridge\benchmark_results\2026-07-21\_batch_logs\daily_event_configs\d01_hist_d01_1.json,skipped_done,0,0.0,D:\Pycharm_project\PycharmProjects\EnergyBridge\benchmark_results\2026-07-21\household_s1_dual_commuter_standard_no_dr_tianjin_d01_hist_d01_1_2025-06-01_1day,D:\Pycharm_project\PycharmProjects\EnergyBridge\benchmark_results\2026-07-21\_batch_logs\daily_dr_memory_tianjin_1day\household_s1_dual_commuter_standard_no_dr_tianjin_d01_hist_d01_1_2025-06-01_1day.log,D:\Pycharm_project\PycharmProjects\EnergyBridge\benchmark_results\2026-07-21\household_s1_dual_commuter_standard_no_dr_tianjin_d01_hist_d01_1_2025-06-01_1day\run_summary.txt,0,55.962231,55.962231,38.021563,1.079923,normalized TOU cost/kWh,D:\Pycharm_project\PycharmProjects\EnergyBridge\experiments\real_data\tianjin_tou_price_normalized.csv,1.9988,1.9988,1.0,1.0,,0.0,1.0,[],"['dishwasher', 'dryer', 'ev', 'washer', 'water_heater']",[]
household_s2_multigeneration_caregiver,household_s2_multigeneration_caregiver,mpc_dynamic,Tianjin,1,2025-06-01,d01_hist_d01_1,hist_d01_1,1,D:\Pycharm_project\PycharmProjects\EnergyBridge\experiments\real_data\tianjin_tou_price_normalized.csv,18.0,1.0,D:\Pycharm_project\PycharmProjects\EnergyBridge\benchmark_results\2026-07-21\_batch_logs\daily_event_configs\d01_hist_d01_1.json,skipped_done,0,0.0,D:\Pycharm_project\PycharmProjects\EnergyBridge\benchmark_results\2026-07-21\household_s2_multigeneration_caregiver_mpc_dynamic_tianjin_d01_hist_d01_1_2025-06-01_1day,D:\Pycharm_project\PycharmProjects\EnergyBridge\benchmark_results\2026-07-21\_batch_logs\daily_dr_memory_tianjin_1day\household_s2_multigeneration_caregiver_mpc_dynamic_tianjin_d01_hist_d01_1_2025-06-01_1day.log,D:\Pycharm_project\PycharmProjects\EnergyBridge\benchmark_results\2026-07-21\household_s2_multigeneration_caregiver_mpc_dynamic_tianjin_d01_hist_d01_1_2025-06-01_1day\run_summary.txt,0,56.674951,56.674951,36.653688,1.128584,normalized TOU cost/kWh,D:\Pycharm_project\PycharmProjects\EnergyBridge\experiments\real_data\tianjin_tou_price_normalized.csv,2.1166,2.1166,0.0,0.0,2.55,1.0,1.0,"['dishwasher', 'dryer', 'ev', 'washer', 'water_heater']",[],[]
household_s2_multigeneration_caregiver,household_s2_multigeneration_caregiver,no_dr,Tianjin,1,2025-06-01,d01_hist_d01_1,hist_d01_1,1,D:\Pycharm_project\PycharmProjects\EnergyBridge\experiments\real_data\tianjin_tou_price_normalized.csv,18.0,1.0,D:\Pycharm_project\PycharmProjects\EnergyBridge\benchmark_results\2026-07-21\_batch_logs\daily_event_configs\d01_hist_d01_1.json,skipped_done,0,0.0,D:\Pycharm_project\PycharmProjects\EnergyBridge\benchmark_results\2026-07-21\household_s2_multigeneration_caregiver_no_dr_tianjin_d01_hist_d01_1_2025-06-01_1day,D:\Pycharm_project\PycharmProjects\EnergyBridge\benchmark_results\2026-07-21\_batch_logs\daily_dr_memory_tianjin_1day\household_s2_multigeneration_caregiver_no_dr_tianjin_d01_hist_d01_1_2025-06-01_1day.log,D:\Pycharm_project\PycharmProjects\EnergyBridge\benchmark_results\2026-07-21\household_s2_multigeneration_caregiver_no_dr_tianjin_d01_hist_d01_1_2025-06-01_1day\run_summary.txt,0,55.079991,55.079991,37.848952,1.170005,normalized TOU cost/kWh,D:\Pycharm_project\PycharmProjects\EnergyBridge\experiments\real_data\tianjin_tou_price_normalized.csv,2.0204,2.0204,1.0,1.0,,0.0,1.0,[],"['dishwasher', 'dryer', 'ev', 'washer', 'water_heater']",[]
household_s3_hybrid_work_from_home,household_s3_hybrid_work_from_home,mpc_dynamic,Tianjin,1,2025-06-01,d01_hist_d01_1,hist_d01_1,1,D:\Pycharm_project\PycharmProjects\EnergyBridge\experiments\real_data\tianjin_tou_price_normalized.csv,18.0,1.0,D:\Pycharm_project\PycharmProjects\EnergyBridge\benchmark_results\2026-07-21\_batch_logs\daily_event_configs\d01_hist_d01_1.json,skipped_done,0,0.0,D:\Pycharm_project\PycharmProjects\EnergyBridge\benchmark_results\2026-07-21\household_s3_hybrid_work_from_home_mpc_dynamic_tianjin_d01_hist_d01_1_2025-06-01_1day,D:\Pycharm_project\PycharmProjects\EnergyBridge\benchmark_results\2026-07-21\_batch_logs\daily_dr_memory_tianjin_1day\household_s3_hybrid_work_from_home_mpc_dynamic_tianjin_d01_hist_d01_1_2025-06-01_1day.log,D:\Pycharm_project\PycharmProjects\EnergyBridge\benchmark_results\2026-07-21\household_s3_hybrid_work_from_home_mpc_dynamic_tianjin_d01_hist_d01_1_2025-06-01_1day\run_summary.txt,0,53.021327,53.021327,33.394099,1.07233,normalized TOU cost/kWh,D:\Pycharm_project\PycharmProjects\EnergyBridge\experiments\real_data\tianjin_tou_price_normalized.csv,1.97,1.97,0.0,0.0,2.633,1.0,1.0,"['dishwasher', 'dryer', 'ev', 'washer', 'water_heater']",[],[]
household_s3_hybrid_work_from_home,household_s3_hybrid_work_from_home,no_dr,Tianjin,1,2025-06-01,d01_hist_d01_1,hist_d01_1,1,D:\Pycharm_project\PycharmProjects\EnergyBridge\experiments\real_data\tianjin_tou_price_normalized.csv,18.0,1.0,D:\Pycharm_project\PycharmProjects\EnergyBridge\benchmark_results\2026-07-21\_batch_logs\daily_event_configs\d01_hist_d01_1.json,skipped_done,0,0.0,D:\Pycharm_project\PycharmProjects\EnergyBridge\benchmark_results\2026-07-21\household_s3_hybrid_work_from_home_no_dr_tianjin_d01_hist_d01_1_2025-06-01_1day,D:\Pycharm_project\PycharmProjects\EnergyBridge\benchmark_results\2026-07-21\_batch_logs\daily_dr_memory_tianjin_1day\household_s3_hybrid_work_from_home_no_dr_tianjin_d01_hist_d01_1_2025-06-01_1day.log,D:\Pycharm_project\PycharmProjects\EnergyBridge\benchmark_results\2026-07-21\household_s3_hybrid_work_from_home_no_dr_tianjin_d01_hist_d01_1_2025-06-01_1day\run_summary.txt,0,54.428889,54.428889,37.64207,1.12442,normalized TOU cost/kWh,D:\Pycharm_project\PycharmProjects\EnergyBridge\experiments\real_data\tianjin_tou_price_normalized.csv,2.0008,2.0008,1.0,1.0,,0.0,0.8,[],"['dishwasher', 'dryer', 'ev', 'washer', 'water_heater']",[]
household_s4_ev_commuter_flexible,household_s4_ev_commuter_flexible,mpc_dynamic,Tianjin,1,2025-06-01,d01_hist_d01_1,hist_d01_1,1,D:\Pycharm_project\PycharmProjects\EnergyBridge\experiments\real_data\tianjin_tou_price_normalized.csv,18.0,1.0,D:\Pycharm_project\PycharmProjects\EnergyBridge\benchmark_results\2026-07-21\_batch_logs\daily_event_configs\d01_hist_d01_1.json,skipped_done,0,0.0,D:\Pycharm_project\PycharmProjects\EnergyBridge\benchmark_results\2026-07-21\household_s4_ev_commuter_flexible_mpc_dynamic_tianjin_d01_hist_d01_1_2025-06-01_1day,D:\Pycharm_project\PycharmProjects\EnergyBridge\benchmark_results\2026-07-21\_batch_logs\daily_dr_memory_tianjin_1day\household_s4_ev_commuter_flexible_mpc_dynamic_tianjin_d01_hist_d01_1_2025-06-01_1day.log,D:\Pycharm_project\PycharmProjects\EnergyBridge\benchmark_results\2026-07-21\household_s4_ev_commuter_flexible_mpc_dynamic_tianjin_d01_hist_d01_1_2025-06-01_1day\run_summary.txt,0,58.699425,58.699425,32.426675,0.970935,normalized TOU cost/kWh,D:\Pycharm_project\PycharmProjects\EnergyBridge\experiments\real_data\tianjin_tou_price_normalized.csv,2.2864,2.2864,0.0,0.0,2.65,1.0,1.0,"['dishwasher', 'dryer', 'ev', 'washer', 'water_heater']",[],[]
household_s4_ev_commuter_flexible,household_s4_ev_commuter_flexible,no_dr,Tianjin,1,2025-06-01,d01_hist_d01_1,hist_d01_1,1,D:\Pycharm_project\PycharmProjects\EnergyBridge\experiments\real_data\tianjin_tou_price_normalized.csv,18.0,1.0,D:\Pycharm_project\PycharmProjects\EnergyBridge\benchmark_results\2026-07-21\_batch_logs\daily_event_configs\d01_hist_d01_1.json,skipped_done,0,0.0,D:\Pycharm_project\PycharmProjects\EnergyBridge\benchmark_results\2026-07-21\household_s4_ev_commuter_flexible_no_dr_tianjin_d01_hist_d01_1_2025-06-01_1day,D:\Pycharm_project\PycharmProjects\EnergyBridge\benchmark_results\2026-07-21\_batch_logs\daily_dr_memory_tianjin_1day\household_s4_ev_commuter_flexible_no_dr_tianjin_d01_hist_d01_1_2025-06-01_1day.log,D:\Pycharm_project\PycharmProjects\EnergyBridge\benchmark_results\2026-07-21\household_s4_ev_commuter_flexible_no_dr_tianjin_d01_hist_d01_1_2025-06-01_1day\run_summary.txt,0,58.002811,58.002811,38.837795,1.042674,normalized TOU cost/kWh,D:\Pycharm_project\PycharmProjects\EnergyBridge\experiments\real_data\tianjin_tou_price_normalized.csv,1.9988,1.9988,1.0,1.0,,0.0,1.0,[],"['dishwasher', 'dryer', 'ev', 'washer', 'water_heater']",[]
household_s5_shared_roommates_irregular,household_s5_shared_roommates_irregular,mpc_dynamic,Tianjin,1,2025-06-01,d01_hist_d01_1,hist_d01_1,1,D:\Pycharm_project\PycharmProjects\EnergyBridge\experiments\real_data\tianjin_tou_price_normalized.csv,18.0,1.0,D:\Pycharm_project\PycharmProjects\EnergyBridge\benchmark_results\2026-07-21\_batch_logs\daily_event_configs\d01_hist_d01_1.json,skipped_done,0,0.0,D:\Pycharm_project\PycharmProjects\EnergyBridge\benchmark_results\2026-07-21\household_s5_shared_roommates_irregular_mpc_dynamic_tianjin_d01_hist_d01_1_2025-06-01_1day,D:\Pycharm_project\PycharmProjects\EnergyBridge\benchmark_results\2026-07-21\_batch_logs\daily_dr_memory_tianjin_1day\household_s5_shared_roommates_irregular_mpc_dynamic_tianjin_d01_hist_d01_1_2025-06-01_1day.log,D:\Pycharm_project\PycharmProjects\EnergyBridge\benchmark_results\2026-07-21\household_s5_shared_roommates_irregular_mpc_dynamic_tianjin_d01_hist_d01_1_2025-06-01_1day\run_summary.txt,0,54.138556,54.138556,30.794211,1.050415,normalized TOU cost/kWh,D:\Pycharm_project\PycharmProjects\EnergyBridge\experiments\real_data\tianjin_tou_price_normalized.csv,2.2864,2.2864,0.0,0.0,2.612,1.0,1.0,"['dishwasher', 'dryer', 'ev', 'washer', 'water_heater']",[],[]
household_s5_shared_roommates_irregular,household_s5_shared_roommates_irregular,no_dr,Tianjin,1,2025-06-01,d01_hist_d01_1,hist_d01_1,1,D:\Pycharm_project\PycharmProjects\EnergyBridge\experiments\real_data\tianjin_tou_price_normalized.csv,18.0,1.0,D:\Pycharm_project\PycharmProjects\EnergyBridge\benchmark_results\2026-07-21\_batch_logs\daily_event_configs\d01_hist_d01_1.json,skipped_done,0,0.0,D:\Pycharm_project\PycharmProjects\EnergyBridge\benchmark_results\2026-07-21\household_s5_shared_roommates_irregular_no_dr_tianjin_d01_hist_d01_1_2025-06-01_1day,D:\Pycharm_project\PycharmProjects\EnergyBridge\benchmark_results\2026-07-21\_batch_logs\daily_dr_memory_tianjin_1day\household_s5_shared_roommates_irregular_no_dr_tianjin_d01_hist_d01_1_2025-06-01_1day.log,D:\Pycharm_project\PycharmProjects\EnergyBridge\benchmark_results\2026-07-21\household_s5_shared_roommates_irregular_no_dr_tianjin_d01_hist_d01_1_2025-06-01_1day\run_summary.txt,0,53.921651,53.921651,37.205331,1.121754,normalized TOU cost/kWh,D:\Pycharm_project\PycharmProjects\EnergyBridge\experiments\real_data\tianjin_tou_price_normalized.csv,1.9988,1.9988,1.0,1.0,,0.0,1.0,[],"['dishwasher', 'dryer', 'ev', 'washer', 'water_heater']",[]
household_s1_dual_commuter_standard,household_s1_dual_commuter_standard,mpc_dynamic,Germany,1,2025-06-02,d02_hist_d02_1,hist_d02_1,2,D:\Pycharm_project\PycharmProjects\EnergyBridge\experiments\real_data\germany_2025_price.csv,18.0,1.0,D:\Pycharm_project\PycharmProjects\EnergyBridge\benchmark_results\2026-07-21\_batch_logs\daily_event_configs\d02_hist_d02_1.json,skipped_done,0,0.0,D:\Pycharm_project\PycharmProjects\EnergyBridge\benchmark_results\2026-07-21\household_s1_dual_commuter_standard_mpc_dynamic_germany_d02_hist_d02_1_2025-06-02_1day,D:\Pycharm_project\PycharmProjects\EnergyBridge\benchmark_results\2026-07-21\_batch_logs\daily_dr_memory_germany_1day\household_s1_dual_commuter_standard_mpc_dynamic_germany_d02_hist_d02_1_2025-06-02_1day.log,D:\Pycharm_project\PycharmProjects\EnergyBridge\benchmark_results\2026-07-21\household_s1_dual_commuter_standard_mpc_dynamic_germany_d02_hist_d02_1_2025-06-02_1day\run_summary.txt,0,61.822757,61.822757,18.073512,0.09583,EUR/kWh,D:\Pycharm_project\PycharmProjects\EnergyBridge\experiments\real_data\germany_2025_price.csv,7.4671,7.4671,0.0,0.0,2.612,1.0,1.0,"['dishwasher', 'dryer', 'ev', 'washer', 'water_heater']",[],[]
household_s1_dual_commuter_standard,household_s1_dual_commuter_standard,no_dr,Germany,1,2025-06-02,d02_hist_d02_1,hist_d02_1,2,D:\Pycharm_project\PycharmProjects\EnergyBridge\experiments\real_data\germany_2025_price.csv,18.0,1.0,D:\Pycharm_project\PycharmProjects\EnergyBridge\benchmark_results\2026-07-21\_batch_logs\daily_event_configs\d02_hist_d02_1.json,skipped_done,0,0.0,D:\Pycharm_project\PycharmProjects\EnergyBridge\benchmark_results\2026-07-21\household_s1_dual_commuter_standard_no_dr_germany_d02_hist_d02_1_2025-06-02_1day,D:\Pycharm_project\PycharmProjects\EnergyBridge\benchmark_results\2026-07-21\_batch_logs\daily_dr_memory_germany_1day\household_s1_dual_commuter_standard_no_dr_germany_d02_hist_d02_1_2025-06-02_1day.log,D:\Pycharm_project\PycharmProjects\EnergyBridge\benchmark_results\2026-07-21\household_s1_dual_commuter_standard_no_dr_germany_d02_hist_d02_1_2025-06-02_1day\run_summary.txt,0,57.570819,57.570819,19.259412,0.099262,EUR/kWh,D:\Pycharm_project\PycharmProjects\EnergyBridge\experiments\real_data\germany_2025_price.csv,10.4411,10.4411,1.0,1.0,,0.0,1.0,[],"['dishwasher', 'dryer', 'ev', 'washer', 'water_heater']",[]
household_s2_multigeneration_caregiver,household_s2_multigeneration_caregiver,no_dr,Germany,1,2025-06-02,d02_hist_d02_1,hist_d02_1,2,D:\Pycharm_project\PycharmProjects\EnergyBridge\experiments\real_data\germany_2025_price.csv,18.0,1.0,D:\Pycharm_project\PycharmProjects\EnergyBridge\benchmark_results\2026-07-21\_batch_logs\daily_event_configs\d02_hist_d02_1.json,skipped_done,0,0.0,D:\Pycharm_project\PycharmProjects\EnergyBridge\benchmark_results\2026-07-21\household_s2_multigeneration_caregiver_no_dr_germany_d02_hist_d02_1_2025-06-02_1day,D:\Pycharm_project\PycharmProjects\EnergyBridge\benchmark_results\2026-07-21\_batch_logs\daily_dr_memory_germany_1day\household_s2_multigeneration_caregiver_no_dr_germany_d02_hist_d02_1_2025-06-02_1day.log,D:\Pycharm_project\PycharmProjects\EnergyBridge\benchmark_results\2026-07-21\household_s2_multigeneration_caregiver_no_dr_germany_d02_hist_d02_1_2025-06-02_1day\run_summary.txt,0,50.198374,50.198374,18.361506,0.09933,EUR/kWh,D:\Pycharm_project\PycharmProjects\EnergyBridge\experiments\real_data\germany_2025_price.csv,10.4792,10.4792,1.0,1.0,,0.0,1.0,[],"['dishwasher', 'dryer', 'ev', 'washer', 'water_heater']",[]
household_s2_multigeneration_caregiver,household_s2_multigeneration_caregiver,mpc_dynamic,Germany,1,2025-06-02,d02_hist_d02_1,hist_d02_1,2,D:\Pycharm_project\PycharmProjects\EnergyBridge\experiments\real_data\germany_2025_price.csv,18.0,1.0,D:\Pycharm_project\PycharmProjects\EnergyBridge\benchmark_results\2026-07-21\_batch_logs\daily_event_configs\d02_hist_d02_1.json,skipped_done,0,0.0,D:\Pycharm_project\PycharmProjects\EnergyBridge\benchmark_results\2026-07-21\household_s2_multigeneration_caregiver_mpc_dynamic_germany_d02_hist_d02_1_2025-06-02_1day,D:\Pycharm_project\PycharmProjects\EnergyBridge\benchmark_results\2026-07-21\_batch_logs\daily_dr_memory_germany_1day\household_s2_multigeneration_caregiver_mpc_dynamic_germany_d02_hist_d02_1_2025-06-02_1day.log,D:\Pycharm_project\PycharmProjects\EnergyBridge\benchmark_results\2026-07-21\household_s2_multigeneration_caregiver_mpc_dynamic_germany_d02_hist_d02_1_2025-06-02_1day\run_summary.txt,0,54.156455,54.156455,17.181327,0.094957,EUR/kWh,D:\Pycharm_project\PycharmProjects\EnergyBridge\experiments\real_data\germany_2025_price.csv,7.3772,7.3772,0.0,0.0,2.616,1.0,1.0,"['dishwasher', 'dryer', 'ev', 'washer', 'water_heater']",[],[]
household_s3_hybrid_work_from_home,household_s3_hybrid_work_from_home,mpc_dynamic,Germany,1,2025-06-02,d02_hist_d02_1,hist_d02_1,2,D:\Pycharm_project\PycharmProjects\EnergyBridge\experiments\real_data\germany_2025_price.csv,18.0,1.0,D:\Pycharm_project\PycharmProjects\EnergyBridge\benchmark_results\2026-07-21\_batch_logs\daily_event_configs\d02_hist_d02_1.json,skipped_done,0,0.0,D:\Pycharm_project\PycharmProjects\EnergyBridge\benchmark_results\2026-07-21\household_s3_hybrid_work_from_home_mpc_dynamic_germany_d02_hist_d02_1_2025-06-02_1day,D:\Pycharm_project\PycharmProjects\EnergyBridge\benchmark_results\2026-07-21\_batch_logs\daily_dr_memory_germany_1day\household_s3_hybrid_work_from_home_mpc_dynamic_germany_d02_hist_d02_1_2025-06-02_1day.log,D:\Pycharm_project\PycharmProjects\EnergyBridge\benchmark_results\2026-07-21\household_s3_hybrid_work_from_home_mpc_dynamic_germany_d02_hist_d02_1_2025-06-02_1day\run_summary.txt,0,56.286463,56.286463,17.673156,0.095509,EUR/kWh,D:\Pycharm_project\PycharmProjects\EnergyBridge\experiments\real_data\germany_2025_price.csv,7.3121,7.3121,0.0,0.0,2.633,1.0,1.0,"['dishwasher', 'dryer', 'ev', 'washer', 'water_heater']",[],[]
household_s3_hybrid_work_from_home,household_s3_hybrid_work_from_home,no_dr,Germany,1,2025-06-02,d02_hist_d02_1,hist_d02_1,2,D:\Pycharm_project\PycharmProjects\EnergyBridge\experiments\real_data\germany_2025_price.csv,18.0,1.0,D:\Pycharm_project\PycharmProjects\EnergyBridge\benchmark_results\2026-07-21\_batch_logs\daily_event_configs\d02_hist_d02_1.json,skipped_done,0,0.0,D:\Pycharm_project\PycharmProjects\EnergyBridge\benchmark_results\2026-07-21\household_s3_hybrid_work_from_home_no_dr_germany_d02_hist_d02_1_2025-06-02_1day,D:\Pycharm_project\PycharmProjects\EnergyBridge\benchmark_results\2026-07-21\_batch_logs\daily_dr_memory_germany_1day\household_s3_hybrid_work_from_home_no_dr_germany_d02_hist_d02_1_2025-06-02_1day.log,D:\Pycharm_project\PycharmProjects\EnergyBridge\benchmark_results\2026-07-21\household_s3_hybrid_work_from_home_no_dr_germany_d02_hist_d02_1_2025-06-02_1day\run_summary.txt,0,53.798631,53.798631,18.852622,0.099348,EUR/kWh,D:\Pycharm_project\PycharmProjects\EnergyBridge\experiments\real_data\germany_2025_price.csv,10.4502,10.4502,1.0,1.0,,0.0,0.8,[],"['dishwasher', 'dryer', 'ev', 'washer', 'water_heater']",[]
household_s4_ev_commuter_flexible,household_s4_ev_commuter_flexible,mpc_dynamic,Germany,1,2025-06-02,d02_hist_d02_1,hist_d02_1,2,D:\Pycharm_project\PycharmProjects\EnergyBridge\experiments\real_data\germany_2025_price.csv,18.0,1.0,D:\Pycharm_project\PycharmProjects\EnergyBridge\benchmark_results\2026-07-21\_batch_logs\daily_event_configs\d02_hist_d02_1.json,skipped_done,0,0.0,D:\Pycharm_project\PycharmProjects\EnergyBridge\benchmark_results\2026-07-21\household_s4_ev_commuter_flexible_mpc_dynamic_germany_d02_hist_d02_1_2025-06-02_1day,D:\Pycharm_project\PycharmProjects\EnergyBridge\benchmark_results\2026-07-21\_batch_logs\daily_dr_memory_germany_1day\household_s4_ev_commuter_flexible_mpc_dynamic_germany_d02_hist_d02_1_2025-06-02_1day.log,D:\Pycharm_project\PycharmProjects\EnergyBridge\benchmark_results\2026-07-21\household_s4_ev_commuter_flexible_mpc_dynamic_germany_d02_hist_d02_1_2025-06-02_1day\run_summary.txt,0,38.832281,38.832281,15.486012,0.089133,EUR/kWh,D:\Pycharm_project\PycharmProjects\EnergyBridge\experiments\real_data\germany_2025_price.csv,6.3071,6.3071,1.0,1.0,3.848,1.0,1.0,"['dishwasher', 'dryer', 'ev', 'washer', 'water_heater']",[],[]
household_s4_ev_commuter_flexible,household_s4_ev_commuter_flexible,no_dr,Germany,1,2025-06-02,d02_hist_d02_1,hist_d02_1,2,D:\Pycharm_project\PycharmProjects\EnergyBridge\experiments\real_data\germany_2025_price.csv,18.0,1.0,D:\Pycharm_project\PycharmProjects\EnergyBridge\benchmark_results\2026-07-21\_batch_logs\daily_event_configs\d02_hist_d02_1.json,skipped_done,0,0.0,D:\Pycharm_project\PycharmProjects\EnergyBridge\benchmark_results\2026-07-21\household_s4_ev_commuter_flexible_no_dr_germany_d02_hist_d02_1_2025-06-02_1day,D:\Pycharm_project\PycharmProjects\EnergyBridge\benchmark_results\2026-07-21\_batch_logs\daily_dr_memory_germany_1day\household_s4_ev_commuter_flexible_no_dr_germany_d02_hist_d02_1_2025-06-02_1day.log,D:\Pycharm_project\PycharmProjects\EnergyBridge\benchmark_results\2026-07-21\household_s4_ev_commuter_flexible_no_dr_germany_d02_hist_d02_1_2025-06-02_1day\run_summary.txt,0,61.651979,61.651979,19.662222,0.09925,EUR/kWh,D:\Pycharm_project\PycharmProjects\EnergyBridge\experiments\real_data\germany_2025_price.csv,10.4411,10.4411,1.0,1.0,,0.0,1.0,[],"['dishwasher', 'dryer', 'ev', 'washer', 'water_heater']",[]
household_s5_shared_roommates_irregular,household_s5_shared_roommates_irregular,mpc_dynamic,Germany,1,2025-06-02,d02_hist_d02_1,hist_d02_1,2,D:\Pycharm_project\PycharmProjects\EnergyBridge\experiments\real_data\germany_2025_price.csv,18.0,1.0,D:\Pycharm_project\PycharmProjects\EnergyBridge\benchmark_results\2026-07-21\_batch_logs\daily_event_configs\d02_hist_d02_1.json,skipped_done,0,0.0,D:\Pycharm_project\PycharmProjects\EnergyBridge\benchmark_results\2026-07-21\household_s5_shared_roommates_irregular_mpc_dynamic_germany_d02_hist_d02_1_2025-06-02_1day,D:\Pycharm_project\PycharmProjects\EnergyBridge\benchmark_results\2026-07-21\_batch_logs\daily_dr_memory_germany_1day\household_s5_shared_roommates_irregular_mpc_dynamic_germany_d02_hist_d02_1_2025-06-02_1day.log,D:\Pycharm_project\PycharmProjects\EnergyBridge\benchmark_results\2026-07-21\household_s5_shared_roommates_irregular_mpc_dynamic_germany_d02_hist_d02_1_2025-06-02_1day\run_summary.txt,0,57.741598,57.741598,17.674777,0.095789,EUR/kWh,D:\Pycharm_project\PycharmProjects\EnergyBridge\experiments\real_data\germany_2025_price.csv,7.4671,7.4671,0.0,0.0,2.612,1.0,1.0,"['dishwasher', 'dryer', 'ev', 'washer', 'water_heater']",[],[]
household_s5_shared_roommates_irregular,household_s5_shared_roommates_irregular,no_dr,Germany,1,2025-06-02,d02_hist_d02_1,hist_d02_1,2,D:\Pycharm_project\PycharmProjects\EnergyBridge\experiments\real_data\germany_2025_price.csv,18.0,1.0,D:\Pycharm_project\PycharmProjects\EnergyBridge\benchmark_results\2026-07-21\_batch_logs\daily_event_configs\d02_hist_d02_1.json,skipped_done,0,0.0,D:\Pycharm_project\PycharmProjects\EnergyBridge\benchmark_results\2026-07-21\household_s5_shared_roommates_irregular_no_dr_germany_d02_hist_d02_1_2025-06-02_1day,D:\Pycharm_project\PycharmProjects\EnergyBridge\benchmark_results\2026-07-21\_batch_logs\daily_dr_memory_germany_1day\household_s5_shared_roommates_irregular_no_dr_germany_d02_hist_d02_1_2025-06-02_1day.log,D:\Pycharm_project\PycharmProjects\EnergyBridge\benchmark_results\2026-07-21\household_s5_shared_roommates_irregular_no_dr_germany_d02_hist_d02_1_2025-06-02_1day\run_summary.txt,0,53.48966,53.48966,18.86317,0.099309,EUR/kWh,D:\Pycharm_project\PycharmProjects\EnergyBridge\experiments\real_data\germany_2025_price.csv,10.4411,10.4411,1.0,1.0,,0.0,1.0,[],"['dishwasher', 'dryer', 'ev', 'washer', 'water_heater']",[]
household_s1_dual_commuter_standard,household_s1_dual_commuter_standard,mpc_dynamic,Tianjin,1,2025-06-02,d02_hist_d02_1,hist_d02_1,2,D:\Pycharm_project\PycharmProjects\EnergyBridge\experiments\real_data\tianjin_tou_price_normalized.csv,18.0,1.0,D:\Pycharm_project\PycharmProjects\EnergyBridge\benchmark_results\2026-07-21\_batch_logs\daily_event_configs\d02_hist_d02_1.json,skipped_done,0,0.0,D:\Pycharm_project\PycharmProjects\EnergyBridge\benchmark_results\2026-07-21\household_s1_dual_commuter_standard_mpc_dynamic_tianjin_d02_hist_d02_1_2025-06-02_1day,D:\Pycharm_project\PycharmProjects\EnergyBridge\benchmark_results\2026-07-21\_batch_logs\daily_dr_memory_tianjin_1day\household_s1_dual_commuter_standard_mpc_dynamic_tianjin_d02_hist_d02_1_2025-06-02_1day.log,D:\Pycharm_project\PycharmProjects\EnergyBridge\benchmark_results\2026-07-21\household_s1_dual_commuter_standard_mpc_dynamic_tianjin_d02_hist_d02_1_2025-06-02_1day\run_summary.txt,0,69.557036,69.557036,48.849712,1.105905,normalized TOU cost/kWh,D:\Pycharm_project\PycharmProjects\EnergyBridge\experiments\real_data\tianjin_tou_price_normalized.csv,2.5985,2.5985,0.0,0.0,2.612,1.0,1.0,"['dishwasher', 'dryer', 'ev', 'washer', 'water_heater']",[],[]
household_s1_dual_commuter_standard,household_s1_dual_commuter_standard,no_dr,Tianjin,1,2025-06-02,d02_hist_d02_1,hist_d02_1,2,D:\Pycharm_project\PycharmProjects\EnergyBridge\experiments\real_data\tianjin_tou_price_normalized.csv,18.0,1.0,D:\Pycharm_project\PycharmProjects\EnergyBridge\benchmark_results\2026-07-21\_batch_logs\daily_event_configs\d02_hist_d02_1.json,skipped_done,0,0.0,D:\Pycharm_project\PycharmProjects\EnergyBridge\benchmark_results\2026-07-21\household_s1_dual_commuter_standard_no_dr_tianjin_d02_hist_d02_1_2025-06-02_1day,D:\Pycharm_project\PycharmProjects\EnergyBridge\benchmark_results\2026-07-21\_batch_logs\daily_dr_memory_tianjin_1day\household_s1_dual_commuter_standard_no_dr_tianjin_d02_hist_d02_1_2025-06-02_1day.log,D:\Pycharm_project\PycharmProjects\EnergyBridge\benchmark_results\2026-07-21\household_s1_dual_commuter_standard_no_dr_tianjin_d02_hist_d02_1_2025-06-02_1day\run_summary.txt,0,67.42359,67.42359,61.861435,1.186273,normalized TOU cost/kWh,D:\Pycharm_project\PycharmProjects\EnergyBridge\experiments\real_data\tianjin_tou_price_normalized.csv,6.1111,6.1111,1.0,1.0,,0.0,1.0,[],"['dishwasher', 'dryer', 'ev', 'washer', 'water_heater']",[]
household_s2_multigeneration_caregiver,household_s2_multigeneration_caregiver,mpc_dynamic,Tianjin,1,2025-06-02,d02_hist_d02_1,hist_d02_1,2,D:\Pycharm_project\PycharmProjects\EnergyBridge\experiments\real_data\tianjin_tou_price_normalized.csv,18.0,1.0,D:\Pycharm_project\PycharmProjects\EnergyBridge\benchmark_results\2026-07-21\_batch_logs\daily_event_configs\d02_hist_d02_1.json,skipped_done,0,0.0,D:\Pycharm_project\PycharmProjects\EnergyBridge\benchmark_results\2026-07-21\household_s2_multigeneration_caregiver_mpc_dynamic_tianjin_d02_hist_d02_1_2025-06-02_1day,D:\Pycharm_project\PycharmProjects\EnergyBridge\benchmark_results\2026-07-21\_batch_logs\daily_dr_memory_tianjin_1day\household_s2_multigeneration_caregiver_mpc_dynamic_tianjin_d02_hist_d02_1_2025-06-02_1day.log,D:\Pycharm_project\PycharmProjects\EnergyBridge\benchmark_results\2026-07-21\household_s2_multigeneration_caregiver_mpc_dynamic_tianjin_d02_hist_d02_1_2025-06-02_1day\run_summary.txt,0,62.86121,62.86121,49.795093,1.165316,normalized TOU cost/kWh,D:\Pycharm_project\PycharmProjects\EnergyBridge\experiments\real_data\tianjin_tou_price_normalized.csv,2.5599,2.5599,0.0,0.0,2.55,1.0,1.0,"['dishwasher', 'dryer', 'ev', 'washer', 'water_heater']",[],[]
household_s2_multigeneration_caregiver,household_s2_multigeneration_caregiver,no_dr,Tianjin,1,2025-06-02,d02_hist_d02_1,hist_d02_1,2,D:\Pycharm_project\PycharmProjects\EnergyBridge\experiments\real_data\tianjin_tou_price_normalized.csv,18.0,1.0,D:\Pycharm_project\PycharmProjects\EnergyBridge\benchmark_results\2026-07-21\_batch_logs\daily_event_configs\d02_hist_d02_1.json,skipped_done,0,0.0,D:\Pycharm_project\PycharmProjects\EnergyBridge\benchmark_results\2026-07-21\household_s2_multigeneration_caregiver_no_dr_tianjin_d02_hist_d02_1_2025-06-02_1day,D:\Pycharm_project\PycharmProjects\EnergyBridge\benchmark_results\2026-07-21\_batch_logs\daily_dr_memory_tianjin_1day\household_s2_multigeneration_caregiver_no_dr_tianjin_d02_hist_d02_1_2025-06-02_1day.log,D:\Pycharm_project\PycharmProjects\EnergyBridge\benchmark_results\2026-07-21\household_s2_multigeneration_caregiver_no_dr_tianjin_d02_hist_d02_1_2025-06-02_1day\run_summary.txt,0,60.743811,60.743811,54.496537,1.238654,normalized TOU cost/kWh,D:\Pycharm_project\PycharmProjects\EnergyBridge\experiments\real_data\tianjin_tou_price_normalized.csv,6.0846,6.0846,1.0,1.0,,0.0,1.0,[],"['dishwasher', 'dryer', 'ev', 'washer', 'water_heater']",[]
household_s3_hybrid_work_from_home,household_s3_hybrid_work_from_home,mpc_dynamic,Tianjin,1,2025-06-02,d02_hist_d02_1,hist_d02_1,2,D:\Pycharm_project\PycharmProjects\EnergyBridge\experiments\real_data\tianjin_tou_price_normalized.csv,18.0,1.0,D:\Pycharm_project\PycharmProjects\EnergyBridge\benchmark_results\2026-07-21\_batch_logs\daily_event_configs\d02_hist_d02_1.json,skipped_done,0,0.0,D:\Pycharm_project\PycharmProjects\EnergyBridge\benchmark_results\2026-07-21\household_s3_hybrid_work_from_home_mpc_dynamic_tianjin_d02_hist_d02_1_2025-06-02_1day,D:\Pycharm_project\PycharmProjects\EnergyBridge\benchmark_results\2026-07-21\_batch_logs\daily_dr_memory_tianjin_1day\household_s3_hybrid_work_from_home_mpc_dynamic_tianjin_d02_hist_d02_1_2025-06-02_1day.log,D:\Pycharm_project\PycharmProjects\EnergyBridge\benchmark_results\2026-07-21\household_s3_hybrid_work_from_home_mpc_dynamic_tianjin_d02_hist_d02_1_2025-06-02_1day\run_summary.txt,0,63.750077,63.750077,46.563196,1.12544,normalized TOU cost/kWh,D:\Pycharm_project\PycharmProjects\EnergyBridge\experiments\real_data\tianjin_tou_price_normalized.csv,2.391,2.391,0.0,0.0,2.633,1.0,1.0,"['dishwasher', 'dryer', 'ev', 'washer', 'water_heater']",[],[]
household_s4_ev_commuter_flexible,household_s4_ev_commuter_flexible,mpc_dynamic,Tianjin,1,2025-06-02,d02_hist_d02_1,hist_d02_1,2,D:\Pycharm_project\PycharmProjects\EnergyBridge\experiments\real_data\tianjin_tou_price_normalized.csv,18.0,1.0,D:\Pycharm_project\PycharmProjects\EnergyBridge\benchmark_results\2026-07-21\_batch_logs\daily_event_configs\d02_hist_d02_1.json,skipped_done,0,0.0,D:\Pycharm_project\PycharmProjects\EnergyBridge\benchmark_results\2026-07-21\household_s4_ev_commuter_flexible_mpc_dynamic_tianjin_d02_hist_d02_1_2025-06-02_1day,D:\Pycharm_project\PycharmProjects\EnergyBridge\benchmark_results\2026-07-21\_batch_logs\daily_dr_memory_tianjin_1day\household_s4_ev_commuter_flexible_mpc_dynamic_tianjin_d02_hist_d02_1_2025-06-02_1day.log,D:\Pycharm_project\PycharmProjects\EnergyBridge\benchmark_results\2026-07-21\household_s4_ev_commuter_flexible_mpc_dynamic_tianjin_d02_hist_d02_1_2025-06-02_1day\run_summary.txt,0,42.494078,42.494078,29.212745,0.873742,normalized TOU cost/kWh,D:\Pycharm_project\PycharmProjects\EnergyBridge\experiments\real_data\tianjin_tou_price_normalized.csv,1.0309,1.0309,1.0,1.0,3.34,1.0,1.0,"['dishwasher', 'dryer', 'ev', 'washer', 'water_heater']",[],[]
household_s3_hybrid_work_from_home,household_s3_hybrid_work_from_home,no_dr,Tianjin,1,2025-06-02,d02_hist_d02_1,hist_d02_1,2,D:\Pycharm_project\PycharmProjects\EnergyBridge\experiments\real_data\tianjin_tou_price_normalized.csv,18.0,1.0,D:\Pycharm_project\PycharmProjects\EnergyBridge\benchmark_results\2026-07-21\_batch_logs\daily_event_configs\d02_hist_d02_1.json,skipped_done,0,0.0,D:\Pycharm_project\PycharmProjects\EnergyBridge\benchmark_results\2026-07-21\household_s3_hybrid_work_from_home_no_dr_tianjin_d02_hist_d02_1_2025-06-02_1day,D:\Pycharm_project\PycharmProjects\EnergyBridge\benchmark_results\2026-07-21\_batch_logs\daily_dr_memory_tianjin_1day\household_s3_hybrid_work_from_home_no_dr_tianjin_d02_hist_d02_1_2025-06-02_1day.log,D:\Pycharm_project\PycharmProjects\EnergyBridge\benchmark_results\2026-07-21\household_s3_hybrid_work_from_home_no_dr_tianjin_d02_hist_d02_1_2025-06-02_1day\run_summary.txt,0,63.681809,63.681809,58.191279,1.203335,normalized TOU cost/kWh,D:\Pycharm_project\PycharmProjects\EnergyBridge\experiments\real_data\tianjin_tou_price_normalized.csv,6.1149,6.1149,1.0,1.0,,0.0,0.8,[],"['dishwasher', 'dryer', 'ev', 'washer', 'water_heater']",[]
household_s4_ev_commuter_flexible,household_s4_ev_commuter_flexible,no_dr,Tianjin,1,2025-06-02,d02_hist_d02_1,hist_d02_1,2,D:\Pycharm_project\PycharmProjects\EnergyBridge\experiments\real_data\tianjin_tou_price_normalized.csv,18.0,1.0,D:\Pycharm_project\PycharmProjects\EnergyBridge\benchmark_results\2026-07-21\_batch_logs\daily_event_configs\d02_hist_d02_1.json,skipped_done,0,0.0,D:\Pycharm_project\PycharmProjects\EnergyBridge\benchmark_results\2026-07-21\household_s4_ev_commuter_flexible_no_dr_tianjin_d02_hist_d02_1_2025-06-02_1day,D:\Pycharm_project\PycharmProjects\EnergyBridge\benchmark_results\2026-07-21\_batch_logs\daily_dr_memory_tianjin_1day\household_s4_ev_commuter_flexible_no_dr_tianjin_d02_hist_d02_1_2025-06-02_1day.log,D:\Pycharm_project\PycharmProjects\EnergyBridge\benchmark_results\2026-07-21\household_s4_ev_commuter_flexible_no_dr_tianjin_d02_hist_d02_1_2025-06-02_1day\run_summary.txt,0,71.504749,71.504749,65.942594,1.172753,normalized TOU cost/kWh,D:\Pycharm_project\PycharmProjects\EnergyBridge\experiments\real_data\tianjin_tou_price_normalized.csv,6.1111,6.1111,1.0,1.0,,0.0,1.0,[],"['dishwasher', 'dryer', 'ev', 'washer', 'water_heater']",[]
household_s5_shared_roommates_irregular,household_s5_shared_roommates_irregular,mpc_dynamic,Tianjin,1,2025-06-02,d02_hist_d02_1,hist_d02_1,2,D:\Pycharm_project\PycharmProjects\EnergyBridge\experiments\real_data\tianjin_tou_price_normalized.csv,18.0,1.0,D:\Pycharm_project\PycharmProjects\EnergyBridge\benchmark_results\2026-07-21\_batch_logs\daily_event_configs\d02_hist_d02_1.json,skipped_done,0,0.0,D:\Pycharm_project\PycharmProjects\EnergyBridge\benchmark_results\2026-07-21\household_s5_shared_roommates_irregular_mpc_dynamic_tianjin_d02_hist_d02_1_2025-06-02_1day,D:\Pycharm_project\PycharmProjects\EnergyBridge\benchmark_results\2026-07-21\_batch_logs\daily_dr_memory_tianjin_1day\household_s5_shared_roommates_irregular_mpc_dynamic_tianjin_d02_hist_d02_1_2025-06-02_1day.log,D:\Pycharm_project\PycharmProjects\EnergyBridge\benchmark_results\2026-07-21\household_s5_shared_roommates_irregular_mpc_dynamic_tianjin_d02_hist_d02_1_2025-06-02_1day\run_summary.txt,0,65.475876,65.475876,44.768553,1.116686,normalized TOU cost/kWh,D:\Pycharm_project\PycharmProjects\EnergyBridge\experiments\real_data\tianjin_tou_price_normalized.csv,2.5985,2.5985,0.0,0.0,2.612,1.0,1.0,"['dishwasher', 'dryer', 'ev', 'washer', 'water_heater']",[],[]
household_s1_dual_commuter_standard,household_s1_dual_commuter_standard,mpc_dynamic,Germany,1,2025-06-03,d03_hist_d03_1,hist_d03_1,3,D:\Pycharm_project\PycharmProjects\EnergyBridge\experiments\real_data\germany_2025_price.csv,18.0,1.0,D:\Pycharm_project\PycharmProjects\EnergyBridge\benchmark_results\2026-07-21\_batch_logs\daily_event_configs\d03_hist_d03_1.json,skipped_done,0,0.0,D:\Pycharm_project\PycharmProjects\EnergyBridge\benchmark_results\2026-07-21\household_s1_dual_commuter_standard_mpc_dynamic_germany_d03_hist_d03_1_2025-06-03_1day,D:\Pycharm_project\PycharmProjects\EnergyBridge\benchmark_results\2026-07-21\_batch_logs\daily_dr_memory_germany_1day\household_s1_dual_commuter_standard_mpc_dynamic_germany_d03_hist_d03_1_2025-06-03_1day.log,D:\Pycharm_project\PycharmProjects\EnergyBridge\benchmark_results\2026-07-21\household_s1_dual_commuter_standard_mpc_dynamic_germany_d03_hist_d03_1_2025-06-03_1day\run_summary.txt,0,61.074893,61.074893,13.337372,0.075008,EUR/kWh,D:\Pycharm_project\PycharmProjects\EnergyBridge\experiments\real_data\germany_2025_price.csv,7.6409,7.6409,0.0,0.0,2.673,1.0,1.0,"['dishwasher', 'dryer', 'ev', 'washer', 'water_heater']",[],[]
household_s5_shared_roommates_irregular,household_s5_shared_roommates_irregular,no_dr,Tianjin,1,2025-06-02,d02_hist_d02_1,hist_d02_1,2,D:\Pycharm_project\PycharmProjects\EnergyBridge\experiments\real_data\tianjin_tou_price_normalized.csv,18.0,1.0,D:\Pycharm_project\PycharmProjects\EnergyBridge\benchmark_results\2026-07-21\_batch_logs\daily_event_configs\d02_hist_d02_1.json,skipped_done,0,0.0,D:\Pycharm_project\PycharmProjects\EnergyBridge\benchmark_results\2026-07-21\household_s5_shared_roommates_irregular_no_dr_tianjin_d02_hist_d02_1_2025-06-02_1day,D:\Pycharm_project\PycharmProjects\EnergyBridge\benchmark_results\2026-07-21\_batch_logs\daily_dr_memory_tianjin_1day\household_s5_shared_roommates_irregular_no_dr_tianjin_d02_hist_d02_1_2025-06-02_1day.log,D:\Pycharm_project\PycharmProjects\EnergyBridge\benchmark_results\2026-07-21\household_s5_shared_roommates_irregular_no_dr_tianjin_d02_hist_d02_1_2025-06-02_1day\run_summary.txt,0,63.34243,63.34243,57.780276,1.202088,normalized TOU cost/kWh,D:\Pycharm_project\PycharmProjects\EnergyBridge\experiments\real_data\tianjin_tou_price_normalized.csv,6.1111,6.1111,1.0,1.0,,0.0,1.0,[],"['dishwasher', 'dryer', 'ev', 'washer', 'water_heater']",[]
household_s1_dual_commuter_standard,household_s1_dual_commuter_standard,no_dr,Germany,1,2025-06-03,d03_hist_d03_1,hist_d03_1,3,D:\Pycharm_project\PycharmProjects\EnergyBridge\experiments\real_data\germany_2025_price.csv,18.0,1.0,D:\Pycharm_project\PycharmProjects\EnergyBridge\benchmark_results\2026-07-21\_batch_logs\daily_event_configs\d03_hist_d03_1.json,skipped_done,0,0.0,D:\Pycharm_project\PycharmProjects\EnergyBridge\benchmark_results\2026-07-21\household_s1_dual_commuter_standard_no_dr_germany_d03_hist_d03_1_2025-06-03_1day,D:\Pycharm_project\PycharmProjects\EnergyBridge\benchmark_results\2026-07-21\_batch_logs\daily_dr_memory_germany_1day\household_s1_dual_commuter_standard_no_dr_germany_d03_hist_d03_1_2025-06-03_1day.log,D:\Pycharm_project\PycharmProjects\EnergyBridge\benchmark_results\2026-07-21\household_s1_dual_commuter_standard_no_dr_germany_d03_hist_d03_1_2025-06-03_1day\run_summary.txt,0,56.568606,56.568606,14.333413,0.078095,EUR/kWh,D:\Pycharm_project\PycharmProjects\EnergyBridge\experiments\real_data\germany_2025_price.csv,10.5693,10.5693,1.0,1.0,,0.0,1.0,[],"['dishwasher', 'dryer', 'ev', 'washer', 'water_heater']",[]
household_s2_multigeneration_caregiver,household_s2_multigeneration_caregiver,mpc_dynamic,Germany,1,2025-06-03,d03_hist_d03_1,hist_d03_1,3,D:\Pycharm_project\PycharmProjects\EnergyBridge\experiments\real_data\germany_2025_price.csv,18.0,1.0,D:\Pycharm_project\PycharmProjects\EnergyBridge\benchmark_results\2026-07-21\_batch_logs\daily_event_configs\d03_hist_d03_1.json,skipped_done,0,0.0,D:\Pycharm_project\PycharmProjects\EnergyBridge\benchmark_results\2026-07-21\household_s2_multigeneration_caregiver_mpc_dynamic_germany_d03_hist_d03_1_2025-06-03_1day,D:\Pycharm_project\PycharmProjects\EnergyBridge\benchmark_results\2026-07-21\_batch_logs\daily_dr_memory_germany_1day\household_s2_multigeneration_caregiver_mpc_dynamic_germany_d03_hist_d03_1_2025-06-03_1day.log,D:\Pycharm_project\PycharmProjects\EnergyBridge\benchmark_results\2026-07-21\household_s2_multigeneration_caregiver_mpc_dynamic_germany_d03_hist_d03_1_2025-06-03_1day\run_summary.txt,0,49.960998,49.960998,12.614194,0.073574,EUR/kWh,D:\Pycharm_project\PycharmProjects\EnergyBridge\experiments\real_data\germany_2025_price.csv,7.5346,7.5346,0.0,0.0,2.55,1.0,1.0,"['dishwasher', 'dryer', 'ev', 'washer', 'water_heater']",[],[]
household_s2_multigeneration_caregiver,household_s2_multigeneration_caregiver,no_dr,Germany,1,2025-06-03,d03_hist_d03_1,hist_d03_1,3,D:\Pycharm_project\PycharmProjects\EnergyBridge\experiments\real_data\germany_2025_price.csv,18.0,1.0,D:\Pycharm_project\PycharmProjects\EnergyBridge\benchmark_results\2026-07-21\_batch_logs\daily_event_configs\d03_hist_d03_1.json,skipped_done,0,0.0,D:\Pycharm_project\PycharmProjects\EnergyBridge\benchmark_results\2026-07-21\household_s2_multigeneration_caregiver_no_dr_germany_d03_hist_d03_1_2025-06-03_1day,D:\Pycharm_project\PycharmProjects\EnergyBridge\benchmark_results\2026-07-21\_batch_logs\daily_dr_memory_germany_1day\household_s2_multigeneration_caregiver_no_dr_germany_d03_hist_d03_1_2025-06-03_1day.log,D:\Pycharm_project\PycharmProjects\EnergyBridge\benchmark_results\2026-07-21\household_s2_multigeneration_caregiver_no_dr_germany_d03_hist_d03_1_2025-06-03_1day\run_summary.txt,0,49.157621,49.157621,13.666181,0.077316,EUR/kWh,D:\Pycharm_project\PycharmProjects\EnergyBridge\experiments\real_data\germany_2025_price.csv,10.6072,10.6072,1.0,1.0,,0.0,1.0,[],"['dishwasher', 'dryer', 'ev', 'washer', 'water_heater']",[]
household_s3_hybrid_work_from_home,household_s3_hybrid_work_from_home,mpc_dynamic,Germany,1,2025-06-03,d03_hist_d03_1,hist_d03_1,3,D:\Pycharm_project\PycharmProjects\EnergyBridge\experiments\real_data\germany_2025_price.csv,18.0,1.0,D:\Pycharm_project\PycharmProjects\EnergyBridge\benchmark_results\2026-07-21\_batch_logs\daily_event_configs\d03_hist_d03_1.json,skipped_done,0,0.0,D:\Pycharm_project\PycharmProjects\EnergyBridge\benchmark_results\2026-07-21\household_s3_hybrid_work_from_home_mpc_dynamic_germany_d03_hist_d03_1_2025-06-03_1day,D:\Pycharm_project\PycharmProjects\EnergyBridge\benchmark_results\2026-07-21\_batch_logs\daily_dr_memory_germany_1day\household_s3_hybrid_work_from_home_mpc_dynamic_germany_d03_hist_d03_1_2025-06-03_1day.log,D:\Pycharm_project\PycharmProjects\EnergyBridge\benchmark_results\2026-07-21\household_s3_hybrid_work_from_home_mpc_dynamic_germany_d03_hist_d03_1_2025-06-03_1day\run_summary.txt,0,54.800828,54.800828,13.075299,0.074479,EUR/kWh,D:\Pycharm_project\PycharmProjects\EnergyBridge\experiments\real_data\germany_2025_price.csv,7.4568,7.4568,0.0,0.0,2.633,1.0,1.0,"['dishwasher', 'dryer', 'ev', 'washer', 'water_heater']",[],[]
household_s3_hybrid_work_from_home,household_s3_hybrid_work_from_home,no_dr,Germany,1,2025-06-03,d03_hist_d03_1,hist_d03_1,3,D:\Pycharm_project\PycharmProjects\EnergyBridge\experiments\real_data\germany_2025_price.csv,18.0,1.0,D:\Pycharm_project\PycharmProjects\EnergyBridge\benchmark_results\2026-07-21\_batch_logs\daily_event_configs\d03_hist_d03_1.json,skipped_done,0,0.0,D:\Pycharm_project\PycharmProjects\EnergyBridge\benchmark_results\2026-07-21\household_s3_hybrid_work_from_home_no_dr_germany_d03_hist_d03_1_2025-06-03_1day,D:\Pycharm_project\PycharmProjects\EnergyBridge\benchmark_results\2026-07-21\_batch_logs\daily_dr_memory_germany_1day\household_s3_hybrid_work_from_home_no_dr_germany_d03_hist_d03_1_2025-06-03_1day.log,D:\Pycharm_project\PycharmProjects\EnergyBridge\benchmark_results\2026-07-21\household_s3_hybrid_work_from_home_no_dr_germany_d03_hist_d03_1_2025-06-03_1day\run_summary.txt,0,53.786348,53.786348,14.050813,0.07787,EUR/kWh,D:\Pycharm_project\PycharmProjects\EnergyBridge\experiments\real_data\germany_2025_price.csv,10.5779,10.5779,1.0,1.0,,0.0,0.8,[],"['dishwasher', 'dryer', 'ev', 'washer', 'water_heater']",[]
household_s4_ev_commuter_flexible,household_s4_ev_commuter_flexible,mpc_dynamic,Germany,1,2025-06-03,d03_hist_d03_1,hist_d03_1,3,D:\Pycharm_project\PycharmProjects\EnergyBridge\experiments\real_data\germany_2025_price.csv,18.0,1.0,D:\Pycharm_project\PycharmProjects\EnergyBridge\benchmark_results\2026-07-21\_batch_logs\daily_event_configs\d03_hist_d03_1.json,skipped_done,0,0.0,D:\Pycharm_project\PycharmProjects\EnergyBridge\benchmark_results\2026-07-21\household_s4_ev_commuter_flexible_mpc_dynamic_germany_d03_hist_d03_1_2025-06-03_1day,D:\Pycharm_project\PycharmProjects\EnergyBridge\benchmark_results\2026-07-21\_batch_logs\daily_dr_memory_germany_1day\household_s4_ev_commuter_flexible_mpc_dynamic_germany_d03_hist_d03_1_2025-06-03_1day.log,D:\Pycharm_project\PycharmProjects\EnergyBridge\benchmark_results\2026-07-21\household_s4_ev_commuter_flexible_mpc_dynamic_germany_d03_hist_d03_1_2025-06-03_1day\run_summary.txt,0,37.88247,37.88247,11.60501,0.071201,EUR/kWh,D:\Pycharm_project\PycharmProjects\EnergyBridge\experiments\real_data\germany_2025_price.csv,6.4597,6.4597,1.0,1.0,3.985,1.0,1.0,"['dishwasher', 'dryer', 'ev', 'washer', 'water_heater']",[],[]
household_s4_ev_commuter_flexible,household_s4_ev_commuter_flexible,no_dr,Germany,1,2025-06-03,d03_hist_d03_1,hist_d03_1,3,D:\Pycharm_project\PycharmProjects\EnergyBridge\experiments\real_data\germany_2025_price.csv,18.0,1.0,D:\Pycharm_project\PycharmProjects\EnergyBridge\benchmark_results\2026-07-21\_batch_logs\daily_event_configs\d03_hist_d03_1.json,skipped_done,0,0.0,D:\Pycharm_project\PycharmProjects\EnergyBridge\benchmark_results\2026-07-21\household_s4_ev_commuter_flexible_no_dr_germany_d03_hist_d03_1_2025-06-03_1day,D:\Pycharm_project\PycharmProjects\EnergyBridge\benchmark_results\2026-07-21\_batch_logs\daily_dr_memory_germany_1day\household_s4_ev_commuter_flexible_no_dr_germany_d03_hist_d03_1_2025-06-03_1day.log,D:\Pycharm_project\PycharmProjects\EnergyBridge\benchmark_results\2026-07-21\household_s4_ev_commuter_flexible_no_dr_germany_d03_hist_d03_1_2025-06-03_1day\run_summary.txt,0,60.649766,60.649766,14.721919,0.078467,EUR/kWh,D:\Pycharm_project\PycharmProjects\EnergyBridge\experiments\real_data\germany_2025_price.csv,10.5693,10.5693,1.0,1.0,,0.0,1.0,[],"['dishwasher', 'dryer', 'ev', 'washer', 'water_heater']",[]
household_s5_shared_roommates_irregular,household_s5_shared_roommates_irregular,mpc_dynamic,Germany,1,2025-06-03,d03_hist_d03_1,hist_d03_1,3,D:\Pycharm_project\PycharmProjects\EnergyBridge\experiments\real_data\germany_2025_price.csv,18.0,1.0,D:\Pycharm_project\PycharmProjects\EnergyBridge\benchmark_results\2026-07-21\_batch_logs\daily_event_configs\d03_hist_d03_1.json,skipped_done,0,0.0,D:\Pycharm_project\PycharmProjects\EnergyBridge\benchmark_results\2026-07-21\household_s5_shared_roommates_irregular_mpc_dynamic_germany_d03_hist_d03_1_2025-06-03_1day,D:\Pycharm_project\PycharmProjects\EnergyBridge\benchmark_results\2026-07-21\_batch_logs\daily_dr_memory_germany_1day\household_s5_shared_roommates_irregular_mpc_dynamic_germany_d03_hist_d03_1_2025-06-03_1day.log,D:\Pycharm_project\PycharmProjects\EnergyBridge\benchmark_results\2026-07-21\household_s5_shared_roommates_irregular_mpc_dynamic_germany_d03_hist_d03_1_2025-06-03_1day\run_summary.txt,0,34.866528,34.866528,11.323441,0.070738,EUR/kWh,D:\Pycharm_project\PycharmProjects\EnergyBridge\experiments\real_data\germany_2025_price.csv,6.4597,6.4597,1.0,1.0,3.315,1.0,1.0,"['dishwasher', 'dryer', 'ev', 'washer', 'water_heater']",[],[]
household_s5_shared_roommates_irregular,household_s5_shared_roommates_irregular,no_dr,Germany,1,2025-06-03,d03_hist_d03_1,hist_d03_1,3,D:\Pycharm_project\PycharmProjects\EnergyBridge\experiments\real_data\germany_2025_price.csv,18.0,1.0,D:\Pycharm_project\PycharmProjects\EnergyBridge\benchmark_results\2026-07-21\_batch_logs\daily_event_configs\d03_hist_d03_1.json,skipped_done,0,0.0,D:\Pycharm_project\PycharmProjects\EnergyBridge\benchmark_results\2026-07-21\household_s5_shared_roommates_irregular_no_dr_germany_d03_hist_d03_1_2025-06-03_1day,D:\Pycharm_project\PycharmProjects\EnergyBridge\benchmark_results\2026-07-21\_batch_logs\daily_dr_memory_germany_1day\household_s5_shared_roommates_irregular_no_dr_germany_d03_hist_d03_1_2025-06-03_1day.log,D:\Pycharm_project\PycharmProjects\EnergyBridge\benchmark_results\2026-07-21\household_s5_shared_roommates_irregular_no_dr_germany_d03_hist_d03_1_2025-06-03_1day\run_summary.txt,0,53.552664,53.552664,14.057618,0.077828,EUR/kWh,D:\Pycharm_project\PycharmProjects\EnergyBridge\experiments\real_data\germany_2025_price.csv,10.5693,10.5693,1.0,1.0,,0.0,1.0,[],"['dishwasher', 'dryer', 'ev', 'washer', 'water_heater']",[]
household_s1_dual_commuter_standard,household_s1_dual_commuter_standard,no_dr,Tianjin,1,2025-06-03,d03_hist_d03_1,hist_d03_1,3,D:\Pycharm_project\PycharmProjects\EnergyBridge\experiments\real_data\tianjin_tou_price_normalized.csv,18.0,1.0,D:\Pycharm_project\PycharmProjects\EnergyBridge\benchmark_results\2026-07-21\_batch_logs\daily_event_configs\d03_hist_d03_1.json,skipped_done,0,0.0,D:\Pycharm_project\PycharmProjects\EnergyBridge\benchmark_results\2026-07-21\household_s1_dual_commuter_standard_no_dr_tianjin_d03_hist_d03_1_2025-06-03_1day,D:\Pycharm_project\PycharmProjects\EnergyBridge\benchmark_results\2026-07-21\_batch_logs\daily_dr_memory_tianjin_1day\household_s1_dual_commuter_standard_no_dr_tianjin_d03_hist_d03_1_2025-06-03_1day.log,D:\Pycharm_project\PycharmProjects\EnergyBridge\benchmark_results\2026-07-21\household_s1_dual_commuter_standard_no_dr_tianjin_d03_hist_d03_1_2025-06-03_1day\run_summary.txt,0,71.973458,71.973458,72.461124,1.198849,normalized TOU cost/kWh,D:\Pycharm_project\PycharmProjects\EnergyBridge\experiments\real_data\tianjin_tou_price_normalized.csv,5.9786,5.9786,1.0,1.0,,0.0,1.0,[],"['dishwasher', 'dryer', 'ev', 'washer', 'water_heater']",[]
household_s2_multigeneration_caregiver,household_s2_multigeneration_caregiver,mpc_dynamic,Tianjin,1,2025-06-03,d03_hist_d03_1,hist_d03_1,3,D:\Pycharm_project\PycharmProjects\EnergyBridge\experiments\real_data\tianjin_tou_price_normalized.csv,18.0,1.0,D:\Pycharm_project\PycharmProjects\EnergyBridge\benchmark_results\2026-07-21\_batch_logs\daily_event_configs\d03_hist_d03_1.json,skipped_done,0,0.0,D:\Pycharm_project\PycharmProjects\EnergyBridge\benchmark_results\2026-07-21\household_s2_multigeneration_caregiver_mpc_dynamic_tianjin_d03_hist_d03_1_2025-06-03_1day,D:\Pycharm_project\PycharmProjects\EnergyBridge\benchmark_results\2026-07-21\_batch_logs\daily_dr_memory_tianjin_1day\household_s2_multigeneration_caregiver_mpc_dynamic_tianjin_d03_hist_d03_1_2025-06-03_1day.log,D:\Pycharm_project\PycharmProjects\EnergyBridge\benchmark_results\2026-07-21\household_s2_multigeneration_caregiver_mpc_dynamic_tianjin_d03_hist_d03_1_2025-06-03_1day\run_summary.txt,0,67.852155,67.852155,60.596107,1.184715,normalized TOU cost/kWh,D:\Pycharm_project\PycharmProjects\EnergyBridge\experiments\real_data\tianjin_tou_price_normalized.csv,2.4386,2.4386,0.0,0.0,2.55,1.0,1.0,"['dishwasher', 'dryer', 'ev', 'washer', 'water_heater']",[],[]
household_s1_dual_commuter_standard,household_s1_dual_commuter_standard,mpc_dynamic,Tianjin,1,2025-06-03,d03_hist_d03_1,hist_d03_1,3,D:\Pycharm_project\PycharmProjects\EnergyBridge\experiments\real_data\tianjin_tou_price_normalized.csv,18.0,1.0,D:\Pycharm_project\PycharmProjects\EnergyBridge\benchmark_results\2026-07-21\_batch_logs\daily_event_configs\d03_hist_d03_1.json,skipped_done,0,0.0,D:\Pycharm_project\PycharmProjects\EnergyBridge\benchmark_results\2026-07-21\household_s1_dual_commuter_standard_mpc_dynamic_tianjin_d03_hist_d03_1_2025-06-03_1day,D:\Pycharm_project\PycharmProjects\EnergyBridge\benchmark_results\2026-07-21\_batch_logs\daily_dr_memory_tianjin_1day\household_s1_dual_commuter_standard_mpc_dynamic_tianjin_d03_hist_d03_1_2025-06-03_1day.log,D:\Pycharm_project\PycharmProjects\EnergyBridge\benchmark_results\2026-07-21\household_s1_dual_commuter_standard_mpc_dynamic_tianjin_d03_hist_d03_1_2025-06-03_1day\run_summary.txt,0,76.949074,76.949074,55.532838,1.099283,normalized TOU cost/kWh,D:\Pycharm_project\PycharmProjects\EnergyBridge\experiments\real_data\tianjin_tou_price_normalized.csv,2.555,2.555,0.0,0.0,2.612,1.0,1.0,"['dishwasher', 'dryer', 'ev', 'washer', 'water_heater']",[],[]
household_s3_hybrid_work_from_home,household_s3_hybrid_work_from_home,mpc_dynamic,Tianjin,1,2025-06-03,d03_hist_d03_1,hist_d03_1,3,D:\Pycharm_project\PycharmProjects\EnergyBridge\experiments\real_data\tianjin_tou_price_normalized.csv,18.0,1.0,D:\Pycharm_project\PycharmProjects\EnergyBridge\benchmark_results\2026-07-21\_batch_logs\daily_event_configs\d03_hist_d03_1.json,skipped_done,0,0.0,D:\Pycharm_project\PycharmProjects\EnergyBridge\benchmark_results\2026-07-21\household_s3_hybrid_work_from_home_mpc_dynamic_tianjin_d03_hist_d03_1_2025-06-03_1day,D:\Pycharm_project\PycharmProjects\EnergyBridge\benchmark_results\2026-07-21\_batch_logs\daily_dr_memory_tianjin_1day\household_s3_hybrid_work_from_home_mpc_dynamic_tianjin_d03_hist_d03_1_2025-06-03_1day.log,D:\Pycharm_project\PycharmProjects\EnergyBridge\benchmark_results\2026-07-21\household_s3_hybrid_work_from_home_mpc_dynamic_tianjin_d03_hist_d03_1_2025-06-03_1day\run_summary.txt,0,70.617419,70.617419,54.090491,1.105824,normalized TOU cost/kWh,D:\Pycharm_project\PycharmProjects\EnergyBridge\experiments\real_data\tianjin_tou_price_normalized.csv,2.2603,2.2603,0.0,0.0,2.633,1.0,1.0,"['dishwasher', 'dryer', 'ev', 'washer', 'water_heater']",[],[]
household_s2_multigeneration_caregiver,household_s2_multigeneration_caregiver,no_dr,Tianjin,1,2025-06-03,d03_hist_d03_1,hist_d03_1,3,D:\Pycharm_project\PycharmProjects\EnergyBridge\experiments\real_data\tianjin_tou_price_normalized.csv,18.0,1.0,D:\Pycharm_project\PycharmProjects\EnergyBridge\benchmark_results\2026-07-21\_batch_logs\daily_event_configs\d03_hist_d03_1.json,skipped_done,0,0.0,D:\Pycharm_project\PycharmProjects\EnergyBridge\benchmark_results\2026-07-21\household_s2_multigeneration_caregiver_no_dr_tianjin_d03_hist_d03_1_2025-06-03_1day,D:\Pycharm_project\PycharmProjects\EnergyBridge\benchmark_results\2026-07-21\_batch_logs\daily_dr_memory_tianjin_1day\household_s2_multigeneration_caregiver_no_dr_tianjin_d03_hist_d03_1_2025-06-03_1day.log,D:\Pycharm_project\PycharmProjects\EnergyBridge\benchmark_results\2026-07-21\household_s2_multigeneration_caregiver_no_dr_tianjin_d03_hist_d03_1_2025-06-03_1day\run_summary.txt,0,64.897396,64.897396,65.650956,1.226761,normalized TOU cost/kWh,D:\Pycharm_project\PycharmProjects\EnergyBridge\experiments\real_data\tianjin_tou_price_normalized.csv,6.0221,6.0221,1.0,1.0,,0.0,1.0,[],"['dishwasher', 'dryer', 'ev', 'washer', 'water_heater']",[]
household_s3_hybrid_work_from_home,household_s3_hybrid_work_from_home,no_dr,Tianjin,1,2025-06-03,d03_hist_d03_1,hist_d03_1,3,D:\Pycharm_project\PycharmProjects\EnergyBridge\experiments\real_data\tianjin_tou_price_normalized.csv,18.0,1.0,D:\Pycharm_project\PycharmProjects\EnergyBridge\benchmark_results\2026-07-21\_batch_logs\daily_event_configs\d03_hist_d03_1.json,skipped_done,0,0.0,D:\Pycharm_project\PycharmProjects\EnergyBridge\benchmark_results\2026-07-21\household_s3_hybrid_work_from_home_no_dr_tianjin_d03_hist_d03_1_2025-06-03_1day,D:\Pycharm_project\PycharmProjects\EnergyBridge\benchmark_results\2026-07-21\_batch_logs\daily_dr_memory_tianjin_1day\household_s3_hybrid_work_from_home_no_dr_tianjin_d03_hist_d03_1_2025-06-03_1day.log,D:\Pycharm_project\PycharmProjects\EnergyBridge\benchmark_results\2026-07-21\household_s3_hybrid_work_from_home_no_dr_tianjin_d03_hist_d03_1_2025-06-03_1day\run_summary.txt,0,67.608357,67.608357,68.804706,1.214305,normalized TOU cost/kWh,D:\Pycharm_project\PycharmProjects\EnergyBridge\experiments\real_data\tianjin_tou_price_normalized.csv,5.9809,5.9809,1.0,1.0,,0.0,0.8,[],"['dishwasher', 'dryer', 'ev', 'washer', 'water_heater']",[]
household_s4_ev_commuter_flexible,household_s4_ev_commuter_flexible,mpc_dynamic,Tianjin,1,2025-06-03,d03_hist_d03_1,hist_d03_1,3,D:\Pycharm_project\PycharmProjects\EnergyBridge\experiments\real_data\tianjin_tou_price_normalized.csv,18.0,1.0,D:\Pycharm_project\PycharmProjects\EnergyBridge\benchmark_results\2026-07-21\_batch_logs\daily_event_configs\d03_hist_d03_1.json,skipped_done,0,0.0,D:\Pycharm_project\PycharmProjects\EnergyBridge\benchmark_results\2026-07-21\household_s4_ev_commuter_flexible_mpc_dynamic_tianjin_d03_hist_d03_1_2025-06-03_1day,D:\Pycharm_project\PycharmProjects\EnergyBridge\benchmark_results\2026-07-21\_batch_logs\daily_dr_memory_tianjin_1day\household_s4_ev_commuter_flexible_mpc_dynamic_tianjin_d03_hist_d03_1_2025-06-03_1day.log,D:\Pycharm_project\PycharmProjects\EnergyBridge\benchmark_results\2026-07-21\household_s4_ev_commuter_flexible_mpc_dynamic_tianjin_d03_hist_d03_1_2025-06-03_1day\run_summary.txt,0,48.837404,48.837404,29.763418,0.843159,normalized TOU cost/kWh,D:\Pycharm_project\PycharmProjects\EnergyBridge\experiments\real_data\tianjin_tou_price_normalized.csv,0.8008,0.8008,1.0,1.0,3.247,1.0,1.0,"['dishwasher', 'dryer', 'ev', 'washer', 'water_heater']",[],[]
household_s4_ev_commuter_flexible,household_s4_ev_commuter_flexible,no_dr,Tianjin,1,2025-06-03,d03_hist_d03_1,hist_d03_1,3,D:\Pycharm_project\PycharmProjects\EnergyBridge\experiments\real_data\tianjin_tou_price_normalized.csv,18.0,1.0,D:\Pycharm_project\PycharmProjects\EnergyBridge\benchmark_results\2026-07-21\_batch_logs\daily_event_configs\d03_hist_d03_1.json,skipped_done,0,0.0,D:\Pycharm_project\PycharmProjects\EnergyBridge\benchmark_results\2026-07-21\household_s4_ev_commuter_flexible_no_dr_tianjin_d03_hist_d03_1_2025-06-03_1day,D:\Pycharm_project\PycharmProjects\EnergyBridge\benchmark_results\2026-07-21\_batch_logs\daily_dr_memory_tianjin_1day\household_s4_ev_commuter_flexible_no_dr_tianjin_d03_hist_d03_1_2025-06-03_1day.log,D:\Pycharm_project\PycharmProjects\EnergyBridge\benchmark_results\2026-07-21\household_s4_ev_commuter_flexible_no_dr_tianjin_d03_hist_d03_1_2025-06-03_1day\run_summary.txt,0,75.761864,75.761864,76.075617,1.20075,normalized TOU cost/kWh,D:\Pycharm_project\PycharmProjects\EnergyBridge\experiments\real_data\tianjin_tou_price_normalized.csv,5.9786,5.9786,1.0,1.0,,0.0,1.0,[],"['dishwasher', 'dryer', 'ev', 'washer', 'water_heater']",[]
household_s5_shared_roommates_irregular,household_s5_shared_roommates_irregular,mpc_dynamic,Tianjin,1,2025-06-03,d03_hist_d03_1,hist_d03_1,3,D:\Pycharm_project\PycharmProjects\EnergyBridge\experiments\real_data\tianjin_tou_price_normalized.csv,18.0,1.0,D:\Pycharm_project\PycharmProjects\EnergyBridge\benchmark_results\2026-07-21\_batch_logs\daily_event_configs\d03_hist_d03_1.json,skipped_done,0,0.0,D:\Pycharm_project\PycharmProjects\EnergyBridge\benchmark_results\2026-07-21\household_s5_shared_roommates_irregular_mpc_dynamic_tianjin_d03_hist_d03_1_2025-06-03_1day,D:\Pycharm_project\PycharmProjects\EnergyBridge\benchmark_results\2026-07-21\_batch_logs\daily_dr_memory_tianjin_1day\household_s5_shared_roommates_irregular_mpc_dynamic_tianjin_d03_hist_d03_1_2025-06-03_1day.log,D:\Pycharm_project\PycharmProjects\EnergyBridge\benchmark_results\2026-07-21\household_s5_shared_roommates_irregular_mpc_dynamic_tianjin_d03_hist_d03_1_2025-06-03_1day\run_summary.txt,0,44.170738,44.170738,28.830085,0.874525,normalized TOU cost/kWh,D:\Pycharm_project\PycharmProjects\EnergyBridge\experiments\real_data\tianjin_tou_price_normalized.csv,0.8008,0.8008,1.0,1.0,3.422,1.0,1.0,"['dishwasher', 'dryer', 'ev', 'washer', 'water_heater']",[],[]
household_s5_shared_roommates_irregular,household_s5_shared_roommates_irregular,no_dr,Tianjin,1,2025-06-03,d03_hist_d03_1,hist_d03_1,3,D:\Pycharm_project\PycharmProjects\EnergyBridge\experiments\real_data\tianjin_tou_price_normalized.csv,18.0,1.0,D:\Pycharm_project\PycharmProjects\EnergyBridge\benchmark_results\2026-07-21\_batch_logs\daily_event_configs\d03_hist_d03_1.json,skipped_done,0,0.0,D:\Pycharm_project\PycharmProjects\EnergyBridge\benchmark_results\2026-07-21\household_s5_shared_roommates_irregular_no_dr_tianjin_d03_hist_d03_1_2025-06-03_1day,D:\Pycharm_project\PycharmProjects\EnergyBridge\benchmark_results\2026-07-21\_batch_logs\daily_dr_memory_tianjin_1day\household_s5_shared_roommates_irregular_no_dr_tianjin_d03_hist_d03_1_2025-06-03_1day.log,D:\Pycharm_project\PycharmProjects\EnergyBridge\benchmark_results\2026-07-21\household_s5_shared_roommates_irregular_no_dr_tianjin_d03_hist_d03_1_2025-06-03_1day\run_summary.txt,0,67.119835,67.119835,68.379964,1.213247,normalized TOU cost/kWh,D:\Pycharm_project\PycharmProjects\EnergyBridge\experiments\real_data\tianjin_tou_price_normalized.csv,5.9786,5.9786,1.0,1.0,,0.0,1.0,[],"['dishwasher', 'dryer', 'ev', 'washer', 'water_heater']",[]
household_s1_dual_commuter_standard,household_s1_dual_commuter_standard,mpc_dynamic,Germany,1,2025-06-04,d04_hist_d04_1,hist_d04_1,4,D:\Pycharm_project\PycharmProjects\EnergyBridge\experiments\real_data\germany_2025_price.csv,18.0,1.0,D:\Pycharm_project\PycharmProjects\EnergyBridge\benchmark_results\2026-07-21\_batch_logs\daily_event_configs\d04_hist_d04_1.json,skipped_done,0,0.0,D:\Pycharm_project\PycharmProjects\EnergyBridge\benchmark_results\2026-07-21\household_s1_dual_commuter_standard_mpc_dynamic_germany_d04_hist_d04_1_2025-06-04_1day,D:\Pycharm_project\PycharmProjects\EnergyBridge\benchmark_results\2026-07-21\_batch_logs\daily_dr_memory_germany_1day\household_s1_dual_commuter_standard_mpc_dynamic_germany_d04_hist_d04_1_2025-06-04_1day.log,D:\Pycharm_project\PycharmProjects\EnergyBridge\benchmark_results\2026-07-21\household_s1_dual_commuter_standard_mpc_dynamic_germany_d04_hist_d04_1_2025-06-04_1day\run_summary.txt,0,52.421266,52.421266,16.62345,0.08878,EUR/kWh,D:\Pycharm_project\PycharmProjects\EnergyBridge\experiments\real_data\germany_2025_price.csv,6.616,6.616,0.0,0.0,2.612,1.0,1.0,"['dishwasher', 'dryer', 'ev', 'washer', 'water_heater']",[],[]
household_s1_dual_commuter_standard,household_s1_dual_commuter_standard,no_dr,Germany,1,2025-06-04,d04_hist_d04_1,hist_d04_1,4,D:\Pycharm_project\PycharmProjects\EnergyBridge\experiments\real_data\germany_2025_price.csv,18.0,1.0,D:\Pycharm_project\PycharmProjects\EnergyBridge\benchmark_results\2026-07-21\_batch_logs\daily_event_configs\d04_hist_d04_1.json,skipped_done,0,0.0,D:\Pycharm_project\PycharmProjects\EnergyBridge\benchmark_results\2026-07-21\household_s1_dual_commuter_standard_no_dr_germany_d04_hist_d04_1_2025-06-04_1day,D:\Pycharm_project\PycharmProjects\EnergyBridge\benchmark_results\2026-07-21\_batch_logs\daily_dr_memory_germany_1day\household_s1_dual_commuter_standard_no_dr_germany_d04_hist_d04_1_2025-06-04_1day.log,D:\Pycharm_project\PycharmProjects\EnergyBridge\benchmark_results\2026-07-21\household_s1_dual_commuter_standard_no_dr_germany_d04_hist_d04_1_2025-06-04_1day\run_summary.txt,0,52.197073,52.197073,17.216713,0.092059,EUR/kWh,D:\Pycharm_project\PycharmProjects\EnergyBridge\experiments\real_data\germany_2025_price.csv,10.0686,10.0686,1.0,1.0,,0.0,1.0,[],"['dishwasher', 'dryer', 'ev', 'washer', 'water_heater']",[]
household_s2_multigeneration_caregiver,household_s2_multigeneration_caregiver,no_dr,Germany,1,2025-06-04,d04_hist_d04_1,hist_d04_1,4,D:\Pycharm_project\PycharmProjects\EnergyBridge\experiments\real_data\germany_2025_price.csv,18.0,1.0,D:\Pycharm_project\PycharmProjects\EnergyBridge\benchmark_results\2026-07-21\_batch_logs\daily_event_configs\d04_hist_d04_1.json,skipped_done,0,0.0,D:\Pycharm_project\PycharmProjects\EnergyBridge\benchmark_results\2026-07-21\household_s2_multigeneration_caregiver_no_dr_germany_d04_hist_d04_1_2025-06-04_1day,D:\Pycharm_project\PycharmProjects\EnergyBridge\benchmark_results\2026-07-21\_batch_logs\daily_dr_memory_germany_1day\household_s2_multigeneration_caregiver_no_dr_germany_d04_hist_d04_1_2025-06-04_1day.log,D:\Pycharm_project\PycharmProjects\EnergyBridge\benchmark_results\2026-07-21\household_s2_multigeneration_caregiver_no_dr_germany_d04_hist_d04_1_2025-06-04_1day\run_summary.txt,0,43.859618,43.859618,16.442879,0.09222,EUR/kWh,D:\Pycharm_project\PycharmProjects\EnergyBridge\experiments\real_data\germany_2025_price.csv,10.0665,10.0665,1.0,1.0,,0.0,1.0,[],"['dishwasher', 'dryer', 'ev', 'washer', 'water_heater']",[]
household_s2_multigeneration_caregiver,household_s2_multigeneration_caregiver,mpc_dynamic,Germany,1,2025-06-04,d04_hist_d04_1,hist_d04_1,4,D:\Pycharm_project\PycharmProjects\EnergyBridge\experiments\real_data\germany_2025_price.csv,18.0,1.0,D:\Pycharm_project\PycharmProjects\EnergyBridge\benchmark_results\2026-07-21\_batch_logs\daily_event_configs\d04_hist_d04_1.json,skipped_done,0,0.0,D:\Pycharm_project\PycharmProjects\EnergyBridge\benchmark_results\2026-07-21\household_s2_multigeneration_caregiver_mpc_dynamic_germany_d04_hist_d04_1_2025-06-04_1day,D:\Pycharm_project\PycharmProjects\EnergyBridge\benchmark_results\2026-07-21\_batch_logs\daily_dr_memory_germany_1day\household_s2_multigeneration_caregiver_mpc_dynamic_germany_d04_hist_d04_1_2025-06-04_1day.log,D:\Pycharm_project\PycharmProjects\EnergyBridge\benchmark_results\2026-07-21\household_s2_multigeneration_caregiver_mpc_dynamic_germany_d04_hist_d04_1_2025-06-04_1day\run_summary.txt,0,44.673879,44.673879,15.736354,0.088063,EUR/kWh,D:\Pycharm_project\PycharmProjects\EnergyBridge\experiments\real_data\germany_2025_price.csv,6.6523,6.6523,0.0,0.0,2.566,1.0,1.0,"['dishwasher', 'dryer', 'ev', 'washer', 'water_heater']",[],[]
household_s3_hybrid_work_from_home,household_s3_hybrid_work_from_home,no_dr,Germany,1,2025-06-04,d04_hist_d04_1,hist_d04_1,4,D:\Pycharm_project\PycharmProjects\EnergyBridge\experiments\real_data\germany_2025_price.csv,18.0,1.0,D:\Pycharm_project\PycharmProjects\EnergyBridge\benchmark_results\2026-07-21\_batch_logs\daily_event_configs\d04_hist_d04_1.json,skipped_done,0,0.0,D:\Pycharm_project\PycharmProjects\EnergyBridge\benchmark_results\2026-07-21\household_s3_hybrid_work_from_home_no_dr_germany_d04_hist_d04_1_2025-06-04_1day,D:\Pycharm_project\PycharmProjects\EnergyBridge\benchmark_results\2026-07-21\_batch_logs\daily_dr_memory_germany_1day\household_s3_hybrid_work_from_home_no_dr_germany_d04_hist_d04_1_2025-06-04_1day.log,D:\Pycharm_project\PycharmProjects\EnergyBridge\benchmark_results\2026-07-21\household_s3_hybrid_work_from_home_no_dr_germany_d04_hist_d04_1_2025-06-04_1day\run_summary.txt,0,48.07411,48.07411,16.826243,0.092191,EUR/kWh,D:\Pycharm_project\PycharmProjects\EnergyBridge\experiments\real_data\germany_2025_price.csv,10.0665,10.0665,1.0,1.0,,0.0,0.8,[],"['dishwasher', 'dryer', 'ev', 'washer', 'water_heater']",[]
household_s3_hybrid_work_from_home,household_s3_hybrid_work_from_home,mpc_dynamic,Germany,1,2025-06-04,d04_hist_d04_1,hist_d04_1,4,D:\Pycharm_project\PycharmProjects\EnergyBridge\experiments\real_data\germany_2025_price.csv,18.0,1.0,D:\Pycharm_project\PycharmProjects\EnergyBridge\benchmark_results\2026-07-21\_batch_logs\daily_event_configs\d04_hist_d04_1.json,skipped_done,0,0.0,D:\Pycharm_project\PycharmProjects\EnergyBridge\benchmark_results\2026-07-21\household_s3_hybrid_work_from_home_mpc_dynamic_germany_d04_hist_d04_1_2025-06-04_1day,D:\Pycharm_project\PycharmProjects\EnergyBridge\benchmark_results\2026-07-21\_batch_logs\daily_dr_memory_germany_1day\household_s3_hybrid_work_from_home_mpc_dynamic_germany_d04_hist_d04_1_2025-06-04_1day.log,D:\Pycharm_project\PycharmProjects\EnergyBridge\benchmark_results\2026-07-21\household_s3_hybrid_work_from_home_mpc_dynamic_germany_d04_hist_d04_1_2025-06-04_1day\run_summary.txt,0,48.298577,48.298577,16.233118,0.088832,EUR/kWh,D:\Pycharm_project\PycharmProjects\EnergyBridge\experiments\real_data\germany_2025_price.csv,6.6051,6.6051,0.0,0.0,2.633,1.0,1.0,"['dishwasher', 'dryer', 'ev', 'washer', 'water_heater']",[],[]
household_s4_ev_commuter_flexible,household_s4_ev_commuter_flexible,no_dr,Germany,1,2025-06-04,d04_hist_d04_1,hist_d04_1,4,D:\Pycharm_project\PycharmProjects\EnergyBridge\experiments\real_data\germany_2025_price.csv,18.0,1.0,D:\Pycharm_project\PycharmProjects\EnergyBridge\benchmark_results\2026-07-21\_batch_logs\daily_event_configs\d04_hist_d04_1.json,skipped_done,0,0.0,D:\Pycharm_project\PycharmProjects\EnergyBridge\benchmark_results\2026-07-21\household_s4_ev_commuter_flexible_no_dr_germany_d04_hist_d04_1_2025-06-04_1day,D:\Pycharm_project\PycharmProjects\EnergyBridge\benchmark_results\2026-07-21\_batch_logs\daily_dr_memory_germany_1day\household_s4_ev_commuter_flexible_no_dr_germany_d04_hist_d04_1_2025-06-04_1day.log,D:\Pycharm_project\PycharmProjects\EnergyBridge\benchmark_results\2026-07-21\household_s4_ev_commuter_flexible_no_dr_germany_d04_hist_d04_1_2025-06-04_1day\run_summary.txt,0,56.278232,56.278232,17.576413,0.091975,EUR/kWh,D:\Pycharm_project\PycharmProjects\EnergyBridge\experiments\real_data\germany_2025_price.csv,10.0686,10.0686,1.0,1.0,,0.0,1.0,[],"['dishwasher', 'dryer', 'ev', 'washer', 'water_heater']",[]
household_s4_ev_commuter_flexible,household_s4_ev_commuter_flexible,mpc_dynamic,Germany,1,2025-06-04,d04_hist_d04_1,hist_d04_1,4,D:\Pycharm_project\PycharmProjects\EnergyBridge\experiments\real_data\germany_2025_price.csv,18.0,1.0,D:\Pycharm_project\PycharmProjects\EnergyBridge\benchmark_results\2026-07-21\_batch_logs\daily_event_configs\d04_hist_d04_1.json,skipped_done,0,0.0,D:\Pycharm_project\PycharmProjects\EnergyBridge\benchmark_results\2026-07-21\household_s4_ev_commuter_flexible_mpc_dynamic_germany_d04_hist_d04_1_2025-06-04_1day,D:\Pycharm_project\PycharmProjects\EnergyBridge\benchmark_results\2026-07-21\_batch_logs\daily_dr_memory_germany_1day\household_s4_ev_commuter_flexible_mpc_dynamic_germany_d04_hist_d04_1_2025-06-04_1day.log,D:\Pycharm_project\PycharmProjects\EnergyBridge\benchmark_results\2026-07-21\household_s4_ev_commuter_flexible_mpc_dynamic_germany_d04_hist_d04_1_2025-06-04_1day\run_summary.txt,0,33.851341,33.851341,14.202443,0.084201,EUR/kWh,D:\Pycharm_project\PycharmProjects\EnergyBridge\experiments\real_data\germany_2025_price.csv,6.005,6.005,1.0,1.0,4.09,1.0,1.0,"['dishwasher', 'dryer', 'ev', 'washer', 'water_heater']",[],[]
household_s5_shared_roommates_irregular,household_s5_shared_roommates_irregular,no_dr,Germany,1,2025-06-04,d04_hist_d04_1,hist_d04_1,4,D:\Pycharm_project\PycharmProjects\EnergyBridge\experiments\real_data\germany_2025_price.csv,18.0,1.0,D:\Pycharm_project\PycharmProjects\EnergyBridge\benchmark_results\2026-07-21\_batch_logs\daily_event_configs\d04_hist_d04_1.json,skipped_done,0,0.0,D:\Pycharm_project\PycharmProjects\EnergyBridge\benchmark_results\2026-07-21\household_s5_shared_roommates_irregular_no_dr_germany_d04_hist_d04_1_2025-06-04_1day,D:\Pycharm_project\PycharmProjects\EnergyBridge\benchmark_results\2026-07-21\_batch_logs\daily_dr_memory_germany_1day\household_s5_shared_roommates_irregular_no_dr_germany_d04_hist_d04_1_2025-06-04_1day.log,D:\Pycharm_project\PycharmProjects\EnergyBridge\benchmark_results\2026-07-21\household_s5_shared_roommates_irregular_no_dr_germany_d04_hist_d04_1_2025-06-04_1day\run_summary.txt,0,48.115913,48.115913,16.862612,0.092177,EUR/kWh,D:\Pycharm_project\PycharmProjects\EnergyBridge\experiments\real_data\germany_2025_price.csv,10.0686,10.0686,1.0,1.0,,0.0,1.0,[],"['dishwasher', 'dryer', 'ev', 'washer', 'water_heater']",[]
household_s5_shared_roommates_irregular,household_s5_shared_roommates_irregular,mpc_dynamic,Germany,1,2025-06-04,d04_hist_d04_1,hist_d04_1,4,D:\Pycharm_project\PycharmProjects\EnergyBridge\experiments\real_data\germany_2025_price.csv,18.0,1.0,D:\Pycharm_project\PycharmProjects\EnergyBridge\benchmark_results\2026-07-21\_batch_logs\daily_event_configs\d04_hist_d04_1.json,skipped_done,0,0.0,D:\Pycharm_project\PycharmProjects\EnergyBridge\benchmark_results\2026-07-21\household_s5_shared_roommates_irregular_mpc_dynamic_germany_d04_hist_d04_1_2025-06-04_1day,D:\Pycharm_project\PycharmProjects\EnergyBridge\benchmark_results\2026-07-21\_batch_logs\daily_dr_memory_germany_1day\household_s5_shared_roommates_irregular_mpc_dynamic_germany_d04_hist_d04_1_2025-06-04_1day.log,D:\Pycharm_project\PycharmProjects\EnergyBridge\benchmark_results\2026-07-21\household_s5_shared_roommates_irregular_mpc_dynamic_germany_d04_hist_d04_1_2025-06-04_1day\run_summary.txt,0,48.340107,48.340107,16.269348,0.088825,EUR/kWh,D:\Pycharm_project\PycharmProjects\EnergyBridge\experiments\real_data\germany_2025_price.csv,6.616,6.616,0.0,0.0,2.612,1.0,1.0,"['dishwasher', 'dryer', 'ev', 'washer', 'water_heater']",[],[]
household_s1_dual_commuter_standard,household_s1_dual_commuter_standard,no_dr,Tianjin,1,2025-06-04,d04_hist_d04_1,hist_d04_1,4,D:\Pycharm_project\PycharmProjects\EnergyBridge\experiments\real_data\tianjin_tou_price_normalized.csv,18.0,1.0,D:\Pycharm_project\PycharmProjects\EnergyBridge\benchmark_results\2026-07-21\_batch_logs\daily_event_configs\d04_hist_d04_1.json,skipped_done,0,0.0,D:\Pycharm_project\PycharmProjects\EnergyBridge\benchmark_results\2026-07-21\household_s1_dual_commuter_standard_no_dr_tianjin_d04_hist_d04_1_2025-06-04_1day,D:\Pycharm_project\PycharmProjects\EnergyBridge\benchmark_results\2026-07-21\_batch_logs\daily_dr_memory_tianjin_1day\household_s1_dual_commuter_standard_no_dr_tianjin_d04_hist_d04_1_2025-06-04_1day.log,D:\Pycharm_project\PycharmProjects\EnergyBridge\benchmark_results\2026-07-21\household_s1_dual_commuter_standard_no_dr_tianjin_d04_hist_d04_1_2025-06-04_1day\run_summary.txt,0,72.13052,72.13052,76.716072,1.260196,normalized TOU cost/kWh,D:\Pycharm_project\PycharmProjects\EnergyBridge\experiments\real_data\tianjin_tou_price_normalized.csv,6.3814,6.3814,1.0,1.0,,0.0,1.0,[],"['dishwasher', 'dryer', 'ev', 'washer', 'water_heater']",[]
household_s1_dual_commuter_standard,household_s1_dual_commuter_standard,mpc_dynamic,Tianjin,1,2025-06-04,d04_hist_d04_1,hist_d04_1,4,D:\Pycharm_project\PycharmProjects\EnergyBridge\experiments\real_data\tianjin_tou_price_normalized.csv,18.0,1.0,D:\Pycharm_project\PycharmProjects\EnergyBridge\benchmark_results\2026-07-21\_batch_logs\daily_event_configs\d04_hist_d04_1.json,skipped_done,0,0.0,D:\Pycharm_project\PycharmProjects\EnergyBridge\benchmark_results\2026-07-21\household_s1_dual_commuter_standard_mpc_dynamic_tianjin_d04_hist_d04_1_2025-06-04_1day,D:\Pycharm_project\PycharmProjects\EnergyBridge\benchmark_results\2026-07-21\_batch_logs\daily_dr_memory_tianjin_1day\household_s1_dual_commuter_standard_mpc_dynamic_tianjin_d04_hist_d04_1_2025-06-04_1day.log,D:\Pycharm_project\PycharmProjects\EnergyBridge\benchmark_results\2026-07-21\household_s1_dual_commuter_standard_mpc_dynamic_tianjin_d04_hist_d04_1_2025-06-04_1day\run_summary.txt,0,77.579981,77.579981,64.518727,1.203314,normalized TOU cost/kWh,D:\Pycharm_project\PycharmProjects\EnergyBridge\experiments\real_data\tianjin_tou_price_normalized.csv,2.8203,2.8203,0.0,0.0,2.612,1.0,1.0,"['dishwasher', 'dryer', 'ev', 'washer', 'water_heater']",[],[]
household_s2_multigeneration_caregiver,household_s2_multigeneration_caregiver,mpc_dynamic,Tianjin,1,2025-06-04,d04_hist_d04_1,hist_d04_1,4,D:\Pycharm_project\PycharmProjects\EnergyBridge\experiments\real_data\tianjin_tou_price_normalized.csv,18.0,1.0,D:\Pycharm_project\PycharmProjects\EnergyBridge\benchmark_results\2026-07-21\_batch_logs\daily_event_configs\d04_hist_d04_1.json,skipped_done,0,0.0,D:\Pycharm_project\PycharmProjects\EnergyBridge\benchmark_results\2026-07-21\household_s2_multigeneration_caregiver_mpc_dynamic_tianjin_d04_hist_d04_1_2025-06-04_1day,D:\Pycharm_project\PycharmProjects\EnergyBridge\benchmark_results\2026-07-21\_batch_logs\daily_dr_memory_tianjin_1day\household_s2_multigeneration_caregiver_mpc_dynamic_tianjin_d04_hist_d04_1_2025-06-04_1day.log,D:\Pycharm_project\PycharmProjects\EnergyBridge\benchmark_results\2026-07-21\household_s2_multigeneration_caregiver_mpc_dynamic_tianjin_d04_hist_d04_1_2025-06-04_1day\run_summary.txt,0,67.984499,67.984499,63.489333,1.237389,normalized TOU cost/kWh,D:\Pycharm_project\PycharmProjects\EnergyBridge\experiments\real_data\tianjin_tou_price_normalized.csv,2.855,2.855,0.0,0.0,2.55,1.0,1.0,"['dishwasher', 'dryer', 'ev', 'washer', 'water_heater']",[],[]
household_s2_multigeneration_caregiver,household_s2_multigeneration_caregiver,no_dr,Tianjin,1,2025-06-04,d04_hist_d04_1,hist_d04_1,4,D:\Pycharm_project\PycharmProjects\EnergyBridge\experiments\real_data\tianjin_tou_price_normalized.csv,18.0,1.0,D:\Pycharm_project\PycharmProjects\EnergyBridge\benchmark_results\2026-07-21\_batch_logs\daily_event_configs\d04_hist_d04_1.json,skipped_done,0,0.0,D:\Pycharm_project\PycharmProjects\EnergyBridge\benchmark_results\2026-07-21\household_s2_multigeneration_caregiver_no_dr_tianjin_d04_hist_d04_1_2025-06-04_1day,D:\Pycharm_project\PycharmProjects\EnergyBridge\benchmark_results\2026-07-21\_batch_logs\daily_dr_memory_tianjin_1day\household_s2_multigeneration_caregiver_no_dr_tianjin_d04_hist_d04_1_2025-06-04_1day.log,D:\Pycharm_project\PycharmProjects\EnergyBridge\benchmark_results\2026-07-21\household_s2_multigeneration_caregiver_no_dr_tianjin_d04_hist_d04_1_2025-06-04_1day\run_summary.txt,0,65.380811,65.380811,69.928043,1.302565,normalized TOU cost/kWh,D:\Pycharm_project\PycharmProjects\EnergyBridge\experiments\real_data\tianjin_tou_price_normalized.csv,6.4391,6.4391,1.0,1.0,,0.0,1.0,[],"['dishwasher', 'dryer', 'ev', 'washer', 'water_heater']",[]
household_s3_hybrid_work_from_home,household_s3_hybrid_work_from_home,mpc_dynamic,Tianjin,1,2025-06-04,d04_hist_d04_1,hist_d04_1,4,D:\Pycharm_project\PycharmProjects\EnergyBridge\experiments\real_data\tianjin_tou_price_normalized.csv,18.0,1.0,D:\Pycharm_project\PycharmProjects\EnergyBridge\benchmark_results\2026-07-21\_batch_logs\daily_event_configs\d04_hist_d04_1.json,skipped_done,0,0.0,D:\Pycharm_project\PycharmProjects\EnergyBridge\benchmark_results\2026-07-21\household_s3_hybrid_work_from_home_mpc_dynamic_tianjin_d04_hist_d04_1_2025-06-04_1day,D:\Pycharm_project\PycharmProjects\EnergyBridge\benchmark_results\2026-07-21\_batch_logs\daily_dr_memory_tianjin_1day\household_s3_hybrid_work_from_home_mpc_dynamic_tianjin_d04_hist_d04_1_2025-06-04_1day.log,D:\Pycharm_project\PycharmProjects\EnergyBridge\benchmark_results\2026-07-21\household_s3_hybrid_work_from_home_mpc_dynamic_tianjin_d04_hist_d04_1_2025-06-04_1day\run_summary.txt,0,72.779126,72.779126,63.709293,1.209989,normalized TOU cost/kWh,D:\Pycharm_project\PycharmProjects\EnergyBridge\experiments\real_data\tianjin_tou_price_normalized.csv,2.3704,2.3704,0.0,0.0,2.633,1.0,1.0,"['dishwasher', 'dryer', 'ev', 'washer', 'water_heater']",[],[]
household_s3_hybrid_work_from_home,household_s3_hybrid_work_from_home,no_dr,Tianjin,1,2025-06-04,d04_hist_d04_1,hist_d04_1,4,D:\Pycharm_project\PycharmProjects\EnergyBridge\experiments\real_data\tianjin_tou_price_normalized.csv,18.0,1.0,D:\Pycharm_project\PycharmProjects\EnergyBridge\benchmark_results\2026-07-21\_batch_logs\daily_event_configs\d04_hist_d04_1.json,skipped_done,0,0.0,D:\Pycharm_project\PycharmProjects\EnergyBridge\benchmark_results\2026-07-21\household_s3_hybrid_work_from_home_no_dr_tianjin_d04_hist_d04_1_2025-06-04_1day,D:\Pycharm_project\PycharmProjects\EnergyBridge\benchmark_results\2026-07-21\_batch_logs\daily_dr_memory_tianjin_1day\household_s3_hybrid_work_from_home_no_dr_tianjin_d04_hist_d04_1_2025-06-04_1day.log,D:\Pycharm_project\PycharmProjects\EnergyBridge\benchmark_results\2026-07-21\household_s3_hybrid_work_from_home_no_dr_tianjin_d04_hist_d04_1_2025-06-04_1day\run_summary.txt,0,67.978741,67.978741,73.400654,1.267906,normalized TOU cost/kWh,D:\Pycharm_project\PycharmProjects\EnergyBridge\experiments\real_data\tianjin_tou_price_normalized.csv,6.3826,6.3826,1.0,1.0,,0.0,0.8,[],"['dishwasher', 'dryer', 'ev', 'washer', 'water_heater']",[]
household_s4_ev_commuter_flexible,household_s4_ev_commuter_flexible,mpc_dynamic,Tianjin,1,2025-06-04,d04_hist_d04_1,hist_d04_1,4,D:\Pycharm_project\PycharmProjects\EnergyBridge\experiments\real_data\tianjin_tou_price_normalized.csv,18.0,1.0,D:\Pycharm_project\PycharmProjects\EnergyBridge\benchmark_results\2026-07-21\_batch_logs\daily_event_configs\d04_hist_d04_1.json,skipped_done,0,0.0,D:\Pycharm_project\PycharmProjects\EnergyBridge\benchmark_results\2026-07-21\household_s4_ev_commuter_flexible_mpc_dynamic_tianjin_d04_hist_d04_1_2025-06-04_1day,D:\Pycharm_project\PycharmProjects\EnergyBridge\benchmark_results\2026-07-21\_batch_logs\daily_dr_memory_tianjin_1day\household_s4_ev_commuter_flexible_mpc_dynamic_tianjin_d04_hist_d04_1_2025-06-04_1day.log,D:\Pycharm_project\PycharmProjects\EnergyBridge\benchmark_results\2026-07-21\household_s4_ev_commuter_flexible_mpc_dynamic_tianjin_d04_hist_d04_1_2025-06-04_1day\run_summary.txt,0,69.223136,69.223136,59.827269,1.167693,normalized TOU cost/kWh,D:\Pycharm_project\PycharmProjects\EnergyBridge\experiments\real_data\tianjin_tou_price_normalized.csv,1.174,1.174,1.0,1.0,3.183,1.0,1.0,"['dishwasher', 'dryer', 'ev', 'washer', 'water_heater']",[],[]
household_s4_ev_commuter_flexible,household_s4_ev_commuter_flexible,no_dr,Tianjin,1,2025-06-04,d04_hist_d04_1,hist_d04_1,4,D:\Pycharm_project\PycharmProjects\EnergyBridge\experiments\real_data\tianjin_tou_price_normalized.csv,18.0,1.0,D:\Pycharm_project\PycharmProjects\EnergyBridge\benchmark_results\2026-07-21\_batch_logs\daily_event_configs\d04_hist_d04_1.json,skipped_done,0,0.0,D:\Pycharm_project\PycharmProjects\EnergyBridge\benchmark_results\2026-07-21\household_s4_ev_commuter_flexible_no_dr_tianjin_d04_hist_d04_1_2025-06-04_1day,D:\Pycharm_project\PycharmProjects\EnergyBridge\benchmark_results\2026-07-21\_batch_logs\daily_dr_memory_tianjin_1day\household_s4_ev_commuter_flexible_no_dr_tianjin_d04_hist_d04_1_2025-06-04_1day.log,D:\Pycharm_project\PycharmProjects\EnergyBridge\benchmark_results\2026-07-21\household_s4_ev_commuter_flexible_no_dr_tianjin_d04_hist_d04_1_2025-06-04_1day\run_summary.txt,0,75.817476,75.817476,80.63955,1.249,normalized TOU cost/kWh,D:\Pycharm_project\PycharmProjects\EnergyBridge\experiments\real_data\tianjin_tou_price_normalized.csv,6.3814,6.3814,1.0,1.0,,0.0,1.0,[],"['dishwasher', 'dryer', 'ev', 'washer', 'water_heater']",[]
household_s5_shared_roommates_irregular,household_s5_shared_roommates_irregular,mpc_dynamic,Tianjin,1,2025-06-04,d04_hist_d04_1,hist_d04_1,4,D:\Pycharm_project\PycharmProjects\EnergyBridge\experiments\real_data\tianjin_tou_price_normalized.csv,18.0,1.0,D:\Pycharm_project\PycharmProjects\EnergyBridge\benchmark_results\2026-07-21\_batch_logs\daily_event_configs\d04_hist_d04_1.json,skipped_done,0,0.0,D:\Pycharm_project\PycharmProjects\EnergyBridge\benchmark_results\2026-07-21\household_s5_shared_roommates_irregular_mpc_dynamic_tianjin_d04_hist_d04_1_2025-06-04_1day,D:\Pycharm_project\PycharmProjects\EnergyBridge\benchmark_results\2026-07-21\_batch_logs\daily_dr_memory_tianjin_1day\household_s5_shared_roommates_irregular_mpc_dynamic_tianjin_d04_hist_d04_1_2025-06-04_1day.log,D:\Pycharm_project\PycharmProjects\EnergyBridge\benchmark_results\2026-07-21\household_s5_shared_roommates_irregular_mpc_dynamic_tianjin_d04_hist_d04_1_2025-06-04_1day\run_summary.txt,0,72.762407,72.762407,54.471497,1.192317,normalized TOU cost/kWh,D:\Pycharm_project\PycharmProjects\EnergyBridge\experiments\real_data\tianjin_tou_price_normalized.csv,2.8812,2.8812,0.0,0.0,2.612,1.0,1.0,"['dishwasher', 'dryer', 'ev', 'washer', 'water_heater']",[],[]
household_s5_shared_roommates_irregular,household_s5_shared_roommates_irregular,no_dr,Tianjin,1,2025-06-04,d04_hist_d04_1,hist_d04_1,4,D:\Pycharm_project\PycharmProjects\EnergyBridge\experiments\real_data\tianjin_tou_price_normalized.csv,18.0,1.0,D:\Pycharm_project\PycharmProjects\EnergyBridge\benchmark_results\2026-07-21\_batch_logs\daily_event_configs\d04_hist_d04_1.json,skipped_done,0,0.0,D:\Pycharm_project\PycharmProjects\EnergyBridge\benchmark_results\2026-07-21\household_s5_shared_roommates_irregular_no_dr_tianjin_d04_hist_d04_1_2025-06-04_1day,D:\Pycharm_project\PycharmProjects\EnergyBridge\benchmark_results\2026-07-21\_batch_logs\daily_dr_memory_tianjin_1day\household_s5_shared_roommates_irregular_no_dr_tianjin_d04_hist_d04_1_2025-06-04_1day.log,D:\Pycharm_project\PycharmProjects\EnergyBridge\benchmark_results\2026-07-21\household_s5_shared_roommates_irregular_no_dr_tianjin_d04_hist_d04_1_2025-06-04_1day\run_summary.txt,0,67.655158,67.655158,72.943898,1.267099,normalized TOU cost/kWh,D:\Pycharm_project\PycharmProjects\EnergyBridge\experiments\real_data\tianjin_tou_price_normalized.csv,6.3814,6.3814,1.0,1.0,,0.0,1.0,[],"['dishwasher', 'dryer', 'ev', 'washer', 'water_heater']",[]
household_s1_dual_commuter_standard,household_s1_dual_commuter_standard,mpc_dynamic,Germany,1,2025-06-05,d05_hist_d05_1,hist_d05_1,5,D:\Pycharm_project\PycharmProjects\EnergyBridge\experiments\real_data\germany_2025_price.csv,18.0,1.0,D:\Pycharm_project\PycharmProjects\EnergyBridge\benchmark_results\2026-07-21\_batch_logs\daily_event_configs\d05_hist_d05_1.json,skipped_done,0,0.0,D:\Pycharm_project\PycharmProjects\EnergyBridge\benchmark_results\2026-07-21\household_s1_dual_commuter_standard_mpc_dynamic_germany_d05_hist_d05_1_2025-06-05_1day,D:\Pycharm_project\PycharmProjects\EnergyBridge\benchmark_results\2026-07-21\_batch_logs\daily_dr_memory_germany_1day\household_s1_dual_commuter_standard_mpc_dynamic_germany_d05_hist_d05_1_2025-06-05_1day.log,D:\Pycharm_project\PycharmProjects\EnergyBridge\benchmark_results\2026-07-21\household_s1_dual_commuter_standard_mpc_dynamic_germany_d05_hist_d05_1_2025-06-05_1day\run_summary.txt,0,55.09343,55.09343,15.219512,0.080693,EUR/kWh,D:\Pycharm_project\PycharmProjects\EnergyBridge\experiments\real_data\germany_2025_price.csv,7.1212,7.1212,0.0,0.0,2.612,1.0,1.0,"['dishwasher', 'dryer', 'ev', 'washer', 'water_heater']",[],[]
household_s2_multigeneration_caregiver,household_s2_multigeneration_caregiver,mpc_dynamic,Germany,1,2025-06-05,d05_hist_d05_1,hist_d05_1,5,D:\Pycharm_project\PycharmProjects\EnergyBridge\experiments\real_data\germany_2025_price.csv,18.0,1.0,D:\Pycharm_project\PycharmProjects\EnergyBridge\benchmark_results\2026-07-21\_batch_logs\daily_event_configs\d05_hist_d05_1.json,skipped_done,0,0.0,D:\Pycharm_project\PycharmProjects\EnergyBridge\benchmark_results\2026-07-21\household_s2_multigeneration_caregiver_mpc_dynamic_germany_d05_hist_d05_1_2025-06-05_1day,D:\Pycharm_project\PycharmProjects\EnergyBridge\benchmark_results\2026-07-21\_batch_logs\daily_dr_memory_germany_1day\household_s2_multigeneration_caregiver_mpc_dynamic_germany_d05_hist_d05_1_2025-06-05_1day.log,D:\Pycharm_project\PycharmProjects\EnergyBridge\benchmark_results\2026-07-21\household_s2_multigeneration_caregiver_mpc_dynamic_germany_d05_hist_d05_1_2025-06-05_1day\run_summary.txt,0,27.860556,27.860556,12.787111,0.077665,EUR/kWh,D:\Pycharm_project\PycharmProjects\EnergyBridge\experiments\real_data\germany_2025_price.csv,6.0826,6.0826,1.0,1.0,3.23,1.0,1.0,"['dishwasher', 'dryer', 'ev', 'washer', 'water_heater']",[],[]
household_s1_dual_commuter_standard,household_s1_dual_commuter_standard,no_dr,Germany,1,2025-06-05,d05_hist_d05_1,hist_d05_1,5,D:\Pycharm_project\PycharmProjects\EnergyBridge\experiments\real_data\germany_2025_price.csv,18.0,1.0,D:\Pycharm_project\PycharmProjects\EnergyBridge\benchmark_results\2026-07-21\_batch_logs\daily_event_configs\d05_hist_d05_1.json,skipped_done,0,0.0,D:\Pycharm_project\PycharmProjects\EnergyBridge\benchmark_results\2026-07-21\household_s1_dual_commuter_standard_no_dr_germany_d05_hist_d05_1_2025-06-05_1day,D:\Pycharm_project\PycharmProjects\EnergyBridge\benchmark_results\2026-07-21\_batch_logs\daily_dr_memory_germany_1day\household_s1_dual_commuter_standard_no_dr_germany_d05_hist_d05_1_2025-06-05_1day.log,D:\Pycharm_project\PycharmProjects\EnergyBridge\benchmark_results\2026-07-21\household_s1_dual_commuter_standard_no_dr_germany_d05_hist_d05_1_2025-06-05_1day\run_summary.txt,0,53.613093,53.613093,15.862729,0.083072,EUR/kWh,D:\Pycharm_project\PycharmProjects\EnergyBridge\experiments\real_data\germany_2025_price.csv,10.2502,10.2502,1.0,1.0,,0.0,1.0,[],"['dishwasher', 'dryer', 'ev', 'washer', 'water_heater']",[]
household_s2_multigeneration_caregiver,household_s2_multigeneration_caregiver,no_dr,Germany,1,2025-06-05,d05_hist_d05_1,hist_d05_1,5,D:\Pycharm_project\PycharmProjects\EnergyBridge\experiments\real_data\germany_2025_price.csv,18.0,1.0,D:\Pycharm_project\PycharmProjects\EnergyBridge\benchmark_results\2026-07-21\_batch_logs\daily_event_configs\d05_hist_d05_1.json,skipped_done,0,0.0,D:\Pycharm_project\PycharmProjects\EnergyBridge\benchmark_results\2026-07-21\household_s2_multigeneration_caregiver_no_dr_germany_d05_hist_d05_1_2025-06-05_1day,D:\Pycharm_project\PycharmProjects\EnergyBridge\benchmark_results\2026-07-21\_batch_logs\daily_dr_memory_germany_1day\household_s2_multigeneration_caregiver_no_dr_germany_d05_hist_d05_1_2025-06-05_1day.log,D:\Pycharm_project\PycharmProjects\EnergyBridge\benchmark_results\2026-07-21\household_s2_multigeneration_caregiver_no_dr_germany_d05_hist_d05_1_2025-06-05_1day\run_summary.txt,0,45.995419,45.995419,15.165578,0.082911,EUR/kWh,D:\Pycharm_project\PycharmProjects\EnergyBridge\experiments\real_data\germany_2025_price.csv,10.2897,10.2897,1.0,1.0,,0.0,1.0,[],"['dishwasher', 'dryer', 'ev', 'washer', 'water_heater']",[]
household_s3_hybrid_work_from_home,household_s3_hybrid_work_from_home,mpc_dynamic,Germany,1,2025-06-05,d05_hist_d05_1,hist_d05_1,5,D:\Pycharm_project\PycharmProjects\EnergyBridge\experiments\real_data\germany_2025_price.csv,18.0,1.0,D:\Pycharm_project\PycharmProjects\EnergyBridge\benchmark_results\2026-07-21\_batch_logs\daily_event_configs\d05_hist_d05_1.json,skipped_done,0,0.0,D:\Pycharm_project\PycharmProjects\EnergyBridge\benchmark_results\2026-07-21\household_s3_hybrid_work_from_home_mpc_dynamic_germany_d05_hist_d05_1_2025-06-05_1day,D:\Pycharm_project\PycharmProjects\EnergyBridge\benchmark_results\2026-07-21\_batch_logs\daily_dr_memory_germany_1day\household_s3_hybrid_work_from_home_mpc_dynamic_germany_d05_hist_d05_1_2025-06-05_1day.log,D:\Pycharm_project\PycharmProjects\EnergyBridge\benchmark_results\2026-07-21\household_s3_hybrid_work_from_home_mpc_dynamic_germany_d05_hist_d05_1_2025-06-05_1day\run_summary.txt,0,51.102233,51.102233,14.790193,0.080614,EUR/kWh,D:\Pycharm_project\PycharmProjects\EnergyBridge\experiments\real_data\germany_2025_price.csv,7.0932,7.0932,0.0,0.0,2.633,1.0,1.0,"['dishwasher', 'dryer', 'ev', 'washer', 'water_heater']",[],[]
household_s3_hybrid_work_from_home,household_s3_hybrid_work_from_home,no_dr,Germany,1,2025-06-05,d05_hist_d05_1,hist_d05_1,5,D:\Pycharm_project\PycharmProjects\EnergyBridge\experiments\real_data\germany_2025_price.csv,18.0,1.0,D:\Pycharm_project\PycharmProjects\EnergyBridge\benchmark_results\2026-07-21\_batch_logs\daily_event_configs\d05_hist_d05_1.json,skipped_done,0,0.0,D:\Pycharm_project\PycharmProjects\EnergyBridge\benchmark_results\2026-07-21\household_s3_hybrid_work_from_home_no_dr_germany_d05_hist_d05_1_2025-06-05_1day,D:\Pycharm_project\PycharmProjects\EnergyBridge\benchmark_results\2026-07-21\_batch_logs\daily_dr_memory_germany_1day\household_s3_hybrid_work_from_home_no_dr_germany_d05_hist_d05_1_2025-06-05_1day.log,D:\Pycharm_project\PycharmProjects\EnergyBridge\benchmark_results\2026-07-21\household_s3_hybrid_work_from_home_no_dr_germany_d05_hist_d05_1_2025-06-05_1day\run_summary.txt,0,49.799172,49.799172,15.507441,0.083053,EUR/kWh,D:\Pycharm_project\PycharmProjects\EnergyBridge\experiments\real_data\germany_2025_price.csv,10.2547,10.2547,1.0,1.0,,0.0,0.8,[],"['dishwasher', 'dryer', 'ev', 'washer', 'water_heater']",[]
household_s4_ev_commuter_flexible,household_s4_ev_commuter_flexible,mpc_dynamic,Germany,1,2025-06-05,d05_hist_d05_1,hist_d05_1,5,D:\Pycharm_project\PycharmProjects\EnergyBridge\experiments\real_data\germany_2025_price.csv,18.0,1.0,D:\Pycharm_project\PycharmProjects\EnergyBridge\benchmark_results\2026-07-21\_batch_logs\daily_event_configs\d05_hist_d05_1.json,skipped_done,0,0.0,D:\Pycharm_project\PycharmProjects\EnergyBridge\benchmark_results\2026-07-21\household_s4_ev_commuter_flexible_mpc_dynamic_germany_d05_hist_d05_1_2025-06-05_1day,D:\Pycharm_project\PycharmProjects\EnergyBridge\benchmark_results\2026-07-21\_batch_logs\daily_dr_memory_germany_1day\household_s4_ev_commuter_flexible_mpc_dynamic_germany_d05_hist_d05_1_2025-06-05_1day.log,D:\Pycharm_project\PycharmProjects\EnergyBridge\benchmark_results\2026-07-21\household_s4_ev_commuter_flexible_mpc_dynamic_germany_d05_hist_d05_1_2025-06-05_1day\run_summary.txt,0,59.174589,59.174589,15.568186,0.080793,EUR/kWh,D:\Pycharm_project\PycharmProjects\EnergyBridge\experiments\real_data\germany_2025_price.csv,7.1212,7.1212,0.0,0.0,2.65,1.0,1.0,"['dishwasher', 'dryer', 'ev', 'washer', 'water_heater']",[],[]
household_s4_ev_commuter_flexible,household_s4_ev_commuter_flexible,no_dr,Germany,1,2025-06-05,d05_hist_d05_1,hist_d05_1,5,D:\Pycharm_project\PycharmProjects\EnergyBridge\experiments\real_data\germany_2025_price.csv,18.0,1.0,D:\Pycharm_project\PycharmProjects\EnergyBridge\benchmark_results\2026-07-21\_batch_logs\daily_event_configs\d05_hist_d05_1.json,skipped_done,0,0.0,D:\Pycharm_project\PycharmProjects\EnergyBridge\benchmark_results\2026-07-21\household_s4_ev_commuter_flexible_no_dr_germany_d05_hist_d05_1_2025-06-05_1day,D:\Pycharm_project\PycharmProjects\EnergyBridge\benchmark_results\2026-07-21\_batch_logs\daily_dr_memory_germany_1day\household_s4_ev_commuter_flexible_no_dr_germany_d05_hist_d05_1_2025-06-05_1day.log,D:\Pycharm_project\PycharmProjects\EnergyBridge\benchmark_results\2026-07-21\household_s4_ev_commuter_flexible_no_dr_germany_d05_hist_d05_1_2025-06-05_1day\run_summary.txt,0,57.694253,57.694253,16.211403,0.083122,EUR/kWh,D:\Pycharm_project\PycharmProjects\EnergyBridge\experiments\real_data\germany_2025_price.csv,10.2502,10.2502,1.0,1.0,,0.0,1.0,[],"['dishwasher', 'dryer', 'ev', 'washer', 'water_heater']",[]
household_s5_shared_roommates_irregular,household_s5_shared_roommates_irregular,no_dr,Germany,1,2025-06-05,d05_hist_d05_1,hist_d05_1,5,D:\Pycharm_project\PycharmProjects\EnergyBridge\experiments\real_data\germany_2025_price.csv,18.0,1.0,D:\Pycharm_project\PycharmProjects\EnergyBridge\benchmark_results\2026-07-21\_batch_logs\daily_event_configs\d05_hist_d05_1.json,skipped_done,0,0.0,D:\Pycharm_project\PycharmProjects\EnergyBridge\benchmark_results\2026-07-21\household_s5_shared_roommates_irregular_no_dr_germany_d05_hist_d05_1_2025-06-05_1day,D:\Pycharm_project\PycharmProjects\EnergyBridge\benchmark_results\2026-07-21\_batch_logs\daily_dr_memory_germany_1day\household_s5_shared_roommates_irregular_no_dr_germany_d05_hist_d05_1_2025-06-05_1day.log,D:\Pycharm_project\PycharmProjects\EnergyBridge\benchmark_results\2026-07-21\household_s5_shared_roommates_irregular_no_dr_germany_d05_hist_d05_1_2025-06-05_1day\run_summary.txt,0,49.531934,49.531934,15.518532,0.083044,EUR/kWh,D:\Pycharm_project\PycharmProjects\EnergyBridge\experiments\real_data\germany_2025_price.csv,10.2502,10.2502,1.0,1.0,,0.0,1.0,[],"['dishwasher', 'dryer', 'ev', 'washer', 'water_heater']",[]
household_s5_shared_roommates_irregular,household_s5_shared_roommates_irregular,mpc_dynamic,Germany,1,2025-06-05,d05_hist_d05_1,hist_d05_1,5,D:\Pycharm_project\PycharmProjects\EnergyBridge\experiments\real_data\germany_2025_price.csv,18.0,1.0,D:\Pycharm_project\PycharmProjects\EnergyBridge\benchmark_results\2026-07-21\_batch_logs\daily_event_configs\d05_hist_d05_1.json,skipped_done,0,0.0,D:\Pycharm_project\PycharmProjects\EnergyBridge\benchmark_results\2026-07-21\household_s5_shared_roommates_irregular_mpc_dynamic_germany_d05_hist_d05_1_2025-06-05_1day,D:\Pycharm_project\PycharmProjects\EnergyBridge\benchmark_results\2026-07-21\_batch_logs\daily_dr_memory_germany_1day\household_s5_shared_roommates_irregular_mpc_dynamic_germany_d05_hist_d05_1_2025-06-05_1day.log,D:\Pycharm_project\PycharmProjects\EnergyBridge\benchmark_results\2026-07-21\household_s5_shared_roommates_irregular_mpc_dynamic_germany_d05_hist_d05_1_2025-06-05_1day\run_summary.txt,0,51.01227,51.01227,14.875315,0.080612,EUR/kWh,D:\Pycharm_project\PycharmProjects\EnergyBridge\experiments\real_data\germany_2025_price.csv,7.1212,7.1212,0.0,0.0,2.612,1.0,1.0,"['dishwasher', 'dryer', 'ev', 'washer', 'water_heater']",[],[]
household_s1_dual_commuter_standard,household_s1_dual_commuter_standard,mpc_dynamic,Tianjin,1,2025-06-05,d05_hist_d05_1,hist_d05_1,5,D:\Pycharm_project\PycharmProjects\EnergyBridge\experiments\real_data\tianjin_tou_price_normalized.csv,18.0,1.0,D:\Pycharm_project\PycharmProjects\EnergyBridge\benchmark_results\2026-07-21\_batch_logs\daily_event_configs\d05_hist_d05_1.json,skipped_done,0,0.0,D:\Pycharm_project\PycharmProjects\EnergyBridge\benchmark_results\2026-07-21\household_s1_dual_commuter_standard_mpc_dynamic_tianjin_d05_hist_d05_1_2025-06-05_1day,D:\Pycharm_project\PycharmProjects\EnergyBridge\benchmark_results\2026-07-21\_batch_logs\daily_dr_memory_tianjin_1day\household_s1_dual_commuter_standard_mpc_dynamic_tianjin_d05_hist_d05_1_2025-06-05_1day.log,D:\Pycharm_project\PycharmProjects\EnergyBridge\benchmark_results\2026-07-21\household_s1_dual_commuter_standard_mpc_dynamic_tianjin_d05_hist_d05_1_2025-06-05_1day\run_summary.txt,0,65.792525,65.792525,50.403098,1.192332,normalized TOU cost/kWh,D:\Pycharm_project\PycharmProjects\EnergyBridge\experiments\real_data\tianjin_tou_price_normalized.csv,1.8549,1.8549,0.0,0.0,2.612,1.0,1.0,"['dishwasher', 'dryer', 'ev', 'washer', 'water_heater']",[],[]
household_s1_dual_commuter_standard,household_s1_dual_commuter_standard,no_dr,Tianjin,1,2025-06-05,d05_hist_d05_1,hist_d05_1,5,D:\Pycharm_project\PycharmProjects\EnergyBridge\experiments\real_data\tianjin_tou_price_normalized.csv,18.0,1.0,D:\Pycharm_project\PycharmProjects\EnergyBridge\benchmark_results\2026-07-21\_batch_logs\daily_event_configs\d05_hist_d05_1.json,skipped_done,0,0.0,D:\Pycharm_project\PycharmProjects\EnergyBridge\benchmark_results\2026-07-21\household_s1_dual_commuter_standard_no_dr_tianjin_d05_hist_d05_1_2025-06-05_1day,D:\Pycharm_project\PycharmProjects\EnergyBridge\benchmark_results\2026-07-21\_batch_logs\daily_dr_memory_tianjin_1day\household_s1_dual_commuter_standard_no_dr_tianjin_d05_hist_d05_1_2025-06-05_1day.log,D:\Pycharm_project\PycharmProjects\EnergyBridge\benchmark_results\2026-07-21\household_s1_dual_commuter_standard_no_dr_tianjin_d05_hist_d05_1_2025-06-05_1day\run_summary.txt,0,64.486441,64.486441,61.663097,1.257081,normalized TOU cost/kWh,D:\Pycharm_project\PycharmProjects\EnergyBridge\experiments\real_data\tianjin_tou_price_normalized.csv,5.4586,5.4586,1.0,1.0,,0.0,1.0,[],"['dishwasher', 'dryer', 'ev', 'washer', 'water_heater']",[]
household_s2_multigeneration_caregiver,household_s2_multigeneration_caregiver,no_dr,Tianjin,1,2025-06-05,d05_hist_d05_1,hist_d05_1,5,D:\Pycharm_project\PycharmProjects\EnergyBridge\experiments\real_data\tianjin_tou_price_normalized.csv,18.0,1.0,D:\Pycharm_project\PycharmProjects\EnergyBridge\benchmark_results\2026-07-21\_batch_logs\daily_event_configs\d05_hist_d05_1.json,skipped_done,0,0.0,D:\Pycharm_project\PycharmProjects\EnergyBridge\benchmark_results\2026-07-21\household_s2_multigeneration_caregiver_no_dr_tianjin_d05_hist_d05_1_2025-06-05_1day,D:\Pycharm_project\PycharmProjects\EnergyBridge\benchmark_results\2026-07-21\_batch_logs\daily_dr_memory_tianjin_1day\household_s2_multigeneration_caregiver_no_dr_tianjin_d05_hist_d05_1_2025-06-05_1day.log,D:\Pycharm_project\PycharmProjects\EnergyBridge\benchmark_results\2026-07-21\household_s2_multigeneration_caregiver_no_dr_tianjin_d05_hist_d05_1_2025-06-05_1day\run_summary.txt,0,58.800428,58.800428,54.675226,1.303756,normalized TOU cost/kWh,D:\Pycharm_project\PycharmProjects\EnergyBridge\experiments\real_data\tianjin_tou_price_normalized.csv,5.5032,5.5032,1.0,1.0,,0.0,1.0,[],"['dishwasher', 'dryer', 'ev', 'washer', 'water_heater']",[]
household_s2_multigeneration_caregiver,household_s2_multigeneration_caregiver,mpc_dynamic,Tianjin,1,2025-06-05,d05_hist_d05_1,hist_d05_1,5,D:\Pycharm_project\PycharmProjects\EnergyBridge\experiments\real_data\tianjin_tou_price_normalized.csv,18.0,1.0,D:\Pycharm_project\PycharmProjects\EnergyBridge\benchmark_results\2026-07-21\_batch_logs\daily_event_configs\d05_hist_d05_1.json,skipped_done,0,0.0,D:\Pycharm_project\PycharmProjects\EnergyBridge\benchmark_results\2026-07-21\household_s2_multigeneration_caregiver_mpc_dynamic_tianjin_d05_hist_d05_1_2025-06-05_1day,D:\Pycharm_project\PycharmProjects\EnergyBridge\benchmark_results\2026-07-21\_batch_logs\daily_dr_memory_tianjin_1day\household_s2_multigeneration_caregiver_mpc_dynamic_tianjin_d05_hist_d05_1_2025-06-05_1day.log,D:\Pycharm_project\PycharmProjects\EnergyBridge\benchmark_results\2026-07-21\household_s2_multigeneration_caregiver_mpc_dynamic_tianjin_d05_hist_d05_1_2025-06-05_1day\run_summary.txt,0,36.344305,36.344305,24.716452,1.053876,normalized TOU cost/kWh,D:\Pycharm_project\PycharmProjects\EnergyBridge\experiments\real_data\tianjin_tou_price_normalized.csv,0.6811,0.6811,1.0,1.0,3.412,1.0,1.0,"['dishwasher', 'dryer', 'ev', 'washer', 'water_heater']",[],[]
household_s3_hybrid_work_from_home,household_s3_hybrid_work_from_home,mpc_dynamic,Tianjin,1,2025-06-05,d05_hist_d05_1,hist_d05_1,5,D:\Pycharm_project\PycharmProjects\EnergyBridge\experiments\real_data\tianjin_tou_price_normalized.csv,18.0,1.0,D:\Pycharm_project\PycharmProjects\EnergyBridge\benchmark_results\2026-07-21\_batch_logs\daily_event_configs\d05_hist_d05_1.json,skipped_done,0,0.0,D:\Pycharm_project\PycharmProjects\EnergyBridge\benchmark_results\2026-07-21\household_s3_hybrid_work_from_home_mpc_dynamic_tianjin_d05_hist_d05_1_2025-06-05_1day,D:\Pycharm_project\PycharmProjects\EnergyBridge\benchmark_results\2026-07-21\_batch_logs\daily_dr_memory_tianjin_1day\household_s3_hybrid_work_from_home_mpc_dynamic_tianjin_d05_hist_d05_1_2025-06-05_1day.log,D:\Pycharm_project\PycharmProjects\EnergyBridge\benchmark_results\2026-07-21\household_s3_hybrid_work_from_home_mpc_dynamic_tianjin_d05_hist_d05_1_2025-06-05_1day\run_summary.txt,0,60.621417,60.621417,47.749933,1.217866,normalized TOU cost/kWh,D:\Pycharm_project\PycharmProjects\EnergyBridge\experiments\real_data\tianjin_tou_price_normalized.csv,1.6897,1.6897,0.0,0.0,2.633,1.0,1.0,"['dishwasher', 'dryer', 'ev', 'washer', 'water_heater']",[],[]
household_s3_hybrid_work_from_home,household_s3_hybrid_work_from_home,no_dr,Tianjin,1,2025-06-05,d05_hist_d05_1,hist_d05_1,5,D:\Pycharm_project\PycharmProjects\EnergyBridge\experiments\real_data\tianjin_tou_price_normalized.csv,18.0,1.0,D:\Pycharm_project\PycharmProjects\EnergyBridge\benchmark_results\2026-07-21\_batch_logs\daily_event_configs\d05_hist_d05_1.json,skipped_done,0,0.0,D:\Pycharm_project\PycharmProjects\EnergyBridge\benchmark_results\2026-07-21\household_s3_hybrid_work_from_home_no_dr_tianjin_d05_hist_d05_1_2025-06-05_1day,D:\Pycharm_project\PycharmProjects\EnergyBridge\benchmark_results\2026-07-21\_batch_logs\daily_dr_memory_tianjin_1day\household_s3_hybrid_work_from_home_no_dr_tianjin_d05_hist_d05_1_2025-06-05_1day.log,D:\Pycharm_project\PycharmProjects\EnergyBridge\benchmark_results\2026-07-21\household_s3_hybrid_work_from_home_no_dr_tianjin_d05_hist_d05_1_2025-06-05_1day\run_summary.txt,0,60.698115,60.698115,57.991016,1.281219,normalized TOU cost/kWh,D:\Pycharm_project\PycharmProjects\EnergyBridge\experiments\real_data\tianjin_tou_price_normalized.csv,5.4613,5.4613,1.0,1.0,,0.0,0.8,[],"['dishwasher', 'dryer', 'ev', 'washer', 'water_heater']",[]
household_s4_ev_commuter_flexible,household_s4_ev_commuter_flexible,mpc_dynamic,Tianjin,1,2025-06-05,d05_hist_d05_1,hist_d05_1,5,D:\Pycharm_project\PycharmProjects\EnergyBridge\experiments\real_data\tianjin_tou_price_normalized.csv,18.0,1.0,D:\Pycharm_project\PycharmProjects\EnergyBridge\benchmark_results\2026-07-21\_batch_logs\daily_event_configs\d05_hist_d05_1.json,skipped_done,0,0.0,D:\Pycharm_project\PycharmProjects\EnergyBridge\benchmark_results\2026-07-21\household_s4_ev_commuter_flexible_mpc_dynamic_tianjin_d05_hist_d05_1_2025-06-05_1day,D:\Pycharm_project\PycharmProjects\EnergyBridge\benchmark_results\2026-07-21\_batch_logs\daily_dr_memory_tianjin_1day\household_s4_ev_commuter_flexible_mpc_dynamic_tianjin_d05_hist_d05_1_2025-06-05_1day.log,D:\Pycharm_project\PycharmProjects\EnergyBridge\benchmark_results\2026-07-21\household_s4_ev_commuter_flexible_mpc_dynamic_tianjin_d05_hist_d05_1_2025-06-05_1day\run_summary.txt,0,69.873685,69.873685,54.484257,1.175398,normalized TOU cost/kWh,D:\Pycharm_project\PycharmProjects\EnergyBridge\experiments\real_data\tianjin_tou_price_normalized.csv,1.8549,1.8549,0.0,0.0,2.65,1.0,1.0,"['dishwasher', 'dryer', 'ev', 'washer', 'water_heater']",[],[]
household_s4_ev_commuter_flexible,household_s4_ev_commuter_flexible,no_dr,Tianjin,1,2025-06-05,d05_hist_d05_1,hist_d05_1,5,D:\Pycharm_project\PycharmProjects\EnergyBridge\experiments\real_data\tianjin_tou_price_normalized.csv,18.0,1.0,D:\Pycharm_project\PycharmProjects\EnergyBridge\benchmark_results\2026-07-21\_batch_logs\daily_event_configs\d05_hist_d05_1.json,skipped_done,0,0.0,D:\Pycharm_project\PycharmProjects\EnergyBridge\benchmark_results\2026-07-21\household_s4_ev_commuter_flexible_no_dr_tianjin_d05_hist_d05_1_2025-06-05_1day,D:\Pycharm_project\PycharmProjects\EnergyBridge\benchmark_results\2026-07-21\_batch_logs\daily_dr_memory_tianjin_1day\household_s4_ev_commuter_flexible_no_dr_tianjin_d05_hist_d05_1_2025-06-05_1day.log,D:\Pycharm_project\PycharmProjects\EnergyBridge\benchmark_results\2026-07-21\household_s4_ev_commuter_flexible_no_dr_tianjin_d05_hist_d05_1_2025-06-05_1day\run_summary.txt,0,68.5676,68.5676,65.744256,1.237335,normalized TOU cost/kWh,D:\Pycharm_project\PycharmProjects\EnergyBridge\experiments\real_data\tianjin_tou_price_normalized.csv,5.4586,5.4586,1.0,1.0,,0.0,1.0,[],"['dishwasher', 'dryer', 'ev', 'washer', 'water_heater']",[]
household_s5_shared_roommates_irregular,household_s5_shared_roommates_irregular,mpc_dynamic,Tianjin,1,2025-06-05,d05_hist_d05_1,hist_d05_1,5,D:\Pycharm_project\PycharmProjects\EnergyBridge\experiments\real_data\tianjin_tou_price_normalized.csv,18.0,1.0,D:\Pycharm_project\PycharmProjects\EnergyBridge\benchmark_results\2026-07-21\_batch_logs\daily_event_configs\d05_hist_d05_1.json,skipped_done,0,0.0,D:\Pycharm_project\PycharmProjects\EnergyBridge\benchmark_results\2026-07-21\household_s5_shared_roommates_irregular_mpc_dynamic_tianjin_d05_hist_d05_1_2025-06-05_1day,D:\Pycharm_project\PycharmProjects\EnergyBridge\benchmark_results\2026-07-21\_batch_logs\daily_dr_memory_tianjin_1day\household_s5_shared_roommates_irregular_mpc_dynamic_tianjin_d05_hist_d05_1_2025-06-05_1day.log,D:\Pycharm_project\PycharmProjects\EnergyBridge\benchmark_results\2026-07-21\household_s5_shared_roommates_irregular_mpc_dynamic_tianjin_d05_hist_d05_1_2025-06-05_1day\run_summary.txt,0,61.711366,61.711366,46.321939,1.212885,normalized TOU cost/kWh,D:\Pycharm_project\PycharmProjects\EnergyBridge\experiments\real_data\tianjin_tou_price_normalized.csv,1.8549,1.8549,0.0,0.0,2.612,1.0,1.0,"['dishwasher', 'dryer', 'ev', 'washer', 'water_heater']",[],[]
household_s5_shared_roommates_irregular,household_s5_shared_roommates_irregular,no_dr,Tianjin,1,2025-06-05,d05_hist_d05_1,hist_d05_1,5,D:\Pycharm_project\PycharmProjects\EnergyBridge\experiments\real_data\tianjin_tou_price_normalized.csv,18.0,1.0,D:\Pycharm_project\PycharmProjects\EnergyBridge\benchmark_results\2026-07-21\_batch_logs\daily_event_configs\d05_hist_d05_1.json,skipped_done,0,0.0,D:\Pycharm_project\PycharmProjects\EnergyBridge\benchmark_results\2026-07-21\household_s5_shared_roommates_irregular_no_dr_tianjin_d05_hist_d05_1_2025-06-05_1day,D:\Pycharm_project\PycharmProjects\EnergyBridge\benchmark_results\2026-07-21\_batch_logs\daily_dr_memory_tianjin_1day\household_s5_shared_roommates_irregular_no_dr_tianjin_d05_hist_d05_1_2025-06-05_1day.log,D:\Pycharm_project\PycharmProjects\EnergyBridge\benchmark_results\2026-07-21\household_s5_shared_roommates_irregular_no_dr_tianjin_d05_hist_d05_1_2025-06-05_1day\run_summary.txt,0,60.405281,60.405281,57.581937,1.280411,normalized TOU cost/kWh,D:\Pycharm_project\PycharmProjects\EnergyBridge\experiments\real_data\tianjin_tou_price_normalized.csv,5.4586,5.4586,1.0,1.0,,0.0,1.0,[],"['dishwasher', 'dryer', 'ev', 'washer', 'water_heater']",[]
household_s1_dual_commuter_standard,household_s1_dual_commuter_standard,mpc_dynamic,Germany,1,2025-06-06,d06_hist_d06_1,hist_d06_1,6,D:\Pycharm_project\PycharmProjects\EnergyBridge\experiments\real_data\germany_2025_price.csv,18.0,1.0,D:\Pycharm_project\PycharmProjects\EnergyBridge\benchmark_results\2026-07-21\_batch_logs\daily_event_configs\d06_hist_d06_1.json,skipped_done,0,0.0,D:\Pycharm_project\PycharmProjects\EnergyBridge\benchmark_results\2026-07-21\household_s1_dual_commuter_standard_mpc_dynamic_germany_d06_hist_d06_1_2025-06-06_1day,D:\Pycharm_project\PycharmProjects\EnergyBridge\benchmark_results\2026-07-21\_batch_logs\daily_dr_memory_germany_1day\household_s1_dual_commuter_standard_mpc_dynamic_germany_d06_hist_d06_1_2025-06-06_1day.log,D:\Pycharm_project\PycharmProjects\EnergyBridge\benchmark_results\2026-07-21\household_s1_dual_commuter_standard_mpc_dynamic_germany_d06_hist_d06_1_2025-06-06_1day\run_summary.txt,0,53.422072,53.422072,11.064314,0.058063,EUR/kWh,D:\Pycharm_project\PycharmProjects\EnergyBridge\experiments\real_data\germany_2025_price.csv,6.8047,6.8047,0.0,0.0,2.705,1.0,1.0,"['dishwasher', 'dryer', 'ev', 'washer', 'water_heater']",[],[]
household_s1_dual_commuter_standard,household_s1_dual_commuter_standard,no_dr,Germany,1,2025-06-06,d06_hist_d06_1,hist_d06_1,6,D:\Pycharm_project\PycharmProjects\EnergyBridge\experiments\real_data\germany_2025_price.csv,18.0,1.0,D:\Pycharm_project\PycharmProjects\EnergyBridge\benchmark_results\2026-07-21\_batch_logs\daily_event_configs\d06_hist_d06_1.json,skipped_done,0,0.0,D:\Pycharm_project\PycharmProjects\EnergyBridge\benchmark_results\2026-07-21\household_s1_dual_commuter_standard_no_dr_germany_d06_hist_d06_1_2025-06-06_1day,D:\Pycharm_project\PycharmProjects\EnergyBridge\benchmark_results\2026-07-21\_batch_logs\daily_dr_memory_germany_1day\household_s1_dual_commuter_standard_no_dr_germany_d06_hist_d06_1_2025-06-06_1day.log,D:\Pycharm_project\PycharmProjects\EnergyBridge\benchmark_results\2026-07-21\household_s1_dual_commuter_standard_no_dr_germany_d06_hist_d06_1_2025-06-06_1day\run_summary.txt,0,52.082865,52.082865,11.402575,0.060225,EUR/kWh,D:\Pycharm_project\PycharmProjects\EnergyBridge\experiments\real_data\germany_2025_price.csv,10.0216,10.0216,1.0,1.0,,0.0,1.0,[],"['dishwasher', 'dryer', 'ev', 'washer', 'water_heater']",[]
household_s2_multigeneration_caregiver,household_s2_multigeneration_caregiver,mpc_dynamic,Germany,1,2025-06-06,d06_hist_d06_1,hist_d06_1,6,D:\Pycharm_project\PycharmProjects\EnergyBridge\experiments\real_data\germany_2025_price.csv,18.0,1.0,D:\Pycharm_project\PycharmProjects\EnergyBridge\benchmark_results\2026-07-21\_batch_logs\daily_event_configs\d06_hist_d06_1.json,skipped_done,0,0.0,D:\Pycharm_project\PycharmProjects\EnergyBridge\benchmark_results\2026-07-21\household_s2_multigeneration_caregiver_mpc_dynamic_germany_d06_hist_d06_1_2025-06-06_1day,D:\Pycharm_project\PycharmProjects\EnergyBridge\benchmark_results\2026-07-21\_batch_logs\daily_dr_memory_germany_1day\household_s2_multigeneration_caregiver_mpc_dynamic_germany_d06_hist_d06_1_2025-06-06_1day.log,D:\Pycharm_project\PycharmProjects\EnergyBridge\benchmark_results\2026-07-21\household_s2_multigeneration_caregiver_mpc_dynamic_germany_d06_hist_d06_1_2025-06-06_1day\run_summary.txt,0,46.74739,46.74739,10.393205,0.056949,EUR/kWh,D:\Pycharm_project\PycharmProjects\EnergyBridge\experiments\real_data\germany_2025_price.csv,6.9243,6.9243,0.0,0.0,2.55,1.0,1.0,"['dishwasher', 'dryer', 'ev', 'washer', 'water_heater']",[],[]
household_s2_multigeneration_caregiver,household_s2_multigeneration_caregiver,no_dr,Germany,1,2025-06-06,d06_hist_d06_1,hist_d06_1,6,D:\Pycharm_project\PycharmProjects\EnergyBridge\experiments\real_data\germany_2025_price.csv,18.0,1.0,D:\Pycharm_project\PycharmProjects\EnergyBridge\benchmark_results\2026-07-21\_batch_logs\daily_event_configs\d06_hist_d06_1.json,skipped_done,0,0.0,D:\Pycharm_project\PycharmProjects\EnergyBridge\benchmark_results\2026-07-21\household_s2_multigeneration_caregiver_no_dr_germany_d06_hist_d06_1_2025-06-06_1day,D:\Pycharm_project\PycharmProjects\EnergyBridge\benchmark_results\2026-07-21\_batch_logs\daily_dr_memory_germany_1day\household_s2_multigeneration_caregiver_no_dr_germany_d06_hist_d06_1_2025-06-06_1day.log,D:\Pycharm_project\PycharmProjects\EnergyBridge\benchmark_results\2026-07-21\household_s2_multigeneration_caregiver_no_dr_germany_d06_hist_d06_1_2025-06-06_1day\run_summary.txt,0,44.009908,44.009908,10.763625,0.05952,EUR/kWh,D:\Pycharm_project\PycharmProjects\EnergyBridge\experiments\real_data\germany_2025_price.csv,10.1073,10.1073,1.0,1.0,,0.0,1.0,[],"['dishwasher', 'dryer', 'ev', 'washer', 'water_heater']",[]
household_s3_hybrid_work_from_home,household_s3_hybrid_work_from_home,mpc_dynamic,Germany,1,2025-06-06,d06_hist_d06_1,hist_d06_1,6,D:\Pycharm_project\PycharmProjects\EnergyBridge\experiments\real_data\germany_2025_price.csv,18.0,1.0,D:\Pycharm_project\PycharmProjects\EnergyBridge\benchmark_results\2026-07-21\_batch_logs\daily_event_configs\d06_hist_d06_1.json,skipped_done,0,0.0,D:\Pycharm_project\PycharmProjects\EnergyBridge\benchmark_results\2026-07-21\household_s3_hybrid_work_from_home_mpc_dynamic_germany_d06_hist_d06_1_2025-06-06_1day,D:\Pycharm_project\PycharmProjects\EnergyBridge\benchmark_results\2026-07-21\_batch_logs\daily_dr_memory_germany_1day\household_s3_hybrid_work_from_home_mpc_dynamic_germany_d06_hist_d06_1_2025-06-06_1day.log,D:\Pycharm_project\PycharmProjects\EnergyBridge\benchmark_results\2026-07-21\household_s3_hybrid_work_from_home_mpc_dynamic_germany_d06_hist_d06_1_2025-06-06_1day\run_summary.txt,0,49.771898,49.771898,10.748658,0.057602,EUR/kWh,D:\Pycharm_project\PycharmProjects\EnergyBridge\experiments\real_data\germany_2025_price.csv,6.807,6.807,0.0,0.0,2.633,1.0,1.0,"['dishwasher', 'dryer', 'ev', 'washer', 'water_heater']",[],[]
household_s3_hybrid_work_from_home,household_s3_hybrid_work_from_home,no_dr,Germany,1,2025-06-06,d06_hist_d06_1,hist_d06_1,6,D:\Pycharm_project\PycharmProjects\EnergyBridge\experiments\real_data\germany_2025_price.csv,18.0,1.0,D:\Pycharm_project\PycharmProjects\EnergyBridge\benchmark_results\2026-07-21\_batch_logs\daily_event_configs\d06_hist_d06_1.json,skipped_done,0,0.0,D:\Pycharm_project\PycharmProjects\EnergyBridge\benchmark_results\2026-07-21\household_s3_hybrid_work_from_home_no_dr_germany_d06_hist_d06_1_2025-06-06_1day,D:\Pycharm_project\PycharmProjects\EnergyBridge\benchmark_results\2026-07-21\_batch_logs\daily_dr_memory_germany_1day\household_s3_hybrid_work_from_home_no_dr_germany_d06_hist_d06_1_2025-06-06_1day.log,D:\Pycharm_project\PycharmProjects\EnergyBridge\benchmark_results\2026-07-21\household_s3_hybrid_work_from_home_no_dr_germany_d06_hist_d06_1_2025-06-06_1day\run_summary.txt,0,48.07213,48.07213,11.087565,0.059964,EUR/kWh,D:\Pycharm_project\PycharmProjects\EnergyBridge\experiments\real_data\germany_2025_price.csv,10.0585,10.0585,1.0,1.0,,0.0,0.8,[],"['dishwasher', 'dryer', 'ev', 'washer', 'water_heater']",[]
household_s4_ev_commuter_flexible,household_s4_ev_commuter_flexible,mpc_dynamic,Germany,1,2025-06-06,d06_hist_d06_1,hist_d06_1,6,D:\Pycharm_project\PycharmProjects\EnergyBridge\experiments\real_data\germany_2025_price.csv,18.0,1.0,D:\Pycharm_project\PycharmProjects\EnergyBridge\benchmark_results\2026-07-21\_batch_logs\daily_event_configs\d06_hist_d06_1.json,skipped_done,0,0.0,D:\Pycharm_project\PycharmProjects\EnergyBridge\benchmark_results\2026-07-21\household_s4_ev_commuter_flexible_mpc_dynamic_germany_d06_hist_d06_1_2025-06-06_1day,D:\Pycharm_project\PycharmProjects\EnergyBridge\benchmark_results\2026-07-21\_batch_logs\daily_dr_memory_germany_1day\household_s4_ev_commuter_flexible_mpc_dynamic_germany_d06_hist_d06_1_2025-06-06_1day.log,D:\Pycharm_project\PycharmProjects\EnergyBridge\benchmark_results\2026-07-21\household_s4_ev_commuter_flexible_mpc_dynamic_germany_d06_hist_d06_1_2025-06-06_1day\run_summary.txt,0,34.866775,34.866775,8.721325,0.050821,EUR/kWh,D:\Pycharm_project\PycharmProjects\EnergyBridge\experiments\real_data\germany_2025_price.csv,6.005,6.005,1.0,1.0,4.082,1.0,1.0,"['dishwasher', 'dryer', 'ev', 'washer', 'water_heater']",[],[]
household_s4_ev_commuter_flexible,household_s4_ev_commuter_flexible,no_dr,Germany,1,2025-06-06,d06_hist_d06_1,hist_d06_1,6,D:\Pycharm_project\PycharmProjects\EnergyBridge\experiments\real_data\germany_2025_price.csv,18.0,1.0,D:\Pycharm_project\PycharmProjects\EnergyBridge\benchmark_results\2026-07-21\_batch_logs\daily_event_configs\d06_hist_d06_1.json,skipped_done,0,0.0,D:\Pycharm_project\PycharmProjects\EnergyBridge\benchmark_results\2026-07-21\household_s4_ev_commuter_flexible_no_dr_germany_d06_hist_d06_1_2025-06-06_1day,D:\Pycharm_project\PycharmProjects\EnergyBridge\benchmark_results\2026-07-21\_batch_logs\daily_dr_memory_germany_1day\household_s4_ev_commuter_flexible_no_dr_germany_d06_hist_d06_1_2025-06-06_1day.log,D:\Pycharm_project\PycharmProjects\EnergyBridge\benchmark_results\2026-07-21\household_s4_ev_commuter_flexible_no_dr_germany_d06_hist_d06_1_2025-06-06_1day\run_summary.txt,0,56.164024,56.164024,11.73023,0.060648,EUR/kWh,D:\Pycharm_project\PycharmProjects\EnergyBridge\experiments\real_data\germany_2025_price.csv,10.0216,10.0216,1.0,1.0,,0.0,1.0,[],"['dishwasher', 'dryer', 'ev', 'washer', 'water_heater']",[]
household_s5_shared_roommates_irregular,household_s5_shared_roommates_irregular,mpc_dynamic,Germany,1,2025-06-06,d06_hist_d06_1,hist_d06_1,6,D:\Pycharm_project\PycharmProjects\EnergyBridge\experiments\real_data\germany_2025_price.csv,18.0,1.0,D:\Pycharm_project\PycharmProjects\EnergyBridge\benchmark_results\2026-07-21\_batch_logs\daily_event_configs\d06_hist_d06_1.json,skipped_done,0,0.0,D:\Pycharm_project\PycharmProjects\EnergyBridge\benchmark_results\2026-07-21\household_s5_shared_roommates_irregular_mpc_dynamic_germany_d06_hist_d06_1_2025-06-06_1day,D:\Pycharm_project\PycharmProjects\EnergyBridge\benchmark_results\2026-07-21\_batch_logs\daily_dr_memory_germany_1day\household_s5_shared_roommates_irregular_mpc_dynamic_germany_d06_hist_d06_1_2025-06-06_1day.log,D:\Pycharm_project\PycharmProjects\EnergyBridge\benchmark_results\2026-07-21\household_s5_shared_roommates_irregular_mpc_dynamic_germany_d06_hist_d06_1_2025-06-06_1day\run_summary.txt,0,30.785615,30.785615,8.489026,0.050673,EUR/kWh,D:\Pycharm_project\PycharmProjects\EnergyBridge\experiments\real_data\germany_2025_price.csv,6.005,6.005,1.0,1.0,3.945,1.0,1.0,"['dishwasher', 'dryer', 'ev', 'washer', 'water_heater']",[],[]
household_s5_shared_roommates_irregular,household_s5_shared_roommates_irregular,no_dr,Germany,1,2025-06-06,d06_hist_d06_1,hist_d06_1,6,D:\Pycharm_project\PycharmProjects\EnergyBridge\experiments\real_data\germany_2025_price.csv,18.0,1.0,D:\Pycharm_project\PycharmProjects\EnergyBridge\benchmark_results\2026-07-21\_batch_logs\daily_event_configs\d06_hist_d06_1.json,skipped_done,0,0.0,D:\Pycharm_project\PycharmProjects\EnergyBridge\benchmark_results\2026-07-21\household_s5_shared_roommates_irregular_no_dr_germany_d06_hist_d06_1_2025-06-06_1day,D:\Pycharm_project\PycharmProjects\EnergyBridge\benchmark_results\2026-07-21\_batch_logs\daily_dr_memory_germany_1day\household_s5_shared_roommates_irregular_no_dr_germany_d06_hist_d06_1_2025-06-06_1day.log,D:\Pycharm_project\PycharmProjects\EnergyBridge\benchmark_results\2026-07-21\household_s5_shared_roommates_irregular_no_dr_germany_d06_hist_d06_1_2025-06-06_1day\run_summary.txt,0,48.001705,48.001705,11.084632,0.059835,EUR/kWh,D:\Pycharm_project\PycharmProjects\EnergyBridge\experiments\real_data\germany_2025_price.csv,10.0216,10.0216,1.0,1.0,,0.0,1.0,[],"['dishwasher', 'dryer', 'ev', 'washer', 'water_heater']",[]
household_s1_dual_commuter_standard,household_s1_dual_commuter_standard,no_dr,Tianjin,1,2025-06-06,d06_hist_d06_1,hist_d06_1,6,D:\Pycharm_project\PycharmProjects\EnergyBridge\experiments\real_data\tianjin_tou_price_normalized.csv,18.0,1.0,D:\Pycharm_project\PycharmProjects\EnergyBridge\benchmark_results\2026-07-21\_batch_logs\daily_event_configs\d06_hist_d06_1.json,skipped_done,0,0.0,D:\Pycharm_project\PycharmProjects\EnergyBridge\benchmark_results\2026-07-21\household_s1_dual_commuter_standard_no_dr_tianjin_d06_hist_d06_1_2025-06-06_1day,D:\Pycharm_project\PycharmProjects\EnergyBridge\benchmark_results\2026-07-21\_batch_logs\daily_dr_memory_tianjin_1day\household_s1_dual_commuter_standard_no_dr_tianjin_d06_hist_d06_1_2025-06-06_1day.log,D:\Pycharm_project\PycharmProjects\EnergyBridge\benchmark_results\2026-07-21\household_s1_dual_commuter_standard_no_dr_tianjin_d06_hist_d06_1_2025-06-06_1day\run_summary.txt,0,76.85505,76.85505,75.566957,1.36321,normalized TOU cost/kWh,D:\Pycharm_project\PycharmProjects\EnergyBridge\experiments\real_data\tianjin_tou_price_normalized.csv,6.4992,6.4992,1.0,1.0,,0.0,1.0,[],"['dishwasher', 'dryer', 'ev', 'washer', 'water_heater']",[]
household_s1_dual_commuter_standard,household_s1_dual_commuter_standard,mpc_dynamic,Tianjin,1,2025-06-06,d06_hist_d06_1,hist_d06_1,6,D:\Pycharm_project\PycharmProjects\EnergyBridge\experiments\real_data\tianjin_tou_price_normalized.csv,18.0,1.0,D:\Pycharm_project\PycharmProjects\EnergyBridge\benchmark_results\2026-07-21\_batch_logs\daily_event_configs\d06_hist_d06_1.json,skipped_done,0,0.0,D:\Pycharm_project\PycharmProjects\EnergyBridge\benchmark_results\2026-07-21\household_s1_dual_commuter_standard_mpc_dynamic_tianjin_d06_hist_d06_1_2025-06-06_1day,D:\Pycharm_project\PycharmProjects\EnergyBridge\benchmark_results\2026-07-21\_batch_logs\daily_dr_memory_tianjin_1day\household_s1_dual_commuter_standard_mpc_dynamic_tianjin_d06_hist_d06_1_2025-06-06_1day.log,D:\Pycharm_project\PycharmProjects\EnergyBridge\benchmark_results\2026-07-21\household_s1_dual_commuter_standard_mpc_dynamic_tianjin_d06_hist_d06_1_2025-06-06_1day\run_summary.txt,0,81.410026,81.410026,59.948146,1.317676,normalized TOU cost/kWh,D:\Pycharm_project\PycharmProjects\EnergyBridge\experiments\real_data\tianjin_tou_price_normalized.csv,3.0993,3.0993,0.0,0.0,2.612,1.0,1.0,"['dishwasher', 'dryer', 'ev', 'washer', 'water_heater']",[],[]
household_s2_multigeneration_caregiver,household_s2_multigeneration_caregiver,mpc_dynamic,Tianjin,1,2025-06-06,d06_hist_d06_1,hist_d06_1,6,D:\Pycharm_project\PycharmProjects\EnergyBridge\experiments\real_data\tianjin_tou_price_normalized.csv,18.0,1.0,D:\Pycharm_project\PycharmProjects\EnergyBridge\benchmark_results\2026-07-21\_batch_logs\daily_event_configs\d06_hist_d06_1.json,skipped_done,0,0.0,D:\Pycharm_project\PycharmProjects\EnergyBridge\benchmark_results\2026-07-21\household_s2_multigeneration_caregiver_mpc_dynamic_tianjin_d06_hist_d06_1_2025-06-06_1day,D:\Pycharm_project\PycharmProjects\EnergyBridge\benchmark_results\2026-07-21\_batch_logs\daily_dr_memory_tianjin_1day\household_s2_multigeneration_caregiver_mpc_dynamic_tianjin_d06_hist_d06_1_2025-06-06_1day.log,D:\Pycharm_project\PycharmProjects\EnergyBridge\benchmark_results\2026-07-21\household_s2_multigeneration_caregiver_mpc_dynamic_tianjin_d06_hist_d06_1_2025-06-06_1day\run_summary.txt,0,72.594521,72.594521,60.610836,1.29114,normalized TOU cost/kWh,D:\Pycharm_project\PycharmProjects\EnergyBridge\experiments\real_data\tianjin_tou_price_normalized.csv,3.0333,3.0333,0.0,0.0,2.55,1.0,1.0,"['dishwasher', 'dryer', 'ev', 'washer', 'water_heater']",[],[]
household_s3_hybrid_work_from_home,household_s3_hybrid_work_from_home,mpc_dynamic,Tianjin,1,2025-06-06,d06_hist_d06_1,hist_d06_1,6,D:\Pycharm_project\PycharmProjects\EnergyBridge\experiments\real_data\tianjin_tou_price_normalized.csv,18.0,1.0,D:\Pycharm_project\PycharmProjects\EnergyBridge\benchmark_results\2026-07-21\_batch_logs\daily_event_configs\d06_hist_d06_1.json,skipped_done,0,0.0,D:\Pycharm_project\PycharmProjects\EnergyBridge\benchmark_results\2026-07-21\household_s3_hybrid_work_from_home_mpc_dynamic_tianjin_d06_hist_d06_1_2025-06-06_1day,D:\Pycharm_project\PycharmProjects\EnergyBridge\benchmark_results\2026-07-21\_batch_logs\daily_dr_memory_tianjin_1day\household_s3_hybrid_work_from_home_mpc_dynamic_tianjin_d06_hist_d06_1_2025-06-06_1day.log,D:\Pycharm_project\PycharmProjects\EnergyBridge\benchmark_results\2026-07-21\household_s3_hybrid_work_from_home_mpc_dynamic_tianjin_d06_hist_d06_1_2025-06-06_1day\run_summary.txt,0,77.428684,77.428684,62.644897,1.321523,normalized TOU cost/kWh,D:\Pycharm_project\PycharmProjects\EnergyBridge\experiments\real_data\tianjin_tou_price_normalized.csv,2.5395,2.5395,0.0,0.0,2.633,1.0,1.0,"['dishwasher', 'dryer', 'ev', 'washer', 'water_heater']",[],[]
household_s2_multigeneration_caregiver,household_s2_multigeneration_caregiver,no_dr,Tianjin,1,2025-06-06,d06_hist_d06_1,hist_d06_1,6,D:\Pycharm_project\PycharmProjects\EnergyBridge\experiments\real_data\tianjin_tou_price_normalized.csv,18.0,1.0,D:\Pycharm_project\PycharmProjects\EnergyBridge\benchmark_results\2026-07-21\_batch_logs\daily_event_configs\d06_hist_d06_1.json,skipped_done,0,0.0,D:\Pycharm_project\PycharmProjects\EnergyBridge\benchmark_results\2026-07-21\household_s2_multigeneration_caregiver_no_dr_tianjin_d06_hist_d06_1_2025-06-06_1day,D:\Pycharm_project\PycharmProjects\EnergyBridge\benchmark_results\2026-07-21\_batch_logs\daily_dr_memory_tianjin_1day\household_s2_multigeneration_caregiver_no_dr_tianjin_d06_hist_d06_1_2025-06-06_1day.log,D:\Pycharm_project\PycharmProjects\EnergyBridge\benchmark_results\2026-07-21\household_s2_multigeneration_caregiver_no_dr_tianjin_d06_hist_d06_1_2025-06-06_1day\run_summary.txt,0,68.941492,68.941492,69.448321,1.344609,normalized TOU cost/kWh,D:\Pycharm_project\PycharmProjects\EnergyBridge\experiments\real_data\tianjin_tou_price_normalized.csv,6.5617,6.5617,1.0,1.0,,0.0,1.0,[],"['dishwasher', 'dryer', 'ev', 'washer', 'water_heater']",[]
household_s4_ev_commuter_flexible,household_s4_ev_commuter_flexible,mpc_dynamic,Tianjin,1,2025-06-06,d06_hist_d06_1,hist_d06_1,6,D:\Pycharm_project\PycharmProjects\EnergyBridge\experiments\real_data\tianjin_tou_price_normalized.csv,18.0,1.0,D:\Pycharm_project\PycharmProjects\EnergyBridge\benchmark_results\2026-07-21\_batch_logs\daily_event_configs\d06_hist_d06_1.json,skipped_done,0,0.0,D:\Pycharm_project\PycharmProjects\EnergyBridge\benchmark_results\2026-07-21\household_s4_ev_commuter_flexible_mpc_dynamic_tianjin_d06_hist_d06_1_2025-06-06_1day,D:\Pycharm_project\PycharmProjects\EnergyBridge\benchmark_results\2026-07-21\_batch_logs\daily_dr_memory_tianjin_1day\household_s4_ev_commuter_flexible_mpc_dynamic_tianjin_d06_hist_d06_1_2025-06-06_1day.log,D:\Pycharm_project\PycharmProjects\EnergyBridge\benchmark_results\2026-07-21\household_s4_ev_commuter_flexible_mpc_dynamic_tianjin_d06_hist_d06_1_2025-06-06_1day\run_summary.txt,0,80.735073,80.735073,57.308911,1.331221,normalized TOU cost/kWh,D:\Pycharm_project\PycharmProjects\EnergyBridge\experiments\real_data\tianjin_tou_price_normalized.csv,3.1283,3.1283,0.0,0.0,2.65,1.0,1.0,"['dishwasher', 'dryer', 'ev', 'washer', 'water_heater']",[],[]
household_s3_hybrid_work_from_home,household_s3_hybrid_work_from_home,no_dr,Tianjin,1,2025-06-06,d06_hist_d06_1,hist_d06_1,6,D:\Pycharm_project\PycharmProjects\EnergyBridge\experiments\real_data\tianjin_tou_price_normalized.csv,18.0,1.0,D:\Pycharm_project\PycharmProjects\EnergyBridge\benchmark_results\2026-07-21\_batch_logs\daily_event_configs\d06_hist_d06_1.json,skipped_done,0,0.0,D:\Pycharm_project\PycharmProjects\EnergyBridge\benchmark_results\2026-07-21\household_s3_hybrid_work_from_home_no_dr_tianjin_d06_hist_d06_1_2025-06-06_1day,D:\Pycharm_project\PycharmProjects\EnergyBridge\benchmark_results\2026-07-21\_batch_logs\daily_dr_memory_tianjin_1day\household_s3_hybrid_work_from_home_no_dr_tianjin_d06_hist_d06_1_2025-06-06_1day.log,D:\Pycharm_project\PycharmProjects\EnergyBridge\benchmark_results\2026-07-21\household_s3_hybrid_work_from_home_no_dr_tianjin_d06_hist_d06_1_2025-06-06_1day\run_summary.txt,0,74.663004,74.663004,72.676177,1.355173,normalized TOU cost/kWh,D:\Pycharm_project\PycharmProjects\EnergyBridge\experiments\real_data\tianjin_tou_price_normalized.csv,6.4996,6.4996,1.0,1.0,,0.0,0.8,[],"['dishwasher', 'dryer', 'ev', 'washer', 'water_heater']",[]
household_s4_ev_commuter_flexible,household_s4_ev_commuter_flexible,no_dr,Tianjin,1,2025-06-06,d06_hist_d06_1,hist_d06_1,6,D:\Pycharm_project\PycharmProjects\EnergyBridge\experiments\real_data\tianjin_tou_price_normalized.csv,18.0,1.0,D:\Pycharm_project\PycharmProjects\EnergyBridge\benchmark_results\2026-07-21\_batch_logs\daily_event_configs\d06_hist_d06_1.json,skipped_done,0,0.0,D:\Pycharm_project\PycharmProjects\EnergyBridge\benchmark_results\2026-07-21\household_s4_ev_commuter_flexible_no_dr_tianjin_d06_hist_d06_1_2025-06-06_1day,D:\Pycharm_project\PycharmProjects\EnergyBridge\benchmark_results\2026-07-21\_batch_logs\daily_dr_memory_tianjin_1day\household_s4_ev_commuter_flexible_no_dr_tianjin_d06_hist_d06_1_2025-06-06_1day.log,D:\Pycharm_project\PycharmProjects\EnergyBridge\benchmark_results\2026-07-21\household_s4_ev_commuter_flexible_no_dr_tianjin_d06_hist_d06_1_2025-06-06_1day\run_summary.txt,0,78.89563,78.89563,78.831885,1.371617,normalized TOU cost/kWh,D:\Pycharm_project\PycharmProjects\EnergyBridge\experiments\real_data\tianjin_tou_price_normalized.csv,6.4992,6.4992,1.0,1.0,,0.0,1.0,[],"['dishwasher', 'dryer', 'ev', 'washer', 'water_heater']",[]
household_s5_shared_roommates_irregular,household_s5_shared_roommates_irregular,no_dr,Tianjin,1,2025-06-06,d06_hist_d06_1,hist_d06_1,6,D:\Pycharm_project\PycharmProjects\EnergyBridge\experiments\real_data\tianjin_tou_price_normalized.csv,18.0,1.0,D:\Pycharm_project\PycharmProjects\EnergyBridge\benchmark_results\2026-07-21\_batch_logs\daily_event_configs\d06_hist_d06_1.json,skipped_done,0,0.0,D:\Pycharm_project\PycharmProjects\EnergyBridge\benchmark_results\2026-07-21\household_s5_shared_roommates_irregular_no_dr_tianjin_d06_hist_d06_1_2025-06-06_1day,D:\Pycharm_project\PycharmProjects\EnergyBridge\benchmark_results\2026-07-21\_batch_logs\daily_dr_memory_tianjin_1day\household_s5_shared_roommates_irregular_no_dr_tianjin_d06_hist_d06_1_2025-06-06_1day.log,D:\Pycharm_project\PycharmProjects\EnergyBridge\benchmark_results\2026-07-21\household_s5_shared_roommates_irregular_no_dr_tianjin_d06_hist_d06_1_2025-06-06_1day\run_summary.txt,0,74.307224,74.307224,72.200581,1.354835,normalized TOU cost/kWh,D:\Pycharm_project\PycharmProjects\EnergyBridge\experiments\real_data\tianjin_tou_price_normalized.csv,6.4992,6.4992,1.0,1.0,,0.0,1.0,[],"['dishwasher', 'dryer', 'ev', 'washer', 'water_heater']",[]
household_s1_dual_commuter_standard,household_s1_dual_commuter_standard,mpc_dynamic,Germany,1,2025-06-07,d07_hist_d07_1,hist_d07_1,7,D:\Pycharm_project\PycharmProjects\EnergyBridge\experiments\real_data\germany_2025_price.csv,18.0,1.0,D:\Pycharm_project\PycharmProjects\EnergyBridge\benchmark_results\2026-07-21\_batch_logs\daily_event_configs\d07_hist_d07_1.json,skipped_done,0,0.0,D:\Pycharm_project\PycharmProjects\EnergyBridge\benchmark_results\2026-07-21\household_s1_dual_commuter_standard_mpc_dynamic_germany_d07_hist_d07_1_2025-06-07_1day,D:\Pycharm_project\PycharmProjects\EnergyBridge\benchmark_results\2026-07-21\_batch_logs\daily_dr_memory_germany_1day\household_s1_dual_commuter_standard_mpc_dynamic_germany_d07_hist_d07_1_2025-06-07_1day.log,D:\Pycharm_project\PycharmProjects\EnergyBridge\benchmark_results\2026-07-21\household_s1_dual_commuter_standard_mpc_dynamic_germany_d07_hist_d07_1_2025-06-07_1day\run_summary.txt,0,34.356355,34.356355,10.236669,0.060097,EUR/kWh,D:\Pycharm_project\PycharmProjects\EnergyBridge\experiments\real_data\germany_2025_price.csv,6.005,6.005,1.0,1.0,3.633,1.0,1.0,"['dishwasher', 'dryer', 'ev', 'washer', 'water_heater']",[],[]
household_s5_shared_roommates_irregular,household_s5_shared_roommates_irregular,mpc_dynamic,Tianjin,1,2025-06-06,d06_hist_d06_1,hist_d06_1,6,D:\Pycharm_project\PycharmProjects\EnergyBridge\experiments\real_data\tianjin_tou_price_normalized.csv,18.0,1.0,D:\Pycharm_project\PycharmProjects\EnergyBridge\benchmark_results\2026-07-21\_batch_logs\daily_event_configs\d06_hist_d06_1.json,skipped_done,0,0.0,D:\Pycharm_project\PycharmProjects\EnergyBridge\benchmark_results\2026-07-21\household_s5_shared_roommates_irregular_mpc_dynamic_tianjin_d06_hist_d06_1_2025-06-06_1day,D:\Pycharm_project\PycharmProjects\EnergyBridge\benchmark_results\2026-07-21\_batch_logs\daily_dr_memory_tianjin_1day\household_s5_shared_roommates_irregular_mpc_dynamic_tianjin_d06_hist_d06_1_2025-06-06_1day.log,D:\Pycharm_project\PycharmProjects\EnergyBridge\benchmark_results\2026-07-21\household_s5_shared_roommates_irregular_mpc_dynamic_tianjin_d06_hist_d06_1_2025-06-06_1day\run_summary.txt,0,67.656087,67.656087,50.617858,1.301816,normalized TOU cost/kWh,D:\Pycharm_project\PycharmProjects\EnergyBridge\experiments\real_data\tianjin_tou_price_normalized.csv,1.3312,1.3312,1.0,1.0,2.97,1.0,1.0,"['dishwasher', 'dryer', 'ev', 'washer', 'water_heater']",[],[]
household_s1_dual_commuter_standard,household_s1_dual_commuter_standard,no_dr,Germany,1,2025-06-07,d07_hist_d07_1,hist_d07_1,7,D:\Pycharm_project\PycharmProjects\EnergyBridge\experiments\real_data\germany_2025_price.csv,18.0,1.0,D:\Pycharm_project\PycharmProjects\EnergyBridge\benchmark_results\2026-07-21\_batch_logs\daily_event_configs\d07_hist_d07_1.json,skipped_done,0,0.0,D:\Pycharm_project\PycharmProjects\EnergyBridge\benchmark_results\2026-07-21\household_s1_dual_commuter_standard_no_dr_germany_d07_hist_d07_1_2025-06-07_1day,D:\Pycharm_project\PycharmProjects\EnergyBridge\benchmark_results\2026-07-21\_batch_logs\daily_dr_memory_germany_1day\household_s1_dual_commuter_standard_no_dr_germany_d07_hist_d07_1_2025-06-07_1day.log,D:\Pycharm_project\PycharmProjects\EnergyBridge\benchmark_results\2026-07-21\household_s1_dual_commuter_standard_no_dr_germany_d07_hist_d07_1_2025-06-07_1day\run_summary.txt,0,52.803348,52.803348,12.594234,0.066236,EUR/kWh,D:\Pycharm_project\PycharmProjects\EnergyBridge\experiments\real_data\germany_2025_price.csv,10.1094,10.1094,1.0,1.0,,0.0,1.0,[],"['dishwasher', 'dryer', 'ev', 'washer', 'water_heater']",[]
household_s2_multigeneration_caregiver,household_s2_multigeneration_caregiver,mpc_dynamic,Germany,1,2025-06-07,d07_hist_d07_1,hist_d07_1,7,D:\Pycharm_project\PycharmProjects\EnergyBridge\experiments\real_data\germany_2025_price.csv,18.0,1.0,D:\Pycharm_project\PycharmProjects\EnergyBridge\benchmark_results\2026-07-21\_batch_logs\daily_event_configs\d07_hist_d07_1.json,skipped_done,0,0.0,D:\Pycharm_project\PycharmProjects\EnergyBridge\benchmark_results\2026-07-21\household_s2_multigeneration_caregiver_mpc_dynamic_germany_d07_hist_d07_1_2025-06-07_1day,D:\Pycharm_project\PycharmProjects\EnergyBridge\benchmark_results\2026-07-21\_batch_logs\daily_dr_memory_germany_1day\household_s2_multigeneration_caregiver_mpc_dynamic_germany_d07_hist_d07_1_2025-06-07_1day.log,D:\Pycharm_project\PycharmProjects\EnergyBridge\benchmark_results\2026-07-21\household_s2_multigeneration_caregiver_mpc_dynamic_germany_d07_hist_d07_1_2025-06-07_1day\run_summary.txt,0,29.930088,29.930088,9.816639,0.059052,EUR/kWh,D:\Pycharm_project\PycharmProjects\EnergyBridge\experiments\real_data\germany_2025_price.csv,6.0098,6.0098,1.0,1.0,3.78,1.0,1.0,"['dishwasher', 'dryer', 'ev', 'washer', 'water_heater']",[],[]
household_s2_multigeneration_caregiver,household_s2_multigeneration_caregiver,no_dr,Germany,1,2025-06-07,d07_hist_d07_1,hist_d07_1,7,D:\Pycharm_project\PycharmProjects\EnergyBridge\experiments\real_data\germany_2025_price.csv,18.0,1.0,D:\Pycharm_project\PycharmProjects\EnergyBridge\benchmark_results\2026-07-21\_batch_logs\daily_event_configs\d07_hist_d07_1.json,skipped_done,0,0.0,D:\Pycharm_project\PycharmProjects\EnergyBridge\benchmark_results\2026-07-21\household_s2_multigeneration_caregiver_no_dr_germany_d07_hist_d07_1_2025-06-07_1day,D:\Pycharm_project\PycharmProjects\EnergyBridge\benchmark_results\2026-07-21\_batch_logs\daily_dr_memory_germany_1day\household_s2_multigeneration_caregiver_no_dr_germany_d07_hist_d07_1_2025-06-07_1day.log,D:\Pycharm_project\PycharmProjects\EnergyBridge\benchmark_results\2026-07-21\household_s2_multigeneration_caregiver_no_dr_germany_d07_hist_d07_1_2025-06-07_1day\run_summary.txt,0,45.152453,45.152453,11.911914,0.065424,EUR/kWh,D:\Pycharm_project\PycharmProjects\EnergyBridge\experiments\real_data\germany_2025_price.csv,10.1572,10.1572,1.0,1.0,,0.0,1.0,[],"['dishwasher', 'dryer', 'ev', 'washer', 'water_heater']",[]
household_s3_hybrid_work_from_home,household_s3_hybrid_work_from_home,mpc_dynamic,Germany,1,2025-06-07,d07_hist_d07_1,hist_d07_1,7,D:\Pycharm_project\PycharmProjects\EnergyBridge\experiments\real_data\germany_2025_price.csv,18.0,1.0,D:\Pycharm_project\PycharmProjects\EnergyBridge\benchmark_results\2026-07-21\_batch_logs\daily_event_configs\d07_hist_d07_1.json,skipped_done,0,0.0,D:\Pycharm_project\PycharmProjects\EnergyBridge\benchmark_results\2026-07-21\household_s3_hybrid_work_from_home_mpc_dynamic_germany_d07_hist_d07_1_2025-06-07_1day,D:\Pycharm_project\PycharmProjects\EnergyBridge\benchmark_results\2026-07-21\_batch_logs\daily_dr_memory_germany_1day\household_s3_hybrid_work_from_home_mpc_dynamic_germany_d07_hist_d07_1_2025-06-07_1day.log,D:\Pycharm_project\PycharmProjects\EnergyBridge\benchmark_results\2026-07-21\household_s3_hybrid_work_from_home_mpc_dynamic_germany_d07_hist_d07_1_2025-06-07_1day\run_summary.txt,0,51.227881,51.227881,11.927657,0.063395,EUR/kWh,D:\Pycharm_project\PycharmProjects\EnergyBridge\experiments\real_data\germany_2025_price.csv,6.8661,6.8661,0.0,0.0,2.633,1.0,1.0,"['dishwasher', 'dryer', 'ev', 'washer', 'water_heater']",[],[]
household_s3_hybrid_work_from_home,household_s3_hybrid_work_from_home,no_dr,Germany,1,2025-06-07,d07_hist_d07_1,hist_d07_1,7,D:\Pycharm_project\PycharmProjects\EnergyBridge\experiments\real_data\germany_2025_price.csv,18.0,1.0,D:\Pycharm_project\PycharmProjects\EnergyBridge\benchmark_results\2026-07-21\_batch_logs\daily_event_configs\d07_hist_d07_1.json,skipped_done,0,0.0,D:\Pycharm_project\PycharmProjects\EnergyBridge\benchmark_results\2026-07-21\household_s3_hybrid_work_from_home_no_dr_germany_d07_hist_d07_1_2025-06-07_1day,D:\Pycharm_project\PycharmProjects\EnergyBridge\benchmark_results\2026-07-21\_batch_logs\daily_dr_memory_germany_1day\household_s3_hybrid_work_from_home_no_dr_germany_d07_hist_d07_1_2025-06-07_1day.log,D:\Pycharm_project\PycharmProjects\EnergyBridge\benchmark_results\2026-07-21\household_s3_hybrid_work_from_home_no_dr_germany_d07_hist_d07_1_2025-06-07_1day\run_summary.txt,0,49.016574,49.016574,12.255619,0.065913,EUR/kWh,D:\Pycharm_project\PycharmProjects\EnergyBridge\experiments\real_data\germany_2025_price.csv,10.1187,10.1187,1.0,1.0,,0.0,0.8,[],"['dishwasher', 'dryer', 'ev', 'washer', 'water_heater']",[]
household_s4_ev_commuter_flexible,household_s4_ev_commuter_flexible,no_dr,Germany,1,2025-06-07,d07_hist_d07_1,hist_d07_1,7,D:\Pycharm_project\PycharmProjects\EnergyBridge\experiments\real_data\germany_2025_price.csv,18.0,1.0,D:\Pycharm_project\PycharmProjects\EnergyBridge\benchmark_results\2026-07-21\_batch_logs\daily_event_configs\d07_hist_d07_1.json,skipped_done,0,0.0,D:\Pycharm_project\PycharmProjects\EnergyBridge\benchmark_results\2026-07-21\household_s4_ev_commuter_flexible_no_dr_germany_d07_hist_d07_1_2025-06-07_1day,D:\Pycharm_project\PycharmProjects\EnergyBridge\benchmark_results\2026-07-21\_batch_logs\daily_dr_memory_germany_1day\household_s4_ev_commuter_flexible_no_dr_germany_d07_hist_d07_1_2025-06-07_1day.log,D:\Pycharm_project\PycharmProjects\EnergyBridge\benchmark_results\2026-07-21\household_s4_ev_commuter_flexible_no_dr_germany_d07_hist_d07_1_2025-06-07_1day\run_summary.txt,0,56.884508,56.884508,12.937806,0.066613,EUR/kWh,D:\Pycharm_project\PycharmProjects\EnergyBridge\experiments\real_data\germany_2025_price.csv,10.1094,10.1094,1.0,1.0,,0.0,1.0,[],"['dishwasher', 'dryer', 'ev', 'washer', 'water_heater']",[]
household_s4_ev_commuter_flexible,household_s4_ev_commuter_flexible,mpc_dynamic,Germany,1,2025-06-07,d07_hist_d07_1,hist_d07_1,7,D:\Pycharm_project\PycharmProjects\EnergyBridge\experiments\real_data\germany_2025_price.csv,18.0,1.0,D:\Pycharm_project\PycharmProjects\EnergyBridge\benchmark_results\2026-07-21\_batch_logs\daily_event_configs\d07_hist_d07_1.json,skipped_done,0,0.0,D:\Pycharm_project\PycharmProjects\EnergyBridge\benchmark_results\2026-07-21\household_s4_ev_commuter_flexible_mpc_dynamic_germany_d07_hist_d07_1_2025-06-07_1day,D:\Pycharm_project\PycharmProjects\EnergyBridge\benchmark_results\2026-07-21\_batch_logs\daily_dr_memory_germany_1day\household_s4_ev_commuter_flexible_mpc_dynamic_germany_d07_hist_d07_1_2025-06-07_1day.log,D:\Pycharm_project\PycharmProjects\EnergyBridge\benchmark_results\2026-07-21\household_s4_ev_commuter_flexible_mpc_dynamic_germany_d07_hist_d07_1_2025-06-07_1day\run_summary.txt,0,59.564275,59.564275,12.613203,0.064467,EUR/kWh,D:\Pycharm_project\PycharmProjects\EnergyBridge\experiments\real_data\germany_2025_price.csv,6.9233,6.9233,0.0,0.0,2.65,1.0,1.0,"['dishwasher', 'dryer', 'ev', 'washer', 'water_heater']",[],[]
household_s5_shared_roommates_irregular,household_s5_shared_roommates_irregular,mpc_dynamic,Germany,1,2025-06-07,d07_hist_d07_1,hist_d07_1,7,D:\Pycharm_project\PycharmProjects\EnergyBridge\experiments\real_data\germany_2025_price.csv,18.0,1.0,D:\Pycharm_project\PycharmProjects\EnergyBridge\benchmark_results\2026-07-21\_batch_logs\daily_event_configs\d07_hist_d07_1.json,skipped_done,0,0.0,D:\Pycharm_project\PycharmProjects\EnergyBridge\benchmark_results\2026-07-21\household_s5_shared_roommates_irregular_mpc_dynamic_germany_d07_hist_d07_1_2025-06-07_1day,D:\Pycharm_project\PycharmProjects\EnergyBridge\benchmark_results\2026-07-21\_batch_logs\daily_dr_memory_germany_1day\household_s5_shared_roommates_irregular_mpc_dynamic_germany_d07_hist_d07_1_2025-06-07_1day.log,D:\Pycharm_project\PycharmProjects\EnergyBridge\benchmark_results\2026-07-21\household_s5_shared_roommates_irregular_mpc_dynamic_germany_d07_hist_d07_1_2025-06-07_1day\run_summary.txt,0,51.401957,51.401957,11.925028,0.063603,EUR/kWh,D:\Pycharm_project\PycharmProjects\EnergyBridge\experiments\real_data\germany_2025_price.csv,6.9233,6.9233,0.0,0.0,2.612,1.0,1.0,"['dishwasher', 'dryer', 'ev', 'washer', 'water_heater']",[],[]
household_s5_shared_roommates_irregular,household_s5_shared_roommates_irregular,no_dr,Germany,1,2025-06-07,d07_hist_d07_1,hist_d07_1,7,D:\Pycharm_project\PycharmProjects\EnergyBridge\experiments\real_data\germany_2025_price.csv,18.0,1.0,D:\Pycharm_project\PycharmProjects\EnergyBridge\benchmark_results\2026-07-21\_batch_logs\daily_event_configs\d07_hist_d07_1.json,skipped_done,0,0.0,D:\Pycharm_project\PycharmProjects\EnergyBridge\benchmark_results\2026-07-21\household_s5_shared_roommates_irregular_no_dr_germany_d07_hist_d07_1_2025-06-07_1day,D:\Pycharm_project\PycharmProjects\EnergyBridge\benchmark_results\2026-07-21\_batch_logs\daily_dr_memory_germany_1day\household_s5_shared_roommates_irregular_no_dr_germany_d07_hist_d07_1_2025-06-07_1day.log,D:\Pycharm_project\PycharmProjects\EnergyBridge\benchmark_results\2026-07-21\household_s5_shared_roommates_irregular_no_dr_germany_d07_hist_d07_1_2025-06-07_1day\run_summary.txt,0,48.722189,48.722189,12.256102,0.065872,EUR/kWh,D:\Pycharm_project\PycharmProjects\EnergyBridge\experiments\real_data\germany_2025_price.csv,10.1094,10.1094,1.0,1.0,,0.0,1.0,[],"['dishwasher', 'dryer', 'ev', 'washer', 'water_heater']",[]
household_s1_dual_commuter_standard,household_s1_dual_commuter_standard,mpc_dynamic,Tianjin,1,2025-06-07,d07_hist_d07_1,hist_d07_1,7,D:\Pycharm_project\PycharmProjects\EnergyBridge\experiments\real_data\tianjin_tou_price_normalized.csv,18.0,1.0,D:\Pycharm_project\PycharmProjects\EnergyBridge\benchmark_results\2026-07-21\_batch_logs\daily_event_configs\d07_hist_d07_1.json,skipped_done,0,0.0,D:\Pycharm_project\PycharmProjects\EnergyBridge\benchmark_results\2026-07-21\household_s1_dual_commuter_standard_mpc_dynamic_tianjin_d07_hist_d07_1_2025-06-07_1day,D:\Pycharm_project\PycharmProjects\EnergyBridge\benchmark_results\2026-07-21\_batch_logs\daily_dr_memory_tianjin_1day\household_s1_dual_commuter_standard_mpc_dynamic_tianjin_d07_hist_d07_1_2025-06-07_1day.log,D:\Pycharm_project\PycharmProjects\EnergyBridge\benchmark_results\2026-07-21\household_s1_dual_commuter_standard_mpc_dynamic_tianjin_d07_hist_d07_1_2025-06-07_1day\run_summary.txt,0,40.653265,40.653265,29.244982,0.791392,normalized TOU cost/kWh,D:\Pycharm_project\PycharmProjects\EnergyBridge\experiments\real_data\tianjin_tou_price_normalized.csv,0.3975,0.3975,1.0,1.0,3.22,1.0,1.0,"['dishwasher', 'dryer', 'ev', 'washer', 'water_heater']",[],[]
household_s1_dual_commuter_standard,household_s1_dual_commuter_standard,no_dr,Tianjin,1,2025-06-07,d07_hist_d07_1,hist_d07_1,7,D:\Pycharm_project\PycharmProjects\EnergyBridge\experiments\real_data\tianjin_tou_price_normalized.csv,18.0,1.0,D:\Pycharm_project\PycharmProjects\EnergyBridge\benchmark_results\2026-07-21\_batch_logs\daily_event_configs\d07_hist_d07_1.json,skipped_done,0,0.0,D:\Pycharm_project\PycharmProjects\EnergyBridge\benchmark_results\2026-07-21\household_s1_dual_commuter_standard_no_dr_tianjin_d07_hist_d07_1_2025-06-07_1day,D:\Pycharm_project\PycharmProjects\EnergyBridge\benchmark_results\2026-07-21\_batch_logs\daily_dr_memory_tianjin_1day\household_s1_dual_commuter_standard_no_dr_tianjin_d07_hist_d07_1_2025-06-07_1day.log,D:\Pycharm_project\PycharmProjects\EnergyBridge\benchmark_results\2026-07-21\household_s1_dual_commuter_standard_no_dr_tianjin_d07_hist_d07_1_2025-06-07_1day\run_summary.txt,0,70.29918,70.29918,69.145587,1.150822,normalized TOU cost/kWh,D:\Pycharm_project\PycharmProjects\EnergyBridge\experiments\real_data\tianjin_tou_price_normalized.csv,5.295,5.295,1.0,1.0,,0.0,1.0,[],"['dishwasher', 'dryer', 'ev', 'washer', 'water_heater']",[]
household_s2_multigeneration_caregiver,household_s2_multigeneration_caregiver,mpc_dynamic,Tianjin,1,2025-06-07,d07_hist_d07_1,hist_d07_1,7,D:\Pycharm_project\PycharmProjects\EnergyBridge\experiments\real_data\tianjin_tou_price_normalized.csv,18.0,1.0,D:\Pycharm_project\PycharmProjects\EnergyBridge\benchmark_results\2026-07-21\_batch_logs\daily_event_configs\d07_hist_d07_1.json,skipped_done,0,0.0,D:\Pycharm_project\PycharmProjects\EnergyBridge\benchmark_results\2026-07-21\household_s2_multigeneration_caregiver_mpc_dynamic_tianjin_d07_hist_d07_1_2025-06-07_1day,D:\Pycharm_project\PycharmProjects\EnergyBridge\benchmark_results\2026-07-21\_batch_logs\daily_dr_memory_tianjin_1day\household_s2_multigeneration_caregiver_mpc_dynamic_tianjin_d07_hist_d07_1_2025-06-07_1day.log,D:\Pycharm_project\PycharmProjects\EnergyBridge\benchmark_results\2026-07-21\household_s2_multigeneration_caregiver_mpc_dynamic_tianjin_d07_hist_d07_1_2025-06-07_1day\run_summary.txt,0,60.890551,60.890551,53.52339,1.102509,normalized TOU cost/kWh,D:\Pycharm_project\PycharmProjects\EnergyBridge\experiments\real_data\tianjin_tou_price_normalized.csv,0.5064,0.5064,1.0,1.0,2.89,1.0,1.0,"['dishwasher', 'dryer', 'ev', 'washer', 'water_heater']",[],[]
household_s2_multigeneration_caregiver,household_s2_multigeneration_caregiver,no_dr,Tianjin,1,2025-06-07,d07_hist_d07_1,hist_d07_1,7,D:\Pycharm_project\PycharmProjects\EnergyBridge\experiments\real_data\tianjin_tou_price_normalized.csv,18.0,1.0,D:\Pycharm_project\PycharmProjects\EnergyBridge\benchmark_results\2026-07-21\_batch_logs\daily_event_configs\d07_hist_d07_1.json,skipped_done,0,0.0,D:\Pycharm_project\PycharmProjects\EnergyBridge\benchmark_results\2026-07-21\household_s2_multigeneration_caregiver_no_dr_tianjin_d07_hist_d07_1_2025-06-07_1day,D:\Pycharm_project\PycharmProjects\EnergyBridge\benchmark_results\2026-07-21\_batch_logs\daily_dr_memory_tianjin_1day\household_s2_multigeneration_caregiver_no_dr_tianjin_d07_hist_d07_1_2025-06-07_1day.log,D:\Pycharm_project\PycharmProjects\EnergyBridge\benchmark_results\2026-07-21\household_s2_multigeneration_caregiver_no_dr_tianjin_d07_hist_d07_1_2025-06-07_1day\run_summary.txt,0,63.649185,63.649185,62.264247,1.171453,normalized TOU cost/kWh,D:\Pycharm_project\PycharmProjects\EnergyBridge\experiments\real_data\tianjin_tou_price_normalized.csv,5.3302,5.3302,1.0,1.0,,0.0,1.0,[],"['dishwasher', 'dryer', 'ev', 'washer', 'water_heater']",[]
household_s3_hybrid_work_from_home,household_s3_hybrid_work_from_home,no_dr,Tianjin,1,2025-06-07,d07_hist_d07_1,hist_d07_1,7,D:\Pycharm_project\PycharmProjects\EnergyBridge\experiments\real_data\tianjin_tou_price_normalized.csv,18.0,1.0,D:\Pycharm_project\PycharmProjects\EnergyBridge\benchmark_results\2026-07-21\_batch_logs\daily_event_configs\d07_hist_d07_1.json,skipped_done,0,0.0,D:\Pycharm_project\PycharmProjects\EnergyBridge\benchmark_results\2026-07-21\household_s3_hybrid_work_from_home_no_dr_tianjin_d07_hist_d07_1_2025-06-07_1day,D:\Pycharm_project\PycharmProjects\EnergyBridge\benchmark_results\2026-07-21\_batch_logs\daily_dr_memory_tianjin_1day\household_s3_hybrid_work_from_home_no_dr_tianjin_d07_hist_d07_1_2025-06-07_1day.log,D:\Pycharm_project\PycharmProjects\EnergyBridge\benchmark_results\2026-07-21\household_s3_hybrid_work_from_home_no_dr_tianjin_d07_hist_d07_1_2025-06-07_1day\run_summary.txt,0,66.604466,66.604466,65.485063,1.163063,normalized TOU cost/kWh,D:\Pycharm_project\PycharmProjects\EnergyBridge\experiments\real_data\tianjin_tou_price_normalized.csv,5.2965,5.2965,1.0,1.0,,0.0,0.8,[],"['dishwasher', 'dryer', 'ev', 'washer', 'water_heater']",[]
household_s3_hybrid_work_from_home,household_s3_hybrid_work_from_home,mpc_dynamic,Tianjin,1,2025-06-07,d07_hist_d07_1,hist_d07_1,7,D:\Pycharm_project\PycharmProjects\EnergyBridge\experiments\real_data\tianjin_tou_price_normalized.csv,18.0,1.0,D:\Pycharm_project\PycharmProjects\EnergyBridge\benchmark_results\2026-07-21\_batch_logs\daily_event_configs\d07_hist_d07_1.json,skipped_done,0,0.0,D:\Pycharm_project\PycharmProjects\EnergyBridge\benchmark_results\2026-07-21\household_s3_hybrid_work_from_home_mpc_dynamic_tianjin_d07_hist_d07_1_2025-06-07_1day,D:\Pycharm_project\PycharmProjects\EnergyBridge\benchmark_results\2026-07-21\_batch_logs\daily_dr_memory_tianjin_1day\household_s3_hybrid_work_from_home_mpc_dynamic_tianjin_d07_hist_d07_1_2025-06-07_1day.log,D:\Pycharm_project\PycharmProjects\EnergyBridge\benchmark_results\2026-07-21\household_s3_hybrid_work_from_home_mpc_dynamic_tianjin_d07_hist_d07_1_2025-06-07_1day\run_summary.txt,0,63.791634,63.791634,54.643936,1.061863,normalized TOU cost/kWh,D:\Pycharm_project\PycharmProjects\EnergyBridge\experiments\real_data\tianjin_tou_price_normalized.csv,1.5856,1.5856,0.0,0.0,2.633,1.0,1.0,"['dishwasher', 'dryer', 'ev', 'washer', 'water_heater']",[],[]
household_s4_ev_commuter_flexible,household_s4_ev_commuter_flexible,mpc_dynamic,Tianjin,1,2025-06-07,d07_hist_d07_1,hist_d07_1,7,D:\Pycharm_project\PycharmProjects\EnergyBridge\experiments\real_data\tianjin_tou_price_normalized.csv,18.0,1.0,D:\Pycharm_project\PycharmProjects\EnergyBridge\benchmark_results\2026-07-21\_batch_logs\daily_event_configs\d07_hist_d07_1.json,skipped_done,0,0.0,D:\Pycharm_project\PycharmProjects\EnergyBridge\benchmark_results\2026-07-21\household_s4_ev_commuter_flexible_mpc_dynamic_tianjin_d07_hist_d07_1_2025-06-07_1day,D:\Pycharm_project\PycharmProjects\EnergyBridge\benchmark_results\2026-07-21\_batch_logs\daily_dr_memory_tianjin_1day\household_s4_ev_commuter_flexible_mpc_dynamic_tianjin_d07_hist_d07_1_2025-06-07_1day.log,D:\Pycharm_project\PycharmProjects\EnergyBridge\benchmark_results\2026-07-21\household_s4_ev_commuter_flexible_mpc_dynamic_tianjin_d07_hist_d07_1_2025-06-07_1day\run_summary.txt,0,72.359526,72.359526,58.899757,1.033191,normalized TOU cost/kWh,D:\Pycharm_project\PycharmProjects\EnergyBridge\experiments\real_data\tianjin_tou_price_normalized.csv,1.796,1.796,0.0,0.0,2.65,1.0,1.0,"['dishwasher', 'dryer', 'ev', 'washer', 'water_heater']",[],[]
household_s4_ev_commuter_flexible,household_s4_ev_commuter_flexible,no_dr,Tianjin,1,2025-06-07,d07_hist_d07_1,hist_d07_1,7,D:\Pycharm_project\PycharmProjects\EnergyBridge\experiments\real_data\tianjin_tou_price_normalized.csv,18.0,1.0,D:\Pycharm_project\PycharmProjects\EnergyBridge\benchmark_results\2026-07-21\_batch_logs\daily_event_configs\d07_hist_d07_1.json,skipped_done,0,0.0,D:\Pycharm_project\PycharmProjects\EnergyBridge\benchmark_results\2026-07-21\household_s4_ev_commuter_flexible_no_dr_tianjin_d07_hist_d07_1_2025-06-07_1day,D:\Pycharm_project\PycharmProjects\EnergyBridge\benchmark_results\2026-07-21\_batch_logs\daily_dr_memory_tianjin_1day\household_s4_ev_commuter_flexible_no_dr_tianjin_d07_hist_d07_1_2025-06-07_1day.log,D:\Pycharm_project\PycharmProjects\EnergyBridge\benchmark_results\2026-07-21\household_s4_ev_commuter_flexible_no_dr_tianjin_d07_hist_d07_1_2025-06-07_1day\run_summary.txt,0,74.38034,74.38034,73.226746,1.141229,normalized TOU cost/kWh,D:\Pycharm_project\PycharmProjects\EnergyBridge\experiments\real_data\tianjin_tou_price_normalized.csv,5.295,5.295,1.0,1.0,,0.0,1.0,[],"['dishwasher', 'dryer', 'ev', 'washer', 'water_heater']",[]
household_s5_shared_roommates_irregular,household_s5_shared_roommates_irregular,mpc_dynamic,Tianjin,1,2025-06-07,d07_hist_d07_1,hist_d07_1,7,D:\Pycharm_project\PycharmProjects\EnergyBridge\experiments\real_data\tianjin_tou_price_normalized.csv,18.0,1.0,D:\Pycharm_project\PycharmProjects\EnergyBridge\benchmark_results\2026-07-21\_batch_logs\daily_event_configs\d07_hist_d07_1.json,skipped_done,0,0.0,D:\Pycharm_project\PycharmProjects\EnergyBridge\benchmark_results\2026-07-21\household_s5_shared_roommates_irregular_mpc_dynamic_tianjin_d07_hist_d07_1_2025-06-07_1day,D:\Pycharm_project\PycharmProjects\EnergyBridge\benchmark_results\2026-07-21\_batch_logs\daily_dr_memory_tianjin_1day\household_s5_shared_roommates_irregular_mpc_dynamic_tianjin_d07_hist_d07_1_2025-06-07_1day.log,D:\Pycharm_project\PycharmProjects\EnergyBridge\benchmark_results\2026-07-21\household_s5_shared_roommates_irregular_mpc_dynamic_tianjin_d07_hist_d07_1_2025-06-07_1day\run_summary.txt,0,64.197207,64.197207,50.737438,1.038738,normalized TOU cost/kWh,D:\Pycharm_project\PycharmProjects\EnergyBridge\experiments\real_data\tianjin_tou_price_normalized.csv,1.796,1.796,0.0,0.0,2.612,1.0,1.0,"['dishwasher', 'dryer', 'ev', 'washer', 'water_heater']",[],[]
household_s5_shared_roommates_irregular,household_s5_shared_roommates_irregular,no_dr,Tianjin,1,2025-06-07,d07_hist_d07_1,hist_d07_1,7,D:\Pycharm_project\PycharmProjects\EnergyBridge\experiments\real_data\tianjin_tou_price_normalized.csv,18.0,1.0,D:\Pycharm_project\PycharmProjects\EnergyBridge\benchmark_results\2026-07-21\_batch_logs\daily_event_configs\d07_hist_d07_1.json,skipped_done,0,0.0,D:\Pycharm_project\PycharmProjects\EnergyBridge\benchmark_results\2026-07-21\household_s5_shared_roommates_irregular_no_dr_tianjin_d07_hist_d07_1_2025-06-07_1day,D:\Pycharm_project\PycharmProjects\EnergyBridge\benchmark_results\2026-07-21\_batch_logs\daily_dr_memory_tianjin_1day\household_s5_shared_roommates_irregular_no_dr_tianjin_d07_hist_d07_1_2025-06-07_1day.log,D:\Pycharm_project\PycharmProjects\EnergyBridge\benchmark_results\2026-07-21\household_s5_shared_roommates_irregular_no_dr_tianjin_d07_hist_d07_1_2025-06-07_1day\run_summary.txt,0,66.218021,66.218021,65.064427,1.161813,normalized TOU cost/kWh,D:\Pycharm_project\PycharmProjects\EnergyBridge\experiments\real_data\tianjin_tou_price_normalized.csv,5.295,5.295,1.0,1.0,,0.0,1.0,[],"['dishwasher', 'dryer', 'ev', 'washer', 'water_heater']",[]
household_s1_dual_commuter_standard,household_s1_dual_commuter_standard,no_dr,Germany,1,2025-06-08,d08_hist_d08_1,hist_d08_1,8,D:\Pycharm_project\PycharmProjects\EnergyBridge\experiments\real_data\germany_2025_price.csv,18.0,1.0,D:\Pycharm_project\PycharmProjects\EnergyBridge\benchmark_results\2026-07-21\_batch_logs\daily_event_configs\d08_hist_d08_1.json,skipped_done,0,0.0,D:\Pycharm_project\PycharmProjects\EnergyBridge\benchmark_results\2026-07-21\household_s1_dual_commuter_standard_no_dr_germany_d08_hist_d08_1_2025-06-08_1day,D:\Pycharm_project\PycharmProjects\EnergyBridge\benchmark_results\2026-07-21\_batch_logs\daily_dr_memory_germany_1day\household_s1_dual_commuter_standard_no_dr_germany_d08_hist_d08_1_2025-06-08_1day.log,D:\Pycharm_project\PycharmProjects\EnergyBridge\benchmark_results\2026-07-21\household_s1_dual_commuter_standard_no_dr_germany_d08_hist_d08_1_2025-06-08_1day\run_summary.txt,0,50.884686,50.884686,3.012001,0.016527,EUR/kWh,D:\Pycharm_project\PycharmProjects\EnergyBridge\experiments\real_data\germany_2025_price.csv,9.9861,9.9861,1.0,1.0,,0.0,1.0,[],"['dishwasher', 'dryer', 'ev', 'washer', 'water_heater']",[]
household_s1_dual_commuter_standard,household_s1_dual_commuter_standard,mpc_dynamic,Germany,1,2025-06-08,d08_hist_d08_1,hist_d08_1,8,D:\Pycharm_project\PycharmProjects\EnergyBridge\experiments\real_data\germany_2025_price.csv,18.0,1.0,D:\Pycharm_project\PycharmProjects\EnergyBridge\benchmark_results\2026-07-21\_batch_logs\daily_event_configs\d08_hist_d08_1.json,skipped_done,0,0.0,D:\Pycharm_project\PycharmProjects\EnergyBridge\benchmark_results\2026-07-21\household_s1_dual_commuter_standard_mpc_dynamic_germany_d08_hist_d08_1_2025-06-08_1day,D:\Pycharm_project\PycharmProjects\EnergyBridge\benchmark_results\2026-07-21\_batch_logs\daily_dr_memory_germany_1day\household_s1_dual_commuter_standard_mpc_dynamic_germany_d08_hist_d08_1_2025-06-08_1day.log,D:\Pycharm_project\PycharmProjects\EnergyBridge\benchmark_results\2026-07-21\household_s1_dual_commuter_standard_mpc_dynamic_germany_d08_hist_d08_1_2025-06-08_1day\run_summary.txt,0,52.331187,52.331187,2.711809,0.014813,EUR/kWh,D:\Pycharm_project\PycharmProjects\EnergyBridge\experiments\real_data\germany_2025_price.csv,6.6619,6.6619,0.0,0.0,2.612,1.0,1.0,"['dishwasher', 'dryer', 'ev', 'washer', 'water_heater']",[],[]
household_s2_multigeneration_caregiver,household_s2_multigeneration_caregiver,mpc_dynamic,Germany,1,2025-06-08,d08_hist_d08_1,hist_d08_1,8,D:\Pycharm_project\PycharmProjects\EnergyBridge\experiments\real_data\germany_2025_price.csv,18.0,1.0,D:\Pycharm_project\PycharmProjects\EnergyBridge\benchmark_results\2026-07-21\_batch_logs\daily_event_configs\d08_hist_d08_1.json,skipped_done,0,0.0,D:\Pycharm_project\PycharmProjects\EnergyBridge\benchmark_results\2026-07-21\household_s2_multigeneration_caregiver_mpc_dynamic_germany_d08_hist_d08_1_2025-06-08_1day,D:\Pycharm_project\PycharmProjects\EnergyBridge\benchmark_results\2026-07-21\_batch_logs\daily_dr_memory_germany_1day\household_s2_multigeneration_caregiver_mpc_dynamic_germany_d08_hist_d08_1_2025-06-08_1day.log,D:\Pycharm_project\PycharmProjects\EnergyBridge\benchmark_results\2026-07-21\household_s2_multigeneration_caregiver_mpc_dynamic_germany_d08_hist_d08_1_2025-06-08_1day\run_summary.txt,0,44.168415,44.168415,2.314766,0.013222,EUR/kWh,D:\Pycharm_project\PycharmProjects\EnergyBridge\experiments\real_data\germany_2025_price.csv,6.7969,6.7969,0.0,0.0,2.55,1.0,1.0,"['dishwasher', 'dryer', 'ev', 'washer', 'water_heater']",[],[]
household_s2_multigeneration_caregiver,household_s2_multigeneration_caregiver,no_dr,Germany,1,2025-06-08,d08_hist_d08_1,hist_d08_1,8,D:\Pycharm_project\PycharmProjects\EnergyBridge\experiments\real_data\germany_2025_price.csv,18.0,1.0,D:\Pycharm_project\PycharmProjects\EnergyBridge\benchmark_results\2026-07-21\_batch_logs\daily_event_configs\d08_hist_d08_1.json,skipped_done,0,0.0,D:\Pycharm_project\PycharmProjects\EnergyBridge\benchmark_results\2026-07-21\household_s2_multigeneration_caregiver_no_dr_germany_d08_hist_d08_1_2025-06-08_1day,D:\Pycharm_project\PycharmProjects\EnergyBridge\benchmark_results\2026-07-21\_batch_logs\daily_dr_memory_germany_1day\household_s2_multigeneration_caregiver_no_dr_germany_d08_hist_d08_1_2025-06-08_1day.log,D:\Pycharm_project\PycharmProjects\EnergyBridge\benchmark_results\2026-07-21\household_s2_multigeneration_caregiver_no_dr_germany_d08_hist_d08_1_2025-06-08_1day\run_summary.txt,0,42.701009,42.701009,2.601257,0.014981,EUR/kWh,D:\Pycharm_project\PycharmProjects\EnergyBridge\experiments\real_data\germany_2025_price.csv,9.9897,9.9897,1.0,1.0,,0.0,1.0,[],"['dishwasher', 'dryer', 'ev', 'washer', 'water_heater']",[]
household_s3_hybrid_work_from_home,household_s3_hybrid_work_from_home,mpc_dynamic,Germany,1,2025-06-08,d08_hist_d08_1,hist_d08_1,8,D:\Pycharm_project\PycharmProjects\EnergyBridge\experiments\real_data\germany_2025_price.csv,18.0,1.0,D:\Pycharm_project\PycharmProjects\EnergyBridge\benchmark_results\2026-07-21\_batch_logs\daily_event_configs\d08_hist_d08_1.json,skipped_done,0,0.0,D:\Pycharm_project\PycharmProjects\EnergyBridge\benchmark_results\2026-07-21\household_s3_hybrid_work_from_home_mpc_dynamic_germany_d08_hist_d08_1_2025-06-08_1day,D:\Pycharm_project\PycharmProjects\EnergyBridge\benchmark_results\2026-07-21\_batch_logs\daily_dr_memory_germany_1day\household_s3_hybrid_work_from_home_mpc_dynamic_germany_d08_hist_d08_1_2025-06-08_1day.log,D:\Pycharm_project\PycharmProjects\EnergyBridge\benchmark_results\2026-07-21\household_s3_hybrid_work_from_home_mpc_dynamic_germany_d08_hist_d08_1_2025-06-08_1day\run_summary.txt,0,48.649359,48.649359,2.508177,0.013997,EUR/kWh,D:\Pycharm_project\PycharmProjects\EnergyBridge\experiments\real_data\germany_2025_price.csv,6.6484,6.6484,0.0,0.0,2.633,1.0,1.0,"['dishwasher', 'dryer', 'ev', 'washer', 'water_heater']",[],[]
household_s3_hybrid_work_from_home,household_s3_hybrid_work_from_home,no_dr,Germany,1,2025-06-08,d08_hist_d08_1,hist_d08_1,8,D:\Pycharm_project\PycharmProjects\EnergyBridge\experiments\real_data\germany_2025_price.csv,18.0,1.0,D:\Pycharm_project\PycharmProjects\EnergyBridge\benchmark_results\2026-07-21\_batch_logs\daily_event_configs\d08_hist_d08_1.json,skipped_done,0,0.0,D:\Pycharm_project\PycharmProjects\EnergyBridge\benchmark_results\2026-07-21\household_s3_hybrid_work_from_home_no_dr_germany_d08_hist_d08_1_2025-06-08_1day,D:\Pycharm_project\PycharmProjects\EnergyBridge\benchmark_results\2026-07-21\_batch_logs\daily_dr_memory_germany_1day\household_s3_hybrid_work_from_home_no_dr_germany_d08_hist_d08_1_2025-06-08_1day.log,D:\Pycharm_project\PycharmProjects\EnergyBridge\benchmark_results\2026-07-21\household_s3_hybrid_work_from_home_no_dr_germany_d08_hist_d08_1_2025-06-08_1day\run_summary.txt,0,46.817722,46.817722,2.823986,0.015887,EUR/kWh,D:\Pycharm_project\PycharmProjects\EnergyBridge\experiments\real_data\germany_2025_price.csv,9.989,9.989,1.0,1.0,,0.0,0.8,[],"['dishwasher', 'dryer', 'ev', 'washer', 'water_heater']",[]
household_s4_ev_commuter_flexible,household_s4_ev_commuter_flexible,no_dr,Germany,1,2025-06-08,d08_hist_d08_1,hist_d08_1,8,D:\Pycharm_project\PycharmProjects\EnergyBridge\experiments\real_data\germany_2025_price.csv,18.0,1.0,D:\Pycharm_project\PycharmProjects\EnergyBridge\benchmark_results\2026-07-21\_batch_logs\daily_event_configs\d08_hist_d08_1.json,skipped_done,0,0.0,D:\Pycharm_project\PycharmProjects\EnergyBridge\benchmark_results\2026-07-21\household_s4_ev_commuter_flexible_no_dr_germany_d08_hist_d08_1_2025-06-08_1day,D:\Pycharm_project\PycharmProjects\EnergyBridge\benchmark_results\2026-07-21\_batch_logs\daily_dr_memory_germany_1day\household_s4_ev_commuter_flexible_no_dr_germany_d08_hist_d08_1_2025-06-08_1day.log,D:\Pycharm_project\PycharmProjects\EnergyBridge\benchmark_results\2026-07-21\household_s4_ev_commuter_flexible_no_dr_germany_d08_hist_d08_1_2025-06-08_1day\run_summary.txt,0,54.965846,54.965846,3.202223,0.017186,EUR/kWh,D:\Pycharm_project\PycharmProjects\EnergyBridge\experiments\real_data\germany_2025_price.csv,9.9861,9.9861,1.0,1.0,,0.0,1.0,[],"['dishwasher', 'dryer', 'ev', 'washer', 'water_heater']",[]
household_s4_ev_commuter_flexible,household_s4_ev_commuter_flexible,mpc_dynamic,Germany,1,2025-06-08,d08_hist_d08_1,hist_d08_1,8,D:\Pycharm_project\PycharmProjects\EnergyBridge\experiments\real_data\germany_2025_price.csv,18.0,1.0,D:\Pycharm_project\PycharmProjects\EnergyBridge\benchmark_results\2026-07-21\_batch_logs\daily_event_configs\d08_hist_d08_1.json,skipped_done,0,0.0,D:\Pycharm_project\PycharmProjects\EnergyBridge\benchmark_results\2026-07-21\household_s4_ev_commuter_flexible_mpc_dynamic_germany_d08_hist_d08_1_2025-06-08_1day,D:\Pycharm_project\PycharmProjects\EnergyBridge\benchmark_results\2026-07-21\_batch_logs\daily_dr_memory_germany_1day\household_s4_ev_commuter_flexible_mpc_dynamic_germany_d08_hist_d08_1_2025-06-08_1day.log,D:\Pycharm_project\PycharmProjects\EnergyBridge\benchmark_results\2026-07-21\household_s4_ev_commuter_flexible_mpc_dynamic_germany_d08_hist_d08_1_2025-06-08_1day\run_summary.txt,0,56.412346,56.412346,2.852131,0.015239,EUR/kWh,D:\Pycharm_project\PycharmProjects\EnergyBridge\experiments\real_data\germany_2025_price.csv,6.6619,6.6619,0.0,0.0,2.66,1.0,1.0,"['dishwasher', 'dryer', 'ev', 'washer', 'water_heater']",[],[]
household_s5_shared_roommates_irregular,household_s5_shared_roommates_irregular,mpc_dynamic,Germany,1,2025-06-08,d08_hist_d08_1,hist_d08_1,8,D:\Pycharm_project\PycharmProjects\EnergyBridge\experiments\real_data\germany_2025_price.csv,18.0,1.0,D:\Pycharm_project\PycharmProjects\EnergyBridge\benchmark_results\2026-07-21\_batch_logs\daily_event_configs\d08_hist_d08_1.json,skipped_done,0,0.0,D:\Pycharm_project\PycharmProjects\EnergyBridge\benchmark_results\2026-07-21\household_s5_shared_roommates_irregular_mpc_dynamic_germany_d08_hist_d08_1_2025-06-08_1day,D:\Pycharm_project\PycharmProjects\EnergyBridge\benchmark_results\2026-07-21\_batch_logs\daily_dr_memory_germany_1day\household_s5_shared_roommates_irregular_mpc_dynamic_germany_d08_hist_d08_1_2025-06-08_1day.log,D:\Pycharm_project\PycharmProjects\EnergyBridge\benchmark_results\2026-07-21\household_s5_shared_roommates_irregular_mpc_dynamic_germany_d08_hist_d08_1_2025-06-08_1day\run_summary.txt,0,29.403945,29.403945,1.408687,0.008798,EUR/kWh,D:\Pycharm_project\PycharmProjects\EnergyBridge\experiments\real_data\germany_2025_price.csv,6.005,6.005,1.0,1.0,4.175,1.0,1.0,"['dishwasher', 'dryer', 'ev', 'washer', 'water_heater']",[],[]
household_s5_shared_roommates_irregular,household_s5_shared_roommates_irregular,no_dr,Germany,1,2025-06-08,d08_hist_d08_1,hist_d08_1,8,D:\Pycharm_project\PycharmProjects\EnergyBridge\experiments\real_data\germany_2025_price.csv,18.0,1.0,D:\Pycharm_project\PycharmProjects\EnergyBridge\benchmark_results\2026-07-21\_batch_logs\daily_event_configs\d08_hist_d08_1.json,skipped_done,0,0.0,D:\Pycharm_project\PycharmProjects\EnergyBridge\benchmark_results\2026-07-21\household_s5_shared_roommates_irregular_no_dr_germany_d08_hist_d08_1_2025-06-08_1day,D:\Pycharm_project\PycharmProjects\EnergyBridge\benchmark_results\2026-07-21\_batch_logs\daily_dr_memory_germany_1day\household_s5_shared_roommates_irregular_no_dr_germany_d08_hist_d08_1_2025-06-08_1day.log,D:\Pycharm_project\PycharmProjects\EnergyBridge\benchmark_results\2026-07-21\household_s5_shared_roommates_irregular_no_dr_germany_d08_hist_d08_1_2025-06-08_1day\run_summary.txt,0,46.803527,46.803527,2.813142,0.01579,EUR/kWh,D:\Pycharm_project\PycharmProjects\EnergyBridge\experiments\real_data\germany_2025_price.csv,9.9861,9.9861,1.0,1.0,,0.0,1.0,[],"['dishwasher', 'dryer', 'ev', 'washer', 'water_heater']",[]
household_s1_dual_commuter_standard,household_s1_dual_commuter_standard,mpc_dynamic,Tianjin,1,2025-06-08,d08_hist_d08_1,hist_d08_1,8,D:\Pycharm_project\PycharmProjects\EnergyBridge\experiments\real_data\tianjin_tou_price_normalized.csv,18.0,1.0,D:\Pycharm_project\PycharmProjects\EnergyBridge\benchmark_results\2026-07-21\_batch_logs\daily_event_configs\d08_hist_d08_1.json,skipped_done,0,0.0,D:\Pycharm_project\PycharmProjects\EnergyBridge\benchmark_results\2026-07-21\household_s1_dual_commuter_standard_mpc_dynamic_tianjin_d08_hist_d08_1_2025-06-08_1day,D:\Pycharm_project\PycharmProjects\EnergyBridge\benchmark_results\2026-07-21\_batch_logs\daily_dr_memory_tianjin_1day\household_s1_dual_commuter_standard_mpc_dynamic_tianjin_d08_hist_d08_1_2025-06-08_1day.log,D:\Pycharm_project\PycharmProjects\EnergyBridge\benchmark_results\2026-07-21\household_s1_dual_commuter_standard_mpc_dynamic_tianjin_d08_hist_d08_1_2025-06-08_1day\run_summary.txt,0,54.617328,54.617328,59.274388,1.108832,normalized TOU cost/kWh,D:\Pycharm_project\PycharmProjects\EnergyBridge\experiments\real_data\tianjin_tou_price_normalized.csv,0.969,0.969,0.0,0.0,2.612,1.0,1.0,"['dishwasher', 'dryer', 'ev', 'washer', 'water_heater']",[],[]
household_s1_dual_commuter_standard,household_s1_dual_commuter_standard,no_dr,Tianjin,1,2025-06-08,d08_hist_d08_1,hist_d08_1,8,D:\Pycharm_project\PycharmProjects\EnergyBridge\experiments\real_data\tianjin_tou_price_normalized.csv,18.0,1.0,D:\Pycharm_project\PycharmProjects\EnergyBridge\benchmark_results\2026-07-21\_batch_logs\daily_event_configs\d08_hist_d08_1.json,skipped_done,0,0.0,D:\Pycharm_project\PycharmProjects\EnergyBridge\benchmark_results\2026-07-21\household_s1_dual_commuter_standard_no_dr_tianjin_d08_hist_d08_1_2025-06-08_1day,D:\Pycharm_project\PycharmProjects\EnergyBridge\benchmark_results\2026-07-21\_batch_logs\daily_dr_memory_tianjin_1day\household_s1_dual_commuter_standard_no_dr_tianjin_d08_hist_d08_1_2025-06-08_1day.log,D:\Pycharm_project\PycharmProjects\EnergyBridge\benchmark_results\2026-07-21\household_s1_dual_commuter_standard_no_dr_tianjin_d08_hist_d08_1_2025-06-08_1day\run_summary.txt,0,54.430596,54.430596,61.184077,1.148568,normalized TOU cost/kWh,D:\Pycharm_project\PycharmProjects\EnergyBridge\experiments\real_data\tianjin_tou_price_normalized.csv,4.959,4.959,1.0,1.0,,0.0,1.0,[],"['dishwasher', 'dryer', 'ev', 'washer', 'water_heater']",[]
household_s2_multigeneration_caregiver,household_s2_multigeneration_caregiver,mpc_dynamic,Tianjin,1,2025-06-08,d08_hist_d08_1,hist_d08_1,8,D:\Pycharm_project\PycharmProjects\EnergyBridge\experiments\real_data\tianjin_tou_price_normalized.csv,18.0,1.0,D:\Pycharm_project\PycharmProjects\EnergyBridge\benchmark_results\2026-07-21\_batch_logs\daily_event_configs\d08_hist_d08_1.json,skipped_done,0,0.0,D:\Pycharm_project\PycharmProjects\EnergyBridge\benchmark_results\2026-07-21\household_s2_multigeneration_caregiver_mpc_dynamic_tianjin_d08_hist_d08_1_2025-06-08_1day,D:\Pycharm_project\PycharmProjects\EnergyBridge\benchmark_results\2026-07-21\_batch_logs\daily_dr_memory_tianjin_1day\household_s2_multigeneration_caregiver_mpc_dynamic_tianjin_d08_hist_d08_1_2025-06-08_1day.log,D:\Pycharm_project\PycharmProjects\EnergyBridge\benchmark_results\2026-07-21\household_s2_multigeneration_caregiver_mpc_dynamic_tianjin_d08_hist_d08_1_2025-06-08_1day\run_summary.txt,0,47.039669,47.039669,51.650495,1.128211,normalized TOU cost/kWh,D:\Pycharm_project\PycharmProjects\EnergyBridge\experiments\real_data\tianjin_tou_price_normalized.csv,1.1693,1.1693,0.0,0.0,2.55,1.0,1.0,"['dishwasher', 'dryer', 'ev', 'washer', 'water_heater']",[],[]
household_s2_multigeneration_caregiver,household_s2_multigeneration_caregiver,no_dr,Tianjin,1,2025-06-08,d08_hist_d08_1,hist_d08_1,8,D:\Pycharm_project\PycharmProjects\EnergyBridge\experiments\real_data\tianjin_tou_price_normalized.csv,18.0,1.0,D:\Pycharm_project\PycharmProjects\EnergyBridge\benchmark_results\2026-07-21\_batch_logs\daily_event_configs\d08_hist_d08_1.json,skipped_done,0,0.0,D:\Pycharm_project\PycharmProjects\EnergyBridge\benchmark_results\2026-07-21\household_s2_multigeneration_caregiver_no_dr_tianjin_d08_hist_d08_1_2025-06-08_1day,D:\Pycharm_project\PycharmProjects\EnergyBridge\benchmark_results\2026-07-21\_batch_logs\daily_dr_memory_tianjin_1day\household_s2_multigeneration_caregiver_no_dr_tianjin_d08_hist_d08_1_2025-06-08_1day.log,D:\Pycharm_project\PycharmProjects\EnergyBridge\benchmark_results\2026-07-21\household_s2_multigeneration_caregiver_no_dr_tianjin_d08_hist_d08_1_2025-06-08_1day\run_summary.txt,0,46.132408,46.132408,52.886598,1.175998,normalized TOU cost/kWh,D:\Pycharm_project\PycharmProjects\EnergyBridge\experiments\real_data\tianjin_tou_price_normalized.csv,4.9566,4.9566,1.0,1.0,,0.0,1.0,[],"['dishwasher', 'dryer', 'ev', 'washer', 'water_heater']",[]
household_s3_hybrid_work_from_home,household_s3_hybrid_work_from_home,no_dr,Tianjin,1,2025-06-08,d08_hist_d08_1,hist_d08_1,8,D:\Pycharm_project\PycharmProjects\EnergyBridge\experiments\real_data\tianjin_tou_price_normalized.csv,18.0,1.0,D:\Pycharm_project\PycharmProjects\EnergyBridge\benchmark_results\2026-07-21\_batch_logs\daily_event_configs\d08_hist_d08_1.json,skipped_done,0,0.0,D:\Pycharm_project\PycharmProjects\EnergyBridge\benchmark_results\2026-07-21\household_s3_hybrid_work_from_home_no_dr_tianjin_d08_hist_d08_1_2025-06-08_1day,D:\Pycharm_project\PycharmProjects\EnergyBridge\benchmark_results\2026-07-21\_batch_logs\daily_dr_memory_tianjin_1day\household_s3_hybrid_work_from_home_no_dr_tianjin_d08_hist_d08_1_2025-06-08_1day.log,D:\Pycharm_project\PycharmProjects\EnergyBridge\benchmark_results\2026-07-21\household_s3_hybrid_work_from_home_no_dr_tianjin_d08_hist_d08_1_2025-06-08_1day\run_summary.txt,0,50.346901,50.346901,57.101091,1.160918,normalized TOU cost/kWh,D:\Pycharm_project\PycharmProjects\EnergyBridge\experiments\real_data\tianjin_tou_price_normalized.csv,4.9566,4.9566,1.0,1.0,,0.0,0.8,[],"['dishwasher', 'dryer', 'ev', 'washer', 'water_heater']",[]
household_s3_hybrid_work_from_home,household_s3_hybrid_work_from_home,mpc_dynamic,Tianjin,1,2025-06-08,d08_hist_d08_1,hist_d08_1,8,D:\Pycharm_project\PycharmProjects\EnergyBridge\experiments\real_data\tianjin_tou_price_normalized.csv,18.0,1.0,D:\Pycharm_project\PycharmProjects\EnergyBridge\benchmark_results\2026-07-21\_batch_logs\daily_event_configs\d08_hist_d08_1.json,skipped_done,0,0.0,D:\Pycharm_project\PycharmProjects\EnergyBridge\benchmark_results\2026-07-21\household_s3_hybrid_work_from_home_mpc_dynamic_tianjin_d08_hist_d08_1_2025-06-08_1day,D:\Pycharm_project\PycharmProjects\EnergyBridge\benchmark_results\2026-07-21\_batch_logs\daily_dr_memory_tianjin_1day\household_s3_hybrid_work_from_home_mpc_dynamic_tianjin_d08_hist_d08_1_2025-06-08_1day.log,D:\Pycharm_project\PycharmProjects\EnergyBridge\benchmark_results\2026-07-21\household_s3_hybrid_work_from_home_mpc_dynamic_tianjin_d08_hist_d08_1_2025-06-08_1day\run_summary.txt,0,50.723368,50.723368,55.338594,1.118714,normalized TOU cost/kWh,D:\Pycharm_project\PycharmProjects\EnergyBridge\experiments\real_data\tianjin_tou_price_normalized.csv,0.9831,0.9831,0.0,0.0,2.633,1.0,1.0,"['dishwasher', 'dryer', 'ev', 'washer', 'water_heater']",[],[]
household_s4_ev_commuter_flexible,household_s4_ev_commuter_flexible,mpc_dynamic,Tianjin,1,2025-06-08,d08_hist_d08_1,hist_d08_1,8,D:\Pycharm_project\PycharmProjects\EnergyBridge\experiments\real_data\tianjin_tou_price_normalized.csv,18.0,1.0,D:\Pycharm_project\PycharmProjects\EnergyBridge\benchmark_results\2026-07-21\_batch_logs\daily_event_configs\d08_hist_d08_1.json,skipped_done,0,0.0,D:\Pycharm_project\PycharmProjects\EnergyBridge\benchmark_results\2026-07-21\household_s4_ev_commuter_flexible_mpc_dynamic_tianjin_d08_hist_d08_1_2025-06-08_1day,D:\Pycharm_project\PycharmProjects\EnergyBridge\benchmark_results\2026-07-21\_batch_logs\daily_dr_memory_tianjin_1day\household_s4_ev_commuter_flexible_mpc_dynamic_tianjin_d08_hist_d08_1_2025-06-08_1day.log,D:\Pycharm_project\PycharmProjects\EnergyBridge\benchmark_results\2026-07-21\household_s4_ev_commuter_flexible_mpc_dynamic_tianjin_d08_hist_d08_1_2025-06-08_1day\run_summary.txt,0,58.698488,58.698488,63.355548,1.101113,normalized TOU cost/kWh,D:\Pycharm_project\PycharmProjects\EnergyBridge\experiments\real_data\tianjin_tou_price_normalized.csv,0.969,0.969,0.0,0.0,2.65,1.0,1.0,"['dishwasher', 'dryer', 'ev', 'washer', 'water_heater']",[],[]
household_s4_ev_commuter_flexible,household_s4_ev_commuter_flexible,no_dr,Tianjin,1,2025-06-08,d08_hist_d08_1,hist_d08_1,8,D:\Pycharm_project\PycharmProjects\EnergyBridge\experiments\real_data\tianjin_tou_price_normalized.csv,18.0,1.0,D:\Pycharm_project\PycharmProjects\EnergyBridge\benchmark_results\2026-07-21\_batch_logs\daily_event_configs\d08_hist_d08_1.json,skipped_done,0,0.0,D:\Pycharm_project\PycharmProjects\EnergyBridge\benchmark_results\2026-07-21\household_s4_ev_commuter_flexible_no_dr_tianjin_d08_hist_d08_1_2025-06-08_1day,D:\Pycharm_project\PycharmProjects\EnergyBridge\benchmark_results\2026-07-21\_batch_logs\daily_dr_memory_tianjin_1day\household_s4_ev_commuter_flexible_no_dr_tianjin_d08_hist_d08_1_2025-06-08_1day.log,D:\Pycharm_project\PycharmProjects\EnergyBridge\benchmark_results\2026-07-21\household_s4_ev_commuter_flexible_no_dr_tianjin_d08_hist_d08_1_2025-06-08_1day\run_summary.txt,0,58.511755,58.511755,65.265236,1.137996,normalized TOU cost/kWh,D:\Pycharm_project\PycharmProjects\EnergyBridge\experiments\real_data\tianjin_tou_price_normalized.csv,4.959,4.959,1.0,1.0,,0.0,1.0,[],"['dishwasher', 'dryer', 'ev', 'washer', 'water_heater']",[]
household_s5_shared_roommates_irregular,household_s5_shared_roommates_irregular,no_dr,Tianjin,1,2025-06-08,d08_hist_d08_1,hist_d08_1,8,D:\Pycharm_project\PycharmProjects\EnergyBridge\experiments\real_data\tianjin_tou_price_normalized.csv,18.0,1.0,D:\Pycharm_project\PycharmProjects\EnergyBridge\benchmark_results\2026-07-21\_batch_logs\daily_event_configs\d08_hist_d08_1.json,skipped_done,0,0.0,D:\Pycharm_project\PycharmProjects\EnergyBridge\benchmark_results\2026-07-21\household_s5_shared_roommates_irregular_no_dr_tianjin_d08_hist_d08_1_2025-06-08_1day,D:\Pycharm_project\PycharmProjects\EnergyBridge\benchmark_results\2026-07-21\_batch_logs\daily_dr_memory_tianjin_1day\household_s5_shared_roommates_irregular_no_dr_tianjin_d08_hist_d08_1_2025-06-08_1day.log,D:\Pycharm_project\PycharmProjects\EnergyBridge\benchmark_results\2026-07-21\household_s5_shared_roommates_irregular_no_dr_tianjin_d08_hist_d08_1_2025-06-08_1day\run_summary.txt,0,50.349437,50.349437,57.102917,1.160895,normalized TOU cost/kWh,D:\Pycharm_project\PycharmProjects\EnergyBridge\experiments\real_data\tianjin_tou_price_normalized.csv,4.959,4.959,1.0,1.0,,0.0,1.0,[],"['dishwasher', 'dryer', 'ev', 'washer', 'water_heater']",[]
household_s5_shared_roommates_irregular,household_s5_shared_roommates_irregular,mpc_dynamic,Tianjin,1,2025-06-08,d08_hist_d08_1,hist_d08_1,8,D:\Pycharm_project\PycharmProjects\EnergyBridge\experiments\real_data\tianjin_tou_price_normalized.csv,18.0,1.0,D:\Pycharm_project\PycharmProjects\EnergyBridge\benchmark_results\2026-07-21\_batch_logs\daily_event_configs\d08_hist_d08_1.json,skipped_done,0,0.0,D:\Pycharm_project\PycharmProjects\EnergyBridge\benchmark_results\2026-07-21\household_s5_shared_roommates_irregular_mpc_dynamic_tianjin_d08_hist_d08_1_2025-06-08_1day,D:\Pycharm_project\PycharmProjects\EnergyBridge\benchmark_results\2026-07-21\_batch_logs\daily_dr_memory_tianjin_1day\household_s5_shared_roommates_irregular_mpc_dynamic_tianjin_d08_hist_d08_1_2025-06-08_1day.log,D:\Pycharm_project\PycharmProjects\EnergyBridge\benchmark_results\2026-07-21\household_s5_shared_roommates_irregular_mpc_dynamic_tianjin_d08_hist_d08_1_2025-06-08_1day\run_summary.txt,0,31.13709,31.13709,24.154703,0.805792,normalized TOU cost/kWh,D:\Pycharm_project\PycharmProjects\EnergyBridge\experiments\real_data\tianjin_tou_price_normalized.csv,0.3975,0.3975,1.0,1.0,4.053,1.0,1.0,"['dishwasher', 'dryer', 'ev', 'washer', 'water_heater']",[],[]
household_s1_dual_commuter_standard,household_s1_dual_commuter_standard,no_dr,Germany,1,2025-06-09,d09_hist_d09_1,hist_d09_1,9,D:\Pycharm_project\PycharmProjects\EnergyBridge\experiments\real_data\germany_2025_price.csv,18.0,1.0,D:\Pycharm_project\PycharmProjects\EnergyBridge\benchmark_results\2026-07-21\_batch_logs\daily_event_configs\d09_hist_d09_1.json,skipped_done,0,0.0,D:\Pycharm_project\PycharmProjects\EnergyBridge\benchmark_results\2026-07-21\household_s1_dual_commuter_standard_no_dr_germany_d09_hist_d09_1_2025-06-09_1day,D:\Pycharm_project\PycharmProjects\EnergyBridge\benchmark_results\2026-07-21\_batch_logs\daily_dr_memory_germany_1day\household_s1_dual_commuter_standard_no_dr_germany_d09_hist_d09_1_2025-06-09_1day.log,D:\Pycharm_project\PycharmProjects\EnergyBridge\benchmark_results\2026-07-21\household_s1_dual_commuter_standard_no_dr_germany_d09_hist_d09_1_2025-06-09_1day\run_summary.txt,0,53.338766,53.338766,8.281812,0.045137,EUR/kWh,D:\Pycharm_project\PycharmProjects\EnergyBridge\experiments\real_data\germany_2025_price.csv,10.1504,10.1504,1.0,1.0,,0.0,1.0,[],"['dishwasher', 'dryer', 'ev', 'washer', 'water_heater']",[]
household_s1_dual_commuter_standard,household_s1_dual_commuter_standard,mpc_dynamic,Germany,1,2025-06-09,d09_hist_d09_1,hist_d09_1,9,D:\Pycharm_project\PycharmProjects\EnergyBridge\experiments\real_data\germany_2025_price.csv,18.0,1.0,D:\Pycharm_project\PycharmProjects\EnergyBridge\benchmark_results\2026-07-21\_batch_logs\daily_event_configs\d09_hist_d09_1.json,skipped_done,0,0.0,D:\Pycharm_project\PycharmProjects\EnergyBridge\benchmark_results\2026-07-21\household_s1_dual_commuter_standard_mpc_dynamic_germany_d09_hist_d09_1_2025-06-09_1day,D:\Pycharm_project\PycharmProjects\EnergyBridge\benchmark_results\2026-07-21\_batch_logs\daily_dr_memory_germany_1day\household_s1_dual_commuter_standard_mpc_dynamic_germany_d09_hist_d09_1_2025-06-09_1day.log,D:\Pycharm_project\PycharmProjects\EnergyBridge\benchmark_results\2026-07-21\household_s1_dual_commuter_standard_mpc_dynamic_germany_d09_hist_d09_1_2025-06-09_1day\run_summary.txt,0,54.924038,54.924038,7.582422,0.04183,EUR/kWh,D:\Pycharm_project\PycharmProjects\EnergyBridge\experiments\real_data\germany_2025_price.csv,6.9228,6.9228,0.0,0.0,2.612,1.0,1.0,"['dishwasher', 'dryer', 'ev', 'washer', 'water_heater']",[],[]
household_s2_multigeneration_caregiver,household_s2_multigeneration_caregiver,mpc_dynamic,Germany,1,2025-06-09,d09_hist_d09_1,hist_d09_1,9,D:\Pycharm_project\PycharmProjects\EnergyBridge\experiments\real_data\germany_2025_price.csv,18.0,1.0,D:\Pycharm_project\PycharmProjects\EnergyBridge\benchmark_results\2026-07-21\_batch_logs\daily_event_configs\d09_hist_d09_1.json,skipped_done,0,0.0,D:\Pycharm_project\PycharmProjects\EnergyBridge\benchmark_results\2026-07-21\household_s2_multigeneration_caregiver_mpc_dynamic_germany_d09_hist_d09_1_2025-06-09_1day,D:\Pycharm_project\PycharmProjects\EnergyBridge\benchmark_results\2026-07-21\_batch_logs\daily_dr_memory_germany_1day\household_s2_multigeneration_caregiver_mpc_dynamic_germany_d09_hist_d09_1_2025-06-09_1day.log,D:\Pycharm_project\PycharmProjects\EnergyBridge\benchmark_results\2026-07-21\household_s2_multigeneration_caregiver_mpc_dynamic_germany_d09_hist_d09_1_2025-06-09_1day\run_summary.txt,0,46.642466,46.642466,6.89923,0.040121,EUR/kWh,D:\Pycharm_project\PycharmProjects\EnergyBridge\experiments\real_data\germany_2025_price.csv,7.0859,7.0859,0.0,0.0,2.55,1.0,1.0,"['dishwasher', 'dryer', 'ev', 'washer', 'water_heater']",[],[]
household_s2_multigeneration_caregiver,household_s2_multigeneration_caregiver,no_dr,Germany,1,2025-06-09,d09_hist_d09_1,hist_d09_1,9,D:\Pycharm_project\PycharmProjects\EnergyBridge\experiments\real_data\germany_2025_price.csv,18.0,1.0,D:\Pycharm_project\PycharmProjects\EnergyBridge\benchmark_results\2026-07-21\_batch_logs\daily_event_configs\d09_hist_d09_1.json,skipped_done,0,0.0,D:\Pycharm_project\PycharmProjects\EnergyBridge\benchmark_results\2026-07-21\household_s2_multigeneration_caregiver_no_dr_germany_d09_hist_d09_1_2025-06-09_1day,D:\Pycharm_project\PycharmProjects\EnergyBridge\benchmark_results\2026-07-21\_batch_logs\daily_dr_memory_germany_1day\household_s2_multigeneration_caregiver_no_dr_germany_d09_hist_d09_1_2025-06-09_1day.log,D:\Pycharm_project\PycharmProjects\EnergyBridge\benchmark_results\2026-07-21\household_s2_multigeneration_caregiver_no_dr_germany_d09_hist_d09_1_2025-06-09_1day\run_summary.txt,0,45.58955,45.58955,7.79273,0.044451,EUR/kWh,D:\Pycharm_project\PycharmProjects\EnergyBridge\experiments\real_data\germany_2025_price.csv,10.1884,10.1884,1.0,1.0,,0.0,1.0,[],"['dishwasher', 'dryer', 'ev', 'washer', 'water_heater']",[]
household_s3_hybrid_work_from_home,household_s3_hybrid_work_from_home,mpc_dynamic,Germany,1,2025-06-09,d09_hist_d09_1,hist_d09_1,9,D:\Pycharm_project\PycharmProjects\EnergyBridge\experiments\real_data\germany_2025_price.csv,18.0,1.0,D:\Pycharm_project\PycharmProjects\EnergyBridge\benchmark_results\2026-07-21\_batch_logs\daily_event_configs\d09_hist_d09_1.json,skipped_done,0,0.0,D:\Pycharm_project\PycharmProjects\EnergyBridge\benchmark_results\2026-07-21\household_s3_hybrid_work_from_home_mpc_dynamic_germany_d09_hist_d09_1_2025-06-09_1day,D:\Pycharm_project\PycharmProjects\EnergyBridge\benchmark_results\2026-07-21\_batch_logs\daily_dr_memory_germany_1day\household_s3_hybrid_work_from_home_mpc_dynamic_germany_d09_hist_d09_1_2025-06-09_1day.log,D:\Pycharm_project\PycharmProjects\EnergyBridge\benchmark_results\2026-07-21\household_s3_hybrid_work_from_home_mpc_dynamic_germany_d09_hist_d09_1_2025-06-09_1day\run_summary.txt,0,50.949167,50.949167,7.240645,0.041122,EUR/kWh,D:\Pycharm_project\PycharmProjects\EnergyBridge\experiments\real_data\germany_2025_price.csv,6.9002,6.9002,0.0,0.0,2.633,1.0,1.0,"['dishwasher', 'dryer', 'ev', 'washer', 'water_heater']",[],[]
household_s3_hybrid_work_from_home,household_s3_hybrid_work_from_home,no_dr,Germany,1,2025-06-09,d09_hist_d09_1,hist_d09_1,9,D:\Pycharm_project\PycharmProjects\EnergyBridge\experiments\real_data\germany_2025_price.csv,18.0,1.0,D:\Pycharm_project\PycharmProjects\EnergyBridge\benchmark_results\2026-07-21\_batch_logs\daily_event_configs\d09_hist_d09_1.json,skipped_done,0,0.0,D:\Pycharm_project\PycharmProjects\EnergyBridge\benchmark_results\2026-07-21\household_s3_hybrid_work_from_home_no_dr_germany_d09_hist_d09_1_2025-06-09_1day,D:\Pycharm_project\PycharmProjects\EnergyBridge\benchmark_results\2026-07-21\_batch_logs\daily_dr_memory_germany_1day\household_s3_hybrid_work_from_home_no_dr_germany_d09_hist_d09_1_2025-06-09_1day.log,D:\Pycharm_project\PycharmProjects\EnergyBridge\benchmark_results\2026-07-21\household_s3_hybrid_work_from_home_no_dr_germany_d09_hist_d09_1_2025-06-09_1day\run_summary.txt,0,49.500578,49.500578,8.052551,0.04493,EUR/kWh,D:\Pycharm_project\PycharmProjects\EnergyBridge\experiments\real_data\germany_2025_price.csv,10.1598,10.1598,1.0,1.0,,0.0,0.8,[],"['dishwasher', 'dryer', 'ev', 'washer', 'water_heater']",[]
household_s4_ev_commuter_flexible,household_s4_ev_commuter_flexible,mpc_dynamic,Germany,1,2025-06-09,d09_hist_d09_1,hist_d09_1,9,D:\Pycharm_project\PycharmProjects\EnergyBridge\experiments\real_data\germany_2025_price.csv,18.0,1.0,D:\Pycharm_project\PycharmProjects\EnergyBridge\benchmark_results\2026-07-21\_batch_logs\daily_event_configs\d09_hist_d09_1.json,skipped_done,0,0.0,D:\Pycharm_project\PycharmProjects\EnergyBridge\benchmark_results\2026-07-21\household_s4_ev_commuter_flexible_mpc_dynamic_germany_d09_hist_d09_1_2025-06-09_1day,D:\Pycharm_project\PycharmProjects\EnergyBridge\benchmark_results\2026-07-21\_batch_logs\daily_dr_memory_germany_1day\household_s4_ev_commuter_flexible_mpc_dynamic_germany_d09_hist_d09_1_2025-06-09_1day.log,D:\Pycharm_project\PycharmProjects\EnergyBridge\benchmark_results\2026-07-21\household_s4_ev_commuter_flexible_mpc_dynamic_germany_d09_hist_d09_1_2025-06-09_1day\run_summary.txt,0,59.005198,59.005198,7.820108,0.042192,EUR/kWh,D:\Pycharm_project\PycharmProjects\EnergyBridge\experiments\real_data\germany_2025_price.csv,6.9228,6.9228,0.0,0.0,2.65,1.0,1.0,"['dishwasher', 'dryer', 'ev', 'washer', 'water_heater']",[],[]
household_s5_shared_roommates_irregular,household_s5_shared_roommates_irregular,mpc_dynamic,Germany,1,2025-06-09,d09_hist_d09_1,hist_d09_1,9,D:\Pycharm_project\PycharmProjects\EnergyBridge\experiments\real_data\germany_2025_price.csv,18.0,1.0,D:\Pycharm_project\PycharmProjects\EnergyBridge\benchmark_results\2026-07-21\_batch_logs\daily_event_configs\d09_hist_d09_1.json,skipped_done,0,0.0,D:\Pycharm_project\PycharmProjects\EnergyBridge\benchmark_results\2026-07-21\household_s5_shared_roommates_irregular_mpc_dynamic_germany_d09_hist_d09_1_2025-06-09_1day,D:\Pycharm_project\PycharmProjects\EnergyBridge\benchmark_results\2026-07-21\_batch_logs\daily_dr_memory_germany_1day\household_s5_shared_roommates_irregular_mpc_dynamic_germany_d09_hist_d09_1_2025-06-09_1day.log,D:\Pycharm_project\PycharmProjects\EnergyBridge\benchmark_results\2026-07-21\household_s5_shared_roommates_irregular_mpc_dynamic_germany_d09_hist_d09_1_2025-06-09_1day\run_summary.txt,0,50.842879,50.842879,7.353637,0.041503,EUR/kWh,D:\Pycharm_project\PycharmProjects\EnergyBridge\experiments\real_data\germany_2025_price.csv,6.9228,6.9228,0.0,0.0,2.612,1.0,1.0,"['dishwasher', 'dryer', 'ev', 'washer', 'water_heater']",[],[]
household_s4_ev_commuter_flexible,household_s4_ev_commuter_flexible,no_dr,Germany,1,2025-06-09,d09_hist_d09_1,hist_d09_1,9,D:\Pycharm_project\PycharmProjects\EnergyBridge\experiments\real_data\germany_2025_price.csv,18.0,1.0,D:\Pycharm_project\PycharmProjects\EnergyBridge\benchmark_results\2026-07-21\_batch_logs\daily_event_configs\d09_hist_d09_1.json,skipped_done,0,0.0,D:\Pycharm_project\PycharmProjects\EnergyBridge\benchmark_results\2026-07-21\household_s4_ev_commuter_flexible_no_dr_germany_d09_hist_d09_1_2025-06-09_1day,D:\Pycharm_project\PycharmProjects\EnergyBridge\benchmark_results\2026-07-21\_batch_logs\daily_dr_memory_germany_1day\household_s4_ev_commuter_flexible_no_dr_germany_d09_hist_d09_1_2025-06-09_1day.log,D:\Pycharm_project\PycharmProjects\EnergyBridge\benchmark_results\2026-07-21\household_s4_ev_commuter_flexible_no_dr_germany_d09_hist_d09_1_2025-06-09_1day\run_summary.txt,0,57.419926,57.419926,8.519499,0.045422,EUR/kWh,D:\Pycharm_project\PycharmProjects\EnergyBridge\experiments\real_data\germany_2025_price.csv,10.1504,10.1504,1.0,1.0,,0.0,1.0,[],"['dishwasher', 'dryer', 'ev', 'washer', 'water_heater']",[]
household_s5_shared_roommates_irregular,household_s5_shared_roommates_irregular,no_dr,Germany,1,2025-06-09,d09_hist_d09_1,hist_d09_1,9,D:\Pycharm_project\PycharmProjects\EnergyBridge\experiments\real_data\germany_2025_price.csv,18.0,1.0,D:\Pycharm_project\PycharmProjects\EnergyBridge\benchmark_results\2026-07-21\_batch_logs\daily_event_configs\d09_hist_d09_1.json,skipped_done,0,0.0,D:\Pycharm_project\PycharmProjects\EnergyBridge\benchmark_results\2026-07-21\household_s5_shared_roommates_irregular_no_dr_germany_d09_hist_d09_1_2025-06-09_1day,D:\Pycharm_project\PycharmProjects\EnergyBridge\benchmark_results\2026-07-21\_batch_logs\daily_dr_memory_germany_1day\household_s5_shared_roommates_irregular_no_dr_germany_d09_hist_d09_1_2025-06-09_1day.log,D:\Pycharm_project\PycharmProjects\EnergyBridge\benchmark_results\2026-07-21\household_s5_shared_roommates_irregular_no_dr_germany_d09_hist_d09_1_2025-06-09_1day\run_summary.txt,0,49.257607,49.257607,8.051001,0.044877,EUR/kWh,D:\Pycharm_project\PycharmProjects\EnergyBridge\experiments\real_data\germany_2025_price.csv,10.1504,10.1504,1.0,1.0,,0.0,1.0,[],"['dishwasher', 'dryer', 'ev', 'washer', 'water_heater']",[]
household_s1_dual_commuter_standard,household_s1_dual_commuter_standard,no_dr,Tianjin,1,2025-06-09,d09_hist_d09_1,hist_d09_1,9,D:\Pycharm_project\PycharmProjects\EnergyBridge\experiments\real_data\tianjin_tou_price_normalized.csv,18.0,1.0,D:\Pycharm_project\PycharmProjects\EnergyBridge\benchmark_results\2026-07-21\_batch_logs\daily_event_configs\d09_hist_d09_1.json,skipped_done,0,0.0,D:\Pycharm_project\PycharmProjects\EnergyBridge\benchmark_results\2026-07-21\household_s1_dual_commuter_standard_no_dr_tianjin_d09_hist_d09_1_2025-06-09_1day,D:\Pycharm_project\PycharmProjects\EnergyBridge\benchmark_results\2026-07-21\_batch_logs\daily_dr_memory_tianjin_1day\household_s1_dual_commuter_standard_no_dr_tianjin_d09_hist_d09_1_2025-06-09_1day.log,D:\Pycharm_project\PycharmProjects\EnergyBridge\benchmark_results\2026-07-21\household_s1_dual_commuter_standard_no_dr_tianjin_d09_hist_d09_1_2025-06-09_1day\run_summary.txt,0,54.417969,54.417969,61.193342,1.149015,normalized TOU cost/kWh,D:\Pycharm_project\PycharmProjects\EnergyBridge\experiments\real_data\tianjin_tou_price_normalized.csv,4.9492,4.9492,1.0,1.0,,0.0,1.0,[],"['dishwasher', 'dryer', 'ev', 'washer', 'water_heater']",[]
household_s1_dual_commuter_standard,household_s1_dual_commuter_standard,mpc_dynamic,Tianjin,1,2025-06-09,d09_hist_d09_1,hist_d09_1,9,D:\Pycharm_project\PycharmProjects\EnergyBridge\experiments\real_data\tianjin_tou_price_normalized.csv,18.0,1.0,D:\Pycharm_project\PycharmProjects\EnergyBridge\benchmark_results\2026-07-21\_batch_logs\daily_event_configs\d09_hist_d09_1.json,skipped_done,0,0.0,D:\Pycharm_project\PycharmProjects\EnergyBridge\benchmark_results\2026-07-21\household_s1_dual_commuter_standard_mpc_dynamic_tianjin_d09_hist_d09_1_2025-06-09_1day,D:\Pycharm_project\PycharmProjects\EnergyBridge\benchmark_results\2026-07-21\_batch_logs\daily_dr_memory_tianjin_1day\household_s1_dual_commuter_standard_mpc_dynamic_tianjin_d09_hist_d09_1_2025-06-09_1day.log,D:\Pycharm_project\PycharmProjects\EnergyBridge\benchmark_results\2026-07-21\household_s1_dual_commuter_standard_mpc_dynamic_tianjin_d09_hist_d09_1_2025-06-09_1day\run_summary.txt,0,54.92913,54.92913,59.584283,1.11065,normalized TOU cost/kWh,D:\Pycharm_project\PycharmProjects\EnergyBridge\experiments\real_data\tianjin_tou_price_normalized.csv,1.0831,1.0831,0.0,0.0,2.612,1.0,1.0,"['dishwasher', 'dryer', 'ev', 'washer', 'water_heater']",[],[]
household_s2_multigeneration_caregiver,household_s2_multigeneration_caregiver,mpc_dynamic,Tianjin,1,2025-06-09,d09_hist_d09_1,hist_d09_1,9,D:\Pycharm_project\PycharmProjects\EnergyBridge\experiments\real_data\tianjin_tou_price_normalized.csv,18.0,1.0,D:\Pycharm_project\PycharmProjects\EnergyBridge\benchmark_results\2026-07-21\_batch_logs\daily_event_configs\d09_hist_d09_1.json,skipped_done,0,0.0,D:\Pycharm_project\PycharmProjects\EnergyBridge\benchmark_results\2026-07-21\household_s2_multigeneration_caregiver_mpc_dynamic_tianjin_d09_hist_d09_1_2025-06-09_1day,D:\Pycharm_project\PycharmProjects\EnergyBridge\benchmark_results\2026-07-21\_batch_logs\daily_dr_memory_tianjin_1day\household_s2_multigeneration_caregiver_mpc_dynamic_tianjin_d09_hist_d09_1_2025-06-09_1day.log,D:\Pycharm_project\PycharmProjects\EnergyBridge\benchmark_results\2026-07-21\household_s2_multigeneration_caregiver_mpc_dynamic_tianjin_d09_hist_d09_1_2025-06-09_1day\run_summary.txt,0,47.521753,47.521753,52.059888,1.13087,normalized TOU cost/kWh,D:\Pycharm_project\PycharmProjects\EnergyBridge\experiments\real_data\tianjin_tou_price_normalized.csv,1.2655,1.2655,0.0,0.0,2.616,1.0,1.0,"['dishwasher', 'dryer', 'ev', 'washer', 'water_heater']",[],[]
household_s2_multigeneration_caregiver,household_s2_multigeneration_caregiver,no_dr,Tianjin,1,2025-06-09,d09_hist_d09_1,hist_d09_1,9,D:\Pycharm_project\PycharmProjects\EnergyBridge\experiments\real_data\tianjin_tou_price_normalized.csv,18.0,1.0,D:\Pycharm_project\PycharmProjects\EnergyBridge\benchmark_results\2026-07-21\_batch_logs\daily_event_configs\d09_hist_d09_1.json,skipped_done,0,0.0,D:\Pycharm_project\PycharmProjects\EnergyBridge\benchmark_results\2026-07-21\household_s2_multigeneration_caregiver_no_dr_tianjin_d09_hist_d09_1_2025-06-09_1day,D:\Pycharm_project\PycharmProjects\EnergyBridge\benchmark_results\2026-07-21\_batch_logs\daily_dr_memory_tianjin_1day\household_s2_multigeneration_caregiver_no_dr_tianjin_d09_hist_d09_1_2025-06-09_1day.log,D:\Pycharm_project\PycharmProjects\EnergyBridge\benchmark_results\2026-07-21\household_s2_multigeneration_caregiver_no_dr_tianjin_d09_hist_d09_1_2025-06-09_1day\run_summary.txt,0,46.132427,46.132427,52.916336,1.176659,normalized TOU cost/kWh,D:\Pycharm_project\PycharmProjects\EnergyBridge\experiments\real_data\tianjin_tou_price_normalized.csv,4.9577,4.9577,1.0,1.0,,0.0,1.0,[],"['dishwasher', 'dryer', 'ev', 'washer', 'water_heater']",[]
household_s3_hybrid_work_from_home,household_s3_hybrid_work_from_home,mpc_dynamic,Tianjin,1,2025-06-09,d09_hist_d09_1,hist_d09_1,9,D:\Pycharm_project\PycharmProjects\EnergyBridge\experiments\real_data\tianjin_tou_price_normalized.csv,18.0,1.0,D:\Pycharm_project\PycharmProjects\EnergyBridge\benchmark_results\2026-07-21\_batch_logs\daily_event_configs\d09_hist_d09_1.json,skipped_done,0,0.0,D:\Pycharm_project\PycharmProjects\EnergyBridge\benchmark_results\2026-07-21\household_s3_hybrid_work_from_home_mpc_dynamic_tianjin_d09_hist_d09_1_2025-06-09_1day,D:\Pycharm_project\PycharmProjects\EnergyBridge\benchmark_results\2026-07-21\_batch_logs\daily_dr_memory_tianjin_1day\household_s3_hybrid_work_from_home_mpc_dynamic_tianjin_d09_hist_d09_1_2025-06-09_1day.log,D:\Pycharm_project\PycharmProjects\EnergyBridge\benchmark_results\2026-07-21\household_s3_hybrid_work_from_home_mpc_dynamic_tianjin_d09_hist_d09_1_2025-06-09_1day\run_summary.txt,0,51.20846,51.20846,55.75509,1.121282,normalized TOU cost/kWh,D:\Pycharm_project\PycharmProjects\EnergyBridge\experiments\real_data\tianjin_tou_price_normalized.csv,1.0985,1.0985,0.0,0.0,2.633,1.0,1.0,"['dishwasher', 'dryer', 'ev', 'washer', 'water_heater']",[],[]
household_s3_hybrid_work_from_home,household_s3_hybrid_work_from_home,no_dr,Tianjin,1,2025-06-09,d09_hist_d09_1,hist_d09_1,9,D:\Pycharm_project\PycharmProjects\EnergyBridge\experiments\real_data\tianjin_tou_price_normalized.csv,18.0,1.0,D:\Pycharm_project\PycharmProjects\EnergyBridge\benchmark_results\2026-07-21\_batch_logs\daily_event_configs\d09_hist_d09_1.json,skipped_done,0,0.0,D:\Pycharm_project\PycharmProjects\EnergyBridge\benchmark_results\2026-07-21\household_s3_hybrid_work_from_home_no_dr_tianjin_d09_hist_d09_1_2025-06-09_1day,D:\Pycharm_project\PycharmProjects\EnergyBridge\benchmark_results\2026-07-21\_batch_logs\daily_dr_memory_tianjin_1day\household_s3_hybrid_work_from_home_no_dr_tianjin_d09_hist_d09_1_2025-06-09_1day.log,D:\Pycharm_project\PycharmProjects\EnergyBridge\benchmark_results\2026-07-21\household_s3_hybrid_work_from_home_no_dr_tianjin_d09_hist_d09_1_2025-06-09_1day\run_summary.txt,0,50.33419,50.33419,57.110461,1.161408,normalized TOU cost/kWh,D:\Pycharm_project\PycharmProjects\EnergyBridge\experiments\real_data\tianjin_tou_price_normalized.csv,4.9468,4.9468,1.0,1.0,,0.0,0.8,[],"['dishwasher', 'dryer', 'ev', 'washer', 'water_heater']",[]
household_s4_ev_commuter_flexible,household_s4_ev_commuter_flexible,mpc_dynamic,Tianjin,1,2025-06-09,d09_hist_d09_1,hist_d09_1,9,D:\Pycharm_project\PycharmProjects\EnergyBridge\experiments\real_data\tianjin_tou_price_normalized.csv,18.0,1.0,D:\Pycharm_project\PycharmProjects\EnergyBridge\benchmark_results\2026-07-21\_batch_logs\daily_event_configs\d09_hist_d09_1.json,skipped_done,0,0.0,D:\Pycharm_project\PycharmProjects\EnergyBridge\benchmark_results\2026-07-21\household_s4_ev_commuter_flexible_mpc_dynamic_tianjin_d09_hist_d09_1_2025-06-09_1day,D:\Pycharm_project\PycharmProjects\EnergyBridge\benchmark_results\2026-07-21\_batch_logs\daily_dr_memory_tianjin_1day\household_s4_ev_commuter_flexible_mpc_dynamic_tianjin_d09_hist_d09_1_2025-06-09_1day.log,D:\Pycharm_project\PycharmProjects\EnergyBridge\benchmark_results\2026-07-21\household_s4_ev_commuter_flexible_mpc_dynamic_tianjin_d09_hist_d09_1_2025-06-09_1day\run_summary.txt,0,59.010289,59.010289,63.665442,1.102828,normalized TOU cost/kWh,D:\Pycharm_project\PycharmProjects\EnergyBridge\experiments\real_data\tianjin_tou_price_normalized.csv,1.0831,1.0831,0.0,0.0,2.65,1.0,1.0,"['dishwasher', 'dryer', 'ev', 'washer', 'water_heater']",[],[]
household_s4_ev_commuter_flexible,household_s4_ev_commuter_flexible,no_dr,Tianjin,1,2025-06-09,d09_hist_d09_1,hist_d09_1,9,D:\Pycharm_project\PycharmProjects\EnergyBridge\experiments\real_data\tianjin_tou_price_normalized.csv,18.0,1.0,D:\Pycharm_project\PycharmProjects\EnergyBridge\benchmark_results\2026-07-21\_batch_logs\daily_event_configs\d09_hist_d09_1.json,skipped_done,0,0.0,D:\Pycharm_project\PycharmProjects\EnergyBridge\benchmark_results\2026-07-21\household_s4_ev_commuter_flexible_no_dr_tianjin_d09_hist_d09_1_2025-06-09_1day,D:\Pycharm_project\PycharmProjects\EnergyBridge\benchmark_results\2026-07-21\_batch_logs\daily_dr_memory_tianjin_1day\household_s4_ev_commuter_flexible_no_dr_tianjin_d09_hist_d09_1_2025-06-09_1day.log,D:\Pycharm_project\PycharmProjects\EnergyBridge\benchmark_results\2026-07-21\household_s4_ev_commuter_flexible_no_dr_tianjin_d09_hist_d09_1_2025-06-09_1day\run_summary.txt,0,58.499128,58.499128,65.274501,1.138408,normalized TOU cost/kWh,D:\Pycharm_project\PycharmProjects\EnergyBridge\experiments\real_data\tianjin_tou_price_normalized.csv,4.9492,4.9492,1.0,1.0,,0.0,1.0,[],"['dishwasher', 'dryer', 'ev', 'washer', 'water_heater']",[]
household_s5_shared_roommates_irregular,household_s5_shared_roommates_irregular,mpc_dynamic,Tianjin,1,2025-06-09,d09_hist_d09_1,hist_d09_1,9,D:\Pycharm_project\PycharmProjects\EnergyBridge\experiments\real_data\tianjin_tou_price_normalized.csv,18.0,1.0,D:\Pycharm_project\PycharmProjects\EnergyBridge\benchmark_results\2026-07-21\_batch_logs\daily_event_configs\d09_hist_d09_1.json,skipped_done,0,0.0,D:\Pycharm_project\PycharmProjects\EnergyBridge\benchmark_results\2026-07-21\household_s5_shared_roommates_irregular_mpc_dynamic_tianjin_d09_hist_d09_1_2025-06-09_1day,D:\Pycharm_project\PycharmProjects\EnergyBridge\benchmark_results\2026-07-21\_batch_logs\daily_dr_memory_tianjin_1day\household_s5_shared_roommates_irregular_mpc_dynamic_tianjin_d09_hist_d09_1_2025-06-09_1day.log,D:\Pycharm_project\PycharmProjects\EnergyBridge\benchmark_results\2026-07-21\household_s5_shared_roommates_irregular_mpc_dynamic_tianjin_d09_hist_d09_1_2025-06-09_1day\run_summary.txt,0,50.84797,50.84797,55.503123,1.11976,normalized TOU cost/kWh,D:\Pycharm_project\PycharmProjects\EnergyBridge\experiments\real_data\tianjin_tou_price_normalized.csv,1.0831,1.0831,0.0,0.0,2.612,1.0,1.0,"['dishwasher', 'dryer', 'ev', 'washer', 'water_heater']",[],[]
household_s5_shared_roommates_irregular,household_s5_shared_roommates_irregular,no_dr,Tianjin,1,2025-06-09,d09_hist_d09_1,hist_d09_1,9,D:\Pycharm_project\PycharmProjects\EnergyBridge\experiments\real_data\tianjin_tou_price_normalized.csv,18.0,1.0,D:\Pycharm_project\PycharmProjects\EnergyBridge\benchmark_results\2026-07-21\_batch_logs\daily_event_configs\d09_hist_d09_1.json,skipped_done,0,0.0,D:\Pycharm_project\PycharmProjects\EnergyBridge\benchmark_results\2026-07-21\household_s5_shared_roommates_irregular_no_dr_tianjin_d09_hist_d09_1_2025-06-09_1day,D:\Pycharm_project\PycharmProjects\EnergyBridge\benchmark_results\2026-07-21\_batch_logs\daily_dr_memory_tianjin_1day\household_s5_shared_roommates_irregular_no_dr_tianjin_d09_hist_d09_1_2025-06-09_1day.log,D:\Pycharm_project\PycharmProjects\EnergyBridge\benchmark_results\2026-07-21\household_s5_shared_roommates_irregular_no_dr_tianjin_d09_hist_d09_1_2025-06-09_1day\run_summary.txt,0,50.336809,50.336809,57.112182,1.161381,normalized TOU cost/kWh,D:\Pycharm_project\PycharmProjects\EnergyBridge\experiments\real_data\tianjin_tou_price_normalized.csv,4.9492,4.9492,1.0,1.0,,0.0,1.0,[],"['dishwasher', 'dryer', 'ev', 'washer', 'water_heater']",[]
household_s1_dual_commuter_standard,household_s1_dual_commuter_standard,mpc_dynamic,Germany,1,2025-06-10,d10_hist_d10_1,hist_d10_1,10,D:\Pycharm_project\PycharmProjects\EnergyBridge\experiments\real_data\germany_2025_price.csv,18.0,1.0,D:\Pycharm_project\PycharmProjects\EnergyBridge\benchmark_results\2026-07-21\_batch_logs\daily_event_configs\d10_hist_d10_1.json,skipped_done,0,0.0,D:\Pycharm_project\PycharmProjects\EnergyBridge\benchmark_results\2026-07-21\household_s1_dual_commuter_standard_mpc_dynamic_germany_d10_hist_d10_1_2025-06-10_1day,D:\Pycharm_project\PycharmProjects\EnergyBridge\benchmark_results\2026-07-21\_batch_logs\daily_dr_memory_germany_1day\household_s1_dual_commuter_standard_mpc_dynamic_germany_d10_hist_d10_1_2025-06-10_1day.log,D:\Pycharm_project\PycharmProjects\EnergyBridge\benchmark_results\2026-07-21\household_s1_dual_commuter_standard_mpc_dynamic_germany_d10_hist_d10_1_2025-06-10_1day\run_summary.txt,0,58.922427,58.922427,11.806381,0.066206,EUR/kWh,D:\Pycharm_project\PycharmProjects\EnergyBridge\experiments\real_data\germany_2025_price.csv,7.3259,7.3259,0.0,0.0,2.612,1.0,1.0,"['dishwasher', 'dryer', 'ev', 'washer', 'water_heater']",[],[]
household_s1_dual_commuter_standard,household_s1_dual_commuter_standard,no_dr,Germany,1,2025-06-10,d10_hist_d10_1,hist_d10_1,10,D:\Pycharm_project\PycharmProjects\EnergyBridge\experiments\real_data\germany_2025_price.csv,18.0,1.0,D:\Pycharm_project\PycharmProjects\EnergyBridge\benchmark_results\2026-07-21\_batch_logs\daily_event_configs\d10_hist_d10_1.json,skipped_done,0,0.0,D:\Pycharm_project\PycharmProjects\EnergyBridge\benchmark_results\2026-07-21\household_s1_dual_commuter_standard_no_dr_germany_d10_hist_d10_1_2025-06-10_1day,D:\Pycharm_project\PycharmProjects\EnergyBridge\benchmark_results\2026-07-21\_batch_logs\daily_dr_memory_germany_1day\household_s1_dual_commuter_standard_no_dr_germany_d10_hist_d10_1_2025-06-10_1day.log,D:\Pycharm_project\PycharmProjects\EnergyBridge\benchmark_results\2026-07-21\household_s1_dual_commuter_standard_no_dr_germany_d10_hist_d10_1_2025-06-10_1day\run_summary.txt,0,56.740015,56.740015,12.418607,0.068496,EUR/kWh,D:\Pycharm_project\PycharmProjects\EnergyBridge\experiments\real_data\germany_2025_price.csv,10.3655,10.3655,1.0,1.0,,0.0,1.0,[],"['dishwasher', 'dryer', 'ev', 'washer', 'water_heater']",[]
household_s2_multigeneration_caregiver,household_s2_multigeneration_caregiver,mpc_dynamic,Germany,1,2025-06-10,d10_hist_d10_1,hist_d10_1,10,D:\Pycharm_project\PycharmProjects\EnergyBridge\experiments\real_data\germany_2025_price.csv,18.0,1.0,D:\Pycharm_project\PycharmProjects\EnergyBridge\benchmark_results\2026-07-21\_batch_logs\daily_event_configs\d10_hist_d10_1.json,skipped_done,0,0.0,D:\Pycharm_project\PycharmProjects\EnergyBridge\benchmark_results\2026-07-21\household_s2_multigeneration_caregiver_mpc_dynamic_germany_d10_hist_d10_1_2025-06-10_1day,D:\Pycharm_project\PycharmProjects\EnergyBridge\benchmark_results\2026-07-21\_batch_logs\daily_dr_memory_germany_1day\household_s2_multigeneration_caregiver_mpc_dynamic_germany_d10_hist_d10_1_2025-06-10_1day.log,D:\Pycharm_project\PycharmProjects\EnergyBridge\benchmark_results\2026-07-21\household_s2_multigeneration_caregiver_mpc_dynamic_germany_d10_hist_d10_1_2025-06-10_1day\run_summary.txt,0,52.221404,52.221404,11.073007,0.064819,EUR/kWh,D:\Pycharm_project\PycharmProjects\EnergyBridge\experiments\real_data\germany_2025_price.csv,7.4108,7.4108,0.0,0.0,2.55,1.0,1.0,"['dishwasher', 'dryer', 'ev', 'washer', 'water_heater']",[],[]
household_s3_hybrid_work_from_home,household_s3_hybrid_work_from_home,mpc_dynamic,Germany,1,2025-06-10,d10_hist_d10_1,hist_d10_1,10,D:\Pycharm_project\PycharmProjects\EnergyBridge\experiments\real_data\germany_2025_price.csv,18.0,1.0,D:\Pycharm_project\PycharmProjects\EnergyBridge\benchmark_results\2026-07-21\_batch_logs\daily_event_configs\d10_hist_d10_1.json,skipped_done,0,0.0,D:\Pycharm_project\PycharmProjects\EnergyBridge\benchmark_results\2026-07-21\household_s3_hybrid_work_from_home_mpc_dynamic_germany_d10_hist_d10_1_2025-06-10_1day,D:\Pycharm_project\PycharmProjects\EnergyBridge\benchmark_results\2026-07-21\_batch_logs\daily_dr_memory_germany_1day\household_s3_hybrid_work_from_home_mpc_dynamic_germany_d10_hist_d10_1_2025-06-10_1day.log,D:\Pycharm_project\PycharmProjects\EnergyBridge\benchmark_results\2026-07-21\household_s3_hybrid_work_from_home_mpc_dynamic_germany_d10_hist_d10_1_2025-06-10_1day\run_summary.txt,0,53.702018,53.702018,11.464675,0.065572,EUR/kWh,D:\Pycharm_project\PycharmProjects\EnergyBridge\experiments\real_data\germany_2025_price.csv,7.2279,7.2279,0.0,0.0,2.633,1.0,1.0,"['dishwasher', 'dryer', 'ev', 'washer', 'water_heater']",[],[]
household_s2_multigeneration_caregiver,household_s2_multigeneration_caregiver,no_dr,Germany,1,2025-06-10,d10_hist_d10_1,hist_d10_1,10,D:\Pycharm_project\PycharmProjects\EnergyBridge\experiments\real_data\germany_2025_price.csv,18.0,1.0,D:\Pycharm_project\PycharmProjects\EnergyBridge\benchmark_results\2026-07-21\_batch_logs\daily_event_configs\d10_hist_d10_1.json,skipped_done,0,0.0,D:\Pycharm_project\PycharmProjects\EnergyBridge\benchmark_results\2026-07-21\household_s2_multigeneration_caregiver_no_dr_germany_d10_hist_d10_1_2025-06-10_1day,D:\Pycharm_project\PycharmProjects\EnergyBridge\benchmark_results\2026-07-21\_batch_logs\daily_dr_memory_germany_1day\household_s2_multigeneration_caregiver_no_dr_germany_d10_hist_d10_1_2025-06-10_1day.log,D:\Pycharm_project\PycharmProjects\EnergyBridge\benchmark_results\2026-07-21\household_s2_multigeneration_caregiver_no_dr_germany_d10_hist_d10_1_2025-06-10_1day\run_summary.txt,0,50.246406,50.246406,11.809313,0.067745,EUR/kWh,D:\Pycharm_project\PycharmProjects\EnergyBridge\experiments\real_data\germany_2025_price.csv,10.4086,10.4086,1.0,1.0,,0.0,1.0,[],"['dishwasher', 'dryer', 'ev', 'washer', 'water_heater']",[]
household_s3_hybrid_work_from_home,household_s3_hybrid_work_from_home,no_dr,Germany,1,2025-06-10,d10_hist_d10_1,hist_d10_1,10,D:\Pycharm_project\PycharmProjects\EnergyBridge\experiments\real_data\germany_2025_price.csv,18.0,1.0,D:\Pycharm_project\PycharmProjects\EnergyBridge\benchmark_results\2026-07-21\_batch_logs\daily_event_configs\d10_hist_d10_1.json,skipped_done,0,0.0,D:\Pycharm_project\PycharmProjects\EnergyBridge\benchmark_results\2026-07-21\household_s3_hybrid_work_from_home_no_dr_germany_d10_hist_d10_1_2025-06-10_1day,D:\Pycharm_project\PycharmProjects\EnergyBridge\benchmark_results\2026-07-21\_batch_logs\daily_dr_memory_germany_1day\household_s3_hybrid_work_from_home_no_dr_germany_d10_hist_d10_1_2025-06-10_1day.log,D:\Pycharm_project\PycharmProjects\EnergyBridge\benchmark_results\2026-07-21\household_s3_hybrid_work_from_home_no_dr_germany_d10_hist_d10_1_2025-06-10_1day\run_summary.txt,0,52.89164,52.89164,12.050021,0.068065,EUR/kWh,D:\Pycharm_project\PycharmProjects\EnergyBridge\experiments\real_data\germany_2025_price.csv,10.3729,10.3729,1.0,1.0,,0.0,0.8,[],"['dishwasher', 'dryer', 'ev', 'washer', 'water_heater']",[]
household_s4_ev_commuter_flexible,household_s4_ev_commuter_flexible,mpc_dynamic,Germany,1,2025-06-10,d10_hist_d10_1,hist_d10_1,10,D:\Pycharm_project\PycharmProjects\EnergyBridge\experiments\real_data\germany_2025_price.csv,18.0,1.0,D:\Pycharm_project\PycharmProjects\EnergyBridge\benchmark_results\2026-07-21\_batch_logs\daily_event_configs\d10_hist_d10_1.json,skipped_done,0,0.0,D:\Pycharm_project\PycharmProjects\EnergyBridge\benchmark_results\2026-07-21\household_s4_ev_commuter_flexible_mpc_dynamic_germany_d10_hist_d10_1_2025-06-10_1day,D:\Pycharm_project\PycharmProjects\EnergyBridge\benchmark_results\2026-07-21\_batch_logs\daily_dr_memory_germany_1day\household_s4_ev_commuter_flexible_mpc_dynamic_germany_d10_hist_d10_1_2025-06-10_1day.log,D:\Pycharm_project\PycharmProjects\EnergyBridge\benchmark_results\2026-07-21\household_s4_ev_commuter_flexible_mpc_dynamic_germany_d10_hist_d10_1_2025-06-10_1day\run_summary.txt,0,63.003587,63.003587,12.168094,0.066708,EUR/kWh,D:\Pycharm_project\PycharmProjects\EnergyBridge\experiments\real_data\germany_2025_price.csv,7.3259,7.3259,0.0,0.0,2.65,1.0,1.0,"['dishwasher', 'dryer', 'ev', 'washer', 'water_heater']",[],[]
household_s4_ev_commuter_flexible,household_s4_ev_commuter_flexible,no_dr,Germany,1,2025-06-10,d10_hist_d10_1,hist_d10_1,10,D:\Pycharm_project\PycharmProjects\EnergyBridge\experiments\real_data\germany_2025_price.csv,18.0,1.0,D:\Pycharm_project\PycharmProjects\EnergyBridge\benchmark_results\2026-07-21\_batch_logs\daily_event_configs\d10_hist_d10_1.json,skipped_done,0,0.0,D:\Pycharm_project\PycharmProjects\EnergyBridge\benchmark_results\2026-07-21\household_s4_ev_commuter_flexible_no_dr_germany_d10_hist_d10_1_2025-06-10_1day,D:\Pycharm_project\PycharmProjects\EnergyBridge\benchmark_results\2026-07-21\_batch_logs\daily_dr_memory_germany_1day\household_s4_ev_commuter_flexible_no_dr_germany_d10_hist_d10_1_2025-06-10_1day.log,D:\Pycharm_project\PycharmProjects\EnergyBridge\benchmark_results\2026-07-21\household_s4_ev_commuter_flexible_no_dr_germany_d10_hist_d10_1_2025-06-10_1day\run_summary.txt,0,60.821174,60.821174,12.78032,0.068939,EUR/kWh,D:\Pycharm_project\PycharmProjects\EnergyBridge\experiments\real_data\germany_2025_price.csv,10.3655,10.3655,1.0,1.0,,0.0,1.0,[],"['dishwasher', 'dryer', 'ev', 'washer', 'water_heater']",[]
household_s5_shared_roommates_irregular,household_s5_shared_roommates_irregular,mpc_dynamic,Germany,1,2025-06-10,d10_hist_d10_1,hist_d10_1,10,D:\Pycharm_project\PycharmProjects\EnergyBridge\experiments\real_data\germany_2025_price.csv,18.0,1.0,D:\Pycharm_project\PycharmProjects\EnergyBridge\benchmark_results\2026-07-21\_batch_logs\daily_event_configs\d10_hist_d10_1.json,skipped_done,0,0.0,D:\Pycharm_project\PycharmProjects\EnergyBridge\benchmark_results\2026-07-21\household_s5_shared_roommates_irregular_mpc_dynamic_germany_d10_hist_d10_1_2025-06-10_1day,D:\Pycharm_project\PycharmProjects\EnergyBridge\benchmark_results\2026-07-21\_batch_logs\daily_dr_memory_germany_1day\household_s5_shared_roommates_irregular_mpc_dynamic_germany_d10_hist_d10_1_2025-06-10_1day.log,D:\Pycharm_project\PycharmProjects\EnergyBridge\benchmark_results\2026-07-21\household_s5_shared_roommates_irregular_mpc_dynamic_germany_d10_hist_d10_1_2025-06-10_1day\run_summary.txt,0,54.841268,54.841268,11.444667,0.065681,EUR/kWh,D:\Pycharm_project\PycharmProjects\EnergyBridge\experiments\real_data\germany_2025_price.csv,7.3259,7.3259,0.0,0.0,2.612,1.0,1.0,"['dishwasher', 'dryer', 'ev', 'washer', 'water_heater']",[],[]
household_s5_shared_roommates_irregular,household_s5_shared_roommates_irregular,no_dr,Germany,1,2025-06-10,d10_hist_d10_1,hist_d10_1,10,D:\Pycharm_project\PycharmProjects\EnergyBridge\experiments\real_data\germany_2025_price.csv,18.0,1.0,D:\Pycharm_project\PycharmProjects\EnergyBridge\benchmark_results\2026-07-21\_batch_logs\daily_event_configs\d10_hist_d10_1.json,skipped_done,0,0.0,D:\Pycharm_project\PycharmProjects\EnergyBridge\benchmark_results\2026-07-21\household_s5_shared_roommates_irregular_no_dr_germany_d10_hist_d10_1_2025-06-10_1day,D:\Pycharm_project\PycharmProjects\EnergyBridge\benchmark_results\2026-07-21\_batch_logs\daily_dr_memory_germany_1day\household_s5_shared_roommates_irregular_no_dr_germany_d10_hist_d10_1_2025-06-10_1day.log,D:\Pycharm_project\PycharmProjects\EnergyBridge\benchmark_results\2026-07-21\household_s5_shared_roommates_irregular_no_dr_germany_d10_hist_d10_1_2025-06-10_1day\run_summary.txt,0,52.658855,52.658855,12.056894,0.068032,EUR/kWh,D:\Pycharm_project\PycharmProjects\EnergyBridge\experiments\real_data\germany_2025_price.csv,10.3655,10.3655,1.0,1.0,,0.0,1.0,[],"['dishwasher', 'dryer', 'ev', 'washer', 'water_heater']",[]
household_s1_dual_commuter_standard,household_s1_dual_commuter_standard,mpc_dynamic,Tianjin,1,2025-06-10,d10_hist_d10_1,hist_d10_1,10,D:\Pycharm_project\PycharmProjects\EnergyBridge\experiments\real_data\tianjin_tou_price_normalized.csv,18.0,1.0,D:\Pycharm_project\PycharmProjects\EnergyBridge\benchmark_results\2026-07-21\_batch_logs\daily_event_configs\d10_hist_d10_1.json,skipped_done,0,0.0,D:\Pycharm_project\PycharmProjects\EnergyBridge\benchmark_results\2026-07-21\household_s1_dual_commuter_standard_mpc_dynamic_tianjin_d10_hist_d10_1_2025-06-10_1day,D:\Pycharm_project\PycharmProjects\EnergyBridge\benchmark_results\2026-07-21\_batch_logs\daily_dr_memory_tianjin_1day\household_s1_dual_commuter_standard_mpc_dynamic_tianjin_d10_hist_d10_1_2025-06-10_1day.log,D:\Pycharm_project\PycharmProjects\EnergyBridge\benchmark_results\2026-07-21\household_s1_dual_commuter_standard_mpc_dynamic_tianjin_d10_hist_d10_1_2025-06-10_1day\run_summary.txt,0,69.154506,69.154506,48.112339,1.012696,normalized TOU cost/kWh,D:\Pycharm_project\PycharmProjects\EnergyBridge\experiments\real_data\tianjin_tou_price_normalized.csv,2.3482,2.3482,0.0,0.0,2.612,1.0,1.0,"['dishwasher', 'dryer', 'ev', 'washer', 'water_heater']",[],[]
household_s1_dual_commuter_standard,household_s1_dual_commuter_standard,no_dr,Tianjin,1,2025-06-10,d10_hist_d10_1,hist_d10_1,10,D:\Pycharm_project\PycharmProjects\EnergyBridge\experiments\real_data\tianjin_tou_price_normalized.csv,18.0,1.0,D:\Pycharm_project\PycharmProjects\EnergyBridge\benchmark_results\2026-07-21\_batch_logs\daily_event_configs\d10_hist_d10_1.json,skipped_done,0,0.0,D:\Pycharm_project\PycharmProjects\EnergyBridge\benchmark_results\2026-07-21\household_s1_dual_commuter_standard_no_dr_tianjin_d10_hist_d10_1_2025-06-10_1day,D:\Pycharm_project\PycharmProjects\EnergyBridge\benchmark_results\2026-07-21\_batch_logs\daily_dr_memory_tianjin_1day\household_s1_dual_commuter_standard_no_dr_tianjin_d10_hist_d10_1_2025-06-10_1day.log,D:\Pycharm_project\PycharmProjects\EnergyBridge\benchmark_results\2026-07-21\household_s1_dual_commuter_standard_no_dr_tianjin_d10_hist_d10_1_2025-06-10_1day\run_summary.txt,0,65.497716,65.497716,65.035546,1.144376,normalized TOU cost/kWh,D:\Pycharm_project\PycharmProjects\EnergyBridge\experiments\real_data\tianjin_tou_price_normalized.csv,6.3688,6.3688,1.0,1.0,,0.0,1.0,[],"['dishwasher', 'dryer', 'ev', 'washer', 'water_heater']",[]
household_s2_multigeneration_caregiver,household_s2_multigeneration_caregiver,mpc_dynamic,Tianjin,1,2025-06-10,d10_hist_d10_1,hist_d10_1,10,D:\Pycharm_project\PycharmProjects\EnergyBridge\experiments\real_data\tianjin_tou_price_normalized.csv,18.0,1.0,D:\Pycharm_project\PycharmProjects\EnergyBridge\benchmark_results\2026-07-21\_batch_logs\daily_event_configs\d10_hist_d10_1.json,skipped_done,0,0.0,D:\Pycharm_project\PycharmProjects\EnergyBridge\benchmark_results\2026-07-21\household_s2_multigeneration_caregiver_mpc_dynamic_tianjin_d10_hist_d10_1_2025-06-10_1day,D:\Pycharm_project\PycharmProjects\EnergyBridge\benchmark_results\2026-07-21\_batch_logs\daily_dr_memory_tianjin_1day\household_s2_multigeneration_caregiver_mpc_dynamic_tianjin_d10_hist_d10_1_2025-06-10_1day.log,D:\Pycharm_project\PycharmProjects\EnergyBridge\benchmark_results\2026-07-21\household_s2_multigeneration_caregiver_mpc_dynamic_tianjin_d10_hist_d10_1_2025-06-10_1day\run_summary.txt,0,59.139772,59.139772,54.018449,1.119664,normalized TOU cost/kWh,D:\Pycharm_project\PycharmProjects\EnergyBridge\experiments\real_data\tianjin_tou_price_normalized.csv,2.2611,2.2611,0.0,0.0,2.55,1.0,1.0,"['dishwasher', 'dryer', 'ev', 'washer', 'water_heater']",[],[]
household_s2_multigeneration_caregiver,household_s2_multigeneration_caregiver,no_dr,Tianjin,1,2025-06-10,d10_hist_d10_1,hist_d10_1,10,D:\Pycharm_project\PycharmProjects\EnergyBridge\experiments\real_data\tianjin_tou_price_normalized.csv,18.0,1.0,D:\Pycharm_project\PycharmProjects\EnergyBridge\benchmark_results\2026-07-21\_batch_logs\daily_event_configs\d10_hist_d10_1.json,skipped_done,0,0.0,D:\Pycharm_project\PycharmProjects\EnergyBridge\benchmark_results\2026-07-21\household_s2_multigeneration_caregiver_no_dr_tianjin_d10_hist_d10_1_2025-06-10_1day,D:\Pycharm_project\PycharmProjects\EnergyBridge\benchmark_results\2026-07-21\_batch_logs\daily_dr_memory_tianjin_1day\household_s2_multigeneration_caregiver_no_dr_tianjin_d10_hist_d10_1_2025-06-10_1day.log,D:\Pycharm_project\PycharmProjects\EnergyBridge\benchmark_results\2026-07-21\household_s2_multigeneration_caregiver_no_dr_tianjin_d10_hist_d10_1_2025-06-10_1day\run_summary.txt,0,57.743662,57.743662,58.701778,1.191791,normalized TOU cost/kWh,D:\Pycharm_project\PycharmProjects\EnergyBridge\experiments\real_data\tianjin_tou_price_normalized.csv,5.8317,5.8317,1.0,1.0,,0.0,1.0,[],"['dishwasher', 'dryer', 'ev', 'washer', 'water_heater']",[]
household_s3_hybrid_work_from_home,household_s3_hybrid_work_from_home,mpc_dynamic,Tianjin,1,2025-06-10,d10_hist_d10_1,hist_d10_1,10,D:\Pycharm_project\PycharmProjects\EnergyBridge\experiments\real_data\tianjin_tou_price_normalized.csv,18.0,1.0,D:\Pycharm_project\PycharmProjects\EnergyBridge\benchmark_results\2026-07-21\_batch_logs\daily_event_configs\d10_hist_d10_1.json,skipped_done,0,0.0,D:\Pycharm_project\PycharmProjects\EnergyBridge\benchmark_results\2026-07-21\household_s3_hybrid_work_from_home_mpc_dynamic_tianjin_d10_hist_d10_1_2025-06-10_1day,D:\Pycharm_project\PycharmProjects\EnergyBridge\benchmark_results\2026-07-21\_batch_logs\daily_dr_memory_tianjin_1day\household_s3_hybrid_work_from_home_mpc_dynamic_tianjin_d10_hist_d10_1_2025-06-10_1day.log,D:\Pycharm_project\PycharmProjects\EnergyBridge\benchmark_results\2026-07-21\household_s3_hybrid_work_from_home_mpc_dynamic_tianjin_d10_hist_d10_1_2025-06-10_1day\run_summary.txt,0,62.656814,62.656814,49.597491,1.055317,normalized TOU cost/kWh,D:\Pycharm_project\PycharmProjects\EnergyBridge\experiments\real_data\tianjin_tou_price_normalized.csv,2.152,2.152,0.0,0.0,2.633,1.0,1.0,"['dishwasher', 'dryer', 'ev', 'washer', 'water_heater']",[],[]
household_s3_hybrid_work_from_home,household_s3_hybrid_work_from_home,no_dr,Tianjin,1,2025-06-10,d10_hist_d10_1,hist_d10_1,10,D:\Pycharm_project\PycharmProjects\EnergyBridge\experiments\real_data\tianjin_tou_price_normalized.csv,18.0,1.0,D:\Pycharm_project\PycharmProjects\EnergyBridge\benchmark_results\2026-07-21\_batch_logs\daily_event_configs\d10_hist_d10_1.json,skipped_done,0,0.0,D:\Pycharm_project\PycharmProjects\EnergyBridge\benchmark_results\2026-07-21\household_s3_hybrid_work_from_home_no_dr_tianjin_d10_hist_d10_1_2025-06-10_1day,D:\Pycharm_project\PycharmProjects\EnergyBridge\benchmark_results\2026-07-21\_batch_logs\daily_dr_memory_tianjin_1day\household_s3_hybrid_work_from_home_no_dr_tianjin_d10_hist_d10_1_2025-06-10_1day.log,D:\Pycharm_project\PycharmProjects\EnergyBridge\benchmark_results\2026-07-21\household_s3_hybrid_work_from_home_no_dr_tianjin_d10_hist_d10_1_2025-06-10_1day\run_summary.txt,0,61.372409,61.372409,62.583618,1.163281,normalized TOU cost/kWh,D:\Pycharm_project\PycharmProjects\EnergyBridge\experiments\real_data\tianjin_tou_price_normalized.csv,6.3722,6.3722,1.0,1.0,,0.0,0.8,[],"['dishwasher', 'dryer', 'ev', 'washer', 'water_heater']",[]
household_s4_ev_commuter_flexible,household_s4_ev_commuter_flexible,mpc_dynamic,Tianjin,1,2025-06-10,d10_hist_d10_1,hist_d10_1,10,D:\Pycharm_project\PycharmProjects\EnergyBridge\experiments\real_data\tianjin_tou_price_normalized.csv,18.0,1.0,D:\Pycharm_project\PycharmProjects\EnergyBridge\benchmark_results\2026-07-21\_batch_logs\daily_event_configs\d10_hist_d10_1.json,skipped_done,0,0.0,D:\Pycharm_project\PycharmProjects\EnergyBridge\benchmark_results\2026-07-21\household_s4_ev_commuter_flexible_mpc_dynamic_tianjin_d10_hist_d10_1_2025-06-10_1day,D:\Pycharm_project\PycharmProjects\EnergyBridge\benchmark_results\2026-07-21\_batch_logs\daily_dr_memory_tianjin_1day\household_s4_ev_commuter_flexible_mpc_dynamic_tianjin_d10_hist_d10_1_2025-06-10_1day.log,D:\Pycharm_project\PycharmProjects\EnergyBridge\benchmark_results\2026-07-21\household_s4_ev_commuter_flexible_mpc_dynamic_tianjin_d10_hist_d10_1_2025-06-10_1day\run_summary.txt,0,73.235665,73.235665,52.193498,1.011692,normalized TOU cost/kWh,D:\Pycharm_project\PycharmProjects\EnergyBridge\experiments\real_data\tianjin_tou_price_normalized.csv,2.3482,2.3482,0.0,0.0,2.65,1.0,1.0,"['dishwasher', 'dryer', 'ev', 'washer', 'water_heater']",[],[]
household_s4_ev_commuter_flexible,household_s4_ev_commuter_flexible,no_dr,Tianjin,1,2025-06-10,d10_hist_d10_1,hist_d10_1,10,D:\Pycharm_project\PycharmProjects\EnergyBridge\experiments\real_data\tianjin_tou_price_normalized.csv,18.0,1.0,D:\Pycharm_project\PycharmProjects\EnergyBridge\benchmark_results\2026-07-21\_batch_logs\daily_event_configs\d10_hist_d10_1.json,skipped_done,0,0.0,D:\Pycharm_project\PycharmProjects\EnergyBridge\benchmark_results\2026-07-21\household_s4_ev_commuter_flexible_no_dr_tianjin_d10_hist_d10_1_2025-06-10_1day,D:\Pycharm_project\PycharmProjects\EnergyBridge\benchmark_results\2026-07-21\_batch_logs\daily_dr_memory_tianjin_1day\household_s4_ev_commuter_flexible_no_dr_tianjin_d10_hist_d10_1_2025-06-10_1day.log,D:\Pycharm_project\PycharmProjects\EnergyBridge\benchmark_results\2026-07-21\household_s4_ev_commuter_flexible_no_dr_tianjin_d10_hist_d10_1_2025-06-10_1day\run_summary.txt,0,69.184673,69.184673,68.485981,1.131672,normalized TOU cost/kWh,D:\Pycharm_project\PycharmProjects\EnergyBridge\experiments\real_data\tianjin_tou_price_normalized.csv,6.3688,6.3688,1.0,1.0,,0.0,1.0,[],"['dishwasher', 'dryer', 'ev', 'washer', 'water_heater']",[]
household_s5_shared_roommates_irregular,household_s5_shared_roommates_irregular,no_dr,Tianjin,1,2025-06-10,d10_hist_d10_1,hist_d10_1,10,D:\Pycharm_project\PycharmProjects\EnergyBridge\experiments\real_data\tianjin_tou_price_normalized.csv,18.0,1.0,D:\Pycharm_project\PycharmProjects\EnergyBridge\benchmark_results\2026-07-21\_batch_logs\daily_event_configs\d10_hist_d10_1.json,skipped_done,0,0.0,D:\Pycharm_project\PycharmProjects\EnergyBridge\benchmark_results\2026-07-21\household_s5_shared_roommates_irregular_no_dr_tianjin_d10_hist_d10_1_2025-06-10_1day,D:\Pycharm_project\PycharmProjects\EnergyBridge\benchmark_results\2026-07-21\_batch_logs\daily_dr_memory_tianjin_1day\household_s5_shared_roommates_irregular_no_dr_tianjin_d10_hist_d10_1_2025-06-10_1day.log,D:\Pycharm_project\PycharmProjects\EnergyBridge\benchmark_results\2026-07-21\household_s5_shared_roommates_irregular_no_dr_tianjin_d10_hist_d10_1_2025-06-10_1day\run_summary.txt,0,61.022354,61.022354,62.190329,1.161961,normalized TOU cost/kWh,D:\Pycharm_project\PycharmProjects\EnergyBridge\experiments\real_data\tianjin_tou_price_normalized.csv,6.3688,6.3688,1.0,1.0,,0.0,1.0,[],"['dishwasher', 'dryer', 'ev', 'washer', 'water_heater']",[]
household_s1_dual_commuter_standard,household_s1_dual_commuter_standard,mpc_dynamic,Germany,1,2025-06-11,d11_hist_d11_1,hist_d11_1,11,D:\Pycharm_project\PycharmProjects\EnergyBridge\experiments\real_data\germany_2025_price.csv,18.0,1.0,D:\Pycharm_project\PycharmProjects\EnergyBridge\benchmark_results\2026-07-21\_batch_logs\daily_event_configs\d11_hist_d11_1.json,skipped_done,0,0.0,D:\Pycharm_project\PycharmProjects\EnergyBridge\benchmark_results\2026-07-21\household_s1_dual_commuter_standard_mpc_dynamic_germany_d11_hist_d11_1_2025-06-11_1day,D:\Pycharm_project\PycharmProjects\EnergyBridge\benchmark_results\2026-07-21\_batch_logs\daily_dr_memory_germany_1day\household_s1_dual_commuter_standard_mpc_dynamic_germany_d11_hist_d11_1_2025-06-11_1day.log,D:\Pycharm_project\PycharmProjects\EnergyBridge\benchmark_results\2026-07-21\household_s1_dual_commuter_standard_mpc_dynamic_germany_d11_hist_d11_1_2025-06-11_1day\run_summary.txt,0,63.488458,63.488458,14.947642,0.079002,EUR/kWh,D:\Pycharm_project\PycharmProjects\EnergyBridge\experiments\real_data\germany_2025_price.csv,7.4498,7.4498,0.0,0.0,2.612,1.0,1.0,"['dishwasher', 'dryer', 'ev', 'washer', 'water_heater']",[],[]
household_s5_shared_roommates_irregular,household_s5_shared_roommates_irregular,mpc_dynamic,Tianjin,1,2025-06-10,d10_hist_d10_1,hist_d10_1,10,D:\Pycharm_project\PycharmProjects\EnergyBridge\experiments\real_data\tianjin_tou_price_normalized.csv,18.0,1.0,D:\Pycharm_project\PycharmProjects\EnergyBridge\benchmark_results\2026-07-21\_batch_logs\daily_event_configs\d10_hist_d10_1.json,skipped_done,0,0.0,D:\Pycharm_project\PycharmProjects\EnergyBridge\benchmark_results\2026-07-21\household_s5_shared_roommates_irregular_mpc_dynamic_tianjin_d10_hist_d10_1_2025-06-10_1day,D:\Pycharm_project\PycharmProjects\EnergyBridge\benchmark_results\2026-07-21\_batch_logs\daily_dr_memory_tianjin_1day\household_s5_shared_roommates_irregular_mpc_dynamic_tianjin_d10_hist_d10_1_2025-06-10_1day.log,D:\Pycharm_project\PycharmProjects\EnergyBridge\benchmark_results\2026-07-21\household_s5_shared_roommates_irregular_mpc_dynamic_tianjin_d10_hist_d10_1_2025-06-10_1day\run_summary.txt,0,65.073347,65.073347,44.031179,1.01389,normalized TOU cost/kWh,D:\Pycharm_project\PycharmProjects\EnergyBridge\experiments\real_data\tianjin_tou_price_normalized.csv,2.3482,2.3482,0.0,0.0,2.612,1.0,1.0,"['dishwasher', 'dryer', 'ev', 'washer', 'water_heater']",[],[]
household_s2_multigeneration_caregiver,household_s2_multigeneration_caregiver,mpc_dynamic,Germany,1,2025-06-11,d11_hist_d11_1,hist_d11_1,11,D:\Pycharm_project\PycharmProjects\EnergyBridge\experiments\real_data\germany_2025_price.csv,18.0,1.0,D:\Pycharm_project\PycharmProjects\EnergyBridge\benchmark_results\2026-07-21\_batch_logs\daily_event_configs\d11_hist_d11_1.json,skipped_done,0,0.0,D:\Pycharm_project\PycharmProjects\EnergyBridge\benchmark_results\2026-07-21\household_s2_multigeneration_caregiver_mpc_dynamic_germany_d11_hist_d11_1_2025-06-11_1day,D:\Pycharm_project\PycharmProjects\EnergyBridge\benchmark_results\2026-07-21\_batch_logs\daily_dr_memory_germany_1day\household_s2_multigeneration_caregiver_mpc_dynamic_germany_d11_hist_d11_1_2025-06-11_1day.log,D:\Pycharm_project\PycharmProjects\EnergyBridge\benchmark_results\2026-07-21\household_s2_multigeneration_caregiver_mpc_dynamic_germany_d11_hist_d11_1_2025-06-11_1day\run_summary.txt,0,51.109229,51.109229,14.151403,0.077868,EUR/kWh,D:\Pycharm_project\PycharmProjects\EnergyBridge\experiments\real_data\germany_2025_price.csv,7.4733,7.4733,0.0,0.0,2.55,1.0,1.0,"['dishwasher', 'dryer', 'ev', 'washer', 'water_heater']",[],[]
household_s1_dual_commuter_standard,household_s1_dual_commuter_standard,no_dr,Germany,1,2025-06-11,d11_hist_d11_1,hist_d11_1,11,D:\Pycharm_project\PycharmProjects\EnergyBridge\experiments\real_data\germany_2025_price.csv,18.0,1.0,D:\Pycharm_project\PycharmProjects\EnergyBridge\benchmark_results\2026-07-21\_batch_logs\daily_event_configs\d11_hist_d11_1.json,skipped_done,0,0.0,D:\Pycharm_project\PycharmProjects\EnergyBridge\benchmark_results\2026-07-21\household_s1_dual_commuter_standard_no_dr_germany_d11_hist_d11_1_2025-06-11_1day,D:\Pycharm_project\PycharmProjects\EnergyBridge\benchmark_results\2026-07-21\_batch_logs\daily_dr_memory_germany_1day\household_s1_dual_commuter_standard_no_dr_germany_d11_hist_d11_1_2025-06-11_1day.log,D:\Pycharm_project\PycharmProjects\EnergyBridge\benchmark_results\2026-07-21\household_s1_dual_commuter_standard_no_dr_germany_d11_hist_d11_1_2025-06-11_1day\run_summary.txt,0,57.472378,57.472378,16.208715,0.083202,EUR/kWh,D:\Pycharm_project\PycharmProjects\EnergyBridge\experiments\real_data\germany_2025_price.csv,10.4555,10.4555,1.0,1.0,,0.0,1.0,[],"['dishwasher', 'dryer', 'ev', 'washer', 'water_heater']",[]
household_s2_multigeneration_caregiver,household_s2_multigeneration_caregiver,no_dr,Germany,1,2025-06-11,d11_hist_d11_1,hist_d11_1,11,D:\Pycharm_project\PycharmProjects\EnergyBridge\experiments\real_data\germany_2025_price.csv,18.0,1.0,D:\Pycharm_project\PycharmProjects\EnergyBridge\benchmark_results\2026-07-21\_batch_logs\daily_event_configs\d11_hist_d11_1.json,skipped_done,0,0.0,D:\Pycharm_project\PycharmProjects\EnergyBridge\benchmark_results\2026-07-21\household_s2_multigeneration_caregiver_no_dr_germany_d11_hist_d11_1_2025-06-11_1day,D:\Pycharm_project\PycharmProjects\EnergyBridge\benchmark_results\2026-07-21\_batch_logs\daily_dr_memory_germany_1day\household_s2_multigeneration_caregiver_no_dr_germany_d11_hist_d11_1_2025-06-11_1day.log,D:\Pycharm_project\PycharmProjects\EnergyBridge\benchmark_results\2026-07-21\household_s2_multigeneration_caregiver_no_dr_germany_d11_hist_d11_1_2025-06-11_1day\run_summary.txt,0,49.858646,49.858646,15.483342,0.082897,EUR/kWh,D:\Pycharm_project\PycharmProjects\EnergyBridge\experiments\real_data\germany_2025_price.csv,10.4856,10.4856,1.0,1.0,,0.0,1.0,[],"['dishwasher', 'dryer', 'ev', 'washer', 'water_heater']",[]
household_s3_hybrid_work_from_home,household_s3_hybrid_work_from_home,mpc_dynamic,Germany,1,2025-06-11,d11_hist_d11_1,hist_d11_1,11,D:\Pycharm_project\PycharmProjects\EnergyBridge\experiments\real_data\germany_2025_price.csv,18.0,1.0,D:\Pycharm_project\PycharmProjects\EnergyBridge\benchmark_results\2026-07-21\_batch_logs\daily_event_configs\d11_hist_d11_1.json,skipped_done,0,0.0,D:\Pycharm_project\PycharmProjects\EnergyBridge\benchmark_results\2026-07-21\household_s3_hybrid_work_from_home_mpc_dynamic_germany_d11_hist_d11_1_2025-06-11_1day,D:\Pycharm_project\PycharmProjects\EnergyBridge\benchmark_results\2026-07-21\_batch_logs\daily_dr_memory_germany_1day\household_s3_hybrid_work_from_home_mpc_dynamic_germany_d11_hist_d11_1_2025-06-11_1day.log,D:\Pycharm_project\PycharmProjects\EnergyBridge\benchmark_results\2026-07-21\household_s3_hybrid_work_from_home_mpc_dynamic_germany_d11_hist_d11_1_2025-06-11_1day\run_summary.txt,0,55.586233,55.586233,14.573023,0.078425,EUR/kWh,D:\Pycharm_project\PycharmProjects\EnergyBridge\experiments\real_data\germany_2025_price.csv,7.2853,7.2853,0.0,0.0,2.633,1.0,1.0,"['dishwasher', 'dryer', 'ev', 'washer', 'water_heater']",[],[]
household_s4_ev_commuter_flexible,household_s4_ev_commuter_flexible,mpc_dynamic,Germany,1,2025-06-11,d11_hist_d11_1,hist_d11_1,11,D:\Pycharm_project\PycharmProjects\EnergyBridge\experiments\real_data\germany_2025_price.csv,18.0,1.0,D:\Pycharm_project\PycharmProjects\EnergyBridge\benchmark_results\2026-07-21\_batch_logs\daily_event_configs\d11_hist_d11_1.json,skipped_done,0,0.0,D:\Pycharm_project\PycharmProjects\EnergyBridge\benchmark_results\2026-07-21\household_s4_ev_commuter_flexible_mpc_dynamic_germany_d11_hist_d11_1_2025-06-11_1day,D:\Pycharm_project\PycharmProjects\EnergyBridge\benchmark_results\2026-07-21\_batch_logs\daily_dr_memory_germany_1day\household_s4_ev_commuter_flexible_mpc_dynamic_germany_d11_hist_d11_1_2025-06-11_1day.log,D:\Pycharm_project\PycharmProjects\EnergyBridge\benchmark_results\2026-07-21\household_s4_ev_commuter_flexible_mpc_dynamic_germany_d11_hist_d11_1_2025-06-11_1day\run_summary.txt,0,67.569617,67.569617,15.319578,0.079258,EUR/kWh,D:\Pycharm_project\PycharmProjects\EnergyBridge\experiments\real_data\germany_2025_price.csv,7.4498,7.4498,0.0,0.0,2.65,1.0,1.0,"['dishwasher', 'dryer', 'ev', 'washer', 'water_heater']",[],[]
household_s3_hybrid_work_from_home,household_s3_hybrid_work_from_home,no_dr,Germany,1,2025-06-11,d11_hist_d11_1,hist_d11_1,11,D:\Pycharm_project\PycharmProjects\EnergyBridge\experiments\real_data\germany_2025_price.csv,18.0,1.0,D:\Pycharm_project\PycharmProjects\EnergyBridge\benchmark_results\2026-07-21\_batch_logs\daily_event_configs\d11_hist_d11_1.json,skipped_done,0,0.0,D:\Pycharm_project\PycharmProjects\EnergyBridge\benchmark_results\2026-07-21\household_s3_hybrid_work_from_home_no_dr_germany_d11_hist_d11_1_2025-06-11_1day,D:\Pycharm_project\PycharmProjects\EnergyBridge\benchmark_results\2026-07-21\_batch_logs\daily_dr_memory_germany_1day\household_s3_hybrid_work_from_home_no_dr_germany_d11_hist_d11_1_2025-06-11_1day.log,D:\Pycharm_project\PycharmProjects\EnergyBridge\benchmark_results\2026-07-21\household_s3_hybrid_work_from_home_no_dr_germany_d11_hist_d11_1_2025-06-11_1day\run_summary.txt,0,53.614953,53.614953,15.842597,0.083148,EUR/kWh,D:\Pycharm_project\PycharmProjects\EnergyBridge\experiments\real_data\germany_2025_price.csv,10.4651,10.4651,1.0,1.0,,0.0,0.8,[],"['dishwasher', 'dryer', 'ev', 'washer', 'water_heater']",[]
household_s4_ev_commuter_flexible,household_s4_ev_commuter_flexible,no_dr,Germany,1,2025-06-11,d11_hist_d11_1,hist_d11_1,11,D:\Pycharm_project\PycharmProjects\EnergyBridge\experiments\real_data\germany_2025_price.csv,18.0,1.0,D:\Pycharm_project\PycharmProjects\EnergyBridge\benchmark_results\2026-07-21\_batch_logs\daily_event_configs\d11_hist_d11_1.json,skipped_done,0,0.0,D:\Pycharm_project\PycharmProjects\EnergyBridge\benchmark_results\2026-07-21\household_s4_ev_commuter_flexible_no_dr_germany_d11_hist_d11_1_2025-06-11_1day,D:\Pycharm_project\PycharmProjects\EnergyBridge\benchmark_results\2026-07-21\_batch_logs\daily_dr_memory_germany_1day\household_s4_ev_commuter_flexible_no_dr_germany_d11_hist_d11_1_2025-06-11_1day.log,D:\Pycharm_project\PycharmProjects\EnergyBridge\benchmark_results\2026-07-21\household_s4_ev_commuter_flexible_no_dr_germany_d11_hist_d11_1_2025-06-11_1day\run_summary.txt,0,61.553538,61.553538,16.580652,0.083365,EUR/kWh,D:\Pycharm_project\PycharmProjects\EnergyBridge\experiments\real_data\germany_2025_price.csv,10.4555,10.4555,1.0,1.0,,0.0,1.0,[],"['dishwasher', 'dryer', 'ev', 'washer', 'water_heater']",[]
household_s5_shared_roommates_irregular,household_s5_shared_roommates_irregular,mpc_dynamic,Germany,1,2025-06-11,d11_hist_d11_1,hist_d11_1,11,D:\Pycharm_project\PycharmProjects\EnergyBridge\experiments\real_data\germany_2025_price.csv,18.0,1.0,D:\Pycharm_project\PycharmProjects\EnergyBridge\benchmark_results\2026-07-21\_batch_logs\daily_event_configs\d11_hist_d11_1.json,skipped_done,0,0.0,D:\Pycharm_project\PycharmProjects\EnergyBridge\benchmark_results\2026-07-21\household_s5_shared_roommates_irregular_mpc_dynamic_germany_d11_hist_d11_1_2025-06-11_1day,D:\Pycharm_project\PycharmProjects\EnergyBridge\benchmark_results\2026-07-21\_batch_logs\daily_dr_memory_germany_1day\household_s5_shared_roommates_irregular_mpc_dynamic_germany_d11_hist_d11_1_2025-06-11_1day.log,D:\Pycharm_project\PycharmProjects\EnergyBridge\benchmark_results\2026-07-21\household_s5_shared_roommates_irregular_mpc_dynamic_germany_d11_hist_d11_1_2025-06-11_1day\run_summary.txt,0,59.407299,59.407299,14.58517,0.078786,EUR/kWh,D:\Pycharm_project\PycharmProjects\EnergyBridge\experiments\real_data\germany_2025_price.csv,7.4498,7.4498,0.0,0.0,2.612,1.0,1.0,"['dishwasher', 'dryer', 'ev', 'washer', 'water_heater']",[],[]
household_s5_shared_roommates_irregular,household_s5_shared_roommates_irregular,no_dr,Germany,1,2025-06-11,d11_hist_d11_1,hist_d11_1,11,D:\Pycharm_project\PycharmProjects\EnergyBridge\experiments\real_data\germany_2025_price.csv,18.0,1.0,D:\Pycharm_project\PycharmProjects\EnergyBridge\benchmark_results\2026-07-21\_batch_logs\daily_event_configs\d11_hist_d11_1.json,skipped_done,0,0.0,D:\Pycharm_project\PycharmProjects\EnergyBridge\benchmark_results\2026-07-21\household_s5_shared_roommates_irregular_no_dr_germany_d11_hist_d11_1_2025-06-11_1day,D:\Pycharm_project\PycharmProjects\EnergyBridge\benchmark_results\2026-07-21\_batch_logs\daily_dr_memory_germany_1day\household_s5_shared_roommates_irregular_no_dr_germany_d11_hist_d11_1_2025-06-11_1day.log,D:\Pycharm_project\PycharmProjects\EnergyBridge\benchmark_results\2026-07-21\household_s5_shared_roommates_irregular_no_dr_germany_d11_hist_d11_1_2025-06-11_1day\run_summary.txt,0,53.391219,53.391219,15.848204,0.083093,EUR/kWh,D:\Pycharm_project\PycharmProjects\EnergyBridge\experiments\real_data\germany_2025_price.csv,10.4555,10.4555,1.0,1.0,,0.0,1.0,[],"['dishwasher', 'dryer', 'ev', 'washer', 'water_heater']",[]
household_s1_dual_commuter_standard,household_s1_dual_commuter_standard,mpc_dynamic,Tianjin,1,2025-06-11,d11_hist_d11_1,hist_d11_1,11,D:\Pycharm_project\PycharmProjects\EnergyBridge\experiments\real_data\tianjin_tou_price_normalized.csv,18.0,1.0,D:\Pycharm_project\PycharmProjects\EnergyBridge\benchmark_results\2026-07-21\_batch_logs\daily_event_configs\d11_hist_d11_1.json,skipped_done,0,0.0,D:\Pycharm_project\PycharmProjects\EnergyBridge\benchmark_results\2026-07-21\household_s1_dual_commuter_standard_mpc_dynamic_tianjin_d11_hist_d11_1_2025-06-11_1day,D:\Pycharm_project\PycharmProjects\EnergyBridge\benchmark_results\2026-07-21\_batch_logs\daily_dr_memory_tianjin_1day\household_s1_dual_commuter_standard_mpc_dynamic_tianjin_d11_hist_d11_1_2025-06-11_1day.log,D:\Pycharm_project\PycharmProjects\EnergyBridge\benchmark_results\2026-07-21\household_s1_dual_commuter_standard_mpc_dynamic_tianjin_d11_hist_d11_1_2025-06-11_1day\run_summary.txt,0,81.31462,81.31462,43.089267,0.95974,normalized TOU cost/kWh,D:\Pycharm_project\PycharmProjects\EnergyBridge\experiments\real_data\tianjin_tou_price_normalized.csv,2.6768,2.6768,0.0,0.0,2.612,1.0,1.0,"['dishwasher', 'dryer', 'ev', 'washer', 'water_heater']",[],[]
household_s1_dual_commuter_standard,household_s1_dual_commuter_standard,no_dr,Tianjin,1,2025-06-11,d11_hist_d11_1,hist_d11_1,11,D:\Pycharm_project\PycharmProjects\EnergyBridge\experiments\real_data\tianjin_tou_price_normalized.csv,18.0,1.0,D:\Pycharm_project\PycharmProjects\EnergyBridge\benchmark_results\2026-07-21\_batch_logs\daily_event_configs\d11_hist_d11_1.json,skipped_done,0,0.0,D:\Pycharm_project\PycharmProjects\EnergyBridge\benchmark_results\2026-07-21\household_s1_dual_commuter_standard_no_dr_tianjin_d11_hist_d11_1_2025-06-11_1day,D:\Pycharm_project\PycharmProjects\EnergyBridge\benchmark_results\2026-07-21\_batch_logs\daily_dr_memory_tianjin_1day\household_s1_dual_commuter_standard_no_dr_tianjin_d11_hist_d11_1_2025-06-11_1day.log,D:\Pycharm_project\PycharmProjects\EnergyBridge\benchmark_results\2026-07-21\household_s1_dual_commuter_standard_no_dr_tianjin_d11_hist_d11_1_2025-06-11_1day\run_summary.txt,0,87.012536,87.012536,54.344802,1.100275,normalized TOU cost/kWh,D:\Pycharm_project\PycharmProjects\EnergyBridge\experiments\real_data\tianjin_tou_price_normalized.csv,6.2122,6.2122,1.0,1.0,,0.0,1.0,[],"['dishwasher', 'dryer', 'ev', 'washer', 'water_heater']",[]
household_s2_multigeneration_caregiver,household_s2_multigeneration_caregiver,mpc_dynamic,Tianjin,1,2025-06-11,d11_hist_d11_1,hist_d11_1,11,D:\Pycharm_project\PycharmProjects\EnergyBridge\experiments\real_data\tianjin_tou_price_normalized.csv,18.0,1.0,D:\Pycharm_project\PycharmProjects\EnergyBridge\benchmark_results\2026-07-21\_batch_logs\daily_event_configs\d11_hist_d11_1.json,skipped_done,0,0.0,D:\Pycharm_project\PycharmProjects\EnergyBridge\benchmark_results\2026-07-21\household_s2_multigeneration_caregiver_mpc_dynamic_tianjin_d11_hist_d11_1_2025-06-11_1day,D:\Pycharm_project\PycharmProjects\EnergyBridge\benchmark_results\2026-07-21\_batch_logs\daily_dr_memory_tianjin_1day\household_s2_multigeneration_caregiver_mpc_dynamic_tianjin_d11_hist_d11_1_2025-06-11_1day.log,D:\Pycharm_project\PycharmProjects\EnergyBridge\benchmark_results\2026-07-21\household_s2_multigeneration_caregiver_mpc_dynamic_tianjin_d11_hist_d11_1_2025-06-11_1day\run_summary.txt,0,75.01961,75.01961,43.76289,1.064632,normalized TOU cost/kWh,D:\Pycharm_project\PycharmProjects\EnergyBridge\experiments\real_data\tianjin_tou_price_normalized.csv,2.7971,2.7971,0.0,0.0,2.55,1.0,1.0,"['dishwasher', 'dryer', 'ev', 'washer', 'water_heater']",[],[]
household_s3_hybrid_work_from_home,household_s3_hybrid_work_from_home,mpc_dynamic,Tianjin,1,2025-06-11,d11_hist_d11_1,hist_d11_1,11,D:\Pycharm_project\PycharmProjects\EnergyBridge\experiments\real_data\tianjin_tou_price_normalized.csv,18.0,1.0,D:\Pycharm_project\PycharmProjects\EnergyBridge\benchmark_results\2026-07-21\_batch_logs\daily_event_configs\d11_hist_d11_1.json,skipped_done,0,0.0,D:\Pycharm_project\PycharmProjects\EnergyBridge\benchmark_results\2026-07-21\household_s3_hybrid_work_from_home_mpc_dynamic_tianjin_d11_hist_d11_1_2025-06-11_1day,D:\Pycharm_project\PycharmProjects\EnergyBridge\benchmark_results\2026-07-21\_batch_logs\daily_dr_memory_tianjin_1day\household_s3_hybrid_work_from_home_mpc_dynamic_tianjin_d11_hist_d11_1_2025-06-11_1day.log,D:\Pycharm_project\PycharmProjects\EnergyBridge\benchmark_results\2026-07-21\household_s3_hybrid_work_from_home_mpc_dynamic_tianjin_d11_hist_d11_1_2025-06-11_1day\run_summary.txt,0,78.341236,78.341236,43.806706,0.997137,normalized TOU cost/kWh,D:\Pycharm_project\PycharmProjects\EnergyBridge\experiments\real_data\tianjin_tou_price_normalized.csv,2.524,2.524,0.0,0.0,2.633,1.0,1.0,"['dishwasher', 'dryer', 'ev', 'washer', 'water_heater']",[],[]
household_s2_multigeneration_caregiver,household_s2_multigeneration_caregiver,no_dr,Tianjin,1,2025-06-11,d11_hist_d11_1,hist_d11_1,11,D:\Pycharm_project\PycharmProjects\EnergyBridge\experiments\real_data\tianjin_tou_price_normalized.csv,18.0,1.0,D:\Pycharm_project\PycharmProjects\EnergyBridge\benchmark_results\2026-07-21\_batch_logs\daily_event_configs\d11_hist_d11_1.json,skipped_done,0,0.0,D:\Pycharm_project\PycharmProjects\EnergyBridge\benchmark_results\2026-07-21\household_s2_multigeneration_caregiver_no_dr_tianjin_d11_hist_d11_1_2025-06-11_1day,D:\Pycharm_project\PycharmProjects\EnergyBridge\benchmark_results\2026-07-21\_batch_logs\daily_dr_memory_tianjin_1day\household_s2_multigeneration_caregiver_no_dr_tianjin_d11_hist_d11_1_2025-06-11_1day.log,D:\Pycharm_project\PycharmProjects\EnergyBridge\benchmark_results\2026-07-21\household_s2_multigeneration_caregiver_no_dr_tianjin_d11_hist_d11_1_2025-06-11_1day\run_summary.txt,0,79.845729,79.845729,52.758139,1.154377,normalized TOU cost/kWh,D:\Pycharm_project\PycharmProjects\EnergyBridge\experiments\real_data\tianjin_tou_price_normalized.csv,6.2574,6.2574,1.0,1.0,,0.0,1.0,[],"['dishwasher', 'dryer', 'ev', 'washer', 'water_heater']",[]
household_s3_hybrid_work_from_home,household_s3_hybrid_work_from_home,no_dr,Tianjin,1,2025-06-11,d11_hist_d11_1,hist_d11_1,11,D:\Pycharm_project\PycharmProjects\EnergyBridge\experiments\real_data\tianjin_tou_price_normalized.csv,18.0,1.0,D:\Pycharm_project\PycharmProjects\EnergyBridge\benchmark_results\2026-07-21\_batch_logs\daily_event_configs\d11_hist_d11_1.json,skipped_done,0,0.0,D:\Pycharm_project\PycharmProjects\EnergyBridge\benchmark_results\2026-07-21\household_s3_hybrid_work_from_home_no_dr_tianjin_d11_hist_d11_1_2025-06-11_1day,D:\Pycharm_project\PycharmProjects\EnergyBridge\benchmark_results\2026-07-21\_batch_logs\daily_dr_memory_tianjin_1day\household_s3_hybrid_work_from_home_no_dr_tianjin_d11_hist_d11_1_2025-06-11_1day.log,D:\Pycharm_project\PycharmProjects\EnergyBridge\benchmark_results\2026-07-21\household_s3_hybrid_work_from_home_no_dr_tianjin_d11_hist_d11_1_2025-06-11_1day\run_summary.txt,0,80.743102,80.743102,52.683969,1.124422,normalized TOU cost/kWh,D:\Pycharm_project\PycharmProjects\EnergyBridge\experiments\real_data\tianjin_tou_price_normalized.csv,6.2183,6.2183,1.0,1.0,,0.0,0.8,[],"['dishwasher', 'dryer', 'ev', 'washer', 'water_heater']",[]
household_s4_ev_commuter_flexible,household_s4_ev_commuter_flexible,mpc_dynamic,Tianjin,1,2025-06-11,d11_hist_d11_1,hist_d11_1,11,D:\Pycharm_project\PycharmProjects\EnergyBridge\experiments\real_data\tianjin_tou_price_normalized.csv,18.0,1.0,D:\Pycharm_project\PycharmProjects\EnergyBridge\benchmark_results\2026-07-21\_batch_logs\daily_event_configs\d11_hist_d11_1.json,skipped_done,0,0.0,D:\Pycharm_project\PycharmProjects\EnergyBridge\benchmark_results\2026-07-21\household_s4_ev_commuter_flexible_mpc_dynamic_tianjin_d11_hist_d11_1_2025-06-11_1day,D:\Pycharm_project\PycharmProjects\EnergyBridge\benchmark_results\2026-07-21\_batch_logs\daily_dr_memory_tianjin_1day\household_s4_ev_commuter_flexible_mpc_dynamic_tianjin_d11_hist_d11_1_2025-06-11_1day.log,D:\Pycharm_project\PycharmProjects\EnergyBridge\benchmark_results\2026-07-21\household_s4_ev_commuter_flexible_mpc_dynamic_tianjin_d11_hist_d11_1_2025-06-11_1day\run_summary.txt,0,83.3552,83.3552,43.905499,0.935406,normalized TOU cost/kWh,D:\Pycharm_project\PycharmProjects\EnergyBridge\experiments\real_data\tianjin_tou_price_normalized.csv,2.6768,2.6768,0.0,0.0,2.65,1.0,1.0,"['dishwasher', 'dryer', 'ev', 'washer', 'water_heater']",[],[]
household_s4_ev_commuter_flexible,household_s4_ev_commuter_flexible,no_dr,Tianjin,1,2025-06-11,d11_hist_d11_1,hist_d11_1,11,D:\Pycharm_project\PycharmProjects\EnergyBridge\experiments\real_data\tianjin_tou_price_normalized.csv,18.0,1.0,D:\Pycharm_project\PycharmProjects\EnergyBridge\benchmark_results\2026-07-21\_batch_logs\daily_event_configs\d11_hist_d11_1.json,skipped_done,0,0.0,D:\Pycharm_project\PycharmProjects\EnergyBridge\benchmark_results\2026-07-21\household_s4_ev_commuter_flexible_no_dr_tianjin_d11_hist_d11_1_2025-06-11_1day,D:\Pycharm_project\PycharmProjects\EnergyBridge\benchmark_results\2026-07-21\_batch_logs\daily_dr_memory_tianjin_1day\household_s4_ev_commuter_flexible_no_dr_tianjin_d11_hist_d11_1_2025-06-11_1day.log,D:\Pycharm_project\PycharmProjects\EnergyBridge\benchmark_results\2026-07-21\household_s4_ev_commuter_flexible_no_dr_tianjin_d11_hist_d11_1_2025-06-11_1day\run_summary.txt,0,91.418334,91.418334,55.791759,1.076504,normalized TOU cost/kWh,D:\Pycharm_project\PycharmProjects\EnergyBridge\experiments\real_data\tianjin_tou_price_normalized.csv,6.2122,6.2122,1.0,1.0,,0.0,1.0,[],"['dishwasher', 'dryer', 'ev', 'washer', 'water_heater']",[]
household_s1_dual_commuter_standard,household_s1_dual_commuter_standard,mpc_dynamic,Germany,1,2025-06-12,d12_hist_d12_1,hist_d12_1,12,D:\Pycharm_project\PycharmProjects\EnergyBridge\experiments\real_data\germany_2025_price.csv,18.0,1.0,D:\Pycharm_project\PycharmProjects\EnergyBridge\benchmark_results\2026-07-21\_batch_logs\daily_event_configs\d12_hist_d12_1.json,skipped_done,0,0.0,D:\Pycharm_project\PycharmProjects\EnergyBridge\benchmark_results\2026-07-21\household_s1_dual_commuter_standard_mpc_dynamic_germany_d12_hist_d12_1_2025-06-12_1day,D:\Pycharm_project\PycharmProjects\EnergyBridge\benchmark_results\2026-07-21\_batch_logs\daily_dr_memory_germany_1day\household_s1_dual_commuter_standard_mpc_dynamic_germany_d12_hist_d12_1_2025-06-12_1day.log,D:\Pycharm_project\PycharmProjects\EnergyBridge\benchmark_results\2026-07-21\household_s1_dual_commuter_standard_mpc_dynamic_germany_d12_hist_d12_1_2025-06-12_1day\run_summary.txt,0,68.312602,68.312602,10.986189,0.063472,EUR/kWh,D:\Pycharm_project\PycharmProjects\EnergyBridge\experiments\real_data\germany_2025_price.csv,8.0308,8.0308,0.0,0.0,2.612,1.0,1.0,"['dishwasher', 'dryer', 'ev', 'washer', 'water_heater']",[],[]
household_s5_shared_roommates_irregular,household_s5_shared_roommates_irregular,mpc_dynamic,Tianjin,1,2025-06-11,d11_hist_d11_1,hist_d11_1,11,D:\Pycharm_project\PycharmProjects\EnergyBridge\experiments\real_data\tianjin_tou_price_normalized.csv,18.0,1.0,D:\Pycharm_project\PycharmProjects\EnergyBridge\benchmark_results\2026-07-21\_batch_logs\daily_event_configs\d11_hist_d11_1.json,skipped_done,0,0.0,D:\Pycharm_project\PycharmProjects\EnergyBridge\benchmark_results\2026-07-21\household_s5_shared_roommates_irregular_mpc_dynamic_tianjin_d11_hist_d11_1_2025-06-11_1day,D:\Pycharm_project\PycharmProjects\EnergyBridge\benchmark_results\2026-07-21\_batch_logs\daily_dr_memory_tianjin_1day\household_s5_shared_roommates_irregular_mpc_dynamic_tianjin_d11_hist_d11_1_2025-06-11_1day.log,D:\Pycharm_project\PycharmProjects\EnergyBridge\benchmark_results\2026-07-21\household_s5_shared_roommates_irregular_mpc_dynamic_tianjin_d11_hist_d11_1_2025-06-11_1day\run_summary.txt,0,79.274041,79.274041,42.273035,0.986392,normalized TOU cost/kWh,D:\Pycharm_project\PycharmProjects\EnergyBridge\experiments\real_data\tianjin_tou_price_normalized.csv,2.6768,2.6768,0.0,0.0,2.66,1.0,1.0,"['dishwasher', 'dryer', 'ev', 'washer', 'water_heater']",[],[]
household_s5_shared_roommates_irregular,household_s5_shared_roommates_irregular,no_dr,Tianjin,1,2025-06-11,d11_hist_d11_1,hist_d11_1,11,D:\Pycharm_project\PycharmProjects\EnergyBridge\experiments\real_data\tianjin_tou_price_normalized.csv,18.0,1.0,D:\Pycharm_project\PycharmProjects\EnergyBridge\benchmark_results\2026-07-21\_batch_logs\daily_event_configs\d11_hist_d11_1.json,skipped_done,0,0.0,D:\Pycharm_project\PycharmProjects\EnergyBridge\benchmark_results\2026-07-21\household_s5_shared_roommates_irregular_no_dr_tianjin_d11_hist_d11_1_2025-06-11_1day,D:\Pycharm_project\PycharmProjects\EnergyBridge\benchmark_results\2026-07-21\_batch_logs\daily_dr_memory_tianjin_1day\household_s5_shared_roommates_irregular_no_dr_tianjin_d11_hist_d11_1_2025-06-11_1day.log,D:\Pycharm_project\PycharmProjects\EnergyBridge\benchmark_results\2026-07-21\household_s5_shared_roommates_irregular_no_dr_tianjin_d11_hist_d11_1_2025-06-11_1day\run_summary.txt,0,80.337174,80.337174,52.292629,1.122666,normalized TOU cost/kWh,D:\Pycharm_project\PycharmProjects\EnergyBridge\experiments\real_data\tianjin_tou_price_normalized.csv,6.2122,6.2122,1.0,1.0,,0.0,1.0,[],"['dishwasher', 'dryer', 'ev', 'washer', 'water_heater']",[]
household_s1_dual_commuter_standard,household_s1_dual_commuter_standard,no_dr,Germany,1,2025-06-12,d12_hist_d12_1,hist_d12_1,12,D:\Pycharm_project\PycharmProjects\EnergyBridge\experiments\real_data\germany_2025_price.csv,18.0,1.0,D:\Pycharm_project\PycharmProjects\EnergyBridge\benchmark_results\2026-07-21\_batch_logs\daily_event_configs\d12_hist_d12_1.json,skipped_done,0,0.0,D:\Pycharm_project\PycharmProjects\EnergyBridge\benchmark_results\2026-07-21\household_s1_dual_commuter_standard_no_dr_germany_d12_hist_d12_1_2025-06-12_1day,D:\Pycharm_project\PycharmProjects\EnergyBridge\benchmark_results\2026-07-21\_batch_logs\daily_dr_memory_germany_1day\household_s1_dual_commuter_standard_no_dr_germany_d12_hist_d12_1_2025-06-12_1day.log,D:\Pycharm_project\PycharmProjects\EnergyBridge\benchmark_results\2026-07-21\household_s1_dual_commuter_standard_no_dr_germany_d12_hist_d12_1_2025-06-12_1day\run_summary.txt,0,63.455354,63.455354,12.074302,0.06646,EUR/kWh,D:\Pycharm_project\PycharmProjects\EnergyBridge\experiments\real_data\germany_2025_price.csv,10.8065,10.8065,1.0,1.0,,0.0,1.0,[],"['dishwasher', 'dryer', 'ev', 'washer', 'water_heater']",[]
household_s2_multigeneration_caregiver,household_s2_multigeneration_caregiver,mpc_dynamic,Germany,1,2025-06-12,d12_hist_d12_1,hist_d12_1,12,D:\Pycharm_project\PycharmProjects\EnergyBridge\experiments\real_data\germany_2025_price.csv,18.0,1.0,D:\Pycharm_project\PycharmProjects\EnergyBridge\benchmark_results\2026-07-21\_batch_logs\daily_event_configs\d12_hist_d12_1.json,skipped_done,0,0.0,D:\Pycharm_project\PycharmProjects\EnergyBridge\benchmark_results\2026-07-21\household_s2_multigeneration_caregiver_mpc_dynamic_germany_d12_hist_d12_1_2025-06-12_1day,D:\Pycharm_project\PycharmProjects\EnergyBridge\benchmark_results\2026-07-21\_batch_logs\daily_dr_memory_germany_1day\household_s2_multigeneration_caregiver_mpc_dynamic_germany_d12_hist_d12_1_2025-06-12_1day.log,D:\Pycharm_project\PycharmProjects\EnergyBridge\benchmark_results\2026-07-21\household_s2_multigeneration_caregiver_mpc_dynamic_germany_d12_hist_d12_1_2025-06-12_1day\run_summary.txt,0,59.429035,59.429035,10.863502,0.062261,EUR/kWh,D:\Pycharm_project\PycharmProjects\EnergyBridge\experiments\real_data\germany_2025_price.csv,7.8477,7.8477,0.0,0.0,2.55,1.0,1.0,"['dishwasher', 'dryer', 'ev', 'washer', 'water_heater']",[],[]
household_s3_hybrid_work_from_home,household_s3_hybrid_work_from_home,no_dr,Germany,1,2025-06-12,d12_hist_d12_1,hist_d12_1,12,D:\Pycharm_project\PycharmProjects\EnergyBridge\experiments\real_data\germany_2025_price.csv,18.0,1.0,D:\Pycharm_project\PycharmProjects\EnergyBridge\benchmark_results\2026-07-21\_batch_logs\daily_event_configs\d12_hist_d12_1.json,skipped_done,0,0.0,D:\Pycharm_project\PycharmProjects\EnergyBridge\benchmark_results\2026-07-21\household_s3_hybrid_work_from_home_no_dr_germany_d12_hist_d12_1_2025-06-12_1day,D:\Pycharm_project\PycharmProjects\EnergyBridge\benchmark_results\2026-07-21\_batch_logs\daily_dr_memory_germany_1day\household_s3_hybrid_work_from_home_no_dr_germany_d12_hist_d12_1_2025-06-12_1day.log,D:\Pycharm_project\PycharmProjects\EnergyBridge\benchmark_results\2026-07-21\household_s3_hybrid_work_from_home_no_dr_germany_d12_hist_d12_1_2025-06-12_1day\run_summary.txt,0,61.550638,61.550638,11.986593,0.066396,EUR/kWh,D:\Pycharm_project\PycharmProjects\EnergyBridge\experiments\real_data\germany_2025_price.csv,10.8162,10.8162,1.0,1.0,,0.0,0.8,[],"['dishwasher', 'dryer', 'ev', 'washer', 'water_heater']",[]
household_s2_multigeneration_caregiver,household_s2_multigeneration_caregiver,no_dr,Germany,1,2025-06-12,d12_hist_d12_1,hist_d12_1,12,D:\Pycharm_project\PycharmProjects\EnergyBridge\experiments\real_data\germany_2025_price.csv,18.0,1.0,D:\Pycharm_project\PycharmProjects\EnergyBridge\benchmark_results\2026-07-21\_batch_logs\daily_event_configs\d12_hist_d12_1.json,skipped_done,0,0.0,D:\Pycharm_project\PycharmProjects\EnergyBridge\benchmark_results\2026-07-21\household_s2_multigeneration_caregiver_no_dr_germany_d12_hist_d12_1_2025-06-12_1day,D:\Pycharm_project\PycharmProjects\EnergyBridge\benchmark_results\2026-07-21\_batch_logs\daily_dr_memory_germany_1day\household_s2_multigeneration_caregiver_no_dr_germany_d12_hist_d12_1_2025-06-12_1day.log,D:\Pycharm_project\PycharmProjects\EnergyBridge\benchmark_results\2026-07-21\household_s2_multigeneration_caregiver_no_dr_germany_d12_hist_d12_1_2025-06-12_1day\run_summary.txt,0,54.938871,54.938871,11.709922,0.06583,EUR/kWh,D:\Pycharm_project\PycharmProjects\EnergyBridge\experiments\real_data\germany_2025_price.csv,10.8482,10.8482,1.0,1.0,,0.0,1.0,[],"['dishwasher', 'dryer', 'ev', 'washer', 'water_heater']",[]
household_s3_hybrid_work_from_home,household_s3_hybrid_work_from_home,mpc_dynamic,Germany,1,2025-06-12,d12_hist_d12_1,hist_d12_1,12,D:\Pycharm_project\PycharmProjects\EnergyBridge\experiments\real_data\germany_2025_price.csv,18.0,1.0,D:\Pycharm_project\PycharmProjects\EnergyBridge\benchmark_results\2026-07-21\_batch_logs\daily_event_configs\d12_hist_d12_1.json,skipped_done,0,0.0,D:\Pycharm_project\PycharmProjects\EnergyBridge\benchmark_results\2026-07-21\household_s3_hybrid_work_from_home_mpc_dynamic_germany_d12_hist_d12_1_2025-06-12_1day,D:\Pycharm_project\PycharmProjects\EnergyBridge\benchmark_results\2026-07-21\_batch_logs\daily_dr_memory_germany_1day\household_s3_hybrid_work_from_home_mpc_dynamic_germany_d12_hist_d12_1_2025-06-12_1day.log,D:\Pycharm_project\PycharmProjects\EnergyBridge\benchmark_results\2026-07-21\household_s3_hybrid_work_from_home_mpc_dynamic_germany_d12_hist_d12_1_2025-06-12_1day\run_summary.txt,0,61.104046,61.104046,10.88367,0.062809,EUR/kWh,D:\Pycharm_project\PycharmProjects\EnergyBridge\experiments\real_data\germany_2025_price.csv,7.7411,7.7411,0.0,0.0,2.633,1.0,1.0,"['dishwasher', 'dryer', 'ev', 'washer', 'water_heater']",[],[]
household_s4_ev_commuter_flexible,household_s4_ev_commuter_flexible,mpc_dynamic,Germany,1,2025-06-12,d12_hist_d12_1,hist_d12_1,12,D:\Pycharm_project\PycharmProjects\EnergyBridge\experiments\real_data\germany_2025_price.csv,18.0,1.0,D:\Pycharm_project\PycharmProjects\EnergyBridge\benchmark_results\2026-07-21\_batch_logs\daily_event_configs\d12_hist_d12_1.json,skipped_done,0,0.0,D:\Pycharm_project\PycharmProjects\EnergyBridge\benchmark_results\2026-07-21\household_s4_ev_commuter_flexible_mpc_dynamic_germany_d12_hist_d12_1_2025-06-12_1day,D:\Pycharm_project\PycharmProjects\EnergyBridge\benchmark_results\2026-07-21\_batch_logs\daily_dr_memory_germany_1day\household_s4_ev_commuter_flexible_mpc_dynamic_germany_d12_hist_d12_1_2025-06-12_1day.log,D:\Pycharm_project\PycharmProjects\EnergyBridge\benchmark_results\2026-07-21\household_s4_ev_commuter_flexible_mpc_dynamic_germany_d12_hist_d12_1_2025-06-12_1day\run_summary.txt,0,72.958979,72.958979,11.172564,0.063797,EUR/kWh,D:\Pycharm_project\PycharmProjects\EnergyBridge\experiments\real_data\germany_2025_price.csv,8.0308,8.0308,0.0,0.0,2.67,1.0,1.0,"['dishwasher', 'dryer', 'ev', 'washer', 'water_heater']",[],[]
household_s4_ev_commuter_flexible,household_s4_ev_commuter_flexible,no_dr,Germany,1,2025-06-12,d12_hist_d12_1,hist_d12_1,12,D:\Pycharm_project\PycharmProjects\EnergyBridge\experiments\real_data\germany_2025_price.csv,18.0,1.0,D:\Pycharm_project\PycharmProjects\EnergyBridge\benchmark_results\2026-07-21\_batch_logs\daily_event_configs\d12_hist_d12_1.json,skipped_done,0,0.0,D:\Pycharm_project\PycharmProjects\EnergyBridge\benchmark_results\2026-07-21\household_s4_ev_commuter_flexible_no_dr_germany_d12_hist_d12_1_2025-06-12_1day,D:\Pycharm_project\PycharmProjects\EnergyBridge\benchmark_results\2026-07-21\_batch_logs\daily_dr_memory_germany_1day\household_s4_ev_commuter_flexible_no_dr_germany_d12_hist_d12_1_2025-06-12_1day.log,D:\Pycharm_project\PycharmProjects\EnergyBridge\benchmark_results\2026-07-21\household_s4_ev_commuter_flexible_no_dr_germany_d12_hist_d12_1_2025-06-12_1day\run_summary.txt,0,67.122021,67.122021,12.193732,0.066621,EUR/kWh,D:\Pycharm_project\PycharmProjects\EnergyBridge\experiments\real_data\germany_2025_price.csv,10.8065,10.8065,1.0,1.0,,0.0,1.0,[],"['dishwasher', 'dryer', 'ev', 'washer', 'water_heater']",[]
household_s5_shared_roommates_irregular,household_s5_shared_roommates_irregular,mpc_dynamic,Germany,1,2025-06-12,d12_hist_d12_1,hist_d12_1,12,D:\Pycharm_project\PycharmProjects\EnergyBridge\experiments\real_data\germany_2025_price.csv,18.0,1.0,D:\Pycharm_project\PycharmProjects\EnergyBridge\benchmark_results\2026-07-21\_batch_logs\daily_event_configs\d12_hist_d12_1.json,skipped_done,0,0.0,D:\Pycharm_project\PycharmProjects\EnergyBridge\benchmark_results\2026-07-21\household_s5_shared_roommates_irregular_mpc_dynamic_germany_d12_hist_d12_1_2025-06-12_1day,D:\Pycharm_project\PycharmProjects\EnergyBridge\benchmark_results\2026-07-21\_batch_logs\daily_dr_memory_germany_1day\household_s5_shared_roommates_irregular_mpc_dynamic_germany_d12_hist_d12_1_2025-06-12_1day.log,D:\Pycharm_project\PycharmProjects\EnergyBridge\benchmark_results\2026-07-21\household_s5_shared_roommates_irregular_mpc_dynamic_germany_d12_hist_d12_1_2025-06-12_1day\run_summary.txt,0,65.866226,65.866226,10.765069,0.062974,EUR/kWh,D:\Pycharm_project\PycharmProjects\EnergyBridge\experiments\real_data\germany_2025_price.csv,8.0308,8.0308,0.0,0.0,2.612,1.0,1.0,"['dishwasher', 'dryer', 'ev', 'washer', 'water_heater']",[],[]
household_s5_shared_roommates_irregular,household_s5_shared_roommates_irregular,no_dr,Germany,1,2025-06-12,d12_hist_d12_1,hist_d12_1,12,D:\Pycharm_project\PycharmProjects\EnergyBridge\experiments\real_data\germany_2025_price.csv,18.0,1.0,D:\Pycharm_project\PycharmProjects\EnergyBridge\benchmark_results\2026-07-21\_batch_logs\daily_event_configs\d12_hist_d12_1.json,skipped_done,0,0.0,D:\Pycharm_project\PycharmProjects\EnergyBridge\benchmark_results\2026-07-21\household_s5_shared_roommates_irregular_no_dr_germany_d12_hist_d12_1_2025-06-12_1day,D:\Pycharm_project\PycharmProjects\EnergyBridge\benchmark_results\2026-07-21\_batch_logs\daily_dr_memory_germany_1day\household_s5_shared_roommates_irregular_no_dr_germany_d12_hist_d12_1_2025-06-12_1day.log,D:\Pycharm_project\PycharmProjects\EnergyBridge\benchmark_results\2026-07-21\household_s5_shared_roommates_irregular_no_dr_germany_d12_hist_d12_1_2025-06-12_1day\run_summary.txt,0,61.301731,61.301731,11.987977,0.066341,EUR/kWh,D:\Pycharm_project\PycharmProjects\EnergyBridge\experiments\real_data\germany_2025_price.csv,10.8065,10.8065,1.0,1.0,,0.0,1.0,[],"['dishwasher', 'dryer', 'ev', 'washer', 'water_heater']",[]
household_s1_dual_commuter_standard,household_s1_dual_commuter_standard,no_dr,Tianjin,1,2025-06-12,d12_hist_d12_1,hist_d12_1,12,D:\Pycharm_project\PycharmProjects\EnergyBridge\experiments\real_data\tianjin_tou_price_normalized.csv,18.0,1.0,D:\Pycharm_project\PycharmProjects\EnergyBridge\benchmark_results\2026-07-21\_batch_logs\daily_event_configs\d12_hist_d12_1.json,skipped_done,0,0.0,D:\Pycharm_project\PycharmProjects\EnergyBridge\benchmark_results\2026-07-21\household_s1_dual_commuter_standard_no_dr_tianjin_d12_hist_d12_1_2025-06-12_1day,D:\Pycharm_project\PycharmProjects\EnergyBridge\benchmark_results\2026-07-21\_batch_logs\daily_dr_memory_tianjin_1day\household_s1_dual_commuter_standard_no_dr_tianjin_d12_hist_d12_1_2025-06-12_1day.log,D:\Pycharm_project\PycharmProjects\EnergyBridge\benchmark_results\2026-07-21\household_s1_dual_commuter_standard_no_dr_tianjin_d12_hist_d12_1_2025-06-12_1day\run_summary.txt,0,59.359326,59.359326,62.775864,1.126265,normalized TOU cost/kWh,D:\Pycharm_project\PycharmProjects\EnergyBridge\experiments\real_data\tianjin_tou_price_normalized.csv,3.822,3.822,1.0,1.0,,0.0,1.0,[],"['dishwasher', 'dryer', 'ev', 'washer', 'water_heater']",[]
household_s1_dual_commuter_standard,household_s1_dual_commuter_standard,mpc_dynamic,Tianjin,1,2025-06-12,d12_hist_d12_1,hist_d12_1,12,D:\Pycharm_project\PycharmProjects\EnergyBridge\experiments\real_data\tianjin_tou_price_normalized.csv,18.0,1.0,D:\Pycharm_project\PycharmProjects\EnergyBridge\benchmark_results\2026-07-21\_batch_logs\daily_event_configs\d12_hist_d12_1.json,skipped_done,0,0.0,D:\Pycharm_project\PycharmProjects\EnergyBridge\benchmark_results\2026-07-21\household_s1_dual_commuter_standard_mpc_dynamic_tianjin_d12_hist_d12_1_2025-06-12_1day,D:\Pycharm_project\PycharmProjects\EnergyBridge\benchmark_results\2026-07-21\_batch_logs\daily_dr_memory_tianjin_1day\household_s1_dual_commuter_standard_mpc_dynamic_tianjin_d12_hist_d12_1_2025-06-12_1day.log,D:\Pycharm_project\PycharmProjects\EnergyBridge\benchmark_results\2026-07-21\household_s1_dual_commuter_standard_mpc_dynamic_tianjin_d12_hist_d12_1_2025-06-12_1day\run_summary.txt,0,61.796568,61.796568,58.311938,1.07932,normalized TOU cost/kWh,D:\Pycharm_project\PycharmProjects\EnergyBridge\experiments\real_data\tianjin_tou_price_normalized.csv,1.3792,1.3792,0.0,0.0,2.612,1.0,1.0,"['dishwasher', 'dryer', 'ev', 'washer', 'water_heater']",[],[]
household_s2_multigeneration_caregiver,household_s2_multigeneration_caregiver,mpc_dynamic,Tianjin,1,2025-06-12,d12_hist_d12_1,hist_d12_1,12,D:\Pycharm_project\PycharmProjects\EnergyBridge\experiments\real_data\tianjin_tou_price_normalized.csv,18.0,1.0,D:\Pycharm_project\PycharmProjects\EnergyBridge\benchmark_results\2026-07-21\_batch_logs\daily_event_configs\d12_hist_d12_1.json,skipped_done,0,0.0,D:\Pycharm_project\PycharmProjects\EnergyBridge\benchmark_results\2026-07-21\household_s2_multigeneration_caregiver_mpc_dynamic_tianjin_d12_hist_d12_1_2025-06-12_1day,D:\Pycharm_project\PycharmProjects\EnergyBridge\benchmark_results\2026-07-21\_batch_logs\daily_dr_memory_tianjin_1day\household_s2_multigeneration_caregiver_mpc_dynamic_tianjin_d12_hist_d12_1_2025-06-12_1day.log,D:\Pycharm_project\PycharmProjects\EnergyBridge\benchmark_results\2026-07-21\household_s2_multigeneration_caregiver_mpc_dynamic_tianjin_d12_hist_d12_1_2025-06-12_1day\run_summary.txt,0,54.425422,54.425422,51.639586,1.096654,normalized TOU cost/kWh,D:\Pycharm_project\PycharmProjects\EnergyBridge\experiments\real_data\tianjin_tou_price_normalized.csv,1.4578,1.4578,0.0,0.0,2.55,1.0,1.0,"['dishwasher', 'dryer', 'ev', 'washer', 'water_heater']",[],[]
household_s2_multigeneration_caregiver,household_s2_multigeneration_caregiver,no_dr,Tianjin,1,2025-06-12,d12_hist_d12_1,hist_d12_1,12,D:\Pycharm_project\PycharmProjects\EnergyBridge\experiments\real_data\tianjin_tou_price_normalized.csv,18.0,1.0,D:\Pycharm_project\PycharmProjects\EnergyBridge\benchmark_results\2026-07-21\_batch_logs\daily_event_configs\d12_hist_d12_1.json,skipped_done,0,0.0,D:\Pycharm_project\PycharmProjects\EnergyBridge\benchmark_results\2026-07-21\household_s2_multigeneration_caregiver_no_dr_tianjin_d12_hist_d12_1_2025-06-12_1day,D:\Pycharm_project\PycharmProjects\EnergyBridge\benchmark_results\2026-07-21\_batch_logs\daily_dr_memory_tianjin_1day\household_s2_multigeneration_caregiver_no_dr_tianjin_d12_hist_d12_1_2025-06-12_1day.log,D:\Pycharm_project\PycharmProjects\EnergyBridge\benchmark_results\2026-07-21\household_s2_multigeneration_caregiver_no_dr_tianjin_d12_hist_d12_1_2025-06-12_1day\run_summary.txt,0,52.244241,52.244241,55.550442,1.14947,normalized TOU cost/kWh,D:\Pycharm_project\PycharmProjects\EnergyBridge\experiments\real_data\tianjin_tou_price_normalized.csv,3.8596,3.8596,1.0,1.0,,0.0,1.0,[],"['dishwasher', 'dryer', 'ev', 'washer', 'water_heater']",[]
household_s3_hybrid_work_from_home,household_s3_hybrid_work_from_home,mpc_dynamic,Tianjin,1,2025-06-12,d12_hist_d12_1,hist_d12_1,12,D:\Pycharm_project\PycharmProjects\EnergyBridge\experiments\real_data\tianjin_tou_price_normalized.csv,18.0,1.0,D:\Pycharm_project\PycharmProjects\EnergyBridge\benchmark_results\2026-07-21\_batch_logs\daily_event_configs\d12_hist_d12_1.json,skipped_done,0,0.0,D:\Pycharm_project\PycharmProjects\EnergyBridge\benchmark_results\2026-07-21\household_s3_hybrid_work_from_home_mpc_dynamic_tianjin_d12_hist_d12_1_2025-06-12_1day,D:\Pycharm_project\PycharmProjects\EnergyBridge\benchmark_results\2026-07-21\_batch_logs\daily_dr_memory_tianjin_1day\household_s3_hybrid_work_from_home_mpc_dynamic_tianjin_d12_hist_d12_1_2025-06-12_1day.log,D:\Pycharm_project\PycharmProjects\EnergyBridge\benchmark_results\2026-07-21\household_s3_hybrid_work_from_home_mpc_dynamic_tianjin_d12_hist_d12_1_2025-06-12_1day\run_summary.txt,0,57.948084,57.948084,55.284549,1.089908,normalized TOU cost/kWh,D:\Pycharm_project\PycharmProjects\EnergyBridge\experiments\real_data\tianjin_tou_price_normalized.csv,1.3025,1.3025,0.0,0.0,2.633,1.0,1.0,"['dishwasher', 'dryer', 'ev', 'washer', 'water_heater']",[],[]
household_s4_ev_commuter_flexible,household_s4_ev_commuter_flexible,mpc_dynamic,Tianjin,1,2025-06-12,d12_hist_d12_1,hist_d12_1,12,D:\Pycharm_project\PycharmProjects\EnergyBridge\experiments\real_data\tianjin_tou_price_normalized.csv,18.0,1.0,D:\Pycharm_project\PycharmProjects\EnergyBridge\benchmark_results\2026-07-21\_batch_logs\daily_event_configs\d12_hist_d12_1.json,skipped_done,0,0.0,D:\Pycharm_project\PycharmProjects\EnergyBridge\benchmark_results\2026-07-21\household_s4_ev_commuter_flexible_mpc_dynamic_tianjin_d12_hist_d12_1_2025-06-12_1day,D:\Pycharm_project\PycharmProjects\EnergyBridge\benchmark_results\2026-07-21\_batch_logs\daily_dr_memory_tianjin_1day\household_s4_ev_commuter_flexible_mpc_dynamic_tianjin_d12_hist_d12_1_2025-06-12_1day.log,D:\Pycharm_project\PycharmProjects\EnergyBridge\benchmark_results\2026-07-21\household_s4_ev_commuter_flexible_mpc_dynamic_tianjin_d12_hist_d12_1_2025-06-12_1day\run_summary.txt,0,65.877727,65.877727,62.393098,1.073749,normalized TOU cost/kWh,D:\Pycharm_project\PycharmProjects\EnergyBridge\experiments\real_data\tianjin_tou_price_normalized.csv,1.3792,1.3792,0.0,0.0,2.65,1.0,1.0,"['dishwasher', 'dryer', 'ev', 'washer', 'water_heater']",[],[]
household_s3_hybrid_work_from_home,household_s3_hybrid_work_from_home,no_dr,Tianjin,1,2025-06-12,d12_hist_d12_1,hist_d12_1,12,D:\Pycharm_project\PycharmProjects\EnergyBridge\experiments\real_data\tianjin_tou_price_normalized.csv,18.0,1.0,D:\Pycharm_project\PycharmProjects\EnergyBridge\benchmark_results\2026-07-21\_batch_logs\daily_event_configs\d12_hist_d12_1.json,skipped_done,0,0.0,D:\Pycharm_project\PycharmProjects\EnergyBridge\benchmark_results\2026-07-21\household_s3_hybrid_work_from_home_no_dr_tianjin_d12_hist_d12_1_2025-06-12_1day,D:\Pycharm_project\PycharmProjects\EnergyBridge\benchmark_results\2026-07-21\_batch_logs\daily_dr_memory_tianjin_1day\household_s3_hybrid_work_from_home_no_dr_tianjin_d12_hist_d12_1_2025-06-12_1day.log,D:\Pycharm_project\PycharmProjects\EnergyBridge\benchmark_results\2026-07-21\household_s3_hybrid_work_from_home_no_dr_tianjin_d12_hist_d12_1_2025-06-12_1day\run_summary.txt,0,55.639065,55.639065,59.056262,1.137526,normalized TOU cost/kWh,D:\Pycharm_project\PycharmProjects\EnergyBridge\experiments\real_data\tianjin_tou_price_normalized.csv,3.8228,3.8228,1.0,1.0,,0.0,0.8,[],"['dishwasher', 'dryer', 'ev', 'washer', 'water_heater']",[]
household_s4_ev_commuter_flexible,household_s4_ev_commuter_flexible,no_dr,Tianjin,1,2025-06-12,d12_hist_d12_1,hist_d12_1,12,D:\Pycharm_project\PycharmProjects\EnergyBridge\experiments\real_data\tianjin_tou_price_normalized.csv,18.0,1.0,D:\Pycharm_project\PycharmProjects\EnergyBridge\benchmark_results\2026-07-21\_batch_logs\daily_event_configs\d12_hist_d12_1.json,skipped_done,0,0.0,D:\Pycharm_project\PycharmProjects\EnergyBridge\benchmark_results\2026-07-21\household_s4_ev_commuter_flexible_no_dr_tianjin_d12_hist_d12_1_2025-06-12_1day,D:\Pycharm_project\PycharmProjects\EnergyBridge\benchmark_results\2026-07-21\_batch_logs\daily_dr_memory_tianjin_1day\household_s4_ev_commuter_flexible_no_dr_tianjin_d12_hist_d12_1_2025-06-12_1day.log,D:\Pycharm_project\PycharmProjects\EnergyBridge\benchmark_results\2026-07-21\household_s4_ev_commuter_flexible_no_dr_tianjin_d12_hist_d12_1_2025-06-12_1day\run_summary.txt,0,63.440486,63.440486,66.857023,1.117651,normalized TOU cost/kWh,D:\Pycharm_project\PycharmProjects\EnergyBridge\experiments\real_data\tianjin_tou_price_normalized.csv,3.822,3.822,1.0,1.0,,0.0,1.0,[],"['dishwasher', 'dryer', 'ev', 'washer', 'water_heater']",[]
household_s5_shared_roommates_irregular,household_s5_shared_roommates_irregular,mpc_dynamic,Tianjin,1,2025-06-12,d12_hist_d12_1,hist_d12_1,12,D:\Pycharm_project\PycharmProjects\EnergyBridge\experiments\real_data\tianjin_tou_price_normalized.csv,18.0,1.0,D:\Pycharm_project\PycharmProjects\EnergyBridge\benchmark_results\2026-07-21\_batch_logs\daily_event_configs\d12_hist_d12_1.json,skipped_done,0,0.0,D:\Pycharm_project\PycharmProjects\EnergyBridge\benchmark_results\2026-07-21\household_s5_shared_roommates_irregular_mpc_dynamic_tianjin_d12_hist_d12_1_2025-06-12_1day,D:\Pycharm_project\PycharmProjects\EnergyBridge\benchmark_results\2026-07-21\_batch_logs\daily_dr_memory_tianjin_1day\household_s5_shared_roommates_irregular_mpc_dynamic_tianjin_d12_hist_d12_1_2025-06-12_1day.log,D:\Pycharm_project\PycharmProjects\EnergyBridge\benchmark_results\2026-07-21\household_s5_shared_roommates_irregular_mpc_dynamic_tianjin_d12_hist_d12_1_2025-06-12_1day\run_summary.txt,0,57.715409,57.715409,54.230779,1.085801,normalized TOU cost/kWh,D:\Pycharm_project\PycharmProjects\EnergyBridge\experiments\real_data\tianjin_tou_price_normalized.csv,1.3792,1.3792,0.0,0.0,2.612,1.0,1.0,"['dishwasher', 'dryer', 'ev', 'washer', 'water_heater']",[],[]
household_s5_shared_roommates_irregular,household_s5_shared_roommates_irregular,no_dr,Tianjin,1,2025-06-12,d12_hist_d12_1,hist_d12_1,12,D:\Pycharm_project\PycharmProjects\EnergyBridge\experiments\real_data\tianjin_tou_price_normalized.csv,18.0,1.0,D:\Pycharm_project\PycharmProjects\EnergyBridge\benchmark_results\2026-07-21\_batch_logs\daily_event_configs\d12_hist_d12_1.json,skipped_done,0,0.0,D:\Pycharm_project\PycharmProjects\EnergyBridge\benchmark_results\2026-07-21\household_s5_shared_roommates_irregular_no_dr_tianjin_d12_hist_d12_1_2025-06-12_1day,D:\Pycharm_project\PycharmProjects\EnergyBridge\benchmark_results\2026-07-21\_batch_logs\daily_dr_memory_tianjin_1day\household_s5_shared_roommates_irregular_no_dr_tianjin_d12_hist_d12_1_2025-06-12_1day.log,D:\Pycharm_project\PycharmProjects\EnergyBridge\benchmark_results\2026-07-21\household_s5_shared_roommates_irregular_no_dr_tianjin_d12_hist_d12_1_2025-06-12_1day\run_summary.txt,0,55.278167,55.278167,58.694704,1.136241,normalized TOU cost/kWh,D:\Pycharm_project\PycharmProjects\EnergyBridge\experiments\real_data\tianjin_tou_price_normalized.csv,3.822,3.822,1.0,1.0,,0.0,1.0,[],"['dishwasher', 'dryer', 'ev', 'washer', 'water_heater']",[]
household_s1_dual_commuter_standard,household_s1_dual_commuter_standard,no_dr,Germany,1,2025-06-13,d13_hist_d13_1,hist_d13_1,13,D:\Pycharm_project\PycharmProjects\EnergyBridge\experiments\real_data\germany_2025_price.csv,18.0,1.0,D:\Pycharm_project\PycharmProjects\EnergyBridge\benchmark_results\2026-07-21\_batch_logs\daily_event_configs\d13_hist_d13_1.json,skipped_done,0,0.0,D:\Pycharm_project\PycharmProjects\EnergyBridge\benchmark_results\2026-07-21\household_s1_dual_commuter_standard_no_dr_germany_d13_hist_d13_1_2025-06-13_1day,D:\Pycharm_project\PycharmProjects\EnergyBridge\benchmark_results\2026-07-21\_batch_logs\daily_dr_memory_germany_1day\household_s1_dual_commuter_standard_no_dr_germany_d13_hist_d13_1_2025-06-13_1day.log,D:\Pycharm_project\PycharmProjects\EnergyBridge\benchmark_results\2026-07-21\household_s1_dual_commuter_standard_no_dr_germany_d13_hist_d13_1_2025-06-13_1day\run_summary.txt,0,72.900586,72.900586,11.109927,0.058677,EUR/kWh,D:\Pycharm_project\PycharmProjects\EnergyBridge\experiments\real_data\germany_2025_price.csv,11.1148,11.1148,1.0,1.0,,0.0,1.0,[],"['dishwasher', 'dryer', 'ev', 'washer', 'water_heater']",[]
household_s1_dual_commuter_standard,household_s1_dual_commuter_standard,mpc_dynamic,Germany,1,2025-06-13,d13_hist_d13_1,hist_d13_1,13,D:\Pycharm_project\PycharmProjects\EnergyBridge\experiments\real_data\germany_2025_price.csv,18.0,1.0,D:\Pycharm_project\PycharmProjects\EnergyBridge\benchmark_results\2026-07-21\_batch_logs\daily_event_configs\d13_hist_d13_1.json,skipped_done,0,0.0,D:\Pycharm_project\PycharmProjects\EnergyBridge\benchmark_results\2026-07-21\household_s1_dual_commuter_standard_mpc_dynamic_germany_d13_hist_d13_1_2025-06-13_1day,D:\Pycharm_project\PycharmProjects\EnergyBridge\benchmark_results\2026-07-21\_batch_logs\daily_dr_memory_germany_1day\household_s1_dual_commuter_standard_mpc_dynamic_germany_d13_hist_d13_1_2025-06-13_1day.log,D:\Pycharm_project\PycharmProjects\EnergyBridge\benchmark_results\2026-07-21\household_s1_dual_commuter_standard_mpc_dynamic_germany_d13_hist_d13_1_2025-06-13_1day\run_summary.txt,0,51.577578,51.577578,8.77057,0.052711,EUR/kWh,D:\Pycharm_project\PycharmProjects\EnergyBridge\experiments\real_data\germany_2025_price.csv,7.3791,7.3791,1.0,1.0,3.518,1.0,1.0,"['dishwasher', 'dryer', 'ev', 'washer', 'water_heater']",[],[]
household_s2_multigeneration_caregiver,household_s2_multigeneration_caregiver,mpc_dynamic,Germany,1,2025-06-13,d13_hist_d13_1,hist_d13_1,13,D:\Pycharm_project\PycharmProjects\EnergyBridge\experiments\real_data\germany_2025_price.csv,18.0,1.0,D:\Pycharm_project\PycharmProjects\EnergyBridge\benchmark_results\2026-07-21\_batch_logs\daily_event_configs\d13_hist_d13_1.json,skipped_done,0,0.0,D:\Pycharm_project\PycharmProjects\EnergyBridge\benchmark_results\2026-07-21\household_s2_multigeneration_caregiver_mpc_dynamic_germany_d13_hist_d13_1_2025-06-13_1day,D:\Pycharm_project\PycharmProjects\EnergyBridge\benchmark_results\2026-07-21\_batch_logs\daily_dr_memory_germany_1day\household_s2_multigeneration_caregiver_mpc_dynamic_germany_d13_hist_d13_1_2025-06-13_1day.log,D:\Pycharm_project\PycharmProjects\EnergyBridge\benchmark_results\2026-07-21\household_s2_multigeneration_caregiver_mpc_dynamic_germany_d13_hist_d13_1_2025-06-13_1day\run_summary.txt,0,70.096611,70.096611,10.051963,0.055357,EUR/kWh,D:\Pycharm_project\PycharmProjects\EnergyBridge\experiments\real_data\germany_2025_price.csv,8.2043,8.2043,0.0,0.0,2.55,1.0,1.0,"['dishwasher', 'dryer', 'ev', 'washer', 'water_heater']",[],[]
household_s2_multigeneration_caregiver,household_s2_multigeneration_caregiver,no_dr,Germany,1,2025-06-13,d13_hist_d13_1,hist_d13_1,13,D:\Pycharm_project\PycharmProjects\EnergyBridge\experiments\real_data\germany_2025_price.csv,18.0,1.0,D:\Pycharm_project\PycharmProjects\EnergyBridge\benchmark_results\2026-07-21\_batch_logs\daily_event_configs\d13_hist_d13_1.json,skipped_done,0,0.0,D:\Pycharm_project\PycharmProjects\EnergyBridge\benchmark_results\2026-07-21\household_s2_multigeneration_caregiver_no_dr_germany_d13_hist_d13_1_2025-06-13_1day,D:\Pycharm_project\PycharmProjects\EnergyBridge\benchmark_results\2026-07-21\_batch_logs\daily_dr_memory_germany_1day\household_s2_multigeneration_caregiver_no_dr_germany_d13_hist_d13_1_2025-06-13_1day.log,D:\Pycharm_project\PycharmProjects\EnergyBridge\benchmark_results\2026-07-21\household_s2_multigeneration_caregiver_no_dr_germany_d13_hist_d13_1_2025-06-13_1day\run_summary.txt,0,65.363142,65.363142,10.795398,0.058318,EUR/kWh,D:\Pycharm_project\PycharmProjects\EnergyBridge\experiments\real_data\germany_2025_price.csv,11.156,11.156,1.0,1.0,,0.0,1.0,[],"['dishwasher', 'dryer', 'ev', 'washer', 'water_heater']",[]
household_s3_hybrid_work_from_home,household_s3_hybrid_work_from_home,mpc_dynamic,Germany,1,2025-06-13,d13_hist_d13_1,hist_d13_1,13,D:\Pycharm_project\PycharmProjects\EnergyBridge\experiments\real_data\germany_2025_price.csv,18.0,1.0,D:\Pycharm_project\PycharmProjects\EnergyBridge\benchmark_results\2026-07-21\_batch_logs\daily_event_configs\d13_hist_d13_1.json,skipped_done,0,0.0,D:\Pycharm_project\PycharmProjects\EnergyBridge\benchmark_results\2026-07-21\household_s3_hybrid_work_from_home_mpc_dynamic_germany_d13_hist_d13_1_2025-06-13_1day,D:\Pycharm_project\PycharmProjects\EnergyBridge\benchmark_results\2026-07-21\_batch_logs\daily_dr_memory_germany_1day\household_s3_hybrid_work_from_home_mpc_dynamic_germany_d13_hist_d13_1_2025-06-13_1day.log,D:\Pycharm_project\PycharmProjects\EnergyBridge\benchmark_results\2026-07-21\household_s3_hybrid_work_from_home_mpc_dynamic_germany_d13_hist_d13_1_2025-06-13_1day\run_summary.txt,0,67.948656,67.948656,9.971735,0.055541,EUR/kWh,D:\Pycharm_project\PycharmProjects\EnergyBridge\experiments\real_data\germany_2025_price.csv,8.1704,8.1704,0.0,0.0,2.633,1.0,1.0,"['dishwasher', 'dryer', 'ev', 'washer', 'water_heater']",[],[]
household_s3_hybrid_work_from_home,household_s3_hybrid_work_from_home,no_dr,Germany,1,2025-06-13,d13_hist_d13_1,hist_d13_1,13,D:\Pycharm_project\PycharmProjects\EnergyBridge\experiments\real_data\germany_2025_price.csv,18.0,1.0,D:\Pycharm_project\PycharmProjects\EnergyBridge\benchmark_results\2026-07-21\_batch_logs\daily_event_configs\d13_hist_d13_1.json,skipped_done,0,0.0,D:\Pycharm_project\PycharmProjects\EnergyBridge\benchmark_results\2026-07-21\household_s3_hybrid_work_from_home_no_dr_germany_d13_hist_d13_1_2025-06-13_1day,D:\Pycharm_project\PycharmProjects\EnergyBridge\benchmark_results\2026-07-21\_batch_logs\daily_dr_memory_germany_1day\household_s3_hybrid_work_from_home_no_dr_germany_d13_hist_d13_1_2025-06-13_1day.log,D:\Pycharm_project\PycharmProjects\EnergyBridge\benchmark_results\2026-07-21\household_s3_hybrid_work_from_home_no_dr_germany_d13_hist_d13_1_2025-06-13_1day\run_summary.txt,0,70.651718,70.651718,10.993962,0.05862,EUR/kWh,D:\Pycharm_project\PycharmProjects\EnergyBridge\experiments\real_data\germany_2025_price.csv,11.1243,11.1243,1.0,1.0,,0.0,0.8,[],"['dishwasher', 'dryer', 'ev', 'washer', 'water_heater']",[]
household_s4_ev_commuter_flexible,household_s4_ev_commuter_flexible,mpc_dynamic,Germany,1,2025-06-13,d13_hist_d13_1,hist_d13_1,13,D:\Pycharm_project\PycharmProjects\EnergyBridge\experiments\real_data\germany_2025_price.csv,18.0,1.0,D:\Pycharm_project\PycharmProjects\EnergyBridge\benchmark_results\2026-07-21\_batch_logs\daily_event_configs\d13_hist_d13_1.json,skipped_done,0,0.0,D:\Pycharm_project\PycharmProjects\EnergyBridge\benchmark_results\2026-07-21\household_s4_ev_commuter_flexible_mpc_dynamic_germany_d13_hist_d13_1_2025-06-13_1day,D:\Pycharm_project\PycharmProjects\EnergyBridge\benchmark_results\2026-07-21\_batch_logs\daily_dr_memory_germany_1day\household_s4_ev_commuter_flexible_mpc_dynamic_germany_d13_hist_d13_1_2025-06-13_1day.log,D:\Pycharm_project\PycharmProjects\EnergyBridge\benchmark_results\2026-07-21\household_s4_ev_commuter_flexible_mpc_dynamic_germany_d13_hist_d13_1_2025-06-13_1day\run_summary.txt,0,79.141908,79.141908,10.545308,0.056542,EUR/kWh,D:\Pycharm_project\PycharmProjects\EnergyBridge\experiments\real_data\germany_2025_price.csv,8.1348,8.1348,0.0,0.0,2.65,1.0,1.0,"['dishwasher', 'dryer', 'ev', 'washer', 'water_heater']",[],[]
household_s4_ev_commuter_flexible,household_s4_ev_commuter_flexible,no_dr,Germany,1,2025-06-13,d13_hist_d13_1,hist_d13_1,13,D:\Pycharm_project\PycharmProjects\EnergyBridge\experiments\real_data\germany_2025_price.csv,18.0,1.0,D:\Pycharm_project\PycharmProjects\EnergyBridge\benchmark_results\2026-07-21\_batch_logs\daily_event_configs\d13_hist_d13_1.json,skipped_done,0,0.0,D:\Pycharm_project\PycharmProjects\EnergyBridge\benchmark_results\2026-07-21\household_s4_ev_commuter_flexible_no_dr_germany_d13_hist_d13_1_2025-06-13_1day,D:\Pycharm_project\PycharmProjects\EnergyBridge\benchmark_results\2026-07-21\_batch_logs\daily_dr_memory_germany_1day\household_s4_ev_commuter_flexible_no_dr_germany_d13_hist_d13_1_2025-06-13_1day.log,D:\Pycharm_project\PycharmProjects\EnergyBridge\benchmark_results\2026-07-21\household_s4_ev_commuter_flexible_no_dr_germany_d13_hist_d13_1_2025-06-13_1day\run_summary.txt,0,76.688992,76.688992,11.303569,0.058795,EUR/kWh,D:\Pycharm_project\PycharmProjects\EnergyBridge\experiments\real_data\germany_2025_price.csv,11.1148,11.1148,1.0,1.0,,0.0,1.0,[],"['dishwasher', 'dryer', 'ev', 'washer', 'water_heater']",[]
household_s5_shared_roommates_irregular,household_s5_shared_roommates_irregular,no_dr,Germany,1,2025-06-13,d13_hist_d13_1,hist_d13_1,13,D:\Pycharm_project\PycharmProjects\EnergyBridge\experiments\real_data\germany_2025_price.csv,18.0,1.0,D:\Pycharm_project\PycharmProjects\EnergyBridge\benchmark_results\2026-07-21\_batch_logs\daily_event_configs\d13_hist_d13_1.json,skipped_done,0,0.0,D:\Pycharm_project\PycharmProjects\EnergyBridge\benchmark_results\2026-07-21\household_s5_shared_roommates_irregular_no_dr_germany_d13_hist_d13_1_2025-06-13_1day,D:\Pycharm_project\PycharmProjects\EnergyBridge\benchmark_results\2026-07-21\_batch_logs\daily_dr_memory_germany_1day\household_s5_shared_roommates_irregular_no_dr_germany_d13_hist_d13_1_2025-06-13_1day.log,D:\Pycharm_project\PycharmProjects\EnergyBridge\benchmark_results\2026-07-21\household_s5_shared_roommates_irregular_no_dr_germany_d13_hist_d13_1_2025-06-13_1day\run_summary.txt,0,70.380296,70.380296,10.995973,0.058585,EUR/kWh,D:\Pycharm_project\PycharmProjects\EnergyBridge\experiments\real_data\germany_2025_price.csv,11.1148,11.1148,1.0,1.0,,0.0,1.0,[],"['dishwasher', 'dryer', 'ev', 'washer', 'water_heater']",[]
household_s5_shared_roommates_irregular,household_s5_shared_roommates_irregular,mpc_dynamic,Germany,1,2025-06-13,d13_hist_d13_1,hist_d13_1,13,D:\Pycharm_project\PycharmProjects\EnergyBridge\experiments\real_data\germany_2025_price.csv,18.0,1.0,D:\Pycharm_project\PycharmProjects\EnergyBridge\benchmark_results\2026-07-21\_batch_logs\daily_event_configs\d13_hist_d13_1.json,skipped_done,0,0.0,D:\Pycharm_project\PycharmProjects\EnergyBridge\benchmark_results\2026-07-21\household_s5_shared_roommates_irregular_mpc_dynamic_germany_d13_hist_d13_1_2025-06-13_1day,D:\Pycharm_project\PycharmProjects\EnergyBridge\benchmark_results\2026-07-21\_batch_logs\daily_dr_memory_germany_1day\household_s5_shared_roommates_irregular_mpc_dynamic_germany_d13_hist_d13_1_2025-06-13_1day.log,D:\Pycharm_project\PycharmProjects\EnergyBridge\benchmark_results\2026-07-21\household_s5_shared_roommates_irregular_mpc_dynamic_germany_d13_hist_d13_1_2025-06-13_1day\run_summary.txt,0,49.638447,49.638447,8.648715,0.052592,EUR/kWh,D:\Pycharm_project\PycharmProjects\EnergyBridge\experiments\real_data\germany_2025_price.csv,7.3791,7.3791,1.0,1.0,3.512,1.0,1.0,"['dishwasher', 'dryer', 'ev', 'washer', 'water_heater']",[],[]
household_s1_dual_commuter_standard,household_s1_dual_commuter_standard,mpc_dynamic,Tianjin,1,2025-06-13,d13_hist_d13_1,hist_d13_1,13,D:\Pycharm_project\PycharmProjects\EnergyBridge\experiments\real_data\tianjin_tou_price_normalized.csv,18.0,1.0,D:\Pycharm_project\PycharmProjects\EnergyBridge\benchmark_results\2026-07-21\_batch_logs\daily_event_configs\d13_hist_d13_1.json,skipped_done,0,0.0,D:\Pycharm_project\PycharmProjects\EnergyBridge\benchmark_results\2026-07-21\household_s1_dual_commuter_standard_mpc_dynamic_tianjin_d13_hist_d13_1_2025-06-13_1day,D:\Pycharm_project\PycharmProjects\EnergyBridge\benchmark_results\2026-07-21\_batch_logs\daily_dr_memory_tianjin_1day\household_s1_dual_commuter_standard_mpc_dynamic_tianjin_d13_hist_d13_1_2025-06-13_1day.log,D:\Pycharm_project\PycharmProjects\EnergyBridge\benchmark_results\2026-07-21\household_s1_dual_commuter_standard_mpc_dynamic_tianjin_d13_hist_d13_1_2025-06-13_1day\run_summary.txt,0,41.735209,41.735209,27.91704,0.999525,normalized TOU cost/kWh,D:\Pycharm_project\PycharmProjects\EnergyBridge\experiments\real_data\tianjin_tou_price_normalized.csv,1.1119,1.1119,1.0,1.0,3.145,1.0,1.0,"['dishwasher', 'dryer', 'ev', 'washer', 'water_heater']",[],[]
household_s2_multigeneration_caregiver,household_s2_multigeneration_caregiver,mpc_dynamic,Tianjin,1,2025-06-13,d13_hist_d13_1,hist_d13_1,13,D:\Pycharm_project\PycharmProjects\EnergyBridge\experiments\real_data\tianjin_tou_price_normalized.csv,18.0,1.0,D:\Pycharm_project\PycharmProjects\EnergyBridge\benchmark_results\2026-07-21\_batch_logs\daily_event_configs\d13_hist_d13_1.json,skipped_done,0,0.0,D:\Pycharm_project\PycharmProjects\EnergyBridge\benchmark_results\2026-07-21\household_s2_multigeneration_caregiver_mpc_dynamic_tianjin_d13_hist_d13_1_2025-06-13_1day,D:\Pycharm_project\PycharmProjects\EnergyBridge\benchmark_results\2026-07-21\_batch_logs\daily_dr_memory_tianjin_1day\household_s2_multigeneration_caregiver_mpc_dynamic_tianjin_d13_hist_d13_1_2025-06-13_1day.log,D:\Pycharm_project\PycharmProjects\EnergyBridge\benchmark_results\2026-07-21\household_s2_multigeneration_caregiver_mpc_dynamic_tianjin_d13_hist_d13_1_2025-06-13_1day\run_summary.txt,0,60.479458,60.479458,46.806613,1.212519,normalized TOU cost/kWh,D:\Pycharm_project\PycharmProjects\EnergyBridge\experiments\real_data\tianjin_tou_price_normalized.csv,2.7123,2.7123,0.0,0.0,2.55,1.0,1.0,"['dishwasher', 'dryer', 'ev', 'washer', 'water_heater']",[],[]
household_s1_dual_commuter_standard,household_s1_dual_commuter_standard,no_dr,Tianjin,1,2025-06-13,d13_hist_d13_1,hist_d13_1,13,D:\Pycharm_project\PycharmProjects\EnergyBridge\experiments\real_data\tianjin_tou_price_normalized.csv,18.0,1.0,D:\Pycharm_project\PycharmProjects\EnergyBridge\benchmark_results\2026-07-21\_batch_logs\daily_event_configs\d13_hist_d13_1.json,skipped_done,0,0.0,D:\Pycharm_project\PycharmProjects\EnergyBridge\benchmark_results\2026-07-21\household_s1_dual_commuter_standard_no_dr_tianjin_d13_hist_d13_1_2025-06-13_1day,D:\Pycharm_project\PycharmProjects\EnergyBridge\benchmark_results\2026-07-21\_batch_logs\daily_dr_memory_tianjin_1day\household_s1_dual_commuter_standard_no_dr_tianjin_d13_hist_d13_1_2025-06-13_1day.log,D:\Pycharm_project\PycharmProjects\EnergyBridge\benchmark_results\2026-07-21\household_s1_dual_commuter_standard_no_dr_tianjin_d13_hist_d13_1_2025-06-13_1day\run_summary.txt,0,67.97112,67.97112,54.700692,1.250048,normalized TOU cost/kWh,D:\Pycharm_project\PycharmProjects\EnergyBridge\experiments\real_data\tianjin_tou_price_normalized.csv,6.0109,6.0109,1.0,1.0,,0.0,1.0,[],"['dishwasher', 'dryer', 'ev', 'washer', 'water_heater']",[]
household_s2_multigeneration_caregiver,household_s2_multigeneration_caregiver,no_dr,Tianjin,1,2025-06-13,d13_hist_d13_1,hist_d13_1,13,D:\Pycharm_project\PycharmProjects\EnergyBridge\experiments\real_data\tianjin_tou_price_normalized.csv,18.0,1.0,D:\Pycharm_project\PycharmProjects\EnergyBridge\benchmark_results\2026-07-21\_batch_logs\daily_event_configs\d13_hist_d13_1.json,skipped_done,0,0.0,D:\Pycharm_project\PycharmProjects\EnergyBridge\benchmark_results\2026-07-21\household_s2_multigeneration_caregiver_no_dr_tianjin_d13_hist_d13_1_2025-06-13_1day,D:\Pycharm_project\PycharmProjects\EnergyBridge\benchmark_results\2026-07-21\_batch_logs\daily_dr_memory_tianjin_1day\household_s2_multigeneration_caregiver_no_dr_tianjin_d13_hist_d13_1_2025-06-13_1day.log,D:\Pycharm_project\PycharmProjects\EnergyBridge\benchmark_results\2026-07-21\household_s2_multigeneration_caregiver_no_dr_tianjin_d13_hist_d13_1_2025-06-13_1day\run_summary.txt,0,61.769728,61.769728,51.565623,1.300545,normalized TOU cost/kWh,D:\Pycharm_project\PycharmProjects\EnergyBridge\experiments\real_data\tianjin_tou_price_normalized.csv,6.0659,6.0659,1.0,1.0,,0.0,1.0,[],"['dishwasher', 'dryer', 'ev', 'washer', 'water_heater']",[]
household_s3_hybrid_work_from_home,household_s3_hybrid_work_from_home,mpc_dynamic,Tianjin,1,2025-06-13,d13_hist_d13_1,hist_d13_1,13,D:\Pycharm_project\PycharmProjects\EnergyBridge\experiments\real_data\tianjin_tou_price_normalized.csv,18.0,1.0,D:\Pycharm_project\PycharmProjects\EnergyBridge\benchmark_results\2026-07-21\_batch_logs\daily_event_configs\d13_hist_d13_1.json,skipped_done,0,0.0,D:\Pycharm_project\PycharmProjects\EnergyBridge\benchmark_results\2026-07-21\household_s3_hybrid_work_from_home_mpc_dynamic_tianjin_d13_hist_d13_1_2025-06-13_1day,D:\Pycharm_project\PycharmProjects\EnergyBridge\benchmark_results\2026-07-21\_batch_logs\daily_dr_memory_tianjin_1day\household_s3_hybrid_work_from_home_mpc_dynamic_tianjin_d13_hist_d13_1_2025-06-13_1day.log,D:\Pycharm_project\PycharmProjects\EnergyBridge\benchmark_results\2026-07-21\household_s3_hybrid_work_from_home_mpc_dynamic_tianjin_d13_hist_d13_1_2025-06-13_1day\run_summary.txt,0,63.832096,63.832096,45.387588,1.18628,normalized TOU cost/kWh,D:\Pycharm_project\PycharmProjects\EnergyBridge\experiments\real_data\tianjin_tou_price_normalized.csv,2.4201,2.4201,0.0,0.0,2.67,1.0,1.0,"['dishwasher', 'dryer', 'ev', 'washer', 'water_heater']",[],[]
household_s3_hybrid_work_from_home,household_s3_hybrid_work_from_home,no_dr,Tianjin,1,2025-06-13,d13_hist_d13_1,hist_d13_1,13,D:\Pycharm_project\PycharmProjects\EnergyBridge\experiments\real_data\tianjin_tou_price_normalized.csv,18.0,1.0,D:\Pycharm_project\PycharmProjects\EnergyBridge\benchmark_results\2026-07-21\_batch_logs\daily_event_configs\d13_hist_d13_1.json,skipped_done,0,0.0,D:\Pycharm_project\PycharmProjects\EnergyBridge\benchmark_results\2026-07-21\household_s3_hybrid_work_from_home_no_dr_tianjin_d13_hist_d13_1_2025-06-13_1day,D:\Pycharm_project\PycharmProjects\EnergyBridge\benchmark_results\2026-07-21\_batch_logs\daily_dr_memory_tianjin_1day\household_s3_hybrid_work_from_home_no_dr_tianjin_d13_hist_d13_1_2025-06-13_1day.log,D:\Pycharm_project\PycharmProjects\EnergyBridge\benchmark_results\2026-07-21\household_s3_hybrid_work_from_home_no_dr_tianjin_d13_hist_d13_1_2025-06-13_1day\run_summary.txt,0,64.933631,64.933631,53.217467,1.267477,normalized TOU cost/kWh,D:\Pycharm_project\PycharmProjects\EnergyBridge\experiments\real_data\tianjin_tou_price_normalized.csv,6.0155,6.0155,1.0,1.0,,0.0,0.8,[],"['dishwasher', 'dryer', 'ev', 'washer', 'water_heater']",[]
household_s4_ev_commuter_flexible,household_s4_ev_commuter_flexible,mpc_dynamic,Tianjin,1,2025-06-13,d13_hist_d13_1,hist_d13_1,13,D:\Pycharm_project\PycharmProjects\EnergyBridge\experiments\real_data\tianjin_tou_price_normalized.csv,18.0,1.0,D:\Pycharm_project\PycharmProjects\EnergyBridge\benchmark_results\2026-07-21\_batch_logs\daily_event_configs\d13_hist_d13_1.json,skipped_done,0,0.0,D:\Pycharm_project\PycharmProjects\EnergyBridge\benchmark_results\2026-07-21\household_s4_ev_commuter_flexible_mpc_dynamic_tianjin_d13_hist_d13_1_2025-06-13_1day,D:\Pycharm_project\PycharmProjects\EnergyBridge\benchmark_results\2026-07-21\_batch_logs\daily_dr_memory_tianjin_1day\household_s4_ev_commuter_flexible_mpc_dynamic_tianjin_d13_hist_d13_1_2025-06-13_1day.log,D:\Pycharm_project\PycharmProjects\EnergyBridge\benchmark_results\2026-07-21\household_s4_ev_commuter_flexible_mpc_dynamic_tianjin_d13_hist_d13_1_2025-06-13_1day\run_summary.txt,0,72.909679,72.909679,47.803629,1.141451,normalized TOU cost/kWh,D:\Pycharm_project\PycharmProjects\EnergyBridge\experiments\real_data\tianjin_tou_price_normalized.csv,2.5759,2.5759,0.0,0.0,2.65,1.0,1.0,"['dishwasher', 'dryer', 'ev', 'washer', 'water_heater']",[],[]
household_s4_ev_commuter_flexible,household_s4_ev_commuter_flexible,no_dr,Tianjin,1,2025-06-13,d13_hist_d13_1,hist_d13_1,13,D:\Pycharm_project\PycharmProjects\EnergyBridge\experiments\real_data\tianjin_tou_price_normalized.csv,18.0,1.0,D:\Pycharm_project\PycharmProjects\EnergyBridge\benchmark_results\2026-07-21\_batch_logs\daily_event_configs\d13_hist_d13_1.json,skipped_done,0,0.0,D:\Pycharm_project\PycharmProjects\EnergyBridge\benchmark_results\2026-07-21\household_s4_ev_commuter_flexible_no_dr_tianjin_d13_hist_d13_1_2025-06-13_1day,D:\Pycharm_project\PycharmProjects\EnergyBridge\benchmark_results\2026-07-21\_batch_logs\daily_dr_memory_tianjin_1day\household_s4_ev_commuter_flexible_no_dr_tianjin_d13_hist_d13_1_2025-06-13_1day.log,D:\Pycharm_project\PycharmProjects\EnergyBridge\benchmark_results\2026-07-21\household_s4_ev_commuter_flexible_no_dr_tianjin_d13_hist_d13_1_2025-06-13_1day\run_summary.txt,0,71.658077,71.658077,58.62417,1.235602,normalized TOU cost/kWh,D:\Pycharm_project\PycharmProjects\EnergyBridge\experiments\real_data\tianjin_tou_price_normalized.csv,6.0109,6.0109,1.0,1.0,,0.0,1.0,[],"['dishwasher', 'dryer', 'ev', 'washer', 'water_heater']",[]
household_s5_shared_roommates_irregular,household_s5_shared_roommates_irregular,mpc_dynamic,Tianjin,1,2025-06-13,d13_hist_d13_1,hist_d13_1,13,D:\Pycharm_project\PycharmProjects\EnergyBridge\experiments\real_data\tianjin_tou_price_normalized.csv,18.0,1.0,D:\Pycharm_project\PycharmProjects\EnergyBridge\benchmark_results\2026-07-21\_batch_logs\daily_event_configs\d13_hist_d13_1.json,skipped_done,0,0.0,D:\Pycharm_project\PycharmProjects\EnergyBridge\benchmark_results\2026-07-21\household_s5_shared_roommates_irregular_mpc_dynamic_tianjin_d13_hist_d13_1_2025-06-13_1day,D:\Pycharm_project\PycharmProjects\EnergyBridge\benchmark_results\2026-07-21\_batch_logs\daily_dr_memory_tianjin_1day\household_s5_shared_roommates_irregular_mpc_dynamic_tianjin_d13_hist_d13_1_2025-06-13_1day.log,D:\Pycharm_project\PycharmProjects\EnergyBridge\benchmark_results\2026-07-21\household_s5_shared_roommates_irregular_mpc_dynamic_tianjin_d13_hist_d13_1_2025-06-13_1day\run_summary.txt,0,40.759847,40.759847,27.567475,1.018889,normalized TOU cost/kWh,D:\Pycharm_project\PycharmProjects\EnergyBridge\experiments\real_data\tianjin_tou_price_normalized.csv,1.1119,1.1119,1.0,1.0,3.098,1.0,1.0,"['dishwasher', 'dryer', 'ev', 'washer', 'water_heater']",[],[]
household_s5_shared_roommates_irregular,household_s5_shared_roommates_irregular,no_dr,Tianjin,1,2025-06-13,d13_hist_d13_1,hist_d13_1,13,D:\Pycharm_project\PycharmProjects\EnergyBridge\experiments\real_data\tianjin_tou_price_normalized.csv,18.0,1.0,D:\Pycharm_project\PycharmProjects\EnergyBridge\benchmark_results\2026-07-21\_batch_logs\daily_event_configs\d13_hist_d13_1.json,skipped_done,0,0.0,D:\Pycharm_project\PycharmProjects\EnergyBridge\benchmark_results\2026-07-21\household_s5_shared_roommates_irregular_no_dr_tianjin_d13_hist_d13_1_2025-06-13_1day,D:\Pycharm_project\PycharmProjects\EnergyBridge\benchmark_results\2026-07-21\_batch_logs\daily_dr_memory_tianjin_1day\household_s5_shared_roommates_irregular_no_dr_tianjin_d13_hist_d13_1_2025-06-13_1day.log,D:\Pycharm_project\PycharmProjects\EnergyBridge\benchmark_results\2026-07-21\household_s5_shared_roommates_irregular_no_dr_tianjin_d13_hist_d13_1_2025-06-13_1day\run_summary.txt,0,64.662424,64.662424,52.835765,1.266489,normalized TOU cost/kWh,D:\Pycharm_project\PycharmProjects\EnergyBridge\experiments\real_data\tianjin_tou_price_normalized.csv,6.0109,6.0109,1.0,1.0,,0.0,1.0,[],"['dishwasher', 'dryer', 'ev', 'washer', 'water_heater']",[]
household_s1_dual_commuter_standard,household_s1_dual_commuter_standard,no_dr,Germany,1,2025-06-14,d14_hist_d14_1,hist_d14_1,14,D:\Pycharm_project\PycharmProjects\EnergyBridge\experiments\real_data\germany_2025_price.csv,18.0,1.0,D:\Pycharm_project\PycharmProjects\EnergyBridge\benchmark_results\2026-07-21\_batch_logs\daily_event_configs\d14_hist_d14_1.json,skipped_done,0,0.0,D:\Pycharm_project\PycharmProjects\EnergyBridge\benchmark_results\2026-07-21\household_s1_dual_commuter_standard_no_dr_germany_d14_hist_d14_1_2025-06-14_1day,D:\Pycharm_project\PycharmProjects\EnergyBridge\benchmark_results\2026-07-21\_batch_logs\daily_dr_memory_germany_1day\household_s1_dual_commuter_standard_no_dr_germany_d14_hist_d14_1_2025-06-14_1day.log,D:\Pycharm_project\PycharmProjects\EnergyBridge\benchmark_results\2026-07-21\household_s1_dual_commuter_standard_no_dr_germany_d14_hist_d14_1_2025-06-14_1day\run_summary.txt,0,75.86953,75.86953,11.138038,0.055214,EUR/kWh,D:\Pycharm_project\PycharmProjects\EnergyBridge\experiments\real_data\germany_2025_price.csv,11.0354,11.0354,1.0,1.0,,0.0,1.0,[],"['dishwasher', 'dryer', 'ev', 'washer', 'water_heater']",[]
household_s1_dual_commuter_standard,household_s1_dual_commuter_standard,mpc_dynamic,Germany,1,2025-06-14,d14_hist_d14_1,hist_d14_1,14,D:\Pycharm_project\PycharmProjects\EnergyBridge\experiments\real_data\germany_2025_price.csv,18.0,1.0,D:\Pycharm_project\PycharmProjects\EnergyBridge\benchmark_results\2026-07-21\_batch_logs\daily_event_configs\d14_hist_d14_1.json,skipped_done,0,0.0,D:\Pycharm_project\PycharmProjects\EnergyBridge\benchmark_results\2026-07-21\household_s1_dual_commuter_standard_mpc_dynamic_germany_d14_hist_d14_1_2025-06-14_1day,D:\Pycharm_project\PycharmProjects\EnergyBridge\benchmark_results\2026-07-21\_batch_logs\daily_dr_memory_germany_1day\household_s1_dual_commuter_standard_mpc_dynamic_germany_d14_hist_d14_1_2025-06-14_1day.log,D:\Pycharm_project\PycharmProjects\EnergyBridge\benchmark_results\2026-07-21\household_s1_dual_commuter_standard_mpc_dynamic_germany_d14_hist_d14_1_2025-06-14_1day\run_summary.txt,0,77.201277,77.201277,10.287073,0.052791,EUR/kWh,D:\Pycharm_project\PycharmProjects\EnergyBridge\experiments\real_data\germany_2025_price.csv,8.0855,8.0855,0.0,0.0,2.612,1.0,1.0,"['dishwasher', 'dryer', 'ev', 'washer', 'water_heater']",[],[]
household_s2_multigeneration_caregiver,household_s2_multigeneration_caregiver,mpc_dynamic,Germany,1,2025-06-14,d14_hist_d14_1,hist_d14_1,14,D:\Pycharm_project\PycharmProjects\EnergyBridge\experiments\real_data\germany_2025_price.csv,18.0,1.0,D:\Pycharm_project\PycharmProjects\EnergyBridge\benchmark_results\2026-07-21\_batch_logs\daily_event_configs\d14_hist_d14_1.json,skipped_done,0,0.0,D:\Pycharm_project\PycharmProjects\EnergyBridge\benchmark_results\2026-07-21\household_s2_multigeneration_caregiver_mpc_dynamic_germany_d14_hist_d14_1_2025-06-14_1day,D:\Pycharm_project\PycharmProjects\EnergyBridge\benchmark_results\2026-07-21\_batch_logs\daily_dr_memory_germany_1day\household_s2_multigeneration_caregiver_mpc_dynamic_germany_d14_hist_d14_1_2025-06-14_1day.log,D:\Pycharm_project\PycharmProjects\EnergyBridge\benchmark_results\2026-07-21\household_s2_multigeneration_caregiver_mpc_dynamic_germany_d14_hist_d14_1_2025-06-14_1day\run_summary.txt,0,74.528635,74.528635,9.710728,0.0504,EUR/kWh,D:\Pycharm_project\PycharmProjects\EnergyBridge\experiments\real_data\germany_2025_price.csv,8.128,8.128,0.0,0.0,2.55,1.0,1.0,"['dishwasher', 'dryer', 'ev', 'washer', 'water_heater']",[],[]
household_s2_multigeneration_caregiver,household_s2_multigeneration_caregiver,no_dr,Germany,1,2025-06-14,d14_hist_d14_1,hist_d14_1,14,D:\Pycharm_project\PycharmProjects\EnergyBridge\experiments\real_data\germany_2025_price.csv,18.0,1.0,D:\Pycharm_project\PycharmProjects\EnergyBridge\benchmark_results\2026-07-21\_batch_logs\daily_event_configs\d14_hist_d14_1.json,skipped_done,0,0.0,D:\Pycharm_project\PycharmProjects\EnergyBridge\benchmark_results\2026-07-21\household_s2_multigeneration_caregiver_no_dr_germany_d14_hist_d14_1_2025-06-14_1day,D:\Pycharm_project\PycharmProjects\EnergyBridge\benchmark_results\2026-07-21\_batch_logs\daily_dr_memory_germany_1day\household_s2_multigeneration_caregiver_no_dr_germany_d14_hist_d14_1_2025-06-14_1day.log,D:\Pycharm_project\PycharmProjects\EnergyBridge\benchmark_results\2026-07-21\household_s2_multigeneration_caregiver_no_dr_germany_d14_hist_d14_1_2025-06-14_1day\run_summary.txt,0,68.403611,68.403611,10.553836,0.05407,EUR/kWh,D:\Pycharm_project\PycharmProjects\EnergyBridge\experiments\real_data\germany_2025_price.csv,11.0747,11.0747,1.0,1.0,,0.0,1.0,[],"['dishwasher', 'dryer', 'ev', 'washer', 'water_heater']",[]
household_s3_hybrid_work_from_home,household_s3_hybrid_work_from_home,mpc_dynamic,Germany,1,2025-06-14,d14_hist_d14_1,hist_d14_1,14,D:\Pycharm_project\PycharmProjects\EnergyBridge\experiments\real_data\germany_2025_price.csv,18.0,1.0,D:\Pycharm_project\PycharmProjects\EnergyBridge\benchmark_results\2026-07-21\_batch_logs\daily_event_configs\d14_hist_d14_1.json,skipped_done,0,0.0,D:\Pycharm_project\PycharmProjects\EnergyBridge\benchmark_results\2026-07-21\household_s3_hybrid_work_from_home_mpc_dynamic_germany_d14_hist_d14_1_2025-06-14_1day,D:\Pycharm_project\PycharmProjects\EnergyBridge\benchmark_results\2026-07-21\_batch_logs\daily_dr_memory_germany_1day\household_s3_hybrid_work_from_home_mpc_dynamic_germany_d14_hist_d14_1_2025-06-14_1day.log,D:\Pycharm_project\PycharmProjects\EnergyBridge\benchmark_results\2026-07-21\household_s3_hybrid_work_from_home_mpc_dynamic_germany_d14_hist_d14_1_2025-06-14_1day\run_summary.txt,0,71.285787,71.285787,9.616094,0.050554,EUR/kWh,D:\Pycharm_project\PycharmProjects\EnergyBridge\experiments\real_data\germany_2025_price.csv,8.0957,8.0957,0.0,0.0,2.633,1.0,1.0,"['dishwasher', 'dryer', 'ev', 'washer', 'water_heater']",[],[]
household_s3_hybrid_work_from_home,household_s3_hybrid_work_from_home,no_dr,Germany,1,2025-06-14,d14_hist_d14_1,hist_d14_1,14,D:\Pycharm_project\PycharmProjects\EnergyBridge\experiments\real_data\germany_2025_price.csv,18.0,1.0,D:\Pycharm_project\PycharmProjects\EnergyBridge\benchmark_results\2026-07-21\_batch_logs\daily_event_configs\d14_hist_d14_1.json,skipped_done,0,0.0,D:\Pycharm_project\PycharmProjects\EnergyBridge\benchmark_results\2026-07-21\household_s3_hybrid_work_from_home_no_dr_germany_d14_hist_d14_1_2025-06-14_1day,D:\Pycharm_project\PycharmProjects\EnergyBridge\benchmark_results\2026-07-21\_batch_logs\daily_dr_memory_germany_1day\household_s3_hybrid_work_from_home_no_dr_germany_d14_hist_d14_1_2025-06-14_1day.log,D:\Pycharm_project\PycharmProjects\EnergyBridge\benchmark_results\2026-07-21\household_s3_hybrid_work_from_home_no_dr_germany_d14_hist_d14_1_2025-06-14_1day\run_summary.txt,0,72.439495,72.439495,10.875224,0.054742,EUR/kWh,D:\Pycharm_project\PycharmProjects\EnergyBridge\experiments\real_data\germany_2025_price.csv,11.0435,11.0435,1.0,1.0,,0.0,0.8,[],"['dishwasher', 'dryer', 'ev', 'washer', 'water_heater']",[]
household_s4_ev_commuter_flexible,household_s4_ev_commuter_flexible,mpc_dynamic,Germany,1,2025-06-14,d14_hist_d14_1,hist_d14_1,14,D:\Pycharm_project\PycharmProjects\EnergyBridge\experiments\real_data\germany_2025_price.csv,18.0,1.0,D:\Pycharm_project\PycharmProjects\EnergyBridge\benchmark_results\2026-07-21\_batch_logs\daily_event_configs\d14_hist_d14_1.json,skipped_done,0,0.0,D:\Pycharm_project\PycharmProjects\EnergyBridge\benchmark_results\2026-07-21\household_s4_ev_commuter_flexible_mpc_dynamic_germany_d14_hist_d14_1_2025-06-14_1day,D:\Pycharm_project\PycharmProjects\EnergyBridge\benchmark_results\2026-07-21\_batch_logs\daily_dr_memory_germany_1day\household_s4_ev_commuter_flexible_mpc_dynamic_germany_d14_hist_d14_1_2025-06-14_1day.log,D:\Pycharm_project\PycharmProjects\EnergyBridge\benchmark_results\2026-07-21\household_s4_ev_commuter_flexible_mpc_dynamic_germany_d14_hist_d14_1_2025-06-14_1day\run_summary.txt,0,80.989683,80.989683,10.549078,0.053337,EUR/kWh,D:\Pycharm_project\PycharmProjects\EnergyBridge\experiments\real_data\germany_2025_price.csv,8.0855,8.0855,0.0,0.0,2.692,1.0,1.0,"['dishwasher', 'dryer', 'ev', 'washer', 'water_heater']",[],[]
household_s4_ev_commuter_flexible,household_s4_ev_commuter_flexible,no_dr,Germany,1,2025-06-14,d14_hist_d14_1,hist_d14_1,14,D:\Pycharm_project\PycharmProjects\EnergyBridge\experiments\real_data\germany_2025_price.csv,18.0,1.0,D:\Pycharm_project\PycharmProjects\EnergyBridge\benchmark_results\2026-07-21\_batch_logs\daily_event_configs\d14_hist_d14_1.json,skipped_done,0,0.0,D:\Pycharm_project\PycharmProjects\EnergyBridge\benchmark_results\2026-07-21\household_s4_ev_commuter_flexible_no_dr_germany_d14_hist_d14_1_2025-06-14_1day,D:\Pycharm_project\PycharmProjects\EnergyBridge\benchmark_results\2026-07-21\_batch_logs\daily_dr_memory_germany_1day\household_s4_ev_commuter_flexible_no_dr_germany_d14_hist_d14_1_2025-06-14_1day.log,D:\Pycharm_project\PycharmProjects\EnergyBridge\benchmark_results\2026-07-21\household_s4_ev_commuter_flexible_no_dr_germany_d14_hist_d14_1_2025-06-14_1day\run_summary.txt,0,79.657936,79.657936,11.400044,0.055708,EUR/kWh,D:\Pycharm_project\PycharmProjects\EnergyBridge\experiments\real_data\germany_2025_price.csv,11.0354,11.0354,1.0,1.0,,0.0,1.0,[],"['dishwasher', 'dryer', 'ev', 'washer', 'water_heater']",[]
household_s5_shared_roommates_irregular,household_s5_shared_roommates_irregular,no_dr,Germany,1,2025-06-14,d14_hist_d14_1,hist_d14_1,14,D:\Pycharm_project\PycharmProjects\EnergyBridge\experiments\real_data\germany_2025_price.csv,18.0,1.0,D:\Pycharm_project\PycharmProjects\EnergyBridge\benchmark_results\2026-07-21\_batch_logs\daily_event_configs\d14_hist_d14_1.json,skipped_done,0,0.0,D:\Pycharm_project\PycharmProjects\EnergyBridge\benchmark_results\2026-07-21\household_s5_shared_roommates_irregular_no_dr_germany_d14_hist_d14_1_2025-06-14_1day,D:\Pycharm_project\PycharmProjects\EnergyBridge\benchmark_results\2026-07-21\_batch_logs\daily_dr_memory_germany_1day\household_s5_shared_roommates_irregular_no_dr_germany_d14_hist_d14_1_2025-06-14_1day.log,D:\Pycharm_project\PycharmProjects\EnergyBridge\benchmark_results\2026-07-21\household_s5_shared_roommates_irregular_no_dr_germany_d14_hist_d14_1_2025-06-14_1day\run_summary.txt,0,72.081124,72.081124,10.876033,0.054705,EUR/kWh,D:\Pycharm_project\PycharmProjects\EnergyBridge\experiments\real_data\germany_2025_price.csv,11.0354,11.0354,1.0,1.0,,0.0,1.0,[],"['dishwasher', 'dryer', 'ev', 'washer', 'water_heater']",[]
household_s5_shared_roommates_irregular,household_s5_shared_roommates_irregular,mpc_dynamic,Germany,1,2025-06-14,d14_hist_d14_1,hist_d14_1,14,D:\Pycharm_project\PycharmProjects\EnergyBridge\experiments\real_data\germany_2025_price.csv,18.0,1.0,D:\Pycharm_project\PycharmProjects\EnergyBridge\benchmark_results\2026-07-21\_batch_logs\daily_event_configs\d14_hist_d14_1.json,skipped_done,0,0.0,D:\Pycharm_project\PycharmProjects\EnergyBridge\benchmark_results\2026-07-21\household_s5_shared_roommates_irregular_mpc_dynamic_germany_d14_hist_d14_1_2025-06-14_1day,D:\Pycharm_project\PycharmProjects\EnergyBridge\benchmark_results\2026-07-21\_batch_logs\daily_dr_memory_germany_1day\household_s5_shared_roommates_irregular_mpc_dynamic_germany_d14_hist_d14_1_2025-06-14_1day.log,D:\Pycharm_project\PycharmProjects\EnergyBridge\benchmark_results\2026-07-21\household_s5_shared_roommates_irregular_mpc_dynamic_germany_d14_hist_d14_1_2025-06-14_1day\run_summary.txt,0,73.412872,73.412872,10.025067,0.052227,EUR/kWh,D:\Pycharm_project\PycharmProjects\EnergyBridge\experiments\real_data\germany_2025_price.csv,8.0855,8.0855,0.0,0.0,2.612,1.0,1.0,"['dishwasher', 'dryer', 'ev', 'washer', 'water_heater']",[],[]
household_s1_dual_commuter_standard,household_s1_dual_commuter_standard,mpc_dynamic,Tianjin,1,2025-06-14,d14_hist_d14_1,hist_d14_1,14,D:\Pycharm_project\PycharmProjects\EnergyBridge\experiments\real_data\tianjin_tou_price_normalized.csv,18.0,1.0,D:\Pycharm_project\PycharmProjects\EnergyBridge\benchmark_results\2026-07-21\_batch_logs\daily_event_configs\d14_hist_d14_1.json,skipped_done,0,0.0,D:\Pycharm_project\PycharmProjects\EnergyBridge\benchmark_results\2026-07-21\household_s1_dual_commuter_standard_mpc_dynamic_tianjin_d14_hist_d14_1_2025-06-14_1day,D:\Pycharm_project\PycharmProjects\EnergyBridge\benchmark_results\2026-07-21\_batch_logs\daily_dr_memory_tianjin_1day\household_s1_dual_commuter_standard_mpc_dynamic_tianjin_d14_hist_d14_1_2025-06-14_1day.log,D:\Pycharm_project\PycharmProjects\EnergyBridge\benchmark_results\2026-07-21\household_s1_dual_commuter_standard_mpc_dynamic_tianjin_d14_hist_d14_1_2025-06-14_1day\run_summary.txt,0,74.892225,74.892225,49.165525,1.003328,normalized TOU cost/kWh,D:\Pycharm_project\PycharmProjects\EnergyBridge\experiments\real_data\tianjin_tou_price_normalized.csv,2.8688,2.8688,0.0,0.0,2.658,1.0,1.0,"['dishwasher', 'dryer', 'ev', 'washer', 'water_heater']",[],[]
household_s1_dual_commuter_standard,household_s1_dual_commuter_standard,no_dr,Tianjin,1,2025-06-14,d14_hist_d14_1,hist_d14_1,14,D:\Pycharm_project\PycharmProjects\EnergyBridge\experiments\real_data\tianjin_tou_price_normalized.csv,18.0,1.0,D:\Pycharm_project\PycharmProjects\EnergyBridge\benchmark_results\2026-07-21\_batch_logs\daily_event_configs\d14_hist_d14_1.json,skipped_done,0,0.0,D:\Pycharm_project\PycharmProjects\EnergyBridge\benchmark_results\2026-07-21\household_s1_dual_commuter_standard_no_dr_tianjin_d14_hist_d14_1_2025-06-14_1day,D:\Pycharm_project\PycharmProjects\EnergyBridge\benchmark_results\2026-07-21\_batch_logs\daily_dr_memory_tianjin_1day\household_s1_dual_commuter_standard_no_dr_tianjin_d14_hist_d14_1_2025-06-14_1day.log,D:\Pycharm_project\PycharmProjects\EnergyBridge\benchmark_results\2026-07-21\household_s1_dual_commuter_standard_no_dr_tianjin_d14_hist_d14_1_2025-06-14_1day\run_summary.txt,0,75.57727,75.57727,61.554654,1.129885,normalized TOU cost/kWh,D:\Pycharm_project\PycharmProjects\EnergyBridge\experiments\real_data\tianjin_tou_price_normalized.csv,6.1832,6.1832,1.0,1.0,,0.0,1.0,[],"['dishwasher', 'dryer', 'ev', 'washer', 'water_heater']",[]
household_s2_multigeneration_caregiver,household_s2_multigeneration_caregiver,mpc_dynamic,Tianjin,1,2025-06-14,d14_hist_d14_1,hist_d14_1,14,D:\Pycharm_project\PycharmProjects\EnergyBridge\experiments\real_data\tianjin_tou_price_normalized.csv,18.0,1.0,D:\Pycharm_project\PycharmProjects\EnergyBridge\benchmark_results\2026-07-21\_batch_logs\daily_event_configs\d14_hist_d14_1.json,skipped_done,0,0.0,D:\Pycharm_project\PycharmProjects\EnergyBridge\benchmark_results\2026-07-21\household_s2_multigeneration_caregiver_mpc_dynamic_tianjin_d14_hist_d14_1_2025-06-14_1day,D:\Pycharm_project\PycharmProjects\EnergyBridge\benchmark_results\2026-07-21\_batch_logs\daily_dr_memory_tianjin_1day\household_s2_multigeneration_caregiver_mpc_dynamic_tianjin_d14_hist_d14_1_2025-06-14_1day.log,D:\Pycharm_project\PycharmProjects\EnergyBridge\benchmark_results\2026-07-21\household_s2_multigeneration_caregiver_mpc_dynamic_tianjin_d14_hist_d14_1_2025-06-14_1day\run_summary.txt,0,68.889495,68.889495,52.372211,1.112846,normalized TOU cost/kWh,D:\Pycharm_project\PycharmProjects\EnergyBridge\experiments\real_data\tianjin_tou_price_normalized.csv,2.9173,2.9173,0.0,0.0,2.55,1.0,1.0,"['dishwasher', 'dryer', 'ev', 'washer', 'water_heater']",[],[]
household_s3_hybrid_work_from_home,household_s3_hybrid_work_from_home,mpc_dynamic,Tianjin,1,2025-06-14,d14_hist_d14_1,hist_d14_1,14,D:\Pycharm_project\PycharmProjects\EnergyBridge\experiments\real_data\tianjin_tou_price_normalized.csv,18.0,1.0,D:\Pycharm_project\PycharmProjects\EnergyBridge\benchmark_results\2026-07-21\_batch_logs\daily_event_configs\d14_hist_d14_1.json,skipped_done,0,0.0,D:\Pycharm_project\PycharmProjects\EnergyBridge\benchmark_results\2026-07-21\household_s3_hybrid_work_from_home_mpc_dynamic_tianjin_d14_hist_d14_1_2025-06-14_1day,D:\Pycharm_project\PycharmProjects\EnergyBridge\benchmark_results\2026-07-21\_batch_logs\daily_dr_memory_tianjin_1day\household_s3_hybrid_work_from_home_mpc_dynamic_tianjin_d14_hist_d14_1_2025-06-14_1day.log,D:\Pycharm_project\PycharmProjects\EnergyBridge\benchmark_results\2026-07-21\household_s3_hybrid_work_from_home_mpc_dynamic_tianjin_d14_hist_d14_1_2025-06-14_1day\run_summary.txt,0,70.947653,70.947653,50.177993,1.040165,normalized TOU cost/kWh,D:\Pycharm_project\PycharmProjects\EnergyBridge\experiments\real_data\tianjin_tou_price_normalized.csv,2.6252,2.6252,0.0,0.0,2.633,1.0,1.0,"['dishwasher', 'dryer', 'ev', 'washer', 'water_heater']",[],[]
household_s2_multigeneration_caregiver,household_s2_multigeneration_caregiver,no_dr,Tianjin,1,2025-06-14,d14_hist_d14_1,hist_d14_1,14,D:\Pycharm_project\PycharmProjects\EnergyBridge\experiments\real_data\tianjin_tou_price_normalized.csv,18.0,1.0,D:\Pycharm_project\PycharmProjects\EnergyBridge\benchmark_results\2026-07-21\_batch_logs\daily_event_configs\d14_hist_d14_1.json,skipped_done,0,0.0,D:\Pycharm_project\PycharmProjects\EnergyBridge\benchmark_results\2026-07-21\household_s2_multigeneration_caregiver_no_dr_tianjin_d14_hist_d14_1_2025-06-14_1day,D:\Pycharm_project\PycharmProjects\EnergyBridge\benchmark_results\2026-07-21\_batch_logs\daily_dr_memory_tianjin_1day\household_s2_multigeneration_caregiver_no_dr_tianjin_d14_hist_d14_1_2025-06-14_1day.log,D:\Pycharm_project\PycharmProjects\EnergyBridge\benchmark_results\2026-07-21\household_s2_multigeneration_caregiver_no_dr_tianjin_d14_hist_d14_1_2025-06-14_1day\run_summary.txt,0,69.641991,69.641991,59.451043,1.177899,normalized TOU cost/kWh,D:\Pycharm_project\PycharmProjects\EnergyBridge\experiments\real_data\tianjin_tou_price_normalized.csv,6.2359,6.2359,1.0,1.0,,0.0,1.0,[],"['dishwasher', 'dryer', 'ev', 'washer', 'water_heater']",[]
household_s3_hybrid_work_from_home,household_s3_hybrid_work_from_home,no_dr,Tianjin,1,2025-06-14,d14_hist_d14_1,hist_d14_1,14,D:\Pycharm_project\PycharmProjects\EnergyBridge\experiments\real_data\tianjin_tou_price_normalized.csv,18.0,1.0,D:\Pycharm_project\PycharmProjects\EnergyBridge\benchmark_results\2026-07-21\_batch_logs\daily_event_configs\d14_hist_d14_1.json,skipped_done,0,0.0,D:\Pycharm_project\PycharmProjects\EnergyBridge\benchmark_results\2026-07-21\household_s3_hybrid_work_from_home_no_dr_tianjin_d14_hist_d14_1_2025-06-14_1day,D:\Pycharm_project\PycharmProjects\EnergyBridge\benchmark_results\2026-07-21\_batch_logs\daily_dr_memory_tianjin_1day\household_s3_hybrid_work_from_home_no_dr_tianjin_d14_hist_d14_1_2025-06-14_1day.log,D:\Pycharm_project\PycharmProjects\EnergyBridge\benchmark_results\2026-07-21\household_s3_hybrid_work_from_home_no_dr_tianjin_d14_hist_d14_1_2025-06-14_1day\run_summary.txt,0,70.433738,70.433738,59.286788,1.149786,normalized TOU cost/kWh,D:\Pycharm_project\PycharmProjects\EnergyBridge\experiments\real_data\tianjin_tou_price_normalized.csv,6.1883,6.1883,1.0,1.0,,0.0,0.8,[],"['dishwasher', 'dryer', 'ev', 'washer', 'water_heater']",[]
household_s4_ev_commuter_flexible,household_s4_ev_commuter_flexible,mpc_dynamic,Tianjin,1,2025-06-14,d14_hist_d14_1,hist_d14_1,14,D:\Pycharm_project\PycharmProjects\EnergyBridge\experiments\real_data\tianjin_tou_price_normalized.csv,18.0,1.0,D:\Pycharm_project\PycharmProjects\EnergyBridge\benchmark_results\2026-07-21\_batch_logs\daily_event_configs\d14_hist_d14_1.json,skipped_done,0,0.0,D:\Pycharm_project\PycharmProjects\EnergyBridge\benchmark_results\2026-07-21\household_s4_ev_commuter_flexible_mpc_dynamic_tianjin_d14_hist_d14_1_2025-06-14_1day,D:\Pycharm_project\PycharmProjects\EnergyBridge\benchmark_results\2026-07-21\_batch_logs\daily_dr_memory_tianjin_1day\household_s4_ev_commuter_flexible_mpc_dynamic_tianjin_d14_hist_d14_1_2025-06-14_1day.log,D:\Pycharm_project\PycharmProjects\EnergyBridge\benchmark_results\2026-07-21\household_s4_ev_commuter_flexible_mpc_dynamic_tianjin_d14_hist_d14_1_2025-06-14_1day\run_summary.txt,0,80.432805,80.432805,51.848423,0.99308,normalized TOU cost/kWh,D:\Pycharm_project\PycharmProjects\EnergyBridge\experiments\real_data\tianjin_tou_price_normalized.csv,2.8688,2.8688,0.0,0.0,2.65,1.0,1.0,"['dishwasher', 'dryer', 'ev', 'washer', 'water_heater']",[],[]
household_s4_ev_commuter_flexible,household_s4_ev_commuter_flexible,no_dr,Tianjin,1,2025-06-14,d14_hist_d14_1,hist_d14_1,14,D:\Pycharm_project\PycharmProjects\EnergyBridge\experiments\real_data\tianjin_tou_price_normalized.csv,18.0,1.0,D:\Pycharm_project\PycharmProjects\EnergyBridge\benchmark_results\2026-07-21\_batch_logs\daily_event_configs\d14_hist_d14_1.json,skipped_done,0,0.0,D:\Pycharm_project\PycharmProjects\EnergyBridge\benchmark_results\2026-07-21\household_s4_ev_commuter_flexible_no_dr_tianjin_d14_hist_d14_1_2025-06-14_1day,D:\Pycharm_project\PycharmProjects\EnergyBridge\benchmark_results\2026-07-21\_batch_logs\daily_dr_memory_tianjin_1day\household_s4_ev_commuter_flexible_no_dr_tianjin_d14_hist_d14_1_2025-06-14_1day.log,D:\Pycharm_project\PycharmProjects\EnergyBridge\benchmark_results\2026-07-21\household_s4_ev_commuter_flexible_no_dr_tianjin_d14_hist_d14_1_2025-06-14_1day\run_summary.txt,0,78.57727,78.57727,63.138422,1.107711,normalized TOU cost/kWh,D:\Pycharm_project\PycharmProjects\EnergyBridge\experiments\real_data\tianjin_tou_price_normalized.csv,6.1832,6.1832,1.0,1.0,,0.0,1.0,[],"['dishwasher', 'dryer', 'ev', 'washer', 'water_heater']",[]
household_s5_shared_roommates_irregular,household_s5_shared_roommates_irregular,mpc_dynamic,Tianjin,1,2025-06-14,d14_hist_d14_1,hist_d14_1,14,D:\Pycharm_project\PycharmProjects\EnergyBridge\experiments\real_data\tianjin_tou_price_normalized.csv,18.0,1.0,D:\Pycharm_project\PycharmProjects\EnergyBridge\benchmark_results\2026-07-21\_batch_logs\daily_event_configs\d14_hist_d14_1.json,skipped_done,0,0.0,D:\Pycharm_project\PycharmProjects\EnergyBridge\benchmark_results\2026-07-21\household_s5_shared_roommates_irregular_mpc_dynamic_tianjin_d14_hist_d14_1_2025-06-14_1day,D:\Pycharm_project\PycharmProjects\EnergyBridge\benchmark_results\2026-07-21\_batch_logs\daily_dr_memory_tianjin_1day\household_s5_shared_roommates_irregular_mpc_dynamic_tianjin_d14_hist_d14_1_2025-06-14_1day.log,D:\Pycharm_project\PycharmProjects\EnergyBridge\benchmark_results\2026-07-21\household_s5_shared_roommates_irregular_mpc_dynamic_tianjin_d14_hist_d14_1_2025-06-14_1day\run_summary.txt,0,72.547297,72.547297,48.186974,1.028308,normalized TOU cost/kWh,D:\Pycharm_project\PycharmProjects\EnergyBridge\experiments\real_data\tianjin_tou_price_normalized.csv,2.8688,2.8688,0.0,0.0,2.612,1.0,1.0,"['dishwasher', 'dryer', 'ev', 'washer', 'water_heater']",[],[]
household_s5_shared_roommates_irregular,household_s5_shared_roommates_irregular,no_dr,Tianjin,1,2025-06-14,d14_hist_d14_1,hist_d14_1,14,D:\Pycharm_project\PycharmProjects\EnergyBridge\experiments\real_data\tianjin_tou_price_normalized.csv,18.0,1.0,D:\Pycharm_project\PycharmProjects\EnergyBridge\benchmark_results\2026-07-21\_batch_logs\daily_event_configs\d14_hist_d14_1.json,skipped_done,0,0.0,D:\Pycharm_project\PycharmProjects\EnergyBridge\benchmark_results\2026-07-21\household_s5_shared_roommates_irregular_no_dr_tianjin_d14_hist_d14_1_2025-06-14_1day,D:\Pycharm_project\PycharmProjects\EnergyBridge\benchmark_results\2026-07-21\_batch_logs\daily_dr_memory_tianjin_1day\household_s5_shared_roommates_irregular_no_dr_tianjin_d14_hist_d14_1_2025-06-14_1day.log,D:\Pycharm_project\PycharmProjects\EnergyBridge\benchmark_results\2026-07-21\household_s5_shared_roommates_irregular_no_dr_tianjin_d14_hist_d14_1_2025-06-14_1day\run_summary.txt,0,70.03669,70.03669,58.871756,1.148236,normalized TOU cost/kWh,D:\Pycharm_project\PycharmProjects\EnergyBridge\experiments\real_data\tianjin_tou_price_normalized.csv,6.1832,6.1832,1.0,1.0,,0.0,1.0,[],"['dishwasher', 'dryer', 'ev', 'washer', 'water_heater']",[]
household_s1_dual_commuter_standard,household_s1_dual_commuter_standard,mpc_dynamic,Germany,1,2025-06-15,d15_hist_d15_1,hist_d15_1,15,D:\Pycharm_project\PycharmProjects\EnergyBridge\experiments\real_data\germany_2025_price.csv,18.0,1.0,D:\Pycharm_project\PycharmProjects\EnergyBridge\benchmark_results\2026-07-21\_batch_logs\daily_event_configs\d15_hist_d15_1.json,skipped_done,0,0.0,D:\Pycharm_project\PycharmProjects\EnergyBridge\benchmark_results\2026-07-21\household_s1_dual_commuter_standard_mpc_dynamic_germany_d15_hist_d15_1_2025-06-15_1day,D:\Pycharm_project\PycharmProjects\EnergyBridge\benchmark_results\2026-07-21\_batch_logs\daily_dr_memory_germany_1day\household_s1_dual_commuter_standard_mpc_dynamic_germany_d15_hist_d15_1_2025-06-15_1day.log,D:\Pycharm_project\PycharmProjects\EnergyBridge\benchmark_results\2026-07-21\household_s1_dual_commuter_standard_mpc_dynamic_germany_d15_hist_d15_1_2025-06-15_1day\run_summary.txt,0,63.643138,63.643138,12.537911,0.067887,EUR/kWh,D:\Pycharm_project\PycharmProjects\EnergyBridge\experiments\real_data\germany_2025_price.csv,7.3269,7.3269,0.0,0.0,2.612,1.0,1.0,"['dishwasher', 'dryer', 'ev', 'washer', 'water_heater']",[],[]
household_s1_dual_commuter_standard,household_s1_dual_commuter_standard,no_dr,Germany,1,2025-06-15,d15_hist_d15_1,hist_d15_1,15,D:\Pycharm_project\PycharmProjects\EnergyBridge\experiments\real_data\germany_2025_price.csv,18.0,1.0,D:\Pycharm_project\PycharmProjects\EnergyBridge\benchmark_results\2026-07-21\_batch_logs\daily_event_configs\d15_hist_d15_1.json,skipped_done,0,0.0,D:\Pycharm_project\PycharmProjects\EnergyBridge\benchmark_results\2026-07-21\household_s1_dual_commuter_standard_no_dr_germany_d15_hist_d15_1_2025-06-15_1day,D:\Pycharm_project\PycharmProjects\EnergyBridge\benchmark_results\2026-07-21\_batch_logs\daily_dr_memory_germany_1day\household_s1_dual_commuter_standard_no_dr_germany_d15_hist_d15_1_2025-06-15_1day.log,D:\Pycharm_project\PycharmProjects\EnergyBridge\benchmark_results\2026-07-21\household_s1_dual_commuter_standard_no_dr_germany_d15_hist_d15_1_2025-06-15_1day\run_summary.txt,0,61.978531,61.978531,13.52554,0.070623,EUR/kWh,D:\Pycharm_project\PycharmProjects\EnergyBridge\experiments\real_data\germany_2025_price.csv,10.2756,10.2756,1.0,1.0,,0.0,1.0,[],"['dishwasher', 'dryer', 'ev', 'washer', 'water_heater']",[]
household_s2_multigeneration_caregiver,household_s2_multigeneration_caregiver,mpc_dynamic,Germany,1,2025-06-15,d15_hist_d15_1,hist_d15_1,15,D:\Pycharm_project\PycharmProjects\EnergyBridge\experiments\real_data\germany_2025_price.csv,18.0,1.0,D:\Pycharm_project\PycharmProjects\EnergyBridge\benchmark_results\2026-07-21\_batch_logs\daily_event_configs\d15_hist_d15_1.json,skipped_done,0,0.0,D:\Pycharm_project\PycharmProjects\EnergyBridge\benchmark_results\2026-07-21\household_s2_multigeneration_caregiver_mpc_dynamic_germany_d15_hist_d15_1_2025-06-15_1day,D:\Pycharm_project\PycharmProjects\EnergyBridge\benchmark_results\2026-07-21\_batch_logs\daily_dr_memory_germany_1day\household_s2_multigeneration_caregiver_mpc_dynamic_germany_d15_hist_d15_1_2025-06-15_1day.log,D:\Pycharm_project\PycharmProjects\EnergyBridge\benchmark_results\2026-07-21\household_s2_multigeneration_caregiver_mpc_dynamic_germany_d15_hist_d15_1_2025-06-15_1day\run_summary.txt,0,58.355889,58.355889,12.0902,0.066642,EUR/kWh,D:\Pycharm_project\PycharmProjects\EnergyBridge\experiments\real_data\germany_2025_price.csv,7.3397,7.3397,0.0,0.0,2.55,1.0,1.0,"['dishwasher', 'dryer', 'ev', 'washer', 'water_heater']",[],[]
household_s3_hybrid_work_from_home,household_s3_hybrid_work_from_home,mpc_dynamic,Germany,1,2025-06-15,d15_hist_d15_1,hist_d15_1,15,D:\Pycharm_project\PycharmProjects\EnergyBridge\experiments\real_data\germany_2025_price.csv,18.0,1.0,D:\Pycharm_project\PycharmProjects\EnergyBridge\benchmark_results\2026-07-21\_batch_logs\daily_event_configs\d15_hist_d15_1.json,skipped_done,0,0.0,D:\Pycharm_project\PycharmProjects\EnergyBridge\benchmark_results\2026-07-21\household_s3_hybrid_work_from_home_mpc_dynamic_germany_d15_hist_d15_1_2025-06-15_1day,D:\Pycharm_project\PycharmProjects\EnergyBridge\benchmark_results\2026-07-21\_batch_logs\daily_dr_memory_germany_1day\household_s3_hybrid_work_from_home_mpc_dynamic_germany_d15_hist_d15_1_2025-06-15_1day.log,D:\Pycharm_project\PycharmProjects\EnergyBridge\benchmark_results\2026-07-21\household_s3_hybrid_work_from_home_mpc_dynamic_germany_d15_hist_d15_1_2025-06-15_1day\run_summary.txt,0,58.353596,58.353596,12.02542,0.066796,EUR/kWh,D:\Pycharm_project\PycharmProjects\EnergyBridge\experiments\real_data\germany_2025_price.csv,7.1979,7.1979,0.0,0.0,2.633,1.0,1.0,"['dishwasher', 'dryer', 'ev', 'washer', 'water_heater']",[],[]
household_s2_multigeneration_caregiver,household_s2_multigeneration_caregiver,no_dr,Germany,1,2025-06-15,d15_hist_d15_1,hist_d15_1,15,D:\Pycharm_project\PycharmProjects\EnergyBridge\experiments\real_data\germany_2025_price.csv,18.0,1.0,D:\Pycharm_project\PycharmProjects\EnergyBridge\benchmark_results\2026-07-21\_batch_logs\daily_event_configs\d15_hist_d15_1.json,skipped_done,0,0.0,D:\Pycharm_project\PycharmProjects\EnergyBridge\benchmark_results\2026-07-21\household_s2_multigeneration_caregiver_no_dr_germany_d15_hist_d15_1_2025-06-15_1day,D:\Pycharm_project\PycharmProjects\EnergyBridge\benchmark_results\2026-07-21\_batch_logs\daily_dr_memory_germany_1day\household_s2_multigeneration_caregiver_no_dr_germany_d15_hist_d15_1_2025-06-15_1day.log,D:\Pycharm_project\PycharmProjects\EnergyBridge\benchmark_results\2026-07-21\household_s2_multigeneration_caregiver_no_dr_germany_d15_hist_d15_1_2025-06-15_1day\run_summary.txt,0,54.84702,54.84702,12.655942,0.069326,EUR/kWh,D:\Pycharm_project\PycharmProjects\EnergyBridge\experiments\real_data\germany_2025_price.csv,10.3112,10.3112,1.0,1.0,,0.0,1.0,[],"['dishwasher', 'dryer', 'ev', 'washer', 'water_heater']",[]
household_s3_hybrid_work_from_home,household_s3_hybrid_work_from_home,no_dr,Germany,1,2025-06-15,d15_hist_d15_1,hist_d15_1,15,D:\Pycharm_project\PycharmProjects\EnergyBridge\experiments\real_data\germany_2025_price.csv,18.0,1.0,D:\Pycharm_project\PycharmProjects\EnergyBridge\benchmark_results\2026-07-21\_batch_logs\daily_event_configs\d15_hist_d15_1.json,skipped_done,0,0.0,D:\Pycharm_project\PycharmProjects\EnergyBridge\benchmark_results\2026-07-21\household_s3_hybrid_work_from_home_no_dr_germany_d15_hist_d15_1_2025-06-15_1day,D:\Pycharm_project\PycharmProjects\EnergyBridge\benchmark_results\2026-07-21\_batch_logs\daily_dr_memory_germany_1day\household_s3_hybrid_work_from_home_no_dr_germany_d15_hist_d15_1_2025-06-15_1day.log,D:\Pycharm_project\PycharmProjects\EnergyBridge\benchmark_results\2026-07-21\household_s3_hybrid_work_from_home_no_dr_germany_d15_hist_d15_1_2025-06-15_1day\run_summary.txt,0,58.155085,58.155085,13.13415,0.070133,EUR/kWh,D:\Pycharm_project\PycharmProjects\EnergyBridge\experiments\real_data\germany_2025_price.csv,10.2817,10.2817,1.0,1.0,,0.0,0.8,[],"['dishwasher', 'dryer', 'ev', 'washer', 'water_heater']",[]
household_s4_ev_commuter_flexible,household_s4_ev_commuter_flexible,mpc_dynamic,Germany,1,2025-06-15,d15_hist_d15_1,hist_d15_1,15,D:\Pycharm_project\PycharmProjects\EnergyBridge\experiments\real_data\germany_2025_price.csv,18.0,1.0,D:\Pycharm_project\PycharmProjects\EnergyBridge\benchmark_results\2026-07-21\_batch_logs\daily_event_configs\d15_hist_d15_1.json,skipped_done,0,0.0,D:\Pycharm_project\PycharmProjects\EnergyBridge\benchmark_results\2026-07-21\household_s4_ev_commuter_flexible_mpc_dynamic_germany_d15_hist_d15_1_2025-06-15_1day,D:\Pycharm_project\PycharmProjects\EnergyBridge\benchmark_results\2026-07-21\_batch_logs\daily_dr_memory_germany_1day\household_s4_ev_commuter_flexible_mpc_dynamic_germany_d15_hist_d15_1_2025-06-15_1day.log,D:\Pycharm_project\PycharmProjects\EnergyBridge\benchmark_results\2026-07-21\household_s4_ev_commuter_flexible_mpc_dynamic_germany_d15_hist_d15_1_2025-06-15_1day\run_summary.txt,0,40.053131,40.053131,10.609655,0.062588,EUR/kWh,D:\Pycharm_project\PycharmProjects\EnergyBridge\experiments\real_data\germany_2025_price.csv,6.2685,6.2685,1.0,1.0,3.705,1.0,1.0,"['dishwasher', 'dryer', 'ev', 'washer', 'water_heater']",[],[]
household_s5_shared_roommates_irregular,household_s5_shared_roommates_irregular,mpc_dynamic,Germany,1,2025-06-15,d15_hist_d15_1,hist_d15_1,15,D:\Pycharm_project\PycharmProjects\EnergyBridge\experiments\real_data\germany_2025_price.csv,18.0,1.0,D:\Pycharm_project\PycharmProjects\EnergyBridge\benchmark_results\2026-07-21\_batch_logs\daily_event_configs\d15_hist_d15_1.json,skipped_done,0,0.0,D:\Pycharm_project\PycharmProjects\EnergyBridge\benchmark_results\2026-07-21\household_s5_shared_roommates_irregular_mpc_dynamic_germany_d15_hist_d15_1_2025-06-15_1day,D:\Pycharm_project\PycharmProjects\EnergyBridge\benchmark_results\2026-07-21\_batch_logs\daily_dr_memory_germany_1day\household_s5_shared_roommates_irregular_mpc_dynamic_germany_d15_hist_d15_1_2025-06-15_1day.log,D:\Pycharm_project\PycharmProjects\EnergyBridge\benchmark_results\2026-07-21\household_s5_shared_roommates_irregular_mpc_dynamic_germany_d15_hist_d15_1_2025-06-15_1day\run_summary.txt,0,59.561979,59.561979,12.150378,0.067275,EUR/kWh,D:\Pycharm_project\PycharmProjects\EnergyBridge\experiments\real_data\germany_2025_price.csv,7.3269,7.3269,0.0,0.0,2.612,1.0,1.0,"['dishwasher', 'dryer', 'ev', 'washer', 'water_heater']",[],[]
household_s1_dual_commuter_standard,household_s1_dual_commuter_standard,mpc_dynamic,Tianjin,1,2025-06-15,d15_hist_d15_1,hist_d15_1,15,D:\Pycharm_project\PycharmProjects\EnergyBridge\experiments\real_data\tianjin_tou_price_normalized.csv,18.0,1.0,D:\Pycharm_project\PycharmProjects\EnergyBridge\benchmark_results\2026-07-21\_batch_logs\daily_event_configs\d15_hist_d15_1.json,skipped_done,0,0.0,D:\Pycharm_project\PycharmProjects\EnergyBridge\benchmark_results\2026-07-21\household_s1_dual_commuter_standard_mpc_dynamic_tianjin_d15_hist_d15_1_2025-06-15_1day,D:\Pycharm_project\PycharmProjects\EnergyBridge\benchmark_results\2026-07-21\_batch_logs\daily_dr_memory_tianjin_1day\household_s1_dual_commuter_standard_mpc_dynamic_tianjin_d15_hist_d15_1_2025-06-15_1day.log,D:\Pycharm_project\PycharmProjects\EnergyBridge\benchmark_results\2026-07-21\household_s1_dual_commuter_standard_mpc_dynamic_tianjin_d15_hist_d15_1_2025-06-15_1day\run_summary.txt,0,75.070192,75.070192,51.68945,1.051115,normalized TOU cost/kWh,D:\Pycharm_project\PycharmProjects\EnergyBridge\experiments\real_data\tianjin_tou_price_normalized.csv,2.8032,2.8032,0.0,0.0,2.612,1.0,1.0,"['dishwasher', 'dryer', 'ev', 'washer', 'water_heater']",[],[]
household_s4_ev_commuter_flexible,household_s4_ev_commuter_flexible,no_dr,Germany,1,2025-06-15,d15_hist_d15_1,hist_d15_1,15,D:\Pycharm_project\PycharmProjects\EnergyBridge\experiments\real_data\germany_2025_price.csv,18.0,1.0,D:\Pycharm_project\PycharmProjects\EnergyBridge\benchmark_results\2026-07-21\_batch_logs\daily_event_configs\d15_hist_d15_1.json,skipped_done,0,0.0,D:\Pycharm_project\PycharmProjects\EnergyBridge\benchmark_results\2026-07-21\household_s4_ev_commuter_flexible_no_dr_germany_d15_hist_d15_1_2025-06-15_1day,D:\Pycharm_project\PycharmProjects\EnergyBridge\benchmark_results\2026-07-21\_batch_logs\daily_dr_memory_germany_1day\household_s4_ev_commuter_flexible_no_dr_germany_d15_hist_d15_1_2025-06-15_1day.log,D:\Pycharm_project\PycharmProjects\EnergyBridge\benchmark_results\2026-07-21\household_s4_ev_commuter_flexible_no_dr_germany_d15_hist_d15_1_2025-06-15_1day\run_summary.txt,0,66.05969,66.05969,13.911271,0.071121,EUR/kWh,D:\Pycharm_project\PycharmProjects\EnergyBridge\experiments\real_data\germany_2025_price.csv,10.2756,10.2756,1.0,1.0,,0.0,1.0,[],"['dishwasher', 'dryer', 'ev', 'washer', 'water_heater']",[]
household_s5_shared_roommates_irregular,household_s5_shared_roommates_irregular,no_dr,Germany,1,2025-06-15,d15_hist_d15_1,hist_d15_1,15,D:\Pycharm_project\PycharmProjects\EnergyBridge\experiments\real_data\germany_2025_price.csv,18.0,1.0,D:\Pycharm_project\PycharmProjects\EnergyBridge\benchmark_results\2026-07-21\_batch_logs\daily_event_configs\d15_hist_d15_1.json,skipped_done,0,0.0,D:\Pycharm_project\PycharmProjects\EnergyBridge\benchmark_results\2026-07-21\household_s5_shared_roommates_irregular_no_dr_germany_d15_hist_d15_1_2025-06-15_1day,D:\Pycharm_project\PycharmProjects\EnergyBridge\benchmark_results\2026-07-21\_batch_logs\daily_dr_memory_germany_1day\household_s5_shared_roommates_irregular_no_dr_germany_d15_hist_d15_1_2025-06-15_1day.log,D:\Pycharm_project\PycharmProjects\EnergyBridge\benchmark_results\2026-07-21\household_s5_shared_roommates_irregular_no_dr_germany_d15_hist_d15_1_2025-06-15_1day\run_summary.txt,0,57.897371,57.897371,13.13981,0.070103,EUR/kWh,D:\Pycharm_project\PycharmProjects\EnergyBridge\experiments\real_data\germany_2025_price.csv,10.2756,10.2756,1.0,1.0,,0.0,1.0,[],"['dishwasher', 'dryer', 'ev', 'washer', 'water_heater']",[]
household_s1_dual_commuter_standard,household_s1_dual_commuter_standard,no_dr,Tianjin,1,2025-06-15,d15_hist_d15_1,hist_d15_1,15,D:\Pycharm_project\PycharmProjects\EnergyBridge\experiments\real_data\tianjin_tou_price_normalized.csv,18.0,1.0,D:\Pycharm_project\PycharmProjects\EnergyBridge\benchmark_results\2026-07-21\_batch_logs\daily_event_configs\d15_hist_d15_1.json,skipped_done,0,0.0,D:\Pycharm_project\PycharmProjects\EnergyBridge\benchmark_results\2026-07-21\household_s1_dual_commuter_standard_no_dr_tianjin_d15_hist_d15_1_2025-06-15_1day,D:\Pycharm_project\PycharmProjects\EnergyBridge\benchmark_results\2026-07-21\_batch_logs\daily_dr_memory_tianjin_1day\household_s1_dual_commuter_standard_no_dr_tianjin_d15_hist_d15_1_2025-06-15_1day.log,D:\Pycharm_project\PycharmProjects\EnergyBridge\benchmark_results\2026-07-21\household_s1_dual_commuter_standard_no_dr_tianjin_d15_hist_d15_1_2025-06-15_1day\run_summary.txt,0,71.148435,71.148435,67.963137,1.187687,normalized TOU cost/kWh,D:\Pycharm_project\PycharmProjects\EnergyBridge\experiments\real_data\tianjin_tou_price_normalized.csv,4.8766,4.8766,1.0,1.0,,0.0,1.0,[],"['dishwasher', 'dryer', 'ev', 'washer', 'water_heater']",[]
household_s2_multigeneration_caregiver,household_s2_multigeneration_caregiver,mpc_dynamic,Tianjin,1,2025-06-15,d15_hist_d15_1,hist_d15_1,15,D:\Pycharm_project\PycharmProjects\EnergyBridge\experiments\real_data\tianjin_tou_price_normalized.csv,18.0,1.0,D:\Pycharm_project\PycharmProjects\EnergyBridge\benchmark_results\2026-07-21\_batch_logs\daily_event_configs\d15_hist_d15_1.json,skipped_done,0,0.0,D:\Pycharm_project\PycharmProjects\EnergyBridge\benchmark_results\2026-07-21\household_s2_multigeneration_caregiver_mpc_dynamic_tianjin_d15_hist_d15_1_2025-06-15_1day,D:\Pycharm_project\PycharmProjects\EnergyBridge\benchmark_results\2026-07-21\_batch_logs\daily_dr_memory_tianjin_1day\household_s2_multigeneration_caregiver_mpc_dynamic_tianjin_d15_hist_d15_1_2025-06-15_1day.log,D:\Pycharm_project\PycharmProjects\EnergyBridge\benchmark_results\2026-07-21\household_s2_multigeneration_caregiver_mpc_dynamic_tianjin_d15_hist_d15_1_2025-06-15_1day\run_summary.txt,0,67.717909,67.717909,55.714736,1.163324,normalized TOU cost/kWh,D:\Pycharm_project\PycharmProjects\EnergyBridge\experiments\real_data\tianjin_tou_price_normalized.csv,2.7924,2.7924,0.0,0.0,2.55,1.0,1.0,"['dishwasher', 'dryer', 'ev', 'washer', 'water_heater']",[],[]
household_s3_hybrid_work_from_home,household_s3_hybrid_work_from_home,mpc_dynamic,Tianjin,1,2025-06-15,d15_hist_d15_1,hist_d15_1,15,D:\Pycharm_project\PycharmProjects\EnergyBridge\experiments\real_data\tianjin_tou_price_normalized.csv,18.0,1.0,D:\Pycharm_project\PycharmProjects\EnergyBridge\benchmark_results\2026-07-21\_batch_logs\daily_event_configs\d15_hist_d15_1.json,skipped_done,0,0.0,D:\Pycharm_project\PycharmProjects\EnergyBridge\benchmark_results\2026-07-21\household_s3_hybrid_work_from_home_mpc_dynamic_tianjin_d15_hist_d15_1_2025-06-15_1day,D:\Pycharm_project\PycharmProjects\EnergyBridge\benchmark_results\2026-07-21\_batch_logs\daily_dr_memory_tianjin_1day\household_s3_hybrid_work_from_home_mpc_dynamic_tianjin_d15_hist_d15_1_2025-06-15_1day.log,D:\Pycharm_project\PycharmProjects\EnergyBridge\benchmark_results\2026-07-21\household_s3_hybrid_work_from_home_mpc_dynamic_tianjin_d15_hist_d15_1_2025-06-15_1day\run_summary.txt,0,68.96148,68.96148,51.308305,1.078814,normalized TOU cost/kWh,D:\Pycharm_project\PycharmProjects\EnergyBridge\experiments\real_data\tianjin_tou_price_normalized.csv,2.5367,2.5367,0.0,0.0,2.633,1.0,1.0,"['dishwasher', 'dryer', 'ev', 'washer', 'water_heater']",[],[]
household_s3_hybrid_work_from_home,household_s3_hybrid_work_from_home,no_dr,Tianjin,1,2025-06-15,d15_hist_d15_1,hist_d15_1,15,D:\Pycharm_project\PycharmProjects\EnergyBridge\experiments\real_data\tianjin_tou_price_normalized.csv,18.0,1.0,D:\Pycharm_project\PycharmProjects\EnergyBridge\benchmark_results\2026-07-21\_batch_logs\daily_event_configs\d15_hist_d15_1.json,skipped_done,0,0.0,D:\Pycharm_project\PycharmProjects\EnergyBridge\benchmark_results\2026-07-21\household_s3_hybrid_work_from_home_no_dr_tianjin_d15_hist_d15_1_2025-06-15_1day,D:\Pycharm_project\PycharmProjects\EnergyBridge\benchmark_results\2026-07-21\_batch_logs\daily_dr_memory_tianjin_1day\household_s3_hybrid_work_from_home_no_dr_tianjin_d15_hist_d15_1_2025-06-15_1day.log,D:\Pycharm_project\PycharmProjects\EnergyBridge\benchmark_results\2026-07-21\household_s3_hybrid_work_from_home_no_dr_tianjin_d15_hist_d15_1_2025-06-15_1day\run_summary.txt,0,67.38398,67.38398,64.30124,1.203265,normalized TOU cost/kWh,D:\Pycharm_project\PycharmProjects\EnergyBridge\experiments\real_data\tianjin_tou_price_normalized.csv,4.8806,4.8806,1.0,1.0,,0.0,0.8,[],"['dishwasher', 'dryer', 'ev', 'washer', 'water_heater']",[]
household_s2_multigeneration_caregiver,household_s2_multigeneration_caregiver,no_dr,Tianjin,1,2025-06-15,d15_hist_d15_1,hist_d15_1,15,D:\Pycharm_project\PycharmProjects\EnergyBridge\experiments\real_data\tianjin_tou_price_normalized.csv,18.0,1.0,D:\Pycharm_project\PycharmProjects\EnergyBridge\benchmark_results\2026-07-21\_batch_logs\daily_event_configs\d15_hist_d15_1.json,skipped_done,0,0.0,D:\Pycharm_project\PycharmProjects\EnergyBridge\benchmark_results\2026-07-21\household_s2_multigeneration_caregiver_no_dr_tianjin_d15_hist_d15_1_2025-06-15_1day,D:\Pycharm_project\PycharmProjects\EnergyBridge\benchmark_results\2026-07-21\_batch_logs\daily_dr_memory_tianjin_1day\household_s2_multigeneration_caregiver_no_dr_tianjin_d15_hist_d15_1_2025-06-15_1day.log,D:\Pycharm_project\PycharmProjects\EnergyBridge\benchmark_results\2026-07-21\household_s2_multigeneration_caregiver_no_dr_tianjin_d15_hist_d15_1_2025-06-15_1day\run_summary.txt,0,66.226076,66.226076,60.932902,1.214988,normalized TOU cost/kWh,D:\Pycharm_project\PycharmProjects\EnergyBridge\experiments\real_data\tianjin_tou_price_normalized.csv,4.9173,4.9173,1.0,1.0,,0.0,1.0,[],"['dishwasher', 'dryer', 'ev', 'washer', 'water_heater']",[]
household_s4_ev_commuter_flexible,household_s4_ev_commuter_flexible,mpc_dynamic,Tianjin,1,2025-06-15,d15_hist_d15_1,hist_d15_1,15,D:\Pycharm_project\PycharmProjects\EnergyBridge\experiments\real_data\tianjin_tou_price_normalized.csv,18.0,1.0,D:\Pycharm_project\PycharmProjects\EnergyBridge\benchmark_results\2026-07-21\_batch_logs\daily_event_configs\d15_hist_d15_1.json,skipped_done,0,0.0,D:\Pycharm_project\PycharmProjects\EnergyBridge\benchmark_results\2026-07-21\household_s4_ev_commuter_flexible_mpc_dynamic_tianjin_d15_hist_d15_1_2025-06-15_1day,D:\Pycharm_project\PycharmProjects\EnergyBridge\benchmark_results\2026-07-21\_batch_logs\daily_dr_memory_tianjin_1day\household_s4_ev_commuter_flexible_mpc_dynamic_tianjin_d15_hist_d15_1_2025-06-15_1day.log,D:\Pycharm_project\PycharmProjects\EnergyBridge\benchmark_results\2026-07-21\household_s4_ev_commuter_flexible_mpc_dynamic_tianjin_d15_hist_d15_1_2025-06-15_1day\run_summary.txt,0,47.173622,47.173622,34.170029,0.859129,normalized TOU cost/kWh,D:\Pycharm_project\PycharmProjects\EnergyBridge\experiments\real_data\tianjin_tou_price_normalized.csv,1.0886,1.0886,1.0,1.0,3.805,1.0,1.0,"['dishwasher', 'dryer', 'ev', 'washer', 'water_heater']",[],[]
household_s5_shared_roommates_irregular,household_s5_shared_roommates_irregular,mpc_dynamic,Tianjin,1,2025-06-15,d15_hist_d15_1,hist_d15_1,15,D:\Pycharm_project\PycharmProjects\EnergyBridge\experiments\real_data\tianjin_tou_price_normalized.csv,18.0,1.0,D:\Pycharm_project\PycharmProjects\EnergyBridge\benchmark_results\2026-07-21\_batch_logs\daily_event_configs\d15_hist_d15_1.json,skipped_done,0,0.0,D:\Pycharm_project\PycharmProjects\EnergyBridge\benchmark_results\2026-07-21\household_s5_shared_roommates_irregular_mpc_dynamic_tianjin_d15_hist_d15_1_2025-06-15_1day,D:\Pycharm_project\PycharmProjects\EnergyBridge\benchmark_results\2026-07-21\_batch_logs\daily_dr_memory_tianjin_1day\household_s5_shared_roommates_irregular_mpc_dynamic_tianjin_d15_hist_d15_1_2025-06-15_1day.log,D:\Pycharm_project\PycharmProjects\EnergyBridge\benchmark_results\2026-07-21\household_s5_shared_roommates_irregular_mpc_dynamic_tianjin_d15_hist_d15_1_2025-06-15_1day\run_summary.txt,0,71.281787,71.281787,49.474958,1.069467,normalized TOU cost/kWh,D:\Pycharm_project\PycharmProjects\EnergyBridge\experiments\real_data\tianjin_tou_price_normalized.csv,2.8032,2.8032,0.0,0.0,2.658,1.0,1.0,"['dishwasher', 'dryer', 'ev', 'washer', 'water_heater']",[],[]
household_s4_ev_commuter_flexible,household_s4_ev_commuter_flexible,no_dr,Tianjin,1,2025-06-15,d15_hist_d15_1,hist_d15_1,15,D:\Pycharm_project\PycharmProjects\EnergyBridge\experiments\real_data\tianjin_tou_price_normalized.csv,18.0,1.0,D:\Pycharm_project\PycharmProjects\EnergyBridge\benchmark_results\2026-07-21\_batch_logs\daily_event_configs\d15_hist_d15_1.json,skipped_done,0,0.0,D:\Pycharm_project\PycharmProjects\EnergyBridge\benchmark_results\2026-07-21\household_s4_ev_commuter_flexible_no_dr_tianjin_d15_hist_d15_1_2025-06-15_1day,D:\Pycharm_project\PycharmProjects\EnergyBridge\benchmark_results\2026-07-21\_batch_logs\daily_dr_memory_tianjin_1day\household_s4_ev_commuter_flexible_no_dr_tianjin_d15_hist_d15_1_2025-06-15_1day.log,D:\Pycharm_project\PycharmProjects\EnergyBridge\benchmark_results\2026-07-21\household_s4_ev_commuter_flexible_no_dr_tianjin_d15_hist_d15_1_2025-06-15_1day\run_summary.txt,0,75.229595,75.229595,72.044297,1.175193,normalized TOU cost/kWh,D:\Pycharm_project\PycharmProjects\EnergyBridge\experiments\real_data\tianjin_tou_price_normalized.csv,4.8766,4.8766,1.0,1.0,,0.0,1.0,[],"['dishwasher', 'dryer', 'ev', 'washer', 'water_heater']",[]
household_s5_shared_roommates_irregular,household_s5_shared_roommates_irregular,no_dr,Tianjin,1,2025-06-15,d15_hist_d15_1,hist_d15_1,15,D:\Pycharm_project\PycharmProjects\EnergyBridge\experiments\real_data\tianjin_tou_price_normalized.csv,18.0,1.0,D:\Pycharm_project\PycharmProjects\EnergyBridge\benchmark_results\2026-07-21\_batch_logs\daily_event_configs\d15_hist_d15_1.json,skipped_done,0,0.0,D:\Pycharm_project\PycharmProjects\EnergyBridge\benchmark_results\2026-07-21\household_s5_shared_roommates_irregular_no_dr_tianjin_d15_hist_d15_1_2025-06-15_1day,D:\Pycharm_project\PycharmProjects\EnergyBridge\benchmark_results\2026-07-21\_batch_logs\daily_dr_memory_tianjin_1day\household_s5_shared_roommates_irregular_no_dr_tianjin_d15_hist_d15_1_2025-06-15_1day.log,D:\Pycharm_project\PycharmProjects\EnergyBridge\benchmark_results\2026-07-21\household_s5_shared_roommates_irregular_no_dr_tianjin_d15_hist_d15_1_2025-06-15_1day\run_summary.txt,0,67.067276,67.067276,63.881978,1.202101,normalized TOU cost/kWh,D:\Pycharm_project\PycharmProjects\EnergyBridge\experiments\real_data\tianjin_tou_price_normalized.csv,4.8766,4.8766,1.0,1.0,,0.0,1.0,[],"['dishwasher', 'dryer', 'ev', 'washer', 'water_heater']",[]
household_s1_dual_commuter_standard,household_s1_dual_commuter_standard,mpc_dynamic,Germany,1,2025-06-16,d16_hist_d16_1,hist_d16_1,16,D:\Pycharm_project\PycharmProjects\EnergyBridge\experiments\real_data\germany_2025_price.csv,18.0,1.0,D:\Pycharm_project\PycharmProjects\EnergyBridge\benchmark_results\2026-07-21\_batch_logs\daily_event_configs\d16_hist_d16_1.json,skipped_done,0,0.0,D:\Pycharm_project\PycharmProjects\EnergyBridge\benchmark_results\2026-07-21\household_s1_dual_commuter_standard_mpc_dynamic_germany_d16_hist_d16_1_2025-06-16_1day,D:\Pycharm_project\PycharmProjects\EnergyBridge\benchmark_results\2026-07-21\_batch_logs\daily_dr_memory_germany_1day\household_s1_dual_commuter_standard_mpc_dynamic_germany_d16_hist_d16_1_2025-06-16_1day.log,D:\Pycharm_project\PycharmProjects\EnergyBridge\benchmark_results\2026-07-21\household_s1_dual_commuter_standard_mpc_dynamic_germany_d16_hist_d16_1_2025-06-16_1day\run_summary.txt,0,63.740382,63.740382,16.546052,0.087836,EUR/kWh,D:\Pycharm_project\PycharmProjects\EnergyBridge\experiments\real_data\germany_2025_price.csv,7.4718,7.4718,0.0,0.0,2.612,1.0,1.0,"['dishwasher', 'dryer', 'ev', 'washer', 'water_heater']",[],[]
household_s1_dual_commuter_standard,household_s1_dual_commuter_standard,no_dr,Germany,1,2025-06-16,d16_hist_d16_1,hist_d16_1,16,D:\Pycharm_project\PycharmProjects\EnergyBridge\experiments\real_data\germany_2025_price.csv,18.0,1.0,D:\Pycharm_project\PycharmProjects\EnergyBridge\benchmark_results\2026-07-21\_batch_logs\daily_event_configs\d16_hist_d16_1.json,skipped_done,0,0.0,D:\Pycharm_project\PycharmProjects\EnergyBridge\benchmark_results\2026-07-21\household_s1_dual_commuter_standard_no_dr_germany_d16_hist_d16_1_2025-06-16_1day,D:\Pycharm_project\PycharmProjects\EnergyBridge\benchmark_results\2026-07-21\_batch_logs\daily_dr_memory_germany_1day\household_s1_dual_commuter_standard_no_dr_germany_d16_hist_d16_1_2025-06-16_1day.log,D:\Pycharm_project\PycharmProjects\EnergyBridge\benchmark_results\2026-07-21\household_s1_dual_commuter_standard_no_dr_germany_d16_hist_d16_1_2025-06-16_1day\run_summary.txt,0,59.290905,59.290905,17.700989,0.09128,EUR/kWh,D:\Pycharm_project\PycharmProjects\EnergyBridge\experiments\real_data\germany_2025_price.csv,10.4166,10.4166,1.0,1.0,,0.0,1.0,[],"['dishwasher', 'dryer', 'ev', 'washer', 'water_heater']",[]
household_s2_multigeneration_caregiver,household_s2_multigeneration_caregiver,mpc_dynamic,Germany,1,2025-06-16,d16_hist_d16_1,hist_d16_1,16,D:\Pycharm_project\PycharmProjects\EnergyBridge\experiments\real_data\germany_2025_price.csv,18.0,1.0,D:\Pycharm_project\PycharmProjects\EnergyBridge\benchmark_results\2026-07-21\_batch_logs\daily_event_configs\d16_hist_d16_1.json,skipped_done,0,0.0,D:\Pycharm_project\PycharmProjects\EnergyBridge\benchmark_results\2026-07-21\household_s2_multigeneration_caregiver_mpc_dynamic_germany_d16_hist_d16_1_2025-06-16_1day,D:\Pycharm_project\PycharmProjects\EnergyBridge\benchmark_results\2026-07-21\_batch_logs\daily_dr_memory_germany_1day\household_s2_multigeneration_caregiver_mpc_dynamic_germany_d16_hist_d16_1_2025-06-16_1day.log,D:\Pycharm_project\PycharmProjects\EnergyBridge\benchmark_results\2026-07-21\household_s2_multigeneration_caregiver_mpc_dynamic_germany_d16_hist_d16_1_2025-06-16_1day\run_summary.txt,0,53.278669,53.278669,16.07634,0.087506,EUR/kWh,D:\Pycharm_project\PycharmProjects\EnergyBridge\experiments\real_data\germany_2025_price.csv,7.4642,7.4642,0.0,0.0,2.55,1.0,1.0,"['dishwasher', 'dryer', 'ev', 'washer', 'water_heater']",[],[]
household_s2_multigeneration_caregiver,household_s2_multigeneration_caregiver,no_dr,Germany,1,2025-06-16,d16_hist_d16_1,hist_d16_1,16,D:\Pycharm_project\PycharmProjects\EnergyBridge\experiments\real_data\germany_2025_price.csv,18.0,1.0,D:\Pycharm_project\PycharmProjects\EnergyBridge\benchmark_results\2026-07-21\_batch_logs\daily_event_configs\d16_hist_d16_1.json,skipped_done,0,0.0,D:\Pycharm_project\PycharmProjects\EnergyBridge\benchmark_results\2026-07-21\household_s2_multigeneration_caregiver_no_dr_germany_d16_hist_d16_1_2025-06-16_1day,D:\Pycharm_project\PycharmProjects\EnergyBridge\benchmark_results\2026-07-21\_batch_logs\daily_dr_memory_germany_1day\household_s2_multigeneration_caregiver_no_dr_germany_d16_hist_d16_1_2025-06-16_1day.log,D:\Pycharm_project\PycharmProjects\EnergyBridge\benchmark_results\2026-07-21\household_s2_multigeneration_caregiver_no_dr_germany_d16_hist_d16_1_2025-06-16_1day\run_summary.txt,0,51.876752,51.876752,16.839994,0.091106,EUR/kWh,D:\Pycharm_project\PycharmProjects\EnergyBridge\experiments\real_data\germany_2025_price.csv,10.4537,10.4537,1.0,1.0,,0.0,1.0,[],"['dishwasher', 'dryer', 'ev', 'washer', 'water_heater']",[]
household_s3_hybrid_work_from_home,household_s3_hybrid_work_from_home,no_dr,Germany,1,2025-06-16,d16_hist_d16_1,hist_d16_1,16,D:\Pycharm_project\PycharmProjects\EnergyBridge\experiments\real_data\germany_2025_price.csv,18.0,1.0,D:\Pycharm_project\PycharmProjects\EnergyBridge\benchmark_results\2026-07-21\_batch_logs\daily_event_configs\d16_hist_d16_1.json,skipped_done,0,0.0,D:\Pycharm_project\PycharmProjects\EnergyBridge\benchmark_results\2026-07-21\household_s3_hybrid_work_from_home_no_dr_germany_d16_hist_d16_1_2025-06-16_1day,D:\Pycharm_project\PycharmProjects\EnergyBridge\benchmark_results\2026-07-21\_batch_logs\daily_dr_memory_germany_1day\household_s3_hybrid_work_from_home_no_dr_germany_d16_hist_d16_1_2025-06-16_1day.log,D:\Pycharm_project\PycharmProjects\EnergyBridge\benchmark_results\2026-07-21\household_s3_hybrid_work_from_home_no_dr_germany_d16_hist_d16_1_2025-06-16_1day\run_summary.txt,0,55.447169,55.447169,17.312589,0.091284,EUR/kWh,D:\Pycharm_project\PycharmProjects\EnergyBridge\experiments\real_data\germany_2025_price.csv,10.4264,10.4264,1.0,1.0,,0.0,0.8,[],"['dishwasher', 'dryer', 'ev', 'washer', 'water_heater']",[]
household_s3_hybrid_work_from_home,household_s3_hybrid_work_from_home,mpc_dynamic,Germany,1,2025-06-16,d16_hist_d16_1,hist_d16_1,16,D:\Pycharm_project\PycharmProjects\EnergyBridge\experiments\real_data\germany_2025_price.csv,18.0,1.0,D:\Pycharm_project\PycharmProjects\EnergyBridge\benchmark_results\2026-07-21\_batch_logs\daily_event_configs\d16_hist_d16_1.json,skipped_done,0,0.0,D:\Pycharm_project\PycharmProjects\EnergyBridge\benchmark_results\2026-07-21\household_s3_hybrid_work_from_home_mpc_dynamic_germany_d16_hist_d16_1_2025-06-16_1day,D:\Pycharm_project\PycharmProjects\EnergyBridge\benchmark_results\2026-07-21\_batch_logs\daily_dr_memory_germany_1day\household_s3_hybrid_work_from_home_mpc_dynamic_germany_d16_hist_d16_1_2025-06-16_1day.log,D:\Pycharm_project\PycharmProjects\EnergyBridge\benchmark_results\2026-07-21\household_s3_hybrid_work_from_home_mpc_dynamic_germany_d16_hist_d16_1_2025-06-16_1day\run_summary.txt,0,34.377895,34.377895,14.018183,0.081989,EUR/kWh,D:\Pycharm_project\PycharmProjects\EnergyBridge\experiments\real_data\germany_2025_price.csv,6.3615,6.3615,1.0,1.0,3.527,1.0,1.0,"['dishwasher', 'dryer', 'ev', 'washer', 'water_heater']",[],[]
household_s4_ev_commuter_flexible,household_s4_ev_commuter_flexible,mpc_dynamic,Germany,1,2025-06-16,d16_hist_d16_1,hist_d16_1,16,D:\Pycharm_project\PycharmProjects\EnergyBridge\experiments\real_data\germany_2025_price.csv,18.0,1.0,D:\Pycharm_project\PycharmProjects\EnergyBridge\benchmark_results\2026-07-21\_batch_logs\daily_event_configs\d16_hist_d16_1.json,skipped_done,0,0.0,D:\Pycharm_project\PycharmProjects\EnergyBridge\benchmark_results\2026-07-21\household_s4_ev_commuter_flexible_mpc_dynamic_germany_d16_hist_d16_1_2025-06-16_1day,D:\Pycharm_project\PycharmProjects\EnergyBridge\benchmark_results\2026-07-21\_batch_logs\daily_dr_memory_germany_1day\household_s4_ev_commuter_flexible_mpc_dynamic_germany_d16_hist_d16_1_2025-06-16_1day.log,D:\Pycharm_project\PycharmProjects\EnergyBridge\benchmark_results\2026-07-21\household_s4_ev_commuter_flexible_mpc_dynamic_germany_d16_hist_d16_1_2025-06-16_1day\run_summary.txt,0,67.821542,67.821542,16.939129,0.088016,EUR/kWh,D:\Pycharm_project\PycharmProjects\EnergyBridge\experiments\real_data\germany_2025_price.csv,7.4718,7.4718,0.0,0.0,2.65,1.0,1.0,"['dishwasher', 'dryer', 'ev', 'washer', 'water_heater']",[],[]
household_s4_ev_commuter_flexible,household_s4_ev_commuter_flexible,no_dr,Germany,1,2025-06-16,d16_hist_d16_1,hist_d16_1,16,D:\Pycharm_project\PycharmProjects\EnergyBridge\experiments\real_data\germany_2025_price.csv,18.0,1.0,D:\Pycharm_project\PycharmProjects\EnergyBridge\benchmark_results\2026-07-21\_batch_logs\daily_event_configs\d16_hist_d16_1.json,skipped_done,0,0.0,D:\Pycharm_project\PycharmProjects\EnergyBridge\benchmark_results\2026-07-21\household_s4_ev_commuter_flexible_no_dr_germany_d16_hist_d16_1_2025-06-16_1day,D:\Pycharm_project\PycharmProjects\EnergyBridge\benchmark_results\2026-07-21\_batch_logs\daily_dr_memory_germany_1day\household_s4_ev_commuter_flexible_no_dr_germany_d16_hist_d16_1_2025-06-16_1day.log,D:\Pycharm_project\PycharmProjects\EnergyBridge\benchmark_results\2026-07-21\household_s4_ev_commuter_flexible_no_dr_germany_d16_hist_d16_1_2025-06-16_1day\run_summary.txt,0,63.372064,63.372064,18.085153,0.091339,EUR/kWh,D:\Pycharm_project\PycharmProjects\EnergyBridge\experiments\real_data\germany_2025_price.csv,10.4166,10.4166,1.0,1.0,,0.0,1.0,[],"['dishwasher', 'dryer', 'ev', 'washer', 'water_heater']",[]
household_s5_shared_roommates_irregular,household_s5_shared_roommates_irregular,mpc_dynamic,Germany,1,2025-06-16,d16_hist_d16_1,hist_d16_1,16,D:\Pycharm_project\PycharmProjects\EnergyBridge\experiments\real_data\germany_2025_price.csv,18.0,1.0,D:\Pycharm_project\PycharmProjects\EnergyBridge\benchmark_results\2026-07-21\_batch_logs\daily_event_configs\d16_hist_d16_1.json,skipped_done,0,0.0,D:\Pycharm_project\PycharmProjects\EnergyBridge\benchmark_results\2026-07-21\household_s5_shared_roommates_irregular_mpc_dynamic_germany_d16_hist_d16_1_2025-06-16_1day,D:\Pycharm_project\PycharmProjects\EnergyBridge\benchmark_results\2026-07-21\_batch_logs\daily_dr_memory_germany_1day\household_s5_shared_roommates_irregular_mpc_dynamic_germany_d16_hist_d16_1_2025-06-16_1day.log,D:\Pycharm_project\PycharmProjects\EnergyBridge\benchmark_results\2026-07-21\household_s5_shared_roommates_irregular_mpc_dynamic_germany_d16_hist_d16_1_2025-06-16_1day\run_summary.txt,0,35.155859,35.155859,14.03195,0.082225,EUR/kWh,D:\Pycharm_project\PycharmProjects\EnergyBridge\experiments\real_data\germany_2025_price.csv,6.502,6.502,1.0,1.0,3.538,1.0,1.0,"['dishwasher', 'dryer', 'ev', 'washer', 'water_heater']",[],[]
household_s5_shared_roommates_irregular,household_s5_shared_roommates_irregular,no_dr,Germany,1,2025-06-16,d16_hist_d16_1,hist_d16_1,16,D:\Pycharm_project\PycharmProjects\EnergyBridge\experiments\real_data\germany_2025_price.csv,18.0,1.0,D:\Pycharm_project\PycharmProjects\EnergyBridge\benchmark_results\2026-07-21\_batch_logs\daily_event_configs\d16_hist_d16_1.json,skipped_done,0,0.0,D:\Pycharm_project\PycharmProjects\EnergyBridge\benchmark_results\2026-07-21\household_s5_shared_roommates_irregular_no_dr_germany_d16_hist_d16_1_2025-06-16_1day,D:\Pycharm_project\PycharmProjects\EnergyBridge\benchmark_results\2026-07-21\_batch_logs\daily_dr_memory_germany_1day\household_s5_shared_roommates_irregular_no_dr_germany_d16_hist_d16_1_2025-06-16_1day.log,D:\Pycharm_project\PycharmProjects\EnergyBridge\benchmark_results\2026-07-21\household_s5_shared_roommates_irregular_no_dr_germany_d16_hist_d16_1_2025-06-16_1day\run_summary.txt,0,55.209745,55.209745,17.319564,0.091234,EUR/kWh,D:\Pycharm_project\PycharmProjects\EnergyBridge\experiments\real_data\germany_2025_price.csv,10.4166,10.4166,1.0,1.0,,0.0,1.0,[],"['dishwasher', 'dryer', 'ev', 'washer', 'water_heater']",[]
household_s1_dual_commuter_standard,household_s1_dual_commuter_standard,mpc_dynamic,Tianjin,1,2025-06-16,d16_hist_d16_1,hist_d16_1,16,D:\Pycharm_project\PycharmProjects\EnergyBridge\experiments\real_data\tianjin_tou_price_normalized.csv,18.0,1.0,D:\Pycharm_project\PycharmProjects\EnergyBridge\benchmark_results\2026-07-21\_batch_logs\daily_event_configs\d16_hist_d16_1.json,skipped_done,0,0.0,D:\Pycharm_project\PycharmProjects\EnergyBridge\benchmark_results\2026-07-21\household_s1_dual_commuter_standard_mpc_dynamic_tianjin_d16_hist_d16_1_2025-06-16_1day,D:\Pycharm_project\PycharmProjects\EnergyBridge\benchmark_results\2026-07-21\_batch_logs\daily_dr_memory_tianjin_1day\household_s1_dual_commuter_standard_mpc_dynamic_tianjin_d16_hist_d16_1_2025-06-16_1day.log,D:\Pycharm_project\PycharmProjects\EnergyBridge\benchmark_results\2026-07-21\household_s1_dual_commuter_standard_mpc_dynamic_tianjin_d16_hist_d16_1_2025-06-16_1day\run_summary.txt,0,88.034853,88.034853,55.433877,1.276546,normalized TOU cost/kWh,D:\Pycharm_project\PycharmProjects\EnergyBridge\experiments\real_data\tianjin_tou_price_normalized.csv,3.083,3.083,0.0,0.0,2.612,1.0,1.0,"['dishwasher', 'dryer', 'ev', 'washer', 'water_heater']",[],[]
household_s2_multigeneration_caregiver,household_s2_multigeneration_caregiver,mpc_dynamic,Tianjin,1,2025-06-16,d16_hist_d16_1,hist_d16_1,16,D:\Pycharm_project\PycharmProjects\EnergyBridge\experiments\real_data\tianjin_tou_price_normalized.csv,18.0,1.0,D:\Pycharm_project\PycharmProjects\EnergyBridge\benchmark_results\2026-07-21\_batch_logs\daily_event_configs\d16_hist_d16_1.json,skipped_done,0,0.0,D:\Pycharm_project\PycharmProjects\EnergyBridge\benchmark_results\2026-07-21\household_s2_multigeneration_caregiver_mpc_dynamic_tianjin_d16_hist_d16_1_2025-06-16_1day,D:\Pycharm_project\PycharmProjects\EnergyBridge\benchmark_results\2026-07-21\_batch_logs\daily_dr_memory_tianjin_1day\household_s2_multigeneration_caregiver_mpc_dynamic_tianjin_d16_hist_d16_1_2025-06-16_1day.log,D:\Pycharm_project\PycharmProjects\EnergyBridge\benchmark_results\2026-07-21\household_s2_multigeneration_caregiver_mpc_dynamic_tianjin_d16_hist_d16_1_2025-06-16_1day\run_summary.txt,0,80.282575,80.282575,56.857442,1.255194,normalized TOU cost/kWh,D:\Pycharm_project\PycharmProjects\EnergyBridge\experiments\real_data\tianjin_tou_price_normalized.csv,3.3786,3.3786,0.0,0.0,2.55,1.0,1.0,"['dishwasher', 'dryer', 'ev', 'washer', 'water_heater']",[],[]
household_s1_dual_commuter_standard,household_s1_dual_commuter_standard,no_dr,Tianjin,1,2025-06-16,d16_hist_d16_1,hist_d16_1,16,D:\Pycharm_project\PycharmProjects\EnergyBridge\experiments\real_data\tianjin_tou_price_normalized.csv,18.0,1.0,D:\Pycharm_project\PycharmProjects\EnergyBridge\benchmark_results\2026-07-21\_batch_logs\daily_event_configs\d16_hist_d16_1.json,skipped_done,0,0.0,D:\Pycharm_project\PycharmProjects\EnergyBridge\benchmark_results\2026-07-21\household_s1_dual_commuter_standard_no_dr_tianjin_d16_hist_d16_1_2025-06-16_1day,D:\Pycharm_project\PycharmProjects\EnergyBridge\benchmark_results\2026-07-21\_batch_logs\daily_dr_memory_tianjin_1day\household_s1_dual_commuter_standard_no_dr_tianjin_d16_hist_d16_1_2025-06-16_1day.log,D:\Pycharm_project\PycharmProjects\EnergyBridge\benchmark_results\2026-07-21\household_s1_dual_commuter_standard_no_dr_tianjin_d16_hist_d16_1_2025-06-16_1day\run_summary.txt,0,85.822082,85.822082,61.330677,1.306367,normalized TOU cost/kWh,D:\Pycharm_project\PycharmProjects\EnergyBridge\experiments\real_data\tianjin_tou_price_normalized.csv,6.5809,6.5809,1.0,1.0,,0.0,1.0,[],"['dishwasher', 'dryer', 'ev', 'washer', 'water_heater']",[]
household_s2_multigeneration_caregiver,household_s2_multigeneration_caregiver,no_dr,Tianjin,1,2025-06-16,d16_hist_d16_1,hist_d16_1,16,D:\Pycharm_project\PycharmProjects\EnergyBridge\experiments\real_data\tianjin_tou_price_normalized.csv,18.0,1.0,D:\Pycharm_project\PycharmProjects\EnergyBridge\benchmark_results\2026-07-21\_batch_logs\daily_event_configs\d16_hist_d16_1.json,skipped_done,0,0.0,D:\Pycharm_project\PycharmProjects\EnergyBridge\benchmark_results\2026-07-21\household_s2_multigeneration_caregiver_no_dr_tianjin_d16_hist_d16_1_2025-06-16_1day,D:\Pycharm_project\PycharmProjects\EnergyBridge\benchmark_results\2026-07-21\_batch_logs\daily_dr_memory_tianjin_1day\household_s2_multigeneration_caregiver_no_dr_tianjin_d16_hist_d16_1_2025-06-16_1day.log,D:\Pycharm_project\PycharmProjects\EnergyBridge\benchmark_results\2026-07-21\household_s2_multigeneration_caregiver_no_dr_tianjin_d16_hist_d16_1_2025-06-16_1day\run_summary.txt,0,80.591969,80.591969,58.443545,1.28998,normalized TOU cost/kWh,D:\Pycharm_project\PycharmProjects\EnergyBridge\experiments\real_data\tianjin_tou_price_normalized.csv,6.6347,6.6347,1.0,1.0,,0.0,1.0,[],"['dishwasher', 'dryer', 'ev', 'washer', 'water_heater']",[]
household_s3_hybrid_work_from_home,household_s3_hybrid_work_from_home,mpc_dynamic,Tianjin,1,2025-06-16,d16_hist_d16_1,hist_d16_1,16,D:\Pycharm_project\PycharmProjects\EnergyBridge\experiments\real_data\tianjin_tou_price_normalized.csv,18.0,1.0,D:\Pycharm_project\PycharmProjects\EnergyBridge\benchmark_results\2026-07-21\_batch_logs\daily_event_configs\d16_hist_d16_1.json,skipped_done,0,0.0,D:\Pycharm_project\PycharmProjects\EnergyBridge\benchmark_results\2026-07-21\household_s3_hybrid_work_from_home_mpc_dynamic_tianjin_d16_hist_d16_1_2025-06-16_1day,D:\Pycharm_project\PycharmProjects\EnergyBridge\benchmark_results\2026-07-21\_batch_logs\daily_dr_memory_tianjin_1day\household_s3_hybrid_work_from_home_mpc_dynamic_tianjin_d16_hist_d16_1_2025-06-16_1day.log,D:\Pycharm_project\PycharmProjects\EnergyBridge\benchmark_results\2026-07-21\household_s3_hybrid_work_from_home_mpc_dynamic_tianjin_d16_hist_d16_1_2025-06-16_1day\run_summary.txt,0,73.496969,73.496969,53.989351,1.276284,normalized TOU cost/kWh,D:\Pycharm_project\PycharmProjects\EnergyBridge\experiments\real_data\tianjin_tou_price_normalized.csv,1.7027,1.7027,1.0,1.0,3.19,1.0,1.0,"['dishwasher', 'dryer', 'ev', 'washer', 'water_heater']",[],[]
household_s3_hybrid_work_from_home,household_s3_hybrid_work_from_home,no_dr,Tianjin,1,2025-06-16,d16_hist_d16_1,hist_d16_1,16,D:\Pycharm_project\PycharmProjects\EnergyBridge\experiments\real_data\tianjin_tou_price_normalized.csv,18.0,1.0,D:\Pycharm_project\PycharmProjects\EnergyBridge\benchmark_results\2026-07-21\_batch_logs\daily_event_configs\d16_hist_d16_1.json,skipped_done,0,0.0,D:\Pycharm_project\PycharmProjects\EnergyBridge\benchmark_results\2026-07-21\household_s3_hybrid_work_from_home_no_dr_tianjin_d16_hist_d16_1_2025-06-16_1day,D:\Pycharm_project\PycharmProjects\EnergyBridge\benchmark_results\2026-07-21\_batch_logs\daily_dr_memory_tianjin_1day\household_s3_hybrid_work_from_home_no_dr_tianjin_d16_hist_d16_1_2025-06-16_1day.log,D:\Pycharm_project\PycharmProjects\EnergyBridge\benchmark_results\2026-07-21\household_s3_hybrid_work_from_home_no_dr_tianjin_d16_hist_d16_1_2025-06-16_1day\run_summary.txt,0,80.611771,80.611771,58.981162,1.304131,normalized TOU cost/kWh,D:\Pycharm_project\PycharmProjects\EnergyBridge\experiments\real_data\tianjin_tou_price_normalized.csv,6.5832,6.5832,1.0,1.0,,0.0,0.8,[],"['dishwasher', 'dryer', 'ev', 'washer', 'water_heater']",[]
household_s4_ev_commuter_flexible,household_s4_ev_commuter_flexible,no_dr,Tianjin,1,2025-06-16,d16_hist_d16_1,hist_d16_1,16,D:\Pycharm_project\PycharmProjects\EnergyBridge\experiments\real_data\tianjin_tou_price_normalized.csv,18.0,1.0,D:\Pycharm_project\PycharmProjects\EnergyBridge\benchmark_results\2026-07-21\_batch_logs\daily_event_configs\d16_hist_d16_1.json,skipped_done,0,0.0,D:\Pycharm_project\PycharmProjects\EnergyBridge\benchmark_results\2026-07-21\household_s4_ev_commuter_flexible_no_dr_tianjin_d16_hist_d16_1_2025-06-16_1day,D:\Pycharm_project\PycharmProjects\EnergyBridge\benchmark_results\2026-07-21\_batch_logs\daily_dr_memory_tianjin_1day\household_s4_ev_commuter_flexible_no_dr_tianjin_d16_hist_d16_1_2025-06-16_1day.log,D:\Pycharm_project\PycharmProjects\EnergyBridge\benchmark_results\2026-07-21\household_s4_ev_commuter_flexible_no_dr_tianjin_d16_hist_d16_1_2025-06-16_1day\run_summary.txt,0,89.732227,89.732227,63.591546,1.310939,normalized TOU cost/kWh,D:\Pycharm_project\PycharmProjects\EnergyBridge\experiments\real_data\tianjin_tou_price_normalized.csv,6.5809,6.5809,1.0,1.0,,0.0,1.0,[],"['dishwasher', 'dryer', 'ev', 'washer', 'water_heater']",[]
household_s4_ev_commuter_flexible,household_s4_ev_commuter_flexible,mpc_dynamic,Tianjin,1,2025-06-16,d16_hist_d16_1,hist_d16_1,16,D:\Pycharm_project\PycharmProjects\EnergyBridge\experiments\real_data\tianjin_tou_price_normalized.csv,18.0,1.0,D:\Pycharm_project\PycharmProjects\EnergyBridge\benchmark_results\2026-07-21\_batch_logs\daily_event_configs\d16_hist_d16_1.json,skipped_done,0,0.0,D:\Pycharm_project\PycharmProjects\EnergyBridge\benchmark_results\2026-07-21\household_s4_ev_commuter_flexible_mpc_dynamic_tianjin_d16_hist_d16_1_2025-06-16_1day,D:\Pycharm_project\PycharmProjects\EnergyBridge\benchmark_results\2026-07-21\_batch_logs\daily_dr_memory_tianjin_1day\household_s4_ev_commuter_flexible_mpc_dynamic_tianjin_d16_hist_d16_1_2025-06-16_1day.log,D:\Pycharm_project\PycharmProjects\EnergyBridge\benchmark_results\2026-07-21\household_s4_ev_commuter_flexible_mpc_dynamic_tianjin_d16_hist_d16_1_2025-06-16_1day\run_summary.txt,0,89.969165,89.969165,56.532256,1.31169,normalized TOU cost/kWh,D:\Pycharm_project\PycharmProjects\EnergyBridge\experiments\real_data\tianjin_tou_price_normalized.csv,3.1277,3.1277,0.0,0.0,2.65,1.0,1.0,"['dishwasher', 'dryer', 'ev', 'washer', 'water_heater']",[],[]
household_s5_shared_roommates_irregular,household_s5_shared_roommates_irregular,mpc_dynamic,Tianjin,1,2025-06-16,d16_hist_d16_1,hist_d16_1,16,D:\Pycharm_project\PycharmProjects\EnergyBridge\experiments\real_data\tianjin_tou_price_normalized.csv,18.0,1.0,D:\Pycharm_project\PycharmProjects\EnergyBridge\benchmark_results\2026-07-21\_batch_logs\daily_event_configs\d16_hist_d16_1.json,skipped_done,0,0.0,D:\Pycharm_project\PycharmProjects\EnergyBridge\benchmark_results\2026-07-21\household_s5_shared_roommates_irregular_mpc_dynamic_tianjin_d16_hist_d16_1_2025-06-16_1day,D:\Pycharm_project\PycharmProjects\EnergyBridge\benchmark_results\2026-07-21\_batch_logs\daily_dr_memory_tianjin_1day\household_s5_shared_roommates_irregular_mpc_dynamic_tianjin_d16_hist_d16_1_2025-06-16_1day.log,D:\Pycharm_project\PycharmProjects\EnergyBridge\benchmark_results\2026-07-21\household_s5_shared_roommates_irregular_mpc_dynamic_tianjin_d16_hist_d16_1_2025-06-16_1day\run_summary.txt,0,68.576199,68.576199,48.307341,1.286858,normalized TOU cost/kWh,D:\Pycharm_project\PycharmProjects\EnergyBridge\experiments\real_data\tianjin_tou_price_normalized.csv,1.5829,1.5829,1.0,1.0,2.48,1.0,1.0,"['dishwasher', 'dryer', 'ev', 'washer', 'water_heater']",[],[]
household_s1_dual_commuter_standard,household_s1_dual_commuter_standard,mpc_dynamic,Germany,1,2025-06-17,d17_hist_d17_1,hist_d17_1,17,D:\Pycharm_project\PycharmProjects\EnergyBridge\experiments\real_data\germany_2025_price.csv,18.0,1.0,D:\Pycharm_project\PycharmProjects\EnergyBridge\benchmark_results\2026-07-21\_batch_logs\daily_event_configs\d17_hist_d17_1.json,skipped_done,0,0.0,D:\Pycharm_project\PycharmProjects\EnergyBridge\benchmark_results\2026-07-21\household_s1_dual_commuter_standard_mpc_dynamic_germany_d17_hist_d17_1_2025-06-17_1day,D:\Pycharm_project\PycharmProjects\EnergyBridge\benchmark_results\2026-07-21\_batch_logs\daily_dr_memory_germany_1day\household_s1_dual_commuter_standard_mpc_dynamic_germany_d17_hist_d17_1_2025-06-17_1day.log,D:\Pycharm_project\PycharmProjects\EnergyBridge\benchmark_results\2026-07-21\household_s1_dual_commuter_standard_mpc_dynamic_germany_d17_hist_d17_1_2025-06-17_1day\run_summary.txt,0,70.463303,70.463303,17.782241,0.09764,EUR/kWh,D:\Pycharm_project\PycharmProjects\EnergyBridge\experiments\real_data\germany_2025_price.csv,7.9558,7.9558,0.0,0.0,2.673,1.0,1.0,"['dishwasher', 'dryer', 'ev', 'washer', 'water_heater']",[],[]
household_s5_shared_roommates_irregular,household_s5_shared_roommates_irregular,no_dr,Tianjin,1,2025-06-16,d16_hist_d16_1,hist_d16_1,16,D:\Pycharm_project\PycharmProjects\EnergyBridge\experiments\real_data\tianjin_tou_price_normalized.csv,18.0,1.0,D:\Pycharm_project\PycharmProjects\EnergyBridge\benchmark_results\2026-07-21\_batch_logs\daily_event_configs\d16_hist_d16_1.json,skipped_done,0,0.0,D:\Pycharm_project\PycharmProjects\EnergyBridge\benchmark_results\2026-07-21\household_s5_shared_roommates_irregular_no_dr_tianjin_d16_hist_d16_1_2025-06-16_1day,D:\Pycharm_project\PycharmProjects\EnergyBridge\benchmark_results\2026-07-21\_batch_logs\daily_dr_memory_tianjin_1day\household_s5_shared_roommates_irregular_no_dr_tianjin_d16_hist_d16_1_2025-06-16_1day.log,D:\Pycharm_project\PycharmProjects\EnergyBridge\benchmark_results\2026-07-21\household_s5_shared_roommates_irregular_no_dr_tianjin_d16_hist_d16_1_2025-06-16_1day\run_summary.txt,0,80.297445,80.297445,58.529228,1.303345,normalized TOU cost/kWh,D:\Pycharm_project\PycharmProjects\EnergyBridge\experiments\real_data\tianjin_tou_price_normalized.csv,6.5809,6.5809,1.0,1.0,,0.0,1.0,[],"['dishwasher', 'dryer', 'ev', 'washer', 'water_heater']",[]
household_s1_dual_commuter_standard,household_s1_dual_commuter_standard,no_dr,Germany,1,2025-06-17,d17_hist_d17_1,hist_d17_1,17,D:\Pycharm_project\PycharmProjects\EnergyBridge\experiments\real_data\germany_2025_price.csv,18.0,1.0,D:\Pycharm_project\PycharmProjects\EnergyBridge\benchmark_results\2026-07-21\_batch_logs\daily_event_configs\d17_hist_d17_1.json,skipped_done,0,0.0,D:\Pycharm_project\PycharmProjects\EnergyBridge\benchmark_results\2026-07-21\household_s1_dual_commuter_standard_no_dr_germany_d17_hist_d17_1_2025-06-17_1day,D:\Pycharm_project\PycharmProjects\EnergyBridge\benchmark_results\2026-07-21\_batch_logs\daily_dr_memory_germany_1day\household_s1_dual_commuter_standard_no_dr_germany_d17_hist_d17_1_2025-06-17_1day.log,D:\Pycharm_project\PycharmProjects\EnergyBridge\benchmark_results\2026-07-21\household_s1_dual_commuter_standard_no_dr_germany_d17_hist_d17_1_2025-06-17_1day\run_summary.txt,0,64.770732,64.770732,19.375916,0.102174,EUR/kWh,D:\Pycharm_project\PycharmProjects\EnergyBridge\experiments\real_data\germany_2025_price.csv,10.7269,10.7269,1.0,1.0,,0.0,1.0,[],"['dishwasher', 'dryer', 'ev', 'washer', 'water_heater']",[]
household_s2_multigeneration_caregiver,household_s2_multigeneration_caregiver,mpc_dynamic,Germany,1,2025-06-17,d17_hist_d17_1,hist_d17_1,17,D:\Pycharm_project\PycharmProjects\EnergyBridge\experiments\real_data\germany_2025_price.csv,18.0,1.0,D:\Pycharm_project\PycharmProjects\EnergyBridge\benchmark_results\2026-07-21\_batch_logs\daily_event_configs\d17_hist_d17_1.json,skipped_done,0,0.0,D:\Pycharm_project\PycharmProjects\EnergyBridge\benchmark_results\2026-07-21\household_s2_multigeneration_caregiver_mpc_dynamic_germany_d17_hist_d17_1_2025-06-17_1day,D:\Pycharm_project\PycharmProjects\EnergyBridge\benchmark_results\2026-07-21\_batch_logs\daily_dr_memory_germany_1day\household_s2_multigeneration_caregiver_mpc_dynamic_germany_d17_hist_d17_1_2025-06-17_1day.log,D:\Pycharm_project\PycharmProjects\EnergyBridge\benchmark_results\2026-07-21\household_s2_multigeneration_caregiver_mpc_dynamic_germany_d17_hist_d17_1_2025-06-17_1day\run_summary.txt,0,61.962793,61.962793,17.191369,0.096414,EUR/kWh,D:\Pycharm_project\PycharmProjects\EnergyBridge\experiments\real_data\germany_2025_price.csv,7.8019,7.8019,0.0,0.0,2.55,1.0,1.0,"['dishwasher', 'dryer', 'ev', 'washer', 'water_heater']",[],[]
household_s2_multigeneration_caregiver,household_s2_multigeneration_caregiver,no_dr,Germany,1,2025-06-17,d17_hist_d17_1,hist_d17_1,17,D:\Pycharm_project\PycharmProjects\EnergyBridge\experiments\real_data\germany_2025_price.csv,18.0,1.0,D:\Pycharm_project\PycharmProjects\EnergyBridge\benchmark_results\2026-07-21\_batch_logs\daily_event_configs\d17_hist_d17_1.json,skipped_done,0,0.0,D:\Pycharm_project\PycharmProjects\EnergyBridge\benchmark_results\2026-07-21\household_s2_multigeneration_caregiver_no_dr_germany_d17_hist_d17_1_2025-06-17_1day,D:\Pycharm_project\PycharmProjects\EnergyBridge\benchmark_results\2026-07-21\_batch_logs\daily_dr_memory_germany_1day\household_s2_multigeneration_caregiver_no_dr_germany_d17_hist_d17_1_2025-06-17_1day.log,D:\Pycharm_project\PycharmProjects\EnergyBridge\benchmark_results\2026-07-21\household_s2_multigeneration_caregiver_no_dr_germany_d17_hist_d17_1_2025-06-17_1day\run_summary.txt,0,57.541603,57.541603,18.478541,0.101657,EUR/kWh,D:\Pycharm_project\PycharmProjects\EnergyBridge\experiments\real_data\germany_2025_price.csv,10.7643,10.7643,1.0,1.0,,0.0,1.0,[],"['dishwasher', 'dryer', 'ev', 'washer', 'water_heater']",[]
household_s3_hybrid_work_from_home,household_s3_hybrid_work_from_home,no_dr,Germany,1,2025-06-17,d17_hist_d17_1,hist_d17_1,17,D:\Pycharm_project\PycharmProjects\EnergyBridge\experiments\real_data\germany_2025_price.csv,18.0,1.0,D:\Pycharm_project\PycharmProjects\EnergyBridge\benchmark_results\2026-07-21\_batch_logs\daily_event_configs\d17_hist_d17_1.json,skipped_done,0,0.0,D:\Pycharm_project\PycharmProjects\EnergyBridge\benchmark_results\2026-07-21\household_s3_hybrid_work_from_home_no_dr_germany_d17_hist_d17_1_2025-06-17_1day,D:\Pycharm_project\PycharmProjects\EnergyBridge\benchmark_results\2026-07-21\_batch_logs\daily_dr_memory_germany_1day\household_s3_hybrid_work_from_home_no_dr_germany_d17_hist_d17_1_2025-06-17_1day.log,D:\Pycharm_project\PycharmProjects\EnergyBridge\benchmark_results\2026-07-21\household_s3_hybrid_work_from_home_no_dr_germany_d17_hist_d17_1_2025-06-17_1day\run_summary.txt,0,60.941476,60.941476,18.918795,0.10205,EUR/kWh,D:\Pycharm_project\PycharmProjects\EnergyBridge\experiments\real_data\germany_2025_price.csv,10.7377,10.7377,1.0,1.0,,0.0,0.8,[],"['dishwasher', 'dryer', 'ev', 'washer', 'water_heater']",[]
household_s3_hybrid_work_from_home,household_s3_hybrid_work_from_home,mpc_dynamic,Germany,1,2025-06-17,d17_hist_d17_1,hist_d17_1,17,D:\Pycharm_project\PycharmProjects\EnergyBridge\experiments\real_data\germany_2025_price.csv,18.0,1.0,D:\Pycharm_project\PycharmProjects\EnergyBridge\benchmark_results\2026-07-21\_batch_logs\daily_event_configs\d17_hist_d17_1.json,skipped_done,0,0.0,D:\Pycharm_project\PycharmProjects\EnergyBridge\benchmark_results\2026-07-21\household_s3_hybrid_work_from_home_mpc_dynamic_germany_d17_hist_d17_1_2025-06-17_1day,D:\Pycharm_project\PycharmProjects\EnergyBridge\benchmark_results\2026-07-21\_batch_logs\daily_dr_memory_germany_1day\household_s3_hybrid_work_from_home_mpc_dynamic_germany_d17_hist_d17_1_2025-06-17_1day.log,D:\Pycharm_project\PycharmProjects\EnergyBridge\benchmark_results\2026-07-21\household_s3_hybrid_work_from_home_mpc_dynamic_germany_d17_hist_d17_1_2025-06-17_1day\run_summary.txt,0,61.39554,61.39554,17.414623,0.096609,EUR/kWh,D:\Pycharm_project\PycharmProjects\EnergyBridge\experiments\real_data\germany_2025_price.csv,7.6468,7.6468,0.0,0.0,2.633,1.0,1.0,"['dishwasher', 'dryer', 'ev', 'washer', 'water_heater']",[],[]
household_s4_ev_commuter_flexible,household_s4_ev_commuter_flexible,mpc_dynamic,Germany,1,2025-06-17,d17_hist_d17_1,hist_d17_1,17,D:\Pycharm_project\PycharmProjects\EnergyBridge\experiments\real_data\germany_2025_price.csv,18.0,1.0,D:\Pycharm_project\PycharmProjects\EnergyBridge\benchmark_results\2026-07-21\_batch_logs\daily_event_configs\d17_hist_d17_1.json,skipped_done,0,0.0,D:\Pycharm_project\PycharmProjects\EnergyBridge\benchmark_results\2026-07-21\household_s4_ev_commuter_flexible_mpc_dynamic_germany_d17_hist_d17_1_2025-06-17_1day,D:\Pycharm_project\PycharmProjects\EnergyBridge\benchmark_results\2026-07-21\_batch_logs\daily_dr_memory_germany_1day\household_s4_ev_commuter_flexible_mpc_dynamic_germany_d17_hist_d17_1_2025-06-17_1day.log,D:\Pycharm_project\PycharmProjects\EnergyBridge\benchmark_results\2026-07-21\household_s4_ev_commuter_flexible_mpc_dynamic_germany_d17_hist_d17_1_2025-06-17_1day\run_summary.txt,0,74.544462,74.544462,18.24429,0.097982,EUR/kWh,D:\Pycharm_project\PycharmProjects\EnergyBridge\experiments\real_data\germany_2025_price.csv,7.9558,7.9558,0.0,0.0,2.65,1.0,1.0,"['dishwasher', 'dryer', 'ev', 'washer', 'water_heater']",[],[]
household_s4_ev_commuter_flexible,household_s4_ev_commuter_flexible,no_dr,Germany,1,2025-06-17,d17_hist_d17_1,hist_d17_1,17,D:\Pycharm_project\PycharmProjects\EnergyBridge\experiments\real_data\germany_2025_price.csv,18.0,1.0,D:\Pycharm_project\PycharmProjects\EnergyBridge\benchmark_results\2026-07-21\_batch_logs\daily_event_configs\d17_hist_d17_1.json,skipped_done,0,0.0,D:\Pycharm_project\PycharmProjects\EnergyBridge\benchmark_results\2026-07-21\household_s4_ev_commuter_flexible_no_dr_germany_d17_hist_d17_1_2025-06-17_1day,D:\Pycharm_project\PycharmProjects\EnergyBridge\benchmark_results\2026-07-21\_batch_logs\daily_dr_memory_germany_1day\household_s4_ev_commuter_flexible_no_dr_germany_d17_hist_d17_1_2025-06-17_1day.log,D:\Pycharm_project\PycharmProjects\EnergyBridge\benchmark_results\2026-07-21\household_s4_ev_commuter_flexible_no_dr_germany_d17_hist_d17_1_2025-06-17_1day\run_summary.txt,0,68.851892,68.851892,19.827884,0.102355,EUR/kWh,D:\Pycharm_project\PycharmProjects\EnergyBridge\experiments\real_data\germany_2025_price.csv,10.7269,10.7269,1.0,1.0,,0.0,1.0,[],"['dishwasher', 'dryer', 'ev', 'washer', 'water_heater']",[]
household_s5_shared_roommates_irregular,household_s5_shared_roommates_irregular,mpc_dynamic,Germany,1,2025-06-17,d17_hist_d17_1,hist_d17_1,17,D:\Pycharm_project\PycharmProjects\EnergyBridge\experiments\real_data\germany_2025_price.csv,18.0,1.0,D:\Pycharm_project\PycharmProjects\EnergyBridge\benchmark_results\2026-07-21\_batch_logs\daily_event_configs\d17_hist_d17_1.json,skipped_done,0,0.0,D:\Pycharm_project\PycharmProjects\EnergyBridge\benchmark_results\2026-07-21\household_s5_shared_roommates_irregular_mpc_dynamic_germany_d17_hist_d17_1_2025-06-17_1day,D:\Pycharm_project\PycharmProjects\EnergyBridge\benchmark_results\2026-07-21\_batch_logs\daily_dr_memory_germany_1day\household_s5_shared_roommates_irregular_mpc_dynamic_germany_d17_hist_d17_1_2025-06-17_1day.log,D:\Pycharm_project\PycharmProjects\EnergyBridge\benchmark_results\2026-07-21\household_s5_shared_roommates_irregular_mpc_dynamic_germany_d17_hist_d17_1_2025-06-17_1day\run_summary.txt,0,66.382144,66.382144,17.28738,0.097099,EUR/kWh,D:\Pycharm_project\PycharmProjects\EnergyBridge\experiments\real_data\germany_2025_price.csv,7.9558,7.9558,0.0,0.0,2.612,1.0,1.0,"['dishwasher', 'dryer', 'ev', 'washer', 'water_heater']",[],[]
household_s5_shared_roommates_irregular,household_s5_shared_roommates_irregular,no_dr,Germany,1,2025-06-17,d17_hist_d17_1,hist_d17_1,17,D:\Pycharm_project\PycharmProjects\EnergyBridge\experiments\real_data\germany_2025_price.csv,18.0,1.0,D:\Pycharm_project\PycharmProjects\EnergyBridge\benchmark_results\2026-07-21\_batch_logs\daily_event_configs\d17_hist_d17_1.json,skipped_done,0,0.0,D:\Pycharm_project\PycharmProjects\EnergyBridge\benchmark_results\2026-07-21\household_s5_shared_roommates_irregular_no_dr_germany_d17_hist_d17_1_2025-06-17_1day,D:\Pycharm_project\PycharmProjects\EnergyBridge\benchmark_results\2026-07-21\_batch_logs\daily_dr_memory_germany_1day\household_s5_shared_roommates_irregular_no_dr_germany_d17_hist_d17_1_2025-06-17_1day.log,D:\Pycharm_project\PycharmProjects\EnergyBridge\benchmark_results\2026-07-21\household_s5_shared_roommates_irregular_no_dr_germany_d17_hist_d17_1_2025-06-17_1day\run_summary.txt,0,60.689573,60.689573,18.923948,0.101986,EUR/kWh,D:\Pycharm_project\PycharmProjects\EnergyBridge\experiments\real_data\germany_2025_price.csv,10.7269,10.7269,1.0,1.0,,0.0,1.0,[],"['dishwasher', 'dryer', 'ev', 'washer', 'water_heater']",[]
household_s1_dual_commuter_standard,household_s1_dual_commuter_standard,mpc_dynamic,Tianjin,1,2025-06-17,d17_hist_d17_1,hist_d17_1,17,D:\Pycharm_project\PycharmProjects\EnergyBridge\experiments\real_data\tianjin_tou_price_normalized.csv,18.0,1.0,D:\Pycharm_project\PycharmProjects\EnergyBridge\benchmark_results\2026-07-21\_batch_logs\daily_event_configs\d17_hist_d17_1.json,skipped_done,0,0.0,D:\Pycharm_project\PycharmProjects\EnergyBridge\benchmark_results\2026-07-21\household_s1_dual_commuter_standard_mpc_dynamic_tianjin_d17_hist_d17_1_2025-06-17_1day,D:\Pycharm_project\PycharmProjects\EnergyBridge\benchmark_results\2026-07-21\_batch_logs\daily_dr_memory_tianjin_1day\household_s1_dual_commuter_standard_mpc_dynamic_tianjin_d17_hist_d17_1_2025-06-17_1day.log,D:\Pycharm_project\PycharmProjects\EnergyBridge\benchmark_results\2026-07-21\household_s1_dual_commuter_standard_mpc_dynamic_tianjin_d17_hist_d17_1_2025-06-17_1day\run_summary.txt,0,77.642453,77.642453,65.607001,1.151247,normalized TOU cost/kWh,D:\Pycharm_project\PycharmProjects\EnergyBridge\experiments\real_data\tianjin_tou_price_normalized.csv,2.693,2.693,0.0,0.0,2.612,1.0,1.0,"['dishwasher', 'dryer', 'ev', 'washer', 'water_heater']",[],[]
household_s1_dual_commuter_standard,household_s1_dual_commuter_standard,no_dr,Tianjin,1,2025-06-17,d17_hist_d17_1,hist_d17_1,17,D:\Pycharm_project\PycharmProjects\EnergyBridge\experiments\real_data\tianjin_tou_price_normalized.csv,18.0,1.0,D:\Pycharm_project\PycharmProjects\EnergyBridge\benchmark_results\2026-07-21\_batch_logs\daily_event_configs\d17_hist_d17_1.json,skipped_done,0,0.0,D:\Pycharm_project\PycharmProjects\EnergyBridge\benchmark_results\2026-07-21\household_s1_dual_commuter_standard_no_dr_tianjin_d17_hist_d17_1_2025-06-17_1day,D:\Pycharm_project\PycharmProjects\EnergyBridge\benchmark_results\2026-07-21\_batch_logs\daily_dr_memory_tianjin_1day\household_s1_dual_commuter_standard_no_dr_tianjin_d17_hist_d17_1_2025-06-17_1day.log,D:\Pycharm_project\PycharmProjects\EnergyBridge\benchmark_results\2026-07-21\household_s1_dual_commuter_standard_no_dr_tianjin_d17_hist_d17_1_2025-06-17_1day\run_summary.txt,0,74.236606,74.236606,77.065176,1.199886,normalized TOU cost/kWh,D:\Pycharm_project\PycharmProjects\EnergyBridge\experiments\real_data\tianjin_tou_price_normalized.csv,4.836,4.836,1.0,1.0,,0.0,1.0,[],"['dishwasher', 'dryer', 'ev', 'washer', 'water_heater']",[]
household_s2_multigeneration_caregiver,household_s2_multigeneration_caregiver,mpc_dynamic,Tianjin,1,2025-06-17,d17_hist_d17_1,hist_d17_1,17,D:\Pycharm_project\PycharmProjects\EnergyBridge\experiments\real_data\tianjin_tou_price_normalized.csv,18.0,1.0,D:\Pycharm_project\PycharmProjects\EnergyBridge\benchmark_results\2026-07-21\_batch_logs\daily_event_configs\d17_hist_d17_1.json,skipped_done,0,0.0,D:\Pycharm_project\PycharmProjects\EnergyBridge\benchmark_results\2026-07-21\household_s2_multigeneration_caregiver_mpc_dynamic_tianjin_d17_hist_d17_1_2025-06-17_1day,D:\Pycharm_project\PycharmProjects\EnergyBridge\benchmark_results\2026-07-21\_batch_logs\daily_dr_memory_tianjin_1day\household_s2_multigeneration_caregiver_mpc_dynamic_tianjin_d17_hist_d17_1_2025-06-17_1day.log,D:\Pycharm_project\PycharmProjects\EnergyBridge\benchmark_results\2026-07-21\household_s2_multigeneration_caregiver_mpc_dynamic_tianjin_d17_hist_d17_1_2025-06-17_1day\run_summary.txt,0,68.74333,68.74333,65.941998,1.155767,normalized TOU cost/kWh,D:\Pycharm_project\PycharmProjects\EnergyBridge\experiments\real_data\tianjin_tou_price_normalized.csv,2.9031,2.9031,0.0,0.0,2.55,1.0,1.0,"['dishwasher', 'dryer', 'ev', 'washer', 'water_heater']",[],[]
household_s3_hybrid_work_from_home,household_s3_hybrid_work_from_home,mpc_dynamic,Tianjin,1,2025-06-17,d17_hist_d17_1,hist_d17_1,17,D:\Pycharm_project\PycharmProjects\EnergyBridge\experiments\real_data\tianjin_tou_price_normalized.csv,18.0,1.0,D:\Pycharm_project\PycharmProjects\EnergyBridge\benchmark_results\2026-07-21\_batch_logs\daily_event_configs\d17_hist_d17_1.json,skipped_done,0,0.0,D:\Pycharm_project\PycharmProjects\EnergyBridge\benchmark_results\2026-07-21\household_s3_hybrid_work_from_home_mpc_dynamic_tianjin_d17_hist_d17_1_2025-06-17_1day,D:\Pycharm_project\PycharmProjects\EnergyBridge\benchmark_results\2026-07-21\_batch_logs\daily_dr_memory_tianjin_1day\household_s3_hybrid_work_from_home_mpc_dynamic_tianjin_d17_hist_d17_1_2025-06-17_1day.log,D:\Pycharm_project\PycharmProjects\EnergyBridge\benchmark_results\2026-07-21\household_s3_hybrid_work_from_home_mpc_dynamic_tianjin_d17_hist_d17_1_2025-06-17_1day\run_summary.txt,0,74.864161,74.864161,65.669257,1.148719,normalized TOU cost/kWh,D:\Pycharm_project\PycharmProjects\EnergyBridge\experiments\real_data\tianjin_tou_price_normalized.csv,2.2134,2.2134,0.0,0.0,2.633,1.0,1.0,"['dishwasher', 'dryer', 'ev', 'washer', 'water_heater']",[],[]
household_s2_multigeneration_caregiver,household_s2_multigeneration_caregiver,no_dr,Tianjin,1,2025-06-17,d17_hist_d17_1,hist_d17_1,17,D:\Pycharm_project\PycharmProjects\EnergyBridge\experiments\real_data\tianjin_tou_price_normalized.csv,18.0,1.0,D:\Pycharm_project\PycharmProjects\EnergyBridge\benchmark_results\2026-07-21\_batch_logs\daily_event_configs\d17_hist_d17_1.json,skipped_done,0,0.0,D:\Pycharm_project\PycharmProjects\EnergyBridge\benchmark_results\2026-07-21\household_s2_multigeneration_caregiver_no_dr_tianjin_d17_hist_d17_1_2025-06-17_1day,D:\Pycharm_project\PycharmProjects\EnergyBridge\benchmark_results\2026-07-21\_batch_logs\daily_dr_memory_tianjin_1day\household_s2_multigeneration_caregiver_no_dr_tianjin_d17_hist_d17_1_2025-06-17_1day.log,D:\Pycharm_project\PycharmProjects\EnergyBridge\benchmark_results\2026-07-21\household_s2_multigeneration_caregiver_no_dr_tianjin_d17_hist_d17_1_2025-06-17_1day\run_summary.txt,0,66.289461,66.289461,71.275706,1.199591,normalized TOU cost/kWh,D:\Pycharm_project\PycharmProjects\EnergyBridge\experiments\real_data\tianjin_tou_price_normalized.csv,4.9005,4.9005,1.0,1.0,,0.0,1.0,[],"['dishwasher', 'dryer', 'ev', 'washer', 'water_heater']",[]
household_s3_hybrid_work_from_home,household_s3_hybrid_work_from_home,no_dr,Tianjin,1,2025-06-17,d17_hist_d17_1,hist_d17_1,17,D:\Pycharm_project\PycharmProjects\EnergyBridge\experiments\real_data\tianjin_tou_price_normalized.csv,18.0,1.0,D:\Pycharm_project\PycharmProjects\EnergyBridge\benchmark_results\2026-07-21\_batch_logs\daily_event_configs\d17_hist_d17_1.json,skipped_done,0,0.0,D:\Pycharm_project\PycharmProjects\EnergyBridge\benchmark_results\2026-07-21\household_s3_hybrid_work_from_home_no_dr_tianjin_d17_hist_d17_1_2025-06-17_1day,D:\Pycharm_project\PycharmProjects\EnergyBridge\benchmark_results\2026-07-21\_batch_logs\daily_dr_memory_tianjin_1day\household_s3_hybrid_work_from_home_no_dr_tianjin_d17_hist_d17_1_2025-06-17_1day.log,D:\Pycharm_project\PycharmProjects\EnergyBridge\benchmark_results\2026-07-21\household_s3_hybrid_work_from_home_no_dr_tianjin_d17_hist_d17_1_2025-06-17_1day\run_summary.txt,0,69.032616,69.032616,73.807967,1.202942,normalized TOU cost/kWh,D:\Pycharm_project\PycharmProjects\EnergyBridge\experiments\real_data\tianjin_tou_price_normalized.csv,4.8363,4.8363,1.0,1.0,,0.0,0.8,[],"['dishwasher', 'dryer', 'ev', 'washer', 'water_heater']",[]
household_s4_ev_commuter_flexible,household_s4_ev_commuter_flexible,mpc_dynamic,Tianjin,1,2025-06-17,d17_hist_d17_1,hist_d17_1,17,D:\Pycharm_project\PycharmProjects\EnergyBridge\experiments\real_data\tianjin_tou_price_normalized.csv,18.0,1.0,D:\Pycharm_project\PycharmProjects\EnergyBridge\benchmark_results\2026-07-21\_batch_logs\daily_event_configs\d17_hist_d17_1.json,skipped_done,0,0.0,D:\Pycharm_project\PycharmProjects\EnergyBridge\benchmark_results\2026-07-21\household_s4_ev_commuter_flexible_mpc_dynamic_tianjin_d17_hist_d17_1_2025-06-17_1day,D:\Pycharm_project\PycharmProjects\EnergyBridge\benchmark_results\2026-07-21\_batch_logs\daily_dr_memory_tianjin_1day\household_s4_ev_commuter_flexible_mpc_dynamic_tianjin_d17_hist_d17_1_2025-06-17_1day.log,D:\Pycharm_project\PycharmProjects\EnergyBridge\benchmark_results\2026-07-21\household_s4_ev_commuter_flexible_mpc_dynamic_tianjin_d17_hist_d17_1_2025-06-17_1day\run_summary.txt,0,79.376938,79.376938,65.131831,1.153696,normalized TOU cost/kWh,D:\Pycharm_project\PycharmProjects\EnergyBridge\experiments\real_data\tianjin_tou_price_normalized.csv,2.7605,2.7605,0.0,0.0,2.65,1.0,1.0,"['dishwasher', 'dryer', 'ev', 'washer', 'water_heater']",[],[]
household_s4_ev_commuter_flexible,household_s4_ev_commuter_flexible,no_dr,Tianjin,1,2025-06-17,d17_hist_d17_1,hist_d17_1,17,D:\Pycharm_project\PycharmProjects\EnergyBridge\experiments\real_data\tianjin_tou_price_normalized.csv,18.0,1.0,D:\Pycharm_project\PycharmProjects\EnergyBridge\benchmark_results\2026-07-21\_batch_logs\daily_event_configs\d17_hist_d17_1.json,skipped_done,0,0.0,D:\Pycharm_project\PycharmProjects\EnergyBridge\benchmark_results\2026-07-21\household_s4_ev_commuter_flexible_no_dr_tianjin_d17_hist_d17_1_2025-06-17_1day,D:\Pycharm_project\PycharmProjects\EnergyBridge\benchmark_results\2026-07-21\_batch_logs\daily_dr_memory_tianjin_1day\household_s4_ev_commuter_flexible_no_dr_tianjin_d17_hist_d17_1_2025-06-17_1day.log,D:\Pycharm_project\PycharmProjects\EnergyBridge\benchmark_results\2026-07-21\household_s4_ev_commuter_flexible_no_dr_tianjin_d17_hist_d17_1_2025-06-17_1day\run_summary.txt,0,77.236606,77.236606,80.521987,1.20637,normalized TOU cost/kWh,D:\Pycharm_project\PycharmProjects\EnergyBridge\experiments\real_data\tianjin_tou_price_normalized.csv,4.836,4.836,1.0,1.0,,0.0,1.0,[],"['dishwasher', 'dryer', 'ev', 'washer', 'water_heater']",[]
household_s5_shared_roommates_irregular,household_s5_shared_roommates_irregular,mpc_dynamic,Tianjin,1,2025-06-17,d17_hist_d17_1,hist_d17_1,17,D:\Pycharm_project\PycharmProjects\EnergyBridge\experiments\real_data\tianjin_tou_price_normalized.csv,18.0,1.0,D:\Pycharm_project\PycharmProjects\EnergyBridge\benchmark_results\2026-07-21\_batch_logs\daily_event_configs\d17_hist_d17_1.json,skipped_done,0,0.0,D:\Pycharm_project\PycharmProjects\EnergyBridge\benchmark_results\2026-07-21\household_s5_shared_roommates_irregular_mpc_dynamic_tianjin_d17_hist_d17_1_2025-06-17_1day,D:\Pycharm_project\PycharmProjects\EnergyBridge\benchmark_results\2026-07-21\_batch_logs\daily_dr_memory_tianjin_1day\household_s5_shared_roommates_irregular_mpc_dynamic_tianjin_d17_hist_d17_1_2025-06-17_1day.log,D:\Pycharm_project\PycharmProjects\EnergyBridge\benchmark_results\2026-07-21\household_s5_shared_roommates_irregular_mpc_dynamic_tianjin_d17_hist_d17_1_2025-06-17_1day\run_summary.txt,0,72.658098,72.658098,58.094729,1.136757,normalized TOU cost/kWh,D:\Pycharm_project\PycharmProjects\EnergyBridge\experiments\real_data\tianjin_tou_price_normalized.csv,2.7605,2.7605,0.0,0.0,2.612,1.0,1.0,"['dishwasher', 'dryer', 'ev', 'washer', 'water_heater']",[],[]
household_s5_shared_roommates_irregular,household_s5_shared_roommates_irregular,no_dr,Tianjin,1,2025-06-17,d17_hist_d17_1,hist_d17_1,17,D:\Pycharm_project\PycharmProjects\EnergyBridge\experiments\real_data\tianjin_tou_price_normalized.csv,18.0,1.0,D:\Pycharm_project\PycharmProjects\EnergyBridge\benchmark_results\2026-07-21\_batch_logs\daily_event_configs\d17_hist_d17_1.json,skipped_done,0,0.0,D:\Pycharm_project\PycharmProjects\EnergyBridge\benchmark_results\2026-07-21\household_s5_shared_roommates_irregular_no_dr_tianjin_d17_hist_d17_1_2025-06-17_1day,D:\Pycharm_project\PycharmProjects\EnergyBridge\benchmark_results\2026-07-21\_batch_logs\daily_dr_memory_tianjin_1day\household_s5_shared_roommates_irregular_no_dr_tianjin_d17_hist_d17_1_2025-06-17_1day.log,D:\Pycharm_project\PycharmProjects\EnergyBridge\benchmark_results\2026-07-21\household_s5_shared_roommates_irregular_no_dr_tianjin_d17_hist_d17_1_2025-06-17_1day\run_summary.txt,0,68.696026,68.696026,73.333581,1.201799,normalized TOU cost/kWh,D:\Pycharm_project\PycharmProjects\EnergyBridge\experiments\real_data\tianjin_tou_price_normalized.csv,4.836,4.836,1.0,1.0,,0.0,1.0,[],"['dishwasher', 'dryer', 'ev', 'washer', 'water_heater']",[]
household_s1_dual_commuter_standard,household_s1_dual_commuter_standard,no_dr,Germany,1,2025-06-18,d18_hist_d18_1,hist_d18_1,18,D:\Pycharm_project\PycharmProjects\EnergyBridge\experiments\real_data\germany_2025_price.csv,18.0,1.0,D:\Pycharm_project\PycharmProjects\EnergyBridge\benchmark_results\2026-07-21\_batch_logs\daily_event_configs\d18_hist_d18_1.json,skipped_done,0,0.0,D:\Pycharm_project\PycharmProjects\EnergyBridge\benchmark_results\2026-07-21\household_s1_dual_commuter_standard_no_dr_germany_d18_hist_d18_1_2025-06-18_1day,D:\Pycharm_project\PycharmProjects\EnergyBridge\benchmark_results\2026-07-21\_batch_logs\daily_dr_memory_germany_1day\household_s1_dual_commuter_standard_no_dr_germany_d18_hist_d18_1_2025-06-18_1day.log,D:\Pycharm_project\PycharmProjects\EnergyBridge\benchmark_results\2026-07-21\household_s1_dual_commuter_standard_no_dr_germany_d18_hist_d18_1_2025-06-18_1day\run_summary.txt,0,68.105522,68.105522,17.32367,0.087934,EUR/kWh,D:\Pycharm_project\PycharmProjects\EnergyBridge\experiments\real_data\germany_2025_price.csv,10.8145,10.8145,1.0,1.0,,0.0,1.0,[],"['dishwasher', 'dryer', 'ev', 'washer', 'water_heater']",[]
household_s2_multigeneration_caregiver,household_s2_multigeneration_caregiver,mpc_dynamic,Germany,1,2025-06-18,d18_hist_d18_1,hist_d18_1,18,D:\Pycharm_project\PycharmProjects\EnergyBridge\experiments\real_data\germany_2025_price.csv,18.0,1.0,D:\Pycharm_project\PycharmProjects\EnergyBridge\benchmark_results\2026-07-21\_batch_logs\daily_event_configs\d18_hist_d18_1.json,skipped_done,0,0.0,D:\Pycharm_project\PycharmProjects\EnergyBridge\benchmark_results\2026-07-21\household_s2_multigeneration_caregiver_mpc_dynamic_germany_d18_hist_d18_1_2025-06-18_1day,D:\Pycharm_project\PycharmProjects\EnergyBridge\benchmark_results\2026-07-21\_batch_logs\daily_dr_memory_germany_1day\household_s2_multigeneration_caregiver_mpc_dynamic_germany_d18_hist_d18_1_2025-06-18_1day.log,D:\Pycharm_project\PycharmProjects\EnergyBridge\benchmark_results\2026-07-21\household_s2_multigeneration_caregiver_mpc_dynamic_germany_d18_hist_d18_1_2025-06-18_1day\run_summary.txt,0,62.797504,62.797504,15.742786,0.083878,EUR/kWh,D:\Pycharm_project\PycharmProjects\EnergyBridge\experiments\real_data\germany_2025_price.csv,7.9106,7.9106,0.0,0.0,2.578,1.0,1.0,"['dishwasher', 'dryer', 'ev', 'washer', 'water_heater']",[],[]
household_s1_dual_commuter_standard,household_s1_dual_commuter_standard,mpc_dynamic,Germany,1,2025-06-18,d18_hist_d18_1,hist_d18_1,18,D:\Pycharm_project\PycharmProjects\EnergyBridge\experiments\real_data\germany_2025_price.csv,18.0,1.0,D:\Pycharm_project\PycharmProjects\EnergyBridge\benchmark_results\2026-07-21\_batch_logs\daily_event_configs\d18_hist_d18_1.json,skipped_done,0,0.0,D:\Pycharm_project\PycharmProjects\EnergyBridge\benchmark_results\2026-07-21\household_s1_dual_commuter_standard_mpc_dynamic_germany_d18_hist_d18_1_2025-06-18_1day,D:\Pycharm_project\PycharmProjects\EnergyBridge\benchmark_results\2026-07-21\_batch_logs\daily_dr_memory_germany_1day\household_s1_dual_commuter_standard_mpc_dynamic_germany_d18_hist_d18_1_2025-06-18_1day.log,D:\Pycharm_project\PycharmProjects\EnergyBridge\benchmark_results\2026-07-21\household_s1_dual_commuter_standard_mpc_dynamic_germany_d18_hist_d18_1_2025-06-18_1day\run_summary.txt,0,73.853003,73.853003,16.006455,0.084928,EUR/kWh,D:\Pycharm_project\PycharmProjects\EnergyBridge\experiments\real_data\germany_2025_price.csv,7.9984,7.9984,0.0,0.0,2.612,1.0,1.0,"['dishwasher', 'dryer', 'ev', 'washer', 'water_heater']",[],[]
household_s2_multigeneration_caregiver,household_s2_multigeneration_caregiver,no_dr,Germany,1,2025-06-18,d18_hist_d18_1,hist_d18_1,18,D:\Pycharm_project\PycharmProjects\EnergyBridge\experiments\real_data\germany_2025_price.csv,18.0,1.0,D:\Pycharm_project\PycharmProjects\EnergyBridge\benchmark_results\2026-07-21\_batch_logs\daily_event_configs\d18_hist_d18_1.json,skipped_done,0,0.0,D:\Pycharm_project\PycharmProjects\EnergyBridge\benchmark_results\2026-07-21\household_s2_multigeneration_caregiver_no_dr_germany_d18_hist_d18_1_2025-06-18_1day,D:\Pycharm_project\PycharmProjects\EnergyBridge\benchmark_results\2026-07-21\_batch_logs\daily_dr_memory_germany_1day\household_s2_multigeneration_caregiver_no_dr_germany_d18_hist_d18_1_2025-06-18_1day.log,D:\Pycharm_project\PycharmProjects\EnergyBridge\benchmark_results\2026-07-21\household_s2_multigeneration_caregiver_no_dr_germany_d18_hist_d18_1_2025-06-18_1day\run_summary.txt,0,60.63259,60.63259,16.669198,0.087206,EUR/kWh,D:\Pycharm_project\PycharmProjects\EnergyBridge\experiments\real_data\germany_2025_price.csv,10.852,10.852,1.0,1.0,,0.0,1.0,[],"['dishwasher', 'dryer', 'ev', 'washer', 'water_heater']",[]
household_s3_hybrid_work_from_home,household_s3_hybrid_work_from_home,mpc_dynamic,Germany,1,2025-06-18,d18_hist_d18_1,hist_d18_1,18,D:\Pycharm_project\PycharmProjects\EnergyBridge\experiments\real_data\germany_2025_price.csv,18.0,1.0,D:\Pycharm_project\PycharmProjects\EnergyBridge\benchmark_results\2026-07-21\_batch_logs\daily_event_configs\d18_hist_d18_1.json,skipped_done,0,0.0,D:\Pycharm_project\PycharmProjects\EnergyBridge\benchmark_results\2026-07-21\household_s3_hybrid_work_from_home_mpc_dynamic_germany_d18_hist_d18_1_2025-06-18_1day,D:\Pycharm_project\PycharmProjects\EnergyBridge\benchmark_results\2026-07-21\_batch_logs\daily_dr_memory_germany_1day\household_s3_hybrid_work_from_home_mpc_dynamic_germany_d18_hist_d18_1_2025-06-18_1day.log,D:\Pycharm_project\PycharmProjects\EnergyBridge\benchmark_results\2026-07-21\household_s3_hybrid_work_from_home_mpc_dynamic_germany_d18_hist_d18_1_2025-06-18_1day\run_summary.txt,0,64.912729,64.912729,15.654514,0.083784,EUR/kWh,D:\Pycharm_project\PycharmProjects\EnergyBridge\experiments\real_data\germany_2025_price.csv,7.7579,7.7579,0.0,0.0,2.633,1.0,1.0,"['dishwasher', 'dryer', 'ev', 'washer', 'water_heater']",[],[]
household_s3_hybrid_work_from_home,household_s3_hybrid_work_from_home,no_dr,Germany,1,2025-06-18,d18_hist_d18_1,hist_d18_1,18,D:\Pycharm_project\PycharmProjects\EnergyBridge\experiments\real_data\germany_2025_price.csv,18.0,1.0,D:\Pycharm_project\PycharmProjects\EnergyBridge\benchmark_results\2026-07-21\_batch_logs\daily_event_configs\d18_hist_d18_1.json,skipped_done,0,0.0,D:\Pycharm_project\PycharmProjects\EnergyBridge\benchmark_results\2026-07-21\household_s3_hybrid_work_from_home_no_dr_germany_d18_hist_d18_1_2025-06-18_1day,D:\Pycharm_project\PycharmProjects\EnergyBridge\benchmark_results\2026-07-21\_batch_logs\daily_dr_memory_germany_1day\household_s3_hybrid_work_from_home_no_dr_germany_d18_hist_d18_1_2025-06-18_1day.log,D:\Pycharm_project\PycharmProjects\EnergyBridge\benchmark_results\2026-07-21\household_s3_hybrid_work_from_home_no_dr_germany_d18_hist_d18_1_2025-06-18_1day\run_summary.txt,0,63.988194,63.988194,16.974999,0.087664,EUR/kWh,D:\Pycharm_project\PycharmProjects\EnergyBridge\experiments\real_data\germany_2025_price.csv,10.8246,10.8246,1.0,1.0,,0.0,0.8,[],"['dishwasher', 'dryer', 'ev', 'washer', 'water_heater']",[]
household_s4_ev_commuter_flexible,household_s4_ev_commuter_flexible,mpc_dynamic,Germany,1,2025-06-18,d18_hist_d18_1,hist_d18_1,18,D:\Pycharm_project\PycharmProjects\EnergyBridge\experiments\real_data\germany_2025_price.csv,18.0,1.0,D:\Pycharm_project\PycharmProjects\EnergyBridge\benchmark_results\2026-07-21\_batch_logs\daily_event_configs\d18_hist_d18_1.json,skipped_done,0,0.0,D:\Pycharm_project\PycharmProjects\EnergyBridge\benchmark_results\2026-07-21\household_s4_ev_commuter_flexible_mpc_dynamic_germany_d18_hist_d18_1_2025-06-18_1day,D:\Pycharm_project\PycharmProjects\EnergyBridge\benchmark_results\2026-07-21\_batch_logs\daily_dr_memory_germany_1day\household_s4_ev_commuter_flexible_mpc_dynamic_germany_d18_hist_d18_1_2025-06-18_1day.log,D:\Pycharm_project\PycharmProjects\EnergyBridge\benchmark_results\2026-07-21\household_s4_ev_commuter_flexible_mpc_dynamic_germany_d18_hist_d18_1_2025-06-18_1day\run_summary.txt,0,77.641409,77.641409,16.329006,0.08532,EUR/kWh,D:\Pycharm_project\PycharmProjects\EnergyBridge\experiments\real_data\germany_2025_price.csv,7.9984,7.9984,0.0,0.0,2.65,1.0,1.0,"['dishwasher', 'dryer', 'ev', 'washer', 'water_heater']",[],[]
household_s4_ev_commuter_flexible,household_s4_ev_commuter_flexible,no_dr,Germany,1,2025-06-18,d18_hist_d18_1,hist_d18_1,18,D:\Pycharm_project\PycharmProjects\EnergyBridge\experiments\real_data\germany_2025_price.csv,18.0,1.0,D:\Pycharm_project\PycharmProjects\EnergyBridge\benchmark_results\2026-07-21\_batch_logs\daily_event_configs\d18_hist_d18_1.json,skipped_done,0,0.0,D:\Pycharm_project\PycharmProjects\EnergyBridge\benchmark_results\2026-07-21\household_s4_ev_commuter_flexible_no_dr_germany_d18_hist_d18_1_2025-06-18_1day,D:\Pycharm_project\PycharmProjects\EnergyBridge\benchmark_results\2026-07-21\_batch_logs\daily_dr_memory_germany_1day\household_s4_ev_commuter_flexible_no_dr_germany_d18_hist_d18_1_2025-06-18_1day.log,D:\Pycharm_project\PycharmProjects\EnergyBridge\benchmark_results\2026-07-21\household_s4_ev_commuter_flexible_no_dr_germany_d18_hist_d18_1_2025-06-18_1day\run_summary.txt,0,72.479435,72.479435,17.667727,0.088244,EUR/kWh,D:\Pycharm_project\PycharmProjects\EnergyBridge\experiments\real_data\germany_2025_price.csv,10.8145,10.8145,1.0,1.0,,0.0,1.0,[],"['dishwasher', 'dryer', 'ev', 'washer', 'water_heater']",[]
household_s5_shared_roommates_irregular,household_s5_shared_roommates_irregular,mpc_dynamic,Germany,1,2025-06-18,d18_hist_d18_1,hist_d18_1,18,D:\Pycharm_project\PycharmProjects\EnergyBridge\experiments\real_data\germany_2025_price.csv,18.0,1.0,D:\Pycharm_project\PycharmProjects\EnergyBridge\benchmark_results\2026-07-21\_batch_logs\daily_event_configs\d18_hist_d18_1.json,skipped_done,0,0.0,D:\Pycharm_project\PycharmProjects\EnergyBridge\benchmark_results\2026-07-21\household_s5_shared_roommates_irregular_mpc_dynamic_germany_d18_hist_d18_1_2025-06-18_1day,D:\Pycharm_project\PycharmProjects\EnergyBridge\benchmark_results\2026-07-21\_batch_logs\daily_dr_memory_germany_1day\household_s5_shared_roommates_irregular_mpc_dynamic_germany_d18_hist_d18_1_2025-06-18_1day.log,D:\Pycharm_project\PycharmProjects\EnergyBridge\benchmark_results\2026-07-21\household_s5_shared_roommates_irregular_mpc_dynamic_germany_d18_hist_d18_1_2025-06-18_1day\run_summary.txt,0,70.064598,70.064598,15.653266,0.084359,EUR/kWh,D:\Pycharm_project\PycharmProjects\EnergyBridge\experiments\real_data\germany_2025_price.csv,7.9984,7.9984,0.0,0.0,2.612,1.0,1.0,"['dishwasher', 'dryer', 'ev', 'washer', 'water_heater']",[],[]
household_s1_dual_commuter_standard,household_s1_dual_commuter_standard,mpc_dynamic,Tianjin,1,2025-06-18,d18_hist_d18_1,hist_d18_1,18,D:\Pycharm_project\PycharmProjects\EnergyBridge\experiments\real_data\tianjin_tou_price_normalized.csv,18.0,1.0,D:\Pycharm_project\PycharmProjects\EnergyBridge\benchmark_results\2026-07-21\_batch_logs\daily_event_configs\d18_hist_d18_1.json,skipped_done,0,0.0,D:\Pycharm_project\PycharmProjects\EnergyBridge\benchmark_results\2026-07-21\household_s1_dual_commuter_standard_mpc_dynamic_tianjin_d18_hist_d18_1_2025-06-18_1day,D:\Pycharm_project\PycharmProjects\EnergyBridge\benchmark_results\2026-07-21\_batch_logs\daily_dr_memory_tianjin_1day\household_s1_dual_commuter_standard_mpc_dynamic_tianjin_d18_hist_d18_1_2025-06-18_1day.log,D:\Pycharm_project\PycharmProjects\EnergyBridge\benchmark_results\2026-07-21\household_s1_dual_commuter_standard_mpc_dynamic_tianjin_d18_hist_d18_1_2025-06-18_1day\run_summary.txt,0,80.258282,80.258282,53.692128,1.097392,normalized TOU cost/kWh,D:\Pycharm_project\PycharmProjects\EnergyBridge\experiments\real_data\tianjin_tou_price_normalized.csv,2.3064,2.3064,0.0,0.0,2.612,1.0,1.0,"['dishwasher', 'dryer', 'ev', 'washer', 'water_heater']",[],[]
household_s5_shared_roommates_irregular,household_s5_shared_roommates_irregular,no_dr,Germany,1,2025-06-18,d18_hist_d18_1,hist_d18_1,18,D:\Pycharm_project\PycharmProjects\EnergyBridge\experiments\real_data\germany_2025_price.csv,18.0,1.0,D:\Pycharm_project\PycharmProjects\EnergyBridge\benchmark_results\2026-07-21\_batch_logs\daily_event_configs\d18_hist_d18_1.json,skipped_done,0,0.0,D:\Pycharm_project\PycharmProjects\EnergyBridge\benchmark_results\2026-07-21\household_s5_shared_roommates_irregular_no_dr_germany_d18_hist_d18_1_2025-06-18_1day,D:\Pycharm_project\PycharmProjects\EnergyBridge\benchmark_results\2026-07-21\_batch_logs\daily_dr_memory_germany_1day\household_s5_shared_roommates_irregular_no_dr_germany_d18_hist_d18_1_2025-06-18_1day.log,D:\Pycharm_project\PycharmProjects\EnergyBridge\benchmark_results\2026-07-21\household_s5_shared_roommates_irregular_no_dr_germany_d18_hist_d18_1_2025-06-18_1day\run_summary.txt,0,63.731609,63.731609,16.979614,0.087614,EUR/kWh,D:\Pycharm_project\PycharmProjects\EnergyBridge\experiments\real_data\germany_2025_price.csv,10.8145,10.8145,1.0,1.0,,0.0,1.0,[],"['dishwasher', 'dryer', 'ev', 'washer', 'water_heater']",[]
household_s1_dual_commuter_standard,household_s1_dual_commuter_standard,no_dr,Tianjin,1,2025-06-18,d18_hist_d18_1,hist_d18_1,18,D:\Pycharm_project\PycharmProjects\EnergyBridge\experiments\real_data\tianjin_tou_price_normalized.csv,18.0,1.0,D:\Pycharm_project\PycharmProjects\EnergyBridge\benchmark_results\2026-07-21\_batch_logs\daily_event_configs\d18_hist_d18_1.json,skipped_done,0,0.0,D:\Pycharm_project\PycharmProjects\EnergyBridge\benchmark_results\2026-07-21\household_s1_dual_commuter_standard_no_dr_tianjin_d18_hist_d18_1_2025-06-18_1day,D:\Pycharm_project\PycharmProjects\EnergyBridge\benchmark_results\2026-07-21\_batch_logs\daily_dr_memory_tianjin_1day\household_s1_dual_commuter_standard_no_dr_tianjin_d18_hist_d18_1_2025-06-18_1day.log,D:\Pycharm_project\PycharmProjects\EnergyBridge\benchmark_results\2026-07-21\household_s1_dual_commuter_standard_no_dr_tianjin_d18_hist_d18_1_2025-06-18_1day\run_summary.txt,0,77.06666,77.06666,66.28786,1.182985,normalized TOU cost/kWh,D:\Pycharm_project\PycharmProjects\EnergyBridge\experiments\real_data\tianjin_tou_price_normalized.csv,5.8301,5.8301,1.0,1.0,,0.0,1.0,[],"['dishwasher', 'dryer', 'ev', 'washer', 'water_heater']",[]
household_s2_multigeneration_caregiver,household_s2_multigeneration_caregiver,mpc_dynamic,Tianjin,1,2025-06-18,d18_hist_d18_1,hist_d18_1,18,D:\Pycharm_project\PycharmProjects\EnergyBridge\experiments\real_data\tianjin_tou_price_normalized.csv,18.0,1.0,D:\Pycharm_project\PycharmProjects\EnergyBridge\benchmark_results\2026-07-21\_batch_logs\daily_event_configs\d18_hist_d18_1.json,skipped_done,0,0.0,D:\Pycharm_project\PycharmProjects\EnergyBridge\benchmark_results\2026-07-21\household_s2_multigeneration_caregiver_mpc_dynamic_tianjin_d18_hist_d18_1_2025-06-18_1day,D:\Pycharm_project\PycharmProjects\EnergyBridge\benchmark_results\2026-07-21\_batch_logs\daily_dr_memory_tianjin_1day\household_s2_multigeneration_caregiver_mpc_dynamic_tianjin_d18_hist_d18_1_2025-06-18_1day.log,D:\Pycharm_project\PycharmProjects\EnergyBridge\benchmark_results\2026-07-21\household_s2_multigeneration_caregiver_mpc_dynamic_tianjin_d18_hist_d18_1_2025-06-18_1day\run_summary.txt,0,76.5425,76.5425,57.27432,1.17556,normalized TOU cost/kWh,D:\Pycharm_project\PycharmProjects\EnergyBridge\experiments\real_data\tianjin_tou_price_normalized.csv,2.7146,2.7146,0.0,0.0,2.55,1.0,1.0,"['dishwasher', 'dryer', 'ev', 'washer', 'water_heater']",[],[]
household_s2_multigeneration_caregiver,household_s2_multigeneration_caregiver,no_dr,Tianjin,1,2025-06-18,d18_hist_d18_1,hist_d18_1,18,D:\Pycharm_project\PycharmProjects\EnergyBridge\experiments\real_data\tianjin_tou_price_normalized.csv,18.0,1.0,D:\Pycharm_project\PycharmProjects\EnergyBridge\benchmark_results\2026-07-21\_batch_logs\daily_event_configs\d18_hist_d18_1.json,skipped_done,0,0.0,D:\Pycharm_project\PycharmProjects\EnergyBridge\benchmark_results\2026-07-21\household_s2_multigeneration_caregiver_no_dr_tianjin_d18_hist_d18_1_2025-06-18_1day,D:\Pycharm_project\PycharmProjects\EnergyBridge\benchmark_results\2026-07-21\_batch_logs\daily_dr_memory_tianjin_1day\household_s2_multigeneration_caregiver_no_dr_tianjin_d18_hist_d18_1_2025-06-18_1day.log,D:\Pycharm_project\PycharmProjects\EnergyBridge\benchmark_results\2026-07-21\household_s2_multigeneration_caregiver_no_dr_tianjin_d18_hist_d18_1_2025-06-18_1day\run_summary.txt,0,72.689507,72.689507,63.979903,1.252128,normalized TOU cost/kWh,D:\Pycharm_project\PycharmProjects\EnergyBridge\experiments\real_data\tianjin_tou_price_normalized.csv,5.8865,5.8865,1.0,1.0,,0.0,1.0,[],"['dishwasher', 'dryer', 'ev', 'washer', 'water_heater']",[]
household_s3_hybrid_work_from_home,household_s3_hybrid_work_from_home,mpc_dynamic,Tianjin,1,2025-06-18,d18_hist_d18_1,hist_d18_1,18,D:\Pycharm_project\PycharmProjects\EnergyBridge\experiments\real_data\tianjin_tou_price_normalized.csv,18.0,1.0,D:\Pycharm_project\PycharmProjects\EnergyBridge\benchmark_results\2026-07-21\_batch_logs\daily_event_configs\d18_hist_d18_1.json,skipped_done,0,0.0,D:\Pycharm_project\PycharmProjects\EnergyBridge\benchmark_results\2026-07-21\household_s3_hybrid_work_from_home_mpc_dynamic_tianjin_d18_hist_d18_1_2025-06-18_1day,D:\Pycharm_project\PycharmProjects\EnergyBridge\benchmark_results\2026-07-21\_batch_logs\daily_dr_memory_tianjin_1day\household_s3_hybrid_work_from_home_mpc_dynamic_tianjin_d18_hist_d18_1_2025-06-18_1day.log,D:\Pycharm_project\PycharmProjects\EnergyBridge\benchmark_results\2026-07-21\household_s3_hybrid_work_from_home_mpc_dynamic_tianjin_d18_hist_d18_1_2025-06-18_1day\run_summary.txt,0,78.739756,78.739756,55.820679,1.140606,normalized TOU cost/kWh,D:\Pycharm_project\PycharmProjects\EnergyBridge\experiments\real_data\tianjin_tou_price_normalized.csv,2.0112,2.0112,0.0,0.0,2.633,1.0,1.0,"['dishwasher', 'dryer', 'ev', 'washer', 'water_heater']",[],[]
household_s3_hybrid_work_from_home,household_s3_hybrid_work_from_home,no_dr,Tianjin,1,2025-06-18,d18_hist_d18_1,hist_d18_1,18,D:\Pycharm_project\PycharmProjects\EnergyBridge\experiments\real_data\tianjin_tou_price_normalized.csv,18.0,1.0,D:\Pycharm_project\PycharmProjects\EnergyBridge\benchmark_results\2026-07-21\_batch_logs\daily_event_configs\d18_hist_d18_1.json,skipped_done,0,0.0,D:\Pycharm_project\PycharmProjects\EnergyBridge\benchmark_results\2026-07-21\household_s3_hybrid_work_from_home_no_dr_tianjin_d18_hist_d18_1_2025-06-18_1day,D:\Pycharm_project\PycharmProjects\EnergyBridge\benchmark_results\2026-07-21\_batch_logs\daily_dr_memory_tianjin_1day\household_s3_hybrid_work_from_home_no_dr_tianjin_d18_hist_d18_1_2025-06-18_1day.log,D:\Pycharm_project\PycharmProjects\EnergyBridge\benchmark_results\2026-07-21\household_s3_hybrid_work_from_home_no_dr_tianjin_d18_hist_d18_1_2025-06-18_1day\run_summary.txt,0,73.039597,73.039597,64.068645,1.205294,normalized TOU cost/kWh,D:\Pycharm_project\PycharmProjects\EnergyBridge\experiments\real_data\tianjin_tou_price_normalized.csv,5.8305,5.8305,1.0,1.0,,0.0,0.8,[],"['dishwasher', 'dryer', 'ev', 'washer', 'water_heater']",[]
household_s4_ev_commuter_flexible,household_s4_ev_commuter_flexible,mpc_dynamic,Tianjin,1,2025-06-18,d18_hist_d18_1,hist_d18_1,18,D:\Pycharm_project\PycharmProjects\EnergyBridge\experiments\real_data\tianjin_tou_price_normalized.csv,18.0,1.0,D:\Pycharm_project\PycharmProjects\EnergyBridge\benchmark_results\2026-07-21\_batch_logs\daily_event_configs\d18_hist_d18_1.json,skipped_done,0,0.0,D:\Pycharm_project\PycharmProjects\EnergyBridge\benchmark_results\2026-07-21\household_s4_ev_commuter_flexible_mpc_dynamic_tianjin_d18_hist_d18_1_2025-06-18_1day,D:\Pycharm_project\PycharmProjects\EnergyBridge\benchmark_results\2026-07-21\_batch_logs\daily_dr_memory_tianjin_1day\household_s4_ev_commuter_flexible_mpc_dynamic_tianjin_d18_hist_d18_1_2025-06-18_1day.log,D:\Pycharm_project\PycharmProjects\EnergyBridge\benchmark_results\2026-07-21\household_s4_ev_commuter_flexible_mpc_dynamic_tianjin_d18_hist_d18_1_2025-06-18_1day\run_summary.txt,0,81.756029,81.756029,52.304595,1.079986,normalized TOU cost/kWh,D:\Pycharm_project\PycharmProjects\EnergyBridge\experiments\real_data\tianjin_tou_price_normalized.csv,2.3808,2.3808,0.0,0.0,2.65,1.0,1.0,"['dishwasher', 'dryer', 'ev', 'washer', 'water_heater']",[],[]
household_s4_ev_commuter_flexible,household_s4_ev_commuter_flexible,no_dr,Tianjin,1,2025-06-18,d18_hist_d18_1,hist_d18_1,18,D:\Pycharm_project\PycharmProjects\EnergyBridge\experiments\real_data\tianjin_tou_price_normalized.csv,18.0,1.0,D:\Pycharm_project\PycharmProjects\EnergyBridge\benchmark_results\2026-07-21\_batch_logs\daily_event_configs\d18_hist_d18_1.json,skipped_done,0,0.0,D:\Pycharm_project\PycharmProjects\EnergyBridge\benchmark_results\2026-07-21\household_s4_ev_commuter_flexible_no_dr_tianjin_d18_hist_d18_1_2025-06-18_1day,D:\Pycharm_project\PycharmProjects\EnergyBridge\benchmark_results\2026-07-21\_batch_logs\daily_dr_memory_tianjin_1day\household_s4_ev_commuter_flexible_no_dr_tianjin_d18_hist_d18_1_2025-06-18_1day.log,D:\Pycharm_project\PycharmProjects\EnergyBridge\benchmark_results\2026-07-21\household_s4_ev_commuter_flexible_no_dr_tianjin_d18_hist_d18_1_2025-06-18_1day\run_summary.txt,0,81.440573,81.440573,68.970758,1.164227,normalized TOU cost/kWh,D:\Pycharm_project\PycharmProjects\EnergyBridge\experiments\real_data\tianjin_tou_price_normalized.csv,5.8301,5.8301,1.0,1.0,,0.0,1.0,[],"['dishwasher', 'dryer', 'ev', 'washer', 'water_heater']",[]
household_s5_shared_roommates_irregular,household_s5_shared_roommates_irregular,no_dr,Tianjin,1,2025-06-18,d18_hist_d18_1,hist_d18_1,18,D:\Pycharm_project\PycharmProjects\EnergyBridge\experiments\real_data\tianjin_tou_price_normalized.csv,18.0,1.0,D:\Pycharm_project\PycharmProjects\EnergyBridge\benchmark_results\2026-07-21\_batch_logs\daily_event_configs\d18_hist_d18_1.json,skipped_done,0,0.0,D:\Pycharm_project\PycharmProjects\EnergyBridge\benchmark_results\2026-07-21\household_s5_shared_roommates_irregular_no_dr_tianjin_d18_hist_d18_1_2025-06-18_1day,D:\Pycharm_project\PycharmProjects\EnergyBridge\benchmark_results\2026-07-21\_batch_logs\daily_dr_memory_tianjin_1day\household_s5_shared_roommates_irregular_no_dr_tianjin_d18_hist_d18_1_2025-06-18_1day.log,D:\Pycharm_project\PycharmProjects\EnergyBridge\benchmark_results\2026-07-21\household_s5_shared_roommates_irregular_no_dr_tianjin_d18_hist_d18_1_2025-06-18_1day\run_summary.txt,0,72.692747,72.692747,63.604961,1.20402,normalized TOU cost/kWh,D:\Pycharm_project\PycharmProjects\EnergyBridge\experiments\real_data\tianjin_tou_price_normalized.csv,5.8301,5.8301,1.0,1.0,,0.0,1.0,[],"['dishwasher', 'dryer', 'ev', 'washer', 'water_heater']",[]
household_s5_shared_roommates_irregular,household_s5_shared_roommates_irregular,mpc_dynamic,Tianjin,1,2025-06-18,d18_hist_d18_1,hist_d18_1,18,D:\Pycharm_project\PycharmProjects\EnergyBridge\experiments\real_data\tianjin_tou_price_normalized.csv,18.0,1.0,D:\Pycharm_project\PycharmProjects\EnergyBridge\benchmark_results\2026-07-21\_batch_logs\daily_event_configs\d18_hist_d18_1.json,skipped_done,0,0.0,D:\Pycharm_project\PycharmProjects\EnergyBridge\benchmark_results\2026-07-21\household_s5_shared_roommates_irregular_mpc_dynamic_tianjin_d18_hist_d18_1_2025-06-18_1day,D:\Pycharm_project\PycharmProjects\EnergyBridge\benchmark_results\2026-07-21\_batch_logs\daily_dr_memory_tianjin_1day\household_s5_shared_roommates_irregular_mpc_dynamic_tianjin_d18_hist_d18_1_2025-06-18_1day.log,D:\Pycharm_project\PycharmProjects\EnergyBridge\benchmark_results\2026-07-21\household_s5_shared_roommates_irregular_mpc_dynamic_tianjin_d18_hist_d18_1_2025-06-18_1day\run_summary.txt,0,74.17487,74.17487,48.805465,1.130201,normalized TOU cost/kWh,D:\Pycharm_project\PycharmProjects\EnergyBridge\experiments\real_data\tianjin_tou_price_normalized.csv,2.3808,2.3808,0.0,0.0,2.612,1.0,1.0,"['dishwasher', 'dryer', 'ev', 'washer', 'water_heater']",[],[]
household_s1_dual_commuter_standard,household_s1_dual_commuter_standard,mpc_dynamic,Germany,1,2025-06-19,d19_hist_d19_1,hist_d19_1,19,D:\Pycharm_project\PycharmProjects\EnergyBridge\experiments\real_data\germany_2025_price.csv,18.0,1.0,D:\Pycharm_project\PycharmProjects\EnergyBridge\benchmark_results\2026-07-21\_batch_logs\daily_event_configs\d19_hist_d19_1.json,skipped_done,0,0.0,D:\Pycharm_project\PycharmProjects\EnergyBridge\benchmark_results\2026-07-21\household_s1_dual_commuter_standard_mpc_dynamic_germany_d19_hist_d19_1_2025-06-19_1day,D:\Pycharm_project\PycharmProjects\EnergyBridge\benchmark_results\2026-07-21\_batch_logs\daily_dr_memory_germany_1day\household_s1_dual_commuter_standard_mpc_dynamic_germany_d19_hist_d19_1_2025-06-19_1day.log,D:\Pycharm_project\PycharmProjects\EnergyBridge\benchmark_results\2026-07-21\household_s1_dual_commuter_standard_mpc_dynamic_germany_d19_hist_d19_1_2025-06-19_1day\run_summary.txt,0,45.686427,45.686427,10.516682,0.059885,EUR/kWh,D:\Pycharm_project\PycharmProjects\EnergyBridge\experiments\real_data\germany_2025_price.csv,6.9013,6.9013,1.0,1.0,3.12,1.0,1.0,"['dishwasher', 'dryer', 'ev', 'washer', 'water_heater']",[],[]
household_s1_dual_commuter_standard,household_s1_dual_commuter_standard,no_dr,Germany,1,2025-06-19,d19_hist_d19_1,hist_d19_1,19,D:\Pycharm_project\PycharmProjects\EnergyBridge\experiments\real_data\germany_2025_price.csv,18.0,1.0,D:\Pycharm_project\PycharmProjects\EnergyBridge\benchmark_results\2026-07-21\_batch_logs\daily_event_configs\d19_hist_d19_1.json,skipped_done,0,0.0,D:\Pycharm_project\PycharmProjects\EnergyBridge\benchmark_results\2026-07-21\household_s1_dual_commuter_standard_no_dr_germany_d19_hist_d19_1_2025-06-19_1day,D:\Pycharm_project\PycharmProjects\EnergyBridge\benchmark_results\2026-07-21\_batch_logs\daily_dr_memory_germany_1day\household_s1_dual_commuter_standard_no_dr_germany_d19_hist_d19_1_2025-06-19_1day.log,D:\Pycharm_project\PycharmProjects\EnergyBridge\benchmark_results\2026-07-21\household_s1_dual_commuter_standard_no_dr_germany_d19_hist_d19_1_2025-06-19_1day\run_summary.txt,0,74.067876,74.067876,13.124963,0.067811,EUR/kWh,D:\Pycharm_project\PycharmProjects\EnergyBridge\experiments\real_data\germany_2025_price.csv,10.6923,10.6923,1.0,1.0,,0.0,1.0,[],"['dishwasher', 'dryer', 'ev', 'washer', 'water_heater']",[]
household_s2_multigeneration_caregiver,household_s2_multigeneration_caregiver,mpc_dynamic,Germany,1,2025-06-19,d19_hist_d19_1,hist_d19_1,19,D:\Pycharm_project\PycharmProjects\EnergyBridge\experiments\real_data\germany_2025_price.csv,18.0,1.0,D:\Pycharm_project\PycharmProjects\EnergyBridge\benchmark_results\2026-07-21\_batch_logs\daily_event_configs\d19_hist_d19_1.json,skipped_done,0,0.0,D:\Pycharm_project\PycharmProjects\EnergyBridge\benchmark_results\2026-07-21\household_s2_multigeneration_caregiver_mpc_dynamic_germany_d19_hist_d19_1_2025-06-19_1day,D:\Pycharm_project\PycharmProjects\EnergyBridge\benchmark_results\2026-07-21\_batch_logs\daily_dr_memory_germany_1day\household_s2_multigeneration_caregiver_mpc_dynamic_germany_d19_hist_d19_1_2025-06-19_1day.log,D:\Pycharm_project\PycharmProjects\EnergyBridge\benchmark_results\2026-07-21\household_s2_multigeneration_caregiver_mpc_dynamic_germany_d19_hist_d19_1_2025-06-19_1day\run_summary.txt,0,63.227483,63.227483,11.414334,0.061961,EUR/kWh,D:\Pycharm_project\PycharmProjects\EnergyBridge\experiments\real_data\germany_2025_price.csv,7.8086,7.8086,0.0,0.0,2.55,1.0,1.0,"['dishwasher', 'dryer', 'ev', 'washer', 'water_heater']",[],[]
household_s2_multigeneration_caregiver,household_s2_multigeneration_caregiver,no_dr,Germany,1,2025-06-19,d19_hist_d19_1,hist_d19_1,19,D:\Pycharm_project\PycharmProjects\EnergyBridge\experiments\real_data\germany_2025_price.csv,18.0,1.0,D:\Pycharm_project\PycharmProjects\EnergyBridge\benchmark_results\2026-07-21\_batch_logs\daily_event_configs\d19_hist_d19_1.json,skipped_done,0,0.0,D:\Pycharm_project\PycharmProjects\EnergyBridge\benchmark_results\2026-07-21\household_s2_multigeneration_caregiver_no_dr_germany_d19_hist_d19_1_2025-06-19_1day,D:\Pycharm_project\PycharmProjects\EnergyBridge\benchmark_results\2026-07-21\_batch_logs\daily_dr_memory_germany_1day\household_s2_multigeneration_caregiver_no_dr_germany_d19_hist_d19_1_2025-06-19_1day.log,D:\Pycharm_project\PycharmProjects\EnergyBridge\benchmark_results\2026-07-21\household_s2_multigeneration_caregiver_no_dr_germany_d19_hist_d19_1_2025-06-19_1day\run_summary.txt,0,67.194079,67.194079,12.391373,0.066326,EUR/kWh,D:\Pycharm_project\PycharmProjects\EnergyBridge\experiments\real_data\germany_2025_price.csv,10.7325,10.7325,1.0,1.0,,0.0,1.0,[],"['dishwasher', 'dryer', 'ev', 'washer', 'water_heater']",[]
household_s3_hybrid_work_from_home,household_s3_hybrid_work_from_home,mpc_dynamic,Germany,1,2025-06-19,d19_hist_d19_1,hist_d19_1,19,D:\Pycharm_project\PycharmProjects\EnergyBridge\experiments\real_data\germany_2025_price.csv,18.0,1.0,D:\Pycharm_project\PycharmProjects\EnergyBridge\benchmark_results\2026-07-21\_batch_logs\daily_event_configs\d19_hist_d19_1.json,skipped_done,0,0.0,D:\Pycharm_project\PycharmProjects\EnergyBridge\benchmark_results\2026-07-21\household_s3_hybrid_work_from_home_mpc_dynamic_germany_d19_hist_d19_1_2025-06-19_1day,D:\Pycharm_project\PycharmProjects\EnergyBridge\benchmark_results\2026-07-21\_batch_logs\daily_dr_memory_germany_1day\household_s3_hybrid_work_from_home_mpc_dynamic_germany_d19_hist_d19_1_2025-06-19_1day.log,D:\Pycharm_project\PycharmProjects\EnergyBridge\benchmark_results\2026-07-21\household_s3_hybrid_work_from_home_mpc_dynamic_germany_d19_hist_d19_1_2025-06-19_1day\run_summary.txt,0,65.359907,65.359907,11.823089,0.063579,EUR/kWh,D:\Pycharm_project\PycharmProjects\EnergyBridge\experiments\real_data\germany_2025_price.csv,7.6239,7.6239,0.0,0.0,2.633,1.0,1.0,"['dishwasher', 'dryer', 'ev', 'washer', 'water_heater']",[],[]
household_s4_ev_commuter_flexible,household_s4_ev_commuter_flexible,mpc_dynamic,Germany,1,2025-06-19,d19_hist_d19_1,hist_d19_1,19,D:\Pycharm_project\PycharmProjects\EnergyBridge\experiments\real_data\germany_2025_price.csv,18.0,1.0,D:\Pycharm_project\PycharmProjects\EnergyBridge\benchmark_results\2026-07-21\_batch_logs\daily_event_configs\d19_hist_d19_1.json,skipped_done,0,0.0,D:\Pycharm_project\PycharmProjects\EnergyBridge\benchmark_results\2026-07-21\household_s4_ev_commuter_flexible_mpc_dynamic_germany_d19_hist_d19_1_2025-06-19_1day,D:\Pycharm_project\PycharmProjects\EnergyBridge\benchmark_results\2026-07-21\_batch_logs\daily_dr_memory_germany_1day\household_s4_ev_commuter_flexible_mpc_dynamic_germany_d19_hist_d19_1_2025-06-19_1day.log,D:\Pycharm_project\PycharmProjects\EnergyBridge\benchmark_results\2026-07-21\household_s4_ev_commuter_flexible_mpc_dynamic_germany_d19_hist_d19_1_2025-06-19_1day\run_summary.txt,0,75.473405,75.473405,12.445601,0.065442,EUR/kWh,D:\Pycharm_project\PycharmProjects\EnergyBridge\experiments\real_data\germany_2025_price.csv,7.8794,7.8794,0.0,0.0,2.65,1.0,1.0,"['dishwasher', 'dryer', 'ev', 'washer', 'water_heater']",[],[]
household_s3_hybrid_work_from_home,household_s3_hybrid_work_from_home,no_dr,Germany,1,2025-06-19,d19_hist_d19_1,hist_d19_1,19,D:\Pycharm_project\PycharmProjects\EnergyBridge\experiments\real_data\germany_2025_price.csv,18.0,1.0,D:\Pycharm_project\PycharmProjects\EnergyBridge\benchmark_results\2026-07-21\_batch_logs\daily_event_configs\d19_hist_d19_1.json,skipped_done,0,0.0,D:\Pycharm_project\PycharmProjects\EnergyBridge\benchmark_results\2026-07-21\household_s3_hybrid_work_from_home_no_dr_germany_d19_hist_d19_1_2025-06-19_1day,D:\Pycharm_project\PycharmProjects\EnergyBridge\benchmark_results\2026-07-21\_batch_logs\daily_dr_memory_germany_1day\household_s3_hybrid_work_from_home_no_dr_germany_d19_hist_d19_1_2025-06-19_1day.log,D:\Pycharm_project\PycharmProjects\EnergyBridge\benchmark_results\2026-07-21\household_s3_hybrid_work_from_home_no_dr_germany_d19_hist_d19_1_2025-06-19_1day\run_summary.txt,0,70.558225,70.558225,12.813594,0.067274,EUR/kWh,D:\Pycharm_project\PycharmProjects\EnergyBridge\experiments\real_data\germany_2025_price.csv,10.7007,10.7007,1.0,1.0,,0.0,0.8,[],"['dishwasher', 'dryer', 'ev', 'washer', 'water_heater']",[]
household_s4_ev_commuter_flexible,household_s4_ev_commuter_flexible,no_dr,Germany,1,2025-06-19,d19_hist_d19_1,hist_d19_1,19,D:\Pycharm_project\PycharmProjects\EnergyBridge\experiments\real_data\germany_2025_price.csv,18.0,1.0,D:\Pycharm_project\PycharmProjects\EnergyBridge\benchmark_results\2026-07-21\_batch_logs\daily_event_configs\d19_hist_d19_1.json,skipped_done,0,0.0,D:\Pycharm_project\PycharmProjects\EnergyBridge\benchmark_results\2026-07-21\household_s4_ev_commuter_flexible_no_dr_germany_d19_hist_d19_1_2025-06-19_1day,D:\Pycharm_project\PycharmProjects\EnergyBridge\benchmark_results\2026-07-21\_batch_logs\daily_dr_memory_germany_1day\household_s4_ev_commuter_flexible_no_dr_germany_d19_hist_d19_1_2025-06-19_1day.log,D:\Pycharm_project\PycharmProjects\EnergyBridge\benchmark_results\2026-07-21\household_s4_ev_commuter_flexible_no_dr_germany_d19_hist_d19_1_2025-06-19_1day\run_summary.txt,0,77.856282,77.856282,13.435604,0.068386,EUR/kWh,D:\Pycharm_project\PycharmProjects\EnergyBridge\experiments\real_data\germany_2025_price.csv,10.6923,10.6923,1.0,1.0,,0.0,1.0,[],"['dishwasher', 'dryer', 'ev', 'washer', 'water_heater']",[]
household_s5_shared_roommates_irregular,household_s5_shared_roommates_irregular,mpc_dynamic,Germany,1,2025-06-19,d19_hist_d19_1,hist_d19_1,19,D:\Pycharm_project\PycharmProjects\EnergyBridge\experiments\real_data\germany_2025_price.csv,18.0,1.0,D:\Pycharm_project\PycharmProjects\EnergyBridge\benchmark_results\2026-07-21\_batch_logs\daily_event_configs\d19_hist_d19_1.json,skipped_done,0,0.0,D:\Pycharm_project\PycharmProjects\EnergyBridge\benchmark_results\2026-07-21\household_s5_shared_roommates_irregular_mpc_dynamic_germany_d19_hist_d19_1_2025-06-19_1day,D:\Pycharm_project\PycharmProjects\EnergyBridge\benchmark_results\2026-07-21\_batch_logs\daily_dr_memory_germany_1day\household_s5_shared_roommates_irregular_mpc_dynamic_germany_d19_hist_d19_1_2025-06-19_1day.log,D:\Pycharm_project\PycharmProjects\EnergyBridge\benchmark_results\2026-07-21\household_s5_shared_roommates_irregular_mpc_dynamic_germany_d19_hist_d19_1_2025-06-19_1day\run_summary.txt,0,66.725579,66.725579,11.75589,0.063973,EUR/kWh,D:\Pycharm_project\PycharmProjects\EnergyBridge\experiments\real_data\germany_2025_price.csv,7.8794,7.8794,0.0,0.0,2.612,1.0,1.0,"['dishwasher', 'dryer', 'ev', 'washer', 'water_heater']",[],[]
household_s5_shared_roommates_irregular,household_s5_shared_roommates_irregular,no_dr,Germany,1,2025-06-19,d19_hist_d19_1,hist_d19_1,19,D:\Pycharm_project\PycharmProjects\EnergyBridge\experiments\real_data\germany_2025_price.csv,18.0,1.0,D:\Pycharm_project\PycharmProjects\EnergyBridge\benchmark_results\2026-07-21\_batch_logs\daily_event_configs\d19_hist_d19_1.json,skipped_done,0,0.0,D:\Pycharm_project\PycharmProjects\EnergyBridge\benchmark_results\2026-07-21\household_s5_shared_roommates_irregular_no_dr_germany_d19_hist_d19_1_2025-06-19_1day,D:\Pycharm_project\PycharmProjects\EnergyBridge\benchmark_results\2026-07-21\_batch_logs\daily_dr_memory_germany_1day\household_s5_shared_roommates_irregular_no_dr_germany_d19_hist_d19_1_2025-06-19_1day.log,D:\Pycharm_project\PycharmProjects\EnergyBridge\benchmark_results\2026-07-21\household_s5_shared_roommates_irregular_no_dr_germany_d19_hist_d19_1_2025-06-19_1day\run_summary.txt,0,70.279471,70.279471,12.813051,0.067212,EUR/kWh,D:\Pycharm_project\PycharmProjects\EnergyBridge\experiments\real_data\germany_2025_price.csv,10.6923,10.6923,1.0,1.0,,0.0,1.0,[],"['dishwasher', 'dryer', 'ev', 'washer', 'water_heater']",[]
household_s1_dual_commuter_standard,household_s1_dual_commuter_standard,mpc_dynamic,Tianjin,1,2025-06-19,d19_hist_d19_1,hist_d19_1,19,D:\Pycharm_project\PycharmProjects\EnergyBridge\experiments\real_data\tianjin_tou_price_normalized.csv,18.0,1.0,D:\Pycharm_project\PycharmProjects\EnergyBridge\benchmark_results\2026-07-21\_batch_logs\daily_event_configs\d19_hist_d19_1.json,skipped_done,0,0.0,D:\Pycharm_project\PycharmProjects\EnergyBridge\benchmark_results\2026-07-21\household_s1_dual_commuter_standard_mpc_dynamic_tianjin_d19_hist_d19_1_2025-06-19_1day,D:\Pycharm_project\PycharmProjects\EnergyBridge\benchmark_results\2026-07-21\_batch_logs\daily_dr_memory_tianjin_1day\household_s1_dual_commuter_standard_mpc_dynamic_tianjin_d19_hist_d19_1_2025-06-19_1day.log,D:\Pycharm_project\PycharmProjects\EnergyBridge\benchmark_results\2026-07-21\household_s1_dual_commuter_standard_mpc_dynamic_tianjin_d19_hist_d19_1_2025-06-19_1day\run_summary.txt,0,72.760951,72.760951,54.852058,1.186943,normalized TOU cost/kWh,D:\Pycharm_project\PycharmProjects\EnergyBridge\experiments\real_data\tianjin_tou_price_normalized.csv,0.6598,0.6598,1.0,1.0,2.692,1.0,1.0,"['dishwasher', 'dryer', 'ev', 'washer', 'water_heater']",[],[]
household_s1_dual_commuter_standard,household_s1_dual_commuter_standard,no_dr,Tianjin,1,2025-06-19,d19_hist_d19_1,hist_d19_1,19,D:\Pycharm_project\PycharmProjects\EnergyBridge\experiments\real_data\tianjin_tou_price_normalized.csv,18.0,1.0,D:\Pycharm_project\PycharmProjects\EnergyBridge\benchmark_results\2026-07-21\_batch_logs\daily_event_configs\d19_hist_d19_1.json,skipped_done,0,0.0,D:\Pycharm_project\PycharmProjects\EnergyBridge\benchmark_results\2026-07-21\household_s1_dual_commuter_standard_no_dr_tianjin_d19_hist_d19_1_2025-06-19_1day,D:\Pycharm_project\PycharmProjects\EnergyBridge\benchmark_results\2026-07-21\_batch_logs\daily_dr_memory_tianjin_1day\household_s1_dual_commuter_standard_no_dr_tianjin_d19_hist_d19_1_2025-06-19_1day.log,D:\Pycharm_project\PycharmProjects\EnergyBridge\benchmark_results\2026-07-21\household_s1_dual_commuter_standard_no_dr_tianjin_d19_hist_d19_1_2025-06-19_1day\run_summary.txt,0,79.448794,79.448794,77.166186,1.263015,normalized TOU cost/kWh,D:\Pycharm_project\PycharmProjects\EnergyBridge\experiments\real_data\tianjin_tou_price_normalized.csv,5.7892,5.7892,1.0,1.0,,0.0,1.0,[],"['dishwasher', 'dryer', 'ev', 'washer', 'water_heater']",[]
household_s2_multigeneration_caregiver,household_s2_multigeneration_caregiver,mpc_dynamic,Tianjin,1,2025-06-19,d19_hist_d19_1,hist_d19_1,19,D:\Pycharm_project\PycharmProjects\EnergyBridge\experiments\real_data\tianjin_tou_price_normalized.csv,18.0,1.0,D:\Pycharm_project\PycharmProjects\EnergyBridge\benchmark_results\2026-07-21\_batch_logs\daily_event_configs\d19_hist_d19_1.json,skipped_done,0,0.0,D:\Pycharm_project\PycharmProjects\EnergyBridge\benchmark_results\2026-07-21\household_s2_multigeneration_caregiver_mpc_dynamic_tianjin_d19_hist_d19_1_2025-06-19_1day,D:\Pycharm_project\PycharmProjects\EnergyBridge\benchmark_results\2026-07-21\_batch_logs\daily_dr_memory_tianjin_1day\household_s2_multigeneration_caregiver_mpc_dynamic_tianjin_d19_hist_d19_1_2025-06-19_1day.log,D:\Pycharm_project\PycharmProjects\EnergyBridge\benchmark_results\2026-07-21\household_s2_multigeneration_caregiver_mpc_dynamic_tianjin_d19_hist_d19_1_2025-06-19_1day\run_summary.txt,0,74.44155,74.44155,65.701259,1.25736,normalized TOU cost/kWh,D:\Pycharm_project\PycharmProjects\EnergyBridge\experiments\real_data\tianjin_tou_price_normalized.csv,2.9559,2.9559,0.0,0.0,2.55,1.0,1.0,"['dishwasher', 'dryer', 'ev', 'washer', 'water_heater']",[],[]
household_s2_multigeneration_caregiver,household_s2_multigeneration_caregiver,no_dr,Tianjin,1,2025-06-19,d19_hist_d19_1,hist_d19_1,19,D:\Pycharm_project\PycharmProjects\EnergyBridge\experiments\real_data\tianjin_tou_price_normalized.csv,18.0,1.0,D:\Pycharm_project\PycharmProjects\EnergyBridge\benchmark_results\2026-07-21\_batch_logs\daily_event_configs\d19_hist_d19_1.json,skipped_done,0,0.0,D:\Pycharm_project\PycharmProjects\EnergyBridge\benchmark_results\2026-07-21\household_s2_multigeneration_caregiver_no_dr_tianjin_d19_hist_d19_1_2025-06-19_1day,D:\Pycharm_project\PycharmProjects\EnergyBridge\benchmark_results\2026-07-21\_batch_logs\daily_dr_memory_tianjin_1day\household_s2_multigeneration_caregiver_no_dr_tianjin_d19_hist_d19_1_2025-06-19_1day.log,D:\Pycharm_project\PycharmProjects\EnergyBridge\benchmark_results\2026-07-21\household_s2_multigeneration_caregiver_no_dr_tianjin_d19_hist_d19_1_2025-06-19_1day\run_summary.txt,0,72.90491,72.90491,71.0421,1.279932,normalized TOU cost/kWh,D:\Pycharm_project\PycharmProjects\EnergyBridge\experiments\real_data\tianjin_tou_price_normalized.csv,5.846,5.846,1.0,1.0,,0.0,1.0,[],"['dishwasher', 'dryer', 'ev', 'washer', 'water_heater']",[]
household_s3_hybrid_work_from_home,household_s3_hybrid_work_from_home,mpc_dynamic,Tianjin,1,2025-06-19,d19_hist_d19_1,hist_d19_1,19,D:\Pycharm_project\PycharmProjects\EnergyBridge\experiments\real_data\tianjin_tou_price_normalized.csv,18.0,1.0,D:\Pycharm_project\PycharmProjects\EnergyBridge\benchmark_results\2026-07-21\_batch_logs\daily_event_configs\d19_hist_d19_1.json,skipped_done,0,0.0,D:\Pycharm_project\PycharmProjects\EnergyBridge\benchmark_results\2026-07-21\household_s3_hybrid_work_from_home_mpc_dynamic_tianjin_d19_hist_d19_1_2025-06-19_1day,D:\Pycharm_project\PycharmProjects\EnergyBridge\benchmark_results\2026-07-21\_batch_logs\daily_dr_memory_tianjin_1day\household_s3_hybrid_work_from_home_mpc_dynamic_tianjin_d19_hist_d19_1_2025-06-19_1day.log,D:\Pycharm_project\PycharmProjects\EnergyBridge\benchmark_results\2026-07-21\household_s3_hybrid_work_from_home_mpc_dynamic_tianjin_d19_hist_d19_1_2025-06-19_1day\run_summary.txt,0,76.063942,76.063942,62.863073,1.260287,normalized TOU cost/kWh,D:\Pycharm_project\PycharmProjects\EnergyBridge\experiments\real_data\tianjin_tou_price_normalized.csv,2.0237,2.0237,0.0,0.0,2.633,1.0,1.0,"['dishwasher', 'dryer', 'ev', 'washer', 'water_heater']",[],[]
household_s3_hybrid_work_from_home,household_s3_hybrid_work_from_home,no_dr,Tianjin,1,2025-06-19,d19_hist_d19_1,hist_d19_1,19,D:\Pycharm_project\PycharmProjects\EnergyBridge\experiments\real_data\tianjin_tou_price_normalized.csv,18.0,1.0,D:\Pycharm_project\PycharmProjects\EnergyBridge\benchmark_results\2026-07-21\_batch_logs\daily_event_configs\d19_hist_d19_1.json,skipped_done,0,0.0,D:\Pycharm_project\PycharmProjects\EnergyBridge\benchmark_results\2026-07-21\household_s3_hybrid_work_from_home_no_dr_tianjin_d19_hist_d19_1_2025-06-19_1day,D:\Pycharm_project\PycharmProjects\EnergyBridge\benchmark_results\2026-07-21\_batch_logs\daily_dr_memory_tianjin_1day\household_s3_hybrid_work_from_home_no_dr_tianjin_d19_hist_d19_1_2025-06-19_1day.log,D:\Pycharm_project\PycharmProjects\EnergyBridge\benchmark_results\2026-07-21\household_s3_hybrid_work_from_home_no_dr_tianjin_d19_hist_d19_1_2025-06-19_1day\run_summary.txt,0,75.700002,75.700002,73.551591,1.282566,normalized TOU cost/kWh,D:\Pycharm_project\PycharmProjects\EnergyBridge\experiments\real_data\tianjin_tou_price_normalized.csv,5.7897,5.7897,1.0,1.0,,0.0,0.8,[],"['dishwasher', 'dryer', 'ev', 'washer', 'water_heater']",[]
household_s4_ev_commuter_flexible,household_s4_ev_commuter_flexible,no_dr,Tianjin,1,2025-06-19,d19_hist_d19_1,hist_d19_1,19,D:\Pycharm_project\PycharmProjects\EnergyBridge\experiments\real_data\tianjin_tou_price_normalized.csv,18.0,1.0,D:\Pycharm_project\PycharmProjects\EnergyBridge\benchmark_results\2026-07-21\_batch_logs\daily_event_configs\d19_hist_d19_1.json,skipped_done,0,0.0,D:\Pycharm_project\PycharmProjects\EnergyBridge\benchmark_results\2026-07-21\household_s4_ev_commuter_flexible_no_dr_tianjin_d19_hist_d19_1_2025-06-19_1day,D:\Pycharm_project\PycharmProjects\EnergyBridge\benchmark_results\2026-07-21\_batch_logs\daily_dr_memory_tianjin_1day\household_s4_ev_commuter_flexible_no_dr_tianjin_d19_hist_d19_1_2025-06-19_1day.log,D:\Pycharm_project\PycharmProjects\EnergyBridge\benchmark_results\2026-07-21\household_s4_ev_commuter_flexible_no_dr_tianjin_d19_hist_d19_1_2025-06-19_1day\run_summary.txt,0,83.529954,83.529954,81.247346,1.246547,normalized TOU cost/kWh,D:\Pycharm_project\PycharmProjects\EnergyBridge\experiments\real_data\tianjin_tou_price_normalized.csv,5.7892,5.7892,1.0,1.0,,0.0,1.0,[],"['dishwasher', 'dryer', 'ev', 'washer', 'water_heater']",[]
household_s5_shared_roommates_irregular,household_s5_shared_roommates_irregular,mpc_dynamic,Tianjin,1,2025-06-19,d19_hist_d19_1,hist_d19_1,19,D:\Pycharm_project\PycharmProjects\EnergyBridge\experiments\real_data\tianjin_tou_price_normalized.csv,18.0,1.0,D:\Pycharm_project\PycharmProjects\EnergyBridge\benchmark_results\2026-07-21\_batch_logs\daily_event_configs\d19_hist_d19_1.json,skipped_done,0,0.0,D:\Pycharm_project\PycharmProjects\EnergyBridge\benchmark_results\2026-07-21\household_s5_shared_roommates_irregular_mpc_dynamic_tianjin_d19_hist_d19_1_2025-06-19_1day,D:\Pycharm_project\PycharmProjects\EnergyBridge\benchmark_results\2026-07-21\_batch_logs\daily_dr_memory_tianjin_1day\household_s5_shared_roommates_irregular_mpc_dynamic_tianjin_d19_hist_d19_1_2025-06-19_1day.log,D:\Pycharm_project\PycharmProjects\EnergyBridge\benchmark_results\2026-07-21\household_s5_shared_roommates_irregular_mpc_dynamic_tianjin_d19_hist_d19_1_2025-06-19_1day\run_summary.txt,0,74.730065,74.730065,52.026986,1.269458,normalized TOU cost/kWh,D:\Pycharm_project\PycharmProjects\EnergyBridge\experiments\real_data\tianjin_tou_price_normalized.csv,3.21,3.21,0.0,0.0,2.612,1.0,1.0,"['dishwasher', 'dryer', 'ev', 'washer', 'water_heater']",[],[]
household_s4_ev_commuter_flexible,household_s4_ev_commuter_flexible,mpc_dynamic,Tianjin,1,2025-06-19,d19_hist_d19_1,hist_d19_1,19,D:\Pycharm_project\PycharmProjects\EnergyBridge\experiments\real_data\tianjin_tou_price_normalized.csv,18.0,1.0,D:\Pycharm_project\PycharmProjects\EnergyBridge\benchmark_results\2026-07-21\_batch_logs\daily_event_configs\d19_hist_d19_1.json,skipped_done,0,0.0,D:\Pycharm_project\PycharmProjects\EnergyBridge\benchmark_results\2026-07-21\household_s4_ev_commuter_flexible_mpc_dynamic_tianjin_d19_hist_d19_1_2025-06-19_1day,D:\Pycharm_project\PycharmProjects\EnergyBridge\benchmark_results\2026-07-21\_batch_logs\daily_dr_memory_tianjin_1day\household_s4_ev_commuter_flexible_mpc_dynamic_tianjin_d19_hist_d19_1_2025-06-19_1day.log,D:\Pycharm_project\PycharmProjects\EnergyBridge\benchmark_results\2026-07-21\household_s4_ev_commuter_flexible_mpc_dynamic_tianjin_d19_hist_d19_1_2025-06-19_1day\run_summary.txt,0,82.790935,82.790935,60.148725,1.226411,normalized TOU cost/kWh,D:\Pycharm_project\PycharmProjects\EnergyBridge\experiments\real_data\tianjin_tou_price_normalized.csv,3.21,3.21,0.0,0.0,2.65,1.0,1.0,"['dishwasher', 'dryer', 'ev', 'washer', 'water_heater']",[],[]
household_s5_shared_roommates_irregular,household_s5_shared_roommates_irregular,no_dr,Tianjin,1,2025-06-19,d19_hist_d19_1,hist_d19_1,19,D:\Pycharm_project\PycharmProjects\EnergyBridge\experiments\real_data\tianjin_tou_price_normalized.csv,18.0,1.0,D:\Pycharm_project\PycharmProjects\EnergyBridge\benchmark_results\2026-07-21\_batch_logs\daily_event_configs\d19_hist_d19_1.json,skipped_done,0,0.0,D:\Pycharm_project\PycharmProjects\EnergyBridge\benchmark_results\2026-07-21\household_s5_shared_roommates_irregular_no_dr_tianjin_d19_hist_d19_1_2025-06-19_1day,D:\Pycharm_project\PycharmProjects\EnergyBridge\benchmark_results\2026-07-21\_batch_logs\daily_dr_memory_tianjin_1day\household_s5_shared_roommates_irregular_no_dr_tianjin_d19_hist_d19_1_2025-06-19_1day.log,D:\Pycharm_project\PycharmProjects\EnergyBridge\benchmark_results\2026-07-21\household_s5_shared_roommates_irregular_no_dr_tianjin_d19_hist_d19_1_2025-06-19_1day\run_summary.txt,0,75.367635,75.367635,73.085027,1.281842,normalized TOU cost/kWh,D:\Pycharm_project\PycharmProjects\EnergyBridge\experiments\real_data\tianjin_tou_price_normalized.csv,5.7892,5.7892,1.0,1.0,,0.0,1.0,[],"['dishwasher', 'dryer', 'ev', 'washer', 'water_heater']",[]
household_s1_dual_commuter_standard,household_s1_dual_commuter_standard,mpc_dynamic,Germany,1,2025-06-20,d20_hist_d20_1,hist_d20_1,20,D:\Pycharm_project\PycharmProjects\EnergyBridge\experiments\real_data\germany_2025_price.csv,18.0,1.0,D:\Pycharm_project\PycharmProjects\EnergyBridge\benchmark_results\2026-07-21\_batch_logs\daily_event_configs\d20_hist_d20_1.json,skipped_done,0,0.0,D:\Pycharm_project\PycharmProjects\EnergyBridge\benchmark_results\2026-07-21\household_s1_dual_commuter_standard_mpc_dynamic_germany_d20_hist_d20_1_2025-06-20_1day,D:\Pycharm_project\PycharmProjects\EnergyBridge\benchmark_results\2026-07-21\_batch_logs\daily_dr_memory_germany_1day\household_s1_dual_commuter_standard_mpc_dynamic_germany_d20_hist_d20_1_2025-06-20_1day.log,D:\Pycharm_project\PycharmProjects\EnergyBridge\benchmark_results\2026-07-21\household_s1_dual_commuter_standard_mpc_dynamic_germany_d20_hist_d20_1_2025-06-20_1day\run_summary.txt,0,66.816588,66.816588,17.611419,0.09368,EUR/kWh,D:\Pycharm_project\PycharmProjects\EnergyBridge\experiments\real_data\germany_2025_price.csv,7.7847,7.7847,0.0,0.0,2.623,1.0,1.0,"['dishwasher', 'dryer', 'ev', 'washer', 'water_heater']",[],[]
household_s2_multigeneration_caregiver,household_s2_multigeneration_caregiver,mpc_dynamic,Germany,1,2025-06-20,d20_hist_d20_1,hist_d20_1,20,D:\Pycharm_project\PycharmProjects\EnergyBridge\experiments\real_data\germany_2025_price.csv,18.0,1.0,D:\Pycharm_project\PycharmProjects\EnergyBridge\benchmark_results\2026-07-21\_batch_logs\daily_event_configs\d20_hist_d20_1.json,skipped_done,0,0.0,D:\Pycharm_project\PycharmProjects\EnergyBridge\benchmark_results\2026-07-21\household_s2_multigeneration_caregiver_mpc_dynamic_germany_d20_hist_d20_1_2025-06-20_1day,D:\Pycharm_project\PycharmProjects\EnergyBridge\benchmark_results\2026-07-21\_batch_logs\daily_dr_memory_germany_1day\household_s2_multigeneration_caregiver_mpc_dynamic_germany_d20_hist_d20_1_2025-06-20_1day.log,D:\Pycharm_project\PycharmProjects\EnergyBridge\benchmark_results\2026-07-21\household_s2_multigeneration_caregiver_mpc_dynamic_germany_d20_hist_d20_1_2025-06-20_1day\run_summary.txt,0,54.731627,54.731627,16.995587,0.092502,EUR/kWh,D:\Pycharm_project\PycharmProjects\EnergyBridge\experiments\real_data\germany_2025_price.csv,7.7225,7.7225,0.0,0.0,2.55,1.0,1.0,"['dishwasher', 'dryer', 'ev', 'washer', 'water_heater']",[],[]
household_s3_hybrid_work_from_home,household_s3_hybrid_work_from_home,mpc_dynamic,Germany,1,2025-06-20,d20_hist_d20_1,hist_d20_1,20,D:\Pycharm_project\PycharmProjects\EnergyBridge\experiments\real_data\germany_2025_price.csv,18.0,1.0,D:\Pycharm_project\PycharmProjects\EnergyBridge\benchmark_results\2026-07-21\_batch_logs\daily_event_configs\d20_hist_d20_1.json,skipped_done,0,0.0,D:\Pycharm_project\PycharmProjects\EnergyBridge\benchmark_results\2026-07-21\household_s3_hybrid_work_from_home_mpc_dynamic_germany_d20_hist_d20_1_2025-06-20_1day,D:\Pycharm_project\PycharmProjects\EnergyBridge\benchmark_results\2026-07-21\_batch_logs\daily_dr_memory_germany_1day\household_s3_hybrid_work_from_home_mpc_dynamic_germany_d20_hist_d20_1_2025-06-20_1day.log,D:\Pycharm_project\PycharmProjects\EnergyBridge\benchmark_results\2026-07-21\household_s3_hybrid_work_from_home_mpc_dynamic_germany_d20_hist_d20_1_2025-06-20_1day\run_summary.txt,0,58.201832,58.201832,17.290651,0.092895,EUR/kWh,D:\Pycharm_project\PycharmProjects\EnergyBridge\experiments\real_data\germany_2025_price.csv,7.5046,7.5046,0.0,0.0,2.633,1.0,1.0,"['dishwasher', 'dryer', 'ev', 'washer', 'water_heater']",[],[]
household_s2_multigeneration_caregiver,household_s2_multigeneration_caregiver,no_dr,Germany,1,2025-06-20,d20_hist_d20_1,hist_d20_1,20,D:\Pycharm_project\PycharmProjects\EnergyBridge\experiments\real_data\germany_2025_price.csv,18.0,1.0,D:\Pycharm_project\PycharmProjects\EnergyBridge\benchmark_results\2026-07-21\_batch_logs\daily_event_configs\d20_hist_d20_1.json,skipped_done,0,0.0,D:\Pycharm_project\PycharmProjects\EnergyBridge\benchmark_results\2026-07-21\household_s2_multigeneration_caregiver_no_dr_germany_d20_hist_d20_1_2025-06-20_1day,D:\Pycharm_project\PycharmProjects\EnergyBridge\benchmark_results\2026-07-21\_batch_logs\daily_dr_memory_germany_1day\household_s2_multigeneration_caregiver_no_dr_germany_d20_hist_d20_1_2025-06-20_1day.log,D:\Pycharm_project\PycharmProjects\EnergyBridge\benchmark_results\2026-07-21\household_s2_multigeneration_caregiver_no_dr_germany_d20_hist_d20_1_2025-06-20_1day\run_summary.txt,0,53.163153,53.163153,18.074525,0.097219,EUR/kWh,D:\Pycharm_project\PycharmProjects\EnergyBridge\experiments\real_data\germany_2025_price.csv,10.6619,10.6619,1.0,1.0,,0.0,1.0,[],"['dishwasher', 'dryer', 'ev', 'washer', 'water_heater']",[]
household_s3_hybrid_work_from_home,household_s3_hybrid_work_from_home,no_dr,Germany,1,2025-06-20,d20_hist_d20_1,hist_d20_1,20,D:\Pycharm_project\PycharmProjects\EnergyBridge\experiments\real_data\germany_2025_price.csv,18.0,1.0,D:\Pycharm_project\PycharmProjects\EnergyBridge\benchmark_results\2026-07-21\_batch_logs\daily_event_configs\d20_hist_d20_1.json,skipped_done,0,0.0,D:\Pycharm_project\PycharmProjects\EnergyBridge\benchmark_results\2026-07-21\household_s3_hybrid_work_from_home_no_dr_germany_d20_hist_d20_1_2025-06-20_1day,D:\Pycharm_project\PycharmProjects\EnergyBridge\benchmark_results\2026-07-21\_batch_logs\daily_dr_memory_germany_1day\household_s3_hybrid_work_from_home_no_dr_germany_d20_hist_d20_1_2025-06-20_1day.log,D:\Pycharm_project\PycharmProjects\EnergyBridge\benchmark_results\2026-07-21\household_s3_hybrid_work_from_home_no_dr_germany_d20_hist_d20_1_2025-06-20_1day\run_summary.txt,0,57.800206,57.800206,18.639611,0.097712,EUR/kWh,D:\Pycharm_project\PycharmProjects\EnergyBridge\experiments\real_data\germany_2025_price.csv,10.6316,10.6316,1.0,1.0,,0.0,0.8,[],"['dishwasher', 'dryer', 'ev', 'washer', 'water_heater']",[]
household_s1_dual_commuter_standard,household_s1_dual_commuter_standard,no_dr,Germany,1,2025-06-20,d20_hist_d20_1,hist_d20_1,20,D:\Pycharm_project\PycharmProjects\EnergyBridge\experiments\real_data\germany_2025_price.csv,18.0,1.0,D:\Pycharm_project\PycharmProjects\EnergyBridge\benchmark_results\2026-07-21\_batch_logs\daily_event_configs\d20_hist_d20_1.json,skipped_done,0,0.0,D:\Pycharm_project\PycharmProjects\EnergyBridge\benchmark_results\2026-07-21\household_s1_dual_commuter_standard_no_dr_germany_d20_hist_d20_1_2025-06-20_1day,D:\Pycharm_project\PycharmProjects\EnergyBridge\benchmark_results\2026-07-21\_batch_logs\daily_dr_memory_germany_1day\household_s1_dual_commuter_standard_no_dr_germany_d20_hist_d20_1_2025-06-20_1day.log,D:\Pycharm_project\PycharmProjects\EnergyBridge\benchmark_results\2026-07-21\household_s1_dual_commuter_standard_no_dr_germany_d20_hist_d20_1_2025-06-20_1day\run_summary.txt,0,60.577755,60.577755,18.956706,0.097788,EUR/kWh,D:\Pycharm_project\PycharmProjects\EnergyBridge\experiments\real_data\germany_2025_price.csv,10.6222,10.6222,1.0,1.0,,0.0,1.0,[],"['dishwasher', 'dryer', 'ev', 'washer', 'water_heater']",[]
household_s4_ev_commuter_flexible,household_s4_ev_commuter_flexible,mpc_dynamic,Germany,1,2025-06-20,d20_hist_d20_1,hist_d20_1,20,D:\Pycharm_project\PycharmProjects\EnergyBridge\experiments\real_data\germany_2025_price.csv,18.0,1.0,D:\Pycharm_project\PycharmProjects\EnergyBridge\benchmark_results\2026-07-21\_batch_logs\daily_event_configs\d20_hist_d20_1.json,skipped_done,0,0.0,D:\Pycharm_project\PycharmProjects\EnergyBridge\benchmark_results\2026-07-21\household_s4_ev_commuter_flexible_mpc_dynamic_germany_d20_hist_d20_1_2025-06-20_1day,D:\Pycharm_project\PycharmProjects\EnergyBridge\benchmark_results\2026-07-21\_batch_logs\daily_dr_memory_germany_1day\household_s4_ev_commuter_flexible_mpc_dynamic_germany_d20_hist_d20_1_2025-06-20_1day.log,D:\Pycharm_project\PycharmProjects\EnergyBridge\benchmark_results\2026-07-21\household_s4_ev_commuter_flexible_mpc_dynamic_germany_d20_hist_d20_1_2025-06-20_1day\run_summary.txt,0,71.584704,71.584704,18.021951,0.094062,EUR/kWh,D:\Pycharm_project\PycharmProjects\EnergyBridge\experiments\real_data\germany_2025_price.csv,7.7847,7.7847,0.0,0.0,2.65,1.0,1.0,"['dishwasher', 'dryer', 'ev', 'washer', 'water_heater']",[],[]
household_s5_shared_roommates_irregular,household_s5_shared_roommates_irregular,mpc_dynamic,Germany,1,2025-06-20,d20_hist_d20_1,hist_d20_1,20,D:\Pycharm_project\PycharmProjects\EnergyBridge\experiments\real_data\germany_2025_price.csv,18.0,1.0,D:\Pycharm_project\PycharmProjects\EnergyBridge\benchmark_results\2026-07-21\_batch_logs\daily_event_configs\d20_hist_d20_1.json,skipped_done,0,0.0,D:\Pycharm_project\PycharmProjects\EnergyBridge\benchmark_results\2026-07-21\household_s5_shared_roommates_irregular_mpc_dynamic_germany_d20_hist_d20_1_2025-06-20_1day,D:\Pycharm_project\PycharmProjects\EnergyBridge\benchmark_results\2026-07-21\_batch_logs\daily_dr_memory_germany_1day\household_s5_shared_roommates_irregular_mpc_dynamic_germany_d20_hist_d20_1_2025-06-20_1day.log,D:\Pycharm_project\PycharmProjects\EnergyBridge\benchmark_results\2026-07-21\household_s5_shared_roommates_irregular_mpc_dynamic_germany_d20_hist_d20_1_2025-06-20_1day\run_summary.txt,0,62.735428,62.735428,17.114602,0.093057,EUR/kWh,D:\Pycharm_project\PycharmProjects\EnergyBridge\experiments\real_data\germany_2025_price.csv,7.7847,7.7847,0.0,0.0,2.612,1.0,1.0,"['dishwasher', 'dryer', 'ev', 'washer', 'water_heater']",[],[]
household_s4_ev_commuter_flexible,household_s4_ev_commuter_flexible,no_dr,Germany,1,2025-06-20,d20_hist_d20_1,hist_d20_1,20,D:\Pycharm_project\PycharmProjects\EnergyBridge\experiments\real_data\germany_2025_price.csv,18.0,1.0,D:\Pycharm_project\PycharmProjects\EnergyBridge\benchmark_results\2026-07-21\_batch_logs\daily_event_configs\d20_hist_d20_1.json,skipped_done,0,0.0,D:\Pycharm_project\PycharmProjects\EnergyBridge\benchmark_results\2026-07-21\household_s4_ev_commuter_flexible_no_dr_germany_d20_hist_d20_1_2025-06-20_1day,D:\Pycharm_project\PycharmProjects\EnergyBridge\benchmark_results\2026-07-21\_batch_logs\daily_dr_memory_germany_1day\household_s4_ev_commuter_flexible_no_dr_germany_d20_hist_d20_1_2025-06-20_1day.log,D:\Pycharm_project\PycharmProjects\EnergyBridge\benchmark_results\2026-07-21\household_s4_ev_commuter_flexible_no_dr_germany_d20_hist_d20_1_2025-06-20_1day\run_summary.txt,0,64.658914,64.658914,19.409195,0.098058,EUR/kWh,D:\Pycharm_project\PycharmProjects\EnergyBridge\experiments\real_data\germany_2025_price.csv,10.6222,10.6222,1.0,1.0,,0.0,1.0,[],"['dishwasher', 'dryer', 'ev', 'washer', 'water_heater']",[]
household_s1_dual_commuter_standard,household_s1_dual_commuter_standard,mpc_dynamic,Tianjin,1,2025-06-20,d20_hist_d20_1,hist_d20_1,20,D:\Pycharm_project\PycharmProjects\EnergyBridge\experiments\real_data\tianjin_tou_price_normalized.csv,18.0,1.0,D:\Pycharm_project\PycharmProjects\EnergyBridge\benchmark_results\2026-07-21\_batch_logs\daily_event_configs\d20_hist_d20_1.json,skipped_done,0,0.0,D:\Pycharm_project\PycharmProjects\EnergyBridge\benchmark_results\2026-07-21\household_s1_dual_commuter_standard_mpc_dynamic_tianjin_d20_hist_d20_1_2025-06-20_1day,D:\Pycharm_project\PycharmProjects\EnergyBridge\benchmark_results\2026-07-21\_batch_logs\daily_dr_memory_tianjin_1day\household_s1_dual_commuter_standard_mpc_dynamic_tianjin_d20_hist_d20_1_2025-06-20_1day.log,D:\Pycharm_project\PycharmProjects\EnergyBridge\benchmark_results\2026-07-21\household_s1_dual_commuter_standard_mpc_dynamic_tianjin_d20_hist_d20_1_2025-06-20_1day\run_summary.txt,0,95.520827,95.520827,71.55827,1.10836,normalized TOU cost/kWh,D:\Pycharm_project\PycharmProjects\EnergyBridge\experiments\real_data\tianjin_tou_price_normalized.csv,3.4912,3.4912,0.0,0.0,2.612,1.0,1.0,"['dishwasher', 'dryer', 'ev', 'washer', 'water_heater']",[],[]
household_s5_shared_roommates_irregular,household_s5_shared_roommates_irregular,no_dr,Germany,1,2025-06-20,d20_hist_d20_1,hist_d20_1,20,D:\Pycharm_project\PycharmProjects\EnergyBridge\experiments\real_data\germany_2025_price.csv,18.0,1.0,D:\Pycharm_project\PycharmProjects\EnergyBridge\benchmark_results\2026-07-21\_batch_logs\daily_event_configs\d20_hist_d20_1.json,skipped_done,0,0.0,D:\Pycharm_project\PycharmProjects\EnergyBridge\benchmark_results\2026-07-21\household_s5_shared_roommates_irregular_no_dr_germany_d20_hist_d20_1_2025-06-20_1day,D:\Pycharm_project\PycharmProjects\EnergyBridge\benchmark_results\2026-07-21\_batch_logs\daily_dr_memory_germany_1day\household_s5_shared_roommates_irregular_no_dr_germany_d20_hist_d20_1_2025-06-20_1day.log,D:\Pycharm_project\PycharmProjects\EnergyBridge\benchmark_results\2026-07-21\household_s5_shared_roommates_irregular_no_dr_germany_d20_hist_d20_1_2025-06-20_1day\run_summary.txt,0,57.561813,57.561813,18.64707,0.097659,EUR/kWh,D:\Pycharm_project\PycharmProjects\EnergyBridge\experiments\real_data\germany_2025_price.csv,10.6222,10.6222,1.0,1.0,,0.0,1.0,[],"['dishwasher', 'dryer', 'ev', 'washer', 'water_heater']",[]
household_s1_dual_commuter_standard,household_s1_dual_commuter_standard,no_dr,Tianjin,1,2025-06-20,d20_hist_d20_1,hist_d20_1,20,D:\Pycharm_project\PycharmProjects\EnergyBridge\experiments\real_data\tianjin_tou_price_normalized.csv,18.0,1.0,D:\Pycharm_project\PycharmProjects\EnergyBridge\benchmark_results\2026-07-21\_batch_logs\daily_event_configs\d20_hist_d20_1.json,skipped_done,0,0.0,D:\Pycharm_project\PycharmProjects\EnergyBridge\benchmark_results\2026-07-21\household_s1_dual_commuter_standard_no_dr_tianjin_d20_hist_d20_1_2025-06-20_1day,D:\Pycharm_project\PycharmProjects\EnergyBridge\benchmark_results\2026-07-21\_batch_logs\daily_dr_memory_tianjin_1day\household_s1_dual_commuter_standard_no_dr_tianjin_d20_hist_d20_1_2025-06-20_1day.log,D:\Pycharm_project\PycharmProjects\EnergyBridge\benchmark_results\2026-07-21\household_s1_dual_commuter_standard_no_dr_tianjin_d20_hist_d20_1_2025-06-20_1day\run_summary.txt,0,95.029033,95.029033,80.751674,1.144806,normalized TOU cost/kWh,D:\Pycharm_project\PycharmProjects\EnergyBridge\experiments\real_data\tianjin_tou_price_normalized.csv,6.6353,6.6353,1.0,1.0,,0.0,1.0,[],"['dishwasher', 'dryer', 'ev', 'washer', 'water_heater']",[]
household_s2_multigeneration_caregiver,household_s2_multigeneration_caregiver,mpc_dynamic,Tianjin,1,2025-06-20,d20_hist_d20_1,hist_d20_1,20,D:\Pycharm_project\PycharmProjects\EnergyBridge\experiments\real_data\tianjin_tou_price_normalized.csv,18.0,1.0,D:\Pycharm_project\PycharmProjects\EnergyBridge\benchmark_results\2026-07-21\_batch_logs\daily_event_configs\d20_hist_d20_1.json,skipped_done,0,0.0,D:\Pycharm_project\PycharmProjects\EnergyBridge\benchmark_results\2026-07-21\household_s2_multigeneration_caregiver_mpc_dynamic_tianjin_d20_hist_d20_1_2025-06-20_1day,D:\Pycharm_project\PycharmProjects\EnergyBridge\benchmark_results\2026-07-21\_batch_logs\daily_dr_memory_tianjin_1day\household_s2_multigeneration_caregiver_mpc_dynamic_tianjin_d20_hist_d20_1_2025-06-20_1day.log,D:\Pycharm_project\PycharmProjects\EnergyBridge\benchmark_results\2026-07-21\household_s2_multigeneration_caregiver_mpc_dynamic_tianjin_d20_hist_d20_1_2025-06-20_1day\run_summary.txt,0,93.200402,93.200402,69.110089,1.122256,normalized TOU cost/kWh,D:\Pycharm_project\PycharmProjects\EnergyBridge\experiments\real_data\tianjin_tou_price_normalized.csv,3.5525,3.5525,0.0,0.0,2.55,1.0,1.0,"['dishwasher', 'dryer', 'ev', 'washer', 'water_heater']",[],[]
household_s2_multigeneration_caregiver,household_s2_multigeneration_caregiver,no_dr,Tianjin,1,2025-06-20,d20_hist_d20_1,hist_d20_1,20,D:\Pycharm_project\PycharmProjects\EnergyBridge\experiments\real_data\tianjin_tou_price_normalized.csv,18.0,1.0,D:\Pycharm_project\PycharmProjects\EnergyBridge\benchmark_results\2026-07-21\_batch_logs\daily_event_configs\d20_hist_d20_1.json,skipped_done,0,0.0,D:\Pycharm_project\PycharmProjects\EnergyBridge\benchmark_results\2026-07-21\household_s2_multigeneration_caregiver_no_dr_tianjin_d20_hist_d20_1_2025-06-20_1day,D:\Pycharm_project\PycharmProjects\EnergyBridge\benchmark_results\2026-07-21\_batch_logs\daily_dr_memory_tianjin_1day\household_s2_multigeneration_caregiver_no_dr_tianjin_d20_hist_d20_1_2025-06-20_1day.log,D:\Pycharm_project\PycharmProjects\EnergyBridge\benchmark_results\2026-07-21\household_s2_multigeneration_caregiver_no_dr_tianjin_d20_hist_d20_1_2025-06-20_1day\run_summary.txt,0,89.535149,89.535149,72.024839,1.169023,normalized TOU cost/kWh,D:\Pycharm_project\PycharmProjects\EnergyBridge\experiments\real_data\tianjin_tou_price_normalized.csv,6.7044,6.7044,1.0,1.0,,0.0,1.0,[],"['dishwasher', 'dryer', 'ev', 'washer', 'water_heater']",[]
household_s3_hybrid_work_from_home,household_s3_hybrid_work_from_home,no_dr,Tianjin,1,2025-06-20,d20_hist_d20_1,hist_d20_1,20,D:\Pycharm_project\PycharmProjects\EnergyBridge\experiments\real_data\tianjin_tou_price_normalized.csv,18.0,1.0,D:\Pycharm_project\PycharmProjects\EnergyBridge\benchmark_results\2026-07-21\_batch_logs\daily_event_configs\d20_hist_d20_1.json,skipped_done,0,0.0,D:\Pycharm_project\PycharmProjects\EnergyBridge\benchmark_results\2026-07-21\household_s3_hybrid_work_from_home_no_dr_tianjin_d20_hist_d20_1_2025-06-20_1day,D:\Pycharm_project\PycharmProjects\EnergyBridge\benchmark_results\2026-07-21\_batch_logs\daily_dr_memory_tianjin_1day\household_s3_hybrid_work_from_home_no_dr_tianjin_d20_hist_d20_1_2025-06-20_1day.log,D:\Pycharm_project\PycharmProjects\EnergyBridge\benchmark_results\2026-07-21\household_s3_hybrid_work_from_home_no_dr_tianjin_d20_hist_d20_1_2025-06-20_1day\run_summary.txt,0,91.299936,91.299936,77.167899,1.155058,normalized TOU cost/kWh,D:\Pycharm_project\PycharmProjects\EnergyBridge\experiments\real_data\tianjin_tou_price_normalized.csv,6.6348,6.6348,1.0,1.0,,0.0,0.8,[],"['dishwasher', 'dryer', 'ev', 'washer', 'water_heater']",[]
household_s3_hybrid_work_from_home,household_s3_hybrid_work_from_home,mpc_dynamic,Tianjin,1,2025-06-20,d20_hist_d20_1,hist_d20_1,20,D:\Pycharm_project\PycharmProjects\EnergyBridge\experiments\real_data\tianjin_tou_price_normalized.csv,18.0,1.0,D:\Pycharm_project\PycharmProjects\EnergyBridge\benchmark_results\2026-07-21\_batch_logs\daily_event_configs\d20_hist_d20_1.json,skipped_done,0,0.0,D:\Pycharm_project\PycharmProjects\EnergyBridge\benchmark_results\2026-07-21\household_s3_hybrid_work_from_home_mpc_dynamic_tianjin_d20_hist_d20_1_2025-06-20_1day,D:\Pycharm_project\PycharmProjects\EnergyBridge\benchmark_results\2026-07-21\_batch_logs\daily_dr_memory_tianjin_1day\household_s3_hybrid_work_from_home_mpc_dynamic_tianjin_d20_hist_d20_1_2025-06-20_1day.log,D:\Pycharm_project\PycharmProjects\EnergyBridge\benchmark_results\2026-07-21\household_s3_hybrid_work_from_home_mpc_dynamic_tianjin_d20_hist_d20_1_2025-06-20_1day\run_summary.txt,0,93.588368,93.588368,68.459847,1.11476,normalized TOU cost/kWh,D:\Pycharm_project\PycharmProjects\EnergyBridge\experiments\real_data\tianjin_tou_price_normalized.csv,2.8931,2.8931,0.0,0.0,2.633,1.0,1.0,"['dishwasher', 'dryer', 'ev', 'washer', 'water_heater']",[],[]
household_s4_ev_commuter_flexible,household_s4_ev_commuter_flexible,no_dr,Tianjin,1,2025-06-20,d20_hist_d20_1,hist_d20_1,20,D:\Pycharm_project\PycharmProjects\EnergyBridge\experiments\real_data\tianjin_tou_price_normalized.csv,18.0,1.0,D:\Pycharm_project\PycharmProjects\EnergyBridge\benchmark_results\2026-07-21\_batch_logs\daily_event_configs\d20_hist_d20_1.json,skipped_done,0,0.0,D:\Pycharm_project\PycharmProjects\EnergyBridge\benchmark_results\2026-07-21\household_s4_ev_commuter_flexible_no_dr_tianjin_d20_hist_d20_1_2025-06-20_1day,D:\Pycharm_project\PycharmProjects\EnergyBridge\benchmark_results\2026-07-21\_batch_logs\daily_dr_memory_tianjin_1day\household_s4_ev_commuter_flexible_no_dr_tianjin_d20_hist_d20_1_2025-06-20_1day.log,D:\Pycharm_project\PycharmProjects\EnergyBridge\benchmark_results\2026-07-21\household_s4_ev_commuter_flexible_no_dr_tianjin_d20_hist_d20_1_2025-06-20_1day\run_summary.txt,0,99.110192,99.110192,84.832833,1.136886,normalized TOU cost/kWh,D:\Pycharm_project\PycharmProjects\EnergyBridge\experiments\real_data\tianjin_tou_price_normalized.csv,6.6353,6.6353,1.0,1.0,,0.0,1.0,[],"['dishwasher', 'dryer', 'ev', 'washer', 'water_heater']",[]
household_s4_ev_commuter_flexible,household_s4_ev_commuter_flexible,mpc_dynamic,Tianjin,1,2025-06-20,d20_hist_d20_1,hist_d20_1,20,D:\Pycharm_project\PycharmProjects\EnergyBridge\experiments\real_data\tianjin_tou_price_normalized.csv,18.0,1.0,D:\Pycharm_project\PycharmProjects\EnergyBridge\benchmark_results\2026-07-21\_batch_logs\daily_event_configs\d20_hist_d20_1.json,skipped_done,0,0.0,D:\Pycharm_project\PycharmProjects\EnergyBridge\benchmark_results\2026-07-21\household_s4_ev_commuter_flexible_mpc_dynamic_tianjin_d20_hist_d20_1_2025-06-20_1day,D:\Pycharm_project\PycharmProjects\EnergyBridge\benchmark_results\2026-07-21\_batch_logs\daily_dr_memory_tianjin_1day\household_s4_ev_commuter_flexible_mpc_dynamic_tianjin_d20_hist_d20_1_2025-06-20_1day.log,D:\Pycharm_project\PycharmProjects\EnergyBridge\benchmark_results\2026-07-21\household_s4_ev_commuter_flexible_mpc_dynamic_tianjin_d20_hist_d20_1_2025-06-20_1day\run_summary.txt,0,97.53229,97.53229,71.82597,1.087837,normalized TOU cost/kWh,D:\Pycharm_project\PycharmProjects\EnergyBridge\experiments\real_data\tianjin_tou_price_normalized.csv,3.5693,3.5693,0.0,0.0,2.65,1.0,1.0,"['dishwasher', 'dryer', 'ev', 'washer', 'water_heater']",[],[]
household_s5_shared_roommates_irregular,household_s5_shared_roommates_irregular,mpc_dynamic,Tianjin,1,2025-06-20,d20_hist_d20_1,hist_d20_1,20,D:\Pycharm_project\PycharmProjects\EnergyBridge\experiments\real_data\tianjin_tou_price_normalized.csv,18.0,1.0,D:\Pycharm_project\PycharmProjects\EnergyBridge\benchmark_results\2026-07-21\_batch_logs\daily_event_configs\d20_hist_d20_1.json,skipped_done,0,0.0,D:\Pycharm_project\PycharmProjects\EnergyBridge\benchmark_results\2026-07-21\household_s5_shared_roommates_irregular_mpc_dynamic_tianjin_d20_hist_d20_1_2025-06-20_1day,D:\Pycharm_project\PycharmProjects\EnergyBridge\benchmark_results\2026-07-21\_batch_logs\daily_dr_memory_tianjin_1day\household_s5_shared_roommates_irregular_mpc_dynamic_tianjin_d20_hist_d20_1_2025-06-20_1day.log,D:\Pycharm_project\PycharmProjects\EnergyBridge\benchmark_results\2026-07-21\household_s5_shared_roommates_irregular_mpc_dynamic_tianjin_d20_hist_d20_1_2025-06-20_1day\run_summary.txt,0,89.369971,89.369971,63.663651,1.100227,normalized TOU cost/kWh,D:\Pycharm_project\PycharmProjects\EnergyBridge\experiments\real_data\tianjin_tou_price_normalized.csv,3.5693,3.5693,0.0,0.0,2.612,1.0,1.0,"['dishwasher', 'dryer', 'ev', 'washer', 'water_heater']",[],[]
household_s5_shared_roommates_irregular,household_s5_shared_roommates_irregular,no_dr,Tianjin,1,2025-06-20,d20_hist_d20_1,hist_d20_1,20,D:\Pycharm_project\PycharmProjects\EnergyBridge\experiments\real_data\tianjin_tou_price_normalized.csv,18.0,1.0,D:\Pycharm_project\PycharmProjects\EnergyBridge\benchmark_results\2026-07-21\_batch_logs\daily_event_configs\d20_hist_d20_1.json,skipped_done,0,0.0,D:\Pycharm_project\PycharmProjects\EnergyBridge\benchmark_results\2026-07-21\household_s5_shared_roommates_irregular_no_dr_tianjin_d20_hist_d20_1_2025-06-20_1day,D:\Pycharm_project\PycharmProjects\EnergyBridge\benchmark_results\2026-07-21\_batch_logs\daily_dr_memory_tianjin_1day\household_s5_shared_roommates_irregular_no_dr_tianjin_d20_hist_d20_1_2025-06-20_1day.log,D:\Pycharm_project\PycharmProjects\EnergyBridge\benchmark_results\2026-07-21\household_s5_shared_roommates_irregular_no_dr_tianjin_d20_hist_d20_1_2025-06-20_1day\run_summary.txt,0,90.947873,90.947873,76.670514,1.153699,normalized TOU cost/kWh,D:\Pycharm_project\PycharmProjects\EnergyBridge\experiments\real_data\tianjin_tou_price_normalized.csv,6.6353,6.6353,1.0,1.0,,0.0,1.0,[],"['dishwasher', 'dryer', 'ev', 'washer', 'water_heater']",[]
household_s1_dual_commuter_standard,household_s1_dual_commuter_standard,mpc_dynamic,Germany,1,2025-06-21,d21_hist_d21_1,hist_d21_1,21,D:\Pycharm_project\PycharmProjects\EnergyBridge\experiments\real_data\germany_2025_price.csv,18.0,1.0,D:\Pycharm_project\PycharmProjects\EnergyBridge\benchmark_results\2026-07-21\_batch_logs\daily_event_configs\d21_hist_d21_1.json,skipped_done,0,0.0,D:\Pycharm_project\PycharmProjects\EnergyBridge\benchmark_results\2026-07-21\household_s1_dual_commuter_standard_mpc_dynamic_germany_d21_hist_d21_1_2025-06-21_1day,D:\Pycharm_project\PycharmProjects\EnergyBridge\benchmark_results\2026-07-21\_batch_logs\daily_dr_memory_germany_1day\household_s1_dual_commuter_standard_mpc_dynamic_germany_d21_hist_d21_1_2025-06-21_1day.log,D:\Pycharm_project\PycharmProjects\EnergyBridge\benchmark_results\2026-07-21\household_s1_dual_commuter_standard_mpc_dynamic_germany_d21_hist_d21_1_2025-06-21_1day\run_summary.txt,0,75.070702,75.070702,13.743077,0.077567,EUR/kWh,D:\Pycharm_project\PycharmProjects\EnergyBridge\experiments\real_data\germany_2025_price.csv,7.8189,7.8189,0.0,0.0,2.612,1.0,1.0,"['dishwasher', 'dryer', 'ev', 'washer', 'water_heater']",[],[]
household_s1_dual_commuter_standard,household_s1_dual_commuter_standard,no_dr,Germany,1,2025-06-21,d21_hist_d21_1,hist_d21_1,21,D:\Pycharm_project\PycharmProjects\EnergyBridge\experiments\real_data\germany_2025_price.csv,18.0,1.0,D:\Pycharm_project\PycharmProjects\EnergyBridge\benchmark_results\2026-07-21\_batch_logs\daily_event_configs\d21_hist_d21_1.json,skipped_done,0,0.0,D:\Pycharm_project\PycharmProjects\EnergyBridge\benchmark_results\2026-07-21\household_s1_dual_commuter_standard_no_dr_germany_d21_hist_d21_1_2025-06-21_1day,D:\Pycharm_project\PycharmProjects\EnergyBridge\benchmark_results\2026-07-21\_batch_logs\daily_dr_memory_germany_1day\household_s1_dual_commuter_standard_no_dr_germany_d21_hist_d21_1_2025-06-21_1day.log,D:\Pycharm_project\PycharmProjects\EnergyBridge\benchmark_results\2026-07-21\household_s1_dual_commuter_standard_no_dr_germany_d21_hist_d21_1_2025-06-21_1day\run_summary.txt,0,69.312416,69.312416,14.95492,0.081048,EUR/kWh,D:\Pycharm_project\PycharmProjects\EnergyBridge\experiments\real_data\germany_2025_price.csv,10.843,10.843,1.0,1.0,,0.0,1.0,[],"['dishwasher', 'dryer', 'ev', 'washer', 'water_heater']",[]
household_s3_hybrid_work_from_home,household_s3_hybrid_work_from_home,mpc_dynamic,Germany,1,2025-06-21,d21_hist_d21_1,hist_d21_1,21,D:\Pycharm_project\PycharmProjects\EnergyBridge\experiments\real_data\germany_2025_price.csv,18.0,1.0,D:\Pycharm_project\PycharmProjects\EnergyBridge\benchmark_results\2026-07-21\_batch_logs\daily_event_configs\d21_hist_d21_1.json,skipped_done,0,0.0,D:\Pycharm_project\PycharmProjects\EnergyBridge\benchmark_results\2026-07-21\household_s3_hybrid_work_from_home_mpc_dynamic_germany_d21_hist_d21_1_2025-06-21_1day,D:\Pycharm_project\PycharmProjects\EnergyBridge\benchmark_results\2026-07-21\_batch_logs\daily_dr_memory_germany_1day\household_s3_hybrid_work_from_home_mpc_dynamic_germany_d21_hist_d21_1_2025-06-21_1day.log,D:\Pycharm_project\PycharmProjects\EnergyBridge\benchmark_results\2026-07-21\household_s3_hybrid_work_from_home_mpc_dynamic_germany_d21_hist_d21_1_2025-06-21_1day\run_summary.txt,0,65.899376,65.899376,13.419833,0.076362,EUR/kWh,D:\Pycharm_project\PycharmProjects\EnergyBridge\experiments\real_data\germany_2025_price.csv,7.6572,7.6572,0.0,0.0,2.633,1.0,1.0,"['dishwasher', 'dryer', 'ev', 'washer', 'water_heater']",[],[]
household_s2_multigeneration_caregiver,household_s2_multigeneration_caregiver,mpc_dynamic,Germany,1,2025-06-21,d21_hist_d21_1,hist_d21_1,21,D:\Pycharm_project\PycharmProjects\EnergyBridge\experiments\real_data\germany_2025_price.csv,18.0,1.0,D:\Pycharm_project\PycharmProjects\EnergyBridge\benchmark_results\2026-07-21\_batch_logs\daily_event_configs\d21_hist_d21_1.json,skipped_done,0,0.0,D:\Pycharm_project\PycharmProjects\EnergyBridge\benchmark_results\2026-07-21\household_s2_multigeneration_caregiver_mpc_dynamic_germany_d21_hist_d21_1_2025-06-21_1day,D:\Pycharm_project\PycharmProjects\EnergyBridge\benchmark_results\2026-07-21\_batch_logs\daily_dr_memory_germany_1day\household_s2_multigeneration_caregiver_mpc_dynamic_germany_d21_hist_d21_1_2025-06-21_1day.log,D:\Pycharm_project\PycharmProjects\EnergyBridge\benchmark_results\2026-07-21\household_s2_multigeneration_caregiver_mpc_dynamic_germany_d21_hist_d21_1_2025-06-21_1day\run_summary.txt,0,66.737709,66.737709,13.429468,0.075755,EUR/kWh,D:\Pycharm_project\PycharmProjects\EnergyBridge\experiments\real_data\germany_2025_price.csv,6.8235,6.8235,1.0,1.0,3.016,1.0,1.0,"['dishwasher', 'dryer', 'ev', 'washer', 'water_heater']",[],[]
household_s3_hybrid_work_from_home,household_s3_hybrid_work_from_home,no_dr,Germany,1,2025-06-21,d21_hist_d21_1,hist_d21_1,21,D:\Pycharm_project\PycharmProjects\EnergyBridge\experiments\real_data\germany_2025_price.csv,18.0,1.0,D:\Pycharm_project\PycharmProjects\EnergyBridge\benchmark_results\2026-07-21\_batch_logs\daily_event_configs\d21_hist_d21_1.json,skipped_done,0,0.0,D:\Pycharm_project\PycharmProjects\EnergyBridge\benchmark_results\2026-07-21\household_s3_hybrid_work_from_home_no_dr_germany_d21_hist_d21_1_2025-06-21_1day,D:\Pycharm_project\PycharmProjects\EnergyBridge\benchmark_results\2026-07-21\_batch_logs\daily_dr_memory_germany_1day\household_s3_hybrid_work_from_home_no_dr_germany_d21_hist_d21_1_2025-06-21_1day.log,D:\Pycharm_project\PycharmProjects\EnergyBridge\benchmark_results\2026-07-21\household_s3_hybrid_work_from_home_no_dr_germany_d21_hist_d21_1_2025-06-21_1day\run_summary.txt,0,66.440995,66.440995,14.711273,0.080657,EUR/kWh,D:\Pycharm_project\PycharmProjects\EnergyBridge\experiments\real_data\germany_2025_price.csv,10.858,10.858,1.0,1.0,,0.0,0.8,[],"['dishwasher', 'dryer', 'ev', 'washer', 'water_heater']",[]
household_s2_multigeneration_caregiver,household_s2_multigeneration_caregiver,no_dr,Germany,1,2025-06-21,d21_hist_d21_1,hist_d21_1,21,D:\Pycharm_project\PycharmProjects\EnergyBridge\experiments\real_data\germany_2025_price.csv,18.0,1.0,D:\Pycharm_project\PycharmProjects\EnergyBridge\benchmark_results\2026-07-21\_batch_logs\daily_event_configs\d21_hist_d21_1.json,skipped_done,0,0.0,D:\Pycharm_project\PycharmProjects\EnergyBridge\benchmark_results\2026-07-21\household_s2_multigeneration_caregiver_no_dr_germany_d21_hist_d21_1_2025-06-21_1day,D:\Pycharm_project\PycharmProjects\EnergyBridge\benchmark_results\2026-07-21\_batch_logs\daily_dr_memory_germany_1day\household_s2_multigeneration_caregiver_no_dr_germany_d21_hist_d21_1_2025-06-21_1day.log,D:\Pycharm_project\PycharmProjects\EnergyBridge\benchmark_results\2026-07-21\household_s2_multigeneration_caregiver_no_dr_germany_d21_hist_d21_1_2025-06-21_1day\run_summary.txt,0,62.133949,62.133949,14.498202,0.080133,EUR/kWh,D:\Pycharm_project\PycharmProjects\EnergyBridge\experiments\real_data\germany_2025_price.csv,10.8832,10.8832,1.0,1.0,,0.0,1.0,[],"['dishwasher', 'dryer', 'ev', 'washer', 'water_heater']",[]
household_s4_ev_commuter_flexible,household_s4_ev_commuter_flexible,mpc_dynamic,Germany,1,2025-06-21,d21_hist_d21_1,hist_d21_1,21,D:\Pycharm_project\PycharmProjects\EnergyBridge\experiments\real_data\germany_2025_price.csv,18.0,1.0,D:\Pycharm_project\PycharmProjects\EnergyBridge\benchmark_results\2026-07-21\_batch_logs\daily_event_configs\d21_hist_d21_1.json,skipped_done,0,0.0,D:\Pycharm_project\PycharmProjects\EnergyBridge\benchmark_results\2026-07-21\household_s4_ev_commuter_flexible_mpc_dynamic_germany_d21_hist_d21_1_2025-06-21_1day,D:\Pycharm_project\PycharmProjects\EnergyBridge\benchmark_results\2026-07-21\_batch_logs\daily_dr_memory_germany_1day\household_s4_ev_commuter_flexible_mpc_dynamic_germany_d21_hist_d21_1_2025-06-21_1day.log,D:\Pycharm_project\PycharmProjects\EnergyBridge\benchmark_results\2026-07-21\household_s4_ev_commuter_flexible_mpc_dynamic_germany_d21_hist_d21_1_2025-06-21_1day\run_summary.txt,0,78.859108,78.859108,14.075488,0.078157,EUR/kWh,D:\Pycharm_project\PycharmProjects\EnergyBridge\experiments\real_data\germany_2025_price.csv,7.8189,7.8189,0.0,0.0,2.65,1.0,1.0,"['dishwasher', 'dryer', 'ev', 'washer', 'water_heater']",[],[]
household_s4_ev_commuter_flexible,household_s4_ev_commuter_flexible,no_dr,Germany,1,2025-06-21,d21_hist_d21_1,hist_d21_1,21,D:\Pycharm_project\PycharmProjects\EnergyBridge\experiments\real_data\germany_2025_price.csv,18.0,1.0,D:\Pycharm_project\PycharmProjects\EnergyBridge\benchmark_results\2026-07-21\_batch_logs\daily_event_configs\d21_hist_d21_1.json,skipped_done,0,0.0,D:\Pycharm_project\PycharmProjects\EnergyBridge\benchmark_results\2026-07-21\household_s4_ev_commuter_flexible_no_dr_germany_d21_hist_d21_1_2025-06-21_1day,D:\Pycharm_project\PycharmProjects\EnergyBridge\benchmark_results\2026-07-21\_batch_logs\daily_dr_memory_germany_1day\household_s4_ev_commuter_flexible_no_dr_germany_d21_hist_d21_1_2025-06-21_1day.log,D:\Pycharm_project\PycharmProjects\EnergyBridge\benchmark_results\2026-07-21\household_s4_ev_commuter_flexible_no_dr_germany_d21_hist_d21_1_2025-06-21_1day\run_summary.txt,0,73.68633,73.68633,15.304649,0.081527,EUR/kWh,D:\Pycharm_project\PycharmProjects\EnergyBridge\experiments\real_data\germany_2025_price.csv,10.843,10.843,1.0,1.0,,0.0,1.0,[],"['dishwasher', 'dryer', 'ev', 'washer', 'water_heater']",[]
household_s5_shared_roommates_irregular,household_s5_shared_roommates_irregular,no_dr,Germany,1,2025-06-21,d21_hist_d21_1,hist_d21_1,21,D:\Pycharm_project\PycharmProjects\EnergyBridge\experiments\real_data\germany_2025_price.csv,18.0,1.0,D:\Pycharm_project\PycharmProjects\EnergyBridge\benchmark_results\2026-07-21\_batch_logs\daily_event_configs\d21_hist_d21_1.json,skipped_done,0,0.0,D:\Pycharm_project\PycharmProjects\EnergyBridge\benchmark_results\2026-07-21\household_s5_shared_roommates_irregular_no_dr_germany_d21_hist_d21_1_2025-06-21_1day,D:\Pycharm_project\PycharmProjects\EnergyBridge\benchmark_results\2026-07-21\_batch_logs\daily_dr_memory_germany_1day\household_s5_shared_roommates_irregular_no_dr_germany_d21_hist_d21_1_2025-06-21_1day.log,D:\Pycharm_project\PycharmProjects\EnergyBridge\benchmark_results\2026-07-21\household_s5_shared_roommates_irregular_no_dr_germany_d21_hist_d21_1_2025-06-21_1day\run_summary.txt,0,66.206619,66.206619,14.715653,0.080599,EUR/kWh,D:\Pycharm_project\PycharmProjects\EnergyBridge\experiments\real_data\germany_2025_price.csv,10.843,10.843,1.0,1.0,,0.0,1.0,[],"['dishwasher', 'dryer', 'ev', 'washer', 'water_heater']",[]
household_s1_dual_commuter_standard,household_s1_dual_commuter_standard,mpc_dynamic,Tianjin,1,2025-06-21,d21_hist_d21_1,hist_d21_1,21,D:\Pycharm_project\PycharmProjects\EnergyBridge\experiments\real_data\tianjin_tou_price_normalized.csv,18.0,1.0,D:\Pycharm_project\PycharmProjects\EnergyBridge\benchmark_results\2026-07-21\_batch_logs\daily_event_configs\d21_hist_d21_1.json,skipped_done,0,0.0,D:\Pycharm_project\PycharmProjects\EnergyBridge\benchmark_results\2026-07-21\household_s1_dual_commuter_standard_mpc_dynamic_tianjin_d21_hist_d21_1_2025-06-21_1day,D:\Pycharm_project\PycharmProjects\EnergyBridge\benchmark_results\2026-07-21\_batch_logs\daily_dr_memory_tianjin_1day\household_s1_dual_commuter_standard_mpc_dynamic_tianjin_d21_hist_d21_1_2025-06-21_1day.log,D:\Pycharm_project\PycharmProjects\EnergyBridge\benchmark_results\2026-07-21\household_s1_dual_commuter_standard_mpc_dynamic_tianjin_d21_hist_d21_1_2025-06-21_1day\run_summary.txt,0,77.930192,77.930192,52.149086,1.164309,normalized TOU cost/kWh,D:\Pycharm_project\PycharmProjects\EnergyBridge\experiments\real_data\tianjin_tou_price_normalized.csv,2.8584,2.8584,0.0,0.0,2.612,1.0,1.0,"['dishwasher', 'dryer', 'ev', 'washer', 'water_heater']",[],[]
household_s5_shared_roommates_irregular,household_s5_shared_roommates_irregular,mpc_dynamic,Germany,1,2025-06-21,d21_hist_d21_1,hist_d21_1,21,D:\Pycharm_project\PycharmProjects\EnergyBridge\experiments\real_data\germany_2025_price.csv,18.0,1.0,D:\Pycharm_project\PycharmProjects\EnergyBridge\benchmark_results\2026-07-21\_batch_logs\daily_event_configs\d21_hist_d21_1.json,skipped_done,0,0.0,D:\Pycharm_project\PycharmProjects\EnergyBridge\benchmark_results\2026-07-21\household_s5_shared_roommates_irregular_mpc_dynamic_germany_d21_hist_d21_1_2025-06-21_1day,D:\Pycharm_project\PycharmProjects\EnergyBridge\benchmark_results\2026-07-21\_batch_logs\daily_dr_memory_germany_1day\household_s5_shared_roommates_irregular_mpc_dynamic_germany_d21_hist_d21_1_2025-06-21_1day.log,D:\Pycharm_project\PycharmProjects\EnergyBridge\benchmark_results\2026-07-21\household_s5_shared_roommates_irregular_mpc_dynamic_germany_d21_hist_d21_1_2025-06-21_1day\run_summary.txt,0,71.383745,71.383745,13.421297,0.076973,EUR/kWh,D:\Pycharm_project\PycharmProjects\EnergyBridge\experiments\real_data\germany_2025_price.csv,7.8189,7.8189,0.0,0.0,2.612,1.0,1.0,"['dishwasher', 'dryer', 'ev', 'washer', 'water_heater']",[],[]
household_s1_dual_commuter_standard,household_s1_dual_commuter_standard,no_dr,Tianjin,1,2025-06-21,d21_hist_d21_1,hist_d21_1,21,D:\Pycharm_project\PycharmProjects\EnergyBridge\experiments\real_data\tianjin_tou_price_normalized.csv,18.0,1.0,D:\Pycharm_project\PycharmProjects\EnergyBridge\benchmark_results\2026-07-21\_batch_logs\daily_event_configs\d21_hist_d21_1.json,skipped_done,0,0.0,D:\Pycharm_project\PycharmProjects\EnergyBridge\benchmark_results\2026-07-21\household_s1_dual_commuter_standard_no_dr_tianjin_d21_hist_d21_1_2025-06-21_1day,D:\Pycharm_project\PycharmProjects\EnergyBridge\benchmark_results\2026-07-21\_batch_logs\daily_dr_memory_tianjin_1day\household_s1_dual_commuter_standard_no_dr_tianjin_d21_hist_d21_1_2025-06-21_1day.log,D:\Pycharm_project\PycharmProjects\EnergyBridge\benchmark_results\2026-07-21\household_s1_dual_commuter_standard_no_dr_tianjin_d21_hist_d21_1_2025-06-21_1day\run_summary.txt,0,76.358763,76.358763,65.315784,1.211792,normalized TOU cost/kWh,D:\Pycharm_project\PycharmProjects\EnergyBridge\experiments\real_data\tianjin_tou_price_normalized.csv,4.6734,4.6734,1.0,1.0,,0.0,1.0,[],"['dishwasher', 'dryer', 'ev', 'washer', 'water_heater']",[]
household_s2_multigeneration_caregiver,household_s2_multigeneration_caregiver,no_dr,Tianjin,1,2025-06-21,d21_hist_d21_1,hist_d21_1,21,D:\Pycharm_project\PycharmProjects\EnergyBridge\experiments\real_data\tianjin_tou_price_normalized.csv,18.0,1.0,D:\Pycharm_project\PycharmProjects\EnergyBridge\benchmark_results\2026-07-21\_batch_logs\daily_event_configs\d21_hist_d21_1.json,skipped_done,0,0.0,D:\Pycharm_project\PycharmProjects\EnergyBridge\benchmark_results\2026-07-21\household_s2_multigeneration_caregiver_no_dr_tianjin_d21_hist_d21_1_2025-06-21_1day,D:\Pycharm_project\PycharmProjects\EnergyBridge\benchmark_results\2026-07-21\_batch_logs\daily_dr_memory_tianjin_1day\household_s2_multigeneration_caregiver_no_dr_tianjin_d21_hist_d21_1_2025-06-21_1day.log,D:\Pycharm_project\PycharmProjects\EnergyBridge\benchmark_results\2026-07-21\household_s2_multigeneration_caregiver_no_dr_tianjin_d21_hist_d21_1_2025-06-21_1day\run_summary.txt,0,70.673929,70.673929,61.70941,1.261503,normalized TOU cost/kWh,D:\Pycharm_project\PycharmProjects\EnergyBridge\experiments\real_data\tianjin_tou_price_normalized.csv,4.7342,4.7342,1.0,1.0,,0.0,1.0,[],"['dishwasher', 'dryer', 'ev', 'washer', 'water_heater']",[]
household_s2_multigeneration_caregiver,household_s2_multigeneration_caregiver,mpc_dynamic,Tianjin,1,2025-06-21,d21_hist_d21_1,hist_d21_1,21,D:\Pycharm_project\PycharmProjects\EnergyBridge\experiments\real_data\tianjin_tou_price_normalized.csv,18.0,1.0,D:\Pycharm_project\PycharmProjects\EnergyBridge\benchmark_results\2026-07-21\_batch_logs\daily_event_configs\d21_hist_d21_1.json,skipped_done,0,0.0,D:\Pycharm_project\PycharmProjects\EnergyBridge\benchmark_results\2026-07-21\household_s2_multigeneration_caregiver_mpc_dynamic_tianjin_d21_hist_d21_1_2025-06-21_1day,D:\Pycharm_project\PycharmProjects\EnergyBridge\benchmark_results\2026-07-21\_batch_logs\daily_dr_memory_tianjin_1day\household_s2_multigeneration_caregiver_mpc_dynamic_tianjin_d21_hist_d21_1_2025-06-21_1day.log,D:\Pycharm_project\PycharmProjects\EnergyBridge\benchmark_results\2026-07-21\household_s2_multigeneration_caregiver_mpc_dynamic_tianjin_d21_hist_d21_1_2025-06-21_1day\run_summary.txt,0,73.273951,73.273951,54.403679,1.198238,normalized TOU cost/kWh,D:\Pycharm_project\PycharmProjects\EnergyBridge\experiments\real_data\tianjin_tou_price_normalized.csv,1.1256,1.1256,1.0,1.0,3.016,1.0,1.0,"['dishwasher', 'dryer', 'ev', 'washer', 'water_heater']",[],[]
household_s3_hybrid_work_from_home,household_s3_hybrid_work_from_home,mpc_dynamic,Tianjin,1,2025-06-21,d21_hist_d21_1,hist_d21_1,21,D:\Pycharm_project\PycharmProjects\EnergyBridge\experiments\real_data\tianjin_tou_price_normalized.csv,18.0,1.0,D:\Pycharm_project\PycharmProjects\EnergyBridge\benchmark_results\2026-07-21\_batch_logs\daily_event_configs\d21_hist_d21_1.json,skipped_done,0,0.0,D:\Pycharm_project\PycharmProjects\EnergyBridge\benchmark_results\2026-07-21\household_s3_hybrid_work_from_home_mpc_dynamic_tianjin_d21_hist_d21_1_2025-06-21_1day,D:\Pycharm_project\PycharmProjects\EnergyBridge\benchmark_results\2026-07-21\_batch_logs\daily_dr_memory_tianjin_1day\household_s3_hybrid_work_from_home_mpc_dynamic_tianjin_d21_hist_d21_1_2025-06-21_1day.log,D:\Pycharm_project\PycharmProjects\EnergyBridge\benchmark_results\2026-07-21\household_s3_hybrid_work_from_home_mpc_dynamic_tianjin_d21_hist_d21_1_2025-06-21_1day\run_summary.txt,0,70.806618,70.806618,52.180824,1.201145,normalized TOU cost/kWh,D:\Pycharm_project\PycharmProjects\EnergyBridge\experiments\real_data\tianjin_tou_price_normalized.csv,2.5663,2.5663,0.0,0.0,2.633,1.0,1.0,"['dishwasher', 'dryer', 'ev', 'washer', 'water_heater']",[],[]
household_s3_hybrid_work_from_home,household_s3_hybrid_work_from_home,no_dr,Tianjin,1,2025-06-21,d21_hist_d21_1,hist_d21_1,21,D:\Pycharm_project\PycharmProjects\EnergyBridge\experiments\real_data\tianjin_tou_price_normalized.csv,18.0,1.0,D:\Pycharm_project\PycharmProjects\EnergyBridge\benchmark_results\2026-07-21\_batch_logs\daily_event_configs\d21_hist_d21_1.json,skipped_done,0,0.0,D:\Pycharm_project\PycharmProjects\EnergyBridge\benchmark_results\2026-07-21\household_s3_hybrid_work_from_home_no_dr_tianjin_d21_hist_d21_1_2025-06-21_1day,D:\Pycharm_project\PycharmProjects\EnergyBridge\benchmark_results\2026-07-21\_batch_logs\daily_dr_memory_tianjin_1day\household_s3_hybrid_work_from_home_no_dr_tianjin_d21_hist_d21_1_2025-06-21_1day.log,D:\Pycharm_project\PycharmProjects\EnergyBridge\benchmark_results\2026-07-21\household_s3_hybrid_work_from_home_no_dr_tianjin_d21_hist_d21_1_2025-06-21_1day\run_summary.txt,0,72.308314,72.308314,63.089751,1.236667,normalized TOU cost/kWh,D:\Pycharm_project\PycharmProjects\EnergyBridge\experiments\real_data\tianjin_tou_price_normalized.csv,4.6742,4.6742,1.0,1.0,,0.0,0.8,[],"['dishwasher', 'dryer', 'ev', 'washer', 'water_heater']",[]
household_s4_ev_commuter_flexible,household_s4_ev_commuter_flexible,no_dr,Tianjin,1,2025-06-21,d21_hist_d21_1,hist_d21_1,21,D:\Pycharm_project\PycharmProjects\EnergyBridge\experiments\real_data\tianjin_tou_price_normalized.csv,18.0,1.0,D:\Pycharm_project\PycharmProjects\EnergyBridge\benchmark_results\2026-07-21\_batch_logs\daily_event_configs\d21_hist_d21_1.json,skipped_done,0,0.0,D:\Pycharm_project\PycharmProjects\EnergyBridge\benchmark_results\2026-07-21\household_s4_ev_commuter_flexible_no_dr_tianjin_d21_hist_d21_1_2025-06-21_1day,D:\Pycharm_project\PycharmProjects\EnergyBridge\benchmark_results\2026-07-21\_batch_logs\daily_dr_memory_tianjin_1day\household_s4_ev_commuter_flexible_no_dr_tianjin_d21_hist_d21_1_2025-06-21_1day.log,D:\Pycharm_project\PycharmProjects\EnergyBridge\benchmark_results\2026-07-21\household_s4_ev_commuter_flexible_no_dr_tianjin_d21_hist_d21_1_2025-06-21_1day\run_summary.txt,0,80.732676,80.732676,67.998682,1.190716,normalized TOU cost/kWh,D:\Pycharm_project\PycharmProjects\EnergyBridge\experiments\real_data\tianjin_tou_price_normalized.csv,4.6734,4.6734,1.0,1.0,,0.0,1.0,[],"['dishwasher', 'dryer', 'ev', 'washer', 'water_heater']",[]
household_s4_ev_commuter_flexible,household_s4_ev_commuter_flexible,mpc_dynamic,Tianjin,1,2025-06-21,d21_hist_d21_1,hist_d21_1,21,D:\Pycharm_project\PycharmProjects\EnergyBridge\experiments\real_data\tianjin_tou_price_normalized.csv,18.0,1.0,D:\Pycharm_project\PycharmProjects\EnergyBridge\benchmark_results\2026-07-21\_batch_logs\daily_event_configs\d21_hist_d21_1.json,skipped_done,0,0.0,D:\Pycharm_project\PycharmProjects\EnergyBridge\benchmark_results\2026-07-21\household_s4_ev_commuter_flexible_mpc_dynamic_tianjin_d21_hist_d21_1_2025-06-21_1day,D:\Pycharm_project\PycharmProjects\EnergyBridge\benchmark_results\2026-07-21\_batch_logs\daily_dr_memory_tianjin_1day\household_s4_ev_commuter_flexible_mpc_dynamic_tianjin_d21_hist_d21_1_2025-06-21_1day.log,D:\Pycharm_project\PycharmProjects\EnergyBridge\benchmark_results\2026-07-21\household_s4_ev_commuter_flexible_mpc_dynamic_tianjin_d21_hist_d21_1_2025-06-21_1day\run_summary.txt,0,82.304105,82.304105,54.831984,1.142405,normalized TOU cost/kWh,D:\Pycharm_project\PycharmProjects\EnergyBridge\experiments\real_data\tianjin_tou_price_normalized.csv,2.8584,2.8584,0.0,0.0,2.65,1.0,1.0,"['dishwasher', 'dryer', 'ev', 'washer', 'water_heater']",[],[]
household_s5_shared_roommates_irregular,household_s5_shared_roommates_irregular,mpc_dynamic,Tianjin,1,2025-06-21,d21_hist_d21_1,hist_d21_1,21,D:\Pycharm_project\PycharmProjects\EnergyBridge\experiments\real_data\tianjin_tou_price_normalized.csv,18.0,1.0,D:\Pycharm_project\PycharmProjects\EnergyBridge\benchmark_results\2026-07-21\_batch_logs\daily_event_configs\d21_hist_d21_1.json,skipped_done,0,0.0,D:\Pycharm_project\PycharmProjects\EnergyBridge\benchmark_results\2026-07-21\household_s5_shared_roommates_irregular_mpc_dynamic_tianjin_d21_hist_d21_1_2025-06-21_1day,D:\Pycharm_project\PycharmProjects\EnergyBridge\benchmark_results\2026-07-21\_batch_logs\daily_dr_memory_tianjin_1day\household_s5_shared_roommates_irregular_mpc_dynamic_tianjin_d21_hist_d21_1_2025-06-21_1day.log,D:\Pycharm_project\PycharmProjects\EnergyBridge\benchmark_results\2026-07-21\household_s5_shared_roommates_irregular_mpc_dynamic_tianjin_d21_hist_d21_1_2025-06-21_1day\run_summary.txt,0,73.556278,73.556278,49.466187,1.189592,normalized TOU cost/kWh,D:\Pycharm_project\PycharmProjects\EnergyBridge\experiments\real_data\tianjin_tou_price_normalized.csv,2.8584,2.8584,0.0,0.0,2.612,1.0,1.0,"['dishwasher', 'dryer', 'ev', 'washer', 'water_heater']",[],[]
household_s5_shared_roommates_irregular,household_s5_shared_roommates_irregular,no_dr,Tianjin,1,2025-06-21,d21_hist_d21_1,hist_d21_1,21,D:\Pycharm_project\PycharmProjects\EnergyBridge\experiments\real_data\tianjin_tou_price_normalized.csv,18.0,1.0,D:\Pycharm_project\PycharmProjects\EnergyBridge\benchmark_results\2026-07-21\_batch_logs\daily_event_configs\d21_hist_d21_1.json,skipped_done,0,0.0,D:\Pycharm_project\PycharmProjects\EnergyBridge\benchmark_results\2026-07-21\household_s5_shared_roommates_irregular_no_dr_tianjin_d21_hist_d21_1_2025-06-21_1day,D:\Pycharm_project\PycharmProjects\EnergyBridge\benchmark_results\2026-07-21\_batch_logs\daily_dr_memory_tianjin_1day\household_s5_shared_roommates_irregular_no_dr_tianjin_d21_hist_d21_1_2025-06-21_1day.log,D:\Pycharm_project\PycharmProjects\EnergyBridge\benchmark_results\2026-07-21\household_s5_shared_roommates_irregular_no_dr_tianjin_d21_hist_d21_1_2025-06-21_1day\run_summary.txt,0,71.98485,71.98485,62.632885,1.235535,normalized TOU cost/kWh,D:\Pycharm_project\PycharmProjects\EnergyBridge\experiments\real_data\tianjin_tou_price_normalized.csv,4.6734,4.6734,1.0,1.0,,0.0,1.0,[],"['dishwasher', 'dryer', 'ev', 'washer', 'water_heater']",[]
household_s1_dual_commuter_standard,household_s1_dual_commuter_standard,mpc_dynamic,Germany,1,2025-06-22,d22_hist_d22_1,hist_d22_1,22,D:\Pycharm_project\PycharmProjects\EnergyBridge\experiments\real_data\germany_2025_price.csv,18.0,1.0,D:\Pycharm_project\PycharmProjects\EnergyBridge\benchmark_results\2026-07-21\_batch_logs\daily_event_configs\d22_hist_d22_1.json,skipped_done,0,0.0,D:\Pycharm_project\PycharmProjects\EnergyBridge\benchmark_results\2026-07-21\household_s1_dual_commuter_standard_mpc_dynamic_germany_d22_hist_d22_1_2025-06-22_1day,D:\Pycharm_project\PycharmProjects\EnergyBridge\benchmark_results\2026-07-21\_batch_logs\daily_dr_memory_germany_1day\household_s1_dual_commuter_standard_mpc_dynamic_germany_d22_hist_d22_1_2025-06-22_1day.log,D:\Pycharm_project\PycharmProjects\EnergyBridge\benchmark_results\2026-07-21\household_s1_dual_commuter_standard_mpc_dynamic_germany_d22_hist_d22_1_2025-06-22_1day\run_summary.txt,0,73.667198,73.667198,9.490957,0.050637,EUR/kWh,D:\Pycharm_project\PycharmProjects\EnergyBridge\experiments\real_data\germany_2025_price.csv,7.5924,7.5924,1.0,1.0,3.252,1.0,1.0,"['dishwasher', 'dryer', 'ev', 'washer', 'water_heater']",[],[]
household_s2_multigeneration_caregiver,household_s2_multigeneration_caregiver,mpc_dynamic,Germany,1,2025-06-22,d22_hist_d22_1,hist_d22_1,22,D:\Pycharm_project\PycharmProjects\EnergyBridge\experiments\real_data\germany_2025_price.csv,18.0,1.0,D:\Pycharm_project\PycharmProjects\EnergyBridge\benchmark_results\2026-07-21\_batch_logs\daily_event_configs\d22_hist_d22_1.json,skipped_done,0,0.0,D:\Pycharm_project\PycharmProjects\EnergyBridge\benchmark_results\2026-07-21\household_s2_multigeneration_caregiver_mpc_dynamic_germany_d22_hist_d22_1_2025-06-22_1day,D:\Pycharm_project\PycharmProjects\EnergyBridge\benchmark_results\2026-07-21\_batch_logs\daily_dr_memory_germany_1day\household_s2_multigeneration_caregiver_mpc_dynamic_germany_d22_hist_d22_1_2025-06-22_1day.log,D:\Pycharm_project\PycharmProjects\EnergyBridge\benchmark_results\2026-07-21\household_s2_multigeneration_caregiver_mpc_dynamic_germany_d22_hist_d22_1_2025-06-22_1day\run_summary.txt,0,68.711097,68.711097,8.601101,0.046653,EUR/kWh,D:\Pycharm_project\PycharmProjects\EnergyBridge\experiments\real_data\germany_2025_price.csv,7.2049,7.2049,1.0,1.0,2.788,1.0,1.0,"['dishwasher', 'dryer', 'ev', 'washer', 'water_heater']",[],[]
household_s2_multigeneration_caregiver,household_s2_multigeneration_caregiver,no_dr,Germany,1,2025-06-22,d22_hist_d22_1,hist_d22_1,22,D:\Pycharm_project\PycharmProjects\EnergyBridge\experiments\real_data\germany_2025_price.csv,18.0,1.0,D:\Pycharm_project\PycharmProjects\EnergyBridge\benchmark_results\2026-07-21\_batch_logs\daily_event_configs\d22_hist_d22_1.json,skipped_done,0,0.0,D:\Pycharm_project\PycharmProjects\EnergyBridge\benchmark_results\2026-07-21\household_s2_multigeneration_caregiver_no_dr_germany_d22_hist_d22_1_2025-06-22_1day,D:\Pycharm_project\PycharmProjects\EnergyBridge\benchmark_results\2026-07-21\_batch_logs\daily_dr_memory_germany_1day\household_s2_multigeneration_caregiver_no_dr_germany_d22_hist_d22_1_2025-06-22_1day.log,D:\Pycharm_project\PycharmProjects\EnergyBridge\benchmark_results\2026-07-21\household_s2_multigeneration_caregiver_no_dr_germany_d22_hist_d22_1_2025-06-22_1day\run_summary.txt,0,66.792855,66.792855,9.768913,0.051701,EUR/kWh,D:\Pycharm_project\PycharmProjects\EnergyBridge\experiments\real_data\germany_2025_price.csv,11.2961,11.2961,1.0,1.0,,0.0,1.0,[],"['dishwasher', 'dryer', 'ev', 'washer', 'water_heater']",[]
household_s1_dual_commuter_standard,household_s1_dual_commuter_standard,no_dr,Germany,1,2025-06-22,d22_hist_d22_1,hist_d22_1,22,D:\Pycharm_project\PycharmProjects\EnergyBridge\experiments\real_data\germany_2025_price.csv,18.0,1.0,D:\Pycharm_project\PycharmProjects\EnergyBridge\benchmark_results\2026-07-21\_batch_logs\daily_event_configs\d22_hist_d22_1.json,skipped_done,0,0.0,D:\Pycharm_project\PycharmProjects\EnergyBridge\benchmark_results\2026-07-21\household_s1_dual_commuter_standard_no_dr_germany_d22_hist_d22_1_2025-06-22_1day,D:\Pycharm_project\PycharmProjects\EnergyBridge\benchmark_results\2026-07-21\_batch_logs\daily_dr_memory_germany_1day\household_s1_dual_commuter_standard_no_dr_germany_d22_hist_d22_1_2025-06-22_1day.log,D:\Pycharm_project\PycharmProjects\EnergyBridge\benchmark_results\2026-07-21\household_s1_dual_commuter_standard_no_dr_germany_d22_hist_d22_1_2025-06-22_1day\run_summary.txt,0,72.127067,72.127067,10.298535,0.053173,EUR/kWh,D:\Pycharm_project\PycharmProjects\EnergyBridge\experiments\real_data\germany_2025_price.csv,11.2531,11.2531,1.0,1.0,,0.0,1.0,[],"['dishwasher', 'dryer', 'ev', 'washer', 'water_heater']",[]
household_s3_hybrid_work_from_home,household_s3_hybrid_work_from_home,no_dr,Germany,1,2025-06-22,d22_hist_d22_1,hist_d22_1,22,D:\Pycharm_project\PycharmProjects\EnergyBridge\experiments\real_data\germany_2025_price.csv,18.0,1.0,D:\Pycharm_project\PycharmProjects\EnergyBridge\benchmark_results\2026-07-21\_batch_logs\daily_event_configs\d22_hist_d22_1.json,skipped_done,0,0.0,D:\Pycharm_project\PycharmProjects\EnergyBridge\benchmark_results\2026-07-21\household_s3_hybrid_work_from_home_no_dr_germany_d22_hist_d22_1_2025-06-22_1day,D:\Pycharm_project\PycharmProjects\EnergyBridge\benchmark_results\2026-07-21\_batch_logs\daily_dr_memory_germany_1day\household_s3_hybrid_work_from_home_no_dr_germany_d22_hist_d22_1_2025-06-22_1day.log,D:\Pycharm_project\PycharmProjects\EnergyBridge\benchmark_results\2026-07-21\household_s3_hybrid_work_from_home_no_dr_germany_d22_hist_d22_1_2025-06-22_1day\run_summary.txt,0,68.030581,68.030581,9.97693,0.052419,EUR/kWh,D:\Pycharm_project\PycharmProjects\EnergyBridge\experiments\real_data\germany_2025_price.csv,11.2621,11.2621,1.0,1.0,,0.0,0.8,[],"['dishwasher', 'dryer', 'ev', 'washer', 'water_heater']",[]
household_s3_hybrid_work_from_home,household_s3_hybrid_work_from_home,mpc_dynamic,Germany,1,2025-06-22,d22_hist_d22_1,hist_d22_1,22,D:\Pycharm_project\PycharmProjects\EnergyBridge\experiments\real_data\germany_2025_price.csv,18.0,1.0,D:\Pycharm_project\PycharmProjects\EnergyBridge\benchmark_results\2026-07-21\_batch_logs\daily_event_configs\d22_hist_d22_1.json,skipped_done,0,0.0,D:\Pycharm_project\PycharmProjects\EnergyBridge\benchmark_results\2026-07-21\household_s3_hybrid_work_from_home_mpc_dynamic_germany_d22_hist_d22_1_2025-06-22_1day,D:\Pycharm_project\PycharmProjects\EnergyBridge\benchmark_results\2026-07-21\_batch_logs\daily_dr_memory_germany_1day\household_s3_hybrid_work_from_home_mpc_dynamic_germany_d22_hist_d22_1_2025-06-22_1day.log,D:\Pycharm_project\PycharmProjects\EnergyBridge\benchmark_results\2026-07-21\household_s3_hybrid_work_from_home_mpc_dynamic_germany_d22_hist_d22_1_2025-06-22_1day\run_summary.txt,0,67.85556,67.85556,8.829634,0.048147,EUR/kWh,D:\Pycharm_project\PycharmProjects\EnergyBridge\experiments\real_data\germany_2025_price.csv,8.5118,8.5118,0.0,0.0,2.633,1.0,1.0,"['dishwasher', 'dryer', 'ev', 'washer', 'water_heater']",[],[]
household_s4_ev_commuter_flexible,household_s4_ev_commuter_flexible,mpc_dynamic,Germany,1,2025-06-22,d22_hist_d22_1,hist_d22_1,22,D:\Pycharm_project\PycharmProjects\EnergyBridge\experiments\real_data\germany_2025_price.csv,18.0,1.0,D:\Pycharm_project\PycharmProjects\EnergyBridge\benchmark_results\2026-07-21\_batch_logs\daily_event_configs\d22_hist_d22_1.json,skipped_done,0,0.0,D:\Pycharm_project\PycharmProjects\EnergyBridge\benchmark_results\2026-07-21\household_s4_ev_commuter_flexible_mpc_dynamic_germany_d22_hist_d22_1_2025-06-22_1day,D:\Pycharm_project\PycharmProjects\EnergyBridge\benchmark_results\2026-07-21\_batch_logs\daily_dr_memory_germany_1day\household_s4_ev_commuter_flexible_mpc_dynamic_germany_d22_hist_d22_1_2025-06-22_1day.log,D:\Pycharm_project\PycharmProjects\EnergyBridge\benchmark_results\2026-07-21\household_s4_ev_commuter_flexible_mpc_dynamic_germany_d22_hist_d22_1_2025-06-22_1day\run_summary.txt,0,79.299883,79.299883,10.00019,0.052268,EUR/kWh,D:\Pycharm_project\PycharmProjects\EnergyBridge\experiments\real_data\germany_2025_price.csv,8.2776,8.2776,0.0,0.0,2.65,1.0,1.0,"['dishwasher', 'dryer', 'ev', 'washer', 'water_heater']",[],[]
household_s4_ev_commuter_flexible,household_s4_ev_commuter_flexible,no_dr,Germany,1,2025-06-22,d22_hist_d22_1,hist_d22_1,22,D:\Pycharm_project\PycharmProjects\EnergyBridge\experiments\real_data\germany_2025_price.csv,18.0,1.0,D:\Pycharm_project\PycharmProjects\EnergyBridge\benchmark_results\2026-07-21\_batch_logs\daily_event_configs\d22_hist_d22_1.json,skipped_done,0,0.0,D:\Pycharm_project\PycharmProjects\EnergyBridge\benchmark_results\2026-07-21\household_s4_ev_commuter_flexible_no_dr_germany_d22_hist_d22_1_2025-06-22_1day,D:\Pycharm_project\PycharmProjects\EnergyBridge\benchmark_results\2026-07-21\_batch_logs\daily_dr_memory_germany_1day\household_s4_ev_commuter_flexible_no_dr_germany_d22_hist_d22_1_2025-06-22_1day.log,D:\Pycharm_project\PycharmProjects\EnergyBridge\benchmark_results\2026-07-21\household_s4_ev_commuter_flexible_no_dr_germany_d22_hist_d22_1_2025-06-22_1day\run_summary.txt,0,75.814023,75.814023,10.657699,0.054,EUR/kWh,D:\Pycharm_project\PycharmProjects\EnergyBridge\experiments\real_data\germany_2025_price.csv,11.2531,11.2531,1.0,1.0,,0.0,1.0,[],"['dishwasher', 'dryer', 'ev', 'washer', 'water_heater']",[]
household_s5_shared_roommates_irregular,household_s5_shared_roommates_irregular,mpc_dynamic,Germany,1,2025-06-22,d22_hist_d22_1,hist_d22_1,22,D:\Pycharm_project\PycharmProjects\EnergyBridge\experiments\real_data\germany_2025_price.csv,18.0,1.0,D:\Pycharm_project\PycharmProjects\EnergyBridge\benchmark_results\2026-07-21\_batch_logs\daily_event_configs\d22_hist_d22_1.json,skipped_done,0,0.0,D:\Pycharm_project\PycharmProjects\EnergyBridge\benchmark_results\2026-07-21\household_s5_shared_roommates_irregular_mpc_dynamic_germany_d22_hist_d22_1_2025-06-22_1day,D:\Pycharm_project\PycharmProjects\EnergyBridge\benchmark_results\2026-07-21\_batch_logs\daily_dr_memory_germany_1day\household_s5_shared_roommates_irregular_mpc_dynamic_germany_d22_hist_d22_1_2025-06-22_1day.log,D:\Pycharm_project\PycharmProjects\EnergyBridge\benchmark_results\2026-07-21\household_s5_shared_roommates_irregular_mpc_dynamic_germany_d22_hist_d22_1_2025-06-22_1day\run_summary.txt,0,72.40568,72.40568,9.466331,0.051004,EUR/kWh,D:\Pycharm_project\PycharmProjects\EnergyBridge\experiments\real_data\germany_2025_price.csv,8.2776,8.2776,0.0,0.0,2.612,1.0,1.0,"['dishwasher', 'dryer', 'ev', 'washer', 'water_heater']",[],[]
household_s5_shared_roommates_irregular,household_s5_shared_roommates_irregular,no_dr,Germany,1,2025-06-22,d22_hist_d22_1,hist_d22_1,22,D:\Pycharm_project\PycharmProjects\EnergyBridge\experiments\real_data\germany_2025_price.csv,18.0,1.0,D:\Pycharm_project\PycharmProjects\EnergyBridge\benchmark_results\2026-07-21\_batch_logs\daily_event_configs\d22_hist_d22_1.json,skipped_done,0,0.0,D:\Pycharm_project\PycharmProjects\EnergyBridge\benchmark_results\2026-07-21\household_s5_shared_roommates_irregular_no_dr_germany_d22_hist_d22_1_2025-06-22_1day,D:\Pycharm_project\PycharmProjects\EnergyBridge\benchmark_results\2026-07-21\_batch_logs\daily_dr_memory_germany_1day\household_s5_shared_roommates_irregular_no_dr_germany_d22_hist_d22_1_2025-06-22_1day.log,D:\Pycharm_project\PycharmProjects\EnergyBridge\benchmark_results\2026-07-21\household_s5_shared_roommates_irregular_no_dr_germany_d22_hist_d22_1_2025-06-22_1day\run_summary.txt,0,67.753154,67.753154,9.975567,0.052373,EUR/kWh,D:\Pycharm_project\PycharmProjects\EnergyBridge\experiments\real_data\germany_2025_price.csv,11.2531,11.2531,1.0,1.0,,0.0,1.0,[],"['dishwasher', 'dryer', 'ev', 'washer', 'water_heater']",[]
household_s1_dual_commuter_standard,household_s1_dual_commuter_standard,mpc_dynamic,Tianjin,1,2025-06-22,d22_hist_d22_1,hist_d22_1,22,D:\Pycharm_project\PycharmProjects\EnergyBridge\experiments\real_data\tianjin_tou_price_normalized.csv,18.0,1.0,D:\Pycharm_project\PycharmProjects\EnergyBridge\benchmark_results\2026-07-21\_batch_logs\daily_event_configs\d22_hist_d22_1.json,skipped_done,0,0.0,D:\Pycharm_project\PycharmProjects\EnergyBridge\benchmark_results\2026-07-21\household_s1_dual_commuter_standard_mpc_dynamic_tianjin_d22_hist_d22_1_2025-06-22_1day,D:\Pycharm_project\PycharmProjects\EnergyBridge\benchmark_results\2026-07-21\_batch_logs\daily_dr_memory_tianjin_1day\household_s1_dual_commuter_standard_mpc_dynamic_tianjin_d22_hist_d22_1_2025-06-22_1day.log,D:\Pycharm_project\PycharmProjects\EnergyBridge\benchmark_results\2026-07-21\household_s1_dual_commuter_standard_mpc_dynamic_tianjin_d22_hist_d22_1_2025-06-22_1day\run_summary.txt,0,37.172207,37.172207,27.260246,0.820927,normalized TOU cost/kWh,D:\Pycharm_project\PycharmProjects\EnergyBridge\experiments\real_data\tianjin_tou_price_normalized.csv,0.497,0.497,1.0,1.0,3.005,1.0,1.0,"['dishwasher', 'dryer', 'ev', 'washer', 'water_heater']",[],[]
household_s2_multigeneration_caregiver,household_s2_multigeneration_caregiver,mpc_dynamic,Tianjin,1,2025-06-22,d22_hist_d22_1,hist_d22_1,22,D:\Pycharm_project\PycharmProjects\EnergyBridge\experiments\real_data\tianjin_tou_price_normalized.csv,18.0,1.0,D:\Pycharm_project\PycharmProjects\EnergyBridge\benchmark_results\2026-07-21\_batch_logs\daily_event_configs\d22_hist_d22_1.json,skipped_done,0,0.0,D:\Pycharm_project\PycharmProjects\EnergyBridge\benchmark_results\2026-07-21\household_s2_multigeneration_caregiver_mpc_dynamic_tianjin_d22_hist_d22_1_2025-06-22_1day,D:\Pycharm_project\PycharmProjects\EnergyBridge\benchmark_results\2026-07-21\_batch_logs\daily_dr_memory_tianjin_1day\household_s2_multigeneration_caregiver_mpc_dynamic_tianjin_d22_hist_d22_1_2025-06-22_1day.log,D:\Pycharm_project\PycharmProjects\EnergyBridge\benchmark_results\2026-07-21\household_s2_multigeneration_caregiver_mpc_dynamic_tianjin_d22_hist_d22_1_2025-06-22_1day\run_summary.txt,0,56.81377,56.81377,53.38824,1.147055,normalized TOU cost/kWh,D:\Pycharm_project\PycharmProjects\EnergyBridge\experiments\real_data\tianjin_tou_price_normalized.csv,0.6986,0.6986,1.0,1.0,2.738,1.0,1.0,"['dishwasher', 'dryer', 'ev', 'washer', 'water_heater']",[],[]
household_s1_dual_commuter_standard,household_s1_dual_commuter_standard,no_dr,Tianjin,1,2025-06-22,d22_hist_d22_1,hist_d22_1,22,D:\Pycharm_project\PycharmProjects\EnergyBridge\experiments\real_data\tianjin_tou_price_normalized.csv,18.0,1.0,D:\Pycharm_project\PycharmProjects\EnergyBridge\benchmark_results\2026-07-21\_batch_logs\daily_event_configs\d22_hist_d22_1.json,skipped_done,0,0.0,D:\Pycharm_project\PycharmProjects\EnergyBridge\benchmark_results\2026-07-21\household_s1_dual_commuter_standard_no_dr_tianjin_d22_hist_d22_1_2025-06-22_1day,D:\Pycharm_project\PycharmProjects\EnergyBridge\benchmark_results\2026-07-21\_batch_logs\daily_dr_memory_tianjin_1day\household_s1_dual_commuter_standard_no_dr_tianjin_d22_hist_d22_1_2025-06-22_1day.log,D:\Pycharm_project\PycharmProjects\EnergyBridge\benchmark_results\2026-07-21\household_s1_dual_commuter_standard_no_dr_tianjin_d22_hist_d22_1_2025-06-22_1day\run_summary.txt,0,64.265914,64.265914,69.051404,1.190387,normalized TOU cost/kWh,D:\Pycharm_project\PycharmProjects\EnergyBridge\experiments\real_data\tianjin_tou_price_normalized.csv,5.3673,5.3673,1.0,1.0,,0.0,1.0,[],"['dishwasher', 'dryer', 'ev', 'washer', 'water_heater']",[]
household_s3_hybrid_work_from_home,household_s3_hybrid_work_from_home,mpc_dynamic,Tianjin,1,2025-06-22,d22_hist_d22_1,hist_d22_1,22,D:\Pycharm_project\PycharmProjects\EnergyBridge\experiments\real_data\tianjin_tou_price_normalized.csv,18.0,1.0,D:\Pycharm_project\PycharmProjects\EnergyBridge\benchmark_results\2026-07-21\_batch_logs\daily_event_configs\d22_hist_d22_1.json,skipped_done,0,0.0,D:\Pycharm_project\PycharmProjects\EnergyBridge\benchmark_results\2026-07-21\household_s3_hybrid_work_from_home_mpc_dynamic_tianjin_d22_hist_d22_1_2025-06-22_1day,D:\Pycharm_project\PycharmProjects\EnergyBridge\benchmark_results\2026-07-21\_batch_logs\daily_dr_memory_tianjin_1day\household_s3_hybrid_work_from_home_mpc_dynamic_tianjin_d22_hist_d22_1_2025-06-22_1day.log,D:\Pycharm_project\PycharmProjects\EnergyBridge\benchmark_results\2026-07-21\household_s3_hybrid_work_from_home_mpc_dynamic_tianjin_d22_hist_d22_1_2025-06-22_1day\run_summary.txt,0,59.937502,59.937502,48.612771,1.077214,normalized TOU cost/kWh,D:\Pycharm_project\PycharmProjects\EnergyBridge\experiments\real_data\tianjin_tou_price_normalized.csv,2.0539,2.0539,0.0,0.0,2.633,1.0,1.0,"['dishwasher', 'dryer', 'ev', 'washer', 'water_heater']",[],[]
household_s2_multigeneration_caregiver,household_s2_multigeneration_caregiver,no_dr,Tianjin,1,2025-06-22,d22_hist_d22_1,hist_d22_1,22,D:\Pycharm_project\PycharmProjects\EnergyBridge\experiments\real_data\tianjin_tou_price_normalized.csv,18.0,1.0,D:\Pycharm_project\PycharmProjects\EnergyBridge\benchmark_results\2026-07-21\_batch_logs\daily_event_configs\d22_hist_d22_1.json,skipped_done,0,0.0,D:\Pycharm_project\PycharmProjects\EnergyBridge\benchmark_results\2026-07-21\household_s2_multigeneration_caregiver_no_dr_tianjin_d22_hist_d22_1_2025-06-22_1day,D:\Pycharm_project\PycharmProjects\EnergyBridge\benchmark_results\2026-07-21\_batch_logs\daily_dr_memory_tianjin_1day\household_s2_multigeneration_caregiver_no_dr_tianjin_d22_hist_d22_1_2025-06-22_1day.log,D:\Pycharm_project\PycharmProjects\EnergyBridge\benchmark_results\2026-07-21\household_s2_multigeneration_caregiver_no_dr_tianjin_d22_hist_d22_1_2025-06-22_1day\run_summary.txt,0,57.440352,57.440352,62.225081,1.218201,normalized TOU cost/kWh,D:\Pycharm_project\PycharmProjects\EnergyBridge\experiments\real_data\tianjin_tou_price_normalized.csv,5.4157,5.4157,1.0,1.0,,0.0,1.0,[],"['dishwasher', 'dryer', 'ev', 'washer', 'water_heater']",[]
household_s3_hybrid_work_from_home,household_s3_hybrid_work_from_home,no_dr,Tianjin,1,2025-06-22,d22_hist_d22_1,hist_d22_1,22,D:\Pycharm_project\PycharmProjects\EnergyBridge\experiments\real_data\tianjin_tou_price_normalized.csv,18.0,1.0,D:\Pycharm_project\PycharmProjects\EnergyBridge\benchmark_results\2026-07-21\_batch_logs\daily_event_configs\d22_hist_d22_1.json,skipped_done,0,0.0,D:\Pycharm_project\PycharmProjects\EnergyBridge\benchmark_results\2026-07-21\household_s3_hybrid_work_from_home_no_dr_tianjin_d22_hist_d22_1_2025-06-22_1day,D:\Pycharm_project\PycharmProjects\EnergyBridge\benchmark_results\2026-07-21\_batch_logs\daily_dr_memory_tianjin_1day\household_s3_hybrid_work_from_home_no_dr_tianjin_d22_hist_d22_1_2025-06-22_1day.log,D:\Pycharm_project\PycharmProjects\EnergyBridge\benchmark_results\2026-07-21\household_s3_hybrid_work_from_home_no_dr_tianjin_d22_hist_d22_1_2025-06-22_1day\run_summary.txt,0,60.490213,60.490213,65.397537,1.20589,normalized TOU cost/kWh,D:\Pycharm_project\PycharmProjects\EnergyBridge\experiments\real_data\tianjin_tou_price_normalized.csv,5.3686,5.3686,1.0,1.0,,0.0,0.8,[],"['dishwasher', 'dryer', 'ev', 'washer', 'water_heater']",[]
household_s4_ev_commuter_flexible,household_s4_ev_commuter_flexible,mpc_dynamic,Tianjin,1,2025-06-22,d22_hist_d22_1,hist_d22_1,22,D:\Pycharm_project\PycharmProjects\EnergyBridge\experiments\real_data\tianjin_tou_price_normalized.csv,18.0,1.0,D:\Pycharm_project\PycharmProjects\EnergyBridge\benchmark_results\2026-07-21\_batch_logs\daily_event_configs\d22_hist_d22_1.json,skipped_done,0,0.0,D:\Pycharm_project\PycharmProjects\EnergyBridge\benchmark_results\2026-07-21\household_s4_ev_commuter_flexible_mpc_dynamic_tianjin_d22_hist_d22_1_2025-06-22_1day,D:\Pycharm_project\PycharmProjects\EnergyBridge\benchmark_results\2026-07-21\_batch_logs\daily_dr_memory_tianjin_1day\household_s4_ev_commuter_flexible_mpc_dynamic_tianjin_d22_hist_d22_1_2025-06-22_1day.log,D:\Pycharm_project\PycharmProjects\EnergyBridge\benchmark_results\2026-07-21\household_s4_ev_commuter_flexible_mpc_dynamic_tianjin_d22_hist_d22_1_2025-06-22_1day\run_summary.txt,0,67.51008,67.51008,55.159609,1.05722,normalized TOU cost/kWh,D:\Pycharm_project\PycharmProjects\EnergyBridge\experiments\real_data\tianjin_tou_price_normalized.csv,2.1816,2.1816,0.0,0.0,2.65,1.0,1.0,"['dishwasher', 'dryer', 'ev', 'washer', 'water_heater']",[],[]
household_s4_ev_commuter_flexible,household_s4_ev_commuter_flexible,no_dr,Tianjin,1,2025-06-22,d22_hist_d22_1,hist_d22_1,22,D:\Pycharm_project\PycharmProjects\EnergyBridge\experiments\real_data\tianjin_tou_price_normalized.csv,18.0,1.0,D:\Pycharm_project\PycharmProjects\EnergyBridge\benchmark_results\2026-07-21\_batch_logs\daily_event_configs\d22_hist_d22_1.json,skipped_done,0,0.0,D:\Pycharm_project\PycharmProjects\EnergyBridge\benchmark_results\2026-07-21\household_s4_ev_commuter_flexible_no_dr_tianjin_d22_hist_d22_1_2025-06-22_1day,D:\Pycharm_project\PycharmProjects\EnergyBridge\benchmark_results\2026-07-21\_batch_logs\daily_dr_memory_tianjin_1day\household_s4_ev_commuter_flexible_no_dr_tianjin_d22_hist_d22_1_2025-06-22_1day.log,D:\Pycharm_project\PycharmProjects\EnergyBridge\benchmark_results\2026-07-21\household_s4_ev_commuter_flexible_no_dr_tianjin_d22_hist_d22_1_2025-06-22_1day\run_summary.txt,0,68.347074,68.347074,73.132564,1.177873,normalized TOU cost/kWh,D:\Pycharm_project\PycharmProjects\EnergyBridge\experiments\real_data\tianjin_tou_price_normalized.csv,5.3673,5.3673,1.0,1.0,,0.0,1.0,[],"['dishwasher', 'dryer', 'ev', 'washer', 'water_heater']",[]
household_s5_shared_roommates_irregular,household_s5_shared_roommates_irregular,mpc_dynamic,Tianjin,1,2025-06-22,d22_hist_d22_1,hist_d22_1,22,D:\Pycharm_project\PycharmProjects\EnergyBridge\experiments\real_data\tianjin_tou_price_normalized.csv,18.0,1.0,D:\Pycharm_project\PycharmProjects\EnergyBridge\benchmark_results\2026-07-21\_batch_logs\daily_event_configs\d22_hist_d22_1.json,skipped_done,0,0.0,D:\Pycharm_project\PycharmProjects\EnergyBridge\benchmark_results\2026-07-21\household_s5_shared_roommates_irregular_mpc_dynamic_tianjin_d22_hist_d22_1_2025-06-22_1day,D:\Pycharm_project\PycharmProjects\EnergyBridge\benchmark_results\2026-07-21\_batch_logs\daily_dr_memory_tianjin_1day\household_s5_shared_roommates_irregular_mpc_dynamic_tianjin_d22_hist_d22_1_2025-06-22_1day.log,D:\Pycharm_project\PycharmProjects\EnergyBridge\benchmark_results\2026-07-21\household_s5_shared_roommates_irregular_mpc_dynamic_tianjin_d22_hist_d22_1_2025-06-22_1day\run_summary.txt,0,59.347761,59.347761,46.99729,1.067832,normalized TOU cost/kWh,D:\Pycharm_project\PycharmProjects\EnergyBridge\experiments\real_data\tianjin_tou_price_normalized.csv,2.1816,2.1816,0.0,0.0,2.612,1.0,1.0,"['dishwasher', 'dryer', 'ev', 'washer', 'water_heater']",[],[]
household_s5_shared_roommates_irregular,household_s5_shared_roommates_irregular,no_dr,Tianjin,1,2025-06-22,d22_hist_d22_1,hist_d22_1,22,D:\Pycharm_project\PycharmProjects\EnergyBridge\experiments\real_data\tianjin_tou_price_normalized.csv,18.0,1.0,D:\Pycharm_project\PycharmProjects\EnergyBridge\benchmark_results\2026-07-21\_batch_logs\daily_event_configs\d22_hist_d22_1.json,skipped_done,0,0.0,D:\Pycharm_project\PycharmProjects\EnergyBridge\benchmark_results\2026-07-21\household_s5_shared_roommates_irregular_no_dr_tianjin_d22_hist_d22_1_2025-06-22_1day,D:\Pycharm_project\PycharmProjects\EnergyBridge\benchmark_results\2026-07-21\_batch_logs\daily_dr_memory_tianjin_1day\household_s5_shared_roommates_irregular_no_dr_tianjin_d22_hist_d22_1_2025-06-22_1day.log,D:\Pycharm_project\PycharmProjects\EnergyBridge\benchmark_results\2026-07-21\household_s5_shared_roommates_irregular_no_dr_tianjin_d22_hist_d22_1_2025-06-22_1day\run_summary.txt,0,60.184755,60.184755,64.970245,1.204796,normalized TOU cost/kWh,D:\Pycharm_project\PycharmProjects\EnergyBridge\experiments\real_data\tianjin_tou_price_normalized.csv,5.3673,5.3673,1.0,1.0,,0.0,1.0,[],"['dishwasher', 'dryer', 'ev', 'washer', 'water_heater']",[]
household_s1_dual_commuter_standard,household_s1_dual_commuter_standard,mpc_dynamic,Germany,1,2025-06-23,d23_hist_d23_1,hist_d23_1,23,D:\Pycharm_project\PycharmProjects\EnergyBridge\experiments\real_data\germany_2025_price.csv,18.0,1.0,D:\Pycharm_project\PycharmProjects\EnergyBridge\benchmark_results\2026-07-21\_batch_logs\daily_event_configs\d23_hist_d23_1.json,skipped_done,0,0.0,D:\Pycharm_project\PycharmProjects\EnergyBridge\benchmark_results\2026-07-21\household_s1_dual_commuter_standard_mpc_dynamic_germany_d23_hist_d23_1_2025-06-23_1day,D:\Pycharm_project\PycharmProjects\EnergyBridge\benchmark_results\2026-07-21\_batch_logs\daily_dr_memory_germany_1day\household_s1_dual_commuter_standard_mpc_dynamic_germany_d23_hist_d23_1_2025-06-23_1day.log,D:\Pycharm_project\PycharmProjects\EnergyBridge\benchmark_results\2026-07-21\household_s1_dual_commuter_standard_mpc_dynamic_germany_d23_hist_d23_1_2025-06-23_1day\run_summary.txt,0,69.712331,69.712331,8.182613,0.04649,EUR/kWh,D:\Pycharm_project\PycharmProjects\EnergyBridge\experiments\real_data\germany_2025_price.csv,7.5956,7.5956,0.0,0.0,2.612,1.0,1.0,"['dishwasher', 'dryer', 'ev', 'washer', 'water_heater']",[],[]
household_s1_dual_commuter_standard,household_s1_dual_commuter_standard,no_dr,Germany,1,2025-06-23,d23_hist_d23_1,hist_d23_1,23,D:\Pycharm_project\PycharmProjects\EnergyBridge\experiments\real_data\germany_2025_price.csv,18.0,1.0,D:\Pycharm_project\PycharmProjects\EnergyBridge\benchmark_results\2026-07-21\_batch_logs\daily_event_configs\d23_hist_d23_1.json,skipped_done,0,0.0,D:\Pycharm_project\PycharmProjects\EnergyBridge\benchmark_results\2026-07-21\household_s1_dual_commuter_standard_no_dr_germany_d23_hist_d23_1_2025-06-23_1day,D:\Pycharm_project\PycharmProjects\EnergyBridge\benchmark_results\2026-07-21\_batch_logs\daily_dr_memory_germany_1day\household_s1_dual_commuter_standard_no_dr_germany_d23_hist_d23_1_2025-06-23_1day.log,D:\Pycharm_project\PycharmProjects\EnergyBridge\benchmark_results\2026-07-21\household_s1_dual_commuter_standard_no_dr_germany_d23_hist_d23_1_2025-06-23_1day\run_summary.txt,0,66.420158,66.420158,9.063138,0.04849,EUR/kWh,D:\Pycharm_project\PycharmProjects\EnergyBridge\experiments\real_data\germany_2025_price.csv,10.5614,10.5614,1.0,1.0,,0.0,1.0,[],"['dishwasher', 'dryer', 'ev', 'washer', 'water_heater']",[]
household_s2_multigeneration_caregiver,household_s2_multigeneration_caregiver,mpc_dynamic,Germany,1,2025-06-23,d23_hist_d23_1,hist_d23_1,23,D:\Pycharm_project\PycharmProjects\EnergyBridge\experiments\real_data\germany_2025_price.csv,18.0,1.0,D:\Pycharm_project\PycharmProjects\EnergyBridge\benchmark_results\2026-07-21\_batch_logs\daily_event_configs\d23_hist_d23_1.json,skipped_done,0,0.0,D:\Pycharm_project\PycharmProjects\EnergyBridge\benchmark_results\2026-07-21\household_s2_multigeneration_caregiver_mpc_dynamic_germany_d23_hist_d23_1_2025-06-23_1day,D:\Pycharm_project\PycharmProjects\EnergyBridge\benchmark_results\2026-07-21\_batch_logs\daily_dr_memory_germany_1day\household_s2_multigeneration_caregiver_mpc_dynamic_germany_d23_hist_d23_1_2025-06-23_1day.log,D:\Pycharm_project\PycharmProjects\EnergyBridge\benchmark_results\2026-07-21\household_s2_multigeneration_caregiver_mpc_dynamic_germany_d23_hist_d23_1_2025-06-23_1day\run_summary.txt,0,59.893854,59.893854,8.132288,0.045505,EUR/kWh,D:\Pycharm_project\PycharmProjects\EnergyBridge\experiments\real_data\germany_2025_price.csv,7.7296,7.7296,0.0,0.0,2.55,1.0,1.0,"['dishwasher', 'dryer', 'ev', 'washer', 'water_heater']",[],[]
household_s2_multigeneration_caregiver,household_s2_multigeneration_caregiver,no_dr,Germany,1,2025-06-23,d23_hist_d23_1,hist_d23_1,23,D:\Pycharm_project\PycharmProjects\EnergyBridge\experiments\real_data\germany_2025_price.csv,18.0,1.0,D:\Pycharm_project\PycharmProjects\EnergyBridge\benchmark_results\2026-07-21\_batch_logs\daily_event_configs\d23_hist_d23_1.json,skipped_done,0,0.0,D:\Pycharm_project\PycharmProjects\EnergyBridge\benchmark_results\2026-07-21\household_s2_multigeneration_caregiver_no_dr_germany_d23_hist_d23_1_2025-06-23_1day,D:\Pycharm_project\PycharmProjects\EnergyBridge\benchmark_results\2026-07-21\_batch_logs\daily_dr_memory_germany_1day\household_s2_multigeneration_caregiver_no_dr_germany_d23_hist_d23_1_2025-06-23_1day.log,D:\Pycharm_project\PycharmProjects\EnergyBridge\benchmark_results\2026-07-21\household_s2_multigeneration_caregiver_no_dr_germany_d23_hist_d23_1_2025-06-23_1day\run_summary.txt,0,58.912081,58.912081,8.654424,0.04749,EUR/kWh,D:\Pycharm_project\PycharmProjects\EnergyBridge\experiments\real_data\germany_2025_price.csv,10.6014,10.6014,1.0,1.0,,0.0,1.0,[],"['dishwasher', 'dryer', 'ev', 'washer', 'water_heater']",[]
household_s3_hybrid_work_from_home,household_s3_hybrid_work_from_home,no_dr,Germany,1,2025-06-23,d23_hist_d23_1,hist_d23_1,23,D:\Pycharm_project\PycharmProjects\EnergyBridge\experiments\real_data\germany_2025_price.csv,18.0,1.0,D:\Pycharm_project\PycharmProjects\EnergyBridge\benchmark_results\2026-07-21\_batch_logs\daily_event_configs\d23_hist_d23_1.json,skipped_done,0,0.0,D:\Pycharm_project\PycharmProjects\EnergyBridge\benchmark_results\2026-07-21\household_s3_hybrid_work_from_home_no_dr_germany_d23_hist_d23_1_2025-06-23_1day,D:\Pycharm_project\PycharmProjects\EnergyBridge\benchmark_results\2026-07-21\_batch_logs\daily_dr_memory_germany_1day\household_s3_hybrid_work_from_home_no_dr_germany_d23_hist_d23_1_2025-06-23_1day.log,D:\Pycharm_project\PycharmProjects\EnergyBridge\benchmark_results\2026-07-21\household_s3_hybrid_work_from_home_no_dr_germany_d23_hist_d23_1_2025-06-23_1day\run_summary.txt,0,59.949481,59.949481,8.810769,0.048011,EUR/kWh,D:\Pycharm_project\PycharmProjects\EnergyBridge\experiments\real_data\germany_2025_price.csv,10.5673,10.5673,1.0,1.0,,0.0,0.8,[],"['dishwasher', 'dryer', 'ev', 'washer', 'water_heater']",[]
household_s4_ev_commuter_flexible,household_s4_ev_commuter_flexible,no_dr,Germany,1,2025-06-23,d23_hist_d23_1,hist_d23_1,23,D:\Pycharm_project\PycharmProjects\EnergyBridge\experiments\real_data\germany_2025_price.csv,18.0,1.0,D:\Pycharm_project\PycharmProjects\EnergyBridge\benchmark_results\2026-07-21\_batch_logs\daily_event_configs\d23_hist_d23_1.json,skipped_done,0,0.0,D:\Pycharm_project\PycharmProjects\EnergyBridge\benchmark_results\2026-07-21\household_s4_ev_commuter_flexible_no_dr_germany_d23_hist_d23_1_2025-06-23_1day,D:\Pycharm_project\PycharmProjects\EnergyBridge\benchmark_results\2026-07-21\_batch_logs\daily_dr_memory_germany_1day\household_s4_ev_commuter_flexible_no_dr_germany_d23_hist_d23_1_2025-06-23_1day.log,D:\Pycharm_project\PycharmProjects\EnergyBridge\benchmark_results\2026-07-21\household_s4_ev_commuter_flexible_no_dr_germany_d23_hist_d23_1_2025-06-23_1day\run_summary.txt,0,68.460737,68.460737,9.24028,0.048904,EUR/kWh,D:\Pycharm_project\PycharmProjects\EnergyBridge\experiments\real_data\germany_2025_price.csv,10.5614,10.5614,1.0,1.0,,0.0,1.0,[],"['dishwasher', 'dryer', 'ev', 'washer', 'water_heater']",[]
household_s3_hybrid_work_from_home,household_s3_hybrid_work_from_home,mpc_dynamic,Germany,1,2025-06-23,d23_hist_d23_1,hist_d23_1,23,D:\Pycharm_project\PycharmProjects\EnergyBridge\experiments\real_data\germany_2025_price.csv,18.0,1.0,D:\Pycharm_project\PycharmProjects\EnergyBridge\benchmark_results\2026-07-21\_batch_logs\daily_event_configs\d23_hist_d23_1.json,skipped_done,0,0.0,D:\Pycharm_project\PycharmProjects\EnergyBridge\benchmark_results\2026-07-21\household_s3_hybrid_work_from_home_mpc_dynamic_germany_d23_hist_d23_1_2025-06-23_1day,D:\Pycharm_project\PycharmProjects\EnergyBridge\benchmark_results\2026-07-21\_batch_logs\daily_dr_memory_germany_1day\household_s3_hybrid_work_from_home_mpc_dynamic_germany_d23_hist_d23_1_2025-06-23_1day.log,D:\Pycharm_project\PycharmProjects\EnergyBridge\benchmark_results\2026-07-21\household_s3_hybrid_work_from_home_mpc_dynamic_germany_d23_hist_d23_1_2025-06-23_1day\run_summary.txt,0,63.632878,63.632878,8.009762,0.045455,EUR/kWh,D:\Pycharm_project\PycharmProjects\EnergyBridge\experiments\real_data\germany_2025_price.csv,7.2076,7.2076,0.0,0.0,2.633,1.0,1.0,"['dishwasher', 'dryer', 'ev', 'washer', 'water_heater']",[],[]
household_s4_ev_commuter_flexible,household_s4_ev_commuter_flexible,mpc_dynamic,Germany,1,2025-06-23,d23_hist_d23_1,hist_d23_1,23,D:\Pycharm_project\PycharmProjects\EnergyBridge\experiments\real_data\germany_2025_price.csv,18.0,1.0,D:\Pycharm_project\PycharmProjects\EnergyBridge\benchmark_results\2026-07-21\_batch_logs\daily_event_configs\d23_hist_d23_1.json,skipped_done,0,0.0,D:\Pycharm_project\PycharmProjects\EnergyBridge\benchmark_results\2026-07-21\household_s4_ev_commuter_flexible_mpc_dynamic_germany_d23_hist_d23_1_2025-06-23_1day,D:\Pycharm_project\PycharmProjects\EnergyBridge\benchmark_results\2026-07-21\_batch_logs\daily_dr_memory_germany_1day\household_s4_ev_commuter_flexible_mpc_dynamic_germany_d23_hist_d23_1_2025-06-23_1day.log,D:\Pycharm_project\PycharmProjects\EnergyBridge\benchmark_results\2026-07-21\household_s4_ev_commuter_flexible_mpc_dynamic_germany_d23_hist_d23_1_2025-06-23_1day\run_summary.txt,0,72.232621,72.232621,8.393992,0.047017,EUR/kWh,D:\Pycharm_project\PycharmProjects\EnergyBridge\experiments\real_data\germany_2025_price.csv,7.5956,7.5956,0.0,0.0,2.678,1.0,1.0,"['dishwasher', 'dryer', 'ev', 'washer', 'water_heater']",[],[]
household_s5_shared_roommates_irregular,household_s5_shared_roommates_irregular,mpc_dynamic,Germany,1,2025-06-23,d23_hist_d23_1,hist_d23_1,23,D:\Pycharm_project\PycharmProjects\EnergyBridge\experiments\real_data\germany_2025_price.csv,18.0,1.0,D:\Pycharm_project\PycharmProjects\EnergyBridge\benchmark_results\2026-07-21\_batch_logs\daily_event_configs\d23_hist_d23_1.json,skipped_done,0,0.0,D:\Pycharm_project\PycharmProjects\EnergyBridge\benchmark_results\2026-07-21\household_s5_shared_roommates_irregular_mpc_dynamic_germany_d23_hist_d23_1_2025-06-23_1day,D:\Pycharm_project\PycharmProjects\EnergyBridge\benchmark_results\2026-07-21\_batch_logs\daily_dr_memory_germany_1day\household_s5_shared_roommates_irregular_mpc_dynamic_germany_d23_hist_d23_1_2025-06-23_1day.log,D:\Pycharm_project\PycharmProjects\EnergyBridge\benchmark_results\2026-07-21\household_s5_shared_roommates_irregular_mpc_dynamic_germany_d23_hist_d23_1_2025-06-23_1day\run_summary.txt,0,67.265954,67.265954,7.982287,0.04591,EUR/kWh,D:\Pycharm_project\PycharmProjects\EnergyBridge\experiments\real_data\germany_2025_price.csv,7.5956,7.5956,0.0,0.0,2.612,1.0,1.0,"['dishwasher', 'dryer', 'ev', 'washer', 'water_heater']",[],[]
household_s5_shared_roommates_irregular,household_s5_shared_roommates_irregular,no_dr,Germany,1,2025-06-23,d23_hist_d23_1,hist_d23_1,23,D:\Pycharm_project\PycharmProjects\EnergyBridge\experiments\real_data\germany_2025_price.csv,18.0,1.0,D:\Pycharm_project\PycharmProjects\EnergyBridge\benchmark_results\2026-07-21\_batch_logs\daily_event_configs\d23_hist_d23_1.json,skipped_done,0,0.0,D:\Pycharm_project\PycharmProjects\EnergyBridge\benchmark_results\2026-07-21\household_s5_shared_roommates_irregular_no_dr_germany_d23_hist_d23_1_2025-06-23_1day,D:\Pycharm_project\PycharmProjects\EnergyBridge\benchmark_results\2026-07-21\_batch_logs\daily_dr_memory_germany_1day\household_s5_shared_roommates_irregular_no_dr_germany_d23_hist_d23_1_2025-06-23_1day.log,D:\Pycharm_project\PycharmProjects\EnergyBridge\benchmark_results\2026-07-21\household_s5_shared_roommates_irregular_no_dr_germany_d23_hist_d23_1_2025-06-23_1day\run_summary.txt,0,59.712911,59.712911,8.807817,0.047947,EUR/kWh,D:\Pycharm_project\PycharmProjects\EnergyBridge\experiments\real_data\germany_2025_price.csv,10.5614,10.5614,1.0,1.0,,0.0,1.0,[],"['dishwasher', 'dryer', 'ev', 'washer', 'water_heater']",[]
household_s1_dual_commuter_standard,household_s1_dual_commuter_standard,mpc_dynamic,Tianjin,1,2025-06-23,d23_hist_d23_1,hist_d23_1,23,D:\Pycharm_project\PycharmProjects\EnergyBridge\experiments\real_data\tianjin_tou_price_normalized.csv,18.0,1.0,D:\Pycharm_project\PycharmProjects\EnergyBridge\benchmark_results\2026-07-21\_batch_logs\daily_event_configs\d23_hist_d23_1.json,skipped_done,0,0.0,D:\Pycharm_project\PycharmProjects\EnergyBridge\benchmark_results\2026-07-21\household_s1_dual_commuter_standard_mpc_dynamic_tianjin_d23_hist_d23_1_2025-06-23_1day,D:\Pycharm_project\PycharmProjects\EnergyBridge\benchmark_results\2026-07-21\_batch_logs\daily_dr_memory_tianjin_1day\household_s1_dual_commuter_standard_mpc_dynamic_tianjin_d23_hist_d23_1_2025-06-23_1day.log,D:\Pycharm_project\PycharmProjects\EnergyBridge\benchmark_results\2026-07-21\household_s1_dual_commuter_standard_mpc_dynamic_tianjin_d23_hist_d23_1_2025-06-23_1day\run_summary.txt,0,61.638969,61.638969,55.388203,1.079826,normalized TOU cost/kWh,D:\Pycharm_project\PycharmProjects\EnergyBridge\experiments\real_data\tianjin_tou_price_normalized.csv,1.9546,1.9546,0.0,0.0,2.673,1.0,1.0,"['dishwasher', 'dryer', 'ev', 'washer', 'water_heater']",[],[]
household_s1_dual_commuter_standard,household_s1_dual_commuter_standard,no_dr,Tianjin,1,2025-06-23,d23_hist_d23_1,hist_d23_1,23,D:\Pycharm_project\PycharmProjects\EnergyBridge\experiments\real_data\tianjin_tou_price_normalized.csv,18.0,1.0,D:\Pycharm_project\PycharmProjects\EnergyBridge\benchmark_results\2026-07-21\_batch_logs\daily_event_configs\d23_hist_d23_1.json,skipped_done,0,0.0,D:\Pycharm_project\PycharmProjects\EnergyBridge\benchmark_results\2026-07-21\household_s1_dual_commuter_standard_no_dr_tianjin_d23_hist_d23_1_2025-06-23_1day,D:\Pycharm_project\PycharmProjects\EnergyBridge\benchmark_results\2026-07-21\_batch_logs\daily_dr_memory_tianjin_1day\household_s1_dual_commuter_standard_no_dr_tianjin_d23_hist_d23_1_2025-06-23_1day.log,D:\Pycharm_project\PycharmProjects\EnergyBridge\benchmark_results\2026-07-21\household_s1_dual_commuter_standard_no_dr_tianjin_d23_hist_d23_1_2025-06-23_1day\run_summary.txt,0,60.899787,60.899787,67.40322,1.16829,normalized TOU cost/kWh,D:\Pycharm_project\PycharmProjects\EnergyBridge\experiments\real_data\tianjin_tou_price_normalized.csv,5.1661,5.1661,1.0,1.0,,0.0,1.0,[],"['dishwasher', 'dryer', 'ev', 'washer', 'water_heater']",[]
household_s2_multigeneration_caregiver,household_s2_multigeneration_caregiver,no_dr,Tianjin,1,2025-06-23,d23_hist_d23_1,hist_d23_1,23,D:\Pycharm_project\PycharmProjects\EnergyBridge\experiments\real_data\tianjin_tou_price_normalized.csv,18.0,1.0,D:\Pycharm_project\PycharmProjects\EnergyBridge\benchmark_results\2026-07-21\_batch_logs\daily_event_configs\d23_hist_d23_1.json,skipped_done,0,0.0,D:\Pycharm_project\PycharmProjects\EnergyBridge\benchmark_results\2026-07-21\household_s2_multigeneration_caregiver_no_dr_tianjin_d23_hist_d23_1_2025-06-23_1day,D:\Pycharm_project\PycharmProjects\EnergyBridge\benchmark_results\2026-07-21\_batch_logs\daily_dr_memory_tianjin_1day\household_s2_multigeneration_caregiver_no_dr_tianjin_d23_hist_d23_1_2025-06-23_1day.log,D:\Pycharm_project\PycharmProjects\EnergyBridge\benchmark_results\2026-07-21\household_s2_multigeneration_caregiver_no_dr_tianjin_d23_hist_d23_1_2025-06-23_1day\run_summary.txt,0,53.876675,53.876675,60.457136,1.193159,normalized TOU cost/kWh,D:\Pycharm_project\PycharmProjects\EnergyBridge\experiments\real_data\tianjin_tou_price_normalized.csv,5.2075,5.2075,1.0,1.0,,0.0,1.0,[],"['dishwasher', 'dryer', 'ev', 'washer', 'water_heater']",[]
household_s2_multigeneration_caregiver,household_s2_multigeneration_caregiver,mpc_dynamic,Tianjin,1,2025-06-23,d23_hist_d23_1,hist_d23_1,23,D:\Pycharm_project\PycharmProjects\EnergyBridge\experiments\real_data\tianjin_tou_price_normalized.csv,18.0,1.0,D:\Pycharm_project\PycharmProjects\EnergyBridge\benchmark_results\2026-07-21\_batch_logs\daily_event_configs\d23_hist_d23_1.json,skipped_done,0,0.0,D:\Pycharm_project\PycharmProjects\EnergyBridge\benchmark_results\2026-07-21\household_s2_multigeneration_caregiver_mpc_dynamic_tianjin_d23_hist_d23_1_2025-06-23_1day,D:\Pycharm_project\PycharmProjects\EnergyBridge\benchmark_results\2026-07-21\_batch_logs\daily_dr_memory_tianjin_1day\household_s2_multigeneration_caregiver_mpc_dynamic_tianjin_d23_hist_d23_1_2025-06-23_1day.log,D:\Pycharm_project\PycharmProjects\EnergyBridge\benchmark_results\2026-07-21\household_s2_multigeneration_caregiver_mpc_dynamic_tianjin_d23_hist_d23_1_2025-06-23_1day\run_summary.txt,0,54.489211,54.489211,55.183885,1.141047,normalized TOU cost/kWh,D:\Pycharm_project\PycharmProjects\EnergyBridge\experiments\real_data\tianjin_tou_price_normalized.csv,2.1524,2.1524,0.0,0.0,2.55,1.0,1.0,"['dishwasher', 'dryer', 'ev', 'washer', 'water_heater']",[],[]
household_s3_hybrid_work_from_home,household_s3_hybrid_work_from_home,mpc_dynamic,Tianjin,1,2025-06-23,d23_hist_d23_1,hist_d23_1,23,D:\Pycharm_project\PycharmProjects\EnergyBridge\experiments\real_data\tianjin_tou_price_normalized.csv,18.0,1.0,D:\Pycharm_project\PycharmProjects\EnergyBridge\benchmark_results\2026-07-21\_batch_logs\daily_event_configs\d23_hist_d23_1.json,skipped_done,0,0.0,D:\Pycharm_project\PycharmProjects\EnergyBridge\benchmark_results\2026-07-21\household_s3_hybrid_work_from_home_mpc_dynamic_tianjin_d23_hist_d23_1_2025-06-23_1day,D:\Pycharm_project\PycharmProjects\EnergyBridge\benchmark_results\2026-07-21\_batch_logs\daily_dr_memory_tianjin_1day\household_s3_hybrid_work_from_home_mpc_dynamic_tianjin_d23_hist_d23_1_2025-06-23_1day.log,D:\Pycharm_project\PycharmProjects\EnergyBridge\benchmark_results\2026-07-21\household_s3_hybrid_work_from_home_mpc_dynamic_tianjin_d23_hist_d23_1_2025-06-23_1day\run_summary.txt,0,57.40552,57.40552,52.428355,1.092722,normalized TOU cost/kWh,D:\Pycharm_project\PycharmProjects\EnergyBridge\experiments\real_data\tianjin_tou_price_normalized.csv,1.871,1.871,0.0,0.0,2.633,1.0,1.0,"['dishwasher', 'dryer', 'ev', 'washer', 'water_heater']",[],[]
household_s3_hybrid_work_from_home,household_s3_hybrid_work_from_home,no_dr,Tianjin,1,2025-06-23,d23_hist_d23_1,hist_d23_1,23,D:\Pycharm_project\PycharmProjects\EnergyBridge\experiments\real_data\tianjin_tou_price_normalized.csv,18.0,1.0,D:\Pycharm_project\PycharmProjects\EnergyBridge\benchmark_results\2026-07-21\_batch_logs\daily_event_configs\d23_hist_d23_1.json,skipped_done,0,0.0,D:\Pycharm_project\PycharmProjects\EnergyBridge\benchmark_results\2026-07-21\household_s3_hybrid_work_from_home_no_dr_tianjin_d23_hist_d23_1_2025-06-23_1day,D:\Pycharm_project\PycharmProjects\EnergyBridge\benchmark_results\2026-07-21\_batch_logs\daily_dr_memory_tianjin_1day\household_s3_hybrid_work_from_home_no_dr_tianjin_d23_hist_d23_1_2025-06-23_1day.log,D:\Pycharm_project\PycharmProjects\EnergyBridge\benchmark_results\2026-07-21\household_s3_hybrid_work_from_home_no_dr_tianjin_d23_hist_d23_1_2025-06-23_1day\run_summary.txt,0,57.100368,57.100368,63.727086,1.182401,normalized TOU cost/kWh,D:\Pycharm_project\PycharmProjects\EnergyBridge\experiments\real_data\tianjin_tou_price_normalized.csv,5.1767,5.1767,1.0,1.0,,0.0,0.8,[],"['dishwasher', 'dryer', 'ev', 'washer', 'water_heater']",[]
household_s4_ev_commuter_flexible,household_s4_ev_commuter_flexible,mpc_dynamic,Tianjin,1,2025-06-23,d23_hist_d23_1,hist_d23_1,23,D:\Pycharm_project\PycharmProjects\EnergyBridge\experiments\real_data\tianjin_tou_price_normalized.csv,18.0,1.0,D:\Pycharm_project\PycharmProjects\EnergyBridge\benchmark_results\2026-07-21\_batch_logs\daily_event_configs\d23_hist_d23_1.json,skipped_done,0,0.0,D:\Pycharm_project\PycharmProjects\EnergyBridge\benchmark_results\2026-07-21\household_s4_ev_commuter_flexible_mpc_dynamic_tianjin_d23_hist_d23_1_2025-06-23_1day,D:\Pycharm_project\PycharmProjects\EnergyBridge\benchmark_results\2026-07-21\_batch_logs\daily_dr_memory_tianjin_1day\household_s4_ev_commuter_flexible_mpc_dynamic_tianjin_d23_hist_d23_1_2025-06-23_1day.log,D:\Pycharm_project\PycharmProjects\EnergyBridge\benchmark_results\2026-07-21\household_s4_ev_commuter_flexible_mpc_dynamic_tianjin_d23_hist_d23_1_2025-06-23_1day\run_summary.txt,0,65.720128,65.720128,59.469362,1.073943,normalized TOU cost/kWh,D:\Pycharm_project\PycharmProjects\EnergyBridge\experiments\real_data\tianjin_tou_price_normalized.csv,1.9546,1.9546,0.0,0.0,2.65,1.0,1.0,"['dishwasher', 'dryer', 'ev', 'washer', 'water_heater']",[],[]
household_s4_ev_commuter_flexible,household_s4_ev_commuter_flexible,no_dr,Tianjin,1,2025-06-23,d23_hist_d23_1,hist_d23_1,23,D:\Pycharm_project\PycharmProjects\EnergyBridge\experiments\real_data\tianjin_tou_price_normalized.csv,18.0,1.0,D:\Pycharm_project\PycharmProjects\EnergyBridge\benchmark_results\2026-07-21\_batch_logs\daily_event_configs\d23_hist_d23_1.json,skipped_done,0,0.0,D:\Pycharm_project\PycharmProjects\EnergyBridge\benchmark_results\2026-07-21\household_s4_ev_commuter_flexible_no_dr_tianjin_d23_hist_d23_1_2025-06-23_1day,D:\Pycharm_project\PycharmProjects\EnergyBridge\benchmark_results\2026-07-21\_batch_logs\daily_dr_memory_tianjin_1day\household_s4_ev_commuter_flexible_no_dr_tianjin_d23_hist_d23_1_2025-06-23_1day.log,D:\Pycharm_project\PycharmProjects\EnergyBridge\benchmark_results\2026-07-21\household_s4_ev_commuter_flexible_no_dr_tianjin_d23_hist_d23_1_2025-06-23_1day\run_summary.txt,0,64.980946,64.980946,71.484379,1.157172,normalized TOU cost/kWh,D:\Pycharm_project\PycharmProjects\EnergyBridge\experiments\real_data\tianjin_tou_price_normalized.csv,5.1661,5.1661,1.0,1.0,,0.0,1.0,[],"['dishwasher', 'dryer', 'ev', 'washer', 'water_heater']",[]
household_s5_shared_roommates_irregular,household_s5_shared_roommates_irregular,mpc_dynamic,Tianjin,1,2025-06-23,d23_hist_d23_1,hist_d23_1,23,D:\Pycharm_project\PycharmProjects\EnergyBridge\experiments\real_data\tianjin_tou_price_normalized.csv,18.0,1.0,D:\Pycharm_project\PycharmProjects\EnergyBridge\benchmark_results\2026-07-21\_batch_logs\daily_event_configs\d23_hist_d23_1.json,skipped_done,0,0.0,D:\Pycharm_project\PycharmProjects\EnergyBridge\benchmark_results\2026-07-21\household_s5_shared_roommates_irregular_mpc_dynamic_tianjin_d23_hist_d23_1_2025-06-23_1day,D:\Pycharm_project\PycharmProjects\EnergyBridge\benchmark_results\2026-07-21\_batch_logs\daily_dr_memory_tianjin_1day\household_s5_shared_roommates_irregular_mpc_dynamic_tianjin_d23_hist_d23_1_2025-06-23_1day.log,D:\Pycharm_project\PycharmProjects\EnergyBridge\benchmark_results\2026-07-21\household_s5_shared_roommates_irregular_mpc_dynamic_tianjin_d23_hist_d23_1_2025-06-23_1day\run_summary.txt,0,57.55781,57.55781,51.307043,1.086727,normalized TOU cost/kWh,D:\Pycharm_project\PycharmProjects\EnergyBridge\experiments\real_data\tianjin_tou_price_normalized.csv,1.9546,1.9546,0.0,0.0,2.612,1.0,1.0,"['dishwasher', 'dryer', 'ev', 'washer', 'water_heater']",[],[]
household_s5_shared_roommates_irregular,household_s5_shared_roommates_irregular,no_dr,Tianjin,1,2025-06-23,d23_hist_d23_1,hist_d23_1,23,D:\Pycharm_project\PycharmProjects\EnergyBridge\experiments\real_data\tianjin_tou_price_normalized.csv,18.0,1.0,D:\Pycharm_project\PycharmProjects\EnergyBridge\benchmark_results\2026-07-21\_batch_logs\daily_event_configs\d23_hist_d23_1.json,skipped_done,0,0.0,D:\Pycharm_project\PycharmProjects\EnergyBridge\benchmark_results\2026-07-21\household_s5_shared_roommates_irregular_no_dr_tianjin_d23_hist_d23_1_2025-06-23_1day,D:\Pycharm_project\PycharmProjects\EnergyBridge\benchmark_results\2026-07-21\_batch_logs\daily_dr_memory_tianjin_1day\household_s5_shared_roommates_irregular_no_dr_tianjin_d23_hist_d23_1_2025-06-23_1day.log,D:\Pycharm_project\PycharmProjects\EnergyBridge\benchmark_results\2026-07-21\household_s5_shared_roommates_irregular_no_dr_tianjin_d23_hist_d23_1_2025-06-23_1day\run_summary.txt,0,56.818627,56.818627,63.32206,1.181101,normalized TOU cost/kWh,D:\Pycharm_project\PycharmProjects\EnergyBridge\experiments\real_data\tianjin_tou_price_normalized.csv,5.1661,5.1661,1.0,1.0,,0.0,1.0,[],"['dishwasher', 'dryer', 'ev', 'washer', 'water_heater']",[]
household_s1_dual_commuter_standard,household_s1_dual_commuter_standard,mpc_dynamic,Germany,1,2025-06-24,d24_hist_d24_1,hist_d24_1,24,D:\Pycharm_project\PycharmProjects\EnergyBridge\experiments\real_data\germany_2025_price.csv,18.0,1.0,D:\Pycharm_project\PycharmProjects\EnergyBridge\benchmark_results\2026-07-21\_batch_logs\daily_event_configs\d24_hist_d24_1.json,skipped_done,0,0.0,D:\Pycharm_project\PycharmProjects\EnergyBridge\benchmark_results\2026-07-21\household_s1_dual_commuter_standard_mpc_dynamic_germany_d24_hist_d24_1_2025-06-24_1day,D:\Pycharm_project\PycharmProjects\EnergyBridge\benchmark_results\2026-07-21\_batch_logs\daily_dr_memory_germany_1day\household_s1_dual_commuter_standard_mpc_dynamic_germany_d24_hist_d24_1_2025-06-24_1day.log,D:\Pycharm_project\PycharmProjects\EnergyBridge\benchmark_results\2026-07-21\household_s1_dual_commuter_standard_mpc_dynamic_germany_d24_hist_d24_1_2025-06-24_1day\run_summary.txt,0,66.140693,66.140693,9.749673,0.05336,EUR/kWh,D:\Pycharm_project\PycharmProjects\EnergyBridge\experiments\real_data\germany_2025_price.csv,7.7351,7.7351,0.0,0.0,2.612,1.0,1.0,"['dishwasher', 'dryer', 'ev', 'washer', 'water_heater']",[],[]
household_s1_dual_commuter_standard,household_s1_dual_commuter_standard,no_dr,Germany,1,2025-06-24,d24_hist_d24_1,hist_d24_1,24,D:\Pycharm_project\PycharmProjects\EnergyBridge\experiments\real_data\germany_2025_price.csv,18.0,1.0,D:\Pycharm_project\PycharmProjects\EnergyBridge\benchmark_results\2026-07-21\_batch_logs\daily_event_configs\d24_hist_d24_1.json,skipped_done,0,0.0,D:\Pycharm_project\PycharmProjects\EnergyBridge\benchmark_results\2026-07-21\household_s1_dual_commuter_standard_no_dr_germany_d24_hist_d24_1_2025-06-24_1day,D:\Pycharm_project\PycharmProjects\EnergyBridge\benchmark_results\2026-07-21\_batch_logs\daily_dr_memory_germany_1day\household_s1_dual_commuter_standard_no_dr_germany_d24_hist_d24_1_2025-06-24_1day.log,D:\Pycharm_project\PycharmProjects\EnergyBridge\benchmark_results\2026-07-21\household_s1_dual_commuter_standard_no_dr_germany_d24_hist_d24_1_2025-06-24_1day\run_summary.txt,0,60.480161,60.480161,10.64382,0.056275,EUR/kWh,D:\Pycharm_project\PycharmProjects\EnergyBridge\experiments\real_data\germany_2025_price.csv,10.7199,10.7199,1.0,1.0,,0.0,1.0,[],"['dishwasher', 'dryer', 'ev', 'washer', 'water_heater']",[]
household_s2_multigeneration_caregiver,household_s2_multigeneration_caregiver,mpc_dynamic,Germany,1,2025-06-24,d24_hist_d24_1,hist_d24_1,24,D:\Pycharm_project\PycharmProjects\EnergyBridge\experiments\real_data\germany_2025_price.csv,18.0,1.0,D:\Pycharm_project\PycharmProjects\EnergyBridge\benchmark_results\2026-07-21\_batch_logs\daily_event_configs\d24_hist_d24_1.json,skipped_done,0,0.0,D:\Pycharm_project\PycharmProjects\EnergyBridge\benchmark_results\2026-07-21\household_s2_multigeneration_caregiver_mpc_dynamic_germany_d24_hist_d24_1_2025-06-24_1day,D:\Pycharm_project\PycharmProjects\EnergyBridge\benchmark_results\2026-07-21\_batch_logs\daily_dr_memory_germany_1day\household_s2_multigeneration_caregiver_mpc_dynamic_germany_d24_hist_d24_1_2025-06-24_1day.log,D:\Pycharm_project\PycharmProjects\EnergyBridge\benchmark_results\2026-07-21\household_s2_multigeneration_caregiver_mpc_dynamic_germany_d24_hist_d24_1_2025-06-24_1day\run_summary.txt,0,54.492486,54.492486,9.177161,0.051576,EUR/kWh,D:\Pycharm_project\PycharmProjects\EnergyBridge\experiments\real_data\germany_2025_price.csv,7.8847,7.8847,0.0,0.0,2.55,1.0,1.0,"['dishwasher', 'dryer', 'ev', 'washer', 'water_heater']",[],[]
household_s2_multigeneration_caregiver,household_s2_multigeneration_caregiver,no_dr,Germany,1,2025-06-24,d24_hist_d24_1,hist_d24_1,24,D:\Pycharm_project\PycharmProjects\EnergyBridge\experiments\real_data\germany_2025_price.csv,18.0,1.0,D:\Pycharm_project\PycharmProjects\EnergyBridge\benchmark_results\2026-07-21\_batch_logs\daily_event_configs\d24_hist_d24_1.json,skipped_done,0,0.0,D:\Pycharm_project\PycharmProjects\EnergyBridge\benchmark_results\2026-07-21\household_s2_multigeneration_caregiver_no_dr_germany_d24_hist_d24_1_2025-06-24_1day,D:\Pycharm_project\PycharmProjects\EnergyBridge\benchmark_results\2026-07-21\_batch_logs\daily_dr_memory_germany_1day\household_s2_multigeneration_caregiver_no_dr_germany_d24_hist_d24_1_2025-06-24_1day.log,D:\Pycharm_project\PycharmProjects\EnergyBridge\benchmark_results\2026-07-21\household_s2_multigeneration_caregiver_no_dr_germany_d24_hist_d24_1_2025-06-24_1day\run_summary.txt,0,53.163153,53.163153,10.018234,0.055254,EUR/kWh,D:\Pycharm_project\PycharmProjects\EnergyBridge\experiments\real_data\germany_2025_price.csv,10.7619,10.7619,1.0,1.0,,0.0,1.0,[],"['dishwasher', 'dryer', 'ev', 'washer', 'water_heater']",[]
household_s3_hybrid_work_from_home,household_s3_hybrid_work_from_home,mpc_dynamic,Germany,1,2025-06-24,d24_hist_d24_1,hist_d24_1,24,D:\Pycharm_project\PycharmProjects\EnergyBridge\experiments\real_data\germany_2025_price.csv,18.0,1.0,D:\Pycharm_project\PycharmProjects\EnergyBridge\benchmark_results\2026-07-21\_batch_logs\daily_event_configs\d24_hist_d24_1.json,skipped_done,0,0.0,D:\Pycharm_project\PycharmProjects\EnergyBridge\benchmark_results\2026-07-21\household_s3_hybrid_work_from_home_mpc_dynamic_germany_d24_hist_d24_1_2025-06-24_1day,D:\Pycharm_project\PycharmProjects\EnergyBridge\benchmark_results\2026-07-21\_batch_logs\daily_dr_memory_germany_1day\household_s3_hybrid_work_from_home_mpc_dynamic_germany_d24_hist_d24_1_2025-06-24_1day.log,D:\Pycharm_project\PycharmProjects\EnergyBridge\benchmark_results\2026-07-21\household_s3_hybrid_work_from_home_mpc_dynamic_germany_d24_hist_d24_1_2025-06-24_1day\run_summary.txt,0,58.819593,58.819593,9.383943,0.0522,EUR/kWh,D:\Pycharm_project\PycharmProjects\EnergyBridge\experiments\real_data\germany_2025_price.csv,7.376,7.376,0.0,0.0,2.633,1.0,1.0,"['dishwasher', 'dryer', 'ev', 'washer', 'water_heater']",[],[]
household_s4_ev_commuter_flexible,household_s4_ev_commuter_flexible,mpc_dynamic,Germany,1,2025-06-24,d24_hist_d24_1,hist_d24_1,24,D:\Pycharm_project\PycharmProjects\EnergyBridge\experiments\real_data\germany_2025_price.csv,18.0,1.0,D:\Pycharm_project\PycharmProjects\EnergyBridge\benchmark_results\2026-07-21\_batch_logs\daily_event_configs\d24_hist_d24_1.json,skipped_done,0,0.0,D:\Pycharm_project\PycharmProjects\EnergyBridge\benchmark_results\2026-07-21\household_s4_ev_commuter_flexible_mpc_dynamic_germany_d24_hist_d24_1_2025-06-24_1day,D:\Pycharm_project\PycharmProjects\EnergyBridge\benchmark_results\2026-07-21\_batch_logs\daily_dr_memory_germany_1day\household_s4_ev_commuter_flexible_mpc_dynamic_germany_d24_hist_d24_1_2025-06-24_1day.log,D:\Pycharm_project\PycharmProjects\EnergyBridge\benchmark_results\2026-07-21\household_s4_ev_commuter_flexible_mpc_dynamic_germany_d24_hist_d24_1_2025-06-24_1day\run_summary.txt,0,70.908809,70.908809,10.043334,0.053905,EUR/kWh,D:\Pycharm_project\PycharmProjects\EnergyBridge\experiments\real_data\germany_2025_price.csv,7.7351,7.7351,0.0,0.0,2.65,1.0,1.0,"['dishwasher', 'dryer', 'ev', 'washer', 'water_heater']",[],[]
household_s3_hybrid_work_from_home,household_s3_hybrid_work_from_home,no_dr,Germany,1,2025-06-24,d24_hist_d24_1,hist_d24_1,24,D:\Pycharm_project\PycharmProjects\EnergyBridge\experiments\real_data\germany_2025_price.csv,18.0,1.0,D:\Pycharm_project\PycharmProjects\EnergyBridge\benchmark_results\2026-07-21\_batch_logs\daily_event_configs\d24_hist_d24_1.json,skipped_done,0,0.0,D:\Pycharm_project\PycharmProjects\EnergyBridge\benchmark_results\2026-07-21\household_s3_hybrid_work_from_home_no_dr_germany_d24_hist_d24_1_2025-06-24_1day,D:\Pycharm_project\PycharmProjects\EnergyBridge\benchmark_results\2026-07-21\_batch_logs\daily_dr_memory_germany_1day\household_s3_hybrid_work_from_home_no_dr_germany_d24_hist_d24_1_2025-06-24_1day.log,D:\Pycharm_project\PycharmProjects\EnergyBridge\benchmark_results\2026-07-21\household_s3_hybrid_work_from_home_no_dr_germany_d24_hist_d24_1_2025-06-24_1day\run_summary.txt,0,56.638311,56.638311,10.327227,0.05586,EUR/kWh,D:\Pycharm_project\PycharmProjects\EnergyBridge\experiments\real_data\germany_2025_price.csv,10.7278,10.7278,1.0,1.0,,0.0,0.8,[],"['dishwasher', 'dryer', 'ev', 'washer', 'water_heater']",[]
household_s4_ev_commuter_flexible,household_s4_ev_commuter_flexible,no_dr,Germany,1,2025-06-24,d24_hist_d24_1,hist_d24_1,24,D:\Pycharm_project\PycharmProjects\EnergyBridge\experiments\real_data\germany_2025_price.csv,18.0,1.0,D:\Pycharm_project\PycharmProjects\EnergyBridge\benchmark_results\2026-07-21\_batch_logs\daily_event_configs\d24_hist_d24_1.json,skipped_done,0,0.0,D:\Pycharm_project\PycharmProjects\EnergyBridge\benchmark_results\2026-07-21\household_s4_ev_commuter_flexible_no_dr_germany_d24_hist_d24_1_2025-06-24_1day,D:\Pycharm_project\PycharmProjects\EnergyBridge\benchmark_results\2026-07-21\_batch_logs\daily_dr_memory_germany_1day\household_s4_ev_commuter_flexible_no_dr_germany_d24_hist_d24_1_2025-06-24_1day.log,D:\Pycharm_project\PycharmProjects\EnergyBridge\benchmark_results\2026-07-21\household_s4_ev_commuter_flexible_no_dr_germany_d24_hist_d24_1_2025-06-24_1day\run_summary.txt,0,64.561321,64.561321,10.962272,0.056735,EUR/kWh,D:\Pycharm_project\PycharmProjects\EnergyBridge\experiments\real_data\germany_2025_price.csv,10.7199,10.7199,1.0,1.0,,0.0,1.0,[],"['dishwasher', 'dryer', 'ev', 'washer', 'water_heater']",[]
household_s5_shared_roommates_irregular,household_s5_shared_roommates_irregular,no_dr,Germany,1,2025-06-24,d24_hist_d24_1,hist_d24_1,24,D:\Pycharm_project\PycharmProjects\EnergyBridge\experiments\real_data\germany_2025_price.csv,18.0,1.0,D:\Pycharm_project\PycharmProjects\EnergyBridge\benchmark_results\2026-07-21\_batch_logs\daily_event_configs\d24_hist_d24_1.json,skipped_done,0,0.0,D:\Pycharm_project\PycharmProjects\EnergyBridge\benchmark_results\2026-07-21\household_s5_shared_roommates_irregular_no_dr_germany_d24_hist_d24_1_2025-06-24_1day,D:\Pycharm_project\PycharmProjects\EnergyBridge\benchmark_results\2026-07-21\_batch_logs\daily_dr_memory_germany_1day\household_s5_shared_roommates_irregular_no_dr_germany_d24_hist_d24_1_2025-06-24_1day.log,D:\Pycharm_project\PycharmProjects\EnergyBridge\benchmark_results\2026-07-21\household_s5_shared_roommates_irregular_no_dr_germany_d24_hist_d24_1_2025-06-24_1day\run_summary.txt,0,56.399002,56.399002,10.326673,0.055802,EUR/kWh,D:\Pycharm_project\PycharmProjects\EnergyBridge\experiments\real_data\germany_2025_price.csv,10.7199,10.7199,1.0,1.0,,0.0,1.0,[],"['dishwasher', 'dryer', 'ev', 'washer', 'water_heater']",[]
household_s5_shared_roommates_irregular,household_s5_shared_roommates_irregular,mpc_dynamic,Germany,1,2025-06-24,d24_hist_d24_1,hist_d24_1,24,D:\Pycharm_project\PycharmProjects\EnergyBridge\experiments\real_data\germany_2025_price.csv,18.0,1.0,D:\Pycharm_project\PycharmProjects\EnergyBridge\benchmark_results\2026-07-21\_batch_logs\daily_event_configs\d24_hist_d24_1.json,skipped_done,0,0.0,D:\Pycharm_project\PycharmProjects\EnergyBridge\benchmark_results\2026-07-21\household_s5_shared_roommates_irregular_mpc_dynamic_germany_d24_hist_d24_1_2025-06-24_1day,D:\Pycharm_project\PycharmProjects\EnergyBridge\benchmark_results\2026-07-21\_batch_logs\daily_dr_memory_germany_1day\household_s5_shared_roommates_irregular_mpc_dynamic_germany_d24_hist_d24_1_2025-06-24_1day.log,D:\Pycharm_project\PycharmProjects\EnergyBridge\benchmark_results\2026-07-21\household_s5_shared_roommates_irregular_mpc_dynamic_germany_d24_hist_d24_1_2025-06-24_1day\run_summary.txt,0,62.059533,62.059533,9.421244,0.05274,EUR/kWh,D:\Pycharm_project\PycharmProjects\EnergyBridge\experiments\real_data\germany_2025_price.csv,7.7351,7.7351,0.0,0.0,2.612,1.0,1.0,"['dishwasher', 'dryer', 'ev', 'washer', 'water_heater']",[],[]
household_s1_dual_commuter_standard,household_s1_dual_commuter_standard,mpc_dynamic,Tianjin,1,2025-06-24,d24_hist_d24_1,hist_d24_1,24,D:\Pycharm_project\PycharmProjects\EnergyBridge\experiments\real_data\tianjin_tou_price_normalized.csv,18.0,1.0,D:\Pycharm_project\PycharmProjects\EnergyBridge\benchmark_results\2026-07-21\_batch_logs\daily_event_configs\d24_hist_d24_1.json,skipped_done,0,0.0,D:\Pycharm_project\PycharmProjects\EnergyBridge\benchmark_results\2026-07-21\household_s1_dual_commuter_standard_mpc_dynamic_tianjin_d24_hist_d24_1_2025-06-24_1day,D:\Pycharm_project\PycharmProjects\EnergyBridge\benchmark_results\2026-07-21\_batch_logs\daily_dr_memory_tianjin_1day\household_s1_dual_commuter_standard_mpc_dynamic_tianjin_d24_hist_d24_1_2025-06-24_1day.log,D:\Pycharm_project\PycharmProjects\EnergyBridge\benchmark_results\2026-07-21\household_s1_dual_commuter_standard_mpc_dynamic_tianjin_d24_hist_d24_1_2025-06-24_1day\run_summary.txt,0,80.596526,80.596526,60.709358,1.140787,normalized TOU cost/kWh,D:\Pycharm_project\PycharmProjects\EnergyBridge\experiments\real_data\tianjin_tou_price_normalized.csv,3.7989,3.7989,0.0,0.0,2.612,1.0,1.0,"['dishwasher', 'dryer', 'ev', 'washer', 'water_heater']",[],[]
household_s1_dual_commuter_standard,household_s1_dual_commuter_standard,no_dr,Tianjin,1,2025-06-24,d24_hist_d24_1,hist_d24_1,24,D:\Pycharm_project\PycharmProjects\EnergyBridge\experiments\real_data\tianjin_tou_price_normalized.csv,18.0,1.0,D:\Pycharm_project\PycharmProjects\EnergyBridge\benchmark_results\2026-07-21\_batch_logs\daily_event_configs\d24_hist_d24_1.json,skipped_done,0,0.0,D:\Pycharm_project\PycharmProjects\EnergyBridge\benchmark_results\2026-07-21\household_s1_dual_commuter_standard_no_dr_tianjin_d24_hist_d24_1_2025-06-24_1day,D:\Pycharm_project\PycharmProjects\EnergyBridge\benchmark_results\2026-07-21\_batch_logs\daily_dr_memory_tianjin_1day\household_s1_dual_commuter_standard_no_dr_tianjin_d24_hist_d24_1_2025-06-24_1day.log,D:\Pycharm_project\PycharmProjects\EnergyBridge\benchmark_results\2026-07-21\household_s1_dual_commuter_standard_no_dr_tianjin_d24_hist_d24_1_2025-06-24_1day\run_summary.txt,0,77.287184,77.287184,71.947803,1.197645,normalized TOU cost/kWh,D:\Pycharm_project\PycharmProjects\EnergyBridge\experiments\real_data\tianjin_tou_price_normalized.csv,5.462,5.462,1.0,1.0,,0.0,1.0,[],"['dishwasher', 'dryer', 'ev', 'washer', 'water_heater']",[]
household_s2_multigeneration_caregiver,household_s2_multigeneration_caregiver,mpc_dynamic,Tianjin,1,2025-06-24,d24_hist_d24_1,hist_d24_1,24,D:\Pycharm_project\PycharmProjects\EnergyBridge\experiments\real_data\tianjin_tou_price_normalized.csv,18.0,1.0,D:\Pycharm_project\PycharmProjects\EnergyBridge\benchmark_results\2026-07-21\_batch_logs\daily_event_configs\d24_hist_d24_1.json,skipped_done,0,0.0,D:\Pycharm_project\PycharmProjects\EnergyBridge\benchmark_results\2026-07-21\household_s2_multigeneration_caregiver_mpc_dynamic_tianjin_d24_hist_d24_1_2025-06-24_1day,D:\Pycharm_project\PycharmProjects\EnergyBridge\benchmark_results\2026-07-21\_batch_logs\daily_dr_memory_tianjin_1day\household_s2_multigeneration_caregiver_mpc_dynamic_tianjin_d24_hist_d24_1_2025-06-24_1day.log,D:\Pycharm_project\PycharmProjects\EnergyBridge\benchmark_results\2026-07-21\household_s2_multigeneration_caregiver_mpc_dynamic_tianjin_d24_hist_d24_1_2025-06-24_1day\run_summary.txt,0,73.39585,73.39585,62.380645,1.170858,normalized TOU cost/kWh,D:\Pycharm_project\PycharmProjects\EnergyBridge\experiments\real_data\tianjin_tou_price_normalized.csv,3.6675,3.6675,0.0,0.0,2.55,1.0,1.0,"['dishwasher', 'dryer', 'ev', 'washer', 'water_heater']",[],[]
household_s2_multigeneration_caregiver,household_s2_multigeneration_caregiver,no_dr,Tianjin,1,2025-06-24,d24_hist_d24_1,hist_d24_1,24,D:\Pycharm_project\PycharmProjects\EnergyBridge\experiments\real_data\tianjin_tou_price_normalized.csv,18.0,1.0,D:\Pycharm_project\PycharmProjects\EnergyBridge\benchmark_results\2026-07-21\_batch_logs\daily_event_configs\d24_hist_d24_1.json,skipped_done,0,0.0,D:\Pycharm_project\PycharmProjects\EnergyBridge\benchmark_results\2026-07-21\household_s2_multigeneration_caregiver_no_dr_tianjin_d24_hist_d24_1_2025-06-24_1day,D:\Pycharm_project\PycharmProjects\EnergyBridge\benchmark_results\2026-07-21\_batch_logs\daily_dr_memory_tianjin_1day\household_s2_multigeneration_caregiver_no_dr_tianjin_d24_hist_d24_1_2025-06-24_1day.log,D:\Pycharm_project\PycharmProjects\EnergyBridge\benchmark_results\2026-07-21\household_s2_multigeneration_caregiver_no_dr_tianjin_d24_hist_d24_1_2025-06-24_1day\run_summary.txt,0,72.424996,72.424996,65.068556,1.224626,normalized TOU cost/kWh,D:\Pycharm_project\PycharmProjects\EnergyBridge\experiments\real_data\tianjin_tou_price_normalized.csv,5.5201,5.5201,1.0,1.0,,0.0,1.0,[],"['dishwasher', 'dryer', 'ev', 'washer', 'water_heater']",[]
household_s3_hybrid_work_from_home,household_s3_hybrid_work_from_home,mpc_dynamic,Tianjin,1,2025-06-24,d24_hist_d24_1,hist_d24_1,24,D:\Pycharm_project\PycharmProjects\EnergyBridge\experiments\real_data\tianjin_tou_price_normalized.csv,18.0,1.0,D:\Pycharm_project\PycharmProjects\EnergyBridge\benchmark_results\2026-07-21\_batch_logs\daily_event_configs\d24_hist_d24_1.json,skipped_done,0,0.0,D:\Pycharm_project\PycharmProjects\EnergyBridge\benchmark_results\2026-07-21\household_s3_hybrid_work_from_home_mpc_dynamic_tianjin_d24_hist_d24_1_2025-06-24_1day,D:\Pycharm_project\PycharmProjects\EnergyBridge\benchmark_results\2026-07-21\_batch_logs\daily_dr_memory_tianjin_1day\household_s3_hybrid_work_from_home_mpc_dynamic_tianjin_d24_hist_d24_1_2025-06-24_1day.log,D:\Pycharm_project\PycharmProjects\EnergyBridge\benchmark_results\2026-07-21\household_s3_hybrid_work_from_home_mpc_dynamic_tianjin_d24_hist_d24_1_2025-06-24_1day\run_summary.txt,0,74.367761,74.367761,58.355118,1.156706,normalized TOU cost/kWh,D:\Pycharm_project\PycharmProjects\EnergyBridge\experiments\real_data\tianjin_tou_price_normalized.csv,3.3657,3.3657,0.0,0.0,2.633,1.0,1.0,"['dishwasher', 'dryer', 'ev', 'washer', 'water_heater']",[],[]
household_s3_hybrid_work_from_home,household_s3_hybrid_work_from_home,no_dr,Tianjin,1,2025-06-24,d24_hist_d24_1,hist_d24_1,24,D:\Pycharm_project\PycharmProjects\EnergyBridge\experiments\real_data\tianjin_tou_price_normalized.csv,18.0,1.0,D:\Pycharm_project\PycharmProjects\EnergyBridge\benchmark_results\2026-07-21\_batch_logs\daily_event_configs\d24_hist_d24_1.json,skipped_done,0,0.0,D:\Pycharm_project\PycharmProjects\EnergyBridge\benchmark_results\2026-07-21\household_s3_hybrid_work_from_home_no_dr_tianjin_d24_hist_d24_1_2025-06-24_1day,D:\Pycharm_project\PycharmProjects\EnergyBridge\benchmark_results\2026-07-21\_batch_logs\daily_dr_memory_tianjin_1day\household_s3_hybrid_work_from_home_no_dr_tianjin_d24_hist_d24_1_2025-06-24_1day.log,D:\Pycharm_project\PycharmProjects\EnergyBridge\benchmark_results\2026-07-21\household_s3_hybrid_work_from_home_no_dr_tianjin_d24_hist_d24_1_2025-06-24_1day\run_summary.txt,0,74.668512,74.668512,68.775623,1.196672,normalized TOU cost/kWh,D:\Pycharm_project\PycharmProjects\EnergyBridge\experiments\real_data\tianjin_tou_price_normalized.csv,5.4638,5.4638,1.0,1.0,,0.0,0.8,[],"['dishwasher', 'dryer', 'ev', 'washer', 'water_heater']",[]
household_s4_ev_commuter_flexible,household_s4_ev_commuter_flexible,mpc_dynamic,Tianjin,1,2025-06-24,d24_hist_d24_1,hist_d24_1,24,D:\Pycharm_project\PycharmProjects\EnergyBridge\experiments\real_data\tianjin_tou_price_normalized.csv,18.0,1.0,D:\Pycharm_project\PycharmProjects\EnergyBridge\benchmark_results\2026-07-21\_batch_logs\daily_event_configs\d24_hist_d24_1.json,skipped_done,0,0.0,D:\Pycharm_project\PycharmProjects\EnergyBridge\benchmark_results\2026-07-21\household_s4_ev_commuter_flexible_mpc_dynamic_tianjin_d24_hist_d24_1_2025-06-24_1day,D:\Pycharm_project\PycharmProjects\EnergyBridge\benchmark_results\2026-07-21\_batch_logs\daily_dr_memory_tianjin_1day\household_s4_ev_commuter_flexible_mpc_dynamic_tianjin_d24_hist_d24_1_2025-06-24_1day.log,D:\Pycharm_project\PycharmProjects\EnergyBridge\benchmark_results\2026-07-21\household_s4_ev_commuter_flexible_mpc_dynamic_tianjin_d24_hist_d24_1_2025-06-24_1day\run_summary.txt,0,84.677685,84.677685,64.790517,1.130759,normalized TOU cost/kWh,D:\Pycharm_project\PycharmProjects\EnergyBridge\experiments\real_data\tianjin_tou_price_normalized.csv,3.7989,3.7989,0.0,0.0,2.65,1.0,1.0,"['dishwasher', 'dryer', 'ev', 'washer', 'water_heater']",[],[]
household_s4_ev_commuter_flexible,household_s4_ev_commuter_flexible,no_dr,Tianjin,1,2025-06-24,d24_hist_d24_1,hist_d24_1,24,D:\Pycharm_project\PycharmProjects\EnergyBridge\experiments\real_data\tianjin_tou_price_normalized.csv,18.0,1.0,D:\Pycharm_project\PycharmProjects\EnergyBridge\benchmark_results\2026-07-21\_batch_logs\daily_event_configs\d24_hist_d24_1.json,skipped_done,0,0.0,D:\Pycharm_project\PycharmProjects\EnergyBridge\benchmark_results\2026-07-21\household_s4_ev_commuter_flexible_no_dr_tianjin_d24_hist_d24_1_2025-06-24_1day,D:\Pycharm_project\PycharmProjects\EnergyBridge\benchmark_results\2026-07-21\_batch_logs\daily_dr_memory_tianjin_1day\household_s4_ev_commuter_flexible_no_dr_tianjin_d24_hist_d24_1_2025-06-24_1day.log,D:\Pycharm_project\PycharmProjects\EnergyBridge\benchmark_results\2026-07-21\household_s4_ev_commuter_flexible_no_dr_tianjin_d24_hist_d24_1_2025-06-24_1day\run_summary.txt,0,81.368343,81.368343,76.028962,1.185072,normalized TOU cost/kWh,D:\Pycharm_project\PycharmProjects\EnergyBridge\experiments\real_data\tianjin_tou_price_normalized.csv,5.462,5.462,1.0,1.0,,0.0,1.0,[],"['dishwasher', 'dryer', 'ev', 'washer', 'water_heater']",[]
household_s5_shared_roommates_irregular,household_s5_shared_roommates_irregular,no_dr,Tianjin,1,2025-06-24,d24_hist_d24_1,hist_d24_1,24,D:\Pycharm_project\PycharmProjects\EnergyBridge\experiments\real_data\tianjin_tou_price_normalized.csv,18.0,1.0,D:\Pycharm_project\PycharmProjects\EnergyBridge\benchmark_results\2026-07-21\_batch_logs\daily_event_configs\d24_hist_d24_1.json,skipped_done,0,0.0,D:\Pycharm_project\PycharmProjects\EnergyBridge\benchmark_results\2026-07-21\household_s5_shared_roommates_irregular_no_dr_tianjin_d24_hist_d24_1_2025-06-24_1day,D:\Pycharm_project\PycharmProjects\EnergyBridge\benchmark_results\2026-07-21\_batch_logs\daily_dr_memory_tianjin_1day\household_s5_shared_roommates_irregular_no_dr_tianjin_d24_hist_d24_1_2025-06-24_1day.log,D:\Pycharm_project\PycharmProjects\EnergyBridge\benchmark_results\2026-07-21\household_s5_shared_roommates_irregular_no_dr_tianjin_d24_hist_d24_1_2025-06-24_1day\run_summary.txt,0,74.271242,74.271242,68.33331,1.195476,normalized TOU cost/kWh,D:\Pycharm_project\PycharmProjects\EnergyBridge\experiments\real_data\tianjin_tou_price_normalized.csv,5.462,5.462,1.0,1.0,,0.0,1.0,[],"['dishwasher', 'dryer', 'ev', 'washer', 'water_heater']",[]
household_s5_shared_roommates_irregular,household_s5_shared_roommates_irregular,mpc_dynamic,Tianjin,1,2025-06-24,d24_hist_d24_1,hist_d24_1,24,D:\Pycharm_project\PycharmProjects\EnergyBridge\experiments\real_data\tianjin_tou_price_normalized.csv,18.0,1.0,D:\Pycharm_project\PycharmProjects\EnergyBridge\benchmark_results\2026-07-21\_batch_logs\daily_event_configs\d24_hist_d24_1.json,skipped_done,0,0.0,D:\Pycharm_project\PycharmProjects\EnergyBridge\benchmark_results\2026-07-21\household_s5_shared_roommates_irregular_mpc_dynamic_tianjin_d24_hist_d24_1_2025-06-24_1day,D:\Pycharm_project\PycharmProjects\EnergyBridge\benchmark_results\2026-07-21\_batch_logs\daily_dr_memory_tianjin_1day\household_s5_shared_roommates_irregular_mpc_dynamic_tianjin_d24_hist_d24_1_2025-06-24_1day.log,D:\Pycharm_project\PycharmProjects\EnergyBridge\benchmark_results\2026-07-21\household_s5_shared_roommates_irregular_mpc_dynamic_tianjin_d24_hist_d24_1_2025-06-24_1day\run_summary.txt,0,76.616816,76.616816,56.668778,1.15093,normalized TOU cost/kWh,D:\Pycharm_project\PycharmProjects\EnergyBridge\experiments\real_data\tianjin_tou_price_normalized.csv,3.7989,3.7989,0.0,0.0,2.612,1.0,1.0,"['dishwasher', 'dryer', 'ev', 'washer', 'water_heater']",[],[]
household_s1_dual_commuter_standard,household_s1_dual_commuter_standard,no_dr,Germany,1,2025-06-25,d25_hist_d25_1,hist_d25_1,25,D:\Pycharm_project\PycharmProjects\EnergyBridge\experiments\real_data\germany_2025_price.csv,18.0,1.0,D:\Pycharm_project\PycharmProjects\EnergyBridge\benchmark_results\2026-07-21\_batch_logs\daily_event_configs\d25_hist_d25_1.json,skipped_done,0,0.0,D:\Pycharm_project\PycharmProjects\EnergyBridge\benchmark_results\2026-07-21\household_s1_dual_commuter_standard_no_dr_germany_d25_hist_d25_1_2025-06-25_1day,D:\Pycharm_project\PycharmProjects\EnergyBridge\benchmark_results\2026-07-21\_batch_logs\daily_dr_memory_germany_1day\household_s1_dual_commuter_standard_no_dr_germany_d25_hist_d25_1_2025-06-25_1day.log,D:\Pycharm_project\PycharmProjects\EnergyBridge\benchmark_results\2026-07-21\household_s1_dual_commuter_standard_no_dr_germany_d25_hist_d25_1_2025-06-25_1day\run_summary.txt,0,72.284893,72.284893,18.926501,0.097822,EUR/kWh,D:\Pycharm_project\PycharmProjects\EnergyBridge\experiments\real_data\germany_2025_price.csv,10.9699,10.9699,1.0,1.0,,0.0,1.0,[],"['dishwasher', 'dryer', 'ev', 'washer', 'water_heater']",[]
household_s1_dual_commuter_standard,household_s1_dual_commuter_standard,mpc_dynamic,Germany,1,2025-06-25,d25_hist_d25_1,hist_d25_1,25,D:\Pycharm_project\PycharmProjects\EnergyBridge\experiments\real_data\germany_2025_price.csv,18.0,1.0,D:\Pycharm_project\PycharmProjects\EnergyBridge\benchmark_results\2026-07-21\_batch_logs\daily_event_configs\d25_hist_d25_1.json,skipped_done,0,0.0,D:\Pycharm_project\PycharmProjects\EnergyBridge\benchmark_results\2026-07-21\household_s1_dual_commuter_standard_mpc_dynamic_germany_d25_hist_d25_1_2025-06-25_1day,D:\Pycharm_project\PycharmProjects\EnergyBridge\benchmark_results\2026-07-21\_batch_logs\daily_dr_memory_germany_1day\household_s1_dual_commuter_standard_mpc_dynamic_germany_d25_hist_d25_1_2025-06-25_1day.log,D:\Pycharm_project\PycharmProjects\EnergyBridge\benchmark_results\2026-07-21\household_s1_dual_commuter_standard_mpc_dynamic_germany_d25_hist_d25_1_2025-06-25_1day\run_summary.txt,0,79.191768,79.191768,17.960814,0.094532,EUR/kWh,D:\Pycharm_project\PycharmProjects\EnergyBridge\experiments\real_data\germany_2025_price.csv,8.1501,8.1501,0.0,0.0,2.612,1.0,1.0,"['dishwasher', 'dryer', 'ev', 'washer', 'water_heater']",[],[]
household_s2_multigeneration_caregiver,household_s2_multigeneration_caregiver,no_dr,Germany,1,2025-06-25,d25_hist_d25_1,hist_d25_1,25,D:\Pycharm_project\PycharmProjects\EnergyBridge\experiments\real_data\germany_2025_price.csv,18.0,1.0,D:\Pycharm_project\PycharmProjects\EnergyBridge\benchmark_results\2026-07-21\_batch_logs\daily_event_configs\d25_hist_d25_1.json,skipped_done,0,0.0,D:\Pycharm_project\PycharmProjects\EnergyBridge\benchmark_results\2026-07-21\household_s2_multigeneration_caregiver_no_dr_germany_d25_hist_d25_1_2025-06-25_1day,D:\Pycharm_project\PycharmProjects\EnergyBridge\benchmark_results\2026-07-21\_batch_logs\daily_dr_memory_germany_1day\household_s2_multigeneration_caregiver_no_dr_germany_d25_hist_d25_1_2025-06-25_1day.log,D:\Pycharm_project\PycharmProjects\EnergyBridge\benchmark_results\2026-07-21\household_s2_multigeneration_caregiver_no_dr_germany_d25_hist_d25_1_2025-06-25_1day\run_summary.txt,0,64.924097,64.924097,18.299206,0.097473,EUR/kWh,D:\Pycharm_project\PycharmProjects\EnergyBridge\experiments\real_data\germany_2025_price.csv,11.0044,11.0044,1.0,1.0,,0.0,1.0,[],"['dishwasher', 'dryer', 'ev', 'washer', 'water_heater']",[]
household_s2_multigeneration_caregiver,household_s2_multigeneration_caregiver,mpc_dynamic,Germany,1,2025-06-25,d25_hist_d25_1,hist_d25_1,25,D:\Pycharm_project\PycharmProjects\EnergyBridge\experiments\real_data\germany_2025_price.csv,18.0,1.0,D:\Pycharm_project\PycharmProjects\EnergyBridge\benchmark_results\2026-07-21\_batch_logs\daily_event_configs\d25_hist_d25_1.json,skipped_done,0,0.0,D:\Pycharm_project\PycharmProjects\EnergyBridge\benchmark_results\2026-07-21\household_s2_multigeneration_caregiver_mpc_dynamic_germany_d25_hist_d25_1_2025-06-25_1day,D:\Pycharm_project\PycharmProjects\EnergyBridge\benchmark_results\2026-07-21\_batch_logs\daily_dr_memory_germany_1day\household_s2_multigeneration_caregiver_mpc_dynamic_germany_d25_hist_d25_1_2025-06-25_1day.log,D:\Pycharm_project\PycharmProjects\EnergyBridge\benchmark_results\2026-07-21\household_s2_multigeneration_caregiver_mpc_dynamic_germany_d25_hist_d25_1_2025-06-25_1day\run_summary.txt,0,68.180561,68.180561,17.028846,0.092531,EUR/kWh,D:\Pycharm_project\PycharmProjects\EnergyBridge\experiments\real_data\germany_2025_price.csv,8.1577,8.1577,0.0,0.0,2.55,1.0,1.0,"['dishwasher', 'dryer', 'ev', 'washer', 'water_heater']",[],[]
household_s3_hybrid_work_from_home,household_s3_hybrid_work_from_home,mpc_dynamic,Germany,1,2025-06-25,d25_hist_d25_1,hist_d25_1,25,D:\Pycharm_project\PycharmProjects\EnergyBridge\experiments\real_data\germany_2025_price.csv,18.0,1.0,D:\Pycharm_project\PycharmProjects\EnergyBridge\benchmark_results\2026-07-21\_batch_logs\daily_event_configs\d25_hist_d25_1.json,skipped_done,0,0.0,D:\Pycharm_project\PycharmProjects\EnergyBridge\benchmark_results\2026-07-21\household_s3_hybrid_work_from_home_mpc_dynamic_germany_d25_hist_d25_1_2025-06-25_1day,D:\Pycharm_project\PycharmProjects\EnergyBridge\benchmark_results\2026-07-21\_batch_logs\daily_dr_memory_germany_1day\household_s3_hybrid_work_from_home_mpc_dynamic_germany_d25_hist_d25_1_2025-06-25_1day.log,D:\Pycharm_project\PycharmProjects\EnergyBridge\benchmark_results\2026-07-21\household_s3_hybrid_work_from_home_mpc_dynamic_germany_d25_hist_d25_1_2025-06-25_1day\run_summary.txt,0,68.140351,68.140351,17.245668,0.092447,EUR/kWh,D:\Pycharm_project\PycharmProjects\EnergyBridge\experiments\real_data\germany_2025_price.csv,8.0014,8.0014,0.0,0.0,2.633,1.0,1.0,"['dishwasher', 'dryer', 'ev', 'washer', 'water_heater']",[],[]
household_s3_hybrid_work_from_home,household_s3_hybrid_work_from_home,no_dr,Germany,1,2025-06-25,d25_hist_d25_1,hist_d25_1,25,D:\Pycharm_project\PycharmProjects\EnergyBridge\experiments\real_data\germany_2025_price.csv,18.0,1.0,D:\Pycharm_project\PycharmProjects\EnergyBridge\benchmark_results\2026-07-21\_batch_logs\daily_event_configs\d25_hist_d25_1.json,skipped_done,0,0.0,D:\Pycharm_project\PycharmProjects\EnergyBridge\benchmark_results\2026-07-21\household_s3_hybrid_work_from_home_no_dr_germany_d25_hist_d25_1_2025-06-25_1day,D:\Pycharm_project\PycharmProjects\EnergyBridge\benchmark_results\2026-07-21\_batch_logs\daily_dr_memory_germany_1day\household_s3_hybrid_work_from_home_no_dr_germany_d25_hist_d25_1_2025-06-25_1day.log,D:\Pycharm_project\PycharmProjects\EnergyBridge\benchmark_results\2026-07-21\household_s3_hybrid_work_from_home_no_dr_germany_d25_hist_d25_1_2025-06-25_1day\run_summary.txt,0,68.185199,68.185199,18.572416,0.097685,EUR/kWh,D:\Pycharm_project\PycharmProjects\EnergyBridge\experiments\real_data\germany_2025_price.csv,10.9791,10.9791,1.0,1.0,,0.0,0.8,[],"['dishwasher', 'dryer', 'ev', 'washer', 'water_heater']",[]
household_s4_ev_commuter_flexible,household_s4_ev_commuter_flexible,mpc_dynamic,Germany,1,2025-06-25,d25_hist_d25_1,hist_d25_1,25,D:\Pycharm_project\PycharmProjects\EnergyBridge\experiments\real_data\germany_2025_price.csv,18.0,1.0,D:\Pycharm_project\PycharmProjects\EnergyBridge\benchmark_results\2026-07-21\_batch_logs\daily_event_configs\d25_hist_d25_1.json,skipped_done,0,0.0,D:\Pycharm_project\PycharmProjects\EnergyBridge\benchmark_results\2026-07-21\household_s4_ev_commuter_flexible_mpc_dynamic_germany_d25_hist_d25_1_2025-06-25_1day,D:\Pycharm_project\PycharmProjects\EnergyBridge\benchmark_results\2026-07-21\_batch_logs\daily_dr_memory_germany_1day\household_s4_ev_commuter_flexible_mpc_dynamic_germany_d25_hist_d25_1_2025-06-25_1day.log,D:\Pycharm_project\PycharmProjects\EnergyBridge\benchmark_results\2026-07-21\household_s4_ev_commuter_flexible_mpc_dynamic_germany_d25_hist_d25_1_2025-06-25_1day\run_summary.txt,0,74.306747,74.306747,18.031707,0.094133,EUR/kWh,D:\Pycharm_project\PycharmProjects\EnergyBridge\experiments\real_data\germany_2025_price.csv,7.3209,7.3209,1.0,1.0,3.745,1.0,1.0,"['dishwasher', 'dryer', 'ev', 'washer', 'water_heater']",[],[]
household_s4_ev_commuter_flexible,household_s4_ev_commuter_flexible,no_dr,Germany,1,2025-06-25,d25_hist_d25_1,hist_d25_1,25,D:\Pycharm_project\PycharmProjects\EnergyBridge\experiments\real_data\germany_2025_price.csv,18.0,1.0,D:\Pycharm_project\PycharmProjects\EnergyBridge\benchmark_results\2026-07-21\_batch_logs\daily_event_configs\d25_hist_d25_1.json,skipped_done,0,0.0,D:\Pycharm_project\PycharmProjects\EnergyBridge\benchmark_results\2026-07-21\household_s4_ev_commuter_flexible_no_dr_germany_d25_hist_d25_1_2025-06-25_1day,D:\Pycharm_project\PycharmProjects\EnergyBridge\benchmark_results\2026-07-21\_batch_logs\daily_dr_memory_germany_1day\household_s4_ev_commuter_flexible_no_dr_germany_d25_hist_d25_1_2025-06-25_1day.log,D:\Pycharm_project\PycharmProjects\EnergyBridge\benchmark_results\2026-07-21\household_s4_ev_commuter_flexible_no_dr_germany_d25_hist_d25_1_2025-06-25_1day\run_summary.txt,0,76.658806,76.658806,19.224713,0.097743,EUR/kWh,D:\Pycharm_project\PycharmProjects\EnergyBridge\experiments\real_data\germany_2025_price.csv,10.9699,10.9699,1.0,1.0,,0.0,1.0,[],"['dishwasher', 'dryer', 'ev', 'washer', 'water_heater']",[]
household_s5_shared_roommates_irregular,household_s5_shared_roommates_irregular,mpc_dynamic,Germany,1,2025-06-25,d25_hist_d25_1,hist_d25_1,25,D:\Pycharm_project\PycharmProjects\EnergyBridge\experiments\real_data\germany_2025_price.csv,18.0,1.0,D:\Pycharm_project\PycharmProjects\EnergyBridge\benchmark_results\2026-07-21\_batch_logs\daily_event_configs\d25_hist_d25_1.json,skipped_done,0,0.0,D:\Pycharm_project\PycharmProjects\EnergyBridge\benchmark_results\2026-07-21\household_s5_shared_roommates_irregular_mpc_dynamic_germany_d25_hist_d25_1_2025-06-25_1day,D:\Pycharm_project\PycharmProjects\EnergyBridge\benchmark_results\2026-07-21\_batch_logs\daily_dr_memory_germany_1day\household_s5_shared_roommates_irregular_mpc_dynamic_germany_d25_hist_d25_1_2025-06-25_1day.log,D:\Pycharm_project\PycharmProjects\EnergyBridge\benchmark_results\2026-07-21\household_s5_shared_roommates_irregular_mpc_dynamic_germany_d25_hist_d25_1_2025-06-25_1day\run_summary.txt,0,73.241338,73.241338,17.385741,0.094285,EUR/kWh,D:\Pycharm_project\PycharmProjects\EnergyBridge\experiments\real_data\germany_2025_price.csv,8.0757,8.0757,0.0,0.0,2.612,1.0,1.0,"['dishwasher', 'dryer', 'ev', 'washer', 'water_heater']",[],[]
household_s5_shared_roommates_irregular,household_s5_shared_roommates_irregular,no_dr,Germany,1,2025-06-25,d25_hist_d25_1,hist_d25_1,25,D:\Pycharm_project\PycharmProjects\EnergyBridge\experiments\real_data\germany_2025_price.csv,18.0,1.0,D:\Pycharm_project\PycharmProjects\EnergyBridge\benchmark_results\2026-07-21\_batch_logs\daily_event_configs\d25_hist_d25_1.json,skipped_done,0,0.0,D:\Pycharm_project\PycharmProjects\EnergyBridge\benchmark_results\2026-07-21\household_s5_shared_roommates_irregular_no_dr_germany_d25_hist_d25_1_2025-06-25_1day,D:\Pycharm_project\PycharmProjects\EnergyBridge\benchmark_results\2026-07-21\_batch_logs\daily_dr_memory_germany_1day\household_s5_shared_roommates_irregular_no_dr_germany_d25_hist_d25_1_2025-06-25_1day.log,D:\Pycharm_project\PycharmProjects\EnergyBridge\benchmark_results\2026-07-21\household_s5_shared_roommates_irregular_no_dr_germany_d25_hist_d25_1_2025-06-25_1day\run_summary.txt,0,67.91098,67.91098,18.576516,0.097632,EUR/kWh,D:\Pycharm_project\PycharmProjects\EnergyBridge\experiments\real_data\germany_2025_price.csv,10.9699,10.9699,1.0,1.0,,0.0,1.0,[],"['dishwasher', 'dryer', 'ev', 'washer', 'water_heater']",[]
household_s1_dual_commuter_standard,household_s1_dual_commuter_standard,no_dr,Tianjin,1,2025-06-25,d25_hist_d25_1,hist_d25_1,25,D:\Pycharm_project\PycharmProjects\EnergyBridge\experiments\real_data\tianjin_tou_price_normalized.csv,18.0,1.0,D:\Pycharm_project\PycharmProjects\EnergyBridge\benchmark_results\2026-07-21\_batch_logs\daily_event_configs\d25_hist_d25_1.json,skipped_done,0,0.0,D:\Pycharm_project\PycharmProjects\EnergyBridge\benchmark_results\2026-07-21\household_s1_dual_commuter_standard_no_dr_tianjin_d25_hist_d25_1_2025-06-25_1day,D:\Pycharm_project\PycharmProjects\EnergyBridge\benchmark_results\2026-07-21\_batch_logs\daily_dr_memory_tianjin_1day\household_s1_dual_commuter_standard_no_dr_tianjin_d25_hist_d25_1_2025-06-25_1day.log,D:\Pycharm_project\PycharmProjects\EnergyBridge\benchmark_results\2026-07-21\household_s1_dual_commuter_standard_no_dr_tianjin_d25_hist_d25_1_2025-06-25_1day\run_summary.txt,0,82.238046,82.238046,72.507306,1.227369,normalized TOU cost/kWh,D:\Pycharm_project\PycharmProjects\EnergyBridge\experiments\real_data\tianjin_tou_price_normalized.csv,6.951,6.951,1.0,1.0,,0.0,1.0,[],"['dishwasher', 'dryer', 'ev', 'washer', 'water_heater']",[]
household_s1_dual_commuter_standard,household_s1_dual_commuter_standard,mpc_dynamic,Tianjin,1,2025-06-25,d25_hist_d25_1,hist_d25_1,25,D:\Pycharm_project\PycharmProjects\EnergyBridge\experiments\real_data\tianjin_tou_price_normalized.csv,18.0,1.0,D:\Pycharm_project\PycharmProjects\EnergyBridge\benchmark_results\2026-07-21\_batch_logs\daily_event_configs\d25_hist_d25_1.json,skipped_done,0,0.0,D:\Pycharm_project\PycharmProjects\EnergyBridge\benchmark_results\2026-07-21\household_s1_dual_commuter_standard_mpc_dynamic_tianjin_d25_hist_d25_1_2025-06-25_1day,D:\Pycharm_project\PycharmProjects\EnergyBridge\benchmark_results\2026-07-21\_batch_logs\daily_dr_memory_tianjin_1day\household_s1_dual_commuter_standard_mpc_dynamic_tianjin_d25_hist_d25_1_2025-06-25_1day.log,D:\Pycharm_project\PycharmProjects\EnergyBridge\benchmark_results\2026-07-21\household_s1_dual_commuter_standard_mpc_dynamic_tianjin_d25_hist_d25_1_2025-06-25_1day\run_summary.txt,0,88.799266,88.799266,62.094397,1.182982,normalized TOU cost/kWh,D:\Pycharm_project\PycharmProjects\EnergyBridge\experiments\real_data\tianjin_tou_price_normalized.csv,3.4684,3.4684,0.0,0.0,2.612,1.0,1.0,"['dishwasher', 'dryer', 'ev', 'washer', 'water_heater']",[],[]
household_s2_multigeneration_caregiver,household_s2_multigeneration_caregiver,no_dr,Tianjin,1,2025-06-25,d25_hist_d25_1,hist_d25_1,25,D:\Pycharm_project\PycharmProjects\EnergyBridge\experiments\real_data\tianjin_tou_price_normalized.csv,18.0,1.0,D:\Pycharm_project\PycharmProjects\EnergyBridge\benchmark_results\2026-07-21\_batch_logs\daily_event_configs\d25_hist_d25_1.json,skipped_done,0,0.0,D:\Pycharm_project\PycharmProjects\EnergyBridge\benchmark_results\2026-07-21\household_s2_multigeneration_caregiver_no_dr_tianjin_d25_hist_d25_1_2025-06-25_1day,D:\Pycharm_project\PycharmProjects\EnergyBridge\benchmark_results\2026-07-21\_batch_logs\daily_dr_memory_tianjin_1day\household_s2_multigeneration_caregiver_no_dr_tianjin_d25_hist_d25_1_2025-06-25_1day.log,D:\Pycharm_project\PycharmProjects\EnergyBridge\benchmark_results\2026-07-21\household_s2_multigeneration_caregiver_no_dr_tianjin_d25_hist_d25_1_2025-06-25_1day\run_summary.txt,0,74.904086,74.904086,65.751869,1.259389,normalized TOU cost/kWh,D:\Pycharm_project\PycharmProjects\EnergyBridge\experiments\real_data\tianjin_tou_price_normalized.csv,6.4191,6.4191,1.0,1.0,,0.0,1.0,[],"['dishwasher', 'dryer', 'ev', 'washer', 'water_heater']",[]
household_s2_multigeneration_caregiver,household_s2_multigeneration_caregiver,mpc_dynamic,Tianjin,1,2025-06-25,d25_hist_d25_1,hist_d25_1,25,D:\Pycharm_project\PycharmProjects\EnergyBridge\experiments\real_data\tianjin_tou_price_normalized.csv,18.0,1.0,D:\Pycharm_project\PycharmProjects\EnergyBridge\benchmark_results\2026-07-21\_batch_logs\daily_event_configs\d25_hist_d25_1.json,skipped_done,0,0.0,D:\Pycharm_project\PycharmProjects\EnergyBridge\benchmark_results\2026-07-21\household_s2_multigeneration_caregiver_mpc_dynamic_tianjin_d25_hist_d25_1_2025-06-25_1day,D:\Pycharm_project\PycharmProjects\EnergyBridge\benchmark_results\2026-07-21\_batch_logs\daily_dr_memory_tianjin_1day\household_s2_multigeneration_caregiver_mpc_dynamic_tianjin_d25_hist_d25_1_2025-06-25_1day.log,D:\Pycharm_project\PycharmProjects\EnergyBridge\benchmark_results\2026-07-21\household_s2_multigeneration_caregiver_mpc_dynamic_tianjin_d25_hist_d25_1_2025-06-25_1day\run_summary.txt,0,79.103853,79.103853,64.584443,1.231791,normalized TOU cost/kWh,D:\Pycharm_project\PycharmProjects\EnergyBridge\experiments\real_data\tianjin_tou_price_normalized.csv,3.6345,3.6345,0.0,0.0,2.55,1.0,1.0,"['dishwasher', 'dryer', 'ev', 'washer', 'water_heater']",[],[]
household_s3_hybrid_work_from_home,household_s3_hybrid_work_from_home,mpc_dynamic,Tianjin,1,2025-06-25,d25_hist_d25_1,hist_d25_1,25,D:\Pycharm_project\PycharmProjects\EnergyBridge\experiments\real_data\tianjin_tou_price_normalized.csv,18.0,1.0,D:\Pycharm_project\PycharmProjects\EnergyBridge\benchmark_results\2026-07-21\_batch_logs\daily_event_configs\d25_hist_d25_1.json,skipped_done,0,0.0,D:\Pycharm_project\PycharmProjects\EnergyBridge\benchmark_results\2026-07-21\household_s3_hybrid_work_from_home_mpc_dynamic_tianjin_d25_hist_d25_1_2025-06-25_1day,D:\Pycharm_project\PycharmProjects\EnergyBridge\benchmark_results\2026-07-21\_batch_logs\daily_dr_memory_tianjin_1day\household_s3_hybrid_work_from_home_mpc_dynamic_tianjin_d25_hist_d25_1_2025-06-25_1day.log,D:\Pycharm_project\PycharmProjects\EnergyBridge\benchmark_results\2026-07-21\household_s3_hybrid_work_from_home_mpc_dynamic_tianjin_d25_hist_d25_1_2025-06-25_1day\run_summary.txt,0,81.374178,81.374178,62.143181,1.212913,normalized TOU cost/kWh,D:\Pycharm_project\PycharmProjects\EnergyBridge\experiments\real_data\tianjin_tou_price_normalized.csv,2.8927,2.8927,0.0,0.0,2.633,1.0,1.0,"['dishwasher', 'dryer', 'ev', 'washer', 'water_heater']",[],[]
household_s4_ev_commuter_flexible,household_s4_ev_commuter_flexible,mpc_dynamic,Tianjin,1,2025-06-25,d25_hist_d25_1,hist_d25_1,25,D:\Pycharm_project\PycharmProjects\EnergyBridge\experiments\real_data\tianjin_tou_price_normalized.csv,18.0,1.0,D:\Pycharm_project\PycharmProjects\EnergyBridge\benchmark_results\2026-07-21\_batch_logs\daily_event_configs\d25_hist_d25_1.json,skipped_done,0,0.0,D:\Pycharm_project\PycharmProjects\EnergyBridge\benchmark_results\2026-07-21\household_s4_ev_commuter_flexible_mpc_dynamic_tianjin_d25_hist_d25_1_2025-06-25_1day,D:\Pycharm_project\PycharmProjects\EnergyBridge\benchmark_results\2026-07-21\_batch_logs\daily_dr_memory_tianjin_1day\household_s4_ev_commuter_flexible_mpc_dynamic_tianjin_d25_hist_d25_1_2025-06-25_1day.log,D:\Pycharm_project\PycharmProjects\EnergyBridge\benchmark_results\2026-07-21\household_s4_ev_commuter_flexible_mpc_dynamic_tianjin_d25_hist_d25_1_2025-06-25_1day\run_summary.txt,0,79.089336,79.089336,65.759476,1.209069,normalized TOU cost/kWh,D:\Pycharm_project\PycharmProjects\EnergyBridge\experiments\real_data\tianjin_tou_price_normalized.csv,1.9005,1.9005,1.0,1.0,3.16,1.0,1.0,"['dishwasher', 'dryer', 'ev', 'washer', 'water_heater']",[],[]
household_s4_ev_commuter_flexible,household_s4_ev_commuter_flexible,no_dr,Tianjin,1,2025-06-25,d25_hist_d25_1,hist_d25_1,25,D:\Pycharm_project\PycharmProjects\EnergyBridge\experiments\real_data\tianjin_tou_price_normalized.csv,18.0,1.0,D:\Pycharm_project\PycharmProjects\EnergyBridge\benchmark_results\2026-07-21\_batch_logs\daily_event_configs\d25_hist_d25_1.json,skipped_done,0,0.0,D:\Pycharm_project\PycharmProjects\EnergyBridge\benchmark_results\2026-07-21\household_s4_ev_commuter_flexible_no_dr_tianjin_d25_hist_d25_1_2025-06-25_1day,D:\Pycharm_project\PycharmProjects\EnergyBridge\benchmark_results\2026-07-21\_batch_logs\daily_dr_memory_tianjin_1day\household_s4_ev_commuter_flexible_no_dr_tianjin_d25_hist_d25_1_2025-06-25_1day.log,D:\Pycharm_project\PycharmProjects\EnergyBridge\benchmark_results\2026-07-21\household_s4_ev_commuter_flexible_no_dr_tianjin_d25_hist_d25_1_2025-06-25_1day\run_summary.txt,0,86.798915,86.798915,76.588466,1.212677,normalized TOU cost/kWh,D:\Pycharm_project\PycharmProjects\EnergyBridge\experiments\real_data\tianjin_tou_price_normalized.csv,6.951,6.951,1.0,1.0,,0.0,1.0,[],"['dishwasher', 'dryer', 'ev', 'washer', 'water_heater']",[]
household_s5_shared_roommates_irregular,household_s5_shared_roommates_irregular,mpc_dynamic,Tianjin,1,2025-06-25,d25_hist_d25_1,hist_d25_1,25,D:\Pycharm_project\PycharmProjects\EnergyBridge\experiments\real_data\tianjin_tou_price_normalized.csv,18.0,1.0,D:\Pycharm_project\PycharmProjects\EnergyBridge\benchmark_results\2026-07-21\_batch_logs\daily_event_configs\d25_hist_d25_1.json,skipped_done,0,0.0,D:\Pycharm_project\PycharmProjects\EnergyBridge\benchmark_results\2026-07-21\household_s5_shared_roommates_irregular_mpc_dynamic_tianjin_d25_hist_d25_1_2025-06-25_1day,D:\Pycharm_project\PycharmProjects\EnergyBridge\benchmark_results\2026-07-21\_batch_logs\daily_dr_memory_tianjin_1day\household_s5_shared_roommates_irregular_mpc_dynamic_tianjin_d25_hist_d25_1_2025-06-25_1day.log,D:\Pycharm_project\PycharmProjects\EnergyBridge\benchmark_results\2026-07-21\household_s5_shared_roommates_irregular_mpc_dynamic_tianjin_d25_hist_d25_1_2025-06-25_1day\run_summary.txt,0,82.026809,82.026809,53.515919,1.225869,normalized TOU cost/kWh,D:\Pycharm_project\PycharmProjects\EnergyBridge\experiments\real_data\tianjin_tou_price_normalized.csv,3.5186,3.5186,0.0,0.0,2.612,1.0,1.0,"['dishwasher', 'dryer', 'ev', 'washer', 'water_heater']",[],[]
household_s3_hybrid_work_from_home,household_s3_hybrid_work_from_home,no_dr,Tianjin,1,2025-06-25,d25_hist_d25_1,hist_d25_1,25,D:\Pycharm_project\PycharmProjects\EnergyBridge\experiments\real_data\tianjin_tou_price_normalized.csv,18.0,1.0,D:\Pycharm_project\PycharmProjects\EnergyBridge\benchmark_results\2026-07-21\_batch_logs\daily_event_configs\d25_hist_d25_1.json,skipped_done,0,0.0,D:\Pycharm_project\PycharmProjects\EnergyBridge\benchmark_results\2026-07-21\household_s3_hybrid_work_from_home_no_dr_tianjin_d25_hist_d25_1_2025-06-25_1day,D:\Pycharm_project\PycharmProjects\EnergyBridge\benchmark_results\2026-07-21\_batch_logs\daily_dr_memory_tianjin_1day\household_s3_hybrid_work_from_home_no_dr_tianjin_d25_hist_d25_1_2025-06-25_1day.log,D:\Pycharm_project\PycharmProjects\EnergyBridge\benchmark_results\2026-07-21\household_s3_hybrid_work_from_home_no_dr_tianjin_d25_hist_d25_1_2025-06-25_1day\run_summary.txt,0,78.500252,78.500252,68.882567,1.245184,normalized TOU cost/kWh,D:\Pycharm_project\PycharmProjects\EnergyBridge\experiments\real_data\tianjin_tou_price_normalized.csv,6.952,6.952,1.0,1.0,,0.0,0.8,[],"['dishwasher', 'dryer', 'ev', 'washer', 'water_heater']",[]
household_s5_shared_roommates_irregular,household_s5_shared_roommates_irregular,no_dr,Tianjin,1,2025-06-25,d25_hist_d25_1,hist_d25_1,25,D:\Pycharm_project\PycharmProjects\EnergyBridge\experiments\real_data\tianjin_tou_price_normalized.csv,18.0,1.0,D:\Pycharm_project\PycharmProjects\EnergyBridge\benchmark_results\2026-07-21\_batch_logs\daily_event_configs\d25_hist_d25_1.json,skipped_done,0,0.0,D:\Pycharm_project\PycharmProjects\EnergyBridge\benchmark_results\2026-07-21\household_s5_shared_roommates_irregular_no_dr_tianjin_d25_hist_d25_1_2025-06-25_1day,D:\Pycharm_project\PycharmProjects\EnergyBridge\benchmark_results\2026-07-21\_batch_logs\daily_dr_memory_tianjin_1day\household_s5_shared_roommates_irregular_no_dr_tianjin_d25_hist_d25_1_2025-06-25_1day.log,D:\Pycharm_project\PycharmProjects\EnergyBridge\benchmark_results\2026-07-21\household_s5_shared_roommates_irregular_no_dr_tianjin_d25_hist_d25_1_2025-06-25_1day\run_summary.txt,0,78.156886,78.156886,68.426147,1.244242,normalized TOU cost/kWh,D:\Pycharm_project\PycharmProjects\EnergyBridge\experiments\real_data\tianjin_tou_price_normalized.csv,6.951,6.951,1.0,1.0,,0.0,1.0,[],"['dishwasher', 'dryer', 'ev', 'washer', 'water_heater']",[]
household_s1_dual_commuter_standard,household_s1_dual_commuter_standard,mpc_dynamic,Germany,1,2025-06-26,d26_hist_d26_1,hist_d26_1,26,D:\Pycharm_project\PycharmProjects\EnergyBridge\experiments\real_data\germany_2025_price.csv,18.0,1.0,D:\Pycharm_project\PycharmProjects\EnergyBridge\benchmark_results\2026-07-21\_batch_logs\daily_event_configs\d26_hist_d26_1.json,skipped_done,0,0.0,D:\Pycharm_project\PycharmProjects\EnergyBridge\benchmark_results\2026-07-21\household_s1_dual_commuter_standard_mpc_dynamic_germany_d26_hist_d26_1_2025-06-26_1day,D:\Pycharm_project\PycharmProjects\EnergyBridge\benchmark_results\2026-07-21\_batch_logs\daily_dr_memory_germany_1day\household_s1_dual_commuter_standard_mpc_dynamic_germany_d26_hist_d26_1_2025-06-26_1day.log,D:\Pycharm_project\PycharmProjects\EnergyBridge\benchmark_results\2026-07-21\household_s1_dual_commuter_standard_mpc_dynamic_germany_d26_hist_d26_1_2025-06-26_1day\run_summary.txt,0,70.693776,70.693776,16.919665,0.091041,EUR/kWh,D:\Pycharm_project\PycharmProjects\EnergyBridge\experiments\real_data\germany_2025_price.csv,7.7123,7.7123,0.0,0.0,2.612,1.0,1.0,"['dishwasher', 'dryer', 'ev', 'washer', 'water_heater']",[],[]
household_s1_dual_commuter_standard,household_s1_dual_commuter_standard,no_dr,Germany,1,2025-06-26,d26_hist_d26_1,hist_d26_1,26,D:\Pycharm_project\PycharmProjects\EnergyBridge\experiments\real_data\germany_2025_price.csv,18.0,1.0,D:\Pycharm_project\PycharmProjects\EnergyBridge\benchmark_results\2026-07-21\_batch_logs\daily_event_configs\d26_hist_d26_1.json,skipped_done,0,0.0,D:\Pycharm_project\PycharmProjects\EnergyBridge\benchmark_results\2026-07-21\household_s1_dual_commuter_standard_no_dr_germany_d26_hist_d26_1_2025-06-26_1day,D:\Pycharm_project\PycharmProjects\EnergyBridge\benchmark_results\2026-07-21\_batch_logs\daily_dr_memory_germany_1day\household_s1_dual_commuter_standard_no_dr_germany_d26_hist_d26_1_2025-06-26_1day.log,D:\Pycharm_project\PycharmProjects\EnergyBridge\benchmark_results\2026-07-21\household_s1_dual_commuter_standard_no_dr_germany_d26_hist_d26_1_2025-06-26_1day\run_summary.txt,0,67.685803,67.685803,17.879276,0.091774,EUR/kWh,D:\Pycharm_project\PycharmProjects\EnergyBridge\experiments\real_data\germany_2025_price.csv,10.6446,10.6446,1.0,1.0,,0.0,1.0,[],"['dishwasher', 'dryer', 'ev', 'washer', 'water_heater']",[]
household_s2_multigeneration_caregiver,household_s2_multigeneration_caregiver,no_dr,Germany,1,2025-06-26,d26_hist_d26_1,hist_d26_1,26,D:\Pycharm_project\PycharmProjects\EnergyBridge\experiments\real_data\germany_2025_price.csv,18.0,1.0,D:\Pycharm_project\PycharmProjects\EnergyBridge\benchmark_results\2026-07-21\_batch_logs\daily_event_configs\d26_hist_d26_1.json,skipped_done,0,0.0,D:\Pycharm_project\PycharmProjects\EnergyBridge\benchmark_results\2026-07-21\household_s2_multigeneration_caregiver_no_dr_germany_d26_hist_d26_1_2025-06-26_1day,D:\Pycharm_project\PycharmProjects\EnergyBridge\benchmark_results\2026-07-21\_batch_logs\daily_dr_memory_germany_1day\household_s2_multigeneration_caregiver_no_dr_germany_d26_hist_d26_1_2025-06-26_1day.log,D:\Pycharm_project\PycharmProjects\EnergyBridge\benchmark_results\2026-07-21\household_s2_multigeneration_caregiver_no_dr_germany_d26_hist_d26_1_2025-06-26_1day\run_summary.txt,0,60.94819,60.94819,16.983121,0.09129,EUR/kWh,D:\Pycharm_project\PycharmProjects\EnergyBridge\experiments\real_data\germany_2025_price.csv,10.6845,10.6845,1.0,1.0,,0.0,1.0,[],"['dishwasher', 'dryer', 'ev', 'washer', 'water_heater']",[]
household_s2_multigeneration_caregiver,household_s2_multigeneration_caregiver,mpc_dynamic,Germany,1,2025-06-26,d26_hist_d26_1,hist_d26_1,26,D:\Pycharm_project\PycharmProjects\EnergyBridge\experiments\real_data\germany_2025_price.csv,18.0,1.0,D:\Pycharm_project\PycharmProjects\EnergyBridge\benchmark_results\2026-07-21\_batch_logs\daily_event_configs\d26_hist_d26_1.json,skipped_done,0,0.0,D:\Pycharm_project\PycharmProjects\EnergyBridge\benchmark_results\2026-07-21\household_s2_multigeneration_caregiver_mpc_dynamic_germany_d26_hist_d26_1_2025-06-26_1day,D:\Pycharm_project\PycharmProjects\EnergyBridge\benchmark_results\2026-07-21\_batch_logs\daily_dr_memory_germany_1day\household_s2_multigeneration_caregiver_mpc_dynamic_germany_d26_hist_d26_1_2025-06-26_1day.log,D:\Pycharm_project\PycharmProjects\EnergyBridge\benchmark_results\2026-07-21\household_s2_multigeneration_caregiver_mpc_dynamic_germany_d26_hist_d26_1_2025-06-26_1day\run_summary.txt,0,62.206512,62.206512,16.615967,0.090452,EUR/kWh,D:\Pycharm_project\PycharmProjects\EnergyBridge\experiments\real_data\germany_2025_price.csv,7.8396,7.8396,0.0,0.0,2.55,1.0,1.0,"['dishwasher', 'dryer', 'ev', 'washer', 'water_heater']",[],[]
household_s3_hybrid_work_from_home,household_s3_hybrid_work_from_home,mpc_dynamic,Germany,1,2025-06-26,d26_hist_d26_1,hist_d26_1,26,D:\Pycharm_project\PycharmProjects\EnergyBridge\experiments\real_data\germany_2025_price.csv,18.0,1.0,D:\Pycharm_project\PycharmProjects\EnergyBridge\benchmark_results\2026-07-21\_batch_logs\daily_event_configs\d26_hist_d26_1.json,skipped_done,0,0.0,D:\Pycharm_project\PycharmProjects\EnergyBridge\benchmark_results\2026-07-21\household_s3_hybrid_work_from_home_mpc_dynamic_germany_d26_hist_d26_1_2025-06-26_1day,D:\Pycharm_project\PycharmProjects\EnergyBridge\benchmark_results\2026-07-21\_batch_logs\daily_dr_memory_germany_1day\household_s3_hybrid_work_from_home_mpc_dynamic_germany_d26_hist_d26_1_2025-06-26_1day.log,D:\Pycharm_project\PycharmProjects\EnergyBridge\benchmark_results\2026-07-21\household_s3_hybrid_work_from_home_mpc_dynamic_germany_d26_hist_d26_1_2025-06-26_1day\run_summary.txt,0,64.838968,64.838968,16.578697,0.090534,EUR/kWh,D:\Pycharm_project\PycharmProjects\EnergyBridge\experiments\real_data\germany_2025_price.csv,7.329,7.329,0.0,0.0,2.633,1.0,1.0,"['dishwasher', 'dryer', 'ev', 'washer', 'water_heater']",[],[]
household_s3_hybrid_work_from_home,household_s3_hybrid_work_from_home,no_dr,Germany,1,2025-06-26,d26_hist_d26_1,hist_d26_1,26,D:\Pycharm_project\PycharmProjects\EnergyBridge\experiments\real_data\germany_2025_price.csv,18.0,1.0,D:\Pycharm_project\PycharmProjects\EnergyBridge\benchmark_results\2026-07-21\_batch_logs\daily_event_configs\d26_hist_d26_1.json,skipped_done,0,0.0,D:\Pycharm_project\PycharmProjects\EnergyBridge\benchmark_results\2026-07-21\household_s3_hybrid_work_from_home_no_dr_germany_d26_hist_d26_1_2025-06-26_1day,D:\Pycharm_project\PycharmProjects\EnergyBridge\benchmark_results\2026-07-21\_batch_logs\daily_dr_memory_germany_1day\household_s3_hybrid_work_from_home_no_dr_germany_d26_hist_d26_1_2025-06-26_1day.log,D:\Pycharm_project\PycharmProjects\EnergyBridge\benchmark_results\2026-07-21\household_s3_hybrid_work_from_home_no_dr_germany_d26_hist_d26_1_2025-06-26_1day\run_summary.txt,0,63.935595,63.935595,17.461194,0.091626,EUR/kWh,D:\Pycharm_project\PycharmProjects\EnergyBridge\experiments\real_data\germany_2025_price.csv,10.6509,10.6509,1.0,1.0,,0.0,0.8,[],"['dishwasher', 'dryer', 'ev', 'washer', 'water_heater']",[]
household_s4_ev_commuter_flexible,household_s4_ev_commuter_flexible,no_dr,Germany,1,2025-06-26,d26_hist_d26_1,hist_d26_1,26,D:\Pycharm_project\PycharmProjects\EnergyBridge\experiments\real_data\germany_2025_price.csv,18.0,1.0,D:\Pycharm_project\PycharmProjects\EnergyBridge\benchmark_results\2026-07-21\_batch_logs\daily_event_configs\d26_hist_d26_1.json,skipped_done,0,0.0,D:\Pycharm_project\PycharmProjects\EnergyBridge\benchmark_results\2026-07-21\household_s4_ev_commuter_flexible_no_dr_germany_d26_hist_d26_1_2025-06-26_1day,D:\Pycharm_project\PycharmProjects\EnergyBridge\benchmark_results\2026-07-21\_batch_logs\daily_dr_memory_germany_1day\household_s4_ev_commuter_flexible_no_dr_germany_d26_hist_d26_1_2025-06-26_1day.log,D:\Pycharm_project\PycharmProjects\EnergyBridge\benchmark_results\2026-07-21\household_s4_ev_commuter_flexible_no_dr_germany_d26_hist_d26_1_2025-06-26_1day\run_summary.txt,0,72.453919,72.453919,18.235698,0.091905,EUR/kWh,D:\Pycharm_project\PycharmProjects\EnergyBridge\experiments\real_data\germany_2025_price.csv,10.6446,10.6446,1.0,1.0,,0.0,1.0,[],"['dishwasher', 'dryer', 'ev', 'washer', 'water_heater']",[]
household_s4_ev_commuter_flexible,household_s4_ev_commuter_flexible,mpc_dynamic,Germany,1,2025-06-26,d26_hist_d26_1,hist_d26_1,26,D:\Pycharm_project\PycharmProjects\EnergyBridge\experiments\real_data\germany_2025_price.csv,18.0,1.0,D:\Pycharm_project\PycharmProjects\EnergyBridge\benchmark_results\2026-07-21\_batch_logs\daily_event_configs\d26_hist_d26_1.json,skipped_done,0,0.0,D:\Pycharm_project\PycharmProjects\EnergyBridge\benchmark_results\2026-07-21\household_s4_ev_commuter_flexible_mpc_dynamic_germany_d26_hist_d26_1_2025-06-26_1day,D:\Pycharm_project\PycharmProjects\EnergyBridge\benchmark_results\2026-07-21\_batch_logs\daily_dr_memory_germany_1day\household_s4_ev_commuter_flexible_mpc_dynamic_germany_d26_hist_d26_1_2025-06-26_1day.log,D:\Pycharm_project\PycharmProjects\EnergyBridge\benchmark_results\2026-07-21\household_s4_ev_commuter_flexible_mpc_dynamic_germany_d26_hist_d26_1_2025-06-26_1day\run_summary.txt,0,74.482182,74.482182,17.204696,0.091146,EUR/kWh,D:\Pycharm_project\PycharmProjects\EnergyBridge\experiments\real_data\germany_2025_price.csv,7.7123,7.7123,0.0,0.0,2.678,1.0,1.0,"['dishwasher', 'dryer', 'ev', 'washer', 'water_heater']",[],[]
household_s5_shared_roommates_irregular,household_s5_shared_roommates_irregular,mpc_dynamic,Germany,1,2025-06-26,d26_hist_d26_1,hist_d26_1,26,D:\Pycharm_project\PycharmProjects\EnergyBridge\experiments\real_data\germany_2025_price.csv,18.0,1.0,D:\Pycharm_project\PycharmProjects\EnergyBridge\benchmark_results\2026-07-21\_batch_logs\daily_event_configs\d26_hist_d26_1.json,skipped_done,0,0.0,D:\Pycharm_project\PycharmProjects\EnergyBridge\benchmark_results\2026-07-21\household_s5_shared_roommates_irregular_mpc_dynamic_germany_d26_hist_d26_1_2025-06-26_1day,D:\Pycharm_project\PycharmProjects\EnergyBridge\benchmark_results\2026-07-21\_batch_logs\daily_dr_memory_germany_1day\household_s5_shared_roommates_irregular_mpc_dynamic_germany_d26_hist_d26_1_2025-06-26_1day.log,D:\Pycharm_project\PycharmProjects\EnergyBridge\benchmark_results\2026-07-21\household_s5_shared_roommates_irregular_mpc_dynamic_germany_d26_hist_d26_1_2025-06-26_1day\run_summary.txt,0,65.840153,65.840153,16.497876,0.090765,EUR/kWh,D:\Pycharm_project\PycharmProjects\EnergyBridge\experiments\real_data\germany_2025_price.csv,7.7123,7.7123,0.0,0.0,2.612,1.0,1.0,"['dishwasher', 'dryer', 'ev', 'washer', 'water_heater']",[],[]
household_s5_shared_roommates_irregular,household_s5_shared_roommates_irregular,no_dr,Germany,1,2025-06-26,d26_hist_d26_1,hist_d26_1,26,D:\Pycharm_project\PycharmProjects\EnergyBridge\experiments\real_data\germany_2025_price.csv,18.0,1.0,D:\Pycharm_project\PycharmProjects\EnergyBridge\benchmark_results\2026-07-21\_batch_logs\daily_event_configs\d26_hist_d26_1.json,skipped_done,0,0.0,D:\Pycharm_project\PycharmProjects\EnergyBridge\benchmark_results\2026-07-21\household_s5_shared_roommates_irregular_no_dr_germany_d26_hist_d26_1_2025-06-26_1day,D:\Pycharm_project\PycharmProjects\EnergyBridge\benchmark_results\2026-07-21\_batch_logs\daily_dr_memory_germany_1day\household_s5_shared_roommates_irregular_no_dr_germany_d26_hist_d26_1_2025-06-26_1day.log,D:\Pycharm_project\PycharmProjects\EnergyBridge\benchmark_results\2026-07-21\household_s5_shared_roommates_irregular_no_dr_germany_d26_hist_d26_1_2025-06-26_1day\run_summary.txt,0,63.604644,63.604644,17.472466,0.091605,EUR/kWh,D:\Pycharm_project\PycharmProjects\EnergyBridge\experiments\real_data\germany_2025_price.csv,10.6446,10.6446,1.0,1.0,,0.0,1.0,[],"['dishwasher', 'dryer', 'ev', 'washer', 'water_heater']",[]
household_s1_dual_commuter_standard,household_s1_dual_commuter_standard,mpc_dynamic,Tianjin,1,2025-06-26,d26_hist_d26_1,hist_d26_1,26,D:\Pycharm_project\PycharmProjects\EnergyBridge\experiments\real_data\tianjin_tou_price_normalized.csv,18.0,1.0,D:\Pycharm_project\PycharmProjects\EnergyBridge\benchmark_results\2026-07-21\_batch_logs\daily_event_configs\d26_hist_d26_1.json,skipped_done,0,0.0,D:\Pycharm_project\PycharmProjects\EnergyBridge\benchmark_results\2026-07-21\household_s1_dual_commuter_standard_mpc_dynamic_tianjin_d26_hist_d26_1_2025-06-26_1day,D:\Pycharm_project\PycharmProjects\EnergyBridge\benchmark_results\2026-07-21\_batch_logs\daily_dr_memory_tianjin_1day\household_s1_dual_commuter_standard_mpc_dynamic_tianjin_d26_hist_d26_1_2025-06-26_1day.log,D:\Pycharm_project\PycharmProjects\EnergyBridge\benchmark_results\2026-07-21\household_s1_dual_commuter_standard_mpc_dynamic_tianjin_d26_hist_d26_1_2025-06-26_1day\run_summary.txt,0,59.707895,59.707895,55.4939,1.063523,normalized TOU cost/kWh,D:\Pycharm_project\PycharmProjects\EnergyBridge\experiments\real_data\tianjin_tou_price_normalized.csv,1.8677,1.8677,0.0,0.0,2.612,1.0,1.0,"['dishwasher', 'dryer', 'ev', 'washer', 'water_heater']",[],[]
household_s1_dual_commuter_standard,household_s1_dual_commuter_standard,no_dr,Tianjin,1,2025-06-26,d26_hist_d26_1,hist_d26_1,26,D:\Pycharm_project\PycharmProjects\EnergyBridge\experiments\real_data\tianjin_tou_price_normalized.csv,18.0,1.0,D:\Pycharm_project\PycharmProjects\EnergyBridge\benchmark_results\2026-07-21\_batch_logs\daily_event_configs\d26_hist_d26_1.json,skipped_done,0,0.0,D:\Pycharm_project\PycharmProjects\EnergyBridge\benchmark_results\2026-07-21\household_s1_dual_commuter_standard_no_dr_tianjin_d26_hist_d26_1_2025-06-26_1day,D:\Pycharm_project\PycharmProjects\EnergyBridge\benchmark_results\2026-07-21\_batch_logs\daily_dr_memory_tianjin_1day\household_s1_dual_commuter_standard_no_dr_tianjin_d26_hist_d26_1_2025-06-26_1day.log,D:\Pycharm_project\PycharmProjects\EnergyBridge\benchmark_results\2026-07-21\household_s1_dual_commuter_standard_no_dr_tianjin_d26_hist_d26_1_2025-06-26_1day\run_summary.txt,0,60.664182,60.664182,67.319282,1.159245,normalized TOU cost/kWh,D:\Pycharm_project\PycharmProjects\EnergyBridge\experiments\real_data\tianjin_tou_price_normalized.csv,5.0658,5.0658,1.0,1.0,,0.0,1.0,[],"['dishwasher', 'dryer', 'ev', 'washer', 'water_heater']",[]
household_s2_multigeneration_caregiver,household_s2_multigeneration_caregiver,mpc_dynamic,Tianjin,1,2025-06-26,d26_hist_d26_1,hist_d26_1,26,D:\Pycharm_project\PycharmProjects\EnergyBridge\experiments\real_data\tianjin_tou_price_normalized.csv,18.0,1.0,D:\Pycharm_project\PycharmProjects\EnergyBridge\benchmark_results\2026-07-21\_batch_logs\daily_event_configs\d26_hist_d26_1.json,skipped_done,0,0.0,D:\Pycharm_project\PycharmProjects\EnergyBridge\benchmark_results\2026-07-21\household_s2_multigeneration_caregiver_mpc_dynamic_tianjin_d26_hist_d26_1_2025-06-26_1day,D:\Pycharm_project\PycharmProjects\EnergyBridge\benchmark_results\2026-07-21\_batch_logs\daily_dr_memory_tianjin_1day\household_s2_multigeneration_caregiver_mpc_dynamic_tianjin_d26_hist_d26_1_2025-06-26_1day.log,D:\Pycharm_project\PycharmProjects\EnergyBridge\benchmark_results\2026-07-21\household_s2_multigeneration_caregiver_mpc_dynamic_tianjin_d26_hist_d26_1_2025-06-26_1day\run_summary.txt,0,54.327015,54.327015,55.195611,1.130994,normalized TOU cost/kWh,D:\Pycharm_project\PycharmProjects\EnergyBridge\experiments\real_data\tianjin_tou_price_normalized.csv,2.1006,2.1006,0.0,0.0,2.55,1.0,1.0,"['dishwasher', 'dryer', 'ev', 'washer', 'water_heater']",[],[]
household_s2_multigeneration_caregiver,household_s2_multigeneration_caregiver,no_dr,Tianjin,1,2025-06-26,d26_hist_d26_1,hist_d26_1,26,D:\Pycharm_project\PycharmProjects\EnergyBridge\experiments\real_data\tianjin_tou_price_normalized.csv,18.0,1.0,D:\Pycharm_project\PycharmProjects\EnergyBridge\benchmark_results\2026-07-21\_batch_logs\daily_event_configs\d26_hist_d26_1.json,skipped_done,0,0.0,D:\Pycharm_project\PycharmProjects\EnergyBridge\benchmark_results\2026-07-21\household_s2_multigeneration_caregiver_no_dr_tianjin_d26_hist_d26_1_2025-06-26_1day,D:\Pycharm_project\PycharmProjects\EnergyBridge\benchmark_results\2026-07-21\_batch_logs\daily_dr_memory_tianjin_1day\household_s2_multigeneration_caregiver_no_dr_tianjin_d26_hist_d26_1_2025-06-26_1day.log,D:\Pycharm_project\PycharmProjects\EnergyBridge\benchmark_results\2026-07-21\household_s2_multigeneration_caregiver_no_dr_tianjin_d26_hist_d26_1_2025-06-26_1day\run_summary.txt,0,53.932284,53.932284,59.97301,1.201041,normalized TOU cost/kWh,D:\Pycharm_project\PycharmProjects\EnergyBridge\experiments\real_data\tianjin_tou_price_normalized.csv,5.1079,5.1079,1.0,1.0,,0.0,1.0,[],"['dishwasher', 'dryer', 'ev', 'washer', 'water_heater']",[]
household_s3_hybrid_work_from_home,household_s3_hybrid_work_from_home,mpc_dynamic,Tianjin,1,2025-06-26,d26_hist_d26_1,hist_d26_1,26,D:\Pycharm_project\PycharmProjects\EnergyBridge\experiments\real_data\tianjin_tou_price_normalized.csv,18.0,1.0,D:\Pycharm_project\PycharmProjects\EnergyBridge\benchmark_results\2026-07-21\_batch_logs\daily_event_configs\d26_hist_d26_1.json,skipped_done,0,0.0,D:\Pycharm_project\PycharmProjects\EnergyBridge\benchmark_results\2026-07-21\household_s3_hybrid_work_from_home_mpc_dynamic_tianjin_d26_hist_d26_1_2025-06-26_1day,D:\Pycharm_project\PycharmProjects\EnergyBridge\benchmark_results\2026-07-21\_batch_logs\daily_dr_memory_tianjin_1day\household_s3_hybrid_work_from_home_mpc_dynamic_tianjin_d26_hist_d26_1_2025-06-26_1day.log,D:\Pycharm_project\PycharmProjects\EnergyBridge\benchmark_results\2026-07-21\household_s3_hybrid_work_from_home_mpc_dynamic_tianjin_d26_hist_d26_1_2025-06-26_1day\run_summary.txt,0,55.885964,55.885964,54.490575,1.087798,normalized TOU cost/kWh,D:\Pycharm_project\PycharmProjects\EnergyBridge\experiments\real_data\tianjin_tou_price_normalized.csv,1.7758,1.7758,0.0,0.0,2.633,1.0,1.0,"['dishwasher', 'dryer', 'ev', 'washer', 'water_heater']",[],[]
household_s3_hybrid_work_from_home,household_s3_hybrid_work_from_home,no_dr,Tianjin,1,2025-06-26,d26_hist_d26_1,hist_d26_1,26,D:\Pycharm_project\PycharmProjects\EnergyBridge\experiments\real_data\tianjin_tou_price_normalized.csv,18.0,1.0,D:\Pycharm_project\PycharmProjects\EnergyBridge\benchmark_results\2026-07-21\_batch_logs\daily_event_configs\d26_hist_d26_1.json,skipped_done,0,0.0,D:\Pycharm_project\PycharmProjects\EnergyBridge\benchmark_results\2026-07-21\household_s3_hybrid_work_from_home_no_dr_tianjin_d26_hist_d26_1_2025-06-26_1day,D:\Pycharm_project\PycharmProjects\EnergyBridge\benchmark_results\2026-07-21\_batch_logs\daily_dr_memory_tianjin_1day\household_s3_hybrid_work_from_home_no_dr_tianjin_d26_hist_d26_1_2025-06-26_1day.log,D:\Pycharm_project\PycharmProjects\EnergyBridge\benchmark_results\2026-07-21\household_s3_hybrid_work_from_home_no_dr_tianjin_d26_hist_d26_1_2025-06-26_1day\run_summary.txt,0,56.893034,56.893034,63.67287,1.172602,normalized TOU cost/kWh,D:\Pycharm_project\PycharmProjects\EnergyBridge\experiments\real_data\tianjin_tou_price_normalized.csv,5.0665,5.0665,1.0,1.0,,0.0,0.8,[],"['dishwasher', 'dryer', 'ev', 'washer', 'water_heater']",[]
household_s4_ev_commuter_flexible,household_s4_ev_commuter_flexible,mpc_dynamic,Tianjin,1,2025-06-26,d26_hist_d26_1,hist_d26_1,26,D:\Pycharm_project\PycharmProjects\EnergyBridge\experiments\real_data\tianjin_tou_price_normalized.csv,18.0,1.0,D:\Pycharm_project\PycharmProjects\EnergyBridge\benchmark_results\2026-07-21\_batch_logs\daily_event_configs\d26_hist_d26_1.json,skipped_done,0,0.0,D:\Pycharm_project\PycharmProjects\EnergyBridge\benchmark_results\2026-07-21\household_s4_ev_commuter_flexible_mpc_dynamic_tianjin_d26_hist_d26_1_2025-06-26_1day,D:\Pycharm_project\PycharmProjects\EnergyBridge\benchmark_results\2026-07-21\_batch_logs\daily_dr_memory_tianjin_1day\household_s4_ev_commuter_flexible_mpc_dynamic_tianjin_d26_hist_d26_1_2025-06-26_1day.log,D:\Pycharm_project\PycharmProjects\EnergyBridge\benchmark_results\2026-07-21\household_s4_ev_commuter_flexible_mpc_dynamic_tianjin_d26_hist_d26_1_2025-06-26_1day\run_summary.txt,0,63.789055,63.789055,59.57506,1.058915,normalized TOU cost/kWh,D:\Pycharm_project\PycharmProjects\EnergyBridge\experiments\real_data\tianjin_tou_price_normalized.csv,1.8677,1.8677,0.0,0.0,2.65,1.0,1.0,"['dishwasher', 'dryer', 'ev', 'washer', 'water_heater']",[],[]
household_s4_ev_commuter_flexible,household_s4_ev_commuter_flexible,no_dr,Tianjin,1,2025-06-26,d26_hist_d26_1,hist_d26_1,26,D:\Pycharm_project\PycharmProjects\EnergyBridge\experiments\real_data\tianjin_tou_price_normalized.csv,18.0,1.0,D:\Pycharm_project\PycharmProjects\EnergyBridge\benchmark_results\2026-07-21\_batch_logs\daily_event_configs\d26_hist_d26_1.json,skipped_done,0,0.0,D:\Pycharm_project\PycharmProjects\EnergyBridge\benchmark_results\2026-07-21\household_s4_ev_commuter_flexible_no_dr_tianjin_d26_hist_d26_1_2025-06-26_1day,D:\Pycharm_project\PycharmProjects\EnergyBridge\benchmark_results\2026-07-21\_batch_logs\daily_dr_memory_tianjin_1day\household_s4_ev_commuter_flexible_no_dr_tianjin_d26_hist_d26_1_2025-06-26_1day.log,D:\Pycharm_project\PycharmProjects\EnergyBridge\benchmark_results\2026-07-21\household_s4_ev_commuter_flexible_no_dr_tianjin_d26_hist_d26_1_2025-06-26_1day\run_summary.txt,0,64.745342,64.745342,71.400442,1.148788,normalized TOU cost/kWh,D:\Pycharm_project\PycharmProjects\EnergyBridge\experiments\real_data\tianjin_tou_price_normalized.csv,5.0658,5.0658,1.0,1.0,,0.0,1.0,[],"['dishwasher', 'dryer', 'ev', 'washer', 'water_heater']",[]
household_s5_shared_roommates_irregular,household_s5_shared_roommates_irregular,no_dr,Tianjin,1,2025-06-26,d26_hist_d26_1,hist_d26_1,26,D:\Pycharm_project\PycharmProjects\EnergyBridge\experiments\real_data\tianjin_tou_price_normalized.csv,18.0,1.0,D:\Pycharm_project\PycharmProjects\EnergyBridge\benchmark_results\2026-07-21\_batch_logs\daily_event_configs\d26_hist_d26_1.json,skipped_done,0,0.0,D:\Pycharm_project\PycharmProjects\EnergyBridge\benchmark_results\2026-07-21\household_s5_shared_roommates_irregular_no_dr_tianjin_d26_hist_d26_1_2025-06-26_1day,D:\Pycharm_project\PycharmProjects\EnergyBridge\benchmark_results\2026-07-21\_batch_logs\daily_dr_memory_tianjin_1day\household_s5_shared_roommates_irregular_no_dr_tianjin_d26_hist_d26_1_2025-06-26_1day.log,D:\Pycharm_project\PycharmProjects\EnergyBridge\benchmark_results\2026-07-21\household_s5_shared_roommates_irregular_no_dr_tianjin_d26_hist_d26_1_2025-06-26_1day\run_summary.txt,0,56.583023,56.583023,63.238123,1.171282,normalized TOU cost/kWh,D:\Pycharm_project\PycharmProjects\EnergyBridge\experiments\real_data\tianjin_tou_price_normalized.csv,5.0658,5.0658,1.0,1.0,,0.0,1.0,[],"['dishwasher', 'dryer', 'ev', 'washer', 'water_heater']",[]
household_s5_shared_roommates_irregular,household_s5_shared_roommates_irregular,mpc_dynamic,Tianjin,1,2025-06-26,d26_hist_d26_1,hist_d26_1,26,D:\Pycharm_project\PycharmProjects\EnergyBridge\experiments\real_data\tianjin_tou_price_normalized.csv,18.0,1.0,D:\Pycharm_project\PycharmProjects\EnergyBridge\benchmark_results\2026-07-21\_batch_logs\daily_event_configs\d26_hist_d26_1.json,skipped_done,0,0.0,D:\Pycharm_project\PycharmProjects\EnergyBridge\benchmark_results\2026-07-21\household_s5_shared_roommates_irregular_mpc_dynamic_tianjin_d26_hist_d26_1_2025-06-26_1day,D:\Pycharm_project\PycharmProjects\EnergyBridge\benchmark_results\2026-07-21\_batch_logs\daily_dr_memory_tianjin_1day\household_s5_shared_roommates_irregular_mpc_dynamic_tianjin_d26_hist_d26_1_2025-06-26_1day.log,D:\Pycharm_project\PycharmProjects\EnergyBridge\benchmark_results\2026-07-21\household_s5_shared_roommates_irregular_mpc_dynamic_tianjin_d26_hist_d26_1_2025-06-26_1day\run_summary.txt,0,55.626736,55.626736,51.412741,1.068913,normalized TOU cost/kWh,D:\Pycharm_project\PycharmProjects\EnergyBridge\experiments\real_data\tianjin_tou_price_normalized.csv,1.8677,1.8677,0.0,0.0,2.612,1.0,1.0,"['dishwasher', 'dryer', 'ev', 'washer', 'water_heater']",[],[]
household_s1_dual_commuter_standard,household_s1_dual_commuter_standard,no_dr,Germany,1,2025-06-27,d27_hist_d27_1,hist_d27_1,27,D:\Pycharm_project\PycharmProjects\EnergyBridge\experiments\real_data\germany_2025_price.csv,18.0,1.0,D:\Pycharm_project\PycharmProjects\EnergyBridge\benchmark_results\2026-07-21\_batch_logs\daily_event_configs\d27_hist_d27_1.json,skipped_done,0,0.0,D:\Pycharm_project\PycharmProjects\EnergyBridge\benchmark_results\2026-07-21\household_s1_dual_commuter_standard_no_dr_germany_d27_hist_d27_1_2025-06-27_1day,D:\Pycharm_project\PycharmProjects\EnergyBridge\benchmark_results\2026-07-21\_batch_logs\daily_dr_memory_germany_1day\household_s1_dual_commuter_standard_no_dr_germany_d27_hist_d27_1_2025-06-27_1day.log,D:\Pycharm_project\PycharmProjects\EnergyBridge\benchmark_results\2026-07-21\household_s1_dual_commuter_standard_no_dr_germany_d27_hist_d27_1_2025-06-27_1day\run_summary.txt,0,58.595947,58.595947,16.494899,0.08632,EUR/kWh,D:\Pycharm_project\PycharmProjects\EnergyBridge\experiments\real_data\germany_2025_price.csv,10.3641,10.3641,1.0,1.0,,0.0,1.0,[],"['dishwasher', 'dryer', 'ev', 'washer', 'water_heater']",[]
household_s1_dual_commuter_standard,household_s1_dual_commuter_standard,mpc_dynamic,Germany,1,2025-06-27,d27_hist_d27_1,hist_d27_1,27,D:\Pycharm_project\PycharmProjects\EnergyBridge\experiments\real_data\germany_2025_price.csv,18.0,1.0,D:\Pycharm_project\PycharmProjects\EnergyBridge\benchmark_results\2026-07-21\_batch_logs\daily_event_configs\d27_hist_d27_1.json,skipped_done,0,0.0,D:\Pycharm_project\PycharmProjects\EnergyBridge\benchmark_results\2026-07-21\household_s1_dual_commuter_standard_mpc_dynamic_germany_d27_hist_d27_1_2025-06-27_1day,D:\Pycharm_project\PycharmProjects\EnergyBridge\benchmark_results\2026-07-21\_batch_logs\daily_dr_memory_germany_1day\household_s1_dual_commuter_standard_mpc_dynamic_germany_d27_hist_d27_1_2025-06-27_1day.log,D:\Pycharm_project\PycharmProjects\EnergyBridge\benchmark_results\2026-07-21\household_s1_dual_commuter_standard_mpc_dynamic_germany_d27_hist_d27_1_2025-06-27_1day\run_summary.txt,0,38.237541,38.237541,13.537386,0.079376,EUR/kWh,D:\Pycharm_project\PycharmProjects\EnergyBridge\experiments\real_data\germany_2025_price.csv,6.4414,6.4414,1.0,1.0,3.38,1.0,1.0,"['dishwasher', 'dryer', 'ev', 'washer', 'water_heater']",[],[]
household_s2_multigeneration_caregiver,household_s2_multigeneration_caregiver,no_dr,Germany,1,2025-06-27,d27_hist_d27_1,hist_d27_1,27,D:\Pycharm_project\PycharmProjects\EnergyBridge\experiments\real_data\germany_2025_price.csv,18.0,1.0,D:\Pycharm_project\PycharmProjects\EnergyBridge\benchmark_results\2026-07-21\_batch_logs\daily_event_configs\d27_hist_d27_1.json,skipped_done,0,0.0,D:\Pycharm_project\PycharmProjects\EnergyBridge\benchmark_results\2026-07-21\household_s2_multigeneration_caregiver_no_dr_germany_d27_hist_d27_1_2025-06-27_1day,D:\Pycharm_project\PycharmProjects\EnergyBridge\benchmark_results\2026-07-21\_batch_logs\daily_dr_memory_germany_1day\household_s2_multigeneration_caregiver_no_dr_germany_d27_hist_d27_1_2025-06-27_1day.log,D:\Pycharm_project\PycharmProjects\EnergyBridge\benchmark_results\2026-07-21\household_s2_multigeneration_caregiver_no_dr_germany_d27_hist_d27_1_2025-06-27_1day\run_summary.txt,0,51.291124,51.291124,15.741691,0.08588,EUR/kWh,D:\Pycharm_project\PycharmProjects\EnergyBridge\experiments\real_data\germany_2025_price.csv,10.4073,10.4073,1.0,1.0,,0.0,1.0,[],"['dishwasher', 'dryer', 'ev', 'washer', 'water_heater']",[]
household_s2_multigeneration_caregiver,household_s2_multigeneration_caregiver,mpc_dynamic,Germany,1,2025-06-27,d27_hist_d27_1,hist_d27_1,27,D:\Pycharm_project\PycharmProjects\EnergyBridge\experiments\real_data\germany_2025_price.csv,18.0,1.0,D:\Pycharm_project\PycharmProjects\EnergyBridge\benchmark_results\2026-07-21\_batch_logs\daily_event_configs\d27_hist_d27_1.json,skipped_done,0,0.0,D:\Pycharm_project\PycharmProjects\EnergyBridge\benchmark_results\2026-07-21\household_s2_multigeneration_caregiver_mpc_dynamic_germany_d27_hist_d27_1_2025-06-27_1day,D:\Pycharm_project\PycharmProjects\EnergyBridge\benchmark_results\2026-07-21\_batch_logs\daily_dr_memory_germany_1day\household_s2_multigeneration_caregiver_mpc_dynamic_germany_d27_hist_d27_1_2025-06-27_1day.log,D:\Pycharm_project\PycharmProjects\EnergyBridge\benchmark_results\2026-07-21\household_s2_multigeneration_caregiver_mpc_dynamic_germany_d27_hist_d27_1_2025-06-27_1day\run_summary.txt,0,51.985822,51.985822,15.191712,0.083887,EUR/kWh,D:\Pycharm_project\PycharmProjects\EnergyBridge\experiments\real_data\germany_2025_price.csv,7.5468,7.5468,0.0,0.0,2.606,1.0,1.0,"['dishwasher', 'dryer', 'ev', 'washer', 'water_heater']",[],[]
household_s3_hybrid_work_from_home,household_s3_hybrid_work_from_home,mpc_dynamic,Germany,1,2025-06-27,d27_hist_d27_1,hist_d27_1,27,D:\Pycharm_project\PycharmProjects\EnergyBridge\experiments\real_data\germany_2025_price.csv,18.0,1.0,D:\Pycharm_project\PycharmProjects\EnergyBridge\benchmark_results\2026-07-21\_batch_logs\daily_event_configs\d27_hist_d27_1.json,skipped_done,0,0.0,D:\Pycharm_project\PycharmProjects\EnergyBridge\benchmark_results\2026-07-21\household_s3_hybrid_work_from_home_mpc_dynamic_germany_d27_hist_d27_1_2025-06-27_1day,D:\Pycharm_project\PycharmProjects\EnergyBridge\benchmark_results\2026-07-21\_batch_logs\daily_dr_memory_germany_1day\household_s3_hybrid_work_from_home_mpc_dynamic_germany_d27_hist_d27_1_2025-06-27_1day.log,D:\Pycharm_project\PycharmProjects\EnergyBridge\benchmark_results\2026-07-21\household_s3_hybrid_work_from_home_mpc_dynamic_germany_d27_hist_d27_1_2025-06-27_1day\run_summary.txt,0,59.007101,59.007101,15.425689,0.083477,EUR/kWh,D:\Pycharm_project\PycharmProjects\EnergyBridge\experiments\real_data\germany_2025_price.csv,6.9784,6.9784,0.0,0.0,2.633,1.0,1.0,"['dishwasher', 'dryer', 'ev', 'washer', 'water_heater']",[],[]
household_s3_hybrid_work_from_home,household_s3_hybrid_work_from_home,no_dr,Germany,1,2025-06-27,d27_hist_d27_1,hist_d27_1,27,D:\Pycharm_project\PycharmProjects\EnergyBridge\experiments\real_data\germany_2025_price.csv,18.0,1.0,D:\Pycharm_project\PycharmProjects\EnergyBridge\benchmark_results\2026-07-21\_batch_logs\daily_event_configs\d27_hist_d27_1.json,skipped_done,0,0.0,D:\Pycharm_project\PycharmProjects\EnergyBridge\benchmark_results\2026-07-21\household_s3_hybrid_work_from_home_no_dr_germany_d27_hist_d27_1_2025-06-27_1day,D:\Pycharm_project\PycharmProjects\EnergyBridge\benchmark_results\2026-07-21\_batch_logs\daily_dr_memory_germany_1day\household_s3_hybrid_work_from_home_no_dr_germany_d27_hist_d27_1_2025-06-27_1day.log,D:\Pycharm_project\PycharmProjects\EnergyBridge\benchmark_results\2026-07-21\household_s3_hybrid_work_from_home_no_dr_germany_d27_hist_d27_1_2025-06-27_1day\run_summary.txt,0,54.76761,54.76761,16.105907,0.0862,EUR/kWh,D:\Pycharm_project\PycharmProjects\EnergyBridge\experiments\real_data\germany_2025_price.csv,10.3714,10.3714,1.0,1.0,,0.0,0.8,[],"['dishwasher', 'dryer', 'ev', 'washer', 'water_heater']",[]
household_s4_ev_commuter_flexible,household_s4_ev_commuter_flexible,mpc_dynamic,Germany,1,2025-06-27,d27_hist_d27_1,hist_d27_1,27,D:\Pycharm_project\PycharmProjects\EnergyBridge\experiments\real_data\germany_2025_price.csv,18.0,1.0,D:\Pycharm_project\PycharmProjects\EnergyBridge\benchmark_results\2026-07-21\_batch_logs\daily_event_configs\d27_hist_d27_1.json,skipped_done,0,0.0,D:\Pycharm_project\PycharmProjects\EnergyBridge\benchmark_results\2026-07-21\household_s4_ev_commuter_flexible_mpc_dynamic_germany_d27_hist_d27_1_2025-06-27_1day,D:\Pycharm_project\PycharmProjects\EnergyBridge\benchmark_results\2026-07-21\_batch_logs\daily_dr_memory_germany_1day\household_s4_ev_commuter_flexible_mpc_dynamic_germany_d27_hist_d27_1_2025-06-27_1day.log,D:\Pycharm_project\PycharmProjects\EnergyBridge\benchmark_results\2026-07-21\household_s4_ev_commuter_flexible_mpc_dynamic_germany_d27_hist_d27_1_2025-06-27_1day\run_summary.txt,0,69.705471,69.705471,15.929995,0.083908,EUR/kWh,D:\Pycharm_project\PycharmProjects\EnergyBridge\experiments\real_data\germany_2025_price.csv,7.1828,7.1828,0.0,0.0,2.65,1.0,1.0,"['dishwasher', 'dryer', 'ev', 'washer', 'water_heater']",[],[]
household_s4_ev_commuter_flexible,household_s4_ev_commuter_flexible,no_dr,Germany,1,2025-06-27,d27_hist_d27_1,hist_d27_1,27,D:\Pycharm_project\PycharmProjects\EnergyBridge\experiments\real_data\germany_2025_price.csv,18.0,1.0,D:\Pycharm_project\PycharmProjects\EnergyBridge\benchmark_results\2026-07-21\_batch_logs\daily_event_configs\d27_hist_d27_1.json,skipped_done,0,0.0,D:\Pycharm_project\PycharmProjects\EnergyBridge\benchmark_results\2026-07-21\household_s4_ev_commuter_flexible_no_dr_germany_d27_hist_d27_1_2025-06-27_1day,D:\Pycharm_project\PycharmProjects\EnergyBridge\benchmark_results\2026-07-21\_batch_logs\daily_dr_memory_germany_1day\household_s4_ev_commuter_flexible_no_dr_germany_d27_hist_d27_1_2025-06-27_1day.log,D:\Pycharm_project\PycharmProjects\EnergyBridge\benchmark_results\2026-07-21\household_s4_ev_commuter_flexible_no_dr_germany_d27_hist_d27_1_2025-06-27_1day\run_summary.txt,0,62.677107,62.677107,16.876344,0.08647,EUR/kWh,D:\Pycharm_project\PycharmProjects\EnergyBridge\experiments\real_data\germany_2025_price.csv,10.3641,10.3641,1.0,1.0,,0.0,1.0,[],"['dishwasher', 'dryer', 'ev', 'washer', 'water_heater']",[]
household_s5_shared_roommates_irregular,household_s5_shared_roommates_irregular,mpc_dynamic,Germany,1,2025-06-27,d27_hist_d27_1,hist_d27_1,27,D:\Pycharm_project\PycharmProjects\EnergyBridge\experiments\real_data\germany_2025_price.csv,18.0,1.0,D:\Pycharm_project\PycharmProjects\EnergyBridge\benchmark_results\2026-07-21\_batch_logs\daily_event_configs\d27_hist_d27_1.json,skipped_done,0,0.0,D:\Pycharm_project\PycharmProjects\EnergyBridge\benchmark_results\2026-07-21\household_s5_shared_roommates_irregular_mpc_dynamic_germany_d27_hist_d27_1_2025-06-27_1day,D:\Pycharm_project\PycharmProjects\EnergyBridge\benchmark_results\2026-07-21\_batch_logs\daily_dr_memory_germany_1day\household_s5_shared_roommates_irregular_mpc_dynamic_germany_d27_hist_d27_1_2025-06-27_1day.log,D:\Pycharm_project\PycharmProjects\EnergyBridge\benchmark_results\2026-07-21\household_s5_shared_roommates_irregular_mpc_dynamic_germany_d27_hist_d27_1_2025-06-27_1day\run_summary.txt,0,61.543152,61.543152,15.100711,0.083114,EUR/kWh,D:\Pycharm_project\PycharmProjects\EnergyBridge\experiments\real_data\germany_2025_price.csv,7.1828,7.1828,0.0,0.0,2.612,1.0,1.0,"['dishwasher', 'dryer', 'ev', 'washer', 'water_heater']",[],[]
household_s5_shared_roommates_irregular,household_s5_shared_roommates_irregular,no_dr,Germany,1,2025-06-27,d27_hist_d27_1,hist_d27_1,27,D:\Pycharm_project\PycharmProjects\EnergyBridge\experiments\real_data\germany_2025_price.csv,18.0,1.0,D:\Pycharm_project\PycharmProjects\EnergyBridge\benchmark_results\2026-07-21\_batch_logs\daily_event_configs\d27_hist_d27_1.json,skipped_done,0,0.0,D:\Pycharm_project\PycharmProjects\EnergyBridge\benchmark_results\2026-07-21\household_s5_shared_roommates_irregular_no_dr_germany_d27_hist_d27_1_2025-06-27_1day,D:\Pycharm_project\PycharmProjects\EnergyBridge\benchmark_results\2026-07-21\_batch_logs\daily_dr_memory_germany_1day\household_s5_shared_roommates_irregular_no_dr_germany_d27_hist_d27_1_2025-06-27_1day.log,D:\Pycharm_project\PycharmProjects\EnergyBridge\benchmark_results\2026-07-21\household_s5_shared_roommates_irregular_no_dr_germany_d27_hist_d27_1_2025-06-27_1day\run_summary.txt,0,54.514788,54.514788,16.113453,0.086164,EUR/kWh,D:\Pycharm_project\PycharmProjects\EnergyBridge\experiments\real_data\germany_2025_price.csv,10.3641,10.3641,1.0,1.0,,0.0,1.0,[],"['dishwasher', 'dryer', 'ev', 'washer', 'water_heater']",[]
household_s1_dual_commuter_standard,household_s1_dual_commuter_standard,no_dr,Tianjin,1,2025-06-27,d27_hist_d27_1,hist_d27_1,27,D:\Pycharm_project\PycharmProjects\EnergyBridge\experiments\real_data\tianjin_tou_price_normalized.csv,18.0,1.0,D:\Pycharm_project\PycharmProjects\EnergyBridge\benchmark_results\2026-07-21\_batch_logs\daily_event_configs\d27_hist_d27_1.json,skipped_done,0,0.0,D:\Pycharm_project\PycharmProjects\EnergyBridge\benchmark_results\2026-07-21\household_s1_dual_commuter_standard_no_dr_tianjin_d27_hist_d27_1_2025-06-27_1day,D:\Pycharm_project\PycharmProjects\EnergyBridge\benchmark_results\2026-07-21\_batch_logs\daily_dr_memory_tianjin_1day\household_s1_dual_commuter_standard_no_dr_tianjin_d27_hist_d27_1_2025-06-27_1day.log,D:\Pycharm_project\PycharmProjects\EnergyBridge\benchmark_results\2026-07-21\household_s1_dual_commuter_standard_no_dr_tianjin_d27_hist_d27_1_2025-06-27_1day\run_summary.txt,0,78.530428,78.530428,73.602327,1.162403,normalized TOU cost/kWh,D:\Pycharm_project\PycharmProjects\EnergyBridge\experiments\real_data\tianjin_tou_price_normalized.csv,6.1661,6.1661,1.0,1.0,,0.0,1.0,[],"['dishwasher', 'dryer', 'ev', 'washer', 'water_heater']",[]
household_s1_dual_commuter_standard,household_s1_dual_commuter_standard,mpc_dynamic,Tianjin,1,2025-06-27,d27_hist_d27_1,hist_d27_1,27,D:\Pycharm_project\PycharmProjects\EnergyBridge\experiments\real_data\tianjin_tou_price_normalized.csv,18.0,1.0,D:\Pycharm_project\PycharmProjects\EnergyBridge\benchmark_results\2026-07-21\_batch_logs\daily_event_configs\d27_hist_d27_1.json,skipped_done,0,0.0,D:\Pycharm_project\PycharmProjects\EnergyBridge\benchmark_results\2026-07-21\household_s1_dual_commuter_standard_mpc_dynamic_tianjin_d27_hist_d27_1_2025-06-27_1day,D:\Pycharm_project\PycharmProjects\EnergyBridge\benchmark_results\2026-07-21\_batch_logs\daily_dr_memory_tianjin_1day\household_s1_dual_commuter_standard_mpc_dynamic_tianjin_d27_hist_d27_1_2025-06-27_1day.log,D:\Pycharm_project\PycharmProjects\EnergyBridge\benchmark_results\2026-07-21\household_s1_dual_commuter_standard_mpc_dynamic_tianjin_d27_hist_d27_1_2025-06-27_1day\run_summary.txt,0,52.482362,52.482362,35.577694,0.87688,normalized TOU cost/kWh,D:\Pycharm_project\PycharmProjects\EnergyBridge\experiments\real_data\tianjin_tou_price_normalized.csv,1.2489,1.2489,1.0,1.0,2.835,1.0,1.0,"['dishwasher', 'dryer', 'ev', 'washer', 'water_heater']",[],[]
household_s2_multigeneration_caregiver,household_s2_multigeneration_caregiver,mpc_dynamic,Tianjin,1,2025-06-27,d27_hist_d27_1,hist_d27_1,27,D:\Pycharm_project\PycharmProjects\EnergyBridge\experiments\real_data\tianjin_tou_price_normalized.csv,18.0,1.0,D:\Pycharm_project\PycharmProjects\EnergyBridge\benchmark_results\2026-07-21\_batch_logs\daily_event_configs\d27_hist_d27_1.json,skipped_done,0,0.0,D:\Pycharm_project\PycharmProjects\EnergyBridge\benchmark_results\2026-07-21\household_s2_multigeneration_caregiver_mpc_dynamic_tianjin_d27_hist_d27_1_2025-06-27_1day,D:\Pycharm_project\PycharmProjects\EnergyBridge\benchmark_results\2026-07-21\_batch_logs\daily_dr_memory_tianjin_1day\household_s2_multigeneration_caregiver_mpc_dynamic_tianjin_d27_hist_d27_1_2025-06-27_1day.log,D:\Pycharm_project\PycharmProjects\EnergyBridge\benchmark_results\2026-07-21\household_s2_multigeneration_caregiver_mpc_dynamic_tianjin_d27_hist_d27_1_2025-06-27_1day\run_summary.txt,0,73.826841,73.826841,61.646083,1.138522,normalized TOU cost/kWh,D:\Pycharm_project\PycharmProjects\EnergyBridge\experiments\real_data\tianjin_tou_price_normalized.csv,3.2726,3.2726,0.0,0.0,2.55,1.0,1.0,"['dishwasher', 'dryer', 'ev', 'washer', 'water_heater']",[],[]
household_s2_multigeneration_caregiver,household_s2_multigeneration_caregiver,no_dr,Tianjin,1,2025-06-27,d27_hist_d27_1,hist_d27_1,27,D:\Pycharm_project\PycharmProjects\EnergyBridge\experiments\real_data\tianjin_tou_price_normalized.csv,18.0,1.0,D:\Pycharm_project\PycharmProjects\EnergyBridge\benchmark_results\2026-07-21\_batch_logs\daily_event_configs\d27_hist_d27_1.json,skipped_done,0,0.0,D:\Pycharm_project\PycharmProjects\EnergyBridge\benchmark_results\2026-07-21\household_s2_multigeneration_caregiver_no_dr_tianjin_d27_hist_d27_1_2025-06-27_1day,D:\Pycharm_project\PycharmProjects\EnergyBridge\benchmark_results\2026-07-21\_batch_logs\daily_dr_memory_tianjin_1day\household_s2_multigeneration_caregiver_no_dr_tianjin_d27_hist_d27_1_2025-06-27_1day.log,D:\Pycharm_project\PycharmProjects\EnergyBridge\benchmark_results\2026-07-21\household_s2_multigeneration_caregiver_no_dr_tianjin_d27_hist_d27_1_2025-06-27_1day\run_summary.txt,0,71.427148,71.427148,68.298065,1.209435,normalized TOU cost/kWh,D:\Pycharm_project\PycharmProjects\EnergyBridge\experiments\real_data\tianjin_tou_price_normalized.csv,6.2192,6.2192,1.0,1.0,,0.0,1.0,[],"['dishwasher', 'dryer', 'ev', 'washer', 'water_heater']",[]
household_s3_hybrid_work_from_home,household_s3_hybrid_work_from_home,no_dr,Tianjin,1,2025-06-27,d27_hist_d27_1,hist_d27_1,27,D:\Pycharm_project\PycharmProjects\EnergyBridge\experiments\real_data\tianjin_tou_price_normalized.csv,18.0,1.0,D:\Pycharm_project\PycharmProjects\EnergyBridge\benchmark_results\2026-07-21\_batch_logs\daily_event_configs\d27_hist_d27_1.json,skipped_done,0,0.0,D:\Pycharm_project\PycharmProjects\EnergyBridge\benchmark_results\2026-07-21\household_s3_hybrid_work_from_home_no_dr_tianjin_d27_hist_d27_1_2025-06-27_1day,D:\Pycharm_project\PycharmProjects\EnergyBridge\benchmark_results\2026-07-21\_batch_logs\daily_dr_memory_tianjin_1day\household_s3_hybrid_work_from_home_no_dr_tianjin_d27_hist_d27_1_2025-06-27_1day.log,D:\Pycharm_project\PycharmProjects\EnergyBridge\benchmark_results\2026-07-21\household_s3_hybrid_work_from_home_no_dr_tianjin_d27_hist_d27_1_2025-06-27_1day\run_summary.txt,0,75.11937,75.11937,71.826704,1.183009,normalized TOU cost/kWh,D:\Pycharm_project\PycharmProjects\EnergyBridge\experiments\real_data\tianjin_tou_price_normalized.csv,6.1689,6.1689,1.0,1.0,,0.0,0.8,[],"['dishwasher', 'dryer', 'ev', 'washer', 'water_heater']",[]
household_s3_hybrid_work_from_home,household_s3_hybrid_work_from_home,mpc_dynamic,Tianjin,1,2025-06-27,d27_hist_d27_1,hist_d27_1,27,D:\Pycharm_project\PycharmProjects\EnergyBridge\experiments\real_data\tianjin_tou_price_normalized.csv,18.0,1.0,D:\Pycharm_project\PycharmProjects\EnergyBridge\benchmark_results\2026-07-21\_batch_logs\daily_event_configs\d27_hist_d27_1.json,skipped_done,0,0.0,D:\Pycharm_project\PycharmProjects\EnergyBridge\benchmark_results\2026-07-21\household_s3_hybrid_work_from_home_mpc_dynamic_tianjin_d27_hist_d27_1_2025-06-27_1day,D:\Pycharm_project\PycharmProjects\EnergyBridge\benchmark_results\2026-07-21\_batch_logs\daily_dr_memory_tianjin_1day\household_s3_hybrid_work_from_home_mpc_dynamic_tianjin_d27_hist_d27_1_2025-06-27_1day.log,D:\Pycharm_project\PycharmProjects\EnergyBridge\benchmark_results\2026-07-21\household_s3_hybrid_work_from_home_mpc_dynamic_tianjin_d27_hist_d27_1_2025-06-27_1day\run_summary.txt,0,74.037032,74.037032,54.535802,1.068482,normalized TOU cost/kWh,D:\Pycharm_project\PycharmProjects\EnergyBridge\experiments\real_data\tianjin_tou_price_normalized.csv,2.9441,2.9441,0.0,0.0,2.633,1.0,1.0,"['dishwasher', 'dryer', 'ev', 'washer', 'water_heater']",[],[]
household_s4_ev_commuter_flexible,household_s4_ev_commuter_flexible,mpc_dynamic,Tianjin,1,2025-06-27,d27_hist_d27_1,hist_d27_1,27,D:\Pycharm_project\PycharmProjects\EnergyBridge\experiments\real_data\tianjin_tou_price_normalized.csv,18.0,1.0,D:\Pycharm_project\PycharmProjects\EnergyBridge\benchmark_results\2026-07-21\_batch_logs\daily_event_configs\d27_hist_d27_1.json,skipped_done,0,0.0,D:\Pycharm_project\PycharmProjects\EnergyBridge\benchmark_results\2026-07-21\household_s4_ev_commuter_flexible_mpc_dynamic_tianjin_d27_hist_d27_1_2025-06-27_1day,D:\Pycharm_project\PycharmProjects\EnergyBridge\benchmark_results\2026-07-21\_batch_logs\daily_dr_memory_tianjin_1day\household_s4_ev_commuter_flexible_mpc_dynamic_tianjin_d27_hist_d27_1_2025-06-27_1day.log,D:\Pycharm_project\PycharmProjects\EnergyBridge\benchmark_results\2026-07-21\household_s4_ev_commuter_flexible_mpc_dynamic_tianjin_d27_hist_d27_1_2025-06-27_1day\run_summary.txt,0,84.831473,84.831473,59.819795,1.045097,normalized TOU cost/kWh,D:\Pycharm_project\PycharmProjects\EnergyBridge\experiments\real_data\tianjin_tou_price_normalized.csv,3.2217,3.2217,0.0,0.0,2.65,1.0,1.0,"['dishwasher', 'dryer', 'ev', 'washer', 'water_heater']",[],[]
household_s4_ev_commuter_flexible,household_s4_ev_commuter_flexible,no_dr,Tianjin,1,2025-06-27,d27_hist_d27_1,hist_d27_1,27,D:\Pycharm_project\PycharmProjects\EnergyBridge\experiments\real_data\tianjin_tou_price_normalized.csv,18.0,1.0,D:\Pycharm_project\PycharmProjects\EnergyBridge\benchmark_results\2026-07-21\_batch_logs\daily_event_configs\d27_hist_d27_1.json,skipped_done,0,0.0,D:\Pycharm_project\PycharmProjects\EnergyBridge\benchmark_results\2026-07-21\household_s4_ev_commuter_flexible_no_dr_tianjin_d27_hist_d27_1_2025-06-27_1day,D:\Pycharm_project\PycharmProjects\EnergyBridge\benchmark_results\2026-07-21\_batch_logs\daily_dr_memory_tianjin_1day\household_s4_ev_commuter_flexible_no_dr_tianjin_d27_hist_d27_1_2025-06-27_1day.log,D:\Pycharm_project\PycharmProjects\EnergyBridge\benchmark_results\2026-07-21\household_s4_ev_commuter_flexible_no_dr_tianjin_d27_hist_d27_1_2025-06-27_1day\run_summary.txt,0,81.839123,81.839123,75.81682,1.144689,normalized TOU cost/kWh,D:\Pycharm_project\PycharmProjects\EnergyBridge\experiments\real_data\tianjin_tou_price_normalized.csv,6.1661,6.1661,1.0,1.0,,0.0,1.0,[],"['dishwasher', 'dryer', 'ev', 'washer', 'water_heater']",[]
household_s5_shared_roommates_irregular,household_s5_shared_roommates_irregular,no_dr,Tianjin,1,2025-06-27,d27_hist_d27_1,hist_d27_1,27,D:\Pycharm_project\PycharmProjects\EnergyBridge\experiments\real_data\tianjin_tou_price_normalized.csv,18.0,1.0,D:\Pycharm_project\PycharmProjects\EnergyBridge\benchmark_results\2026-07-21\_batch_logs\daily_event_configs\d27_hist_d27_1.json,skipped_done,0,0.0,D:\Pycharm_project\PycharmProjects\EnergyBridge\benchmark_results\2026-07-21\household_s5_shared_roommates_irregular_no_dr_tianjin_d27_hist_d27_1_2025-06-27_1day,D:\Pycharm_project\PycharmProjects\EnergyBridge\benchmark_results\2026-07-21\_batch_logs\daily_dr_memory_tianjin_1day\household_s5_shared_roommates_irregular_no_dr_tianjin_d27_hist_d27_1_2025-06-27_1day.log,D:\Pycharm_project\PycharmProjects\EnergyBridge\benchmark_results\2026-07-21\household_s5_shared_roommates_irregular_no_dr_tianjin_d27_hist_d27_1_2025-06-27_1day\run_summary.txt,0,74.742022,74.742022,71.387834,1.181828,normalized TOU cost/kWh,D:\Pycharm_project\PycharmProjects\EnergyBridge\experiments\real_data\tianjin_tou_price_normalized.csv,6.1661,6.1661,1.0,1.0,,0.0,1.0,[],"['dishwasher', 'dryer', 'ev', 'washer', 'water_heater']",[]
household_s1_dual_commuter_standard,household_s1_dual_commuter_standard,mpc_dynamic,Germany,1,2025-06-28,d28_hist_d28_1,hist_d28_1,28,D:\Pycharm_project\PycharmProjects\EnergyBridge\experiments\real_data\germany_2025_price.csv,18.0,1.0,D:\Pycharm_project\PycharmProjects\EnergyBridge\benchmark_results\2026-07-21\_batch_logs\daily_event_configs\d28_hist_d28_1.json,skipped_done,0,0.0,D:\Pycharm_project\PycharmProjects\EnergyBridge\benchmark_results\2026-07-21\household_s1_dual_commuter_standard_mpc_dynamic_germany_d28_hist_d28_1_2025-06-28_1day,D:\Pycharm_project\PycharmProjects\EnergyBridge\benchmark_results\2026-07-21\_batch_logs\daily_dr_memory_germany_1day\household_s1_dual_commuter_standard_mpc_dynamic_germany_d28_hist_d28_1_2025-06-28_1day.log,D:\Pycharm_project\PycharmProjects\EnergyBridge\benchmark_results\2026-07-21\household_s1_dual_commuter_standard_mpc_dynamic_germany_d28_hist_d28_1_2025-06-28_1day\run_summary.txt,0,74.926937,74.926937,10.927608,0.058539,EUR/kWh,D:\Pycharm_project\PycharmProjects\EnergyBridge\experiments\real_data\germany_2025_price.csv,7.8627,7.8627,0.0,0.0,2.673,1.0,1.0,"['dishwasher', 'dryer', 'ev', 'washer', 'water_heater']",[],[]
household_s5_shared_roommates_irregular,household_s5_shared_roommates_irregular,mpc_dynamic,Tianjin,1,2025-06-27,d27_hist_d27_1,hist_d27_1,27,D:\Pycharm_project\PycharmProjects\EnergyBridge\experiments\real_data\tianjin_tou_price_normalized.csv,18.0,1.0,D:\Pycharm_project\PycharmProjects\EnergyBridge\benchmark_results\2026-07-21\_batch_logs\daily_event_configs\d27_hist_d27_1.json,skipped_done,0,0.0,D:\Pycharm_project\PycharmProjects\EnergyBridge\benchmark_results\2026-07-21\household_s5_shared_roommates_irregular_mpc_dynamic_tianjin_d27_hist_d27_1_2025-06-27_1day,D:\Pycharm_project\PycharmProjects\EnergyBridge\benchmark_results\2026-07-21\_batch_logs\daily_dr_memory_tianjin_1day\household_s5_shared_roommates_irregular_mpc_dynamic_tianjin_d27_hist_d27_1_2025-06-27_1day.log,D:\Pycharm_project\PycharmProjects\EnergyBridge\benchmark_results\2026-07-21\household_s5_shared_roommates_irregular_mpc_dynamic_tianjin_d27_hist_d27_1_2025-06-27_1day\run_summary.txt,0,76.189444,76.189444,51.657476,1.052598,normalized TOU cost/kWh,D:\Pycharm_project\PycharmProjects\EnergyBridge\experiments\real_data\tianjin_tou_price_normalized.csv,3.2217,3.2217,0.0,0.0,2.612,1.0,1.0,"['dishwasher', 'dryer', 'ev', 'washer', 'water_heater']",[],[]
household_s1_dual_commuter_standard,household_s1_dual_commuter_standard,no_dr,Germany,1,2025-06-28,d28_hist_d28_1,hist_d28_1,28,D:\Pycharm_project\PycharmProjects\EnergyBridge\experiments\real_data\germany_2025_price.csv,18.0,1.0,D:\Pycharm_project\PycharmProjects\EnergyBridge\benchmark_results\2026-07-21\_batch_logs\daily_event_configs\d28_hist_d28_1.json,skipped_done,0,0.0,D:\Pycharm_project\PycharmProjects\EnergyBridge\benchmark_results\2026-07-21\household_s1_dual_commuter_standard_no_dr_germany_d28_hist_d28_1_2025-06-28_1day,D:\Pycharm_project\PycharmProjects\EnergyBridge\benchmark_results\2026-07-21\_batch_logs\daily_dr_memory_germany_1day\household_s1_dual_commuter_standard_no_dr_germany_d28_hist_d28_1_2025-06-28_1day.log,D:\Pycharm_project\PycharmProjects\EnergyBridge\benchmark_results\2026-07-21\household_s1_dual_commuter_standard_no_dr_germany_d28_hist_d28_1_2025-06-28_1day\run_summary.txt,0,71.032526,71.032526,11.634349,0.06029,EUR/kWh,D:\Pycharm_project\PycharmProjects\EnergyBridge\experiments\real_data\germany_2025_price.csv,10.8417,10.8417,1.0,1.0,,0.0,1.0,[],"['dishwasher', 'dryer', 'ev', 'washer', 'water_heater']",[]
household_s2_multigeneration_caregiver,household_s2_multigeneration_caregiver,mpc_dynamic,Germany,1,2025-06-28,d28_hist_d28_1,hist_d28_1,28,D:\Pycharm_project\PycharmProjects\EnergyBridge\experiments\real_data\germany_2025_price.csv,18.0,1.0,D:\Pycharm_project\PycharmProjects\EnergyBridge\benchmark_results\2026-07-21\_batch_logs\daily_event_configs\d28_hist_d28_1.json,skipped_done,0,0.0,D:\Pycharm_project\PycharmProjects\EnergyBridge\benchmark_results\2026-07-21\household_s2_multigeneration_caregiver_mpc_dynamic_germany_d28_hist_d28_1_2025-06-28_1day,D:\Pycharm_project\PycharmProjects\EnergyBridge\benchmark_results\2026-07-21\_batch_logs\daily_dr_memory_germany_1day\household_s2_multigeneration_caregiver_mpc_dynamic_germany_d28_hist_d28_1_2025-06-28_1day.log,D:\Pycharm_project\PycharmProjects\EnergyBridge\benchmark_results\2026-07-21\household_s2_multigeneration_caregiver_mpc_dynamic_germany_d28_hist_d28_1_2025-06-28_1day\run_summary.txt,0,64.863874,64.863874,10.347901,0.056301,EUR/kWh,D:\Pycharm_project\PycharmProjects\EnergyBridge\experiments\real_data\germany_2025_price.csv,8.0516,8.0516,0.0,0.0,2.55,1.0,1.0,"['dishwasher', 'dryer', 'ev', 'washer', 'water_heater']",[],[]
household_s2_multigeneration_caregiver,household_s2_multigeneration_caregiver,no_dr,Germany,1,2025-06-28,d28_hist_d28_1,hist_d28_1,28,D:\Pycharm_project\PycharmProjects\EnergyBridge\experiments\real_data\germany_2025_price.csv,18.0,1.0,D:\Pycharm_project\PycharmProjects\EnergyBridge\benchmark_results\2026-07-21\_batch_logs\daily_event_configs\d28_hist_d28_1.json,skipped_done,0,0.0,D:\Pycharm_project\PycharmProjects\EnergyBridge\benchmark_results\2026-07-21\household_s2_multigeneration_caregiver_no_dr_germany_d28_hist_d28_1_2025-06-28_1day,D:\Pycharm_project\PycharmProjects\EnergyBridge\benchmark_results\2026-07-21\_batch_logs\daily_dr_memory_germany_1day\household_s2_multigeneration_caregiver_no_dr_germany_d28_hist_d28_1_2025-06-28_1day.log,D:\Pycharm_project\PycharmProjects\EnergyBridge\benchmark_results\2026-07-21\household_s2_multigeneration_caregiver_no_dr_germany_d28_hist_d28_1_2025-06-28_1day\run_summary.txt,0,64.192283,64.192283,11.119879,0.059307,EUR/kWh,D:\Pycharm_project\PycharmProjects\EnergyBridge\experiments\real_data\germany_2025_price.csv,10.8818,10.8818,1.0,1.0,,0.0,1.0,[],"['dishwasher', 'dryer', 'ev', 'washer', 'water_heater']",[]
household_s3_hybrid_work_from_home,household_s3_hybrid_work_from_home,no_dr,Germany,1,2025-06-28,d28_hist_d28_1,hist_d28_1,28,D:\Pycharm_project\PycharmProjects\EnergyBridge\experiments\real_data\germany_2025_price.csv,18.0,1.0,D:\Pycharm_project\PycharmProjects\EnergyBridge\benchmark_results\2026-07-21\_batch_logs\daily_event_configs\d28_hist_d28_1.json,skipped_done,0,0.0,D:\Pycharm_project\PycharmProjects\EnergyBridge\benchmark_results\2026-07-21\household_s3_hybrid_work_from_home_no_dr_germany_d28_hist_d28_1_2025-06-28_1day,D:\Pycharm_project\PycharmProjects\EnergyBridge\benchmark_results\2026-07-21\_batch_logs\daily_dr_memory_germany_1day\household_s3_hybrid_work_from_home_no_dr_germany_d28_hist_d28_1_2025-06-28_1day.log,D:\Pycharm_project\PycharmProjects\EnergyBridge\benchmark_results\2026-07-21\household_s3_hybrid_work_from_home_no_dr_germany_d28_hist_d28_1_2025-06-28_1day\run_summary.txt,0,67.514863,67.514863,11.374394,0.059893,EUR/kWh,D:\Pycharm_project\PycharmProjects\EnergyBridge\experiments\real_data\germany_2025_price.csv,10.8505,10.8505,1.0,1.0,,0.0,0.8,[],"['dishwasher', 'dryer', 'ev', 'washer', 'water_heater']",[]
household_s3_hybrid_work_from_home,household_s3_hybrid_work_from_home,mpc_dynamic,Germany,1,2025-06-28,d28_hist_d28_1,hist_d28_1,28,D:\Pycharm_project\PycharmProjects\EnergyBridge\experiments\real_data\germany_2025_price.csv,18.0,1.0,D:\Pycharm_project\PycharmProjects\EnergyBridge\benchmark_results\2026-07-21\_batch_logs\daily_event_configs\d28_hist_d28_1.json,skipped_done,0,0.0,D:\Pycharm_project\PycharmProjects\EnergyBridge\benchmark_results\2026-07-21\household_s3_hybrid_work_from_home_mpc_dynamic_germany_d28_hist_d28_1_2025-06-28_1day,D:\Pycharm_project\PycharmProjects\EnergyBridge\benchmark_results\2026-07-21\_batch_logs\daily_dr_memory_germany_1day\household_s3_hybrid_work_from_home_mpc_dynamic_germany_d28_hist_d28_1_2025-06-28_1day.log,D:\Pycharm_project\PycharmProjects\EnergyBridge\benchmark_results\2026-07-21\household_s3_hybrid_work_from_home_mpc_dynamic_germany_d28_hist_d28_1_2025-06-28_1day\run_summary.txt,0,65.757657,65.757657,10.424963,0.056719,EUR/kWh,D:\Pycharm_project\PycharmProjects\EnergyBridge\experiments\real_data\germany_2025_price.csv,7.5735,7.5735,0.0,0.0,2.633,1.0,1.0,"['dishwasher', 'dryer', 'ev', 'washer', 'water_heater']",[],[]
household_s4_ev_commuter_flexible,household_s4_ev_commuter_flexible,mpc_dynamic,Germany,1,2025-06-28,d28_hist_d28_1,hist_d28_1,28,D:\Pycharm_project\PycharmProjects\EnergyBridge\experiments\real_data\germany_2025_price.csv,18.0,1.0,D:\Pycharm_project\PycharmProjects\EnergyBridge\benchmark_results\2026-07-21\_batch_logs\daily_event_configs\d28_hist_d28_1.json,skipped_done,0,0.0,D:\Pycharm_project\PycharmProjects\EnergyBridge\benchmark_results\2026-07-21\household_s4_ev_commuter_flexible_mpc_dynamic_germany_d28_hist_d28_1_2025-06-28_1day,D:\Pycharm_project\PycharmProjects\EnergyBridge\benchmark_results\2026-07-21\_batch_logs\daily_dr_memory_germany_1day\household_s4_ev_commuter_flexible_mpc_dynamic_germany_d28_hist_d28_1_2025-06-28_1day.log,D:\Pycharm_project\PycharmProjects\EnergyBridge\benchmark_results\2026-07-21\household_s4_ev_commuter_flexible_mpc_dynamic_germany_d28_hist_d28_1_2025-06-28_1day\run_summary.txt,0,79.30085,79.30085,11.215542,0.059067,EUR/kWh,D:\Pycharm_project\PycharmProjects\EnergyBridge\experiments\real_data\germany_2025_price.csv,7.8627,7.8627,0.0,0.0,2.65,1.0,1.0,"['dishwasher', 'dryer', 'ev', 'washer', 'water_heater']",[],[]
household_s4_ev_commuter_flexible,household_s4_ev_commuter_flexible,no_dr,Germany,1,2025-06-28,d28_hist_d28_1,hist_d28_1,28,D:\Pycharm_project\PycharmProjects\EnergyBridge\experiments\real_data\germany_2025_price.csv,18.0,1.0,D:\Pycharm_project\PycharmProjects\EnergyBridge\benchmark_results\2026-07-21\_batch_logs\daily_event_configs\d28_hist_d28_1.json,skipped_done,0,0.0,D:\Pycharm_project\PycharmProjects\EnergyBridge\benchmark_results\2026-07-21\household_s4_ev_commuter_flexible_no_dr_germany_d28_hist_d28_1_2025-06-28_1day,D:\Pycharm_project\PycharmProjects\EnergyBridge\benchmark_results\2026-07-21\_batch_logs\daily_dr_memory_germany_1day\household_s4_ev_commuter_flexible_no_dr_germany_d28_hist_d28_1_2025-06-28_1day.log,D:\Pycharm_project\PycharmProjects\EnergyBridge\benchmark_results\2026-07-21\household_s4_ev_commuter_flexible_no_dr_germany_d28_hist_d28_1_2025-06-28_1day\run_summary.txt,0,74.820932,74.820932,11.888332,0.060689,EUR/kWh,D:\Pycharm_project\PycharmProjects\EnergyBridge\experiments\real_data\germany_2025_price.csv,10.8417,10.8417,1.0,1.0,,0.0,1.0,[],"['dishwasher', 'dryer', 'ev', 'washer', 'water_heater']",[]
household_s5_shared_roommates_irregular,household_s5_shared_roommates_irregular,mpc_dynamic,Germany,1,2025-06-28,d28_hist_d28_1,hist_d28_1,28,D:\Pycharm_project\PycharmProjects\EnergyBridge\experiments\real_data\germany_2025_price.csv,18.0,1.0,D:\Pycharm_project\PycharmProjects\EnergyBridge\benchmark_results\2026-07-21\_batch_logs\daily_event_configs\d28_hist_d28_1.json,skipped_done,0,0.0,D:\Pycharm_project\PycharmProjects\EnergyBridge\benchmark_results\2026-07-21\household_s5_shared_roommates_irregular_mpc_dynamic_germany_d28_hist_d28_1_2025-06-28_1day,D:\Pycharm_project\PycharmProjects\EnergyBridge\benchmark_results\2026-07-21\_batch_logs\daily_dr_memory_germany_1day\household_s5_shared_roommates_irregular_mpc_dynamic_germany_d28_hist_d28_1_2025-06-28_1day.log,D:\Pycharm_project\PycharmProjects\EnergyBridge\benchmark_results\2026-07-21\household_s5_shared_roommates_irregular_mpc_dynamic_germany_d28_hist_d28_1_2025-06-28_1day\run_summary.txt,0,70.553024,70.553024,10.639675,0.057993,EUR/kWh,D:\Pycharm_project\PycharmProjects\EnergyBridge\experiments\real_data\germany_2025_price.csv,7.8627,7.8627,0.0,0.0,2.612,1.0,1.0,"['dishwasher', 'dryer', 'ev', 'washer', 'water_heater']",[],[]
household_s5_shared_roommates_irregular,household_s5_shared_roommates_irregular,no_dr,Germany,1,2025-06-28,d28_hist_d28_1,hist_d28_1,28,D:\Pycharm_project\PycharmProjects\EnergyBridge\experiments\real_data\germany_2025_price.csv,18.0,1.0,D:\Pycharm_project\PycharmProjects\EnergyBridge\benchmark_results\2026-07-21\_batch_logs\daily_event_configs\d28_hist_d28_1.json,skipped_done,0,0.0,D:\Pycharm_project\PycharmProjects\EnergyBridge\benchmark_results\2026-07-21\household_s5_shared_roommates_irregular_no_dr_germany_d28_hist_d28_1_2025-06-28_1day,D:\Pycharm_project\PycharmProjects\EnergyBridge\benchmark_results\2026-07-21\_batch_logs\daily_dr_memory_germany_1day\household_s5_shared_roommates_irregular_no_dr_germany_d28_hist_d28_1_2025-06-28_1day.log,D:\Pycharm_project\PycharmProjects\EnergyBridge\benchmark_results\2026-07-21\household_s5_shared_roommates_irregular_no_dr_germany_d28_hist_d28_1_2025-06-28_1day\run_summary.txt,0,67.24412,67.24412,11.373137,0.05984,EUR/kWh,D:\Pycharm_project\PycharmProjects\EnergyBridge\experiments\real_data\germany_2025_price.csv,10.8417,10.8417,1.0,1.0,,0.0,1.0,[],"['dishwasher', 'dryer', 'ev', 'washer', 'water_heater']",[]
household_s1_dual_commuter_standard,household_s1_dual_commuter_standard,mpc_dynamic,Tianjin,1,2025-06-28,d28_hist_d28_1,hist_d28_1,28,D:\Pycharm_project\PycharmProjects\EnergyBridge\experiments\real_data\tianjin_tou_price_normalized.csv,18.0,1.0,D:\Pycharm_project\PycharmProjects\EnergyBridge\benchmark_results\2026-07-21\_batch_logs\daily_event_configs\d28_hist_d28_1.json,skipped_done,0,0.0,D:\Pycharm_project\PycharmProjects\EnergyBridge\benchmark_results\2026-07-21\household_s1_dual_commuter_standard_mpc_dynamic_tianjin_d28_hist_d28_1_2025-06-28_1day,D:\Pycharm_project\PycharmProjects\EnergyBridge\benchmark_results\2026-07-21\_batch_logs\daily_dr_memory_tianjin_1day\household_s1_dual_commuter_standard_mpc_dynamic_tianjin_d28_hist_d28_1_2025-06-28_1day.log,D:\Pycharm_project\PycharmProjects\EnergyBridge\benchmark_results\2026-07-21\household_s1_dual_commuter_standard_mpc_dynamic_tianjin_d28_hist_d28_1_2025-06-28_1day\run_summary.txt,0,77.108539,77.108539,50.471516,1.166095,normalized TOU cost/kWh,D:\Pycharm_project\PycharmProjects\EnergyBridge\experiments\real_data\tianjin_tou_price_normalized.csv,3.2468,3.2468,0.0,0.0,2.612,1.0,1.0,"['dishwasher', 'dryer', 'ev', 'washer', 'water_heater']",[],[]
household_s1_dual_commuter_standard,household_s1_dual_commuter_standard,no_dr,Tianjin,1,2025-06-28,d28_hist_d28_1,hist_d28_1,28,D:\Pycharm_project\PycharmProjects\EnergyBridge\experiments\real_data\tianjin_tou_price_normalized.csv,18.0,1.0,D:\Pycharm_project\PycharmProjects\EnergyBridge\benchmark_results\2026-07-21\_batch_logs\daily_event_configs\d28_hist_d28_1.json,skipped_done,0,0.0,D:\Pycharm_project\PycharmProjects\EnergyBridge\benchmark_results\2026-07-21\household_s1_dual_commuter_standard_no_dr_tianjin_d28_hist_d28_1_2025-06-28_1day,D:\Pycharm_project\PycharmProjects\EnergyBridge\benchmark_results\2026-07-21\_batch_logs\daily_dr_memory_tianjin_1day\household_s1_dual_commuter_standard_no_dr_tianjin_d28_hist_d28_1_2025-06-28_1day.log,D:\Pycharm_project\PycharmProjects\EnergyBridge\benchmark_results\2026-07-21\household_s1_dual_commuter_standard_no_dr_tianjin_d28_hist_d28_1_2025-06-28_1day\run_summary.txt,0,74.548747,74.548747,70.646186,1.250028,normalized TOU cost/kWh,D:\Pycharm_project\PycharmProjects\EnergyBridge\experiments\real_data\tianjin_tou_price_normalized.csv,6.1676,6.1676,1.0,1.0,,0.0,1.0,[],"['dishwasher', 'dryer', 'ev', 'washer', 'water_heater']",[]
household_s2_multigeneration_caregiver,household_s2_multigeneration_caregiver,mpc_dynamic,Tianjin,1,2025-06-28,d28_hist_d28_1,hist_d28_1,28,D:\Pycharm_project\PycharmProjects\EnergyBridge\experiments\real_data\tianjin_tou_price_normalized.csv,18.0,1.0,D:\Pycharm_project\PycharmProjects\EnergyBridge\benchmark_results\2026-07-21\_batch_logs\daily_event_configs\d28_hist_d28_1.json,skipped_done,0,0.0,D:\Pycharm_project\PycharmProjects\EnergyBridge\benchmark_results\2026-07-21\household_s2_multigeneration_caregiver_mpc_dynamic_tianjin_d28_hist_d28_1_2025-06-28_1day,D:\Pycharm_project\PycharmProjects\EnergyBridge\benchmark_results\2026-07-21\_batch_logs\daily_dr_memory_tianjin_1day\household_s2_multigeneration_caregiver_mpc_dynamic_tianjin_d28_hist_d28_1_2025-06-28_1day.log,D:\Pycharm_project\PycharmProjects\EnergyBridge\benchmark_results\2026-07-21\household_s2_multigeneration_caregiver_mpc_dynamic_tianjin_d28_hist_d28_1_2025-06-28_1day\run_summary.txt,0,71.083535,71.083535,55.702676,1.181905,normalized TOU cost/kWh,D:\Pycharm_project\PycharmProjects\EnergyBridge\experiments\real_data\tianjin_tou_price_normalized.csv,3.3116,3.3116,0.0,0.0,2.55,1.0,1.0,"['dishwasher', 'dryer', 'ev', 'washer', 'water_heater']",[],[]
household_s2_multigeneration_caregiver,household_s2_multigeneration_caregiver,no_dr,Tianjin,1,2025-06-28,d28_hist_d28_1,hist_d28_1,28,D:\Pycharm_project\PycharmProjects\EnergyBridge\experiments\real_data\tianjin_tou_price_normalized.csv,18.0,1.0,D:\Pycharm_project\PycharmProjects\EnergyBridge\benchmark_results\2026-07-21\_batch_logs\daily_event_configs\d28_hist_d28_1.json,skipped_done,0,0.0,D:\Pycharm_project\PycharmProjects\EnergyBridge\benchmark_results\2026-07-21\household_s2_multigeneration_caregiver_no_dr_tianjin_d28_hist_d28_1_2025-06-28_1day,D:\Pycharm_project\PycharmProjects\EnergyBridge\benchmark_results\2026-07-21\_batch_logs\daily_dr_memory_tianjin_1day\household_s2_multigeneration_caregiver_no_dr_tianjin_d28_hist_d28_1_2025-06-28_1day.log,D:\Pycharm_project\PycharmProjects\EnergyBridge\benchmark_results\2026-07-21\household_s2_multigeneration_caregiver_no_dr_tianjin_d28_hist_d28_1_2025-06-28_1day\run_summary.txt,0,68.466303,68.466303,64.790238,1.249914,normalized TOU cost/kWh,D:\Pycharm_project\PycharmProjects\EnergyBridge\experiments\real_data\tianjin_tou_price_normalized.csv,6.2258,6.2258,1.0,1.0,,0.0,1.0,[],"['dishwasher', 'dryer', 'ev', 'washer', 'water_heater']",[]
household_s3_hybrid_work_from_home,household_s3_hybrid_work_from_home,mpc_dynamic,Tianjin,1,2025-06-28,d28_hist_d28_1,hist_d28_1,28,D:\Pycharm_project\PycharmProjects\EnergyBridge\experiments\real_data\tianjin_tou_price_normalized.csv,18.0,1.0,D:\Pycharm_project\PycharmProjects\EnergyBridge\benchmark_results\2026-07-21\_batch_logs\daily_event_configs\d28_hist_d28_1.json,skipped_done,0,0.0,D:\Pycharm_project\PycharmProjects\EnergyBridge\benchmark_results\2026-07-21\household_s3_hybrid_work_from_home_mpc_dynamic_tianjin_d28_hist_d28_1_2025-06-28_1day,D:\Pycharm_project\PycharmProjects\EnergyBridge\benchmark_results\2026-07-21\_batch_logs\daily_dr_memory_tianjin_1day\household_s3_hybrid_work_from_home_mpc_dynamic_tianjin_d28_hist_d28_1_2025-06-28_1day.log,D:\Pycharm_project\PycharmProjects\EnergyBridge\benchmark_results\2026-07-21\household_s3_hybrid_work_from_home_mpc_dynamic_tianjin_d28_hist_d28_1_2025-06-28_1day\run_summary.txt,0,73.356494,73.356494,51.105651,1.183641,normalized TOU cost/kWh,D:\Pycharm_project\PycharmProjects\EnergyBridge\experiments\real_data\tianjin_tou_price_normalized.csv,2.9612,2.9612,0.0,0.0,2.633,1.0,1.0,"['dishwasher', 'dryer', 'ev', 'washer', 'water_heater']",[],[]
household_s3_hybrid_work_from_home,household_s3_hybrid_work_from_home,no_dr,Tianjin,1,2025-06-28,d28_hist_d28_1,hist_d28_1,28,D:\Pycharm_project\PycharmProjects\EnergyBridge\experiments\real_data\tianjin_tou_price_normalized.csv,18.0,1.0,D:\Pycharm_project\PycharmProjects\EnergyBridge\benchmark_results\2026-07-21\_batch_logs\daily_event_configs\d28_hist_d28_1.json,skipped_done,0,0.0,D:\Pycharm_project\PycharmProjects\EnergyBridge\benchmark_results\2026-07-21\household_s3_hybrid_work_from_home_no_dr_tianjin_d28_hist_d28_1_2025-06-28_1day,D:\Pycharm_project\PycharmProjects\EnergyBridge\benchmark_results\2026-07-21\_batch_logs\daily_dr_memory_tianjin_1day\household_s3_hybrid_work_from_home_no_dr_tianjin_d28_hist_d28_1_2025-06-28_1day.log,D:\Pycharm_project\PycharmProjects\EnergyBridge\benchmark_results\2026-07-21\household_s3_hybrid_work_from_home_no_dr_tianjin_d28_hist_d28_1_2025-06-28_1day\run_summary.txt,0,71.264403,71.264403,67.472278,1.251538,normalized TOU cost/kWh,D:\Pycharm_project\PycharmProjects\EnergyBridge\experiments\real_data\tianjin_tou_price_normalized.csv,6.1718,6.1718,1.0,1.0,,0.0,0.8,[],"['dishwasher', 'dryer', 'ev', 'washer', 'water_heater']",[]
household_s4_ev_commuter_flexible,household_s4_ev_commuter_flexible,no_dr,Tianjin,1,2025-06-28,d28_hist_d28_1,hist_d28_1,28,D:\Pycharm_project\PycharmProjects\EnergyBridge\experiments\real_data\tianjin_tou_price_normalized.csv,18.0,1.0,D:\Pycharm_project\PycharmProjects\EnergyBridge\benchmark_results\2026-07-21\_batch_logs\daily_event_configs\d28_hist_d28_1.json,skipped_done,0,0.0,D:\Pycharm_project\PycharmProjects\EnergyBridge\benchmark_results\2026-07-21\household_s4_ev_commuter_flexible_no_dr_tianjin_d28_hist_d28_1_2025-06-28_1day,D:\Pycharm_project\PycharmProjects\EnergyBridge\benchmark_results\2026-07-21\_batch_logs\daily_dr_memory_tianjin_1day\household_s4_ev_commuter_flexible_no_dr_tianjin_d28_hist_d28_1_2025-06-28_1day.log,D:\Pycharm_project\PycharmProjects\EnergyBridge\benchmark_results\2026-07-21\household_s4_ev_commuter_flexible_no_dr_tianjin_d28_hist_d28_1_2025-06-28_1day\run_summary.txt,0,79.109617,79.109617,74.727345,1.233189,normalized TOU cost/kWh,D:\Pycharm_project\PycharmProjects\EnergyBridge\experiments\real_data\tianjin_tou_price_normalized.csv,6.1676,6.1676,1.0,1.0,,0.0,1.0,[],"['dishwasher', 'dryer', 'ev', 'washer', 'water_heater']",[]
household_s4_ev_commuter_flexible,household_s4_ev_commuter_flexible,mpc_dynamic,Tianjin,1,2025-06-28,d28_hist_d28_1,hist_d28_1,28,D:\Pycharm_project\PycharmProjects\EnergyBridge\experiments\real_data\tianjin_tou_price_normalized.csv,18.0,1.0,D:\Pycharm_project\PycharmProjects\EnergyBridge\benchmark_results\2026-07-21\_batch_logs\daily_event_configs\d28_hist_d28_1.json,skipped_done,0,0.0,D:\Pycharm_project\PycharmProjects\EnergyBridge\benchmark_results\2026-07-21\household_s4_ev_commuter_flexible_mpc_dynamic_tianjin_d28_hist_d28_1_2025-06-28_1day,D:\Pycharm_project\PycharmProjects\EnergyBridge\benchmark_results\2026-07-21\_batch_logs\daily_dr_memory_tianjin_1day\household_s4_ev_commuter_flexible_mpc_dynamic_tianjin_d28_hist_d28_1_2025-06-28_1day.log,D:\Pycharm_project\PycharmProjects\EnergyBridge\benchmark_results\2026-07-21\household_s4_ev_commuter_flexible_mpc_dynamic_tianjin_d28_hist_d28_1_2025-06-28_1day\run_summary.txt,0,81.189699,81.189699,54.552675,1.151783,normalized TOU cost/kWh,D:\Pycharm_project\PycharmProjects\EnergyBridge\experiments\real_data\tianjin_tou_price_normalized.csv,3.2468,3.2468,0.0,0.0,2.65,1.0,1.0,"['dishwasher', 'dryer', 'ev', 'washer', 'water_heater']",[],[]
household_s5_shared_roommates_irregular,household_s5_shared_roommates_irregular,mpc_dynamic,Tianjin,1,2025-06-28,d28_hist_d28_1,hist_d28_1,28,D:\Pycharm_project\PycharmProjects\EnergyBridge\experiments\real_data\tianjin_tou_price_normalized.csv,18.0,1.0,D:\Pycharm_project\PycharmProjects\EnergyBridge\benchmark_results\2026-07-21\_batch_logs\daily_event_configs\d28_hist_d28_1.json,skipped_done,0,0.0,D:\Pycharm_project\PycharmProjects\EnergyBridge\benchmark_results\2026-07-21\household_s5_shared_roommates_irregular_mpc_dynamic_tianjin_d28_hist_d28_1_2025-06-28_1day,D:\Pycharm_project\PycharmProjects\EnergyBridge\benchmark_results\2026-07-21\_batch_logs\daily_dr_memory_tianjin_1day\household_s5_shared_roommates_irregular_mpc_dynamic_tianjin_d28_hist_d28_1_2025-06-28_1day.log,D:\Pycharm_project\PycharmProjects\EnergyBridge\benchmark_results\2026-07-21\household_s5_shared_roommates_irregular_mpc_dynamic_tianjin_d28_hist_d28_1_2025-06-28_1day\run_summary.txt,0,75.157815,75.157815,48.72369,1.173085,normalized TOU cost/kWh,D:\Pycharm_project\PycharmProjects\EnergyBridge\experiments\real_data\tianjin_tou_price_normalized.csv,3.2468,3.2468,0.0,0.0,2.612,1.0,1.0,"['dishwasher', 'dryer', 'ev', 'washer', 'water_heater']",[],[]
household_s5_shared_roommates_irregular,household_s5_shared_roommates_irregular,no_dr,Tianjin,1,2025-06-28,d28_hist_d28_1,hist_d28_1,28,D:\Pycharm_project\PycharmProjects\EnergyBridge\experiments\real_data\tianjin_tou_price_normalized.csv,18.0,1.0,D:\Pycharm_project\PycharmProjects\EnergyBridge\benchmark_results\2026-07-21\_batch_logs\daily_event_configs\d28_hist_d28_1.json,skipped_done,0,0.0,D:\Pycharm_project\PycharmProjects\EnergyBridge\benchmark_results\2026-07-21\household_s5_shared_roommates_irregular_no_dr_tianjin_d28_hist_d28_1_2025-06-28_1day,D:\Pycharm_project\PycharmProjects\EnergyBridge\benchmark_results\2026-07-21\_batch_logs\daily_dr_memory_tianjin_1day\household_s5_shared_roommates_irregular_no_dr_tianjin_d28_hist_d28_1_2025-06-28_1day.log,D:\Pycharm_project\PycharmProjects\EnergyBridge\benchmark_results\2026-07-21\household_s5_shared_roommates_irregular_no_dr_tianjin_d28_hist_d28_1_2025-06-28_1day\run_summary.txt,0,71.532805,71.532805,67.031693,1.250564,normalized TOU cost/kWh,D:\Pycharm_project\PycharmProjects\EnergyBridge\experiments\real_data\tianjin_tou_price_normalized.csv,6.1676,6.1676,1.0,1.0,,0.0,1.0,[],"['dishwasher', 'dryer', 'ev', 'washer', 'water_heater']",[]
household_s1_dual_commuter_standard,household_s1_dual_commuter_standard,no_dr,Germany,1,2025-06-29,d29_hist_d29_1,hist_d29_1,29,D:\Pycharm_project\PycharmProjects\EnergyBridge\experiments\real_data\germany_2025_price.csv,18.0,1.0,D:\Pycharm_project\PycharmProjects\EnergyBridge\benchmark_results\2026-07-21\_batch_logs\daily_event_configs\d29_hist_d29_1.json,skipped_done,0,0.0,D:\Pycharm_project\PycharmProjects\EnergyBridge\benchmark_results\2026-07-21\household_s1_dual_commuter_standard_no_dr_germany_d29_hist_d29_1_2025-06-29_1day,D:\Pycharm_project\PycharmProjects\EnergyBridge\benchmark_results\2026-07-21\_batch_logs\daily_dr_memory_germany_1day\household_s1_dual_commuter_standard_no_dr_germany_d29_hist_d29_1_2025-06-29_1day.log,D:\Pycharm_project\PycharmProjects\EnergyBridge\benchmark_results\2026-07-21\household_s1_dual_commuter_standard_no_dr_germany_d29_hist_d29_1_2025-06-29_1day\run_summary.txt,0,70.928203,70.928203,13.516697,0.066048,EUR/kWh,D:\Pycharm_project\PycharmProjects\EnergyBridge\experiments\real_data\germany_2025_price.csv,11.1217,11.1217,1.0,1.0,,0.0,1.0,[],"['dishwasher', 'dryer', 'ev', 'washer', 'water_heater']",[]
household_s1_dual_commuter_standard,household_s1_dual_commuter_standard,mpc_dynamic,Germany,1,2025-06-29,d29_hist_d29_1,hist_d29_1,29,D:\Pycharm_project\PycharmProjects\EnergyBridge\experiments\real_data\germany_2025_price.csv,18.0,1.0,D:\Pycharm_project\PycharmProjects\EnergyBridge\benchmark_results\2026-07-21\_batch_logs\daily_event_configs\d29_hist_d29_1.json,skipped_done,0,0.0,D:\Pycharm_project\PycharmProjects\EnergyBridge\benchmark_results\2026-07-21\household_s1_dual_commuter_standard_mpc_dynamic_germany_d29_hist_d29_1_2025-06-29_1day,D:\Pycharm_project\PycharmProjects\EnergyBridge\benchmark_results\2026-07-21\_batch_logs\daily_dr_memory_germany_1day\household_s1_dual_commuter_standard_mpc_dynamic_germany_d29_hist_d29_1_2025-06-29_1day.log,D:\Pycharm_project\PycharmProjects\EnergyBridge\benchmark_results\2026-07-21\household_s1_dual_commuter_standard_mpc_dynamic_germany_d29_hist_d29_1_2025-06-29_1day\run_summary.txt,0,74.242151,74.242151,12.982125,0.064849,EUR/kWh,D:\Pycharm_project\PycharmProjects\EnergyBridge\experiments\real_data\germany_2025_price.csv,7.903,7.903,0.0,0.0,2.612,1.0,1.0,"['dishwasher', 'dryer', 'ev', 'washer', 'water_heater']",[],[]
household_s2_multigeneration_caregiver,household_s2_multigeneration_caregiver,mpc_dynamic,Germany,1,2025-06-29,d29_hist_d29_1,hist_d29_1,29,D:\Pycharm_project\PycharmProjects\EnergyBridge\experiments\real_data\germany_2025_price.csv,18.0,1.0,D:\Pycharm_project\PycharmProjects\EnergyBridge\benchmark_results\2026-07-21\_batch_logs\daily_event_configs\d29_hist_d29_1.json,skipped_done,0,0.0,D:\Pycharm_project\PycharmProjects\EnergyBridge\benchmark_results\2026-07-21\household_s2_multigeneration_caregiver_mpc_dynamic_germany_d29_hist_d29_1_2025-06-29_1day,D:\Pycharm_project\PycharmProjects\EnergyBridge\benchmark_results\2026-07-21\_batch_logs\daily_dr_memory_germany_1day\household_s2_multigeneration_caregiver_mpc_dynamic_germany_d29_hist_d29_1_2025-06-29_1day.log,D:\Pycharm_project\PycharmProjects\EnergyBridge\benchmark_results\2026-07-21\household_s2_multigeneration_caregiver_mpc_dynamic_germany_d29_hist_d29_1_2025-06-29_1day\run_summary.txt,0,65.218103,65.218103,11.861879,0.061293,EUR/kWh,D:\Pycharm_project\PycharmProjects\EnergyBridge\experiments\real_data\germany_2025_price.csv,8.3746,8.3746,0.0,0.0,2.55,1.0,1.0,"['dishwasher', 'dryer', 'ev', 'washer', 'water_heater']",[],[]
household_s2_multigeneration_caregiver,household_s2_multigeneration_caregiver,no_dr,Germany,1,2025-06-29,d29_hist_d29_1,hist_d29_1,29,D:\Pycharm_project\PycharmProjects\EnergyBridge\experiments\real_data\germany_2025_price.csv,18.0,1.0,D:\Pycharm_project\PycharmProjects\EnergyBridge\benchmark_results\2026-07-21\_batch_logs\daily_event_configs\d29_hist_d29_1.json,skipped_done,0,0.0,D:\Pycharm_project\PycharmProjects\EnergyBridge\benchmark_results\2026-07-21\household_s2_multigeneration_caregiver_no_dr_germany_d29_hist_d29_1_2025-06-29_1day,D:\Pycharm_project\PycharmProjects\EnergyBridge\benchmark_results\2026-07-21\_batch_logs\daily_dr_memory_germany_1day\household_s2_multigeneration_caregiver_no_dr_germany_d29_hist_d29_1_2025-06-29_1day.log,D:\Pycharm_project\PycharmProjects\EnergyBridge\benchmark_results\2026-07-21\household_s2_multigeneration_caregiver_no_dr_germany_d29_hist_d29_1_2025-06-29_1day\run_summary.txt,0,63.89271,63.89271,12.620225,0.064459,EUR/kWh,D:\Pycharm_project\PycharmProjects\EnergyBridge\experiments\real_data\germany_2025_price.csv,11.1642,11.1642,1.0,1.0,,0.0,1.0,[],"['dishwasher', 'dryer', 'ev', 'washer', 'water_heater']",[]
household_s3_hybrid_work_from_home,household_s3_hybrid_work_from_home,no_dr,Germany,1,2025-06-29,d29_hist_d29_1,hist_d29_1,29,D:\Pycharm_project\PycharmProjects\EnergyBridge\experiments\real_data\germany_2025_price.csv,18.0,1.0,D:\Pycharm_project\PycharmProjects\EnergyBridge\benchmark_results\2026-07-21\_batch_logs\daily_event_configs\d29_hist_d29_1.json,skipped_done,0,0.0,D:\Pycharm_project\PycharmProjects\EnergyBridge\benchmark_results\2026-07-21\household_s3_hybrid_work_from_home_no_dr_germany_d29_hist_d29_1_2025-06-29_1day,D:\Pycharm_project\PycharmProjects\EnergyBridge\benchmark_results\2026-07-21\_batch_logs\daily_dr_memory_germany_1day\household_s3_hybrid_work_from_home_no_dr_germany_d29_hist_d29_1_2025-06-29_1day.log,D:\Pycharm_project\PycharmProjects\EnergyBridge\benchmark_results\2026-07-21\household_s3_hybrid_work_from_home_no_dr_germany_d29_hist_d29_1_2025-06-29_1day\run_summary.txt,0,67.129025,67.129025,13.109667,0.065407,EUR/kWh,D:\Pycharm_project\PycharmProjects\EnergyBridge\experiments\real_data\germany_2025_price.csv,11.1312,11.1312,1.0,1.0,,0.0,0.8,[],"['dishwasher', 'dryer', 'ev', 'washer', 'water_heater']",[]
household_s3_hybrid_work_from_home,household_s3_hybrid_work_from_home,mpc_dynamic,Germany,1,2025-06-29,d29_hist_d29_1,hist_d29_1,29,D:\Pycharm_project\PycharmProjects\EnergyBridge\experiments\real_data\germany_2025_price.csv,18.0,1.0,D:\Pycharm_project\PycharmProjects\EnergyBridge\benchmark_results\2026-07-21\_batch_logs\daily_event_configs\d29_hist_d29_1.json,skipped_done,0,0.0,D:\Pycharm_project\PycharmProjects\EnergyBridge\benchmark_results\2026-07-21\household_s3_hybrid_work_from_home_mpc_dynamic_germany_d29_hist_d29_1_2025-06-29_1day,D:\Pycharm_project\PycharmProjects\EnergyBridge\benchmark_results\2026-07-21\_batch_logs\daily_dr_memory_germany_1day\household_s3_hybrid_work_from_home_mpc_dynamic_germany_d29_hist_d29_1_2025-06-29_1day.log,D:\Pycharm_project\PycharmProjects\EnergyBridge\benchmark_results\2026-07-21\household_s3_hybrid_work_from_home_mpc_dynamic_germany_d29_hist_d29_1_2025-06-29_1day\run_summary.txt,0,67.322056,67.322056,11.833272,0.061625,EUR/kWh,D:\Pycharm_project\PycharmProjects\EnergyBridge\experiments\real_data\germany_2025_price.csv,7.8803,7.8803,0.0,0.0,2.633,1.0,1.0,"['dishwasher', 'dryer', 'ev', 'washer', 'water_heater']",[],[]
household_s4_ev_commuter_flexible,household_s4_ev_commuter_flexible,mpc_dynamic,Germany,1,2025-06-29,d29_hist_d29_1,hist_d29_1,29,D:\Pycharm_project\PycharmProjects\EnergyBridge\experiments\real_data\germany_2025_price.csv,18.0,1.0,D:\Pycharm_project\PycharmProjects\EnergyBridge\benchmark_results\2026-07-21\_batch_logs\daily_event_configs\d29_hist_d29_1.json,skipped_done,0,0.0,D:\Pycharm_project\PycharmProjects\EnergyBridge\benchmark_results\2026-07-21\household_s4_ev_commuter_flexible_mpc_dynamic_germany_d29_hist_d29_1_2025-06-29_1day,D:\Pycharm_project\PycharmProjects\EnergyBridge\benchmark_results\2026-07-21\_batch_logs\daily_dr_memory_germany_1day\household_s4_ev_commuter_flexible_mpc_dynamic_germany_d29_hist_d29_1_2025-06-29_1day.log,D:\Pycharm_project\PycharmProjects\EnergyBridge\benchmark_results\2026-07-21\household_s4_ev_commuter_flexible_mpc_dynamic_germany_d29_hist_d29_1_2025-06-29_1day\run_summary.txt,0,78.32331,78.32331,13.37296,0.065467,EUR/kWh,D:\Pycharm_project\PycharmProjects\EnergyBridge\experiments\real_data\germany_2025_price.csv,7.903,7.903,0.0,0.0,2.65,1.0,1.0,"['dishwasher', 'dryer', 'ev', 'washer', 'water_heater']",[],[]
household_s4_ev_commuter_flexible,household_s4_ev_commuter_flexible,no_dr,Germany,1,2025-06-29,d29_hist_d29_1,hist_d29_1,29,D:\Pycharm_project\PycharmProjects\EnergyBridge\experiments\real_data\germany_2025_price.csv,18.0,1.0,D:\Pycharm_project\PycharmProjects\EnergyBridge\benchmark_results\2026-07-21\_batch_logs\daily_event_configs\d29_hist_d29_1.json,skipped_done,0,0.0,D:\Pycharm_project\PycharmProjects\EnergyBridge\benchmark_results\2026-07-21\household_s4_ev_commuter_flexible_no_dr_germany_d29_hist_d29_1_2025-06-29_1day,D:\Pycharm_project\PycharmProjects\EnergyBridge\benchmark_results\2026-07-21\_batch_logs\daily_dr_memory_germany_1day\household_s4_ev_commuter_flexible_no_dr_germany_d29_hist_d29_1_2025-06-29_1day.log,D:\Pycharm_project\PycharmProjects\EnergyBridge\benchmark_results\2026-07-21\household_s4_ev_commuter_flexible_no_dr_germany_d29_hist_d29_1_2025-06-29_1day\run_summary.txt,0,75.009362,75.009362,13.925017,0.066713,EUR/kWh,D:\Pycharm_project\PycharmProjects\EnergyBridge\experiments\real_data\germany_2025_price.csv,11.1217,11.1217,1.0,1.0,,0.0,1.0,[],"['dishwasher', 'dryer', 'ev', 'washer', 'water_heater']",[]
household_s5_shared_roommates_irregular,household_s5_shared_roommates_irregular,mpc_dynamic,Germany,1,2025-06-29,d29_hist_d29_1,hist_d29_1,29,D:\Pycharm_project\PycharmProjects\EnergyBridge\experiments\real_data\germany_2025_price.csv,18.0,1.0,D:\Pycharm_project\PycharmProjects\EnergyBridge\benchmark_results\2026-07-21\_batch_logs\daily_event_configs\d29_hist_d29_1.json,skipped_done,0,0.0,D:\Pycharm_project\PycharmProjects\EnergyBridge\benchmark_results\2026-07-21\household_s5_shared_roommates_irregular_mpc_dynamic_germany_d29_hist_d29_1_2025-06-29_1day,D:\Pycharm_project\PycharmProjects\EnergyBridge\benchmark_results\2026-07-21\_batch_logs\daily_dr_memory_germany_1day\household_s5_shared_roommates_irregular_mpc_dynamic_germany_d29_hist_d29_1_2025-06-29_1day.log,D:\Pycharm_project\PycharmProjects\EnergyBridge\benchmark_results\2026-07-21\household_s5_shared_roommates_irregular_mpc_dynamic_germany_d29_hist_d29_1_2025-06-29_1day\run_summary.txt,0,70.160992,70.160992,12.573805,0.064117,EUR/kWh,D:\Pycharm_project\PycharmProjects\EnergyBridge\experiments\real_data\germany_2025_price.csv,7.903,7.903,0.0,0.0,2.638,1.0,1.0,"['dishwasher', 'dryer', 'ev', 'washer', 'water_heater']",[],[]
household_s5_shared_roommates_irregular,household_s5_shared_roommates_irregular,no_dr,Germany,1,2025-06-29,d29_hist_d29_1,hist_d29_1,29,D:\Pycharm_project\PycharmProjects\EnergyBridge\experiments\real_data\germany_2025_price.csv,18.0,1.0,D:\Pycharm_project\PycharmProjects\EnergyBridge\benchmark_results\2026-07-21\_batch_logs\daily_event_configs\d29_hist_d29_1.json,skipped_done,0,0.0,D:\Pycharm_project\PycharmProjects\EnergyBridge\benchmark_results\2026-07-21\household_s5_shared_roommates_irregular_no_dr_germany_d29_hist_d29_1_2025-06-29_1day,D:\Pycharm_project\PycharmProjects\EnergyBridge\benchmark_results\2026-07-21\_batch_logs\daily_dr_memory_germany_1day\household_s5_shared_roommates_irregular_no_dr_germany_d29_hist_d29_1_2025-06-29_1day.log,D:\Pycharm_project\PycharmProjects\EnergyBridge\benchmark_results\2026-07-21\household_s5_shared_roommates_irregular_no_dr_germany_d29_hist_d29_1_2025-06-29_1day\run_summary.txt,0,66.847043,66.847043,13.108377,0.065356,EUR/kWh,D:\Pycharm_project\PycharmProjects\EnergyBridge\experiments\real_data\germany_2025_price.csv,11.1217,11.1217,1.0,1.0,,0.0,1.0,[],"['dishwasher', 'dryer', 'ev', 'washer', 'water_heater']",[]
household_s1_dual_commuter_standard,household_s1_dual_commuter_standard,mpc_dynamic,Tianjin,1,2025-06-29,d29_hist_d29_1,hist_d29_1,29,D:\Pycharm_project\PycharmProjects\EnergyBridge\experiments\real_data\tianjin_tou_price_normalized.csv,18.0,1.0,D:\Pycharm_project\PycharmProjects\EnergyBridge\benchmark_results\2026-07-21\_batch_logs\daily_event_configs\d29_hist_d29_1.json,skipped_done,0,0.0,D:\Pycharm_project\PycharmProjects\EnergyBridge\benchmark_results\2026-07-21\household_s1_dual_commuter_standard_mpc_dynamic_tianjin_d29_hist_d29_1_2025-06-29_1day,D:\Pycharm_project\PycharmProjects\EnergyBridge\benchmark_results\2026-07-21\_batch_logs\daily_dr_memory_tianjin_1day\household_s1_dual_commuter_standard_mpc_dynamic_tianjin_d29_hist_d29_1_2025-06-29_1day.log,D:\Pycharm_project\PycharmProjects\EnergyBridge\benchmark_results\2026-07-21\household_s1_dual_commuter_standard_mpc_dynamic_tianjin_d29_hist_d29_1_2025-06-29_1day\run_summary.txt,0,75.642975,75.642975,64.405119,1.134011,normalized TOU cost/kWh,D:\Pycharm_project\PycharmProjects\EnergyBridge\experiments\real_data\tianjin_tou_price_normalized.csv,3.0901,3.0901,0.0,0.0,2.612,1.0,1.0,"['dishwasher', 'dryer', 'ev', 'washer', 'water_heater']",[],[]
household_s1_dual_commuter_standard,household_s1_dual_commuter_standard,no_dr,Tianjin,1,2025-06-29,d29_hist_d29_1,hist_d29_1,29,D:\Pycharm_project\PycharmProjects\EnergyBridge\experiments\real_data\tianjin_tou_price_normalized.csv,18.0,1.0,D:\Pycharm_project\PycharmProjects\EnergyBridge\benchmark_results\2026-07-21\_batch_logs\daily_event_configs\d29_hist_d29_1.json,skipped_done,0,0.0,D:\Pycharm_project\PycharmProjects\EnergyBridge\benchmark_results\2026-07-21\household_s1_dual_commuter_standard_no_dr_tianjin_d29_hist_d29_1_2025-06-29_1day,D:\Pycharm_project\PycharmProjects\EnergyBridge\benchmark_results\2026-07-21\_batch_logs\daily_dr_memory_tianjin_1day\household_s1_dual_commuter_standard_no_dr_tianjin_d29_hist_d29_1_2025-06-29_1day.log,D:\Pycharm_project\PycharmProjects\EnergyBridge\benchmark_results\2026-07-21\household_s1_dual_commuter_standard_no_dr_tianjin_d29_hist_d29_1_2025-06-29_1day\run_summary.txt,0,73.584797,73.584797,76.818572,1.206455,normalized TOU cost/kWh,D:\Pycharm_project\PycharmProjects\EnergyBridge\experiments\real_data\tianjin_tou_price_normalized.csv,6.7018,6.7018,1.0,1.0,,0.0,1.0,[],"['dishwasher', 'dryer', 'ev', 'washer', 'water_heater']",[]
household_s2_multigeneration_caregiver,household_s2_multigeneration_caregiver,mpc_dynamic,Tianjin,1,2025-06-29,d29_hist_d29_1,hist_d29_1,29,D:\Pycharm_project\PycharmProjects\EnergyBridge\experiments\real_data\tianjin_tou_price_normalized.csv,18.0,1.0,D:\Pycharm_project\PycharmProjects\EnergyBridge\benchmark_results\2026-07-21\_batch_logs\daily_event_configs\d29_hist_d29_1.json,skipped_done,0,0.0,D:\Pycharm_project\PycharmProjects\EnergyBridge\benchmark_results\2026-07-21\household_s2_multigeneration_caregiver_mpc_dynamic_tianjin_d29_hist_d29_1_2025-06-29_1day,D:\Pycharm_project\PycharmProjects\EnergyBridge\benchmark_results\2026-07-21\_batch_logs\daily_dr_memory_tianjin_1day\household_s2_multigeneration_caregiver_mpc_dynamic_tianjin_d29_hist_d29_1_2025-06-29_1day.log,D:\Pycharm_project\PycharmProjects\EnergyBridge\benchmark_results\2026-07-21\household_s2_multigeneration_caregiver_mpc_dynamic_tianjin_d29_hist_d29_1_2025-06-29_1day\run_summary.txt,0,69.557081,69.557081,62.909592,1.180847,normalized TOU cost/kWh,D:\Pycharm_project\PycharmProjects\EnergyBridge\experiments\real_data\tianjin_tou_price_normalized.csv,3.2728,3.2728,0.0,0.0,2.55,1.0,1.0,"['dishwasher', 'dryer', 'ev', 'washer', 'water_heater']",[],[]
household_s3_hybrid_work_from_home,household_s3_hybrid_work_from_home,mpc_dynamic,Tianjin,1,2025-06-29,d29_hist_d29_1,hist_d29_1,29,D:\Pycharm_project\PycharmProjects\EnergyBridge\experiments\real_data\tianjin_tou_price_normalized.csv,18.0,1.0,D:\Pycharm_project\PycharmProjects\EnergyBridge\benchmark_results\2026-07-21\_batch_logs\daily_event_configs\d29_hist_d29_1.json,skipped_done,0,0.0,D:\Pycharm_project\PycharmProjects\EnergyBridge\benchmark_results\2026-07-21\household_s3_hybrid_work_from_home_mpc_dynamic_tianjin_d29_hist_d29_1_2025-06-29_1day,D:\Pycharm_project\PycharmProjects\EnergyBridge\benchmark_results\2026-07-21\_batch_logs\daily_dr_memory_tianjin_1day\household_s3_hybrid_work_from_home_mpc_dynamic_tianjin_d29_hist_d29_1_2025-06-29_1day.log,D:\Pycharm_project\PycharmProjects\EnergyBridge\benchmark_results\2026-07-21\household_s3_hybrid_work_from_home_mpc_dynamic_tianjin_d29_hist_d29_1_2025-06-29_1day\run_summary.txt,0,70.865693,70.865693,63.361641,1.156146,normalized TOU cost/kWh,D:\Pycharm_project\PycharmProjects\EnergyBridge\experiments\real_data\tianjin_tou_price_normalized.csv,2.7703,2.7703,0.0,0.0,2.633,1.0,1.0,"['dishwasher', 'dryer', 'ev', 'washer', 'water_heater']",[],[]
household_s2_multigeneration_caregiver,household_s2_multigeneration_caregiver,no_dr,Tianjin,1,2025-06-29,d29_hist_d29_1,hist_d29_1,29,D:\Pycharm_project\PycharmProjects\EnergyBridge\experiments\real_data\tianjin_tou_price_normalized.csv,18.0,1.0,D:\Pycharm_project\PycharmProjects\EnergyBridge\benchmark_results\2026-07-21\_batch_logs\daily_event_configs\d29_hist_d29_1.json,skipped_done,0,0.0,D:\Pycharm_project\PycharmProjects\EnergyBridge\benchmark_results\2026-07-21\household_s2_multigeneration_caregiver_no_dr_tianjin_d29_hist_d29_1_2025-06-29_1day,D:\Pycharm_project\PycharmProjects\EnergyBridge\benchmark_results\2026-07-21\_batch_logs\daily_dr_memory_tianjin_1day\household_s2_multigeneration_caregiver_no_dr_tianjin_d29_hist_d29_1_2025-06-29_1day.log,D:\Pycharm_project\PycharmProjects\EnergyBridge\benchmark_results\2026-07-21\household_s2_multigeneration_caregiver_no_dr_tianjin_d29_hist_d29_1_2025-06-29_1day\run_summary.txt,0,67.043516,67.043516,70.166547,1.233974,normalized TOU cost/kWh,D:\Pycharm_project\PycharmProjects\EnergyBridge\experiments\real_data\tianjin_tou_price_normalized.csv,6.7596,6.7596,1.0,1.0,,0.0,1.0,[],"['dishwasher', 'dryer', 'ev', 'washer', 'water_heater']",[]
household_s3_hybrid_work_from_home,household_s3_hybrid_work_from_home,no_dr,Tianjin,1,2025-06-29,d29_hist_d29_1,hist_d29_1,29,D:\Pycharm_project\PycharmProjects\EnergyBridge\experiments\real_data\tianjin_tou_price_normalized.csv,18.0,1.0,D:\Pycharm_project\PycharmProjects\EnergyBridge\benchmark_results\2026-07-21\_batch_logs\daily_event_configs\d29_hist_d29_1.json,skipped_done,0,0.0,D:\Pycharm_project\PycharmProjects\EnergyBridge\benchmark_results\2026-07-21\household_s3_hybrid_work_from_home_no_dr_tianjin_d29_hist_d29_1_2025-06-29_1day,D:\Pycharm_project\PycharmProjects\EnergyBridge\benchmark_results\2026-07-21\_batch_logs\daily_dr_memory_tianjin_1day\household_s3_hybrid_work_from_home_no_dr_tianjin_d29_hist_d29_1_2025-06-29_1day.log,D:\Pycharm_project\PycharmProjects\EnergyBridge\benchmark_results\2026-07-21\household_s3_hybrid_work_from_home_no_dr_tianjin_d29_hist_d29_1_2025-06-29_1day\run_summary.txt,0,69.838213,69.838213,73.185242,1.22163,normalized TOU cost/kWh,D:\Pycharm_project\PycharmProjects\EnergyBridge\experiments\real_data\tianjin_tou_price_normalized.csv,6.7039,6.7039,1.0,1.0,,0.0,0.8,[],"['dishwasher', 'dryer', 'ev', 'washer', 'water_heater']",[]
household_s4_ev_commuter_flexible,household_s4_ev_commuter_flexible,mpc_dynamic,Tianjin,1,2025-06-29,d29_hist_d29_1,hist_d29_1,29,D:\Pycharm_project\PycharmProjects\EnergyBridge\experiments\real_data\tianjin_tou_price_normalized.csv,18.0,1.0,D:\Pycharm_project\PycharmProjects\EnergyBridge\benchmark_results\2026-07-21\_batch_logs\daily_event_configs\d29_hist_d29_1.json,skipped_done,0,0.0,D:\Pycharm_project\PycharmProjects\EnergyBridge\benchmark_results\2026-07-21\household_s4_ev_commuter_flexible_mpc_dynamic_tianjin_d29_hist_d29_1_2025-06-29_1day,D:\Pycharm_project\PycharmProjects\EnergyBridge\benchmark_results\2026-07-21\_batch_logs\daily_dr_memory_tianjin_1day\household_s4_ev_commuter_flexible_mpc_dynamic_tianjin_d29_hist_d29_1_2025-06-29_1day.log,D:\Pycharm_project\PycharmProjects\EnergyBridge\benchmark_results\2026-07-21\household_s4_ev_commuter_flexible_mpc_dynamic_tianjin_d29_hist_d29_1_2025-06-29_1day\run_summary.txt,0,78.480023,78.480023,61.920026,1.077169,normalized TOU cost/kWh,D:\Pycharm_project\PycharmProjects\EnergyBridge\experiments\real_data\tianjin_tou_price_normalized.csv,3.1587,3.1587,0.0,0.0,2.65,1.0,1.0,"['dishwasher', 'dryer', 'ev', 'washer', 'water_heater']",[],[]
household_s4_ev_commuter_flexible,household_s4_ev_commuter_flexible,no_dr,Tianjin,1,2025-06-29,d29_hist_d29_1,hist_d29_1,29,D:\Pycharm_project\PycharmProjects\EnergyBridge\experiments\real_data\tianjin_tou_price_normalized.csv,18.0,1.0,D:\Pycharm_project\PycharmProjects\EnergyBridge\benchmark_results\2026-07-21\_batch_logs\daily_event_configs\d29_hist_d29_1.json,skipped_done,0,0.0,D:\Pycharm_project\PycharmProjects\EnergyBridge\benchmark_results\2026-07-21\household_s4_ev_commuter_flexible_no_dr_tianjin_d29_hist_d29_1_2025-06-29_1day,D:\Pycharm_project\PycharmProjects\EnergyBridge\benchmark_results\2026-07-21\_batch_logs\daily_dr_memory_tianjin_1day\household_s4_ev_commuter_flexible_no_dr_tianjin_d29_hist_d29_1_2025-06-29_1day.log,D:\Pycharm_project\PycharmProjects\EnergyBridge\benchmark_results\2026-07-21\household_s4_ev_commuter_flexible_no_dr_tianjin_d29_hist_d29_1_2025-06-29_1day\run_summary.txt,0,77.665956,77.665956,80.899732,1.194019,normalized TOU cost/kWh,D:\Pycharm_project\PycharmProjects\EnergyBridge\experiments\real_data\tianjin_tou_price_normalized.csv,6.7018,6.7018,1.0,1.0,,0.0,1.0,[],"['dishwasher', 'dryer', 'ev', 'washer', 'water_heater']",[]
household_s5_shared_roommates_irregular,household_s5_shared_roommates_irregular,no_dr,Tianjin,1,2025-06-29,d29_hist_d29_1,hist_d29_1,29,D:\Pycharm_project\PycharmProjects\EnergyBridge\experiments\real_data\tianjin_tou_price_normalized.csv,18.0,1.0,D:\Pycharm_project\PycharmProjects\EnergyBridge\benchmark_results\2026-07-21\_batch_logs\daily_event_configs\d29_hist_d29_1.json,skipped_done,0,0.0,D:\Pycharm_project\PycharmProjects\EnergyBridge\benchmark_results\2026-07-21\household_s5_shared_roommates_irregular_no_dr_tianjin_d29_hist_d29_1_2025-06-29_1day,D:\Pycharm_project\PycharmProjects\EnergyBridge\benchmark_results\2026-07-21\_batch_logs\daily_dr_memory_tianjin_1day\household_s5_shared_roommates_irregular_no_dr_tianjin_d29_hist_d29_1_2025-06-29_1day.log,D:\Pycharm_project\PycharmProjects\EnergyBridge\benchmark_results\2026-07-21\household_s5_shared_roommates_irregular_no_dr_tianjin_d29_hist_d29_1_2025-06-29_1day\run_summary.txt,0,69.503637,69.503637,72.737413,1.220594,normalized TOU cost/kWh,D:\Pycharm_project\PycharmProjects\EnergyBridge\experiments\real_data\tianjin_tou_price_normalized.csv,6.7018,6.7018,1.0,1.0,,0.0,1.0,[],"['dishwasher', 'dryer', 'ev', 'washer', 'water_heater']",[]
household_s5_shared_roommates_irregular,household_s5_shared_roommates_irregular,mpc_dynamic,Tianjin,1,2025-06-29,d29_hist_d29_1,hist_d29_1,29,D:\Pycharm_project\PycharmProjects\EnergyBridge\experiments\real_data\tianjin_tou_price_normalized.csv,18.0,1.0,D:\Pycharm_project\PycharmProjects\EnergyBridge\benchmark_results\2026-07-21\_batch_logs\daily_event_configs\d29_hist_d29_1.json,skipped_done,0,0.0,D:\Pycharm_project\PycharmProjects\EnergyBridge\benchmark_results\2026-07-21\household_s5_shared_roommates_irregular_mpc_dynamic_tianjin_d29_hist_d29_1_2025-06-29_1day,D:\Pycharm_project\PycharmProjects\EnergyBridge\benchmark_results\2026-07-21\_batch_logs\daily_dr_memory_tianjin_1day\household_s5_shared_roommates_irregular_mpc_dynamic_tianjin_d29_hist_d29_1_2025-06-29_1day.log,D:\Pycharm_project\PycharmProjects\EnergyBridge\benchmark_results\2026-07-21\household_s5_shared_roommates_irregular_mpc_dynamic_tianjin_d29_hist_d29_1_2025-06-29_1day\run_summary.txt,0,70.317704,70.317704,53.757707,1.08994,normalized TOU cost/kWh,D:\Pycharm_project\PycharmProjects\EnergyBridge\experiments\real_data\tianjin_tou_price_normalized.csv,3.1587,3.1587,0.0,0.0,2.612,1.0,1.0,"['dishwasher', 'dryer', 'ev', 'washer', 'water_heater']",[],[]
household_s1_dual_commuter_standard,household_s1_dual_commuter_standard,mpc_dynamic,Germany,1,2025-06-30,d30_hist_d30_1,hist_d30_1,30,D:\Pycharm_project\PycharmProjects\EnergyBridge\experiments\real_data\germany_2025_price.csv,18.0,1.0,D:\Pycharm_project\PycharmProjects\EnergyBridge\benchmark_results\2026-07-21\_batch_logs\daily_event_configs\d30_hist_d30_1.json,skipped_done,0,0.0,D:\Pycharm_project\PycharmProjects\EnergyBridge\benchmark_results\2026-07-21\household_s1_dual_commuter_standard_mpc_dynamic_germany_d30_hist_d30_1_2025-06-30_1day,D:\Pycharm_project\PycharmProjects\EnergyBridge\benchmark_results\2026-07-21\_batch_logs\daily_dr_memory_germany_1day\household_s1_dual_commuter_standard_mpc_dynamic_germany_d30_hist_d30_1_2025-06-30_1day.log,D:\Pycharm_project\PycharmProjects\EnergyBridge\benchmark_results\2026-07-21\household_s1_dual_commuter_standard_mpc_dynamic_germany_d30_hist_d30_1_2025-06-30_1day\run_summary.txt,0,78.950782,78.950782,21.981306,0.110693,EUR/kWh,D:\Pycharm_project\PycharmProjects\EnergyBridge\experiments\real_data\germany_2025_price.csv,8.0724,8.0724,0.0,0.0,2.663,1.0,1.0,"['dishwasher', 'dryer', 'ev', 'washer', 'water_heater']",[],[]
household_s1_dual_commuter_standard,household_s1_dual_commuter_standard,no_dr,Germany,1,2025-06-30,d30_hist_d30_1,hist_d30_1,30,D:\Pycharm_project\PycharmProjects\EnergyBridge\experiments\real_data\germany_2025_price.csv,18.0,1.0,D:\Pycharm_project\PycharmProjects\EnergyBridge\benchmark_results\2026-07-21\_batch_logs\daily_event_configs\d30_hist_d30_1.json,skipped_done,0,0.0,D:\Pycharm_project\PycharmProjects\EnergyBridge\benchmark_results\2026-07-21\household_s1_dual_commuter_standard_no_dr_germany_d30_hist_d30_1_2025-06-30_1day,D:\Pycharm_project\PycharmProjects\EnergyBridge\benchmark_results\2026-07-21\_batch_logs\daily_dr_memory_germany_1day\household_s1_dual_commuter_standard_no_dr_germany_d30_hist_d30_1_2025-06-30_1day.log,D:\Pycharm_project\PycharmProjects\EnergyBridge\benchmark_results\2026-07-21\household_s1_dual_commuter_standard_no_dr_germany_d30_hist_d30_1_2025-06-30_1day\run_summary.txt,0,73.422772,73.422772,22.821883,0.113825,EUR/kWh,D:\Pycharm_project\PycharmProjects\EnergyBridge\experiments\real_data\germany_2025_price.csv,11.0362,11.0362,1.0,1.0,,0.0,1.0,[],"['dishwasher', 'dryer', 'ev', 'washer', 'water_heater']",[]
household_s2_multigeneration_caregiver,household_s2_multigeneration_caregiver,mpc_dynamic,Germany,1,2025-06-30,d30_hist_d30_1,hist_d30_1,30,D:\Pycharm_project\PycharmProjects\EnergyBridge\experiments\real_data\germany_2025_price.csv,18.0,1.0,D:\Pycharm_project\PycharmProjects\EnergyBridge\benchmark_results\2026-07-21\_batch_logs\daily_event_configs\d30_hist_d30_1.json,skipped_done,0,0.0,D:\Pycharm_project\PycharmProjects\EnergyBridge\benchmark_results\2026-07-21\household_s2_multigeneration_caregiver_mpc_dynamic_germany_d30_hist_d30_1_2025-06-30_1day,D:\Pycharm_project\PycharmProjects\EnergyBridge\benchmark_results\2026-07-21\_batch_logs\daily_dr_memory_germany_1day\household_s2_multigeneration_caregiver_mpc_dynamic_germany_d30_hist_d30_1_2025-06-30_1day.log,D:\Pycharm_project\PycharmProjects\EnergyBridge\benchmark_results\2026-07-21\household_s2_multigeneration_caregiver_mpc_dynamic_germany_d30_hist_d30_1_2025-06-30_1day\run_summary.txt,0,69.564432,69.564432,20.642363,0.109004,EUR/kWh,D:\Pycharm_project\PycharmProjects\EnergyBridge\experiments\real_data\germany_2025_price.csv,8.2889,8.2889,0.0,0.0,2.55,1.0,1.0,"['dishwasher', 'dryer', 'ev', 'washer', 'water_heater']",[],[]
household_s3_hybrid_work_from_home,household_s3_hybrid_work_from_home,mpc_dynamic,Germany,1,2025-06-30,d30_hist_d30_1,hist_d30_1,30,D:\Pycharm_project\PycharmProjects\EnergyBridge\experiments\real_data\germany_2025_price.csv,18.0,1.0,D:\Pycharm_project\PycharmProjects\EnergyBridge\benchmark_results\2026-07-21\_batch_logs\daily_event_configs\d30_hist_d30_1.json,skipped_done,0,0.0,D:\Pycharm_project\PycharmProjects\EnergyBridge\benchmark_results\2026-07-21\household_s3_hybrid_work_from_home_mpc_dynamic_germany_d30_hist_d30_1_2025-06-30_1day,D:\Pycharm_project\PycharmProjects\EnergyBridge\benchmark_results\2026-07-21\_batch_logs\daily_dr_memory_germany_1day\household_s3_hybrid_work_from_home_mpc_dynamic_germany_d30_hist_d30_1_2025-06-30_1day.log,D:\Pycharm_project\PycharmProjects\EnergyBridge\benchmark_results\2026-07-21\household_s3_hybrid_work_from_home_mpc_dynamic_germany_d30_hist_d30_1_2025-06-30_1day\run_summary.txt,0,71.015887,71.015887,20.887806,0.109667,EUR/kWh,D:\Pycharm_project\PycharmProjects\EnergyBridge\experiments\real_data\germany_2025_price.csv,8.0593,8.0593,0.0,0.0,2.633,1.0,1.0,"['dishwasher', 'dryer', 'ev', 'washer', 'water_heater']",[],[]
household_s3_hybrid_work_from_home,household_s3_hybrid_work_from_home,no_dr,Germany,1,2025-06-30,d30_hist_d30_1,hist_d30_1,30,D:\Pycharm_project\PycharmProjects\EnergyBridge\experiments\real_data\germany_2025_price.csv,18.0,1.0,D:\Pycharm_project\PycharmProjects\EnergyBridge\benchmark_results\2026-07-21\_batch_logs\daily_event_configs\d30_hist_d30_1.json,skipped_done,0,0.0,D:\Pycharm_project\PycharmProjects\EnergyBridge\benchmark_results\2026-07-21\household_s3_hybrid_work_from_home_no_dr_germany_d30_hist_d30_1_2025-06-30_1day,D:\Pycharm_project\PycharmProjects\EnergyBridge\benchmark_results\2026-07-21\_batch_logs\daily_dr_memory_germany_1day\household_s3_hybrid_work_from_home_no_dr_germany_d30_hist_d30_1_2025-06-30_1day.log,D:\Pycharm_project\PycharmProjects\EnergyBridge\benchmark_results\2026-07-21\household_s3_hybrid_work_from_home_no_dr_germany_d30_hist_d30_1_2025-06-30_1day\run_summary.txt,0,69.619067,69.619067,22.376021,0.114002,EUR/kWh,D:\Pycharm_project\PycharmProjects\EnergyBridge\experiments\real_data\germany_2025_price.csv,11.0457,11.0457,1.0,1.0,,0.0,0.8,[],"['dishwasher', 'dryer', 'ev', 'washer', 'water_heater']",[]
household_s2_multigeneration_caregiver,household_s2_multigeneration_caregiver,no_dr,Germany,1,2025-06-30,d30_hist_d30_1,hist_d30_1,30,D:\Pycharm_project\PycharmProjects\EnergyBridge\experiments\real_data\germany_2025_price.csv,18.0,1.0,D:\Pycharm_project\PycharmProjects\EnergyBridge\benchmark_results\2026-07-21\_batch_logs\daily_event_configs\d30_hist_d30_1.json,skipped_done,0,0.0,D:\Pycharm_project\PycharmProjects\EnergyBridge\benchmark_results\2026-07-21\household_s2_multigeneration_caregiver_no_dr_germany_d30_hist_d30_1_2025-06-30_1day,D:\Pycharm_project\PycharmProjects\EnergyBridge\benchmark_results\2026-07-21\_batch_logs\daily_dr_memory_germany_1day\household_s2_multigeneration_caregiver_no_dr_germany_d30_hist_d30_1_2025-06-30_1day.log,D:\Pycharm_project\PycharmProjects\EnergyBridge\benchmark_results\2026-07-21\household_s2_multigeneration_caregiver_no_dr_germany_d30_hist_d30_1_2025-06-30_1day\run_summary.txt,0,66.521575,66.521575,21.866611,0.114071,EUR/kWh,D:\Pycharm_project\PycharmProjects\EnergyBridge\experiments\real_data\germany_2025_price.csv,11.0791,11.0791,1.0,1.0,,0.0,1.0,[],"['dishwasher', 'dryer', 'ev', 'washer', 'water_heater']",[]
household_s4_ev_commuter_flexible,household_s4_ev_commuter_flexible,mpc_dynamic,Germany,1,2025-06-30,d30_hist_d30_1,hist_d30_1,30,D:\Pycharm_project\PycharmProjects\EnergyBridge\experiments\real_data\germany_2025_price.csv,18.0,1.0,D:\Pycharm_project\PycharmProjects\EnergyBridge\benchmark_results\2026-07-21\_batch_logs\daily_event_configs\d30_hist_d30_1.json,skipped_done,0,0.0,D:\Pycharm_project\PycharmProjects\EnergyBridge\benchmark_results\2026-07-21\household_s4_ev_commuter_flexible_mpc_dynamic_germany_d30_hist_d30_1_2025-06-30_1day,D:\Pycharm_project\PycharmProjects\EnergyBridge\benchmark_results\2026-07-21\_batch_logs\daily_dr_memory_germany_1day\household_s4_ev_commuter_flexible_mpc_dynamic_germany_d30_hist_d30_1_2025-06-30_1day.log,D:\Pycharm_project\PycharmProjects\EnergyBridge\benchmark_results\2026-07-21\household_s4_ev_commuter_flexible_mpc_dynamic_germany_d30_hist_d30_1_2025-06-30_1day\run_summary.txt,0,81.958092,81.958092,22.096839,0.11065,EUR/kWh,D:\Pycharm_project\PycharmProjects\EnergyBridge\experiments\real_data\germany_2025_price.csv,8.0107,8.0107,0.0,0.0,2.65,1.0,1.0,"['dishwasher', 'dryer', 'ev', 'washer', 'water_heater']",[],[]
household_s4_ev_commuter_flexible,household_s4_ev_commuter_flexible,no_dr,Germany,1,2025-06-30,d30_hist_d30_1,hist_d30_1,30,D:\Pycharm_project\PycharmProjects\EnergyBridge\experiments\real_data\germany_2025_price.csv,18.0,1.0,D:\Pycharm_project\PycharmProjects\EnergyBridge\benchmark_results\2026-07-21\_batch_logs\daily_event_configs\d30_hist_d30_1.json,skipped_done,0,0.0,D:\Pycharm_project\PycharmProjects\EnergyBridge\benchmark_results\2026-07-21\household_s4_ev_commuter_flexible_no_dr_germany_d30_hist_d30_1_2025-06-30_1day,D:\Pycharm_project\PycharmProjects\EnergyBridge\benchmark_results\2026-07-21\_batch_logs\daily_dr_memory_germany_1day\household_s4_ev_commuter_flexible_no_dr_germany_d30_hist_d30_1_2025-06-30_1day.log,D:\Pycharm_project\PycharmProjects\EnergyBridge\benchmark_results\2026-07-21\household_s4_ev_commuter_flexible_no_dr_germany_d30_hist_d30_1_2025-06-30_1day\run_summary.txt,0,77.503932,77.503932,23.260526,0.113698,EUR/kWh,D:\Pycharm_project\PycharmProjects\EnergyBridge\experiments\real_data\germany_2025_price.csv,11.0362,11.0362,1.0,1.0,,0.0,1.0,[],"['dishwasher', 'dryer', 'ev', 'washer', 'water_heater']",[]
household_s5_shared_roommates_irregular,household_s5_shared_roommates_irregular,no_dr,Germany,1,2025-06-30,d30_hist_d30_1,hist_d30_1,30,D:\Pycharm_project\PycharmProjects\EnergyBridge\experiments\real_data\germany_2025_price.csv,18.0,1.0,D:\Pycharm_project\PycharmProjects\EnergyBridge\benchmark_results\2026-07-21\_batch_logs\daily_event_configs\d30_hist_d30_1.json,skipped_done,0,0.0,D:\Pycharm_project\PycharmProjects\EnergyBridge\benchmark_results\2026-07-21\household_s5_shared_roommates_irregular_no_dr_germany_d30_hist_d30_1_2025-06-30_1day,D:\Pycharm_project\PycharmProjects\EnergyBridge\benchmark_results\2026-07-21\_batch_logs\daily_dr_memory_germany_1day\household_s5_shared_roommates_irregular_no_dr_germany_d30_hist_d30_1_2025-06-30_1day.log,D:\Pycharm_project\PycharmProjects\EnergyBridge\benchmark_results\2026-07-21\household_s5_shared_roommates_irregular_no_dr_germany_d30_hist_d30_1_2025-06-30_1day\run_summary.txt,0,69.341613,69.341613,22.385627,0.113969,EUR/kWh,D:\Pycharm_project\PycharmProjects\EnergyBridge\experiments\real_data\germany_2025_price.csv,11.0362,11.0362,1.0,1.0,,0.0,1.0,[],"['dishwasher', 'dryer', 'ev', 'washer', 'water_heater']",[]
household_s5_shared_roommates_irregular,household_s5_shared_roommates_irregular,mpc_dynamic,Germany,1,2025-06-30,d30_hist_d30_1,hist_d30_1,30,D:\Pycharm_project\PycharmProjects\EnergyBridge\experiments\real_data\germany_2025_price.csv,18.0,1.0,D:\Pycharm_project\PycharmProjects\EnergyBridge\benchmark_results\2026-07-21\_batch_logs\daily_event_configs\d30_hist_d30_1.json,skipped_done,0,0.0,D:\Pycharm_project\PycharmProjects\EnergyBridge\benchmark_results\2026-07-21\household_s5_shared_roommates_irregular_mpc_dynamic_germany_d30_hist_d30_1_2025-06-30_1day,D:\Pycharm_project\PycharmProjects\EnergyBridge\benchmark_results\2026-07-21\_batch_logs\daily_dr_memory_germany_1day\household_s5_shared_roommates_irregular_mpc_dynamic_germany_d30_hist_d30_1_2025-06-30_1day.log,D:\Pycharm_project\PycharmProjects\EnergyBridge\benchmark_results\2026-07-21\household_s5_shared_roommates_irregular_mpc_dynamic_germany_d30_hist_d30_1_2025-06-30_1day\run_summary.txt,0,73.795774,73.795774,21.225982,0.110819,EUR/kWh,D:\Pycharm_project\PycharmProjects\EnergyBridge\experiments\real_data\germany_2025_price.csv,8.0107,8.0107,0.0,0.0,2.612,1.0,1.0,"['dishwasher', 'dryer', 'ev', 'washer', 'water_heater']",[],[]
household_s1_dual_commuter_standard,household_s1_dual_commuter_standard,mpc_dynamic,Tianjin,1,2025-06-30,d30_hist_d30_1,hist_d30_1,30,D:\Pycharm_project\PycharmProjects\EnergyBridge\experiments\real_data\tianjin_tou_price_normalized.csv,18.0,1.0,D:\Pycharm_project\PycharmProjects\EnergyBridge\benchmark_results\2026-07-21\_batch_logs\daily_event_configs\d30_hist_d30_1.json,skipped_done,0,0.0,D:\Pycharm_project\PycharmProjects\EnergyBridge\benchmark_results\2026-07-21\household_s1_dual_commuter_standard_mpc_dynamic_tianjin_d30_hist_d30_1_2025-06-30_1day,D:\Pycharm_project\PycharmProjects\EnergyBridge\benchmark_results\2026-07-21\_batch_logs\daily_dr_memory_tianjin_1day\household_s1_dual_commuter_standard_mpc_dynamic_tianjin_d30_hist_d30_1_2025-06-30_1day.log,D:\Pycharm_project\PycharmProjects\EnergyBridge\benchmark_results\2026-07-21\household_s1_dual_commuter_standard_mpc_dynamic_tianjin_d30_hist_d30_1_2025-06-30_1day\run_summary.txt,0,59.270062,59.270062,55.108467,1.063585,normalized TOU cost/kWh,D:\Pycharm_project\PycharmProjects\EnergyBridge\experiments\real_data\tianjin_tou_price_normalized.csv,1.8769,1.8769,0.0,0.0,2.612,1.0,1.0,"['dishwasher', 'dryer', 'ev', 'washer', 'water_heater']",[],[]
household_s1_dual_commuter_standard,household_s1_dual_commuter_standard,no_dr,Tianjin,1,2025-06-30,d30_hist_d30_1,hist_d30_1,30,D:\Pycharm_project\PycharmProjects\EnergyBridge\experiments\real_data\tianjin_tou_price_normalized.csv,18.0,1.0,D:\Pycharm_project\PycharmProjects\EnergyBridge\benchmark_results\2026-07-21\_batch_logs\daily_event_configs\d30_hist_d30_1.json,skipped_done,0,0.0,D:\Pycharm_project\PycharmProjects\EnergyBridge\benchmark_results\2026-07-21\household_s1_dual_commuter_standard_no_dr_tianjin_d30_hist_d30_1_2025-06-30_1day,D:\Pycharm_project\PycharmProjects\EnergyBridge\benchmark_results\2026-07-21\_batch_logs\daily_dr_memory_tianjin_1day\household_s1_dual_commuter_standard_no_dr_tianjin_d30_hist_d30_1_2025-06-30_1day.log,D:\Pycharm_project\PycharmProjects\EnergyBridge\benchmark_results\2026-07-21\household_s1_dual_commuter_standard_no_dr_tianjin_d30_hist_d30_1_2025-06-30_1day\run_summary.txt,0,59.916695,59.916695,66.623846,1.162107,normalized TOU cost/kWh,D:\Pycharm_project\PycharmProjects\EnergyBridge\experiments\real_data\tianjin_tou_price_normalized.csv,5.0395,5.0395,1.0,1.0,,0.0,1.0,[],"['dishwasher', 'dryer', 'ev', 'washer', 'water_heater']",[]
household_s2_multigeneration_caregiver,household_s2_multigeneration_caregiver,mpc_dynamic,Tianjin,1,2025-06-30,d30_hist_d30_1,hist_d30_1,30,D:\Pycharm_project\PycharmProjects\EnergyBridge\experiments\real_data\tianjin_tou_price_normalized.csv,18.0,1.0,D:\Pycharm_project\PycharmProjects\EnergyBridge\benchmark_results\2026-07-21\_batch_logs\daily_event_configs\d30_hist_d30_1.json,skipped_done,0,0.0,D:\Pycharm_project\PycharmProjects\EnergyBridge\benchmark_results\2026-07-21\household_s2_multigeneration_caregiver_mpc_dynamic_tianjin_d30_hist_d30_1_2025-06-30_1day,D:\Pycharm_project\PycharmProjects\EnergyBridge\benchmark_results\2026-07-21\_batch_logs\daily_dr_memory_tianjin_1day\household_s2_multigeneration_caregiver_mpc_dynamic_tianjin_d30_hist_d30_1_2025-06-30_1day.log,D:\Pycharm_project\PycharmProjects\EnergyBridge\benchmark_results\2026-07-21\household_s2_multigeneration_caregiver_mpc_dynamic_tianjin_d30_hist_d30_1_2025-06-30_1day\run_summary.txt,0,53.576347,53.576347,54.525489,1.134366,normalized TOU cost/kWh,D:\Pycharm_project\PycharmProjects\EnergyBridge\experiments\real_data\tianjin_tou_price_normalized.csv,2.1784,2.1784,0.0,0.0,2.55,1.0,1.0,"['dishwasher', 'dryer', 'ev', 'washer', 'water_heater']",[],[]
household_s3_hybrid_work_from_home,household_s3_hybrid_work_from_home,mpc_dynamic,Tianjin,1,2025-06-30,d30_hist_d30_1,hist_d30_1,30,D:\Pycharm_project\PycharmProjects\EnergyBridge\experiments\real_data\tianjin_tou_price_normalized.csv,18.0,1.0,D:\Pycharm_project\PycharmProjects\EnergyBridge\benchmark_results\2026-07-21\_batch_logs\daily_event_configs\d30_hist_d30_1.json,skipped_done,0,0.0,D:\Pycharm_project\PycharmProjects\EnergyBridge\benchmark_results\2026-07-21\household_s3_hybrid_work_from_home_mpc_dynamic_tianjin_d30_hist_d30_1_2025-06-30_1day,D:\Pycharm_project\PycharmProjects\EnergyBridge\benchmark_results\2026-07-21\_batch_logs\daily_dr_memory_tianjin_1day\household_s3_hybrid_work_from_home_mpc_dynamic_tianjin_d30_hist_d30_1_2025-06-30_1day.log,D:\Pycharm_project\PycharmProjects\EnergyBridge\benchmark_results\2026-07-21\household_s3_hybrid_work_from_home_mpc_dynamic_tianjin_d30_hist_d30_1_2025-06-30_1day\run_summary.txt,0,55.700161,55.700161,54.103052,1.088194,normalized TOU cost/kWh,D:\Pycharm_project\PycharmProjects\EnergyBridge\experiments\real_data\tianjin_tou_price_normalized.csv,1.7916,1.7916,0.0,0.0,2.667,1.0,1.0,"['dishwasher', 'dryer', 'ev', 'washer', 'water_heater']",[],[]
household_s2_multigeneration_caregiver,household_s2_multigeneration_caregiver,no_dr,Tianjin,1,2025-06-30,d30_hist_d30_1,hist_d30_1,30,D:\Pycharm_project\PycharmProjects\EnergyBridge\experiments\real_data\tianjin_tou_price_normalized.csv,18.0,1.0,D:\Pycharm_project\PycharmProjects\EnergyBridge\benchmark_results\2026-07-21\_batch_logs\daily_event_configs\d30_hist_d30_1.json,skipped_done,0,0.0,D:\Pycharm_project\PycharmProjects\EnergyBridge\benchmark_results\2026-07-21\household_s2_multigeneration_caregiver_no_dr_tianjin_d30_hist_d30_1_2025-06-30_1day,D:\Pycharm_project\PycharmProjects\EnergyBridge\benchmark_results\2026-07-21\_batch_logs\daily_dr_memory_tianjin_1day\household_s2_multigeneration_caregiver_no_dr_tianjin_d30_hist_d30_1_2025-06-30_1day.log,D:\Pycharm_project\PycharmProjects\EnergyBridge\benchmark_results\2026-07-21\household_s2_multigeneration_caregiver_no_dr_tianjin_d30_hist_d30_1_2025-06-30_1day\run_summary.txt,0,52.921624,52.921624,59.702513,1.186332,normalized TOU cost/kWh,D:\Pycharm_project\PycharmProjects\EnergyBridge\experiments\real_data\tianjin_tou_price_normalized.csv,5.0846,5.0846,1.0,1.0,,0.0,1.0,[],"['dishwasher', 'dryer', 'ev', 'washer', 'water_heater']",[]
household_s3_hybrid_work_from_home,household_s3_hybrid_work_from_home,no_dr,Tianjin,1,2025-06-30,d30_hist_d30_1,hist_d30_1,30,D:\Pycharm_project\PycharmProjects\EnergyBridge\experiments\real_data\tianjin_tou_price_normalized.csv,18.0,1.0,D:\Pycharm_project\PycharmProjects\EnergyBridge\benchmark_results\2026-07-21\_batch_logs\daily_event_configs\d30_hist_d30_1.json,skipped_done,0,0.0,D:\Pycharm_project\PycharmProjects\EnergyBridge\benchmark_results\2026-07-21\household_s3_hybrid_work_from_home_no_dr_tianjin_d30_hist_d30_1_2025-06-30_1day,D:\Pycharm_project\PycharmProjects\EnergyBridge\benchmark_results\2026-07-21\_batch_logs\daily_dr_memory_tianjin_1day\household_s3_hybrid_work_from_home_no_dr_tianjin_d30_hist_d30_1_2025-06-30_1day.log,D:\Pycharm_project\PycharmProjects\EnergyBridge\benchmark_results\2026-07-21\household_s3_hybrid_work_from_home_no_dr_tianjin_d30_hist_d30_1_2025-06-30_1day\run_summary.txt,0,56.13803,56.13803,62.968134,1.175842,normalized TOU cost/kWh,D:\Pycharm_project\PycharmProjects\EnergyBridge\experiments\real_data\tianjin_tou_price_normalized.csv,5.0407,5.0407,1.0,1.0,,0.0,0.8,[],"['dishwasher', 'dryer', 'ev', 'washer', 'water_heater']",[]
household_s4_ev_commuter_flexible,household_s4_ev_commuter_flexible,no_dr,Tianjin,1,2025-06-30,d30_hist_d30_1,hist_d30_1,30,D:\Pycharm_project\PycharmProjects\EnergyBridge\experiments\real_data\tianjin_tou_price_normalized.csv,18.0,1.0,D:\Pycharm_project\PycharmProjects\EnergyBridge\benchmark_results\2026-07-21\_batch_logs\daily_event_configs\d30_hist_d30_1.json,skipped_done,0,0.0,D:\Pycharm_project\PycharmProjects\EnergyBridge\benchmark_results\2026-07-21\household_s4_ev_commuter_flexible_no_dr_tianjin_d30_hist_d30_1_2025-06-30_1day,D:\Pycharm_project\PycharmProjects\EnergyBridge\benchmark_results\2026-07-21\_batch_logs\daily_dr_memory_tianjin_1day\household_s4_ev_commuter_flexible_no_dr_tianjin_d30_hist_d30_1_2025-06-30_1day.log,D:\Pycharm_project\PycharmProjects\EnergyBridge\benchmark_results\2026-07-21\household_s4_ev_commuter_flexible_no_dr_tianjin_d30_hist_d30_1_2025-06-30_1day\run_summary.txt,0,63.997854,63.997854,70.705006,1.151334,normalized TOU cost/kWh,D:\Pycharm_project\PycharmProjects\EnergyBridge\experiments\real_data\tianjin_tou_price_normalized.csv,5.0395,5.0395,1.0,1.0,,0.0,1.0,[],"['dishwasher', 'dryer', 'ev', 'washer', 'water_heater']",[]
household_s4_ev_commuter_flexible,household_s4_ev_commuter_flexible,mpc_dynamic,Tianjin,1,2025-06-30,d30_hist_d30_1,hist_d30_1,30,D:\Pycharm_project\PycharmProjects\EnergyBridge\experiments\real_data\tianjin_tou_price_normalized.csv,18.0,1.0,D:\Pycharm_project\PycharmProjects\EnergyBridge\benchmark_results\2026-07-21\_batch_logs\daily_event_configs\d30_hist_d30_1.json,skipped_done,0,0.0,D:\Pycharm_project\PycharmProjects\EnergyBridge\benchmark_results\2026-07-21\household_s4_ev_commuter_flexible_mpc_dynamic_tianjin_d30_hist_d30_1_2025-06-30_1day,D:\Pycharm_project\PycharmProjects\EnergyBridge\benchmark_results\2026-07-21\_batch_logs\daily_dr_memory_tianjin_1day\household_s4_ev_commuter_flexible_mpc_dynamic_tianjin_d30_hist_d30_1_2025-06-30_1day.log,D:\Pycharm_project\PycharmProjects\EnergyBridge\benchmark_results\2026-07-21\household_s4_ev_commuter_flexible_mpc_dynamic_tianjin_d30_hist_d30_1_2025-06-30_1day\run_summary.txt,0,63.351221,63.351221,59.189627,1.058942,normalized TOU cost/kWh,D:\Pycharm_project\PycharmProjects\EnergyBridge\experiments\real_data\tianjin_tou_price_normalized.csv,1.8769,1.8769,0.0,0.0,2.65,1.0,1.0,"['dishwasher', 'dryer', 'ev', 'washer', 'water_heater']",[],[]
household_s5_shared_roommates_irregular,household_s5_shared_roommates_irregular,mpc_dynamic,Tianjin,1,2025-06-30,d30_hist_d30_1,hist_d30_1,30,D:\Pycharm_project\PycharmProjects\EnergyBridge\experiments\real_data\tianjin_tou_price_normalized.csv,18.0,1.0,D:\Pycharm_project\PycharmProjects\EnergyBridge\benchmark_results\2026-07-21\_batch_logs\daily_event_configs\d30_hist_d30_1.json,skipped_done,0,0.0,D:\Pycharm_project\PycharmProjects\EnergyBridge\benchmark_results\2026-07-21\household_s5_shared_roommates_irregular_mpc_dynamic_tianjin_d30_hist_d30_1_2025-06-30_1day,D:\Pycharm_project\PycharmProjects\EnergyBridge\benchmark_results\2026-07-21\_batch_logs\daily_dr_memory_tianjin_1day\household_s5_shared_roommates_irregular_mpc_dynamic_tianjin_d30_hist_d30_1_2025-06-30_1day.log,D:\Pycharm_project\PycharmProjects\EnergyBridge\benchmark_results\2026-07-21\household_s5_shared_roommates_irregular_mpc_dynamic_tianjin_d30_hist_d30_1_2025-06-30_1day\run_summary.txt,0,55.188902,55.188902,51.027308,1.069021,normalized TOU cost/kWh,D:\Pycharm_project\PycharmProjects\EnergyBridge\experiments\real_data\tianjin_tou_price_normalized.csv,1.8769,1.8769,0.0,0.0,2.612,1.0,1.0,"['dishwasher', 'dryer', 'ev', 'washer', 'water_heater']",[],[]
household_s5_shared_roommates_irregular,household_s5_shared_roommates_irregular,no_dr,Tianjin,1,2025-06-30,d30_hist_d30_1,hist_d30_1,30,D:\Pycharm_project\PycharmProjects\EnergyBridge\experiments\real_data\tianjin_tou_price_normalized.csv,18.0,1.0,D:\Pycharm_project\PycharmProjects\EnergyBridge\benchmark_results\2026-07-21\_batch_logs\daily_event_configs\d30_hist_d30_1.json,skipped_done,0,0.0,D:\Pycharm_project\PycharmProjects\EnergyBridge\benchmark_results\2026-07-21\household_s5_shared_roommates_irregular_no_dr_tianjin_d30_hist_d30_1_2025-06-30_1day,D:\Pycharm_project\PycharmProjects\EnergyBridge\benchmark_results\2026-07-21\_batch_logs\daily_dr_memory_tianjin_1day\household_s5_shared_roommates_irregular_no_dr_tianjin_d30_hist_d30_1_2025-06-30_1day.log,D:\Pycharm_project\PycharmProjects\EnergyBridge\benchmark_results\2026-07-21\household_s5_shared_roommates_irregular_no_dr_tianjin_d30_hist_d30_1_2025-06-30_1day\run_summary.txt,0,55.835535,55.835535,62.542687,1.174532,normalized TOU cost/kWh,D:\Pycharm_project\PycharmProjects\EnergyBridge\experiments\real_data\tianjin_tou_price_normalized.csv,5.0395,5.0395,1.0,1.0,,0.0,1.0,[],"['dishwasher', 'dryer', 'ev', 'washer', 'water_heater']",[]
