action_name,state_key,action_value,count,probability
heating_setpoint_c,weekday|h00|occ0|evhome1|Tin_warm|Tout_hot|soc_full|ewh_normal|dish1|wash1|dry1,20,5,1.0
heating_setpoint_c,weekday|h00|occ0|evhome1|dish1|wash1|dry1,20,6,1.0
heating_setpoint_c,weekday|h00,20,60,1.0
heating_setpoint_c,h00,20,84,1.0
heating_setpoint_c,GLOBAL,20,2015,1.0
heating_setpoint_c,weekday|h00|occ0|evhome1|Tin_warm|Tout_hot|soc_full|ewh_hot|dish1|wash1|dry1,20,1,1.0
heating_setpoint_c,weekday|h01|occ0|evhome1|Tin_warm|Tout_hot|soc_full|ewh_normal|dish1|wash1|dry1,20,5,1.0
heating_setpoint_c,weekday|h01|occ0|evhome1|dish1|wash1|dry1,20,6,1.0
heating_setpoint_c,weekday|h01,20,60,1.0
heating_setpoint_c,h01,20,84,1.0
heating_setpoint_c,weekday|h01|occ0|evhome1|Tin_warm|Tout_hot|soc_full|ewh_hot|dish1|wash1|dry1,20,1,1.0
heating_setpoint_c,weekday|h02|occ0|evhome1|Tin_warm|Tout_hot|soc_full|ewh_normal|dish1|wash1|dry1,20,5,1.0
heating_setpoint_c,weekday|h02|occ0|evhome1|dish1|wash1|dry1,20,6,1.0
heating_setpoint_c,weekday|h02,20,60,1.0
heating_setpoint_c,h02,20,84,1.0
heating_setpoint_c,weekday|h02|occ0|evhome1|Tin_warm|Tout_hot|soc_full|ewh_hot|dish1|wash1|dry1,20,1,1.0
heating_setpoint_c,weekday|h03|occ0|evhome1|Tin_warm|Tout_hot|soc_full|ewh_normal|dish1|wash1|dry1,20,5,1.0
heating_setpoint_c,weekday|h03|occ0|evhome1|dish1|wash1|dry1,20,6,1.0
heating_setpoint_c,weekday|h03,20,60,1.0
heating_setpoint_c,h03,20,84,1.0
heating_setpoint_c,weekday|h03|occ0|evhome1|Tin_warm|Tout_hot|soc_full|ewh_hot|dish1|wash1|dry1,20,1,1.0
heating_setpoint_c,weekday|h04|occ0|evhome1|Tin_warm|Tout_hot|soc_full|ewh_normal|dish1|wash1|dry1,20,5,1.0
heating_setpoint_c,weekday|h04|occ0|evhome1|dish1|wash1|dry1,20,6,1.0
heating_setpoint_c,weekday|h04,20,60,1.0
heating_setpoint_c,h04,20,84,1.0
heating_setpoint_c,weekday|h04|occ0|evhome1|Tin_warm|Tout_hot|soc_full|ewh_hot|dish1|wash1|dry1,20,1,1.0
heating_setpoint_c,weekday|h05|occ0|evhome1|Tin_warm|Tout_hot|soc_full|ewh_hot|dish1|wash1|dry1,20,6,1.0
heating_setpoint_c,weekday|h05|occ0|evhome1|dish1|wash1|dry1,20,6,1.0
heating_setpoint_c,weekday|h05,20,60,1.0
heating_setpoint_c,h05,20,84,1.0
heating_setpoint_c,weekday|h06|occ0|evhome1|Tin_warm|Tout_hot|soc_full|ewh_hot|dish1|wash1|dry1,20,4,1.0
heating_setpoint_c,weekday|h06|occ0|evhome1|dish1|wash1|dry1,20,4,1.0
heating_setpoint_c,weekday|h06,20,60,1.0
heating_setpoint_c,h06,20,84,1.0
heating_setpoint_c,weekday|h06|occ1|evhome1|Tin_comfort|Tout_hot|soc_full|ewh_normal|dish1|wash1|dry1,20,2,1.0
heating_setpoint_c,weekday|h06|occ1|evhome1|dish1|wash1|dry1,20,2,1.0
heating_setpoint_c,weekday|h07|occ1|evhome1|Tin_comfort|Tout_hot|soc_full|ewh_normal|dish1|wash1|dry1,20,1,1.0
heating_setpoint_c,weekday|h07|occ1|evhome1|dish1|wash1|dry1,20,5,1.0
heating_setpoint_c,weekday|h07,20,60,1.0
heating_setpoint_c,h07,20,84,1.0
heating_setpoint_c,weekday|h07|occ1|evhome1|Tin_comfort|Tout_hot|soc_full|ewh_hot|dish1|wash1|dry1,20,4,1.0
heating_setpoint_c,weekday|h07|occ0|evhome0|Tin_comfort|Tout_hot|soc_target|ewh_hot|dish1|wash1|dry1,20,1,1.0
heating_setpoint_c,weekday|h07|occ0|evhome0|dish1|wash1|dry1,20,1,1.0
heating_setpoint_c,weekday|h08|occ0|evhome0|Tin_comfort|Tout_hot|soc_target|ewh_normal|dish1|wash1|dry1,20,5,1.0
heating_setpoint_c,weekday|h08|occ0|evhome0|dish1|wash1|dry1,20,6,1.0
heating_setpoint_c,weekday|h08,20,60,1.0
heating_setpoint_c,h08,20,84,1.0
heating_setpoint_c,weekday|h08|occ0|evhome0|Tin_comfort|Tout_hot|soc_target|ewh_hot|dish1|wash1|dry1,20,1,1.0
heating_setpoint_c,weekday|h09|occ0|evhome0|Tin_comfort|Tout_hot|soc_target|ewh_normal|dish1|wash1|dry1,20,5,1.0
heating_setpoint_c,weekday|h09|occ0|evhome0|dish1|wash1|dry1,20,6,1.0
heating_setpoint_c,weekday|h09,20,60,1.0
heating_setpoint_c,h09,20,84,1.0
heating_setpoint_c,weekday|h09|occ0|evhome0|Tin_comfort|Tout_hot|soc_target|ewh_hot|dish1|wash1|dry1,20,1,1.0
heating_setpoint_c,weekday|h10|occ0|evhome0|Tin_comfort|Tout_hot|soc_target|ewh_normal|dish1|wash1|dry1,20,5,1.0
heating_setpoint_c,weekday|h10|occ0|evhome0|dish1|wash1|dry1,20,6,1.0
heating_setpoint_c,weekday|h10,20,60,1.0
heating_setpoint_c,h10,20,84,1.0
heating_setpoint_c,weekday|h10|occ0|evhome0|Tin_comfort|Tout_hot|soc_target|ewh_hot|dish1|wash1|dry1,20,1,1.0
heating_setpoint_c,weekday|h11|occ0|evhome0|Tin_comfort|Tout_hot|soc_target|ewh_normal|dish1|wash1|dry1,20,5,1.0
heating_setpoint_c,weekday|h11|occ0|evhome0|dish1|wash1|dry1,20,6,1.0
heating_setpoint_c,weekday|h11,20,60,1.0
heating_setpoint_c,h11,20,84,1.0
heating_setpoint_c,weekday|h11|occ0|evhome0|Tin_comfort|Tout_hot|soc_target|ewh_hot|dish1|wash1|dry1,20,1,1.0
heating_setpoint_c,weekday|h12|occ0|evhome0|Tin_comfort|Tout_hot|soc_target|ewh_normal|dish1|wash1|dry1,20,5,1.0
heating_setpoint_c,weekday|h12|occ0|evhome0|dish1|wash1|dry1,20,6,1.0
heating_setpoint_c,weekday|h12,20,60,1.0
heating_setpoint_c,h12,20,84,1.0
heating_setpoint_c,weekday|h12|occ0|evhome0|Tin_comfort|Tout_hot|soc_target|ewh_hot|dish1|wash1|dry1,20,1,1.0
heating_setpoint_c,weekday|h13|occ0|evhome0|Tin_comfort|Tout_hot|soc_target|ewh_normal|dish1|wash1|dry1,20,2,1.0
heating_setpoint_c,weekday|h13|occ0|evhome0|dish1|wash1|dry1,20,6,1.0
heating_setpoint_c,weekday|h13,20,60,1.0
heating_setpoint_c,h13,20,84,1.0
heating_setpoint_c,weekday|h13|occ0|evhome0|Tin_warm|Tout_hot|soc_target|ewh_normal|dish1|wash1|dry1,20,3,1.0
heating_setpoint_c,weekday|h13|occ0|evhome0|Tin_warm|Tout_hot|soc_target|ewh_hot|dish1|wash1|dry1,20,1,1.0
heating_setpoint_c,weekday|h14|occ0|evhome0|Tin_warm|Tout_hot|soc_target|ewh_normal|dish1|wash1|dry1,20,5,1.0
heating_setpoint_c,weekday|h14|occ0|evhome0|dish1|wash1|dry1,20,6,1.0
heating_setpoint_c,weekday|h14,20,60,1.0
heating_setpoint_c,h14,20,84,1.0
heating_setpoint_c,weekday|h14|occ0|evhome0|Tin_warm|Tout_hot|soc_target|ewh_hot|dish1|wash1|dry1,20,1,1.0
heating_setpoint_c,weekday|h15|occ0|evhome0|Tin_warm|Tout_hot|soc_target|ewh_normal|dish1|wash1|dry1,20,5,1.0
heating_setpoint_c,weekday|h15|occ0|evhome0|dish1|wash1|dry1,20,6,1.0
heating_setpoint_c,weekday|h15,20,60,1.0
heating_setpoint_c,h15,20,84,1.0
heating_setpoint_c,weekday|h15|occ0|evhome0|Tin_warm|Tout_hot|soc_target|ewh_hot|dish1|wash1|dry1,20,1,1.0
heating_setpoint_c,weekday|h16|occ0|evhome0|Tin_warm|Tout_hot|soc_target|ewh_normal|dish1|wash1|dry1,20,3,1.0
heating_setpoint_c,weekday|h16|occ0|evhome0|dish1|wash1|dry1,20,6,1.0
heating_setpoint_c,weekday|h16,20,60,1.0
heating_setpoint_c,h16,20,84,1.0
heating_setpoint_c,weekday|h16|occ0|evhome0|Tin_warm|Tout_extreme|soc_target|ewh_normal|dish1|wash1|dry1,20,2,1.0
heating_setpoint_c,weekday|h16|occ0|evhome0|Tin_warm|Tout_extreme|soc_target|ewh_hot|dish1|wash1|dry1,20,1,1.0
heating_setpoint_c,weekday|h17|occ0|evhome0|Tin_warm|Tout_extreme|soc_target|ewh_normal|dish1|wash1|dry1,20,5,1.0
heating_setpoint_c,weekday|h17|occ0|evhome0|dish1|wash1|dry1,20,6,1.0
heating_setpoint_c,weekday|h17,20,60,1.0
heating_setpoint_c,h17,20,84,1.0
heating_setpoint_c,weekday|h17|occ0|evhome0|Tin_warm|Tout_extreme|soc_target|ewh_hot|dish1|wash1|dry1,20,1,1.0
heating_setpoint_c,weekday|h18|occ0|evhome0|Tin_warm|Tout_extreme|soc_target|ewh_normal|dish1|wash1|dry1,20,2,1.0
heating_setpoint_c,weekday|h18|occ0|evhome0|dish1|wash1|dry1,20,2,1.0
heating_setpoint_c,weekday|h18,20,60,1.0
heating_setpoint_c,h18,20,84,1.0
heating_setpoint_c,weekday|h18|occ1|evhome1|Tin_warm|Tout_extreme|soc_target|ewh_normal|dish1|wash1|dry1,20,3,1.0
heating_setpoint_c,weekday|h18|occ1|evhome1|dish1|wash1|dry1,20,4,1.0
heating_setpoint_c,weekday|h18|occ1|evhome1|Tin_warm|Tout_extreme|soc_target|ewh_hot|dish1|wash1|dry1,20,1,1.0
heating_setpoint_c,weekday|h19|occ1|evhome1|Tin_warm|Tout_extreme|soc_target|ewh_normal|dish1|wash1|dry1,20,2,1.0
heating_setpoint_c,weekday|h19|occ1|evhome1|dish1|wash1|dry1,20,2,1.0
heating_setpoint_c,weekday|h19,20,60,1.0
heating_setpoint_c,h19,20,84,1.0
heating_setpoint_c,weekday|h19|occ1|evhome1|Tin_warm|Tout_extreme|soc_target|ewh_normal|dish2|wash1|dry1,20,2,1.0
heating_setpoint_c,weekday|h19|occ1|evhome1|dish2|wash1|dry1,20,4,1.0
heating_setpoint_c,weekday|h19|occ1|evhome1|Tin_warm|Tout_extreme|soc_full|ewh_normal|dish2|wash1|dry1,20,1,1.0
heating_setpoint_c,weekday|h19|occ1|evhome1|Tin_warm|Tout_extreme|soc_full|ewh_hot|dish2|wash1|dry1,20,1,1.0
heating_setpoint_c,weekday|h20|occ1|evhome1|Tin_warm|Tout_extreme|soc_full|ewh_hot|dish2|wash1|dry1,20,4,1.0
heating_setpoint_c,weekday|h20|occ1|evhome1|dish2|wash1|dry1,20,4,1.0
heating_setpoint_c,weekday|h20,20,60,1.0
heating_setpoint_c,h20,20,84,1.0
heating_setpoint_c,weekday|h20|occ1|evhome1|Tin_warm|Tout_extreme|soc_full|ewh_hot|dish3|wash1|dry1,20,2,1.0
heating_setpoint_c,weekday|h20|occ1|evhome1|dish3|wash1|dry1,20,2,1.0
heating_setpoint_c,weekday|h21|occ1|evhome1|Tin_warm|Tout_extreme|soc_full|ewh_low|dish3|wash1|dry1,20,1,1.0
heating_setpoint_c,weekday|h21|occ1|evhome1|dish3|wash1|dry1,20,6,1.0
heating_setpoint_c,weekday|h21,20,60,1.0
heating_setpoint_c,h21,20,84,1.0
heating_setpoint_c,weekday|h21|occ1|evhome1|Tin_warm|Tout_extreme|soc_full|ewh_normal|dish3|wash1|dry1,20,3,1.0
heating_setpoint_c,weekday|h21|occ1|evhome1|Tin_warm|Tout_extreme|soc_full|ewh_hot|dish3|wash1|dry1,20,2,1.0
heating_setpoint_c,weekday|h22|occ1|evhome1|Tin_warm|Tout_extreme|soc_full|ewh_hot|dish3|wash1|dry1,20,6,1.0
heating_setpoint_c,weekday|h22|occ1|evhome1|dish3|wash1|dry1,20,6,1.0
heating_setpoint_c,weekday|h22,20,60,1.0
heating_setpoint_c,h22,20,84,1.0
heating_setpoint_c,weekday|h23|occ1|evhome1|Tin_warm|Tout_extreme|soc_full|ewh_normal|dish3|wash1|dry1,20,3,1.0
heating_setpoint_c,weekday|h23|occ1|evhome1|dish3|wash1|dry1,20,3,1.0
heating_setpoint_c,weekday|h23,20,60,1.0
heating_setpoint_c,h23,20,83,1.0
heating_setpoint_c,weekday|h23|occ0|evhome1|Tin_warm|Tout_extreme|soc_full|ewh_normal|dish3|wash1|dry1,20,1,1.0
heating_setpoint_c,weekday|h23|occ0|evhome1|dish3|wash1|dry1,20,3,1.0
heating_setpoint_c,weekday|h23|occ0|evhome1|Tin_warm|Tout_hot|soc_full|ewh_normal|dish3|wash1|dry1,20,1,1.0
heating_setpoint_c,weekday|h23|occ0|evhome1|Tin_warm|Tout_hot|soc_full|ewh_hot|dish3|wash1|dry1,20,1,1.0
heating_setpoint_c,weekday|h00|occ0|evhome1|Tin_warm|Tout_hot|soc_full|ewh_normal|dish3|wash1|dry1,20,5,1.0
heating_setpoint_c,weekday|h00|occ0|evhome1|dish3|wash1|dry1,20,6,1.0
heating_setpoint_c,weekday|h00|occ0|evhome1|Tin_warm|Tout_hot|soc_full|ewh_hot|dish3|wash1|dry1,20,1,1.0
heating_setpoint_c,weekday|h01|occ0|evhome1|Tin_warm|Tout_hot|soc_full|ewh_normal|dish3|wash1|dry1,20,5,1.0
heating_setpoint_c,weekday|h01|occ0|evhome1|dish3|wash1|dry1,20,6,1.0
heating_setpoint_c,weekday|h01|occ0|evhome1|Tin_warm|Tout_hot|soc_full|ewh_hot|dish3|wash1|dry1,20,1,1.0
heating_setpoint_c,weekday|h02|occ0|evhome1|Tin_warm|Tout_hot|soc_full|ewh_normal|dish3|wash1|dry1,20,5,1.0
heating_setpoint_c,weekday|h02|occ0|evhome1|dish3|wash1|dry1,20,6,1.0
heating_setpoint_c,weekday|h02|occ0|evhome1|Tin_warm|Tout_hot|soc_full|ewh_hot|dish3|wash1|dry1,20,1,1.0
heating_setpoint_c,weekday|h03|occ0|evhome1|Tin_warm|Tout_hot|soc_full|ewh_normal|dish3|wash1|dry1,20,5,1.0
heating_setpoint_c,weekday|h03|occ0|evhome1|dish3|wash1|dry1,20,6,1.0
heating_setpoint_c,weekday|h03|occ0|evhome1|Tin_warm|Tout_hot|soc_full|ewh_hot|dish3|wash1|dry1,20,1,1.0
heating_setpoint_c,weekday|h04|occ0|evhome1|Tin_warm|Tout_hot|soc_full|ewh_normal|dish3|wash1|dry1,20,5,1.0
heating_setpoint_c,weekday|h04|occ0|evhome1|dish3|wash1|dry1,20,6,1.0
heating_setpoint_c,weekday|h04|occ0|evhome1|Tin_warm|Tout_hot|soc_full|ewh_hot|dish3|wash1|dry1,20,1,1.0
heating_setpoint_c,weekday|h05|occ0|evhome1|Tin_warm|Tout_hot|soc_full|ewh_hot|dish3|wash1|dry1,20,6,1.0
heating_setpoint_c,weekday|h05|occ0|evhome1|dish3|wash1|dry1,20,6,1.0
heating_setpoint_c,weekday|h06|occ0|evhome1|Tin_warm|Tout_hot|soc_full|ewh_hot|dish3|wash1|dry1,20,1,1.0
heating_setpoint_c,weekday|h06|occ0|evhome1|dish3|wash1|dry1,20,1,1.0
heating_setpoint_c,weekday|h06|occ1|evhome1|Tin_warm|Tout_hot|soc_full|ewh_hot|dish3|wash1|dry1,20,4,1.0
heating_setpoint_c,weekday|h06|occ1|evhome1|dish3|wash1|dry1,20,5,1.0
heating_setpoint_c,weekday|h06|occ1|evhome1|Tin_warm|Tout_hot|soc_full|ewh_normal|dish3|wash1|dry1,20,1,1.0
heating_setpoint_c,weekday|h07|occ1|evhome1|Tin_warm|Tout_hot|soc_full|ewh_normal|dish3|wash1|dry1,20,1,1.0
heating_setpoint_c,weekday|h07|occ1|evhome1|dish3|wash1|dry1,20,6,1.0
heating_setpoint_c,weekday|h07|occ1|evhome1|Tin_comfort|Tout_hot|soc_full|ewh_normal|dish3|wash1|dry1,20,1,1.0
heating_setpoint_c,weekday|h07|occ1|evhome1|Tin_comfort|Tout_hot|soc_full|ewh_hot|dish3|wash1|dry1,20,4,1.0
heating_setpoint_c,weekday|h08|occ0|evhome0|Tin_comfort|Tout_hot|soc_target|ewh_normal|dish3|wash1|dry1,20,5,1.0
heating_setpoint_c,weekday|h08|occ0|evhome0|dish3|wash1|dry1,20,6,1.0
heating_setpoint_c,weekday|h08|occ0|evhome0|Tin_comfort|Tout_hot|soc_target|ewh_hot|dish3|wash1|dry1,20,1,1.0
heating_setpoint_c,weekday|h09|occ0|evhome0|Tin_comfort|Tout_hot|soc_target|ewh_normal|dish3|wash1|dry1,20,5,1.0
heating_setpoint_c,weekday|h09|occ0|evhome0|dish3|wash1|dry1,20,6,1.0
heating_setpoint_c,weekday|h09|occ0|evhome0|Tin_comfort|Tout_hot|soc_target|ewh_hot|dish3|wash1|dry1,20,1,1.0
heating_setpoint_c,weekday|h10|occ0|evhome0|Tin_comfort|Tout_hot|soc_target|ewh_normal|dish3|wash1|dry1,20,5,1.0
heating_setpoint_c,weekday|h10|occ0|evhome0|dish3|wash1|dry1,20,6,1.0
heating_setpoint_c,weekday|h10|occ0|evhome0|Tin_comfort|Tout_hot|soc_target|ewh_hot|dish3|wash1|dry1,20,1,1.0
heating_setpoint_c,weekday|h11|occ0|evhome0|Tin_comfort|Tout_hot|soc_target|ewh_normal|dish3|wash1|dry1,20,5,1.0
heating_setpoint_c,weekday|h11|occ0|evhome0|dish3|wash1|dry1,20,6,1.0
heating_setpoint_c,weekday|h11|occ0|evhome0|Tin_comfort|Tout_hot|soc_target|ewh_hot|dish3|wash1|dry1,20,1,1.0
heating_setpoint_c,weekday|h12|occ0|evhome0|Tin_comfort|Tout_hot|soc_target|ewh_normal|dish3|wash1|dry1,20,5,1.0
heating_setpoint_c,weekday|h12|occ0|evhome0|dish3|wash1|dry1,20,6,1.0
heating_setpoint_c,weekday|h12|occ0|evhome0|Tin_warm|Tout_hot|soc_target|ewh_hot|dish3|wash1|dry1,20,1,1.0
heating_setpoint_c,weekday|h13|occ0|evhome0|Tin_warm|Tout_hot|soc_target|ewh_normal|dish3|wash1|dry1,20,5,1.0
heating_setpoint_c,weekday|h13|occ0|evhome0|dish3|wash1|dry1,20,6,1.0
heating_setpoint_c,weekday|h13|occ0|evhome0|Tin_warm|Tout_hot|soc_target|ewh_hot|dish3|wash1|dry1,20,1,1.0
heating_setpoint_c,weekday|h14|occ0|evhome0|Tin_warm|Tout_hot|soc_target|ewh_normal|dish3|wash1|dry1,20,5,1.0
heating_setpoint_c,weekday|h14|occ0|evhome0|dish3|wash1|dry1,20,6,1.0
heating_setpoint_c,weekday|h14|occ0|evhome0|Tin_warm|Tout_hot|soc_target|ewh_hot|dish3|wash1|dry1,20,1,1.0
heating_setpoint_c,weekday|h15|occ0|evhome0|Tin_warm|Tout_hot|soc_target|ewh_normal|dish3|wash1|dry1,20,5,1.0
heating_setpoint_c,weekday|h15|occ0|evhome0|dish3|wash1|dry1,20,6,1.0
heating_setpoint_c,weekday|h15|occ0|evhome0|Tin_warm|Tout_hot|soc_target|ewh_hot|dish3|wash1|dry1,20,1,1.0
heating_setpoint_c,weekday|h16|occ0|evhome0|Tin_warm|Tout_hot|soc_target|ewh_normal|dish3|wash1|dry1,20,1,1.0
heating_setpoint_c,weekday|h16|occ0|evhome0|dish3|wash1|dry1,20,6,1.0
heating_setpoint_c,weekday|h16|occ0|evhome0|Tin_warm|Tout_extreme|soc_target|ewh_normal|dish3|wash1|dry1,20,4,1.0
heating_setpoint_c,weekday|h16|occ0|evhome0|Tin_warm|Tout_extreme|soc_target|ewh_hot|dish3|wash1|dry1,20,1,1.0
heating_setpoint_c,weekday|h17|occ0|evhome0|Tin_warm|Tout_extreme|soc_target|ewh_normal|dish3|wash1|dry1,20,5,1.0
heating_setpoint_c,weekday|h17|occ0|evhome0|dish3|wash1|dry1,20,6,1.0
heating_setpoint_c,weekday|h17|occ0|evhome0|Tin_warm|Tout_extreme|soc_target|ewh_hot|dish3|wash1|dry1,20,1,1.0
heating_setpoint_c,weekday|h18|occ0|evhome0|Tin_warm|Tout_extreme|soc_target|ewh_normal|dish3|wash1|dry1,20,1,1.0
heating_setpoint_c,weekday|h18|occ0|evhome0|dish3|wash1|dry1,20,1,1.0
heating_setpoint_c,weekday|h18|occ1|evhome1|Tin_warm|Tout_extreme|soc_target|ewh_normal|dish3|wash1|dry1,20,4,1.0
heating_setpoint_c,weekday|h18|occ1|evhome1|dish3|wash1|dry1,20,5,1.0
heating_setpoint_c,weekday|h18|occ1|evhome1|Tin_warm|Tout_extreme|soc_target|ewh_hot|dish3|wash1|dry1,20,1,1.0
heating_setpoint_c,weekday|h19|occ1|evhome1|Tin_warm|Tout_extreme|soc_target|ewh_normal|dish3|wash1|dry1,20,1,1.0
heating_setpoint_c,weekday|h19|occ1|evhome1|dish3|wash1|dry1,20,1,1.0
heating_setpoint_c,weekday|h19|occ1|evhome1|Tin_warm|Tout_extreme|soc_target|ewh_normal|dish3|wash2|dry1,20,3,1.0
heating_setpoint_c,weekday|h19|occ1|evhome1|dish3|wash2|dry1,20,5,1.0
heating_setpoint_c,weekday|h19|occ1|evhome1|Tin_warm|Tout_extreme|soc_full|ewh_normal|dish3|wash2|dry1,20,1,1.0
heating_setpoint_c,weekday|h19|occ1|evhome1|Tin_warm|Tout_extreme|soc_full|ewh_hot|dish3|wash2|dry1,20,1,1.0
heating_setpoint_c,weekday|h20|occ1|evhome1|Tin_warm|Tout_extreme|soc_full|ewh_hot|dish3|wash3|dry1,20,2,1.0
heating_setpoint_c,weekday|h20|occ1|evhome1|dish3|wash3|dry1,20,2,1.0
heating_setpoint_c,weekday|h20|occ1|evhome1|Tin_warm|Tout_extreme|soc_full|ewh_hot|dish3|wash3|dry2,20,4,1.0
heating_setpoint_c,weekday|h20|occ1|evhome1|dish3|wash3|dry2,20,4,1.0
heating_setpoint_c,weekday|h21|occ1|evhome1|Tin_warm|Tout_extreme|soc_full|ewh_hot|dish3|wash3|dry2,20,1,1.0
heating_setpoint_c,weekday|h21|occ1|evhome1|dish3|wash3|dry2,20,1,1.0
heating_setpoint_c,weekday|h21|occ1|evhome1|Tin_warm|Tout_extreme|soc_full|ewh_normal|dish3|wash3|dry3,20,17,1.0
heating_setpoint_c,weekday|h21|occ1|evhome1|dish3|wash3|dry3,20,53,1.0
heating_setpoint_c,weekday|h21|occ1|evhome1|Tin_warm|Tout_extreme|soc_full|ewh_hot|dish3|wash3|dry3,20,19,1.0
heating_setpoint_c,weekday|h22|occ1|evhome1|Tin_warm|Tout_extreme|soc_full|ewh_hot|dish3|wash3|dry3,20,46,1.0
heating_setpoint_c,weekday|h22|occ1|evhome1|dish3|wash3|dry3,20,53,1.0
heating_setpoint_c,weekday|h23|occ1|evhome1|Tin_warm|Tout_extreme|soc_full|ewh_normal|dish3|wash3|dry3,20,14,1.0
heating_setpoint_c,weekday|h23|occ1|evhome1|dish3|wash3|dry3,20,14,1.0
heating_setpoint_c,weekday|h23|occ0|evhome1|Tin_warm|Tout_extreme|soc_full|ewh_normal|dish3|wash3|dry3,20,31,1.0
heating_setpoint_c,weekday|h23|occ0|evhome1|dish3|wash3|dry3,20,40,1.0
heating_setpoint_c,weekday|h23|occ0|evhome1|Tin_warm|Tout_extreme|soc_full|ewh_hot|dish3|wash3|dry3,20,9,1.0
heating_setpoint_c,weekday|h00|occ0|evhome1|Tin_warm|Tout_extreme|soc_full|ewh_normal|dish3|wash3|dry3,20,35,1.0
heating_setpoint_c,weekday|h00|occ0|evhome1|dish3|wash3|dry3,20,48,1.0
heating_setpoint_c,weekday|h00|occ0|evhome1|Tin_warm|Tout_hot|soc_full|ewh_normal|dish3|wash3|dry3,20,5,1.0
heating_setpoint_c,weekday|h00|occ0|evhome1|Tin_warm|Tout_hot|soc_full|ewh_hot|dish3|wash3|dry3,20,3,1.0
heating_setpoint_c,weekday|h01|occ0|evhome1|Tin_warm|Tout_hot|soc_full|ewh_normal|dish3|wash3|dry3,20,16,1.0
heating_setpoint_c,weekday|h01|occ0|evhome1|dish3|wash3|dry3,20,48,1.0
heating_setpoint_c,weekday|h01|occ0|evhome1|Tin_warm|Tout_hot|soc_full|ewh_hot|dish3|wash3|dry3,20,4,1.0
heating_setpoint_c,weekday|h02|occ0|evhome1|Tin_warm|Tout_hot|soc_full|ewh_normal|dish3|wash3|dry3,20,32,1.0
heating_setpoint_c,weekday|h02|occ0|evhome1|dish3|wash3|dry3,20,48,1.0
heating_setpoint_c,weekday|h02|occ0|evhome1|Tin_warm|Tout_hot|soc_full|ewh_hot|dish3|wash3|dry3,20,8,1.0
heating_setpoint_c,weekday|h03|occ0|evhome1|Tin_warm|Tout_hot|soc_full|ewh_normal|dish3|wash3|dry3,20,40,1.0
heating_setpoint_c,weekday|h03|occ0|evhome1|dish3|wash3|dry3,20,48,1.0
heating_setpoint_c,weekday|h03|occ0|evhome1|Tin_warm|Tout_hot|soc_full|ewh_hot|dish3|wash3|dry3,20,8,1.0
heating_setpoint_c,weekday|h04|occ0|evhome1|Tin_warm|Tout_hot|soc_full|ewh_normal|dish3|wash3|dry3,20,40,1.0
heating_setpoint_c,weekday|h04|occ0|evhome1|dish3|wash3|dry3,20,48,1.0
heating_setpoint_c,weekday|h04|occ0|evhome1|Tin_warm|Tout_hot|soc_full|ewh_hot|dish3|wash3|dry3,20,8,1.0
heating_setpoint_c,weekday|h05|occ0|evhome1|Tin_warm|Tout_hot|soc_full|ewh_hot|dish3|wash3|dry3,20,48,1.0
heating_setpoint_c,weekday|h05|occ0|evhome1|dish3|wash3|dry3,20,48,1.0
heating_setpoint_c,weekday|h06|occ0|evhome1|Tin_warm|Tout_hot|soc_full|ewh_hot|dish3|wash3|dry3,20,27,1.0
heating_setpoint_c,weekday|h06|occ0|evhome1|dish3|wash3|dry3,20,27,1.0
heating_setpoint_c,weekday|h06|occ1|evhome1|Tin_warm|Tout_hot|soc_full|ewh_hot|dish3|wash3|dry3,20,20,1.0
heating_setpoint_c,weekday|h06|occ1|evhome1|dish3|wash3|dry3,20,21,1.0
heating_setpoint_c,weekday|h07|occ1|evhome1|Tin_warm|Tout_hot|soc_full|ewh_normal|dish3|wash3|dry3,20,22,1.0
heating_setpoint_c,weekday|h07|occ1|evhome1|dish3|wash3|dry3,20,44,1.0
heating_setpoint_c,weekday|h07|occ1|evhome1|Tin_warm|Tout_hot|soc_full|ewh_hot|dish3|wash3|dry3,20,19,1.0
heating_setpoint_c,weekday|h07|occ1|evhome1|Tin_comfort|Tout_hot|soc_full|ewh_hot|dish3|wash3|dry3,20,2,1.0
heating_setpoint_c,weekday|h08|occ1|evhome1|Tin_comfort|Tout_hot|soc_full|ewh_normal|dish3|wash3|dry3,20,1,1.0
heating_setpoint_c,weekday|h08|occ1|evhome1|dish3|wash3|dry3,20,4,1.0
heating_setpoint_c,weekday|h08|occ0|evhome0|Tin_comfort|Tout_hot|soc_target|ewh_normal|dish3|wash3|dry3,20,7,1.0
heating_setpoint_c,weekday|h08|occ0|evhome0|dish3|wash3|dry3,20,44,1.0
heating_setpoint_c,weekday|h08|occ0|evhome0|Tin_comfort|Tout_hot|soc_target|ewh_hot|dish3|wash3|dry3,20,2,1.0
heating_setpoint_c,weekday|h09|occ0|evhome0|Tin_comfort|Tout_hot|soc_target|ewh_normal|dish3|wash3|dry3,20,10,1.0
heating_setpoint_c,weekday|h09|occ0|evhome0|dish3|wash3|dry3,20,48,1.0
heating_setpoint_c,weekday|h09|occ0|evhome0|Tin_comfort|Tout_hot|soc_target|ewh_hot|dish3|wash3|dry3,20,2,1.0
heating_setpoint_c,weekday|h10|occ0|evhome0|Tin_comfort|Tout_hot|soc_target|ewh_normal|dish3|wash3|dry3,20,10,1.0
heating_setpoint_c,weekday|h10|occ0|evhome0|dish3|wash3|dry3,20,48,1.0
heating_setpoint_c,weekday|h10|occ0|evhome0|Tin_comfort|Tout_hot|soc_target|ewh_hot|dish3|wash3|dry3,20,2,1.0
heating_setpoint_c,weekday|h11|occ0|evhome0|Tin_comfort|Tout_hot|soc_target|ewh_normal|dish3|wash3|dry3,20,8,1.0
heating_setpoint_c,weekday|h11|occ0|evhome0|dish3|wash3|dry3,20,48,1.0
heating_setpoint_c,weekday|h11|occ0|evhome0|Tin_comfort|Tout_hot|soc_target|ewh_hot|dish3|wash3|dry3,20,1,1.0
heating_setpoint_c,weekday|h12|occ0|evhome0|Tin_comfort|Tout_hot|soc_target|ewh_normal|dish3|wash3|dry3,20,1,1.0
heating_setpoint_c,weekday|h12|occ0|evhome0|dish3|wash3|dry3,20,48,1.0
heating_setpoint_c,weekday|h12|occ0|evhome0|Tin_warm|Tout_hot|soc_target|ewh_normal|dish3|wash3|dry3,20,39,1.0
heating_setpoint_c,weekday|h12|occ0|evhome0|Tin_warm|Tout_hot|soc_target|ewh_hot|dish3|wash3|dry3,20,8,1.0
heating_setpoint_c,weekday|h13|occ0|evhome0|Tin_warm|Tout_hot|soc_target|ewh_normal|dish3|wash3|dry3,20,37,1.0
heating_setpoint_c,weekday|h13|occ0|evhome0|dish3|wash3|dry3,20,48,1.0
heating_setpoint_c,weekday|h13|occ0|evhome0|Tin_warm|Tout_hot|soc_target|ewh_hot|dish3|wash3|dry3,20,6,1.0
heating_setpoint_c,weekday|h14|occ0|evhome0|Tin_warm|Tout_hot|soc_target|ewh_normal|dish3|wash3|dry3,20,19,1.0
heating_setpoint_c,weekday|h14|occ0|evhome0|dish3|wash3|dry3,20,48,1.0
heating_setpoint_c,weekday|h14|occ0|evhome0|Tin_warm|Tout_hot|soc_target|ewh_hot|dish3|wash3|dry3,20,3,1.0
heating_setpoint_c,weekday|h15|occ0|evhome0|Tin_warm|Tout_hot|soc_target|ewh_normal|dish3|wash3|dry3,20,11,1.0
heating_setpoint_c,weekday|h15|occ0|evhome0|dish3|wash3|dry3,20,48,1.0
heating_setpoint_c,weekday|h15|occ0|evhome0|Tin_warm|Tout_extreme|soc_target|ewh_hot|dish3|wash3|dry3,20,8,1.0
heating_setpoint_c,weekday|h16|occ0|evhome0|Tin_warm|Tout_extreme|soc_target|ewh_normal|dish3|wash3|dry3,20,40,1.0
heating_setpoint_c,weekday|h16|occ0|evhome0|dish3|wash3|dry3,20,48,1.0
heating_setpoint_c,weekday|h16|occ0|evhome0|Tin_warm|Tout_extreme|soc_target|ewh_hot|dish3|wash3|dry3,20,8,1.0
heating_setpoint_c,weekday|h17|occ0|evhome0|Tin_warm|Tout_extreme|soc_target|ewh_normal|dish3|wash3|dry3,20,37,1.0
heating_setpoint_c,weekday|h17|occ0|evhome0|dish3|wash3|dry3,20,41,1.0
heating_setpoint_c,weekday|h17|occ1|evhome1|Tin_warm|Tout_extreme|soc_target|ewh_normal|dish3|wash3|dry3,20,3,1.0
heating_setpoint_c,weekday|h17|occ1|evhome1|dish3|wash3|dry3,20,7,1.0
heating_setpoint_c,weekday|h17|occ1|evhome1|Tin_warm|Tout_extreme|soc_target|ewh_hot|dish3|wash3|dry3,20,4,1.0
heating_setpoint_c,weekday|h18|occ1|evhome1|Tin_warm|Tout_extreme|soc_target|ewh_normal|dish3|wash3|dry3,20,28,1.0
heating_setpoint_c,weekday|h18|occ1|evhome1|dish3|wash3|dry3,20,39,1.0
heating_setpoint_c,weekday|h18|occ1|evhome1|Tin_warm|Tout_extreme|soc_target|ewh_hot|dish3|wash3|dry3,20,6,1.0
heating_setpoint_c,weekday|h19|occ1|evhome1|Tin_warm|Tout_extreme|soc_target|ewh_normal|dish3|wash3|dry3,20,17,1.0
heating_setpoint_c,weekday|h19|occ1|evhome1|dish3|wash3|dry3,20,48,1.0
heating_setpoint_c,weekday|h19|occ1|evhome1|Tin_warm|Tout_extreme|soc_full|ewh_normal|dish3|wash3|dry3,20,12,1.0
heating_setpoint_c,weekday|h19|occ1|evhome1|Tin_warm|Tout_extreme|soc_full|ewh_hot|dish3|wash3|dry3,20,5,1.0
heating_setpoint_c,weekday|h20|occ1|evhome1|Tin_warm|Tout_extreme|soc_full|ewh_hot|dish3|wash3|dry3,20,29,1.0
heating_setpoint_c,weekday|h20|occ1|evhome1|dish3|wash3|dry3,20,48,1.0
heating_setpoint_c,weekday|h21|occ1|evhome1|Tin_warm|Tout_extreme|soc_full|ewh_low|dish3|wash3|dry3,20,3,1.0
heating_setpoint_c,weekday|h06|occ1|evhome1|Tin_warm|Tout_hot|soc_full|ewh_normal|dish3|wash3|dry3,20,1,1.0
heating_setpoint_c,weekday|h08|occ0|evhome0|Tin_warm|Tout_hot|soc_target|ewh_normal|dish3|wash3|dry3,20,29,1.0
heating_setpoint_c,weekday|h11|occ0|evhome0|Tin_warm|Tout_hot|soc_target|ewh_normal|dish3|wash3|dry3,20,32,1.0
heating_setpoint_c,weekday|h11|occ0|evhome0|Tin_warm|Tout_hot|soc_target|ewh_hot|dish3|wash3|dry3,20,7,1.0
heating_setpoint_c,weekday|h15|occ0|evhome0|Tin_warm|Tout_extreme|soc_target|ewh_normal|dish3|wash3|dry3,20,29,1.0
heating_setpoint_c,weekday|h08|occ1|evhome1|Tin_warm|Tout_hot|soc_full|ewh_normal|dish3|wash3|dry3,20,3,1.0
heating_setpoint_c,weekday|h08|occ0|evhome0|Tin_warm|Tout_hot|soc_target|ewh_hot|dish3|wash3|dry3,20,6,1.0
heating_setpoint_c,weekday|h09|occ0|evhome0|Tin_warm|Tout_hot|soc_target|ewh_normal|dish3|wash3|dry3,20,30,1.0
heating_setpoint_c,weekday|h09|occ0|evhome0|Tin_warm|Tout_hot|soc_target|ewh_hot|dish3|wash3|dry3,20,6,1.0
heating_setpoint_c,weekday|h10|occ0|evhome0|Tin_warm|Tout_hot|soc_target|ewh_normal|dish3|wash3|dry3,20,30,1.0
heating_setpoint_c,weekday|h10|occ0|evhome0|Tin_warm|Tout_hot|soc_target|ewh_hot|dish3|wash3|dry3,20,6,1.0
heating_setpoint_c,weekend|h00|occ1|evhome1|Tin_warm|Tout_extreme|soc_full|ewh_normal|dish3|wash3|dry3,20,10,1.0
heating_setpoint_c,weekend|h00|occ1|evhome1|dish3|wash3|dry3,20,12,1.0
heating_setpoint_c,weekend|h00,20,24,1.0
heating_setpoint_c,weekend|h00|occ1|evhome1|Tin_warm|Tout_extreme|soc_full|ewh_hot|dish3|wash3|dry3,20,2,1.0
heating_setpoint_c,weekend|h01|occ1|evhome1|Tin_warm|Tout_extreme|soc_full|ewh_normal|dish3|wash3|dry3,20,6,1.0
heating_setpoint_c,weekend|h01|occ1|evhome1|dish3|wash3|dry3,20,12,1.0
heating_setpoint_c,weekend|h01,20,24,1.0
heating_setpoint_c,weekend|h01|occ1|evhome1|Tin_warm|Tout_hot|soc_full|ewh_normal|dish3|wash3|dry3,20,4,1.0
heating_setpoint_c,weekend|h01|occ1|evhome1|Tin_warm|Tout_hot|soc_full|ewh_hot|dish3|wash3|dry3,20,1,1.0
heating_setpoint_c,weekend|h02|occ1|evhome1|Tin_warm|Tout_hot|soc_full|ewh_normal|dish3|wash3|dry3,20,5,1.0
heating_setpoint_c,weekend|h02|occ1|evhome1|dish3|wash3|dry3,20,12,1.0
heating_setpoint_c,weekend|h02,20,24,1.0
heating_setpoint_c,weekend|h02|occ1|evhome1|Tin_warm|Tout_hot|soc_full|ewh_hot|dish3|wash3|dry3,20,1,1.0
heating_setpoint_c,weekend|h03|occ1|evhome1|Tin_warm|Tout_hot|soc_full|ewh_normal|dish3|wash3|dry3,20,10,1.0
heating_setpoint_c,weekend|h03|occ1|evhome1|dish3|wash3|dry3,20,12,1.0
heating_setpoint_c,weekend|h03,20,24,1.0
heating_setpoint_c,weekend|h03|occ1|evhome1|Tin_warm|Tout_hot|soc_full|ewh_hot|dish3|wash3|dry3,20,2,1.0
heating_setpoint_c,weekend|h04|occ1|evhome1|Tin_warm|Tout_hot|soc_full|ewh_normal|dish3|wash3|dry3,20,10,1.0
heating_setpoint_c,weekend|h04|occ1|evhome1|dish3|wash3|dry3,20,12,1.0
heating_setpoint_c,weekend|h04,20,24,1.0
heating_setpoint_c,weekend|h04|occ1|evhome1|Tin_warm|Tout_hot|soc_full|ewh_hot|dish3|wash3|dry3,20,2,1.0
heating_setpoint_c,weekend|h05|occ1|evhome1|Tin_warm|Tout_hot|soc_full|ewh_hot|dish3|wash3|dry3,20,12,1.0
heating_setpoint_c,weekend|h05|occ1|evhome1|dish3|wash3|dry3,20,12,1.0
heating_setpoint_c,weekend|h05,20,24,1.0
heating_setpoint_c,weekend|h06|occ1|evhome1|Tin_warm|Tout_hot|soc_full|ewh_hot|dish3|wash3|dry3,20,12,1.0
heating_setpoint_c,weekend|h06|occ1|evhome1|dish3|wash3|dry3,20,12,1.0
heating_setpoint_c,weekend|h06,20,24,1.0
heating_setpoint_c,weekend|h07|occ1|evhome1|Tin_warm|Tout_hot|soc_full|ewh_hot|dish3|wash3|dry3,20,12,1.0
heating_setpoint_c,weekend|h07|occ1|evhome1|dish3|wash3|dry3,20,12,1.0
heating_setpoint_c,weekend|h07,20,24,1.0
heating_setpoint_c,weekend|h08|occ1|evhome1|Tin_warm|Tout_hot|soc_full|ewh_normal|dish3|wash3|dry3,20,18,1.0
heating_setpoint_c,weekend|h08|occ1|evhome1|dish3|wash3|dry3,20,21,1.0
heating_setpoint_c,weekend|h08,20,24,1.0
heating_setpoint_c,weekend|h08|occ1|evhome1|Tin_warm|Tout_hot|soc_full|ewh_hot|dish3|wash3|dry3,20,3,1.0
heating_setpoint_c,weekend|h09|occ1|evhome1|Tin_warm|Tout_hot|soc_full|ewh_low|dish3|wash3|dry3,20,6,1.0
heating_setpoint_c,weekend|h09|occ1|evhome1|dish3|wash3|dry3,20,24,1.0
heating_setpoint_c,weekend|h09,20,24,1.0
heating_setpoint_c,weekend|h09|occ1|evhome1|Tin_warm|Tout_hot|soc_full|ewh_normal|dish3|wash3|dry3,20,16,1.0
heating_setpoint_c,weekend|h10|occ0|evhome0|Tin_warm|Tout_hot|soc_target|ewh_normal|dish3|wash3|dry3,20,10,1.0
heating_setpoint_c,weekend|h10|occ0|evhome0|dish3|wash3|dry3,20,12,1.0
heating_setpoint_c,weekend|h10,20,24,1.0
heating_setpoint_c,weekend|h10|occ0|evhome0|Tin_warm|Tout_hot|soc_target|ewh_hot|dish3|wash3|dry3,20,2,1.0
heating_setpoint_c,weekend|h11|occ0|evhome0|Tin_warm|Tout_hot|soc_target|ewh_normal|dish3|wash3|dry3,20,10,1.0
heating_setpoint_c,weekend|h11|occ0|evhome0|dish3|wash3|dry3,20,12,1.0
heating_setpoint_c,weekend|h11,20,24,1.0
heating_setpoint_c,weekend|h11|occ0|evhome0|Tin_warm|Tout_hot|soc_target|ewh_hot|dish3|wash3|dry3,20,2,1.0
heating_setpoint_c,weekend|h12|occ0|evhome0|Tin_warm|Tout_hot|soc_target|ewh_normal|dish3|wash3|dry3,20,5,1.0
heating_setpoint_c,weekend|h12|occ0|evhome0|dish3|wash3|dry3,20,6,1.0
heating_setpoint_c,weekend|h12,20,24,1.0
heating_setpoint_c,weekend|h12|occ1|evhome1|Tin_warm|Tout_hot|soc_target|ewh_hot|dish3|wash3|dry3,20,1,1.0
heating_setpoint_c,weekend|h12|occ1|evhome1|dish3|wash3|dry3,20,18,1.0
heating_setpoint_c,weekend|h12|occ1|evhome1|Tin_warm|Tout_hot|soc_target|ewh_normal|dish3|wash3|dry3,20,3,1.0
heating_setpoint_c,weekend|h12|occ1|evhome1|Tin_warm|Tout_hot|soc_full|ewh_normal|dish3|wash3|dry3,20,11,1.0
heating_setpoint_c,weekend|h13|occ1|evhome1|Tin_warm|Tout_hot|soc_full|ewh_normal|dish3|wash3|dry3,20,10,1.0
heating_setpoint_c,weekend|h13|occ1|evhome1|dish3|wash3|dry3,20,24,1.0
heating_setpoint_c,weekend|h13,20,24,1.0
heating_setpoint_c,weekend|h13|occ1|evhome1|Tin_warm|Tout_hot|soc_full|ewh_hot|dish3|wash3|dry3,20,2,1.0
heating_setpoint_c,weekend|h14|occ1|evhome1|Tin_warm|Tout_hot|soc_full|ewh_normal|dish3|wash3|dry3,20,9,1.0
heating_setpoint_c,weekend|h14|occ1|evhome1|dish3|wash3|dry3,20,24,1.0
heating_setpoint_c,weekend|h14,20,24,1.0
heating_setpoint_c,weekend|h14|occ1|evhome1|Tin_warm|Tout_hot|soc_full|ewh_hot|dish3|wash3|dry3,20,2,1.0
heating_setpoint_c,weekend|h15|occ1|evhome1|Tin_warm|Tout_extreme|soc_full|ewh_normal|dish3|wash3|dry3,20,20,1.0
heating_setpoint_c,weekend|h15|occ1|evhome1|dish3|wash3|dry3,20,24,1.0
heating_setpoint_c,weekend|h15,20,24,1.0
heating_setpoint_c,weekend|h15|occ1|evhome1|Tin_warm|Tout_extreme|soc_full|ewh_hot|dish3|wash3|dry3,20,4,1.0
heating_setpoint_c,weekend|h16|occ1|evhome1|Tin_warm|Tout_extreme|soc_full|ewh_normal|dish3|wash3|dry3,20,20,1.0
heating_setpoint_c,weekend|h16|occ1|evhome1|dish3|wash3|dry3,20,24,1.0
heating_setpoint_c,weekend|h16,20,24,1.0
heating_setpoint_c,weekend|h16|occ1|evhome1|Tin_warm|Tout_extreme|soc_full|ewh_hot|dish3|wash3|dry3,20,4,1.0
heating_setpoint_c,weekend|h17|occ1|evhome1|Tin_warm|Tout_extreme|soc_full|ewh_normal|dish3|wash3|dry3,20,16,1.0
heating_setpoint_c,weekend|h17|occ1|evhome1|dish3|wash3|dry3,20,24,1.0
heating_setpoint_c,weekend|h17,20,24,1.0
heating_setpoint_c,weekend|h17|occ1|evhome1|Tin_warm|Tout_extreme|soc_full|ewh_hot|dish3|wash3|dry3,20,4,1.0
heating_setpoint_c,weekend|h18|occ1|evhome1|Tin_warm|Tout_extreme|soc_full|ewh_normal|dish3|wash3|dry3,20,10,1.0
heating_setpoint_c,weekend|h18|occ1|evhome1|dish3|wash3|dry3,20,24,1.0
heating_setpoint_c,weekend|h18,20,24,1.0
heating_setpoint_c,weekend|h18|occ1|evhome1|Tin_warm|Tout_extreme|soc_full|ewh_hot|dish3|wash3|dry3,20,2,1.0
heating_setpoint_c,weekend|h19|occ1|evhome1|Tin_warm|Tout_extreme|soc_full|ewh_normal|dish3|wash3|dry3,20,10,1.0
heating_setpoint_c,weekend|h19|occ1|evhome1|dish3|wash3|dry3,20,24,1.0
heating_setpoint_c,weekend|h19,20,24,1.0
heating_setpoint_c,weekend|h19|occ1|evhome1|Tin_warm|Tout_extreme|soc_full|ewh_hot|dish3|wash3|dry3,20,2,1.0
heating_setpoint_c,weekend|h20|occ1|evhome1|Tin_warm|Tout_extreme|soc_full|ewh_hot|dish3|wash3|dry3,20,12,1.0
heating_setpoint_c,weekend|h20|occ1|evhome1|dish3|wash3|dry3,20,24,1.0
heating_setpoint_c,weekend|h20,20,24,1.0
heating_setpoint_c,weekend|h21|occ1|evhome1|Tin_warm|Tout_extreme|soc_full|ewh_hot|dish3|wash3|dry3,20,8,1.0
heating_setpoint_c,weekend|h21|occ1|evhome1|dish3|wash3|dry3,20,24,1.0
heating_setpoint_c,weekend|h21,20,24,1.0
heating_setpoint_c,weekend|h22|occ1|evhome1|Tin_warm|Tout_extreme|soc_full|ewh_low|dish3|wash3|dry3,20,1,1.0
heating_setpoint_c,weekend|h22|occ1|evhome1|dish3|wash3|dry3,20,24,1.0
heating_setpoint_c,weekend|h22,20,24,1.0
heating_setpoint_c,weekend|h22|occ1|evhome1|Tin_warm|Tout_extreme|soc_full|ewh_normal|dish3|wash3|dry3,20,3,1.0
heating_setpoint_c,weekend|h22|occ1|evhome1|Tin_warm|Tout_extreme|soc_full|ewh_hot|dish3|wash3|dry3,20,8,1.0
heating_setpoint_c,weekend|h23|occ1|evhome1|Tin_warm|Tout_extreme|soc_full|ewh_normal|dish3|wash3|dry3,20,15,1.0
heating_setpoint_c,weekend|h23|occ1|evhome1|dish3|wash3|dry3,20,23,1.0
heating_setpoint_c,weekend|h23,20,23,1.0
heating_setpoint_c,weekend|h23|occ1|evhome1|Tin_warm|Tout_extreme|soc_full|ewh_hot|dish3|wash3|dry3,20,3,1.0
heating_setpoint_c,weekend|h00|occ0|evhome1|Tin_warm|Tout_extreme|soc_full|ewh_normal|dish3|wash3|dry3,20,10,1.0
heating_setpoint_c,weekend|h00|occ0|evhome1|dish3|wash3|dry3,20,12,1.0
heating_setpoint_c,weekend|h00|occ0|evhome1|Tin_warm|Tout_extreme|soc_full|ewh_hot|dish3|wash3|dry3,20,2,1.0
heating_setpoint_c,weekend|h01|occ0|evhome1|Tin_warm|Tout_extreme|soc_full|ewh_normal|dish3|wash3|dry3,20,7,1.0
heating_setpoint_c,weekend|h01|occ0|evhome1|dish3|wash3|dry3,20,12,1.0
heating_setpoint_c,weekend|h01|occ0|evhome1|Tin_warm|Tout_hot|soc_full|ewh_normal|dish3|wash3|dry3,20,3,1.0
heating_setpoint_c,weekend|h01|occ0|evhome1|Tin_warm|Tout_hot|soc_full|ewh_hot|dish3|wash3|dry3,20,1,1.0
heating_setpoint_c,weekend|h02|occ0|evhome1|Tin_warm|Tout_hot|soc_full|ewh_normal|dish3|wash3|dry3,20,5,1.0
heating_setpoint_c,weekend|h02|occ0|evhome1|dish3|wash3|dry3,20,12,1.0
heating_setpoint_c,weekend|h02|occ0|evhome1|Tin_warm|Tout_hot|soc_full|ewh_hot|dish3|wash3|dry3,20,1,1.0
heating_setpoint_c,weekend|h03|occ0|evhome1|Tin_warm|Tout_hot|soc_full|ewh_normal|dish3|wash3|dry3,20,8,1.0
heating_setpoint_c,weekend|h03|occ0|evhome1|dish3|wash3|dry3,20,12,1.0
heating_setpoint_c,weekend|h03|occ0|evhome1|Tin_warm|Tout_hot|soc_full|ewh_hot|dish3|wash3|dry3,20,2,1.0
heating_setpoint_c,weekend|h04|occ0|evhome1|Tin_warm|Tout_hot|soc_full|ewh_normal|dish3|wash3|dry3,20,10,1.0
heating_setpoint_c,weekend|h04|occ0|evhome1|dish3|wash3|dry3,20,12,1.0
heating_setpoint_c,weekend|h04|occ0|evhome1|Tin_warm|Tout_hot|soc_full|ewh_hot|dish3|wash3|dry3,20,2,1.0
heating_setpoint_c,weekend|h05|occ0|evhome1|Tin_warm|Tout_hot|soc_full|ewh_hot|dish3|wash3|dry3,20,12,1.0
heating_setpoint_c,weekend|h05|occ0|evhome1|dish3|wash3|dry3,20,12,1.0
heating_setpoint_c,weekend|h06|occ0|evhome1|Tin_warm|Tout_hot|soc_full|ewh_hot|dish3|wash3|dry3,20,12,1.0
heating_setpoint_c,weekend|h06|occ0|evhome1|dish3|wash3|dry3,20,12,1.0
heating_setpoint_c,weekend|h07|occ0|evhome1|Tin_warm|Tout_hot|soc_full|ewh_hot|dish3|wash3|dry3,20,12,1.0
heating_setpoint_c,weekend|h07|occ0|evhome1|dish3|wash3|dry3,20,12,1.0
heating_setpoint_c,weekend|h08|occ0|evhome1|Tin_warm|Tout_hot|soc_full|ewh_normal|dish3|wash3|dry3,20,3,1.0
heating_setpoint_c,weekend|h08|occ0|evhome1|dish3|wash3|dry3,20,3,1.0
heating_setpoint_c,weekend|h09|occ1|evhome1|Tin_warm|Tout_hot|soc_full|ewh_hot|dish3|wash3|dry3,20,2,1.0
heating_setpoint_c,weekend|h10|occ1|evhome1|Tin_warm|Tout_hot|soc_full|ewh_normal|dish3|wash3|dry3,20,10,1.0
heating_setpoint_c,weekend|h10|occ1|evhome1|dish3|wash3|dry3,20,12,1.0
heating_setpoint_c,weekend|h10|occ1|evhome1|Tin_warm|Tout_hot|soc_full|ewh_hot|dish3|wash3|dry3,20,2,1.0
heating_setpoint_c,weekend|h11|occ1|evhome1|Tin_warm|Tout_hot|soc_full|ewh_normal|dish3|wash3|dry3,20,10,1.0
heating_setpoint_c,weekend|h11|occ1|evhome1|dish3|wash3|dry3,20,12,1.0
heating_setpoint_c,weekend|h11|occ1|evhome1|Tin_warm|Tout_hot|soc_full|ewh_hot|dish3|wash3|dry3,20,2,1.0
heating_setpoint_c,weekend|h12|occ1|evhome1|Tin_warm|Tout_hot|soc_full|ewh_hot|dish3|wash3|dry3,20,2,1.0
heating_setpoint_c,weekend|h14|occ1|evhome1|Tin_warm|Tout_extreme|soc_full|ewh_normal|dish3|wash3|dry3,20,11,1.0
heating_setpoint_c,weekend|h21|occ1|evhome1|Tin_warm|Tout_extreme|soc_full|ewh_low|dish3|wash3|dry3,20,1,1.0
heating_setpoint_c,weekend|h21|occ1|evhome1|Tin_warm|Tout_extreme|soc_full|ewh_normal|dish3|wash3|dry3,20,3,1.0
heating_setpoint_c,weekday|h00|occ0|evhome1|Tin_warm|Tout_extreme|soc_full|ewh_hot|dish3|wash3|dry3,20,5,1.0
heating_setpoint_c,weekday|h01|occ0|evhome1|Tin_warm|Tout_extreme|soc_full|ewh_normal|dish3|wash3|dry3,20,24,1.0
heating_setpoint_c,weekday|h14|occ0|evhome0|Tin_warm|Tout_extreme|soc_target|ewh_normal|dish3|wash3|dry3,20,21,1.0
heating_setpoint_c,weekday|h14|occ0|evhome0|Tin_warm|Tout_extreme|soc_target|ewh_hot|dish3|wash3|dry3,20,5,1.0
heating_setpoint_c,weekday|h17|occ0|evhome0|Tin_warm|Tout_extreme|soc_target|ewh_hot|dish3|wash3|dry3,20,4,1.0
heating_setpoint_c,weekday|h18|occ0|evhome0|Tin_warm|Tout_extreme|soc_target|ewh_normal|dish3|wash3|dry3,20,8,1.0
heating_setpoint_c,weekday|h18|occ0|evhome0|dish3|wash3|dry3,20,9,1.0
heating_setpoint_c,weekday|h22|occ1|evhome1|Tin_warm|Tout_extreme|soc_full|ewh_normal|dish3|wash3|dry3,20,1,1.0
heating_setpoint_c,weekday|h01|occ0|evhome1|Tin_warm|Tout_extreme|soc_full|ewh_hot|dish3|wash3|dry3,20,4,1.0
heating_setpoint_c,weekday|h07|occ0|evhome0|Tin_warm|Tout_hot|soc_target|ewh_hot|dish3|wash3|dry3,20,4,1.0
heating_setpoint_c,weekday|h07|occ0|evhome0|dish3|wash3|dry3,20,4,1.0
heating_setpoint_c,weekday|h20|occ1|evhome1|Tin_warm|Tout_extreme|soc_full|ewh_low|dish3|wash3|dry3,20,1,1.0
heating_setpoint_c,weekday|h02|occ0|evhome1|Tin_warm|Tout_extreme|soc_full|ewh_normal|dish3|wash3|dry3,20,8,1.0
heating_setpoint_c,weekday|h19|occ1|evhome1|Tin_hot|Tout_extreme|soc_full|ewh_normal|dish3|wash3|dry3,20,6,1.0
heating_setpoint_c,weekday|h19|occ1|evhome1|Tin_hot|Tout_extreme|soc_full|ewh_hot|dish3|wash3|dry3,20,3,1.0
heating_setpoint_c,weekday|h20|occ1|evhome1|Tin_hot|Tout_extreme|soc_full|ewh_hot|dish3|wash3|dry3,20,16,1.0
heating_setpoint_c,weekday|h20|occ1|evhome1|Tin_hot|Tout_extreme|soc_full|ewh_low|dish3|wash3|dry3,20,1,1.0
heating_setpoint_c,weekday|h20|occ1|evhome1|Tin_hot|Tout_extreme|soc_full|ewh_normal|dish3|wash3|dry3,20,1,1.0
heating_setpoint_c,weekday|h21|occ1|evhome1|Tin_hot|Tout_extreme|soc_full|ewh_normal|dish3|wash3|dry3,20,7,1.0
heating_setpoint_c,weekday|h13|occ0|evhome0|Tin_warm|Tout_extreme|soc_target|ewh_normal|dish3|wash3|dry3,20,3,1.0
heating_setpoint_c,weekday|h13|occ0|evhome0|Tin_warm|Tout_extreme|soc_target|ewh_hot|dish3|wash3|dry3,20,2,1.0
heating_setpoint_c,weekday|h18|occ1|evhome1|Tin_warm|Tout_extreme|soc_full|ewh_normal|dish3|wash3|dry3,20,1,1.0
heating_setpoint_c,weekday|h18|occ1|evhome1|Tin_hot|Tout_extreme|soc_full|ewh_hot|dish3|wash3|dry3,20,1,1.0
heating_setpoint_c,weekday|h21|occ1|evhome1|Tin_hot|Tout_extreme|soc_full|ewh_hot|dish3|wash3|dry3,20,4,1.0
heating_setpoint_c,weekday|h21|occ1|evhome1|Tin_hot|Tout_extreme|soc_full|ewh_low|dish3|wash3|dry3,20,3,1.0
heating_setpoint_c,weekday|h22|occ1|evhome1|Tin_hot|Tout_extreme|soc_full|ewh_normal|dish3|wash3|dry3,20,1,1.0
heating_setpoint_c,weekday|h07|occ1|evhome1|Tin_warm|Tout_hot|soc_full|ewh_low|dish3|wash3|dry3,20,1,1.0
heating_setpoint_c,weekday|h18|occ0|evhome0|Tin_hot|Tout_extreme|soc_target|ewh_normal|dish3|wash3|dry3,20,1,1.0
heating_setpoint_c,weekday|h18|occ1|evhome1|Tin_hot|Tout_extreme|soc_target|ewh_normal|dish3|wash3|dry3,20,2,1.0
heating_setpoint_c,weekday|h18|occ1|evhome1|Tin_hot|Tout_extreme|soc_target|ewh_hot|dish3|wash3|dry3,20,1,1.0
heating_setpoint_c,weekday|h19|occ1|evhome1|Tin_hot|Tout_extreme|soc_target|ewh_normal|dish3|wash3|dry3,20,5,1.0
heating_setpoint_c,weekday|h22|occ1|evhome1|Tin_hot|Tout_extreme|soc_full|ewh_hot|dish3|wash3|dry3,20,5,1.0
heating_setpoint_c,weekday|h22|occ0|evhome1|Tin_warm|Tout_extreme|soc_full|ewh_hot|dish3|wash3|dry3,20,1,1.0
heating_setpoint_c,weekday|h22|occ0|evhome1|dish3|wash3|dry3,20,1,1.0
heating_setpoint_c,weekend|h01|occ1|evhome1|Tin_warm|Tout_extreme|soc_full|ewh_hot|dish3|wash3|dry3,20,1,1.0
heating_setpoint_c,weekend|h02|occ1|evhome1|Tin_warm|Tout_extreme|soc_full|ewh_normal|dish3|wash3|dry3,20,5,1.0
heating_setpoint_c,weekend|h02|occ1|evhome1|Tin_warm|Tout_extreme|soc_full|ewh_hot|dish3|wash3|dry3,20,1,1.0
heating_setpoint_c,weekend|h12|occ0|evhome0|Tin_warm|Tout_hot|soc_target|ewh_hot|dish3|wash3|dry3,20,1,1.0
heating_setpoint_c,weekend|h13|occ1|evhome1|Tin_warm|Tout_hot|soc_target|ewh_normal|dish3|wash3|dry3,20,1,1.0
heating_setpoint_c,weekend|h13|occ1|evhome1|Tin_warm|Tout_extreme|soc_target|ewh_normal|dish3|wash3|dry3,20,1,1.0
heating_setpoint_c,weekend|h13|occ1|evhome1|Tin_warm|Tout_extreme|soc_full|ewh_hot|dish3|wash3|dry3,20,2,1.0
heating_setpoint_c,weekend|h13|occ1|evhome1|Tin_warm|Tout_extreme|soc_full|ewh_normal|dish3|wash3|dry3,20,8,1.0
heating_setpoint_c,weekend|h14|occ1|evhome1|Tin_warm|Tout_extreme|soc_full|ewh_hot|dish3|wash3|dry3,20,2,1.0
heating_setpoint_c,weekend|h17|occ1|evhome1|Tin_hot|Tout_extreme|soc_full|ewh_normal|dish3|wash3|dry3,20,4,1.0
heating_setpoint_c,weekend|h18|occ1|evhome1|Tin_hot|Tout_extreme|soc_full|ewh_normal|dish3|wash3|dry3,20,10,1.0
heating_setpoint_c,weekend|h18|occ1|evhome1|Tin_hot|Tout_extreme|soc_full|ewh_hot|dish3|wash3|dry3,20,2,1.0
heating_setpoint_c,weekend|h19|occ1|evhome1|Tin_hot|Tout_extreme|soc_full|ewh_normal|dish3|wash3|dry3,20,10,1.0
heating_setpoint_c,weekend|h19|occ1|evhome1|Tin_hot|Tout_extreme|soc_full|ewh_hot|dish3|wash3|dry3,20,2,1.0
heating_setpoint_c,weekend|h20|occ1|evhome1|Tin_hot|Tout_extreme|soc_full|ewh_hot|dish3|wash3|dry3,20,12,1.0
heating_setpoint_c,weekend|h21|occ1|evhome1|Tin_hot|Tout_extreme|soc_full|ewh_hot|dish3|wash3|dry3,20,6,1.0
heating_setpoint_c,weekend|h21|occ1|evhome1|Tin_hot|Tout_extreme|soc_full|ewh_low|dish3|wash3|dry3,20,1,1.0
heating_setpoint_c,weekend|h21|occ1|evhome1|Tin_hot|Tout_extreme|soc_full|ewh_normal|dish3|wash3|dry3,20,5,1.0
heating_setpoint_c,weekend|h22|occ1|evhome1|Tin_hot|Tout_extreme|soc_full|ewh_hot|dish3|wash3|dry3,20,12,1.0
heating_setpoint_c,weekend|h23|occ1|evhome1|Tin_hot|Tout_extreme|soc_full|ewh_normal|dish3|wash3|dry3,20,5,1.0
heating_setpoint_c,weekend|h01|occ0|evhome1|Tin_warm|Tout_extreme|soc_full|ewh_hot|dish3|wash3|dry3,20,1,1.0
heating_setpoint_c,weekend|h02|occ0|evhome1|Tin_warm|Tout_extreme|soc_full|ewh_normal|dish3|wash3|dry3,20,5,1.0
heating_setpoint_c,weekend|h02|occ0|evhome1|Tin_warm|Tout_extreme|soc_full|ewh_hot|dish3|wash3|dry3,20,1,1.0
heating_setpoint_c,weekend|h03|occ0|evhome1|Tin_warm|Tout_extreme|soc_full|ewh_normal|dish3|wash3|dry3,20,2,1.0
heating_setpoint_c,weekend|h12|occ1|evhome1|Tin_warm|Tout_extreme|soc_full|ewh_normal|dish3|wash3|dry3,20,1,1.0
cooling_setpoint_c,weekday|h00|occ0|evhome1|Tin_warm|Tout_hot|soc_full|ewh_normal|dish1|wash1|dry1,26,5,1.0
cooling_setpoint_c,weekday|h00|occ0|evhome1|dish1|wash1|dry1,26,6,1.0
cooling_setpoint_c,weekday|h00,26,60,1.0
cooling_setpoint_c,h00,26,84,1.0
cooling_setpoint_c,GLOBAL,26,2015,1.0
cooling_setpoint_c,weekday|h00|occ0|evhome1|Tin_warm|Tout_hot|soc_full|ewh_hot|dish1|wash1|dry1,26,1,1.0
cooling_setpoint_c,weekday|h01|occ0|evhome1|Tin_warm|Tout_hot|soc_full|ewh_normal|dish1|wash1|dry1,26,5,1.0
cooling_setpoint_c,weekday|h01|occ0|evhome1|dish1|wash1|dry1,26,6,1.0
cooling_setpoint_c,weekday|h01,26,60,1.0
cooling_setpoint_c,h01,26,84,1.0
cooling_setpoint_c,weekday|h01|occ0|evhome1|Tin_warm|Tout_hot|soc_full|ewh_hot|dish1|wash1|dry1,26,1,1.0
cooling_setpoint_c,weekday|h02|occ0|evhome1|Tin_warm|Tout_hot|soc_full|ewh_normal|dish1|wash1|dry1,26,5,1.0
cooling_setpoint_c,weekday|h02|occ0|evhome1|dish1|wash1|dry1,26,6,1.0
cooling_setpoint_c,weekday|h02,26,60,1.0
cooling_setpoint_c,h02,26,84,1.0
cooling_setpoint_c,weekday|h02|occ0|evhome1|Tin_warm|Tout_hot|soc_full|ewh_hot|dish1|wash1|dry1,26,1,1.0
cooling_setpoint_c,weekday|h03|occ0|evhome1|Tin_warm|Tout_hot|soc_full|ewh_normal|dish1|wash1|dry1,26,5,1.0
cooling_setpoint_c,weekday|h03|occ0|evhome1|dish1|wash1|dry1,26,6,1.0
cooling_setpoint_c,weekday|h03,26,60,1.0
cooling_setpoint_c,h03,26,84,1.0
cooling_setpoint_c,weekday|h03|occ0|evhome1|Tin_warm|Tout_hot|soc_full|ewh_hot|dish1|wash1|dry1,26,1,1.0
cooling_setpoint_c,weekday|h04|occ0|evhome1|Tin_warm|Tout_hot|soc_full|ewh_normal|dish1|wash1|dry1,26,5,1.0
cooling_setpoint_c,weekday|h04|occ0|evhome1|dish1|wash1|dry1,26,6,1.0
cooling_setpoint_c,weekday|h04,26,60,1.0
cooling_setpoint_c,h04,26,84,1.0
cooling_setpoint_c,weekday|h04|occ0|evhome1|Tin_warm|Tout_hot|soc_full|ewh_hot|dish1|wash1|dry1,26,1,1.0
cooling_setpoint_c,weekday|h05|occ0|evhome1|Tin_warm|Tout_hot|soc_full|ewh_hot|dish1|wash1|dry1,26,6,1.0
cooling_setpoint_c,weekday|h05|occ0|evhome1|dish1|wash1|dry1,26,6,1.0
cooling_setpoint_c,weekday|h05,26,60,1.0
cooling_setpoint_c,h05,26,84,1.0
cooling_setpoint_c,weekday|h06|occ0|evhome1|Tin_warm|Tout_hot|soc_full|ewh_hot|dish1|wash1|dry1,26,4,1.0
cooling_setpoint_c,weekday|h06|occ0|evhome1|dish1|wash1|dry1,26,4,1.0
cooling_setpoint_c,weekday|h06,26,60,1.0
cooling_setpoint_c,h06,26,84,1.0
cooling_setpoint_c,weekday|h06|occ1|evhome1|Tin_comfort|Tout_hot|soc_full|ewh_normal|dish1|wash1|dry1,26,2,1.0
cooling_setpoint_c,weekday|h06|occ1|evhome1|dish1|wash1|dry1,26,2,1.0
cooling_setpoint_c,weekday|h07|occ1|evhome1|Tin_comfort|Tout_hot|soc_full|ewh_normal|dish1|wash1|dry1,26,1,1.0
cooling_setpoint_c,weekday|h07|occ1|evhome1|dish1|wash1|dry1,26,5,1.0
cooling_setpoint_c,weekday|h07,26,60,1.0
cooling_setpoint_c,h07,26,84,1.0
cooling_setpoint_c,weekday|h07|occ1|evhome1|Tin_comfort|Tout_hot|soc_full|ewh_hot|dish1|wash1|dry1,26,4,1.0
cooling_setpoint_c,weekday|h07|occ0|evhome0|Tin_comfort|Tout_hot|soc_target|ewh_hot|dish1|wash1|dry1,26,1,1.0
cooling_setpoint_c,weekday|h07|occ0|evhome0|dish1|wash1|dry1,26,1,1.0
cooling_setpoint_c,weekday|h08|occ0|evhome0|Tin_comfort|Tout_hot|soc_target|ewh_normal|dish1|wash1|dry1,26,5,1.0
cooling_setpoint_c,weekday|h08|occ0|evhome0|dish1|wash1|dry1,26,6,1.0
cooling_setpoint_c,weekday|h08,26,60,1.0
cooling_setpoint_c,h08,26,84,1.0
cooling_setpoint_c,weekday|h08|occ0|evhome0|Tin_comfort|Tout_hot|soc_target|ewh_hot|dish1|wash1|dry1,26,1,1.0
cooling_setpoint_c,weekday|h09|occ0|evhome0|Tin_comfort|Tout_hot|soc_target|ewh_normal|dish1|wash1|dry1,26,5,1.0
cooling_setpoint_c,weekday|h09|occ0|evhome0|dish1|wash1|dry1,26,6,1.0
cooling_setpoint_c,weekday|h09,26,60,1.0
cooling_setpoint_c,h09,26,84,1.0
cooling_setpoint_c,weekday|h09|occ0|evhome0|Tin_comfort|Tout_hot|soc_target|ewh_hot|dish1|wash1|dry1,26,1,1.0
cooling_setpoint_c,weekday|h10|occ0|evhome0|Tin_comfort|Tout_hot|soc_target|ewh_normal|dish1|wash1|dry1,26,5,1.0
cooling_setpoint_c,weekday|h10|occ0|evhome0|dish1|wash1|dry1,26,6,1.0
cooling_setpoint_c,weekday|h10,26,60,1.0
cooling_setpoint_c,h10,26,84,1.0
cooling_setpoint_c,weekday|h10|occ0|evhome0|Tin_comfort|Tout_hot|soc_target|ewh_hot|dish1|wash1|dry1,26,1,1.0
cooling_setpoint_c,weekday|h11|occ0|evhome0|Tin_comfort|Tout_hot|soc_target|ewh_normal|dish1|wash1|dry1,26,5,1.0
cooling_setpoint_c,weekday|h11|occ0|evhome0|dish1|wash1|dry1,26,6,1.0
cooling_setpoint_c,weekday|h11,26,60,1.0
cooling_setpoint_c,h11,26,84,1.0
cooling_setpoint_c,weekday|h11|occ0|evhome0|Tin_comfort|Tout_hot|soc_target|ewh_hot|dish1|wash1|dry1,26,1,1.0
cooling_setpoint_c,weekday|h12|occ0|evhome0|Tin_comfort|Tout_hot|soc_target|ewh_normal|dish1|wash1|dry1,26,5,1.0
cooling_setpoint_c,weekday|h12|occ0|evhome0|dish1|wash1|dry1,26,6,1.0
cooling_setpoint_c,weekday|h12,26,60,1.0
cooling_setpoint_c,h12,26,84,1.0
cooling_setpoint_c,weekday|h12|occ0|evhome0|Tin_comfort|Tout_hot|soc_target|ewh_hot|dish1|wash1|dry1,26,1,1.0
cooling_setpoint_c,weekday|h13|occ0|evhome0|Tin_comfort|Tout_hot|soc_target|ewh_normal|dish1|wash1|dry1,26,2,1.0
cooling_setpoint_c,weekday|h13|occ0|evhome0|dish1|wash1|dry1,26,6,1.0
cooling_setpoint_c,weekday|h13,26,60,1.0
cooling_setpoint_c,h13,26,84,1.0
cooling_setpoint_c,weekday|h13|occ0|evhome0|Tin_warm|Tout_hot|soc_target|ewh_normal|dish1|wash1|dry1,26,3,1.0
cooling_setpoint_c,weekday|h13|occ0|evhome0|Tin_warm|Tout_hot|soc_target|ewh_hot|dish1|wash1|dry1,26,1,1.0
cooling_setpoint_c,weekday|h14|occ0|evhome0|Tin_warm|Tout_hot|soc_target|ewh_normal|dish1|wash1|dry1,26,5,1.0
cooling_setpoint_c,weekday|h14|occ0|evhome0|dish1|wash1|dry1,26,6,1.0
cooling_setpoint_c,weekday|h14,26,60,1.0
cooling_setpoint_c,h14,26,84,1.0
cooling_setpoint_c,weekday|h14|occ0|evhome0|Tin_warm|Tout_hot|soc_target|ewh_hot|dish1|wash1|dry1,26,1,1.0
cooling_setpoint_c,weekday|h15|occ0|evhome0|Tin_warm|Tout_hot|soc_target|ewh_normal|dish1|wash1|dry1,26,5,1.0
cooling_setpoint_c,weekday|h15|occ0|evhome0|dish1|wash1|dry1,26,6,1.0
cooling_setpoint_c,weekday|h15,26,60,1.0
cooling_setpoint_c,h15,26,84,1.0
cooling_setpoint_c,weekday|h15|occ0|evhome0|Tin_warm|Tout_hot|soc_target|ewh_hot|dish1|wash1|dry1,26,1,1.0
cooling_setpoint_c,weekday|h16|occ0|evhome0|Tin_warm|Tout_hot|soc_target|ewh_normal|dish1|wash1|dry1,26,3,1.0
cooling_setpoint_c,weekday|h16|occ0|evhome0|dish1|wash1|dry1,26,6,1.0
cooling_setpoint_c,weekday|h16,26,60,1.0
cooling_setpoint_c,h16,26,84,1.0
cooling_setpoint_c,weekday|h16|occ0|evhome0|Tin_warm|Tout_extreme|soc_target|ewh_normal|dish1|wash1|dry1,26,2,1.0
cooling_setpoint_c,weekday|h16|occ0|evhome0|Tin_warm|Tout_extreme|soc_target|ewh_hot|dish1|wash1|dry1,26,1,1.0
cooling_setpoint_c,weekday|h17|occ0|evhome0|Tin_warm|Tout_extreme|soc_target|ewh_normal|dish1|wash1|dry1,26,5,1.0
cooling_setpoint_c,weekday|h17|occ0|evhome0|dish1|wash1|dry1,26,6,1.0
cooling_setpoint_c,weekday|h17,26,60,1.0
cooling_setpoint_c,h17,26,84,1.0
cooling_setpoint_c,weekday|h17|occ0|evhome0|Tin_warm|Tout_extreme|soc_target|ewh_hot|dish1|wash1|dry1,26,1,1.0
cooling_setpoint_c,weekday|h18|occ0|evhome0|Tin_warm|Tout_extreme|soc_target|ewh_normal|dish1|wash1|dry1,26,2,1.0
cooling_setpoint_c,weekday|h18|occ0|evhome0|dish1|wash1|dry1,26,2,1.0
cooling_setpoint_c,weekday|h18,26,60,1.0
cooling_setpoint_c,h18,26,84,1.0
cooling_setpoint_c,weekday|h18|occ1|evhome1|Tin_warm|Tout_extreme|soc_target|ewh_normal|dish1|wash1|dry1,26,3,1.0
cooling_setpoint_c,weekday|h18|occ1|evhome1|dish1|wash1|dry1,26,4,1.0
cooling_setpoint_c,weekday|h18|occ1|evhome1|Tin_warm|Tout_extreme|soc_target|ewh_hot|dish1|wash1|dry1,26,1,1.0
cooling_setpoint_c,weekday|h19|occ1|evhome1|Tin_warm|Tout_extreme|soc_target|ewh_normal|dish1|wash1|dry1,26,2,1.0
cooling_setpoint_c,weekday|h19|occ1|evhome1|dish1|wash1|dry1,26,2,1.0
cooling_setpoint_c,weekday|h19,26,60,1.0
cooling_setpoint_c,h19,26,84,1.0
cooling_setpoint_c,weekday|h19|occ1|evhome1|Tin_warm|Tout_extreme|soc_target|ewh_normal|dish2|wash1|dry1,26,2,1.0
cooling_setpoint_c,weekday|h19|occ1|evhome1|dish2|wash1|dry1,26,4,1.0
cooling_setpoint_c,weekday|h19|occ1|evhome1|Tin_warm|Tout_extreme|soc_full|ewh_normal|dish2|wash1|dry1,26,1,1.0
cooling_setpoint_c,weekday|h19|occ1|evhome1|Tin_warm|Tout_extreme|soc_full|ewh_hot|dish2|wash1|dry1,26,1,1.0
cooling_setpoint_c,weekday|h20|occ1|evhome1|Tin_warm|Tout_extreme|soc_full|ewh_hot|dish2|wash1|dry1,26,4,1.0
cooling_setpoint_c,weekday|h20|occ1|evhome1|dish2|wash1|dry1,26,4,1.0
cooling_setpoint_c,weekday|h20,26,60,1.0
cooling_setpoint_c,h20,26,84,1.0
cooling_setpoint_c,weekday|h20|occ1|evhome1|Tin_warm|Tout_extreme|soc_full|ewh_hot|dish3|wash1|dry1,26,2,1.0
cooling_setpoint_c,weekday|h20|occ1|evhome1|dish3|wash1|dry1,26,2,1.0
cooling_setpoint_c,weekday|h21|occ1|evhome1|Tin_warm|Tout_extreme|soc_full|ewh_low|dish3|wash1|dry1,26,1,1.0
cooling_setpoint_c,weekday|h21|occ1|evhome1|dish3|wash1|dry1,26,6,1.0
cooling_setpoint_c,weekday|h21,26,60,1.0
cooling_setpoint_c,h21,26,84,1.0
cooling_setpoint_c,weekday|h21|occ1|evhome1|Tin_warm|Tout_extreme|soc_full|ewh_normal|dish3|wash1|dry1,26,3,1.0
cooling_setpoint_c,weekday|h21|occ1|evhome1|Tin_warm|Tout_extreme|soc_full|ewh_hot|dish3|wash1|dry1,26,2,1.0
cooling_setpoint_c,weekday|h22|occ1|evhome1|Tin_warm|Tout_extreme|soc_full|ewh_hot|dish3|wash1|dry1,26,6,1.0
cooling_setpoint_c,weekday|h22|occ1|evhome1|dish3|wash1|dry1,26,6,1.0
cooling_setpoint_c,weekday|h22,26,60,1.0
cooling_setpoint_c,h22,26,84,1.0
cooling_setpoint_c,weekday|h23|occ1|evhome1|Tin_warm|Tout_extreme|soc_full|ewh_normal|dish3|wash1|dry1,26,3,1.0
cooling_setpoint_c,weekday|h23|occ1|evhome1|dish3|wash1|dry1,26,3,1.0
cooling_setpoint_c,weekday|h23,26,60,1.0
cooling_setpoint_c,h23,26,83,1.0
cooling_setpoint_c,weekday|h23|occ0|evhome1|Tin_warm|Tout_extreme|soc_full|ewh_normal|dish3|wash1|dry1,26,1,1.0
cooling_setpoint_c,weekday|h23|occ0|evhome1|dish3|wash1|dry1,26,3,1.0
cooling_setpoint_c,weekday|h23|occ0|evhome1|Tin_warm|Tout_hot|soc_full|ewh_normal|dish3|wash1|dry1,26,1,1.0
cooling_setpoint_c,weekday|h23|occ0|evhome1|Tin_warm|Tout_hot|soc_full|ewh_hot|dish3|wash1|dry1,26,1,1.0
cooling_setpoint_c,weekday|h00|occ0|evhome1|Tin_warm|Tout_hot|soc_full|ewh_normal|dish3|wash1|dry1,26,5,1.0
cooling_setpoint_c,weekday|h00|occ0|evhome1|dish3|wash1|dry1,26,6,1.0
cooling_setpoint_c,weekday|h00|occ0|evhome1|Tin_warm|Tout_hot|soc_full|ewh_hot|dish3|wash1|dry1,26,1,1.0
cooling_setpoint_c,weekday|h01|occ0|evhome1|Tin_warm|Tout_hot|soc_full|ewh_normal|dish3|wash1|dry1,26,5,1.0
cooling_setpoint_c,weekday|h01|occ0|evhome1|dish3|wash1|dry1,26,6,1.0
cooling_setpoint_c,weekday|h01|occ0|evhome1|Tin_warm|Tout_hot|soc_full|ewh_hot|dish3|wash1|dry1,26,1,1.0
cooling_setpoint_c,weekday|h02|occ0|evhome1|Tin_warm|Tout_hot|soc_full|ewh_normal|dish3|wash1|dry1,26,5,1.0
cooling_setpoint_c,weekday|h02|occ0|evhome1|dish3|wash1|dry1,26,6,1.0
cooling_setpoint_c,weekday|h02|occ0|evhome1|Tin_warm|Tout_hot|soc_full|ewh_hot|dish3|wash1|dry1,26,1,1.0
cooling_setpoint_c,weekday|h03|occ0|evhome1|Tin_warm|Tout_hot|soc_full|ewh_normal|dish3|wash1|dry1,26,5,1.0
cooling_setpoint_c,weekday|h03|occ0|evhome1|dish3|wash1|dry1,26,6,1.0
cooling_setpoint_c,weekday|h03|occ0|evhome1|Tin_warm|Tout_hot|soc_full|ewh_hot|dish3|wash1|dry1,26,1,1.0
cooling_setpoint_c,weekday|h04|occ0|evhome1|Tin_warm|Tout_hot|soc_full|ewh_normal|dish3|wash1|dry1,26,5,1.0
cooling_setpoint_c,weekday|h04|occ0|evhome1|dish3|wash1|dry1,26,6,1.0
cooling_setpoint_c,weekday|h04|occ0|evhome1|Tin_warm|Tout_hot|soc_full|ewh_hot|dish3|wash1|dry1,26,1,1.0
cooling_setpoint_c,weekday|h05|occ0|evhome1|Tin_warm|Tout_hot|soc_full|ewh_hot|dish3|wash1|dry1,26,6,1.0
cooling_setpoint_c,weekday|h05|occ0|evhome1|dish3|wash1|dry1,26,6,1.0
cooling_setpoint_c,weekday|h06|occ0|evhome1|Tin_warm|Tout_hot|soc_full|ewh_hot|dish3|wash1|dry1,26,1,1.0
cooling_setpoint_c,weekday|h06|occ0|evhome1|dish3|wash1|dry1,26,1,1.0
cooling_setpoint_c,weekday|h06|occ1|evhome1|Tin_warm|Tout_hot|soc_full|ewh_hot|dish3|wash1|dry1,26,4,1.0
cooling_setpoint_c,weekday|h06|occ1|evhome1|dish3|wash1|dry1,26,5,1.0
cooling_setpoint_c,weekday|h06|occ1|evhome1|Tin_warm|Tout_hot|soc_full|ewh_normal|dish3|wash1|dry1,26,1,1.0
cooling_setpoint_c,weekday|h07|occ1|evhome1|Tin_warm|Tout_hot|soc_full|ewh_normal|dish3|wash1|dry1,26,1,1.0
cooling_setpoint_c,weekday|h07|occ1|evhome1|dish3|wash1|dry1,26,6,1.0
cooling_setpoint_c,weekday|h07|occ1|evhome1|Tin_comfort|Tout_hot|soc_full|ewh_normal|dish3|wash1|dry1,26,1,1.0
cooling_setpoint_c,weekday|h07|occ1|evhome1|Tin_comfort|Tout_hot|soc_full|ewh_hot|dish3|wash1|dry1,26,4,1.0
cooling_setpoint_c,weekday|h08|occ0|evhome0|Tin_comfort|Tout_hot|soc_target|ewh_normal|dish3|wash1|dry1,26,5,1.0
cooling_setpoint_c,weekday|h08|occ0|evhome0|dish3|wash1|dry1,26,6,1.0
cooling_setpoint_c,weekday|h08|occ0|evhome0|Tin_comfort|Tout_hot|soc_target|ewh_hot|dish3|wash1|dry1,26,1,1.0
cooling_setpoint_c,weekday|h09|occ0|evhome0|Tin_comfort|Tout_hot|soc_target|ewh_normal|dish3|wash1|dry1,26,5,1.0
cooling_setpoint_c,weekday|h09|occ0|evhome0|dish3|wash1|dry1,26,6,1.0
cooling_setpoint_c,weekday|h09|occ0|evhome0|Tin_comfort|Tout_hot|soc_target|ewh_hot|dish3|wash1|dry1,26,1,1.0
cooling_setpoint_c,weekday|h10|occ0|evhome0|Tin_comfort|Tout_hot|soc_target|ewh_normal|dish3|wash1|dry1,26,5,1.0
cooling_setpoint_c,weekday|h10|occ0|evhome0|dish3|wash1|dry1,26,6,1.0
cooling_setpoint_c,weekday|h10|occ0|evhome0|Tin_comfort|Tout_hot|soc_target|ewh_hot|dish3|wash1|dry1,26,1,1.0
cooling_setpoint_c,weekday|h11|occ0|evhome0|Tin_comfort|Tout_hot|soc_target|ewh_normal|dish3|wash1|dry1,26,5,1.0
cooling_setpoint_c,weekday|h11|occ0|evhome0|dish3|wash1|dry1,26,6,1.0
cooling_setpoint_c,weekday|h11|occ0|evhome0|Tin_comfort|Tout_hot|soc_target|ewh_hot|dish3|wash1|dry1,26,1,1.0
cooling_setpoint_c,weekday|h12|occ0|evhome0|Tin_comfort|Tout_hot|soc_target|ewh_normal|dish3|wash1|dry1,26,5,1.0
cooling_setpoint_c,weekday|h12|occ0|evhome0|dish3|wash1|dry1,26,6,1.0
cooling_setpoint_c,weekday|h12|occ0|evhome0|Tin_warm|Tout_hot|soc_target|ewh_hot|dish3|wash1|dry1,26,1,1.0
cooling_setpoint_c,weekday|h13|occ0|evhome0|Tin_warm|Tout_hot|soc_target|ewh_normal|dish3|wash1|dry1,26,5,1.0
cooling_setpoint_c,weekday|h13|occ0|evhome0|dish3|wash1|dry1,26,6,1.0
cooling_setpoint_c,weekday|h13|occ0|evhome0|Tin_warm|Tout_hot|soc_target|ewh_hot|dish3|wash1|dry1,26,1,1.0
cooling_setpoint_c,weekday|h14|occ0|evhome0|Tin_warm|Tout_hot|soc_target|ewh_normal|dish3|wash1|dry1,26,5,1.0
cooling_setpoint_c,weekday|h14|occ0|evhome0|dish3|wash1|dry1,26,6,1.0
cooling_setpoint_c,weekday|h14|occ0|evhome0|Tin_warm|Tout_hot|soc_target|ewh_hot|dish3|wash1|dry1,26,1,1.0
cooling_setpoint_c,weekday|h15|occ0|evhome0|Tin_warm|Tout_hot|soc_target|ewh_normal|dish3|wash1|dry1,26,5,1.0
cooling_setpoint_c,weekday|h15|occ0|evhome0|dish3|wash1|dry1,26,6,1.0
cooling_setpoint_c,weekday|h15|occ0|evhome0|Tin_warm|Tout_hot|soc_target|ewh_hot|dish3|wash1|dry1,26,1,1.0
cooling_setpoint_c,weekday|h16|occ0|evhome0|Tin_warm|Tout_hot|soc_target|ewh_normal|dish3|wash1|dry1,26,1,1.0
cooling_setpoint_c,weekday|h16|occ0|evhome0|dish3|wash1|dry1,26,6,1.0
cooling_setpoint_c,weekday|h16|occ0|evhome0|Tin_warm|Tout_extreme|soc_target|ewh_normal|dish3|wash1|dry1,26,4,1.0
cooling_setpoint_c,weekday|h16|occ0|evhome0|Tin_warm|Tout_extreme|soc_target|ewh_hot|dish3|wash1|dry1,26,1,1.0
cooling_setpoint_c,weekday|h17|occ0|evhome0|Tin_warm|Tout_extreme|soc_target|ewh_normal|dish3|wash1|dry1,26,5,1.0
cooling_setpoint_c,weekday|h17|occ0|evhome0|dish3|wash1|dry1,26,6,1.0
cooling_setpoint_c,weekday|h17|occ0|evhome0|Tin_warm|Tout_extreme|soc_target|ewh_hot|dish3|wash1|dry1,26,1,1.0
cooling_setpoint_c,weekday|h18|occ0|evhome0|Tin_warm|Tout_extreme|soc_target|ewh_normal|dish3|wash1|dry1,26,1,1.0
cooling_setpoint_c,weekday|h18|occ0|evhome0|dish3|wash1|dry1,26,1,1.0
cooling_setpoint_c,weekday|h18|occ1|evhome1|Tin_warm|Tout_extreme|soc_target|ewh_normal|dish3|wash1|dry1,26,4,1.0
cooling_setpoint_c,weekday|h18|occ1|evhome1|dish3|wash1|dry1,26,5,1.0
cooling_setpoint_c,weekday|h18|occ1|evhome1|Tin_warm|Tout_extreme|soc_target|ewh_hot|dish3|wash1|dry1,26,1,1.0
cooling_setpoint_c,weekday|h19|occ1|evhome1|Tin_warm|Tout_extreme|soc_target|ewh_normal|dish3|wash1|dry1,26,1,1.0
cooling_setpoint_c,weekday|h19|occ1|evhome1|dish3|wash1|dry1,26,1,1.0
cooling_setpoint_c,weekday|h19|occ1|evhome1|Tin_warm|Tout_extreme|soc_target|ewh_normal|dish3|wash2|dry1,26,3,1.0
cooling_setpoint_c,weekday|h19|occ1|evhome1|dish3|wash2|dry1,26,5,1.0
cooling_setpoint_c,weekday|h19|occ1|evhome1|Tin_warm|Tout_extreme|soc_full|ewh_normal|dish3|wash2|dry1,26,1,1.0
cooling_setpoint_c,weekday|h19|occ1|evhome1|Tin_warm|Tout_extreme|soc_full|ewh_hot|dish3|wash2|dry1,26,1,1.0
cooling_setpoint_c,weekday|h20|occ1|evhome1|Tin_warm|Tout_extreme|soc_full|ewh_hot|dish3|wash3|dry1,26,2,1.0
cooling_setpoint_c,weekday|h20|occ1|evhome1|dish3|wash3|dry1,26,2,1.0
cooling_setpoint_c,weekday|h20|occ1|evhome1|Tin_warm|Tout_extreme|soc_full|ewh_hot|dish3|wash3|dry2,26,4,1.0
cooling_setpoint_c,weekday|h20|occ1|evhome1|dish3|wash3|dry2,26,4,1.0
cooling_setpoint_c,weekday|h21|occ1|evhome1|Tin_warm|Tout_extreme|soc_full|ewh_hot|dish3|wash3|dry2,26,1,1.0
cooling_setpoint_c,weekday|h21|occ1|evhome1|dish3|wash3|dry2,26,1,1.0
cooling_setpoint_c,weekday|h21|occ1|evhome1|Tin_warm|Tout_extreme|soc_full|ewh_normal|dish3|wash3|dry3,26,17,1.0
cooling_setpoint_c,weekday|h21|occ1|evhome1|dish3|wash3|dry3,26,53,1.0
cooling_setpoint_c,weekday|h21|occ1|evhome1|Tin_warm|Tout_extreme|soc_full|ewh_hot|dish3|wash3|dry3,26,19,1.0
cooling_setpoint_c,weekday|h22|occ1|evhome1|Tin_warm|Tout_extreme|soc_full|ewh_hot|dish3|wash3|dry3,26,46,1.0
cooling_setpoint_c,weekday|h22|occ1|evhome1|dish3|wash3|dry3,26,53,1.0
cooling_setpoint_c,weekday|h23|occ1|evhome1|Tin_warm|Tout_extreme|soc_full|ewh_normal|dish3|wash3|dry3,26,14,1.0
cooling_setpoint_c,weekday|h23|occ1|evhome1|dish3|wash3|dry3,26,14,1.0
cooling_setpoint_c,weekday|h23|occ0|evhome1|Tin_warm|Tout_extreme|soc_full|ewh_normal|dish3|wash3|dry3,26,31,1.0
cooling_setpoint_c,weekday|h23|occ0|evhome1|dish3|wash3|dry3,26,40,1.0
cooling_setpoint_c,weekday|h23|occ0|evhome1|Tin_warm|Tout_extreme|soc_full|ewh_hot|dish3|wash3|dry3,26,9,1.0
cooling_setpoint_c,weekday|h00|occ0|evhome1|Tin_warm|Tout_extreme|soc_full|ewh_normal|dish3|wash3|dry3,26,35,1.0
cooling_setpoint_c,weekday|h00|occ0|evhome1|dish3|wash3|dry3,26,48,1.0
cooling_setpoint_c,weekday|h00|occ0|evhome1|Tin_warm|Tout_hot|soc_full|ewh_normal|dish3|wash3|dry3,26,5,1.0
cooling_setpoint_c,weekday|h00|occ0|evhome1|Tin_warm|Tout_hot|soc_full|ewh_hot|dish3|wash3|dry3,26,3,1.0
cooling_setpoint_c,weekday|h01|occ0|evhome1|Tin_warm|Tout_hot|soc_full|ewh_normal|dish3|wash3|dry3,26,16,1.0
cooling_setpoint_c,weekday|h01|occ0|evhome1|dish3|wash3|dry3,26,48,1.0
cooling_setpoint_c,weekday|h01|occ0|evhome1|Tin_warm|Tout_hot|soc_full|ewh_hot|dish3|wash3|dry3,26,4,1.0
cooling_setpoint_c,weekday|h02|occ0|evhome1|Tin_warm|Tout_hot|soc_full|ewh_normal|dish3|wash3|dry3,26,32,1.0
cooling_setpoint_c,weekday|h02|occ0|evhome1|dish3|wash3|dry3,26,48,1.0
cooling_setpoint_c,weekday|h02|occ0|evhome1|Tin_warm|Tout_hot|soc_full|ewh_hot|dish3|wash3|dry3,26,8,1.0
cooling_setpoint_c,weekday|h03|occ0|evhome1|Tin_warm|Tout_hot|soc_full|ewh_normal|dish3|wash3|dry3,26,40,1.0
cooling_setpoint_c,weekday|h03|occ0|evhome1|dish3|wash3|dry3,26,48,1.0
cooling_setpoint_c,weekday|h03|occ0|evhome1|Tin_warm|Tout_hot|soc_full|ewh_hot|dish3|wash3|dry3,26,8,1.0
cooling_setpoint_c,weekday|h04|occ0|evhome1|Tin_warm|Tout_hot|soc_full|ewh_normal|dish3|wash3|dry3,26,40,1.0
cooling_setpoint_c,weekday|h04|occ0|evhome1|dish3|wash3|dry3,26,48,1.0
cooling_setpoint_c,weekday|h04|occ0|evhome1|Tin_warm|Tout_hot|soc_full|ewh_hot|dish3|wash3|dry3,26,8,1.0
cooling_setpoint_c,weekday|h05|occ0|evhome1|Tin_warm|Tout_hot|soc_full|ewh_hot|dish3|wash3|dry3,26,48,1.0
cooling_setpoint_c,weekday|h05|occ0|evhome1|dish3|wash3|dry3,26,48,1.0
cooling_setpoint_c,weekday|h06|occ0|evhome1|Tin_warm|Tout_hot|soc_full|ewh_hot|dish3|wash3|dry3,26,27,1.0
cooling_setpoint_c,weekday|h06|occ0|evhome1|dish3|wash3|dry3,26,27,1.0
cooling_setpoint_c,weekday|h06|occ1|evhome1|Tin_warm|Tout_hot|soc_full|ewh_hot|dish3|wash3|dry3,26,20,1.0
cooling_setpoint_c,weekday|h06|occ1|evhome1|dish3|wash3|dry3,26,21,1.0
cooling_setpoint_c,weekday|h07|occ1|evhome1|Tin_warm|Tout_hot|soc_full|ewh_normal|dish3|wash3|dry3,26,22,1.0
cooling_setpoint_c,weekday|h07|occ1|evhome1|dish3|wash3|dry3,26,44,1.0
cooling_setpoint_c,weekday|h07|occ1|evhome1|Tin_warm|Tout_hot|soc_full|ewh_hot|dish3|wash3|dry3,26,19,1.0
cooling_setpoint_c,weekday|h07|occ1|evhome1|Tin_comfort|Tout_hot|soc_full|ewh_hot|dish3|wash3|dry3,26,2,1.0
cooling_setpoint_c,weekday|h08|occ1|evhome1|Tin_comfort|Tout_hot|soc_full|ewh_normal|dish3|wash3|dry3,26,1,1.0
cooling_setpoint_c,weekday|h08|occ1|evhome1|dish3|wash3|dry3,26,4,1.0
cooling_setpoint_c,weekday|h08|occ0|evhome0|Tin_comfort|Tout_hot|soc_target|ewh_normal|dish3|wash3|dry3,26,7,1.0
cooling_setpoint_c,weekday|h08|occ0|evhome0|dish3|wash3|dry3,26,44,1.0
cooling_setpoint_c,weekday|h08|occ0|evhome0|Tin_comfort|Tout_hot|soc_target|ewh_hot|dish3|wash3|dry3,26,2,1.0
cooling_setpoint_c,weekday|h09|occ0|evhome0|Tin_comfort|Tout_hot|soc_target|ewh_normal|dish3|wash3|dry3,26,10,1.0
cooling_setpoint_c,weekday|h09|occ0|evhome0|dish3|wash3|dry3,26,48,1.0
cooling_setpoint_c,weekday|h09|occ0|evhome0|Tin_comfort|Tout_hot|soc_target|ewh_hot|dish3|wash3|dry3,26,2,1.0
cooling_setpoint_c,weekday|h10|occ0|evhome0|Tin_comfort|Tout_hot|soc_target|ewh_normal|dish3|wash3|dry3,26,10,1.0
cooling_setpoint_c,weekday|h10|occ0|evhome0|dish3|wash3|dry3,26,48,1.0
cooling_setpoint_c,weekday|h10|occ0|evhome0|Tin_comfort|Tout_hot|soc_target|ewh_hot|dish3|wash3|dry3,26,2,1.0
cooling_setpoint_c,weekday|h11|occ0|evhome0|Tin_comfort|Tout_hot|soc_target|ewh_normal|dish3|wash3|dry3,26,8,1.0
cooling_setpoint_c,weekday|h11|occ0|evhome0|dish3|wash3|dry3,26,48,1.0
cooling_setpoint_c,weekday|h11|occ0|evhome0|Tin_comfort|Tout_hot|soc_target|ewh_hot|dish3|wash3|dry3,26,1,1.0
cooling_setpoint_c,weekday|h12|occ0|evhome0|Tin_comfort|Tout_hot|soc_target|ewh_normal|dish3|wash3|dry3,26,1,1.0
cooling_setpoint_c,weekday|h12|occ0|evhome0|dish3|wash3|dry3,26,48,1.0
cooling_setpoint_c,weekday|h12|occ0|evhome0|Tin_warm|Tout_hot|soc_target|ewh_normal|dish3|wash3|dry3,26,39,1.0
cooling_setpoint_c,weekday|h12|occ0|evhome0|Tin_warm|Tout_hot|soc_target|ewh_hot|dish3|wash3|dry3,26,8,1.0
cooling_setpoint_c,weekday|h13|occ0|evhome0|Tin_warm|Tout_hot|soc_target|ewh_normal|dish3|wash3|dry3,26,37,1.0
cooling_setpoint_c,weekday|h13|occ0|evhome0|dish3|wash3|dry3,26,48,1.0
cooling_setpoint_c,weekday|h13|occ0|evhome0|Tin_warm|Tout_hot|soc_target|ewh_hot|dish3|wash3|dry3,26,6,1.0
cooling_setpoint_c,weekday|h14|occ0|evhome0|Tin_warm|Tout_hot|soc_target|ewh_normal|dish3|wash3|dry3,26,19,1.0
cooling_setpoint_c,weekday|h14|occ0|evhome0|dish3|wash3|dry3,26,48,1.0
cooling_setpoint_c,weekday|h14|occ0|evhome0|Tin_warm|Tout_hot|soc_target|ewh_hot|dish3|wash3|dry3,26,3,1.0
cooling_setpoint_c,weekday|h15|occ0|evhome0|Tin_warm|Tout_hot|soc_target|ewh_normal|dish3|wash3|dry3,26,11,1.0
cooling_setpoint_c,weekday|h15|occ0|evhome0|dish3|wash3|dry3,26,48,1.0
cooling_setpoint_c,weekday|h15|occ0|evhome0|Tin_warm|Tout_extreme|soc_target|ewh_hot|dish3|wash3|dry3,26,8,1.0
cooling_setpoint_c,weekday|h16|occ0|evhome0|Tin_warm|Tout_extreme|soc_target|ewh_normal|dish3|wash3|dry3,26,40,1.0
cooling_setpoint_c,weekday|h16|occ0|evhome0|dish3|wash3|dry3,26,48,1.0
cooling_setpoint_c,weekday|h16|occ0|evhome0|Tin_warm|Tout_extreme|soc_target|ewh_hot|dish3|wash3|dry3,26,8,1.0
cooling_setpoint_c,weekday|h17|occ0|evhome0|Tin_warm|Tout_extreme|soc_target|ewh_normal|dish3|wash3|dry3,26,37,1.0
cooling_setpoint_c,weekday|h17|occ0|evhome0|dish3|wash3|dry3,26,41,1.0
cooling_setpoint_c,weekday|h17|occ1|evhome1|Tin_warm|Tout_extreme|soc_target|ewh_normal|dish3|wash3|dry3,26,3,1.0
cooling_setpoint_c,weekday|h17|occ1|evhome1|dish3|wash3|dry3,26,7,1.0
cooling_setpoint_c,weekday|h17|occ1|evhome1|Tin_warm|Tout_extreme|soc_target|ewh_hot|dish3|wash3|dry3,26,4,1.0
cooling_setpoint_c,weekday|h18|occ1|evhome1|Tin_warm|Tout_extreme|soc_target|ewh_normal|dish3|wash3|dry3,26,28,1.0
cooling_setpoint_c,weekday|h18|occ1|evhome1|dish3|wash3|dry3,26,39,1.0
cooling_setpoint_c,weekday|h18|occ1|evhome1|Tin_warm|Tout_extreme|soc_target|ewh_hot|dish3|wash3|dry3,26,6,1.0
cooling_setpoint_c,weekday|h19|occ1|evhome1|Tin_warm|Tout_extreme|soc_target|ewh_normal|dish3|wash3|dry3,26,17,1.0
cooling_setpoint_c,weekday|h19|occ1|evhome1|dish3|wash3|dry3,26,48,1.0
cooling_setpoint_c,weekday|h19|occ1|evhome1|Tin_warm|Tout_extreme|soc_full|ewh_normal|dish3|wash3|dry3,26,12,1.0
cooling_setpoint_c,weekday|h19|occ1|evhome1|Tin_warm|Tout_extreme|soc_full|ewh_hot|dish3|wash3|dry3,26,5,1.0
cooling_setpoint_c,weekday|h20|occ1|evhome1|Tin_warm|Tout_extreme|soc_full|ewh_hot|dish3|wash3|dry3,26,29,1.0
cooling_setpoint_c,weekday|h20|occ1|evhome1|dish3|wash3|dry3,26,48,1.0
cooling_setpoint_c,weekday|h21|occ1|evhome1|Tin_warm|Tout_extreme|soc_full|ewh_low|dish3|wash3|dry3,26,3,1.0
cooling_setpoint_c,weekday|h06|occ1|evhome1|Tin_warm|Tout_hot|soc_full|ewh_normal|dish3|wash3|dry3,26,1,1.0
cooling_setpoint_c,weekday|h08|occ0|evhome0|Tin_warm|Tout_hot|soc_target|ewh_normal|dish3|wash3|dry3,26,29,1.0
cooling_setpoint_c,weekday|h11|occ0|evhome0|Tin_warm|Tout_hot|soc_target|ewh_normal|dish3|wash3|dry3,26,32,1.0
cooling_setpoint_c,weekday|h11|occ0|evhome0|Tin_warm|Tout_hot|soc_target|ewh_hot|dish3|wash3|dry3,26,7,1.0
cooling_setpoint_c,weekday|h15|occ0|evhome0|Tin_warm|Tout_extreme|soc_target|ewh_normal|dish3|wash3|dry3,26,29,1.0
cooling_setpoint_c,weekday|h08|occ1|evhome1|Tin_warm|Tout_hot|soc_full|ewh_normal|dish3|wash3|dry3,26,3,1.0
cooling_setpoint_c,weekday|h08|occ0|evhome0|Tin_warm|Tout_hot|soc_target|ewh_hot|dish3|wash3|dry3,26,6,1.0
cooling_setpoint_c,weekday|h09|occ0|evhome0|Tin_warm|Tout_hot|soc_target|ewh_normal|dish3|wash3|dry3,26,30,1.0
cooling_setpoint_c,weekday|h09|occ0|evhome0|Tin_warm|Tout_hot|soc_target|ewh_hot|dish3|wash3|dry3,26,6,1.0
cooling_setpoint_c,weekday|h10|occ0|evhome0|Tin_warm|Tout_hot|soc_target|ewh_normal|dish3|wash3|dry3,26,30,1.0
cooling_setpoint_c,weekday|h10|occ0|evhome0|Tin_warm|Tout_hot|soc_target|ewh_hot|dish3|wash3|dry3,26,6,1.0
cooling_setpoint_c,weekend|h00|occ1|evhome1|Tin_warm|Tout_extreme|soc_full|ewh_normal|dish3|wash3|dry3,26,10,1.0
cooling_setpoint_c,weekend|h00|occ1|evhome1|dish3|wash3|dry3,26,12,1.0
cooling_setpoint_c,weekend|h00,26,24,1.0
cooling_setpoint_c,weekend|h00|occ1|evhome1|Tin_warm|Tout_extreme|soc_full|ewh_hot|dish3|wash3|dry3,26,2,1.0
cooling_setpoint_c,weekend|h01|occ1|evhome1|Tin_warm|Tout_extreme|soc_full|ewh_normal|dish3|wash3|dry3,26,6,1.0
cooling_setpoint_c,weekend|h01|occ1|evhome1|dish3|wash3|dry3,26,12,1.0
cooling_setpoint_c,weekend|h01,26,24,1.0
cooling_setpoint_c,weekend|h01|occ1|evhome1|Tin_warm|Tout_hot|soc_full|ewh_normal|dish3|wash3|dry3,26,4,1.0
cooling_setpoint_c,weekend|h01|occ1|evhome1|Tin_warm|Tout_hot|soc_full|ewh_hot|dish3|wash3|dry3,26,1,1.0
cooling_setpoint_c,weekend|h02|occ1|evhome1|Tin_warm|Tout_hot|soc_full|ewh_normal|dish3|wash3|dry3,26,5,1.0
cooling_setpoint_c,weekend|h02|occ1|evhome1|dish3|wash3|dry3,26,12,1.0
cooling_setpoint_c,weekend|h02,26,24,1.0
cooling_setpoint_c,weekend|h02|occ1|evhome1|Tin_warm|Tout_hot|soc_full|ewh_hot|dish3|wash3|dry3,26,1,1.0
cooling_setpoint_c,weekend|h03|occ1|evhome1|Tin_warm|Tout_hot|soc_full|ewh_normal|dish3|wash3|dry3,26,10,1.0
cooling_setpoint_c,weekend|h03|occ1|evhome1|dish3|wash3|dry3,26,12,1.0
cooling_setpoint_c,weekend|h03,26,24,1.0
cooling_setpoint_c,weekend|h03|occ1|evhome1|Tin_warm|Tout_hot|soc_full|ewh_hot|dish3|wash3|dry3,26,2,1.0
cooling_setpoint_c,weekend|h04|occ1|evhome1|Tin_warm|Tout_hot|soc_full|ewh_normal|dish3|wash3|dry3,26,10,1.0
cooling_setpoint_c,weekend|h04|occ1|evhome1|dish3|wash3|dry3,26,12,1.0
cooling_setpoint_c,weekend|h04,26,24,1.0
cooling_setpoint_c,weekend|h04|occ1|evhome1|Tin_warm|Tout_hot|soc_full|ewh_hot|dish3|wash3|dry3,26,2,1.0
cooling_setpoint_c,weekend|h05|occ1|evhome1|Tin_warm|Tout_hot|soc_full|ewh_hot|dish3|wash3|dry3,26,12,1.0
cooling_setpoint_c,weekend|h05|occ1|evhome1|dish3|wash3|dry3,26,12,1.0
cooling_setpoint_c,weekend|h05,26,24,1.0
cooling_setpoint_c,weekend|h06|occ1|evhome1|Tin_warm|Tout_hot|soc_full|ewh_hot|dish3|wash3|dry3,26,12,1.0
cooling_setpoint_c,weekend|h06|occ1|evhome1|dish3|wash3|dry3,26,12,1.0
cooling_setpoint_c,weekend|h06,26,24,1.0
cooling_setpoint_c,weekend|h07|occ1|evhome1|Tin_warm|Tout_hot|soc_full|ewh_hot|dish3|wash3|dry3,26,12,1.0
cooling_setpoint_c,weekend|h07|occ1|evhome1|dish3|wash3|dry3,26,12,1.0
cooling_setpoint_c,weekend|h07,26,24,1.0
cooling_setpoint_c,weekend|h08|occ1|evhome1|Tin_warm|Tout_hot|soc_full|ewh_normal|dish3|wash3|dry3,26,18,1.0
cooling_setpoint_c,weekend|h08|occ1|evhome1|dish3|wash3|dry3,26,21,1.0
cooling_setpoint_c,weekend|h08,26,24,1.0
cooling_setpoint_c,weekend|h08|occ1|evhome1|Tin_warm|Tout_hot|soc_full|ewh_hot|dish3|wash3|dry3,26,3,1.0
cooling_setpoint_c,weekend|h09|occ1|evhome1|Tin_warm|Tout_hot|soc_full|ewh_low|dish3|wash3|dry3,26,6,1.0
cooling_setpoint_c,weekend|h09|occ1|evhome1|dish3|wash3|dry3,26,24,1.0
cooling_setpoint_c,weekend|h09,26,24,1.0
cooling_setpoint_c,weekend|h09|occ1|evhome1|Tin_warm|Tout_hot|soc_full|ewh_normal|dish3|wash3|dry3,26,16,1.0
cooling_setpoint_c,weekend|h10|occ0|evhome0|Tin_warm|Tout_hot|soc_target|ewh_normal|dish3|wash3|dry3,26,10,1.0
cooling_setpoint_c,weekend|h10|occ0|evhome0|dish3|wash3|dry3,26,12,1.0
cooling_setpoint_c,weekend|h10,26,24,1.0
cooling_setpoint_c,weekend|h10|occ0|evhome0|Tin_warm|Tout_hot|soc_target|ewh_hot|dish3|wash3|dry3,26,2,1.0
cooling_setpoint_c,weekend|h11|occ0|evhome0|Tin_warm|Tout_hot|soc_target|ewh_normal|dish3|wash3|dry3,26,10,1.0
cooling_setpoint_c,weekend|h11|occ0|evhome0|dish3|wash3|dry3,26,12,1.0
cooling_setpoint_c,weekend|h11,26,24,1.0
cooling_setpoint_c,weekend|h11|occ0|evhome0|Tin_warm|Tout_hot|soc_target|ewh_hot|dish3|wash3|dry3,26,2,1.0
cooling_setpoint_c,weekend|h12|occ0|evhome0|Tin_warm|Tout_hot|soc_target|ewh_normal|dish3|wash3|dry3,26,5,1.0
cooling_setpoint_c,weekend|h12|occ0|evhome0|dish3|wash3|dry3,26,6,1.0
cooling_setpoint_c,weekend|h12,26,24,1.0
cooling_setpoint_c,weekend|h12|occ1|evhome1|Tin_warm|Tout_hot|soc_target|ewh_hot|dish3|wash3|dry3,26,1,1.0
cooling_setpoint_c,weekend|h12|occ1|evhome1|dish3|wash3|dry3,26,18,1.0
cooling_setpoint_c,weekend|h12|occ1|evhome1|Tin_warm|Tout_hot|soc_target|ewh_normal|dish3|wash3|dry3,26,3,1.0
cooling_setpoint_c,weekend|h12|occ1|evhome1|Tin_warm|Tout_hot|soc_full|ewh_normal|dish3|wash3|dry3,26,11,1.0
cooling_setpoint_c,weekend|h13|occ1|evhome1|Tin_warm|Tout_hot|soc_full|ewh_normal|dish3|wash3|dry3,26,10,1.0
cooling_setpoint_c,weekend|h13|occ1|evhome1|dish3|wash3|dry3,26,24,1.0
cooling_setpoint_c,weekend|h13,26,24,1.0
cooling_setpoint_c,weekend|h13|occ1|evhome1|Tin_warm|Tout_hot|soc_full|ewh_hot|dish3|wash3|dry3,26,2,1.0
cooling_setpoint_c,weekend|h14|occ1|evhome1|Tin_warm|Tout_hot|soc_full|ewh_normal|dish3|wash3|dry3,26,9,1.0
cooling_setpoint_c,weekend|h14|occ1|evhome1|dish3|wash3|dry3,26,24,1.0
cooling_setpoint_c,weekend|h14,26,24,1.0
cooling_setpoint_c,weekend|h14|occ1|evhome1|Tin_warm|Tout_hot|soc_full|ewh_hot|dish3|wash3|dry3,26,2,1.0
cooling_setpoint_c,weekend|h15|occ1|evhome1|Tin_warm|Tout_extreme|soc_full|ewh_normal|dish3|wash3|dry3,26,20,1.0
cooling_setpoint_c,weekend|h15|occ1|evhome1|dish3|wash3|dry3,26,24,1.0
cooling_setpoint_c,weekend|h15,26,24,1.0
cooling_setpoint_c,weekend|h15|occ1|evhome1|Tin_warm|Tout_extreme|soc_full|ewh_hot|dish3|wash3|dry3,26,4,1.0
cooling_setpoint_c,weekend|h16|occ1|evhome1|Tin_warm|Tout_extreme|soc_full|ewh_normal|dish3|wash3|dry3,26,20,1.0
cooling_setpoint_c,weekend|h16|occ1|evhome1|dish3|wash3|dry3,26,24,1.0
cooling_setpoint_c,weekend|h16,26,24,1.0
cooling_setpoint_c,weekend|h16|occ1|evhome1|Tin_warm|Tout_extreme|soc_full|ewh_hot|dish3|wash3|dry3,26,4,1.0
cooling_setpoint_c,weekend|h17|occ1|evhome1|Tin_warm|Tout_extreme|soc_full|ewh_normal|dish3|wash3|dry3,26,16,1.0
cooling_setpoint_c,weekend|h17|occ1|evhome1|dish3|wash3|dry3,26,24,1.0
cooling_setpoint_c,weekend|h17,26,24,1.0
cooling_setpoint_c,weekend|h17|occ1|evhome1|Tin_warm|Tout_extreme|soc_full|ewh_hot|dish3|wash3|dry3,26,4,1.0
cooling_setpoint_c,weekend|h18|occ1|evhome1|Tin_warm|Tout_extreme|soc_full|ewh_normal|dish3|wash3|dry3,26,10,1.0
cooling_setpoint_c,weekend|h18|occ1|evhome1|dish3|wash3|dry3,26,24,1.0
cooling_setpoint_c,weekend|h18,26,24,1.0
cooling_setpoint_c,weekend|h18|occ1|evhome1|Tin_warm|Tout_extreme|soc_full|ewh_hot|dish3|wash3|dry3,26,2,1.0
cooling_setpoint_c,weekend|h19|occ1|evhome1|Tin_warm|Tout_extreme|soc_full|ewh_normal|dish3|wash3|dry3,26,10,1.0
cooling_setpoint_c,weekend|h19|occ1|evhome1|dish3|wash3|dry3,26,24,1.0
cooling_setpoint_c,weekend|h19,26,24,1.0
cooling_setpoint_c,weekend|h19|occ1|evhome1|Tin_warm|Tout_extreme|soc_full|ewh_hot|dish3|wash3|dry3,26,2,1.0
cooling_setpoint_c,weekend|h20|occ1|evhome1|Tin_warm|Tout_extreme|soc_full|ewh_hot|dish3|wash3|dry3,26,12,1.0
cooling_setpoint_c,weekend|h20|occ1|evhome1|dish3|wash3|dry3,26,24,1.0
cooling_setpoint_c,weekend|h20,26,24,1.0
cooling_setpoint_c,weekend|h21|occ1|evhome1|Tin_warm|Tout_extreme|soc_full|ewh_hot|dish3|wash3|dry3,26,8,1.0
cooling_setpoint_c,weekend|h21|occ1|evhome1|dish3|wash3|dry3,26,24,1.0
cooling_setpoint_c,weekend|h21,26,24,1.0
cooling_setpoint_c,weekend|h22|occ1|evhome1|Tin_warm|Tout_extreme|soc_full|ewh_low|dish3|wash3|dry3,26,1,1.0
cooling_setpoint_c,weekend|h22|occ1|evhome1|dish3|wash3|dry3,26,24,1.0
cooling_setpoint_c,weekend|h22,26,24,1.0
cooling_setpoint_c,weekend|h22|occ1|evhome1|Tin_warm|Tout_extreme|soc_full|ewh_normal|dish3|wash3|dry3,26,3,1.0
cooling_setpoint_c,weekend|h22|occ1|evhome1|Tin_warm|Tout_extreme|soc_full|ewh_hot|dish3|wash3|dry3,26,8,1.0
cooling_setpoint_c,weekend|h23|occ1|evhome1|Tin_warm|Tout_extreme|soc_full|ewh_normal|dish3|wash3|dry3,26,15,1.0
cooling_setpoint_c,weekend|h23|occ1|evhome1|dish3|wash3|dry3,26,23,1.0
cooling_setpoint_c,weekend|h23,26,23,1.0
cooling_setpoint_c,weekend|h23|occ1|evhome1|Tin_warm|Tout_extreme|soc_full|ewh_hot|dish3|wash3|dry3,26,3,1.0
cooling_setpoint_c,weekend|h00|occ0|evhome1|Tin_warm|Tout_extreme|soc_full|ewh_normal|dish3|wash3|dry3,26,10,1.0
cooling_setpoint_c,weekend|h00|occ0|evhome1|dish3|wash3|dry3,26,12,1.0
cooling_setpoint_c,weekend|h00|occ0|evhome1|Tin_warm|Tout_extreme|soc_full|ewh_hot|dish3|wash3|dry3,26,2,1.0
cooling_setpoint_c,weekend|h01|occ0|evhome1|Tin_warm|Tout_extreme|soc_full|ewh_normal|dish3|wash3|dry3,26,7,1.0
cooling_setpoint_c,weekend|h01|occ0|evhome1|dish3|wash3|dry3,26,12,1.0
cooling_setpoint_c,weekend|h01|occ0|evhome1|Tin_warm|Tout_hot|soc_full|ewh_normal|dish3|wash3|dry3,26,3,1.0
cooling_setpoint_c,weekend|h01|occ0|evhome1|Tin_warm|Tout_hot|soc_full|ewh_hot|dish3|wash3|dry3,26,1,1.0
cooling_setpoint_c,weekend|h02|occ0|evhome1|Tin_warm|Tout_hot|soc_full|ewh_normal|dish3|wash3|dry3,26,5,1.0
cooling_setpoint_c,weekend|h02|occ0|evhome1|dish3|wash3|dry3,26,12,1.0
cooling_setpoint_c,weekend|h02|occ0|evhome1|Tin_warm|Tout_hot|soc_full|ewh_hot|dish3|wash3|dry3,26,1,1.0
cooling_setpoint_c,weekend|h03|occ0|evhome1|Tin_warm|Tout_hot|soc_full|ewh_normal|dish3|wash3|dry3,26,8,1.0
cooling_setpoint_c,weekend|h03|occ0|evhome1|dish3|wash3|dry3,26,12,1.0
cooling_setpoint_c,weekend|h03|occ0|evhome1|Tin_warm|Tout_hot|soc_full|ewh_hot|dish3|wash3|dry3,26,2,1.0
cooling_setpoint_c,weekend|h04|occ0|evhome1|Tin_warm|Tout_hot|soc_full|ewh_normal|dish3|wash3|dry3,26,10,1.0
cooling_setpoint_c,weekend|h04|occ0|evhome1|dish3|wash3|dry3,26,12,1.0
cooling_setpoint_c,weekend|h04|occ0|evhome1|Tin_warm|Tout_hot|soc_full|ewh_hot|dish3|wash3|dry3,26,2,1.0
cooling_setpoint_c,weekend|h05|occ0|evhome1|Tin_warm|Tout_hot|soc_full|ewh_hot|dish3|wash3|dry3,26,12,1.0
cooling_setpoint_c,weekend|h05|occ0|evhome1|dish3|wash3|dry3,26,12,1.0
cooling_setpoint_c,weekend|h06|occ0|evhome1|Tin_warm|Tout_hot|soc_full|ewh_hot|dish3|wash3|dry3,26,12,1.0
cooling_setpoint_c,weekend|h06|occ0|evhome1|dish3|wash3|dry3,26,12,1.0
cooling_setpoint_c,weekend|h07|occ0|evhome1|Tin_warm|Tout_hot|soc_full|ewh_hot|dish3|wash3|dry3,26,12,1.0
cooling_setpoint_c,weekend|h07|occ0|evhome1|dish3|wash3|dry3,26,12,1.0
cooling_setpoint_c,weekend|h08|occ0|evhome1|Tin_warm|Tout_hot|soc_full|ewh_normal|dish3|wash3|dry3,26,3,1.0
cooling_setpoint_c,weekend|h08|occ0|evhome1|dish3|wash3|dry3,26,3,1.0
cooling_setpoint_c,weekend|h09|occ1|evhome1|Tin_warm|Tout_hot|soc_full|ewh_hot|dish3|wash3|dry3,26,2,1.0
cooling_setpoint_c,weekend|h10|occ1|evhome1|Tin_warm|Tout_hot|soc_full|ewh_normal|dish3|wash3|dry3,26,10,1.0
cooling_setpoint_c,weekend|h10|occ1|evhome1|dish3|wash3|dry3,26,12,1.0
cooling_setpoint_c,weekend|h10|occ1|evhome1|Tin_warm|Tout_hot|soc_full|ewh_hot|dish3|wash3|dry3,26,2,1.0
cooling_setpoint_c,weekend|h11|occ1|evhome1|Tin_warm|Tout_hot|soc_full|ewh_normal|dish3|wash3|dry3,26,10,1.0
cooling_setpoint_c,weekend|h11|occ1|evhome1|dish3|wash3|dry3,26,12,1.0
cooling_setpoint_c,weekend|h11|occ1|evhome1|Tin_warm|Tout_hot|soc_full|ewh_hot|dish3|wash3|dry3,26,2,1.0
cooling_setpoint_c,weekend|h12|occ1|evhome1|Tin_warm|Tout_hot|soc_full|ewh_hot|dish3|wash3|dry3,26,2,1.0
cooling_setpoint_c,weekend|h14|occ1|evhome1|Tin_warm|Tout_extreme|soc_full|ewh_normal|dish3|wash3|dry3,26,11,1.0
cooling_setpoint_c,weekend|h21|occ1|evhome1|Tin_warm|Tout_extreme|soc_full|ewh_low|dish3|wash3|dry3,26,1,1.0
cooling_setpoint_c,weekend|h21|occ1|evhome1|Tin_warm|Tout_extreme|soc_full|ewh_normal|dish3|wash3|dry3,26,3,1.0
cooling_setpoint_c,weekday|h00|occ0|evhome1|Tin_warm|Tout_extreme|soc_full|ewh_hot|dish3|wash3|dry3,26,5,1.0
cooling_setpoint_c,weekday|h01|occ0|evhome1|Tin_warm|Tout_extreme|soc_full|ewh_normal|dish3|wash3|dry3,26,24,1.0
cooling_setpoint_c,weekday|h14|occ0|evhome0|Tin_warm|Tout_extreme|soc_target|ewh_normal|dish3|wash3|dry3,26,21,1.0
cooling_setpoint_c,weekday|h14|occ0|evhome0|Tin_warm|Tout_extreme|soc_target|ewh_hot|dish3|wash3|dry3,26,5,1.0
cooling_setpoint_c,weekday|h17|occ0|evhome0|Tin_warm|Tout_extreme|soc_target|ewh_hot|dish3|wash3|dry3,26,4,1.0
cooling_setpoint_c,weekday|h18|occ0|evhome0|Tin_warm|Tout_extreme|soc_target|ewh_normal|dish3|wash3|dry3,26,8,1.0
cooling_setpoint_c,weekday|h18|occ0|evhome0|dish3|wash3|dry3,26,9,1.0
cooling_setpoint_c,weekday|h22|occ1|evhome1|Tin_warm|Tout_extreme|soc_full|ewh_normal|dish3|wash3|dry3,26,1,1.0
cooling_setpoint_c,weekday|h01|occ0|evhome1|Tin_warm|Tout_extreme|soc_full|ewh_hot|dish3|wash3|dry3,26,4,1.0
cooling_setpoint_c,weekday|h07|occ0|evhome0|Tin_warm|Tout_hot|soc_target|ewh_hot|dish3|wash3|dry3,26,4,1.0
cooling_setpoint_c,weekday|h07|occ0|evhome0|dish3|wash3|dry3,26,4,1.0
cooling_setpoint_c,weekday|h20|occ1|evhome1|Tin_warm|Tout_extreme|soc_full|ewh_low|dish3|wash3|dry3,26,1,1.0
cooling_setpoint_c,weekday|h02|occ0|evhome1|Tin_warm|Tout_extreme|soc_full|ewh_normal|dish3|wash3|dry3,26,8,1.0
cooling_setpoint_c,weekday|h19|occ1|evhome1|Tin_hot|Tout_extreme|soc_full|ewh_normal|dish3|wash3|dry3,26,6,1.0
cooling_setpoint_c,weekday|h19|occ1|evhome1|Tin_hot|Tout_extreme|soc_full|ewh_hot|dish3|wash3|dry3,26,3,1.0
cooling_setpoint_c,weekday|h20|occ1|evhome1|Tin_hot|Tout_extreme|soc_full|ewh_hot|dish3|wash3|dry3,26,16,1.0
cooling_setpoint_c,weekday|h20|occ1|evhome1|Tin_hot|Tout_extreme|soc_full|ewh_low|dish3|wash3|dry3,26,1,1.0
cooling_setpoint_c,weekday|h20|occ1|evhome1|Tin_hot|Tout_extreme|soc_full|ewh_normal|dish3|wash3|dry3,26,1,1.0
cooling_setpoint_c,weekday|h21|occ1|evhome1|Tin_hot|Tout_extreme|soc_full|ewh_normal|dish3|wash3|dry3,26,7,1.0
cooling_setpoint_c,weekday|h13|occ0|evhome0|Tin_warm|Tout_extreme|soc_target|ewh_normal|dish3|wash3|dry3,26,3,1.0
cooling_setpoint_c,weekday|h13|occ0|evhome0|Tin_warm|Tout_extreme|soc_target|ewh_hot|dish3|wash3|dry3,26,2,1.0
cooling_setpoint_c,weekday|h18|occ1|evhome1|Tin_warm|Tout_extreme|soc_full|ewh_normal|dish3|wash3|dry3,26,1,1.0
cooling_setpoint_c,weekday|h18|occ1|evhome1|Tin_hot|Tout_extreme|soc_full|ewh_hot|dish3|wash3|dry3,26,1,1.0
cooling_setpoint_c,weekday|h21|occ1|evhome1|Tin_hot|Tout_extreme|soc_full|ewh_hot|dish3|wash3|dry3,26,4,1.0
cooling_setpoint_c,weekday|h21|occ1|evhome1|Tin_hot|Tout_extreme|soc_full|ewh_low|dish3|wash3|dry3,26,3,1.0
cooling_setpoint_c,weekday|h22|occ1|evhome1|Tin_hot|Tout_extreme|soc_full|ewh_normal|dish3|wash3|dry3,26,1,1.0
cooling_setpoint_c,weekday|h07|occ1|evhome1|Tin_warm|Tout_hot|soc_full|ewh_low|dish3|wash3|dry3,26,1,1.0
cooling_setpoint_c,weekday|h18|occ0|evhome0|Tin_hot|Tout_extreme|soc_target|ewh_normal|dish3|wash3|dry3,26,1,1.0
cooling_setpoint_c,weekday|h18|occ1|evhome1|Tin_hot|Tout_extreme|soc_target|ewh_normal|dish3|wash3|dry3,26,2,1.0
cooling_setpoint_c,weekday|h18|occ1|evhome1|Tin_hot|Tout_extreme|soc_target|ewh_hot|dish3|wash3|dry3,26,1,1.0
cooling_setpoint_c,weekday|h19|occ1|evhome1|Tin_hot|Tout_extreme|soc_target|ewh_normal|dish3|wash3|dry3,26,5,1.0
cooling_setpoint_c,weekday|h22|occ1|evhome1|Tin_hot|Tout_extreme|soc_full|ewh_hot|dish3|wash3|dry3,26,5,1.0
cooling_setpoint_c,weekday|h22|occ0|evhome1|Tin_warm|Tout_extreme|soc_full|ewh_hot|dish3|wash3|dry3,26,1,1.0
cooling_setpoint_c,weekday|h22|occ0|evhome1|dish3|wash3|dry3,26,1,1.0
cooling_setpoint_c,weekend|h01|occ1|evhome1|Tin_warm|Tout_extreme|soc_full|ewh_hot|dish3|wash3|dry3,26,1,1.0
cooling_setpoint_c,weekend|h02|occ1|evhome1|Tin_warm|Tout_extreme|soc_full|ewh_normal|dish3|wash3|dry3,26,5,1.0
cooling_setpoint_c,weekend|h02|occ1|evhome1|Tin_warm|Tout_extreme|soc_full|ewh_hot|dish3|wash3|dry3,26,1,1.0
cooling_setpoint_c,weekend|h12|occ0|evhome0|Tin_warm|Tout_hot|soc_target|ewh_hot|dish3|wash3|dry3,26,1,1.0
cooling_setpoint_c,weekend|h13|occ1|evhome1|Tin_warm|Tout_hot|soc_target|ewh_normal|dish3|wash3|dry3,26,1,1.0
cooling_setpoint_c,weekend|h13|occ1|evhome1|Tin_warm|Tout_extreme|soc_target|ewh_normal|dish3|wash3|dry3,26,1,1.0
cooling_setpoint_c,weekend|h13|occ1|evhome1|Tin_warm|Tout_extreme|soc_full|ewh_hot|dish3|wash3|dry3,26,2,1.0
cooling_setpoint_c,weekend|h13|occ1|evhome1|Tin_warm|Tout_extreme|soc_full|ewh_normal|dish3|wash3|dry3,26,8,1.0
cooling_setpoint_c,weekend|h14|occ1|evhome1|Tin_warm|Tout_extreme|soc_full|ewh_hot|dish3|wash3|dry3,26,2,1.0
cooling_setpoint_c,weekend|h17|occ1|evhome1|Tin_hot|Tout_extreme|soc_full|ewh_normal|dish3|wash3|dry3,26,4,1.0
cooling_setpoint_c,weekend|h18|occ1|evhome1|Tin_hot|Tout_extreme|soc_full|ewh_normal|dish3|wash3|dry3,26,10,1.0
cooling_setpoint_c,weekend|h18|occ1|evhome1|Tin_hot|Tout_extreme|soc_full|ewh_hot|dish3|wash3|dry3,26,2,1.0
cooling_setpoint_c,weekend|h19|occ1|evhome1|Tin_hot|Tout_extreme|soc_full|ewh_normal|dish3|wash3|dry3,26,10,1.0
cooling_setpoint_c,weekend|h19|occ1|evhome1|Tin_hot|Tout_extreme|soc_full|ewh_hot|dish3|wash3|dry3,26,2,1.0
cooling_setpoint_c,weekend|h20|occ1|evhome1|Tin_hot|Tout_extreme|soc_full|ewh_hot|dish3|wash3|dry3,26,12,1.0
cooling_setpoint_c,weekend|h21|occ1|evhome1|Tin_hot|Tout_extreme|soc_full|ewh_hot|dish3|wash3|dry3,26,6,1.0
cooling_setpoint_c,weekend|h21|occ1|evhome1|Tin_hot|Tout_extreme|soc_full|ewh_low|dish3|wash3|dry3,26,1,1.0
cooling_setpoint_c,weekend|h21|occ1|evhome1|Tin_hot|Tout_extreme|soc_full|ewh_normal|dish3|wash3|dry3,26,5,1.0
cooling_setpoint_c,weekend|h22|occ1|evhome1|Tin_hot|Tout_extreme|soc_full|ewh_hot|dish3|wash3|dry3,26,12,1.0
cooling_setpoint_c,weekend|h23|occ1|evhome1|Tin_hot|Tout_extreme|soc_full|ewh_normal|dish3|wash3|dry3,26,5,1.0
cooling_setpoint_c,weekend|h01|occ0|evhome1|Tin_warm|Tout_extreme|soc_full|ewh_hot|dish3|wash3|dry3,26,1,1.0
cooling_setpoint_c,weekend|h02|occ0|evhome1|Tin_warm|Tout_extreme|soc_full|ewh_normal|dish3|wash3|dry3,26,5,1.0
cooling_setpoint_c,weekend|h02|occ0|evhome1|Tin_warm|Tout_extreme|soc_full|ewh_hot|dish3|wash3|dry3,26,1,1.0
cooling_setpoint_c,weekend|h03|occ0|evhome1|Tin_warm|Tout_extreme|soc_full|ewh_normal|dish3|wash3|dry3,26,2,1.0
cooling_setpoint_c,weekend|h12|occ1|evhome1|Tin_warm|Tout_extreme|soc_full|ewh_normal|dish3|wash3|dry3,26,1,1.0
ev_charge_request,weekday|h00|occ0|evhome1|Tin_warm|Tout_hot|soc_full|ewh_normal|dish1|wash1|dry1,0,5,1.0
ev_charge_request,weekday|h00|occ0|evhome1|dish1|wash1|dry1,0,6,1.0
ev_charge_request,weekday|h00,0,60,1.0
ev_charge_request,h00,0,84,1.0
ev_charge_request,GLOBAL,0,1914,0.9498759305210918
ev_charge_request,GLOBAL,1,101,0.05012406947890819
ev_charge_request,weekday|h00|occ0|evhome1|Tin_warm|Tout_hot|soc_full|ewh_hot|dish1|wash1|dry1,0,1,1.0
ev_charge_request,weekday|h01|occ0|evhome1|Tin_warm|Tout_hot|soc_full|ewh_normal|dish1|wash1|dry1,0,5,1.0
ev_charge_request,weekday|h01|occ0|evhome1|dish1|wash1|dry1,0,6,1.0
ev_charge_request,weekday|h01,0,60,1.0
ev_charge_request,h01,0,84,1.0
ev_charge_request,weekday|h01|occ0|evhome1|Tin_warm|Tout_hot|soc_full|ewh_hot|dish1|wash1|dry1,0,1,1.0
ev_charge_request,weekday|h02|occ0|evhome1|Tin_warm|Tout_hot|soc_full|ewh_normal|dish1|wash1|dry1,0,5,1.0
ev_charge_request,weekday|h02|occ0|evhome1|dish1|wash1|dry1,0,6,1.0
ev_charge_request,weekday|h02,0,60,1.0
ev_charge_request,h02,0,84,1.0
ev_charge_request,weekday|h02|occ0|evhome1|Tin_warm|Tout_hot|soc_full|ewh_hot|dish1|wash1|dry1,0,1,1.0
ev_charge_request,weekday|h03|occ0|evhome1|Tin_warm|Tout_hot|soc_full|ewh_normal|dish1|wash1|dry1,0,5,1.0
ev_charge_request,weekday|h03|occ0|evhome1|dish1|wash1|dry1,0,6,1.0
ev_charge_request,weekday|h03,0,60,1.0
ev_charge_request,h03,0,84,1.0
ev_charge_request,weekday|h03|occ0|evhome1|Tin_warm|Tout_hot|soc_full|ewh_hot|dish1|wash1|dry1,0,1,1.0
ev_charge_request,weekday|h04|occ0|evhome1|Tin_warm|Tout_hot|soc_full|ewh_normal|dish1|wash1|dry1,0,5,1.0
ev_charge_request,weekday|h04|occ0|evhome1|dish1|wash1|dry1,0,6,1.0
ev_charge_request,weekday|h04,0,60,1.0
ev_charge_request,h04,0,84,1.0
ev_charge_request,weekday|h04|occ0|evhome1|Tin_warm|Tout_hot|soc_full|ewh_hot|dish1|wash1|dry1,0,1,1.0
ev_charge_request,weekday|h05|occ0|evhome1|Tin_warm|Tout_hot|soc_full|ewh_hot|dish1|wash1|dry1,0,6,1.0
ev_charge_request,weekday|h05|occ0|evhome1|dish1|wash1|dry1,0,6,1.0
ev_charge_request,weekday|h05,0,60,1.0
ev_charge_request,h05,0,84,1.0
ev_charge_request,weekday|h06|occ0|evhome1|Tin_warm|Tout_hot|soc_full|ewh_hot|dish1|wash1|dry1,0,4,1.0
ev_charge_request,weekday|h06|occ0|evhome1|dish1|wash1|dry1,0,4,1.0
ev_charge_request,weekday|h06,0,60,1.0
ev_charge_request,h06,0,84,1.0
ev_charge_request,weekday|h06|occ1|evhome1|Tin_comfort|Tout_hot|soc_full|ewh_normal|dish1|wash1|dry1,0,2,1.0
ev_charge_request,weekday|h06|occ1|evhome1|dish1|wash1|dry1,0,2,1.0
ev_charge_request,weekday|h07|occ1|evhome1|Tin_comfort|Tout_hot|soc_full|ewh_normal|dish1|wash1|dry1,0,1,1.0
ev_charge_request,weekday|h07|occ1|evhome1|dish1|wash1|dry1,0,5,1.0
ev_charge_request,weekday|h07,0,60,1.0
ev_charge_request,h07,0,84,1.0
ev_charge_request,weekday|h07|occ1|evhome1|Tin_comfort|Tout_hot|soc_full|ewh_hot|dish1|wash1|dry1,0,4,1.0
ev_charge_request,weekday|h07|occ0|evhome0|Tin_comfort|Tout_hot|soc_target|ewh_hot|dish1|wash1|dry1,0,1,1.0
ev_charge_request,weekday|h07|occ0|evhome0|dish1|wash1|dry1,0,1,1.0
ev_charge_request,weekday|h08|occ0|evhome0|Tin_comfort|Tout_hot|soc_target|ewh_normal|dish1|wash1|dry1,0,5,1.0
ev_charge_request,weekday|h08|occ0|evhome0|dish1|wash1|dry1,0,6,1.0
ev_charge_request,weekday|h08,0,60,1.0
ev_charge_request,h08,0,84,1.0
ev_charge_request,weekday|h08|occ0|evhome0|Tin_comfort|Tout_hot|soc_target|ewh_hot|dish1|wash1|dry1,0,1,1.0
ev_charge_request,weekday|h09|occ0|evhome0|Tin_comfort|Tout_hot|soc_target|ewh_normal|dish1|wash1|dry1,0,5,1.0
ev_charge_request,weekday|h09|occ0|evhome0|dish1|wash1|dry1,0,6,1.0
ev_charge_request,weekday|h09,0,60,1.0
ev_charge_request,h09,0,84,1.0
ev_charge_request,weekday|h09|occ0|evhome0|Tin_comfort|Tout_hot|soc_target|ewh_hot|dish1|wash1|dry1,0,1,1.0
ev_charge_request,weekday|h10|occ0|evhome0|Tin_comfort|Tout_hot|soc_target|ewh_normal|dish1|wash1|dry1,0,5,1.0
ev_charge_request,weekday|h10|occ0|evhome0|dish1|wash1|dry1,0,6,1.0
ev_charge_request,weekday|h10,0,60,1.0
ev_charge_request,h10,0,84,1.0
ev_charge_request,weekday|h10|occ0|evhome0|Tin_comfort|Tout_hot|soc_target|ewh_hot|dish1|wash1|dry1,0,1,1.0
ev_charge_request,weekday|h11|occ0|evhome0|Tin_comfort|Tout_hot|soc_target|ewh_normal|dish1|wash1|dry1,0,5,1.0
ev_charge_request,weekday|h11|occ0|evhome0|dish1|wash1|dry1,0,6,1.0
ev_charge_request,weekday|h11,0,60,1.0
ev_charge_request,h11,0,84,1.0
ev_charge_request,weekday|h11|occ0|evhome0|Tin_comfort|Tout_hot|soc_target|ewh_hot|dish1|wash1|dry1,0,1,1.0
ev_charge_request,weekday|h12|occ0|evhome0|Tin_comfort|Tout_hot|soc_target|ewh_normal|dish1|wash1|dry1,0,5,1.0
ev_charge_request,weekday|h12|occ0|evhome0|dish1|wash1|dry1,0,6,1.0
ev_charge_request,weekday|h12,0,60,1.0
ev_charge_request,h12,0,79,0.9404761904761905
ev_charge_request,h12,1,5,0.05952380952380952
ev_charge_request,weekday|h12|occ0|evhome0|Tin_comfort|Tout_hot|soc_target|ewh_hot|dish1|wash1|dry1,0,1,1.0
ev_charge_request,weekday|h13|occ0|evhome0|Tin_comfort|Tout_hot|soc_target|ewh_normal|dish1|wash1|dry1,0,2,1.0
ev_charge_request,weekday|h13|occ0|evhome0|dish1|wash1|dry1,0,6,1.0
ev_charge_request,weekday|h13,0,60,1.0
ev_charge_request,h13,0,81,0.9642857142857143
ev_charge_request,h13,1,3,0.03571428571428571
ev_charge_request,weekday|h13|occ0|evhome0|Tin_warm|Tout_hot|soc_target|ewh_normal|dish1|wash1|dry1,0,3,1.0
ev_charge_request,weekday|h13|occ0|evhome0|Tin_warm|Tout_hot|soc_target|ewh_hot|dish1|wash1|dry1,0,1,1.0
ev_charge_request,weekday|h14|occ0|evhome0|Tin_warm|Tout_hot|soc_target|ewh_normal|dish1|wash1|dry1,0,5,1.0
ev_charge_request,weekday|h14|occ0|evhome0|dish1|wash1|dry1,0,6,1.0
ev_charge_request,weekday|h14,0,60,1.0
ev_charge_request,h14,0,84,1.0
ev_charge_request,weekday|h14|occ0|evhome0|Tin_warm|Tout_hot|soc_target|ewh_hot|dish1|wash1|dry1,0,1,1.0
ev_charge_request,weekday|h15|occ0|evhome0|Tin_warm|Tout_hot|soc_target|ewh_normal|dish1|wash1|dry1,0,5,1.0
ev_charge_request,weekday|h15|occ0|evhome0|dish1|wash1|dry1,0,6,1.0
ev_charge_request,weekday|h15,0,60,1.0
ev_charge_request,h15,0,84,1.0
ev_charge_request,weekday|h15|occ0|evhome0|Tin_warm|Tout_hot|soc_target|ewh_hot|dish1|wash1|dry1,0,1,1.0
ev_charge_request,weekday|h16|occ0|evhome0|Tin_warm|Tout_hot|soc_target|ewh_normal|dish1|wash1|dry1,0,3,1.0
ev_charge_request,weekday|h16|occ0|evhome0|dish1|wash1|dry1,0,6,1.0
ev_charge_request,weekday|h16,0,60,1.0
ev_charge_request,h16,0,84,1.0
ev_charge_request,weekday|h16|occ0|evhome0|Tin_warm|Tout_extreme|soc_target|ewh_normal|dish1|wash1|dry1,0,2,1.0
ev_charge_request,weekday|h16|occ0|evhome0|Tin_warm|Tout_extreme|soc_target|ewh_hot|dish1|wash1|dry1,0,1,1.0
ev_charge_request,weekday|h17|occ0|evhome0|Tin_warm|Tout_extreme|soc_target|ewh_normal|dish1|wash1|dry1,0,5,1.0
ev_charge_request,weekday|h17|occ0|evhome0|dish1|wash1|dry1,0,6,1.0
ev_charge_request,weekday|h17,0,53,0.8833333333333333
ev_charge_request,weekday|h17,1,7,0.11666666666666667
ev_charge_request,h17,0,77,0.9166666666666666
ev_charge_request,h17,1,7,0.08333333333333333
ev_charge_request,weekday|h17|occ0|evhome0|Tin_warm|Tout_extreme|soc_target|ewh_hot|dish1|wash1|dry1,0,1,1.0
ev_charge_request,weekday|h18|occ0|evhome0|Tin_warm|Tout_extreme|soc_target|ewh_normal|dish1|wash1|dry1,0,2,1.0
ev_charge_request,weekday|h18|occ0|evhome0|dish1|wash1|dry1,0,2,1.0
ev_charge_request,weekday|h18,0,13,0.21666666666666667
ev_charge_request,weekday|h18,1,47,0.7833333333333333
ev_charge_request,h18,0,37,0.44047619047619047
ev_charge_request,h18,1,47,0.5595238095238095
ev_charge_request,weekday|h18|occ1|evhome1|Tin_warm|Tout_extreme|soc_target|ewh_normal|dish1|wash1|dry1,1,3,1.0
ev_charge_request,weekday|h18|occ1|evhome1|dish1|wash1|dry1,1,4,1.0
ev_charge_request,weekday|h18|occ1|evhome1|Tin_warm|Tout_extreme|soc_target|ewh_hot|dish1|wash1|dry1,1,1,1.0
ev_charge_request,weekday|h19|occ1|evhome1|Tin_warm|Tout_extreme|soc_target|ewh_normal|dish1|wash1|dry1,1,2,1.0
ev_charge_request,weekday|h19|occ1|evhome1|dish1|wash1|dry1,1,2,1.0
ev_charge_request,weekday|h19,1,39,0.65
ev_charge_request,weekday|h19,0,21,0.35
ev_charge_request,h19,1,39,0.4642857142857143
ev_charge_request,h19,0,45,0.5357142857142857
ev_charge_request,weekday|h19|occ1|evhome1|Tin_warm|Tout_extreme|soc_target|ewh_normal|dish2|wash1|dry1,1,2,1.0
ev_charge_request,weekday|h19|occ1|evhome1|dish2|wash1|dry1,1,3,0.75
ev_charge_request,weekday|h19|occ1|evhome1|dish2|wash1|dry1,0,1,0.25
ev_charge_request,weekday|h19|occ1|evhome1|Tin_warm|Tout_extreme|soc_full|ewh_normal|dish2|wash1|dry1,1,1,1.0
ev_charge_request,weekday|h19|occ1|evhome1|Tin_warm|Tout_extreme|soc_full|ewh_hot|dish2|wash1|dry1,0,1,1.0
ev_charge_request,weekday|h20|occ1|evhome1|Tin_warm|Tout_extreme|soc_full|ewh_hot|dish2|wash1|dry1,0,4,1.0
ev_charge_request,weekday|h20|occ1|evhome1|dish2|wash1|dry1,0,4,1.0
ev_charge_request,weekday|h20,0,60,1.0
ev_charge_request,h20,0,84,1.0
ev_charge_request,weekday|h20|occ1|evhome1|Tin_warm|Tout_extreme|soc_full|ewh_hot|dish3|wash1|dry1,0,2,1.0
ev_charge_request,weekday|h20|occ1|evhome1|dish3|wash1|dry1,0,2,1.0
ev_charge_request,weekday|h21|occ1|evhome1|Tin_warm|Tout_extreme|soc_full|ewh_low|dish3|wash1|dry1,0,1,1.0
ev_charge_request,weekday|h21|occ1|evhome1|dish3|wash1|dry1,0,6,1.0
ev_charge_request,weekday|h21,0,60,1.0
ev_charge_request,h21,0,84,1.0
ev_charge_request,weekday|h21|occ1|evhome1|Tin_warm|Tout_extreme|soc_full|ewh_normal|dish3|wash1|dry1,0,3,1.0
ev_charge_request,weekday|h21|occ1|evhome1|Tin_warm|Tout_extreme|soc_full|ewh_hot|dish3|wash1|dry1,0,2,1.0
ev_charge_request,weekday|h22|occ1|evhome1|Tin_warm|Tout_extreme|soc_full|ewh_hot|dish3|wash1|dry1,0,6,1.0
ev_charge_request,weekday|h22|occ1|evhome1|dish3|wash1|dry1,0,6,1.0
ev_charge_request,weekday|h22,0,60,1.0
ev_charge_request,h22,0,84,1.0
ev_charge_request,weekday|h23|occ1|evhome1|Tin_warm|Tout_extreme|soc_full|ewh_normal|dish3|wash1|dry1,0,3,1.0
ev_charge_request,weekday|h23|occ1|evhome1|dish3|wash1|dry1,0,3,1.0
ev_charge_request,weekday|h23,0,60,1.0
ev_charge_request,h23,0,83,1.0
ev_charge_request,weekday|h23|occ0|evhome1|Tin_warm|Tout_extreme|soc_full|ewh_normal|dish3|wash1|dry1,0,1,1.0
ev_charge_request,weekday|h23|occ0|evhome1|dish3|wash1|dry1,0,3,1.0
ev_charge_request,weekday|h23|occ0|evhome1|Tin_warm|Tout_hot|soc_full|ewh_normal|dish3|wash1|dry1,0,1,1.0
ev_charge_request,weekday|h23|occ0|evhome1|Tin_warm|Tout_hot|soc_full|ewh_hot|dish3|wash1|dry1,0,1,1.0
ev_charge_request,weekday|h00|occ0|evhome1|Tin_warm|Tout_hot|soc_full|ewh_normal|dish3|wash1|dry1,0,5,1.0
ev_charge_request,weekday|h00|occ0|evhome1|dish3|wash1|dry1,0,6,1.0
ev_charge_request,weekday|h00|occ0|evhome1|Tin_warm|Tout_hot|soc_full|ewh_hot|dish3|wash1|dry1,0,1,1.0
ev_charge_request,weekday|h01|occ0|evhome1|Tin_warm|Tout_hot|soc_full|ewh_normal|dish3|wash1|dry1,0,5,1.0
ev_charge_request,weekday|h01|occ0|evhome1|dish3|wash1|dry1,0,6,1.0
ev_charge_request,weekday|h01|occ0|evhome1|Tin_warm|Tout_hot|soc_full|ewh_hot|dish3|wash1|dry1,0,1,1.0
ev_charge_request,weekday|h02|occ0|evhome1|Tin_warm|Tout_hot|soc_full|ewh_normal|dish3|wash1|dry1,0,5,1.0
ev_charge_request,weekday|h02|occ0|evhome1|dish3|wash1|dry1,0,6,1.0
ev_charge_request,weekday|h02|occ0|evhome1|Tin_warm|Tout_hot|soc_full|ewh_hot|dish3|wash1|dry1,0,1,1.0
ev_charge_request,weekday|h03|occ0|evhome1|Tin_warm|Tout_hot|soc_full|ewh_normal|dish3|wash1|dry1,0,5,1.0
ev_charge_request,weekday|h03|occ0|evhome1|dish3|wash1|dry1,0,6,1.0
ev_charge_request,weekday|h03|occ0|evhome1|Tin_warm|Tout_hot|soc_full|ewh_hot|dish3|wash1|dry1,0,1,1.0
ev_charge_request,weekday|h04|occ0|evhome1|Tin_warm|Tout_hot|soc_full|ewh_normal|dish3|wash1|dry1,0,5,1.0
ev_charge_request,weekday|h04|occ0|evhome1|dish3|wash1|dry1,0,6,1.0
ev_charge_request,weekday|h04|occ0|evhome1|Tin_warm|Tout_hot|soc_full|ewh_hot|dish3|wash1|dry1,0,1,1.0
ev_charge_request,weekday|h05|occ0|evhome1|Tin_warm|Tout_hot|soc_full|ewh_hot|dish3|wash1|dry1,0,6,1.0
ev_charge_request,weekday|h05|occ0|evhome1|dish3|wash1|dry1,0,6,1.0
ev_charge_request,weekday|h06|occ0|evhome1|Tin_warm|Tout_hot|soc_full|ewh_hot|dish3|wash1|dry1,0,1,1.0
ev_charge_request,weekday|h06|occ0|evhome1|dish3|wash1|dry1,0,1,1.0
ev_charge_request,weekday|h06|occ1|evhome1|Tin_warm|Tout_hot|soc_full|ewh_hot|dish3|wash1|dry1,0,4,1.0
ev_charge_request,weekday|h06|occ1|evhome1|dish3|wash1|dry1,0,5,1.0
ev_charge_request,weekday|h06|occ1|evhome1|Tin_warm|Tout_hot|soc_full|ewh_normal|dish3|wash1|dry1,0,1,1.0
ev_charge_request,weekday|h07|occ1|evhome1|Tin_warm|Tout_hot|soc_full|ewh_normal|dish3|wash1|dry1,0,1,1.0
ev_charge_request,weekday|h07|occ1|evhome1|dish3|wash1|dry1,0,6,1.0
ev_charge_request,weekday|h07|occ1|evhome1|Tin_comfort|Tout_hot|soc_full|ewh_normal|dish3|wash1|dry1,0,1,1.0
ev_charge_request,weekday|h07|occ1|evhome1|Tin_comfort|Tout_hot|soc_full|ewh_hot|dish3|wash1|dry1,0,4,1.0
ev_charge_request,weekday|h08|occ0|evhome0|Tin_comfort|Tout_hot|soc_target|ewh_normal|dish3|wash1|dry1,0,5,1.0
ev_charge_request,weekday|h08|occ0|evhome0|dish3|wash1|dry1,0,6,1.0
ev_charge_request,weekday|h08|occ0|evhome0|Tin_comfort|Tout_hot|soc_target|ewh_hot|dish3|wash1|dry1,0,1,1.0
ev_charge_request,weekday|h09|occ0|evhome0|Tin_comfort|Tout_hot|soc_target|ewh_normal|dish3|wash1|dry1,0,5,1.0
ev_charge_request,weekday|h09|occ0|evhome0|dish3|wash1|dry1,0,6,1.0
ev_charge_request,weekday|h09|occ0|evhome0|Tin_comfort|Tout_hot|soc_target|ewh_hot|dish3|wash1|dry1,0,1,1.0
ev_charge_request,weekday|h10|occ0|evhome0|Tin_comfort|Tout_hot|soc_target|ewh_normal|dish3|wash1|dry1,0,5,1.0
ev_charge_request,weekday|h10|occ0|evhome0|dish3|wash1|dry1,0,6,1.0
ev_charge_request,weekday|h10|occ0|evhome0|Tin_comfort|Tout_hot|soc_target|ewh_hot|dish3|wash1|dry1,0,1,1.0
ev_charge_request,weekday|h11|occ0|evhome0|Tin_comfort|Tout_hot|soc_target|ewh_normal|dish3|wash1|dry1,0,5,1.0
ev_charge_request,weekday|h11|occ0|evhome0|dish3|wash1|dry1,0,6,1.0
ev_charge_request,weekday|h11|occ0|evhome0|Tin_comfort|Tout_hot|soc_target|ewh_hot|dish3|wash1|dry1,0,1,1.0
ev_charge_request,weekday|h12|occ0|evhome0|Tin_comfort|Tout_hot|soc_target|ewh_normal|dish3|wash1|dry1,0,5,1.0
ev_charge_request,weekday|h12|occ0|evhome0|dish3|wash1|dry1,0,6,1.0
ev_charge_request,weekday|h12|occ0|evhome0|Tin_warm|Tout_hot|soc_target|ewh_hot|dish3|wash1|dry1,0,1,1.0
ev_charge_request,weekday|h13|occ0|evhome0|Tin_warm|Tout_hot|soc_target|ewh_normal|dish3|wash1|dry1,0,5,1.0
ev_charge_request,weekday|h13|occ0|evhome0|dish3|wash1|dry1,0,6,1.0
ev_charge_request,weekday|h13|occ0|evhome0|Tin_warm|Tout_hot|soc_target|ewh_hot|dish3|wash1|dry1,0,1,1.0
ev_charge_request,weekday|h14|occ0|evhome0|Tin_warm|Tout_hot|soc_target|ewh_normal|dish3|wash1|dry1,0,5,1.0
ev_charge_request,weekday|h14|occ0|evhome0|dish3|wash1|dry1,0,6,1.0
ev_charge_request,weekday|h14|occ0|evhome0|Tin_warm|Tout_hot|soc_target|ewh_hot|dish3|wash1|dry1,0,1,1.0
ev_charge_request,weekday|h15|occ0|evhome0|Tin_warm|Tout_hot|soc_target|ewh_normal|dish3|wash1|dry1,0,5,1.0
ev_charge_request,weekday|h15|occ0|evhome0|dish3|wash1|dry1,0,6,1.0
ev_charge_request,weekday|h15|occ0|evhome0|Tin_warm|Tout_hot|soc_target|ewh_hot|dish3|wash1|dry1,0,1,1.0
ev_charge_request,weekday|h16|occ0|evhome0|Tin_warm|Tout_hot|soc_target|ewh_normal|dish3|wash1|dry1,0,1,1.0
ev_charge_request,weekday|h16|occ0|evhome0|dish3|wash1|dry1,0,6,1.0
ev_charge_request,weekday|h16|occ0|evhome0|Tin_warm|Tout_extreme|soc_target|ewh_normal|dish3|wash1|dry1,0,4,1.0
ev_charge_request,weekday|h16|occ0|evhome0|Tin_warm|Tout_extreme|soc_target|ewh_hot|dish3|wash1|dry1,0,1,1.0
ev_charge_request,weekday|h17|occ0|evhome0|Tin_warm|Tout_extreme|soc_target|ewh_normal|dish3|wash1|dry1,0,5,1.0
ev_charge_request,weekday|h17|occ0|evhome0|dish3|wash1|dry1,0,6,1.0
ev_charge_request,weekday|h17|occ0|evhome0|Tin_warm|Tout_extreme|soc_target|ewh_hot|dish3|wash1|dry1,0,1,1.0
ev_charge_request,weekday|h18|occ0|evhome0|Tin_warm|Tout_extreme|soc_target|ewh_normal|dish3|wash1|dry1,0,1,1.0
ev_charge_request,weekday|h18|occ0|evhome0|dish3|wash1|dry1,0,1,1.0
ev_charge_request,weekday|h18|occ1|evhome1|Tin_warm|Tout_extreme|soc_target|ewh_normal|dish3|wash1|dry1,1,4,1.0
ev_charge_request,weekday|h18|occ1|evhome1|dish3|wash1|dry1,1,5,1.0
ev_charge_request,weekday|h18|occ1|evhome1|Tin_warm|Tout_extreme|soc_target|ewh_hot|dish3|wash1|dry1,1,1,1.0
ev_charge_request,weekday|h19|occ1|evhome1|Tin_warm|Tout_extreme|soc_target|ewh_normal|dish3|wash1|dry1,1,1,1.0
ev_charge_request,weekday|h19|occ1|evhome1|dish3|wash1|dry1,1,1,1.0
ev_charge_request,weekday|h19|occ1|evhome1|Tin_warm|Tout_extreme|soc_target|ewh_normal|dish3|wash2|dry1,1,3,1.0
ev_charge_request,weekday|h19|occ1|evhome1|dish3|wash2|dry1,1,4,0.8
ev_charge_request,weekday|h19|occ1|evhome1|dish3|wash2|dry1,0,1,0.2
ev_charge_request,weekday|h19|occ1|evhome1|Tin_warm|Tout_extreme|soc_full|ewh_normal|dish3|wash2|dry1,1,1,1.0
ev_charge_request,weekday|h19|occ1|evhome1|Tin_warm|Tout_extreme|soc_full|ewh_hot|dish3|wash2|dry1,0,1,1.0
ev_charge_request,weekday|h20|occ1|evhome1|Tin_warm|Tout_extreme|soc_full|ewh_hot|dish3|wash3|dry1,0,2,1.0
ev_charge_request,weekday|h20|occ1|evhome1|dish3|wash3|dry1,0,2,1.0
ev_charge_request,weekday|h20|occ1|evhome1|Tin_warm|Tout_extreme|soc_full|ewh_hot|dish3|wash3|dry2,0,4,1.0
ev_charge_request,weekday|h20|occ1|evhome1|dish3|wash3|dry2,0,4,1.0
ev_charge_request,weekday|h21|occ1|evhome1|Tin_warm|Tout_extreme|soc_full|ewh_hot|dish3|wash3|dry2,0,1,1.0
ev_charge_request,weekday|h21|occ1|evhome1|dish3|wash3|dry2,0,1,1.0
ev_charge_request,weekday|h21|occ1|evhome1|Tin_warm|Tout_extreme|soc_full|ewh_normal|dish3|wash3|dry3,0,17,1.0
ev_charge_request,weekday|h21|occ1|evhome1|dish3|wash3|dry3,0,53,1.0
ev_charge_request,weekday|h21|occ1|evhome1|Tin_warm|Tout_extreme|soc_full|ewh_hot|dish3|wash3|dry3,0,19,1.0
ev_charge_request,weekday|h22|occ1|evhome1|Tin_warm|Tout_extreme|soc_full|ewh_hot|dish3|wash3|dry3,0,46,1.0
ev_charge_request,weekday|h22|occ1|evhome1|dish3|wash3|dry3,0,53,1.0
ev_charge_request,weekday|h23|occ1|evhome1|Tin_warm|Tout_extreme|soc_full|ewh_normal|dish3|wash3|dry3,0,14,1.0
ev_charge_request,weekday|h23|occ1|evhome1|dish3|wash3|dry3,0,14,1.0
ev_charge_request,weekday|h23|occ0|evhome1|Tin_warm|Tout_extreme|soc_full|ewh_normal|dish3|wash3|dry3,0,31,1.0
ev_charge_request,weekday|h23|occ0|evhome1|dish3|wash3|dry3,0,40,1.0
ev_charge_request,weekday|h23|occ0|evhome1|Tin_warm|Tout_extreme|soc_full|ewh_hot|dish3|wash3|dry3,0,9,1.0
ev_charge_request,weekday|h00|occ0|evhome1|Tin_warm|Tout_extreme|soc_full|ewh_normal|dish3|wash3|dry3,0,35,1.0
ev_charge_request,weekday|h00|occ0|evhome1|dish3|wash3|dry3,0,48,1.0
ev_charge_request,weekday|h00|occ0|evhome1|Tin_warm|Tout_hot|soc_full|ewh_normal|dish3|wash3|dry3,0,5,1.0
ev_charge_request,weekday|h00|occ0|evhome1|Tin_warm|Tout_hot|soc_full|ewh_hot|dish3|wash3|dry3,0,3,1.0
ev_charge_request,weekday|h01|occ0|evhome1|Tin_warm|Tout_hot|soc_full|ewh_normal|dish3|wash3|dry3,0,16,1.0
ev_charge_request,weekday|h01|occ0|evhome1|dish3|wash3|dry3,0,48,1.0
ev_charge_request,weekday|h01|occ0|evhome1|Tin_warm|Tout_hot|soc_full|ewh_hot|dish3|wash3|dry3,0,4,1.0
ev_charge_request,weekday|h02|occ0|evhome1|Tin_warm|Tout_hot|soc_full|ewh_normal|dish3|wash3|dry3,0,32,1.0
ev_charge_request,weekday|h02|occ0|evhome1|dish3|wash3|dry3,0,48,1.0
ev_charge_request,weekday|h02|occ0|evhome1|Tin_warm|Tout_hot|soc_full|ewh_hot|dish3|wash3|dry3,0,8,1.0
ev_charge_request,weekday|h03|occ0|evhome1|Tin_warm|Tout_hot|soc_full|ewh_normal|dish3|wash3|dry3,0,40,1.0
ev_charge_request,weekday|h03|occ0|evhome1|dish3|wash3|dry3,0,48,1.0
ev_charge_request,weekday|h03|occ0|evhome1|Tin_warm|Tout_hot|soc_full|ewh_hot|dish3|wash3|dry3,0,8,1.0
ev_charge_request,weekday|h04|occ0|evhome1|Tin_warm|Tout_hot|soc_full|ewh_normal|dish3|wash3|dry3,0,40,1.0
ev_charge_request,weekday|h04|occ0|evhome1|dish3|wash3|dry3,0,48,1.0
ev_charge_request,weekday|h04|occ0|evhome1|Tin_warm|Tout_hot|soc_full|ewh_hot|dish3|wash3|dry3,0,8,1.0
ev_charge_request,weekday|h05|occ0|evhome1|Tin_warm|Tout_hot|soc_full|ewh_hot|dish3|wash3|dry3,0,48,1.0
ev_charge_request,weekday|h05|occ0|evhome1|dish3|wash3|dry3,0,48,1.0
ev_charge_request,weekday|h06|occ0|evhome1|Tin_warm|Tout_hot|soc_full|ewh_hot|dish3|wash3|dry3,0,27,1.0
ev_charge_request,weekday|h06|occ0|evhome1|dish3|wash3|dry3,0,27,1.0
ev_charge_request,weekday|h06|occ1|evhome1|Tin_warm|Tout_hot|soc_full|ewh_hot|dish3|wash3|dry3,0,20,1.0
ev_charge_request,weekday|h06|occ1|evhome1|dish3|wash3|dry3,0,21,1.0
ev_charge_request,weekday|h07|occ1|evhome1|Tin_warm|Tout_hot|soc_full|ewh_normal|dish3|wash3|dry3,0,22,1.0
ev_charge_request,weekday|h07|occ1|evhome1|dish3|wash3|dry3,0,44,1.0
ev_charge_request,weekday|h07|occ1|evhome1|Tin_warm|Tout_hot|soc_full|ewh_hot|dish3|wash3|dry3,0,19,1.0
ev_charge_request,weekday|h07|occ1|evhome1|Tin_comfort|Tout_hot|soc_full|ewh_hot|dish3|wash3|dry3,0,2,1.0
ev_charge_request,weekday|h08|occ1|evhome1|Tin_comfort|Tout_hot|soc_full|ewh_normal|dish3|wash3|dry3,0,1,1.0
ev_charge_request,weekday|h08|occ1|evhome1|dish3|wash3|dry3,0,4,1.0
ev_charge_request,weekday|h08|occ0|evhome0|Tin_comfort|Tout_hot|soc_target|ewh_normal|dish3|wash3|dry3,0,7,1.0
ev_charge_request,weekday|h08|occ0|evhome0|dish3|wash3|dry3,0,44,1.0
ev_charge_request,weekday|h08|occ0|evhome0|Tin_comfort|Tout_hot|soc_target|ewh_hot|dish3|wash3|dry3,0,2,1.0
ev_charge_request,weekday|h09|occ0|evhome0|Tin_comfort|Tout_hot|soc_target|ewh_normal|dish3|wash3|dry3,0,10,1.0
ev_charge_request,weekday|h09|occ0|evhome0|dish3|wash3|dry3,0,48,1.0
ev_charge_request,weekday|h09|occ0|evhome0|Tin_comfort|Tout_hot|soc_target|ewh_hot|dish3|wash3|dry3,0,2,1.0
ev_charge_request,weekday|h10|occ0|evhome0|Tin_comfort|Tout_hot|soc_target|ewh_normal|dish3|wash3|dry3,0,10,1.0
ev_charge_request,weekday|h10|occ0|evhome0|dish3|wash3|dry3,0,48,1.0
ev_charge_request,weekday|h10|occ0|evhome0|Tin_comfort|Tout_hot|soc_target|ewh_hot|dish3|wash3|dry3,0,2,1.0
ev_charge_request,weekday|h11|occ0|evhome0|Tin_comfort|Tout_hot|soc_target|ewh_normal|dish3|wash3|dry3,0,8,1.0
ev_charge_request,weekday|h11|occ0|evhome0|dish3|wash3|dry3,0,48,1.0
ev_charge_request,weekday|h11|occ0|evhome0|Tin_comfort|Tout_hot|soc_target|ewh_hot|dish3|wash3|dry3,0,1,1.0
ev_charge_request,weekday|h12|occ0|evhome0|Tin_comfort|Tout_hot|soc_target|ewh_normal|dish3|wash3|dry3,0,1,1.0
ev_charge_request,weekday|h12|occ0|evhome0|dish3|wash3|dry3,0,48,1.0
ev_charge_request,weekday|h12|occ0|evhome0|Tin_warm|Tout_hot|soc_target|ewh_normal|dish3|wash3|dry3,0,39,1.0
ev_charge_request,weekday|h12|occ0|evhome0|Tin_warm|Tout_hot|soc_target|ewh_hot|dish3|wash3|dry3,0,8,1.0
ev_charge_request,weekday|h13|occ0|evhome0|Tin_warm|Tout_hot|soc_target|ewh_normal|dish3|wash3|dry3,0,37,1.0
ev_charge_request,weekday|h13|occ0|evhome0|dish3|wash3|dry3,0,48,1.0
ev_charge_request,weekday|h13|occ0|evhome0|Tin_warm|Tout_hot|soc_target|ewh_hot|dish3|wash3|dry3,0,6,1.0
ev_charge_request,weekday|h14|occ0|evhome0|Tin_warm|Tout_hot|soc_target|ewh_normal|dish3|wash3|dry3,0,19,1.0
ev_charge_request,weekday|h14|occ0|evhome0|dish3|wash3|dry3,0,48,1.0
ev_charge_request,weekday|h14|occ0|evhome0|Tin_warm|Tout_hot|soc_target|ewh_hot|dish3|wash3|dry3,0,3,1.0
ev_charge_request,weekday|h15|occ0|evhome0|Tin_warm|Tout_hot|soc_target|ewh_normal|dish3|wash3|dry3,0,11,1.0
ev_charge_request,weekday|h15|occ0|evhome0|dish3|wash3|dry3,0,48,1.0
ev_charge_request,weekday|h15|occ0|evhome0|Tin_warm|Tout_extreme|soc_target|ewh_hot|dish3|wash3|dry3,0,8,1.0
ev_charge_request,weekday|h16|occ0|evhome0|Tin_warm|Tout_extreme|soc_target|ewh_normal|dish3|wash3|dry3,0,40,1.0
ev_charge_request,weekday|h16|occ0|evhome0|dish3|wash3|dry3,0,48,1.0
ev_charge_request,weekday|h16|occ0|evhome0|Tin_warm|Tout_extreme|soc_target|ewh_hot|dish3|wash3|dry3,0,8,1.0
ev_charge_request,weekday|h17|occ0|evhome0|Tin_warm|Tout_extreme|soc_target|ewh_normal|dish3|wash3|dry3,0,37,1.0
ev_charge_request,weekday|h17|occ0|evhome0|dish3|wash3|dry3,0,41,1.0
ev_charge_request,weekday|h17|occ1|evhome1|Tin_warm|Tout_extreme|soc_target|ewh_normal|dish3|wash3|dry3,1,3,1.0
ev_charge_request,weekday|h17|occ1|evhome1|dish3|wash3|dry3,1,7,1.0
ev_charge_request,weekday|h17|occ1|evhome1|Tin_warm|Tout_extreme|soc_target|ewh_hot|dish3|wash3|dry3,1,4,1.0
ev_charge_request,weekday|h18|occ1|evhome1|Tin_warm|Tout_extreme|soc_target|ewh_normal|dish3|wash3|dry3,1,28,1.0
ev_charge_request,weekday|h18|occ1|evhome1|dish3|wash3|dry3,1,38,0.9743589743589743
ev_charge_request,weekday|h18|occ1|evhome1|dish3|wash3|dry3,0,1,0.02564102564102564
ev_charge_request,weekday|h18|occ1|evhome1|Tin_warm|Tout_extreme|soc_target|ewh_hot|dish3|wash3|dry3,1,6,1.0
ev_charge_request,weekday|h19|occ1|evhome1|Tin_warm|Tout_extreme|soc_target|ewh_normal|dish3|wash3|dry3,1,17,1.0
ev_charge_request,weekday|h19|occ1|evhome1|dish3|wash3|dry3,1,29,0.6041666666666666
ev_charge_request,weekday|h19|occ1|evhome1|dish3|wash3|dry3,0,19,0.3958333333333333
ev_charge_request,weekday|h19|occ1|evhome1|Tin_warm|Tout_extreme|soc_full|ewh_normal|dish3|wash3|dry3,1,5,0.4166666666666667
ev_charge_request,weekday|h19|occ1|evhome1|Tin_warm|Tout_extreme|soc_full|ewh_normal|dish3|wash3|dry3,0,7,0.5833333333333334
ev_charge_request,weekday|h19|occ1|evhome1|Tin_warm|Tout_extreme|soc_full|ewh_hot|dish3|wash3|dry3,0,5,1.0
ev_charge_request,weekday|h20|occ1|evhome1|Tin_warm|Tout_extreme|soc_full|ewh_hot|dish3|wash3|dry3,0,29,1.0
ev_charge_request,weekday|h20|occ1|evhome1|dish3|wash3|dry3,0,48,1.0
ev_charge_request,weekday|h21|occ1|evhome1|Tin_warm|Tout_extreme|soc_full|ewh_low|dish3|wash3|dry3,0,3,1.0
ev_charge_request,weekday|h06|occ1|evhome1|Tin_warm|Tout_hot|soc_full|ewh_normal|dish3|wash3|dry3,0,1,1.0
ev_charge_request,weekday|h08|occ0|evhome0|Tin_warm|Tout_hot|soc_target|ewh_normal|dish3|wash3|dry3,0,29,1.0
ev_charge_request,weekday|h11|occ0|evhome0|Tin_warm|Tout_hot|soc_target|ewh_normal|dish3|wash3|dry3,0,32,1.0
ev_charge_request,weekday|h11|occ0|evhome0|Tin_warm|Tout_hot|soc_target|ewh_hot|dish3|wash3|dry3,0,7,1.0
ev_charge_request,weekday|h15|occ0|evhome0|Tin_warm|Tout_extreme|soc_target|ewh_normal|dish3|wash3|dry3,0,29,1.0
ev_charge_request,weekday|h08|occ1|evhome1|Tin_warm|Tout_hot|soc_full|ewh_normal|dish3|wash3|dry3,0,3,1.0
ev_charge_request,weekday|h08|occ0|evhome0|Tin_warm|Tout_hot|soc_target|ewh_hot|dish3|wash3|dry3,0,6,1.0
ev_charge_request,weekday|h09|occ0|evhome0|Tin_warm|Tout_hot|soc_target|ewh_normal|dish3|wash3|dry3,0,30,1.0
ev_charge_request,weekday|h09|occ0|evhome0|Tin_warm|Tout_hot|soc_target|ewh_hot|dish3|wash3|dry3,0,6,1.0
ev_charge_request,weekday|h10|occ0|evhome0|Tin_warm|Tout_hot|soc_target|ewh_normal|dish3|wash3|dry3,0,30,1.0
ev_charge_request,weekday|h10|occ0|evhome0|Tin_warm|Tout_hot|soc_target|ewh_hot|dish3|wash3|dry3,0,6,1.0
ev_charge_request,weekend|h00|occ1|evhome1|Tin_warm|Tout_extreme|soc_full|ewh_normal|dish3|wash3|dry3,0,10,1.0
ev_charge_request,weekend|h00|occ1|evhome1|dish3|wash3|dry3,0,12,1.0
ev_charge_request,weekend|h00,0,24,1.0
ev_charge_request,weekend|h00|occ1|evhome1|Tin_warm|Tout_extreme|soc_full|ewh_hot|dish3|wash3|dry3,0,2,1.0
ev_charge_request,weekend|h01|occ1|evhome1|Tin_warm|Tout_extreme|soc_full|ewh_normal|dish3|wash3|dry3,0,6,1.0
ev_charge_request,weekend|h01|occ1|evhome1|dish3|wash3|dry3,0,12,1.0
ev_charge_request,weekend|h01,0,24,1.0
ev_charge_request,weekend|h01|occ1|evhome1|Tin_warm|Tout_hot|soc_full|ewh_normal|dish3|wash3|dry3,0,4,1.0
ev_charge_request,weekend|h01|occ1|evhome1|Tin_warm|Tout_hot|soc_full|ewh_hot|dish3|wash3|dry3,0,1,1.0
ev_charge_request,weekend|h02|occ1|evhome1|Tin_warm|Tout_hot|soc_full|ewh_normal|dish3|wash3|dry3,0,5,1.0
ev_charge_request,weekend|h02|occ1|evhome1|dish3|wash3|dry3,0,12,1.0
ev_charge_request,weekend|h02,0,24,1.0
ev_charge_request,weekend|h02|occ1|evhome1|Tin_warm|Tout_hot|soc_full|ewh_hot|dish3|wash3|dry3,0,1,1.0
ev_charge_request,weekend|h03|occ1|evhome1|Tin_warm|Tout_hot|soc_full|ewh_normal|dish3|wash3|dry3,0,10,1.0
ev_charge_request,weekend|h03|occ1|evhome1|dish3|wash3|dry3,0,12,1.0
ev_charge_request,weekend|h03,0,24,1.0
ev_charge_request,weekend|h03|occ1|evhome1|Tin_warm|Tout_hot|soc_full|ewh_hot|dish3|wash3|dry3,0,2,1.0
ev_charge_request,weekend|h04|occ1|evhome1|Tin_warm|Tout_hot|soc_full|ewh_normal|dish3|wash3|dry3,0,10,1.0
ev_charge_request,weekend|h04|occ1|evhome1|dish3|wash3|dry3,0,12,1.0
ev_charge_request,weekend|h04,0,24,1.0
ev_charge_request,weekend|h04|occ1|evhome1|Tin_warm|Tout_hot|soc_full|ewh_hot|dish3|wash3|dry3,0,2,1.0
ev_charge_request,weekend|h05|occ1|evhome1|Tin_warm|Tout_hot|soc_full|ewh_hot|dish3|wash3|dry3,0,12,1.0
ev_charge_request,weekend|h05|occ1|evhome1|dish3|wash3|dry3,0,12,1.0
ev_charge_request,weekend|h05,0,24,1.0
ev_charge_request,weekend|h06|occ1|evhome1|Tin_warm|Tout_hot|soc_full|ewh_hot|dish3|wash3|dry3,0,12,1.0
ev_charge_request,weekend|h06|occ1|evhome1|dish3|wash3|dry3,0,12,1.0
ev_charge_request,weekend|h06,0,24,1.0
ev_charge_request,weekend|h07|occ1|evhome1|Tin_warm|Tout_hot|soc_full|ewh_hot|dish3|wash3|dry3,0,12,1.0
ev_charge_request,weekend|h07|occ1|evhome1|dish3|wash3|dry3,0,12,1.0
ev_charge_request,weekend|h07,0,24,1.0
ev_charge_request,weekend|h08|occ1|evhome1|Tin_warm|Tout_hot|soc_full|ewh_normal|dish3|wash3|dry3,0,18,1.0
ev_charge_request,weekend|h08|occ1|evhome1|dish3|wash3|dry3,0,21,1.0
ev_charge_request,weekend|h08,0,24,1.0
ev_charge_request,weekend|h08|occ1|evhome1|Tin_warm|Tout_hot|soc_full|ewh_hot|dish3|wash3|dry3,0,3,1.0
ev_charge_request,weekend|h09|occ1|evhome1|Tin_warm|Tout_hot|soc_full|ewh_low|dish3|wash3|dry3,0,6,1.0
ev_charge_request,weekend|h09|occ1|evhome1|dish3|wash3|dry3,0,24,1.0
ev_charge_request,weekend|h09,0,24,1.0
ev_charge_request,weekend|h09|occ1|evhome1|Tin_warm|Tout_hot|soc_full|ewh_normal|dish3|wash3|dry3,0,16,1.0
ev_charge_request,weekend|h10|occ0|evhome0|Tin_warm|Tout_hot|soc_target|ewh_normal|dish3|wash3|dry3,0,10,1.0
ev_charge_request,weekend|h10|occ0|evhome0|dish3|wash3|dry3,0,12,1.0
ev_charge_request,weekend|h10,0,24,1.0
ev_charge_request,weekend|h10|occ0|evhome0|Tin_warm|Tout_hot|soc_target|ewh_hot|dish3|wash3|dry3,0,2,1.0
ev_charge_request,weekend|h11|occ0|evhome0|Tin_warm|Tout_hot|soc_target|ewh_normal|dish3|wash3|dry3,0,10,1.0
ev_charge_request,weekend|h11|occ0|evhome0|dish3|wash3|dry3,0,12,1.0
ev_charge_request,weekend|h11,0,24,1.0
ev_charge_request,weekend|h11|occ0|evhome0|Tin_warm|Tout_hot|soc_target|ewh_hot|dish3|wash3|dry3,0,2,1.0
ev_charge_request,weekend|h12|occ0|evhome0|Tin_warm|Tout_hot|soc_target|ewh_normal|dish3|wash3|dry3,0,5,1.0
ev_charge_request,weekend|h12|occ0|evhome0|dish3|wash3|dry3,0,6,1.0
ev_charge_request,weekend|h12,0,19,0.7916666666666666
ev_charge_request,weekend|h12,1,5,0.20833333333333334
ev_charge_request,weekend|h12|occ1|evhome1|Tin_warm|Tout_hot|soc_target|ewh_hot|dish3|wash3|dry3,1,1,1.0
ev_charge_request,weekend|h12|occ1|evhome1|dish3|wash3|dry3,1,5,0.2777777777777778
ev_charge_request,weekend|h12|occ1|evhome1|dish3|wash3|dry3,0,13,0.7222222222222222
ev_charge_request,weekend|h12|occ1|evhome1|Tin_warm|Tout_hot|soc_target|ewh_normal|dish3|wash3|dry3,1,3,1.0
ev_charge_request,weekend|h12|occ1|evhome1|Tin_warm|Tout_hot|soc_full|ewh_normal|dish3|wash3|dry3,1,1,0.09090909090909091
ev_charge_request,weekend|h12|occ1|evhome1|Tin_warm|Tout_hot|soc_full|ewh_normal|dish3|wash3|dry3,0,10,0.9090909090909091
ev_charge_request,weekend|h13|occ1|evhome1|Tin_warm|Tout_hot|soc_full|ewh_normal|dish3|wash3|dry3,0,10,1.0
ev_charge_request,weekend|h13|occ1|evhome1|dish3|wash3|dry3,0,21,0.875
ev_charge_request,weekend|h13|occ1|evhome1|dish3|wash3|dry3,1,3,0.125
ev_charge_request,weekend|h13,0,21,0.875
ev_charge_request,weekend|h13,1,3,0.125
ev_charge_request,weekend|h13|occ1|evhome1|Tin_warm|Tout_hot|soc_full|ewh_hot|dish3|wash3|dry3,0,2,1.0
ev_charge_request,weekend|h14|occ1|evhome1|Tin_warm|Tout_hot|soc_full|ewh_normal|dish3|wash3|dry3,0,9,1.0
ev_charge_request,weekend|h14|occ1|evhome1|dish3|wash3|dry3,0,24,1.0
ev_charge_request,weekend|h14,0,24,1.0
ev_charge_request,weekend|h14|occ1|evhome1|Tin_warm|Tout_hot|soc_full|ewh_hot|dish3|wash3|dry3,0,2,1.0
ev_charge_request,weekend|h15|occ1|evhome1|Tin_warm|Tout_extreme|soc_full|ewh_normal|dish3|wash3|dry3,0,20,1.0
ev_charge_request,weekend|h15|occ1|evhome1|dish3|wash3|dry3,0,24,1.0
ev_charge_request,weekend|h15,0,24,1.0
ev_charge_request,weekend|h15|occ1|evhome1|Tin_warm|Tout_extreme|soc_full|ewh_hot|dish3|wash3|dry3,0,4,1.0
ev_charge_request,weekend|h16|occ1|evhome1|Tin_warm|Tout_extreme|soc_full|ewh_normal|dish3|wash3|dry3,0,20,1.0
ev_charge_request,weekend|h16|occ1|evhome1|dish3|wash3|dry3,0,24,1.0
ev_charge_request,weekend|h16,0,24,1.0
ev_charge_request,weekend|h16|occ1|evhome1|Tin_warm|Tout_extreme|soc_full|ewh_hot|dish3|wash3|dry3,0,4,1.0
ev_charge_request,weekend|h17|occ1|evhome1|Tin_warm|Tout_extreme|soc_full|ewh_normal|dish3|wash3|dry3,0,16,1.0
ev_charge_request,weekend|h17|occ1|evhome1|dish3|wash3|dry3,0,24,1.0
ev_charge_request,weekend|h17,0,24,1.0
ev_charge_request,weekend|h17|occ1|evhome1|Tin_warm|Tout_extreme|soc_full|ewh_hot|dish3|wash3|dry3,0,4,1.0
ev_charge_request,weekend|h18|occ1|evhome1|Tin_warm|Tout_extreme|soc_full|ewh_normal|dish3|wash3|dry3,0,10,1.0
ev_charge_request,weekend|h18|occ1|evhome1|dish3|wash3|dry3,0,24,1.0
ev_charge_request,weekend|h18,0,24,1.0
ev_charge_request,weekend|h18|occ1|evhome1|Tin_warm|Tout_extreme|soc_full|ewh_hot|dish3|wash3|dry3,0,2,1.0
ev_charge_request,weekend|h19|occ1|evhome1|Tin_warm|Tout_extreme|soc_full|ewh_normal|dish3|wash3|dry3,0,10,1.0
ev_charge_request,weekend|h19|occ1|evhome1|dish3|wash3|dry3,0,24,1.0
ev_charge_request,weekend|h19,0,24,1.0
ev_charge_request,weekend|h19|occ1|evhome1|Tin_warm|Tout_extreme|soc_full|ewh_hot|dish3|wash3|dry3,0,2,1.0
ev_charge_request,weekend|h20|occ1|evhome1|Tin_warm|Tout_extreme|soc_full|ewh_hot|dish3|wash3|dry3,0,12,1.0
ev_charge_request,weekend|h20|occ1|evhome1|dish3|wash3|dry3,0,24,1.0
ev_charge_request,weekend|h20,0,24,1.0
ev_charge_request,weekend|h21|occ1|evhome1|Tin_warm|Tout_extreme|soc_full|ewh_hot|dish3|wash3|dry3,0,8,1.0
ev_charge_request,weekend|h21|occ1|evhome1|dish3|wash3|dry3,0,24,1.0
ev_charge_request,weekend|h21,0,24,1.0
ev_charge_request,weekend|h22|occ1|evhome1|Tin_warm|Tout_extreme|soc_full|ewh_low|dish3|wash3|dry3,0,1,1.0
ev_charge_request,weekend|h22|occ1|evhome1|dish3|wash3|dry3,0,24,1.0
ev_charge_request,weekend|h22,0,24,1.0
ev_charge_request,weekend|h22|occ1|evhome1|Tin_warm|Tout_extreme|soc_full|ewh_normal|dish3|wash3|dry3,0,3,1.0
ev_charge_request,weekend|h22|occ1|evhome1|Tin_warm|Tout_extreme|soc_full|ewh_hot|dish3|wash3|dry3,0,8,1.0
ev_charge_request,weekend|h23|occ1|evhome1|Tin_warm|Tout_extreme|soc_full|ewh_normal|dish3|wash3|dry3,0,15,1.0
ev_charge_request,weekend|h23|occ1|evhome1|dish3|wash3|dry3,0,23,1.0
ev_charge_request,weekend|h23,0,23,1.0
ev_charge_request,weekend|h23|occ1|evhome1|Tin_warm|Tout_extreme|soc_full|ewh_hot|dish3|wash3|dry3,0,3,1.0
ev_charge_request,weekend|h00|occ0|evhome1|Tin_warm|Tout_extreme|soc_full|ewh_normal|dish3|wash3|dry3,0,10,1.0
ev_charge_request,weekend|h00|occ0|evhome1|dish3|wash3|dry3,0,12,1.0
ev_charge_request,weekend|h00|occ0|evhome1|Tin_warm|Tout_extreme|soc_full|ewh_hot|dish3|wash3|dry3,0,2,1.0
ev_charge_request,weekend|h01|occ0|evhome1|Tin_warm|Tout_extreme|soc_full|ewh_normal|dish3|wash3|dry3,0,7,1.0
ev_charge_request,weekend|h01|occ0|evhome1|dish3|wash3|dry3,0,12,1.0
ev_charge_request,weekend|h01|occ0|evhome1|Tin_warm|Tout_hot|soc_full|ewh_normal|dish3|wash3|dry3,0,3,1.0
ev_charge_request,weekend|h01|occ0|evhome1|Tin_warm|Tout_hot|soc_full|ewh_hot|dish3|wash3|dry3,0,1,1.0
ev_charge_request,weekend|h02|occ0|evhome1|Tin_warm|Tout_hot|soc_full|ewh_normal|dish3|wash3|dry3,0,5,1.0
ev_charge_request,weekend|h02|occ0|evhome1|dish3|wash3|dry3,0,12,1.0
ev_charge_request,weekend|h02|occ0|evhome1|Tin_warm|Tout_hot|soc_full|ewh_hot|dish3|wash3|dry3,0,1,1.0
ev_charge_request,weekend|h03|occ0|evhome1|Tin_warm|Tout_hot|soc_full|ewh_normal|dish3|wash3|dry3,0,8,1.0
ev_charge_request,weekend|h03|occ0|evhome1|dish3|wash3|dry3,0,12,1.0
ev_charge_request,weekend|h03|occ0|evhome1|Tin_warm|Tout_hot|soc_full|ewh_hot|dish3|wash3|dry3,0,2,1.0
ev_charge_request,weekend|h04|occ0|evhome1|Tin_warm|Tout_hot|soc_full|ewh_normal|dish3|wash3|dry3,0,10,1.0
ev_charge_request,weekend|h04|occ0|evhome1|dish3|wash3|dry3,0,12,1.0
ev_charge_request,weekend|h04|occ0|evhome1|Tin_warm|Tout_hot|soc_full|ewh_hot|dish3|wash3|dry3,0,2,1.0
ev_charge_request,weekend|h05|occ0|evhome1|Tin_warm|Tout_hot|soc_full|ewh_hot|dish3|wash3|dry3,0,12,1.0
ev_charge_request,weekend|h05|occ0|evhome1|dish3|wash3|dry3,0,12,1.0
ev_charge_request,weekend|h06|occ0|evhome1|Tin_warm|Tout_hot|soc_full|ewh_hot|dish3|wash3|dry3,0,12,1.0
ev_charge_request,weekend|h06|occ0|evhome1|dish3|wash3|dry3,0,12,1.0
ev_charge_request,weekend|h07|occ0|evhome1|Tin_warm|Tout_hot|soc_full|ewh_hot|dish3|wash3|dry3,0,12,1.0
ev_charge_request,weekend|h07|occ0|evhome1|dish3|wash3|dry3,0,12,1.0
ev_charge_request,weekend|h08|occ0|evhome1|Tin_warm|Tout_hot|soc_full|ewh_normal|dish3|wash3|dry3,0,3,1.0
ev_charge_request,weekend|h08|occ0|evhome1|dish3|wash3|dry3,0,3,1.0
ev_charge_request,weekend|h09|occ1|evhome1|Tin_warm|Tout_hot|soc_full|ewh_hot|dish3|wash3|dry3,0,2,1.0
ev_charge_request,weekend|h10|occ1|evhome1|Tin_warm|Tout_hot|soc_full|ewh_normal|dish3|wash3|dry3,0,10,1.0
ev_charge_request,weekend|h10|occ1|evhome1|dish3|wash3|dry3,0,12,1.0
ev_charge_request,weekend|h10|occ1|evhome1|Tin_warm|Tout_hot|soc_full|ewh_hot|dish3|wash3|dry3,0,2,1.0
ev_charge_request,weekend|h11|occ1|evhome1|Tin_warm|Tout_hot|soc_full|ewh_normal|dish3|wash3|dry3,0,10,1.0
ev_charge_request,weekend|h11|occ1|evhome1|dish3|wash3|dry3,0,12,1.0
ev_charge_request,weekend|h11|occ1|evhome1|Tin_warm|Tout_hot|soc_full|ewh_hot|dish3|wash3|dry3,0,2,1.0
ev_charge_request,weekend|h12|occ1|evhome1|Tin_warm|Tout_hot|soc_full|ewh_hot|dish3|wash3|dry3,0,2,1.0
ev_charge_request,weekend|h14|occ1|evhome1|Tin_warm|Tout_extreme|soc_full|ewh_normal|dish3|wash3|dry3,0,11,1.0
ev_charge_request,weekend|h21|occ1|evhome1|Tin_warm|Tout_extreme|soc_full|ewh_low|dish3|wash3|dry3,0,1,1.0
ev_charge_request,weekend|h21|occ1|evhome1|Tin_warm|Tout_extreme|soc_full|ewh_normal|dish3|wash3|dry3,0,3,1.0
ev_charge_request,weekday|h00|occ0|evhome1|Tin_warm|Tout_extreme|soc_full|ewh_hot|dish3|wash3|dry3,0,5,1.0
ev_charge_request,weekday|h01|occ0|evhome1|Tin_warm|Tout_extreme|soc_full|ewh_normal|dish3|wash3|dry3,0,24,1.0
ev_charge_request,weekday|h14|occ0|evhome0|Tin_warm|Tout_extreme|soc_target|ewh_normal|dish3|wash3|dry3,0,21,1.0
ev_charge_request,weekday|h14|occ0|evhome0|Tin_warm|Tout_extreme|soc_target|ewh_hot|dish3|wash3|dry3,0,5,1.0
ev_charge_request,weekday|h17|occ0|evhome0|Tin_warm|Tout_extreme|soc_target|ewh_hot|dish3|wash3|dry3,0,4,1.0
ev_charge_request,weekday|h18|occ0|evhome0|Tin_warm|Tout_extreme|soc_target|ewh_normal|dish3|wash3|dry3,0,8,1.0
ev_charge_request,weekday|h18|occ0|evhome0|dish3|wash3|dry3,0,9,1.0
ev_charge_request,weekday|h22|occ1|evhome1|Tin_warm|Tout_extreme|soc_full|ewh_normal|dish3|wash3|dry3,0,1,1.0
ev_charge_request,weekday|h01|occ0|evhome1|Tin_warm|Tout_extreme|soc_full|ewh_hot|dish3|wash3|dry3,0,4,1.0
ev_charge_request,weekday|h07|occ0|evhome0|Tin_warm|Tout_hot|soc_target|ewh_hot|dish3|wash3|dry3,0,4,1.0
ev_charge_request,weekday|h07|occ0|evhome0|dish3|wash3|dry3,0,4,1.0
ev_charge_request,weekday|h20|occ1|evhome1|Tin_warm|Tout_extreme|soc_full|ewh_low|dish3|wash3|dry3,0,1,1.0
ev_charge_request,weekday|h02|occ0|evhome1|Tin_warm|Tout_extreme|soc_full|ewh_normal|dish3|wash3|dry3,0,8,1.0
ev_charge_request,weekday|h19|occ1|evhome1|Tin_hot|Tout_extreme|soc_full|ewh_normal|dish3|wash3|dry3,1,1,0.16666666666666666
ev_charge_request,weekday|h19|occ1|evhome1|Tin_hot|Tout_extreme|soc_full|ewh_normal|dish3|wash3|dry3,0,5,0.8333333333333334
ev_charge_request,weekday|h19|occ1|evhome1|Tin_hot|Tout_extreme|soc_full|ewh_hot|dish3|wash3|dry3,0,2,0.6666666666666666
ev_charge_request,weekday|h19|occ1|evhome1|Tin_hot|Tout_extreme|soc_full|ewh_hot|dish3|wash3|dry3,1,1,0.3333333333333333
ev_charge_request,weekday|h20|occ1|evhome1|Tin_hot|Tout_extreme|soc_full|ewh_hot|dish3|wash3|dry3,0,16,1.0
ev_charge_request,weekday|h20|occ1|evhome1|Tin_hot|Tout_extreme|soc_full|ewh_low|dish3|wash3|dry3,0,1,1.0
ev_charge_request,weekday|h20|occ1|evhome1|Tin_hot|Tout_extreme|soc_full|ewh_normal|dish3|wash3|dry3,0,1,1.0
ev_charge_request,weekday|h21|occ1|evhome1|Tin_hot|Tout_extreme|soc_full|ewh_normal|dish3|wash3|dry3,0,7,1.0
ev_charge_request,weekday|h13|occ0|evhome0|Tin_warm|Tout_extreme|soc_target|ewh_normal|dish3|wash3|dry3,0,3,1.0
ev_charge_request,weekday|h13|occ0|evhome0|Tin_warm|Tout_extreme|soc_target|ewh_hot|dish3|wash3|dry3,0,2,1.0
ev_charge_request,weekday|h18|occ1|evhome1|Tin_warm|Tout_extreme|soc_full|ewh_normal|dish3|wash3|dry3,1,1,1.0
ev_charge_request,weekday|h18|occ1|evhome1|Tin_hot|Tout_extreme|soc_full|ewh_hot|dish3|wash3|dry3,0,1,1.0
ev_charge_request,weekday|h21|occ1|evhome1|Tin_hot|Tout_extreme|soc_full|ewh_hot|dish3|wash3|dry3,0,4,1.0
ev_charge_request,weekday|h21|occ1|evhome1|Tin_hot|Tout_extreme|soc_full|ewh_low|dish3|wash3|dry3,0,3,1.0
ev_charge_request,weekday|h22|occ1|evhome1|Tin_hot|Tout_extreme|soc_full|ewh_normal|dish3|wash3|dry3,0,1,1.0
ev_charge_request,weekday|h07|occ1|evhome1|Tin_warm|Tout_hot|soc_full|ewh_low|dish3|wash3|dry3,0,1,1.0
ev_charge_request,weekday|h18|occ0|evhome0|Tin_hot|Tout_extreme|soc_target|ewh_normal|dish3|wash3|dry3,0,1,1.0
ev_charge_request,weekday|h18|occ1|evhome1|Tin_hot|Tout_extreme|soc_target|ewh_normal|dish3|wash3|dry3,1,2,1.0
ev_charge_request,weekday|h18|occ1|evhome1|Tin_hot|Tout_extreme|soc_target|ewh_hot|dish3|wash3|dry3,1,1,1.0
ev_charge_request,weekday|h19|occ1|evhome1|Tin_hot|Tout_extreme|soc_target|ewh_normal|dish3|wash3|dry3,1,5,1.0
ev_charge_request,weekday|h22|occ1|evhome1|Tin_hot|Tout_extreme|soc_full|ewh_hot|dish3|wash3|dry3,0,5,1.0
ev_charge_request,weekday|h22|occ0|evhome1|Tin_warm|Tout_extreme|soc_full|ewh_hot|dish3|wash3|dry3,0,1,1.0
ev_charge_request,weekday|h22|occ0|evhome1|dish3|wash3|dry3,0,1,1.0
ev_charge_request,weekend|h01|occ1|evhome1|Tin_warm|Tout_extreme|soc_full|ewh_hot|dish3|wash3|dry3,0,1,1.0
ev_charge_request,weekend|h02|occ1|evhome1|Tin_warm|Tout_extreme|soc_full|ewh_normal|dish3|wash3|dry3,0,5,1.0
ev_charge_request,weekend|h02|occ1|evhome1|Tin_warm|Tout_extreme|soc_full|ewh_hot|dish3|wash3|dry3,0,1,1.0
ev_charge_request,weekend|h12|occ0|evhome0|Tin_warm|Tout_hot|soc_target|ewh_hot|dish3|wash3|dry3,0,1,1.0
ev_charge_request,weekend|h13|occ1|evhome1|Tin_warm|Tout_hot|soc_target|ewh_normal|dish3|wash3|dry3,1,1,1.0
ev_charge_request,weekend|h13|occ1|evhome1|Tin_warm|Tout_extreme|soc_target|ewh_normal|dish3|wash3|dry3,1,1,1.0
ev_charge_request,weekend|h13|occ1|evhome1|Tin_warm|Tout_extreme|soc_full|ewh_hot|dish3|wash3|dry3,1,1,0.5
ev_charge_request,weekend|h13|occ1|evhome1|Tin_warm|Tout_extreme|soc_full|ewh_hot|dish3|wash3|dry3,0,1,0.5
ev_charge_request,weekend|h13|occ1|evhome1|Tin_warm|Tout_extreme|soc_full|ewh_normal|dish3|wash3|dry3,0,8,1.0
ev_charge_request,weekend|h14|occ1|evhome1|Tin_warm|Tout_extreme|soc_full|ewh_hot|dish3|wash3|dry3,0,2,1.0
ev_charge_request,weekend|h17|occ1|evhome1|Tin_hot|Tout_extreme|soc_full|ewh_normal|dish3|wash3|dry3,0,4,1.0
ev_charge_request,weekend|h18|occ1|evhome1|Tin_hot|Tout_extreme|soc_full|ewh_normal|dish3|wash3|dry3,0,10,1.0
ev_charge_request,weekend|h18|occ1|evhome1|Tin_hot|Tout_extreme|soc_full|ewh_hot|dish3|wash3|dry3,0,2,1.0
ev_charge_request,weekend|h19|occ1|evhome1|Tin_hot|Tout_extreme|soc_full|ewh_normal|dish3|wash3|dry3,0,10,1.0
ev_charge_request,weekend|h19|occ1|evhome1|Tin_hot|Tout_extreme|soc_full|ewh_hot|dish3|wash3|dry3,0,2,1.0
ev_charge_request,weekend|h20|occ1|evhome1|Tin_hot|Tout_extreme|soc_full|ewh_hot|dish3|wash3|dry3,0,12,1.0
ev_charge_request,weekend|h21|occ1|evhome1|Tin_hot|Tout_extreme|soc_full|ewh_hot|dish3|wash3|dry3,0,6,1.0
ev_charge_request,weekend|h21|occ1|evhome1|Tin_hot|Tout_extreme|soc_full|ewh_low|dish3|wash3|dry3,0,1,1.0
ev_charge_request,weekend|h21|occ1|evhome1|Tin_hot|Tout_extreme|soc_full|ewh_normal|dish3|wash3|dry3,0,5,1.0
ev_charge_request,weekend|h22|occ1|evhome1|Tin_hot|Tout_extreme|soc_full|ewh_hot|dish3|wash3|dry3,0,12,1.0
ev_charge_request,weekend|h23|occ1|evhome1|Tin_hot|Tout_extreme|soc_full|ewh_normal|dish3|wash3|dry3,0,5,1.0
ev_charge_request,weekend|h01|occ0|evhome1|Tin_warm|Tout_extreme|soc_full|ewh_hot|dish3|wash3|dry3,0,1,1.0
ev_charge_request,weekend|h02|occ0|evhome1|Tin_warm|Tout_extreme|soc_full|ewh_normal|dish3|wash3|dry3,0,5,1.0
ev_charge_request,weekend|h02|occ0|evhome1|Tin_warm|Tout_extreme|soc_full|ewh_hot|dish3|wash3|dry3,0,1,1.0
ev_charge_request,weekend|h03|occ0|evhome1|Tin_warm|Tout_extreme|soc_full|ewh_normal|dish3|wash3|dry3,0,2,1.0
ev_charge_request,weekend|h12|occ1|evhome1|Tin_warm|Tout_extreme|soc_full|ewh_normal|dish3|wash3|dry3,0,1,1.0
ewh_on,weekday|h00|occ0|evhome1|Tin_warm|Tout_hot|soc_full|ewh_normal|dish1|wash1|dry1,0,5,1.0
ewh_on,weekday|h00|occ0|evhome1|dish1|wash1|dry1,0,5,0.8333333333333334
ewh_on,weekday|h00|occ0|evhome1|dish1|wash1|dry1,1,1,0.16666666666666666
ewh_on,weekday|h00,0,50,0.8333333333333334
ewh_on,weekday|h00,1,10,0.16666666666666666
ewh_on,h00,0,70,0.8333333333333334
ewh_on,h00,1,14,0.16666666666666666
ewh_on,GLOBAL,0,1249,0.6198511166253102
ewh_on,GLOBAL,1,766,0.3801488833746898
ewh_on,weekday|h00|occ0|evhome1|Tin_warm|Tout_hot|soc_full|ewh_hot|dish1|wash1|dry1,1,1,1.0
ewh_on,weekday|h01|occ0|evhome1|Tin_warm|Tout_hot|soc_full|ewh_normal|dish1|wash1|dry1,0,5,1.0
ewh_on,weekday|h01|occ0|evhome1|dish1|wash1|dry1,0,5,0.8333333333333334
ewh_on,weekday|h01|occ0|evhome1|dish1|wash1|dry1,1,1,0.16666666666666666
ewh_on,weekday|h01,0,50,0.8333333333333334
ewh_on,weekday|h01,1,10,0.16666666666666666
ewh_on,h01,0,70,0.8333333333333334
ewh_on,h01,1,14,0.16666666666666666
ewh_on,weekday|h01|occ0|evhome1|Tin_warm|Tout_hot|soc_full|ewh_hot|dish1|wash1|dry1,1,1,1.0
ewh_on,weekday|h02|occ0|evhome1|Tin_warm|Tout_hot|soc_full|ewh_normal|dish1|wash1|dry1,0,5,1.0
ewh_on,weekday|h02|occ0|evhome1|dish1|wash1|dry1,0,5,0.8333333333333334
ewh_on,weekday|h02|occ0|evhome1|dish1|wash1|dry1,1,1,0.16666666666666666
ewh_on,weekday|h02,0,50,0.8333333333333334
ewh_on,weekday|h02,1,10,0.16666666666666666
ewh_on,h02,0,70,0.8333333333333334
ewh_on,h02,1,14,0.16666666666666666
ewh_on,weekday|h02|occ0|evhome1|Tin_warm|Tout_hot|soc_full|ewh_hot|dish1|wash1|dry1,1,1,1.0
ewh_on,weekday|h03|occ0|evhome1|Tin_warm|Tout_hot|soc_full|ewh_normal|dish1|wash1|dry1,0,5,1.0
ewh_on,weekday|h03|occ0|evhome1|dish1|wash1|dry1,0,5,0.8333333333333334
ewh_on,weekday|h03|occ0|evhome1|dish1|wash1|dry1,1,1,0.16666666666666666
ewh_on,weekday|h03,0,50,0.8333333333333334
ewh_on,weekday|h03,1,10,0.16666666666666666
ewh_on,h03,0,70,0.8333333333333334
ewh_on,h03,1,14,0.16666666666666666
ewh_on,weekday|h03|occ0|evhome1|Tin_warm|Tout_hot|soc_full|ewh_hot|dish1|wash1|dry1,1,1,1.0
ewh_on,weekday|h04|occ0|evhome1|Tin_warm|Tout_hot|soc_full|ewh_normal|dish1|wash1|dry1,0,5,1.0
ewh_on,weekday|h04|occ0|evhome1|dish1|wash1|dry1,0,5,0.8333333333333334
ewh_on,weekday|h04|occ0|evhome1|dish1|wash1|dry1,1,1,0.16666666666666666
ewh_on,weekday|h04,0,50,0.8333333333333334
ewh_on,weekday|h04,1,10,0.16666666666666666
ewh_on,h04,0,70,0.8333333333333334
ewh_on,h04,1,14,0.16666666666666666
ewh_on,weekday|h04|occ0|evhome1|Tin_warm|Tout_hot|soc_full|ewh_hot|dish1|wash1|dry1,1,1,1.0
ewh_on,weekday|h05|occ0|evhome1|Tin_warm|Tout_hot|soc_full|ewh_hot|dish1|wash1|dry1,1,6,1.0
ewh_on,weekday|h05|occ0|evhome1|dish1|wash1|dry1,1,6,1.0
ewh_on,weekday|h05,1,60,1.0
ewh_on,h05,1,84,1.0
ewh_on,weekday|h06|occ0|evhome1|Tin_warm|Tout_hot|soc_full|ewh_hot|dish1|wash1|dry1,1,4,1.0
ewh_on,weekday|h06|occ0|evhome1|dish1|wash1|dry1,1,4,1.0
ewh_on,weekday|h06,1,60,1.0
ewh_on,h06,1,84,1.0
ewh_on,weekday|h06|occ1|evhome1|Tin_comfort|Tout_hot|soc_full|ewh_normal|dish1|wash1|dry1,1,2,1.0
ewh_on,weekday|h06|occ1|evhome1|dish1|wash1|dry1,1,2,1.0
ewh_on,weekday|h07|occ1|evhome1|Tin_comfort|Tout_hot|soc_full|ewh_normal|dish1|wash1|dry1,1,1,1.0
ewh_on,weekday|h07|occ1|evhome1|dish1|wash1|dry1,1,5,1.0
ewh_on,weekday|h07,1,60,1.0
ewh_on,h07,1,84,1.0
ewh_on,weekday|h07|occ1|evhome1|Tin_comfort|Tout_hot|soc_full|ewh_hot|dish1|wash1|dry1,1,4,1.0
ewh_on,weekday|h07|occ0|evhome0|Tin_comfort|Tout_hot|soc_target|ewh_hot|dish1|wash1|dry1,1,1,1.0
ewh_on,weekday|h07|occ0|evhome0|dish1|wash1|dry1,1,1,1.0
ewh_on,weekday|h08|occ0|evhome0|Tin_comfort|Tout_hot|soc_target|ewh_normal|dish1|wash1|dry1,0,5,1.0
ewh_on,weekday|h08|occ0|evhome0|dish1|wash1|dry1,0,5,0.8333333333333334
ewh_on,weekday|h08|occ0|evhome0|dish1|wash1|dry1,1,1,0.16666666666666666
ewh_on,weekday|h08,0,50,0.8333333333333334
ewh_on,weekday|h08,1,10,0.16666666666666666
ewh_on,h08,0,70,0.8333333333333334
ewh_on,h08,1,14,0.16666666666666666
ewh_on,weekday|h08|occ0|evhome0|Tin_comfort|Tout_hot|soc_target|ewh_hot|dish1|wash1|dry1,1,1,1.0
ewh_on,weekday|h09|occ0|evhome0|Tin_comfort|Tout_hot|soc_target|ewh_normal|dish1|wash1|dry1,0,5,1.0
ewh_on,weekday|h09|occ0|evhome0|dish1|wash1|dry1,0,5,0.8333333333333334
ewh_on,weekday|h09|occ0|evhome0|dish1|wash1|dry1,1,1,0.16666666666666666
ewh_on,weekday|h09,0,50,0.8333333333333334
ewh_on,weekday|h09,1,10,0.16666666666666666
ewh_on,h09,0,60,0.7142857142857143
ewh_on,h09,1,24,0.2857142857142857
ewh_on,weekday|h09|occ0|evhome0|Tin_comfort|Tout_hot|soc_target|ewh_hot|dish1|wash1|dry1,1,1,1.0
ewh_on,weekday|h10|occ0|evhome0|Tin_comfort|Tout_hot|soc_target|ewh_normal|dish1|wash1|dry1,0,5,1.0
ewh_on,weekday|h10|occ0|evhome0|dish1|wash1|dry1,0,5,0.8333333333333334
ewh_on,weekday|h10|occ0|evhome0|dish1|wash1|dry1,1,1,0.16666666666666666
ewh_on,weekday|h10,0,50,0.8333333333333334
ewh_on,weekday|h10,1,10,0.16666666666666666
ewh_on,h10,0,69,0.8214285714285714
ewh_on,h10,1,15,0.17857142857142858
ewh_on,weekday|h10|occ0|evhome0|Tin_comfort|Tout_hot|soc_target|ewh_hot|dish1|wash1|dry1,1,1,1.0
ewh_on,weekday|h11|occ0|evhome0|Tin_comfort|Tout_hot|soc_target|ewh_normal|dish1|wash1|dry1,0,5,1.0
ewh_on,weekday|h11|occ0|evhome0|dish1|wash1|dry1,0,5,0.8333333333333334
ewh_on,weekday|h11|occ0|evhome0|dish1|wash1|dry1,1,1,0.16666666666666666
ewh_on,weekday|h11,0,50,0.8333333333333334
ewh_on,weekday|h11,1,10,0.16666666666666666
ewh_on,h11,0,70,0.8333333333333334
ewh_on,h11,1,14,0.16666666666666666
ewh_on,weekday|h11|occ0|evhome0|Tin_comfort|Tout_hot|soc_target|ewh_hot|dish1|wash1|dry1,1,1,1.0
ewh_on,weekday|h12|occ0|evhome0|Tin_comfort|Tout_hot|soc_target|ewh_normal|dish1|wash1|dry1,0,5,1.0
ewh_on,weekday|h12|occ0|evhome0|dish1|wash1|dry1,0,5,0.8333333333333334
ewh_on,weekday|h12|occ0|evhome0|dish1|wash1|dry1,1,1,0.16666666666666666
ewh_on,weekday|h12,0,50,0.8333333333333334
ewh_on,weekday|h12,1,10,0.16666666666666666
ewh_on,h12,0,70,0.8333333333333334
ewh_on,h12,1,14,0.16666666666666666
ewh_on,weekday|h12|occ0|evhome0|Tin_comfort|Tout_hot|soc_target|ewh_hot|dish1|wash1|dry1,1,1,1.0
ewh_on,weekday|h13|occ0|evhome0|Tin_comfort|Tout_hot|soc_target|ewh_normal|dish1|wash1|dry1,0,2,1.0
ewh_on,weekday|h13|occ0|evhome0|dish1|wash1|dry1,0,5,0.8333333333333334
ewh_on,weekday|h13|occ0|evhome0|dish1|wash1|dry1,1,1,0.16666666666666666
ewh_on,weekday|h13,0,50,0.8333333333333334
ewh_on,weekday|h13,1,10,0.16666666666666666
ewh_on,h13,0,70,0.8333333333333334
ewh_on,h13,1,14,0.16666666666666666
ewh_on,weekday|h13|occ0|evhome0|Tin_warm|Tout_hot|soc_target|ewh_normal|dish1|wash1|dry1,0,3,1.0
ewh_on,weekday|h13|occ0|evhome0|Tin_warm|Tout_hot|soc_target|ewh_hot|dish1|wash1|dry1,1,1,1.0
ewh_on,weekday|h14|occ0|evhome0|Tin_warm|Tout_hot|soc_target|ewh_normal|dish1|wash1|dry1,0,5,1.0
ewh_on,weekday|h14|occ0|evhome0|dish1|wash1|dry1,0,5,0.8333333333333334
ewh_on,weekday|h14|occ0|evhome0|dish1|wash1|dry1,1,1,0.16666666666666666
ewh_on,weekday|h14,0,50,0.8333333333333334
ewh_on,weekday|h14,1,10,0.16666666666666666
ewh_on,h14,0,70,0.8333333333333334
ewh_on,h14,1,14,0.16666666666666666
ewh_on,weekday|h14|occ0|evhome0|Tin_warm|Tout_hot|soc_target|ewh_hot|dish1|wash1|dry1,1,1,1.0
ewh_on,weekday|h15|occ0|evhome0|Tin_warm|Tout_hot|soc_target|ewh_normal|dish1|wash1|dry1,0,5,1.0
ewh_on,weekday|h15|occ0|evhome0|dish1|wash1|dry1,0,5,0.8333333333333334
ewh_on,weekday|h15|occ0|evhome0|dish1|wash1|dry1,1,1,0.16666666666666666
ewh_on,weekday|h15,0,50,0.8333333333333334
ewh_on,weekday|h15,1,10,0.16666666666666666
ewh_on,h15,0,70,0.8333333333333334
ewh_on,h15,1,14,0.16666666666666666
ewh_on,weekday|h15|occ0|evhome0|Tin_warm|Tout_hot|soc_target|ewh_hot|dish1|wash1|dry1,1,1,1.0
ewh_on,weekday|h16|occ0|evhome0|Tin_warm|Tout_hot|soc_target|ewh_normal|dish1|wash1|dry1,0,3,1.0
ewh_on,weekday|h16|occ0|evhome0|dish1|wash1|dry1,0,5,0.8333333333333334
ewh_on,weekday|h16|occ0|evhome0|dish1|wash1|dry1,1,1,0.16666666666666666
ewh_on,weekday|h16,0,50,0.8333333333333334
ewh_on,weekday|h16,1,10,0.16666666666666666
ewh_on,h16,0,70,0.8333333333333334
ewh_on,h16,1,14,0.16666666666666666
ewh_on,weekday|h16|occ0|evhome0|Tin_warm|Tout_extreme|soc_target|ewh_normal|dish1|wash1|dry1,0,2,1.0
ewh_on,weekday|h16|occ0|evhome0|Tin_warm|Tout_extreme|soc_target|ewh_hot|dish1|wash1|dry1,1,1,1.0
ewh_on,weekday|h17|occ0|evhome0|Tin_warm|Tout_extreme|soc_target|ewh_normal|dish1|wash1|dry1,0,5,1.0
ewh_on,weekday|h17|occ0|evhome0|dish1|wash1|dry1,0,5,0.8333333333333334
ewh_on,weekday|h17|occ0|evhome0|dish1|wash1|dry1,1,1,0.16666666666666666
ewh_on,weekday|h17,0,50,0.8333333333333334
ewh_on,weekday|h17,1,10,0.16666666666666666
ewh_on,h17,0,70,0.8333333333333334
ewh_on,h17,1,14,0.16666666666666666
ewh_on,weekday|h17|occ0|evhome0|Tin_warm|Tout_extreme|soc_target|ewh_hot|dish1|wash1|dry1,1,1,1.0
ewh_on,weekday|h18|occ0|evhome0|Tin_warm|Tout_extreme|soc_target|ewh_normal|dish1|wash1|dry1,0,2,1.0
ewh_on,weekday|h18|occ0|evhome0|dish1|wash1|dry1,0,2,1.0
ewh_on,weekday|h18,0,50,0.8333333333333334
ewh_on,weekday|h18,1,10,0.16666666666666666
ewh_on,h18,0,70,0.8333333333333334
ewh_on,h18,1,14,0.16666666666666666
ewh_on,weekday|h18|occ1|evhome1|Tin_warm|Tout_extreme|soc_target|ewh_normal|dish1|wash1|dry1,0,3,1.0
ewh_on,weekday|h18|occ1|evhome1|dish1|wash1|dry1,0,3,0.75
ewh_on,weekday|h18|occ1|evhome1|dish1|wash1|dry1,1,1,0.25
ewh_on,weekday|h18|occ1|evhome1|Tin_warm|Tout_extreme|soc_target|ewh_hot|dish1|wash1|dry1,1,1,1.0
ewh_on,weekday|h19|occ1|evhome1|Tin_warm|Tout_extreme|soc_target|ewh_normal|dish1|wash1|dry1,0,2,1.0
ewh_on,weekday|h19|occ1|evhome1|dish1|wash1|dry1,0,2,1.0
ewh_on,weekday|h19,0,50,0.8333333333333334
ewh_on,weekday|h19,1,10,0.16666666666666666
ewh_on,h19,0,70,0.8333333333333334
ewh_on,h19,1,14,0.16666666666666666
ewh_on,weekday|h19|occ1|evhome1|Tin_warm|Tout_extreme|soc_target|ewh_normal|dish2|wash1|dry1,0,2,1.0
ewh_on,weekday|h19|occ1|evhome1|dish2|wash1|dry1,0,3,0.75
ewh_on,weekday|h19|occ1|evhome1|dish2|wash1|dry1,1,1,0.25
ewh_on,weekday|h19|occ1|evhome1|Tin_warm|Tout_extreme|soc_full|ewh_normal|dish2|wash1|dry1,0,1,1.0
ewh_on,weekday|h19|occ1|evhome1|Tin_warm|Tout_extreme|soc_full|ewh_hot|dish2|wash1|dry1,1,1,1.0
ewh_on,weekday|h20|occ1|evhome1|Tin_warm|Tout_extreme|soc_full|ewh_hot|dish2|wash1|dry1,1,4,1.0
ewh_on,weekday|h20|occ1|evhome1|dish2|wash1|dry1,1,4,1.0
ewh_on,weekday|h20,1,60,1.0
ewh_on,h20,1,84,1.0
ewh_on,weekday|h20|occ1|evhome1|Tin_warm|Tout_extreme|soc_full|ewh_hot|dish3|wash1|dry1,1,2,1.0
ewh_on,weekday|h20|occ1|evhome1|dish3|wash1|dry1,1,2,1.0
ewh_on,weekday|h21|occ1|evhome1|Tin_warm|Tout_extreme|soc_full|ewh_low|dish3|wash1|dry1,1,1,1.0
ewh_on,weekday|h21|occ1|evhome1|dish3|wash1|dry1,1,6,1.0
ewh_on,weekday|h21,1,60,1.0
ewh_on,h21,1,84,1.0
ewh_on,weekday|h21|occ1|evhome1|Tin_warm|Tout_extreme|soc_full|ewh_normal|dish3|wash1|dry1,1,3,1.0
ewh_on,weekday|h21|occ1|evhome1|Tin_warm|Tout_extreme|soc_full|ewh_hot|dish3|wash1|dry1,1,2,1.0
ewh_on,weekday|h22|occ1|evhome1|Tin_warm|Tout_extreme|soc_full|ewh_hot|dish3|wash1|dry1,1,6,1.0
ewh_on,weekday|h22|occ1|evhome1|dish3|wash1|dry1,1,6,1.0
ewh_on,weekday|h22,1,60,1.0
ewh_on,h22,1,84,1.0
ewh_on,weekday|h23|occ1|evhome1|Tin_warm|Tout_extreme|soc_full|ewh_normal|dish3|wash1|dry1,0,3,1.0
ewh_on,weekday|h23|occ1|evhome1|dish3|wash1|dry1,0,3,1.0
ewh_on,weekday|h23,0,50,0.8333333333333334
ewh_on,weekday|h23,1,10,0.16666666666666666
ewh_on,h23,0,70,0.8433734939759037
ewh_on,h23,1,13,0.1566265060240964
ewh_on,weekday|h23|occ0|evhome1|Tin_warm|Tout_extreme|soc_full|ewh_normal|dish3|wash1|dry1,0,1,1.0
ewh_on,weekday|h23|occ0|evhome1|dish3|wash1|dry1,0,2,0.6666666666666666
ewh_on,weekday|h23|occ0|evhome1|dish3|wash1|dry1,1,1,0.3333333333333333
ewh_on,weekday|h23|occ0|evhome1|Tin_warm|Tout_hot|soc_full|ewh_normal|dish3|wash1|dry1,0,1,1.0
ewh_on,weekday|h23|occ0|evhome1|Tin_warm|Tout_hot|soc_full|ewh_hot|dish3|wash1|dry1,1,1,1.0
ewh_on,weekday|h00|occ0|evhome1|Tin_warm|Tout_hot|soc_full|ewh_normal|dish3|wash1|dry1,0,5,1.0
ewh_on,weekday|h00|occ0|evhome1|dish3|wash1|dry1,0,5,0.8333333333333334
ewh_on,weekday|h00|occ0|evhome1|dish3|wash1|dry1,1,1,0.16666666666666666
ewh_on,weekday|h00|occ0|evhome1|Tin_warm|Tout_hot|soc_full|ewh_hot|dish3|wash1|dry1,1,1,1.0
ewh_on,weekday|h01|occ0|evhome1|Tin_warm|Tout_hot|soc_full|ewh_normal|dish3|wash1|dry1,0,5,1.0
ewh_on,weekday|h01|occ0|evhome1|dish3|wash1|dry1,0,5,0.8333333333333334
ewh_on,weekday|h01|occ0|evhome1|dish3|wash1|dry1,1,1,0.16666666666666666
ewh_on,weekday|h01|occ0|evhome1|Tin_warm|Tout_hot|soc_full|ewh_hot|dish3|wash1|dry1,1,1,1.0
ewh_on,weekday|h02|occ0|evhome1|Tin_warm|Tout_hot|soc_full|ewh_normal|dish3|wash1|dry1,0,5,1.0
ewh_on,weekday|h02|occ0|evhome1|dish3|wash1|dry1,0,5,0.8333333333333334
ewh_on,weekday|h02|occ0|evhome1|dish3|wash1|dry1,1,1,0.16666666666666666
ewh_on,weekday|h02|occ0|evhome1|Tin_warm|Tout_hot|soc_full|ewh_hot|dish3|wash1|dry1,1,1,1.0
ewh_on,weekday|h03|occ0|evhome1|Tin_warm|Tout_hot|soc_full|ewh_normal|dish3|wash1|dry1,0,5,1.0
ewh_on,weekday|h03|occ0|evhome1|dish3|wash1|dry1,0,5,0.8333333333333334
ewh_on,weekday|h03|occ0|evhome1|dish3|wash1|dry1,1,1,0.16666666666666666
ewh_on,weekday|h03|occ0|evhome1|Tin_warm|Tout_hot|soc_full|ewh_hot|dish3|wash1|dry1,1,1,1.0
ewh_on,weekday|h04|occ0|evhome1|Tin_warm|Tout_hot|soc_full|ewh_normal|dish3|wash1|dry1,0,5,1.0
ewh_on,weekday|h04|occ0|evhome1|dish3|wash1|dry1,0,5,0.8333333333333334
ewh_on,weekday|h04|occ0|evhome1|dish3|wash1|dry1,1,1,0.16666666666666666
ewh_on,weekday|h04|occ0|evhome1|Tin_warm|Tout_hot|soc_full|ewh_hot|dish3|wash1|dry1,1,1,1.0
ewh_on,weekday|h05|occ0|evhome1|Tin_warm|Tout_hot|soc_full|ewh_hot|dish3|wash1|dry1,1,6,1.0
ewh_on,weekday|h05|occ0|evhome1|dish3|wash1|dry1,1,6,1.0
ewh_on,weekday|h06|occ0|evhome1|Tin_warm|Tout_hot|soc_full|ewh_hot|dish3|wash1|dry1,1,1,1.0
ewh_on,weekday|h06|occ0|evhome1|dish3|wash1|dry1,1,1,1.0
ewh_on,weekday|h06|occ1|evhome1|Tin_warm|Tout_hot|soc_full|ewh_hot|dish3|wash1|dry1,1,4,1.0
ewh_on,weekday|h06|occ1|evhome1|dish3|wash1|dry1,1,5,1.0
ewh_on,weekday|h06|occ1|evhome1|Tin_warm|Tout_hot|soc_full|ewh_normal|dish3|wash1|dry1,1,1,1.0
ewh_on,weekday|h07|occ1|evhome1|Tin_warm|Tout_hot|soc_full|ewh_normal|dish3|wash1|dry1,1,1,1.0
ewh_on,weekday|h07|occ1|evhome1|dish3|wash1|dry1,1,6,1.0
ewh_on,weekday|h07|occ1|evhome1|Tin_comfort|Tout_hot|soc_full|ewh_normal|dish3|wash1|dry1,1,1,1.0
ewh_on,weekday|h07|occ1|evhome1|Tin_comfort|Tout_hot|soc_full|ewh_hot|dish3|wash1|dry1,1,4,1.0
ewh_on,weekday|h08|occ0|evhome0|Tin_comfort|Tout_hot|soc_target|ewh_normal|dish3|wash1|dry1,0,5,1.0
ewh_on,weekday|h08|occ0|evhome0|dish3|wash1|dry1,0,5,0.8333333333333334
ewh_on,weekday|h08|occ0|evhome0|dish3|wash1|dry1,1,1,0.16666666666666666
ewh_on,weekday|h08|occ0|evhome0|Tin_comfort|Tout_hot|soc_target|ewh_hot|dish3|wash1|dry1,1,1,1.0
ewh_on,weekday|h09|occ0|evhome0|Tin_comfort|Tout_hot|soc_target|ewh_normal|dish3|wash1|dry1,0,5,1.0
ewh_on,weekday|h09|occ0|evhome0|dish3|wash1|dry1,0,5,0.8333333333333334
ewh_on,weekday|h09|occ0|evhome0|dish3|wash1|dry1,1,1,0.16666666666666666
ewh_on,weekday|h09|occ0|evhome0|Tin_comfort|Tout_hot|soc_target|ewh_hot|dish3|wash1|dry1,1,1,1.0
ewh_on,weekday|h10|occ0|evhome0|Tin_comfort|Tout_hot|soc_target|ewh_normal|dish3|wash1|dry1,0,5,1.0
ewh_on,weekday|h10|occ0|evhome0|dish3|wash1|dry1,0,5,0.8333333333333334
ewh_on,weekday|h10|occ0|evhome0|dish3|wash1|dry1,1,1,0.16666666666666666
ewh_on,weekday|h10|occ0|evhome0|Tin_comfort|Tout_hot|soc_target|ewh_hot|dish3|wash1|dry1,1,1,1.0
ewh_on,weekday|h11|occ0|evhome0|Tin_comfort|Tout_hot|soc_target|ewh_normal|dish3|wash1|dry1,0,5,1.0
ewh_on,weekday|h11|occ0|evhome0|dish3|wash1|dry1,0,5,0.8333333333333334
ewh_on,weekday|h11|occ0|evhome0|dish3|wash1|dry1,1,1,0.16666666666666666
ewh_on,weekday|h11|occ0|evhome0|Tin_comfort|Tout_hot|soc_target|ewh_hot|dish3|wash1|dry1,1,1,1.0
ewh_on,weekday|h12|occ0|evhome0|Tin_comfort|Tout_hot|soc_target|ewh_normal|dish3|wash1|dry1,0,5,1.0
ewh_on,weekday|h12|occ0|evhome0|dish3|wash1|dry1,0,5,0.8333333333333334
ewh_on,weekday|h12|occ0|evhome0|dish3|wash1|dry1,1,1,0.16666666666666666
ewh_on,weekday|h12|occ0|evhome0|Tin_warm|Tout_hot|soc_target|ewh_hot|dish3|wash1|dry1,1,1,1.0
ewh_on,weekday|h13|occ0|evhome0|Tin_warm|Tout_hot|soc_target|ewh_normal|dish3|wash1|dry1,0,5,1.0
ewh_on,weekday|h13|occ0|evhome0|dish3|wash1|dry1,0,5,0.8333333333333334
ewh_on,weekday|h13|occ0|evhome0|dish3|wash1|dry1,1,1,0.16666666666666666
ewh_on,weekday|h13|occ0|evhome0|Tin_warm|Tout_hot|soc_target|ewh_hot|dish3|wash1|dry1,1,1,1.0
ewh_on,weekday|h14|occ0|evhome0|Tin_warm|Tout_hot|soc_target|ewh_normal|dish3|wash1|dry1,0,5,1.0
ewh_on,weekday|h14|occ0|evhome0|dish3|wash1|dry1,0,5,0.8333333333333334
ewh_on,weekday|h14|occ0|evhome0|dish3|wash1|dry1,1,1,0.16666666666666666
ewh_on,weekday|h14|occ0|evhome0|Tin_warm|Tout_hot|soc_target|ewh_hot|dish3|wash1|dry1,1,1,1.0
ewh_on,weekday|h15|occ0|evhome0|Tin_warm|Tout_hot|soc_target|ewh_normal|dish3|wash1|dry1,0,5,1.0
ewh_on,weekday|h15|occ0|evhome0|dish3|wash1|dry1,0,5,0.8333333333333334
ewh_on,weekday|h15|occ0|evhome0|dish3|wash1|dry1,1,1,0.16666666666666666
ewh_on,weekday|h15|occ0|evhome0|Tin_warm|Tout_hot|soc_target|ewh_hot|dish3|wash1|dry1,1,1,1.0
ewh_on,weekday|h16|occ0|evhome0|Tin_warm|Tout_hot|soc_target|ewh_normal|dish3|wash1|dry1,0,1,1.0
ewh_on,weekday|h16|occ0|evhome0|dish3|wash1|dry1,0,5,0.8333333333333334
ewh_on,weekday|h16|occ0|evhome0|dish3|wash1|dry1,1,1,0.16666666666666666
ewh_on,weekday|h16|occ0|evhome0|Tin_warm|Tout_extreme|soc_target|ewh_normal|dish3|wash1|dry1,0,4,1.0
ewh_on,weekday|h16|occ0|evhome0|Tin_warm|Tout_extreme|soc_target|ewh_hot|dish3|wash1|dry1,1,1,1.0
ewh_on,weekday|h17|occ0|evhome0|Tin_warm|Tout_extreme|soc_target|ewh_normal|dish3|wash1|dry1,0,5,1.0
ewh_on,weekday|h17|occ0|evhome0|dish3|wash1|dry1,0,5,0.8333333333333334
ewh_on,weekday|h17|occ0|evhome0|dish3|wash1|dry1,1,1,0.16666666666666666
ewh_on,weekday|h17|occ0|evhome0|Tin_warm|Tout_extreme|soc_target|ewh_hot|dish3|wash1|dry1,1,1,1.0
ewh_on,weekday|h18|occ0|evhome0|Tin_warm|Tout_extreme|soc_target|ewh_normal|dish3|wash1|dry1,0,1,1.0
ewh_on,weekday|h18|occ0|evhome0|dish3|wash1|dry1,0,1,1.0
ewh_on,weekday|h18|occ1|evhome1|Tin_warm|Tout_extreme|soc_target|ewh_normal|dish3|wash1|dry1,0,4,1.0
ewh_on,weekday|h18|occ1|evhome1|dish3|wash1|dry1,0,4,0.8
ewh_on,weekday|h18|occ1|evhome1|dish3|wash1|dry1,1,1,0.2
ewh_on,weekday|h18|occ1|evhome1|Tin_warm|Tout_extreme|soc_target|ewh_hot|dish3|wash1|dry1,1,1,1.0
ewh_on,weekday|h19|occ1|evhome1|Tin_warm|Tout_extreme|soc_target|ewh_normal|dish3|wash1|dry1,0,1,1.0
ewh_on,weekday|h19|occ1|evhome1|dish3|wash1|dry1,0,1,1.0
ewh_on,weekday|h19|occ1|evhome1|Tin_warm|Tout_extreme|soc_target|ewh_normal|dish3|wash2|dry1,0,3,1.0
ewh_on,weekday|h19|occ1|evhome1|dish3|wash2|dry1,0,4,0.8
ewh_on,weekday|h19|occ1|evhome1|dish3|wash2|dry1,1,1,0.2
ewh_on,weekday|h19|occ1|evhome1|Tin_warm|Tout_extreme|soc_full|ewh_normal|dish3|wash2|dry1,0,1,1.0
ewh_on,weekday|h19|occ1|evhome1|Tin_warm|Tout_extreme|soc_full|ewh_hot|dish3|wash2|dry1,1,1,1.0
ewh_on,weekday|h20|occ1|evhome1|Tin_warm|Tout_extreme|soc_full|ewh_hot|dish3|wash3|dry1,1,2,1.0
ewh_on,weekday|h20|occ1|evhome1|dish3|wash3|dry1,1,2,1.0
ewh_on,weekday|h20|occ1|evhome1|Tin_warm|Tout_extreme|soc_full|ewh_hot|dish3|wash3|dry2,1,4,1.0
ewh_on,weekday|h20|occ1|evhome1|dish3|wash3|dry2,1,4,1.0
ewh_on,weekday|h21|occ1|evhome1|Tin_warm|Tout_extreme|soc_full|ewh_hot|dish3|wash3|dry2,1,1,1.0
ewh_on,weekday|h21|occ1|evhome1|dish3|wash3|dry2,1,1,1.0
ewh_on,weekday|h21|occ1|evhome1|Tin_warm|Tout_extreme|soc_full|ewh_normal|dish3|wash3|dry3,1,17,1.0
ewh_on,weekday|h21|occ1|evhome1|dish3|wash3|dry3,1,53,1.0
ewh_on,weekday|h21|occ1|evhome1|Tin_warm|Tout_extreme|soc_full|ewh_hot|dish3|wash3|dry3,1,19,1.0
ewh_on,weekday|h22|occ1|evhome1|Tin_warm|Tout_extreme|soc_full|ewh_hot|dish3|wash3|dry3,1,46,1.0
ewh_on,weekday|h22|occ1|evhome1|dish3|wash3|dry3,1,53,1.0
ewh_on,weekday|h23|occ1|evhome1|Tin_warm|Tout_extreme|soc_full|ewh_normal|dish3|wash3|dry3,0,14,1.0
ewh_on,weekday|h23|occ1|evhome1|dish3|wash3|dry3,0,14,1.0
ewh_on,weekday|h23|occ0|evhome1|Tin_warm|Tout_extreme|soc_full|ewh_normal|dish3|wash3|dry3,0,31,1.0
ewh_on,weekday|h23|occ0|evhome1|dish3|wash3|dry3,0,31,0.775
ewh_on,weekday|h23|occ0|evhome1|dish3|wash3|dry3,1,9,0.225
ewh_on,weekday|h23|occ0|evhome1|Tin_warm|Tout_extreme|soc_full|ewh_hot|dish3|wash3|dry3,1,9,1.0
ewh_on,weekday|h00|occ0|evhome1|Tin_warm|Tout_extreme|soc_full|ewh_normal|dish3|wash3|dry3,0,35,1.0
ewh_on,weekday|h00|occ0|evhome1|dish3|wash3|dry3,0,40,0.8333333333333334
ewh_on,weekday|h00|occ0|evhome1|dish3|wash3|dry3,1,8,0.16666666666666666
ewh_on,weekday|h00|occ0|evhome1|Tin_warm|Tout_hot|soc_full|ewh_normal|dish3|wash3|dry3,0,5,1.0
ewh_on,weekday|h00|occ0|evhome1|Tin_warm|Tout_hot|soc_full|ewh_hot|dish3|wash3|dry3,1,3,1.0
ewh_on,weekday|h01|occ0|evhome1|Tin_warm|Tout_hot|soc_full|ewh_normal|dish3|wash3|dry3,0,16,1.0
ewh_on,weekday|h01|occ0|evhome1|dish3|wash3|dry3,0,40,0.8333333333333334
ewh_on,weekday|h01|occ0|evhome1|dish3|wash3|dry3,1,8,0.16666666666666666
ewh_on,weekday|h01|occ0|evhome1|Tin_warm|Tout_hot|soc_full|ewh_hot|dish3|wash3|dry3,1,4,1.0
ewh_on,weekday|h02|occ0|evhome1|Tin_warm|Tout_hot|soc_full|ewh_normal|dish3|wash3|dry3,0,32,1.0
ewh_on,weekday|h02|occ0|evhome1|dish3|wash3|dry3,0,40,0.8333333333333334
ewh_on,weekday|h02|occ0|evhome1|dish3|wash3|dry3,1,8,0.16666666666666666
ewh_on,weekday|h02|occ0|evhome1|Tin_warm|Tout_hot|soc_full|ewh_hot|dish3|wash3|dry3,1,8,1.0
ewh_on,weekday|h03|occ0|evhome1|Tin_warm|Tout_hot|soc_full|ewh_normal|dish3|wash3|dry3,0,40,1.0
ewh_on,weekday|h03|occ0|evhome1|dish3|wash3|dry3,0,40,0.8333333333333334
ewh_on,weekday|h03|occ0|evhome1|dish3|wash3|dry3,1,8,0.16666666666666666
ewh_on,weekday|h03|occ0|evhome1|Tin_warm|Tout_hot|soc_full|ewh_hot|dish3|wash3|dry3,1,8,1.0
ewh_on,weekday|h04|occ0|evhome1|Tin_warm|Tout_hot|soc_full|ewh_normal|dish3|wash3|dry3,0,40,1.0
ewh_on,weekday|h04|occ0|evhome1|dish3|wash3|dry3,0,40,0.8333333333333334
ewh_on,weekday|h04|occ0|evhome1|dish3|wash3|dry3,1,8,0.16666666666666666
ewh_on,weekday|h04|occ0|evhome1|Tin_warm|Tout_hot|soc_full|ewh_hot|dish3|wash3|dry3,1,8,1.0
ewh_on,weekday|h05|occ0|evhome1|Tin_warm|Tout_hot|soc_full|ewh_hot|dish3|wash3|dry3,1,48,1.0
ewh_on,weekday|h05|occ0|evhome1|dish3|wash3|dry3,1,48,1.0
ewh_on,weekday|h06|occ0|evhome1|Tin_warm|Tout_hot|soc_full|ewh_hot|dish3|wash3|dry3,1,27,1.0
ewh_on,weekday|h06|occ0|evhome1|dish3|wash3|dry3,1,27,1.0
ewh_on,weekday|h06|occ1|evhome1|Tin_warm|Tout_hot|soc_full|ewh_hot|dish3|wash3|dry3,1,20,1.0
ewh_on,weekday|h06|occ1|evhome1|dish3|wash3|dry3,1,21,1.0
ewh_on,weekday|h07|occ1|evhome1|Tin_warm|Tout_hot|soc_full|ewh_normal|dish3|wash3|dry3,1,22,1.0
ewh_on,weekday|h07|occ1|evhome1|dish3|wash3|dry3,1,44,1.0
ewh_on,weekday|h07|occ1|evhome1|Tin_warm|Tout_hot|soc_full|ewh_hot|dish3|wash3|dry3,1,19,1.0
ewh_on,weekday|h07|occ1|evhome1|Tin_comfort|Tout_hot|soc_full|ewh_hot|dish3|wash3|dry3,1,2,1.0
ewh_on,weekday|h08|occ1|evhome1|Tin_comfort|Tout_hot|soc_full|ewh_normal|dish3|wash3|dry3,0,1,1.0
ewh_on,weekday|h08|occ1|evhome1|dish3|wash3|dry3,0,4,1.0
ewh_on,weekday|h08|occ0|evhome0|Tin_comfort|Tout_hot|soc_target|ewh_normal|dish3|wash3|dry3,0,7,1.0
ewh_on,weekday|h08|occ0|evhome0|dish3|wash3|dry3,0,36,0.8181818181818182
ewh_on,weekday|h08|occ0|evhome0|dish3|wash3|dry3,1,8,0.18181818181818182
ewh_on,weekday|h08|occ0|evhome0|Tin_comfort|Tout_hot|soc_target|ewh_hot|dish3|wash3|dry3,1,2,1.0
ewh_on,weekday|h09|occ0|evhome0|Tin_comfort|Tout_hot|soc_target|ewh_normal|dish3|wash3|dry3,0,10,1.0
ewh_on,weekday|h09|occ0|evhome0|dish3|wash3|dry3,0,40,0.8333333333333334
ewh_on,weekday|h09|occ0|evhome0|dish3|wash3|dry3,1,8,0.16666666666666666
ewh_on,weekday|h09|occ0|evhome0|Tin_comfort|Tout_hot|soc_target|ewh_hot|dish3|wash3|dry3,1,2,1.0
ewh_on,weekday|h10|occ0|evhome0|Tin_comfort|Tout_hot|soc_target|ewh_normal|dish3|wash3|dry3,0,10,1.0
ewh_on,weekday|h10|occ0|evhome0|dish3|wash3|dry3,0,40,0.8333333333333334
ewh_on,weekday|h10|occ0|evhome0|dish3|wash3|dry3,1,8,0.16666666666666666
ewh_on,weekday|h10|occ0|evhome0|Tin_comfort|Tout_hot|soc_target|ewh_hot|dish3|wash3|dry3,1,2,1.0
ewh_on,weekday|h11|occ0|evhome0|Tin_comfort|Tout_hot|soc_target|ewh_normal|dish3|wash3|dry3,0,8,1.0
ewh_on,weekday|h11|occ0|evhome0|dish3|wash3|dry3,0,40,0.8333333333333334
ewh_on,weekday|h11|occ0|evhome0|dish3|wash3|dry3,1,8,0.16666666666666666
ewh_on,weekday|h11|occ0|evhome0|Tin_comfort|Tout_hot|soc_target|ewh_hot|dish3|wash3|dry3,1,1,1.0
ewh_on,weekday|h12|occ0|evhome0|Tin_comfort|Tout_hot|soc_target|ewh_normal|dish3|wash3|dry3,0,1,1.0
ewh_on,weekday|h12|occ0|evhome0|dish3|wash3|dry3,0,40,0.8333333333333334
ewh_on,weekday|h12|occ0|evhome0|dish3|wash3|dry3,1,8,0.16666666666666666
ewh_on,weekday|h12|occ0|evhome0|Tin_warm|Tout_hot|soc_target|ewh_normal|dish3|wash3|dry3,0,39,1.0
ewh_on,weekday|h12|occ0|evhome0|Tin_warm|Tout_hot|soc_target|ewh_hot|dish3|wash3|dry3,1,8,1.0
ewh_on,weekday|h13|occ0|evhome0|Tin_warm|Tout_hot|soc_target|ewh_normal|dish3|wash3|dry3,0,37,1.0
ewh_on,weekday|h13|occ0|evhome0|dish3|wash3|dry3,0,40,0.8333333333333334
ewh_on,weekday|h13|occ0|evhome0|dish3|wash3|dry3,1,8,0.16666666666666666
ewh_on,weekday|h13|occ0|evhome0|Tin_warm|Tout_hot|soc_target|ewh_hot|dish3|wash3|dry3,1,6,1.0
ewh_on,weekday|h14|occ0|evhome0|Tin_warm|Tout_hot|soc_target|ewh_normal|dish3|wash3|dry3,0,19,1.0
ewh_on,weekday|h14|occ0|evhome0|dish3|wash3|dry3,0,40,0.8333333333333334
ewh_on,weekday|h14|occ0|evhome0|dish3|wash3|dry3,1,8,0.16666666666666666
ewh_on,weekday|h14|occ0|evhome0|Tin_warm|Tout_hot|soc_target|ewh_hot|dish3|wash3|dry3,1,3,1.0
ewh_on,weekday|h15|occ0|evhome0|Tin_warm|Tout_hot|soc_target|ewh_normal|dish3|wash3|dry3,0,11,1.0
ewh_on,weekday|h15|occ0|evhome0|dish3|wash3|dry3,0,40,0.8333333333333334
ewh_on,weekday|h15|occ0|evhome0|dish3|wash3|dry3,1,8,0.16666666666666666
ewh_on,weekday|h15|occ0|evhome0|Tin_warm|Tout_extreme|soc_target|ewh_hot|dish3|wash3|dry3,1,8,1.0
ewh_on,weekday|h16|occ0|evhome0|Tin_warm|Tout_extreme|soc_target|ewh_normal|dish3|wash3|dry3,0,40,1.0
ewh_on,weekday|h16|occ0|evhome0|dish3|wash3|dry3,0,40,0.8333333333333334
ewh_on,weekday|h16|occ0|evhome0|dish3|wash3|dry3,1,8,0.16666666666666666
ewh_on,weekday|h16|occ0|evhome0|Tin_warm|Tout_extreme|soc_target|ewh_hot|dish3|wash3|dry3,1,8,1.0
ewh_on,weekday|h17|occ0|evhome0|Tin_warm|Tout_extreme|soc_target|ewh_normal|dish3|wash3|dry3,0,37,1.0
ewh_on,weekday|h17|occ0|evhome0|dish3|wash3|dry3,0,37,0.9024390243902439
ewh_on,weekday|h17|occ0|evhome0|dish3|wash3|dry3,1,4,0.0975609756097561
ewh_on,weekday|h17|occ1|evhome1|Tin_warm|Tout_extreme|soc_target|ewh_normal|dish3|wash3|dry3,0,3,1.0
ewh_on,weekday|h17|occ1|evhome1|dish3|wash3|dry3,0,3,0.42857142857142855
ewh_on,weekday|h17|occ1|evhome1|dish3|wash3|dry3,1,4,0.5714285714285714
ewh_on,weekday|h17|occ1|evhome1|Tin_warm|Tout_extreme|soc_target|ewh_hot|dish3|wash3|dry3,1,4,1.0
ewh_on,weekday|h18|occ1|evhome1|Tin_warm|Tout_extreme|soc_target|ewh_normal|dish3|wash3|dry3,0,28,1.0
ewh_on,weekday|h18|occ1|evhome1|dish3|wash3|dry3,0,31,0.7948717948717948
ewh_on,weekday|h18|occ1|evhome1|dish3|wash3|dry3,1,8,0.20512820512820512
ewh_on,weekday|h18|occ1|evhome1|Tin_warm|Tout_extreme|soc_target|ewh_hot|dish3|wash3|dry3,1,6,1.0
ewh_on,weekday|h19|occ1|evhome1|Tin_warm|Tout_extreme|soc_target|ewh_normal|dish3|wash3|dry3,0,17,1.0
ewh_on,weekday|h19|occ1|evhome1|dish3|wash3|dry3,0,40,0.8333333333333334
ewh_on,weekday|h19|occ1|evhome1|dish3|wash3|dry3,1,8,0.16666666666666666
ewh_on,weekday|h19|occ1|evhome1|Tin_warm|Tout_extreme|soc_full|ewh_normal|dish3|wash3|dry3,0,12,1.0
ewh_on,weekday|h19|occ1|evhome1|Tin_warm|Tout_extreme|soc_full|ewh_hot|dish3|wash3|dry3,1,5,1.0
ewh_on,weekday|h20|occ1|evhome1|Tin_warm|Tout_extreme|soc_full|ewh_hot|dish3|wash3|dry3,1,29,1.0
ewh_on,weekday|h20|occ1|evhome1|dish3|wash3|dry3,1,48,1.0
ewh_on,weekday|h21|occ1|evhome1|Tin_warm|Tout_extreme|soc_full|ewh_low|dish3|wash3|dry3,1,3,1.0
ewh_on,weekday|h06|occ1|evhome1|Tin_warm|Tout_hot|soc_full|ewh_normal|dish3|wash3|dry3,1,1,1.0
ewh_on,weekday|h08|occ0|evhome0|Tin_warm|Tout_hot|soc_target|ewh_normal|dish3|wash3|dry3,0,29,1.0
ewh_on,weekday|h11|occ0|evhome0|Tin_warm|Tout_hot|soc_target|ewh_normal|dish3|wash3|dry3,0,32,1.0
ewh_on,weekday|h11|occ0|evhome0|Tin_warm|Tout_hot|soc_target|ewh_hot|dish3|wash3|dry3,1,7,1.0
ewh_on,weekday|h15|occ0|evhome0|Tin_warm|Tout_extreme|soc_target|ewh_normal|dish3|wash3|dry3,0,29,1.0
ewh_on,weekday|h08|occ1|evhome1|Tin_warm|Tout_hot|soc_full|ewh_normal|dish3|wash3|dry3,0,3,1.0
ewh_on,weekday|h08|occ0|evhome0|Tin_warm|Tout_hot|soc_target|ewh_hot|dish3|wash3|dry3,1,6,1.0
ewh_on,weekday|h09|occ0|evhome0|Tin_warm|Tout_hot|soc_target|ewh_normal|dish3|wash3|dry3,0,30,1.0
ewh_on,weekday|h09|occ0|evhome0|Tin_warm|Tout_hot|soc_target|ewh_hot|dish3|wash3|dry3,1,6,1.0
ewh_on,weekday|h10|occ0|evhome0|Tin_warm|Tout_hot|soc_target|ewh_normal|dish3|wash3|dry3,0,30,1.0
ewh_on,weekday|h10|occ0|evhome0|Tin_warm|Tout_hot|soc_target|ewh_hot|dish3|wash3|dry3,1,6,1.0
ewh_on,weekend|h00|occ1|evhome1|Tin_warm|Tout_extreme|soc_full|ewh_normal|dish3|wash3|dry3,0,10,1.0
ewh_on,weekend|h00|occ1|evhome1|dish3|wash3|dry3,0,10,0.8333333333333334
ewh_on,weekend|h00|occ1|evhome1|dish3|wash3|dry3,1,2,0.16666666666666666
ewh_on,weekend|h00,0,20,0.8333333333333334
ewh_on,weekend|h00,1,4,0.16666666666666666
ewh_on,weekend|h00|occ1|evhome1|Tin_warm|Tout_extreme|soc_full|ewh_hot|dish3|wash3|dry3,1,2,1.0
ewh_on,weekend|h01|occ1|evhome1|Tin_warm|Tout_extreme|soc_full|ewh_normal|dish3|wash3|dry3,0,6,1.0
ewh_on,weekend|h01|occ1|evhome1|dish3|wash3|dry3,0,10,0.8333333333333334
ewh_on,weekend|h01|occ1|evhome1|dish3|wash3|dry3,1,2,0.16666666666666666
ewh_on,weekend|h01,0,20,0.8333333333333334
ewh_on,weekend|h01,1,4,0.16666666666666666
ewh_on,weekend|h01|occ1|evhome1|Tin_warm|Tout_hot|soc_full|ewh_normal|dish3|wash3|dry3,0,4,1.0
ewh_on,weekend|h01|occ1|evhome1|Tin_warm|Tout_hot|soc_full|ewh_hot|dish3|wash3|dry3,1,1,1.0
ewh_on,weekend|h02|occ1|evhome1|Tin_warm|Tout_hot|soc_full|ewh_normal|dish3|wash3|dry3,0,5,1.0
ewh_on,weekend|h02|occ1|evhome1|dish3|wash3|dry3,0,10,0.8333333333333334
ewh_on,weekend|h02|occ1|evhome1|dish3|wash3|dry3,1,2,0.16666666666666666
ewh_on,weekend|h02,0,20,0.8333333333333334
ewh_on,weekend|h02,1,4,0.16666666666666666
ewh_on,weekend|h02|occ1|evhome1|Tin_warm|Tout_hot|soc_full|ewh_hot|dish3|wash3|dry3,1,1,1.0
ewh_on,weekend|h03|occ1|evhome1|Tin_warm|Tout_hot|soc_full|ewh_normal|dish3|wash3|dry3,0,10,1.0
ewh_on,weekend|h03|occ1|evhome1|dish3|wash3|dry3,0,10,0.8333333333333334
ewh_on,weekend|h03|occ1|evhome1|dish3|wash3|dry3,1,2,0.16666666666666666
ewh_on,weekend|h03,0,20,0.8333333333333334
ewh_on,weekend|h03,1,4,0.16666666666666666
ewh_on,weekend|h03|occ1|evhome1|Tin_warm|Tout_hot|soc_full|ewh_hot|dish3|wash3|dry3,1,2,1.0
ewh_on,weekend|h04|occ1|evhome1|Tin_warm|Tout_hot|soc_full|ewh_normal|dish3|wash3|dry3,0,10,1.0
ewh_on,weekend|h04|occ1|evhome1|dish3|wash3|dry3,0,10,0.8333333333333334
ewh_on,weekend|h04|occ1|evhome1|dish3|wash3|dry3,1,2,0.16666666666666666
ewh_on,weekend|h04,0,20,0.8333333333333334
ewh_on,weekend|h04,1,4,0.16666666666666666
ewh_on,weekend|h04|occ1|evhome1|Tin_warm|Tout_hot|soc_full|ewh_hot|dish3|wash3|dry3,1,2,1.0
ewh_on,weekend|h05|occ1|evhome1|Tin_warm|Tout_hot|soc_full|ewh_hot|dish3|wash3|dry3,1,12,1.0
ewh_on,weekend|h05|occ1|evhome1|dish3|wash3|dry3,1,12,1.0
ewh_on,weekend|h05,1,24,1.0
ewh_on,weekend|h06|occ1|evhome1|Tin_warm|Tout_hot|soc_full|ewh_hot|dish3|wash3|dry3,1,12,1.0
ewh_on,weekend|h06|occ1|evhome1|dish3|wash3|dry3,1,12,1.0
ewh_on,weekend|h06,1,24,1.0
ewh_on,weekend|h07|occ1|evhome1|Tin_warm|Tout_hot|soc_full|ewh_hot|dish3|wash3|dry3,1,12,1.0
ewh_on,weekend|h07|occ1|evhome1|dish3|wash3|dry3,1,12,1.0
ewh_on,weekend|h07,1,24,1.0
ewh_on,weekend|h08|occ1|evhome1|Tin_warm|Tout_hot|soc_full|ewh_normal|dish3|wash3|dry3,0,17,0.9444444444444444
ewh_on,weekend|h08|occ1|evhome1|Tin_warm|Tout_hot|soc_full|ewh_normal|dish3|wash3|dry3,1,1,0.05555555555555555
ewh_on,weekend|h08|occ1|evhome1|dish3|wash3|dry3,0,17,0.8095238095238095
ewh_on,weekend|h08|occ1|evhome1|dish3|wash3|dry3,1,4,0.19047619047619047
ewh_on,weekend|h08,0,20,0.8333333333333334
ewh_on,weekend|h08,1,4,0.16666666666666666
ewh_on,weekend|h08|occ1|evhome1|Tin_warm|Tout_hot|soc_full|ewh_hot|dish3|wash3|dry3,1,3,1.0
ewh_on,weekend|h09|occ1|evhome1|Tin_warm|Tout_hot|soc_full|ewh_low|dish3|wash3|dry3,0,3,0.5
ewh_on,weekend|h09|occ1|evhome1|Tin_warm|Tout_hot|soc_full|ewh_low|dish3|wash3|dry3,1,3,0.5
ewh_on,weekend|h09|occ1|evhome1|dish3|wash3|dry3,0,10,0.4166666666666667
ewh_on,weekend|h09|occ1|evhome1|dish3|wash3|dry3,1,14,0.5833333333333334
ewh_on,weekend|h09,0,10,0.4166666666666667
ewh_on,weekend|h09,1,14,0.5833333333333334
ewh_on,weekend|h09|occ1|evhome1|Tin_warm|Tout_hot|soc_full|ewh_normal|dish3|wash3|dry3,1,9,0.5625
ewh_on,weekend|h09|occ1|evhome1|Tin_warm|Tout_hot|soc_full|ewh_normal|dish3|wash3|dry3,0,7,0.4375
ewh_on,weekend|h10|occ0|evhome0|Tin_warm|Tout_hot|soc_target|ewh_normal|dish3|wash3|dry3,0,10,1.0
ewh_on,weekend|h10|occ0|evhome0|dish3|wash3|dry3,0,10,0.8333333333333334
ewh_on,weekend|h10|occ0|evhome0|dish3|wash3|dry3,1,2,0.16666666666666666
ewh_on,weekend|h10,0,19,0.7916666666666666
ewh_on,weekend|h10,1,5,0.20833333333333334
ewh_on,weekend|h10|occ0|evhome0|Tin_warm|Tout_hot|soc_target|ewh_hot|dish3|wash3|dry3,1,2,1.0
ewh_on,weekend|h11|occ0|evhome0|Tin_warm|Tout_hot|soc_target|ewh_normal|dish3|wash3|dry3,0,10,1.0
ewh_on,weekend|h11|occ0|evhome0|dish3|wash3|dry3,0,10,0.8333333333333334
ewh_on,weekend|h11|occ0|evhome0|dish3|wash3|dry3,1,2,0.16666666666666666
ewh_on,weekend|h11,0,20,0.8333333333333334
ewh_on,weekend|h11,1,4,0.16666666666666666
ewh_on,weekend|h11|occ0|evhome0|Tin_warm|Tout_hot|soc_target|ewh_hot|dish3|wash3|dry3,1,2,1.0
ewh_on,weekend|h12|occ0|evhome0|Tin_warm|Tout_hot|soc_target|ewh_normal|dish3|wash3|dry3,0,5,1.0
ewh_on,weekend|h12|occ0|evhome0|dish3|wash3|dry3,0,5,0.8333333333333334
ewh_on,weekend|h12|occ0|evhome0|dish3|wash3|dry3,1,1,0.16666666666666666
ewh_on,weekend|h12,0,20,0.8333333333333334
ewh_on,weekend|h12,1,4,0.16666666666666666
ewh_on,weekend|h12|occ1|evhome1|Tin_warm|Tout_hot|soc_target|ewh_hot|dish3|wash3|dry3,1,1,1.0
ewh_on,weekend|h12|occ1|evhome1|dish3|wash3|dry3,1,3,0.16666666666666666
ewh_on,weekend|h12|occ1|evhome1|dish3|wash3|dry3,0,15,0.8333333333333334
ewh_on,weekend|h12|occ1|evhome1|Tin_warm|Tout_hot|soc_target|ewh_normal|dish3|wash3|dry3,0,3,1.0
ewh_on,weekend|h12|occ1|evhome1|Tin_warm|Tout_hot|soc_full|ewh_normal|dish3|wash3|dry3,0,11,1.0
ewh_on,weekend|h13|occ1|evhome1|Tin_warm|Tout_hot|soc_full|ewh_normal|dish3|wash3|dry3,0,10,1.0
ewh_on,weekend|h13|occ1|evhome1|dish3|wash3|dry3,0,20,0.8333333333333334
ewh_on,weekend|h13|occ1|evhome1|dish3|wash3|dry3,1,4,0.16666666666666666
ewh_on,weekend|h13,0,20,0.8333333333333334
ewh_on,weekend|h13,1,4,0.16666666666666666
ewh_on,weekend|h13|occ1|evhome1|Tin_warm|Tout_hot|soc_full|ewh_hot|dish3|wash3|dry3,1,2,1.0
ewh_on,weekend|h14|occ1|evhome1|Tin_warm|Tout_hot|soc_full|ewh_normal|dish3|wash3|dry3,0,9,1.0
ewh_on,weekend|h14|occ1|evhome1|dish3|wash3|dry3,0,20,0.8333333333333334
ewh_on,weekend|h14|occ1|evhome1|dish3|wash3|dry3,1,4,0.16666666666666666
ewh_on,weekend|h14,0,20,0.8333333333333334
ewh_on,weekend|h14,1,4,0.16666666666666666
ewh_on,weekend|h14|occ1|evhome1|Tin_warm|Tout_hot|soc_full|ewh_hot|dish3|wash3|dry3,1,2,1.0
ewh_on,weekend|h15|occ1|evhome1|Tin_warm|Tout_extreme|soc_full|ewh_normal|dish3|wash3|dry3,0,20,1.0
ewh_on,weekend|h15|occ1|evhome1|dish3|wash3|dry3,0,20,0.8333333333333334
ewh_on,weekend|h15|occ1|evhome1|dish3|wash3|dry3,1,4,0.16666666666666666
ewh_on,weekend|h15,0,20,0.8333333333333334
ewh_on,weekend|h15,1,4,0.16666666666666666
ewh_on,weekend|h15|occ1|evhome1|Tin_warm|Tout_extreme|soc_full|ewh_hot|dish3|wash3|dry3,1,4,1.0
ewh_on,weekend|h16|occ1|evhome1|Tin_warm|Tout_extreme|soc_full|ewh_normal|dish3|wash3|dry3,0,20,1.0
ewh_on,weekend|h16|occ1|evhome1|dish3|wash3|dry3,0,20,0.8333333333333334
ewh_on,weekend|h16|occ1|evhome1|dish3|wash3|dry3,1,4,0.16666666666666666
ewh_on,weekend|h16,0,20,0.8333333333333334
ewh_on,weekend|h16,1,4,0.16666666666666666
ewh_on,weekend|h16|occ1|evhome1|Tin_warm|Tout_extreme|soc_full|ewh_hot|dish3|wash3|dry3,1,4,1.0
ewh_on,weekend|h17|occ1|evhome1|Tin_warm|Tout_extreme|soc_full|ewh_normal|dish3|wash3|dry3,0,16,1.0
ewh_on,weekend|h17|occ1|evhome1|dish3|wash3|dry3,0,20,0.8333333333333334
ewh_on,weekend|h17|occ1|evhome1|dish3|wash3|dry3,1,4,0.16666666666666666
ewh_on,weekend|h17,0,20,0.8333333333333334
ewh_on,weekend|h17,1,4,0.16666666666666666
ewh_on,weekend|h17|occ1|evhome1|Tin_warm|Tout_extreme|soc_full|ewh_hot|dish3|wash3|dry3,1,4,1.0
ewh_on,weekend|h18|occ1|evhome1|Tin_warm|Tout_extreme|soc_full|ewh_normal|dish3|wash3|dry3,0,10,1.0
ewh_on,weekend|h18|occ1|evhome1|dish3|wash3|dry3,0,20,0.8333333333333334
ewh_on,weekend|h18|occ1|evhome1|dish3|wash3|dry3,1,4,0.16666666666666666
ewh_on,weekend|h18,0,20,0.8333333333333334
ewh_on,weekend|h18,1,4,0.16666666666666666
ewh_on,weekend|h18|occ1|evhome1|Tin_warm|Tout_extreme|soc_full|ewh_hot|dish3|wash3|dry3,1,2,1.0
ewh_on,weekend|h19|occ1|evhome1|Tin_warm|Tout_extreme|soc_full|ewh_normal|dish3|wash3|dry3,0,10,1.0
ewh_on,weekend|h19|occ1|evhome1|dish3|wash3|dry3,0,20,0.8333333333333334
ewh_on,weekend|h19|occ1|evhome1|dish3|wash3|dry3,1,4,0.16666666666666666
ewh_on,weekend|h19,0,20,0.8333333333333334
ewh_on,weekend|h19,1,4,0.16666666666666666
ewh_on,weekend|h19|occ1|evhome1|Tin_warm|Tout_extreme|soc_full|ewh_hot|dish3|wash3|dry3,1,2,1.0
ewh_on,weekend|h20|occ1|evhome1|Tin_warm|Tout_extreme|soc_full|ewh_hot|dish3|wash3|dry3,1,12,1.0
ewh_on,weekend|h20|occ1|evhome1|dish3|wash3|dry3,1,24,1.0
ewh_on,weekend|h20,1,24,1.0
ewh_on,weekend|h21|occ1|evhome1|Tin_warm|Tout_extreme|soc_full|ewh_hot|dish3|wash3|dry3,1,8,1.0
ewh_on,weekend|h21|occ1|evhome1|dish3|wash3|dry3,1,24,1.0
ewh_on,weekend|h21,1,24,1.0
ewh_on,weekend|h22|occ1|evhome1|Tin_warm|Tout_extreme|soc_full|ewh_low|dish3|wash3|dry3,1,1,1.0
ewh_on,weekend|h22|occ1|evhome1|dish3|wash3|dry3,1,24,1.0
ewh_on,weekend|h22,1,24,1.0
ewh_on,weekend|h22|occ1|evhome1|Tin_warm|Tout_extreme|soc_full|ewh_normal|dish3|wash3|dry3,1,3,1.0
ewh_on,weekend|h22|occ1|evhome1|Tin_warm|Tout_extreme|soc_full|ewh_hot|dish3|wash3|dry3,1,8,1.0
ewh_on,weekend|h23|occ1|evhome1|Tin_warm|Tout_extreme|soc_full|ewh_normal|dish3|wash3|dry3,0,15,1.0
ewh_on,weekend|h23|occ1|evhome1|dish3|wash3|dry3,0,20,0.8695652173913043
ewh_on,weekend|h23|occ1|evhome1|dish3|wash3|dry3,1,3,0.13043478260869565
ewh_on,weekend|h23,0,20,0.8695652173913043
ewh_on,weekend|h23,1,3,0.13043478260869565
ewh_on,weekend|h23|occ1|evhome1|Tin_warm|Tout_extreme|soc_full|ewh_hot|dish3|wash3|dry3,1,3,1.0
ewh_on,weekend|h00|occ0|evhome1|Tin_warm|Tout_extreme|soc_full|ewh_normal|dish3|wash3|dry3,0,10,1.0
ewh_on,weekend|h00|occ0|evhome1|dish3|wash3|dry3,0,10,0.8333333333333334
ewh_on,weekend|h00|occ0|evhome1|dish3|wash3|dry3,1,2,0.16666666666666666
ewh_on,weekend|h00|occ0|evhome1|Tin_warm|Tout_extreme|soc_full|ewh_hot|dish3|wash3|dry3,1,2,1.0
ewh_on,weekend|h01|occ0|evhome1|Tin_warm|Tout_extreme|soc_full|ewh_normal|dish3|wash3|dry3,0,7,1.0
ewh_on,weekend|h01|occ0|evhome1|dish3|wash3|dry3,0,10,0.8333333333333334
ewh_on,weekend|h01|occ0|evhome1|dish3|wash3|dry3,1,2,0.16666666666666666
ewh_on,weekend|h01|occ0|evhome1|Tin_warm|Tout_hot|soc_full|ewh_normal|dish3|wash3|dry3,0,3,1.0
ewh_on,weekend|h01|occ0|evhome1|Tin_warm|Tout_hot|soc_full|ewh_hot|dish3|wash3|dry3,1,1,1.0
ewh_on,weekend|h02|occ0|evhome1|Tin_warm|Tout_hot|soc_full|ewh_normal|dish3|wash3|dry3,0,5,1.0
ewh_on,weekend|h02|occ0|evhome1|dish3|wash3|dry3,0,10,0.8333333333333334
ewh_on,weekend|h02|occ0|evhome1|dish3|wash3|dry3,1,2,0.16666666666666666
ewh_on,weekend|h02|occ0|evhome1|Tin_warm|Tout_hot|soc_full|ewh_hot|dish3|wash3|dry3,1,1,1.0
ewh_on,weekend|h03|occ0|evhome1|Tin_warm|Tout_hot|soc_full|ewh_normal|dish3|wash3|dry3,0,8,1.0
ewh_on,weekend|h03|occ0|evhome1|dish3|wash3|dry3,0,10,0.8333333333333334
ewh_on,weekend|h03|occ0|evhome1|dish3|wash3|dry3,1,2,0.16666666666666666
ewh_on,weekend|h03|occ0|evhome1|Tin_warm|Tout_hot|soc_full|ewh_hot|dish3|wash3|dry3,1,2,1.0
ewh_on,weekend|h04|occ0|evhome1|Tin_warm|Tout_hot|soc_full|ewh_normal|dish3|wash3|dry3,0,10,1.0
ewh_on,weekend|h04|occ0|evhome1|dish3|wash3|dry3,0,10,0.8333333333333334
ewh_on,weekend|h04|occ0|evhome1|dish3|wash3|dry3,1,2,0.16666666666666666
ewh_on,weekend|h04|occ0|evhome1|Tin_warm|Tout_hot|soc_full|ewh_hot|dish3|wash3|dry3,1,2,1.0
ewh_on,weekend|h05|occ0|evhome1|Tin_warm|Tout_hot|soc_full|ewh_hot|dish3|wash3|dry3,1,12,1.0
ewh_on,weekend|h05|occ0|evhome1|dish3|wash3|dry3,1,12,1.0
ewh_on,weekend|h06|occ0|evhome1|Tin_warm|Tout_hot|soc_full|ewh_hot|dish3|wash3|dry3,1,12,1.0
ewh_on,weekend|h06|occ0|evhome1|dish3|wash3|dry3,1,12,1.0
ewh_on,weekend|h07|occ0|evhome1|Tin_warm|Tout_hot|soc_full|ewh_hot|dish3|wash3|dry3,1,12,1.0
ewh_on,weekend|h07|occ0|evhome1|dish3|wash3|dry3,1,12,1.0
ewh_on,weekend|h08|occ0|evhome1|Tin_warm|Tout_hot|soc_full|ewh_normal|dish3|wash3|dry3,0,3,1.0
ewh_on,weekend|h08|occ0|evhome1|dish3|wash3|dry3,0,3,1.0
ewh_on,weekend|h09|occ1|evhome1|Tin_warm|Tout_hot|soc_full|ewh_hot|dish3|wash3|dry3,1,2,1.0
ewh_on,weekend|h10|occ1|evhome1|Tin_warm|Tout_hot|soc_full|ewh_normal|dish3|wash3|dry3,0,9,0.9
ewh_on,weekend|h10|occ1|evhome1|Tin_warm|Tout_hot|soc_full|ewh_normal|dish3|wash3|dry3,1,1,0.1
ewh_on,weekend|h10|occ1|evhome1|dish3|wash3|dry3,0,9,0.75
ewh_on,weekend|h10|occ1|evhome1|dish3|wash3|dry3,1,3,0.25
ewh_on,weekend|h10|occ1|evhome1|Tin_warm|Tout_hot|soc_full|ewh_hot|dish3|wash3|dry3,1,2,1.0
ewh_on,weekend|h11|occ1|evhome1|Tin_warm|Tout_hot|soc_full|ewh_normal|dish3|wash3|dry3,0,10,1.0
ewh_on,weekend|h11|occ1|evhome1|dish3|wash3|dry3,0,10,0.8333333333333334
ewh_on,weekend|h11|occ1|evhome1|dish3|wash3|dry3,1,2,0.16666666666666666
ewh_on,weekend|h11|occ1|evhome1|Tin_warm|Tout_hot|soc_full|ewh_hot|dish3|wash3|dry3,1,2,1.0
ewh_on,weekend|h12|occ1|evhome1|Tin_warm|Tout_hot|soc_full|ewh_hot|dish3|wash3|dry3,1,2,1.0
ewh_on,weekend|h14|occ1|evhome1|Tin_warm|Tout_extreme|soc_full|ewh_normal|dish3|wash3|dry3,0,11,1.0
ewh_on,weekend|h21|occ1|evhome1|Tin_warm|Tout_extreme|soc_full|ewh_low|dish3|wash3|dry3,1,1,1.0
ewh_on,weekend|h21|occ1|evhome1|Tin_warm|Tout_extreme|soc_full|ewh_normal|dish3|wash3|dry3,1,3,1.0
ewh_on,weekday|h00|occ0|evhome1|Tin_warm|Tout_extreme|soc_full|ewh_hot|dish3|wash3|dry3,1,5,1.0
ewh_on,weekday|h01|occ0|evhome1|Tin_warm|Tout_extreme|soc_full|ewh_normal|dish3|wash3|dry3,0,24,1.0
ewh_on,weekday|h14|occ0|evhome0|Tin_warm|Tout_extreme|soc_target|ewh_normal|dish3|wash3|dry3,0,21,1.0
ewh_on,weekday|h14|occ0|evhome0|Tin_warm|Tout_extreme|soc_target|ewh_hot|dish3|wash3|dry3,1,5,1.0
ewh_on,weekday|h17|occ0|evhome0|Tin_warm|Tout_extreme|soc_target|ewh_hot|dish3|wash3|dry3,1,4,1.0
ewh_on,weekday|h18|occ0|evhome0|Tin_warm|Tout_extreme|soc_target|ewh_normal|dish3|wash3|dry3,0,8,1.0
ewh_on,weekday|h18|occ0|evhome0|dish3|wash3|dry3,0,9,1.0
ewh_on,weekday|h22|occ1|evhome1|Tin_warm|Tout_extreme|soc_full|ewh_normal|dish3|wash3|dry3,1,1,1.0
ewh_on,weekday|h01|occ0|evhome1|Tin_warm|Tout_extreme|soc_full|ewh_hot|dish3|wash3|dry3,1,4,1.0
ewh_on,weekday|h07|occ0|evhome0|Tin_warm|Tout_hot|soc_target|ewh_hot|dish3|wash3|dry3,1,4,1.0
ewh_on,weekday|h07|occ0|evhome0|dish3|wash3|dry3,1,4,1.0
ewh_on,weekday|h20|occ1|evhome1|Tin_warm|Tout_extreme|soc_full|ewh_low|dish3|wash3|dry3,1,1,1.0
ewh_on,weekday|h02|occ0|evhome1|Tin_warm|Tout_extreme|soc_full|ewh_normal|dish3|wash3|dry3,0,8,1.0
ewh_on,weekday|h19|occ1|evhome1|Tin_hot|Tout_extreme|soc_full|ewh_normal|dish3|wash3|dry3,0,6,1.0
ewh_on,weekday|h19|occ1|evhome1|Tin_hot|Tout_extreme|soc_full|ewh_hot|dish3|wash3|dry3,1,3,1.0
ewh_on,weekday|h20|occ1|evhome1|Tin_hot|Tout_extreme|soc_full|ewh_hot|dish3|wash3|dry3,1,16,1.0
ewh_on,weekday|h20|occ1|evhome1|Tin_hot|Tout_extreme|soc_full|ewh_low|dish3|wash3|dry3,1,1,1.0
ewh_on,weekday|h20|occ1|evhome1|Tin_hot|Tout_extreme|soc_full|ewh_normal|dish3|wash3|dry3,1,1,1.0
ewh_on,weekday|h21|occ1|evhome1|Tin_hot|Tout_extreme|soc_full|ewh_normal|dish3|wash3|dry3,1,7,1.0
ewh_on,weekday|h13|occ0|evhome0|Tin_warm|Tout_extreme|soc_target|ewh_normal|dish3|wash3|dry3,0,3,1.0
ewh_on,weekday|h13|occ0|evhome0|Tin_warm|Tout_extreme|soc_target|ewh_hot|dish3|wash3|dry3,1,2,1.0
ewh_on,weekday|h18|occ1|evhome1|Tin_warm|Tout_extreme|soc_full|ewh_normal|dish3|wash3|dry3,0,1,1.0
ewh_on,weekday|h18|occ1|evhome1|Tin_hot|Tout_extreme|soc_full|ewh_hot|dish3|wash3|dry3,1,1,1.0
ewh_on,weekday|h21|occ1|evhome1|Tin_hot|Tout_extreme|soc_full|ewh_hot|dish3|wash3|dry3,1,4,1.0
ewh_on,weekday|h21|occ1|evhome1|Tin_hot|Tout_extreme|soc_full|ewh_low|dish3|wash3|dry3,1,3,1.0
ewh_on,weekday|h22|occ1|evhome1|Tin_hot|Tout_extreme|soc_full|ewh_normal|dish3|wash3|dry3,1,1,1.0
ewh_on,weekday|h07|occ1|evhome1|Tin_warm|Tout_hot|soc_full|ewh_low|dish3|wash3|dry3,1,1,1.0
ewh_on,weekday|h18|occ0|evhome0|Tin_hot|Tout_extreme|soc_target|ewh_normal|dish3|wash3|dry3,0,1,1.0
ewh_on,weekday|h18|occ1|evhome1|Tin_hot|Tout_extreme|soc_target|ewh_normal|dish3|wash3|dry3,0,2,1.0
ewh_on,weekday|h18|occ1|evhome1|Tin_hot|Tout_extreme|soc_target|ewh_hot|dish3|wash3|dry3,1,1,1.0
ewh_on,weekday|h19|occ1|evhome1|Tin_hot|Tout_extreme|soc_target|ewh_normal|dish3|wash3|dry3,0,5,1.0
ewh_on,weekday|h22|occ1|evhome1|Tin_hot|Tout_extreme|soc_full|ewh_hot|dish3|wash3|dry3,1,5,1.0
ewh_on,weekday|h22|occ0|evhome1|Tin_warm|Tout_extreme|soc_full|ewh_hot|dish3|wash3|dry3,1,1,1.0
ewh_on,weekday|h22|occ0|evhome1|dish3|wash3|dry3,1,1,1.0
ewh_on,weekend|h01|occ1|evhome1|Tin_warm|Tout_extreme|soc_full|ewh_hot|dish3|wash3|dry3,1,1,1.0
ewh_on,weekend|h02|occ1|evhome1|Tin_warm|Tout_extreme|soc_full|ewh_normal|dish3|wash3|dry3,0,5,1.0
ewh_on,weekend|h02|occ1|evhome1|Tin_warm|Tout_extreme|soc_full|ewh_hot|dish3|wash3|dry3,1,1,1.0
ewh_on,weekend|h12|occ0|evhome0|Tin_warm|Tout_hot|soc_target|ewh_hot|dish3|wash3|dry3,1,1,1.0
ewh_on,weekend|h13|occ1|evhome1|Tin_warm|Tout_hot|soc_target|ewh_normal|dish3|wash3|dry3,0,1,1.0
ewh_on,weekend|h13|occ1|evhome1|Tin_warm|Tout_extreme|soc_target|ewh_normal|dish3|wash3|dry3,0,1,1.0
ewh_on,weekend|h13|occ1|evhome1|Tin_warm|Tout_extreme|soc_full|ewh_hot|dish3|wash3|dry3,1,2,1.0
ewh_on,weekend|h13|occ1|evhome1|Tin_warm|Tout_extreme|soc_full|ewh_normal|dish3|wash3|dry3,0,8,1.0
ewh_on,weekend|h14|occ1|evhome1|Tin_warm|Tout_extreme|soc_full|ewh_hot|dish3|wash3|dry3,1,2,1.0
ewh_on,weekend|h17|occ1|evhome1|Tin_hot|Tout_extreme|soc_full|ewh_normal|dish3|wash3|dry3,0,4,1.0
ewh_on,weekend|h18|occ1|evhome1|Tin_hot|Tout_extreme|soc_full|ewh_normal|dish3|wash3|dry3,0,10,1.0
ewh_on,weekend|h18|occ1|evhome1|Tin_hot|Tout_extreme|soc_full|ewh_hot|dish3|wash3|dry3,1,2,1.0
ewh_on,weekend|h19|occ1|evhome1|Tin_hot|Tout_extreme|soc_full|ewh_normal|dish3|wash3|dry3,0,10,1.0
ewh_on,weekend|h19|occ1|evhome1|Tin_hot|Tout_extreme|soc_full|ewh_hot|dish3|wash3|dry3,1,2,1.0
ewh_on,weekend|h20|occ1|evhome1|Tin_hot|Tout_extreme|soc_full|ewh_hot|dish3|wash3|dry3,1,12,1.0
ewh_on,weekend|h21|occ1|evhome1|Tin_hot|Tout_extreme|soc_full|ewh_hot|dish3|wash3|dry3,1,6,1.0
ewh_on,weekend|h21|occ1|evhome1|Tin_hot|Tout_extreme|soc_full|ewh_low|dish3|wash3|dry3,1,1,1.0
ewh_on,weekend|h21|occ1|evhome1|Tin_hot|Tout_extreme|soc_full|ewh_normal|dish3|wash3|dry3,1,5,1.0
ewh_on,weekend|h22|occ1|evhome1|Tin_hot|Tout_extreme|soc_full|ewh_hot|dish3|wash3|dry3,1,12,1.0
ewh_on,weekend|h23|occ1|evhome1|Tin_hot|Tout_extreme|soc_full|ewh_normal|dish3|wash3|dry3,0,5,1.0
ewh_on,weekend|h01|occ0|evhome1|Tin_warm|Tout_extreme|soc_full|ewh_hot|dish3|wash3|dry3,1,1,1.0
ewh_on,weekend|h02|occ0|evhome1|Tin_warm|Tout_extreme|soc_full|ewh_normal|dish3|wash3|dry3,0,5,1.0
ewh_on,weekend|h02|occ0|evhome1|Tin_warm|Tout_extreme|soc_full|ewh_hot|dish3|wash3|dry3,1,1,1.0
ewh_on,weekend|h03|occ0|evhome1|Tin_warm|Tout_extreme|soc_full|ewh_normal|dish3|wash3|dry3,0,2,1.0
ewh_on,weekend|h12|occ1|evhome1|Tin_warm|Tout_extreme|soc_full|ewh_normal|dish3|wash3|dry3,0,1,1.0
dishwasher_start,weekday|h00|occ0|evhome1|Tin_warm|Tout_hot|soc_full|ewh_normal|dish1|wash1|dry1,0,5,1.0
dishwasher_start,weekday|h00|occ0|evhome1|dish1|wash1|dry1,0,6,1.0
dishwasher_start,weekday|h00,0,60,1.0
dishwasher_start,h00,0,84,1.0
dishwasher_start,GLOBAL,0,2003,0.994044665012407
dishwasher_start,GLOBAL,1,12,0.005955334987593052
dishwasher_start,weekday|h00|occ0|evhome1|Tin_warm|Tout_hot|soc_full|ewh_hot|dish1|wash1|dry1,0,1,1.0
dishwasher_start,weekday|h01|occ0|evhome1|Tin_warm|Tout_hot|soc_full|ewh_normal|dish1|wash1|dry1,0,5,1.0
dishwasher_start,weekday|h01|occ0|evhome1|dish1|wash1|dry1,0,6,1.0
dishwasher_start,weekday|h01,0,60,1.0
dishwasher_start,h01,0,84,1.0
dishwasher_start,weekday|h01|occ0|evhome1|Tin_warm|Tout_hot|soc_full|ewh_hot|dish1|wash1|dry1,0,1,1.0
dishwasher_start,weekday|h02|occ0|evhome1|Tin_warm|Tout_hot|soc_full|ewh_normal|dish1|wash1|dry1,0,5,1.0
dishwasher_start,weekday|h02|occ0|evhome1|dish1|wash1|dry1,0,6,1.0
dishwasher_start,weekday|h02,0,60,1.0
dishwasher_start,h02,0,84,1.0
dishwasher_start,weekday|h02|occ0|evhome1|Tin_warm|Tout_hot|soc_full|ewh_hot|dish1|wash1|dry1,0,1,1.0
dishwasher_start,weekday|h03|occ0|evhome1|Tin_warm|Tout_hot|soc_full|ewh_normal|dish1|wash1|dry1,0,5,1.0
dishwasher_start,weekday|h03|occ0|evhome1|dish1|wash1|dry1,0,6,1.0
dishwasher_start,weekday|h03,0,60,1.0
dishwasher_start,h03,0,84,1.0
dishwasher_start,weekday|h03|occ0|evhome1|Tin_warm|Tout_hot|soc_full|ewh_hot|dish1|wash1|dry1,0,1,1.0
dishwasher_start,weekday|h04|occ0|evhome1|Tin_warm|Tout_hot|soc_full|ewh_normal|dish1|wash1|dry1,0,5,1.0
dishwasher_start,weekday|h04|occ0|evhome1|dish1|wash1|dry1,0,6,1.0
dishwasher_start,weekday|h04,0,60,1.0
dishwasher_start,h04,0,84,1.0
dishwasher_start,weekday|h04|occ0|evhome1|Tin_warm|Tout_hot|soc_full|ewh_hot|dish1|wash1|dry1,0,1,1.0
dishwasher_start,weekday|h05|occ0|evhome1|Tin_warm|Tout_hot|soc_full|ewh_hot|dish1|wash1|dry1,0,6,1.0
dishwasher_start,weekday|h05|occ0|evhome1|dish1|wash1|dry1,0,6,1.0
dishwasher_start,weekday|h05,0,60,1.0
dishwasher_start,h05,0,84,1.0
dishwasher_start,weekday|h06|occ0|evhome1|Tin_warm|Tout_hot|soc_full|ewh_hot|dish1|wash1|dry1,0,4,1.0
dishwasher_start,weekday|h06|occ0|evhome1|dish1|wash1|dry1,0,4,1.0
dishwasher_start,weekday|h06,0,60,1.0
dishwasher_start,h06,0,84,1.0
dishwasher_start,weekday|h06|occ1|evhome1|Tin_comfort|Tout_hot|soc_full|ewh_normal|dish1|wash1|dry1,0,2,1.0
dishwasher_start,weekday|h06|occ1|evhome1|dish1|wash1|dry1,0,2,1.0
dishwasher_start,weekday|h07|occ1|evhome1|Tin_comfort|Tout_hot|soc_full|ewh_normal|dish1|wash1|dry1,0,1,1.0
dishwasher_start,weekday|h07|occ1|evhome1|dish1|wash1|dry1,0,5,1.0
dishwasher_start,weekday|h07,0,60,1.0
dishwasher_start,h07,0,84,1.0
dishwasher_start,weekday|h07|occ1|evhome1|Tin_comfort|Tout_hot|soc_full|ewh_hot|dish1|wash1|dry1,0,4,1.0
dishwasher_start,weekday|h07|occ0|evhome0|Tin_comfort|Tout_hot|soc_target|ewh_hot|dish1|wash1|dry1,0,1,1.0
dishwasher_start,weekday|h07|occ0|evhome0|dish1|wash1|dry1,0,1,1.0
dishwasher_start,weekday|h08|occ0|evhome0|Tin_comfort|Tout_hot|soc_target|ewh_normal|dish1|wash1|dry1,0,5,1.0
dishwasher_start,weekday|h08|occ0|evhome0|dish1|wash1|dry1,0,6,1.0
dishwasher_start,weekday|h08,0,60,1.0
dishwasher_start,h08,0,84,1.0
dishwasher_start,weekday|h08|occ0|evhome0|Tin_comfort|Tout_hot|soc_target|ewh_hot|dish1|wash1|dry1,0,1,1.0
dishwasher_start,weekday|h09|occ0|evhome0|Tin_comfort|Tout_hot|soc_target|ewh_normal|dish1|wash1|dry1,0,5,1.0
dishwasher_start,weekday|h09|occ0|evhome0|dish1|wash1|dry1,0,6,1.0
dishwasher_start,weekday|h09,0,60,1.0
dishwasher_start,h09,0,84,1.0
dishwasher_start,weekday|h09|occ0|evhome0|Tin_comfort|Tout_hot|soc_target|ewh_hot|dish1|wash1|dry1,0,1,1.0
dishwasher_start,weekday|h10|occ0|evhome0|Tin_comfort|Tout_hot|soc_target|ewh_normal|dish1|wash1|dry1,0,5,1.0
dishwasher_start,weekday|h10|occ0|evhome0|dish1|wash1|dry1,0,6,1.0
dishwasher_start,weekday|h10,0,60,1.0
dishwasher_start,h10,0,84,1.0
dishwasher_start,weekday|h10|occ0|evhome0|Tin_comfort|Tout_hot|soc_target|ewh_hot|dish1|wash1|dry1,0,1,1.0
dishwasher_start,weekday|h11|occ0|evhome0|Tin_comfort|Tout_hot|soc_target|ewh_normal|dish1|wash1|dry1,0,5,1.0
dishwasher_start,weekday|h11|occ0|evhome0|dish1|wash1|dry1,0,6,1.0
dishwasher_start,weekday|h11,0,60,1.0
dishwasher_start,h11,0,84,1.0
dishwasher_start,weekday|h11|occ0|evhome0|Tin_comfort|Tout_hot|soc_target|ewh_hot|dish1|wash1|dry1,0,1,1.0
dishwasher_start,weekday|h12|occ0|evhome0|Tin_comfort|Tout_hot|soc_target|ewh_normal|dish1|wash1|dry1,0,5,1.0
dishwasher_start,weekday|h12|occ0|evhome0|dish1|wash1|dry1,0,6,1.0
dishwasher_start,weekday|h12,0,60,1.0
dishwasher_start,h12,0,84,1.0
dishwasher_start,weekday|h12|occ0|evhome0|Tin_comfort|Tout_hot|soc_target|ewh_hot|dish1|wash1|dry1,0,1,1.0
dishwasher_start,weekday|h13|occ0|evhome0|Tin_comfort|Tout_hot|soc_target|ewh_normal|dish1|wash1|dry1,0,2,1.0
dishwasher_start,weekday|h13|occ0|evhome0|dish1|wash1|dry1,0,6,1.0
dishwasher_start,weekday|h13,0,60,1.0
dishwasher_start,h13,0,84,1.0
dishwasher_start,weekday|h13|occ0|evhome0|Tin_warm|Tout_hot|soc_target|ewh_normal|dish1|wash1|dry1,0,3,1.0
dishwasher_start,weekday|h13|occ0|evhome0|Tin_warm|Tout_hot|soc_target|ewh_hot|dish1|wash1|dry1,0,1,1.0
dishwasher_start,weekday|h14|occ0|evhome0|Tin_warm|Tout_hot|soc_target|ewh_normal|dish1|wash1|dry1,0,5,1.0
dishwasher_start,weekday|h14|occ0|evhome0|dish1|wash1|dry1,0,6,1.0
dishwasher_start,weekday|h14,0,60,1.0
dishwasher_start,h14,0,84,1.0
dishwasher_start,weekday|h14|occ0|evhome0|Tin_warm|Tout_hot|soc_target|ewh_hot|dish1|wash1|dry1,0,1,1.0
dishwasher_start,weekday|h15|occ0|evhome0|Tin_warm|Tout_hot|soc_target|ewh_normal|dish1|wash1|dry1,0,5,1.0
dishwasher_start,weekday|h15|occ0|evhome0|dish1|wash1|dry1,0,6,1.0
dishwasher_start,weekday|h15,0,60,1.0
dishwasher_start,h15,0,84,1.0
dishwasher_start,weekday|h15|occ0|evhome0|Tin_warm|Tout_hot|soc_target|ewh_hot|dish1|wash1|dry1,0,1,1.0
dishwasher_start,weekday|h16|occ0|evhome0|Tin_warm|Tout_hot|soc_target|ewh_normal|dish1|wash1|dry1,0,3,1.0
dishwasher_start,weekday|h16|occ0|evhome0|dish1|wash1|dry1,0,6,1.0
dishwasher_start,weekday|h16,0,60,1.0
dishwasher_start,h16,0,84,1.0
dishwasher_start,weekday|h16|occ0|evhome0|Tin_warm|Tout_extreme|soc_target|ewh_normal|dish1|wash1|dry1,0,2,1.0
dishwasher_start,weekday|h16|occ0|evhome0|Tin_warm|Tout_extreme|soc_target|ewh_hot|dish1|wash1|dry1,0,1,1.0
dishwasher_start,weekday|h17|occ0|evhome0|Tin_warm|Tout_extreme|soc_target|ewh_normal|dish1|wash1|dry1,0,5,1.0
dishwasher_start,weekday|h17|occ0|evhome0|dish1|wash1|dry1,0,6,1.0
dishwasher_start,weekday|h17,0,60,1.0
dishwasher_start,h17,0,84,1.0
dishwasher_start,weekday|h17|occ0|evhome0|Tin_warm|Tout_extreme|soc_target|ewh_hot|dish1|wash1|dry1,0,1,1.0
dishwasher_start,weekday|h18|occ0|evhome0|Tin_warm|Tout_extreme|soc_target|ewh_normal|dish1|wash1|dry1,0,2,1.0
dishwasher_start,weekday|h18|occ0|evhome0|dish1|wash1|dry1,0,2,1.0
dishwasher_start,weekday|h18,0,60,1.0
dishwasher_start,h18,0,84,1.0
dishwasher_start,weekday|h18|occ1|evhome1|Tin_warm|Tout_extreme|soc_target|ewh_normal|dish1|wash1|dry1,0,3,1.0
dishwasher_start,weekday|h18|occ1|evhome1|dish1|wash1|dry1,0,4,1.0
dishwasher_start,weekday|h18|occ1|evhome1|Tin_warm|Tout_extreme|soc_target|ewh_hot|dish1|wash1|dry1,0,1,1.0
dishwasher_start,weekday|h19|occ1|evhome1|Tin_warm|Tout_extreme|soc_target|ewh_normal|dish1|wash1|dry1,0,2,1.0
dishwasher_start,weekday|h19|occ1|evhome1|dish1|wash1|dry1,0,2,1.0
dishwasher_start,weekday|h19,0,52,0.8666666666666667
dishwasher_start,weekday|h19,1,8,0.13333333333333333
dishwasher_start,h19,0,74,0.8809523809523809
dishwasher_start,h19,1,10,0.11904761904761904
dishwasher_start,weekday|h19|occ1|evhome1|Tin_warm|Tout_extreme|soc_target|ewh_normal|dish2|wash1|dry1,1,1,0.5
dishwasher_start,weekday|h19|occ1|evhome1|Tin_warm|Tout_extreme|soc_target|ewh_normal|dish2|wash1|dry1,0,1,0.5
dishwasher_start,weekday|h19|occ1|evhome1|dish2|wash1|dry1,1,1,0.25
dishwasher_start,weekday|h19|occ1|evhome1|dish2|wash1|dry1,0,3,0.75
dishwasher_start,weekday|h19|occ1|evhome1|Tin_warm|Tout_extreme|soc_full|ewh_normal|dish2|wash1|dry1,0,1,1.0
dishwasher_start,weekday|h19|occ1|evhome1|Tin_warm|Tout_extreme|soc_full|ewh_hot|dish2|wash1|dry1,0,1,1.0
dishwasher_start,weekday|h20|occ1|evhome1|Tin_warm|Tout_extreme|soc_full|ewh_hot|dish2|wash1|dry1,0,4,1.0
dishwasher_start,weekday|h20|occ1|evhome1|dish2|wash1|dry1,0,4,1.0
dishwasher_start,weekday|h20,0,58,0.9666666666666667
dishwasher_start,weekday|h20,1,2,0.03333333333333333
dishwasher_start,h20,0,82,0.9761904761904762
dishwasher_start,h20,1,2,0.023809523809523808
dishwasher_start,weekday|h20|occ1|evhome1|Tin_warm|Tout_extreme|soc_full|ewh_hot|dish3|wash1|dry1,0,2,1.0
dishwasher_start,weekday|h20|occ1|evhome1|dish3|wash1|dry1,0,2,1.0
dishwasher_start,weekday|h21|occ1|evhome1|Tin_warm|Tout_extreme|soc_full|ewh_low|dish3|wash1|dry1,0,1,1.0
dishwasher_start,weekday|h21|occ1|evhome1|dish3|wash1|dry1,0,6,1.0
dishwasher_start,weekday|h21,0,60,1.0
dishwasher_start,h21,0,84,1.0
dishwasher_start,weekday|h21|occ1|evhome1|Tin_warm|Tout_extreme|soc_full|ewh_normal|dish3|wash1|dry1,0,3,1.0
dishwasher_start,weekday|h21|occ1|evhome1|Tin_warm|Tout_extreme|soc_full|ewh_hot|dish3|wash1|dry1,0,2,1.0
dishwasher_start,weekday|h22|occ1|evhome1|Tin_warm|Tout_extreme|soc_full|ewh_hot|dish3|wash1|dry1,0,6,1.0
dishwasher_start,weekday|h22|occ1|evhome1|dish3|wash1|dry1,0,6,1.0
dishwasher_start,weekday|h22,0,60,1.0
dishwasher_start,h22,0,84,1.0
dishwasher_start,weekday|h23|occ1|evhome1|Tin_warm|Tout_extreme|soc_full|ewh_normal|dish3|wash1|dry1,0,3,1.0
dishwasher_start,weekday|h23|occ1|evhome1|dish3|wash1|dry1,0,3,1.0
dishwasher_start,weekday|h23,0,60,1.0
dishwasher_start,h23,0,83,1.0
dishwasher_start,weekday|h23|occ0|evhome1|Tin_warm|Tout_extreme|soc_full|ewh_normal|dish3|wash1|dry1,0,1,1.0
dishwasher_start,weekday|h23|occ0|evhome1|dish3|wash1|dry1,0,3,1.0
dishwasher_start,weekday|h23|occ0|evhome1|Tin_warm|Tout_hot|soc_full|ewh_normal|dish3|wash1|dry1,0,1,1.0
dishwasher_start,weekday|h23|occ0|evhome1|Tin_warm|Tout_hot|soc_full|ewh_hot|dish3|wash1|dry1,0,1,1.0
dishwasher_start,weekday|h00|occ0|evhome1|Tin_warm|Tout_hot|soc_full|ewh_normal|dish3|wash1|dry1,0,5,1.0
dishwasher_start,weekday|h00|occ0|evhome1|dish3|wash1|dry1,0,6,1.0
dishwasher_start,weekday|h00|occ0|evhome1|Tin_warm|Tout_hot|soc_full|ewh_hot|dish3|wash1|dry1,0,1,1.0
dishwasher_start,weekday|h01|occ0|evhome1|Tin_warm|Tout_hot|soc_full|ewh_normal|dish3|wash1|dry1,0,5,1.0
dishwasher_start,weekday|h01|occ0|evhome1|dish3|wash1|dry1,0,6,1.0
dishwasher_start,weekday|h01|occ0|evhome1|Tin_warm|Tout_hot|soc_full|ewh_hot|dish3|wash1|dry1,0,1,1.0
dishwasher_start,weekday|h02|occ0|evhome1|Tin_warm|Tout_hot|soc_full|ewh_normal|dish3|wash1|dry1,0,5,1.0
dishwasher_start,weekday|h02|occ0|evhome1|dish3|wash1|dry1,0,6,1.0
dishwasher_start,weekday|h02|occ0|evhome1|Tin_warm|Tout_hot|soc_full|ewh_hot|dish3|wash1|dry1,0,1,1.0
dishwasher_start,weekday|h03|occ0|evhome1|Tin_warm|Tout_hot|soc_full|ewh_normal|dish3|wash1|dry1,0,5,1.0
dishwasher_start,weekday|h03|occ0|evhome1|dish3|wash1|dry1,0,6,1.0
dishwasher_start,weekday|h03|occ0|evhome1|Tin_warm|Tout_hot|soc_full|ewh_hot|dish3|wash1|dry1,0,1,1.0
dishwasher_start,weekday|h04|occ0|evhome1|Tin_warm|Tout_hot|soc_full|ewh_normal|dish3|wash1|dry1,0,5,1.0
dishwasher_start,weekday|h04|occ0|evhome1|dish3|wash1|dry1,0,6,1.0
dishwasher_start,weekday|h04|occ0|evhome1|Tin_warm|Tout_hot|soc_full|ewh_hot|dish3|wash1|dry1,0,1,1.0
dishwasher_start,weekday|h05|occ0|evhome1|Tin_warm|Tout_hot|soc_full|ewh_hot|dish3|wash1|dry1,0,6,1.0
dishwasher_start,weekday|h05|occ0|evhome1|dish3|wash1|dry1,0,6,1.0
dishwasher_start,weekday|h06|occ0|evhome1|Tin_warm|Tout_hot|soc_full|ewh_hot|dish3|wash1|dry1,0,1,1.0
dishwasher_start,weekday|h06|occ0|evhome1|dish3|wash1|dry1,0,1,1.0
dishwasher_start,weekday|h06|occ1|evhome1|Tin_warm|Tout_hot|soc_full|ewh_hot|dish3|wash1|dry1,0,4,1.0
dishwasher_start,weekday|h06|occ1|evhome1|dish3|wash1|dry1,0,5,1.0
dishwasher_start,weekday|h06|occ1|evhome1|Tin_warm|Tout_hot|soc_full|ewh_normal|dish3|wash1|dry1,0,1,1.0
dishwasher_start,weekday|h07|occ1|evhome1|Tin_warm|Tout_hot|soc_full|ewh_normal|dish3|wash1|dry1,0,1,1.0
dishwasher_start,weekday|h07|occ1|evhome1|dish3|wash1|dry1,0,6,1.0
dishwasher_start,weekday|h07|occ1|evhome1|Tin_comfort|Tout_hot|soc_full|ewh_normal|dish3|wash1|dry1,0,1,1.0
dishwasher_start,weekday|h07|occ1|evhome1|Tin_comfort|Tout_hot|soc_full|ewh_hot|dish3|wash1|dry1,0,4,1.0
dishwasher_start,weekday|h08|occ0|evhome0|Tin_comfort|Tout_hot|soc_target|ewh_normal|dish3|wash1|dry1,0,5,1.0
dishwasher_start,weekday|h08|occ0|evhome0|dish3|wash1|dry1,0,6,1.0
dishwasher_start,weekday|h08|occ0|evhome0|Tin_comfort|Tout_hot|soc_target|ewh_hot|dish3|wash1|dry1,0,1,1.0
dishwasher_start,weekday|h09|occ0|evhome0|Tin_comfort|Tout_hot|soc_target|ewh_normal|dish3|wash1|dry1,0,5,1.0
dishwasher_start,weekday|h09|occ0|evhome0|dish3|wash1|dry1,0,6,1.0
dishwasher_start,weekday|h09|occ0|evhome0|Tin_comfort|Tout_hot|soc_target|ewh_hot|dish3|wash1|dry1,0,1,1.0
dishwasher_start,weekday|h10|occ0|evhome0|Tin_comfort|Tout_hot|soc_target|ewh_normal|dish3|wash1|dry1,0,5,1.0
dishwasher_start,weekday|h10|occ0|evhome0|dish3|wash1|dry1,0,6,1.0
dishwasher_start,weekday|h10|occ0|evhome0|Tin_comfort|Tout_hot|soc_target|ewh_hot|dish3|wash1|dry1,0,1,1.0
dishwasher_start,weekday|h11|occ0|evhome0|Tin_comfort|Tout_hot|soc_target|ewh_normal|dish3|wash1|dry1,0,5,1.0
dishwasher_start,weekday|h11|occ0|evhome0|dish3|wash1|dry1,0,6,1.0
dishwasher_start,weekday|h11|occ0|evhome0|Tin_comfort|Tout_hot|soc_target|ewh_hot|dish3|wash1|dry1,0,1,1.0
dishwasher_start,weekday|h12|occ0|evhome0|Tin_comfort|Tout_hot|soc_target|ewh_normal|dish3|wash1|dry1,0,5,1.0
dishwasher_start,weekday|h12|occ0|evhome0|dish3|wash1|dry1,0,6,1.0
dishwasher_start,weekday|h12|occ0|evhome0|Tin_warm|Tout_hot|soc_target|ewh_hot|dish3|wash1|dry1,0,1,1.0
dishwasher_start,weekday|h13|occ0|evhome0|Tin_warm|Tout_hot|soc_target|ewh_normal|dish3|wash1|dry1,0,5,1.0
dishwasher_start,weekday|h13|occ0|evhome0|dish3|wash1|dry1,0,6,1.0
dishwasher_start,weekday|h13|occ0|evhome0|Tin_warm|Tout_hot|soc_target|ewh_hot|dish3|wash1|dry1,0,1,1.0
dishwasher_start,weekday|h14|occ0|evhome0|Tin_warm|Tout_hot|soc_target|ewh_normal|dish3|wash1|dry1,0,5,1.0
dishwasher_start,weekday|h14|occ0|evhome0|dish3|wash1|dry1,0,6,1.0
dishwasher_start,weekday|h14|occ0|evhome0|Tin_warm|Tout_hot|soc_target|ewh_hot|dish3|wash1|dry1,0,1,1.0
dishwasher_start,weekday|h15|occ0|evhome0|Tin_warm|Tout_hot|soc_target|ewh_normal|dish3|wash1|dry1,0,5,1.0
dishwasher_start,weekday|h15|occ0|evhome0|dish3|wash1|dry1,0,6,1.0
dishwasher_start,weekday|h15|occ0|evhome0|Tin_warm|Tout_hot|soc_target|ewh_hot|dish3|wash1|dry1,0,1,1.0
dishwasher_start,weekday|h16|occ0|evhome0|Tin_warm|Tout_hot|soc_target|ewh_normal|dish3|wash1|dry1,0,1,1.0
dishwasher_start,weekday|h16|occ0|evhome0|dish3|wash1|dry1,0,6,1.0
dishwasher_start,weekday|h16|occ0|evhome0|Tin_warm|Tout_extreme|soc_target|ewh_normal|dish3|wash1|dry1,0,4,1.0
dishwasher_start,weekday|h16|occ0|evhome0|Tin_warm|Tout_extreme|soc_target|ewh_hot|dish3|wash1|dry1,0,1,1.0
dishwasher_start,weekday|h17|occ0|evhome0|Tin_warm|Tout_extreme|soc_target|ewh_normal|dish3|wash1|dry1,0,5,1.0
dishwasher_start,weekday|h17|occ0|evhome0|dish3|wash1|dry1,0,6,1.0
dishwasher_start,weekday|h17|occ0|evhome0|Tin_warm|Tout_extreme|soc_target|ewh_hot|dish3|wash1|dry1,0,1,1.0
dishwasher_start,weekday|h18|occ0|evhome0|Tin_warm|Tout_extreme|soc_target|ewh_normal|dish3|wash1|dry1,0,1,1.0
dishwasher_start,weekday|h18|occ0|evhome0|dish3|wash1|dry1,0,1,1.0
dishwasher_start,weekday|h18|occ1|evhome1|Tin_warm|Tout_extreme|soc_target|ewh_normal|dish3|wash1|dry1,0,4,1.0
dishwasher_start,weekday|h18|occ1|evhome1|dish3|wash1|dry1,0,5,1.0
dishwasher_start,weekday|h18|occ1|evhome1|Tin_warm|Tout_extreme|soc_target|ewh_hot|dish3|wash1|dry1,0,1,1.0
dishwasher_start,weekday|h19|occ1|evhome1|Tin_warm|Tout_extreme|soc_target|ewh_normal|dish3|wash1|dry1,0,1,1.0
dishwasher_start,weekday|h19|occ1|evhome1|dish3|wash1|dry1,0,1,1.0
dishwasher_start,weekday|h19|occ1|evhome1|Tin_warm|Tout_extreme|soc_target|ewh_normal|dish3|wash2|dry1,0,3,1.0
dishwasher_start,weekday|h19|occ1|evhome1|dish3|wash2|dry1,0,4,0.8
dishwasher_start,weekday|h19|occ1|evhome1|dish3|wash2|dry1,1,1,0.2
dishwasher_start,weekday|h19|occ1|evhome1|Tin_warm|Tout_extreme|soc_full|ewh_normal|dish3|wash2|dry1,1,1,1.0
dishwasher_start,weekday|h19|occ1|evhome1|Tin_warm|Tout_extreme|soc_full|ewh_hot|dish3|wash2|dry1,0,1,1.0
dishwasher_start,weekday|h20|occ1|evhome1|Tin_warm|Tout_extreme|soc_full|ewh_hot|dish3|wash3|dry1,0,2,1.0
dishwasher_start,weekday|h20|occ1|evhome1|dish3|wash3|dry1,0,2,1.0
dishwasher_start,weekday|h20|occ1|evhome1|Tin_warm|Tout_extreme|soc_full|ewh_hot|dish3|wash3|dry2,0,4,1.0
dishwasher_start,weekday|h20|occ1|evhome1|dish3|wash3|dry2,0,4,1.0
dishwasher_start,weekday|h21|occ1|evhome1|Tin_warm|Tout_extreme|soc_full|ewh_hot|dish3|wash3|dry2,0,1,1.0
dishwasher_start,weekday|h21|occ1|evhome1|dish3|wash3|dry2,0,1,1.0
dishwasher_start,weekday|h21|occ1|evhome1|Tin_warm|Tout_extreme|soc_full|ewh_normal|dish3|wash3|dry3,0,17,1.0
dishwasher_start,weekday|h21|occ1|evhome1|dish3|wash3|dry3,0,53,1.0
dishwasher_start,weekday|h21|occ1|evhome1|Tin_warm|Tout_extreme|soc_full|ewh_hot|dish3|wash3|dry3,0,19,1.0
dishwasher_start,weekday|h22|occ1|evhome1|Tin_warm|Tout_extreme|soc_full|ewh_hot|dish3|wash3|dry3,0,46,1.0
dishwasher_start,weekday|h22|occ1|evhome1|dish3|wash3|dry3,0,53,1.0
dishwasher_start,weekday|h23|occ1|evhome1|Tin_warm|Tout_extreme|soc_full|ewh_normal|dish3|wash3|dry3,0,14,1.0
dishwasher_start,weekday|h23|occ1|evhome1|dish3|wash3|dry3,0,14,1.0
dishwasher_start,weekday|h23|occ0|evhome1|Tin_warm|Tout_extreme|soc_full|ewh_normal|dish3|wash3|dry3,0,31,1.0
dishwasher_start,weekday|h23|occ0|evhome1|dish3|wash3|dry3,0,40,1.0
dishwasher_start,weekday|h23|occ0|evhome1|Tin_warm|Tout_extreme|soc_full|ewh_hot|dish3|wash3|dry3,0,9,1.0
dishwasher_start,weekday|h00|occ0|evhome1|Tin_warm|Tout_extreme|soc_full|ewh_normal|dish3|wash3|dry3,0,35,1.0
dishwasher_start,weekday|h00|occ0|evhome1|dish3|wash3|dry3,0,48,1.0
dishwasher_start,weekday|h00|occ0|evhome1|Tin_warm|Tout_hot|soc_full|ewh_normal|dish3|wash3|dry3,0,5,1.0
dishwasher_start,weekday|h00|occ0|evhome1|Tin_warm|Tout_hot|soc_full|ewh_hot|dish3|wash3|dry3,0,3,1.0
dishwasher_start,weekday|h01|occ0|evhome1|Tin_warm|Tout_hot|soc_full|ewh_normal|dish3|wash3|dry3,0,16,1.0
dishwasher_start,weekday|h01|occ0|evhome1|dish3|wash3|dry3,0,48,1.0
dishwasher_start,weekday|h01|occ0|evhome1|Tin_warm|Tout_hot|soc_full|ewh_hot|dish3|wash3|dry3,0,4,1.0
dishwasher_start,weekday|h02|occ0|evhome1|Tin_warm|Tout_hot|soc_full|ewh_normal|dish3|wash3|dry3,0,32,1.0
dishwasher_start,weekday|h02|occ0|evhome1|dish3|wash3|dry3,0,48,1.0
dishwasher_start,weekday|h02|occ0|evhome1|Tin_warm|Tout_hot|soc_full|ewh_hot|dish3|wash3|dry3,0,8,1.0
dishwasher_start,weekday|h03|occ0|evhome1|Tin_warm|Tout_hot|soc_full|ewh_normal|dish3|wash3|dry3,0,40,1.0
dishwasher_start,weekday|h03|occ0|evhome1|dish3|wash3|dry3,0,48,1.0
dishwasher_start,weekday|h03|occ0|evhome1|Tin_warm|Tout_hot|soc_full|ewh_hot|dish3|wash3|dry3,0,8,1.0
dishwasher_start,weekday|h04|occ0|evhome1|Tin_warm|Tout_hot|soc_full|ewh_normal|dish3|wash3|dry3,0,40,1.0
dishwasher_start,weekday|h04|occ0|evhome1|dish3|wash3|dry3,0,48,1.0
dishwasher_start,weekday|h04|occ0|evhome1|Tin_warm|Tout_hot|soc_full|ewh_hot|dish3|wash3|dry3,0,8,1.0
dishwasher_start,weekday|h05|occ0|evhome1|Tin_warm|Tout_hot|soc_full|ewh_hot|dish3|wash3|dry3,0,48,1.0
dishwasher_start,weekday|h05|occ0|evhome1|dish3|wash3|dry3,0,48,1.0
dishwasher_start,weekday|h06|occ0|evhome1|Tin_warm|Tout_hot|soc_full|ewh_hot|dish3|wash3|dry3,0,27,1.0
dishwasher_start,weekday|h06|occ0|evhome1|dish3|wash3|dry3,0,27,1.0
dishwasher_start,weekday|h06|occ1|evhome1|Tin_warm|Tout_hot|soc_full|ewh_hot|dish3|wash3|dry3,0,20,1.0
dishwasher_start,weekday|h06|occ1|evhome1|dish3|wash3|dry3,0,21,1.0
dishwasher_start,weekday|h07|occ1|evhome1|Tin_warm|Tout_hot|soc_full|ewh_normal|dish3|wash3|dry3,0,22,1.0
dishwasher_start,weekday|h07|occ1|evhome1|dish3|wash3|dry3,0,44,1.0
dishwasher_start,weekday|h07|occ1|evhome1|Tin_warm|Tout_hot|soc_full|ewh_hot|dish3|wash3|dry3,0,19,1.0
dishwasher_start,weekday|h07|occ1|evhome1|Tin_comfort|Tout_hot|soc_full|ewh_hot|dish3|wash3|dry3,0,2,1.0
dishwasher_start,weekday|h08|occ1|evhome1|Tin_comfort|Tout_hot|soc_full|ewh_normal|dish3|wash3|dry3,0,1,1.0
dishwasher_start,weekday|h08|occ1|evhome1|dish3|wash3|dry3,0,4,1.0
dishwasher_start,weekday|h08|occ0|evhome0|Tin_comfort|Tout_hot|soc_target|ewh_normal|dish3|wash3|dry3,0,7,1.0
dishwasher_start,weekday|h08|occ0|evhome0|dish3|wash3|dry3,0,44,1.0
dishwasher_start,weekday|h08|occ0|evhome0|Tin_comfort|Tout_hot|soc_target|ewh_hot|dish3|wash3|dry3,0,2,1.0
dishwasher_start,weekday|h09|occ0|evhome0|Tin_comfort|Tout_hot|soc_target|ewh_normal|dish3|wash3|dry3,0,10,1.0
dishwasher_start,weekday|h09|occ0|evhome0|dish3|wash3|dry3,0,48,1.0
dishwasher_start,weekday|h09|occ0|evhome0|Tin_comfort|Tout_hot|soc_target|ewh_hot|dish3|wash3|dry3,0,2,1.0
dishwasher_start,weekday|h10|occ0|evhome0|Tin_comfort|Tout_hot|soc_target|ewh_normal|dish3|wash3|dry3,0,10,1.0
dishwasher_start,weekday|h10|occ0|evhome0|dish3|wash3|dry3,0,48,1.0
dishwasher_start,weekday|h10|occ0|evhome0|Tin_comfort|Tout_hot|soc_target|ewh_hot|dish3|wash3|dry3,0,2,1.0
dishwasher_start,weekday|h11|occ0|evhome0|Tin_comfort|Tout_hot|soc_target|ewh_normal|dish3|wash3|dry3,0,8,1.0
dishwasher_start,weekday|h11|occ0|evhome0|dish3|wash3|dry3,0,48,1.0
dishwasher_start,weekday|h11|occ0|evhome0|Tin_comfort|Tout_hot|soc_target|ewh_hot|dish3|wash3|dry3,0,1,1.0
dishwasher_start,weekday|h12|occ0|evhome0|Tin_comfort|Tout_hot|soc_target|ewh_normal|dish3|wash3|dry3,0,1,1.0
dishwasher_start,weekday|h12|occ0|evhome0|dish3|wash3|dry3,0,48,1.0
dishwasher_start,weekday|h12|occ0|evhome0|Tin_warm|Tout_hot|soc_target|ewh_normal|dish3|wash3|dry3,0,39,1.0
dishwasher_start,weekday|h12|occ0|evhome0|Tin_warm|Tout_hot|soc_target|ewh_hot|dish3|wash3|dry3,0,8,1.0
dishwasher_start,weekday|h13|occ0|evhome0|Tin_warm|Tout_hot|soc_target|ewh_normal|dish3|wash3|dry3,0,37,1.0
dishwasher_start,weekday|h13|occ0|evhome0|dish3|wash3|dry3,0,48,1.0
dishwasher_start,weekday|h13|occ0|evhome0|Tin_warm|Tout_hot|soc_target|ewh_hot|dish3|wash3|dry3,0,6,1.0
dishwasher_start,weekday|h14|occ0|evhome0|Tin_warm|Tout_hot|soc_target|ewh_normal|dish3|wash3|dry3,0,19,1.0
dishwasher_start,weekday|h14|occ0|evhome0|dish3|wash3|dry3,0,48,1.0
dishwasher_start,weekday|h14|occ0|evhome0|Tin_warm|Tout_hot|soc_target|ewh_hot|dish3|wash3|dry3,0,3,1.0
dishwasher_start,weekday|h15|occ0|evhome0|Tin_warm|Tout_hot|soc_target|ewh_normal|dish3|wash3|dry3,0,11,1.0
dishwasher_start,weekday|h15|occ0|evhome0|dish3|wash3|dry3,0,48,1.0
dishwasher_start,weekday|h15|occ0|evhome0|Tin_warm|Tout_extreme|soc_target|ewh_hot|dish3|wash3|dry3,0,8,1.0
dishwasher_start,weekday|h16|occ0|evhome0|Tin_warm|Tout_extreme|soc_target|ewh_normal|dish3|wash3|dry3,0,40,1.0
dishwasher_start,weekday|h16|occ0|evhome0|dish3|wash3|dry3,0,48,1.0
dishwasher_start,weekday|h16|occ0|evhome0|Tin_warm|Tout_extreme|soc_target|ewh_hot|dish3|wash3|dry3,0,8,1.0
dishwasher_start,weekday|h17|occ0|evhome0|Tin_warm|Tout_extreme|soc_target|ewh_normal|dish3|wash3|dry3,0,37,1.0
dishwasher_start,weekday|h17|occ0|evhome0|dish3|wash3|dry3,0,41,1.0
dishwasher_start,weekday|h17|occ1|evhome1|Tin_warm|Tout_extreme|soc_target|ewh_normal|dish3|wash3|dry3,0,3,1.0
dishwasher_start,weekday|h17|occ1|evhome1|dish3|wash3|dry3,0,7,1.0
dishwasher_start,weekday|h17|occ1|evhome1|Tin_warm|Tout_extreme|soc_target|ewh_hot|dish3|wash3|dry3,0,4,1.0
dishwasher_start,weekday|h18|occ1|evhome1|Tin_warm|Tout_extreme|soc_target|ewh_normal|dish3|wash3|dry3,0,28,1.0
dishwasher_start,weekday|h18|occ1|evhome1|dish3|wash3|dry3,0,39,1.0
dishwasher_start,weekday|h18|occ1|evhome1|Tin_warm|Tout_extreme|soc_target|ewh_hot|dish3|wash3|dry3,0,6,1.0
dishwasher_start,weekday|h19|occ1|evhome1|Tin_warm|Tout_extreme|soc_target|ewh_normal|dish3|wash3|dry3,0,14,0.8235294117647058
dishwasher_start,weekday|h19|occ1|evhome1|Tin_warm|Tout_extreme|soc_target|ewh_normal|dish3|wash3|dry3,1,3,0.17647058823529413
dishwasher_start,weekday|h19|occ1|evhome1|dish3|wash3|dry3,0,42,0.875
dishwasher_start,weekday|h19|occ1|evhome1|dish3|wash3|dry3,1,6,0.125
dishwasher_start,weekday|h19|occ1|evhome1|Tin_warm|Tout_extreme|soc_full|ewh_normal|dish3|wash3|dry3,0,11,0.9166666666666666
dishwasher_start,weekday|h19|occ1|evhome1|Tin_warm|Tout_extreme|soc_full|ewh_normal|dish3|wash3|dry3,1,1,0.08333333333333333
dishwasher_start,weekday|h19|occ1|evhome1|Tin_warm|Tout_extreme|soc_full|ewh_hot|dish3|wash3|dry3,1,1,0.2
dishwasher_start,weekday|h19|occ1|evhome1|Tin_warm|Tout_extreme|soc_full|ewh_hot|dish3|wash3|dry3,0,4,0.8
dishwasher_start,weekday|h20|occ1|evhome1|Tin_warm|Tout_extreme|soc_full|ewh_hot|dish3|wash3|dry3,0,28,0.9655172413793104
dishwasher_start,weekday|h20|occ1|evhome1|Tin_warm|Tout_extreme|soc_full|ewh_hot|dish3|wash3|dry3,1,1,0.034482758620689655
dishwasher_start,weekday|h20|occ1|evhome1|dish3|wash3|dry3,0,46,0.9583333333333334
dishwasher_start,weekday|h20|occ1|evhome1|dish3|wash3|dry3,1,2,0.041666666666666664
dishwasher_start,weekday|h21|occ1|evhome1|Tin_warm|Tout_extreme|soc_full|ewh_low|dish3|wash3|dry3,0,3,1.0
dishwasher_start,weekday|h06|occ1|evhome1|Tin_warm|Tout_hot|soc_full|ewh_normal|dish3|wash3|dry3,0,1,1.0
dishwasher_start,weekday|h08|occ0|evhome0|Tin_warm|Tout_hot|soc_target|ewh_normal|dish3|wash3|dry3,0,29,1.0
dishwasher_start,weekday|h11|occ0|evhome0|Tin_warm|Tout_hot|soc_target|ewh_normal|dish3|wash3|dry3,0,32,1.0
dishwasher_start,weekday|h11|occ0|evhome0|Tin_warm|Tout_hot|soc_target|ewh_hot|dish3|wash3|dry3,0,7,1.0
dishwasher_start,weekday|h15|occ0|evhome0|Tin_warm|Tout_extreme|soc_target|ewh_normal|dish3|wash3|dry3,0,29,1.0
dishwasher_start,weekday|h08|occ1|evhome1|Tin_warm|Tout_hot|soc_full|ewh_normal|dish3|wash3|dry3,0,3,1.0
dishwasher_start,weekday|h08|occ0|evhome0|Tin_warm|Tout_hot|soc_target|ewh_hot|dish3|wash3|dry3,0,6,1.0
dishwasher_start,weekday|h09|occ0|evhome0|Tin_warm|Tout_hot|soc_target|ewh_normal|dish3|wash3|dry3,0,30,1.0
dishwasher_start,weekday|h09|occ0|evhome0|Tin_warm|Tout_hot|soc_target|ewh_hot|dish3|wash3|dry3,0,6,1.0
dishwasher_start,weekday|h10|occ0|evhome0|Tin_warm|Tout_hot|soc_target|ewh_normal|dish3|wash3|dry3,0,30,1.0
dishwasher_start,weekday|h10|occ0|evhome0|Tin_warm|Tout_hot|soc_target|ewh_hot|dish3|wash3|dry3,0,6,1.0
dishwasher_start,weekend|h00|occ1|evhome1|Tin_warm|Tout_extreme|soc_full|ewh_normal|dish3|wash3|dry3,0,10,1.0
dishwasher_start,weekend|h00|occ1|evhome1|dish3|wash3|dry3,0,12,1.0
dishwasher_start,weekend|h00,0,24,1.0
dishwasher_start,weekend|h00|occ1|evhome1|Tin_warm|Tout_extreme|soc_full|ewh_hot|dish3|wash3|dry3,0,2,1.0
dishwasher_start,weekend|h01|occ1|evhome1|Tin_warm|Tout_extreme|soc_full|ewh_normal|dish3|wash3|dry3,0,6,1.0
dishwasher_start,weekend|h01|occ1|evhome1|dish3|wash3|dry3,0,12,1.0
dishwasher_start,weekend|h01,0,24,1.0
dishwasher_start,weekend|h01|occ1|evhome1|Tin_warm|Tout_hot|soc_full|ewh_normal|dish3|wash3|dry3,0,4,1.0
dishwasher_start,weekend|h01|occ1|evhome1|Tin_warm|Tout_hot|soc_full|ewh_hot|dish3|wash3|dry3,0,1,1.0
dishwasher_start,weekend|h02|occ1|evhome1|Tin_warm|Tout_hot|soc_full|ewh_normal|dish3|wash3|dry3,0,5,1.0
dishwasher_start,weekend|h02|occ1|evhome1|dish3|wash3|dry3,0,12,1.0
dishwasher_start,weekend|h02,0,24,1.0
dishwasher_start,weekend|h02|occ1|evhome1|Tin_warm|Tout_hot|soc_full|ewh_hot|dish3|wash3|dry3,0,1,1.0
dishwasher_start,weekend|h03|occ1|evhome1|Tin_warm|Tout_hot|soc_full|ewh_normal|dish3|wash3|dry3,0,10,1.0
dishwasher_start,weekend|h03|occ1|evhome1|dish3|wash3|dry3,0,12,1.0
dishwasher_start,weekend|h03,0,24,1.0
dishwasher_start,weekend|h03|occ1|evhome1|Tin_warm|Tout_hot|soc_full|ewh_hot|dish3|wash3|dry3,0,2,1.0
dishwasher_start,weekend|h04|occ1|evhome1|Tin_warm|Tout_hot|soc_full|ewh_normal|dish3|wash3|dry3,0,10,1.0
dishwasher_start,weekend|h04|occ1|evhome1|dish3|wash3|dry3,0,12,1.0
dishwasher_start,weekend|h04,0,24,1.0
dishwasher_start,weekend|h04|occ1|evhome1|Tin_warm|Tout_hot|soc_full|ewh_hot|dish3|wash3|dry3,0,2,1.0
dishwasher_start,weekend|h05|occ1|evhome1|Tin_warm|Tout_hot|soc_full|ewh_hot|dish3|wash3|dry3,0,12,1.0
dishwasher_start,weekend|h05|occ1|evhome1|dish3|wash3|dry3,0,12,1.0
dishwasher_start,weekend|h05,0,24,1.0
dishwasher_start,weekend|h06|occ1|evhome1|Tin_warm|Tout_hot|soc_full|ewh_hot|dish3|wash3|dry3,0,12,1.0
dishwasher_start,weekend|h06|occ1|evhome1|dish3|wash3|dry3,0,12,1.0
dishwasher_start,weekend|h06,0,24,1.0
dishwasher_start,weekend|h07|occ1|evhome1|Tin_warm|Tout_hot|soc_full|ewh_hot|dish3|wash3|dry3,0,12,1.0
dishwasher_start,weekend|h07|occ1|evhome1|dish3|wash3|dry3,0,12,1.0
dishwasher_start,weekend|h07,0,24,1.0
dishwasher_start,weekend|h08|occ1|evhome1|Tin_warm|Tout_hot|soc_full|ewh_normal|dish3|wash3|dry3,0,18,1.0
dishwasher_start,weekend|h08|occ1|evhome1|dish3|wash3|dry3,0,21,1.0
dishwasher_start,weekend|h08,0,24,1.0
dishwasher_start,weekend|h08|occ1|evhome1|Tin_warm|Tout_hot|soc_full|ewh_hot|dish3|wash3|dry3,0,3,1.0
dishwasher_start,weekend|h09|occ1|evhome1|Tin_warm|Tout_hot|soc_full|ewh_low|dish3|wash3|dry3,0,6,1.0
dishwasher_start,weekend|h09|occ1|evhome1|dish3|wash3|dry3,0,24,1.0
dishwasher_start,weekend|h09,0,24,1.0
dishwasher_start,weekend|h09|occ1|evhome1|Tin_warm|Tout_hot|soc_full|ewh_normal|dish3|wash3|dry3,0,16,1.0
dishwasher_start,weekend|h10|occ0|evhome0|Tin_warm|Tout_hot|soc_target|ewh_normal|dish3|wash3|dry3,0,10,1.0
dishwasher_start,weekend|h10|occ0|evhome0|dish3|wash3|dry3,0,12,1.0
dishwasher_start,weekend|h10,0,24,1.0
dishwasher_start,weekend|h10|occ0|evhome0|Tin_warm|Tout_hot|soc_target|ewh_hot|dish3|wash3|dry3,0,2,1.0
dishwasher_start,weekend|h11|occ0|evhome0|Tin_warm|Tout_hot|soc_target|ewh_normal|dish3|wash3|dry3,0,10,1.0
dishwasher_start,weekend|h11|occ0|evhome0|dish3|wash3|dry3,0,12,1.0
dishwasher_start,weekend|h11,0,24,1.0
dishwasher_start,weekend|h11|occ0|evhome0|Tin_warm|Tout_hot|soc_target|ewh_hot|dish3|wash3|dry3,0,2,1.0
dishwasher_start,weekend|h12|occ0|evhome0|Tin_warm|Tout_hot|soc_target|ewh_normal|dish3|wash3|dry3,0,5,1.0
dishwasher_start,weekend|h12|occ0|evhome0|dish3|wash3|dry3,0,6,1.0
dishwasher_start,weekend|h12,0,24,1.0
dishwasher_start,weekend|h12|occ1|evhome1|Tin_warm|Tout_hot|soc_target|ewh_hot|dish3|wash3|dry3,0,1,1.0
dishwasher_start,weekend|h12|occ1|evhome1|dish3|wash3|dry3,0,18,1.0
dishwasher_start,weekend|h12|occ1|evhome1|Tin_warm|Tout_hot|soc_target|ewh_normal|dish3|wash3|dry3,0,3,1.0
dishwasher_start,weekend|h12|occ1|evhome1|Tin_warm|Tout_hot|soc_full|ewh_normal|dish3|wash3|dry3,0,11,1.0
dishwasher_start,weekend|h13|occ1|evhome1|Tin_warm|Tout_hot|soc_full|ewh_normal|dish3|wash3|dry3,0,10,1.0
dishwasher_start,weekend|h13|occ1|evhome1|dish3|wash3|dry3,0,24,1.0
dishwasher_start,weekend|h13,0,24,1.0
dishwasher_start,weekend|h13|occ1|evhome1|Tin_warm|Tout_hot|soc_full|ewh_hot|dish3|wash3|dry3,0,2,1.0
dishwasher_start,weekend|h14|occ1|evhome1|Tin_warm|Tout_hot|soc_full|ewh_normal|dish3|wash3|dry3,0,9,1.0
dishwasher_start,weekend|h14|occ1|evhome1|dish3|wash3|dry3,0,24,1.0
dishwasher_start,weekend|h14,0,24,1.0
dishwasher_start,weekend|h14|occ1|evhome1|Tin_warm|Tout_hot|soc_full|ewh_hot|dish3|wash3|dry3,0,2,1.0
dishwasher_start,weekend|h15|occ1|evhome1|Tin_warm|Tout_extreme|soc_full|ewh_normal|dish3|wash3|dry3,0,20,1.0
dishwasher_start,weekend|h15|occ1|evhome1|dish3|wash3|dry3,0,24,1.0
dishwasher_start,weekend|h15,0,24,1.0
dishwasher_start,weekend|h15|occ1|evhome1|Tin_warm|Tout_extreme|soc_full|ewh_hot|dish3|wash3|dry3,0,4,1.0
dishwasher_start,weekend|h16|occ1|evhome1|Tin_warm|Tout_extreme|soc_full|ewh_normal|dish3|wash3|dry3,0,20,1.0
dishwasher_start,weekend|h16|occ1|evhome1|dish3|wash3|dry3,0,24,1.0
dishwasher_start,weekend|h16,0,24,1.0
dishwasher_start,weekend|h16|occ1|evhome1|Tin_warm|Tout_extreme|soc_full|ewh_hot|dish3|wash3|dry3,0,4,1.0
dishwasher_start,weekend|h17|occ1|evhome1|Tin_warm|Tout_extreme|soc_full|ewh_normal|dish3|wash3|dry3,0,16,1.0
dishwasher_start,weekend|h17|occ1|evhome1|dish3|wash3|dry3,0,24,1.0
dishwasher_start,weekend|h17,0,24,1.0
dishwasher_start,weekend|h17|occ1|evhome1|Tin_warm|Tout_extreme|soc_full|ewh_hot|dish3|wash3|dry3,0,4,1.0
dishwasher_start,weekend|h18|occ1|evhome1|Tin_warm|Tout_extreme|soc_full|ewh_normal|dish3|wash3|dry3,0,10,1.0
dishwasher_start,weekend|h18|occ1|evhome1|dish3|wash3|dry3,0,24,1.0
dishwasher_start,weekend|h18,0,24,1.0
dishwasher_start,weekend|h18|occ1|evhome1|Tin_warm|Tout_extreme|soc_full|ewh_hot|dish3|wash3|dry3,0,2,1.0
dishwasher_start,weekend|h19|occ1|evhome1|Tin_warm|Tout_extreme|soc_full|ewh_normal|dish3|wash3|dry3,1,1,0.1
dishwasher_start,weekend|h19|occ1|evhome1|Tin_warm|Tout_extreme|soc_full|ewh_normal|dish3|wash3|dry3,0,9,0.9
dishwasher_start,weekend|h19|occ1|evhome1|dish3|wash3|dry3,1,2,0.08333333333333333
dishwasher_start,weekend|h19|occ1|evhome1|dish3|wash3|dry3,0,22,0.9166666666666666
dishwasher_start,weekend|h19,1,2,0.08333333333333333
dishwasher_start,weekend|h19,0,22,0.9166666666666666
dishwasher_start,weekend|h19|occ1|evhome1|Tin_warm|Tout_extreme|soc_full|ewh_hot|dish3|wash3|dry3,0,2,1.0
dishwasher_start,weekend|h20|occ1|evhome1|Tin_warm|Tout_extreme|soc_full|ewh_hot|dish3|wash3|dry3,0,12,1.0
dishwasher_start,weekend|h20|occ1|evhome1|dish3|wash3|dry3,0,24,1.0
dishwasher_start,weekend|h20,0,24,1.0
dishwasher_start,weekend|h21|occ1|evhome1|Tin_warm|Tout_extreme|soc_full|ewh_hot|dish3|wash3|dry3,0,8,1.0
dishwasher_start,weekend|h21|occ1|evhome1|dish3|wash3|dry3,0,24,1.0
dishwasher_start,weekend|h21,0,24,1.0
dishwasher_start,weekend|h22|occ1|evhome1|Tin_warm|Tout_extreme|soc_full|ewh_low|dish3|wash3|dry3,0,1,1.0
dishwasher_start,weekend|h22|occ1|evhome1|dish3|wash3|dry3,0,24,1.0
dishwasher_start,weekend|h22,0,24,1.0
dishwasher_start,weekend|h22|occ1|evhome1|Tin_warm|Tout_extreme|soc_full|ewh_normal|dish3|wash3|dry3,0,3,1.0
dishwasher_start,weekend|h22|occ1|evhome1|Tin_warm|Tout_extreme|soc_full|ewh_hot|dish3|wash3|dry3,0,8,1.0
dishwasher_start,weekend|h23|occ1|evhome1|Tin_warm|Tout_extreme|soc_full|ewh_normal|dish3|wash3|dry3,0,15,1.0
dishwasher_start,weekend|h23|occ1|evhome1|dish3|wash3|dry3,0,23,1.0
dishwasher_start,weekend|h23,0,23,1.0
dishwasher_start,weekend|h23|occ1|evhome1|Tin_warm|Tout_extreme|soc_full|ewh_hot|dish3|wash3|dry3,0,3,1.0
dishwasher_start,weekend|h00|occ0|evhome1|Tin_warm|Tout_extreme|soc_full|ewh_normal|dish3|wash3|dry3,0,10,1.0
dishwasher_start,weekend|h00|occ0|evhome1|dish3|wash3|dry3,0,12,1.0
dishwasher_start,weekend|h00|occ0|evhome1|Tin_warm|Tout_extreme|soc_full|ewh_hot|dish3|wash3|dry3,0,2,1.0
dishwasher_start,weekend|h01|occ0|evhome1|Tin_warm|Tout_extreme|soc_full|ewh_normal|dish3|wash3|dry3,0,7,1.0
dishwasher_start,weekend|h01|occ0|evhome1|dish3|wash3|dry3,0,12,1.0
dishwasher_start,weekend|h01|occ0|evhome1|Tin_warm|Tout_hot|soc_full|ewh_normal|dish3|wash3|dry3,0,3,1.0
dishwasher_start,weekend|h01|occ0|evhome1|Tin_warm|Tout_hot|soc_full|ewh_hot|dish3|wash3|dry3,0,1,1.0
dishwasher_start,weekend|h02|occ0|evhome1|Tin_warm|Tout_hot|soc_full|ewh_normal|dish3|wash3|dry3,0,5,1.0
dishwasher_start,weekend|h02|occ0|evhome1|dish3|wash3|dry3,0,12,1.0
dishwasher_start,weekend|h02|occ0|evhome1|Tin_warm|Tout_hot|soc_full|ewh_hot|dish3|wash3|dry3,0,1,1.0
dishwasher_start,weekend|h03|occ0|evhome1|Tin_warm|Tout_hot|soc_full|ewh_normal|dish3|wash3|dry3,0,8,1.0
dishwasher_start,weekend|h03|occ0|evhome1|dish3|wash3|dry3,0,12,1.0
dishwasher_start,weekend|h03|occ0|evhome1|Tin_warm|Tout_hot|soc_full|ewh_hot|dish3|wash3|dry3,0,2,1.0
dishwasher_start,weekend|h04|occ0|evhome1|Tin_warm|Tout_hot|soc_full|ewh_normal|dish3|wash3|dry3,0,10,1.0
dishwasher_start,weekend|h04|occ0|evhome1|dish3|wash3|dry3,0,12,1.0
dishwasher_start,weekend|h04|occ0|evhome1|Tin_warm|Tout_hot|soc_full|ewh_hot|dish3|wash3|dry3,0,2,1.0
dishwasher_start,weekend|h05|occ0|evhome1|Tin_warm|Tout_hot|soc_full|ewh_hot|dish3|wash3|dry3,0,12,1.0
dishwasher_start,weekend|h05|occ0|evhome1|dish3|wash3|dry3,0,12,1.0
dishwasher_start,weekend|h06|occ0|evhome1|Tin_warm|Tout_hot|soc_full|ewh_hot|dish3|wash3|dry3,0,12,1.0
dishwasher_start,weekend|h06|occ0|evhome1|dish3|wash3|dry3,0,12,1.0
dishwasher_start,weekend|h07|occ0|evhome1|Tin_warm|Tout_hot|soc_full|ewh_hot|dish3|wash3|dry3,0,12,1.0
dishwasher_start,weekend|h07|occ0|evhome1|dish3|wash3|dry3,0,12,1.0
dishwasher_start,weekend|h08|occ0|evhome1|Tin_warm|Tout_hot|soc_full|ewh_normal|dish3|wash3|dry3,0,3,1.0
dishwasher_start,weekend|h08|occ0|evhome1|dish3|wash3|dry3,0,3,1.0
dishwasher_start,weekend|h09|occ1|evhome1|Tin_warm|Tout_hot|soc_full|ewh_hot|dish3|wash3|dry3,0,2,1.0
dishwasher_start,weekend|h10|occ1|evhome1|Tin_warm|Tout_hot|soc_full|ewh_normal|dish3|wash3|dry3,0,10,1.0
dishwasher_start,weekend|h10|occ1|evhome1|dish3|wash3|dry3,0,12,1.0
dishwasher_start,weekend|h10|occ1|evhome1|Tin_warm|Tout_hot|soc_full|ewh_hot|dish3|wash3|dry3,0,2,1.0
dishwasher_start,weekend|h11|occ1|evhome1|Tin_warm|Tout_hot|soc_full|ewh_normal|dish3|wash3|dry3,0,10,1.0
dishwasher_start,weekend|h11|occ1|evhome1|dish3|wash3|dry3,0,12,1.0
dishwasher_start,weekend|h11|occ1|evhome1|Tin_warm|Tout_hot|soc_full|ewh_hot|dish3|wash3|dry3,0,2,1.0
dishwasher_start,weekend|h12|occ1|evhome1|Tin_warm|Tout_hot|soc_full|ewh_hot|dish3|wash3|dry3,0,2,1.0
dishwasher_start,weekend|h14|occ1|evhome1|Tin_warm|Tout_extreme|soc_full|ewh_normal|dish3|wash3|dry3,0,11,1.0
dishwasher_start,weekend|h21|occ1|evhome1|Tin_warm|Tout_extreme|soc_full|ewh_low|dish3|wash3|dry3,0,1,1.0
dishwasher_start,weekend|h21|occ1|evhome1|Tin_warm|Tout_extreme|soc_full|ewh_normal|dish3|wash3|dry3,0,3,1.0
dishwasher_start,weekday|h00|occ0|evhome1|Tin_warm|Tout_extreme|soc_full|ewh_hot|dish3|wash3|dry3,0,5,1.0
dishwasher_start,weekday|h01|occ0|evhome1|Tin_warm|Tout_extreme|soc_full|ewh_normal|dish3|wash3|dry3,0,24,1.0
dishwasher_start,weekday|h14|occ0|evhome0|Tin_warm|Tout_extreme|soc_target|ewh_normal|dish3|wash3|dry3,0,21,1.0
dishwasher_start,weekday|h14|occ0|evhome0|Tin_warm|Tout_extreme|soc_target|ewh_hot|dish3|wash3|dry3,0,5,1.0
dishwasher_start,weekday|h17|occ0|evhome0|Tin_warm|Tout_extreme|soc_target|ewh_hot|dish3|wash3|dry3,0,4,1.0
dishwasher_start,weekday|h18|occ0|evhome0|Tin_warm|Tout_extreme|soc_target|ewh_normal|dish3|wash3|dry3,0,8,1.0
dishwasher_start,weekday|h18|occ0|evhome0|dish3|wash3|dry3,0,9,1.0
dishwasher_start,weekday|h22|occ1|evhome1|Tin_warm|Tout_extreme|soc_full|ewh_normal|dish3|wash3|dry3,0,1,1.0
dishwasher_start,weekday|h01|occ0|evhome1|Tin_warm|Tout_extreme|soc_full|ewh_hot|dish3|wash3|dry3,0,4,1.0
dishwasher_start,weekday|h07|occ0|evhome0|Tin_warm|Tout_hot|soc_target|ewh_hot|dish3|wash3|dry3,0,4,1.0
dishwasher_start,weekday|h07|occ0|evhome0|dish3|wash3|dry3,0,4,1.0
dishwasher_start,weekday|h20|occ1|evhome1|Tin_warm|Tout_extreme|soc_full|ewh_low|dish3|wash3|dry3,0,1,1.0
dishwasher_start,weekday|h02|occ0|evhome1|Tin_warm|Tout_extreme|soc_full|ewh_normal|dish3|wash3|dry3,0,8,1.0
dishwasher_start,weekday|h19|occ1|evhome1|Tin_hot|Tout_extreme|soc_full|ewh_normal|dish3|wash3|dry3,0,6,1.0
dishwasher_start,weekday|h19|occ1|evhome1|Tin_hot|Tout_extreme|soc_full|ewh_hot|dish3|wash3|dry3,0,3,1.0
dishwasher_start,weekday|h20|occ1|evhome1|Tin_hot|Tout_extreme|soc_full|ewh_hot|dish3|wash3|dry3,0,15,0.9375
dishwasher_start,weekday|h20|occ1|evhome1|Tin_hot|Tout_extreme|soc_full|ewh_hot|dish3|wash3|dry3,1,1,0.0625
dishwasher_start,weekday|h20|occ1|evhome1|Tin_hot|Tout_extreme|soc_full|ewh_low|dish3|wash3|dry3,0,1,1.0
dishwasher_start,weekday|h20|occ1|evhome1|Tin_hot|Tout_extreme|soc_full|ewh_normal|dish3|wash3|dry3,0,1,1.0
dishwasher_start,weekday|h21|occ1|evhome1|Tin_hot|Tout_extreme|soc_full|ewh_normal|dish3|wash3|dry3,0,7,1.0
dishwasher_start,weekday|h13|occ0|evhome0|Tin_warm|Tout_extreme|soc_target|ewh_normal|dish3|wash3|dry3,0,3,1.0
dishwasher_start,weekday|h13|occ0|evhome0|Tin_warm|Tout_extreme|soc_target|ewh_hot|dish3|wash3|dry3,0,2,1.0
dishwasher_start,weekday|h18|occ1|evhome1|Tin_warm|Tout_extreme|soc_full|ewh_normal|dish3|wash3|dry3,0,1,1.0
dishwasher_start,weekday|h18|occ1|evhome1|Tin_hot|Tout_extreme|soc_full|ewh_hot|dish3|wash3|dry3,0,1,1.0
dishwasher_start,weekday|h21|occ1|evhome1|Tin_hot|Tout_extreme|soc_full|ewh_hot|dish3|wash3|dry3,0,4,1.0
dishwasher_start,weekday|h21|occ1|evhome1|Tin_hot|Tout_extreme|soc_full|ewh_low|dish3|wash3|dry3,0,3,1.0
dishwasher_start,weekday|h22|occ1|evhome1|Tin_hot|Tout_extreme|soc_full|ewh_normal|dish3|wash3|dry3,0,1,1.0
dishwasher_start,weekday|h07|occ1|evhome1|Tin_warm|Tout_hot|soc_full|ewh_low|dish3|wash3|dry3,0,1,1.0
dishwasher_start,weekday|h18|occ0|evhome0|Tin_hot|Tout_extreme|soc_target|ewh_normal|dish3|wash3|dry3,0,1,1.0
dishwasher_start,weekday|h18|occ1|evhome1|Tin_hot|Tout_extreme|soc_target|ewh_normal|dish3|wash3|dry3,0,2,1.0
dishwasher_start,weekday|h18|occ1|evhome1|Tin_hot|Tout_extreme|soc_target|ewh_hot|dish3|wash3|dry3,0,1,1.0
dishwasher_start,weekday|h19|occ1|evhome1|Tin_hot|Tout_extreme|soc_target|ewh_normal|dish3|wash3|dry3,0,4,0.8
dishwasher_start,weekday|h19|occ1|evhome1|Tin_hot|Tout_extreme|soc_target|ewh_normal|dish3|wash3|dry3,1,1,0.2
dishwasher_start,weekday|h22|occ1|evhome1|Tin_hot|Tout_extreme|soc_full|ewh_hot|dish3|wash3|dry3,0,5,1.0
dishwasher_start,weekday|h22|occ0|evhome1|Tin_warm|Tout_extreme|soc_full|ewh_hot|dish3|wash3|dry3,0,1,1.0
dishwasher_start,weekday|h22|occ0|evhome1|dish3|wash3|dry3,0,1,1.0
dishwasher_start,weekend|h01|occ1|evhome1|Tin_warm|Tout_extreme|soc_full|ewh_hot|dish3|wash3|dry3,0,1,1.0
dishwasher_start,weekend|h02|occ1|evhome1|Tin_warm|Tout_extreme|soc_full|ewh_normal|dish3|wash3|dry3,0,5,1.0
dishwasher_start,weekend|h02|occ1|evhome1|Tin_warm|Tout_extreme|soc_full|ewh_hot|dish3|wash3|dry3,0,1,1.0
dishwasher_start,weekend|h12|occ0|evhome0|Tin_warm|Tout_hot|soc_target|ewh_hot|dish3|wash3|dry3,0,1,1.0
dishwasher_start,weekend|h13|occ1|evhome1|Tin_warm|Tout_hot|soc_target|ewh_normal|dish3|wash3|dry3,0,1,1.0
dishwasher_start,weekend|h13|occ1|evhome1|Tin_warm|Tout_extreme|soc_target|ewh_normal|dish3|wash3|dry3,0,1,1.0
dishwasher_start,weekend|h13|occ1|evhome1|Tin_warm|Tout_extreme|soc_full|ewh_hot|dish3|wash3|dry3,0,2,1.0
dishwasher_start,weekend|h13|occ1|evhome1|Tin_warm|Tout_extreme|soc_full|ewh_normal|dish3|wash3|dry3,0,8,1.0
dishwasher_start,weekend|h14|occ1|evhome1|Tin_warm|Tout_extreme|soc_full|ewh_hot|dish3|wash3|dry3,0,2,1.0
dishwasher_start,weekend|h17|occ1|evhome1|Tin_hot|Tout_extreme|soc_full|ewh_normal|dish3|wash3|dry3,0,4,1.0
dishwasher_start,weekend|h18|occ1|evhome1|Tin_hot|Tout_extreme|soc_full|ewh_normal|dish3|wash3|dry3,0,10,1.0
dishwasher_start,weekend|h18|occ1|evhome1|Tin_hot|Tout_extreme|soc_full|ewh_hot|dish3|wash3|dry3,0,2,1.0
dishwasher_start,weekend|h19|occ1|evhome1|Tin_hot|Tout_extreme|soc_full|ewh_normal|dish3|wash3|dry3,0,9,0.9
dishwasher_start,weekend|h19|occ1|evhome1|Tin_hot|Tout_extreme|soc_full|ewh_normal|dish3|wash3|dry3,1,1,0.1
dishwasher_start,weekend|h19|occ1|evhome1|Tin_hot|Tout_extreme|soc_full|ewh_hot|dish3|wash3|dry3,0,2,1.0
dishwasher_start,weekend|h20|occ1|evhome1|Tin_hot|Tout_extreme|soc_full|ewh_hot|dish3|wash3|dry3,0,12,1.0
dishwasher_start,weekend|h21|occ1|evhome1|Tin_hot|Tout_extreme|soc_full|ewh_hot|dish3|wash3|dry3,0,6,1.0
dishwasher_start,weekend|h21|occ1|evhome1|Tin_hot|Tout_extreme|soc_full|ewh_low|dish3|wash3|dry3,0,1,1.0
dishwasher_start,weekend|h21|occ1|evhome1|Tin_hot|Tout_extreme|soc_full|ewh_normal|dish3|wash3|dry3,0,5,1.0
dishwasher_start,weekend|h22|occ1|evhome1|Tin_hot|Tout_extreme|soc_full|ewh_hot|dish3|wash3|dry3,0,12,1.0
dishwasher_start,weekend|h23|occ1|evhome1|Tin_hot|Tout_extreme|soc_full|ewh_normal|dish3|wash3|dry3,0,5,1.0
dishwasher_start,weekend|h01|occ0|evhome1|Tin_warm|Tout_extreme|soc_full|ewh_hot|dish3|wash3|dry3,0,1,1.0
dishwasher_start,weekend|h02|occ0|evhome1|Tin_warm|Tout_extreme|soc_full|ewh_normal|dish3|wash3|dry3,0,5,1.0
dishwasher_start,weekend|h02|occ0|evhome1|Tin_warm|Tout_extreme|soc_full|ewh_hot|dish3|wash3|dry3,0,1,1.0
dishwasher_start,weekend|h03|occ0|evhome1|Tin_warm|Tout_extreme|soc_full|ewh_normal|dish3|wash3|dry3,0,2,1.0
dishwasher_start,weekend|h12|occ1|evhome1|Tin_warm|Tout_extreme|soc_full|ewh_normal|dish3|wash3|dry3,0,1,1.0
clothes_washer_start,weekday|h00|occ0|evhome1|Tin_warm|Tout_hot|soc_full|ewh_normal|dish1|wash1|dry1,0,5,1.0
clothes_washer_start,weekday|h00|occ0|evhome1|dish1|wash1|dry1,0,6,1.0
clothes_washer_start,weekday|h00,0,60,1.0
clothes_washer_start,h00,0,84,1.0
clothes_washer_start,GLOBAL,0,2011,0.998014888337469
clothes_washer_start,GLOBAL,1,4,0.0019851116625310174
clothes_washer_start,weekday|h00|occ0|evhome1|Tin_warm|Tout_hot|soc_full|ewh_hot|dish1|wash1|dry1,0,1,1.0
clothes_washer_start,weekday|h01|occ0|evhome1|Tin_warm|Tout_hot|soc_full|ewh_normal|dish1|wash1|dry1,0,5,1.0
clothes_washer_start,weekday|h01|occ0|evhome1|dish1|wash1|dry1,0,6,1.0
clothes_washer_start,weekday|h01,0,60,1.0
clothes_washer_start,h01,0,84,1.0
clothes_washer_start,weekday|h01|occ0|evhome1|Tin_warm|Tout_hot|soc_full|ewh_hot|dish1|wash1|dry1,0,1,1.0
clothes_washer_start,weekday|h02|occ0|evhome1|Tin_warm|Tout_hot|soc_full|ewh_normal|dish1|wash1|dry1,0,5,1.0
clothes_washer_start,weekday|h02|occ0|evhome1|dish1|wash1|dry1,0,6,1.0
clothes_washer_start,weekday|h02,0,60,1.0
clothes_washer_start,h02,0,84,1.0
clothes_washer_start,weekday|h02|occ0|evhome1|Tin_warm|Tout_hot|soc_full|ewh_hot|dish1|wash1|dry1,0,1,1.0
clothes_washer_start,weekday|h03|occ0|evhome1|Tin_warm|Tout_hot|soc_full|ewh_normal|dish1|wash1|dry1,0,5,1.0
clothes_washer_start,weekday|h03|occ0|evhome1|dish1|wash1|dry1,0,6,1.0
clothes_washer_start,weekday|h03,0,60,1.0
clothes_washer_start,h03,0,84,1.0
clothes_washer_start,weekday|h03|occ0|evhome1|Tin_warm|Tout_hot|soc_full|ewh_hot|dish1|wash1|dry1,0,1,1.0
clothes_washer_start,weekday|h04|occ0|evhome1|Tin_warm|Tout_hot|soc_full|ewh_normal|dish1|wash1|dry1,0,5,1.0
clothes_washer_start,weekday|h04|occ0|evhome1|dish1|wash1|dry1,0,6,1.0
clothes_washer_start,weekday|h04,0,60,1.0
clothes_washer_start,h04,0,84,1.0
clothes_washer_start,weekday|h04|occ0|evhome1|Tin_warm|Tout_hot|soc_full|ewh_hot|dish1|wash1|dry1,0,1,1.0
clothes_washer_start,weekday|h05|occ0|evhome1|Tin_warm|Tout_hot|soc_full|ewh_hot|dish1|wash1|dry1,0,6,1.0
clothes_washer_start,weekday|h05|occ0|evhome1|dish1|wash1|dry1,0,6,1.0
clothes_washer_start,weekday|h05,0,60,1.0
clothes_washer_start,h05,0,84,1.0
clothes_washer_start,weekday|h06|occ0|evhome1|Tin_warm|Tout_hot|soc_full|ewh_hot|dish1|wash1|dry1,0,4,1.0
clothes_washer_start,weekday|h06|occ0|evhome1|dish1|wash1|dry1,0,4,1.0
clothes_washer_start,weekday|h06,0,60,1.0
clothes_washer_start,h06,0,84,1.0
clothes_washer_start,weekday|h06|occ1|evhome1|Tin_comfort|Tout_hot|soc_full|ewh_normal|dish1|wash1|dry1,0,2,1.0
clothes_washer_start,weekday|h06|occ1|evhome1|dish1|wash1|dry1,0,2,1.0
clothes_washer_start,weekday|h07|occ1|evhome1|Tin_comfort|Tout_hot|soc_full|ewh_normal|dish1|wash1|dry1,0,1,1.0
clothes_washer_start,weekday|h07|occ1|evhome1|dish1|wash1|dry1,0,5,1.0
clothes_washer_start,weekday|h07,0,60,1.0
clothes_washer_start,h07,0,84,1.0
clothes_washer_start,weekday|h07|occ1|evhome1|Tin_comfort|Tout_hot|soc_full|ewh_hot|dish1|wash1|dry1,0,4,1.0
clothes_washer_start,weekday|h07|occ0|evhome0|Tin_comfort|Tout_hot|soc_target|ewh_hot|dish1|wash1|dry1,0,1,1.0
clothes_washer_start,weekday|h07|occ0|evhome0|dish1|wash1|dry1,0,1,1.0
clothes_washer_start,weekday|h08|occ0|evhome0|Tin_comfort|Tout_hot|soc_target|ewh_normal|dish1|wash1|dry1,0,5,1.0
clothes_washer_start,weekday|h08|occ0|evhome0|dish1|wash1|dry1,0,6,1.0
clothes_washer_start,weekday|h08,0,60,1.0
clothes_washer_start,h08,0,84,1.0
clothes_washer_start,weekday|h08|occ0|evhome0|Tin_comfort|Tout_hot|soc_target|ewh_hot|dish1|wash1|dry1,0,1,1.0
clothes_washer_start,weekday|h09|occ0|evhome0|Tin_comfort|Tout_hot|soc_target|ewh_normal|dish1|wash1|dry1,0,5,1.0
clothes_washer_start,weekday|h09|occ0|evhome0|dish1|wash1|dry1,0,6,1.0
clothes_washer_start,weekday|h09,0,60,1.0
clothes_washer_start,h09,0,84,1.0
clothes_washer_start,weekday|h09|occ0|evhome0|Tin_comfort|Tout_hot|soc_target|ewh_hot|dish1|wash1|dry1,0,1,1.0
clothes_washer_start,weekday|h10|occ0|evhome0|Tin_comfort|Tout_hot|soc_target|ewh_normal|dish1|wash1|dry1,0,5,1.0
clothes_washer_start,weekday|h10|occ0|evhome0|dish1|wash1|dry1,0,6,1.0
clothes_washer_start,weekday|h10,0,60,1.0
clothes_washer_start,h10,0,84,1.0
clothes_washer_start,weekday|h10|occ0|evhome0|Tin_comfort|Tout_hot|soc_target|ewh_hot|dish1|wash1|dry1,0,1,1.0
clothes_washer_start,weekday|h11|occ0|evhome0|Tin_comfort|Tout_hot|soc_target|ewh_normal|dish1|wash1|dry1,0,5,1.0
clothes_washer_start,weekday|h11|occ0|evhome0|dish1|wash1|dry1,0,6,1.0
clothes_washer_start,weekday|h11,0,60,1.0
clothes_washer_start,h11,0,84,1.0
clothes_washer_start,weekday|h11|occ0|evhome0|Tin_comfort|Tout_hot|soc_target|ewh_hot|dish1|wash1|dry1,0,1,1.0
clothes_washer_start,weekday|h12|occ0|evhome0|Tin_comfort|Tout_hot|soc_target|ewh_normal|dish1|wash1|dry1,0,5,1.0
clothes_washer_start,weekday|h12|occ0|evhome0|dish1|wash1|dry1,0,6,1.0
clothes_washer_start,weekday|h12,0,60,1.0
clothes_washer_start,h12,0,84,1.0
clothes_washer_start,weekday|h12|occ0|evhome0|Tin_comfort|Tout_hot|soc_target|ewh_hot|dish1|wash1|dry1,0,1,1.0
clothes_washer_start,weekday|h13|occ0|evhome0|Tin_comfort|Tout_hot|soc_target|ewh_normal|dish1|wash1|dry1,0,2,1.0
clothes_washer_start,weekday|h13|occ0|evhome0|dish1|wash1|dry1,0,6,1.0
clothes_washer_start,weekday|h13,0,60,1.0
clothes_washer_start,h13,0,84,1.0
clothes_washer_start,weekday|h13|occ0|evhome0|Tin_warm|Tout_hot|soc_target|ewh_normal|dish1|wash1|dry1,0,3,1.0
clothes_washer_start,weekday|h13|occ0|evhome0|Tin_warm|Tout_hot|soc_target|ewh_hot|dish1|wash1|dry1,0,1,1.0
clothes_washer_start,weekday|h14|occ0|evhome0|Tin_warm|Tout_hot|soc_target|ewh_normal|dish1|wash1|dry1,0,5,1.0
clothes_washer_start,weekday|h14|occ0|evhome0|dish1|wash1|dry1,0,6,1.0
clothes_washer_start,weekday|h14,0,60,1.0
clothes_washer_start,h14,0,82,0.9761904761904762
clothes_washer_start,h14,1,2,0.023809523809523808
clothes_washer_start,weekday|h14|occ0|evhome0|Tin_warm|Tout_hot|soc_target|ewh_hot|dish1|wash1|dry1,0,1,1.0
clothes_washer_start,weekday|h15|occ0|evhome0|Tin_warm|Tout_hot|soc_target|ewh_normal|dish1|wash1|dry1,0,5,1.0
clothes_washer_start,weekday|h15|occ0|evhome0|dish1|wash1|dry1,0,6,1.0
clothes_washer_start,weekday|h15,0,60,1.0
clothes_washer_start,h15,0,84,1.0
clothes_washer_start,weekday|h15|occ0|evhome0|Tin_warm|Tout_hot|soc_target|ewh_hot|dish1|wash1|dry1,0,1,1.0
clothes_washer_start,weekday|h16|occ0|evhome0|Tin_warm|Tout_hot|soc_target|ewh_normal|dish1|wash1|dry1,0,3,1.0
clothes_washer_start,weekday|h16|occ0|evhome0|dish1|wash1|dry1,0,6,1.0
clothes_washer_start,weekday|h16,0,60,1.0
clothes_washer_start,h16,0,84,1.0
clothes_washer_start,weekday|h16|occ0|evhome0|Tin_warm|Tout_extreme|soc_target|ewh_normal|dish1|wash1|dry1,0,2,1.0
clothes_washer_start,weekday|h16|occ0|evhome0|Tin_warm|Tout_extreme|soc_target|ewh_hot|dish1|wash1|dry1,0,1,1.0
clothes_washer_start,weekday|h17|occ0|evhome0|Tin_warm|Tout_extreme|soc_target|ewh_normal|dish1|wash1|dry1,0,5,1.0
clothes_washer_start,weekday|h17|occ0|evhome0|dish1|wash1|dry1,0,6,1.0
clothes_washer_start,weekday|h17,0,60,1.0
clothes_washer_start,h17,0,84,1.0
clothes_washer_start,weekday|h17|occ0|evhome0|Tin_warm|Tout_extreme|soc_target|ewh_hot|dish1|wash1|dry1,0,1,1.0
clothes_washer_start,weekday|h18|occ0|evhome0|Tin_warm|Tout_extreme|soc_target|ewh_normal|dish1|wash1|dry1,0,2,1.0
clothes_washer_start,weekday|h18|occ0|evhome0|dish1|wash1|dry1,0,2,1.0
clothes_washer_start,weekday|h18,0,60,1.0
clothes_washer_start,h18,0,84,1.0
clothes_washer_start,weekday|h18|occ1|evhome1|Tin_warm|Tout_extreme|soc_target|ewh_normal|dish1|wash1|dry1,0,3,1.0
clothes_washer_start,weekday|h18|occ1|evhome1|dish1|wash1|dry1,0,4,1.0
clothes_washer_start,weekday|h18|occ1|evhome1|Tin_warm|Tout_extreme|soc_target|ewh_hot|dish1|wash1|dry1,0,1,1.0
clothes_washer_start,weekday|h19|occ1|evhome1|Tin_warm|Tout_extreme|soc_target|ewh_normal|dish1|wash1|dry1,0,2,1.0
clothes_washer_start,weekday|h19|occ1|evhome1|dish1|wash1|dry1,0,2,1.0
clothes_washer_start,weekday|h19,0,58,0.9666666666666667
clothes_washer_start,weekday|h19,1,2,0.03333333333333333
clothes_washer_start,h19,0,82,0.9761904761904762
clothes_washer_start,h19,1,2,0.023809523809523808
clothes_washer_start,weekday|h19|occ1|evhome1|Tin_warm|Tout_extreme|soc_target|ewh_normal|dish2|wash1|dry1,0,2,1.0
clothes_washer_start,weekday|h19|occ1|evhome1|dish2|wash1|dry1,0,4,1.0
clothes_washer_start,weekday|h19|occ1|evhome1|Tin_warm|Tout_extreme|soc_full|ewh_normal|dish2|wash1|dry1,0,1,1.0
clothes_washer_start,weekday|h19|occ1|evhome1|Tin_warm|Tout_extreme|soc_full|ewh_hot|dish2|wash1|dry1,0,1,1.0
clothes_washer_start,weekday|h20|occ1|evhome1|Tin_warm|Tout_extreme|soc_full|ewh_hot|dish2|wash1|dry1,0,4,1.0
clothes_washer_start,weekday|h20|occ1|evhome1|dish2|wash1|dry1,0,4,1.0
clothes_washer_start,weekday|h20,0,60,1.0
clothes_washer_start,h20,0,84,1.0
clothes_washer_start,weekday|h20|occ1|evhome1|Tin_warm|Tout_extreme|soc_full|ewh_hot|dish3|wash1|dry1,0,2,1.0
clothes_washer_start,weekday|h20|occ1|evhome1|dish3|wash1|dry1,0,2,1.0
clothes_washer_start,weekday|h21|occ1|evhome1|Tin_warm|Tout_extreme|soc_full|ewh_low|dish3|wash1|dry1,0,1,1.0
clothes_washer_start,weekday|h21|occ1|evhome1|dish3|wash1|dry1,0,6,1.0
clothes_washer_start,weekday|h21,0,60,1.0
clothes_washer_start,h21,0,84,1.0
clothes_washer_start,weekday|h21|occ1|evhome1|Tin_warm|Tout_extreme|soc_full|ewh_normal|dish3|wash1|dry1,0,3,1.0
clothes_washer_start,weekday|h21|occ1|evhome1|Tin_warm|Tout_extreme|soc_full|ewh_hot|dish3|wash1|dry1,0,2,1.0
clothes_washer_start,weekday|h22|occ1|evhome1|Tin_warm|Tout_extreme|soc_full|ewh_hot|dish3|wash1|dry1,0,6,1.0
clothes_washer_start,weekday|h22|occ1|evhome1|dish3|wash1|dry1,0,6,1.0
clothes_washer_start,weekday|h22,0,60,1.0
clothes_washer_start,h22,0,84,1.0
clothes_washer_start,weekday|h23|occ1|evhome1|Tin_warm|Tout_extreme|soc_full|ewh_normal|dish3|wash1|dry1,0,3,1.0
clothes_washer_start,weekday|h23|occ1|evhome1|dish3|wash1|dry1,0,3,1.0
clothes_washer_start,weekday|h23,0,60,1.0
clothes_washer_start,h23,0,83,1.0
clothes_washer_start,weekday|h23|occ0|evhome1|Tin_warm|Tout_extreme|soc_full|ewh_normal|dish3|wash1|dry1,0,1,1.0
clothes_washer_start,weekday|h23|occ0|evhome1|dish3|wash1|dry1,0,3,1.0
clothes_washer_start,weekday|h23|occ0|evhome1|Tin_warm|Tout_hot|soc_full|ewh_normal|dish3|wash1|dry1,0,1,1.0
clothes_washer_start,weekday|h23|occ0|evhome1|Tin_warm|Tout_hot|soc_full|ewh_hot|dish3|wash1|dry1,0,1,1.0
clothes_washer_start,weekday|h00|occ0|evhome1|Tin_warm|Tout_hot|soc_full|ewh_normal|dish3|wash1|dry1,0,5,1.0
clothes_washer_start,weekday|h00|occ0|evhome1|dish3|wash1|dry1,0,6,1.0
clothes_washer_start,weekday|h00|occ0|evhome1|Tin_warm|Tout_hot|soc_full|ewh_hot|dish3|wash1|dry1,0,1,1.0
clothes_washer_start,weekday|h01|occ0|evhome1|Tin_warm|Tout_hot|soc_full|ewh_normal|dish3|wash1|dry1,0,5,1.0
clothes_washer_start,weekday|h01|occ0|evhome1|dish3|wash1|dry1,0,6,1.0
clothes_washer_start,weekday|h01|occ0|evhome1|Tin_warm|Tout_hot|soc_full|ewh_hot|dish3|wash1|dry1,0,1,1.0
clothes_washer_start,weekday|h02|occ0|evhome1|Tin_warm|Tout_hot|soc_full|ewh_normal|dish3|wash1|dry1,0,5,1.0
clothes_washer_start,weekday|h02|occ0|evhome1|dish3|wash1|dry1,0,6,1.0
clothes_washer_start,weekday|h02|occ0|evhome1|Tin_warm|Tout_hot|soc_full|ewh_hot|dish3|wash1|dry1,0,1,1.0
clothes_washer_start,weekday|h03|occ0|evhome1|Tin_warm|Tout_hot|soc_full|ewh_normal|dish3|wash1|dry1,0,5,1.0
clothes_washer_start,weekday|h03|occ0|evhome1|dish3|wash1|dry1,0,6,1.0
clothes_washer_start,weekday|h03|occ0|evhome1|Tin_warm|Tout_hot|soc_full|ewh_hot|dish3|wash1|dry1,0,1,1.0
clothes_washer_start,weekday|h04|occ0|evhome1|Tin_warm|Tout_hot|soc_full|ewh_normal|dish3|wash1|dry1,0,5,1.0
clothes_washer_start,weekday|h04|occ0|evhome1|dish3|wash1|dry1,0,6,1.0
clothes_washer_start,weekday|h04|occ0|evhome1|Tin_warm|Tout_hot|soc_full|ewh_hot|dish3|wash1|dry1,0,1,1.0
clothes_washer_start,weekday|h05|occ0|evhome1|Tin_warm|Tout_hot|soc_full|ewh_hot|dish3|wash1|dry1,0,6,1.0
clothes_washer_start,weekday|h05|occ0|evhome1|dish3|wash1|dry1,0,6,1.0
clothes_washer_start,weekday|h06|occ0|evhome1|Tin_warm|Tout_hot|soc_full|ewh_hot|dish3|wash1|dry1,0,1,1.0
clothes_washer_start,weekday|h06|occ0|evhome1|dish3|wash1|dry1,0,1,1.0
clothes_washer_start,weekday|h06|occ1|evhome1|Tin_warm|Tout_hot|soc_full|ewh_hot|dish3|wash1|dry1,0,4,1.0
clothes_washer_start,weekday|h06|occ1|evhome1|dish3|wash1|dry1,0,5,1.0
clothes_washer_start,weekday|h06|occ1|evhome1|Tin_warm|Tout_hot|soc_full|ewh_normal|dish3|wash1|dry1,0,1,1.0
clothes_washer_start,weekday|h07|occ1|evhome1|Tin_warm|Tout_hot|soc_full|ewh_normal|dish3|wash1|dry1,0,1,1.0
clothes_washer_start,weekday|h07|occ1|evhome1|dish3|wash1|dry1,0,6,1.0
clothes_washer_start,weekday|h07|occ1|evhome1|Tin_comfort|Tout_hot|soc_full|ewh_normal|dish3|wash1|dry1,0,1,1.0
clothes_washer_start,weekday|h07|occ1|evhome1|Tin_comfort|Tout_hot|soc_full|ewh_hot|dish3|wash1|dry1,0,4,1.0
clothes_washer_start,weekday|h08|occ0|evhome0|Tin_comfort|Tout_hot|soc_target|ewh_normal|dish3|wash1|dry1,0,5,1.0
clothes_washer_start,weekday|h08|occ0|evhome0|dish3|wash1|dry1,0,6,1.0
clothes_washer_start,weekday|h08|occ0|evhome0|Tin_comfort|Tout_hot|soc_target|ewh_hot|dish3|wash1|dry1,0,1,1.0
clothes_washer_start,weekday|h09|occ0|evhome0|Tin_comfort|Tout_hot|soc_target|ewh_normal|dish3|wash1|dry1,0,5,1.0
clothes_washer_start,weekday|h09|occ0|evhome0|dish3|wash1|dry1,0,6,1.0
clothes_washer_start,weekday|h09|occ0|evhome0|Tin_comfort|Tout_hot|soc_target|ewh_hot|dish3|wash1|dry1,0,1,1.0
clothes_washer_start,weekday|h10|occ0|evhome0|Tin_comfort|Tout_hot|soc_target|ewh_normal|dish3|wash1|dry1,0,5,1.0
clothes_washer_start,weekday|h10|occ0|evhome0|dish3|wash1|dry1,0,6,1.0
clothes_washer_start,weekday|h10|occ0|evhome0|Tin_comfort|Tout_hot|soc_target|ewh_hot|dish3|wash1|dry1,0,1,1.0
clothes_washer_start,weekday|h11|occ0|evhome0|Tin_comfort|Tout_hot|soc_target|ewh_normal|dish3|wash1|dry1,0,5,1.0
clothes_washer_start,weekday|h11|occ0|evhome0|dish3|wash1|dry1,0,6,1.0
clothes_washer_start,weekday|h11|occ0|evhome0|Tin_comfort|Tout_hot|soc_target|ewh_hot|dish3|wash1|dry1,0,1,1.0
clothes_washer_start,weekday|h12|occ0|evhome0|Tin_comfort|Tout_hot|soc_target|ewh_normal|dish3|wash1|dry1,0,5,1.0
clothes_washer_start,weekday|h12|occ0|evhome0|dish3|wash1|dry1,0,6,1.0
clothes_washer_start,weekday|h12|occ0|evhome0|Tin_warm|Tout_hot|soc_target|ewh_hot|dish3|wash1|dry1,0,1,1.0
clothes_washer_start,weekday|h13|occ0|evhome0|Tin_warm|Tout_hot|soc_target|ewh_normal|dish3|wash1|dry1,0,5,1.0
clothes_washer_start,weekday|h13|occ0|evhome0|dish3|wash1|dry1,0,6,1.0
clothes_washer_start,weekday|h13|occ0|evhome0|Tin_warm|Tout_hot|soc_target|ewh_hot|dish3|wash1|dry1,0,1,1.0
clothes_washer_start,weekday|h14|occ0|evhome0|Tin_warm|Tout_hot|soc_target|ewh_normal|dish3|wash1|dry1,0,5,1.0
clothes_washer_start,weekday|h14|occ0|evhome0|dish3|wash1|dry1,0,6,1.0
clothes_washer_start,weekday|h14|occ0|evhome0|Tin_warm|Tout_hot|soc_target|ewh_hot|dish3|wash1|dry1,0,1,1.0
clothes_washer_start,weekday|h15|occ0|evhome0|Tin_warm|Tout_hot|soc_target|ewh_normal|dish3|wash1|dry1,0,5,1.0
clothes_washer_start,weekday|h15|occ0|evhome0|dish3|wash1|dry1,0,6,1.0
clothes_washer_start,weekday|h15|occ0|evhome0|Tin_warm|Tout_hot|soc_target|ewh_hot|dish3|wash1|dry1,0,1,1.0
clothes_washer_start,weekday|h16|occ0|evhome0|Tin_warm|Tout_hot|soc_target|ewh_normal|dish3|wash1|dry1,0,1,1.0
clothes_washer_start,weekday|h16|occ0|evhome0|dish3|wash1|dry1,0,6,1.0
clothes_washer_start,weekday|h16|occ0|evhome0|Tin_warm|Tout_extreme|soc_target|ewh_normal|dish3|wash1|dry1,0,4,1.0
clothes_washer_start,weekday|h16|occ0|evhome0|Tin_warm|Tout_extreme|soc_target|ewh_hot|dish3|wash1|dry1,0,1,1.0
clothes_washer_start,weekday|h17|occ0|evhome0|Tin_warm|Tout_extreme|soc_target|ewh_normal|dish3|wash1|dry1,0,5,1.0
clothes_washer_start,weekday|h17|occ0|evhome0|dish3|wash1|dry1,0,6,1.0
clothes_washer_start,weekday|h17|occ0|evhome0|Tin_warm|Tout_extreme|soc_target|ewh_hot|dish3|wash1|dry1,0,1,1.0
clothes_washer_start,weekday|h18|occ0|evhome0|Tin_warm|Tout_extreme|soc_target|ewh_normal|dish3|wash1|dry1,0,1,1.0
clothes_washer_start,weekday|h18|occ0|evhome0|dish3|wash1|dry1,0,1,1.0
clothes_washer_start,weekday|h18|occ1|evhome1|Tin_warm|Tout_extreme|soc_target|ewh_normal|dish3|wash1|dry1,0,4,1.0
clothes_washer_start,weekday|h18|occ1|evhome1|dish3|wash1|dry1,0,5,1.0
clothes_washer_start,weekday|h18|occ1|evhome1|Tin_warm|Tout_extreme|soc_target|ewh_hot|dish3|wash1|dry1,0,1,1.0
clothes_washer_start,weekday|h19|occ1|evhome1|Tin_warm|Tout_extreme|soc_target|ewh_normal|dish3|wash1|dry1,0,1,1.0
clothes_washer_start,weekday|h19|occ1|evhome1|dish3|wash1|dry1,0,1,1.0
clothes_washer_start,weekday|h19|occ1|evhome1|Tin_warm|Tout_extreme|soc_target|ewh_normal|dish3|wash2|dry1,1,1,0.3333333333333333
clothes_washer_start,weekday|h19|occ1|evhome1|Tin_warm|Tout_extreme|soc_target|ewh_normal|dish3|wash2|dry1,0,2,0.6666666666666666
clothes_washer_start,weekday|h19|occ1|evhome1|dish3|wash2|dry1,1,1,0.2
clothes_washer_start,weekday|h19|occ1|evhome1|dish3|wash2|dry1,0,4,0.8
clothes_washer_start,weekday|h19|occ1|evhome1|Tin_warm|Tout_extreme|soc_full|ewh_normal|dish3|wash2|dry1,0,1,1.0
clothes_washer_start,weekday|h19|occ1|evhome1|Tin_warm|Tout_extreme|soc_full|ewh_hot|dish3|wash2|dry1,0,1,1.0
clothes_washer_start,weekday|h20|occ1|evhome1|Tin_warm|Tout_extreme|soc_full|ewh_hot|dish3|wash3|dry1,0,2,1.0
clothes_washer_start,weekday|h20|occ1|evhome1|dish3|wash3|dry1,0,2,1.0
clothes_washer_start,weekday|h20|occ1|evhome1|Tin_warm|Tout_extreme|soc_full|ewh_hot|dish3|wash3|dry2,0,4,1.0
clothes_washer_start,weekday|h20|occ1|evhome1|dish3|wash3|dry2,0,4,1.0
clothes_washer_start,weekday|h21|occ1|evhome1|Tin_warm|Tout_extreme|soc_full|ewh_hot|dish3|wash3|dry2,0,1,1.0
clothes_washer_start,weekday|h21|occ1|evhome1|dish3|wash3|dry2,0,1,1.0
clothes_washer_start,weekday|h21|occ1|evhome1|Tin_warm|Tout_extreme|soc_full|ewh_normal|dish3|wash3|dry3,0,17,1.0
clothes_washer_start,weekday|h21|occ1|evhome1|dish3|wash3|dry3,0,53,1.0
clothes_washer_start,weekday|h21|occ1|evhome1|Tin_warm|Tout_extreme|soc_full|ewh_hot|dish3|wash3|dry3,0,19,1.0
clothes_washer_start,weekday|h22|occ1|evhome1|Tin_warm|Tout_extreme|soc_full|ewh_hot|dish3|wash3|dry3,0,46,1.0
clothes_washer_start,weekday|h22|occ1|evhome1|dish3|wash3|dry3,0,53,1.0
clothes_washer_start,weekday|h23|occ1|evhome1|Tin_warm|Tout_extreme|soc_full|ewh_normal|dish3|wash3|dry3,0,14,1.0
clothes_washer_start,weekday|h23|occ1|evhome1|dish3|wash3|dry3,0,14,1.0
clothes_washer_start,weekday|h23|occ0|evhome1|Tin_warm|Tout_extreme|soc_full|ewh_normal|dish3|wash3|dry3,0,31,1.0
clothes_washer_start,weekday|h23|occ0|evhome1|dish3|wash3|dry3,0,40,1.0
clothes_washer_start,weekday|h23|occ0|evhome1|Tin_warm|Tout_extreme|soc_full|ewh_hot|dish3|wash3|dry3,0,9,1.0
clothes_washer_start,weekday|h00|occ0|evhome1|Tin_warm|Tout_extreme|soc_full|ewh_normal|dish3|wash3|dry3,0,35,1.0
clothes_washer_start,weekday|h00|occ0|evhome1|dish3|wash3|dry3,0,48,1.0
clothes_washer_start,weekday|h00|occ0|evhome1|Tin_warm|Tout_hot|soc_full|ewh_normal|dish3|wash3|dry3,0,5,1.0
clothes_washer_start,weekday|h00|occ0|evhome1|Tin_warm|Tout_hot|soc_full|ewh_hot|dish3|wash3|dry3,0,3,1.0
clothes_washer_start,weekday|h01|occ0|evhome1|Tin_warm|Tout_hot|soc_full|ewh_normal|dish3|wash3|dry3,0,16,1.0
clothes_washer_start,weekday|h01|occ0|evhome1|dish3|wash3|dry3,0,48,1.0
clothes_washer_start,weekday|h01|occ0|evhome1|Tin_warm|Tout_hot|soc_full|ewh_hot|dish3|wash3|dry3,0,4,1.0
clothes_washer_start,weekday|h02|occ0|evhome1|Tin_warm|Tout_hot|soc_full|ewh_normal|dish3|wash3|dry3,0,32,1.0
clothes_washer_start,weekday|h02|occ0|evhome1|dish3|wash3|dry3,0,48,1.0
clothes_washer_start,weekday|h02|occ0|evhome1|Tin_warm|Tout_hot|soc_full|ewh_hot|dish3|wash3|dry3,0,8,1.0
clothes_washer_start,weekday|h03|occ0|evhome1|Tin_warm|Tout_hot|soc_full|ewh_normal|dish3|wash3|dry3,0,40,1.0
clothes_washer_start,weekday|h03|occ0|evhome1|dish3|wash3|dry3,0,48,1.0
clothes_washer_start,weekday|h03|occ0|evhome1|Tin_warm|Tout_hot|soc_full|ewh_hot|dish3|wash3|dry3,0,8,1.0
clothes_washer_start,weekday|h04|occ0|evhome1|Tin_warm|Tout_hot|soc_full|ewh_normal|dish3|wash3|dry3,0,40,1.0
clothes_washer_start,weekday|h04|occ0|evhome1|dish3|wash3|dry3,0,48,1.0
clothes_washer_start,weekday|h04|occ0|evhome1|Tin_warm|Tout_hot|soc_full|ewh_hot|dish3|wash3|dry3,0,8,1.0
clothes_washer_start,weekday|h05|occ0|evhome1|Tin_warm|Tout_hot|soc_full|ewh_hot|dish3|wash3|dry3,0,48,1.0
clothes_washer_start,weekday|h05|occ0|evhome1|dish3|wash3|dry3,0,48,1.0
clothes_washer_start,weekday|h06|occ0|evhome1|Tin_warm|Tout_hot|soc_full|ewh_hot|dish3|wash3|dry3,0,27,1.0
clothes_washer_start,weekday|h06|occ0|evhome1|dish3|wash3|dry3,0,27,1.0
clothes_washer_start,weekday|h06|occ1|evhome1|Tin_warm|Tout_hot|soc_full|ewh_hot|dish3|wash3|dry3,0,20,1.0
clothes_washer_start,weekday|h06|occ1|evhome1|dish3|wash3|dry3,0,21,1.0
clothes_washer_start,weekday|h07|occ1|evhome1|Tin_warm|Tout_hot|soc_full|ewh_normal|dish3|wash3|dry3,0,22,1.0
clothes_washer_start,weekday|h07|occ1|evhome1|dish3|wash3|dry3,0,44,1.0
clothes_washer_start,weekday|h07|occ1|evhome1|Tin_warm|Tout_hot|soc_full|ewh_hot|dish3|wash3|dry3,0,19,1.0
clothes_washer_start,weekday|h07|occ1|evhome1|Tin_comfort|Tout_hot|soc_full|ewh_hot|dish3|wash3|dry3,0,2,1.0
clothes_washer_start,weekday|h08|occ1|evhome1|Tin_comfort|Tout_hot|soc_full|ewh_normal|dish3|wash3|dry3,0,1,1.0
clothes_washer_start,weekday|h08|occ1|evhome1|dish3|wash3|dry3,0,4,1.0
clothes_washer_start,weekday|h08|occ0|evhome0|Tin_comfort|Tout_hot|soc_target|ewh_normal|dish3|wash3|dry3,0,7,1.0
clothes_washer_start,weekday|h08|occ0|evhome0|dish3|wash3|dry3,0,44,1.0
clothes_washer_start,weekday|h08|occ0|evhome0|Tin_comfort|Tout_hot|soc_target|ewh_hot|dish3|wash3|dry3,0,2,1.0
clothes_washer_start,weekday|h09|occ0|evhome0|Tin_comfort|Tout_hot|soc_target|ewh_normal|dish3|wash3|dry3,0,10,1.0
clothes_washer_start,weekday|h09|occ0|evhome0|dish3|wash3|dry3,0,48,1.0
clothes_washer_start,weekday|h09|occ0|evhome0|Tin_comfort|Tout_hot|soc_target|ewh_hot|dish3|wash3|dry3,0,2,1.0
clothes_washer_start,weekday|h10|occ0|evhome0|Tin_comfort|Tout_hot|soc_target|ewh_normal|dish3|wash3|dry3,0,10,1.0
clothes_washer_start,weekday|h10|occ0|evhome0|dish3|wash3|dry3,0,48,1.0
clothes_washer_start,weekday|h10|occ0|evhome0|Tin_comfort|Tout_hot|soc_target|ewh_hot|dish3|wash3|dry3,0,2,1.0
clothes_washer_start,weekday|h11|occ0|evhome0|Tin_comfort|Tout_hot|soc_target|ewh_normal|dish3|wash3|dry3,0,8,1.0
clothes_washer_start,weekday|h11|occ0|evhome0|dish3|wash3|dry3,0,48,1.0
clothes_washer_start,weekday|h11|occ0|evhome0|Tin_comfort|Tout_hot|soc_target|ewh_hot|dish3|wash3|dry3,0,1,1.0
clothes_washer_start,weekday|h12|occ0|evhome0|Tin_comfort|Tout_hot|soc_target|ewh_normal|dish3|wash3|dry3,0,1,1.0
clothes_washer_start,weekday|h12|occ0|evhome0|dish3|wash3|dry3,0,48,1.0
clothes_washer_start,weekday|h12|occ0|evhome0|Tin_warm|Tout_hot|soc_target|ewh_normal|dish3|wash3|dry3,0,39,1.0
clothes_washer_start,weekday|h12|occ0|evhome0|Tin_warm|Tout_hot|soc_target|ewh_hot|dish3|wash3|dry3,0,8,1.0
clothes_washer_start,weekday|h13|occ0|evhome0|Tin_warm|Tout_hot|soc_target|ewh_normal|dish3|wash3|dry3,0,37,1.0
clothes_washer_start,weekday|h13|occ0|evhome0|dish3|wash3|dry3,0,48,1.0
clothes_washer_start,weekday|h13|occ0|evhome0|Tin_warm|Tout_hot|soc_target|ewh_hot|dish3|wash3|dry3,0,6,1.0
clothes_washer_start,weekday|h14|occ0|evhome0|Tin_warm|Tout_hot|soc_target|ewh_normal|dish3|wash3|dry3,0,19,1.0
clothes_washer_start,weekday|h14|occ0|evhome0|dish3|wash3|dry3,0,48,1.0
clothes_washer_start,weekday|h14|occ0|evhome0|Tin_warm|Tout_hot|soc_target|ewh_hot|dish3|wash3|dry3,0,3,1.0
clothes_washer_start,weekday|h15|occ0|evhome0|Tin_warm|Tout_hot|soc_target|ewh_normal|dish3|wash3|dry3,0,11,1.0
clothes_washer_start,weekday|h15|occ0|evhome0|dish3|wash3|dry3,0,48,1.0
clothes_washer_start,weekday|h15|occ0|evhome0|Tin_warm|Tout_extreme|soc_target|ewh_hot|dish3|wash3|dry3,0,8,1.0
clothes_washer_start,weekday|h16|occ0|evhome0|Tin_warm|Tout_extreme|soc_target|ewh_normal|dish3|wash3|dry3,0,40,1.0
clothes_washer_start,weekday|h16|occ0|evhome0|dish3|wash3|dry3,0,48,1.0
clothes_washer_start,weekday|h16|occ0|evhome0|Tin_warm|Tout_extreme|soc_target|ewh_hot|dish3|wash3|dry3,0,8,1.0
clothes_washer_start,weekday|h17|occ0|evhome0|Tin_warm|Tout_extreme|soc_target|ewh_normal|dish3|wash3|dry3,0,37,1.0
clothes_washer_start,weekday|h17|occ0|evhome0|dish3|wash3|dry3,0,41,1.0
clothes_washer_start,weekday|h17|occ1|evhome1|Tin_warm|Tout_extreme|soc_target|ewh_normal|dish3|wash3|dry3,0,3,1.0
clothes_washer_start,weekday|h17|occ1|evhome1|dish3|wash3|dry3,0,7,1.0
clothes_washer_start,weekday|h17|occ1|evhome1|Tin_warm|Tout_extreme|soc_target|ewh_hot|dish3|wash3|dry3,0,4,1.0
clothes_washer_start,weekday|h18|occ1|evhome1|Tin_warm|Tout_extreme|soc_target|ewh_normal|dish3|wash3|dry3,0,28,1.0
clothes_washer_start,weekday|h18|occ1|evhome1|dish3|wash3|dry3,0,39,1.0
clothes_washer_start,weekday|h18|occ1|evhome1|Tin_warm|Tout_extreme|soc_target|ewh_hot|dish3|wash3|dry3,0,6,1.0
clothes_washer_start,weekday|h19|occ1|evhome1|Tin_warm|Tout_extreme|soc_target|ewh_normal|dish3|wash3|dry3,0,16,0.9411764705882353
clothes_washer_start,weekday|h19|occ1|evhome1|Tin_warm|Tout_extreme|soc_target|ewh_normal|dish3|wash3|dry3,1,1,0.058823529411764705
clothes_washer_start,weekday|h19|occ1|evhome1|dish3|wash3|dry3,0,47,0.9791666666666666
clothes_washer_start,weekday|h19|occ1|evhome1|dish3|wash3|dry3,1,1,0.020833333333333332
clothes_washer_start,weekday|h19|occ1|evhome1|Tin_warm|Tout_extreme|soc_full|ewh_normal|dish3|wash3|dry3,0,12,1.0
clothes_washer_start,weekday|h19|occ1|evhome1|Tin_warm|Tout_extreme|soc_full|ewh_hot|dish3|wash3|dry3,0,5,1.0
clothes_washer_start,weekday|h20|occ1|evhome1|Tin_warm|Tout_extreme|soc_full|ewh_hot|dish3|wash3|dry3,0,29,1.0
clothes_washer_start,weekday|h20|occ1|evhome1|dish3|wash3|dry3,0,48,1.0
clothes_washer_start,weekday|h21|occ1|evhome1|Tin_warm|Tout_extreme|soc_full|ewh_low|dish3|wash3|dry3,0,3,1.0
clothes_washer_start,weekday|h06|occ1|evhome1|Tin_warm|Tout_hot|soc_full|ewh_normal|dish3|wash3|dry3,0,1,1.0
clothes_washer_start,weekday|h08|occ0|evhome0|Tin_warm|Tout_hot|soc_target|ewh_normal|dish3|wash3|dry3,0,29,1.0
clothes_washer_start,weekday|h11|occ0|evhome0|Tin_warm|Tout_hot|soc_target|ewh_normal|dish3|wash3|dry3,0,32,1.0
clothes_washer_start,weekday|h11|occ0|evhome0|Tin_warm|Tout_hot|soc_target|ewh_hot|dish3|wash3|dry3,0,7,1.0
clothes_washer_start,weekday|h15|occ0|evhome0|Tin_warm|Tout_extreme|soc_target|ewh_normal|dish3|wash3|dry3,0,29,1.0
clothes_washer_start,weekday|h08|occ1|evhome1|Tin_warm|Tout_hot|soc_full|ewh_normal|dish3|wash3|dry3,0,3,1.0
clothes_washer_start,weekday|h08|occ0|evhome0|Tin_warm|Tout_hot|soc_target|ewh_hot|dish3|wash3|dry3,0,6,1.0
clothes_washer_start,weekday|h09|occ0|evhome0|Tin_warm|Tout_hot|soc_target|ewh_normal|dish3|wash3|dry3,0,30,1.0
clothes_washer_start,weekday|h09|occ0|evhome0|Tin_warm|Tout_hot|soc_target|ewh_hot|dish3|wash3|dry3,0,6,1.0
clothes_washer_start,weekday|h10|occ0|evhome0|Tin_warm|Tout_hot|soc_target|ewh_normal|dish3|wash3|dry3,0,30,1.0
clothes_washer_start,weekday|h10|occ0|evhome0|Tin_warm|Tout_hot|soc_target|ewh_hot|dish3|wash3|dry3,0,6,1.0
clothes_washer_start,weekend|h00|occ1|evhome1|Tin_warm|Tout_extreme|soc_full|ewh_normal|dish3|wash3|dry3,0,10,1.0
clothes_washer_start,weekend|h00|occ1|evhome1|dish3|wash3|dry3,0,12,1.0
clothes_washer_start,weekend|h00,0,24,1.0
clothes_washer_start,weekend|h00|occ1|evhome1|Tin_warm|Tout_extreme|soc_full|ewh_hot|dish3|wash3|dry3,0,2,1.0
clothes_washer_start,weekend|h01|occ1|evhome1|Tin_warm|Tout_extreme|soc_full|ewh_normal|dish3|wash3|dry3,0,6,1.0
clothes_washer_start,weekend|h01|occ1|evhome1|dish3|wash3|dry3,0,12,1.0
clothes_washer_start,weekend|h01,0,24,1.0
clothes_washer_start,weekend|h01|occ1|evhome1|Tin_warm|Tout_hot|soc_full|ewh_normal|dish3|wash3|dry3,0,4,1.0
clothes_washer_start,weekend|h01|occ1|evhome1|Tin_warm|Tout_hot|soc_full|ewh_hot|dish3|wash3|dry3,0,1,1.0
clothes_washer_start,weekend|h02|occ1|evhome1|Tin_warm|Tout_hot|soc_full|ewh_normal|dish3|wash3|dry3,0,5,1.0
clothes_washer_start,weekend|h02|occ1|evhome1|dish3|wash3|dry3,0,12,1.0
clothes_washer_start,weekend|h02,0,24,1.0
clothes_washer_start,weekend|h02|occ1|evhome1|Tin_warm|Tout_hot|soc_full|ewh_hot|dish3|wash3|dry3,0,1,1.0
clothes_washer_start,weekend|h03|occ1|evhome1|Tin_warm|Tout_hot|soc_full|ewh_normal|dish3|wash3|dry3,0,10,1.0
clothes_washer_start,weekend|h03|occ1|evhome1|dish3|wash3|dry3,0,12,1.0
clothes_washer_start,weekend|h03,0,24,1.0
clothes_washer_start,weekend|h03|occ1|evhome1|Tin_warm|Tout_hot|soc_full|ewh_hot|dish3|wash3|dry3,0,2,1.0
clothes_washer_start,weekend|h04|occ1|evhome1|Tin_warm|Tout_hot|soc_full|ewh_normal|dish3|wash3|dry3,0,10,1.0
clothes_washer_start,weekend|h04|occ1|evhome1|dish3|wash3|dry3,0,12,1.0
clothes_washer_start,weekend|h04,0,24,1.0
clothes_washer_start,weekend|h04|occ1|evhome1|Tin_warm|Tout_hot|soc_full|ewh_hot|dish3|wash3|dry3,0,2,1.0
clothes_washer_start,weekend|h05|occ1|evhome1|Tin_warm|Tout_hot|soc_full|ewh_hot|dish3|wash3|dry3,0,12,1.0
clothes_washer_start,weekend|h05|occ1|evhome1|dish3|wash3|dry3,0,12,1.0
clothes_washer_start,weekend|h05,0,24,1.0
clothes_washer_start,weekend|h06|occ1|evhome1|Tin_warm|Tout_hot|soc_full|ewh_hot|dish3|wash3|dry3,0,12,1.0
clothes_washer_start,weekend|h06|occ1|evhome1|dish3|wash3|dry3,0,12,1.0
clothes_washer_start,weekend|h06,0,24,1.0
clothes_washer_start,weekend|h07|occ1|evhome1|Tin_warm|Tout_hot|soc_full|ewh_hot|dish3|wash3|dry3,0,12,1.0
clothes_washer_start,weekend|h07|occ1|evhome1|dish3|wash3|dry3,0,12,1.0
clothes_washer_start,weekend|h07,0,24,1.0
clothes_washer_start,weekend|h08|occ1|evhome1|Tin_warm|Tout_hot|soc_full|ewh_normal|dish3|wash3|dry3,0,18,1.0
clothes_washer_start,weekend|h08|occ1|evhome1|dish3|wash3|dry3,0,21,1.0
clothes_washer_start,weekend|h08,0,24,1.0
clothes_washer_start,weekend|h08|occ1|evhome1|Tin_warm|Tout_hot|soc_full|ewh_hot|dish3|wash3|dry3,0,3,1.0
clothes_washer_start,weekend|h09|occ1|evhome1|Tin_warm|Tout_hot|soc_full|ewh_low|dish3|wash3|dry3,0,6,1.0
clothes_washer_start,weekend|h09|occ1|evhome1|dish3|wash3|dry3,0,24,1.0
clothes_washer_start,weekend|h09,0,24,1.0
clothes_washer_start,weekend|h09|occ1|evhome1|Tin_warm|Tout_hot|soc_full|ewh_normal|dish3|wash3|dry3,0,16,1.0
clothes_washer_start,weekend|h10|occ0|evhome0|Tin_warm|Tout_hot|soc_target|ewh_normal|dish3|wash3|dry3,0,10,1.0
clothes_washer_start,weekend|h10|occ0|evhome0|dish3|wash3|dry3,0,12,1.0
clothes_washer_start,weekend|h10,0,24,1.0
clothes_washer_start,weekend|h10|occ0|evhome0|Tin_warm|Tout_hot|soc_target|ewh_hot|dish3|wash3|dry3,0,2,1.0
clothes_washer_start,weekend|h11|occ0|evhome0|Tin_warm|Tout_hot|soc_target|ewh_normal|dish3|wash3|dry3,0,10,1.0
clothes_washer_start,weekend|h11|occ0|evhome0|dish3|wash3|dry3,0,12,1.0
clothes_washer_start,weekend|h11,0,24,1.0
clothes_washer_start,weekend|h11|occ0|evhome0|Tin_warm|Tout_hot|soc_target|ewh_hot|dish3|wash3|dry3,0,2,1.0
clothes_washer_start,weekend|h12|occ0|evhome0|Tin_warm|Tout_hot|soc_target|ewh_normal|dish3|wash3|dry3,0,5,1.0
clothes_washer_start,weekend|h12|occ0|evhome0|dish3|wash3|dry3,0,6,1.0
clothes_washer_start,weekend|h12,0,24,1.0
clothes_washer_start,weekend|h12|occ1|evhome1|Tin_warm|Tout_hot|soc_target|ewh_hot|dish3|wash3|dry3,0,1,1.0
clothes_washer_start,weekend|h12|occ1|evhome1|dish3|wash3|dry3,0,18,1.0
clothes_washer_start,weekend|h12|occ1|evhome1|Tin_warm|Tout_hot|soc_target|ewh_normal|dish3|wash3|dry3,0,3,1.0
clothes_washer_start,weekend|h12|occ1|evhome1|Tin_warm|Tout_hot|soc_full|ewh_normal|dish3|wash3|dry3,0,11,1.0
clothes_washer_start,weekend|h13|occ1|evhome1|Tin_warm|Tout_hot|soc_full|ewh_normal|dish3|wash3|dry3,0,10,1.0
clothes_washer_start,weekend|h13|occ1|evhome1|dish3|wash3|dry3,0,24,1.0
clothes_washer_start,weekend|h13,0,24,1.0
clothes_washer_start,weekend|h13|occ1|evhome1|Tin_warm|Tout_hot|soc_full|ewh_hot|dish3|wash3|dry3,0,2,1.0
clothes_washer_start,weekend|h14|occ1|evhome1|Tin_warm|Tout_hot|soc_full|ewh_normal|dish3|wash3|dry3,0,8,0.8888888888888888
clothes_washer_start,weekend|h14|occ1|evhome1|Tin_warm|Tout_hot|soc_full|ewh_normal|dish3|wash3|dry3,1,1,0.1111111111111111
clothes_washer_start,weekend|h14|occ1|evhome1|dish3|wash3|dry3,0,22,0.9166666666666666
clothes_washer_start,weekend|h14|occ1|evhome1|dish3|wash3|dry3,1,2,0.08333333333333333
clothes_washer_start,weekend|h14,0,22,0.9166666666666666
clothes_washer_start,weekend|h14,1,2,0.08333333333333333
clothes_washer_start,weekend|h14|occ1|evhome1|Tin_warm|Tout_hot|soc_full|ewh_hot|dish3|wash3|dry3,0,2,1.0
clothes_washer_start,weekend|h15|occ1|evhome1|Tin_warm|Tout_extreme|soc_full|ewh_normal|dish3|wash3|dry3,0,20,1.0
clothes_washer_start,weekend|h15|occ1|evhome1|dish3|wash3|dry3,0,24,1.0
clothes_washer_start,weekend|h15,0,24,1.0
clothes_washer_start,weekend|h15|occ1|evhome1|Tin_warm|Tout_extreme|soc_full|ewh_hot|dish3|wash3|dry3,0,4,1.0
clothes_washer_start,weekend|h16|occ1|evhome1|Tin_warm|Tout_extreme|soc_full|ewh_normal|dish3|wash3|dry3,0,20,1.0
clothes_washer_start,weekend|h16|occ1|evhome1|dish3|wash3|dry3,0,24,1.0
clothes_washer_start,weekend|h16,0,24,1.0
clothes_washer_start,weekend|h16|occ1|evhome1|Tin_warm|Tout_extreme|soc_full|ewh_hot|dish3|wash3|dry3,0,4,1.0
clothes_washer_start,weekend|h17|occ1|evhome1|Tin_warm|Tout_extreme|soc_full|ewh_normal|dish3|wash3|dry3,0,16,1.0
clothes_washer_start,weekend|h17|occ1|evhome1|dish3|wash3|dry3,0,24,1.0
clothes_washer_start,weekend|h17,0,24,1.0
clothes_washer_start,weekend|h17|occ1|evhome1|Tin_warm|Tout_extreme|soc_full|ewh_hot|dish3|wash3|dry3,0,4,1.0
clothes_washer_start,weekend|h18|occ1|evhome1|Tin_warm|Tout_extreme|soc_full|ewh_normal|dish3|wash3|dry3,0,10,1.0
clothes_washer_start,weekend|h18|occ1|evhome1|dish3|wash3|dry3,0,24,1.0
clothes_washer_start,weekend|h18,0,24,1.0
clothes_washer_start,weekend|h18|occ1|evhome1|Tin_warm|Tout_extreme|soc_full|ewh_hot|dish3|wash3|dry3,0,2,1.0
clothes_washer_start,weekend|h19|occ1|evhome1|Tin_warm|Tout_extreme|soc_full|ewh_normal|dish3|wash3|dry3,0,10,1.0
clothes_washer_start,weekend|h19|occ1|evhome1|dish3|wash3|dry3,0,24,1.0
clothes_washer_start,weekend|h19,0,24,1.0
clothes_washer_start,weekend|h19|occ1|evhome1|Tin_warm|Tout_extreme|soc_full|ewh_hot|dish3|wash3|dry3,0,2,1.0
clothes_washer_start,weekend|h20|occ1|evhome1|Tin_warm|Tout_extreme|soc_full|ewh_hot|dish3|wash3|dry3,0,12,1.0
clothes_washer_start,weekend|h20|occ1|evhome1|dish3|wash3|dry3,0,24,1.0
clothes_washer_start,weekend|h20,0,24,1.0
clothes_washer_start,weekend|h21|occ1|evhome1|Tin_warm|Tout_extreme|soc_full|ewh_hot|dish3|wash3|dry3,0,8,1.0
clothes_washer_start,weekend|h21|occ1|evhome1|dish3|wash3|dry3,0,24,1.0
clothes_washer_start,weekend|h21,0,24,1.0
clothes_washer_start,weekend|h22|occ1|evhome1|Tin_warm|Tout_extreme|soc_full|ewh_low|dish3|wash3|dry3,0,1,1.0
clothes_washer_start,weekend|h22|occ1|evhome1|dish3|wash3|dry3,0,24,1.0
clothes_washer_start,weekend|h22,0,24,1.0
clothes_washer_start,weekend|h22|occ1|evhome1|Tin_warm|Tout_extreme|soc_full|ewh_normal|dish3|wash3|dry3,0,3,1.0
clothes_washer_start,weekend|h22|occ1|evhome1|Tin_warm|Tout_extreme|soc_full|ewh_hot|dish3|wash3|dry3,0,8,1.0
clothes_washer_start,weekend|h23|occ1|evhome1|Tin_warm|Tout_extreme|soc_full|ewh_normal|dish3|wash3|dry3,0,15,1.0
clothes_washer_start,weekend|h23|occ1|evhome1|dish3|wash3|dry3,0,23,1.0
clothes_washer_start,weekend|h23,0,23,1.0
clothes_washer_start,weekend|h23|occ1|evhome1|Tin_warm|Tout_extreme|soc_full|ewh_hot|dish3|wash3|dry3,0,3,1.0
clothes_washer_start,weekend|h00|occ0|evhome1|Tin_warm|Tout_extreme|soc_full|ewh_normal|dish3|wash3|dry3,0,10,1.0
clothes_washer_start,weekend|h00|occ0|evhome1|dish3|wash3|dry3,0,12,1.0
clothes_washer_start,weekend|h00|occ0|evhome1|Tin_warm|Tout_extreme|soc_full|ewh_hot|dish3|wash3|dry3,0,2,1.0
clothes_washer_start,weekend|h01|occ0|evhome1|Tin_warm|Tout_extreme|soc_full|ewh_normal|dish3|wash3|dry3,0,7,1.0
clothes_washer_start,weekend|h01|occ0|evhome1|dish3|wash3|dry3,0,12,1.0
clothes_washer_start,weekend|h01|occ0|evhome1|Tin_warm|Tout_hot|soc_full|ewh_normal|dish3|wash3|dry3,0,3,1.0
clothes_washer_start,weekend|h01|occ0|evhome1|Tin_warm|Tout_hot|soc_full|ewh_hot|dish3|wash3|dry3,0,1,1.0
clothes_washer_start,weekend|h02|occ0|evhome1|Tin_warm|Tout_hot|soc_full|ewh_normal|dish3|wash3|dry3,0,5,1.0
clothes_washer_start,weekend|h02|occ0|evhome1|dish3|wash3|dry3,0,12,1.0
clothes_washer_start,weekend|h02|occ0|evhome1|Tin_warm|Tout_hot|soc_full|ewh_hot|dish3|wash3|dry3,0,1,1.0
clothes_washer_start,weekend|h03|occ0|evhome1|Tin_warm|Tout_hot|soc_full|ewh_normal|dish3|wash3|dry3,0,8,1.0
clothes_washer_start,weekend|h03|occ0|evhome1|dish3|wash3|dry3,0,12,1.0
clothes_washer_start,weekend|h03|occ0|evhome1|Tin_warm|Tout_hot|soc_full|ewh_hot|dish3|wash3|dry3,0,2,1.0
clothes_washer_start,weekend|h04|occ0|evhome1|Tin_warm|Tout_hot|soc_full|ewh_normal|dish3|wash3|dry3,0,10,1.0
clothes_washer_start,weekend|h04|occ0|evhome1|dish3|wash3|dry3,0,12,1.0
clothes_washer_start,weekend|h04|occ0|evhome1|Tin_warm|Tout_hot|soc_full|ewh_hot|dish3|wash3|dry3,0,2,1.0
clothes_washer_start,weekend|h05|occ0|evhome1|Tin_warm|Tout_hot|soc_full|ewh_hot|dish3|wash3|dry3,0,12,1.0
clothes_washer_start,weekend|h05|occ0|evhome1|dish3|wash3|dry3,0,12,1.0
clothes_washer_start,weekend|h06|occ0|evhome1|Tin_warm|Tout_hot|soc_full|ewh_hot|dish3|wash3|dry3,0,12,1.0
clothes_washer_start,weekend|h06|occ0|evhome1|dish3|wash3|dry3,0,12,1.0
clothes_washer_start,weekend|h07|occ0|evhome1|Tin_warm|Tout_hot|soc_full|ewh_hot|dish3|wash3|dry3,0,12,1.0
clothes_washer_start,weekend|h07|occ0|evhome1|dish3|wash3|dry3,0,12,1.0
clothes_washer_start,weekend|h08|occ0|evhome1|Tin_warm|Tout_hot|soc_full|ewh_normal|dish3|wash3|dry3,0,3,1.0
clothes_washer_start,weekend|h08|occ0|evhome1|dish3|wash3|dry3,0,3,1.0
clothes_washer_start,weekend|h09|occ1|evhome1|Tin_warm|Tout_hot|soc_full|ewh_hot|dish3|wash3|dry3,0,2,1.0
clothes_washer_start,weekend|h10|occ1|evhome1|Tin_warm|Tout_hot|soc_full|ewh_normal|dish3|wash3|dry3,0,10,1.0
clothes_washer_start,weekend|h10|occ1|evhome1|dish3|wash3|dry3,0,12,1.0
clothes_washer_start,weekend|h10|occ1|evhome1|Tin_warm|Tout_hot|soc_full|ewh_hot|dish3|wash3|dry3,0,2,1.0
clothes_washer_start,weekend|h11|occ1|evhome1|Tin_warm|Tout_hot|soc_full|ewh_normal|dish3|wash3|dry3,0,10,1.0
clothes_washer_start,weekend|h11|occ1|evhome1|dish3|wash3|dry3,0,12,1.0
clothes_washer_start,weekend|h11|occ1|evhome1|Tin_warm|Tout_hot|soc_full|ewh_hot|dish3|wash3|dry3,0,2,1.0
clothes_washer_start,weekend|h12|occ1|evhome1|Tin_warm|Tout_hot|soc_full|ewh_hot|dish3|wash3|dry3,0,2,1.0
clothes_washer_start,weekend|h14|occ1|evhome1|Tin_warm|Tout_extreme|soc_full|ewh_normal|dish3|wash3|dry3,0,10,0.9090909090909091
clothes_washer_start,weekend|h14|occ1|evhome1|Tin_warm|Tout_extreme|soc_full|ewh_normal|dish3|wash3|dry3,1,1,0.09090909090909091
clothes_washer_start,weekend|h21|occ1|evhome1|Tin_warm|Tout_extreme|soc_full|ewh_low|dish3|wash3|dry3,0,1,1.0
clothes_washer_start,weekend|h21|occ1|evhome1|Tin_warm|Tout_extreme|soc_full|ewh_normal|dish3|wash3|dry3,0,3,1.0
clothes_washer_start,weekday|h00|occ0|evhome1|Tin_warm|Tout_extreme|soc_full|ewh_hot|dish3|wash3|dry3,0,5,1.0
clothes_washer_start,weekday|h01|occ0|evhome1|Tin_warm|Tout_extreme|soc_full|ewh_normal|dish3|wash3|dry3,0,24,1.0
clothes_washer_start,weekday|h14|occ0|evhome0|Tin_warm|Tout_extreme|soc_target|ewh_normal|dish3|wash3|dry3,0,21,1.0
clothes_washer_start,weekday|h14|occ0|evhome0|Tin_warm|Tout_extreme|soc_target|ewh_hot|dish3|wash3|dry3,0,5,1.0
clothes_washer_start,weekday|h17|occ0|evhome0|Tin_warm|Tout_extreme|soc_target|ewh_hot|dish3|wash3|dry3,0,4,1.0
clothes_washer_start,weekday|h18|occ0|evhome0|Tin_warm|Tout_extreme|soc_target|ewh_normal|dish3|wash3|dry3,0,8,1.0
clothes_washer_start,weekday|h18|occ0|evhome0|dish3|wash3|dry3,0,9,1.0
clothes_washer_start,weekday|h22|occ1|evhome1|Tin_warm|Tout_extreme|soc_full|ewh_normal|dish3|wash3|dry3,0,1,1.0
clothes_washer_start,weekday|h01|occ0|evhome1|Tin_warm|Tout_extreme|soc_full|ewh_hot|dish3|wash3|dry3,0,4,1.0
clothes_washer_start,weekday|h07|occ0|evhome0|Tin_warm|Tout_hot|soc_target|ewh_hot|dish3|wash3|dry3,0,4,1.0
clothes_washer_start,weekday|h07|occ0|evhome0|dish3|wash3|dry3,0,4,1.0
clothes_washer_start,weekday|h20|occ1|evhome1|Tin_warm|Tout_extreme|soc_full|ewh_low|dish3|wash3|dry3,0,1,1.0
clothes_washer_start,weekday|h02|occ0|evhome1|Tin_warm|Tout_extreme|soc_full|ewh_normal|dish3|wash3|dry3,0,8,1.0
clothes_washer_start,weekday|h19|occ1|evhome1|Tin_hot|Tout_extreme|soc_full|ewh_normal|dish3|wash3|dry3,0,6,1.0
clothes_washer_start,weekday|h19|occ1|evhome1|Tin_hot|Tout_extreme|soc_full|ewh_hot|dish3|wash3|dry3,0,3,1.0
clothes_washer_start,weekday|h20|occ1|evhome1|Tin_hot|Tout_extreme|soc_full|ewh_hot|dish3|wash3|dry3,0,16,1.0
clothes_washer_start,weekday|h20|occ1|evhome1|Tin_hot|Tout_extreme|soc_full|ewh_low|dish3|wash3|dry3,0,1,1.0
clothes_washer_start,weekday|h20|occ1|evhome1|Tin_hot|Tout_extreme|soc_full|ewh_normal|dish3|wash3|dry3,0,1,1.0
clothes_washer_start,weekday|h21|occ1|evhome1|Tin_hot|Tout_extreme|soc_full|ewh_normal|dish3|wash3|dry3,0,7,1.0
clothes_washer_start,weekday|h13|occ0|evhome0|Tin_warm|Tout_extreme|soc_target|ewh_normal|dish3|wash3|dry3,0,3,1.0
clothes_washer_start,weekday|h13|occ0|evhome0|Tin_warm|Tout_extreme|soc_target|ewh_hot|dish3|wash3|dry3,0,2,1.0
clothes_washer_start,weekday|h18|occ1|evhome1|Tin_warm|Tout_extreme|soc_full|ewh_normal|dish3|wash3|dry3,0,1,1.0
clothes_washer_start,weekday|h18|occ1|evhome1|Tin_hot|Tout_extreme|soc_full|ewh_hot|dish3|wash3|dry3,0,1,1.0
clothes_washer_start,weekday|h21|occ1|evhome1|Tin_hot|Tout_extreme|soc_full|ewh_hot|dish3|wash3|dry3,0,4,1.0
clothes_washer_start,weekday|h21|occ1|evhome1|Tin_hot|Tout_extreme|soc_full|ewh_low|dish3|wash3|dry3,0,3,1.0
clothes_washer_start,weekday|h22|occ1|evhome1|Tin_hot|Tout_extreme|soc_full|ewh_normal|dish3|wash3|dry3,0,1,1.0
clothes_washer_start,weekday|h07|occ1|evhome1|Tin_warm|Tout_hot|soc_full|ewh_low|dish3|wash3|dry3,0,1,1.0
clothes_washer_start,weekday|h18|occ0|evhome0|Tin_hot|Tout_extreme|soc_target|ewh_normal|dish3|wash3|dry3,0,1,1.0
clothes_washer_start,weekday|h18|occ1|evhome1|Tin_hot|Tout_extreme|soc_target|ewh_normal|dish3|wash3|dry3,0,2,1.0
clothes_washer_start,weekday|h18|occ1|evhome1|Tin_hot|Tout_extreme|soc_target|ewh_hot|dish3|wash3|dry3,0,1,1.0
clothes_washer_start,weekday|h19|occ1|evhome1|Tin_hot|Tout_extreme|soc_target|ewh_normal|dish3|wash3|dry3,0,5,1.0
clothes_washer_start,weekday|h22|occ1|evhome1|Tin_hot|Tout_extreme|soc_full|ewh_hot|dish3|wash3|dry3,0,5,1.0
clothes_washer_start,weekday|h22|occ0|evhome1|Tin_warm|Tout_extreme|soc_full|ewh_hot|dish3|wash3|dry3,0,1,1.0
clothes_washer_start,weekday|h22|occ0|evhome1|dish3|wash3|dry3,0,1,1.0
clothes_washer_start,weekend|h01|occ1|evhome1|Tin_warm|Tout_extreme|soc_full|ewh_hot|dish3|wash3|dry3,0,1,1.0
clothes_washer_start,weekend|h02|occ1|evhome1|Tin_warm|Tout_extreme|soc_full|ewh_normal|dish3|wash3|dry3,0,5,1.0
clothes_washer_start,weekend|h02|occ1|evhome1|Tin_warm|Tout_extreme|soc_full|ewh_hot|dish3|wash3|dry3,0,1,1.0
clothes_washer_start,weekend|h12|occ0|evhome0|Tin_warm|Tout_hot|soc_target|ewh_hot|dish3|wash3|dry3,0,1,1.0
clothes_washer_start,weekend|h13|occ1|evhome1|Tin_warm|Tout_hot|soc_target|ewh_normal|dish3|wash3|dry3,0,1,1.0
clothes_washer_start,weekend|h13|occ1|evhome1|Tin_warm|Tout_extreme|soc_target|ewh_normal|dish3|wash3|dry3,0,1,1.0
clothes_washer_start,weekend|h13|occ1|evhome1|Tin_warm|Tout_extreme|soc_full|ewh_hot|dish3|wash3|dry3,0,2,1.0
clothes_washer_start,weekend|h13|occ1|evhome1|Tin_warm|Tout_extreme|soc_full|ewh_normal|dish3|wash3|dry3,0,8,1.0
clothes_washer_start,weekend|h14|occ1|evhome1|Tin_warm|Tout_extreme|soc_full|ewh_hot|dish3|wash3|dry3,0,2,1.0
clothes_washer_start,weekend|h17|occ1|evhome1|Tin_hot|Tout_extreme|soc_full|ewh_normal|dish3|wash3|dry3,0,4,1.0
clothes_washer_start,weekend|h18|occ1|evhome1|Tin_hot|Tout_extreme|soc_full|ewh_normal|dish3|wash3|dry3,0,10,1.0
clothes_washer_start,weekend|h18|occ1|evhome1|Tin_hot|Tout_extreme|soc_full|ewh_hot|dish3|wash3|dry3,0,2,1.0
clothes_washer_start,weekend|h19|occ1|evhome1|Tin_hot|Tout_extreme|soc_full|ewh_normal|dish3|wash3|dry3,0,10,1.0
clothes_washer_start,weekend|h19|occ1|evhome1|Tin_hot|Tout_extreme|soc_full|ewh_hot|dish3|wash3|dry3,0,2,1.0
clothes_washer_start,weekend|h20|occ1|evhome1|Tin_hot|Tout_extreme|soc_full|ewh_hot|dish3|wash3|dry3,0,12,1.0
clothes_washer_start,weekend|h21|occ1|evhome1|Tin_hot|Tout_extreme|soc_full|ewh_hot|dish3|wash3|dry3,0,6,1.0
clothes_washer_start,weekend|h21|occ1|evhome1|Tin_hot|Tout_extreme|soc_full|ewh_low|dish3|wash3|dry3,0,1,1.0
clothes_washer_start,weekend|h21|occ1|evhome1|Tin_hot|Tout_extreme|soc_full|ewh_normal|dish3|wash3|dry3,0,5,1.0
clothes_washer_start,weekend|h22|occ1|evhome1|Tin_hot|Tout_extreme|soc_full|ewh_hot|dish3|wash3|dry3,0,12,1.0
clothes_washer_start,weekend|h23|occ1|evhome1|Tin_hot|Tout_extreme|soc_full|ewh_normal|dish3|wash3|dry3,0,5,1.0
clothes_washer_start,weekend|h01|occ0|evhome1|Tin_warm|Tout_extreme|soc_full|ewh_hot|dish3|wash3|dry3,0,1,1.0
clothes_washer_start,weekend|h02|occ0|evhome1|Tin_warm|Tout_extreme|soc_full|ewh_normal|dish3|wash3|dry3,0,5,1.0
clothes_washer_start,weekend|h02|occ0|evhome1|Tin_warm|Tout_extreme|soc_full|ewh_hot|dish3|wash3|dry3,0,1,1.0
clothes_washer_start,weekend|h03|occ0|evhome1|Tin_warm|Tout_extreme|soc_full|ewh_normal|dish3|wash3|dry3,0,2,1.0
clothes_washer_start,weekend|h12|occ1|evhome1|Tin_warm|Tout_extreme|soc_full|ewh_normal|dish3|wash3|dry3,0,1,1.0
clothes_dryer_start,weekday|h00|occ0|evhome1|Tin_warm|Tout_hot|soc_full|ewh_normal|dish1|wash1|dry1,0,5,1.0
clothes_dryer_start,weekday|h00|occ0|evhome1|dish1|wash1|dry1,0,6,1.0
clothes_dryer_start,weekday|h00,0,60,1.0
clothes_dryer_start,h00,0,84,1.0
clothes_dryer_start,GLOBAL,0,2011,0.998014888337469
clothes_dryer_start,GLOBAL,1,4,0.0019851116625310174
clothes_dryer_start,weekday|h00|occ0|evhome1|Tin_warm|Tout_hot|soc_full|ewh_hot|dish1|wash1|dry1,0,1,1.0
clothes_dryer_start,weekday|h01|occ0|evhome1|Tin_warm|Tout_hot|soc_full|ewh_normal|dish1|wash1|dry1,0,5,1.0
clothes_dryer_start,weekday|h01|occ0|evhome1|dish1|wash1|dry1,0,6,1.0
clothes_dryer_start,weekday|h01,0,60,1.0
clothes_dryer_start,h01,0,84,1.0
clothes_dryer_start,weekday|h01|occ0|evhome1|Tin_warm|Tout_hot|soc_full|ewh_hot|dish1|wash1|dry1,0,1,1.0
clothes_dryer_start,weekday|h02|occ0|evhome1|Tin_warm|Tout_hot|soc_full|ewh_normal|dish1|wash1|dry1,0,5,1.0
clothes_dryer_start,weekday|h02|occ0|evhome1|dish1|wash1|dry1,0,6,1.0
clothes_dryer_start,weekday|h02,0,60,1.0
clothes_dryer_start,h02,0,84,1.0
clothes_dryer_start,weekday|h02|occ0|evhome1|Tin_warm|Tout_hot|soc_full|ewh_hot|dish1|wash1|dry1,0,1,1.0
clothes_dryer_start,weekday|h03|occ0|evhome1|Tin_warm|Tout_hot|soc_full|ewh_normal|dish1|wash1|dry1,0,5,1.0
clothes_dryer_start,weekday|h03|occ0|evhome1|dish1|wash1|dry1,0,6,1.0
clothes_dryer_start,weekday|h03,0,60,1.0
clothes_dryer_start,h03,0,84,1.0
clothes_dryer_start,weekday|h03|occ0|evhome1|Tin_warm|Tout_hot|soc_full|ewh_hot|dish1|wash1|dry1,0,1,1.0
clothes_dryer_start,weekday|h04|occ0|evhome1|Tin_warm|Tout_hot|soc_full|ewh_normal|dish1|wash1|dry1,0,5,1.0
clothes_dryer_start,weekday|h04|occ0|evhome1|dish1|wash1|dry1,0,6,1.0
clothes_dryer_start,weekday|h04,0,60,1.0
clothes_dryer_start,h04,0,84,1.0
clothes_dryer_start,weekday|h04|occ0|evhome1|Tin_warm|Tout_hot|soc_full|ewh_hot|dish1|wash1|dry1,0,1,1.0
clothes_dryer_start,weekday|h05|occ0|evhome1|Tin_warm|Tout_hot|soc_full|ewh_hot|dish1|wash1|dry1,0,6,1.0
clothes_dryer_start,weekday|h05|occ0|evhome1|dish1|wash1|dry1,0,6,1.0
clothes_dryer_start,weekday|h05,0,60,1.0
clothes_dryer_start,h05,0,84,1.0
clothes_dryer_start,weekday|h06|occ0|evhome1|Tin_warm|Tout_hot|soc_full|ewh_hot|dish1|wash1|dry1,0,4,1.0
clothes_dryer_start,weekday|h06|occ0|evhome1|dish1|wash1|dry1,0,4,1.0
clothes_dryer_start,weekday|h06,0,60,1.0
clothes_dryer_start,h06,0,84,1.0
clothes_dryer_start,weekday|h06|occ1|evhome1|Tin_comfort|Tout_hot|soc_full|ewh_normal|dish1|wash1|dry1,0,2,1.0
clothes_dryer_start,weekday|h06|occ1|evhome1|dish1|wash1|dry1,0,2,1.0
clothes_dryer_start,weekday|h07|occ1|evhome1|Tin_comfort|Tout_hot|soc_full|ewh_normal|dish1|wash1|dry1,0,1,1.0
clothes_dryer_start,weekday|h07|occ1|evhome1|dish1|wash1|dry1,0,5,1.0
clothes_dryer_start,weekday|h07,0,60,1.0
clothes_dryer_start,h07,0,84,1.0
clothes_dryer_start,weekday|h07|occ1|evhome1|Tin_comfort|Tout_hot|soc_full|ewh_hot|dish1|wash1|dry1,0,4,1.0
clothes_dryer_start,weekday|h07|occ0|evhome0|Tin_comfort|Tout_hot|soc_target|ewh_hot|dish1|wash1|dry1,0,1,1.0
clothes_dryer_start,weekday|h07|occ0|evhome0|dish1|wash1|dry1,0,1,1.0
clothes_dryer_start,weekday|h08|occ0|evhome0|Tin_comfort|Tout_hot|soc_target|ewh_normal|dish1|wash1|dry1,0,5,1.0
clothes_dryer_start,weekday|h08|occ0|evhome0|dish1|wash1|dry1,0,6,1.0
clothes_dryer_start,weekday|h08,0,60,1.0
clothes_dryer_start,h08,0,84,1.0
clothes_dryer_start,weekday|h08|occ0|evhome0|Tin_comfort|Tout_hot|soc_target|ewh_hot|dish1|wash1|dry1,0,1,1.0
clothes_dryer_start,weekday|h09|occ0|evhome0|Tin_comfort|Tout_hot|soc_target|ewh_normal|dish1|wash1|dry1,0,5,1.0
clothes_dryer_start,weekday|h09|occ0|evhome0|dish1|wash1|dry1,0,6,1.0
clothes_dryer_start,weekday|h09,0,60,1.0
clothes_dryer_start,h09,0,84,1.0
clothes_dryer_start,weekday|h09|occ0|evhome0|Tin_comfort|Tout_hot|soc_target|ewh_hot|dish1|wash1|dry1,0,1,1.0
clothes_dryer_start,weekday|h10|occ0|evhome0|Tin_comfort|Tout_hot|soc_target|ewh_normal|dish1|wash1|dry1,0,5,1.0
clothes_dryer_start,weekday|h10|occ0|evhome0|dish1|wash1|dry1,0,6,1.0
clothes_dryer_start,weekday|h10,0,60,1.0
clothes_dryer_start,h10,0,84,1.0
clothes_dryer_start,weekday|h10|occ0|evhome0|Tin_comfort|Tout_hot|soc_target|ewh_hot|dish1|wash1|dry1,0,1,1.0
clothes_dryer_start,weekday|h11|occ0|evhome0|Tin_comfort|Tout_hot|soc_target|ewh_normal|dish1|wash1|dry1,0,5,1.0
clothes_dryer_start,weekday|h11|occ0|evhome0|dish1|wash1|dry1,0,6,1.0
clothes_dryer_start,weekday|h11,0,60,1.0
clothes_dryer_start,h11,0,84,1.0
clothes_dryer_start,weekday|h11|occ0|evhome0|Tin_comfort|Tout_hot|soc_target|ewh_hot|dish1|wash1|dry1,0,1,1.0
clothes_dryer_start,weekday|h12|occ0|evhome0|Tin_comfort|Tout_hot|soc_target|ewh_normal|dish1|wash1|dry1,0,5,1.0
clothes_dryer_start,weekday|h12|occ0|evhome0|dish1|wash1|dry1,0,6,1.0
clothes_dryer_start,weekday|h12,0,60,1.0
clothes_dryer_start,h12,0,84,1.0
clothes_dryer_start,weekday|h12|occ0|evhome0|Tin_comfort|Tout_hot|soc_target|ewh_hot|dish1|wash1|dry1,0,1,1.0
clothes_dryer_start,weekday|h13|occ0|evhome0|Tin_comfort|Tout_hot|soc_target|ewh_normal|dish1|wash1|dry1,0,2,1.0
clothes_dryer_start,weekday|h13|occ0|evhome0|dish1|wash1|dry1,0,6,1.0
clothes_dryer_start,weekday|h13,0,60,1.0
clothes_dryer_start,h13,0,84,1.0
clothes_dryer_start,weekday|h13|occ0|evhome0|Tin_warm|Tout_hot|soc_target|ewh_normal|dish1|wash1|dry1,0,3,1.0
clothes_dryer_start,weekday|h13|occ0|evhome0|Tin_warm|Tout_hot|soc_target|ewh_hot|dish1|wash1|dry1,0,1,1.0
clothes_dryer_start,weekday|h14|occ0|evhome0|Tin_warm|Tout_hot|soc_target|ewh_normal|dish1|wash1|dry1,0,5,1.0
clothes_dryer_start,weekday|h14|occ0|evhome0|dish1|wash1|dry1,0,6,1.0
clothes_dryer_start,weekday|h14,0,60,1.0
clothes_dryer_start,h14,0,84,1.0
clothes_dryer_start,weekday|h14|occ0|evhome0|Tin_warm|Tout_hot|soc_target|ewh_hot|dish1|wash1|dry1,0,1,1.0
clothes_dryer_start,weekday|h15|occ0|evhome0|Tin_warm|Tout_hot|soc_target|ewh_normal|dish1|wash1|dry1,0,5,1.0
clothes_dryer_start,weekday|h15|occ0|evhome0|dish1|wash1|dry1,0,6,1.0
clothes_dryer_start,weekday|h15,0,60,1.0
clothes_dryer_start,h15,0,83,0.9880952380952381
clothes_dryer_start,h15,1,1,0.011904761904761904
clothes_dryer_start,weekday|h15|occ0|evhome0|Tin_warm|Tout_hot|soc_target|ewh_hot|dish1|wash1|dry1,0,1,1.0
clothes_dryer_start,weekday|h16|occ0|evhome0|Tin_warm|Tout_hot|soc_target|ewh_normal|dish1|wash1|dry1,0,3,1.0
clothes_dryer_start,weekday|h16|occ0|evhome0|dish1|wash1|dry1,0,6,1.0
clothes_dryer_start,weekday|h16,0,60,1.0
clothes_dryer_start,h16,0,83,0.9880952380952381
clothes_dryer_start,h16,1,1,0.011904761904761904
clothes_dryer_start,weekday|h16|occ0|evhome0|Tin_warm|Tout_extreme|soc_target|ewh_normal|dish1|wash1|dry1,0,2,1.0
clothes_dryer_start,weekday|h16|occ0|evhome0|Tin_warm|Tout_extreme|soc_target|ewh_hot|dish1|wash1|dry1,0,1,1.0
clothes_dryer_start,weekday|h17|occ0|evhome0|Tin_warm|Tout_extreme|soc_target|ewh_normal|dish1|wash1|dry1,0,5,1.0
clothes_dryer_start,weekday|h17|occ0|evhome0|dish1|wash1|dry1,0,6,1.0
clothes_dryer_start,weekday|h17,0,60,1.0
clothes_dryer_start,h17,0,84,1.0
clothes_dryer_start,weekday|h17|occ0|evhome0|Tin_warm|Tout_extreme|soc_target|ewh_hot|dish1|wash1|dry1,0,1,1.0
clothes_dryer_start,weekday|h18|occ0|evhome0|Tin_warm|Tout_extreme|soc_target|ewh_normal|dish1|wash1|dry1,0,2,1.0
clothes_dryer_start,weekday|h18|occ0|evhome0|dish1|wash1|dry1,0,2,1.0
clothes_dryer_start,weekday|h18,0,60,1.0
clothes_dryer_start,h18,0,84,1.0
clothes_dryer_start,weekday|h18|occ1|evhome1|Tin_warm|Tout_extreme|soc_target|ewh_normal|dish1|wash1|dry1,0,3,1.0
clothes_dryer_start,weekday|h18|occ1|evhome1|dish1|wash1|dry1,0,4,1.0
clothes_dryer_start,weekday|h18|occ1|evhome1|Tin_warm|Tout_extreme|soc_target|ewh_hot|dish1|wash1|dry1,0,1,1.0
clothes_dryer_start,weekday|h19|occ1|evhome1|Tin_warm|Tout_extreme|soc_target|ewh_normal|dish1|wash1|dry1,0,2,1.0
clothes_dryer_start,weekday|h19|occ1|evhome1|dish1|wash1|dry1,0,2,1.0
clothes_dryer_start,weekday|h19,0,60,1.0
clothes_dryer_start,h19,0,84,1.0
clothes_dryer_start,weekday|h19|occ1|evhome1|Tin_warm|Tout_extreme|soc_target|ewh_normal|dish2|wash1|dry1,0,2,1.0
clothes_dryer_start,weekday|h19|occ1|evhome1|dish2|wash1|dry1,0,4,1.0
clothes_dryer_start,weekday|h19|occ1|evhome1|Tin_warm|Tout_extreme|soc_full|ewh_normal|dish2|wash1|dry1,0,1,1.0
clothes_dryer_start,weekday|h19|occ1|evhome1|Tin_warm|Tout_extreme|soc_full|ewh_hot|dish2|wash1|dry1,0,1,1.0
clothes_dryer_start,weekday|h20|occ1|evhome1|Tin_warm|Tout_extreme|soc_full|ewh_hot|dish2|wash1|dry1,0,4,1.0
clothes_dryer_start,weekday|h20|occ1|evhome1|dish2|wash1|dry1,0,4,1.0
clothes_dryer_start,weekday|h20,0,58,0.9666666666666667
clothes_dryer_start,weekday|h20,1,2,0.03333333333333333
clothes_dryer_start,h20,0,82,0.9761904761904762
clothes_dryer_start,h20,1,2,0.023809523809523808
clothes_dryer_start,weekday|h20|occ1|evhome1|Tin_warm|Tout_extreme|soc_full|ewh_hot|dish3|wash1|dry1,0,2,1.0
clothes_dryer_start,weekday|h20|occ1|evhome1|dish3|wash1|dry1,0,2,1.0
clothes_dryer_start,weekday|h21|occ1|evhome1|Tin_warm|Tout_extreme|soc_full|ewh_low|dish3|wash1|dry1,0,1,1.0
clothes_dryer_start,weekday|h21|occ1|evhome1|dish3|wash1|dry1,0,6,1.0
clothes_dryer_start,weekday|h21,0,60,1.0
clothes_dryer_start,h21,0,84,1.0
clothes_dryer_start,weekday|h21|occ1|evhome1|Tin_warm|Tout_extreme|soc_full|ewh_normal|dish3|wash1|dry1,0,3,1.0
clothes_dryer_start,weekday|h21|occ1|evhome1|Tin_warm|Tout_extreme|soc_full|ewh_hot|dish3|wash1|dry1,0,2,1.0
clothes_dryer_start,weekday|h22|occ1|evhome1|Tin_warm|Tout_extreme|soc_full|ewh_hot|dish3|wash1|dry1,0,6,1.0
clothes_dryer_start,weekday|h22|occ1|evhome1|dish3|wash1|dry1,0,6,1.0
clothes_dryer_start,weekday|h22,0,60,1.0
clothes_dryer_start,h22,0,84,1.0
clothes_dryer_start,weekday|h23|occ1|evhome1|Tin_warm|Tout_extreme|soc_full|ewh_normal|dish3|wash1|dry1,0,3,1.0
clothes_dryer_start,weekday|h23|occ1|evhome1|dish3|wash1|dry1,0,3,1.0
clothes_dryer_start,weekday|h23,0,60,1.0
clothes_dryer_start,h23,0,83,1.0
clothes_dryer_start,weekday|h23|occ0|evhome1|Tin_warm|Tout_extreme|soc_full|ewh_normal|dish3|wash1|dry1,0,1,1.0
clothes_dryer_start,weekday|h23|occ0|evhome1|dish3|wash1|dry1,0,3,1.0
clothes_dryer_start,weekday|h23|occ0|evhome1|Tin_warm|Tout_hot|soc_full|ewh_normal|dish3|wash1|dry1,0,1,1.0
clothes_dryer_start,weekday|h23|occ0|evhome1|Tin_warm|Tout_hot|soc_full|ewh_hot|dish3|wash1|dry1,0,1,1.0
clothes_dryer_start,weekday|h00|occ0|evhome1|Tin_warm|Tout_hot|soc_full|ewh_normal|dish3|wash1|dry1,0,5,1.0
clothes_dryer_start,weekday|h00|occ0|evhome1|dish3|wash1|dry1,0,6,1.0
clothes_dryer_start,weekday|h00|occ0|evhome1|Tin_warm|Tout_hot|soc_full|ewh_hot|dish3|wash1|dry1,0,1,1.0
clothes_dryer_start,weekday|h01|occ0|evhome1|Tin_warm|Tout_hot|soc_full|ewh_normal|dish3|wash1|dry1,0,5,1.0
clothes_dryer_start,weekday|h01|occ0|evhome1|dish3|wash1|dry1,0,6,1.0
clothes_dryer_start,weekday|h01|occ0|evhome1|Tin_warm|Tout_hot|soc_full|ewh_hot|dish3|wash1|dry1,0,1,1.0
clothes_dryer_start,weekday|h02|occ0|evhome1|Tin_warm|Tout_hot|soc_full|ewh_normal|dish3|wash1|dry1,0,5,1.0
clothes_dryer_start,weekday|h02|occ0|evhome1|dish3|wash1|dry1,0,6,1.0
clothes_dryer_start,weekday|h02|occ0|evhome1|Tin_warm|Tout_hot|soc_full|ewh_hot|dish3|wash1|dry1,0,1,1.0
clothes_dryer_start,weekday|h03|occ0|evhome1|Tin_warm|Tout_hot|soc_full|ewh_normal|dish3|wash1|dry1,0,5,1.0
clothes_dryer_start,weekday|h03|occ0|evhome1|dish3|wash1|dry1,0,6,1.0
clothes_dryer_start,weekday|h03|occ0|evhome1|Tin_warm|Tout_hot|soc_full|ewh_hot|dish3|wash1|dry1,0,1,1.0
clothes_dryer_start,weekday|h04|occ0|evhome1|Tin_warm|Tout_hot|soc_full|ewh_normal|dish3|wash1|dry1,0,5,1.0
clothes_dryer_start,weekday|h04|occ0|evhome1|dish3|wash1|dry1,0,6,1.0
clothes_dryer_start,weekday|h04|occ0|evhome1|Tin_warm|Tout_hot|soc_full|ewh_hot|dish3|wash1|dry1,0,1,1.0
clothes_dryer_start,weekday|h05|occ0|evhome1|Tin_warm|Tout_hot|soc_full|ewh_hot|dish3|wash1|dry1,0,6,1.0
clothes_dryer_start,weekday|h05|occ0|evhome1|dish3|wash1|dry1,0,6,1.0
clothes_dryer_start,weekday|h06|occ0|evhome1|Tin_warm|Tout_hot|soc_full|ewh_hot|dish3|wash1|dry1,0,1,1.0
clothes_dryer_start,weekday|h06|occ0|evhome1|dish3|wash1|dry1,0,1,1.0
clothes_dryer_start,weekday|h06|occ1|evhome1|Tin_warm|Tout_hot|soc_full|ewh_hot|dish3|wash1|dry1,0,4,1.0
clothes_dryer_start,weekday|h06|occ1|evhome1|dish3|wash1|dry1,0,5,1.0
clothes_dryer_start,weekday|h06|occ1|evhome1|Tin_warm|Tout_hot|soc_full|ewh_normal|dish3|wash1|dry1,0,1,1.0
clothes_dryer_start,weekday|h07|occ1|evhome1|Tin_warm|Tout_hot|soc_full|ewh_normal|dish3|wash1|dry1,0,1,1.0
clothes_dryer_start,weekday|h07|occ1|evhome1|dish3|wash1|dry1,0,6,1.0
clothes_dryer_start,weekday|h07|occ1|evhome1|Tin_comfort|Tout_hot|soc_full|ewh_normal|dish3|wash1|dry1,0,1,1.0
clothes_dryer_start,weekday|h07|occ1|evhome1|Tin_comfort|Tout_hot|soc_full|ewh_hot|dish3|wash1|dry1,0,4,1.0
clothes_dryer_start,weekday|h08|occ0|evhome0|Tin_comfort|Tout_hot|soc_target|ewh_normal|dish3|wash1|dry1,0,5,1.0
clothes_dryer_start,weekday|h08|occ0|evhome0|dish3|wash1|dry1,0,6,1.0
clothes_dryer_start,weekday|h08|occ0|evhome0|Tin_comfort|Tout_hot|soc_target|ewh_hot|dish3|wash1|dry1,0,1,1.0
clothes_dryer_start,weekday|h09|occ0|evhome0|Tin_comfort|Tout_hot|soc_target|ewh_normal|dish3|wash1|dry1,0,5,1.0
clothes_dryer_start,weekday|h09|occ0|evhome0|dish3|wash1|dry1,0,6,1.0
clothes_dryer_start,weekday|h09|occ0|evhome0|Tin_comfort|Tout_hot|soc_target|ewh_hot|dish3|wash1|dry1,0,1,1.0
clothes_dryer_start,weekday|h10|occ0|evhome0|Tin_comfort|Tout_hot|soc_target|ewh_normal|dish3|wash1|dry1,0,5,1.0
clothes_dryer_start,weekday|h10|occ0|evhome0|dish3|wash1|dry1,0,6,1.0
clothes_dryer_start,weekday|h10|occ0|evhome0|Tin_comfort|Tout_hot|soc_target|ewh_hot|dish3|wash1|dry1,0,1,1.0
clothes_dryer_start,weekday|h11|occ0|evhome0|Tin_comfort|Tout_hot|soc_target|ewh_normal|dish3|wash1|dry1,0,5,1.0
clothes_dryer_start,weekday|h11|occ0|evhome0|dish3|wash1|dry1,0,6,1.0
clothes_dryer_start,weekday|h11|occ0|evhome0|Tin_comfort|Tout_hot|soc_target|ewh_hot|dish3|wash1|dry1,0,1,1.0
clothes_dryer_start,weekday|h12|occ0|evhome0|Tin_comfort|Tout_hot|soc_target|ewh_normal|dish3|wash1|dry1,0,5,1.0
clothes_dryer_start,weekday|h12|occ0|evhome0|dish3|wash1|dry1,0,6,1.0
clothes_dryer_start,weekday|h12|occ0|evhome0|Tin_warm|Tout_hot|soc_target|ewh_hot|dish3|wash1|dry1,0,1,1.0
clothes_dryer_start,weekday|h13|occ0|evhome0|Tin_warm|Tout_hot|soc_target|ewh_normal|dish3|wash1|dry1,0,5,1.0
clothes_dryer_start,weekday|h13|occ0|evhome0|dish3|wash1|dry1,0,6,1.0
clothes_dryer_start,weekday|h13|occ0|evhome0|Tin_warm|Tout_hot|soc_target|ewh_hot|dish3|wash1|dry1,0,1,1.0
clothes_dryer_start,weekday|h14|occ0|evhome0|Tin_warm|Tout_hot|soc_target|ewh_normal|dish3|wash1|dry1,0,5,1.0
clothes_dryer_start,weekday|h14|occ0|evhome0|dish3|wash1|dry1,0,6,1.0
clothes_dryer_start,weekday|h14|occ0|evhome0|Tin_warm|Tout_hot|soc_target|ewh_hot|dish3|wash1|dry1,0,1,1.0
clothes_dryer_start,weekday|h15|occ0|evhome0|Tin_warm|Tout_hot|soc_target|ewh_normal|dish3|wash1|dry1,0,5,1.0
clothes_dryer_start,weekday|h15|occ0|evhome0|dish3|wash1|dry1,0,6,1.0
clothes_dryer_start,weekday|h15|occ0|evhome0|Tin_warm|Tout_hot|soc_target|ewh_hot|dish3|wash1|dry1,0,1,1.0
clothes_dryer_start,weekday|h16|occ0|evhome0|Tin_warm|Tout_hot|soc_target|ewh_normal|dish3|wash1|dry1,0,1,1.0
clothes_dryer_start,weekday|h16|occ0|evhome0|dish3|wash1|dry1,0,6,1.0
clothes_dryer_start,weekday|h16|occ0|evhome0|Tin_warm|Tout_extreme|soc_target|ewh_normal|dish3|wash1|dry1,0,4,1.0
clothes_dryer_start,weekday|h16|occ0|evhome0|Tin_warm|Tout_extreme|soc_target|ewh_hot|dish3|wash1|dry1,0,1,1.0
clothes_dryer_start,weekday|h17|occ0|evhome0|Tin_warm|Tout_extreme|soc_target|ewh_normal|dish3|wash1|dry1,0,5,1.0
clothes_dryer_start,weekday|h17|occ0|evhome0|dish3|wash1|dry1,0,6,1.0
clothes_dryer_start,weekday|h17|occ0|evhome0|Tin_warm|Tout_extreme|soc_target|ewh_hot|dish3|wash1|dry1,0,1,1.0
clothes_dryer_start,weekday|h18|occ0|evhome0|Tin_warm|Tout_extreme|soc_target|ewh_normal|dish3|wash1|dry1,0,1,1.0
clothes_dryer_start,weekday|h18|occ0|evhome0|dish3|wash1|dry1,0,1,1.0
clothes_dryer_start,weekday|h18|occ1|evhome1|Tin_warm|Tout_extreme|soc_target|ewh_normal|dish3|wash1|dry1,0,4,1.0
clothes_dryer_start,weekday|h18|occ1|evhome1|dish3|wash1|dry1,0,5,1.0
clothes_dryer_start,weekday|h18|occ1|evhome1|Tin_warm|Tout_extreme|soc_target|ewh_hot|dish3|wash1|dry1,0,1,1.0
clothes_dryer_start,weekday|h19|occ1|evhome1|Tin_warm|Tout_extreme|soc_target|ewh_normal|dish3|wash1|dry1,0,1,1.0
clothes_dryer_start,weekday|h19|occ1|evhome1|dish3|wash1|dry1,0,1,1.0
clothes_dryer_start,weekday|h19|occ1|evhome1|Tin_warm|Tout_extreme|soc_target|ewh_normal|dish3|wash2|dry1,0,3,1.0
clothes_dryer_start,weekday|h19|occ1|evhome1|dish3|wash2|dry1,0,5,1.0
clothes_dryer_start,weekday|h19|occ1|evhome1|Tin_warm|Tout_extreme|soc_full|ewh_normal|dish3|wash2|dry1,0,1,1.0
clothes_dryer_start,weekday|h19|occ1|evhome1|Tin_warm|Tout_extreme|soc_full|ewh_hot|dish3|wash2|dry1,0,1,1.0
clothes_dryer_start,weekday|h20|occ1|evhome1|Tin_warm|Tout_extreme|soc_full|ewh_hot|dish3|wash3|dry1,0,2,1.0
clothes_dryer_start,weekday|h20|occ1|evhome1|dish3|wash3|dry1,0,2,1.0
clothes_dryer_start,weekday|h20|occ1|evhome1|Tin_warm|Tout_extreme|soc_full|ewh_hot|dish3|wash3|dry2,1,1,0.25
clothes_dryer_start,weekday|h20|occ1|evhome1|Tin_warm|Tout_extreme|soc_full|ewh_hot|dish3|wash3|dry2,0,3,0.75
clothes_dryer_start,weekday|h20|occ1|evhome1|dish3|wash3|dry2,1,1,0.25
clothes_dryer_start,weekday|h20|occ1|evhome1|dish3|wash3|dry2,0,3,0.75
clothes_dryer_start,weekday|h21|occ1|evhome1|Tin_warm|Tout_extreme|soc_full|ewh_hot|dish3|wash3|dry2,0,1,1.0
clothes_dryer_start,weekday|h21|occ1|evhome1|dish3|wash3|dry2,0,1,1.0
clothes_dryer_start,weekday|h21|occ1|evhome1|Tin_warm|Tout_extreme|soc_full|ewh_normal|dish3|wash3|dry3,0,17,1.0
clothes_dryer_start,weekday|h21|occ1|evhome1|dish3|wash3|dry3,0,53,1.0
clothes_dryer_start,weekday|h21|occ1|evhome1|Tin_warm|Tout_extreme|soc_full|ewh_hot|dish3|wash3|dry3,0,19,1.0
clothes_dryer_start,weekday|h22|occ1|evhome1|Tin_warm|Tout_extreme|soc_full|ewh_hot|dish3|wash3|dry3,0,46,1.0
clothes_dryer_start,weekday|h22|occ1|evhome1|dish3|wash3|dry3,0,53,1.0
clothes_dryer_start,weekday|h23|occ1|evhome1|Tin_warm|Tout_extreme|soc_full|ewh_normal|dish3|wash3|dry3,0,14,1.0
clothes_dryer_start,weekday|h23|occ1|evhome1|dish3|wash3|dry3,0,14,1.0
clothes_dryer_start,weekday|h23|occ0|evhome1|Tin_warm|Tout_extreme|soc_full|ewh_normal|dish3|wash3|dry3,0,31,1.0
clothes_dryer_start,weekday|h23|occ0|evhome1|dish3|wash3|dry3,0,40,1.0
clothes_dryer_start,weekday|h23|occ0|evhome1|Tin_warm|Tout_extreme|soc_full|ewh_hot|dish3|wash3|dry3,0,9,1.0
clothes_dryer_start,weekday|h00|occ0|evhome1|Tin_warm|Tout_extreme|soc_full|ewh_normal|dish3|wash3|dry3,0,35,1.0
clothes_dryer_start,weekday|h00|occ0|evhome1|dish3|wash3|dry3,0,48,1.0
clothes_dryer_start,weekday|h00|occ0|evhome1|Tin_warm|Tout_hot|soc_full|ewh_normal|dish3|wash3|dry3,0,5,1.0
clothes_dryer_start,weekday|h00|occ0|evhome1|Tin_warm|Tout_hot|soc_full|ewh_hot|dish3|wash3|dry3,0,3,1.0
clothes_dryer_start,weekday|h01|occ0|evhome1|Tin_warm|Tout_hot|soc_full|ewh_normal|dish3|wash3|dry3,0,16,1.0
clothes_dryer_start,weekday|h01|occ0|evhome1|dish3|wash3|dry3,0,48,1.0
clothes_dryer_start,weekday|h01|occ0|evhome1|Tin_warm|Tout_hot|soc_full|ewh_hot|dish3|wash3|dry3,0,4,1.0
clothes_dryer_start,weekday|h02|occ0|evhome1|Tin_warm|Tout_hot|soc_full|ewh_normal|dish3|wash3|dry3,0,32,1.0
clothes_dryer_start,weekday|h02|occ0|evhome1|dish3|wash3|dry3,0,48,1.0
clothes_dryer_start,weekday|h02|occ0|evhome1|Tin_warm|Tout_hot|soc_full|ewh_hot|dish3|wash3|dry3,0,8,1.0
clothes_dryer_start,weekday|h03|occ0|evhome1|Tin_warm|Tout_hot|soc_full|ewh_normal|dish3|wash3|dry3,0,40,1.0
clothes_dryer_start,weekday|h03|occ0|evhome1|dish3|wash3|dry3,0,48,1.0
clothes_dryer_start,weekday|h03|occ0|evhome1|Tin_warm|Tout_hot|soc_full|ewh_hot|dish3|wash3|dry3,0,8,1.0
clothes_dryer_start,weekday|h04|occ0|evhome1|Tin_warm|Tout_hot|soc_full|ewh_normal|dish3|wash3|dry3,0,40,1.0
clothes_dryer_start,weekday|h04|occ0|evhome1|dish3|wash3|dry3,0,48,1.0
clothes_dryer_start,weekday|h04|occ0|evhome1|Tin_warm|Tout_hot|soc_full|ewh_hot|dish3|wash3|dry3,0,8,1.0
clothes_dryer_start,weekday|h05|occ0|evhome1|Tin_warm|Tout_hot|soc_full|ewh_hot|dish3|wash3|dry3,0,48,1.0
clothes_dryer_start,weekday|h05|occ0|evhome1|dish3|wash3|dry3,0,48,1.0
clothes_dryer_start,weekday|h06|occ0|evhome1|Tin_warm|Tout_hot|soc_full|ewh_hot|dish3|wash3|dry3,0,27,1.0
clothes_dryer_start,weekday|h06|occ0|evhome1|dish3|wash3|dry3,0,27,1.0
clothes_dryer_start,weekday|h06|occ1|evhome1|Tin_warm|Tout_hot|soc_full|ewh_hot|dish3|wash3|dry3,0,20,1.0
clothes_dryer_start,weekday|h06|occ1|evhome1|dish3|wash3|dry3,0,21,1.0
clothes_dryer_start,weekday|h07|occ1|evhome1|Tin_warm|Tout_hot|soc_full|ewh_normal|dish3|wash3|dry3,0,22,1.0
clothes_dryer_start,weekday|h07|occ1|evhome1|dish3|wash3|dry3,0,44,1.0
clothes_dryer_start,weekday|h07|occ1|evhome1|Tin_warm|Tout_hot|soc_full|ewh_hot|dish3|wash3|dry3,0,19,1.0
clothes_dryer_start,weekday|h07|occ1|evhome1|Tin_comfort|Tout_hot|soc_full|ewh_hot|dish3|wash3|dry3,0,2,1.0
clothes_dryer_start,weekday|h08|occ1|evhome1|Tin_comfort|Tout_hot|soc_full|ewh_normal|dish3|wash3|dry3,0,1,1.0
clothes_dryer_start,weekday|h08|occ1|evhome1|dish3|wash3|dry3,0,4,1.0
clothes_dryer_start,weekday|h08|occ0|evhome0|Tin_comfort|Tout_hot|soc_target|ewh_normal|dish3|wash3|dry3,0,7,1.0
clothes_dryer_start,weekday|h08|occ0|evhome0|dish3|wash3|dry3,0,44,1.0
clothes_dryer_start,weekday|h08|occ0|evhome0|Tin_comfort|Tout_hot|soc_target|ewh_hot|dish3|wash3|dry3,0,2,1.0
clothes_dryer_start,weekday|h09|occ0|evhome0|Tin_comfort|Tout_hot|soc_target|ewh_normal|dish3|wash3|dry3,0,10,1.0
clothes_dryer_start,weekday|h09|occ0|evhome0|dish3|wash3|dry3,0,48,1.0
clothes_dryer_start,weekday|h09|occ0|evhome0|Tin_comfort|Tout_hot|soc_target|ewh_hot|dish3|wash3|dry3,0,2,1.0
clothes_dryer_start,weekday|h10|occ0|evhome0|Tin_comfort|Tout_hot|soc_target|ewh_normal|dish3|wash3|dry3,0,10,1.0
clothes_dryer_start,weekday|h10|occ0|evhome0|dish3|wash3|dry3,0,48,1.0
clothes_dryer_start,weekday|h10|occ0|evhome0|Tin_comfort|Tout_hot|soc_target|ewh_hot|dish3|wash3|dry3,0,2,1.0
clothes_dryer_start,weekday|h11|occ0|evhome0|Tin_comfort|Tout_hot|soc_target|ewh_normal|dish3|wash3|dry3,0,8,1.0
clothes_dryer_start,weekday|h11|occ0|evhome0|dish3|wash3|dry3,0,48,1.0
clothes_dryer_start,weekday|h11|occ0|evhome0|Tin_comfort|Tout_hot|soc_target|ewh_hot|dish3|wash3|dry3,0,1,1.0
clothes_dryer_start,weekday|h12|occ0|evhome0|Tin_comfort|Tout_hot|soc_target|ewh_normal|dish3|wash3|dry3,0,1,1.0
clothes_dryer_start,weekday|h12|occ0|evhome0|dish3|wash3|dry3,0,48,1.0
clothes_dryer_start,weekday|h12|occ0|evhome0|Tin_warm|Tout_hot|soc_target|ewh_normal|dish3|wash3|dry3,0,39,1.0
clothes_dryer_start,weekday|h12|occ0|evhome0|Tin_warm|Tout_hot|soc_target|ewh_hot|dish3|wash3|dry3,0,8,1.0
clothes_dryer_start,weekday|h13|occ0|evhome0|Tin_warm|Tout_hot|soc_target|ewh_normal|dish3|wash3|dry3,0,37,1.0
clothes_dryer_start,weekday|h13|occ0|evhome0|dish3|wash3|dry3,0,48,1.0
clothes_dryer_start,weekday|h13|occ0|evhome0|Tin_warm|Tout_hot|soc_target|ewh_hot|dish3|wash3|dry3,0,6,1.0
clothes_dryer_start,weekday|h14|occ0|evhome0|Tin_warm|Tout_hot|soc_target|ewh_normal|dish3|wash3|dry3,0,19,1.0
clothes_dryer_start,weekday|h14|occ0|evhome0|dish3|wash3|dry3,0,48,1.0
clothes_dryer_start,weekday|h14|occ0|evhome0|Tin_warm|Tout_hot|soc_target|ewh_hot|dish3|wash3|dry3,0,3,1.0
clothes_dryer_start,weekday|h15|occ0|evhome0|Tin_warm|Tout_hot|soc_target|ewh_normal|dish3|wash3|dry3,0,11,1.0
clothes_dryer_start,weekday|h15|occ0|evhome0|dish3|wash3|dry3,0,48,1.0
clothes_dryer_start,weekday|h15|occ0|evhome0|Tin_warm|Tout_extreme|soc_target|ewh_hot|dish3|wash3|dry3,0,8,1.0
clothes_dryer_start,weekday|h16|occ0|evhome0|Tin_warm|Tout_extreme|soc_target|ewh_normal|dish3|wash3|dry3,0,40,1.0
clothes_dryer_start,weekday|h16|occ0|evhome0|dish3|wash3|dry3,0,48,1.0
clothes_dryer_start,weekday|h16|occ0|evhome0|Tin_warm|Tout_extreme|soc_target|ewh_hot|dish3|wash3|dry3,0,8,1.0
clothes_dryer_start,weekday|h17|occ0|evhome0|Tin_warm|Tout_extreme|soc_target|ewh_normal|dish3|wash3|dry3,0,37,1.0
clothes_dryer_start,weekday|h17|occ0|evhome0|dish3|wash3|dry3,0,41,1.0
clothes_dryer_start,weekday|h17|occ1|evhome1|Tin_warm|Tout_extreme|soc_target|ewh_normal|dish3|wash3|dry3,0,3,1.0
clothes_dryer_start,weekday|h17|occ1|evhome1|dish3|wash3|dry3,0,7,1.0
clothes_dryer_start,weekday|h17|occ1|evhome1|Tin_warm|Tout_extreme|soc_target|ewh_hot|dish3|wash3|dry3,0,4,1.0
clothes_dryer_start,weekday|h18|occ1|evhome1|Tin_warm|Tout_extreme|soc_target|ewh_normal|dish3|wash3|dry3,0,28,1.0
clothes_dryer_start,weekday|h18|occ1|evhome1|dish3|wash3|dry3,0,39,1.0
clothes_dryer_start,weekday|h18|occ1|evhome1|Tin_warm|Tout_extreme|soc_target|ewh_hot|dish3|wash3|dry3,0,6,1.0
clothes_dryer_start,weekday|h19|occ1|evhome1|Tin_warm|Tout_extreme|soc_target|ewh_normal|dish3|wash3|dry3,0,17,1.0
clothes_dryer_start,weekday|h19|occ1|evhome1|dish3|wash3|dry3,0,48,1.0
clothes_dryer_start,weekday|h19|occ1|evhome1|Tin_warm|Tout_extreme|soc_full|ewh_normal|dish3|wash3|dry3,0,12,1.0
clothes_dryer_start,weekday|h19|occ1|evhome1|Tin_warm|Tout_extreme|soc_full|ewh_hot|dish3|wash3|dry3,0,5,1.0
clothes_dryer_start,weekday|h20|occ1|evhome1|Tin_warm|Tout_extreme|soc_full|ewh_hot|dish3|wash3|dry3,0,28,0.9655172413793104
clothes_dryer_start,weekday|h20|occ1|evhome1|Tin_warm|Tout_extreme|soc_full|ewh_hot|dish3|wash3|dry3,1,1,0.034482758620689655
clothes_dryer_start,weekday|h20|occ1|evhome1|dish3|wash3|dry3,0,47,0.9791666666666666
clothes_dryer_start,weekday|h20|occ1|evhome1|dish3|wash3|dry3,1,1,0.020833333333333332
clothes_dryer_start,weekday|h21|occ1|evhome1|Tin_warm|Tout_extreme|soc_full|ewh_low|dish3|wash3|dry3,0,3,1.0
clothes_dryer_start,weekday|h06|occ1|evhome1|Tin_warm|Tout_hot|soc_full|ewh_normal|dish3|wash3|dry3,0,1,1.0
clothes_dryer_start,weekday|h08|occ0|evhome0|Tin_warm|Tout_hot|soc_target|ewh_normal|dish3|wash3|dry3,0,29,1.0
clothes_dryer_start,weekday|h11|occ0|evhome0|Tin_warm|Tout_hot|soc_target|ewh_normal|dish3|wash3|dry3,0,32,1.0
clothes_dryer_start,weekday|h11|occ0|evhome0|Tin_warm|Tout_hot|soc_target|ewh_hot|dish3|wash3|dry3,0,7,1.0
clothes_dryer_start,weekday|h15|occ0|evhome0|Tin_warm|Tout_extreme|soc_target|ewh_normal|dish3|wash3|dry3,0,29,1.0
clothes_dryer_start,weekday|h08|occ1|evhome1|Tin_warm|Tout_hot|soc_full|ewh_normal|dish3|wash3|dry3,0,3,1.0
clothes_dryer_start,weekday|h08|occ0|evhome0|Tin_warm|Tout_hot|soc_target|ewh_hot|dish3|wash3|dry3,0,6,1.0
clothes_dryer_start,weekday|h09|occ0|evhome0|Tin_warm|Tout_hot|soc_target|ewh_normal|dish3|wash3|dry3,0,30,1.0
clothes_dryer_start,weekday|h09|occ0|evhome0|Tin_warm|Tout_hot|soc_target|ewh_hot|dish3|wash3|dry3,0,6,1.0
clothes_dryer_start,weekday|h10|occ0|evhome0|Tin_warm|Tout_hot|soc_target|ewh_normal|dish3|wash3|dry3,0,30,1.0
clothes_dryer_start,weekday|h10|occ0|evhome0|Tin_warm|Tout_hot|soc_target|ewh_hot|dish3|wash3|dry3,0,6,1.0
clothes_dryer_start,weekend|h00|occ1|evhome1|Tin_warm|Tout_extreme|soc_full|ewh_normal|dish3|wash3|dry3,0,10,1.0
clothes_dryer_start,weekend|h00|occ1|evhome1|dish3|wash3|dry3,0,12,1.0
clothes_dryer_start,weekend|h00,0,24,1.0
clothes_dryer_start,weekend|h00|occ1|evhome1|Tin_warm|Tout_extreme|soc_full|ewh_hot|dish3|wash3|dry3,0,2,1.0
clothes_dryer_start,weekend|h01|occ1|evhome1|Tin_warm|Tout_extreme|soc_full|ewh_normal|dish3|wash3|dry3,0,6,1.0
clothes_dryer_start,weekend|h01|occ1|evhome1|dish3|wash3|dry3,0,12,1.0
clothes_dryer_start,weekend|h01,0,24,1.0
clothes_dryer_start,weekend|h01|occ1|evhome1|Tin_warm|Tout_hot|soc_full|ewh_normal|dish3|wash3|dry3,0,4,1.0
clothes_dryer_start,weekend|h01|occ1|evhome1|Tin_warm|Tout_hot|soc_full|ewh_hot|dish3|wash3|dry3,0,1,1.0
clothes_dryer_start,weekend|h02|occ1|evhome1|Tin_warm|Tout_hot|soc_full|ewh_normal|dish3|wash3|dry3,0,5,1.0
clothes_dryer_start,weekend|h02|occ1|evhome1|dish3|wash3|dry3,0,12,1.0
clothes_dryer_start,weekend|h02,0,24,1.0
clothes_dryer_start,weekend|h02|occ1|evhome1|Tin_warm|Tout_hot|soc_full|ewh_hot|dish3|wash3|dry3,0,1,1.0
clothes_dryer_start,weekend|h03|occ1|evhome1|Tin_warm|Tout_hot|soc_full|ewh_normal|dish3|wash3|dry3,0,10,1.0
clothes_dryer_start,weekend|h03|occ1|evhome1|dish3|wash3|dry3,0,12,1.0
clothes_dryer_start,weekend|h03,0,24,1.0
clothes_dryer_start,weekend|h03|occ1|evhome1|Tin_warm|Tout_hot|soc_full|ewh_hot|dish3|wash3|dry3,0,2,1.0
clothes_dryer_start,weekend|h04|occ1|evhome1|Tin_warm|Tout_hot|soc_full|ewh_normal|dish3|wash3|dry3,0,10,1.0
clothes_dryer_start,weekend|h04|occ1|evhome1|dish3|wash3|dry3,0,12,1.0
clothes_dryer_start,weekend|h04,0,24,1.0
clothes_dryer_start,weekend|h04|occ1|evhome1|Tin_warm|Tout_hot|soc_full|ewh_hot|dish3|wash3|dry3,0,2,1.0
clothes_dryer_start,weekend|h05|occ1|evhome1|Tin_warm|Tout_hot|soc_full|ewh_hot|dish3|wash3|dry3,0,12,1.0
clothes_dryer_start,weekend|h05|occ1|evhome1|dish3|wash3|dry3,0,12,1.0
clothes_dryer_start,weekend|h05,0,24,1.0
clothes_dryer_start,weekend|h06|occ1|evhome1|Tin_warm|Tout_hot|soc_full|ewh_hot|dish3|wash3|dry3,0,12,1.0
clothes_dryer_start,weekend|h06|occ1|evhome1|dish3|wash3|dry3,0,12,1.0
clothes_dryer_start,weekend|h06,0,24,1.0
clothes_dryer_start,weekend|h07|occ1|evhome1|Tin_warm|Tout_hot|soc_full|ewh_hot|dish3|wash3|dry3,0,12,1.0
clothes_dryer_start,weekend|h07|occ1|evhome1|dish3|wash3|dry3,0,12,1.0
clothes_dryer_start,weekend|h07,0,24,1.0
clothes_dryer_start,weekend|h08|occ1|evhome1|Tin_warm|Tout_hot|soc_full|ewh_normal|dish3|wash3|dry3,0,18,1.0
clothes_dryer_start,weekend|h08|occ1|evhome1|dish3|wash3|dry3,0,21,1.0
clothes_dryer_start,weekend|h08,0,24,1.0
clothes_dryer_start,weekend|h08|occ1|evhome1|Tin_warm|Tout_hot|soc_full|ewh_hot|dish3|wash3|dry3,0,3,1.0
clothes_dryer_start,weekend|h09|occ1|evhome1|Tin_warm|Tout_hot|soc_full|ewh_low|dish3|wash3|dry3,0,6,1.0
clothes_dryer_start,weekend|h09|occ1|evhome1|dish3|wash3|dry3,0,24,1.0
clothes_dryer_start,weekend|h09,0,24,1.0
clothes_dryer_start,weekend|h09|occ1|evhome1|Tin_warm|Tout_hot|soc_full|ewh_normal|dish3|wash3|dry3,0,16,1.0
clothes_dryer_start,weekend|h10|occ0|evhome0|Tin_warm|Tout_hot|soc_target|ewh_normal|dish3|wash3|dry3,0,10,1.0
clothes_dryer_start,weekend|h10|occ0|evhome0|dish3|wash3|dry3,0,12,1.0
clothes_dryer_start,weekend|h10,0,24,1.0
clothes_dryer_start,weekend|h10|occ0|evhome0|Tin_warm|Tout_hot|soc_target|ewh_hot|dish3|wash3|dry3,0,2,1.0
clothes_dryer_start,weekend|h11|occ0|evhome0|Tin_warm|Tout_hot|soc_target|ewh_normal|dish3|wash3|dry3,0,10,1.0
clothes_dryer_start,weekend|h11|occ0|evhome0|dish3|wash3|dry3,0,12,1.0
clothes_dryer_start,weekend|h11,0,24,1.0
clothes_dryer_start,weekend|h11|occ0|evhome0|Tin_warm|Tout_hot|soc_target|ewh_hot|dish3|wash3|dry3,0,2,1.0
clothes_dryer_start,weekend|h12|occ0|evhome0|Tin_warm|Tout_hot|soc_target|ewh_normal|dish3|wash3|dry3,0,5,1.0
clothes_dryer_start,weekend|h12|occ0|evhome0|dish3|wash3|dry3,0,6,1.0
clothes_dryer_start,weekend|h12,0,24,1.0
clothes_dryer_start,weekend|h12|occ1|evhome1|Tin_warm|Tout_hot|soc_target|ewh_hot|dish3|wash3|dry3,0,1,1.0
clothes_dryer_start,weekend|h12|occ1|evhome1|dish3|wash3|dry3,0,18,1.0
clothes_dryer_start,weekend|h12|occ1|evhome1|Tin_warm|Tout_hot|soc_target|ewh_normal|dish3|wash3|dry3,0,3,1.0
clothes_dryer_start,weekend|h12|occ1|evhome1|Tin_warm|Tout_hot|soc_full|ewh_normal|dish3|wash3|dry3,0,11,1.0
clothes_dryer_start,weekend|h13|occ1|evhome1|Tin_warm|Tout_hot|soc_full|ewh_normal|dish3|wash3|dry3,0,10,1.0
clothes_dryer_start,weekend|h13|occ1|evhome1|dish3|wash3|dry3,0,24,1.0
clothes_dryer_start,weekend|h13,0,24,1.0
clothes_dryer_start,weekend|h13|occ1|evhome1|Tin_warm|Tout_hot|soc_full|ewh_hot|dish3|wash3|dry3,0,2,1.0
clothes_dryer_start,weekend|h14|occ1|evhome1|Tin_warm|Tout_hot|soc_full|ewh_normal|dish3|wash3|dry3,0,9,1.0
clothes_dryer_start,weekend|h14|occ1|evhome1|dish3|wash3|dry3,0,24,1.0
clothes_dryer_start,weekend|h14,0,24,1.0
clothes_dryer_start,weekend|h14|occ1|evhome1|Tin_warm|Tout_hot|soc_full|ewh_hot|dish3|wash3|dry3,0,2,1.0
clothes_dryer_start,weekend|h15|occ1|evhome1|Tin_warm|Tout_extreme|soc_full|ewh_normal|dish3|wash3|dry3,0,19,0.95
clothes_dryer_start,weekend|h15|occ1|evhome1|Tin_warm|Tout_extreme|soc_full|ewh_normal|dish3|wash3|dry3,1,1,0.05
clothes_dryer_start,weekend|h15|occ1|evhome1|dish3|wash3|dry3,0,23,0.9583333333333334
clothes_dryer_start,weekend|h15|occ1|evhome1|dish3|wash3|dry3,1,1,0.041666666666666664
clothes_dryer_start,weekend|h15,0,23,0.9583333333333334
clothes_dryer_start,weekend|h15,1,1,0.041666666666666664
clothes_dryer_start,weekend|h15|occ1|evhome1|Tin_warm|Tout_extreme|soc_full|ewh_hot|dish3|wash3|dry3,0,4,1.0
clothes_dryer_start,weekend|h16|occ1|evhome1|Tin_warm|Tout_extreme|soc_full|ewh_normal|dish3|wash3|dry3,1,1,0.05
clothes_dryer_start,weekend|h16|occ1|evhome1|Tin_warm|Tout_extreme|soc_full|ewh_normal|dish3|wash3|dry3,0,19,0.95
clothes_dryer_start,weekend|h16|occ1|evhome1|dish3|wash3|dry3,1,1,0.041666666666666664
clothes_dryer_start,weekend|h16|occ1|evhome1|dish3|wash3|dry3,0,23,0.9583333333333334
clothes_dryer_start,weekend|h16,1,1,0.041666666666666664
clothes_dryer_start,weekend|h16,0,23,0.9583333333333334
clothes_dryer_start,weekend|h16|occ1|evhome1|Tin_warm|Tout_extreme|soc_full|ewh_hot|dish3|wash3|dry3,0,4,1.0
clothes_dryer_start,weekend|h17|occ1|evhome1|Tin_warm|Tout_extreme|soc_full|ewh_normal|dish3|wash3|dry3,0,16,1.0
clothes_dryer_start,weekend|h17|occ1|evhome1|dish3|wash3|dry3,0,24,1.0
clothes_dryer_start,weekend|h17,0,24,1.0
clothes_dryer_start,weekend|h17|occ1|evhome1|Tin_warm|Tout_extreme|soc_full|ewh_hot|dish3|wash3|dry3,0,4,1.0
clothes_dryer_start,weekend|h18|occ1|evhome1|Tin_warm|Tout_extreme|soc_full|ewh_normal|dish3|wash3|dry3,0,10,1.0
clothes_dryer_start,weekend|h18|occ1|evhome1|dish3|wash3|dry3,0,24,1.0
clothes_dryer_start,weekend|h18,0,24,1.0
clothes_dryer_start,weekend|h18|occ1|evhome1|Tin_warm|Tout_extreme|soc_full|ewh_hot|dish3|wash3|dry3,0,2,1.0
clothes_dryer_start,weekend|h19|occ1|evhome1|Tin_warm|Tout_extreme|soc_full|ewh_normal|dish3|wash3|dry3,0,10,1.0
clothes_dryer_start,weekend|h19|occ1|evhome1|dish3|wash3|dry3,0,24,1.0
clothes_dryer_start,weekend|h19,0,24,1.0
clothes_dryer_start,weekend|h19|occ1|evhome1|Tin_warm|Tout_extreme|soc_full|ewh_hot|dish3|wash3|dry3,0,2,1.0
clothes_dryer_start,weekend|h20|occ1|evhome1|Tin_warm|Tout_extreme|soc_full|ewh_hot|dish3|wash3|dry3,0,12,1.0
clothes_dryer_start,weekend|h20|occ1|evhome1|dish3|wash3|dry3,0,24,1.0
clothes_dryer_start,weekend|h20,0,24,1.0
clothes_dryer_start,weekend|h21|occ1|evhome1|Tin_warm|Tout_extreme|soc_full|ewh_hot|dish3|wash3|dry3,0,8,1.0
clothes_dryer_start,weekend|h21|occ1|evhome1|dish3|wash3|dry3,0,24,1.0
clothes_dryer_start,weekend|h21,0,24,1.0
clothes_dryer_start,weekend|h22|occ1|evhome1|Tin_warm|Tout_extreme|soc_full|ewh_low|dish3|wash3|dry3,0,1,1.0
clothes_dryer_start,weekend|h22|occ1|evhome1|dish3|wash3|dry3,0,24,1.0
clothes_dryer_start,weekend|h22,0,24,1.0
clothes_dryer_start,weekend|h22|occ1|evhome1|Tin_warm|Tout_extreme|soc_full|ewh_normal|dish3|wash3|dry3,0,3,1.0
clothes_dryer_start,weekend|h22|occ1|evhome1|Tin_warm|Tout_extreme|soc_full|ewh_hot|dish3|wash3|dry3,0,8,1.0
clothes_dryer_start,weekend|h23|occ1|evhome1|Tin_warm|Tout_extreme|soc_full|ewh_normal|dish3|wash3|dry3,0,15,1.0
clothes_dryer_start,weekend|h23|occ1|evhome1|dish3|wash3|dry3,0,23,1.0
clothes_dryer_start,weekend|h23,0,23,1.0
clothes_dryer_start,weekend|h23|occ1|evhome1|Tin_warm|Tout_extreme|soc_full|ewh_hot|dish3|wash3|dry3,0,3,1.0
clothes_dryer_start,weekend|h00|occ0|evhome1|Tin_warm|Tout_extreme|soc_full|ewh_normal|dish3|wash3|dry3,0,10,1.0
clothes_dryer_start,weekend|h00|occ0|evhome1|dish3|wash3|dry3,0,12,1.0
clothes_dryer_start,weekend|h00|occ0|evhome1|Tin_warm|Tout_extreme|soc_full|ewh_hot|dish3|wash3|dry3,0,2,1.0
clothes_dryer_start,weekend|h01|occ0|evhome1|Tin_warm|Tout_extreme|soc_full|ewh_normal|dish3|wash3|dry3,0,7,1.0
clothes_dryer_start,weekend|h01|occ0|evhome1|dish3|wash3|dry3,0,12,1.0
clothes_dryer_start,weekend|h01|occ0|evhome1|Tin_warm|Tout_hot|soc_full|ewh_normal|dish3|wash3|dry3,0,3,1.0
clothes_dryer_start,weekend|h01|occ0|evhome1|Tin_warm|Tout_hot|soc_full|ewh_hot|dish3|wash3|dry3,0,1,1.0
clothes_dryer_start,weekend|h02|occ0|evhome1|Tin_warm|Tout_hot|soc_full|ewh_normal|dish3|wash3|dry3,0,5,1.0
clothes_dryer_start,weekend|h02|occ0|evhome1|dish3|wash3|dry3,0,12,1.0
clothes_dryer_start,weekend|h02|occ0|evhome1|Tin_warm|Tout_hot|soc_full|ewh_hot|dish3|wash3|dry3,0,1,1.0
clothes_dryer_start,weekend|h03|occ0|evhome1|Tin_warm|Tout_hot|soc_full|ewh_normal|dish3|wash3|dry3,0,8,1.0
clothes_dryer_start,weekend|h03|occ0|evhome1|dish3|wash3|dry3,0,12,1.0
clothes_dryer_start,weekend|h03|occ0|evhome1|Tin_warm|Tout_hot|soc_full|ewh_hot|dish3|wash3|dry3,0,2,1.0
clothes_dryer_start,weekend|h04|occ0|evhome1|Tin_warm|Tout_hot|soc_full|ewh_normal|dish3|wash3|dry3,0,10,1.0
clothes_dryer_start,weekend|h04|occ0|evhome1|dish3|wash3|dry3,0,12,1.0
clothes_dryer_start,weekend|h04|occ0|evhome1|Tin_warm|Tout_hot|soc_full|ewh_hot|dish3|wash3|dry3,0,2,1.0
clothes_dryer_start,weekend|h05|occ0|evhome1|Tin_warm|Tout_hot|soc_full|ewh_hot|dish3|wash3|dry3,0,12,1.0
clothes_dryer_start,weekend|h05|occ0|evhome1|dish3|wash3|dry3,0,12,1.0
clothes_dryer_start,weekend|h06|occ0|evhome1|Tin_warm|Tout_hot|soc_full|ewh_hot|dish3|wash3|dry3,0,12,1.0
clothes_dryer_start,weekend|h06|occ0|evhome1|dish3|wash3|dry3,0,12,1.0
clothes_dryer_start,weekend|h07|occ0|evhome1|Tin_warm|Tout_hot|soc_full|ewh_hot|dish3|wash3|dry3,0,12,1.0
clothes_dryer_start,weekend|h07|occ0|evhome1|dish3|wash3|dry3,0,12,1.0
clothes_dryer_start,weekend|h08|occ0|evhome1|Tin_warm|Tout_hot|soc_full|ewh_normal|dish3|wash3|dry3,0,3,1.0
clothes_dryer_start,weekend|h08|occ0|evhome1|dish3|wash3|dry3,0,3,1.0
clothes_dryer_start,weekend|h09|occ1|evhome1|Tin_warm|Tout_hot|soc_full|ewh_hot|dish3|wash3|dry3,0,2,1.0
clothes_dryer_start,weekend|h10|occ1|evhome1|Tin_warm|Tout_hot|soc_full|ewh_normal|dish3|wash3|dry3,0,10,1.0
clothes_dryer_start,weekend|h10|occ1|evhome1|dish3|wash3|dry3,0,12,1.0
clothes_dryer_start,weekend|h10|occ1|evhome1|Tin_warm|Tout_hot|soc_full|ewh_hot|dish3|wash3|dry3,0,2,1.0
clothes_dryer_start,weekend|h11|occ1|evhome1|Tin_warm|Tout_hot|soc_full|ewh_normal|dish3|wash3|dry3,0,10,1.0
clothes_dryer_start,weekend|h11|occ1|evhome1|dish3|wash3|dry3,0,12,1.0
clothes_dryer_start,weekend|h11|occ1|evhome1|Tin_warm|Tout_hot|soc_full|ewh_hot|dish3|wash3|dry3,0,2,1.0
clothes_dryer_start,weekend|h12|occ1|evhome1|Tin_warm|Tout_hot|soc_full|ewh_hot|dish3|wash3|dry3,0,2,1.0
clothes_dryer_start,weekend|h14|occ1|evhome1|Tin_warm|Tout_extreme|soc_full|ewh_normal|dish3|wash3|dry3,0,11,1.0
clothes_dryer_start,weekend|h21|occ1|evhome1|Tin_warm|Tout_extreme|soc_full|ewh_low|dish3|wash3|dry3,0,1,1.0
clothes_dryer_start,weekend|h21|occ1|evhome1|Tin_warm|Tout_extreme|soc_full|ewh_normal|dish3|wash3|dry3,0,3,1.0
clothes_dryer_start,weekday|h00|occ0|evhome1|Tin_warm|Tout_extreme|soc_full|ewh_hot|dish3|wash3|dry3,0,5,1.0
clothes_dryer_start,weekday|h01|occ0|evhome1|Tin_warm|Tout_extreme|soc_full|ewh_normal|dish3|wash3|dry3,0,24,1.0
clothes_dryer_start,weekday|h14|occ0|evhome0|Tin_warm|Tout_extreme|soc_target|ewh_normal|dish3|wash3|dry3,0,21,1.0
clothes_dryer_start,weekday|h14|occ0|evhome0|Tin_warm|Tout_extreme|soc_target|ewh_hot|dish3|wash3|dry3,0,5,1.0
clothes_dryer_start,weekday|h17|occ0|evhome0|Tin_warm|Tout_extreme|soc_target|ewh_hot|dish3|wash3|dry3,0,4,1.0
clothes_dryer_start,weekday|h18|occ0|evhome0|Tin_warm|Tout_extreme|soc_target|ewh_normal|dish3|wash3|dry3,0,8,1.0
clothes_dryer_start,weekday|h18|occ0|evhome0|dish3|wash3|dry3,0,9,1.0
clothes_dryer_start,weekday|h22|occ1|evhome1|Tin_warm|Tout_extreme|soc_full|ewh_normal|dish3|wash3|dry3,0,1,1.0
clothes_dryer_start,weekday|h01|occ0|evhome1|Tin_warm|Tout_extreme|soc_full|ewh_hot|dish3|wash3|dry3,0,4,1.0
clothes_dryer_start,weekday|h07|occ0|evhome0|Tin_warm|Tout_hot|soc_target|ewh_hot|dish3|wash3|dry3,0,4,1.0
clothes_dryer_start,weekday|h07|occ0|evhome0|dish3|wash3|dry3,0,4,1.0
clothes_dryer_start,weekday|h20|occ1|evhome1|Tin_warm|Tout_extreme|soc_full|ewh_low|dish3|wash3|dry3,0,1,1.0
clothes_dryer_start,weekday|h02|occ0|evhome1|Tin_warm|Tout_extreme|soc_full|ewh_normal|dish3|wash3|dry3,0,8,1.0
clothes_dryer_start,weekday|h19|occ1|evhome1|Tin_hot|Tout_extreme|soc_full|ewh_normal|dish3|wash3|dry3,0,6,1.0
clothes_dryer_start,weekday|h19|occ1|evhome1|Tin_hot|Tout_extreme|soc_full|ewh_hot|dish3|wash3|dry3,0,3,1.0
clothes_dryer_start,weekday|h20|occ1|evhome1|Tin_hot|Tout_extreme|soc_full|ewh_hot|dish3|wash3|dry3,0,16,1.0
clothes_dryer_start,weekday|h20|occ1|evhome1|Tin_hot|Tout_extreme|soc_full|ewh_low|dish3|wash3|dry3,0,1,1.0
clothes_dryer_start,weekday|h20|occ1|evhome1|Tin_hot|Tout_extreme|soc_full|ewh_normal|dish3|wash3|dry3,0,1,1.0
clothes_dryer_start,weekday|h21|occ1|evhome1|Tin_hot|Tout_extreme|soc_full|ewh_normal|dish3|wash3|dry3,0,7,1.0
clothes_dryer_start,weekday|h13|occ0|evhome0|Tin_warm|Tout_extreme|soc_target|ewh_normal|dish3|wash3|dry3,0,3,1.0
clothes_dryer_start,weekday|h13|occ0|evhome0|Tin_warm|Tout_extreme|soc_target|ewh_hot|dish3|wash3|dry3,0,2,1.0
clothes_dryer_start,weekday|h18|occ1|evhome1|Tin_warm|Tout_extreme|soc_full|ewh_normal|dish3|wash3|dry3,0,1,1.0
clothes_dryer_start,weekday|h18|occ1|evhome1|Tin_hot|Tout_extreme|soc_full|ewh_hot|dish3|wash3|dry3,0,1,1.0
clothes_dryer_start,weekday|h21|occ1|evhome1|Tin_hot|Tout_extreme|soc_full|ewh_hot|dish3|wash3|dry3,0,4,1.0
clothes_dryer_start,weekday|h21|occ1|evhome1|Tin_hot|Tout_extreme|soc_full|ewh_low|dish3|wash3|dry3,0,3,1.0
clothes_dryer_start,weekday|h22|occ1|evhome1|Tin_hot|Tout_extreme|soc_full|ewh_normal|dish3|wash3|dry3,0,1,1.0
clothes_dryer_start,weekday|h07|occ1|evhome1|Tin_warm|Tout_hot|soc_full|ewh_low|dish3|wash3|dry3,0,1,1.0
clothes_dryer_start,weekday|h18|occ0|evhome0|Tin_hot|Tout_extreme|soc_target|ewh_normal|dish3|wash3|dry3,0,1,1.0
clothes_dryer_start,weekday|h18|occ1|evhome1|Tin_hot|Tout_extreme|soc_target|ewh_normal|dish3|wash3|dry3,0,2,1.0
clothes_dryer_start,weekday|h18|occ1|evhome1|Tin_hot|Tout_extreme|soc_target|ewh_hot|dish3|wash3|dry3,0,1,1.0
clothes_dryer_start,weekday|h19|occ1|evhome1|Tin_hot|Tout_extreme|soc_target|ewh_normal|dish3|wash3|dry3,0,5,1.0
clothes_dryer_start,weekday|h22|occ1|evhome1|Tin_hot|Tout_extreme|soc_full|ewh_hot|dish3|wash3|dry3,0,5,1.0
clothes_dryer_start,weekday|h22|occ0|evhome1|Tin_warm|Tout_extreme|soc_full|ewh_hot|dish3|wash3|dry3,0,1,1.0
clothes_dryer_start,weekday|h22|occ0|evhome1|dish3|wash3|dry3,0,1,1.0
clothes_dryer_start,weekend|h01|occ1|evhome1|Tin_warm|Tout_extreme|soc_full|ewh_hot|dish3|wash3|dry3,0,1,1.0
clothes_dryer_start,weekend|h02|occ1|evhome1|Tin_warm|Tout_extreme|soc_full|ewh_normal|dish3|wash3|dry3,0,5,1.0
clothes_dryer_start,weekend|h02|occ1|evhome1|Tin_warm|Tout_extreme|soc_full|ewh_hot|dish3|wash3|dry3,0,1,1.0
clothes_dryer_start,weekend|h12|occ0|evhome0|Tin_warm|Tout_hot|soc_target|ewh_hot|dish3|wash3|dry3,0,1,1.0
clothes_dryer_start,weekend|h13|occ1|evhome1|Tin_warm|Tout_hot|soc_target|ewh_normal|dish3|wash3|dry3,0,1,1.0
clothes_dryer_start,weekend|h13|occ1|evhome1|Tin_warm|Tout_extreme|soc_target|ewh_normal|dish3|wash3|dry3,0,1,1.0
clothes_dryer_start,weekend|h13|occ1|evhome1|Tin_warm|Tout_extreme|soc_full|ewh_hot|dish3|wash3|dry3,0,2,1.0
clothes_dryer_start,weekend|h13|occ1|evhome1|Tin_warm|Tout_extreme|soc_full|ewh_normal|dish3|wash3|dry3,0,8,1.0
clothes_dryer_start,weekend|h14|occ1|evhome1|Tin_warm|Tout_extreme|soc_full|ewh_hot|dish3|wash3|dry3,0,2,1.0
clothes_dryer_start,weekend|h17|occ1|evhome1|Tin_hot|Tout_extreme|soc_full|ewh_normal|dish3|wash3|dry3,0,4,1.0
clothes_dryer_start,weekend|h18|occ1|evhome1|Tin_hot|Tout_extreme|soc_full|ewh_normal|dish3|wash3|dry3,0,10,1.0
clothes_dryer_start,weekend|h18|occ1|evhome1|Tin_hot|Tout_extreme|soc_full|ewh_hot|dish3|wash3|dry3,0,2,1.0
clothes_dryer_start,weekend|h19|occ1|evhome1|Tin_hot|Tout_extreme|soc_full|ewh_normal|dish3|wash3|dry3,0,10,1.0
clothes_dryer_start,weekend|h19|occ1|evhome1|Tin_hot|Tout_extreme|soc_full|ewh_hot|dish3|wash3|dry3,0,2,1.0
clothes_dryer_start,weekend|h20|occ1|evhome1|Tin_hot|Tout_extreme|soc_full|ewh_hot|dish3|wash3|dry3,0,12,1.0
clothes_dryer_start,weekend|h21|occ1|evhome1|Tin_hot|Tout_extreme|soc_full|ewh_hot|dish3|wash3|dry3,0,6,1.0
clothes_dryer_start,weekend|h21|occ1|evhome1|Tin_hot|Tout_extreme|soc_full|ewh_low|dish3|wash3|dry3,0,1,1.0
clothes_dryer_start,weekend|h21|occ1|evhome1|Tin_hot|Tout_extreme|soc_full|ewh_normal|dish3|wash3|dry3,0,5,1.0
clothes_dryer_start,weekend|h22|occ1|evhome1|Tin_hot|Tout_extreme|soc_full|ewh_hot|dish3|wash3|dry3,0,12,1.0
clothes_dryer_start,weekend|h23|occ1|evhome1|Tin_hot|Tout_extreme|soc_full|ewh_normal|dish3|wash3|dry3,0,5,1.0
clothes_dryer_start,weekend|h01|occ0|evhome1|Tin_warm|Tout_extreme|soc_full|ewh_hot|dish3|wash3|dry3,0,1,1.0
clothes_dryer_start,weekend|h02|occ0|evhome1|Tin_warm|Tout_extreme|soc_full|ewh_normal|dish3|wash3|dry3,0,5,1.0
clothes_dryer_start,weekend|h02|occ0|evhome1|Tin_warm|Tout_extreme|soc_full|ewh_hot|dish3|wash3|dry3,0,1,1.0
clothes_dryer_start,weekend|h03|occ0|evhome1|Tin_warm|Tout_extreme|soc_full|ewh_normal|dish3|wash3|dry3,0,2,1.0
clothes_dryer_start,weekend|h12|occ1|evhome1|Tin_warm|Tout_extreme|soc_full|ewh_normal|dish3|wash3|dry3,0,1,1.0
