persona_id,household_id,method,city,days,start_date,memory_sample_id,memory_source_event_id,memory_source_day,price_csv,vpp_start_hour,vpp_duration_hours,vpp_events_json,status,return_code,elapsed_s,output_dir,log_file,run_summary_path,exit_code,energy_kwh,energy_kwh_per_day,day_ahead_total_cost_eur,day_ahead_weighted_price_eur_per_kwh,day_ahead_price_unit,day_ahead_price_source,vpp_window_energy_kwh,vpp_window_energy_avg_per_hour_kwh,vpp_demand_achievement_ratio,vpp_appliance_avoidance_success_rate,user_pref_score,appliance_task_completion_rate,physical_appliance_task_completion_rate,policy_output_covered_appliance_services,policy_output_uncovered_appliance_services,policy_output_absent_appliance_services
household_s1_dual_commuter_standard,household_s1_dual_commuter_standard,rule_milp,Germany,1,2025-07-05,d05_hist_d05_1,hist_d05_1,5,/home/hku_user3/EnergyBridge_rl_dr_memory_202607/experiments/real_data/germany_2025_price.csv,16.0,1.0,/home/hku_user3/EnergyBridge_rl_dr_memory_202607/benchmark_results/2026-07-22_rule_milp_dr_memory_daily_july/_batch_logs/daily_event_configs/d05_hist_d05_1.json,skipped_done,0,0.0,/home/hku_user3/EnergyBridge_rl_dr_memory_202607/benchmark_results/2026-07-22_rule_milp_dr_memory_daily_july/household_s1_dual_commuter_standard_rule_milp_germany_d05_hist_d05_1_2025-07-05_1day,/home/hku_user3/EnergyBridge_rl_dr_memory_202607/benchmark_results/2026-07-22_rule_milp_dr_memory_daily_july/_batch_logs/daily_dr_memory_germany_1day/household_s1_dual_commuter_standard_rule_milp_germany_d05_hist_d05_1_2025-07-05_1day.log,/home/hku_user3/EnergyBridge_rl_dr_memory_202607/benchmark_results/2026-07-22_rule_milp_dr_memory_daily_july/household_s1_dual_commuter_standard_rule_milp_germany_d05_hist_d05_1_2025-07-05_1day/run_summary.txt,0,75.930449,75.930449,11.619328,0.061918,EUR/kWh,/home/hku_user3/EnergyBridge_rl_dr_memory_202607/experiments/real_data/germany_2025_price.csv,5.6772,5.6772,0.0,0.0,1.962,1.0,1.0,"['dishwasher', 'dryer', 'ev', 'washer', 'water_heater']",[],[]
household_s5_shared_roommates_irregular,household_s5_shared_roommates_irregular,no_dr,Germany,1,2025-07-03,d03_hist_d03_1,hist_d03_1,3,/home/hku_user3/EnergyBridge_rl_dr_memory_202607/experiments/real_data/germany_2025_price.csv,16.0,1.0,/home/hku_user3/EnergyBridge_rl_dr_memory_202607/benchmark_results/2026-07-22_rule_milp_dr_memory_daily_july/_batch_logs/daily_event_configs/d03_hist_d03_1.json,skipped_done,0,0.0,/home/hku_user3/EnergyBridge_rl_dr_memory_202607/benchmark_results/2026-07-22_rule_milp_dr_memory_daily_july/household_s5_shared_roommates_irregular_no_dr_germany_d03_hist_d03_1_2025-07-03_1day,/home/hku_user3/EnergyBridge_rl_dr_memory_202607/benchmark_results/2026-07-22_rule_milp_dr_memory_daily_july/_batch_logs/daily_dr_memory_germany_1day/household_s5_shared_roommates_irregular_no_dr_germany_d03_hist_d03_1_2025-07-03_1day.log,/home/hku_user3/EnergyBridge_rl_dr_memory_202607/benchmark_results/2026-07-22_rule_milp_dr_memory_daily_july/household_s5_shared_roommates_irregular_no_dr_germany_d03_hist_d03_1_2025-07-03_1day/run_summary.txt,0,63.481176,63.481176,17.770286,0.096812,EUR/kWh,/home/hku_user3/EnergyBridge_rl_dr_memory_202607/experiments/real_data/germany_2025_price.csv,7.0733,7.0733,1.0,1.0,,0.0,0.8,[],"['dishwasher', 'dryer', 'ev', 'washer', 'water_heater']",[]
household_s4_ev_commuter_flexible,household_s4_ev_commuter_flexible,no_dr,Germany,1,2025-07-04,d04_hist_d04_1,hist_d04_1,4,/home/hku_user3/EnergyBridge_rl_dr_memory_202607/experiments/real_data/germany_2025_price.csv,16.0,1.0,/home/hku_user3/EnergyBridge_rl_dr_memory_202607/benchmark_results/2026-07-22_rule_milp_dr_memory_daily_july/_batch_logs/daily_event_configs/d04_hist_d04_1.json,skipped_done,0,0.0,/home/hku_user3/EnergyBridge_rl_dr_memory_202607/benchmark_results/2026-07-22_rule_milp_dr_memory_daily_july/household_s4_ev_commuter_flexible_no_dr_germany_d04_hist_d04_1_2025-07-04_1day,/home/hku_user3/EnergyBridge_rl_dr_memory_202607/benchmark_results/2026-07-22_rule_milp_dr_memory_daily_july/_batch_logs/daily_dr_memory_germany_1day/household_s4_ev_commuter_flexible_no_dr_germany_d04_hist_d04_1_2025-07-04_1day.log,/home/hku_user3/EnergyBridge_rl_dr_memory_202607/benchmark_results/2026-07-22_rule_milp_dr_memory_daily_july/household_s4_ev_commuter_flexible_no_dr_germany_d04_hist_d04_1_2025-07-04_1day/run_summary.txt,0,67.23579,67.23579,18.090452,0.090325,EUR/kWh,/home/hku_user3/EnergyBridge_rl_dr_memory_202607/experiments/real_data/germany_2025_price.csv,6.9551,6.9551,1.0,1.0,,0.0,1.0,[],"['dishwasher', 'dryer', 'ev', 'washer', 'water_heater']",[]
household_s4_ev_commuter_flexible,household_s4_ev_commuter_flexible,no_dr,Tianjin,1,2025-07-05,d05_hist_d05_1,hist_d05_1,5,/home/hku_user3/EnergyBridge_rl_dr_memory_202607/experiments/real_data/tianjin_tou_price_normalized.csv,16.0,1.0,/home/hku_user3/EnergyBridge_rl_dr_memory_202607/benchmark_results/2026-07-22_rule_milp_dr_memory_daily_july/_batch_logs/daily_event_configs/d05_hist_d05_1.json,skipped_done,0,0.0,/home/hku_user3/EnergyBridge_rl_dr_memory_202607/benchmark_results/2026-07-22_rule_milp_dr_memory_daily_july/household_s4_ev_commuter_flexible_no_dr_tianjin_d05_hist_d05_1_2025-07-05_1day,/home/hku_user3/EnergyBridge_rl_dr_memory_202607/benchmark_results/2026-07-22_rule_milp_dr_memory_daily_july/_batch_logs/daily_dr_memory_tianjin_1day/household_s4_ev_commuter_flexible_no_dr_tianjin_d05_hist_d05_1_2025-07-05_1day.log,/home/hku_user3/EnergyBridge_rl_dr_memory_202607/benchmark_results/2026-07-22_rule_milp_dr_memory_daily_july/household_s4_ev_commuter_flexible_no_dr_tianjin_d05_hist_d05_1_2025-07-05_1day/run_summary.txt,0,87.304583,87.304583,78.647577,1.154311,normalized TOU cost/kWh,/home/hku_user3/EnergyBridge_rl_dr_memory_202607/experiments/real_data/tianjin_tou_price_normalized.csv,1.5891,1.5891,1.0,1.0,,0.0,1.0,[],"['dishwasher', 'dryer', 'ev', 'washer', 'water_heater']",[]
household_s3_hybrid_work_from_home,household_s3_hybrid_work_from_home,rule_milp,Germany,1,2025-07-06,d06_hist_d06_1,hist_d06_1,6,/home/hku_user3/EnergyBridge_rl_dr_memory_202607/experiments/real_data/germany_2025_price.csv,18.0,1.0,/home/hku_user3/EnergyBridge_rl_dr_memory_202607/benchmark_results/2026-07-22_rule_milp_dr_memory_daily_july/_batch_logs/daily_event_configs/d06_hist_d06_1.json,skipped_done,0,0.0,/home/hku_user3/EnergyBridge_rl_dr_memory_202607/benchmark_results/2026-07-22_rule_milp_dr_memory_daily_july/household_s3_hybrid_work_from_home_rule_milp_germany_d06_hist_d06_1_2025-07-06_1day,/home/hku_user3/EnergyBridge_rl_dr_memory_202607/benchmark_results/2026-07-22_rule_milp_dr_memory_daily_july/_batch_logs/daily_dr_memory_germany_1day/household_s3_hybrid_work_from_home_rule_milp_germany_d06_hist_d06_1_2025-07-06_1day.log,/home/hku_user3/EnergyBridge_rl_dr_memory_202607/benchmark_results/2026-07-22_rule_milp_dr_memory_daily_july/household_s3_hybrid_work_from_home_rule_milp_germany_d06_hist_d06_1_2025-07-06_1day/run_summary.txt,0,47.597533,47.597533,13.36139,0.077128,EUR/kWh,/home/hku_user3/EnergyBridge_rl_dr_memory_202607/experiments/real_data/germany_2025_price.csv,6.3257,6.3257,0.0,0.0,1.983,1.0,1.0,"['dishwasher', 'dryer', 'ev', 'washer', 'water_heater']",[],[]
household_s4_ev_commuter_flexible,household_s4_ev_commuter_flexible,rule_milp,Tianjin,1,2025-07-05,d05_hist_d05_1,hist_d05_1,5,/home/hku_user3/EnergyBridge_rl_dr_memory_202607/experiments/real_data/tianjin_tou_price_normalized.csv,16.0,1.0,/home/hku_user3/EnergyBridge_rl_dr_memory_202607/benchmark_results/2026-07-22_rule_milp_dr_memory_daily_july/_batch_logs/daily_event_configs/d05_hist_d05_1.json,skipped_done,0,0.0,/home/hku_user3/EnergyBridge_rl_dr_memory_202607/benchmark_results/2026-07-22_rule_milp_dr_memory_daily_july/household_s4_ev_commuter_flexible_rule_milp_tianjin_d05_hist_d05_1_2025-07-05_1day,/home/hku_user3/EnergyBridge_rl_dr_memory_202607/benchmark_results/2026-07-22_rule_milp_dr_memory_daily_july/_batch_logs/daily_dr_memory_tianjin_1day/household_s4_ev_commuter_flexible_rule_milp_tianjin_d05_hist_d05_1_2025-07-05_1day.log,/home/hku_user3/EnergyBridge_rl_dr_memory_202607/benchmark_results/2026-07-22_rule_milp_dr_memory_daily_july/household_s4_ev_commuter_flexible_rule_milp_tianjin_d05_hist_d05_1_2025-07-05_1day/run_summary.txt,0,85.329118,85.329118,66.437067,1.142511,normalized TOU cost/kWh,/home/hku_user3/EnergyBridge_rl_dr_memory_202607/experiments/real_data/tianjin_tou_price_normalized.csv,0.8649,0.8649,0.0,0.0,2.0,1.0,1.0,"['dishwasher', 'dryer', 'ev', 'washer', 'water_heater']",[],[]
household_s3_hybrid_work_from_home,household_s3_hybrid_work_from_home,rule_milp,Tianjin,1,2025-07-05,d05_hist_d05_1,hist_d05_1,5,/home/hku_user3/EnergyBridge_rl_dr_memory_202607/experiments/real_data/tianjin_tou_price_normalized.csv,16.0,1.0,/home/hku_user3/EnergyBridge_rl_dr_memory_202607/benchmark_results/2026-07-22_rule_milp_dr_memory_daily_july/_batch_logs/daily_event_configs/d05_hist_d05_1.json,skipped_done,0,0.0,/home/hku_user3/EnergyBridge_rl_dr_memory_202607/benchmark_results/2026-07-22_rule_milp_dr_memory_daily_july/household_s3_hybrid_work_from_home_rule_milp_tianjin_d05_hist_d05_1_2025-07-05_1day,/home/hku_user3/EnergyBridge_rl_dr_memory_202607/benchmark_results/2026-07-22_rule_milp_dr_memory_daily_july/_batch_logs/daily_dr_memory_tianjin_1day/household_s3_hybrid_work_from_home_rule_milp_tianjin_d05_hist_d05_1_2025-07-05_1day.log,/home/hku_user3/EnergyBridge_rl_dr_memory_202607/benchmark_results/2026-07-22_rule_milp_dr_memory_daily_july/household_s3_hybrid_work_from_home_rule_milp_tianjin_d05_hist_d05_1_2025-07-05_1day/run_summary.txt,0,82.311416,82.311416,65.0499,1.162618,normalized TOU cost/kWh,/home/hku_user3/EnergyBridge_rl_dr_memory_202607/experiments/real_data/tianjin_tou_price_normalized.csv,2.4274,2.4274,0.0,0.0,1.983,1.0,1.0,"['dishwasher', 'dryer', 'ev', 'washer', 'water_heater']",[],[]
household_s4_ev_commuter_flexible,household_s4_ev_commuter_flexible,no_dr,Germany,1,2025-07-01,d01_hist_d01_1,hist_d01_1,1,/home/hku_user3/EnergyBridge_rl_dr_memory_202607/experiments/real_data/germany_2025_price.csv,18.0,1.0,/home/hku_user3/EnergyBridge_rl_dr_memory_202607/benchmark_results/2026-07-22_rule_milp_dr_memory_daily_july/_batch_logs/daily_event_configs/d01_hist_d01_1.json,skipped_done,0,0.0,/home/hku_user3/EnergyBridge_rl_dr_memory_202607/benchmark_results/2026-07-22_rule_milp_dr_memory_daily_july/household_s4_ev_commuter_flexible_no_dr_germany_d01_hist_d01_1_2025-07-01_1day,/home/hku_user3/EnergyBridge_rl_dr_memory_202607/benchmark_results/2026-07-22_rule_milp_dr_memory_daily_july/_batch_logs/daily_dr_memory_germany_1day/household_s4_ev_commuter_flexible_no_dr_germany_d01_hist_d01_1_2025-07-01_1day.log,/home/hku_user3/EnergyBridge_rl_dr_memory_202607/benchmark_results/2026-07-22_rule_milp_dr_memory_daily_july/household_s4_ev_commuter_flexible_no_dr_germany_d01_hist_d01_1_2025-07-01_1day/run_summary.txt,0,84.003906,84.003906,30.035655,0.147323,EUR/kWh,/home/hku_user3/EnergyBridge_rl_dr_memory_202607/experiments/real_data/germany_2025_price.csv,11.2228,11.2228,1.0,1.0,,0.0,1.0,[],"['dishwasher', 'dryer', 'ev', 'washer', 'water_heater']",[]
household_s3_hybrid_work_from_home,household_s3_hybrid_work_from_home,no_dr,Tianjin,1,2025-07-05,d05_hist_d05_1,hist_d05_1,5,/home/hku_user3/EnergyBridge_rl_dr_memory_202607/experiments/real_data/tianjin_tou_price_normalized.csv,16.0,1.0,/home/hku_user3/EnergyBridge_rl_dr_memory_202607/benchmark_results/2026-07-22_rule_milp_dr_memory_daily_july/_batch_logs/daily_event_configs/d05_hist_d05_1.json,skipped_done,0,0.0,/home/hku_user3/EnergyBridge_rl_dr_memory_202607/benchmark_results/2026-07-22_rule_milp_dr_memory_daily_july/household_s3_hybrid_work_from_home_no_dr_tianjin_d05_hist_d05_1_2025-07-05_1day,/home/hku_user3/EnergyBridge_rl_dr_memory_202607/benchmark_results/2026-07-22_rule_milp_dr_memory_daily_july/_batch_logs/daily_dr_memory_tianjin_1day/household_s3_hybrid_work_from_home_no_dr_tianjin_d05_hist_d05_1_2025-07-05_1day.log,/home/hku_user3/EnergyBridge_rl_dr_memory_202607/benchmark_results/2026-07-22_rule_milp_dr_memory_daily_july/household_s3_hybrid_work_from_home_no_dr_tianjin_d05_hist_d05_1_2025-07-05_1day/run_summary.txt,0,79.686071,79.686071,71.441097,1.160549,normalized TOU cost/kWh,/home/hku_user3/EnergyBridge_rl_dr_memory_202607/experiments/real_data/tianjin_tou_price_normalized.csv,1.6939,1.6939,1.0,1.0,,0.0,0.8,[],"['dishwasher', 'dryer', 'ev', 'washer', 'water_heater']",[]
household_s1_dual_commuter_standard,household_s1_dual_commuter_standard,rule_milp,Tianjin,1,2025-07-01,d01_hist_d01_1,hist_d01_1,1,/home/hku_user3/EnergyBridge_rl_dr_memory_202607/experiments/real_data/tianjin_tou_price_normalized.csv,18.0,1.0,/home/hku_user3/EnergyBridge_rl_dr_memory_202607/benchmark_results/2026-07-22_rule_milp_dr_memory_daily_july/_batch_logs/daily_event_configs/d01_hist_d01_1.json,skipped_done,0,0.0,/home/hku_user3/EnergyBridge_rl_dr_memory_202607/benchmark_results/2026-07-22_rule_milp_dr_memory_daily_july/household_s1_dual_commuter_standard_rule_milp_tianjin_d01_hist_d01_1_2025-07-01_1day,/home/hku_user3/EnergyBridge_rl_dr_memory_202607/benchmark_results/2026-07-22_rule_milp_dr_memory_daily_july/_batch_logs/daily_dr_memory_tianjin_1day/household_s1_dual_commuter_standard_rule_milp_tianjin_d01_hist_d01_1_2025-07-01_1day.log,/home/hku_user3/EnergyBridge_rl_dr_memory_202607/benchmark_results/2026-07-22_rule_milp_dr_memory_daily_july/household_s1_dual_commuter_standard_rule_milp_tianjin_d01_hist_d01_1_2025-07-01_1day/run_summary.txt,0,84.349618,84.349618,67.553055,1.159368,normalized TOU cost/kWh,/home/hku_user3/EnergyBridge_rl_dr_memory_202607/experiments/real_data/tianjin_tou_price_normalized.csv,2.8235,2.8235,0.0,0.0,1.962,1.0,1.0,"['dishwasher', 'dryer', 'ev', 'washer', 'water_heater']",[],[]
household_s4_ev_commuter_flexible,household_s4_ev_commuter_flexible,no_dr,Germany,1,2025-07-03,d03_hist_d03_1,hist_d03_1,3,/home/hku_user3/EnergyBridge_rl_dr_memory_202607/experiments/real_data/germany_2025_price.csv,16.0,1.0,/home/hku_user3/EnergyBridge_rl_dr_memory_202607/benchmark_results/2026-07-22_rule_milp_dr_memory_daily_july/_batch_logs/daily_event_configs/d03_hist_d03_1.json,skipped_done,0,0.0,/home/hku_user3/EnergyBridge_rl_dr_memory_202607/benchmark_results/2026-07-22_rule_milp_dr_memory_daily_july/household_s4_ev_commuter_flexible_no_dr_germany_d03_hist_d03_1_2025-07-03_1day,/home/hku_user3/EnergyBridge_rl_dr_memory_202607/benchmark_results/2026-07-22_rule_milp_dr_memory_daily_july/_batch_logs/daily_dr_memory_germany_1day/household_s4_ev_commuter_flexible_no_dr_germany_d03_hist_d03_1_2025-07-03_1day.log,/home/hku_user3/EnergyBridge_rl_dr_memory_202607/benchmark_results/2026-07-22_rule_milp_dr_memory_daily_july/household_s4_ev_commuter_flexible_no_dr_germany_d03_hist_d03_1_2025-07-03_1day/run_summary.txt,0,69.886973,69.886973,18.294905,0.097201,EUR/kWh,/home/hku_user3/EnergyBridge_rl_dr_memory_202607/experiments/real_data/germany_2025_price.csv,7.0733,7.0733,1.0,1.0,,0.0,1.0,[],"['dishwasher', 'dryer', 'ev', 'washer', 'water_heater']",[]
household_s4_ev_commuter_flexible,household_s4_ev_commuter_flexible,no_dr,Germany,1,2025-07-06,d06_hist_d06_1,hist_d06_1,6,/home/hku_user3/EnergyBridge_rl_dr_memory_202607/experiments/real_data/germany_2025_price.csv,18.0,1.0,/home/hku_user3/EnergyBridge_rl_dr_memory_202607/benchmark_results/2026-07-22_rule_milp_dr_memory_daily_july/_batch_logs/daily_event_configs/d06_hist_d06_1.json,skipped_done,0,0.0,/home/hku_user3/EnergyBridge_rl_dr_memory_202607/benchmark_results/2026-07-22_rule_milp_dr_memory_daily_july/household_s4_ev_commuter_flexible_no_dr_germany_d06_hist_d06_1_2025-07-06_1day,/home/hku_user3/EnergyBridge_rl_dr_memory_202607/benchmark_results/2026-07-22_rule_milp_dr_memory_daily_july/_batch_logs/daily_dr_memory_germany_1day/household_s4_ev_commuter_flexible_no_dr_germany_d06_hist_d06_1_2025-07-06_1day.log,/home/hku_user3/EnergyBridge_rl_dr_memory_202607/benchmark_results/2026-07-22_rule_milp_dr_memory_daily_july/household_s4_ev_commuter_flexible_no_dr_germany_d06_hist_d06_1_2025-07-06_1day/run_summary.txt,0,54.147631,54.147631,14.211201,0.079403,EUR/kWh,/home/hku_user3/EnergyBridge_rl_dr_memory_202607/experiments/real_data/germany_2025_price.csv,9.698,9.698,1.0,1.0,,0.0,1.0,[],"['dishwasher', 'dryer', 'ev', 'washer', 'water_heater']",[]
household_s2_multigeneration_caregiver,household_s2_multigeneration_caregiver,rule_milp,Tianjin,1,2025-07-02,d02_hist_d02_1,hist_d02_1,2,/home/hku_user3/EnergyBridge_rl_dr_memory_202607/experiments/real_data/tianjin_tou_price_normalized.csv,19.0,1.0,/home/hku_user3/EnergyBridge_rl_dr_memory_202607/benchmark_results/2026-07-22_rule_milp_dr_memory_daily_july/_batch_logs/daily_event_configs/d02_hist_d02_1.json,skipped_done,0,0.0,/home/hku_user3/EnergyBridge_rl_dr_memory_202607/benchmark_results/2026-07-22_rule_milp_dr_memory_daily_july/household_s2_multigeneration_caregiver_rule_milp_tianjin_d02_hist_d02_1_2025-07-02_1day,/home/hku_user3/EnergyBridge_rl_dr_memory_202607/benchmark_results/2026-07-22_rule_milp_dr_memory_daily_july/_batch_logs/daily_dr_memory_tianjin_1day/household_s2_multigeneration_caregiver_rule_milp_tianjin_d02_hist_d02_1_2025-07-02_1day.log,/home/hku_user3/EnergyBridge_rl_dr_memory_202607/benchmark_results/2026-07-22_rule_milp_dr_memory_daily_july/household_s2_multigeneration_caregiver_rule_milp_tianjin_d02_hist_d02_1_2025-07-02_1day/run_summary.txt,0,61.564733,61.564733,61.646387,1.171889,normalized TOU cost/kWh,/home/hku_user3/EnergyBridge_rl_dr_memory_202607/experiments/real_data/tianjin_tou_price_normalized.csv,2.7279,2.7279,0.0,0.0,1.9,1.0,1.0,"['dishwasher', 'dryer', 'ev', 'washer', 'water_heater']",[],[]
household_s1_dual_commuter_standard,household_s1_dual_commuter_standard,no_dr,Germany,1,2025-07-04,d04_hist_d04_1,hist_d04_1,4,/home/hku_user3/EnergyBridge_rl_dr_memory_202607/experiments/real_data/germany_2025_price.csv,16.0,1.0,/home/hku_user3/EnergyBridge_rl_dr_memory_202607/benchmark_results/2026-07-22_rule_milp_dr_memory_daily_july/_batch_logs/daily_event_configs/d04_hist_d04_1.json,skipped_done,0,0.0,/home/hku_user3/EnergyBridge_rl_dr_memory_202607/benchmark_results/2026-07-22_rule_milp_dr_memory_daily_july/household_s1_dual_commuter_standard_no_dr_germany_d04_hist_d04_1_2025-07-04_1day,/home/hku_user3/EnergyBridge_rl_dr_memory_202607/benchmark_results/2026-07-22_rule_milp_dr_memory_daily_july/_batch_logs/daily_dr_memory_germany_1day/household_s1_dual_commuter_standard_no_dr_germany_d04_hist_d04_1_2025-07-04_1day.log,/home/hku_user3/EnergyBridge_rl_dr_memory_202607/benchmark_results/2026-07-22_rule_milp_dr_memory_daily_july/household_s1_dual_commuter_standard_no_dr_germany_d04_hist_d04_1_2025-07-04_1day/run_summary.txt,0,63.15463,63.15463,17.662583,0.090023,EUR/kWh,/home/hku_user3/EnergyBridge_rl_dr_memory_202607/experiments/real_data/germany_2025_price.csv,6.9551,6.9551,1.0,1.0,,0.0,1.0,[],"['dishwasher', 'dryer', 'ev', 'washer', 'water_heater']",[]
household_s5_shared_roommates_irregular,household_s5_shared_roommates_irregular,no_dr,Tianjin,1,2025-07-05,d05_hist_d05_1,hist_d05_1,5,/home/hku_user3/EnergyBridge_rl_dr_memory_202607/experiments/real_data/tianjin_tou_price_normalized.csv,16.0,1.0,/home/hku_user3/EnergyBridge_rl_dr_memory_202607/benchmark_results/2026-07-22_rule_milp_dr_memory_daily_july/_batch_logs/daily_event_configs/d05_hist_d05_1.json,skipped_done,0,0.0,/home/hku_user3/EnergyBridge_rl_dr_memory_202607/benchmark_results/2026-07-22_rule_milp_dr_memory_daily_july/household_s5_shared_roommates_irregular_no_dr_tianjin_d05_hist_d05_1_2025-07-05_1day,/home/hku_user3/EnergyBridge_rl_dr_memory_202607/benchmark_results/2026-07-22_rule_milp_dr_memory_daily_july/_batch_logs/daily_dr_memory_tianjin_1day/household_s5_shared_roommates_irregular_no_dr_tianjin_d05_hist_d05_1_2025-07-05_1day.log,/home/hku_user3/EnergyBridge_rl_dr_memory_202607/benchmark_results/2026-07-22_rule_milp_dr_memory_daily_july/household_s5_shared_roommates_irregular_no_dr_tianjin_d05_hist_d05_1_2025-07-05_1day/run_summary.txt,0,79.243713,79.243713,70.992504,1.159258,normalized TOU cost/kWh,/home/hku_user3/EnergyBridge_rl_dr_memory_202607/experiments/real_data/tianjin_tou_price_normalized.csv,1.5891,1.5891,1.0,1.0,,0.0,0.8,[],"['dishwasher', 'dryer', 'ev', 'washer', 'water_heater']",[]
household_s4_ev_commuter_flexible,household_s4_ev_commuter_flexible,rule_milp,Germany,1,2025-07-03,d03_hist_d03_1,hist_d03_1,3,/home/hku_user3/EnergyBridge_rl_dr_memory_202607/experiments/real_data/germany_2025_price.csv,16.0,1.0,/home/hku_user3/EnergyBridge_rl_dr_memory_202607/benchmark_results/2026-07-22_rule_milp_dr_memory_daily_july/_batch_logs/daily_event_configs/d03_hist_d03_1.json,skipped_done,0,0.0,/home/hku_user3/EnergyBridge_rl_dr_memory_202607/benchmark_results/2026-07-22_rule_milp_dr_memory_daily_july/household_s4_ev_commuter_flexible_rule_milp_germany_d03_hist_d03_1_2025-07-03_1day,/home/hku_user3/EnergyBridge_rl_dr_memory_202607/benchmark_results/2026-07-22_rule_milp_dr_memory_daily_july/_batch_logs/daily_dr_memory_germany_1day/household_s4_ev_commuter_flexible_rule_milp_germany_d03_hist_d03_1_2025-07-03_1day.log,/home/hku_user3/EnergyBridge_rl_dr_memory_202607/benchmark_results/2026-07-22_rule_milp_dr_memory_daily_july/household_s4_ev_commuter_flexible_rule_milp_germany_d03_hist_d03_1_2025-07-03_1day/run_summary.txt,0,77.063643,77.063643,17.81827,0.096004,EUR/kWh,/home/hku_user3/EnergyBridge_rl_dr_memory_202607/experiments/real_data/germany_2025_price.csv,6.3042,6.3042,0.0,0.0,1.235,1.0,1.0,"['dishwasher', 'dryer', 'ev', 'washer', 'water_heater']",[],[]
household_s4_ev_commuter_flexible,household_s4_ev_commuter_flexible,no_dr,Tianjin,1,2025-07-02,d02_hist_d02_1,hist_d02_1,2,/home/hku_user3/EnergyBridge_rl_dr_memory_202607/experiments/real_data/tianjin_tou_price_normalized.csv,19.0,1.0,/home/hku_user3/EnergyBridge_rl_dr_memory_202607/benchmark_results/2026-07-22_rule_milp_dr_memory_daily_july/_batch_logs/daily_event_configs/d02_hist_d02_1.json,skipped_done,0,0.0,/home/hku_user3/EnergyBridge_rl_dr_memory_202607/benchmark_results/2026-07-22_rule_milp_dr_memory_daily_july/household_s4_ev_commuter_flexible_no_dr_tianjin_d02_hist_d02_1_2025-07-02_1day,/home/hku_user3/EnergyBridge_rl_dr_memory_202607/benchmark_results/2026-07-22_rule_milp_dr_memory_daily_july/_batch_logs/daily_dr_memory_tianjin_1day/household_s4_ev_commuter_flexible_no_dr_tianjin_d02_hist_d02_1_2025-07-02_1day.log,/home/hku_user3/EnergyBridge_rl_dr_memory_202607/benchmark_results/2026-07-22_rule_milp_dr_memory_daily_july/household_s4_ev_commuter_flexible_no_dr_tianjin_d02_hist_d02_1_2025-07-02_1day/run_summary.txt,0,67.78239,67.78239,74.47681,1.142301,normalized TOU cost/kWh,/home/hku_user3/EnergyBridge_rl_dr_memory_202607/experiments/real_data/tianjin_tou_price_normalized.csv,8.6035,8.6035,1.0,1.0,,0.0,0.8,[],"['dishwasher', 'dryer', 'ev', 'washer', 'water_heater']",[]
household_s3_hybrid_work_from_home,household_s3_hybrid_work_from_home,no_dr,Germany,1,2025-07-04,d04_hist_d04_1,hist_d04_1,4,/home/hku_user3/EnergyBridge_rl_dr_memory_202607/experiments/real_data/germany_2025_price.csv,16.0,1.0,/home/hku_user3/EnergyBridge_rl_dr_memory_202607/benchmark_results/2026-07-22_rule_milp_dr_memory_daily_july/_batch_logs/daily_event_configs/d04_hist_d04_1.json,skipped_done,0,0.0,/home/hku_user3/EnergyBridge_rl_dr_memory_202607/benchmark_results/2026-07-22_rule_milp_dr_memory_daily_july/household_s3_hybrid_work_from_home_no_dr_germany_d04_hist_d04_1_2025-07-04_1day,/home/hku_user3/EnergyBridge_rl_dr_memory_202607/benchmark_results/2026-07-22_rule_milp_dr_memory_daily_july/_batch_logs/daily_dr_memory_germany_1day/household_s3_hybrid_work_from_home_no_dr_germany_d04_hist_d04_1_2025-07-04_1day.log,/home/hku_user3/EnergyBridge_rl_dr_memory_202607/benchmark_results/2026-07-22_rule_milp_dr_memory_daily_july/household_s3_hybrid_work_from_home_no_dr_germany_d04_hist_d04_1_2025-07-04_1day/run_summary.txt,0,59.30381,59.30381,17.227297,0.089758,EUR/kWh,/home/hku_user3/EnergyBridge_rl_dr_memory_202607/experiments/real_data/germany_2025_price.csv,6.8842,6.8842,1.0,1.0,,0.0,0.8,[],"['dishwasher', 'dryer', 'ev', 'washer', 'water_heater']",[]
household_s3_hybrid_work_from_home,household_s3_hybrid_work_from_home,rule_milp,Germany,1,2025-07-03,d03_hist_d03_1,hist_d03_1,3,/home/hku_user3/EnergyBridge_rl_dr_memory_202607/experiments/real_data/germany_2025_price.csv,16.0,1.0,/home/hku_user3/EnergyBridge_rl_dr_memory_202607/benchmark_results/2026-07-22_rule_milp_dr_memory_daily_july/_batch_logs/daily_event_configs/d03_hist_d03_1.json,skipped_done,0,0.0,/home/hku_user3/EnergyBridge_rl_dr_memory_202607/benchmark_results/2026-07-22_rule_milp_dr_memory_daily_july/household_s3_hybrid_work_from_home_rule_milp_germany_d03_hist_d03_1_2025-07-03_1day,/home/hku_user3/EnergyBridge_rl_dr_memory_202607/benchmark_results/2026-07-22_rule_milp_dr_memory_daily_july/_batch_logs/daily_dr_memory_germany_1day/household_s3_hybrid_work_from_home_rule_milp_germany_d03_hist_d03_1_2025-07-03_1day.log,/home/hku_user3/EnergyBridge_rl_dr_memory_202607/benchmark_results/2026-07-22_rule_milp_dr_memory_daily_july/household_s3_hybrid_work_from_home_rule_milp_germany_d03_hist_d03_1_2025-07-03_1day/run_summary.txt,0,70.097041,70.097041,17.449637,0.095058,EUR/kWh,/home/hku_user3/EnergyBridge_rl_dr_memory_202607/experiments/real_data/germany_2025_price.csv,6.6792,6.6792,0.0,0.0,1.883,1.0,1.0,"['dishwasher', 'dryer', 'ev', 'washer', 'water_heater']",[],[]
household_s3_hybrid_work_from_home,household_s3_hybrid_work_from_home,no_dr,Germany,1,2025-07-03,d03_hist_d03_1,hist_d03_1,3,/home/hku_user3/EnergyBridge_rl_dr_memory_202607/experiments/real_data/germany_2025_price.csv,16.0,1.0,/home/hku_user3/EnergyBridge_rl_dr_memory_202607/benchmark_results/2026-07-22_rule_milp_dr_memory_daily_july/_batch_logs/daily_event_configs/d03_hist_d03_1.json,skipped_done,0,0.0,/home/hku_user3/EnergyBridge_rl_dr_memory_202607/benchmark_results/2026-07-22_rule_milp_dr_memory_daily_july/household_s3_hybrid_work_from_home_no_dr_germany_d03_hist_d03_1_2025-07-03_1day,/home/hku_user3/EnergyBridge_rl_dr_memory_202607/benchmark_results/2026-07-22_rule_milp_dr_memory_daily_july/_batch_logs/daily_dr_memory_germany_1day/household_s3_hybrid_work_from_home_no_dr_germany_d03_hist_d03_1_2025-07-03_1day.log,/home/hku_user3/EnergyBridge_rl_dr_memory_202607/benchmark_results/2026-07-22_rule_milp_dr_memory_daily_july/household_s3_hybrid_work_from_home_no_dr_germany_d03_hist_d03_1_2025-07-03_1day/run_summary.txt,0,63.728704,63.728704,17.760015,0.096847,EUR/kWh,/home/hku_user3/EnergyBridge_rl_dr_memory_202607/experiments/real_data/germany_2025_price.csv,7.0141,7.0141,1.0,1.0,,0.0,0.8,[],"['dishwasher', 'dryer', 'ev', 'washer', 'water_heater']",[]
household_s5_shared_roommates_irregular,household_s5_shared_roommates_irregular,rule_milp,Germany,1,2025-07-03,d03_hist_d03_1,hist_d03_1,3,/home/hku_user3/EnergyBridge_rl_dr_memory_202607/experiments/real_data/germany_2025_price.csv,16.0,1.0,/home/hku_user3/EnergyBridge_rl_dr_memory_202607/benchmark_results/2026-07-22_rule_milp_dr_memory_daily_july/_batch_logs/daily_event_configs/d03_hist_d03_1.json,skipped_done,0,0.0,/home/hku_user3/EnergyBridge_rl_dr_memory_202607/benchmark_results/2026-07-22_rule_milp_dr_memory_daily_july/household_s5_shared_roommates_irregular_rule_milp_germany_d03_hist_d03_1_2025-07-03_1day,/home/hku_user3/EnergyBridge_rl_dr_memory_202607/benchmark_results/2026-07-22_rule_milp_dr_memory_daily_july/_batch_logs/daily_dr_memory_germany_1day/household_s5_shared_roommates_irregular_rule_milp_germany_d03_hist_d03_1_2025-07-03_1day.log,/home/hku_user3/EnergyBridge_rl_dr_memory_202607/benchmark_results/2026-07-22_rule_milp_dr_memory_daily_july/household_s5_shared_roommates_irregular_rule_milp_germany_d03_hist_d03_1_2025-07-03_1day/run_summary.txt,0,68.315817,68.315817,17.247039,0.09563,EUR/kWh,/home/hku_user3/EnergyBridge_rl_dr_memory_202607/experiments/real_data/germany_2025_price.csv,6.3042,6.3042,0.0,0.0,1.123,1.0,1.0,"['dishwasher', 'dryer', 'ev', 'washer', 'water_heater']",[],[]
household_s4_ev_commuter_flexible,household_s4_ev_commuter_flexible,rule_milp,Germany,1,2025-07-01,d01_hist_d01_1,hist_d01_1,1,/home/hku_user3/EnergyBridge_rl_dr_memory_202607/experiments/real_data/germany_2025_price.csv,18.0,1.0,/home/hku_user3/EnergyBridge_rl_dr_memory_202607/benchmark_results/2026-07-22_rule_milp_dr_memory_daily_july/_batch_logs/daily_event_configs/d01_hist_d01_1.json,skipped_done,0,0.0,/home/hku_user3/EnergyBridge_rl_dr_memory_202607/benchmark_results/2026-07-22_rule_milp_dr_memory_daily_july/household_s4_ev_commuter_flexible_rule_milp_germany_d01_hist_d01_1_2025-07-01_1day,/home/hku_user3/EnergyBridge_rl_dr_memory_202607/benchmark_results/2026-07-22_rule_milp_dr_memory_daily_july/_batch_logs/daily_dr_memory_germany_1day/household_s4_ev_commuter_flexible_rule_milp_germany_d01_hist_d01_1_2025-07-01_1day.log,/home/hku_user3/EnergyBridge_rl_dr_memory_202607/benchmark_results/2026-07-22_rule_milp_dr_memory_daily_july/household_s4_ev_commuter_flexible_rule_milp_germany_d01_hist_d01_1_2025-07-01_1day/run_summary.txt,0,92.28672,92.28672,28.112991,0.142474,EUR/kWh,/home/hku_user3/EnergyBridge_rl_dr_memory_202607/experiments/real_data/germany_2025_price.csv,8.0343,8.0343,0.0,0.0,2.0,1.0,1.0,"['dishwasher', 'dryer', 'ev', 'washer', 'water_heater']",[],[]
household_s2_multigeneration_caregiver,household_s2_multigeneration_caregiver,no_dr,Germany,1,2025-07-05,d05_hist_d05_1,hist_d05_1,5,/home/hku_user3/EnergyBridge_rl_dr_memory_202607/experiments/real_data/germany_2025_price.csv,16.0,1.0,/home/hku_user3/EnergyBridge_rl_dr_memory_202607/benchmark_results/2026-07-22_rule_milp_dr_memory_daily_july/_batch_logs/daily_event_configs/d05_hist_d05_1.json,skipped_done,0,0.0,/home/hku_user3/EnergyBridge_rl_dr_memory_202607/benchmark_results/2026-07-22_rule_milp_dr_memory_daily_july/household_s2_multigeneration_caregiver_no_dr_germany_d05_hist_d05_1_2025-07-05_1day,/home/hku_user3/EnergyBridge_rl_dr_memory_202607/benchmark_results/2026-07-22_rule_milp_dr_memory_daily_july/_batch_logs/daily_dr_memory_germany_1day/household_s2_multigeneration_caregiver_no_dr_germany_d05_hist_d05_1_2025-07-05_1day.log,/home/hku_user3/EnergyBridge_rl_dr_memory_202607/benchmark_results/2026-07-22_rule_milp_dr_memory_daily_july/household_s2_multigeneration_caregiver_no_dr_germany_d05_hist_d05_1_2025-07-05_1day/run_summary.txt,0,58.109507,58.109507,11.4229,0.061838,EUR/kWh,/home/hku_user3/EnergyBridge_rl_dr_memory_202607/experiments/real_data/germany_2025_price.csv,7.0903,7.0903,1.0,1.0,,0.0,0.8,[],"['dishwasher', 'dryer', 'ev', 'washer', 'water_heater']",[]
household_s5_shared_roommates_irregular,household_s5_shared_roommates_irregular,rule_milp,Tianjin,1,2025-07-01,d01_hist_d01_1,hist_d01_1,1,/home/hku_user3/EnergyBridge_rl_dr_memory_202607/experiments/real_data/tianjin_tou_price_normalized.csv,18.0,1.0,/home/hku_user3/EnergyBridge_rl_dr_memory_202607/benchmark_results/2026-07-22_rule_milp_dr_memory_daily_july/_batch_logs/daily_event_configs/d01_hist_d01_1.json,skipped_done,0,0.0,/home/hku_user3/EnergyBridge_rl_dr_memory_202607/benchmark_results/2026-07-22_rule_milp_dr_memory_daily_july/household_s5_shared_roommates_irregular_rule_milp_tianjin_d01_hist_d01_1_2025-07-01_1day,/home/hku_user3/EnergyBridge_rl_dr_memory_202607/benchmark_results/2026-07-22_rule_milp_dr_memory_daily_july/_batch_logs/daily_dr_memory_tianjin_1day/household_s5_shared_roommates_irregular_rule_milp_tianjin_d01_hist_d01_1_2025-07-01_1day.log,/home/hku_user3/EnergyBridge_rl_dr_memory_202607/benchmark_results/2026-07-22_rule_milp_dr_memory_daily_july/household_s5_shared_roommates_irregular_rule_milp_tianjin_d01_hist_d01_1_2025-07-01_1day/run_summary.txt,0,75.373342,75.373342,63.020481,1.171454,normalized TOU cost/kWh,/home/hku_user3/EnergyBridge_rl_dr_memory_202607/experiments/real_data/tianjin_tou_price_normalized.csv,2.6841,2.6841,0.0,0.0,1.962,1.0,1.0,"['dishwasher', 'dryer', 'ev', 'washer', 'water_heater']",[],[]
household_s5_shared_roommates_irregular,household_s5_shared_roommates_irregular,rule_milp,Tianjin,1,2025-07-05,d05_hist_d05_1,hist_d05_1,5,/home/hku_user3/EnergyBridge_rl_dr_memory_202607/experiments/real_data/tianjin_tou_price_normalized.csv,16.0,1.0,/home/hku_user3/EnergyBridge_rl_dr_memory_202607/benchmark_results/2026-07-22_rule_milp_dr_memory_daily_july/_batch_logs/daily_event_configs/d05_hist_d05_1.json,skipped_done,0,0.0,/home/hku_user3/EnergyBridge_rl_dr_memory_202607/benchmark_results/2026-07-22_rule_milp_dr_memory_daily_july/household_s5_shared_roommates_irregular_rule_milp_tianjin_d05_hist_d05_1_2025-07-05_1day,/home/hku_user3/EnergyBridge_rl_dr_memory_202607/benchmark_results/2026-07-22_rule_milp_dr_memory_daily_july/_batch_logs/daily_dr_memory_tianjin_1day/household_s5_shared_roommates_irregular_rule_milp_tianjin_d05_hist_d05_1_2025-07-05_1day.log,/home/hku_user3/EnergyBridge_rl_dr_memory_202607/benchmark_results/2026-07-22_rule_milp_dr_memory_daily_july/household_s5_shared_roommates_irregular_rule_milp_tianjin_d05_hist_d05_1_2025-07-05_1day/run_summary.txt,0,76.581292,76.581292,58.507212,1.15698,normalized TOU cost/kWh,/home/hku_user3/EnergyBridge_rl_dr_memory_202607/experiments/real_data/tianjin_tou_price_normalized.csv,0.8649,0.8649,0.0,0.0,1.863,1.0,1.0,"['dishwasher', 'dryer', 'ev', 'washer', 'water_heater']",[],[]
household_s1_dual_commuter_standard,household_s1_dual_commuter_standard,no_dr,Tianjin,1,2025-07-04,d04_hist_d04_1,hist_d04_1,4,/home/hku_user3/EnergyBridge_rl_dr_memory_202607/experiments/real_data/tianjin_tou_price_normalized.csv,16.0,1.0,/home/hku_user3/EnergyBridge_rl_dr_memory_202607/benchmark_results/2026-07-22_rule_milp_dr_memory_daily_july/_batch_logs/daily_event_configs/d04_hist_d04_1.json,skipped_done,0,0.0,/home/hku_user3/EnergyBridge_rl_dr_memory_202607/benchmark_results/2026-07-22_rule_milp_dr_memory_daily_july/household_s1_dual_commuter_standard_no_dr_tianjin_d04_hist_d04_1_2025-07-04_1day,/home/hku_user3/EnergyBridge_rl_dr_memory_202607/benchmark_results/2026-07-22_rule_milp_dr_memory_daily_july/_batch_logs/daily_dr_memory_tianjin_1day/household_s1_dual_commuter_standard_no_dr_tianjin_d04_hist_d04_1_2025-07-04_1day.log,/home/hku_user3/EnergyBridge_rl_dr_memory_202607/benchmark_results/2026-07-22_rule_milp_dr_memory_daily_july/household_s1_dual_commuter_standard_no_dr_tianjin_d04_hist_d04_1_2025-07-04_1day/run_summary.txt,0,78.927188,78.927188,83.253185,1.157994,normalized TOU cost/kWh,/home/hku_user3/EnergyBridge_rl_dr_memory_202607/experiments/real_data/tianjin_tou_price_normalized.csv,1.5117,1.5117,1.0,1.0,,0.0,1.0,[],"['dishwasher', 'dryer', 'ev', 'washer', 'water_heater']",[]
household_s1_dual_commuter_standard,household_s1_dual_commuter_standard,no_dr,Tianjin,1,2025-07-02,d02_hist_d02_1,hist_d02_1,2,/home/hku_user3/EnergyBridge_rl_dr_memory_202607/experiments/real_data/tianjin_tou_price_normalized.csv,19.0,1.0,/home/hku_user3/EnergyBridge_rl_dr_memory_202607/benchmark_results/2026-07-22_rule_milp_dr_memory_daily_july/_batch_logs/daily_event_configs/d02_hist_d02_1.json,skipped_done,0,0.0,/home/hku_user3/EnergyBridge_rl_dr_memory_202607/benchmark_results/2026-07-22_rule_milp_dr_memory_daily_july/household_s1_dual_commuter_standard_no_dr_tianjin_d02_hist_d02_1_2025-07-02_1day,/home/hku_user3/EnergyBridge_rl_dr_memory_202607/benchmark_results/2026-07-22_rule_milp_dr_memory_daily_july/_batch_logs/daily_dr_memory_tianjin_1day/household_s1_dual_commuter_standard_no_dr_tianjin_d02_hist_d02_1_2025-07-02_1day.log,/home/hku_user3/EnergyBridge_rl_dr_memory_202607/benchmark_results/2026-07-22_rule_milp_dr_memory_daily_july/household_s1_dual_commuter_standard_no_dr_tianjin_d02_hist_d02_1_2025-07-02_1day/run_summary.txt,0,63.70123,63.70123,70.395651,1.151804,normalized TOU cost/kWh,/home/hku_user3/EnergyBridge_rl_dr_memory_202607/experiments/real_data/tianjin_tou_price_normalized.csv,8.6035,8.6035,1.0,1.0,,0.0,0.8,[],"['dishwasher', 'dryer', 'ev', 'washer', 'water_heater']",[]
household_s1_dual_commuter_standard,household_s1_dual_commuter_standard,rule_milp,Germany,1,2025-07-01,d01_hist_d01_1,hist_d01_1,1,/home/hku_user3/EnergyBridge_rl_dr_memory_202607/experiments/real_data/germany_2025_price.csv,18.0,1.0,/home/hku_user3/EnergyBridge_rl_dr_memory_202607/benchmark_results/2026-07-22_rule_milp_dr_memory_daily_july/_batch_logs/daily_event_configs/d01_hist_d01_1.json,skipped_done,0,0.0,/home/hku_user3/EnergyBridge_rl_dr_memory_202607/benchmark_results/2026-07-22_rule_milp_dr_memory_daily_july/household_s1_dual_commuter_standard_rule_milp_germany_d01_hist_d01_1_2025-07-01_1day,/home/hku_user3/EnergyBridge_rl_dr_memory_202607/benchmark_results/2026-07-22_rule_milp_dr_memory_daily_july/_batch_logs/daily_dr_memory_germany_1day/household_s1_dual_commuter_standard_rule_milp_germany_d01_hist_d01_1_2025-07-01_1day.log,/home/hku_user3/EnergyBridge_rl_dr_memory_202607/benchmark_results/2026-07-22_rule_milp_dr_memory_daily_july/household_s1_dual_commuter_standard_rule_milp_germany_d01_hist_d01_1_2025-07-01_1day/run_summary.txt,0,90.472109,90.472109,27.845577,0.143136,EUR/kWh,/home/hku_user3/EnergyBridge_rl_dr_memory_202607/experiments/real_data/germany_2025_price.csv,8.0296,8.0296,0.0,0.0,2.072,1.0,1.0,"['dishwasher', 'dryer', 'ev', 'washer', 'water_heater']",[],[]
household_s2_multigeneration_caregiver,household_s2_multigeneration_caregiver,rule_milp,Tianjin,1,2025-07-05,d05_hist_d05_1,hist_d05_1,5,/home/hku_user3/EnergyBridge_rl_dr_memory_202607/experiments/real_data/tianjin_tou_price_normalized.csv,16.0,1.0,/home/hku_user3/EnergyBridge_rl_dr_memory_202607/benchmark_results/2026-07-22_rule_milp_dr_memory_daily_july/_batch_logs/daily_event_configs/d05_hist_d05_1.json,skipped_done,0,0.0,/home/hku_user3/EnergyBridge_rl_dr_memory_202607/benchmark_results/2026-07-22_rule_milp_dr_memory_daily_july/household_s2_multigeneration_caregiver_rule_milp_tianjin_d05_hist_d05_1_2025-07-05_1day,/home/hku_user3/EnergyBridge_rl_dr_memory_202607/benchmark_results/2026-07-22_rule_milp_dr_memory_daily_july/_batch_logs/daily_dr_memory_tianjin_1day/household_s2_multigeneration_caregiver_rule_milp_tianjin_d05_hist_d05_1_2025-07-05_1day.log,/home/hku_user3/EnergyBridge_rl_dr_memory_202607/benchmark_results/2026-07-22_rule_milp_dr_memory_daily_july/household_s2_multigeneration_caregiver_rule_milp_tianjin_d05_hist_d05_1_2025-07-05_1day/run_summary.txt,0,83.197869,83.197869,60.45462,1.166244,normalized TOU cost/kWh,/home/hku_user3/EnergyBridge_rl_dr_memory_202607/experiments/real_data/tianjin_tou_price_normalized.csv,0.8544,0.8544,0.0,0.0,1.31,1.0,1.0,"['dishwasher', 'dryer', 'ev', 'washer', 'water_heater']",[],[]
household_s5_shared_roommates_irregular,household_s5_shared_roommates_irregular,no_dr,Tianjin,1,2025-07-01,d01_hist_d01_1,hist_d01_1,1,/home/hku_user3/EnergyBridge_rl_dr_memory_202607/experiments/real_data/tianjin_tou_price_normalized.csv,18.0,1.0,/home/hku_user3/EnergyBridge_rl_dr_memory_202607/benchmark_results/2026-07-22_rule_milp_dr_memory_daily_july/_batch_logs/daily_event_configs/d01_hist_d01_1.json,skipped_done,0,0.0,/home/hku_user3/EnergyBridge_rl_dr_memory_202607/benchmark_results/2026-07-22_rule_milp_dr_memory_daily_july/household_s5_shared_roommates_irregular_no_dr_tianjin_d01_hist_d01_1_2025-07-01_1day,/home/hku_user3/EnergyBridge_rl_dr_memory_202607/benchmark_results/2026-07-22_rule_milp_dr_memory_daily_july/_batch_logs/daily_dr_memory_tianjin_1day/household_s5_shared_roommates_irregular_no_dr_tianjin_d01_hist_d01_1_2025-07-01_1day.log,/home/hku_user3/EnergyBridge_rl_dr_memory_202607/benchmark_results/2026-07-22_rule_milp_dr_memory_daily_july/household_s5_shared_roommates_irregular_no_dr_tianjin_d01_hist_d01_1_2025-07-01_1day/run_summary.txt,0,75.202015,75.202015,72.700874,1.159093,normalized TOU cost/kWh,/home/hku_user3/EnergyBridge_rl_dr_memory_202607/experiments/real_data/tianjin_tou_price_normalized.csv,6.2617,6.2617,1.0,1.0,,0.0,1.0,[],"['dishwasher', 'dryer', 'ev', 'washer', 'water_heater']",[]
household_s5_shared_roommates_irregular,household_s5_shared_roommates_irregular,no_dr,Germany,1,2025-07-04,d04_hist_d04_1,hist_d04_1,4,/home/hku_user3/EnergyBridge_rl_dr_memory_202607/experiments/real_data/germany_2025_price.csv,16.0,1.0,/home/hku_user3/EnergyBridge_rl_dr_memory_202607/benchmark_results/2026-07-22_rule_milp_dr_memory_daily_july/_batch_logs/daily_event_configs/d04_hist_d04_1.json,skipped_done,0,0.0,/home/hku_user3/EnergyBridge_rl_dr_memory_202607/benchmark_results/2026-07-22_rule_milp_dr_memory_daily_july/household_s5_shared_roommates_irregular_no_dr_germany_d04_hist_d04_1_2025-07-04_1day,/home/hku_user3/EnergyBridge_rl_dr_memory_202607/benchmark_results/2026-07-22_rule_milp_dr_memory_daily_july/_batch_logs/daily_dr_memory_germany_1day/household_s5_shared_roommates_irregular_no_dr_germany_d04_hist_d04_1_2025-07-04_1day.log,/home/hku_user3/EnergyBridge_rl_dr_memory_202607/benchmark_results/2026-07-22_rule_milp_dr_memory_daily_july/household_s5_shared_roommates_irregular_no_dr_germany_d04_hist_d04_1_2025-07-04_1day/run_summary.txt,0,59.073471,59.073471,17.234714,0.089708,EUR/kWh,/home/hku_user3/EnergyBridge_rl_dr_memory_202607/experiments/real_data/germany_2025_price.csv,6.9551,6.9551,1.0,1.0,,0.0,0.8,[],"['dishwasher', 'dryer', 'ev', 'washer', 'water_heater']",[]
household_s5_shared_roommates_irregular,household_s5_shared_roommates_irregular,rule_milp,Tianjin,1,2025-07-02,d02_hist_d02_1,hist_d02_1,2,/home/hku_user3/EnergyBridge_rl_dr_memory_202607/experiments/real_data/tianjin_tou_price_normalized.csv,19.0,1.0,/home/hku_user3/EnergyBridge_rl_dr_memory_202607/benchmark_results/2026-07-22_rule_milp_dr_memory_daily_july/_batch_logs/daily_event_configs/d02_hist_d02_1.json,skipped_done,0,0.0,/home/hku_user3/EnergyBridge_rl_dr_memory_202607/benchmark_results/2026-07-22_rule_milp_dr_memory_daily_july/household_s5_shared_roommates_irregular_rule_milp_tianjin_d02_hist_d02_1_2025-07-02_1day,/home/hku_user3/EnergyBridge_rl_dr_memory_202607/benchmark_results/2026-07-22_rule_milp_dr_memory_daily_july/_batch_logs/daily_dr_memory_tianjin_1day/household_s5_shared_roommates_irregular_rule_milp_tianjin_d02_hist_d02_1_2025-07-02_1day.log,/home/hku_user3/EnergyBridge_rl_dr_memory_202607/benchmark_results/2026-07-22_rule_milp_dr_memory_daily_july/household_s5_shared_roommates_irregular_rule_milp_tianjin_d02_hist_d02_1_2025-07-02_1day/run_summary.txt,0,64.74602,64.74602,60.843871,1.128687,normalized TOU cost/kWh,/home/hku_user3/EnergyBridge_rl_dr_memory_202607/experiments/real_data/tianjin_tou_price_normalized.csv,1.7839,1.7839,0.0,0.0,1.863,1.0,1.0,"['dishwasher', 'dryer', 'ev', 'washer', 'water_heater']",[],[]
household_s1_dual_commuter_standard,household_s1_dual_commuter_standard,no_dr,Tianjin,1,2025-07-06,d06_hist_d06_1,hist_d06_1,6,/home/hku_user3/EnergyBridge_rl_dr_memory_202607/experiments/real_data/tianjin_tou_price_normalized.csv,18.0,1.0,/home/hku_user3/EnergyBridge_rl_dr_memory_202607/benchmark_results/2026-07-22_rule_milp_dr_memory_daily_july/_batch_logs/daily_event_configs/d06_hist_d06_1.json,skipped_done,0,0.0,/home/hku_user3/EnergyBridge_rl_dr_memory_202607/benchmark_results/2026-07-22_rule_milp_dr_memory_daily_july/household_s1_dual_commuter_standard_no_dr_tianjin_d06_hist_d06_1_2025-07-06_1day,/home/hku_user3/EnergyBridge_rl_dr_memory_202607/benchmark_results/2026-07-22_rule_milp_dr_memory_daily_july/_batch_logs/daily_dr_memory_tianjin_1day/household_s1_dual_commuter_standard_no_dr_tianjin_d06_hist_d06_1_2025-07-06_1day.log,/home/hku_user3/EnergyBridge_rl_dr_memory_202607/benchmark_results/2026-07-22_rule_milp_dr_memory_daily_july/household_s1_dual_commuter_standard_no_dr_tianjin_d06_hist_d06_1_2025-07-06_1day/run_summary.txt,0,68.623398,68.623398,72.724998,1.149836,normalized TOU cost/kWh,/home/hku_user3/EnergyBridge_rl_dr_memory_202607/experiments/real_data/tianjin_tou_price_normalized.csv,5.212,5.212,1.0,1.0,,0.0,1.0,[],"['dishwasher', 'dryer', 'ev', 'washer', 'water_heater']",[]
household_s4_ev_commuter_flexible,household_s4_ev_commuter_flexible,rule_milp,Germany,1,2025-07-04,d04_hist_d04_1,hist_d04_1,4,/home/hku_user3/EnergyBridge_rl_dr_memory_202607/experiments/real_data/germany_2025_price.csv,16.0,1.0,/home/hku_user3/EnergyBridge_rl_dr_memory_202607/benchmark_results/2026-07-22_rule_milp_dr_memory_daily_july/_batch_logs/daily_event_configs/d04_hist_d04_1.json,skipped_done,0,0.0,/home/hku_user3/EnergyBridge_rl_dr_memory_202607/benchmark_results/2026-07-22_rule_milp_dr_memory_daily_july/household_s4_ev_commuter_flexible_rule_milp_germany_d04_hist_d04_1_2025-07-04_1day,/home/hku_user3/EnergyBridge_rl_dr_memory_202607/benchmark_results/2026-07-22_rule_milp_dr_memory_daily_july/_batch_logs/daily_dr_memory_germany_1day/household_s4_ev_commuter_flexible_rule_milp_germany_d04_hist_d04_1_2025-07-04_1day.log,/home/hku_user3/EnergyBridge_rl_dr_memory_202607/benchmark_results/2026-07-22_rule_milp_dr_memory_daily_july/household_s4_ev_commuter_flexible_rule_milp_germany_d04_hist_d04_1_2025-07-04_1day/run_summary.txt,0,71.302566,71.302566,17.298712,0.088799,EUR/kWh,/home/hku_user3/EnergyBridge_rl_dr_memory_202607/experiments/real_data/germany_2025_price.csv,6.3041,6.3041,0.0,0.0,1.16,1.0,1.0,"['dishwasher', 'dryer', 'ev', 'washer', 'water_heater']",[],[]
household_s4_ev_commuter_flexible,household_s4_ev_commuter_flexible,rule_milp,Tianjin,1,2025-07-01,d01_hist_d01_1,hist_d01_1,1,/home/hku_user3/EnergyBridge_rl_dr_memory_202607/experiments/real_data/tianjin_tou_price_normalized.csv,18.0,1.0,/home/hku_user3/EnergyBridge_rl_dr_memory_202607/benchmark_results/2026-07-22_rule_milp_dr_memory_daily_july/_batch_logs/daily_event_configs/d01_hist_d01_1.json,skipped_done,0,0.0,/home/hku_user3/EnergyBridge_rl_dr_memory_202607/benchmark_results/2026-07-22_rule_milp_dr_memory_daily_july/household_s4_ev_commuter_flexible_rule_milp_tianjin_d01_hist_d01_1_2025-07-01_1day,/home/hku_user3/EnergyBridge_rl_dr_memory_202607/benchmark_results/2026-07-22_rule_milp_dr_memory_daily_july/_batch_logs/daily_dr_memory_tianjin_1day/household_s4_ev_commuter_flexible_rule_milp_tianjin_d01_hist_d01_1_2025-07-01_1day.log,/home/hku_user3/EnergyBridge_rl_dr_memory_202607/benchmark_results/2026-07-22_rule_milp_dr_memory_daily_july/household_s4_ev_commuter_flexible_rule_milp_tianjin_d01_hist_d01_1_2025-07-01_1day/run_summary.txt,0,83.535661,83.535661,69.316134,1.140209,normalized TOU cost/kWh,/home/hku_user3/EnergyBridge_rl_dr_memory_202607/experiments/real_data/tianjin_tou_price_normalized.csv,2.6841,2.6841,0.0,0.0,2.0,1.0,1.0,"['dishwasher', 'dryer', 'ev', 'washer', 'water_heater']",[],[]
household_s4_ev_commuter_flexible,household_s4_ev_commuter_flexible,no_dr,Tianjin,1,2025-07-01,d01_hist_d01_1,hist_d01_1,1,/home/hku_user3/EnergyBridge_rl_dr_memory_202607/experiments/real_data/tianjin_tou_price_normalized.csv,18.0,1.0,/home/hku_user3/EnergyBridge_rl_dr_memory_202607/benchmark_results/2026-07-22_rule_milp_dr_memory_daily_july/_batch_logs/daily_event_configs/d01_hist_d01_1.json,skipped_done,0,0.0,/home/hku_user3/EnergyBridge_rl_dr_memory_202607/benchmark_results/2026-07-22_rule_milp_dr_memory_daily_july/household_s4_ev_commuter_flexible_no_dr_tianjin_d01_hist_d01_1_2025-07-01_1day,/home/hku_user3/EnergyBridge_rl_dr_memory_202607/benchmark_results/2026-07-22_rule_milp_dr_memory_daily_july/_batch_logs/daily_dr_memory_tianjin_1day/household_s4_ev_commuter_flexible_no_dr_tianjin_d01_hist_d01_1_2025-07-01_1day.log,/home/hku_user3/EnergyBridge_rl_dr_memory_202607/benchmark_results/2026-07-22_rule_milp_dr_memory_daily_july/household_s4_ev_commuter_flexible_no_dr_tianjin_d01_hist_d01_1_2025-07-01_1day/run_summary.txt,0,83.844044,83.844044,80.863193,1.140773,normalized TOU cost/kWh,/home/hku_user3/EnergyBridge_rl_dr_memory_202607/experiments/real_data/tianjin_tou_price_normalized.csv,6.2617,6.2617,1.0,1.0,,0.0,1.0,[],"['dishwasher', 'dryer', 'ev', 'washer', 'water_heater']",[]
household_s1_dual_commuter_standard,household_s1_dual_commuter_standard,no_dr,Tianjin,1,2025-07-03,d03_hist_d03_1,hist_d03_1,3,/home/hku_user3/EnergyBridge_rl_dr_memory_202607/experiments/real_data/tianjin_tou_price_normalized.csv,16.0,1.0,/home/hku_user3/EnergyBridge_rl_dr_memory_202607/benchmark_results/2026-07-22_rule_milp_dr_memory_daily_july/_batch_logs/daily_event_configs/d03_hist_d03_1.json,skipped_done,0,0.0,/home/hku_user3/EnergyBridge_rl_dr_memory_202607/benchmark_results/2026-07-22_rule_milp_dr_memory_daily_july/household_s1_dual_commuter_standard_no_dr_tianjin_d03_hist_d03_1_2025-07-03_1day,/home/hku_user3/EnergyBridge_rl_dr_memory_202607/benchmark_results/2026-07-22_rule_milp_dr_memory_daily_july/_batch_logs/daily_dr_memory_tianjin_1day/household_s1_dual_commuter_standard_no_dr_tianjin_d03_hist_d03_1_2025-07-03_1day.log,/home/hku_user3/EnergyBridge_rl_dr_memory_202607/benchmark_results/2026-07-22_rule_milp_dr_memory_daily_july/household_s1_dual_commuter_standard_no_dr_tianjin_d03_hist_d03_1_2025-07-03_1day/run_summary.txt,0,69.294528,69.294528,76.380361,1.174634,normalized TOU cost/kWh,/home/hku_user3/EnergyBridge_rl_dr_memory_202607/experiments/real_data/tianjin_tou_price_normalized.csv,1.1746,1.1746,1.0,1.0,,0.0,1.0,[],"['dishwasher', 'dryer', 'ev', 'washer', 'water_heater']",[]
household_s2_multigeneration_caregiver,household_s2_multigeneration_caregiver,no_dr,Tianjin,1,2025-07-04,d04_hist_d04_1,hist_d04_1,4,/home/hku_user3/EnergyBridge_rl_dr_memory_202607/experiments/real_data/tianjin_tou_price_normalized.csv,16.0,1.0,/home/hku_user3/EnergyBridge_rl_dr_memory_202607/benchmark_results/2026-07-22_rule_milp_dr_memory_daily_july/_batch_logs/daily_event_configs/d04_hist_d04_1.json,skipped_done,0,0.0,/home/hku_user3/EnergyBridge_rl_dr_memory_202607/benchmark_results/2026-07-22_rule_milp_dr_memory_daily_july/household_s2_multigeneration_caregiver_no_dr_tianjin_d04_hist_d04_1_2025-07-04_1day,/home/hku_user3/EnergyBridge_rl_dr_memory_202607/benchmark_results/2026-07-22_rule_milp_dr_memory_daily_july/_batch_logs/daily_dr_memory_tianjin_1day/household_s2_multigeneration_caregiver_no_dr_tianjin_d04_hist_d04_1_2025-07-04_1day.log,/home/hku_user3/EnergyBridge_rl_dr_memory_202607/benchmark_results/2026-07-22_rule_milp_dr_memory_daily_july/household_s2_multigeneration_caregiver_no_dr_tianjin_d04_hist_d04_1_2025-07-04_1day/run_summary.txt,0,72.138876,72.138876,76.270043,1.190494,normalized TOU cost/kWh,/home/hku_user3/EnergyBridge_rl_dr_memory_202607/experiments/real_data/tianjin_tou_price_normalized.csv,1.6746,1.6746,1.0,1.0,,0.0,0.8,[],"['dishwasher', 'dryer', 'ev', 'washer', 'water_heater']",[]
household_s3_hybrid_work_from_home,household_s3_hybrid_work_from_home,rule_milp,Tianjin,1,2025-07-03,d03_hist_d03_1,hist_d03_1,3,/home/hku_user3/EnergyBridge_rl_dr_memory_202607/experiments/real_data/tianjin_tou_price_normalized.csv,16.0,1.0,/home/hku_user3/EnergyBridge_rl_dr_memory_202607/benchmark_results/2026-07-22_rule_milp_dr_memory_daily_july/_batch_logs/daily_event_configs/d03_hist_d03_1.json,skipped_done,0,0.0,/home/hku_user3/EnergyBridge_rl_dr_memory_202607/benchmark_results/2026-07-22_rule_milp_dr_memory_daily_july/household_s3_hybrid_work_from_home_rule_milp_tianjin_d03_hist_d03_1_2025-07-03_1day,/home/hku_user3/EnergyBridge_rl_dr_memory_202607/benchmark_results/2026-07-22_rule_milp_dr_memory_daily_july/_batch_logs/daily_dr_memory_tianjin_1day/household_s3_hybrid_work_from_home_rule_milp_tianjin_d03_hist_d03_1_2025-07-03_1day.log,/home/hku_user3/EnergyBridge_rl_dr_memory_202607/benchmark_results/2026-07-22_rule_milp_dr_memory_daily_july/household_s3_hybrid_work_from_home_rule_milp_tianjin_d03_hist_d03_1_2025-07-03_1day/run_summary.txt,0,68.205109,68.205109,65.872892,1.191209,normalized TOU cost/kWh,/home/hku_user3/EnergyBridge_rl_dr_memory_202607/experiments/real_data/tianjin_tou_price_normalized.csv,1.9279,1.9279,0.0,0.0,1.983,1.0,1.0,"['dishwasher', 'dryer', 'ev', 'washer', 'water_heater']",[],[]
household_s3_hybrid_work_from_home,household_s3_hybrid_work_from_home,no_dr,Tianjin,1,2025-07-03,d03_hist_d03_1,hist_d03_1,3,/home/hku_user3/EnergyBridge_rl_dr_memory_202607/experiments/real_data/tianjin_tou_price_normalized.csv,16.0,1.0,/home/hku_user3/EnergyBridge_rl_dr_memory_202607/benchmark_results/2026-07-22_rule_milp_dr_memory_daily_july/_batch_logs/daily_event_configs/d03_hist_d03_1.json,skipped_done,0,0.0,/home/hku_user3/EnergyBridge_rl_dr_memory_202607/benchmark_results/2026-07-22_rule_milp_dr_memory_daily_july/household_s3_hybrid_work_from_home_no_dr_tianjin_d03_hist_d03_1_2025-07-03_1day,/home/hku_user3/EnergyBridge_rl_dr_memory_202607/benchmark_results/2026-07-22_rule_milp_dr_memory_daily_july/_batch_logs/daily_dr_memory_tianjin_1day/household_s3_hybrid_work_from_home_no_dr_tianjin_d03_hist_d03_1_2025-07-03_1day.log,/home/hku_user3/EnergyBridge_rl_dr_memory_202607/benchmark_results/2026-07-22_rule_milp_dr_memory_daily_july/household_s3_hybrid_work_from_home_no_dr_tianjin_d03_hist_d03_1_2025-07-03_1day/run_summary.txt,0,65.611263,65.611263,72.730598,1.187472,normalized TOU cost/kWh,/home/hku_user3/EnergyBridge_rl_dr_memory_202607/experiments/real_data/tianjin_tou_price_normalized.csv,1.2768,1.2768,1.0,1.0,,0.0,0.8,[],"['dishwasher', 'dryer', 'ev', 'washer', 'water_heater']",[]
household_s5_shared_roommates_irregular,household_s5_shared_roommates_irregular,rule_milp,Germany,1,2025-07-05,d05_hist_d05_1,hist_d05_1,5,/home/hku_user3/EnergyBridge_rl_dr_memory_202607/experiments/real_data/germany_2025_price.csv,16.0,1.0,/home/hku_user3/EnergyBridge_rl_dr_memory_202607/benchmark_results/2026-07-22_rule_milp_dr_memory_daily_july/_batch_logs/daily_event_configs/d05_hist_d05_1.json,skipped_done,0,0.0,/home/hku_user3/EnergyBridge_rl_dr_memory_202607/benchmark_results/2026-07-22_rule_milp_dr_memory_daily_july/household_s5_shared_roommates_irregular_rule_milp_germany_d05_hist_d05_1_2025-07-05_1day,/home/hku_user3/EnergyBridge_rl_dr_memory_202607/benchmark_results/2026-07-22_rule_milp_dr_memory_daily_july/_batch_logs/daily_dr_memory_germany_1day/household_s5_shared_roommates_irregular_rule_milp_germany_d05_hist_d05_1_2025-07-05_1day.log,/home/hku_user3/EnergyBridge_rl_dr_memory_202607/benchmark_results/2026-07-22_rule_milp_dr_memory_daily_july/household_s5_shared_roommates_irregular_rule_milp_germany_d05_hist_d05_1_2025-07-05_1day/run_summary.txt,0,69.252848,69.252848,11.339175,0.061476,EUR/kWh,/home/hku_user3/EnergyBridge_rl_dr_memory_202607/experiments/real_data/germany_2025_price.csv,5.6772,5.6772,0.0,0.0,1.863,1.0,1.0,"['dishwasher', 'dryer', 'ev', 'washer', 'water_heater']",[],[]
household_s1_dual_commuter_standard,household_s1_dual_commuter_standard,no_dr,Germany,1,2025-07-01,d01_hist_d01_1,hist_d01_1,1,/home/hku_user3/EnergyBridge_rl_dr_memory_202607/experiments/real_data/germany_2025_price.csv,18.0,1.0,/home/hku_user3/EnergyBridge_rl_dr_memory_202607/benchmark_results/2026-07-22_rule_milp_dr_memory_daily_july/_batch_logs/daily_event_configs/d01_hist_d01_1.json,skipped_done,0,0.0,/home/hku_user3/EnergyBridge_rl_dr_memory_202607/benchmark_results/2026-07-22_rule_milp_dr_memory_daily_july/household_s1_dual_commuter_standard_no_dr_germany_d01_hist_d01_1_2025-07-01_1day,/home/hku_user3/EnergyBridge_rl_dr_memory_202607/benchmark_results/2026-07-22_rule_milp_dr_memory_daily_july/_batch_logs/daily_dr_memory_germany_1day/household_s1_dual_commuter_standard_no_dr_germany_d01_hist_d01_1_2025-07-01_1day.log,/home/hku_user3/EnergyBridge_rl_dr_memory_202607/benchmark_results/2026-07-22_rule_milp_dr_memory_daily_july/household_s1_dual_commuter_standard_no_dr_germany_d01_hist_d01_1_2025-07-01_1day/run_summary.txt,0,79.528543,79.528543,29.774308,0.147807,EUR/kWh,/home/hku_user3/EnergyBridge_rl_dr_memory_202607/experiments/real_data/germany_2025_price.csv,11.2228,11.2228,1.0,1.0,,0.0,1.0,[],"['dishwasher', 'dryer', 'ev', 'washer', 'water_heater']",[]
household_s5_shared_roommates_irregular,household_s5_shared_roommates_irregular,rule_milp,Germany,1,2025-07-04,d04_hist_d04_1,hist_d04_1,4,/home/hku_user3/EnergyBridge_rl_dr_memory_202607/experiments/real_data/germany_2025_price.csv,16.0,1.0,/home/hku_user3/EnergyBridge_rl_dr_memory_202607/benchmark_results/2026-07-22_rule_milp_dr_memory_daily_july/_batch_logs/daily_event_configs/d04_hist_d04_1.json,skipped_done,0,0.0,/home/hku_user3/EnergyBridge_rl_dr_memory_202607/benchmark_results/2026-07-22_rule_milp_dr_memory_daily_july/household_s5_shared_roommates_irregular_rule_milp_germany_d04_hist_d04_1_2025-07-04_1day,/home/hku_user3/EnergyBridge_rl_dr_memory_202607/benchmark_results/2026-07-22_rule_milp_dr_memory_daily_july/_batch_logs/daily_dr_memory_germany_1day/household_s5_shared_roommates_irregular_rule_milp_germany_d04_hist_d04_1_2025-07-04_1day.log,/home/hku_user3/EnergyBridge_rl_dr_memory_202607/benchmark_results/2026-07-22_rule_milp_dr_memory_daily_july/household_s5_shared_roommates_irregular_rule_milp_germany_d04_hist_d04_1_2025-07-04_1day/run_summary.txt,0,67.929851,67.929851,16.504179,0.088116,EUR/kWh,/home/hku_user3/EnergyBridge_rl_dr_memory_202607/experiments/real_data/germany_2025_price.csv,5.6772,5.6772,0.0,0.0,1.863,1.0,1.0,"['dishwasher', 'dryer', 'ev', 'washer', 'water_heater']",[],[]
household_s3_hybrid_work_from_home,household_s3_hybrid_work_from_home,no_dr,Germany,1,2025-07-05,d05_hist_d05_1,hist_d05_1,5,/home/hku_user3/EnergyBridge_rl_dr_memory_202607/experiments/real_data/germany_2025_price.csv,16.0,1.0,/home/hku_user3/EnergyBridge_rl_dr_memory_202607/benchmark_results/2026-07-22_rule_milp_dr_memory_daily_july/_batch_logs/daily_event_configs/d05_hist_d05_1.json,skipped_done,0,0.0,/home/hku_user3/EnergyBridge_rl_dr_memory_202607/benchmark_results/2026-07-22_rule_milp_dr_memory_daily_july/household_s3_hybrid_work_from_home_no_dr_germany_d05_hist_d05_1_2025-07-05_1day,/home/hku_user3/EnergyBridge_rl_dr_memory_202607/benchmark_results/2026-07-22_rule_milp_dr_memory_daily_july/_batch_logs/daily_dr_memory_germany_1day/household_s3_hybrid_work_from_home_no_dr_germany_d05_hist_d05_1_2025-07-05_1day.log,/home/hku_user3/EnergyBridge_rl_dr_memory_202607/benchmark_results/2026-07-22_rule_milp_dr_memory_daily_july/household_s3_hybrid_work_from_home_no_dr_germany_d05_hist_d05_1_2025-07-05_1day/run_summary.txt,0,61.525682,61.525682,11.818041,0.062757,EUR/kWh,/home/hku_user3/EnergyBridge_rl_dr_memory_202607/experiments/real_data/germany_2025_price.csv,6.9553,6.9553,1.0,1.0,,0.0,0.8,[],"['dishwasher', 'dryer', 'ev', 'washer', 'water_heater']",[]
household_s4_ev_commuter_flexible,household_s4_ev_commuter_flexible,no_dr,Germany,1,2025-07-05,d05_hist_d05_1,hist_d05_1,5,/home/hku_user3/EnergyBridge_rl_dr_memory_202607/experiments/real_data/germany_2025_price.csv,16.0,1.0,/home/hku_user3/EnergyBridge_rl_dr_memory_202607/benchmark_results/2026-07-22_rule_milp_dr_memory_daily_july/_batch_logs/daily_event_configs/d05_hist_d05_1.json,skipped_done,0,0.0,/home/hku_user3/EnergyBridge_rl_dr_memory_202607/benchmark_results/2026-07-22_rule_milp_dr_memory_daily_july/household_s4_ev_commuter_flexible_no_dr_germany_d05_hist_d05_1_2025-07-05_1day,/home/hku_user3/EnergyBridge_rl_dr_memory_202607/benchmark_results/2026-07-22_rule_milp_dr_memory_daily_july/_batch_logs/daily_dr_memory_germany_1day/household_s4_ev_commuter_flexible_no_dr_germany_d05_hist_d05_1_2025-07-05_1day.log,/home/hku_user3/EnergyBridge_rl_dr_memory_202607/benchmark_results/2026-07-22_rule_milp_dr_memory_daily_july/household_s4_ev_commuter_flexible_no_dr_germany_d05_hist_d05_1_2025-07-05_1day/run_summary.txt,0,69.977571,69.977571,12.618457,0.064149,EUR/kWh,/home/hku_user3/EnergyBridge_rl_dr_memory_202607/experiments/real_data/germany_2025_price.csv,7.0341,7.0341,1.0,1.0,,0.0,1.0,[],"['dishwasher', 'dryer', 'ev', 'washer', 'water_heater']",[]
household_s3_hybrid_work_from_home,household_s3_hybrid_work_from_home,rule_milp,Germany,1,2025-07-05,d05_hist_d05_1,hist_d05_1,5,/home/hku_user3/EnergyBridge_rl_dr_memory_202607/experiments/real_data/germany_2025_price.csv,16.0,1.0,/home/hku_user3/EnergyBridge_rl_dr_memory_202607/benchmark_results/2026-07-22_rule_milp_dr_memory_daily_july/_batch_logs/daily_event_configs/d05_hist_d05_1.json,skipped_done,0,0.0,/home/hku_user3/EnergyBridge_rl_dr_memory_202607/benchmark_results/2026-07-22_rule_milp_dr_memory_daily_july/household_s3_hybrid_work_from_home_rule_milp_germany_d05_hist_d05_1_2025-07-05_1day,/home/hku_user3/EnergyBridge_rl_dr_memory_202607/benchmark_results/2026-07-22_rule_milp_dr_memory_daily_july/_batch_logs/daily_dr_memory_germany_1day/household_s3_hybrid_work_from_home_rule_milp_germany_d05_hist_d05_1_2025-07-05_1day.log,/home/hku_user3/EnergyBridge_rl_dr_memory_202607/benchmark_results/2026-07-22_rule_milp_dr_memory_daily_july/household_s3_hybrid_work_from_home_rule_milp_germany_d05_hist_d05_1_2025-07-05_1day/run_summary.txt,0,66.609689,66.609689,11.210921,0.060291,EUR/kWh,/home/hku_user3/EnergyBridge_rl_dr_memory_202607/experiments/real_data/germany_2025_price.csv,6.8146,6.8146,0.0,0.0,1.983,1.0,1.0,"['dishwasher', 'dryer', 'ev', 'washer', 'water_heater']",[],[]
household_s1_dual_commuter_standard,household_s1_dual_commuter_standard,no_dr,Tianjin,1,2025-07-05,d05_hist_d05_1,hist_d05_1,5,/home/hku_user3/EnergyBridge_rl_dr_memory_202607/experiments/real_data/tianjin_tou_price_normalized.csv,16.0,1.0,/home/hku_user3/EnergyBridge_rl_dr_memory_202607/benchmark_results/2026-07-22_rule_milp_dr_memory_daily_july/_batch_logs/daily_event_configs/d05_hist_d05_1.json,skipped_done,0,0.0,/home/hku_user3/EnergyBridge_rl_dr_memory_202607/benchmark_results/2026-07-22_rule_milp_dr_memory_daily_july/household_s1_dual_commuter_standard_no_dr_tianjin_d05_hist_d05_1_2025-07-05_1day,/home/hku_user3/EnergyBridge_rl_dr_memory_202607/benchmark_results/2026-07-22_rule_milp_dr_memory_daily_july/_batch_logs/daily_dr_memory_tianjin_1day/household_s1_dual_commuter_standard_no_dr_tianjin_d05_hist_d05_1_2025-07-05_1day.log,/home/hku_user3/EnergyBridge_rl_dr_memory_202607/benchmark_results/2026-07-22_rule_milp_dr_memory_daily_july/household_s1_dual_commuter_standard_no_dr_tianjin_d05_hist_d05_1_2025-07-05_1day/run_summary.txt,0,83.617626,83.617626,74.724098,1.159469,normalized TOU cost/kWh,/home/hku_user3/EnergyBridge_rl_dr_memory_202607/experiments/real_data/tianjin_tou_price_normalized.csv,1.5891,1.5891,1.0,1.0,,0.0,1.0,[],"['dishwasher', 'dryer', 'ev', 'washer', 'water_heater']",[]
household_s3_hybrid_work_from_home,household_s3_hybrid_work_from_home,no_dr,Tianjin,1,2025-07-01,d01_hist_d01_1,hist_d01_1,1,/home/hku_user3/EnergyBridge_rl_dr_memory_202607/experiments/real_data/tianjin_tou_price_normalized.csv,18.0,1.0,/home/hku_user3/EnergyBridge_rl_dr_memory_202607/benchmark_results/2026-07-22_rule_milp_dr_memory_daily_july/_batch_logs/daily_event_configs/d01_hist_d01_1.json,skipped_done,0,0.0,/home/hku_user3/EnergyBridge_rl_dr_memory_202607/benchmark_results/2026-07-22_rule_milp_dr_memory_daily_july/household_s3_hybrid_work_from_home_no_dr_tianjin_d01_hist_d01_1_2025-07-01_1day,/home/hku_user3/EnergyBridge_rl_dr_memory_202607/benchmark_results/2026-07-22_rule_milp_dr_memory_daily_july/_batch_logs/daily_dr_memory_tianjin_1day/household_s3_hybrid_work_from_home_no_dr_tianjin_d01_hist_d01_1_2025-07-01_1day.log,/home/hku_user3/EnergyBridge_rl_dr_memory_202607/benchmark_results/2026-07-22_rule_milp_dr_memory_daily_july/household_s3_hybrid_work_from_home_no_dr_tianjin_d01_hist_d01_1_2025-07-01_1day/run_summary.txt,0,75.382402,75.382402,73.137081,1.160363,normalized TOU cost/kWh,/home/hku_user3/EnergyBridge_rl_dr_memory_202607/experiments/real_data/tianjin_tou_price_normalized.csv,6.2643,6.2643,1.0,1.0,,0.0,0.8,[],"['dishwasher', 'dryer', 'ev', 'washer', 'water_heater']",[]
household_s2_multigeneration_caregiver,household_s2_multigeneration_caregiver,rule_milp,Germany,1,2025-07-04,d04_hist_d04_1,hist_d04_1,4,/home/hku_user3/EnergyBridge_rl_dr_memory_202607/experiments/real_data/germany_2025_price.csv,16.0,1.0,/home/hku_user3/EnergyBridge_rl_dr_memory_202607/benchmark_results/2026-07-22_rule_milp_dr_memory_daily_july/_batch_logs/daily_event_configs/d04_hist_d04_1.json,skipped_done,0,0.0,/home/hku_user3/EnergyBridge_rl_dr_memory_202607/benchmark_results/2026-07-22_rule_milp_dr_memory_daily_july/household_s2_multigeneration_caregiver_rule_milp_germany_d04_hist_d04_1_2025-07-04_1day,/home/hku_user3/EnergyBridge_rl_dr_memory_202607/benchmark_results/2026-07-22_rule_milp_dr_memory_daily_july/_batch_logs/daily_dr_memory_germany_1day/household_s2_multigeneration_caregiver_rule_milp_germany_d04_hist_d04_1_2025-07-04_1day.log,/home/hku_user3/EnergyBridge_rl_dr_memory_202607/benchmark_results/2026-07-22_rule_milp_dr_memory_daily_july/household_s2_multigeneration_caregiver_rule_milp_germany_d04_hist_d04_1_2025-07-04_1day/run_summary.txt,0,62.568132,62.568132,15.711437,0.086298,EUR/kWh,/home/hku_user3/EnergyBridge_rl_dr_memory_202607/experiments/real_data/germany_2025_price.csv,6.8774,6.8774,0.0,0.0,1.9,1.0,1.0,"['dishwasher', 'dryer', 'ev', 'washer', 'water_heater']",[],[]
household_s2_multigeneration_caregiver,household_s2_multigeneration_caregiver,rule_milp,Germany,1,2025-07-03,d03_hist_d03_1,hist_d03_1,3,/home/hku_user3/EnergyBridge_rl_dr_memory_202607/experiments/real_data/germany_2025_price.csv,16.0,1.0,/home/hku_user3/EnergyBridge_rl_dr_memory_202607/benchmark_results/2026-07-22_rule_milp_dr_memory_daily_july/_batch_logs/daily_event_configs/d03_hist_d03_1.json,skipped_done,0,0.0,/home/hku_user3/EnergyBridge_rl_dr_memory_202607/benchmark_results/2026-07-22_rule_milp_dr_memory_daily_july/household_s2_multigeneration_caregiver_rule_milp_germany_d03_hist_d03_1_2025-07-03_1day,/home/hku_user3/EnergyBridge_rl_dr_memory_202607/benchmark_results/2026-07-22_rule_milp_dr_memory_daily_july/_batch_logs/daily_dr_memory_germany_1day/household_s2_multigeneration_caregiver_rule_milp_germany_d03_hist_d03_1_2025-07-03_1day.log,/home/hku_user3/EnergyBridge_rl_dr_memory_202607/benchmark_results/2026-07-22_rule_milp_dr_memory_daily_july/household_s2_multigeneration_caregiver_rule_milp_germany_d03_hist_d03_1_2025-07-03_1day/run_summary.txt,0,65.795736,65.795736,17.156617,0.094353,EUR/kWh,/home/hku_user3/EnergyBridge_rl_dr_memory_202607/experiments/real_data/germany_2025_price.csv,6.9329,6.9329,0.0,0.0,1.9,1.0,1.0,"['dishwasher', 'dryer', 'ev', 'washer', 'water_heater']",[],[]
household_s3_hybrid_work_from_home,household_s3_hybrid_work_from_home,rule_milp,Tianjin,1,2025-07-01,d01_hist_d01_1,hist_d01_1,1,/home/hku_user3/EnergyBridge_rl_dr_memory_202607/experiments/real_data/tianjin_tou_price_normalized.csv,18.0,1.0,/home/hku_user3/EnergyBridge_rl_dr_memory_202607/benchmark_results/2026-07-22_rule_milp_dr_memory_daily_july/_batch_logs/daily_event_configs/d01_hist_d01_1.json,skipped_done,0,0.0,/home/hku_user3/EnergyBridge_rl_dr_memory_202607/benchmark_results/2026-07-22_rule_milp_dr_memory_daily_july/household_s3_hybrid_work_from_home_rule_milp_tianjin_d01_hist_d01_1_2025-07-01_1day,/home/hku_user3/EnergyBridge_rl_dr_memory_202607/benchmark_results/2026-07-22_rule_milp_dr_memory_daily_july/_batch_logs/daily_dr_memory_tianjin_1day/household_s3_hybrid_work_from_home_rule_milp_tianjin_d01_hist_d01_1_2025-07-01_1day.log,/home/hku_user3/EnergyBridge_rl_dr_memory_202607/benchmark_results/2026-07-22_rule_milp_dr_memory_daily_july/household_s3_hybrid_work_from_home_rule_milp_tianjin_d01_hist_d01_1_2025-07-01_1day/run_summary.txt,0,81.168877,81.168877,68.113561,1.187465,normalized TOU cost/kWh,/home/hku_user3/EnergyBridge_rl_dr_memory_202607/experiments/real_data/tianjin_tou_price_normalized.csv,2.4736,2.4736,0.0,0.0,1.983,1.0,1.0,"['dishwasher', 'dryer', 'ev', 'washer', 'water_heater']",[],[]
household_s2_multigeneration_caregiver,household_s2_multigeneration_caregiver,rule_milp,Tianjin,1,2025-07-03,d03_hist_d03_1,hist_d03_1,3,/home/hku_user3/EnergyBridge_rl_dr_memory_202607/experiments/real_data/tianjin_tou_price_normalized.csv,16.0,1.0,/home/hku_user3/EnergyBridge_rl_dr_memory_202607/benchmark_results/2026-07-22_rule_milp_dr_memory_daily_july/_batch_logs/daily_event_configs/d03_hist_d03_1.json,skipped_done,0,0.0,/home/hku_user3/EnergyBridge_rl_dr_memory_202607/benchmark_results/2026-07-22_rule_milp_dr_memory_daily_july/household_s2_multigeneration_caregiver_rule_milp_tianjin_d03_hist_d03_1_2025-07-03_1day,/home/hku_user3/EnergyBridge_rl_dr_memory_202607/benchmark_results/2026-07-22_rule_milp_dr_memory_daily_july/_batch_logs/daily_dr_memory_tianjin_1day/household_s2_multigeneration_caregiver_rule_milp_tianjin_d03_hist_d03_1_2025-07-03_1day.log,/home/hku_user3/EnergyBridge_rl_dr_memory_202607/benchmark_results/2026-07-22_rule_milp_dr_memory_daily_july/household_s2_multigeneration_caregiver_rule_milp_tianjin_d03_hist_d03_1_2025-07-03_1day/run_summary.txt,0,66.554695,66.554695,64.038924,1.209245,normalized TOU cost/kWh,/home/hku_user3/EnergyBridge_rl_dr_memory_202607/experiments/real_data/tianjin_tou_price_normalized.csv,1.7186,1.7186,0.0,0.0,1.988,1.0,1.0,"['dishwasher', 'dryer', 'ev', 'washer', 'water_heater']",[],[]
household_s3_hybrid_work_from_home,household_s3_hybrid_work_from_home,rule_milp,Tianjin,1,2025-07-02,d02_hist_d02_1,hist_d02_1,2,/home/hku_user3/EnergyBridge_rl_dr_memory_202607/experiments/real_data/tianjin_tou_price_normalized.csv,19.0,1.0,/home/hku_user3/EnergyBridge_rl_dr_memory_202607/benchmark_results/2026-07-22_rule_milp_dr_memory_daily_july/_batch_logs/daily_event_configs/d02_hist_d02_1.json,skipped_done,0,0.0,/home/hku_user3/EnergyBridge_rl_dr_memory_202607/benchmark_results/2026-07-22_rule_milp_dr_memory_daily_july/household_s3_hybrid_work_from_home_rule_milp_tianjin_d02_hist_d02_1_2025-07-02_1day,/home/hku_user3/EnergyBridge_rl_dr_memory_202607/benchmark_results/2026-07-22_rule_milp_dr_memory_daily_july/_batch_logs/daily_dr_memory_tianjin_1day/household_s3_hybrid_work_from_home_rule_milp_tianjin_d02_hist_d02_1_2025-07-02_1day.log,/home/hku_user3/EnergyBridge_rl_dr_memory_202607/benchmark_results/2026-07-22_rule_milp_dr_memory_daily_july/household_s3_hybrid_work_from_home_rule_milp_tianjin_d02_hist_d02_1_2025-07-02_1day/run_summary.txt,0,64.272266,64.272266,63.977513,1.139433,normalized TOU cost/kWh,/home/hku_user3/EnergyBridge_rl_dr_memory_202607/experiments/real_data/tianjin_tou_price_normalized.csv,2.1331,2.1331,0.0,0.0,1.983,1.0,1.0,"['dishwasher', 'dryer', 'ev', 'washer', 'water_heater']",[],[]
household_s2_multigeneration_caregiver,household_s2_multigeneration_caregiver,no_dr,Germany,1,2025-07-06,d06_hist_d06_1,hist_d06_1,6,/home/hku_user3/EnergyBridge_rl_dr_memory_202607/experiments/real_data/germany_2025_price.csv,18.0,1.0,/home/hku_user3/EnergyBridge_rl_dr_memory_202607/benchmark_results/2026-07-22_rule_milp_dr_memory_daily_july/_batch_logs/daily_event_configs/d06_hist_d06_1.json,skipped_done,0,0.0,/home/hku_user3/EnergyBridge_rl_dr_memory_202607/benchmark_results/2026-07-22_rule_milp_dr_memory_daily_july/household_s2_multigeneration_caregiver_no_dr_germany_d06_hist_d06_1_2025-07-06_1day,/home/hku_user3/EnergyBridge_rl_dr_memory_202607/benchmark_results/2026-07-22_rule_milp_dr_memory_daily_july/_batch_logs/daily_dr_memory_germany_1day/household_s2_multigeneration_caregiver_no_dr_germany_d06_hist_d06_1_2025-07-06_1day.log,/home/hku_user3/EnergyBridge_rl_dr_memory_202607/benchmark_results/2026-07-22_rule_milp_dr_memory_daily_july/household_s2_multigeneration_caregiver_no_dr_germany_d06_hist_d06_1_2025-07-06_1day/run_summary.txt,0,41.518523,41.518523,13.282093,0.078279,EUR/kWh,/home/hku_user3/EnergyBridge_rl_dr_memory_202607/experiments/real_data/germany_2025_price.csv,9.6991,9.6991,1.0,1.0,,0.0,1.0,[],"['dishwasher', 'dryer', 'ev', 'washer', 'water_heater']",[]
household_s2_multigeneration_caregiver,household_s2_multigeneration_caregiver,no_dr,Tianjin,1,2025-07-06,d06_hist_d06_1,hist_d06_1,6,/home/hku_user3/EnergyBridge_rl_dr_memory_202607/experiments/real_data/tianjin_tou_price_normalized.csv,18.0,1.0,/home/hku_user3/EnergyBridge_rl_dr_memory_202607/benchmark_results/2026-07-22_rule_milp_dr_memory_daily_july/_batch_logs/daily_event_configs/d06_hist_d06_1.json,skipped_done,0,0.0,/home/hku_user3/EnergyBridge_rl_dr_memory_202607/benchmark_results/2026-07-22_rule_milp_dr_memory_daily_july/household_s2_multigeneration_caregiver_no_dr_tianjin_d06_hist_d06_1_2025-07-06_1day,/home/hku_user3/EnergyBridge_rl_dr_memory_202607/benchmark_results/2026-07-22_rule_milp_dr_memory_daily_july/_batch_logs/daily_dr_memory_tianjin_1day/household_s2_multigeneration_caregiver_no_dr_tianjin_d06_hist_d06_1_2025-07-06_1day.log,/home/hku_user3/EnergyBridge_rl_dr_memory_202607/benchmark_results/2026-07-22_rule_milp_dr_memory_daily_july/household_s2_multigeneration_caregiver_no_dr_tianjin_d06_hist_d06_1_2025-07-06_1day/run_summary.txt,0,61.990746,61.990746,65.480384,1.186046,normalized TOU cost/kWh,/home/hku_user3/EnergyBridge_rl_dr_memory_202607/experiments/real_data/tianjin_tou_price_normalized.csv,5.2738,5.2738,1.0,1.0,,0.0,1.0,[],"['dishwasher', 'dryer', 'ev', 'washer', 'water_heater']",[]
household_s2_multigeneration_caregiver,household_s2_multigeneration_caregiver,no_dr,Tianjin,1,2025-07-03,d03_hist_d03_1,hist_d03_1,3,/home/hku_user3/EnergyBridge_rl_dr_memory_202607/experiments/real_data/tianjin_tou_price_normalized.csv,16.0,1.0,/home/hku_user3/EnergyBridge_rl_dr_memory_202607/benchmark_results/2026-07-22_rule_milp_dr_memory_daily_july/_batch_logs/daily_event_configs/d03_hist_d03_1.json,skipped_done,0,0.0,/home/hku_user3/EnergyBridge_rl_dr_memory_202607/benchmark_results/2026-07-22_rule_milp_dr_memory_daily_july/household_s2_multigeneration_caregiver_no_dr_tianjin_d03_hist_d03_1_2025-07-03_1day,/home/hku_user3/EnergyBridge_rl_dr_memory_202607/benchmark_results/2026-07-22_rule_milp_dr_memory_daily_july/_batch_logs/daily_dr_memory_tianjin_1day/household_s2_multigeneration_caregiver_no_dr_tianjin_d03_hist_d03_1_2025-07-03_1day.log,/home/hku_user3/EnergyBridge_rl_dr_memory_202607/benchmark_results/2026-07-22_rule_milp_dr_memory_daily_july/household_s2_multigeneration_caregiver_no_dr_tianjin_d03_hist_d03_1_2025-07-03_1day/run_summary.txt,0,62.934775,62.934775,69.26869,1.213664,normalized TOU cost/kWh,/home/hku_user3/EnergyBridge_rl_dr_memory_202607/experiments/real_data/tianjin_tou_price_normalized.csv,1.329,1.329,1.0,1.0,,0.0,0.8,[],"['dishwasher', 'dryer', 'ev', 'washer', 'water_heater']",[]
household_s5_shared_roommates_irregular,household_s5_shared_roommates_irregular,no_dr,Tianjin,1,2025-07-03,d03_hist_d03_1,hist_d03_1,3,/home/hku_user3/EnergyBridge_rl_dr_memory_202607/experiments/real_data/tianjin_tou_price_normalized.csv,16.0,1.0,/home/hku_user3/EnergyBridge_rl_dr_memory_202607/benchmark_results/2026-07-22_rule_milp_dr_memory_daily_july/_batch_logs/daily_event_configs/d03_hist_d03_1.json,skipped_done,0,0.0,/home/hku_user3/EnergyBridge_rl_dr_memory_202607/benchmark_results/2026-07-22_rule_milp_dr_memory_daily_july/household_s5_shared_roommates_irregular_no_dr_tianjin_d03_hist_d03_1_2025-07-03_1day,/home/hku_user3/EnergyBridge_rl_dr_memory_202607/benchmark_results/2026-07-22_rule_milp_dr_memory_daily_july/_batch_logs/daily_dr_memory_tianjin_1day/household_s5_shared_roommates_irregular_no_dr_tianjin_d03_hist_d03_1_2025-07-03_1day.log,/home/hku_user3/EnergyBridge_rl_dr_memory_202607/benchmark_results/2026-07-22_rule_milp_dr_memory_daily_july/household_s5_shared_roommates_irregular_no_dr_tianjin_d03_hist_d03_1_2025-07-03_1day/run_summary.txt,0,65.213369,65.213369,72.299201,1.186329,normalized TOU cost/kWh,/home/hku_user3/EnergyBridge_rl_dr_memory_202607/experiments/real_data/tianjin_tou_price_normalized.csv,1.1746,1.1746,1.0,1.0,,0.0,0.8,[],"['dishwasher', 'dryer', 'ev', 'washer', 'water_heater']",[]
household_s5_shared_roommates_irregular,household_s5_shared_roommates_irregular,no_dr,Tianjin,1,2025-07-02,d02_hist_d02_1,hist_d02_1,2,/home/hku_user3/EnergyBridge_rl_dr_memory_202607/experiments/real_data/tianjin_tou_price_normalized.csv,19.0,1.0,/home/hku_user3/EnergyBridge_rl_dr_memory_202607/benchmark_results/2026-07-22_rule_milp_dr_memory_daily_july/_batch_logs/daily_event_configs/d02_hist_d02_1.json,skipped_done,0,0.0,/home/hku_user3/EnergyBridge_rl_dr_memory_202607/benchmark_results/2026-07-22_rule_milp_dr_memory_daily_july/household_s5_shared_roommates_irregular_no_dr_tianjin_d02_hist_d02_1_2025-07-02_1day,/home/hku_user3/EnergyBridge_rl_dr_memory_202607/benchmark_results/2026-07-22_rule_milp_dr_memory_daily_july/_batch_logs/daily_dr_memory_tianjin_1day/household_s5_shared_roommates_irregular_no_dr_tianjin_d02_hist_d02_1_2025-07-02_1day.log,/home/hku_user3/EnergyBridge_rl_dr_memory_202607/benchmark_results/2026-07-22_rule_milp_dr_memory_daily_july/household_s5_shared_roommates_irregular_no_dr_tianjin_d02_hist_d02_1_2025-07-02_1day/run_summary.txt,0,59.620071,59.620071,66.314491,1.162666,normalized TOU cost/kWh,/home/hku_user3/EnergyBridge_rl_dr_memory_202607/experiments/real_data/tianjin_tou_price_normalized.csv,8.6035,8.6035,1.0,1.0,,0.0,0.8,[],"['dishwasher', 'dryer', 'ev', 'washer', 'water_heater']",[]
household_s3_hybrid_work_from_home,household_s3_hybrid_work_from_home,no_dr,Tianjin,1,2025-07-04,d04_hist_d04_1,hist_d04_1,4,/home/hku_user3/EnergyBridge_rl_dr_memory_202607/experiments/real_data/tianjin_tou_price_normalized.csv,16.0,1.0,/home/hku_user3/EnergyBridge_rl_dr_memory_202607/benchmark_results/2026-07-22_rule_milp_dr_memory_daily_july/_batch_logs/daily_event_configs/d04_hist_d04_1.json,skipped_done,0,0.0,/home/hku_user3/EnergyBridge_rl_dr_memory_202607/benchmark_results/2026-07-22_rule_milp_dr_memory_daily_july/household_s3_hybrid_work_from_home_no_dr_tianjin_d04_hist_d04_1_2025-07-04_1day,/home/hku_user3/EnergyBridge_rl_dr_memory_202607/benchmark_results/2026-07-22_rule_milp_dr_memory_daily_july/_batch_logs/daily_dr_memory_tianjin_1day/household_s3_hybrid_work_from_home_no_dr_tianjin_d04_hist_d04_1_2025-07-04_1day.log,/home/hku_user3/EnergyBridge_rl_dr_memory_202607/benchmark_results/2026-07-22_rule_milp_dr_memory_daily_july/household_s3_hybrid_work_from_home_no_dr_tianjin_d04_hist_d04_1_2025-07-04_1day/run_summary.txt,0,74.488296,74.488296,79.618294,1.168661,normalized TOU cost/kWh,/home/hku_user3/EnergyBridge_rl_dr_memory_202607/experiments/real_data/tianjin_tou_price_normalized.csv,1.6177,1.6177,1.0,1.0,,0.0,0.8,[],"['dishwasher', 'dryer', 'ev', 'washer', 'water_heater']",[]
household_s2_multigeneration_caregiver,household_s2_multigeneration_caregiver,no_dr,Tianjin,1,2025-07-02,d02_hist_d02_1,hist_d02_1,2,/home/hku_user3/EnergyBridge_rl_dr_memory_202607/experiments/real_data/tianjin_tou_price_normalized.csv,19.0,1.0,/home/hku_user3/EnergyBridge_rl_dr_memory_202607/benchmark_results/2026-07-22_rule_milp_dr_memory_daily_july/_batch_logs/daily_event_configs/d02_hist_d02_1.json,skipped_done,0,0.0,/home/hku_user3/EnergyBridge_rl_dr_memory_202607/benchmark_results/2026-07-22_rule_milp_dr_memory_daily_july/household_s2_multigeneration_caregiver_no_dr_tianjin_d02_hist_d02_1_2025-07-02_1day,/home/hku_user3/EnergyBridge_rl_dr_memory_202607/benchmark_results/2026-07-22_rule_milp_dr_memory_daily_july/_batch_logs/daily_dr_memory_tianjin_1day/household_s2_multigeneration_caregiver_no_dr_tianjin_d02_hist_d02_1_2025-07-02_1day.log,/home/hku_user3/EnergyBridge_rl_dr_memory_202607/benchmark_results/2026-07-22_rule_milp_dr_memory_daily_july/household_s2_multigeneration_caregiver_no_dr_tianjin_d02_hist_d02_1_2025-07-02_1day/run_summary.txt,0,57.000784,57.000784,63.151813,1.1896,normalized TOU cost/kWh,/home/hku_user3/EnergyBridge_rl_dr_memory_202607/experiments/real_data/tianjin_tou_price_normalized.csv,8.65,8.65,1.0,1.0,,0.0,0.8,[],"['dishwasher', 'dryer', 'ev', 'washer', 'water_heater']",[]
household_s1_dual_commuter_standard,household_s1_dual_commuter_standard,no_dr,Tianjin,1,2025-07-01,d01_hist_d01_1,hist_d01_1,1,/home/hku_user3/EnergyBridge_rl_dr_memory_202607/experiments/real_data/tianjin_tou_price_normalized.csv,18.0,1.0,/home/hku_user3/EnergyBridge_rl_dr_memory_202607/benchmark_results/2026-07-22_rule_milp_dr_memory_daily_july/_batch_logs/daily_event_configs/d01_hist_d01_1.json,skipped_done,0,0.0,/home/hku_user3/EnergyBridge_rl_dr_memory_202607/benchmark_results/2026-07-22_rule_milp_dr_memory_daily_july/household_s1_dual_commuter_standard_no_dr_tianjin_d01_hist_d01_1_2025-07-01_1day,/home/hku_user3/EnergyBridge_rl_dr_memory_202607/benchmark_results/2026-07-22_rule_milp_dr_memory_daily_july/_batch_logs/daily_dr_memory_tianjin_1day/household_s1_dual_commuter_standard_no_dr_tianjin_d01_hist_d01_1_2025-07-01_1day.log,/home/hku_user3/EnergyBridge_rl_dr_memory_202607/benchmark_results/2026-07-22_rule_milp_dr_memory_daily_july/household_s1_dual_commuter_standard_no_dr_tianjin_d01_hist_d01_1_2025-07-01_1day/run_summary.txt,0,79.283174,79.283174,76.782034,1.149374,normalized TOU cost/kWh,/home/hku_user3/EnergyBridge_rl_dr_memory_202607/experiments/real_data/tianjin_tou_price_normalized.csv,6.2617,6.2617,1.0,1.0,,0.0,1.0,[],"['dishwasher', 'dryer', 'ev', 'washer', 'water_heater']",[]
household_s1_dual_commuter_standard,household_s1_dual_commuter_standard,rule_milp,Tianjin,1,2025-07-04,d04_hist_d04_1,hist_d04_1,4,/home/hku_user3/EnergyBridge_rl_dr_memory_202607/experiments/real_data/tianjin_tou_price_normalized.csv,16.0,1.0,/home/hku_user3/EnergyBridge_rl_dr_memory_202607/benchmark_results/2026-07-22_rule_milp_dr_memory_daily_july/_batch_logs/daily_event_configs/d04_hist_d04_1.json,skipped_done,0,0.0,/home/hku_user3/EnergyBridge_rl_dr_memory_202607/benchmark_results/2026-07-22_rule_milp_dr_memory_daily_july/household_s1_dual_commuter_standard_rule_milp_tianjin_d04_hist_d04_1_2025-07-04_1day,/home/hku_user3/EnergyBridge_rl_dr_memory_202607/benchmark_results/2026-07-22_rule_milp_dr_memory_daily_july/_batch_logs/daily_dr_memory_tianjin_1day/household_s1_dual_commuter_standard_rule_milp_tianjin_d04_hist_d04_1_2025-07-04_1day.log,/home/hku_user3/EnergyBridge_rl_dr_memory_202607/benchmark_results/2026-07-22_rule_milp_dr_memory_daily_july/household_s1_dual_commuter_standard_rule_milp_tianjin_d04_hist_d04_1_2025-07-04_1day/run_summary.txt,0,82.47267,82.47267,73.172929,1.163243,normalized TOU cost/kWh,/home/hku_user3/EnergyBridge_rl_dr_memory_202607/experiments/real_data/tianjin_tou_price_normalized.csv,0.8667,0.8667,0.0,0.0,1.962,1.0,1.0,"['dishwasher', 'dryer', 'ev', 'washer', 'water_heater']",[],[]
household_s4_ev_commuter_flexible,household_s4_ev_commuter_flexible,rule_milp,Tianjin,1,2025-07-03,d03_hist_d03_1,hist_d03_1,3,/home/hku_user3/EnergyBridge_rl_dr_memory_202607/experiments/real_data/tianjin_tou_price_normalized.csv,16.0,1.0,/home/hku_user3/EnergyBridge_rl_dr_memory_202607/benchmark_results/2026-07-22_rule_milp_dr_memory_daily_july/_batch_logs/daily_event_configs/d03_hist_d03_1.json,skipped_done,0,0.0,/home/hku_user3/EnergyBridge_rl_dr_memory_202607/benchmark_results/2026-07-22_rule_milp_dr_memory_daily_july/household_s4_ev_commuter_flexible_rule_milp_tianjin_d03_hist_d03_1_2025-07-03_1day,/home/hku_user3/EnergyBridge_rl_dr_memory_202607/benchmark_results/2026-07-22_rule_milp_dr_memory_daily_july/_batch_logs/daily_dr_memory_tianjin_1day/household_s4_ev_commuter_flexible_rule_milp_tianjin_d03_hist_d03_1_2025-07-03_1day.log,/home/hku_user3/EnergyBridge_rl_dr_memory_202607/benchmark_results/2026-07-22_rule_milp_dr_memory_daily_july/household_s4_ev_commuter_flexible_rule_milp_tianjin_d03_hist_d03_1_2025-07-03_1day/run_summary.txt,0,71.172117,71.172117,69.702344,1.140956,normalized TOU cost/kWh,/home/hku_user3/EnergyBridge_rl_dr_memory_202607/experiments/real_data/tianjin_tou_price_normalized.csv,0.209,0.209,0.0,0.0,1.265,1.0,1.0,"['dishwasher', 'dryer', 'ev', 'washer', 'water_heater']",[],[]
household_s4_ev_commuter_flexible,household_s4_ev_commuter_flexible,no_dr,Tianjin,1,2025-07-03,d03_hist_d03_1,hist_d03_1,3,/home/hku_user3/EnergyBridge_rl_dr_memory_202607/experiments/real_data/tianjin_tou_price_normalized.csv,16.0,1.0,/home/hku_user3/EnergyBridge_rl_dr_memory_202607/benchmark_results/2026-07-22_rule_milp_dr_memory_daily_july/_batch_logs/daily_event_configs/d03_hist_d03_1.json,skipped_done,0,0.0,/home/hku_user3/EnergyBridge_rl_dr_memory_202607/benchmark_results/2026-07-22_rule_milp_dr_memory_daily_july/household_s4_ev_commuter_flexible_no_dr_tianjin_d03_hist_d03_1_2025-07-03_1day,/home/hku_user3/EnergyBridge_rl_dr_memory_202607/benchmark_results/2026-07-22_rule_milp_dr_memory_daily_july/_batch_logs/daily_dr_memory_tianjin_1day/household_s4_ev_commuter_flexible_no_dr_tianjin_d03_hist_d03_1_2025-07-03_1day.log,/home/hku_user3/EnergyBridge_rl_dr_memory_202607/benchmark_results/2026-07-22_rule_milp_dr_memory_daily_july/household_s4_ev_commuter_flexible_no_dr_tianjin_d03_hist_d03_1_2025-07-03_1day/run_summary.txt,0,73.375688,73.375688,80.46152,1.164321,normalized TOU cost/kWh,/home/hku_user3/EnergyBridge_rl_dr_memory_202607/experiments/real_data/tianjin_tou_price_normalized.csv,1.1746,1.1746,1.0,1.0,,0.0,1.0,[],"['dishwasher', 'dryer', 'ev', 'washer', 'water_heater']",[]
household_s3_hybrid_work_from_home,household_s3_hybrid_work_from_home,rule_milp,Tianjin,1,2025-07-04,d04_hist_d04_1,hist_d04_1,4,/home/hku_user3/EnergyBridge_rl_dr_memory_202607/experiments/real_data/tianjin_tou_price_normalized.csv,16.0,1.0,/home/hku_user3/EnergyBridge_rl_dr_memory_202607/benchmark_results/2026-07-22_rule_milp_dr_memory_daily_july/_batch_logs/daily_event_configs/d04_hist_d04_1.json,skipped_done,0,0.0,/home/hku_user3/EnergyBridge_rl_dr_memory_202607/benchmark_results/2026-07-22_rule_milp_dr_memory_daily_july/household_s3_hybrid_work_from_home_rule_milp_tianjin_d04_hist_d04_1_2025-07-04_1day,/home/hku_user3/EnergyBridge_rl_dr_memory_202607/benchmark_results/2026-07-22_rule_milp_dr_memory_daily_july/_batch_logs/daily_dr_memory_tianjin_1day/household_s3_hybrid_work_from_home_rule_milp_tianjin_d04_hist_d04_1_2025-07-04_1day.log,/home/hku_user3/EnergyBridge_rl_dr_memory_202607/benchmark_results/2026-07-22_rule_milp_dr_memory_daily_july/household_s3_hybrid_work_from_home_rule_milp_tianjin_d04_hist_d04_1_2025-07-04_1day/run_summary.txt,0,79.140036,79.140036,72.525769,1.183115,normalized TOU cost/kWh,/home/hku_user3/EnergyBridge_rl_dr_memory_202607/experiments/real_data/tianjin_tou_price_normalized.csv,2.3331,2.3331,0.0,0.0,1.983,1.0,1.0,"['dishwasher', 'dryer', 'ev', 'washer', 'water_heater']",[],[]
household_s1_dual_commuter_standard,household_s1_dual_commuter_standard,no_dr,Germany,1,2025-07-05,d05_hist_d05_1,hist_d05_1,5,/home/hku_user3/EnergyBridge_rl_dr_memory_202607/experiments/real_data/germany_2025_price.csv,16.0,1.0,/home/hku_user3/EnergyBridge_rl_dr_memory_202607/benchmark_results/2026-07-22_rule_milp_dr_memory_daily_july/_batch_logs/daily_event_configs/d05_hist_d05_1.json,skipped_done,0,0.0,/home/hku_user3/EnergyBridge_rl_dr_memory_202607/benchmark_results/2026-07-22_rule_milp_dr_memory_daily_july/household_s1_dual_commuter_standard_no_dr_germany_d05_hist_d05_1_2025-07-05_1day,/home/hku_user3/EnergyBridge_rl_dr_memory_202607/benchmark_results/2026-07-22_rule_milp_dr_memory_daily_july/_batch_logs/daily_dr_memory_germany_1day/household_s1_dual_commuter_standard_no_dr_germany_d05_hist_d05_1_2025-07-05_1day.log,/home/hku_user3/EnergyBridge_rl_dr_memory_202607/benchmark_results/2026-07-22_rule_milp_dr_memory_daily_july/household_s1_dual_commuter_standard_no_dr_germany_d05_hist_d05_1_2025-07-05_1day/run_summary.txt,0,65.416702,65.416702,12.219533,0.063437,EUR/kWh,/home/hku_user3/EnergyBridge_rl_dr_memory_202607/experiments/real_data/germany_2025_price.csv,7.0341,7.0341,1.0,1.0,,0.0,1.0,[],"['dishwasher', 'dryer', 'ev', 'washer', 'water_heater']",[]
household_s5_shared_roommates_irregular,household_s5_shared_roommates_irregular,rule_milp,Germany,1,2025-07-01,d01_hist_d01_1,hist_d01_1,1,/home/hku_user3/EnergyBridge_rl_dr_memory_202607/experiments/real_data/germany_2025_price.csv,18.0,1.0,/home/hku_user3/EnergyBridge_rl_dr_memory_202607/benchmark_results/2026-07-22_rule_milp_dr_memory_daily_july/_batch_logs/daily_event_configs/d01_hist_d01_1.json,skipped_done,0,0.0,/home/hku_user3/EnergyBridge_rl_dr_memory_202607/benchmark_results/2026-07-22_rule_milp_dr_memory_daily_july/household_s5_shared_roommates_irregular_rule_milp_germany_d01_hist_d01_1_2025-07-01_1day,/home/hku_user3/EnergyBridge_rl_dr_memory_202607/benchmark_results/2026-07-22_rule_milp_dr_memory_daily_july/_batch_logs/daily_dr_memory_germany_1day/household_s5_shared_roommates_irregular_rule_milp_germany_d01_hist_d01_1_2025-07-01_1day.log,/home/hku_user3/EnergyBridge_rl_dr_memory_202607/benchmark_results/2026-07-22_rule_milp_dr_memory_daily_july/household_s5_shared_roommates_irregular_rule_milp_germany_d01_hist_d01_1_2025-07-01_1day/run_summary.txt,0,83.538894,83.538894,27.426882,0.143667,EUR/kWh,/home/hku_user3/EnergyBridge_rl_dr_memory_202607/experiments/real_data/germany_2025_price.csv,8.0343,8.0343,0.0,0.0,1.962,1.0,1.0,"['dishwasher', 'dryer', 'ev', 'washer', 'water_heater']",[],[]
household_s1_dual_commuter_standard,household_s1_dual_commuter_standard,no_dr,Germany,1,2025-07-03,d03_hist_d03_1,hist_d03_1,3,/home/hku_user3/EnergyBridge_rl_dr_memory_202607/experiments/real_data/germany_2025_price.csv,16.0,1.0,/home/hku_user3/EnergyBridge_rl_dr_memory_202607/benchmark_results/2026-07-22_rule_milp_dr_memory_daily_july/_batch_logs/daily_event_configs/d03_hist_d03_1.json,skipped_done,0,0.0,/home/hku_user3/EnergyBridge_rl_dr_memory_202607/benchmark_results/2026-07-22_rule_milp_dr_memory_daily_july/household_s1_dual_commuter_standard_no_dr_germany_d03_hist_d03_1_2025-07-03_1day,/home/hku_user3/EnergyBridge_rl_dr_memory_202607/benchmark_results/2026-07-22_rule_milp_dr_memory_daily_july/_batch_logs/daily_dr_memory_germany_1day/household_s1_dual_commuter_standard_no_dr_germany_d03_hist_d03_1_2025-07-03_1day.log,/home/hku_user3/EnergyBridge_rl_dr_memory_202607/benchmark_results/2026-07-22_rule_milp_dr_memory_daily_july/household_s1_dual_commuter_standard_no_dr_germany_d03_hist_d03_1_2025-07-03_1day/run_summary.txt,0,65.927553,65.927553,18.017539,0.097027,EUR/kWh,/home/hku_user3/EnergyBridge_rl_dr_memory_202607/experiments/real_data/germany_2025_price.csv,7.0733,7.0733,1.0,1.0,,0.0,1.0,[],"['dishwasher', 'dryer', 'ev', 'washer', 'water_heater']",[]
household_s5_shared_roommates_irregular,household_s5_shared_roommates_irregular,rule_milp,Tianjin,1,2025-07-04,d04_hist_d04_1,hist_d04_1,4,/home/hku_user3/EnergyBridge_rl_dr_memory_202607/experiments/real_data/tianjin_tou_price_normalized.csv,16.0,1.0,/home/hku_user3/EnergyBridge_rl_dr_memory_202607/benchmark_results/2026-07-22_rule_milp_dr_memory_daily_july/_batch_logs/daily_event_configs/d04_hist_d04_1.json,skipped_done,0,0.0,/home/hku_user3/EnergyBridge_rl_dr_memory_202607/benchmark_results/2026-07-22_rule_milp_dr_memory_daily_july/household_s5_shared_roommates_irregular_rule_milp_tianjin_d04_hist_d04_1_2025-07-04_1day,/home/hku_user3/EnergyBridge_rl_dr_memory_202607/benchmark_results/2026-07-22_rule_milp_dr_memory_daily_july/_batch_logs/daily_dr_memory_tianjin_1day/household_s5_shared_roommates_irregular_rule_milp_tianjin_d04_hist_d04_1_2025-07-04_1day.log,/home/hku_user3/EnergyBridge_rl_dr_memory_202607/benchmark_results/2026-07-22_rule_milp_dr_memory_daily_july/household_s5_shared_roommates_irregular_rule_milp_tianjin_d04_hist_d04_1_2025-07-04_1day/run_summary.txt,0,74.815235,74.815235,66.784347,1.167536,normalized TOU cost/kWh,/home/hku_user3/EnergyBridge_rl_dr_memory_202607/experiments/real_data/tianjin_tou_price_normalized.csv,0.8666,0.8666,0.0,0.0,1.863,1.0,1.0,"['dishwasher', 'dryer', 'ev', 'washer', 'water_heater']",[],[]
household_s2_multigeneration_caregiver,household_s2_multigeneration_caregiver,rule_milp,Germany,1,2025-07-06,d06_hist_d06_1,hist_d06_1,6,/home/hku_user3/EnergyBridge_rl_dr_memory_202607/experiments/real_data/germany_2025_price.csv,18.0,1.0,/home/hku_user3/EnergyBridge_rl_dr_memory_202607/benchmark_results/2026-07-22_rule_milp_dr_memory_daily_july/_batch_logs/daily_event_configs/d06_hist_d06_1.json,skipped_done,0,0.0,/home/hku_user3/EnergyBridge_rl_dr_memory_202607/benchmark_results/2026-07-22_rule_milp_dr_memory_daily_july/household_s2_multigeneration_caregiver_rule_milp_germany_d06_hist_d06_1_2025-07-06_1day,/home/hku_user3/EnergyBridge_rl_dr_memory_202607/benchmark_results/2026-07-22_rule_milp_dr_memory_daily_july/_batch_logs/daily_dr_memory_germany_1day/household_s2_multigeneration_caregiver_rule_milp_germany_d06_hist_d06_1_2025-07-06_1day.log,/home/hku_user3/EnergyBridge_rl_dr_memory_202607/benchmark_results/2026-07-22_rule_milp_dr_memory_daily_july/household_s2_multigeneration_caregiver_rule_milp_germany_d06_hist_d06_1_2025-07-06_1day/run_summary.txt,0,42.661761,42.661761,12.941503,0.076056,EUR/kWh,/home/hku_user3/EnergyBridge_rl_dr_memory_202607/experiments/real_data/germany_2025_price.csv,6.7225,6.7225,0.0,0.0,1.9,1.0,1.0,"['dishwasher', 'dryer', 'ev', 'washer', 'water_heater']",[],[]
household_s1_dual_commuter_standard,household_s1_dual_commuter_standard,rule_milp,Tianjin,1,2025-07-02,d02_hist_d02_1,hist_d02_1,2,/home/hku_user3/EnergyBridge_rl_dr_memory_202607/experiments/real_data/tianjin_tou_price_normalized.csv,19.0,1.0,/home/hku_user3/EnergyBridge_rl_dr_memory_202607/benchmark_results/2026-07-22_rule_milp_dr_memory_daily_july/_batch_logs/daily_event_configs/d02_hist_d02_1.json,skipped_done,0,0.0,/home/hku_user3/EnergyBridge_rl_dr_memory_202607/benchmark_results/2026-07-22_rule_milp_dr_memory_daily_july/household_s1_dual_commuter_standard_rule_milp_tianjin_d02_hist_d02_1_2025-07-02_1day,/home/hku_user3/EnergyBridge_rl_dr_memory_202607/benchmark_results/2026-07-22_rule_milp_dr_memory_daily_july/_batch_logs/daily_dr_memory_tianjin_1day/household_s1_dual_commuter_standard_rule_milp_tianjin_d02_hist_d02_1_2025-07-02_1day.log,/home/hku_user3/EnergyBridge_rl_dr_memory_202607/benchmark_results/2026-07-22_rule_milp_dr_memory_daily_july/household_s1_dual_commuter_standard_rule_milp_tianjin_d02_hist_d02_1_2025-07-02_1day/run_summary.txt,0,69.368557,69.368557,66.525817,1.125594,normalized TOU cost/kWh,/home/hku_user3/EnergyBridge_rl_dr_memory_202607/experiments/real_data/tianjin_tou_price_normalized.csv,1.7871,1.7871,0.0,0.0,1.962,1.0,1.0,"['dishwasher', 'dryer', 'ev', 'washer', 'water_heater']",[],[]
household_s5_shared_roommates_irregular,household_s5_shared_roommates_irregular,no_dr,Tianjin,1,2025-07-04,d04_hist_d04_1,hist_d04_1,4,/home/hku_user3/EnergyBridge_rl_dr_memory_202607/experiments/real_data/tianjin_tou_price_normalized.csv,16.0,1.0,/home/hku_user3/EnergyBridge_rl_dr_memory_202607/benchmark_results/2026-07-22_rule_milp_dr_memory_daily_july/_batch_logs/daily_event_configs/d04_hist_d04_1.json,skipped_done,0,0.0,/home/hku_user3/EnergyBridge_rl_dr_memory_202607/benchmark_results/2026-07-22_rule_milp_dr_memory_daily_july/household_s5_shared_roommates_irregular_no_dr_tianjin_d04_hist_d04_1_2025-07-04_1day,/home/hku_user3/EnergyBridge_rl_dr_memory_202607/benchmark_results/2026-07-22_rule_milp_dr_memory_daily_july/_batch_logs/daily_dr_memory_tianjin_1day/household_s5_shared_roommates_irregular_no_dr_tianjin_d04_hist_d04_1_2025-07-04_1day.log,/home/hku_user3/EnergyBridge_rl_dr_memory_202607/benchmark_results/2026-07-22_rule_milp_dr_memory_daily_july/household_s5_shared_roommates_irregular_no_dr_tianjin_d04_hist_d04_1_2025-07-04_1day/run_summary.txt,0,74.846028,74.846028,79.172026,1.167502,normalized TOU cost/kWh,/home/hku_user3/EnergyBridge_rl_dr_memory_202607/experiments/real_data/tianjin_tou_price_normalized.csv,1.5117,1.5117,1.0,1.0,,0.0,0.8,[],"['dishwasher', 'dryer', 'ev', 'washer', 'water_heater']",[]
household_s3_hybrid_work_from_home,household_s3_hybrid_work_from_home,rule_milp,Germany,1,2025-07-04,d04_hist_d04_1,hist_d04_1,4,/home/hku_user3/EnergyBridge_rl_dr_memory_202607/experiments/real_data/germany_2025_price.csv,16.0,1.0,/home/hku_user3/EnergyBridge_rl_dr_memory_202607/benchmark_results/2026-07-22_rule_milp_dr_memory_daily_july/_batch_logs/daily_event_configs/d04_hist_d04_1.json,skipped_done,0,0.0,/home/hku_user3/EnergyBridge_rl_dr_memory_202607/benchmark_results/2026-07-22_rule_milp_dr_memory_daily_july/household_s3_hybrid_work_from_home_rule_milp_germany_d04_hist_d04_1_2025-07-04_1day,/home/hku_user3/EnergyBridge_rl_dr_memory_202607/benchmark_results/2026-07-22_rule_milp_dr_memory_daily_july/_batch_logs/daily_dr_memory_germany_1day/household_s3_hybrid_work_from_home_rule_milp_germany_d04_hist_d04_1_2025-07-04_1day.log,/home/hku_user3/EnergyBridge_rl_dr_memory_202607/benchmark_results/2026-07-22_rule_milp_dr_memory_daily_july/household_s3_hybrid_work_from_home_rule_milp_germany_d04_hist_d04_1_2025-07-04_1day/run_summary.txt,0,63.204547,63.204547,16.469705,0.087399,EUR/kWh,/home/hku_user3/EnergyBridge_rl_dr_memory_202607/experiments/real_data/germany_2025_price.csv,6.6346,6.6346,0.0,0.0,1.983,1.0,1.0,"['dishwasher', 'dryer', 'ev', 'washer', 'water_heater']",[],[]
household_s4_ev_commuter_flexible,household_s4_ev_commuter_flexible,rule_milp,Tianjin,1,2025-07-02,d02_hist_d02_1,hist_d02_1,2,/home/hku_user3/EnergyBridge_rl_dr_memory_202607/experiments/real_data/tianjin_tou_price_normalized.csv,19.0,1.0,/home/hku_user3/EnergyBridge_rl_dr_memory_202607/benchmark_results/2026-07-22_rule_milp_dr_memory_daily_july/_batch_logs/daily_event_configs/d02_hist_d02_1.json,skipped_done,0,0.0,/home/hku_user3/EnergyBridge_rl_dr_memory_202607/benchmark_results/2026-07-22_rule_milp_dr_memory_daily_july/household_s4_ev_commuter_flexible_rule_milp_tianjin_d02_hist_d02_1_2025-07-02_1day,/home/hku_user3/EnergyBridge_rl_dr_memory_202607/benchmark_results/2026-07-22_rule_milp_dr_memory_daily_july/_batch_logs/daily_dr_memory_tianjin_1day/household_s4_ev_commuter_flexible_rule_milp_tianjin_d02_hist_d02_1_2025-07-02_1day.log,/home/hku_user3/EnergyBridge_rl_dr_memory_202607/benchmark_results/2026-07-22_rule_milp_dr_memory_daily_july/household_s4_ev_commuter_flexible_rule_milp_tianjin_d02_hist_d02_1_2025-07-02_1day/run_summary.txt,0,62.608912,62.608912,59.596107,1.060653,normalized TOU cost/kWh,/home/hku_user3/EnergyBridge_rl_dr_memory_202607/experiments/real_data/tianjin_tou_price_normalized.csv,0.4313,0.4313,1.0,1.0,2.598,1.0,1.0,"['dishwasher', 'dryer', 'ev', 'washer', 'water_heater']",[],[]
household_s3_hybrid_work_from_home,household_s3_hybrid_work_from_home,no_dr,Tianjin,1,2025-07-06,d06_hist_d06_1,hist_d06_1,6,/home/hku_user3/EnergyBridge_rl_dr_memory_202607/experiments/real_data/tianjin_tou_price_normalized.csv,18.0,1.0,/home/hku_user3/EnergyBridge_rl_dr_memory_202607/benchmark_results/2026-07-22_rule_milp_dr_memory_daily_july/_batch_logs/daily_event_configs/d06_hist_d06_1.json,skipped_done,0,0.0,/home/hku_user3/EnergyBridge_rl_dr_memory_202607/benchmark_results/2026-07-22_rule_milp_dr_memory_daily_july/household_s3_hybrid_work_from_home_no_dr_tianjin_d06_hist_d06_1_2025-07-06_1day,/home/hku_user3/EnergyBridge_rl_dr_memory_202607/benchmark_results/2026-07-22_rule_milp_dr_memory_daily_july/_batch_logs/daily_dr_memory_tianjin_1day/household_s3_hybrid_work_from_home_no_dr_tianjin_d06_hist_d06_1_2025-07-06_1day.log,/home/hku_user3/EnergyBridge_rl_dr_memory_202607/benchmark_results/2026-07-22_rule_milp_dr_memory_daily_july/household_s3_hybrid_work_from_home_no_dr_tianjin_d06_hist_d06_1_2025-07-06_1day/run_summary.txt,0,64.828737,64.828737,69.048708,1.16139,normalized TOU cost/kWh,/home/hku_user3/EnergyBridge_rl_dr_memory_202607/experiments/real_data/tianjin_tou_price_normalized.csv,5.2144,5.2144,1.0,1.0,,0.0,0.8,[],"['dishwasher', 'dryer', 'ev', 'washer', 'water_heater']",[]
household_s1_dual_commuter_standard,household_s1_dual_commuter_standard,rule_milp,Germany,1,2025-07-04,d04_hist_d04_1,hist_d04_1,4,/home/hku_user3/EnergyBridge_rl_dr_memory_202607/experiments/real_data/germany_2025_price.csv,16.0,1.0,/home/hku_user3/EnergyBridge_rl_dr_memory_202607/benchmark_results/2026-07-22_rule_milp_dr_memory_daily_july/_batch_logs/daily_event_configs/d04_hist_d04_1.json,skipped_done,0,0.0,/home/hku_user3/EnergyBridge_rl_dr_memory_202607/benchmark_results/2026-07-22_rule_milp_dr_memory_daily_july/household_s1_dual_commuter_standard_rule_milp_germany_d04_hist_d04_1_2025-07-04_1day,/home/hku_user3/EnergyBridge_rl_dr_memory_202607/benchmark_results/2026-07-22_rule_milp_dr_memory_daily_july/_batch_logs/daily_dr_memory_germany_1day/household_s1_dual_commuter_standard_rule_milp_germany_d04_hist_d04_1_2025-07-04_1day.log,/home/hku_user3/EnergyBridge_rl_dr_memory_202607/benchmark_results/2026-07-22_rule_milp_dr_memory_daily_july/household_s1_dual_commuter_standard_rule_milp_germany_d04_hist_d04_1_2025-07-04_1day/run_summary.txt,0,74.148767,74.148767,16.82231,0.088303,EUR/kWh,/home/hku_user3/EnergyBridge_rl_dr_memory_202607/experiments/real_data/germany_2025_price.csv,5.6772,5.6772,0.0,0.0,1.962,1.0,1.0,"['dishwasher', 'dryer', 'ev', 'washer', 'water_heater']",[],[]
household_s4_ev_commuter_flexible,household_s4_ev_commuter_flexible,rule_milp,Tianjin,1,2025-07-04,d04_hist_d04_1,hist_d04_1,4,/home/hku_user3/EnergyBridge_rl_dr_memory_202607/experiments/real_data/tianjin_tou_price_normalized.csv,16.0,1.0,/home/hku_user3/EnergyBridge_rl_dr_memory_202607/benchmark_results/2026-07-22_rule_milp_dr_memory_daily_july/_batch_logs/daily_event_configs/d04_hist_d04_1.json,skipped_done,0,0.0,/home/hku_user3/EnergyBridge_rl_dr_memory_202607/benchmark_results/2026-07-22_rule_milp_dr_memory_daily_july/household_s4_ev_commuter_flexible_rule_milp_tianjin_d04_hist_d04_1_2025-07-04_1day,/home/hku_user3/EnergyBridge_rl_dr_memory_202607/benchmark_results/2026-07-22_rule_milp_dr_memory_daily_july/_batch_logs/daily_dr_memory_tianjin_1day/household_s4_ev_commuter_flexible_rule_milp_tianjin_d04_hist_d04_1_2025-07-04_1day.log,/home/hku_user3/EnergyBridge_rl_dr_memory_202607/benchmark_results/2026-07-22_rule_milp_dr_memory_daily_july/household_s4_ev_commuter_flexible_rule_milp_tianjin_d04_hist_d04_1_2025-07-04_1day/run_summary.txt,0,85.060839,85.060839,74.963753,1.147453,normalized TOU cost/kWh,/home/hku_user3/EnergyBridge_rl_dr_memory_202607/experiments/real_data/tianjin_tou_price_normalized.csv,0.209,0.209,0.0,0.0,1.265,1.0,1.0,"['dishwasher', 'dryer', 'ev', 'washer', 'water_heater']",[],[]
household_s1_dual_commuter_standard,household_s1_dual_commuter_standard,no_dr,Germany,1,2025-07-06,d06_hist_d06_1,hist_d06_1,6,/home/hku_user3/EnergyBridge_rl_dr_memory_202607/experiments/real_data/germany_2025_price.csv,18.0,1.0,/home/hku_user3/EnergyBridge_rl_dr_memory_202607/benchmark_results/2026-07-22_rule_milp_dr_memory_daily_july/_batch_logs/daily_event_configs/d06_hist_d06_1.json,skipped_done,0,0.0,/home/hku_user3/EnergyBridge_rl_dr_memory_202607/benchmark_results/2026-07-22_rule_milp_dr_memory_daily_july/household_s1_dual_commuter_standard_no_dr_germany_d06_hist_d06_1_2025-07-06_1day,/home/hku_user3/EnergyBridge_rl_dr_memory_202607/benchmark_results/2026-07-22_rule_milp_dr_memory_daily_july/_batch_logs/daily_dr_memory_germany_1day/household_s1_dual_commuter_standard_no_dr_germany_d06_hist_d06_1_2025-07-06_1day.log,/home/hku_user3/EnergyBridge_rl_dr_memory_202607/benchmark_results/2026-07-22_rule_milp_dr_memory_daily_july/household_s1_dual_commuter_standard_no_dr_germany_d06_hist_d06_1_2025-07-06_1day/run_summary.txt,0,50.359225,50.359225,13.920677,0.079068,EUR/kWh,/home/hku_user3/EnergyBridge_rl_dr_memory_202607/experiments/real_data/germany_2025_price.csv,9.698,9.698,1.0,1.0,,0.0,1.0,[],"['dishwasher', 'dryer', 'ev', 'washer', 'water_heater']",[]
household_s2_multigeneration_caregiver,household_s2_multigeneration_caregiver,no_dr,Germany,1,2025-07-04,d04_hist_d04_1,hist_d04_1,4,/home/hku_user3/EnergyBridge_rl_dr_memory_202607/experiments/real_data/germany_2025_price.csv,16.0,1.0,/home/hku_user3/EnergyBridge_rl_dr_memory_202607/benchmark_results/2026-07-22_rule_milp_dr_memory_daily_july/_batch_logs/daily_event_configs/d04_hist_d04_1.json,skipped_done,0,0.0,/home/hku_user3/EnergyBridge_rl_dr_memory_202607/benchmark_results/2026-07-22_rule_milp_dr_memory_daily_july/household_s2_multigeneration_caregiver_no_dr_germany_d04_hist_d04_1_2025-07-04_1day,/home/hku_user3/EnergyBridge_rl_dr_memory_202607/benchmark_results/2026-07-22_rule_milp_dr_memory_daily_july/_batch_logs/daily_dr_memory_germany_1day/household_s2_multigeneration_caregiver_no_dr_germany_d04_hist_d04_1_2025-07-04_1day.log,/home/hku_user3/EnergyBridge_rl_dr_memory_202607/benchmark_results/2026-07-22_rule_milp_dr_memory_daily_july/household_s2_multigeneration_caregiver_no_dr_germany_d04_hist_d04_1_2025-07-04_1day/run_summary.txt,0,55.778388,55.778388,16.808282,0.089247,EUR/kWh,/home/hku_user3/EnergyBridge_rl_dr_memory_202607/experiments/real_data/germany_2025_price.csv,6.9733,6.9733,1.0,1.0,,0.0,0.8,[],"['dishwasher', 'dryer', 'ev', 'washer', 'water_heater']",[]
household_s4_ev_commuter_flexible,household_s4_ev_commuter_flexible,no_dr,Tianjin,1,2025-07-04,d04_hist_d04_1,hist_d04_1,4,/home/hku_user3/EnergyBridge_rl_dr_memory_202607/experiments/real_data/tianjin_tou_price_normalized.csv,16.0,1.0,/home/hku_user3/EnergyBridge_rl_dr_memory_202607/benchmark_results/2026-07-22_rule_milp_dr_memory_daily_july/_batch_logs/daily_event_configs/d04_hist_d04_1.json,skipped_done,0,0.0,/home/hku_user3/EnergyBridge_rl_dr_memory_202607/benchmark_results/2026-07-22_rule_milp_dr_memory_daily_july/household_s4_ev_commuter_flexible_no_dr_tianjin_d04_hist_d04_1_2025-07-04_1day,/home/hku_user3/EnergyBridge_rl_dr_memory_202607/benchmark_results/2026-07-22_rule_milp_dr_memory_daily_july/_batch_logs/daily_dr_memory_tianjin_1day/household_s4_ev_commuter_flexible_no_dr_tianjin_d04_hist_d04_1_2025-07-04_1day.log,/home/hku_user3/EnergyBridge_rl_dr_memory_202607/benchmark_results/2026-07-22_rule_milp_dr_memory_daily_july/household_s4_ev_commuter_flexible_no_dr_tianjin_d04_hist_d04_1_2025-07-04_1day/run_summary.txt,0,83.008347,83.008347,87.334344,1.149507,normalized TOU cost/kWh,/home/hku_user3/EnergyBridge_rl_dr_memory_202607/experiments/real_data/tianjin_tou_price_normalized.csv,1.5117,1.5117,1.0,1.0,,0.0,1.0,[],"['dishwasher', 'dryer', 'ev', 'washer', 'water_heater']",[]
household_s2_multigeneration_caregiver,household_s2_multigeneration_caregiver,rule_milp,Tianjin,1,2025-07-04,d04_hist_d04_1,hist_d04_1,4,/home/hku_user3/EnergyBridge_rl_dr_memory_202607/experiments/real_data/tianjin_tou_price_normalized.csv,16.0,1.0,/home/hku_user3/EnergyBridge_rl_dr_memory_202607/benchmark_results/2026-07-22_rule_milp_dr_memory_daily_july/_batch_logs/daily_event_configs/d04_hist_d04_1.json,skipped_done,0,0.0,/home/hku_user3/EnergyBridge_rl_dr_memory_202607/benchmark_results/2026-07-22_rule_milp_dr_memory_daily_july/household_s2_multigeneration_caregiver_rule_milp_tianjin_d04_hist_d04_1_2025-07-04_1day,/home/hku_user3/EnergyBridge_rl_dr_memory_202607/benchmark_results/2026-07-22_rule_milp_dr_memory_daily_july/_batch_logs/daily_dr_memory_tianjin_1day/household_s2_multigeneration_caregiver_rule_milp_tianjin_d04_hist_d04_1_2025-07-04_1day.log,/home/hku_user3/EnergyBridge_rl_dr_memory_202607/benchmark_results/2026-07-22_rule_milp_dr_memory_daily_july/household_s2_multigeneration_caregiver_rule_milp_tianjin_d04_hist_d04_1_2025-07-04_1day/run_summary.txt,0,78.518706,78.518706,70.831834,1.197762,normalized TOU cost/kWh,/home/hku_user3/EnergyBridge_rl_dr_memory_202607/experiments/real_data/tianjin_tou_price_normalized.csv,2.0551,2.0551,0.0,0.0,1.9,1.0,1.0,"['dishwasher', 'dryer', 'ev', 'washer', 'water_heater']",[],[]
household_s2_multigeneration_caregiver,household_s2_multigeneration_caregiver,no_dr,Tianjin,1,2025-07-05,d05_hist_d05_1,hist_d05_1,5,/home/hku_user3/EnergyBridge_rl_dr_memory_202607/experiments/real_data/tianjin_tou_price_normalized.csv,16.0,1.0,/home/hku_user3/EnergyBridge_rl_dr_memory_202607/benchmark_results/2026-07-22_rule_milp_dr_memory_daily_july/_batch_logs/daily_event_configs/d05_hist_d05_1.json,skipped_done,0,0.0,/home/hku_user3/EnergyBridge_rl_dr_memory_202607/benchmark_results/2026-07-22_rule_milp_dr_memory_daily_july/household_s2_multigeneration_caregiver_no_dr_tianjin_d05_hist_d05_1_2025-07-05_1day,/home/hku_user3/EnergyBridge_rl_dr_memory_202607/benchmark_results/2026-07-22_rule_milp_dr_memory_daily_july/_batch_logs/daily_dr_memory_tianjin_1day/household_s2_multigeneration_caregiver_no_dr_tianjin_d05_hist_d05_1_2025-07-05_1day.log,/home/hku_user3/EnergyBridge_rl_dr_memory_202607/benchmark_results/2026-07-22_rule_milp_dr_memory_daily_july/household_s2_multigeneration_caregiver_no_dr_tianjin_d05_hist_d05_1_2025-07-05_1day/run_summary.txt,0,77.151096,77.151096,68.466209,1.170153,normalized TOU cost/kWh,/home/hku_user3/EnergyBridge_rl_dr_memory_202607/experiments/real_data/tianjin_tou_price_normalized.csv,1.7504,1.7504,1.0,1.0,,0.0,0.8,[],"['dishwasher', 'dryer', 'ev', 'washer', 'water_heater']",[]
household_s3_hybrid_work_from_home,household_s3_hybrid_work_from_home,rule_milp,Germany,1,2025-07-01,d01_hist_d01_1,hist_d01_1,1,/home/hku_user3/EnergyBridge_rl_dr_memory_202607/experiments/real_data/germany_2025_price.csv,18.0,1.0,/home/hku_user3/EnergyBridge_rl_dr_memory_202607/benchmark_results/2026-07-22_rule_milp_dr_memory_daily_july/_batch_logs/daily_event_configs/d01_hist_d01_1.json,skipped_done,0,0.0,/home/hku_user3/EnergyBridge_rl_dr_memory_202607/benchmark_results/2026-07-22_rule_milp_dr_memory_daily_july/household_s3_hybrid_work_from_home_rule_milp_germany_d01_hist_d01_1_2025-07-01_1day,/home/hku_user3/EnergyBridge_rl_dr_memory_202607/benchmark_results/2026-07-22_rule_milp_dr_memory_daily_july/_batch_logs/daily_dr_memory_germany_1day/household_s3_hybrid_work_from_home_rule_milp_germany_d01_hist_d01_1_2025-07-01_1day.log,/home/hku_user3/EnergyBridge_rl_dr_memory_202607/benchmark_results/2026-07-22_rule_milp_dr_memory_daily_july/household_s3_hybrid_work_from_home_rule_milp_germany_d01_hist_d01_1_2025-07-01_1day/run_summary.txt,0,78.992581,78.992581,27.472606,0.142153,EUR/kWh,/home/hku_user3/EnergyBridge_rl_dr_memory_202607/experiments/real_data/germany_2025_price.csv,7.8233,7.8233,0.0,0.0,1.983,1.0,1.0,"['dishwasher', 'dryer', 'ev', 'washer', 'water_heater']",[],[]
household_s2_multigeneration_caregiver,household_s2_multigeneration_caregiver,rule_milp,Tianjin,1,2025-07-01,d01_hist_d01_1,hist_d01_1,1,/home/hku_user3/EnergyBridge_rl_dr_memory_202607/experiments/real_data/tianjin_tou_price_normalized.csv,18.0,1.0,/home/hku_user3/EnergyBridge_rl_dr_memory_202607/benchmark_results/2026-07-22_rule_milp_dr_memory_daily_july/_batch_logs/daily_event_configs/d01_hist_d01_1.json,skipped_done,0,0.0,/home/hku_user3/EnergyBridge_rl_dr_memory_202607/benchmark_results/2026-07-22_rule_milp_dr_memory_daily_july/household_s2_multigeneration_caregiver_rule_milp_tianjin_d01_hist_d01_1_2025-07-01_1day,/home/hku_user3/EnergyBridge_rl_dr_memory_202607/benchmark_results/2026-07-22_rule_milp_dr_memory_daily_july/_batch_logs/daily_dr_memory_tianjin_1day/household_s2_multigeneration_caregiver_rule_milp_tianjin_d01_hist_d01_1_2025-07-01_1day.log,/home/hku_user3/EnergyBridge_rl_dr_memory_202607/benchmark_results/2026-07-22_rule_milp_dr_memory_daily_july/household_s2_multigeneration_caregiver_rule_milp_tianjin_d01_hist_d01_1_2025-07-01_1day/run_summary.txt,0,79.358547,79.358547,66.688877,1.205938,normalized TOU cost/kWh,/home/hku_user3/EnergyBridge_rl_dr_memory_202607/experiments/real_data/tianjin_tou_price_normalized.csv,3.2073,3.2073,0.0,0.0,1.988,1.0,1.0,"['dishwasher', 'dryer', 'ev', 'washer', 'water_heater']",[],[]
household_s3_hybrid_work_from_home,household_s3_hybrid_work_from_home,no_dr,Germany,1,2025-07-06,d06_hist_d06_1,hist_d06_1,6,/home/hku_user3/EnergyBridge_rl_dr_memory_202607/experiments/real_data/germany_2025_price.csv,18.0,1.0,/home/hku_user3/EnergyBridge_rl_dr_memory_202607/benchmark_results/2026-07-22_rule_milp_dr_memory_daily_july/_batch_logs/daily_event_configs/d06_hist_d06_1.json,skipped_done,0,0.0,/home/hku_user3/EnergyBridge_rl_dr_memory_202607/benchmark_results/2026-07-22_rule_milp_dr_memory_daily_july/household_s3_hybrid_work_from_home_no_dr_germany_d06_hist_d06_1_2025-07-06_1day,/home/hku_user3/EnergyBridge_rl_dr_memory_202607/benchmark_results/2026-07-22_rule_milp_dr_memory_daily_july/_batch_logs/daily_dr_memory_germany_1day/household_s3_hybrid_work_from_home_no_dr_germany_d06_hist_d06_1_2025-07-06_1day.log,/home/hku_user3/EnergyBridge_rl_dr_memory_202607/benchmark_results/2026-07-22_rule_milp_dr_memory_daily_july/household_s3_hybrid_work_from_home_no_dr_germany_d06_hist_d06_1_2025-07-06_1day/run_summary.txt,0,46.751333,46.751333,13.606455,0.07873,EUR/kWh,/home/hku_user3/EnergyBridge_rl_dr_memory_202607/experiments/real_data/germany_2025_price.csv,9.6991,9.6991,1.0,1.0,,0.0,0.8,[],"['dishwasher', 'dryer', 'ev', 'washer', 'water_heater']",[]
household_s5_shared_roommates_irregular,household_s5_shared_roommates_irregular,no_dr,Germany,1,2025-07-01,d01_hist_d01_1,hist_d01_1,1,/home/hku_user3/EnergyBridge_rl_dr_memory_202607/experiments/real_data/germany_2025_price.csv,18.0,1.0,/home/hku_user3/EnergyBridge_rl_dr_memory_202607/benchmark_results/2026-07-22_rule_milp_dr_memory_daily_july/_batch_logs/daily_event_configs/d01_hist_d01_1.json,skipped_done,0,0.0,/home/hku_user3/EnergyBridge_rl_dr_memory_202607/benchmark_results/2026-07-22_rule_milp_dr_memory_daily_july/household_s5_shared_roommates_irregular_no_dr_germany_d01_hist_d01_1_2025-07-01_1day,/home/hku_user3/EnergyBridge_rl_dr_memory_202607/benchmark_results/2026-07-22_rule_milp_dr_memory_daily_july/_batch_logs/daily_dr_memory_germany_1day/household_s5_shared_roommates_irregular_no_dr_germany_d01_hist_d01_1_2025-07-01_1day.log,/home/hku_user3/EnergyBridge_rl_dr_memory_202607/benchmark_results/2026-07-22_rule_milp_dr_memory_daily_july/household_s5_shared_roommates_irregular_no_dr_germany_d01_hist_d01_1_2025-07-01_1day/run_summary.txt,0,75.740138,75.740138,29.470785,0.148448,EUR/kWh,/home/hku_user3/EnergyBridge_rl_dr_memory_202607/experiments/real_data/germany_2025_price.csv,11.2228,11.2228,1.0,1.0,,0.0,1.0,[],"['dishwasher', 'dryer', 'ev', 'washer', 'water_heater']",[]
household_s3_hybrid_work_from_home,household_s3_hybrid_work_from_home,no_dr,Germany,1,2025-07-01,d01_hist_d01_1,hist_d01_1,1,/home/hku_user3/EnergyBridge_rl_dr_memory_202607/experiments/real_data/germany_2025_price.csv,18.0,1.0,/home/hku_user3/EnergyBridge_rl_dr_memory_202607/benchmark_results/2026-07-22_rule_milp_dr_memory_daily_july/_batch_logs/daily_event_configs/d01_hist_d01_1.json,skipped_done,0,0.0,/home/hku_user3/EnergyBridge_rl_dr_memory_202607/benchmark_results/2026-07-22_rule_milp_dr_memory_daily_july/household_s3_hybrid_work_from_home_no_dr_germany_d01_hist_d01_1_2025-07-01_1day,/home/hku_user3/EnergyBridge_rl_dr_memory_202607/benchmark_results/2026-07-22_rule_milp_dr_memory_daily_july/_batch_logs/daily_dr_memory_germany_1day/household_s3_hybrid_work_from_home_no_dr_germany_d01_hist_d01_1_2025-07-01_1day.log,/home/hku_user3/EnergyBridge_rl_dr_memory_202607/benchmark_results/2026-07-22_rule_milp_dr_memory_daily_july/household_s3_hybrid_work_from_home_no_dr_germany_d01_hist_d01_1_2025-07-01_1day/run_summary.txt,0,76.036833,76.036833,29.466441,0.148518,EUR/kWh,/home/hku_user3/EnergyBridge_rl_dr_memory_202607/experiments/real_data/germany_2025_price.csv,11.2333,11.2333,1.0,1.0,,0.0,0.8,[],"['dishwasher', 'dryer', 'ev', 'washer', 'water_heater']",[]
household_s2_multigeneration_caregiver,household_s2_multigeneration_caregiver,no_dr,Tianjin,1,2025-07-01,d01_hist_d01_1,hist_d01_1,1,/home/hku_user3/EnergyBridge_rl_dr_memory_202607/experiments/real_data/tianjin_tou_price_normalized.csv,18.0,1.0,/home/hku_user3/EnergyBridge_rl_dr_memory_202607/benchmark_results/2026-07-22_rule_milp_dr_memory_daily_july/_batch_logs/daily_event_configs/d01_hist_d01_1.json,skipped_done,0,0.0,/home/hku_user3/EnergyBridge_rl_dr_memory_202607/benchmark_results/2026-07-22_rule_milp_dr_memory_daily_july/household_s2_multigeneration_caregiver_no_dr_tianjin_d01_hist_d01_1_2025-07-01_1day,/home/hku_user3/EnergyBridge_rl_dr_memory_202607/benchmark_results/2026-07-22_rule_milp_dr_memory_daily_july/_batch_logs/daily_dr_memory_tianjin_1day/household_s2_multigeneration_caregiver_no_dr_tianjin_d01_hist_d01_1_2025-07-01_1day.log,/home/hku_user3/EnergyBridge_rl_dr_memory_202607/benchmark_results/2026-07-22_rule_milp_dr_memory_daily_july/household_s2_multigeneration_caregiver_no_dr_tianjin_d01_hist_d01_1_2025-07-01_1day/run_summary.txt,0,72.809309,72.809309,69.682187,1.183866,normalized TOU cost/kWh,/home/hku_user3/EnergyBridge_rl_dr_memory_202607/experiments/real_data/tianjin_tou_price_normalized.csv,6.323,6.323,1.0,1.0,,0.0,1.0,[],"['dishwasher', 'dryer', 'ev', 'washer', 'water_heater']",[]
household_s2_multigeneration_caregiver,household_s2_multigeneration_caregiver,rule_milp,Germany,1,2025-07-05,d05_hist_d05_1,hist_d05_1,5,/home/hku_user3/EnergyBridge_rl_dr_memory_202607/experiments/real_data/germany_2025_price.csv,16.0,1.0,/home/hku_user3/EnergyBridge_rl_dr_memory_202607/benchmark_results/2026-07-22_rule_milp_dr_memory_daily_july/_batch_logs/daily_event_configs/d05_hist_d05_1.json,skipped_done,0,0.0,/home/hku_user3/EnergyBridge_rl_dr_memory_202607/benchmark_results/2026-07-22_rule_milp_dr_memory_daily_july/household_s2_multigeneration_caregiver_rule_milp_germany_d05_hist_d05_1_2025-07-05_1day,/home/hku_user3/EnergyBridge_rl_dr_memory_202607/benchmark_results/2026-07-22_rule_milp_dr_memory_daily_july/_batch_logs/daily_dr_memory_germany_1day/household_s2_multigeneration_caregiver_rule_milp_germany_d05_hist_d05_1_2025-07-05_1day.log,/home/hku_user3/EnergyBridge_rl_dr_memory_202607/benchmark_results/2026-07-22_rule_milp_dr_memory_daily_july/household_s2_multigeneration_caregiver_rule_milp_germany_d05_hist_d05_1_2025-07-05_1day/run_summary.txt,0,68.408466,68.408466,10.800654,0.05941,EUR/kWh,/home/hku_user3/EnergyBridge_rl_dr_memory_202607/experiments/real_data/germany_2025_price.csv,5.5384,5.5384,0.0,0.0,1.198,1.0,1.0,"['dishwasher', 'dryer', 'ev', 'washer', 'water_heater']",[],[]
household_s2_multigeneration_caregiver,household_s2_multigeneration_caregiver,no_dr,Germany,1,2025-07-01,d01_hist_d01_1,hist_d01_1,1,/home/hku_user3/EnergyBridge_rl_dr_memory_202607/experiments/real_data/germany_2025_price.csv,18.0,1.0,/home/hku_user3/EnergyBridge_rl_dr_memory_202607/benchmark_results/2026-07-22_rule_milp_dr_memory_daily_july/_batch_logs/daily_event_configs/d01_hist_d01_1.json,skipped_done,0,0.0,/home/hku_user3/EnergyBridge_rl_dr_memory_202607/benchmark_results/2026-07-22_rule_milp_dr_memory_daily_july/household_s2_multigeneration_caregiver_no_dr_germany_d01_hist_d01_1_2025-07-01_1day,/home/hku_user3/EnergyBridge_rl_dr_memory_202607/benchmark_results/2026-07-22_rule_milp_dr_memory_daily_july/_batch_logs/daily_dr_memory_germany_1day/household_s2_multigeneration_caregiver_no_dr_germany_d01_hist_d01_1_2025-07-01_1day.log,/home/hku_user3/EnergyBridge_rl_dr_memory_202607/benchmark_results/2026-07-22_rule_milp_dr_memory_daily_july/household_s2_multigeneration_caregiver_no_dr_germany_d01_hist_d01_1_2025-07-01_1day/run_summary.txt,0,71.914899,71.914899,28.902081,0.149171,EUR/kWh,/home/hku_user3/EnergyBridge_rl_dr_memory_202607/experiments/real_data/germany_2025_price.csv,11.277,11.277,1.0,1.0,,0.0,1.0,[],"['dishwasher', 'dryer', 'ev', 'washer', 'water_heater']",[]
household_s1_dual_commuter_standard,household_s1_dual_commuter_standard,rule_milp,Tianjin,1,2025-07-03,d03_hist_d03_1,hist_d03_1,3,/home/hku_user3/EnergyBridge_rl_dr_memory_202607/experiments/real_data/tianjin_tou_price_normalized.csv,16.0,1.0,/home/hku_user3/EnergyBridge_rl_dr_memory_202607/benchmark_results/2026-07-22_rule_milp_dr_memory_daily_july/_batch_logs/daily_event_configs/d03_hist_d03_1.json,skipped_done,0,0.0,/home/hku_user3/EnergyBridge_rl_dr_memory_202607/benchmark_results/2026-07-22_rule_milp_dr_memory_daily_july/household_s1_dual_commuter_standard_rule_milp_tianjin_d03_hist_d03_1_2025-07-03_1day,/home/hku_user3/EnergyBridge_rl_dr_memory_202607/benchmark_results/2026-07-22_rule_milp_dr_memory_daily_july/_batch_logs/daily_dr_memory_tianjin_1day/household_s1_dual_commuter_standard_rule_milp_tianjin_d03_hist_d03_1_2025-07-03_1day.log,/home/hku_user3/EnergyBridge_rl_dr_memory_202607/benchmark_results/2026-07-22_rule_milp_dr_memory_daily_july/household_s1_dual_commuter_standard_rule_milp_tianjin_d03_hist_d03_1_2025-07-03_1day/run_summary.txt,0,70.365123,70.365123,67.35039,1.172538,normalized TOU cost/kWh,/home/hku_user3/EnergyBridge_rl_dr_memory_202607/experiments/real_data/tianjin_tou_price_normalized.csv,0.8658,0.8658,0.0,0.0,1.962,1.0,1.0,"['dishwasher', 'dryer', 'ev', 'washer', 'water_heater']",[],[]
household_s2_multigeneration_caregiver,household_s2_multigeneration_caregiver,no_dr,Germany,1,2025-07-03,d03_hist_d03_1,hist_d03_1,3,/home/hku_user3/EnergyBridge_rl_dr_memory_202607/experiments/real_data/germany_2025_price.csv,16.0,1.0,/home/hku_user3/EnergyBridge_rl_dr_memory_202607/benchmark_results/2026-07-22_rule_milp_dr_memory_daily_july/_batch_logs/daily_event_configs/d03_hist_d03_1.json,skipped_done,0,0.0,/home/hku_user3/EnergyBridge_rl_dr_memory_202607/benchmark_results/2026-07-22_rule_milp_dr_memory_daily_july/household_s2_multigeneration_caregiver_no_dr_germany_d03_hist_d03_1_2025-07-03_1day,/home/hku_user3/EnergyBridge_rl_dr_memory_202607/benchmark_results/2026-07-22_rule_milp_dr_memory_daily_july/_batch_logs/daily_dr_memory_germany_1day/household_s2_multigeneration_caregiver_no_dr_germany_d03_hist_d03_1_2025-07-03_1day.log,/home/hku_user3/EnergyBridge_rl_dr_memory_202607/benchmark_results/2026-07-22_rule_milp_dr_memory_daily_july/household_s2_multigeneration_caregiver_no_dr_germany_d03_hist_d03_1_2025-07-03_1day/run_summary.txt,0,58.439319,58.439319,17.479567,0.096555,EUR/kWh,/home/hku_user3/EnergyBridge_rl_dr_memory_202607/experiments/real_data/germany_2025_price.csv,7.1172,7.1172,1.0,1.0,,0.0,0.8,[],"['dishwasher', 'dryer', 'ev', 'washer', 'water_heater']",[]
household_s1_dual_commuter_standard,household_s1_dual_commuter_standard,rule_milp,Germany,1,2025-07-03,d03_hist_d03_1,hist_d03_1,3,/home/hku_user3/EnergyBridge_rl_dr_memory_202607/experiments/real_data/germany_2025_price.csv,16.0,1.0,/home/hku_user3/EnergyBridge_rl_dr_memory_202607/benchmark_results/2026-07-22_rule_milp_dr_memory_daily_july/_batch_logs/daily_event_configs/d03_hist_d03_1.json,skipped_done,0,0.0,/home/hku_user3/EnergyBridge_rl_dr_memory_202607/benchmark_results/2026-07-22_rule_milp_dr_memory_daily_july/household_s1_dual_commuter_standard_rule_milp_germany_d03_hist_d03_1_2025-07-03_1day,/home/hku_user3/EnergyBridge_rl_dr_memory_202607/benchmark_results/2026-07-22_rule_milp_dr_memory_daily_july/_batch_logs/daily_dr_memory_germany_1day/household_s1_dual_commuter_standard_rule_milp_germany_d03_hist_d03_1_2025-07-03_1day.log,/home/hku_user3/EnergyBridge_rl_dr_memory_202607/benchmark_results/2026-07-22_rule_milp_dr_memory_daily_july/household_s1_dual_commuter_standard_rule_milp_germany_d03_hist_d03_1_2025-07-03_1day/run_summary.txt,0,79.285276,79.285276,17.702848,0.095831,EUR/kWh,/home/hku_user3/EnergyBridge_rl_dr_memory_202607/experiments/real_data/germany_2025_price.csv,5.6772,5.6772,0.0,0.0,1.962,1.0,1.0,"['dishwasher', 'dryer', 'ev', 'washer', 'water_heater']",[],[]
household_s1_dual_commuter_standard,household_s1_dual_commuter_standard,rule_milp,Tianjin,1,2025-07-05,d05_hist_d05_1,hist_d05_1,5,/home/hku_user3/EnergyBridge_rl_dr_memory_202607/experiments/real_data/tianjin_tou_price_normalized.csv,16.0,1.0,/home/hku_user3/EnergyBridge_rl_dr_memory_202607/benchmark_results/2026-07-22_rule_milp_dr_memory_daily_july/_batch_logs/daily_event_configs/d05_hist_d05_1.json,skipped_done,0,0.0,/home/hku_user3/EnergyBridge_rl_dr_memory_202607/benchmark_results/2026-07-22_rule_milp_dr_memory_daily_july/household_s1_dual_commuter_standard_rule_milp_tianjin_d05_hist_d05_1_2025-07-05_1day,/home/hku_user3/EnergyBridge_rl_dr_memory_202607/benchmark_results/2026-07-22_rule_milp_dr_memory_daily_july/_batch_logs/daily_dr_memory_tianjin_1day/household_s1_dual_commuter_standard_rule_milp_tianjin_d05_hist_d05_1_2025-07-05_1day.log,/home/hku_user3/EnergyBridge_rl_dr_memory_202607/benchmark_results/2026-07-22_rule_milp_dr_memory_daily_july/household_s1_dual_commuter_standard_rule_milp_tianjin_d05_hist_d05_1_2025-07-05_1day/run_summary.txt,0,84.294776,84.294776,64.561937,1.153541,normalized TOU cost/kWh,/home/hku_user3/EnergyBridge_rl_dr_memory_202607/experiments/real_data/tianjin_tou_price_normalized.csv,0.865,0.865,0.0,0.0,1.962,1.0,1.0,"['dishwasher', 'dryer', 'ev', 'washer', 'water_heater']",[],[]
household_s5_shared_roommates_irregular,household_s5_shared_roommates_irregular,rule_milp,Tianjin,1,2025-07-03,d03_hist_d03_1,hist_d03_1,3,/home/hku_user3/EnergyBridge_rl_dr_memory_202607/experiments/real_data/tianjin_tou_price_normalized.csv,16.0,1.0,/home/hku_user3/EnergyBridge_rl_dr_memory_202607/benchmark_results/2026-07-22_rule_milp_dr_memory_daily_july/_batch_logs/daily_event_configs/d03_hist_d03_1.json,skipped_done,0,0.0,/home/hku_user3/EnergyBridge_rl_dr_memory_202607/benchmark_results/2026-07-22_rule_milp_dr_memory_daily_july/household_s5_shared_roommates_irregular_rule_milp_tianjin_d03_hist_d03_1_2025-07-03_1day,/home/hku_user3/EnergyBridge_rl_dr_memory_202607/benchmark_results/2026-07-22_rule_milp_dr_memory_daily_july/_batch_logs/daily_dr_memory_tianjin_1day/household_s5_shared_roommates_irregular_rule_milp_tianjin_d03_hist_d03_1_2025-07-03_1day.log,/home/hku_user3/EnergyBridge_rl_dr_memory_202607/benchmark_results/2026-07-22_rule_milp_dr_memory_daily_july/household_s5_shared_roommates_irregular_rule_milp_tianjin_d03_hist_d03_1_2025-07-03_1day/run_summary.txt,0,63.009798,63.009798,61.540025,1.162693,normalized TOU cost/kWh,/home/hku_user3/EnergyBridge_rl_dr_memory_202607/experiments/real_data/tianjin_tou_price_normalized.csv,0.209,0.209,0.0,0.0,1.333,1.0,1.0,"['dishwasher', 'dryer', 'ev', 'washer', 'water_heater']",[],[]
household_s2_multigeneration_caregiver,household_s2_multigeneration_caregiver,rule_milp,Germany,1,2025-07-01,d01_hist_d01_1,hist_d01_1,1,/home/hku_user3/EnergyBridge_rl_dr_memory_202607/experiments/real_data/germany_2025_price.csv,18.0,1.0,/home/hku_user3/EnergyBridge_rl_dr_memory_202607/benchmark_results/2026-07-22_rule_milp_dr_memory_daily_july/_batch_logs/daily_event_configs/d01_hist_d01_1.json,skipped_done,0,0.0,/home/hku_user3/EnergyBridge_rl_dr_memory_202607/benchmark_results/2026-07-22_rule_milp_dr_memory_daily_july/household_s2_multigeneration_caregiver_rule_milp_germany_d01_hist_d01_1_2025-07-01_1day,/home/hku_user3/EnergyBridge_rl_dr_memory_202607/benchmark_results/2026-07-22_rule_milp_dr_memory_daily_july/_batch_logs/daily_dr_memory_germany_1day/household_s2_multigeneration_caregiver_rule_milp_germany_d01_hist_d01_1_2025-07-01_1day.log,/home/hku_user3/EnergyBridge_rl_dr_memory_202607/benchmark_results/2026-07-22_rule_milp_dr_memory_daily_july/household_s2_multigeneration_caregiver_rule_milp_germany_d01_hist_d01_1_2025-07-01_1day/run_summary.txt,0,80.652389,80.652389,27.182878,0.141551,EUR/kWh,/home/hku_user3/EnergyBridge_rl_dr_memory_202607/experiments/real_data/germany_2025_price.csv,8.2745,8.2745,0.0,0.0,1.9,1.0,1.0,"['dishwasher', 'dryer', 'ev', 'washer', 'water_heater']",[],[]
household_s1_dual_commuter_standard,household_s1_dual_commuter_standard,rule_milp,Germany,1,2025-07-06,d06_hist_d06_1,hist_d06_1,6,/home/hku_user3/EnergyBridge_rl_dr_memory_202607/experiments/real_data/germany_2025_price.csv,18.0,1.0,/home/hku_user3/EnergyBridge_rl_dr_memory_202607/benchmark_results/2026-07-22_rule_milp_dr_memory_daily_july/_batch_logs/daily_event_configs/d06_hist_d06_1.json,skipped_done,0,0.0,/home/hku_user3/EnergyBridge_rl_dr_memory_202607/benchmark_results/2026-07-22_rule_milp_dr_memory_daily_july/household_s1_dual_commuter_standard_rule_milp_germany_d06_hist_d06_1_2025-07-06_1day,/home/hku_user3/EnergyBridge_rl_dr_memory_202607/benchmark_results/2026-07-22_rule_milp_dr_memory_daily_july/_batch_logs/daily_dr_memory_germany_1day/household_s1_dual_commuter_standard_rule_milp_germany_d06_hist_d06_1_2025-07-06_1day.log,/home/hku_user3/EnergyBridge_rl_dr_memory_202607/benchmark_results/2026-07-22_rule_milp_dr_memory_daily_july/household_s1_dual_commuter_standard_rule_milp_germany_d06_hist_d06_1_2025-07-06_1day/run_summary.txt,0,50.811871,50.811871,13.666822,0.077481,EUR/kWh,/home/hku_user3/EnergyBridge_rl_dr_memory_202607/experiments/real_data/germany_2025_price.csv,6.3204,6.3204,0.0,0.0,1.962,1.0,1.0,"['dishwasher', 'dryer', 'ev', 'washer', 'water_heater']",[],[]
household_s5_shared_roommates_irregular,household_s5_shared_roommates_irregular,no_dr,Germany,1,2025-07-05,d05_hist_d05_1,hist_d05_1,5,/home/hku_user3/EnergyBridge_rl_dr_memory_202607/experiments/real_data/germany_2025_price.csv,16.0,1.0,/home/hku_user3/EnergyBridge_rl_dr_memory_202607/benchmark_results/2026-07-22_rule_milp_dr_memory_daily_july/_batch_logs/daily_event_configs/d05_hist_d05_1.json,skipped_done,0,0.0,/home/hku_user3/EnergyBridge_rl_dr_memory_202607/benchmark_results/2026-07-22_rule_milp_dr_memory_daily_july/household_s5_shared_roommates_irregular_no_dr_germany_d05_hist_d05_1_2025-07-05_1day,/home/hku_user3/EnergyBridge_rl_dr_memory_202607/benchmark_results/2026-07-22_rule_milp_dr_memory_daily_july/_batch_logs/daily_dr_memory_germany_1day/household_s5_shared_roommates_irregular_no_dr_germany_d05_hist_d05_1_2025-07-05_1day.log,/home/hku_user3/EnergyBridge_rl_dr_memory_202607/benchmark_results/2026-07-22_rule_milp_dr_memory_daily_july/household_s5_shared_roommates_irregular_no_dr_germany_d05_hist_d05_1_2025-07-05_1day/run_summary.txt,0,61.335542,61.335542,11.820273,0.062692,EUR/kWh,/home/hku_user3/EnergyBridge_rl_dr_memory_202607/experiments/real_data/germany_2025_price.csv,7.0341,7.0341,1.0,1.0,,0.0,0.8,[],"['dishwasher', 'dryer', 'ev', 'washer', 'water_heater']",[]
household_s3_hybrid_work_from_home,household_s3_hybrid_work_from_home,no_dr,Tianjin,1,2025-07-02,d02_hist_d02_1,hist_d02_1,2,/home/hku_user3/EnergyBridge_rl_dr_memory_202607/experiments/real_data/tianjin_tou_price_normalized.csv,19.0,1.0,/home/hku_user3/EnergyBridge_rl_dr_memory_202607/benchmark_results/2026-07-22_rule_milp_dr_memory_daily_july/_batch_logs/daily_event_configs/d02_hist_d02_1.json,skipped_done,0,0.0,/home/hku_user3/EnergyBridge_rl_dr_memory_202607/benchmark_results/2026-07-22_rule_milp_dr_memory_daily_july/household_s3_hybrid_work_from_home_no_dr_tianjin_d02_hist_d02_1_2025-07-02_1day,/home/hku_user3/EnergyBridge_rl_dr_memory_202607/benchmark_results/2026-07-22_rule_milp_dr_memory_daily_july/_batch_logs/daily_dr_memory_tianjin_1day/household_s3_hybrid_work_from_home_no_dr_tianjin_d02_hist_d02_1_2025-07-02_1day.log,/home/hku_user3/EnergyBridge_rl_dr_memory_202607/benchmark_results/2026-07-22_rule_milp_dr_memory_daily_july/household_s3_hybrid_work_from_home_no_dr_tianjin_d02_hist_d02_1_2025-07-02_1day/run_summary.txt,0,59.910483,59.910483,66.725077,1.163938,normalized TOU cost/kWh,/home/hku_user3/EnergyBridge_rl_dr_memory_202607/experiments/real_data/tianjin_tou_price_normalized.csv,8.6048,8.6048,1.0,1.0,,0.0,0.8,[],"['dishwasher', 'dryer', 'ev', 'washer', 'water_heater']",[]
household_s4_ev_commuter_flexible,household_s4_ev_commuter_flexible,no_dr,Tianjin,1,2025-07-06,d06_hist_d06_1,hist_d06_1,6,/home/hku_user3/EnergyBridge_rl_dr_memory_202607/experiments/real_data/tianjin_tou_price_normalized.csv,18.0,1.0,/home/hku_user3/EnergyBridge_rl_dr_memory_202607/benchmark_results/2026-07-22_rule_milp_dr_memory_daily_july/_batch_logs/daily_event_configs/d06_hist_d06_1.json,skipped_done,0,0.0,/home/hku_user3/EnergyBridge_rl_dr_memory_202607/benchmark_results/2026-07-22_rule_milp_dr_memory_daily_july/household_s4_ev_commuter_flexible_no_dr_tianjin_d06_hist_d06_1_2025-07-06_1day,/home/hku_user3/EnergyBridge_rl_dr_memory_202607/benchmark_results/2026-07-22_rule_milp_dr_memory_daily_july/_batch_logs/daily_dr_memory_tianjin_1day/household_s4_ev_commuter_flexible_no_dr_tianjin_d06_hist_d06_1_2025-07-06_1day.log,/home/hku_user3/EnergyBridge_rl_dr_memory_202607/benchmark_results/2026-07-22_rule_milp_dr_memory_daily_july/household_s4_ev_commuter_flexible_no_dr_tianjin_d06_hist_d06_1_2025-07-06_1day/run_summary.txt,0,72.704557,72.704557,76.806157,1.140753,normalized TOU cost/kWh,/home/hku_user3/EnergyBridge_rl_dr_memory_202607/experiments/real_data/tianjin_tou_price_normalized.csv,5.212,5.212,1.0,1.0,,0.0,1.0,[],"['dishwasher', 'dryer', 'ev', 'washer', 'water_heater']",[]
household_s4_ev_commuter_flexible,household_s4_ev_commuter_flexible,rule_milp,Germany,1,2025-07-05,d05_hist_d05_1,hist_d05_1,5,/home/hku_user3/EnergyBridge_rl_dr_memory_202607/experiments/real_data/germany_2025_price.csv,16.0,1.0,/home/hku_user3/EnergyBridge_rl_dr_memory_202607/benchmark_results/2026-07-22_rule_milp_dr_memory_daily_july/_batch_logs/daily_event_configs/d05_hist_d05_1.json,skipped_done,0,0.0,/home/hku_user3/EnergyBridge_rl_dr_memory_202607/benchmark_results/2026-07-22_rule_milp_dr_memory_daily_july/household_s4_ev_commuter_flexible_rule_milp_germany_d05_hist_d05_1_2025-07-05_1day,/home/hku_user3/EnergyBridge_rl_dr_memory_202607/benchmark_results/2026-07-22_rule_milp_dr_memory_daily_july/_batch_logs/daily_dr_memory_germany_1day/household_s4_ev_commuter_flexible_rule_milp_germany_d05_hist_d05_1_2025-07-05_1day.log,/home/hku_user3/EnergyBridge_rl_dr_memory_202607/benchmark_results/2026-07-22_rule_milp_dr_memory_daily_july/household_s4_ev_commuter_flexible_rule_milp_germany_d05_hist_d05_1_2025-07-05_1day/run_summary.txt,0,77.415167,77.415167,12.137694,0.063017,EUR/kWh,/home/hku_user3/EnergyBridge_rl_dr_memory_202607/experiments/real_data/germany_2025_price.csv,5.6772,5.6772,0.0,0.0,2.0,1.0,1.0,"['dishwasher', 'dryer', 'ev', 'washer', 'water_heater']",[],[]
household_s5_shared_roommates_irregular,household_s5_shared_roommates_irregular,no_dr,Germany,1,2025-07-06,d06_hist_d06_1,hist_d06_1,6,/home/hku_user3/EnergyBridge_rl_dr_memory_202607/experiments/real_data/germany_2025_price.csv,18.0,1.0,/home/hku_user3/EnergyBridge_rl_dr_memory_202607/benchmark_results/2026-07-22_rule_milp_dr_memory_daily_july/_batch_logs/daily_event_configs/d06_hist_d06_1.json,skipped_done,0,0.0,/home/hku_user3/EnergyBridge_rl_dr_memory_202607/benchmark_results/2026-07-22_rule_milp_dr_memory_daily_july/household_s5_shared_roommates_irregular_no_dr_germany_d06_hist_d06_1_2025-07-06_1day,/home/hku_user3/EnergyBridge_rl_dr_memory_202607/benchmark_results/2026-07-22_rule_milp_dr_memory_daily_july/_batch_logs/daily_dr_memory_germany_1day/household_s5_shared_roommates_irregular_no_dr_germany_d06_hist_d06_1_2025-07-06_1day.log,/home/hku_user3/EnergyBridge_rl_dr_memory_202607/benchmark_results/2026-07-22_rule_milp_dr_memory_daily_july/household_s5_shared_roommates_irregular_no_dr_germany_d06_hist_d06_1_2025-07-06_1day/run_summary.txt,0,46.773718,46.773718,13.638591,0.078723,EUR/kWh,/home/hku_user3/EnergyBridge_rl_dr_memory_202607/experiments/real_data/germany_2025_price.csv,9.698,9.698,1.0,1.0,,0.0,1.0,[],"['dishwasher', 'dryer', 'ev', 'washer', 'water_heater']",[]
household_s5_shared_roommates_irregular,household_s5_shared_roommates_irregular,rule_milp,Germany,1,2025-07-06,d06_hist_d06_1,hist_d06_1,6,/home/hku_user3/EnergyBridge_rl_dr_memory_202607/experiments/real_data/germany_2025_price.csv,18.0,1.0,/home/hku_user3/EnergyBridge_rl_dr_memory_202607/benchmark_results/2026-07-22_rule_milp_dr_memory_daily_july/_batch_logs/daily_event_configs/d06_hist_d06_1.json,skipped_done,0,0.0,/home/hku_user3/EnergyBridge_rl_dr_memory_202607/benchmark_results/2026-07-22_rule_milp_dr_memory_daily_july/household_s5_shared_roommates_irregular_rule_milp_germany_d06_hist_d06_1_2025-07-06_1day,/home/hku_user3/EnergyBridge_rl_dr_memory_202607/benchmark_results/2026-07-22_rule_milp_dr_memory_daily_july/_batch_logs/daily_dr_memory_germany_1day/household_s5_shared_roommates_irregular_rule_milp_germany_d06_hist_d06_1_2025-07-06_1day.log,/home/hku_user3/EnergyBridge_rl_dr_memory_202607/benchmark_results/2026-07-22_rule_milp_dr_memory_daily_july/household_s5_shared_roommates_irregular_rule_milp_germany_d06_hist_d06_1_2025-07-06_1day/run_summary.txt,0,45.745265,45.745265,13.224827,0.076791,EUR/kWh,/home/hku_user3/EnergyBridge_rl_dr_memory_202607/experiments/real_data/germany_2025_price.csv,6.005,6.005,1.0,1.0,2.493,1.0,1.0,"['dishwasher', 'dryer', 'ev', 'washer', 'water_heater']",[],[]
household_s3_hybrid_work_from_home,household_s3_hybrid_work_from_home,rule_milp,Tianjin,1,2025-07-06,d06_hist_d06_1,hist_d06_1,6,/home/hku_user3/EnergyBridge_rl_dr_memory_202607/experiments/real_data/tianjin_tou_price_normalized.csv,18.0,1.0,/home/hku_user3/EnergyBridge_rl_dr_memory_202607/benchmark_results/2026-07-22_rule_milp_dr_memory_daily_july/_batch_logs/daily_event_configs/d06_hist_d06_1.json,skipped_done,0,0.0,/home/hku_user3/EnergyBridge_rl_dr_memory_202607/benchmark_results/2026-07-22_rule_milp_dr_memory_daily_july/household_s3_hybrid_work_from_home_rule_milp_tianjin_d06_hist_d06_1_2025-07-06_1day,/home/hku_user3/EnergyBridge_rl_dr_memory_202607/benchmark_results/2026-07-22_rule_milp_dr_memory_daily_july/_batch_logs/daily_dr_memory_tianjin_1day/household_s3_hybrid_work_from_home_rule_milp_tianjin_d06_hist_d06_1_2025-07-06_1day.log,/home/hku_user3/EnergyBridge_rl_dr_memory_202607/benchmark_results/2026-07-22_rule_milp_dr_memory_daily_july/household_s3_hybrid_work_from_home_rule_milp_tianjin_d06_hist_d06_1_2025-07-06_1day/run_summary.txt,0,70.228375,70.228375,65.14103,1.146732,normalized TOU cost/kWh,/home/hku_user3/EnergyBridge_rl_dr_memory_202607/experiments/real_data/tianjin_tou_price_normalized.csv,1.5812,1.5812,0.0,0.0,1.983,1.0,1.0,"['dishwasher', 'dryer', 'ev', 'washer', 'water_heater']",[],[]
household_s1_dual_commuter_standard,household_s1_dual_commuter_standard,rule_milp,Tianjin,1,2025-07-06,d06_hist_d06_1,hist_d06_1,6,/home/hku_user3/EnergyBridge_rl_dr_memory_202607/experiments/real_data/tianjin_tou_price_normalized.csv,18.0,1.0,/home/hku_user3/EnergyBridge_rl_dr_memory_202607/benchmark_results/2026-07-22_rule_milp_dr_memory_daily_july/_batch_logs/daily_event_configs/d06_hist_d06_1.json,skipped_done,0,0.0,/home/hku_user3/EnergyBridge_rl_dr_memory_202607/benchmark_results/2026-07-22_rule_milp_dr_memory_daily_july/household_s1_dual_commuter_standard_rule_milp_tianjin_d06_hist_d06_1_2025-07-06_1day,/home/hku_user3/EnergyBridge_rl_dr_memory_202607/benchmark_results/2026-07-22_rule_milp_dr_memory_daily_july/_batch_logs/daily_dr_memory_tianjin_1day/household_s1_dual_commuter_standard_rule_milp_tianjin_d06_hist_d06_1_2025-07-06_1day.log,/home/hku_user3/EnergyBridge_rl_dr_memory_202607/benchmark_results/2026-07-22_rule_milp_dr_memory_daily_july/household_s1_dual_commuter_standard_rule_milp_tianjin_d06_hist_d06_1_2025-07-06_1day/run_summary.txt,0,73.005355,73.005355,67.341634,1.131353,normalized TOU cost/kWh,/home/hku_user3/EnergyBridge_rl_dr_memory_202607/experiments/real_data/tianjin_tou_price_normalized.csv,1.8021,1.8021,0.0,0.0,2.072,1.0,1.0,"['dishwasher', 'dryer', 'ev', 'washer', 'water_heater']",[],[]
household_s3_hybrid_work_from_home,household_s3_hybrid_work_from_home,rule_milp,Germany,1,2025-07-07,d07_hist_d07_1,hist_d07_1,7,/home/hku_user3/EnergyBridge_rl_dr_memory_202607/experiments/real_data/germany_2025_price.csv,17.0,1.0,/home/hku_user3/EnergyBridge_rl_dr_memory_202607/benchmark_results/2026-07-22_rule_milp_dr_memory_daily_july/_batch_logs/daily_event_configs/d07_hist_d07_1.json,skipped_done,0,0.0,/home/hku_user3/EnergyBridge_rl_dr_memory_202607/benchmark_results/2026-07-22_rule_milp_dr_memory_daily_july/household_s3_hybrid_work_from_home_rule_milp_germany_d07_hist_d07_1_2025-07-07_1day,/home/hku_user3/EnergyBridge_rl_dr_memory_202607/benchmark_results/2026-07-22_rule_milp_dr_memory_daily_july/_batch_logs/daily_dr_memory_germany_1day/household_s3_hybrid_work_from_home_rule_milp_germany_d07_hist_d07_1_2025-07-07_1day.log,/home/hku_user3/EnergyBridge_rl_dr_memory_202607/benchmark_results/2026-07-22_rule_milp_dr_memory_daily_july/household_s3_hybrid_work_from_home_rule_milp_germany_d07_hist_d07_1_2025-07-07_1day/run_summary.txt,0,54.366691,54.366691,17.355827,0.09409,EUR/kWh,/home/hku_user3/EnergyBridge_rl_dr_memory_202607/experiments/real_data/germany_2025_price.csv,7.721,7.721,0.0,0.0,1.983,1.0,1.0,"['dishwasher', 'dryer', 'ev', 'washer', 'water_heater']",[],[]
household_s4_ev_commuter_flexible,household_s4_ev_commuter_flexible,rule_milp,Germany,1,2025-07-06,d06_hist_d06_1,hist_d06_1,6,/home/hku_user3/EnergyBridge_rl_dr_memory_202607/experiments/real_data/germany_2025_price.csv,18.0,1.0,/home/hku_user3/EnergyBridge_rl_dr_memory_202607/benchmark_results/2026-07-22_rule_milp_dr_memory_daily_july/_batch_logs/daily_event_configs/d06_hist_d06_1.json,skipped_done,0,0.0,/home/hku_user3/EnergyBridge_rl_dr_memory_202607/benchmark_results/2026-07-22_rule_milp_dr_memory_daily_july/household_s4_ev_commuter_flexible_rule_milp_germany_d06_hist_d06_1_2025-07-06_1day,/home/hku_user3/EnergyBridge_rl_dr_memory_202607/benchmark_results/2026-07-22_rule_milp_dr_memory_daily_july/_batch_logs/daily_dr_memory_germany_1day/household_s4_ev_commuter_flexible_rule_milp_germany_d06_hist_d06_1_2025-07-06_1day.log,/home/hku_user3/EnergyBridge_rl_dr_memory_202607/benchmark_results/2026-07-22_rule_milp_dr_memory_daily_july/household_s4_ev_commuter_flexible_rule_milp_germany_d06_hist_d06_1_2025-07-06_1day/run_summary.txt,0,54.600276,54.600276,13.960112,0.077858,EUR/kWh,/home/hku_user3/EnergyBridge_rl_dr_memory_202607/experiments/real_data/germany_2025_price.csv,6.3204,6.3204,0.0,0.0,2.0,1.0,1.0,"['dishwasher', 'dryer', 'ev', 'washer', 'water_heater']",[],[]
household_s1_dual_commuter_standard,household_s1_dual_commuter_standard,rule_milp,Germany,1,2025-07-07,d07_hist_d07_1,hist_d07_1,7,/home/hku_user3/EnergyBridge_rl_dr_memory_202607/experiments/real_data/germany_2025_price.csv,17.0,1.0,/home/hku_user3/EnergyBridge_rl_dr_memory_202607/benchmark_results/2026-07-22_rule_milp_dr_memory_daily_july/_batch_logs/daily_event_configs/d07_hist_d07_1.json,skipped_done,0,0.0,/home/hku_user3/EnergyBridge_rl_dr_memory_202607/benchmark_results/2026-07-22_rule_milp_dr_memory_daily_july/household_s1_dual_commuter_standard_rule_milp_germany_d07_hist_d07_1_2025-07-07_1day,/home/hku_user3/EnergyBridge_rl_dr_memory_202607/benchmark_results/2026-07-22_rule_milp_dr_memory_daily_july/_batch_logs/daily_dr_memory_germany_1day/household_s1_dual_commuter_standard_rule_milp_germany_d07_hist_d07_1_2025-07-07_1day.log,/home/hku_user3/EnergyBridge_rl_dr_memory_202607/benchmark_results/2026-07-22_rule_milp_dr_memory_daily_july/household_s1_dual_commuter_standard_rule_milp_germany_d07_hist_d07_1_2025-07-07_1day/run_summary.txt,0,52.958663,52.958663,17.695539,0.094173,EUR/kWh,/home/hku_user3/EnergyBridge_rl_dr_memory_202607/experiments/real_data/germany_2025_price.csv,6.9399,6.9399,0.0,0.0,1.41,1.0,1.0,"['dishwasher', 'dryer', 'ev', 'washer', 'water_heater']",[],[]
household_s2_multigeneration_caregiver,household_s2_multigeneration_caregiver,rule_milp,Tianjin,1,2025-07-06,d06_hist_d06_1,hist_d06_1,6,/home/hku_user3/EnergyBridge_rl_dr_memory_202607/experiments/real_data/tianjin_tou_price_normalized.csv,18.0,1.0,/home/hku_user3/EnergyBridge_rl_dr_memory_202607/benchmark_results/2026-07-22_rule_milp_dr_memory_daily_july/_batch_logs/daily_event_configs/d06_hist_d06_1.json,skipped_done,0,0.0,/home/hku_user3/EnergyBridge_rl_dr_memory_202607/benchmark_results/2026-07-22_rule_milp_dr_memory_daily_july/household_s2_multigeneration_caregiver_rule_milp_tianjin_d06_hist_d06_1_2025-07-06_1day,/home/hku_user3/EnergyBridge_rl_dr_memory_202607/benchmark_results/2026-07-22_rule_milp_dr_memory_daily_july/_batch_logs/daily_dr_memory_tianjin_1day/household_s2_multigeneration_caregiver_rule_milp_tianjin_d06_hist_d06_1_2025-07-06_1day.log,/home/hku_user3/EnergyBridge_rl_dr_memory_202607/benchmark_results/2026-07-22_rule_milp_dr_memory_daily_july/household_s2_multigeneration_caregiver_rule_milp_tianjin_d06_hist_d06_1_2025-07-06_1day/run_summary.txt,0,67.882029,67.882029,63.115738,1.179629,normalized TOU cost/kWh,/home/hku_user3/EnergyBridge_rl_dr_memory_202607/experiments/real_data/tianjin_tou_price_normalized.csv,2.2576,2.2576,0.0,0.0,1.988,1.0,1.0,"['dishwasher', 'dryer', 'ev', 'washer', 'water_heater']",[],[]
household_s1_dual_commuter_standard,household_s1_dual_commuter_standard,no_dr,Germany,1,2025-07-07,d07_hist_d07_1,hist_d07_1,7,/home/hku_user3/EnergyBridge_rl_dr_memory_202607/experiments/real_data/germany_2025_price.csv,17.0,1.0,/home/hku_user3/EnergyBridge_rl_dr_memory_202607/benchmark_results/2026-07-22_rule_milp_dr_memory_daily_july/_batch_logs/daily_event_configs/d07_hist_d07_1.json,skipped_done,0,0.0,/home/hku_user3/EnergyBridge_rl_dr_memory_202607/benchmark_results/2026-07-22_rule_milp_dr_memory_daily_july/household_s1_dual_commuter_standard_no_dr_germany_d07_hist_d07_1_2025-07-07_1day,/home/hku_user3/EnergyBridge_rl_dr_memory_202607/benchmark_results/2026-07-22_rule_milp_dr_memory_daily_july/_batch_logs/daily_dr_memory_germany_1day/household_s1_dual_commuter_standard_no_dr_germany_d07_hist_d07_1_2025-07-07_1day.log,/home/hku_user3/EnergyBridge_rl_dr_memory_202607/benchmark_results/2026-07-22_rule_milp_dr_memory_daily_july/household_s1_dual_commuter_standard_no_dr_germany_d07_hist_d07_1_2025-07-07_1day/run_summary.txt,0,52.78119,52.78119,17.999679,0.095037,EUR/kWh,/home/hku_user3/EnergyBridge_rl_dr_memory_202607/experiments/real_data/germany_2025_price.csv,10.0775,10.0775,1.0,1.0,,0.0,0.8,[],"['dishwasher', 'dryer', 'ev', 'washer', 'water_heater']",[]
household_s4_ev_commuter_flexible,household_s4_ev_commuter_flexible,no_dr,Germany,1,2025-07-07,d07_hist_d07_1,hist_d07_1,7,/home/hku_user3/EnergyBridge_rl_dr_memory_202607/experiments/real_data/germany_2025_price.csv,17.0,1.0,/home/hku_user3/EnergyBridge_rl_dr_memory_202607/benchmark_results/2026-07-22_rule_milp_dr_memory_daily_july/_batch_logs/daily_event_configs/d07_hist_d07_1.json,skipped_done,0,0.0,/home/hku_user3/EnergyBridge_rl_dr_memory_202607/benchmark_results/2026-07-22_rule_milp_dr_memory_daily_july/household_s4_ev_commuter_flexible_no_dr_germany_d07_hist_d07_1_2025-07-07_1day,/home/hku_user3/EnergyBridge_rl_dr_memory_202607/benchmark_results/2026-07-22_rule_milp_dr_memory_daily_july/_batch_logs/daily_dr_memory_germany_1day/household_s4_ev_commuter_flexible_no_dr_germany_d07_hist_d07_1_2025-07-07_1day.log,/home/hku_user3/EnergyBridge_rl_dr_memory_202607/benchmark_results/2026-07-22_rule_milp_dr_memory_daily_july/household_s4_ev_commuter_flexible_no_dr_germany_d07_hist_d07_1_2025-07-07_1day/run_summary.txt,0,56.862349,56.862349,18.406529,0.095135,EUR/kWh,/home/hku_user3/EnergyBridge_rl_dr_memory_202607/experiments/real_data/germany_2025_price.csv,10.0775,10.0775,1.0,1.0,,0.0,1.0,[],"['dishwasher', 'dryer', 'ev', 'washer', 'water_heater']",[]
household_s5_shared_roommates_irregular,household_s5_shared_roommates_irregular,rule_milp,Tianjin,1,2025-07-06,d06_hist_d06_1,hist_d06_1,6,/home/hku_user3/EnergyBridge_rl_dr_memory_202607/experiments/real_data/tianjin_tou_price_normalized.csv,18.0,1.0,/home/hku_user3/EnergyBridge_rl_dr_memory_202607/benchmark_results/2026-07-22_rule_milp_dr_memory_daily_july/_batch_logs/daily_event_configs/d06_hist_d06_1.json,skipped_done,0,0.0,/home/hku_user3/EnergyBridge_rl_dr_memory_202607/benchmark_results/2026-07-22_rule_milp_dr_memory_daily_july/household_s5_shared_roommates_irregular_rule_milp_tianjin_d06_hist_d06_1_2025-07-06_1day,/home/hku_user3/EnergyBridge_rl_dr_memory_202607/benchmark_results/2026-07-22_rule_milp_dr_memory_daily_july/_batch_logs/daily_dr_memory_tianjin_1day/household_s5_shared_roommates_irregular_rule_milp_tianjin_d06_hist_d06_1_2025-07-06_1day.log,/home/hku_user3/EnergyBridge_rl_dr_memory_202607/benchmark_results/2026-07-22_rule_milp_dr_memory_daily_july/household_s5_shared_roommates_irregular_rule_milp_tianjin_d06_hist_d06_1_2025-07-06_1day/run_summary.txt,0,61.622738,61.622738,50.580641,1.087478,normalized TOU cost/kWh,/home/hku_user3/EnergyBridge_rl_dr_memory_202607/experiments/real_data/tianjin_tou_price_normalized.csv,0.3975,0.3975,1.0,1.0,2.143,1.0,1.0,"['dishwasher', 'dryer', 'ev', 'washer', 'water_heater']",[],[]
household_s5_shared_roommates_irregular,household_s5_shared_roommates_irregular,rule_milp,Germany,1,2025-07-07,d07_hist_d07_1,hist_d07_1,7,/home/hku_user3/EnergyBridge_rl_dr_memory_202607/experiments/real_data/germany_2025_price.csv,17.0,1.0,/home/hku_user3/EnergyBridge_rl_dr_memory_202607/benchmark_results/2026-07-22_rule_milp_dr_memory_daily_july/_batch_logs/daily_event_configs/d07_hist_d07_1.json,skipped_done,0,0.0,/home/hku_user3/EnergyBridge_rl_dr_memory_202607/benchmark_results/2026-07-22_rule_milp_dr_memory_daily_july/household_s5_shared_roommates_irregular_rule_milp_germany_d07_hist_d07_1_2025-07-07_1day,/home/hku_user3/EnergyBridge_rl_dr_memory_202607/benchmark_results/2026-07-22_rule_milp_dr_memory_daily_july/_batch_logs/daily_dr_memory_germany_1day/household_s5_shared_roommates_irregular_rule_milp_germany_d07_hist_d07_1_2025-07-07_1day.log,/home/hku_user3/EnergyBridge_rl_dr_memory_202607/benchmark_results/2026-07-22_rule_milp_dr_memory_daily_july/household_s5_shared_roommates_irregular_rule_milp_germany_d07_hist_d07_1_2025-07-07_1day/run_summary.txt,0,50.299833,50.299833,17.356059,0.09406,EUR/kWh,/home/hku_user3/EnergyBridge_rl_dr_memory_202607/experiments/real_data/germany_2025_price.csv,7.5841,7.5841,0.0,0.0,1.89,1.0,1.0,"['dishwasher', 'dryer', 'ev', 'washer', 'water_heater']",[],[]
household_s5_shared_roommates_irregular,household_s5_shared_roommates_irregular,no_dr,Tianjin,1,2025-07-06,d06_hist_d06_1,hist_d06_1,6,/home/hku_user3/EnergyBridge_rl_dr_memory_202607/experiments/real_data/tianjin_tou_price_normalized.csv,18.0,1.0,/home/hku_user3/EnergyBridge_rl_dr_memory_202607/benchmark_results/2026-07-22_rule_milp_dr_memory_daily_july/_batch_logs/daily_event_configs/d06_hist_d06_1.json,skipped_done,0,0.0,/home/hku_user3/EnergyBridge_rl_dr_memory_202607/benchmark_results/2026-07-22_rule_milp_dr_memory_daily_july/household_s5_shared_roommates_irregular_no_dr_tianjin_d06_hist_d06_1_2025-07-06_1day,/home/hku_user3/EnergyBridge_rl_dr_memory_202607/benchmark_results/2026-07-22_rule_milp_dr_memory_daily_july/_batch_logs/daily_dr_memory_tianjin_1day/household_s5_shared_roommates_irregular_no_dr_tianjin_d06_hist_d06_1_2025-07-06_1day.log,/home/hku_user3/EnergyBridge_rl_dr_memory_202607/benchmark_results/2026-07-22_rule_milp_dr_memory_daily_july/household_s5_shared_roommates_irregular_no_dr_tianjin_d06_hist_d06_1_2025-07-06_1day/run_summary.txt,0,64.542238,64.542238,68.643838,1.160171,normalized TOU cost/kWh,/home/hku_user3/EnergyBridge_rl_dr_memory_202607/experiments/real_data/tianjin_tou_price_normalized.csv,5.212,5.212,1.0,1.0,,0.0,1.0,[],"['dishwasher', 'dryer', 'ev', 'washer', 'water_heater']",[]
household_s4_ev_commuter_flexible,household_s4_ev_commuter_flexible,rule_milp,Germany,1,2025-07-07,d07_hist_d07_1,hist_d07_1,7,/home/hku_user3/EnergyBridge_rl_dr_memory_202607/experiments/real_data/germany_2025_price.csv,17.0,1.0,/home/hku_user3/EnergyBridge_rl_dr_memory_202607/benchmark_results/2026-07-22_rule_milp_dr_memory_daily_july/_batch_logs/daily_event_configs/d07_hist_d07_1.json,skipped_done,0,0.0,/home/hku_user3/EnergyBridge_rl_dr_memory_202607/benchmark_results/2026-07-22_rule_milp_dr_memory_daily_july/household_s4_ev_commuter_flexible_rule_milp_germany_d07_hist_d07_1_2025-07-07_1day,/home/hku_user3/EnergyBridge_rl_dr_memory_202607/benchmark_results/2026-07-22_rule_milp_dr_memory_daily_july/_batch_logs/daily_dr_memory_germany_1day/household_s4_ev_commuter_flexible_rule_milp_germany_d07_hist_d07_1_2025-07-07_1day.log,/home/hku_user3/EnergyBridge_rl_dr_memory_202607/benchmark_results/2026-07-22_rule_milp_dr_memory_daily_july/household_s4_ev_commuter_flexible_rule_milp_germany_d07_hist_d07_1_2025-07-07_1day/run_summary.txt,0,58.462152,58.462152,18.158652,0.094241,EUR/kWh,/home/hku_user3/EnergyBridge_rl_dr_memory_202607/experiments/real_data/germany_2025_price.csv,7.5841,7.5841,0.0,0.0,2.0,1.0,1.0,"['dishwasher', 'dryer', 'ev', 'washer', 'water_heater']",[],[]
household_s2_multigeneration_caregiver,household_s2_multigeneration_caregiver,rule_milp,Germany,1,2025-07-07,d07_hist_d07_1,hist_d07_1,7,/home/hku_user3/EnergyBridge_rl_dr_memory_202607/experiments/real_data/germany_2025_price.csv,17.0,1.0,/home/hku_user3/EnergyBridge_rl_dr_memory_202607/benchmark_results/2026-07-22_rule_milp_dr_memory_daily_july/_batch_logs/daily_event_configs/d07_hist_d07_1.json,skipped_done,0,0.0,/home/hku_user3/EnergyBridge_rl_dr_memory_202607/benchmark_results/2026-07-22_rule_milp_dr_memory_daily_july/household_s2_multigeneration_caregiver_rule_milp_germany_d07_hist_d07_1_2025-07-07_1day,/home/hku_user3/EnergyBridge_rl_dr_memory_202607/benchmark_results/2026-07-22_rule_milp_dr_memory_daily_july/_batch_logs/daily_dr_memory_germany_1day/household_s2_multigeneration_caregiver_rule_milp_germany_d07_hist_d07_1_2025-07-07_1day.log,/home/hku_user3/EnergyBridge_rl_dr_memory_202607/benchmark_results/2026-07-22_rule_milp_dr_memory_daily_july/household_s2_multigeneration_caregiver_rule_milp_germany_d07_hist_d07_1_2025-07-07_1day/run_summary.txt,0,44.484576,44.484576,16.967438,0.09424,EUR/kWh,/home/hku_user3/EnergyBridge_rl_dr_memory_202607/experiments/real_data/germany_2025_price.csv,6.9465,6.9465,1.0,1.0,1.884,1.0,1.0,"['dishwasher', 'dryer', 'ev', 'washer', 'water_heater']",[],[]
household_s3_hybrid_work_from_home,household_s3_hybrid_work_from_home,no_dr,Tianjin,1,2025-07-07,d07_hist_d07_1,hist_d07_1,7,/home/hku_user3/EnergyBridge_rl_dr_memory_202607/experiments/real_data/tianjin_tou_price_normalized.csv,17.0,1.0,/home/hku_user3/EnergyBridge_rl_dr_memory_202607/benchmark_results/2026-07-22_rule_milp_dr_memory_daily_july/_batch_logs/daily_event_configs/d07_hist_d07_1.json,skipped_done,0,0.0,/home/hku_user3/EnergyBridge_rl_dr_memory_202607/benchmark_results/2026-07-22_rule_milp_dr_memory_daily_july/household_s3_hybrid_work_from_home_no_dr_tianjin_d07_hist_d07_1_2025-07-07_1day,/home/hku_user3/EnergyBridge_rl_dr_memory_202607/benchmark_results/2026-07-22_rule_milp_dr_memory_daily_july/_batch_logs/daily_dr_memory_tianjin_1day/household_s3_hybrid_work_from_home_no_dr_tianjin_d07_hist_d07_1_2025-07-07_1day.log,/home/hku_user3/EnergyBridge_rl_dr_memory_202607/benchmark_results/2026-07-22_rule_milp_dr_memory_daily_july/household_s3_hybrid_work_from_home_no_dr_tianjin_d07_hist_d07_1_2025-07-07_1day/run_summary.txt,0,71.009867,71.009867,66.108435,1.159901,normalized TOU cost/kWh,/home/hku_user3/EnergyBridge_rl_dr_memory_202607/experiments/real_data/tianjin_tou_price_normalized.csv,4.0032,4.0032,1.0,1.0,,0.0,0.8,[],"['dishwasher', 'dryer', 'ev', 'washer', 'water_heater']",[]
household_s1_dual_commuter_standard,household_s1_dual_commuter_standard,no_dr,Tianjin,1,2025-07-07,d07_hist_d07_1,hist_d07_1,7,/home/hku_user3/EnergyBridge_rl_dr_memory_202607/experiments/real_data/tianjin_tou_price_normalized.csv,17.0,1.0,/home/hku_user3/EnergyBridge_rl_dr_memory_202607/benchmark_results/2026-07-22_rule_milp_dr_memory_daily_july/_batch_logs/daily_event_configs/d07_hist_d07_1.json,skipped_done,0,0.0,/home/hku_user3/EnergyBridge_rl_dr_memory_202607/benchmark_results/2026-07-22_rule_milp_dr_memory_daily_july/household_s1_dual_commuter_standard_no_dr_tianjin_d07_hist_d07_1_2025-07-07_1day,/home/hku_user3/EnergyBridge_rl_dr_memory_202607/benchmark_results/2026-07-22_rule_milp_dr_memory_daily_july/_batch_logs/daily_dr_memory_tianjin_1day/household_s1_dual_commuter_standard_no_dr_tianjin_d07_hist_d07_1_2025-07-07_1day.log,/home/hku_user3/EnergyBridge_rl_dr_memory_202607/benchmark_results/2026-07-22_rule_milp_dr_memory_daily_july/household_s1_dual_commuter_standard_no_dr_tianjin_d07_hist_d07_1_2025-07-07_1day/run_summary.txt,0,74.472708,74.472708,67.905258,1.139066,normalized TOU cost/kWh,/home/hku_user3/EnergyBridge_rl_dr_memory_202607/experiments/real_data/tianjin_tou_price_normalized.csv,3.9961,3.9961,1.0,1.0,,0.0,0.8,[],"['dishwasher', 'dryer', 'ev', 'washer', 'water_heater']",[]
household_s2_multigeneration_caregiver,household_s2_multigeneration_caregiver,no_dr,Germany,1,2025-07-07,d07_hist_d07_1,hist_d07_1,7,/home/hku_user3/EnergyBridge_rl_dr_memory_202607/experiments/real_data/germany_2025_price.csv,17.0,1.0,/home/hku_user3/EnergyBridge_rl_dr_memory_202607/benchmark_results/2026-07-22_rule_milp_dr_memory_daily_july/_batch_logs/daily_event_configs/d07_hist_d07_1.json,skipped_done,0,0.0,/home/hku_user3/EnergyBridge_rl_dr_memory_202607/benchmark_results/2026-07-22_rule_milp_dr_memory_daily_july/household_s2_multigeneration_caregiver_no_dr_germany_d07_hist_d07_1_2025-07-07_1day,/home/hku_user3/EnergyBridge_rl_dr_memory_202607/benchmark_results/2026-07-22_rule_milp_dr_memory_daily_july/_batch_logs/daily_dr_memory_germany_1day/household_s2_multigeneration_caregiver_no_dr_germany_d07_hist_d07_1_2025-07-07_1day.log,/home/hku_user3/EnergyBridge_rl_dr_memory_202607/benchmark_results/2026-07-22_rule_milp_dr_memory_daily_july/household_s2_multigeneration_caregiver_no_dr_germany_d07_hist_d07_1_2025-07-07_1day/run_summary.txt,0,45.456396,45.456396,17.208805,0.094907,EUR/kWh,/home/hku_user3/EnergyBridge_rl_dr_memory_202607/experiments/real_data/germany_2025_price.csv,10.1415,10.1415,1.0,1.0,,0.0,0.8,[],"['dishwasher', 'dryer', 'ev', 'washer', 'water_heater']",[]
household_s4_ev_commuter_flexible,household_s4_ev_commuter_flexible,rule_milp,Tianjin,1,2025-07-06,d06_hist_d06_1,hist_d06_1,6,/home/hku_user3/EnergyBridge_rl_dr_memory_202607/experiments/real_data/tianjin_tou_price_normalized.csv,18.0,1.0,/home/hku_user3/EnergyBridge_rl_dr_memory_202607/benchmark_results/2026-07-22_rule_milp_dr_memory_daily_july/_batch_logs/daily_event_configs/d06_hist_d06_1.json,skipped_done,0,0.0,/home/hku_user3/EnergyBridge_rl_dr_memory_202607/benchmark_results/2026-07-22_rule_milp_dr_memory_daily_july/household_s4_ev_commuter_flexible_rule_milp_tianjin_d06_hist_d06_1_2025-07-06_1day,/home/hku_user3/EnergyBridge_rl_dr_memory_202607/benchmark_results/2026-07-22_rule_milp_dr_memory_daily_july/_batch_logs/daily_dr_memory_tianjin_1day/household_s4_ev_commuter_flexible_rule_milp_tianjin_d06_hist_d06_1_2025-07-06_1day.log,/home/hku_user3/EnergyBridge_rl_dr_memory_202607/benchmark_results/2026-07-22_rule_milp_dr_memory_daily_july/household_s4_ev_commuter_flexible_rule_milp_tianjin_d06_hist_d06_1_2025-07-06_1day/run_summary.txt,0,74.287319,74.287319,69.112896,1.130141,normalized TOU cost/kWh,/home/hku_user3/EnergyBridge_rl_dr_memory_202607/experiments/real_data/tianjin_tou_price_normalized.csv,1.6652,1.6652,0.0,0.0,2.0,1.0,1.0,"['dishwasher', 'dryer', 'ev', 'washer', 'water_heater']",[],[]
household_s1_dual_commuter_standard,household_s1_dual_commuter_standard,rule_milp,Tianjin,1,2025-07-07,d07_hist_d07_1,hist_d07_1,7,/home/hku_user3/EnergyBridge_rl_dr_memory_202607/experiments/real_data/tianjin_tou_price_normalized.csv,17.0,1.0,/home/hku_user3/EnergyBridge_rl_dr_memory_202607/benchmark_results/2026-07-22_rule_milp_dr_memory_daily_july/_batch_logs/daily_event_configs/d07_hist_d07_1.json,skipped_done,0,0.0,/home/hku_user3/EnergyBridge_rl_dr_memory_202607/benchmark_results/2026-07-22_rule_milp_dr_memory_daily_july/household_s1_dual_commuter_standard_rule_milp_tianjin_d07_hist_d07_1_2025-07-07_1day,/home/hku_user3/EnergyBridge_rl_dr_memory_202607/benchmark_results/2026-07-22_rule_milp_dr_memory_daily_july/_batch_logs/daily_dr_memory_tianjin_1day/household_s1_dual_commuter_standard_rule_milp_tianjin_d07_hist_d07_1_2025-07-07_1day.log,/home/hku_user3/EnergyBridge_rl_dr_memory_202607/benchmark_results/2026-07-22_rule_milp_dr_memory_daily_july/household_s1_dual_commuter_standard_rule_milp_tianjin_d07_hist_d07_1_2025-07-07_1day/run_summary.txt,0,72.125754,72.125754,57.181086,1.123076,normalized TOU cost/kWh,/home/hku_user3/EnergyBridge_rl_dr_memory_202607/experiments/real_data/tianjin_tou_price_normalized.csv,0.9539,0.9539,0.0,0.0,1.407,1.0,1.0,"['dishwasher', 'dryer', 'ev', 'washer', 'water_heater']",[],[]
household_s5_shared_roommates_irregular,household_s5_shared_roommates_irregular,no_dr,Tianjin,1,2025-07-07,d07_hist_d07_1,hist_d07_1,7,/home/hku_user3/EnergyBridge_rl_dr_memory_202607/experiments/real_data/tianjin_tou_price_normalized.csv,17.0,1.0,/home/hku_user3/EnergyBridge_rl_dr_memory_202607/benchmark_results/2026-07-22_rule_milp_dr_memory_daily_july/_batch_logs/daily_event_configs/d07_hist_d07_1.json,skipped_done,0,0.0,/home/hku_user3/EnergyBridge_rl_dr_memory_202607/benchmark_results/2026-07-22_rule_milp_dr_memory_daily_july/household_s5_shared_roommates_irregular_no_dr_tianjin_d07_hist_d07_1_2025-07-07_1day,/home/hku_user3/EnergyBridge_rl_dr_memory_202607/benchmark_results/2026-07-22_rule_milp_dr_memory_daily_july/_batch_logs/daily_dr_memory_tianjin_1day/household_s5_shared_roommates_irregular_no_dr_tianjin_d07_hist_d07_1_2025-07-07_1day.log,/home/hku_user3/EnergyBridge_rl_dr_memory_202607/benchmark_results/2026-07-22_rule_milp_dr_memory_daily_july/household_s5_shared_roommates_irregular_no_dr_tianjin_d07_hist_d07_1_2025-07-07_1day/run_summary.txt,0,70.684303,70.684303,65.690765,1.15856,normalized TOU cost/kWh,/home/hku_user3/EnergyBridge_rl_dr_memory_202607/experiments/real_data/tianjin_tou_price_normalized.csv,3.9961,3.9961,1.0,1.0,,0.0,1.0,[],"['dishwasher', 'dryer', 'ev', 'washer', 'water_heater']",[]
household_s4_ev_commuter_flexible,household_s4_ev_commuter_flexible,no_dr,Tianjin,1,2025-07-07,d07_hist_d07_1,hist_d07_1,7,/home/hku_user3/EnergyBridge_rl_dr_memory_202607/experiments/real_data/tianjin_tou_price_normalized.csv,17.0,1.0,/home/hku_user3/EnergyBridge_rl_dr_memory_202607/benchmark_results/2026-07-22_rule_milp_dr_memory_daily_july/_batch_logs/daily_event_configs/d07_hist_d07_1.json,skipped_done,0,0.0,/home/hku_user3/EnergyBridge_rl_dr_memory_202607/benchmark_results/2026-07-22_rule_milp_dr_memory_daily_july/household_s4_ev_commuter_flexible_no_dr_tianjin_d07_hist_d07_1_2025-07-07_1day,/home/hku_user3/EnergyBridge_rl_dr_memory_202607/benchmark_results/2026-07-22_rule_milp_dr_memory_daily_july/_batch_logs/daily_dr_memory_tianjin_1day/household_s4_ev_commuter_flexible_no_dr_tianjin_d07_hist_d07_1_2025-07-07_1day.log,/home/hku_user3/EnergyBridge_rl_dr_memory_202607/benchmark_results/2026-07-22_rule_milp_dr_memory_daily_july/household_s4_ev_commuter_flexible_no_dr_tianjin_d07_hist_d07_1_2025-07-07_1day/run_summary.txt,0,78.261114,78.261114,70.11975,1.12139,normalized TOU cost/kWh,/home/hku_user3/EnergyBridge_rl_dr_memory_202607/experiments/real_data/tianjin_tou_price_normalized.csv,3.9961,3.9961,1.0,1.0,,0.0,1.0,[],"['dishwasher', 'dryer', 'ev', 'washer', 'water_heater']",[]
household_s5_shared_roommates_irregular,household_s5_shared_roommates_irregular,no_dr,Germany,1,2025-07-07,d07_hist_d07_1,hist_d07_1,7,/home/hku_user3/EnergyBridge_rl_dr_memory_202607/experiments/real_data/germany_2025_price.csv,17.0,1.0,/home/hku_user3/EnergyBridge_rl_dr_memory_202607/benchmark_results/2026-07-22_rule_milp_dr_memory_daily_july/_batch_logs/daily_event_configs/d07_hist_d07_1.json,skipped_done,0,0.0,/home/hku_user3/EnergyBridge_rl_dr_memory_202607/benchmark_results/2026-07-22_rule_milp_dr_memory_daily_july/household_s5_shared_roommates_irregular_no_dr_germany_d07_hist_d07_1_2025-07-07_1day,/home/hku_user3/EnergyBridge_rl_dr_memory_202607/benchmark_results/2026-07-22_rule_milp_dr_memory_daily_july/_batch_logs/daily_dr_memory_germany_1day/household_s5_shared_roommates_irregular_no_dr_germany_d07_hist_d07_1_2025-07-07_1day.log,/home/hku_user3/EnergyBridge_rl_dr_memory_202607/benchmark_results/2026-07-22_rule_milp_dr_memory_daily_july/household_s5_shared_roommates_irregular_no_dr_germany_d07_hist_d07_1_2025-07-07_1day/run_summary.txt,0,48.70003,48.70003,17.603936,0.094995,EUR/kWh,/home/hku_user3/EnergyBridge_rl_dr_memory_202607/experiments/real_data/germany_2025_price.csv,10.0775,10.0775,1.0,1.0,,0.0,1.0,[],"['dishwasher', 'dryer', 'ev', 'washer', 'water_heater']",[]
household_s3_hybrid_work_from_home,household_s3_hybrid_work_from_home,no_dr,Germany,1,2025-07-07,d07_hist_d07_1,hist_d07_1,7,/home/hku_user3/EnergyBridge_rl_dr_memory_202607/experiments/real_data/germany_2025_price.csv,17.0,1.0,/home/hku_user3/EnergyBridge_rl_dr_memory_202607/benchmark_results/2026-07-22_rule_milp_dr_memory_daily_july/_batch_logs/daily_event_configs/d07_hist_d07_1.json,skipped_done,0,0.0,/home/hku_user3/EnergyBridge_rl_dr_memory_202607/benchmark_results/2026-07-22_rule_milp_dr_memory_daily_july/household_s3_hybrid_work_from_home_no_dr_germany_d07_hist_d07_1_2025-07-07_1day,/home/hku_user3/EnergyBridge_rl_dr_memory_202607/benchmark_results/2026-07-22_rule_milp_dr_memory_daily_july/_batch_logs/daily_dr_memory_germany_1day/household_s3_hybrid_work_from_home_no_dr_germany_d07_hist_d07_1_2025-07-07_1day.log,/home/hku_user3/EnergyBridge_rl_dr_memory_202607/benchmark_results/2026-07-22_rule_milp_dr_memory_daily_july/household_s3_hybrid_work_from_home_no_dr_germany_d07_hist_d07_1_2025-07-07_1day/run_summary.txt,0,49.212413,49.212413,17.596241,0.095016,EUR/kWh,/home/hku_user3/EnergyBridge_rl_dr_memory_202607/experiments/real_data/germany_2025_price.csv,10.1038,10.1038,1.0,1.0,,0.0,0.8,[],"['dishwasher', 'dryer', 'ev', 'washer', 'water_heater']",[]
household_s3_hybrid_work_from_home,household_s3_hybrid_work_from_home,rule_milp,Tianjin,1,2025-07-07,d07_hist_d07_1,hist_d07_1,7,/home/hku_user3/EnergyBridge_rl_dr_memory_202607/experiments/real_data/tianjin_tou_price_normalized.csv,17.0,1.0,/home/hku_user3/EnergyBridge_rl_dr_memory_202607/benchmark_results/2026-07-22_rule_milp_dr_memory_daily_july/_batch_logs/daily_event_configs/d07_hist_d07_1.json,skipped_done,0,0.0,/home/hku_user3/EnergyBridge_rl_dr_memory_202607/benchmark_results/2026-07-22_rule_milp_dr_memory_daily_july/household_s3_hybrid_work_from_home_rule_milp_tianjin_d07_hist_d07_1_2025-07-07_1day,/home/hku_user3/EnergyBridge_rl_dr_memory_202607/benchmark_results/2026-07-22_rule_milp_dr_memory_daily_july/_batch_logs/daily_dr_memory_tianjin_1day/household_s3_hybrid_work_from_home_rule_milp_tianjin_d07_hist_d07_1_2025-07-07_1day.log,/home/hku_user3/EnergyBridge_rl_dr_memory_202607/benchmark_results/2026-07-22_rule_milp_dr_memory_daily_july/household_s3_hybrid_work_from_home_rule_milp_tianjin_d07_hist_d07_1_2025-07-07_1day/run_summary.txt,0,74.957575,74.957575,57.882018,1.156293,normalized TOU cost/kWh,/home/hku_user3/EnergyBridge_rl_dr_memory_202607/experiments/real_data/tianjin_tou_price_normalized.csv,1.6662,1.6662,0.0,0.0,1.983,1.0,1.0,"['dishwasher', 'dryer', 'ev', 'washer', 'water_heater']",[],[]
household_s1_dual_commuter_standard,household_s1_dual_commuter_standard,rule_milp,Tianjin,1,2025-07-08,d08_hist_d08_1,hist_d08_1,8,/home/hku_user3/EnergyBridge_rl_dr_memory_202607/experiments/real_data/tianjin_tou_price_normalized.csv,17.0,1.0,/home/hku_user3/EnergyBridge_rl_dr_memory_202607/benchmark_results/2026-07-22_rule_milp_dr_memory_daily_july/_batch_logs/daily_event_configs/d08_hist_d08_1.json,skipped_done,0,0.0,/home/hku_user3/EnergyBridge_rl_dr_memory_202607/benchmark_results/2026-07-22_rule_milp_dr_memory_daily_july/household_s1_dual_commuter_standard_rule_milp_tianjin_d08_hist_d08_1_2025-07-08_1day,/home/hku_user3/EnergyBridge_rl_dr_memory_202607/benchmark_results/2026-07-22_rule_milp_dr_memory_daily_july/_batch_logs/daily_dr_memory_tianjin_1day/household_s1_dual_commuter_standard_rule_milp_tianjin_d08_hist_d08_1_2025-07-08_1day.log,/home/hku_user3/EnergyBridge_rl_dr_memory_202607/benchmark_results/2026-07-22_rule_milp_dr_memory_daily_july/household_s1_dual_commuter_standard_rule_milp_tianjin_d08_hist_d08_1_2025-07-08_1day/run_summary.txt,0,84.35422,84.35422,64.91025,1.264099,normalized TOU cost/kWh,/home/hku_user3/EnergyBridge_rl_dr_memory_202607/experiments/real_data/tianjin_tou_price_normalized.csv,2.6623,2.6623,0.0,0.0,1.962,1.0,1.0,"['dishwasher', 'dryer', 'ev', 'washer', 'water_heater']",[],[]
household_s1_dual_commuter_standard,household_s1_dual_commuter_standard,no_dr,Germany,1,2025-07-08,d08_hist_d08_1,hist_d08_1,8,/home/hku_user3/EnergyBridge_rl_dr_memory_202607/experiments/real_data/germany_2025_price.csv,17.0,1.0,/home/hku_user3/EnergyBridge_rl_dr_memory_202607/benchmark_results/2026-07-22_rule_milp_dr_memory_daily_july/_batch_logs/daily_event_configs/d08_hist_d08_1.json,skipped_done,0,0.0,/home/hku_user3/EnergyBridge_rl_dr_memory_202607/benchmark_results/2026-07-22_rule_milp_dr_memory_daily_july/household_s1_dual_commuter_standard_no_dr_germany_d08_hist_d08_1_2025-07-08_1day,/home/hku_user3/EnergyBridge_rl_dr_memory_202607/benchmark_results/2026-07-22_rule_milp_dr_memory_daily_july/_batch_logs/daily_dr_memory_germany_1day/household_s1_dual_commuter_standard_no_dr_germany_d08_hist_d08_1_2025-07-08_1day.log,/home/hku_user3/EnergyBridge_rl_dr_memory_202607/benchmark_results/2026-07-22_rule_milp_dr_memory_daily_july/household_s1_dual_commuter_standard_no_dr_germany_d08_hist_d08_1_2025-07-08_1day/run_summary.txt,0,53.92097,53.92097,18.031132,0.094276,EUR/kWh,/home/hku_user3/EnergyBridge_rl_dr_memory_202607/experiments/real_data/germany_2025_price.csv,10.2427,10.2427,1.0,1.0,,0.0,0.8,[],"['dishwasher', 'dryer', 'ev', 'washer', 'water_heater']",[]
household_s5_shared_roommates_irregular,household_s5_shared_roommates_irregular,rule_milp,Tianjin,1,2025-07-07,d07_hist_d07_1,hist_d07_1,7,/home/hku_user3/EnergyBridge_rl_dr_memory_202607/experiments/real_data/tianjin_tou_price_normalized.csv,17.0,1.0,/home/hku_user3/EnergyBridge_rl_dr_memory_202607/benchmark_results/2026-07-22_rule_milp_dr_memory_daily_july/_batch_logs/daily_event_configs/d07_hist_d07_1.json,skipped_done,0,0.0,/home/hku_user3/EnergyBridge_rl_dr_memory_202607/benchmark_results/2026-07-22_rule_milp_dr_memory_daily_july/household_s5_shared_roommates_irregular_rule_milp_tianjin_d07_hist_d07_1_2025-07-07_1day,/home/hku_user3/EnergyBridge_rl_dr_memory_202607/benchmark_results/2026-07-22_rule_milp_dr_memory_daily_july/_batch_logs/daily_dr_memory_tianjin_1day/household_s5_shared_roommates_irregular_rule_milp_tianjin_d07_hist_d07_1_2025-07-07_1day.log,/home/hku_user3/EnergyBridge_rl_dr_memory_202607/benchmark_results/2026-07-22_rule_milp_dr_memory_daily_july/household_s5_shared_roommates_irregular_rule_milp_tianjin_d07_hist_d07_1_2025-07-07_1day/run_summary.txt,0,67.096975,67.096975,54.07937,1.123008,normalized TOU cost/kWh,/home/hku_user3/EnergyBridge_rl_dr_memory_202607/experiments/real_data/tianjin_tou_price_normalized.csv,1.7055,1.7055,0.0,0.0,1.863,1.0,1.0,"['dishwasher', 'dryer', 'ev', 'washer', 'water_heater']",[],[]
household_s2_multigeneration_caregiver,household_s2_multigeneration_caregiver,rule_milp,Tianjin,1,2025-07-07,d07_hist_d07_1,hist_d07_1,7,/home/hku_user3/EnergyBridge_rl_dr_memory_202607/experiments/real_data/tianjin_tou_price_normalized.csv,17.0,1.0,/home/hku_user3/EnergyBridge_rl_dr_memory_202607/benchmark_results/2026-07-22_rule_milp_dr_memory_daily_july/_batch_logs/daily_event_configs/d07_hist_d07_1.json,skipped_done,0,0.0,/home/hku_user3/EnergyBridge_rl_dr_memory_202607/benchmark_results/2026-07-22_rule_milp_dr_memory_daily_july/household_s2_multigeneration_caregiver_rule_milp_tianjin_d07_hist_d07_1_2025-07-07_1day,/home/hku_user3/EnergyBridge_rl_dr_memory_202607/benchmark_results/2026-07-22_rule_milp_dr_memory_daily_july/_batch_logs/daily_dr_memory_tianjin_1day/household_s2_multigeneration_caregiver_rule_milp_tianjin_d07_hist_d07_1_2025-07-07_1day.log,/home/hku_user3/EnergyBridge_rl_dr_memory_202607/benchmark_results/2026-07-22_rule_milp_dr_memory_daily_july/household_s2_multigeneration_caregiver_rule_milp_tianjin_d07_hist_d07_1_2025-07-07_1day/run_summary.txt,0,73.244759,73.244759,57.369906,1.181672,normalized TOU cost/kWh,/home/hku_user3/EnergyBridge_rl_dr_memory_202607/experiments/real_data/tianjin_tou_price_normalized.csv,0.2742,0.2742,1.0,1.0,1.71,1.0,1.0,"['dishwasher', 'dryer', 'ev', 'washer', 'water_heater']",[],[]
household_s2_multigeneration_caregiver,household_s2_multigeneration_caregiver,no_dr,Germany,1,2025-07-08,d08_hist_d08_1,hist_d08_1,8,/home/hku_user3/EnergyBridge_rl_dr_memory_202607/experiments/real_data/germany_2025_price.csv,17.0,1.0,/home/hku_user3/EnergyBridge_rl_dr_memory_202607/benchmark_results/2026-07-22_rule_milp_dr_memory_daily_july/_batch_logs/daily_event_configs/d08_hist_d08_1.json,skipped_done,0,0.0,/home/hku_user3/EnergyBridge_rl_dr_memory_202607/benchmark_results/2026-07-22_rule_milp_dr_memory_daily_july/household_s2_multigeneration_caregiver_no_dr_germany_d08_hist_d08_1_2025-07-08_1day,/home/hku_user3/EnergyBridge_rl_dr_memory_202607/benchmark_results/2026-07-22_rule_milp_dr_memory_daily_july/_batch_logs/daily_dr_memory_germany_1day/household_s2_multigeneration_caregiver_no_dr_germany_d08_hist_d08_1_2025-07-08_1day.log,/home/hku_user3/EnergyBridge_rl_dr_memory_202607/benchmark_results/2026-07-22_rule_milp_dr_memory_daily_july/household_s2_multigeneration_caregiver_no_dr_germany_d08_hist_d08_1_2025-07-08_1day/run_summary.txt,0,46.197311,46.197311,17.244735,0.094174,EUR/kWh,/home/hku_user3/EnergyBridge_rl_dr_memory_202607/experiments/real_data/germany_2025_price.csv,10.2838,10.2838,1.0,1.0,,0.0,0.8,[],"['dishwasher', 'dryer', 'ev', 'washer', 'water_heater']",[]
household_s1_dual_commuter_standard,household_s1_dual_commuter_standard,rule_milp,Germany,1,2025-07-08,d08_hist_d08_1,hist_d08_1,8,/home/hku_user3/EnergyBridge_rl_dr_memory_202607/experiments/real_data/germany_2025_price.csv,17.0,1.0,/home/hku_user3/EnergyBridge_rl_dr_memory_202607/benchmark_results/2026-07-22_rule_milp_dr_memory_daily_july/_batch_logs/daily_event_configs/d08_hist_d08_1.json,skipped_done,0,0.0,/home/hku_user3/EnergyBridge_rl_dr_memory_202607/benchmark_results/2026-07-22_rule_milp_dr_memory_daily_july/household_s1_dual_commuter_standard_rule_milp_germany_d08_hist_d08_1_2025-07-08_1day,/home/hku_user3/EnergyBridge_rl_dr_memory_202607/benchmark_results/2026-07-22_rule_milp_dr_memory_daily_july/_batch_logs/daily_dr_memory_germany_1day/household_s1_dual_commuter_standard_rule_milp_germany_d08_hist_d08_1_2025-07-08_1day.log,/home/hku_user3/EnergyBridge_rl_dr_memory_202607/benchmark_results/2026-07-22_rule_milp_dr_memory_daily_july/household_s1_dual_commuter_standard_rule_milp_germany_d08_hist_d08_1_2025-07-08_1day/run_summary.txt,0,53.700486,53.700486,17.766624,0.09337,EUR/kWh,/home/hku_user3/EnergyBridge_rl_dr_memory_202607/experiments/real_data/germany_2025_price.csv,7.9149,7.9149,0.0,0.0,1.962,1.0,1.0,"['dishwasher', 'dryer', 'ev', 'washer', 'water_heater']",[],[]
household_s4_ev_commuter_flexible,household_s4_ev_commuter_flexible,rule_milp,Tianjin,1,2025-07-07,d07_hist_d07_1,hist_d07_1,7,/home/hku_user3/EnergyBridge_rl_dr_memory_202607/experiments/real_data/tianjin_tou_price_normalized.csv,17.0,1.0,/home/hku_user3/EnergyBridge_rl_dr_memory_202607/benchmark_results/2026-07-22_rule_milp_dr_memory_daily_july/_batch_logs/daily_event_configs/d07_hist_d07_1.json,skipped_done,0,0.0,/home/hku_user3/EnergyBridge_rl_dr_memory_202607/benchmark_results/2026-07-22_rule_milp_dr_memory_daily_july/household_s4_ev_commuter_flexible_rule_milp_tianjin_d07_hist_d07_1_2025-07-07_1day,/home/hku_user3/EnergyBridge_rl_dr_memory_202607/benchmark_results/2026-07-22_rule_milp_dr_memory_daily_july/_batch_logs/daily_dr_memory_tianjin_1day/household_s4_ev_commuter_flexible_rule_milp_tianjin_d07_hist_d07_1_2025-07-07_1day.log,/home/hku_user3/EnergyBridge_rl_dr_memory_202607/benchmark_results/2026-07-22_rule_milp_dr_memory_daily_july/household_s4_ev_commuter_flexible_rule_milp_tianjin_d07_hist_d07_1_2025-07-07_1day/run_summary.txt,0,75.844801,75.844801,59.445167,1.089332,normalized TOU cost/kWh,/home/hku_user3/EnergyBridge_rl_dr_memory_202607/experiments/real_data/tianjin_tou_price_normalized.csv,1.7055,1.7055,0.0,0.0,2.0,1.0,1.0,"['dishwasher', 'dryer', 'ev', 'washer', 'water_heater']",[],[]
household_s4_ev_commuter_flexible,household_s4_ev_commuter_flexible,no_dr,Germany,1,2025-07-08,d08_hist_d08_1,hist_d08_1,8,/home/hku_user3/EnergyBridge_rl_dr_memory_202607/experiments/real_data/germany_2025_price.csv,17.0,1.0,/home/hku_user3/EnergyBridge_rl_dr_memory_202607/benchmark_results/2026-07-22_rule_milp_dr_memory_daily_july/_batch_logs/daily_event_configs/d08_hist_d08_1.json,skipped_done,0,0.0,/home/hku_user3/EnergyBridge_rl_dr_memory_202607/benchmark_results/2026-07-22_rule_milp_dr_memory_daily_july/household_s4_ev_commuter_flexible_no_dr_germany_d08_hist_d08_1_2025-07-08_1day,/home/hku_user3/EnergyBridge_rl_dr_memory_202607/benchmark_results/2026-07-22_rule_milp_dr_memory_daily_july/_batch_logs/daily_dr_memory_germany_1day/household_s4_ev_commuter_flexible_no_dr_germany_d08_hist_d08_1_2025-07-08_1day.log,/home/hku_user3/EnergyBridge_rl_dr_memory_202607/benchmark_results/2026-07-22_rule_milp_dr_memory_daily_july/household_s4_ev_commuter_flexible_no_dr_germany_d08_hist_d08_1_2025-07-08_1day/run_summary.txt,0,58.002129,58.002129,18.424249,0.094319,EUR/kWh,/home/hku_user3/EnergyBridge_rl_dr_memory_202607/experiments/real_data/germany_2025_price.csv,10.2427,10.2427,1.0,1.0,,0.0,1.0,[],"['dishwasher', 'dryer', 'ev', 'washer', 'water_heater']",[]
household_s2_multigeneration_caregiver,household_s2_multigeneration_caregiver,no_dr,Tianjin,1,2025-07-08,d08_hist_d08_1,hist_d08_1,8,/home/hku_user3/EnergyBridge_rl_dr_memory_202607/experiments/real_data/tianjin_tou_price_normalized.csv,17.0,1.0,/home/hku_user3/EnergyBridge_rl_dr_memory_202607/benchmark_results/2026-07-22_rule_milp_dr_memory_daily_july/_batch_logs/daily_event_configs/d08_hist_d08_1.json,skipped_done,0,0.0,/home/hku_user3/EnergyBridge_rl_dr_memory_202607/benchmark_results/2026-07-22_rule_milp_dr_memory_daily_july/household_s2_multigeneration_caregiver_no_dr_tianjin_d08_hist_d08_1_2025-07-08_1day,/home/hku_user3/EnergyBridge_rl_dr_memory_202607/benchmark_results/2026-07-22_rule_milp_dr_memory_daily_july/_batch_logs/daily_dr_memory_tianjin_1day/household_s2_multigeneration_caregiver_no_dr_tianjin_d08_hist_d08_1_2025-07-08_1day.log,/home/hku_user3/EnergyBridge_rl_dr_memory_202607/benchmark_results/2026-07-22_rule_milp_dr_memory_daily_july/household_s2_multigeneration_caregiver_no_dr_tianjin_d08_hist_d08_1_2025-07-08_1day/run_summary.txt,0,74.524438,74.524438,68.241201,1.296953,normalized TOU cost/kWh,/home/hku_user3/EnergyBridge_rl_dr_memory_202607/experiments/real_data/tianjin_tou_price_normalized.csv,4.6234,4.6234,1.0,1.0,,0.0,0.8,[],"['dishwasher', 'dryer', 'ev', 'washer', 'water_heater']",[]
household_s4_ev_commuter_flexible,household_s4_ev_commuter_flexible,rule_milp,Tianjin,1,2025-07-08,d08_hist_d08_1,hist_d08_1,8,/home/hku_user3/EnergyBridge_rl_dr_memory_202607/experiments/real_data/tianjin_tou_price_normalized.csv,17.0,1.0,/home/hku_user3/EnergyBridge_rl_dr_memory_202607/benchmark_results/2026-07-22_rule_milp_dr_memory_daily_july/_batch_logs/daily_event_configs/d08_hist_d08_1.json,skipped_done,0,0.0,/home/hku_user3/EnergyBridge_rl_dr_memory_202607/benchmark_results/2026-07-22_rule_milp_dr_memory_daily_july/household_s4_ev_commuter_flexible_rule_milp_tianjin_d08_hist_d08_1_2025-07-08_1day,/home/hku_user3/EnergyBridge_rl_dr_memory_202607/benchmark_results/2026-07-22_rule_milp_dr_memory_daily_july/_batch_logs/daily_dr_memory_tianjin_1day/household_s4_ev_commuter_flexible_rule_milp_tianjin_d08_hist_d08_1_2025-07-08_1day.log,/home/hku_user3/EnergyBridge_rl_dr_memory_202607/benchmark_results/2026-07-22_rule_milp_dr_memory_daily_july/household_s4_ev_commuter_flexible_rule_milp_tianjin_d08_hist_d08_1_2025-07-08_1day/run_summary.txt,0,83.535478,83.535478,66.313886,1.236244,normalized TOU cost/kWh,/home/hku_user3/EnergyBridge_rl_dr_memory_202607/experiments/real_data/tianjin_tou_price_normalized.csv,2.4692,2.4692,0.0,0.0,2.0,1.0,1.0,"['dishwasher', 'dryer', 'ev', 'washer', 'water_heater']",[],[]
household_s2_multigeneration_caregiver,household_s2_multigeneration_caregiver,no_dr,Tianjin,1,2025-07-07,d07_hist_d07_1,hist_d07_1,7,/home/hku_user3/EnergyBridge_rl_dr_memory_202607/experiments/real_data/tianjin_tou_price_normalized.csv,17.0,1.0,/home/hku_user3/EnergyBridge_rl_dr_memory_202607/benchmark_results/2026-07-22_rule_milp_dr_memory_daily_july/_batch_logs/daily_event_configs/d07_hist_d07_1.json,skipped_done,0,0.0,/home/hku_user3/EnergyBridge_rl_dr_memory_202607/benchmark_results/2026-07-22_rule_milp_dr_memory_daily_july/household_s2_multigeneration_caregiver_no_dr_tianjin_d07_hist_d07_1_2025-07-07_1day,/home/hku_user3/EnergyBridge_rl_dr_memory_202607/benchmark_results/2026-07-22_rule_milp_dr_memory_daily_july/_batch_logs/daily_dr_memory_tianjin_1day/household_s2_multigeneration_caregiver_no_dr_tianjin_d07_hist_d07_1_2025-07-07_1day.log,/home/hku_user3/EnergyBridge_rl_dr_memory_202607/benchmark_results/2026-07-22_rule_milp_dr_memory_daily_july/household_s2_multigeneration_caregiver_no_dr_tianjin_d07_hist_d07_1_2025-07-07_1day/run_summary.txt,0,68.39171,68.39171,64.271771,1.193738,normalized TOU cost/kWh,/home/hku_user3/EnergyBridge_rl_dr_memory_202607/experiments/real_data/tianjin_tou_price_normalized.csv,4.0515,4.0515,1.0,1.0,,0.0,0.8,[],"['dishwasher', 'dryer', 'ev', 'washer', 'water_heater']",[]
household_s5_shared_roommates_irregular,household_s5_shared_roommates_irregular,rule_milp,Germany,1,2025-07-08,d08_hist_d08_1,hist_d08_1,8,/home/hku_user3/EnergyBridge_rl_dr_memory_202607/experiments/real_data/germany_2025_price.csv,17.0,1.0,/home/hku_user3/EnergyBridge_rl_dr_memory_202607/benchmark_results/2026-07-22_rule_milp_dr_memory_daily_july/_batch_logs/daily_event_configs/d08_hist_d08_1.json,skipped_done,0,0.0,/home/hku_user3/EnergyBridge_rl_dr_memory_202607/benchmark_results/2026-07-22_rule_milp_dr_memory_daily_july/household_s5_shared_roommates_irregular_rule_milp_germany_d08_hist_d08_1_2025-07-08_1day,/home/hku_user3/EnergyBridge_rl_dr_memory_202607/benchmark_results/2026-07-22_rule_milp_dr_memory_daily_july/_batch_logs/daily_dr_memory_germany_1day/household_s5_shared_roommates_irregular_rule_milp_germany_d08_hist_d08_1_2025-07-08_1day.log,/home/hku_user3/EnergyBridge_rl_dr_memory_202607/benchmark_results/2026-07-22_rule_milp_dr_memory_daily_july/household_s5_shared_roommates_irregular_rule_milp_germany_d08_hist_d08_1_2025-07-08_1day/run_summary.txt,0,47.770367,47.770367,17.23025,0.093319,EUR/kWh,/home/hku_user3/EnergyBridge_rl_dr_memory_202607/experiments/real_data/germany_2025_price.csv,6.9399,6.9399,0.0,0.0,1.505,1.0,1.0,"['dishwasher', 'dryer', 'ev', 'washer', 'water_heater']",[],[]
household_s4_ev_commuter_flexible,household_s4_ev_commuter_flexible,no_dr,Tianjin,1,2025-07-08,d08_hist_d08_1,hist_d08_1,8,/home/hku_user3/EnergyBridge_rl_dr_memory_202607/experiments/real_data/tianjin_tou_price_normalized.csv,17.0,1.0,/home/hku_user3/EnergyBridge_rl_dr_memory_202607/benchmark_results/2026-07-22_rule_milp_dr_memory_daily_july/_batch_logs/daily_event_configs/d08_hist_d08_1.json,skipped_done,0,0.0,/home/hku_user3/EnergyBridge_rl_dr_memory_202607/benchmark_results/2026-07-22_rule_milp_dr_memory_daily_july/household_s4_ev_commuter_flexible_no_dr_tianjin_d08_hist_d08_1_2025-07-08_1day,/home/hku_user3/EnergyBridge_rl_dr_memory_202607/benchmark_results/2026-07-22_rule_milp_dr_memory_daily_july/_batch_logs/daily_dr_memory_tianjin_1day/household_s4_ev_commuter_flexible_no_dr_tianjin_d08_hist_d08_1_2025-07-08_1day.log,/home/hku_user3/EnergyBridge_rl_dr_memory_202607/benchmark_results/2026-07-22_rule_milp_dr_memory_daily_july/household_s4_ev_commuter_flexible_no_dr_tianjin_d08_hist_d08_1_2025-07-08_1day/run_summary.txt,0,83.751564,83.751564,76.23194,1.267968,normalized TOU cost/kWh,/home/hku_user3/EnergyBridge_rl_dr_memory_202607/experiments/real_data/tianjin_tou_price_normalized.csv,4.5643,4.5643,1.0,1.0,,0.0,1.0,[],"['dishwasher', 'dryer', 'ev', 'washer', 'water_heater']",[]
household_s3_hybrid_work_from_home,household_s3_hybrid_work_from_home,no_dr,Germany,1,2025-07-08,d08_hist_d08_1,hist_d08_1,8,/home/hku_user3/EnergyBridge_rl_dr_memory_202607/experiments/real_data/germany_2025_price.csv,17.0,1.0,/home/hku_user3/EnergyBridge_rl_dr_memory_202607/benchmark_results/2026-07-22_rule_milp_dr_memory_daily_july/_batch_logs/daily_event_configs/d08_hist_d08_1.json,skipped_done,0,0.0,/home/hku_user3/EnergyBridge_rl_dr_memory_202607/benchmark_results/2026-07-22_rule_milp_dr_memory_daily_july/household_s3_hybrid_work_from_home_no_dr_germany_d08_hist_d08_1_2025-07-08_1day,/home/hku_user3/EnergyBridge_rl_dr_memory_202607/benchmark_results/2026-07-22_rule_milp_dr_memory_daily_july/_batch_logs/daily_dr_memory_germany_1day/household_s3_hybrid_work_from_home_no_dr_germany_d08_hist_d08_1_2025-07-08_1day.log,/home/hku_user3/EnergyBridge_rl_dr_memory_202607/benchmark_results/2026-07-22_rule_milp_dr_memory_daily_july/household_s3_hybrid_work_from_home_no_dr_germany_d08_hist_d08_1_2025-07-08_1day/run_summary.txt,0,50.052333,50.052333,17.629311,0.094289,EUR/kWh,/home/hku_user3/EnergyBridge_rl_dr_memory_202607/experiments/real_data/germany_2025_price.csv,10.257,10.257,1.0,1.0,,0.0,0.8,[],"['dishwasher', 'dryer', 'ev', 'washer', 'water_heater']",[]
household_s1_dual_commuter_standard,household_s1_dual_commuter_standard,rule_milp,Germany,1,2025-07-09,d09_hist_d09_1,hist_d09_1,9,/home/hku_user3/EnergyBridge_rl_dr_memory_202607/experiments/real_data/germany_2025_price.csv,19.0,1.0,/home/hku_user3/EnergyBridge_rl_dr_memory_202607/benchmark_results/2026-07-22_rule_milp_dr_memory_daily_july/_batch_logs/daily_event_configs/d09_hist_d09_1.json,skipped_done,0,0.0,/home/hku_user3/EnergyBridge_rl_dr_memory_202607/benchmark_results/2026-07-22_rule_milp_dr_memory_daily_july/household_s1_dual_commuter_standard_rule_milp_germany_d09_hist_d09_1_2025-07-09_1day,/home/hku_user3/EnergyBridge_rl_dr_memory_202607/benchmark_results/2026-07-22_rule_milp_dr_memory_daily_july/_batch_logs/daily_dr_memory_germany_1day/household_s1_dual_commuter_standard_rule_milp_germany_d09_hist_d09_1_2025-07-09_1day.log,/home/hku_user3/EnergyBridge_rl_dr_memory_202607/benchmark_results/2026-07-22_rule_milp_dr_memory_daily_july/household_s1_dual_commuter_standard_rule_milp_germany_d09_hist_d09_1_2025-07-09_1day/run_summary.txt,0,58.516978,58.516978,17.663329,0.095884,EUR/kWh,/home/hku_user3/EnergyBridge_rl_dr_memory_202607/experiments/real_data/germany_2025_price.csv,8.2853,8.2853,0.0,0.0,1.962,1.0,1.0,"['dishwasher', 'dryer', 'ev', 'washer', 'water_heater']",[],[]
household_s3_hybrid_work_from_home,household_s3_hybrid_work_from_home,rule_milp,Germany,1,2025-07-08,d08_hist_d08_1,hist_d08_1,8,/home/hku_user3/EnergyBridge_rl_dr_memory_202607/experiments/real_data/germany_2025_price.csv,17.0,1.0,/home/hku_user3/EnergyBridge_rl_dr_memory_202607/benchmark_results/2026-07-22_rule_milp_dr_memory_daily_july/_batch_logs/daily_event_configs/d08_hist_d08_1.json,skipped_done,0,0.0,/home/hku_user3/EnergyBridge_rl_dr_memory_202607/benchmark_results/2026-07-22_rule_milp_dr_memory_daily_july/household_s3_hybrid_work_from_home_rule_milp_germany_d08_hist_d08_1_2025-07-08_1day,/home/hku_user3/EnergyBridge_rl_dr_memory_202607/benchmark_results/2026-07-22_rule_milp_dr_memory_daily_july/_batch_logs/daily_dr_memory_germany_1day/household_s3_hybrid_work_from_home_rule_milp_germany_d08_hist_d08_1_2025-07-08_1day.log,/home/hku_user3/EnergyBridge_rl_dr_memory_202607/benchmark_results/2026-07-22_rule_milp_dr_memory_daily_july/household_s3_hybrid_work_from_home_rule_milp_germany_d08_hist_d08_1_2025-07-08_1day/run_summary.txt,0,53.983506,53.983506,17.406499,0.093256,EUR/kWh,/home/hku_user3/EnergyBridge_rl_dr_memory_202607/experiments/real_data/germany_2025_price.csv,7.9117,7.9117,0.0,0.0,1.983,1.0,1.0,"['dishwasher', 'dryer', 'ev', 'washer', 'water_heater']",[],[]
household_s2_multigeneration_caregiver,household_s2_multigeneration_caregiver,rule_milp,Germany,1,2025-07-08,d08_hist_d08_1,hist_d08_1,8,/home/hku_user3/EnergyBridge_rl_dr_memory_202607/experiments/real_data/germany_2025_price.csv,17.0,1.0,/home/hku_user3/EnergyBridge_rl_dr_memory_202607/benchmark_results/2026-07-22_rule_milp_dr_memory_daily_july/_batch_logs/daily_event_configs/d08_hist_d08_1.json,skipped_done,0,0.0,/home/hku_user3/EnergyBridge_rl_dr_memory_202607/benchmark_results/2026-07-22_rule_milp_dr_memory_daily_july/household_s2_multigeneration_caregiver_rule_milp_germany_d08_hist_d08_1_2025-07-08_1day,/home/hku_user3/EnergyBridge_rl_dr_memory_202607/benchmark_results/2026-07-22_rule_milp_dr_memory_daily_july/_batch_logs/daily_dr_memory_germany_1day/household_s2_multigeneration_caregiver_rule_milp_germany_d08_hist_d08_1_2025-07-08_1day.log,/home/hku_user3/EnergyBridge_rl_dr_memory_202607/benchmark_results/2026-07-22_rule_milp_dr_memory_daily_july/household_s2_multigeneration_caregiver_rule_milp_germany_d08_hist_d08_1_2025-07-08_1day/run_summary.txt,0,48.830506,48.830506,17.096697,0.093074,EUR/kWh,/home/hku_user3/EnergyBridge_rl_dr_memory_202607/experiments/real_data/germany_2025_price.csv,7.9612,7.9612,0.0,0.0,1.902,1.0,1.0,"['dishwasher', 'dryer', 'ev', 'washer', 'water_heater']",[],[]
household_s5_shared_roommates_irregular,household_s5_shared_roommates_irregular,no_dr,Tianjin,1,2025-07-08,d08_hist_d08_1,hist_d08_1,8,/home/hku_user3/EnergyBridge_rl_dr_memory_202607/experiments/real_data/tianjin_tou_price_normalized.csv,17.0,1.0,/home/hku_user3/EnergyBridge_rl_dr_memory_202607/benchmark_results/2026-07-22_rule_milp_dr_memory_daily_july/_batch_logs/daily_event_configs/d08_hist_d08_1.json,skipped_done,0,0.0,/home/hku_user3/EnergyBridge_rl_dr_memory_202607/benchmark_results/2026-07-22_rule_milp_dr_memory_daily_july/household_s5_shared_roommates_irregular_no_dr_tianjin_d08_hist_d08_1_2025-07-08_1day,/home/hku_user3/EnergyBridge_rl_dr_memory_202607/benchmark_results/2026-07-22_rule_milp_dr_memory_daily_july/_batch_logs/daily_dr_memory_tianjin_1day/household_s5_shared_roommates_irregular_no_dr_tianjin_d08_hist_d08_1_2025-07-08_1day.log,/home/hku_user3/EnergyBridge_rl_dr_memory_202607/benchmark_results/2026-07-22_rule_milp_dr_memory_daily_july/household_s5_shared_roommates_irregular_no_dr_tianjin_d08_hist_d08_1_2025-07-08_1day/run_summary.txt,0,75.690695,75.690695,69.976867,1.314684,normalized TOU cost/kWh,/home/hku_user3/EnergyBridge_rl_dr_memory_202607/experiments/real_data/tianjin_tou_price_normalized.csv,4.5643,4.5643,1.0,1.0,,0.0,1.0,[],"['dishwasher', 'dryer', 'ev', 'washer', 'water_heater']",[]
household_s1_dual_commuter_standard,household_s1_dual_commuter_standard,no_dr,Tianjin,1,2025-07-08,d08_hist_d08_1,hist_d08_1,8,/home/hku_user3/EnergyBridge_rl_dr_memory_202607/experiments/real_data/tianjin_tou_price_normalized.csv,17.0,1.0,/home/hku_user3/EnergyBridge_rl_dr_memory_202607/benchmark_results/2026-07-22_rule_milp_dr_memory_daily_july/_batch_logs/daily_event_configs/d08_hist_d08_1.json,skipped_done,0,0.0,/home/hku_user3/EnergyBridge_rl_dr_memory_202607/benchmark_results/2026-07-22_rule_milp_dr_memory_daily_july/household_s1_dual_commuter_standard_no_dr_tianjin_d08_hist_d08_1_2025-07-08_1day,/home/hku_user3/EnergyBridge_rl_dr_memory_202607/benchmark_results/2026-07-22_rule_milp_dr_memory_daily_july/_batch_logs/daily_dr_memory_tianjin_1day/household_s1_dual_commuter_standard_no_dr_tianjin_d08_hist_d08_1_2025-07-08_1day.log,/home/hku_user3/EnergyBridge_rl_dr_memory_202607/benchmark_results/2026-07-22_rule_milp_dr_memory_daily_july/household_s1_dual_commuter_standard_no_dr_tianjin_d08_hist_d08_1_2025-07-08_1day/run_summary.txt,0,80.064608,80.064608,72.781505,1.289666,normalized TOU cost/kWh,/home/hku_user3/EnergyBridge_rl_dr_memory_202607/experiments/real_data/tianjin_tou_price_normalized.csv,4.5643,4.5643,1.0,1.0,,0.0,0.8,[],"['dishwasher', 'dryer', 'ev', 'washer', 'water_heater']",[]
household_s3_hybrid_work_from_home,household_s3_hybrid_work_from_home,no_dr,Tianjin,1,2025-07-08,d08_hist_d08_1,hist_d08_1,8,/home/hku_user3/EnergyBridge_rl_dr_memory_202607/experiments/real_data/tianjin_tou_price_normalized.csv,17.0,1.0,/home/hku_user3/EnergyBridge_rl_dr_memory_202607/benchmark_results/2026-07-22_rule_milp_dr_memory_daily_july/_batch_logs/daily_event_configs/d08_hist_d08_1.json,skipped_done,0,0.0,/home/hku_user3/EnergyBridge_rl_dr_memory_202607/benchmark_results/2026-07-22_rule_milp_dr_memory_daily_july/household_s3_hybrid_work_from_home_no_dr_tianjin_d08_hist_d08_1_2025-07-08_1day,/home/hku_user3/EnergyBridge_rl_dr_memory_202607/benchmark_results/2026-07-22_rule_milp_dr_memory_daily_july/_batch_logs/daily_dr_memory_tianjin_1day/household_s3_hybrid_work_from_home_no_dr_tianjin_d08_hist_d08_1_2025-07-08_1day.log,/home/hku_user3/EnergyBridge_rl_dr_memory_202607/benchmark_results/2026-07-22_rule_milp_dr_memory_daily_july/household_s3_hybrid_work_from_home_no_dr_tianjin_d08_hist_d08_1_2025-07-08_1day/run_summary.txt,0,76.279524,76.279524,70.406241,1.315279,normalized TOU cost/kWh,/home/hku_user3/EnergyBridge_rl_dr_memory_202607/experiments/real_data/tianjin_tou_price_normalized.csv,4.5722,4.5722,1.0,1.0,,0.0,0.8,[],"['dishwasher', 'dryer', 'ev', 'washer', 'water_heater']",[]
household_s4_ev_commuter_flexible,household_s4_ev_commuter_flexible,rule_milp,Germany,1,2025-07-09,d09_hist_d09_1,hist_d09_1,9,/home/hku_user3/EnergyBridge_rl_dr_memory_202607/experiments/real_data/germany_2025_price.csv,19.0,1.0,/home/hku_user3/EnergyBridge_rl_dr_memory_202607/benchmark_results/2026-07-22_rule_milp_dr_memory_daily_july/_batch_logs/daily_event_configs/d09_hist_d09_1.json,skipped_done,0,0.0,/home/hku_user3/EnergyBridge_rl_dr_memory_202607/benchmark_results/2026-07-22_rule_milp_dr_memory_daily_july/household_s4_ev_commuter_flexible_rule_milp_germany_d09_hist_d09_1_2025-07-09_1day,/home/hku_user3/EnergyBridge_rl_dr_memory_202607/benchmark_results/2026-07-22_rule_milp_dr_memory_daily_july/_batch_logs/daily_dr_memory_germany_1day/household_s4_ev_commuter_flexible_rule_milp_germany_d09_hist_d09_1_2025-07-09_1day.log,/home/hku_user3/EnergyBridge_rl_dr_memory_202607/benchmark_results/2026-07-22_rule_milp_dr_memory_daily_july/household_s4_ev_commuter_flexible_rule_milp_germany_d09_hist_d09_1_2025-07-09_1day/run_summary.txt,0,62.914931,62.914931,17.982543,0.095867,EUR/kWh,/home/hku_user3/EnergyBridge_rl_dr_memory_202607/experiments/real_data/germany_2025_price.csv,8.2282,8.2282,0.0,0.0,2.0,1.0,1.0,"['dishwasher', 'dryer', 'ev', 'washer', 'water_heater']",[],[]
household_s3_hybrid_work_from_home,household_s3_hybrid_work_from_home,rule_milp,Germany,1,2025-07-09,d09_hist_d09_1,hist_d09_1,9,/home/hku_user3/EnergyBridge_rl_dr_memory_202607/experiments/real_data/germany_2025_price.csv,19.0,1.0,/home/hku_user3/EnergyBridge_rl_dr_memory_202607/benchmark_results/2026-07-22_rule_milp_dr_memory_daily_july/_batch_logs/daily_event_configs/d09_hist_d09_1.json,skipped_done,0,0.0,/home/hku_user3/EnergyBridge_rl_dr_memory_202607/benchmark_results/2026-07-22_rule_milp_dr_memory_daily_july/household_s3_hybrid_work_from_home_rule_milp_germany_d09_hist_d09_1_2025-07-09_1day,/home/hku_user3/EnergyBridge_rl_dr_memory_202607/benchmark_results/2026-07-22_rule_milp_dr_memory_daily_july/_batch_logs/daily_dr_memory_germany_1day/household_s3_hybrid_work_from_home_rule_milp_germany_d09_hist_d09_1_2025-07-09_1day.log,/home/hku_user3/EnergyBridge_rl_dr_memory_202607/benchmark_results/2026-07-22_rule_milp_dr_memory_daily_july/household_s3_hybrid_work_from_home_rule_milp_germany_d09_hist_d09_1_2025-07-09_1day/run_summary.txt,0,54.09968,54.09968,17.306297,0.09583,EUR/kWh,/home/hku_user3/EnergyBridge_rl_dr_memory_202607/experiments/real_data/germany_2025_price.csv,8.2421,8.2421,0.0,0.0,1.983,1.0,1.0,"['dishwasher', 'dryer', 'ev', 'washer', 'water_heater']",[],[]
household_s3_hybrid_work_from_home,household_s3_hybrid_work_from_home,no_dr,Germany,1,2025-07-09,d09_hist_d09_1,hist_d09_1,9,/home/hku_user3/EnergyBridge_rl_dr_memory_202607/experiments/real_data/germany_2025_price.csv,19.0,1.0,/home/hku_user3/EnergyBridge_rl_dr_memory_202607/benchmark_results/2026-07-22_rule_milp_dr_memory_daily_july/_batch_logs/daily_event_configs/d09_hist_d09_1.json,skipped_done,0,0.0,/home/hku_user3/EnergyBridge_rl_dr_memory_202607/benchmark_results/2026-07-22_rule_milp_dr_memory_daily_july/household_s3_hybrid_work_from_home_no_dr_germany_d09_hist_d09_1_2025-07-09_1day,/home/hku_user3/EnergyBridge_rl_dr_memory_202607/benchmark_results/2026-07-22_rule_milp_dr_memory_daily_july/_batch_logs/daily_dr_memory_germany_1day/household_s3_hybrid_work_from_home_no_dr_germany_d09_hist_d09_1_2025-07-09_1day.log,/home/hku_user3/EnergyBridge_rl_dr_memory_202607/benchmark_results/2026-07-22_rule_milp_dr_memory_daily_july/household_s3_hybrid_work_from_home_no_dr_germany_d09_hist_d09_1_2025-07-09_1day/run_summary.txt,0,49.224861,49.224861,17.712102,0.098291,EUR/kWh,/home/hku_user3/EnergyBridge_rl_dr_memory_202607/experiments/real_data/germany_2025_price.csv,15.274,15.274,1.0,1.0,,0.0,0.8,[],"['dishwasher', 'dryer', 'ev', 'washer', 'water_heater']",[]
household_s3_hybrid_work_from_home,household_s3_hybrid_work_from_home,rule_milp,Tianjin,1,2025-07-08,d08_hist_d08_1,hist_d08_1,8,/home/hku_user3/EnergyBridge_rl_dr_memory_202607/experiments/real_data/tianjin_tou_price_normalized.csv,17.0,1.0,/home/hku_user3/EnergyBridge_rl_dr_memory_202607/benchmark_results/2026-07-22_rule_milp_dr_memory_daily_july/_batch_logs/daily_event_configs/d08_hist_d08_1.json,skipped_done,0,0.0,/home/hku_user3/EnergyBridge_rl_dr_memory_202607/benchmark_results/2026-07-22_rule_milp_dr_memory_daily_july/household_s3_hybrid_work_from_home_rule_milp_tianjin_d08_hist_d08_1_2025-07-08_1day,/home/hku_user3/EnergyBridge_rl_dr_memory_202607/benchmark_results/2026-07-22_rule_milp_dr_memory_daily_july/_batch_logs/daily_dr_memory_tianjin_1day/household_s3_hybrid_work_from_home_rule_milp_tianjin_d08_hist_d08_1_2025-07-08_1day.log,/home/hku_user3/EnergyBridge_rl_dr_memory_202607/benchmark_results/2026-07-22_rule_milp_dr_memory_daily_july/household_s3_hybrid_work_from_home_rule_milp_tianjin_d08_hist_d08_1_2025-07-08_1day/run_summary.txt,0,85.094664,85.094664,65.623757,1.274911,normalized TOU cost/kWh,/home/hku_user3/EnergyBridge_rl_dr_memory_202607/experiments/real_data/tianjin_tou_price_normalized.csv,2.3093,2.3093,0.0,0.0,1.983,1.0,1.0,"['dishwasher', 'dryer', 'ev', 'washer', 'water_heater']",[],[]
household_s4_ev_commuter_flexible,household_s4_ev_commuter_flexible,rule_milp,Germany,1,2025-07-08,d08_hist_d08_1,hist_d08_1,8,/home/hku_user3/EnergyBridge_rl_dr_memory_202607/experiments/real_data/germany_2025_price.csv,17.0,1.0,/home/hku_user3/EnergyBridge_rl_dr_memory_202607/benchmark_results/2026-07-22_rule_milp_dr_memory_daily_july/_batch_logs/daily_event_configs/d08_hist_d08_1.json,skipped_done,0,0.0,/home/hku_user3/EnergyBridge_rl_dr_memory_202607/benchmark_results/2026-07-22_rule_milp_dr_memory_daily_july/household_s4_ev_commuter_flexible_rule_milp_germany_d08_hist_d08_1_2025-07-08_1day,/home/hku_user3/EnergyBridge_rl_dr_memory_202607/benchmark_results/2026-07-22_rule_milp_dr_memory_daily_july/_batch_logs/daily_dr_memory_germany_1day/household_s4_ev_commuter_flexible_rule_milp_germany_d08_hist_d08_1_2025-07-08_1day.log,/home/hku_user3/EnergyBridge_rl_dr_memory_202607/benchmark_results/2026-07-22_rule_milp_dr_memory_daily_july/household_s4_ev_commuter_flexible_rule_milp_germany_d08_hist_d08_1_2025-07-08_1day/run_summary.txt,0,56.735608,56.735608,18.100464,0.09345,EUR/kWh,/home/hku_user3/EnergyBridge_rl_dr_memory_202607/experiments/real_data/germany_2025_price.csv,7.8257,7.8257,0.0,0.0,2.0,1.0,1.0,"['dishwasher', 'dryer', 'ev', 'washer', 'water_heater']",[],[]
household_s5_shared_roommates_irregular,household_s5_shared_roommates_irregular,no_dr,Germany,1,2025-07-09,d09_hist_d09_1,hist_d09_1,9,/home/hku_user3/EnergyBridge_rl_dr_memory_202607/experiments/real_data/germany_2025_price.csv,19.0,1.0,/home/hku_user3/EnergyBridge_rl_dr_memory_202607/benchmark_results/2026-07-22_rule_milp_dr_memory_daily_july/_batch_logs/daily_event_configs/d09_hist_d09_1.json,skipped_done,0,0.0,/home/hku_user3/EnergyBridge_rl_dr_memory_202607/benchmark_results/2026-07-22_rule_milp_dr_memory_daily_july/household_s5_shared_roommates_irregular_no_dr_germany_d09_hist_d09_1_2025-07-09_1day,/home/hku_user3/EnergyBridge_rl_dr_memory_202607/benchmark_results/2026-07-22_rule_milp_dr_memory_daily_july/_batch_logs/daily_dr_memory_germany_1day/household_s5_shared_roommates_irregular_no_dr_germany_d09_hist_d09_1_2025-07-09_1day.log,/home/hku_user3/EnergyBridge_rl_dr_memory_202607/benchmark_results/2026-07-22_rule_milp_dr_memory_daily_july/household_s5_shared_roommates_irregular_no_dr_germany_d09_hist_d09_1_2025-07-09_1day/run_summary.txt,0,49.000117,49.000117,17.726641,0.098266,EUR/kWh,/home/hku_user3/EnergyBridge_rl_dr_memory_202607/experiments/real_data/germany_2025_price.csv,15.2687,15.2687,1.0,1.0,,0.0,0.8,[],"['dishwasher', 'dryer', 'ev', 'washer', 'water_heater']",[]
household_s4_ev_commuter_flexible,household_s4_ev_commuter_flexible,no_dr,Germany,1,2025-07-09,d09_hist_d09_1,hist_d09_1,9,/home/hku_user3/EnergyBridge_rl_dr_memory_202607/experiments/real_data/germany_2025_price.csv,19.0,1.0,/home/hku_user3/EnergyBridge_rl_dr_memory_202607/benchmark_results/2026-07-22_rule_milp_dr_memory_daily_july/_batch_logs/daily_event_configs/d09_hist_d09_1.json,skipped_done,0,0.0,/home/hku_user3/EnergyBridge_rl_dr_memory_202607/benchmark_results/2026-07-22_rule_milp_dr_memory_daily_july/household_s4_ev_commuter_flexible_no_dr_germany_d09_hist_d09_1_2025-07-09_1day,/home/hku_user3/EnergyBridge_rl_dr_memory_202607/benchmark_results/2026-07-22_rule_milp_dr_memory_daily_july/_batch_logs/daily_dr_memory_germany_1day/household_s4_ev_commuter_flexible_no_dr_germany_d09_hist_d09_1_2025-07-09_1day.log,/home/hku_user3/EnergyBridge_rl_dr_memory_202607/benchmark_results/2026-07-22_rule_milp_dr_memory_daily_july/household_s4_ev_commuter_flexible_no_dr_germany_d09_hist_d09_1_2025-07-09_1day/run_summary.txt,0,57.162436,57.162436,18.517437,0.098206,EUR/kWh,/home/hku_user3/EnergyBridge_rl_dr_memory_202607/experiments/real_data/germany_2025_price.csv,15.2687,15.2687,1.0,1.0,,0.0,0.8,[],"['dishwasher', 'dryer', 'ev', 'washer', 'water_heater']",[]
household_s1_dual_commuter_standard,household_s1_dual_commuter_standard,no_dr,Germany,1,2025-07-09,d09_hist_d09_1,hist_d09_1,9,/home/hku_user3/EnergyBridge_rl_dr_memory_202607/experiments/real_data/germany_2025_price.csv,19.0,1.0,/home/hku_user3/EnergyBridge_rl_dr_memory_202607/benchmark_results/2026-07-22_rule_milp_dr_memory_daily_july/_batch_logs/daily_event_configs/d09_hist_d09_1.json,skipped_done,0,0.0,/home/hku_user3/EnergyBridge_rl_dr_memory_202607/benchmark_results/2026-07-22_rule_milp_dr_memory_daily_july/household_s1_dual_commuter_standard_no_dr_germany_d09_hist_d09_1_2025-07-09_1day,/home/hku_user3/EnergyBridge_rl_dr_memory_202607/benchmark_results/2026-07-22_rule_milp_dr_memory_daily_july/_batch_logs/daily_dr_memory_germany_1day/household_s1_dual_commuter_standard_no_dr_germany_d09_hist_d09_1_2025-07-09_1day.log,/home/hku_user3/EnergyBridge_rl_dr_memory_202607/benchmark_results/2026-07-22_rule_milp_dr_memory_daily_july/household_s1_dual_commuter_standard_no_dr_germany_d09_hist_d09_1_2025-07-09_1day/run_summary.txt,0,53.081276,53.081276,18.12136,0.098231,EUR/kWh,/home/hku_user3/EnergyBridge_rl_dr_memory_202607/experiments/real_data/germany_2025_price.csv,15.2687,15.2687,1.0,1.0,,0.0,0.8,[],"['dishwasher', 'dryer', 'ev', 'washer', 'water_heater']",[]
household_s2_multigeneration_caregiver,household_s2_multigeneration_caregiver,no_dr,Germany,1,2025-07-09,d09_hist_d09_1,hist_d09_1,9,/home/hku_user3/EnergyBridge_rl_dr_memory_202607/experiments/real_data/germany_2025_price.csv,19.0,1.0,/home/hku_user3/EnergyBridge_rl_dr_memory_202607/benchmark_results/2026-07-22_rule_milp_dr_memory_daily_july/_batch_logs/daily_event_configs/d09_hist_d09_1.json,skipped_done,0,0.0,/home/hku_user3/EnergyBridge_rl_dr_memory_202607/benchmark_results/2026-07-22_rule_milp_dr_memory_daily_july/household_s2_multigeneration_caregiver_no_dr_germany_d09_hist_d09_1_2025-07-09_1day,/home/hku_user3/EnergyBridge_rl_dr_memory_202607/benchmark_results/2026-07-22_rule_milp_dr_memory_daily_july/_batch_logs/daily_dr_memory_germany_1day/household_s2_multigeneration_caregiver_no_dr_germany_d09_hist_d09_1_2025-07-09_1day.log,/home/hku_user3/EnergyBridge_rl_dr_memory_202607/benchmark_results/2026-07-22_rule_milp_dr_memory_daily_july/household_s2_multigeneration_caregiver_no_dr_germany_d09_hist_d09_1_2025-07-09_1day/run_summary.txt,0,45.440277,45.440277,17.322152,0.098199,EUR/kWh,/home/hku_user3/EnergyBridge_rl_dr_memory_202607/experiments/real_data/germany_2025_price.csv,15.2983,15.2983,1.0,1.0,,0.0,0.8,[],"['dishwasher', 'dryer', 'ev', 'washer', 'water_heater']",[]
household_s5_shared_roommates_irregular,household_s5_shared_roommates_irregular,no_dr,Germany,1,2025-07-08,d08_hist_d08_1,hist_d08_1,8,/home/hku_user3/EnergyBridge_rl_dr_memory_202607/experiments/real_data/germany_2025_price.csv,17.0,1.0,/home/hku_user3/EnergyBridge_rl_dr_memory_202607/benchmark_results/2026-07-22_rule_milp_dr_memory_daily_july/_batch_logs/daily_event_configs/d08_hist_d08_1.json,skipped_done,0,0.0,/home/hku_user3/EnergyBridge_rl_dr_memory_202607/benchmark_results/2026-07-22_rule_milp_dr_memory_daily_july/household_s5_shared_roommates_irregular_no_dr_germany_d08_hist_d08_1_2025-07-08_1day,/home/hku_user3/EnergyBridge_rl_dr_memory_202607/benchmark_results/2026-07-22_rule_milp_dr_memory_daily_july/_batch_logs/daily_dr_memory_germany_1day/household_s5_shared_roommates_irregular_no_dr_germany_d08_hist_d08_1_2025-07-08_1day.log,/home/hku_user3/EnergyBridge_rl_dr_memory_202607/benchmark_results/2026-07-22_rule_milp_dr_memory_daily_july/household_s5_shared_roommates_irregular_no_dr_germany_d08_hist_d08_1_2025-07-08_1day/run_summary.txt,0,49.839811,49.839811,17.644215,0.094264,EUR/kWh,/home/hku_user3/EnergyBridge_rl_dr_memory_202607/experiments/real_data/germany_2025_price.csv,10.2427,10.2427,1.0,1.0,,0.0,1.0,[],"['dishwasher', 'dryer', 'ev', 'washer', 'water_heater']",[]
household_s3_hybrid_work_from_home,household_s3_hybrid_work_from_home,rule_milp,Tianjin,1,2025-07-09,d09_hist_d09_1,hist_d09_1,9,/home/hku_user3/EnergyBridge_rl_dr_memory_202607/experiments/real_data/tianjin_tou_price_normalized.csv,19.0,1.0,/home/hku_user3/EnergyBridge_rl_dr_memory_202607/benchmark_results/2026-07-22_rule_milp_dr_memory_daily_july/_batch_logs/daily_event_configs/d09_hist_d09_1.json,skipped_done,0,0.0,/home/hku_user3/EnergyBridge_rl_dr_memory_202607/benchmark_results/2026-07-22_rule_milp_dr_memory_daily_july/household_s3_hybrid_work_from_home_rule_milp_tianjin_d09_hist_d09_1_2025-07-09_1day,/home/hku_user3/EnergyBridge_rl_dr_memory_202607/benchmark_results/2026-07-22_rule_milp_dr_memory_daily_july/_batch_logs/daily_dr_memory_tianjin_1day/household_s3_hybrid_work_from_home_rule_milp_tianjin_d09_hist_d09_1_2025-07-09_1day.log,/home/hku_user3/EnergyBridge_rl_dr_memory_202607/benchmark_results/2026-07-22_rule_milp_dr_memory_daily_july/household_s3_hybrid_work_from_home_rule_milp_tianjin_d09_hist_d09_1_2025-07-09_1day/run_summary.txt,0,80.97557,80.97557,65.594205,1.157523,normalized TOU cost/kWh,/home/hku_user3/EnergyBridge_rl_dr_memory_202607/experiments/real_data/tianjin_tou_price_normalized.csv,3.0352,3.0352,0.0,0.0,1.983,1.0,1.0,"['dishwasher', 'dryer', 'ev', 'washer', 'water_heater']",[],[]
household_s2_multigeneration_caregiver,household_s2_multigeneration_caregiver,rule_milp,Germany,1,2025-07-09,d09_hist_d09_1,hist_d09_1,9,/home/hku_user3/EnergyBridge_rl_dr_memory_202607/experiments/real_data/germany_2025_price.csv,19.0,1.0,/home/hku_user3/EnergyBridge_rl_dr_memory_202607/benchmark_results/2026-07-22_rule_milp_dr_memory_daily_july/_batch_logs/daily_event_configs/d09_hist_d09_1.json,skipped_done,0,0.0,/home/hku_user3/EnergyBridge_rl_dr_memory_202607/benchmark_results/2026-07-22_rule_milp_dr_memory_daily_july/household_s2_multigeneration_caregiver_rule_milp_germany_d09_hist_d09_1_2025-07-09_1day,/home/hku_user3/EnergyBridge_rl_dr_memory_202607/benchmark_results/2026-07-22_rule_milp_dr_memory_daily_july/_batch_logs/daily_dr_memory_germany_1day/household_s2_multigeneration_caregiver_rule_milp_germany_d09_hist_d09_1_2025-07-09_1day.log,/home/hku_user3/EnergyBridge_rl_dr_memory_202607/benchmark_results/2026-07-22_rule_milp_dr_memory_daily_july/household_s2_multigeneration_caregiver_rule_milp_germany_d09_hist_d09_1_2025-07-09_1day/run_summary.txt,0,49.669174,49.669174,16.91225,0.095936,EUR/kWh,/home/hku_user3/EnergyBridge_rl_dr_memory_202607/experiments/real_data/germany_2025_price.csv,9.0928,9.0928,0.0,0.0,1.9,1.0,1.0,"['dishwasher', 'dryer', 'ev', 'washer', 'water_heater']",[],[]
household_s5_shared_roommates_irregular,household_s5_shared_roommates_irregular,rule_milp,Germany,1,2025-07-09,d09_hist_d09_1,hist_d09_1,9,/home/hku_user3/EnergyBridge_rl_dr_memory_202607/experiments/real_data/germany_2025_price.csv,19.0,1.0,/home/hku_user3/EnergyBridge_rl_dr_memory_202607/benchmark_results/2026-07-22_rule_milp_dr_memory_daily_july/_batch_logs/daily_event_configs/d09_hist_d09_1.json,skipped_done,0,0.0,/home/hku_user3/EnergyBridge_rl_dr_memory_202607/benchmark_results/2026-07-22_rule_milp_dr_memory_daily_july/household_s5_shared_roommates_irregular_rule_milp_germany_d09_hist_d09_1_2025-07-09_1day,/home/hku_user3/EnergyBridge_rl_dr_memory_202607/benchmark_results/2026-07-22_rule_milp_dr_memory_daily_july/_batch_logs/daily_dr_memory_germany_1day/household_s5_shared_roommates_irregular_rule_milp_germany_d09_hist_d09_1_2025-07-09_1day.log,/home/hku_user3/EnergyBridge_rl_dr_memory_202607/benchmark_results/2026-07-22_rule_milp_dr_memory_daily_july/household_s5_shared_roommates_irregular_rule_milp_germany_d09_hist_d09_1_2025-07-09_1day/run_summary.txt,0,54.752612,54.752612,17.213214,0.09594,EUR/kWh,/home/hku_user3/EnergyBridge_rl_dr_memory_202607/experiments/real_data/germany_2025_price.csv,8.2282,8.2282,0.0,0.0,1.863,1.0,1.0,"['dishwasher', 'dryer', 'ev', 'washer', 'water_heater']",[],[]
household_s1_dual_commuter_standard,household_s1_dual_commuter_standard,no_dr,Tianjin,1,2025-07-09,d09_hist_d09_1,hist_d09_1,9,/home/hku_user3/EnergyBridge_rl_dr_memory_202607/experiments/real_data/tianjin_tou_price_normalized.csv,19.0,1.0,/home/hku_user3/EnergyBridge_rl_dr_memory_202607/benchmark_results/2026-07-22_rule_milp_dr_memory_daily_july/_batch_logs/daily_event_configs/d09_hist_d09_1.json,skipped_done,0,0.0,/home/hku_user3/EnergyBridge_rl_dr_memory_202607/benchmark_results/2026-07-22_rule_milp_dr_memory_daily_july/household_s1_dual_commuter_standard_no_dr_tianjin_d09_hist_d09_1_2025-07-09_1day,/home/hku_user3/EnergyBridge_rl_dr_memory_202607/benchmark_results/2026-07-22_rule_milp_dr_memory_daily_july/_batch_logs/daily_dr_memory_tianjin_1day/household_s1_dual_commuter_standard_no_dr_tianjin_d09_hist_d09_1_2025-07-09_1day.log,/home/hku_user3/EnergyBridge_rl_dr_memory_202607/benchmark_results/2026-07-22_rule_milp_dr_memory_daily_july/household_s1_dual_commuter_standard_no_dr_tianjin_d09_hist_d09_1_2025-07-09_1day/run_summary.txt,0,83.812897,83.812897,70.239086,1.145234,normalized TOU cost/kWh,/home/hku_user3/EnergyBridge_rl_dr_memory_202607/experiments/real_data/tianjin_tou_price_normalized.csv,9.8783,9.8783,1.0,1.0,,0.0,0.8,[],"['dishwasher', 'dryer', 'ev', 'washer', 'water_heater']",[]
household_s3_hybrid_work_from_home,household_s3_hybrid_work_from_home,no_dr,Germany,1,2025-07-10,d10_hist_d10_1,hist_d10_1,10,/home/hku_user3/EnergyBridge_rl_dr_memory_202607/experiments/real_data/germany_2025_price.csv,18.0,1.0,/home/hku_user3/EnergyBridge_rl_dr_memory_202607/benchmark_results/2026-07-22_rule_milp_dr_memory_daily_july/_batch_logs/daily_event_configs/d10_hist_d10_1.json,skipped_done,0,0.0,/home/hku_user3/EnergyBridge_rl_dr_memory_202607/benchmark_results/2026-07-22_rule_milp_dr_memory_daily_july/household_s3_hybrid_work_from_home_no_dr_germany_d10_hist_d10_1_2025-07-10_1day,/home/hku_user3/EnergyBridge_rl_dr_memory_202607/benchmark_results/2026-07-22_rule_milp_dr_memory_daily_july/_batch_logs/daily_dr_memory_germany_1day/household_s3_hybrid_work_from_home_no_dr_germany_d10_hist_d10_1_2025-07-10_1day.log,/home/hku_user3/EnergyBridge_rl_dr_memory_202607/benchmark_results/2026-07-22_rule_milp_dr_memory_daily_july/household_s3_hybrid_work_from_home_no_dr_germany_d10_hist_d10_1_2025-07-10_1day/run_summary.txt,0,60.732102,60.732102,17.870744,0.097087,EUR/kWh,/home/hku_user3/EnergyBridge_rl_dr_memory_202607/experiments/real_data/germany_2025_price.csv,10.9684,10.9684,1.0,1.0,,0.0,0.8,[],"['dishwasher', 'dryer', 'ev', 'washer', 'water_heater']",[]
household_s2_multigeneration_caregiver,household_s2_multigeneration_caregiver,rule_milp,Tianjin,1,2025-07-08,d08_hist_d08_1,hist_d08_1,8,/home/hku_user3/EnergyBridge_rl_dr_memory_202607/experiments/real_data/tianjin_tou_price_normalized.csv,17.0,1.0,/home/hku_user3/EnergyBridge_rl_dr_memory_202607/benchmark_results/2026-07-22_rule_milp_dr_memory_daily_july/_batch_logs/daily_event_configs/d08_hist_d08_1.json,skipped_done,0,0.0,/home/hku_user3/EnergyBridge_rl_dr_memory_202607/benchmark_results/2026-07-22_rule_milp_dr_memory_daily_july/household_s2_multigeneration_caregiver_rule_milp_tianjin_d08_hist_d08_1_2025-07-08_1day,/home/hku_user3/EnergyBridge_rl_dr_memory_202607/benchmark_results/2026-07-22_rule_milp_dr_memory_daily_july/_batch_logs/daily_dr_memory_tianjin_1day/household_s2_multigeneration_caregiver_rule_milp_tianjin_d08_hist_d08_1_2025-07-08_1day.log,/home/hku_user3/EnergyBridge_rl_dr_memory_202607/benchmark_results/2026-07-22_rule_milp_dr_memory_daily_july/household_s2_multigeneration_caregiver_rule_milp_tianjin_d08_hist_d08_1_2025-07-08_1day/run_summary.txt,0,83.529001,83.529001,65.349095,1.2529,normalized TOU cost/kWh,/home/hku_user3/EnergyBridge_rl_dr_memory_202607/experiments/real_data/tianjin_tou_price_normalized.csv,2.3802,2.3802,0.0,0.0,1.9,1.0,1.0,"['dishwasher', 'dryer', 'ev', 'washer', 'water_heater']",[],[]
household_s1_dual_commuter_standard,household_s1_dual_commuter_standard,no_dr,Germany,1,2025-07-10,d10_hist_d10_1,hist_d10_1,10,/home/hku_user3/EnergyBridge_rl_dr_memory_202607/experiments/real_data/germany_2025_price.csv,18.0,1.0,/home/hku_user3/EnergyBridge_rl_dr_memory_202607/benchmark_results/2026-07-22_rule_milp_dr_memory_daily_july/_batch_logs/daily_event_configs/d10_hist_d10_1.json,skipped_done,0,0.0,/home/hku_user3/EnergyBridge_rl_dr_memory_202607/benchmark_results/2026-07-22_rule_milp_dr_memory_daily_july/household_s1_dual_commuter_standard_no_dr_germany_d10_hist_d10_1_2025-07-10_1day,/home/hku_user3/EnergyBridge_rl_dr_memory_202607/benchmark_results/2026-07-22_rule_milp_dr_memory_daily_july/_batch_logs/daily_dr_memory_germany_1day/household_s1_dual_commuter_standard_no_dr_germany_d10_hist_d10_1_2025-07-10_1day.log,/home/hku_user3/EnergyBridge_rl_dr_memory_202607/benchmark_results/2026-07-22_rule_milp_dr_memory_daily_july/household_s1_dual_commuter_standard_no_dr_germany_d10_hist_d10_1_2025-07-10_1day/run_summary.txt,0,64.567915,64.567915,18.287238,0.097098,EUR/kWh,/home/hku_user3/EnergyBridge_rl_dr_memory_202607/experiments/real_data/germany_2025_price.csv,10.9595,10.9595,1.0,1.0,,0.0,1.0,[],"['dishwasher', 'dryer', 'ev', 'washer', 'water_heater']",[]
household_s5_shared_roommates_irregular,household_s5_shared_roommates_irregular,rule_milp,Tianjin,1,2025-07-08,d08_hist_d08_1,hist_d08_1,8,/home/hku_user3/EnergyBridge_rl_dr_memory_202607/experiments/real_data/tianjin_tou_price_normalized.csv,17.0,1.0,/home/hku_user3/EnergyBridge_rl_dr_memory_202607/benchmark_results/2026-07-22_rule_milp_dr_memory_daily_july/_batch_logs/daily_event_configs/d08_hist_d08_1.json,skipped_done,0,0.0,/home/hku_user3/EnergyBridge_rl_dr_memory_202607/benchmark_results/2026-07-22_rule_milp_dr_memory_daily_july/household_s5_shared_roommates_irregular_rule_milp_tianjin_d08_hist_d08_1_2025-07-08_1day,/home/hku_user3/EnergyBridge_rl_dr_memory_202607/benchmark_results/2026-07-22_rule_milp_dr_memory_daily_july/_batch_logs/daily_dr_memory_tianjin_1day/household_s5_shared_roommates_irregular_rule_milp_tianjin_d08_hist_d08_1_2025-07-08_1day.log,/home/hku_user3/EnergyBridge_rl_dr_memory_202607/benchmark_results/2026-07-22_rule_milp_dr_memory_daily_july/household_s5_shared_roommates_irregular_rule_milp_tianjin_d08_hist_d08_1_2025-07-08_1day/run_summary.txt,0,72.556192,72.556192,56.416455,1.268478,normalized TOU cost/kWh,/home/hku_user3/EnergyBridge_rl_dr_memory_202607/experiments/real_data/tianjin_tou_price_normalized.csv,0.9529,0.9529,0.0,0.0,1.123,1.0,1.0,"['dishwasher', 'dryer', 'ev', 'washer', 'water_heater']",[],[]
household_s2_multigeneration_caregiver,household_s2_multigeneration_caregiver,no_dr,Tianjin,1,2025-07-09,d09_hist_d09_1,hist_d09_1,9,/home/hku_user3/EnergyBridge_rl_dr_memory_202607/experiments/real_data/tianjin_tou_price_normalized.csv,19.0,1.0,/home/hku_user3/EnergyBridge_rl_dr_memory_202607/benchmark_results/2026-07-22_rule_milp_dr_memory_daily_july/_batch_logs/daily_event_configs/d09_hist_d09_1.json,skipped_done,0,0.0,/home/hku_user3/EnergyBridge_rl_dr_memory_202607/benchmark_results/2026-07-22_rule_milp_dr_memory_daily_july/household_s2_multigeneration_caregiver_no_dr_tianjin_d09_hist_d09_1_2025-07-09_1day,/home/hku_user3/EnergyBridge_rl_dr_memory_202607/benchmark_results/2026-07-22_rule_milp_dr_memory_daily_july/_batch_logs/daily_dr_memory_tianjin_1day/household_s2_multigeneration_caregiver_no_dr_tianjin_d09_hist_d09_1_2025-07-09_1day.log,/home/hku_user3/EnergyBridge_rl_dr_memory_202607/benchmark_results/2026-07-22_rule_milp_dr_memory_daily_july/household_s2_multigeneration_caregiver_no_dr_tianjin_d09_hist_d09_1_2025-07-09_1day/run_summary.txt,0,76.58663,76.58663,68.015729,1.157406,normalized TOU cost/kWh,/home/hku_user3/EnergyBridge_rl_dr_memory_202607/experiments/real_data/tianjin_tou_price_normalized.csv,9.9153,9.9153,1.0,1.0,,0.0,0.8,[],"['dishwasher', 'dryer', 'ev', 'washer', 'water_heater']",[]
household_s4_ev_commuter_flexible,household_s4_ev_commuter_flexible,rule_milp,Tianjin,1,2025-07-09,d09_hist_d09_1,hist_d09_1,9,/home/hku_user3/EnergyBridge_rl_dr_memory_202607/experiments/real_data/tianjin_tou_price_normalized.csv,19.0,1.0,/home/hku_user3/EnergyBridge_rl_dr_memory_202607/benchmark_results/2026-07-22_rule_milp_dr_memory_daily_july/_batch_logs/daily_event_configs/d09_hist_d09_1.json,skipped_done,0,0.0,/home/hku_user3/EnergyBridge_rl_dr_memory_202607/benchmark_results/2026-07-22_rule_milp_dr_memory_daily_july/household_s4_ev_commuter_flexible_rule_milp_tianjin_d09_hist_d09_1_2025-07-09_1day,/home/hku_user3/EnergyBridge_rl_dr_memory_202607/benchmark_results/2026-07-22_rule_milp_dr_memory_daily_july/_batch_logs/daily_dr_memory_tianjin_1day/household_s4_ev_commuter_flexible_rule_milp_tianjin_d09_hist_d09_1_2025-07-09_1day.log,/home/hku_user3/EnergyBridge_rl_dr_memory_202607/benchmark_results/2026-07-22_rule_milp_dr_memory_daily_july/household_s4_ev_commuter_flexible_rule_milp_tianjin_d09_hist_d09_1_2025-07-09_1day/run_summary.txt,0,88.604572,88.604572,66.49362,1.128326,normalized TOU cost/kWh,/home/hku_user3/EnergyBridge_rl_dr_memory_202607/experiments/real_data/tianjin_tou_price_normalized.csv,3.0256,3.0256,0.0,0.0,2.0,1.0,1.0,"['dishwasher', 'dryer', 'ev', 'washer', 'water_heater']",[],[]
household_s5_shared_roommates_irregular,household_s5_shared_roommates_irregular,no_dr,Germany,1,2025-07-10,d10_hist_d10_1,hist_d10_1,10,/home/hku_user3/EnergyBridge_rl_dr_memory_202607/experiments/real_data/germany_2025_price.csv,18.0,1.0,/home/hku_user3/EnergyBridge_rl_dr_memory_202607/benchmark_results/2026-07-22_rule_milp_dr_memory_daily_july/_batch_logs/daily_event_configs/d10_hist_d10_1.json,skipped_done,0,0.0,/home/hku_user3/EnergyBridge_rl_dr_memory_202607/benchmark_results/2026-07-22_rule_milp_dr_memory_daily_july/household_s5_shared_roommates_irregular_no_dr_germany_d10_hist_d10_1_2025-07-10_1day,/home/hku_user3/EnergyBridge_rl_dr_memory_202607/benchmark_results/2026-07-22_rule_milp_dr_memory_daily_july/_batch_logs/daily_dr_memory_germany_1day/household_s5_shared_roommates_irregular_no_dr_germany_d10_hist_d10_1_2025-07-10_1day.log,/home/hku_user3/EnergyBridge_rl_dr_memory_202607/benchmark_results/2026-07-22_rule_milp_dr_memory_daily_july/household_s5_shared_roommates_irregular_no_dr_germany_d10_hist_d10_1_2025-07-10_1day/run_summary.txt,0,60.486755,60.486755,17.885448,0.097068,EUR/kWh,/home/hku_user3/EnergyBridge_rl_dr_memory_202607/experiments/real_data/germany_2025_price.csv,10.9595,10.9595,1.0,1.0,,0.0,1.0,[],"['dishwasher', 'dryer', 'ev', 'washer', 'water_heater']",[]
household_s1_dual_commuter_standard,household_s1_dual_commuter_standard,no_dr,Tianjin,1,2025-07-10,d10_hist_d10_1,hist_d10_1,10,/home/hku_user3/EnergyBridge_rl_dr_memory_202607/experiments/real_data/tianjin_tou_price_normalized.csv,18.0,1.0,/home/hku_user3/EnergyBridge_rl_dr_memory_202607/benchmark_results/2026-07-22_rule_milp_dr_memory_daily_july/_batch_logs/daily_event_configs/d10_hist_d10_1.json,skipped_done,0,0.0,/home/hku_user3/EnergyBridge_rl_dr_memory_202607/benchmark_results/2026-07-22_rule_milp_dr_memory_daily_july/household_s1_dual_commuter_standard_no_dr_tianjin_d10_hist_d10_1_2025-07-10_1day,/home/hku_user3/EnergyBridge_rl_dr_memory_202607/benchmark_results/2026-07-22_rule_milp_dr_memory_daily_july/_batch_logs/daily_dr_memory_tianjin_1day/household_s1_dual_commuter_standard_no_dr_tianjin_d10_hist_d10_1_2025-07-10_1day.log,/home/hku_user3/EnergyBridge_rl_dr_memory_202607/benchmark_results/2026-07-22_rule_milp_dr_memory_daily_july/household_s1_dual_commuter_standard_no_dr_tianjin_d10_hist_d10_1_2025-07-10_1day/run_summary.txt,0,82.85438,82.85438,81.454637,1.186844,normalized TOU cost/kWh,/home/hku_user3/EnergyBridge_rl_dr_memory_202607/experiments/real_data/tianjin_tou_price_normalized.csv,6.217,6.217,1.0,1.0,,0.0,1.0,[],"['dishwasher', 'dryer', 'ev', 'washer', 'water_heater']",[]
household_s1_dual_commuter_standard,household_s1_dual_commuter_standard,rule_milp,Tianjin,1,2025-07-09,d09_hist_d09_1,hist_d09_1,9,/home/hku_user3/EnergyBridge_rl_dr_memory_202607/experiments/real_data/tianjin_tou_price_normalized.csv,19.0,1.0,/home/hku_user3/EnergyBridge_rl_dr_memory_202607/benchmark_results/2026-07-22_rule_milp_dr_memory_daily_july/_batch_logs/daily_event_configs/d09_hist_d09_1.json,skipped_done,0,0.0,/home/hku_user3/EnergyBridge_rl_dr_memory_202607/benchmark_results/2026-07-22_rule_milp_dr_memory_daily_july/household_s1_dual_commuter_standard_rule_milp_tianjin_d09_hist_d09_1_2025-07-09_1day,/home/hku_user3/EnergyBridge_rl_dr_memory_202607/benchmark_results/2026-07-22_rule_milp_dr_memory_daily_july/_batch_logs/daily_dr_memory_tianjin_1day/household_s1_dual_commuter_standard_rule_milp_tianjin_d09_hist_d09_1_2025-07-09_1day.log,/home/hku_user3/EnergyBridge_rl_dr_memory_202607/benchmark_results/2026-07-22_rule_milp_dr_memory_daily_july/household_s1_dual_commuter_standard_rule_milp_tianjin_d09_hist_d09_1_2025-07-09_1day/run_summary.txt,0,89.556191,89.556191,66.79119,1.138728,normalized TOU cost/kWh,/home/hku_user3/EnergyBridge_rl_dr_memory_202607/experiments/real_data/tianjin_tou_price_normalized.csv,3.1071,3.1071,0.0,0.0,1.962,1.0,1.0,"['dishwasher', 'dryer', 'ev', 'washer', 'water_heater']",[],[]
household_s4_ev_commuter_flexible,household_s4_ev_commuter_flexible,no_dr,Germany,1,2025-07-10,d10_hist_d10_1,hist_d10_1,10,/home/hku_user3/EnergyBridge_rl_dr_memory_202607/experiments/real_data/germany_2025_price.csv,18.0,1.0,/home/hku_user3/EnergyBridge_rl_dr_memory_202607/benchmark_results/2026-07-22_rule_milp_dr_memory_daily_july/_batch_logs/daily_event_configs/d10_hist_d10_1.json,skipped_done,0,0.0,/home/hku_user3/EnergyBridge_rl_dr_memory_202607/benchmark_results/2026-07-22_rule_milp_dr_memory_daily_july/household_s4_ev_commuter_flexible_no_dr_germany_d10_hist_d10_1_2025-07-10_1day,/home/hku_user3/EnergyBridge_rl_dr_memory_202607/benchmark_results/2026-07-22_rule_milp_dr_memory_daily_july/_batch_logs/daily_dr_memory_germany_1day/household_s4_ev_commuter_flexible_no_dr_germany_d10_hist_d10_1_2025-07-10_1day.log,/home/hku_user3/EnergyBridge_rl_dr_memory_202607/benchmark_results/2026-07-22_rule_milp_dr_memory_daily_july/household_s4_ev_commuter_flexible_no_dr_germany_d10_hist_d10_1_2025-07-10_1day/run_summary.txt,0,68.649074,68.649074,18.689608,0.09713,EUR/kWh,/home/hku_user3/EnergyBridge_rl_dr_memory_202607/experiments/real_data/germany_2025_price.csv,10.9595,10.9595,1.0,1.0,,0.0,1.0,[],"['dishwasher', 'dryer', 'ev', 'washer', 'water_heater']",[]
household_s4_ev_commuter_flexible,household_s4_ev_commuter_flexible,no_dr,Tianjin,1,2025-07-09,d09_hist_d09_1,hist_d09_1,9,/home/hku_user3/EnergyBridge_rl_dr_memory_202607/experiments/real_data/tianjin_tou_price_normalized.csv,19.0,1.0,/home/hku_user3/EnergyBridge_rl_dr_memory_202607/benchmark_results/2026-07-22_rule_milp_dr_memory_daily_july/_batch_logs/daily_event_configs/d09_hist_d09_1.json,skipped_done,0,0.0,/home/hku_user3/EnergyBridge_rl_dr_memory_202607/benchmark_results/2026-07-22_rule_milp_dr_memory_daily_july/household_s4_ev_commuter_flexible_no_dr_tianjin_d09_hist_d09_1_2025-07-09_1day,/home/hku_user3/EnergyBridge_rl_dr_memory_202607/benchmark_results/2026-07-22_rule_milp_dr_memory_daily_july/_batch_logs/daily_dr_memory_tianjin_1day/household_s4_ev_commuter_flexible_no_dr_tianjin_d09_hist_d09_1_2025-07-09_1day.log,/home/hku_user3/EnergyBridge_rl_dr_memory_202607/benchmark_results/2026-07-22_rule_milp_dr_memory_daily_july/household_s4_ev_commuter_flexible_no_dr_tianjin_d09_hist_d09_1_2025-07-09_1day/run_summary.txt,0,87.414346,87.414346,72.104013,1.137786,normalized TOU cost/kWh,/home/hku_user3/EnergyBridge_rl_dr_memory_202607/experiments/real_data/tianjin_tou_price_normalized.csv,9.8783,9.8783,1.0,1.0,,0.0,0.8,[],"['dishwasher', 'dryer', 'ev', 'washer', 'water_heater']",[]
household_s2_multigeneration_caregiver,household_s2_multigeneration_caregiver,rule_milp,Tianjin,1,2025-07-09,d09_hist_d09_1,hist_d09_1,9,/home/hku_user3/EnergyBridge_rl_dr_memory_202607/experiments/real_data/tianjin_tou_price_normalized.csv,19.0,1.0,/home/hku_user3/EnergyBridge_rl_dr_memory_202607/benchmark_results/2026-07-22_rule_milp_dr_memory_daily_july/_batch_logs/daily_event_configs/d09_hist_d09_1.json,skipped_done,0,0.0,/home/hku_user3/EnergyBridge_rl_dr_memory_202607/benchmark_results/2026-07-22_rule_milp_dr_memory_daily_july/household_s2_multigeneration_caregiver_rule_milp_tianjin_d09_hist_d09_1_2025-07-09_1day,/home/hku_user3/EnergyBridge_rl_dr_memory_202607/benchmark_results/2026-07-22_rule_milp_dr_memory_daily_july/_batch_logs/daily_dr_memory_tianjin_1day/household_s2_multigeneration_caregiver_rule_milp_tianjin_d09_hist_d09_1_2025-07-09_1day.log,/home/hku_user3/EnergyBridge_rl_dr_memory_202607/benchmark_results/2026-07-22_rule_milp_dr_memory_daily_july/household_s2_multigeneration_caregiver_rule_milp_tianjin_d09_hist_d09_1_2025-07-09_1day/run_summary.txt,0,81.03277,81.03277,63.581767,1.190376,normalized TOU cost/kWh,/home/hku_user3/EnergyBridge_rl_dr_memory_202607/experiments/real_data/tianjin_tou_price_normalized.csv,3.9992,3.9992,0.0,0.0,1.9,1.0,1.0,"['dishwasher', 'dryer', 'ev', 'washer', 'water_heater']",[],[]
household_s3_hybrid_work_from_home,household_s3_hybrid_work_from_home,rule_milp,Germany,1,2025-07-10,d10_hist_d10_1,hist_d10_1,10,/home/hku_user3/EnergyBridge_rl_dr_memory_202607/experiments/real_data/germany_2025_price.csv,18.0,1.0,/home/hku_user3/EnergyBridge_rl_dr_memory_202607/benchmark_results/2026-07-22_rule_milp_dr_memory_daily_july/_batch_logs/daily_event_configs/d10_hist_d10_1.json,skipped_done,0,0.0,/home/hku_user3/EnergyBridge_rl_dr_memory_202607/benchmark_results/2026-07-22_rule_milp_dr_memory_daily_july/household_s3_hybrid_work_from_home_rule_milp_germany_d10_hist_d10_1_2025-07-10_1day,/home/hku_user3/EnergyBridge_rl_dr_memory_202607/benchmark_results/2026-07-22_rule_milp_dr_memory_daily_july/_batch_logs/daily_dr_memory_germany_1day/household_s3_hybrid_work_from_home_rule_milp_germany_d10_hist_d10_1_2025-07-10_1day.log,/home/hku_user3/EnergyBridge_rl_dr_memory_202607/benchmark_results/2026-07-22_rule_milp_dr_memory_daily_july/household_s3_hybrid_work_from_home_rule_milp_germany_d10_hist_d10_1_2025-07-10_1day/run_summary.txt,0,62.965129,62.965129,17.51807,0.095534,EUR/kWh,/home/hku_user3/EnergyBridge_rl_dr_memory_202607/experiments/real_data/germany_2025_price.csv,6.9453,6.9453,0.0,0.0,1.983,1.0,1.0,"['dishwasher', 'dryer', 'ev', 'washer', 'water_heater']",[],[]
household_s2_multigeneration_caregiver,household_s2_multigeneration_caregiver,rule_milp,Germany,1,2025-07-10,d10_hist_d10_1,hist_d10_1,10,/home/hku_user3/EnergyBridge_rl_dr_memory_202607/experiments/real_data/germany_2025_price.csv,18.0,1.0,/home/hku_user3/EnergyBridge_rl_dr_memory_202607/benchmark_results/2026-07-22_rule_milp_dr_memory_daily_july/_batch_logs/daily_event_configs/d10_hist_d10_1.json,skipped_done,0,0.0,/home/hku_user3/EnergyBridge_rl_dr_memory_202607/benchmark_results/2026-07-22_rule_milp_dr_memory_daily_july/household_s2_multigeneration_caregiver_rule_milp_germany_d10_hist_d10_1_2025-07-10_1day,/home/hku_user3/EnergyBridge_rl_dr_memory_202607/benchmark_results/2026-07-22_rule_milp_dr_memory_daily_july/_batch_logs/daily_dr_memory_germany_1day/household_s2_multigeneration_caregiver_rule_milp_germany_d10_hist_d10_1_2025-07-10_1day.log,/home/hku_user3/EnergyBridge_rl_dr_memory_202607/benchmark_results/2026-07-22_rule_milp_dr_memory_daily_july/household_s2_multigeneration_caregiver_rule_milp_germany_d10_hist_d10_1_2025-07-10_1day/run_summary.txt,0,61.343036,61.343036,17.087141,0.095084,EUR/kWh,/home/hku_user3/EnergyBridge_rl_dr_memory_202607/experiments/real_data/germany_2025_price.csv,7.4426,7.4426,0.0,0.0,1.9,1.0,1.0,"['dishwasher', 'dryer', 'ev', 'washer', 'water_heater']",[],[]
household_s2_multigeneration_caregiver,household_s2_multigeneration_caregiver,rule_milp,Tianjin,1,2025-07-10,d10_hist_d10_1,hist_d10_1,10,/home/hku_user3/EnergyBridge_rl_dr_memory_202607/experiments/real_data/tianjin_tou_price_normalized.csv,18.0,1.0,/home/hku_user3/EnergyBridge_rl_dr_memory_202607/benchmark_results/2026-07-22_rule_milp_dr_memory_daily_july/_batch_logs/daily_event_configs/d10_hist_d10_1.json,skipped_done,0,0.0,/home/hku_user3/EnergyBridge_rl_dr_memory_202607/benchmark_results/2026-07-22_rule_milp_dr_memory_daily_july/household_s2_multigeneration_caregiver_rule_milp_tianjin_d10_hist_d10_1_2025-07-10_1day,/home/hku_user3/EnergyBridge_rl_dr_memory_202607/benchmark_results/2026-07-22_rule_milp_dr_memory_daily_july/_batch_logs/daily_dr_memory_tianjin_1day/household_s2_multigeneration_caregiver_rule_milp_tianjin_d10_hist_d10_1_2025-07-10_1day.log,/home/hku_user3/EnergyBridge_rl_dr_memory_202607/benchmark_results/2026-07-22_rule_milp_dr_memory_daily_july/household_s2_multigeneration_caregiver_rule_milp_tianjin_d10_hist_d10_1_2025-07-10_1day/run_summary.txt,0,87.188835,87.188835,72.05022,1.232607,normalized TOU cost/kWh,/home/hku_user3/EnergyBridge_rl_dr_memory_202607/experiments/real_data/tianjin_tou_price_normalized.csv,3.361,3.361,0.0,0.0,1.9,1.0,1.0,"['dishwasher', 'dryer', 'ev', 'washer', 'water_heater']",[],[]
household_s4_ev_commuter_flexible,household_s4_ev_commuter_flexible,rule_milp,Germany,1,2025-07-10,d10_hist_d10_1,hist_d10_1,10,/home/hku_user3/EnergyBridge_rl_dr_memory_202607/experiments/real_data/germany_2025_price.csv,18.0,1.0,/home/hku_user3/EnergyBridge_rl_dr_memory_202607/benchmark_results/2026-07-22_rule_milp_dr_memory_daily_july/_batch_logs/daily_event_configs/d10_hist_d10_1.json,skipped_done,0,0.0,/home/hku_user3/EnergyBridge_rl_dr_memory_202607/benchmark_results/2026-07-22_rule_milp_dr_memory_daily_july/household_s4_ev_commuter_flexible_rule_milp_germany_d10_hist_d10_1_2025-07-10_1day,/home/hku_user3/EnergyBridge_rl_dr_memory_202607/benchmark_results/2026-07-22_rule_milp_dr_memory_daily_july/_batch_logs/daily_dr_memory_germany_1day/household_s4_ev_commuter_flexible_rule_milp_germany_d10_hist_d10_1_2025-07-10_1day.log,/home/hku_user3/EnergyBridge_rl_dr_memory_202607/benchmark_results/2026-07-22_rule_milp_dr_memory_daily_july/household_s4_ev_commuter_flexible_rule_milp_germany_d10_hist_d10_1_2025-07-10_1day/run_summary.txt,0,71.704577,71.704577,18.171503,0.095902,EUR/kWh,/home/hku_user3/EnergyBridge_rl_dr_memory_202607/experiments/real_data/germany_2025_price.csv,6.9931,6.9931,0.0,0.0,2.0,1.0,1.0,"['dishwasher', 'dryer', 'ev', 'washer', 'water_heater']",[],[]
household_s2_multigeneration_caregiver,household_s2_multigeneration_caregiver,no_dr,Tianjin,1,2025-07-10,d10_hist_d10_1,hist_d10_1,10,/home/hku_user3/EnergyBridge_rl_dr_memory_202607/experiments/real_data/tianjin_tou_price_normalized.csv,18.0,1.0,/home/hku_user3/EnergyBridge_rl_dr_memory_202607/benchmark_results/2026-07-22_rule_milp_dr_memory_daily_july/_batch_logs/daily_event_configs/d10_hist_d10_1.json,skipped_done,0,0.0,/home/hku_user3/EnergyBridge_rl_dr_memory_202607/benchmark_results/2026-07-22_rule_milp_dr_memory_daily_july/household_s2_multigeneration_caregiver_no_dr_tianjin_d10_hist_d10_1_2025-07-10_1day,/home/hku_user3/EnergyBridge_rl_dr_memory_202607/benchmark_results/2026-07-22_rule_milp_dr_memory_daily_july/_batch_logs/daily_dr_memory_tianjin_1day/household_s2_multigeneration_caregiver_no_dr_tianjin_d10_hist_d10_1_2025-07-10_1day.log,/home/hku_user3/EnergyBridge_rl_dr_memory_202607/benchmark_results/2026-07-22_rule_milp_dr_memory_daily_july/household_s2_multigeneration_caregiver_no_dr_tianjin_d10_hist_d10_1_2025-07-10_1day/run_summary.txt,0,76.382069,76.382069,74.79535,1.211164,normalized TOU cost/kWh,/home/hku_user3/EnergyBridge_rl_dr_memory_202607/experiments/real_data/tianjin_tou_price_normalized.csv,6.2784,6.2784,1.0,1.0,,0.0,1.0,[],"['dishwasher', 'dryer', 'ev', 'washer', 'water_heater']",[]
household_s1_dual_commuter_standard,household_s1_dual_commuter_standard,no_dr,Germany,1,2025-07-11,d11_hist_d11_1,hist_d11_1,11,/home/hku_user3/EnergyBridge_rl_dr_memory_202607/experiments/real_data/germany_2025_price.csv,18.0,1.0,/home/hku_user3/EnergyBridge_rl_dr_memory_202607/benchmark_results/2026-07-22_rule_milp_dr_memory_daily_july/_batch_logs/daily_event_configs/d11_hist_d11_1.json,skipped_done,0,0.0,/home/hku_user3/EnergyBridge_rl_dr_memory_202607/benchmark_results/2026-07-22_rule_milp_dr_memory_daily_july/household_s1_dual_commuter_standard_no_dr_germany_d11_hist_d11_1_2025-07-11_1day,/home/hku_user3/EnergyBridge_rl_dr_memory_202607/benchmark_results/2026-07-22_rule_milp_dr_memory_daily_july/_batch_logs/daily_dr_memory_germany_1day/household_s1_dual_commuter_standard_no_dr_germany_d11_hist_d11_1_2025-07-11_1day.log,/home/hku_user3/EnergyBridge_rl_dr_memory_202607/benchmark_results/2026-07-22_rule_milp_dr_memory_daily_july/household_s1_dual_commuter_standard_no_dr_germany_d11_hist_d11_1_2025-07-11_1day/run_summary.txt,0,60.88302,60.88302,17.221404,0.091518,EUR/kWh,/home/hku_user3/EnergyBridge_rl_dr_memory_202607/experiments/real_data/germany_2025_price.csv,11.0409,11.0409,1.0,1.0,,0.0,1.0,[],"['dishwasher', 'dryer', 'ev', 'washer', 'water_heater']",[]
household_s5_shared_roommates_irregular,household_s5_shared_roommates_irregular,no_dr,Tianjin,1,2025-07-09,d09_hist_d09_1,hist_d09_1,9,/home/hku_user3/EnergyBridge_rl_dr_memory_202607/experiments/real_data/tianjin_tou_price_normalized.csv,19.0,1.0,/home/hku_user3/EnergyBridge_rl_dr_memory_202607/benchmark_results/2026-07-22_rule_milp_dr_memory_daily_july/_batch_logs/daily_event_configs/d09_hist_d09_1.json,skipped_done,0,0.0,/home/hku_user3/EnergyBridge_rl_dr_memory_202607/benchmark_results/2026-07-22_rule_milp_dr_memory_daily_july/household_s5_shared_roommates_irregular_no_dr_tianjin_d09_hist_d09_1_2025-07-09_1day,/home/hku_user3/EnergyBridge_rl_dr_memory_202607/benchmark_results/2026-07-22_rule_milp_dr_memory_daily_july/_batch_logs/daily_dr_memory_tianjin_1day/household_s5_shared_roommates_irregular_no_dr_tianjin_d09_hist_d09_1_2025-07-09_1day.log,/home/hku_user3/EnergyBridge_rl_dr_memory_202607/benchmark_results/2026-07-22_rule_milp_dr_memory_daily_july/household_s5_shared_roommates_irregular_no_dr_tianjin_d09_hist_d09_1_2025-07-09_1day/run_summary.txt,0,79.934636,79.934636,68.536477,1.153958,normalized TOU cost/kWh,/home/hku_user3/EnergyBridge_rl_dr_memory_202607/experiments/real_data/tianjin_tou_price_normalized.csv,9.8783,9.8783,1.0,1.0,,0.0,0.8,[],"['dishwasher', 'dryer', 'ev', 'washer', 'water_heater']",[]
household_s1_dual_commuter_standard,household_s1_dual_commuter_standard,rule_milp,Tianjin,1,2025-07-10,d10_hist_d10_1,hist_d10_1,10,/home/hku_user3/EnergyBridge_rl_dr_memory_202607/experiments/real_data/tianjin_tou_price_normalized.csv,18.0,1.0,/home/hku_user3/EnergyBridge_rl_dr_memory_202607/benchmark_results/2026-07-22_rule_milp_dr_memory_daily_july/_batch_logs/daily_event_configs/d10_hist_d10_1.json,skipped_done,0,0.0,/home/hku_user3/EnergyBridge_rl_dr_memory_202607/benchmark_results/2026-07-22_rule_milp_dr_memory_daily_july/household_s1_dual_commuter_standard_rule_milp_tianjin_d10_hist_d10_1_2025-07-10_1day,/home/hku_user3/EnergyBridge_rl_dr_memory_202607/benchmark_results/2026-07-22_rule_milp_dr_memory_daily_july/_batch_logs/daily_dr_memory_tianjin_1day/household_s1_dual_commuter_standard_rule_milp_tianjin_d10_hist_d10_1_2025-07-10_1day.log,/home/hku_user3/EnergyBridge_rl_dr_memory_202607/benchmark_results/2026-07-22_rule_milp_dr_memory_daily_july/household_s1_dual_commuter_standard_rule_milp_tianjin_d10_hist_d10_1_2025-07-10_1day/run_summary.txt,0,88.808591,88.808591,73.279356,1.207706,normalized TOU cost/kWh,/home/hku_user3/EnergyBridge_rl_dr_memory_202607/experiments/real_data/tianjin_tou_price_normalized.csv,2.9574,2.9574,0.0,0.0,1.962,1.0,1.0,"['dishwasher', 'dryer', 'ev', 'washer', 'water_heater']",[],[]
household_s5_shared_roommates_irregular,household_s5_shared_roommates_irregular,rule_milp,Germany,1,2025-07-10,d10_hist_d10_1,hist_d10_1,10,/home/hku_user3/EnergyBridge_rl_dr_memory_202607/experiments/real_data/germany_2025_price.csv,18.0,1.0,/home/hku_user3/EnergyBridge_rl_dr_memory_202607/benchmark_results/2026-07-22_rule_milp_dr_memory_daily_july/_batch_logs/daily_event_configs/d10_hist_d10_1.json,skipped_done,0,0.0,/home/hku_user3/EnergyBridge_rl_dr_memory_202607/benchmark_results/2026-07-22_rule_milp_dr_memory_daily_july/household_s5_shared_roommates_irregular_rule_milp_germany_d10_hist_d10_1_2025-07-10_1day,/home/hku_user3/EnergyBridge_rl_dr_memory_202607/benchmark_results/2026-07-22_rule_milp_dr_memory_daily_july/_batch_logs/daily_dr_memory_germany_1day/household_s5_shared_roommates_irregular_rule_milp_germany_d10_hist_d10_1_2025-07-10_1day.log,/home/hku_user3/EnergyBridge_rl_dr_memory_202607/benchmark_results/2026-07-22_rule_milp_dr_memory_daily_july/household_s5_shared_roommates_irregular_rule_milp_germany_d10_hist_d10_1_2025-07-10_1day/run_summary.txt,0,63.542258,63.542258,17.372565,0.095813,EUR/kWh,/home/hku_user3/EnergyBridge_rl_dr_memory_202607/experiments/real_data/germany_2025_price.csv,6.9931,6.9931,0.0,0.0,1.962,1.0,1.0,"['dishwasher', 'dryer', 'ev', 'washer', 'water_heater']",[],[]
household_s4_ev_commuter_flexible,household_s4_ev_commuter_flexible,no_dr,Tianjin,1,2025-07-10,d10_hist_d10_1,hist_d10_1,10,/home/hku_user3/EnergyBridge_rl_dr_memory_202607/experiments/real_data/tianjin_tou_price_normalized.csv,18.0,1.0,/home/hku_user3/EnergyBridge_rl_dr_memory_202607/benchmark_results/2026-07-22_rule_milp_dr_memory_daily_july/_batch_logs/daily_event_configs/d10_hist_d10_1.json,skipped_done,0,0.0,/home/hku_user3/EnergyBridge_rl_dr_memory_202607/benchmark_results/2026-07-22_rule_milp_dr_memory_daily_july/household_s4_ev_commuter_flexible_no_dr_tianjin_d10_hist_d10_1_2025-07-10_1day,/home/hku_user3/EnergyBridge_rl_dr_memory_202607/benchmark_results/2026-07-22_rule_milp_dr_memory_daily_july/_batch_logs/daily_dr_memory_tianjin_1day/household_s4_ev_commuter_flexible_no_dr_tianjin_d10_hist_d10_1_2025-07-10_1day.log,/home/hku_user3/EnergyBridge_rl_dr_memory_202607/benchmark_results/2026-07-22_rule_milp_dr_memory_daily_july/household_s4_ev_commuter_flexible_no_dr_tianjin_d10_hist_d10_1_2025-07-10_1day/run_summary.txt,0,87.415249,87.415249,85.535797,1.176357,normalized TOU cost/kWh,/home/hku_user3/EnergyBridge_rl_dr_memory_202607/experiments/real_data/tianjin_tou_price_normalized.csv,6.217,6.217,1.0,1.0,,0.0,1.0,[],"['dishwasher', 'dryer', 'ev', 'washer', 'water_heater']",[]
household_s5_shared_roommates_irregular,household_s5_shared_roommates_irregular,no_dr,Tianjin,1,2025-07-11,d11_hist_d11_1,hist_d11_1,11,/home/hku_user3/EnergyBridge_rl_dr_memory_202607/experiments/real_data/tianjin_tou_price_normalized.csv,18.0,1.0,/home/hku_user3/EnergyBridge_rl_dr_memory_202607/benchmark_results/2026-07-22_rule_milp_dr_memory_daily_july/_batch_logs/daily_event_configs/d11_hist_d11_1.json,skipped_done,0,0.0,/home/hku_user3/EnergyBridge_rl_dr_memory_202607/benchmark_results/2026-07-22_rule_milp_dr_memory_daily_july/household_s5_shared_roommates_irregular_no_dr_tianjin_d11_hist_d11_1_2025-07-11_1day,/home/hku_user3/EnergyBridge_rl_dr_memory_202607/benchmark_results/2026-07-22_rule_milp_dr_memory_daily_july/_batch_logs/daily_dr_memory_tianjin_1day/household_s5_shared_roommates_irregular_no_dr_tianjin_d11_hist_d11_1_2025-07-11_1day.log,/home/hku_user3/EnergyBridge_rl_dr_memory_202607/benchmark_results/2026-07-22_rule_milp_dr_memory_daily_july/household_s5_shared_roommates_irregular_no_dr_tianjin_d11_hist_d11_1_2025-07-11_1day/run_summary.txt,0,81.496177,81.496177,76.995411,1.203509,normalized TOU cost/kWh,/home/hku_user3/EnergyBridge_rl_dr_memory_202607/experiments/real_data/tianjin_tou_price_normalized.csv,5.8644,5.8644,1.0,1.0,,0.0,1.0,[],"['dishwasher', 'dryer', 'ev', 'washer', 'water_heater']",[]
household_s5_shared_roommates_irregular,household_s5_shared_roommates_irregular,no_dr,Tianjin,1,2025-07-10,d10_hist_d10_1,hist_d10_1,10,/home/hku_user3/EnergyBridge_rl_dr_memory_202607/experiments/real_data/tianjin_tou_price_normalized.csv,18.0,1.0,/home/hku_user3/EnergyBridge_rl_dr_memory_202607/benchmark_results/2026-07-22_rule_milp_dr_memory_daily_july/_batch_logs/daily_event_configs/d10_hist_d10_1.json,skipped_done,0,0.0,/home/hku_user3/EnergyBridge_rl_dr_memory_202607/benchmark_results/2026-07-22_rule_milp_dr_memory_daily_july/household_s5_shared_roommates_irregular_no_dr_tianjin_d10_hist_d10_1_2025-07-10_1day,/home/hku_user3/EnergyBridge_rl_dr_memory_202607/benchmark_results/2026-07-22_rule_milp_dr_memory_daily_july/_batch_logs/daily_dr_memory_tianjin_1day/household_s5_shared_roommates_irregular_no_dr_tianjin_d10_hist_d10_1_2025-07-10_1day.log,/home/hku_user3/EnergyBridge_rl_dr_memory_202607/benchmark_results/2026-07-22_rule_milp_dr_memory_daily_july/household_s5_shared_roommates_irregular_no_dr_tianjin_d10_hist_d10_1_2025-07-10_1day/run_summary.txt,0,78.77322,78.77322,77.373478,1.198657,normalized TOU cost/kWh,/home/hku_user3/EnergyBridge_rl_dr_memory_202607/experiments/real_data/tianjin_tou_price_normalized.csv,6.217,6.217,1.0,1.0,,0.0,1.0,[],"['dishwasher', 'dryer', 'ev', 'washer', 'water_heater']",[]
household_s5_shared_roommates_irregular,household_s5_shared_roommates_irregular,rule_milp,Tianjin,1,2025-07-09,d09_hist_d09_1,hist_d09_1,9,/home/hku_user3/EnergyBridge_rl_dr_memory_202607/experiments/real_data/tianjin_tou_price_normalized.csv,19.0,1.0,/home/hku_user3/EnergyBridge_rl_dr_memory_202607/benchmark_results/2026-07-22_rule_milp_dr_memory_daily_july/_batch_logs/daily_event_configs/d09_hist_d09_1.json,skipped_done,0,0.0,/home/hku_user3/EnergyBridge_rl_dr_memory_202607/benchmark_results/2026-07-22_rule_milp_dr_memory_daily_july/household_s5_shared_roommates_irregular_rule_milp_tianjin_d09_hist_d09_1_2025-07-09_1day,/home/hku_user3/EnergyBridge_rl_dr_memory_202607/benchmark_results/2026-07-22_rule_milp_dr_memory_daily_july/_batch_logs/daily_dr_memory_tianjin_1day/household_s5_shared_roommates_irregular_rule_milp_tianjin_d09_hist_d09_1_2025-07-09_1day.log,/home/hku_user3/EnergyBridge_rl_dr_memory_202607/benchmark_results/2026-07-22_rule_milp_dr_memory_daily_july/household_s5_shared_roommates_irregular_rule_milp_tianjin_d09_hist_d09_1_2025-07-09_1day/run_summary.txt,0,81.02776,81.02776,61.131301,1.126452,normalized TOU cost/kWh,/home/hku_user3/EnergyBridge_rl_dr_memory_202607/experiments/real_data/tianjin_tou_price_normalized.csv,3.0256,3.0256,0.0,0.0,1.863,1.0,1.0,"['dishwasher', 'dryer', 'ev', 'washer', 'water_heater']",[],[]
household_s2_multigeneration_caregiver,household_s2_multigeneration_caregiver,rule_milp,Germany,1,2025-07-11,d11_hist_d11_1,hist_d11_1,11,/home/hku_user3/EnergyBridge_rl_dr_memory_202607/experiments/real_data/germany_2025_price.csv,18.0,1.0,/home/hku_user3/EnergyBridge_rl_dr_memory_202607/benchmark_results/2026-07-22_rule_milp_dr_memory_daily_july/_batch_logs/daily_event_configs/d11_hist_d11_1.json,skipped_done,0,0.0,/home/hku_user3/EnergyBridge_rl_dr_memory_202607/benchmark_results/2026-07-22_rule_milp_dr_memory_daily_july/household_s2_multigeneration_caregiver_rule_milp_germany_d11_hist_d11_1_2025-07-11_1day,/home/hku_user3/EnergyBridge_rl_dr_memory_202607/benchmark_results/2026-07-22_rule_milp_dr_memory_daily_july/_batch_logs/daily_dr_memory_germany_1day/household_s2_multigeneration_caregiver_rule_milp_germany_d11_hist_d11_1_2025-07-11_1day.log,/home/hku_user3/EnergyBridge_rl_dr_memory_202607/benchmark_results/2026-07-22_rule_milp_dr_memory_daily_july/household_s2_multigeneration_caregiver_rule_milp_germany_d11_hist_d11_1_2025-07-11_1day/run_summary.txt,0,58.817002,58.817002,16.009535,0.089784,EUR/kWh,/home/hku_user3/EnergyBridge_rl_dr_memory_202607/experiments/real_data/germany_2025_price.csv,7.5211,7.5211,0.0,0.0,1.9,1.0,1.0,"['dishwasher', 'dryer', 'ev', 'washer', 'water_heater']",[],[]
household_s1_dual_commuter_standard,household_s1_dual_commuter_standard,rule_milp,Germany,1,2025-07-11,d11_hist_d11_1,hist_d11_1,11,/home/hku_user3/EnergyBridge_rl_dr_memory_202607/experiments/real_data/germany_2025_price.csv,18.0,1.0,/home/hku_user3/EnergyBridge_rl_dr_memory_202607/benchmark_results/2026-07-22_rule_milp_dr_memory_daily_july/_batch_logs/daily_event_configs/d11_hist_d11_1.json,skipped_done,0,0.0,/home/hku_user3/EnergyBridge_rl_dr_memory_202607/benchmark_results/2026-07-22_rule_milp_dr_memory_daily_july/household_s1_dual_commuter_standard_rule_milp_germany_d11_hist_d11_1_2025-07-11_1day,/home/hku_user3/EnergyBridge_rl_dr_memory_202607/benchmark_results/2026-07-22_rule_milp_dr_memory_daily_july/_batch_logs/daily_dr_memory_germany_1day/household_s1_dual_commuter_standard_rule_milp_germany_d11_hist_d11_1_2025-07-11_1day.log,/home/hku_user3/EnergyBridge_rl_dr_memory_202607/benchmark_results/2026-07-22_rule_milp_dr_memory_daily_july/household_s1_dual_commuter_standard_rule_milp_germany_d11_hist_d11_1_2025-07-11_1day/run_summary.txt,0,69.290321,69.290321,16.562479,0.090318,EUR/kWh,/home/hku_user3/EnergyBridge_rl_dr_memory_202607/experiments/real_data/germany_2025_price.csv,7.1075,7.1075,0.0,0.0,1.962,1.0,1.0,"['dishwasher', 'dryer', 'ev', 'washer', 'water_heater']",[],[]
household_s5_shared_roommates_irregular,household_s5_shared_roommates_irregular,rule_milp,Tianjin,1,2025-07-10,d10_hist_d10_1,hist_d10_1,10,/home/hku_user3/EnergyBridge_rl_dr_memory_202607/experiments/real_data/tianjin_tou_price_normalized.csv,18.0,1.0,/home/hku_user3/EnergyBridge_rl_dr_memory_202607/benchmark_results/2026-07-22_rule_milp_dr_memory_daily_july/_batch_logs/daily_event_configs/d10_hist_d10_1.json,skipped_done,0,0.0,/home/hku_user3/EnergyBridge_rl_dr_memory_202607/benchmark_results/2026-07-22_rule_milp_dr_memory_daily_july/household_s5_shared_roommates_irregular_rule_milp_tianjin_d10_hist_d10_1_2025-07-10_1day,/home/hku_user3/EnergyBridge_rl_dr_memory_202607/benchmark_results/2026-07-22_rule_milp_dr_memory_daily_july/_batch_logs/daily_dr_memory_tianjin_1day/household_s5_shared_roommates_irregular_rule_milp_tianjin_d10_hist_d10_1_2025-07-10_1day.log,/home/hku_user3/EnergyBridge_rl_dr_memory_202607/benchmark_results/2026-07-22_rule_milp_dr_memory_daily_july/household_s5_shared_roommates_irregular_rule_milp_tianjin_d10_hist_d10_1_2025-07-10_1day/run_summary.txt,0,80.228137,80.228137,67.605049,1.21714,normalized TOU cost/kWh,/home/hku_user3/EnergyBridge_rl_dr_memory_202607/experiments/real_data/tianjin_tou_price_normalized.csv,2.8399,2.8399,0.0,0.0,1.962,1.0,1.0,"['dishwasher', 'dryer', 'ev', 'washer', 'water_heater']",[],[]
household_s2_multigeneration_caregiver,household_s2_multigeneration_caregiver,no_dr,Germany,1,2025-07-11,d11_hist_d11_1,hist_d11_1,11,/home/hku_user3/EnergyBridge_rl_dr_memory_202607/experiments/real_data/germany_2025_price.csv,18.0,1.0,/home/hku_user3/EnergyBridge_rl_dr_memory_202607/benchmark_results/2026-07-22_rule_milp_dr_memory_daily_july/_batch_logs/daily_event_configs/d11_hist_d11_1.json,skipped_done,0,0.0,/home/hku_user3/EnergyBridge_rl_dr_memory_202607/benchmark_results/2026-07-22_rule_milp_dr_memory_daily_july/household_s2_multigeneration_caregiver_no_dr_germany_d11_hist_d11_1_2025-07-11_1day,/home/hku_user3/EnergyBridge_rl_dr_memory_202607/benchmark_results/2026-07-22_rule_milp_dr_memory_daily_july/_batch_logs/daily_dr_memory_germany_1day/household_s2_multigeneration_caregiver_no_dr_germany_d11_hist_d11_1_2025-07-11_1day.log,/home/hku_user3/EnergyBridge_rl_dr_memory_202607/benchmark_results/2026-07-22_rule_milp_dr_memory_daily_july/household_s2_multigeneration_caregiver_no_dr_germany_d11_hist_d11_1_2025-07-11_1day/run_summary.txt,0,53.806001,53.806001,16.659608,0.09126,EUR/kWh,/home/hku_user3/EnergyBridge_rl_dr_memory_202607/experiments/real_data/germany_2025_price.csv,11.0791,11.0791,1.0,1.0,,0.0,1.0,[],"['dishwasher', 'dryer', 'ev', 'washer', 'water_heater']",[]
household_s2_multigeneration_caregiver,household_s2_multigeneration_caregiver,no_dr,Tianjin,1,2025-07-11,d11_hist_d11_1,hist_d11_1,11,/home/hku_user3/EnergyBridge_rl_dr_memory_202607/experiments/real_data/tianjin_tou_price_normalized.csv,18.0,1.0,/home/hku_user3/EnergyBridge_rl_dr_memory_202607/benchmark_results/2026-07-22_rule_milp_dr_memory_daily_july/_batch_logs/daily_event_configs/d11_hist_d11_1.json,skipped_done,0,0.0,/home/hku_user3/EnergyBridge_rl_dr_memory_202607/benchmark_results/2026-07-22_rule_milp_dr_memory_daily_july/household_s2_multigeneration_caregiver_no_dr_tianjin_d11_hist_d11_1_2025-07-11_1day,/home/hku_user3/EnergyBridge_rl_dr_memory_202607/benchmark_results/2026-07-22_rule_milp_dr_memory_daily_july/_batch_logs/daily_dr_memory_tianjin_1day/household_s2_multigeneration_caregiver_no_dr_tianjin_d11_hist_d11_1_2025-07-11_1day.log,/home/hku_user3/EnergyBridge_rl_dr_memory_202607/benchmark_results/2026-07-22_rule_milp_dr_memory_daily_july/household_s2_multigeneration_caregiver_no_dr_tianjin_d11_hist_d11_1_2025-07-11_1day/run_summary.txt,0,78.608727,78.608727,74.057002,1.230267,normalized TOU cost/kWh,/home/hku_user3/EnergyBridge_rl_dr_memory_202607/experiments/real_data/tianjin_tou_price_normalized.csv,5.9187,5.9187,1.0,1.0,,0.0,1.0,[],"['dishwasher', 'dryer', 'ev', 'washer', 'water_heater']",[]
household_s1_dual_commuter_standard,household_s1_dual_commuter_standard,no_dr,Germany,1,2025-07-12,d12_hist_d12_1,hist_d12_1,12,/home/hku_user3/EnergyBridge_rl_dr_memory_202607/experiments/real_data/germany_2025_price.csv,20.0,1.0,/home/hku_user3/EnergyBridge_rl_dr_memory_202607/benchmark_results/2026-07-22_rule_milp_dr_memory_daily_july/_batch_logs/daily_event_configs/d12_hist_d12_1.json,skipped_done,0,0.0,/home/hku_user3/EnergyBridge_rl_dr_memory_202607/benchmark_results/2026-07-22_rule_milp_dr_memory_daily_july/household_s1_dual_commuter_standard_no_dr_germany_d12_hist_d12_1_2025-07-12_1day,/home/hku_user3/EnergyBridge_rl_dr_memory_202607/benchmark_results/2026-07-22_rule_milp_dr_memory_daily_july/_batch_logs/daily_dr_memory_germany_1day/household_s1_dual_commuter_standard_no_dr_germany_d12_hist_d12_1_2025-07-12_1day.log,/home/hku_user3/EnergyBridge_rl_dr_memory_202607/benchmark_results/2026-07-22_rule_milp_dr_memory_daily_july/household_s1_dual_commuter_standard_no_dr_germany_d12_hist_d12_1_2025-07-12_1day/run_summary.txt,0,61.666758,61.666758,15.035108,0.077626,EUR/kWh,/home/hku_user3/EnergyBridge_rl_dr_memory_202607/experiments/real_data/germany_2025_price.csv,13.4223,13.4223,1.0,1.0,,0.0,1.0,[],"['dishwasher', 'dryer', 'ev', 'washer', 'water_heater']",[]
household_s2_multigeneration_caregiver,household_s2_multigeneration_caregiver,no_dr,Germany,1,2025-07-10,d10_hist_d10_1,hist_d10_1,10,/home/hku_user3/EnergyBridge_rl_dr_memory_202607/experiments/real_data/germany_2025_price.csv,18.0,1.0,/home/hku_user3/EnergyBridge_rl_dr_memory_202607/benchmark_results/2026-07-22_rule_milp_dr_memory_daily_july/_batch_logs/daily_event_configs/d10_hist_d10_1.json,skipped_done,0,0.0,/home/hku_user3/EnergyBridge_rl_dr_memory_202607/benchmark_results/2026-07-22_rule_milp_dr_memory_daily_july/household_s2_multigeneration_caregiver_no_dr_germany_d10_hist_d10_1_2025-07-10_1day,/home/hku_user3/EnergyBridge_rl_dr_memory_202607/benchmark_results/2026-07-22_rule_milp_dr_memory_daily_july/_batch_logs/daily_dr_memory_germany_1day/household_s2_multigeneration_caregiver_no_dr_germany_d10_hist_d10_1_2025-07-10_1day.log,/home/hku_user3/EnergyBridge_rl_dr_memory_202607/benchmark_results/2026-07-22_rule_milp_dr_memory_daily_july/household_s2_multigeneration_caregiver_no_dr_germany_d10_hist_d10_1_2025-07-10_1day/run_summary.txt,0,57.318331,57.318331,17.494671,0.096948,EUR/kWh,/home/hku_user3/EnergyBridge_rl_dr_memory_202607/experiments/real_data/germany_2025_price.csv,10.9981,10.9981,1.0,1.0,,0.0,1.0,[],"['dishwasher', 'dryer', 'ev', 'washer', 'water_heater']",[]
household_s4_ev_commuter_flexible,household_s4_ev_commuter_flexible,no_dr,Tianjin,1,2025-07-11,d11_hist_d11_1,hist_d11_1,11,/home/hku_user3/EnergyBridge_rl_dr_memory_202607/experiments/real_data/tianjin_tou_price_normalized.csv,18.0,1.0,/home/hku_user3/EnergyBridge_rl_dr_memory_202607/benchmark_results/2026-07-22_rule_milp_dr_memory_daily_july/_batch_logs/daily_event_configs/d11_hist_d11_1.json,skipped_done,0,0.0,/home/hku_user3/EnergyBridge_rl_dr_memory_202607/benchmark_results/2026-07-22_rule_milp_dr_memory_daily_july/household_s4_ev_commuter_flexible_no_dr_tianjin_d11_hist_d11_1_2025-07-11_1day,/home/hku_user3/EnergyBridge_rl_dr_memory_202607/benchmark_results/2026-07-22_rule_milp_dr_memory_daily_july/_batch_logs/daily_dr_memory_tianjin_1day/household_s4_ev_commuter_flexible_no_dr_tianjin_d11_hist_d11_1_2025-07-11_1day.log,/home/hku_user3/EnergyBridge_rl_dr_memory_202607/benchmark_results/2026-07-22_rule_milp_dr_memory_daily_july/household_s4_ev_commuter_flexible_no_dr_tianjin_d11_hist_d11_1_2025-07-11_1day/run_summary.txt,0,90.138206,90.138206,85.15773,1.180482,normalized TOU cost/kWh,/home/hku_user3/EnergyBridge_rl_dr_memory_202607/experiments/real_data/tianjin_tou_price_normalized.csv,5.8644,5.8644,1.0,1.0,,0.0,1.0,[],"['dishwasher', 'dryer', 'ev', 'washer', 'water_heater']",[]
household_s3_hybrid_work_from_home,household_s3_hybrid_work_from_home,no_dr,Germany,1,2025-07-11,d11_hist_d11_1,hist_d11_1,11,/home/hku_user3/EnergyBridge_rl_dr_memory_202607/experiments/real_data/germany_2025_price.csv,18.0,1.0,/home/hku_user3/EnergyBridge_rl_dr_memory_202607/benchmark_results/2026-07-22_rule_milp_dr_memory_daily_july/_batch_logs/daily_event_configs/d11_hist_d11_1.json,skipped_done,0,0.0,/home/hku_user3/EnergyBridge_rl_dr_memory_202607/benchmark_results/2026-07-22_rule_milp_dr_memory_daily_july/household_s3_hybrid_work_from_home_no_dr_germany_d11_hist_d11_1_2025-07-11_1day,/home/hku_user3/EnergyBridge_rl_dr_memory_202607/benchmark_results/2026-07-22_rule_milp_dr_memory_daily_july/_batch_logs/daily_dr_memory_germany_1day/household_s3_hybrid_work_from_home_no_dr_germany_d11_hist_d11_1_2025-07-11_1day.log,/home/hku_user3/EnergyBridge_rl_dr_memory_202607/benchmark_results/2026-07-22_rule_milp_dr_memory_daily_july/household_s3_hybrid_work_from_home_no_dr_germany_d11_hist_d11_1_2025-07-11_1day/run_summary.txt,0,57.333826,57.333826,16.921719,0.091429,EUR/kWh,/home/hku_user3/EnergyBridge_rl_dr_memory_202607/experiments/real_data/germany_2025_price.csv,11.0497,11.0497,1.0,1.0,,0.0,0.8,[],"['dishwasher', 'dryer', 'ev', 'washer', 'water_heater']",[]
household_s3_hybrid_work_from_home,household_s3_hybrid_work_from_home,no_dr,Tianjin,1,2025-07-10,d10_hist_d10_1,hist_d10_1,10,/home/hku_user3/EnergyBridge_rl_dr_memory_202607/experiments/real_data/tianjin_tou_price_normalized.csv,18.0,1.0,/home/hku_user3/EnergyBridge_rl_dr_memory_202607/benchmark_results/2026-07-22_rule_milp_dr_memory_daily_july/_batch_logs/daily_event_configs/d10_hist_d10_1.json,skipped_done,0,0.0,/home/hku_user3/EnergyBridge_rl_dr_memory_202607/benchmark_results/2026-07-22_rule_milp_dr_memory_daily_july/household_s3_hybrid_work_from_home_no_dr_tianjin_d10_hist_d10_1_2025-07-10_1day,/home/hku_user3/EnergyBridge_rl_dr_memory_202607/benchmark_results/2026-07-22_rule_milp_dr_memory_daily_july/_batch_logs/daily_dr_memory_tianjin_1day/household_s3_hybrid_work_from_home_no_dr_tianjin_d10_hist_d10_1_2025-07-10_1day.log,/home/hku_user3/EnergyBridge_rl_dr_memory_202607/benchmark_results/2026-07-22_rule_milp_dr_memory_daily_july/household_s3_hybrid_work_from_home_no_dr_tianjin_d10_hist_d10_1_2025-07-10_1day/run_summary.txt,0,79.416729,79.416729,77.814732,1.199682,normalized TOU cost/kWh,/home/hku_user3/EnergyBridge_rl_dr_memory_202607/experiments/real_data/tianjin_tou_price_normalized.csv,6.219,6.219,1.0,1.0,,0.0,0.8,[],"['dishwasher', 'dryer', 'ev', 'washer', 'water_heater']",[]
household_s4_ev_commuter_flexible,household_s4_ev_commuter_flexible,no_dr,Germany,1,2025-07-11,d11_hist_d11_1,hist_d11_1,11,/home/hku_user3/EnergyBridge_rl_dr_memory_202607/experiments/real_data/germany_2025_price.csv,18.0,1.0,/home/hku_user3/EnergyBridge_rl_dr_memory_202607/benchmark_results/2026-07-22_rule_milp_dr_memory_daily_july/_batch_logs/daily_event_configs/d11_hist_d11_1.json,skipped_done,0,0.0,/home/hku_user3/EnergyBridge_rl_dr_memory_202607/benchmark_results/2026-07-22_rule_milp_dr_memory_daily_july/household_s4_ev_commuter_flexible_no_dr_germany_d11_hist_d11_1_2025-07-11_1day,/home/hku_user3/EnergyBridge_rl_dr_memory_202607/benchmark_results/2026-07-22_rule_milp_dr_memory_daily_july/_batch_logs/daily_dr_memory_germany_1day/household_s4_ev_commuter_flexible_no_dr_germany_d11_hist_d11_1_2025-07-11_1day.log,/home/hku_user3/EnergyBridge_rl_dr_memory_202607/benchmark_results/2026-07-22_rule_milp_dr_memory_daily_july/household_s4_ev_commuter_flexible_no_dr_germany_d11_hist_d11_1_2025-07-11_1day/run_summary.txt,0,64.671426,64.671426,17.508697,0.091625,EUR/kWh,/home/hku_user3/EnergyBridge_rl_dr_memory_202607/experiments/real_data/germany_2025_price.csv,11.0409,11.0409,1.0,1.0,,0.0,1.0,[],"['dishwasher', 'dryer', 'ev', 'washer', 'water_heater']",[]
household_s3_hybrid_work_from_home,household_s3_hybrid_work_from_home,no_dr,Tianjin,1,2025-07-09,d09_hist_d09_1,hist_d09_1,9,/home/hku_user3/EnergyBridge_rl_dr_memory_202607/experiments/real_data/tianjin_tou_price_normalized.csv,19.0,1.0,/home/hku_user3/EnergyBridge_rl_dr_memory_202607/benchmark_results/2026-07-22_rule_milp_dr_memory_daily_july/_batch_logs/daily_event_configs/d09_hist_d09_1.json,skipped_done,0,0.0,/home/hku_user3/EnergyBridge_rl_dr_memory_202607/benchmark_results/2026-07-22_rule_milp_dr_memory_daily_july/household_s3_hybrid_work_from_home_no_dr_tianjin_d09_hist_d09_1_2025-07-09_1day,/home/hku_user3/EnergyBridge_rl_dr_memory_202607/benchmark_results/2026-07-22_rule_milp_dr_memory_daily_july/_batch_logs/daily_dr_memory_tianjin_1day/household_s3_hybrid_work_from_home_no_dr_tianjin_d09_hist_d09_1_2025-07-09_1day.log,/home/hku_user3/EnergyBridge_rl_dr_memory_202607/benchmark_results/2026-07-22_rule_milp_dr_memory_daily_july/household_s3_hybrid_work_from_home_no_dr_tianjin_d09_hist_d09_1_2025-07-09_1day/run_summary.txt,0,80.20349,80.20349,68.964977,1.155247,normalized TOU cost/kWh,/home/hku_user3/EnergyBridge_rl_dr_memory_202607/experiments/real_data/tianjin_tou_price_normalized.csv,9.8794,9.8794,1.0,1.0,,0.0,0.8,[],"['dishwasher', 'dryer', 'ev', 'washer', 'water_heater']",[]
household_s5_shared_roommates_irregular,household_s5_shared_roommates_irregular,no_dr,Germany,1,2025-07-11,d11_hist_d11_1,hist_d11_1,11,/home/hku_user3/EnergyBridge_rl_dr_memory_202607/experiments/real_data/germany_2025_price.csv,18.0,1.0,/home/hku_user3/EnergyBridge_rl_dr_memory_202607/benchmark_results/2026-07-22_rule_milp_dr_memory_daily_july/_batch_logs/daily_event_configs/d11_hist_d11_1.json,skipped_done,0,0.0,/home/hku_user3/EnergyBridge_rl_dr_memory_202607/benchmark_results/2026-07-22_rule_milp_dr_memory_daily_july/household_s5_shared_roommates_irregular_no_dr_germany_d11_hist_d11_1_2025-07-11_1day,/home/hku_user3/EnergyBridge_rl_dr_memory_202607/benchmark_results/2026-07-22_rule_milp_dr_memory_daily_july/_batch_logs/daily_dr_memory_germany_1day/household_s5_shared_roommates_irregular_no_dr_germany_d11_hist_d11_1_2025-07-11_1day.log,/home/hku_user3/EnergyBridge_rl_dr_memory_202607/benchmark_results/2026-07-22_rule_milp_dr_memory_daily_july/household_s5_shared_roommates_irregular_no_dr_germany_d11_hist_d11_1_2025-07-11_1day/run_summary.txt,0,57.094614,57.094614,16.934112,0.091407,EUR/kWh,/home/hku_user3/EnergyBridge_rl_dr_memory_202607/experiments/real_data/germany_2025_price.csv,11.0409,11.0409,1.0,1.0,,0.0,1.0,[],"['dishwasher', 'dryer', 'ev', 'washer', 'water_heater']",[]
household_s3_hybrid_work_from_home,household_s3_hybrid_work_from_home,rule_milp,Germany,1,2025-07-11,d11_hist_d11_1,hist_d11_1,11,/home/hku_user3/EnergyBridge_rl_dr_memory_202607/experiments/real_data/germany_2025_price.csv,18.0,1.0,/home/hku_user3/EnergyBridge_rl_dr_memory_202607/benchmark_results/2026-07-22_rule_milp_dr_memory_daily_july/_batch_logs/daily_event_configs/d11_hist_d11_1.json,skipped_done,0,0.0,/home/hku_user3/EnergyBridge_rl_dr_memory_202607/benchmark_results/2026-07-22_rule_milp_dr_memory_daily_july/household_s3_hybrid_work_from_home_rule_milp_germany_d11_hist_d11_1_2025-07-11_1day,/home/hku_user3/EnergyBridge_rl_dr_memory_202607/benchmark_results/2026-07-22_rule_milp_dr_memory_daily_july/_batch_logs/daily_dr_memory_germany_1day/household_s3_hybrid_work_from_home_rule_milp_germany_d11_hist_d11_1_2025-07-11_1day.log,/home/hku_user3/EnergyBridge_rl_dr_memory_202607/benchmark_results/2026-07-22_rule_milp_dr_memory_daily_july/household_s3_hybrid_work_from_home_rule_milp_germany_d11_hist_d11_1_2025-07-11_1day/run_summary.txt,0,61.008295,61.008295,16.361597,0.089925,EUR/kWh,/home/hku_user3/EnergyBridge_rl_dr_memory_202607/experiments/real_data/germany_2025_price.csv,6.9864,6.9864,0.0,0.0,1.983,1.0,1.0,"['dishwasher', 'dryer', 'ev', 'washer', 'water_heater']",[],[]
household_s2_multigeneration_caregiver,household_s2_multigeneration_caregiver,rule_milp,Germany,1,2025-07-12,d12_hist_d12_1,hist_d12_1,12,/home/hku_user3/EnergyBridge_rl_dr_memory_202607/experiments/real_data/germany_2025_price.csv,20.0,1.0,/home/hku_user3/EnergyBridge_rl_dr_memory_202607/benchmark_results/2026-07-22_rule_milp_dr_memory_daily_july/_batch_logs/daily_event_configs/d12_hist_d12_1.json,skipped_done,0,0.0,/home/hku_user3/EnergyBridge_rl_dr_memory_202607/benchmark_results/2026-07-22_rule_milp_dr_memory_daily_july/household_s2_multigeneration_caregiver_rule_milp_germany_d12_hist_d12_1_2025-07-12_1day,/home/hku_user3/EnergyBridge_rl_dr_memory_202607/benchmark_results/2026-07-22_rule_milp_dr_memory_daily_july/_batch_logs/daily_dr_memory_germany_1day/household_s2_multigeneration_caregiver_rule_milp_germany_d12_hist_d12_1_2025-07-12_1day.log,/home/hku_user3/EnergyBridge_rl_dr_memory_202607/benchmark_results/2026-07-22_rule_milp_dr_memory_daily_july/household_s2_multigeneration_caregiver_rule_milp_germany_d12_hist_d12_1_2025-07-12_1day/run_summary.txt,0,64.90291,64.90291,13.158065,0.073162,EUR/kWh,/home/hku_user3/EnergyBridge_rl_dr_memory_202607/experiments/real_data/germany_2025_price.csv,8.2781,8.2781,0.0,0.0,1.988,1.0,1.0,"['dishwasher', 'dryer', 'ev', 'washer', 'water_heater']",[],[]
household_s2_multigeneration_caregiver,household_s2_multigeneration_caregiver,no_dr,Germany,1,2025-07-12,d12_hist_d12_1,hist_d12_1,12,/home/hku_user3/EnergyBridge_rl_dr_memory_202607/experiments/real_data/germany_2025_price.csv,20.0,1.0,/home/hku_user3/EnergyBridge_rl_dr_memory_202607/benchmark_results/2026-07-22_rule_milp_dr_memory_daily_july/_batch_logs/daily_event_configs/d12_hist_d12_1.json,skipped_done,0,0.0,/home/hku_user3/EnergyBridge_rl_dr_memory_202607/benchmark_results/2026-07-22_rule_milp_dr_memory_daily_july/household_s2_multigeneration_caregiver_no_dr_germany_d12_hist_d12_1_2025-07-12_1day,/home/hku_user3/EnergyBridge_rl_dr_memory_202607/benchmark_results/2026-07-22_rule_milp_dr_memory_daily_july/_batch_logs/daily_dr_memory_germany_1day/household_s2_multigeneration_caregiver_no_dr_germany_d12_hist_d12_1_2025-07-12_1day.log,/home/hku_user3/EnergyBridge_rl_dr_memory_202607/benchmark_results/2026-07-22_rule_milp_dr_memory_daily_july/household_s2_multigeneration_caregiver_no_dr_germany_d12_hist_d12_1_2025-07-12_1day/run_summary.txt,0,54.374732,54.374732,14.228466,0.076545,EUR/kWh,/home/hku_user3/EnergyBridge_rl_dr_memory_202607/experiments/real_data/germany_2025_price.csv,12.4042,12.4042,1.0,1.0,,0.0,0.8,[],"['dishwasher', 'dryer', 'ev', 'washer', 'water_heater']",[]
household_s4_ev_commuter_flexible,household_s4_ev_commuter_flexible,rule_milp,Germany,1,2025-07-11,d11_hist_d11_1,hist_d11_1,11,/home/hku_user3/EnergyBridge_rl_dr_memory_202607/experiments/real_data/germany_2025_price.csv,18.0,1.0,/home/hku_user3/EnergyBridge_rl_dr_memory_202607/benchmark_results/2026-07-22_rule_milp_dr_memory_daily_july/_batch_logs/daily_event_configs/d11_hist_d11_1.json,skipped_done,0,0.0,/home/hku_user3/EnergyBridge_rl_dr_memory_202607/benchmark_results/2026-07-22_rule_milp_dr_memory_daily_july/household_s4_ev_commuter_flexible_rule_milp_germany_d11_hist_d11_1_2025-07-11_1day,/home/hku_user3/EnergyBridge_rl_dr_memory_202607/benchmark_results/2026-07-22_rule_milp_dr_memory_daily_july/_batch_logs/daily_dr_memory_germany_1day/household_s4_ev_commuter_flexible_rule_milp_germany_d11_hist_d11_1_2025-07-11_1day.log,/home/hku_user3/EnergyBridge_rl_dr_memory_202607/benchmark_results/2026-07-22_rule_milp_dr_memory_daily_july/household_s4_ev_commuter_flexible_rule_milp_germany_d11_hist_d11_1_2025-07-11_1day/run_summary.txt,0,70.2434,70.2434,16.994801,0.090491,EUR/kWh,/home/hku_user3/EnergyBridge_rl_dr_memory_202607/experiments/real_data/germany_2025_price.csv,7.0216,7.0216,0.0,0.0,2.0,1.0,1.0,"['dishwasher', 'dryer', 'ev', 'washer', 'water_heater']",[],[]
household_s5_shared_roommates_irregular,household_s5_shared_roommates_irregular,rule_milp,Tianjin,1,2025-07-11,d11_hist_d11_1,hist_d11_1,11,/home/hku_user3/EnergyBridge_rl_dr_memory_202607/experiments/real_data/tianjin_tou_price_normalized.csv,18.0,1.0,/home/hku_user3/EnergyBridge_rl_dr_memory_202607/benchmark_results/2026-07-22_rule_milp_dr_memory_daily_july/_batch_logs/daily_event_configs/d11_hist_d11_1.json,skipped_done,0,0.0,/home/hku_user3/EnergyBridge_rl_dr_memory_202607/benchmark_results/2026-07-22_rule_milp_dr_memory_daily_july/household_s5_shared_roommates_irregular_rule_milp_tianjin_d11_hist_d11_1_2025-07-11_1day,/home/hku_user3/EnergyBridge_rl_dr_memory_202607/benchmark_results/2026-07-22_rule_milp_dr_memory_daily_july/_batch_logs/daily_dr_memory_tianjin_1day/household_s5_shared_roommates_irregular_rule_milp_tianjin_d11_hist_d11_1_2025-07-11_1day.log,/home/hku_user3/EnergyBridge_rl_dr_memory_202607/benchmark_results/2026-07-22_rule_milp_dr_memory_daily_july/household_s5_shared_roommates_irregular_rule_milp_tianjin_d11_hist_d11_1_2025-07-11_1day/run_summary.txt,0,82.618884,82.618884,66.48165,1.242741,normalized TOU cost/kWh,/home/hku_user3/EnergyBridge_rl_dr_memory_202607/experiments/real_data/tianjin_tou_price_normalized.csv,2.5175,2.5175,0.0,0.0,1.962,1.0,1.0,"['dishwasher', 'dryer', 'ev', 'washer', 'water_heater']",[],[]
household_s1_dual_commuter_standard,household_s1_dual_commuter_standard,rule_milp,Germany,1,2025-07-10,d10_hist_d10_1,hist_d10_1,10,/home/hku_user3/EnergyBridge_rl_dr_memory_202607/experiments/real_data/germany_2025_price.csv,18.0,1.0,/home/hku_user3/EnergyBridge_rl_dr_memory_202607/benchmark_results/2026-07-22_rule_milp_dr_memory_daily_july/_batch_logs/daily_event_configs/d10_hist_d10_1.json,skipped_done,0,0.0,/home/hku_user3/EnergyBridge_rl_dr_memory_202607/benchmark_results/2026-07-22_rule_milp_dr_memory_daily_july/household_s1_dual_commuter_standard_rule_milp_germany_d10_hist_d10_1_2025-07-10_1day,/home/hku_user3/EnergyBridge_rl_dr_memory_202607/benchmark_results/2026-07-22_rule_milp_dr_memory_daily_july/_batch_logs/daily_dr_memory_germany_1day/household_s1_dual_commuter_standard_rule_milp_germany_d10_hist_d10_1_2025-07-10_1day.log,/home/hku_user3/EnergyBridge_rl_dr_memory_202607/benchmark_results/2026-07-22_rule_milp_dr_memory_daily_july/household_s1_dual_commuter_standard_rule_milp_germany_d10_hist_d10_1_2025-07-10_1day/run_summary.txt,0,70.748505,70.748505,17.802924,0.095877,EUR/kWh,/home/hku_user3/EnergyBridge_rl_dr_memory_202607/experiments/real_data/germany_2025_price.csv,7.0593,7.0593,0.0,0.0,2.072,1.0,1.0,"['dishwasher', 'dryer', 'ev', 'washer', 'water_heater']",[],[]
household_s3_hybrid_work_from_home,household_s3_hybrid_work_from_home,no_dr,Tianjin,1,2025-07-11,d11_hist_d11_1,hist_d11_1,11,/home/hku_user3/EnergyBridge_rl_dr_memory_202607/experiments/real_data/tianjin_tou_price_normalized.csv,18.0,1.0,/home/hku_user3/EnergyBridge_rl_dr_memory_202607/benchmark_results/2026-07-22_rule_milp_dr_memory_daily_july/_batch_logs/daily_event_configs/d11_hist_d11_1.json,skipped_done,0,0.0,/home/hku_user3/EnergyBridge_rl_dr_memory_202607/benchmark_results/2026-07-22_rule_milp_dr_memory_daily_july/household_s3_hybrid_work_from_home_no_dr_tianjin_d11_hist_d11_1_2025-07-11_1day,/home/hku_user3/EnergyBridge_rl_dr_memory_202607/benchmark_results/2026-07-22_rule_milp_dr_memory_daily_july/_batch_logs/daily_dr_memory_tianjin_1day/household_s3_hybrid_work_from_home_no_dr_tianjin_d11_hist_d11_1_2025-07-11_1day.log,/home/hku_user3/EnergyBridge_rl_dr_memory_202607/benchmark_results/2026-07-22_rule_milp_dr_memory_daily_july/household_s3_hybrid_work_from_home_no_dr_tianjin_d11_hist_d11_1_2025-07-11_1day/run_summary.txt,0,81.544349,81.544349,77.438966,1.204479,normalized TOU cost/kWh,/home/hku_user3/EnergyBridge_rl_dr_memory_202607/experiments/real_data/tianjin_tou_price_normalized.csv,5.858,5.858,1.0,1.0,,0.0,0.8,[],"['dishwasher', 'dryer', 'ev', 'washer', 'water_heater']",[]
household_s1_dual_commuter_standard,household_s1_dual_commuter_standard,no_dr,Tianjin,1,2025-07-11,d11_hist_d11_1,hist_d11_1,11,/home/hku_user3/EnergyBridge_rl_dr_memory_202607/experiments/real_data/tianjin_tou_price_normalized.csv,18.0,1.0,/home/hku_user3/EnergyBridge_rl_dr_memory_202607/benchmark_results/2026-07-22_rule_milp_dr_memory_daily_july/_batch_logs/daily_event_configs/d11_hist_d11_1.json,skipped_done,0,0.0,/home/hku_user3/EnergyBridge_rl_dr_memory_202607/benchmark_results/2026-07-22_rule_milp_dr_memory_daily_july/household_s1_dual_commuter_standard_no_dr_tianjin_d11_hist_d11_1_2025-07-11_1day,/home/hku_user3/EnergyBridge_rl_dr_memory_202607/benchmark_results/2026-07-22_rule_milp_dr_memory_daily_july/_batch_logs/daily_dr_memory_tianjin_1day/household_s1_dual_commuter_standard_no_dr_tianjin_d11_hist_d11_1_2025-07-11_1day.log,/home/hku_user3/EnergyBridge_rl_dr_memory_202607/benchmark_results/2026-07-22_rule_milp_dr_memory_daily_july/household_s1_dual_commuter_standard_no_dr_tianjin_d11_hist_d11_1_2025-07-11_1day/run_summary.txt,0,85.577336,85.577336,81.076571,1.191305,normalized TOU cost/kWh,/home/hku_user3/EnergyBridge_rl_dr_memory_202607/experiments/real_data/tianjin_tou_price_normalized.csv,5.8644,5.8644,1.0,1.0,,0.0,1.0,[],"['dishwasher', 'dryer', 'ev', 'washer', 'water_heater']",[]
household_s5_shared_roommates_irregular,household_s5_shared_roommates_irregular,rule_milp,Germany,1,2025-07-11,d11_hist_d11_1,hist_d11_1,11,/home/hku_user3/EnergyBridge_rl_dr_memory_202607/experiments/real_data/germany_2025_price.csv,18.0,1.0,/home/hku_user3/EnergyBridge_rl_dr_memory_202607/benchmark_results/2026-07-22_rule_milp_dr_memory_daily_july/_batch_logs/daily_event_configs/d11_hist_d11_1.json,skipped_done,0,0.0,/home/hku_user3/EnergyBridge_rl_dr_memory_202607/benchmark_results/2026-07-22_rule_milp_dr_memory_daily_july/household_s5_shared_roommates_irregular_rule_milp_germany_d11_hist_d11_1_2025-07-11_1day,/home/hku_user3/EnergyBridge_rl_dr_memory_202607/benchmark_results/2026-07-22_rule_milp_dr_memory_daily_july/_batch_logs/daily_dr_memory_germany_1day/household_s5_shared_roommates_irregular_rule_milp_germany_d11_hist_d11_1_2025-07-11_1day.log,/home/hku_user3/EnergyBridge_rl_dr_memory_202607/benchmark_results/2026-07-22_rule_milp_dr_memory_daily_july/household_s5_shared_roommates_irregular_rule_milp_germany_d11_hist_d11_1_2025-07-11_1day/run_summary.txt,0,62.18253,62.18253,16.317867,0.090198,EUR/kWh,/home/hku_user3/EnergyBridge_rl_dr_memory_202607/experiments/real_data/germany_2025_price.csv,7.0216,7.0216,0.0,0.0,1.962,1.0,1.0,"['dishwasher', 'dryer', 'ev', 'washer', 'water_heater']",[],[]
household_s2_multigeneration_caregiver,household_s2_multigeneration_caregiver,rule_milp,Tianjin,1,2025-07-11,d11_hist_d11_1,hist_d11_1,11,/home/hku_user3/EnergyBridge_rl_dr_memory_202607/experiments/real_data/tianjin_tou_price_normalized.csv,18.0,1.0,/home/hku_user3/EnergyBridge_rl_dr_memory_202607/benchmark_results/2026-07-22_rule_milp_dr_memory_daily_july/_batch_logs/daily_event_configs/d11_hist_d11_1.json,skipped_done,0,0.0,/home/hku_user3/EnergyBridge_rl_dr_memory_202607/benchmark_results/2026-07-22_rule_milp_dr_memory_daily_july/household_s2_multigeneration_caregiver_rule_milp_tianjin_d11_hist_d11_1_2025-07-11_1day,/home/hku_user3/EnergyBridge_rl_dr_memory_202607/benchmark_results/2026-07-22_rule_milp_dr_memory_daily_july/_batch_logs/daily_dr_memory_tianjin_1day/household_s2_multigeneration_caregiver_rule_milp_tianjin_d11_hist_d11_1_2025-07-11_1day.log,/home/hku_user3/EnergyBridge_rl_dr_memory_202607/benchmark_results/2026-07-22_rule_milp_dr_memory_daily_july/household_s2_multigeneration_caregiver_rule_milp_tianjin_d11_hist_d11_1_2025-07-11_1day/run_summary.txt,0,85.452486,85.452486,70.649727,1.243468,normalized TOU cost/kWh,/home/hku_user3/EnergyBridge_rl_dr_memory_202607/experiments/real_data/tianjin_tou_price_normalized.csv,2.9776,2.9776,0.0,0.0,1.9,1.0,1.0,"['dishwasher', 'dryer', 'ev', 'washer', 'water_heater']",[],[]
household_s3_hybrid_work_from_home,household_s3_hybrid_work_from_home,rule_milp,Tianjin,1,2025-07-10,d10_hist_d10_1,hist_d10_1,10,/home/hku_user3/EnergyBridge_rl_dr_memory_202607/experiments/real_data/tianjin_tou_price_normalized.csv,18.0,1.0,/home/hku_user3/EnergyBridge_rl_dr_memory_202607/benchmark_results/2026-07-22_rule_milp_dr_memory_daily_july/_batch_logs/daily_event_configs/d10_hist_d10_1.json,skipped_done,0,0.0,/home/hku_user3/EnergyBridge_rl_dr_memory_202607/benchmark_results/2026-07-22_rule_milp_dr_memory_daily_july/household_s3_hybrid_work_from_home_rule_milp_tianjin_d10_hist_d10_1_2025-07-10_1day,/home/hku_user3/EnergyBridge_rl_dr_memory_202607/benchmark_results/2026-07-22_rule_milp_dr_memory_daily_july/_batch_logs/daily_dr_memory_tianjin_1day/household_s3_hybrid_work_from_home_rule_milp_tianjin_d10_hist_d10_1_2025-07-10_1day.log,/home/hku_user3/EnergyBridge_rl_dr_memory_202607/benchmark_results/2026-07-22_rule_milp_dr_memory_daily_july/household_s3_hybrid_work_from_home_rule_milp_tianjin_d10_hist_d10_1_2025-07-10_1day/run_summary.txt,0,87.384581,87.384581,73.433746,1.213125,normalized TOU cost/kWh,/home/hku_user3/EnergyBridge_rl_dr_memory_202607/experiments/real_data/tianjin_tou_price_normalized.csv,2.6627,2.6627,0.0,0.0,1.983,1.0,1.0,"['dishwasher', 'dryer', 'ev', 'washer', 'water_heater']",[],[]
household_s4_ev_commuter_flexible,household_s4_ev_commuter_flexible,rule_milp,Tianjin,1,2025-07-10,d10_hist_d10_1,hist_d10_1,10,/home/hku_user3/EnergyBridge_rl_dr_memory_202607/experiments/real_data/tianjin_tou_price_normalized.csv,18.0,1.0,/home/hku_user3/EnergyBridge_rl_dr_memory_202607/benchmark_results/2026-07-22_rule_milp_dr_memory_daily_july/_batch_logs/daily_event_configs/d10_hist_d10_1.json,skipped_done,0,0.0,/home/hku_user3/EnergyBridge_rl_dr_memory_202607/benchmark_results/2026-07-22_rule_milp_dr_memory_daily_july/household_s4_ev_commuter_flexible_rule_milp_tianjin_d10_hist_d10_1_2025-07-10_1day,/home/hku_user3/EnergyBridge_rl_dr_memory_202607/benchmark_results/2026-07-22_rule_milp_dr_memory_daily_july/_batch_logs/daily_dr_memory_tianjin_1day/household_s4_ev_commuter_flexible_rule_milp_tianjin_d10_hist_d10_1_2025-07-10_1day.log,/home/hku_user3/EnergyBridge_rl_dr_memory_202607/benchmark_results/2026-07-22_rule_milp_dr_memory_daily_july/household_s4_ev_commuter_flexible_rule_milp_tianjin_d10_hist_d10_1_2025-07-10_1day/run_summary.txt,0,88.289006,88.289006,75.260121,1.205351,normalized TOU cost/kWh,/home/hku_user3/EnergyBridge_rl_dr_memory_202607/experiments/real_data/tianjin_tou_price_normalized.csv,2.8399,2.8399,0.0,0.0,2.0,1.0,1.0,"['dishwasher', 'dryer', 'ev', 'washer', 'water_heater']",[],[]
household_s3_hybrid_work_from_home,household_s3_hybrid_work_from_home,no_dr,Germany,1,2025-07-12,d12_hist_d12_1,hist_d12_1,12,/home/hku_user3/EnergyBridge_rl_dr_memory_202607/experiments/real_data/germany_2025_price.csv,20.0,1.0,/home/hku_user3/EnergyBridge_rl_dr_memory_202607/benchmark_results/2026-07-22_rule_milp_dr_memory_daily_july/_batch_logs/daily_event_configs/d12_hist_d12_1.json,skipped_done,0,0.0,/home/hku_user3/EnergyBridge_rl_dr_memory_202607/benchmark_results/2026-07-22_rule_milp_dr_memory_daily_july/household_s3_hybrid_work_from_home_no_dr_germany_d12_hist_d12_1_2025-07-12_1day,/home/hku_user3/EnergyBridge_rl_dr_memory_202607/benchmark_results/2026-07-22_rule_milp_dr_memory_daily_july/_batch_logs/daily_dr_memory_germany_1day/household_s3_hybrid_work_from_home_no_dr_germany_d12_hist_d12_1_2025-07-12_1day.log,/home/hku_user3/EnergyBridge_rl_dr_memory_202607/benchmark_results/2026-07-22_rule_milp_dr_memory_daily_july/household_s3_hybrid_work_from_home_no_dr_germany_d12_hist_d12_1_2025-07-12_1day/run_summary.txt,0,57.826721,57.826721,14.615835,0.077158,EUR/kWh,/home/hku_user3/EnergyBridge_rl_dr_memory_202607/experiments/real_data/germany_2025_price.csv,13.4254,13.4254,1.0,1.0,,0.0,1.0,[],"['dishwasher', 'dryer', 'ev', 'washer', 'water_heater']",[]
household_s3_hybrid_work_from_home,household_s3_hybrid_work_from_home,rule_milp,Tianjin,1,2025-07-11,d11_hist_d11_1,hist_d11_1,11,/home/hku_user3/EnergyBridge_rl_dr_memory_202607/experiments/real_data/tianjin_tou_price_normalized.csv,18.0,1.0,/home/hku_user3/EnergyBridge_rl_dr_memory_202607/benchmark_results/2026-07-22_rule_milp_dr_memory_daily_july/_batch_logs/daily_event_configs/d11_hist_d11_1.json,skipped_done,0,0.0,/home/hku_user3/EnergyBridge_rl_dr_memory_202607/benchmark_results/2026-07-22_rule_milp_dr_memory_daily_july/household_s3_hybrid_work_from_home_rule_milp_tianjin_d11_hist_d11_1_2025-07-11_1day,/home/hku_user3/EnergyBridge_rl_dr_memory_202607/benchmark_results/2026-07-22_rule_milp_dr_memory_daily_july/_batch_logs/daily_dr_memory_tianjin_1day/household_s3_hybrid_work_from_home_rule_milp_tianjin_d11_hist_d11_1_2025-07-11_1day.log,/home/hku_user3/EnergyBridge_rl_dr_memory_202607/benchmark_results/2026-07-22_rule_milp_dr_memory_daily_july/household_s3_hybrid_work_from_home_rule_milp_tianjin_d11_hist_d11_1_2025-07-11_1day/run_summary.txt,0,88.851972,88.851972,72.115979,1.252967,normalized TOU cost/kWh,/home/hku_user3/EnergyBridge_rl_dr_memory_202607/experiments/real_data/tianjin_tou_price_normalized.csv,2.3281,2.3281,0.0,0.0,1.983,1.0,1.0,"['dishwasher', 'dryer', 'ev', 'washer', 'water_heater']",[],[]
household_s2_multigeneration_caregiver,household_s2_multigeneration_caregiver,no_dr,Tianjin,1,2025-07-12,d12_hist_d12_1,hist_d12_1,12,/home/hku_user3/EnergyBridge_rl_dr_memory_202607/experiments/real_data/tianjin_tou_price_normalized.csv,20.0,1.0,/home/hku_user3/EnergyBridge_rl_dr_memory_202607/benchmark_results/2026-07-22_rule_milp_dr_memory_daily_july/_batch_logs/daily_event_configs/d12_hist_d12_1.json,skipped_done,0,0.0,/home/hku_user3/EnergyBridge_rl_dr_memory_202607/benchmark_results/2026-07-22_rule_milp_dr_memory_daily_july/household_s2_multigeneration_caregiver_no_dr_tianjin_d12_hist_d12_1_2025-07-12_1day,/home/hku_user3/EnergyBridge_rl_dr_memory_202607/benchmark_results/2026-07-22_rule_milp_dr_memory_daily_july/_batch_logs/daily_dr_memory_tianjin_1day/household_s2_multigeneration_caregiver_no_dr_tianjin_d12_hist_d12_1_2025-07-12_1day.log,/home/hku_user3/EnergyBridge_rl_dr_memory_202607/benchmark_results/2026-07-22_rule_milp_dr_memory_daily_july/household_s2_multigeneration_caregiver_no_dr_tianjin_d12_hist_d12_1_2025-07-12_1day/run_summary.txt,0,55.945826,55.945826,59.067124,1.257214,normalized TOU cost/kWh,/home/hku_user3/EnergyBridge_rl_dr_memory_202607/experiments/real_data/tianjin_tou_price_normalized.csv,7.4147,7.4147,1.0,1.0,,0.0,0.8,[],"['dishwasher', 'dryer', 'ev', 'washer', 'water_heater']",[]
household_s1_dual_commuter_standard,household_s1_dual_commuter_standard,rule_milp,Germany,1,2025-07-12,d12_hist_d12_1,hist_d12_1,12,/home/hku_user3/EnergyBridge_rl_dr_memory_202607/experiments/real_data/germany_2025_price.csv,20.0,1.0,/home/hku_user3/EnergyBridge_rl_dr_memory_202607/benchmark_results/2026-07-22_rule_milp_dr_memory_daily_july/_batch_logs/daily_event_configs/d12_hist_d12_1.json,skipped_done,0,0.0,/home/hku_user3/EnergyBridge_rl_dr_memory_202607/benchmark_results/2026-07-22_rule_milp_dr_memory_daily_july/household_s1_dual_commuter_standard_rule_milp_germany_d12_hist_d12_1_2025-07-12_1day,/home/hku_user3/EnergyBridge_rl_dr_memory_202607/benchmark_results/2026-07-22_rule_milp_dr_memory_daily_july/_batch_logs/daily_dr_memory_germany_1day/household_s1_dual_commuter_standard_rule_milp_germany_d12_hist_d12_1_2025-07-12_1day.log,/home/hku_user3/EnergyBridge_rl_dr_memory_202607/benchmark_results/2026-07-22_rule_milp_dr_memory_daily_july/household_s1_dual_commuter_standard_rule_milp_germany_d12_hist_d12_1_2025-07-12_1day/run_summary.txt,0,71.74046,71.74046,13.913117,0.074898,EUR/kWh,/home/hku_user3/EnergyBridge_rl_dr_memory_202607/experiments/real_data/germany_2025_price.csv,8.2462,8.2462,0.0,0.0,1.962,1.0,1.0,"['dishwasher', 'dryer', 'ev', 'washer', 'water_heater']",[],[]
household_s2_multigeneration_caregiver,household_s2_multigeneration_caregiver,rule_milp,Tianjin,1,2025-07-12,d12_hist_d12_1,hist_d12_1,12,/home/hku_user3/EnergyBridge_rl_dr_memory_202607/experiments/real_data/tianjin_tou_price_normalized.csv,20.0,1.0,/home/hku_user3/EnergyBridge_rl_dr_memory_202607/benchmark_results/2026-07-22_rule_milp_dr_memory_daily_july/_batch_logs/daily_event_configs/d12_hist_d12_1.json,skipped_done,0,0.0,/home/hku_user3/EnergyBridge_rl_dr_memory_202607/benchmark_results/2026-07-22_rule_milp_dr_memory_daily_july/household_s2_multigeneration_caregiver_rule_milp_tianjin_d12_hist_d12_1_2025-07-12_1day,/home/hku_user3/EnergyBridge_rl_dr_memory_202607/benchmark_results/2026-07-22_rule_milp_dr_memory_daily_july/_batch_logs/daily_dr_memory_tianjin_1day/household_s2_multigeneration_caregiver_rule_milp_tianjin_d12_hist_d12_1_2025-07-12_1day.log,/home/hku_user3/EnergyBridge_rl_dr_memory_202607/benchmark_results/2026-07-22_rule_milp_dr_memory_daily_july/household_s2_multigeneration_caregiver_rule_milp_tianjin_d12_hist_d12_1_2025-07-12_1day/run_summary.txt,0,59.894354,59.894354,49.99378,1.178594,normalized TOU cost/kWh,/home/hku_user3/EnergyBridge_rl_dr_memory_202607/experiments/real_data/tianjin_tou_price_normalized.csv,2.9907,2.9907,0.0,0.0,1.9,1.0,1.0,"['dishwasher', 'dryer', 'ev', 'washer', 'water_heater']",[],[]
household_s5_shared_roommates_irregular,household_s5_shared_roommates_irregular,no_dr,Tianjin,1,2025-07-12,d12_hist_d12_1,hist_d12_1,12,/home/hku_user3/EnergyBridge_rl_dr_memory_202607/experiments/real_data/tianjin_tou_price_normalized.csv,20.0,1.0,/home/hku_user3/EnergyBridge_rl_dr_memory_202607/benchmark_results/2026-07-22_rule_milp_dr_memory_daily_july/_batch_logs/daily_event_configs/d12_hist_d12_1.json,skipped_done,0,0.0,/home/hku_user3/EnergyBridge_rl_dr_memory_202607/benchmark_results/2026-07-22_rule_milp_dr_memory_daily_july/household_s5_shared_roommates_irregular_no_dr_tianjin_d12_hist_d12_1_2025-07-12_1day,/home/hku_user3/EnergyBridge_rl_dr_memory_202607/benchmark_results/2026-07-22_rule_milp_dr_memory_daily_july/_batch_logs/daily_dr_memory_tianjin_1day/household_s5_shared_roommates_irregular_no_dr_tianjin_d12_hist_d12_1_2025-07-12_1day.log,/home/hku_user3/EnergyBridge_rl_dr_memory_202607/benchmark_results/2026-07-22_rule_milp_dr_memory_daily_july/household_s5_shared_roommates_irregular_no_dr_tianjin_d12_hist_d12_1_2025-07-12_1day/run_summary.txt,0,58.44698,58.44698,62.226363,1.22265,normalized TOU cost/kWh,/home/hku_user3/EnergyBridge_rl_dr_memory_202607/experiments/real_data/tianjin_tou_price_normalized.csv,8.4167,8.4167,1.0,1.0,,0.0,0.8,[],"['dishwasher', 'dryer', 'ev', 'washer', 'water_heater']",[]
household_s3_hybrid_work_from_home,household_s3_hybrid_work_from_home,no_dr,Germany,1,2025-07-13,d13_hist_d13_1,hist_d13_1,13,/home/hku_user3/EnergyBridge_rl_dr_memory_202607/experiments/real_data/germany_2025_price.csv,17.0,1.0,/home/hku_user3/EnergyBridge_rl_dr_memory_202607/benchmark_results/2026-07-22_rule_milp_dr_memory_daily_july/_batch_logs/daily_event_configs/d13_hist_d13_1.json,skipped_done,0,0.0,/home/hku_user3/EnergyBridge_rl_dr_memory_202607/benchmark_results/2026-07-22_rule_milp_dr_memory_daily_july/household_s3_hybrid_work_from_home_no_dr_germany_d13_hist_d13_1_2025-07-13_1day,/home/hku_user3/EnergyBridge_rl_dr_memory_202607/benchmark_results/2026-07-22_rule_milp_dr_memory_daily_july/_batch_logs/daily_dr_memory_germany_1day/household_s3_hybrid_work_from_home_no_dr_germany_d13_hist_d13_1_2025-07-13_1day.log,/home/hku_user3/EnergyBridge_rl_dr_memory_202607/benchmark_results/2026-07-22_rule_milp_dr_memory_daily_july/household_s3_hybrid_work_from_home_no_dr_germany_d13_hist_d13_1_2025-07-13_1day/run_summary.txt,0,59.040479,59.040479,15.411199,0.080238,EUR/kWh,/home/hku_user3/EnergyBridge_rl_dr_memory_202607/experiments/real_data/germany_2025_price.csv,10.8969,10.8969,1.0,1.0,,0.0,0.8,[],"['dishwasher', 'dryer', 'ev', 'washer', 'water_heater']",[]
household_s5_shared_roommates_irregular,household_s5_shared_roommates_irregular,rule_milp,Germany,1,2025-07-12,d12_hist_d12_1,hist_d12_1,12,/home/hku_user3/EnergyBridge_rl_dr_memory_202607/experiments/real_data/germany_2025_price.csv,20.0,1.0,/home/hku_user3/EnergyBridge_rl_dr_memory_202607/benchmark_results/2026-07-22_rule_milp_dr_memory_daily_july/_batch_logs/daily_event_configs/d12_hist_d12_1.json,skipped_done,0,0.0,/home/hku_user3/EnergyBridge_rl_dr_memory_202607/benchmark_results/2026-07-22_rule_milp_dr_memory_daily_july/household_s5_shared_roommates_irregular_rule_milp_germany_d12_hist_d12_1_2025-07-12_1day,/home/hku_user3/EnergyBridge_rl_dr_memory_202607/benchmark_results/2026-07-22_rule_milp_dr_memory_daily_july/_batch_logs/daily_dr_memory_germany_1day/household_s5_shared_roommates_irregular_rule_milp_germany_d12_hist_d12_1_2025-07-12_1day.log,/home/hku_user3/EnergyBridge_rl_dr_memory_202607/benchmark_results/2026-07-22_rule_milp_dr_memory_daily_july/household_s5_shared_roommates_irregular_rule_milp_germany_d12_hist_d12_1_2025-07-12_1day/run_summary.txt,0,66.069438,66.069438,13.600293,0.074545,EUR/kWh,/home/hku_user3/EnergyBridge_rl_dr_memory_202607/experiments/real_data/germany_2025_price.csv,8.2174,8.2174,0.0,0.0,1.863,1.0,1.0,"['dishwasher', 'dryer', 'ev', 'washer', 'water_heater']",[],[]
household_s4_ev_commuter_flexible,household_s4_ev_commuter_flexible,rule_milp,Tianjin,1,2025-07-12,d12_hist_d12_1,hist_d12_1,12,/home/hku_user3/EnergyBridge_rl_dr_memory_202607/experiments/real_data/tianjin_tou_price_normalized.csv,20.0,1.0,/home/hku_user3/EnergyBridge_rl_dr_memory_202607/benchmark_results/2026-07-22_rule_milp_dr_memory_daily_july/_batch_logs/daily_event_configs/d12_hist_d12_1.json,skipped_done,0,0.0,/home/hku_user3/EnergyBridge_rl_dr_memory_202607/benchmark_results/2026-07-22_rule_milp_dr_memory_daily_july/household_s4_ev_commuter_flexible_rule_milp_tianjin_d12_hist_d12_1_2025-07-12_1day,/home/hku_user3/EnergyBridge_rl_dr_memory_202607/benchmark_results/2026-07-22_rule_milp_dr_memory_daily_july/_batch_logs/daily_dr_memory_tianjin_1day/household_s4_ev_commuter_flexible_rule_milp_tianjin_d12_hist_d12_1_2025-07-12_1day.log,/home/hku_user3/EnergyBridge_rl_dr_memory_202607/benchmark_results/2026-07-22_rule_milp_dr_memory_daily_july/household_s4_ev_commuter_flexible_rule_milp_tianjin_d12_hist_d12_1_2025-07-12_1day/run_summary.txt,0,70.636042,70.636042,47.388808,1.058459,normalized TOU cost/kWh,/home/hku_user3/EnergyBridge_rl_dr_memory_202607/experiments/real_data/tianjin_tou_price_normalized.csv,2.4929,2.4929,0.0,0.0,2.0,1.0,1.0,"['dishwasher', 'dryer', 'ev', 'washer', 'water_heater']",[],[]
household_s3_hybrid_work_from_home,household_s3_hybrid_work_from_home,no_dr,Tianjin,1,2025-07-12,d12_hist_d12_1,hist_d12_1,12,/home/hku_user3/EnergyBridge_rl_dr_memory_202607/experiments/real_data/tianjin_tou_price_normalized.csv,20.0,1.0,/home/hku_user3/EnergyBridge_rl_dr_memory_202607/benchmark_results/2026-07-22_rule_milp_dr_memory_daily_july/_batch_logs/daily_event_configs/d12_hist_d12_1.json,skipped_done,0,0.0,/home/hku_user3/EnergyBridge_rl_dr_memory_202607/benchmark_results/2026-07-22_rule_milp_dr_memory_daily_july/household_s3_hybrid_work_from_home_no_dr_tianjin_d12_hist_d12_1_2025-07-12_1day,/home/hku_user3/EnergyBridge_rl_dr_memory_202607/benchmark_results/2026-07-22_rule_milp_dr_memory_daily_july/_batch_logs/daily_dr_memory_tianjin_1day/household_s3_hybrid_work_from_home_no_dr_tianjin_d12_hist_d12_1_2025-07-12_1day.log,/home/hku_user3/EnergyBridge_rl_dr_memory_202607/benchmark_results/2026-07-22_rule_milp_dr_memory_daily_july/household_s3_hybrid_work_from_home_no_dr_tianjin_d12_hist_d12_1_2025-07-12_1day/run_summary.txt,0,58.742283,58.742283,62.640272,1.223686,normalized TOU cost/kWh,/home/hku_user3/EnergyBridge_rl_dr_memory_202607/experiments/real_data/tianjin_tou_price_normalized.csv,8.4173,8.4173,1.0,1.0,,0.0,1.0,[],"['dishwasher', 'dryer', 'ev', 'washer', 'water_heater']",[]
household_s1_dual_commuter_standard,household_s1_dual_commuter_standard,no_dr,Tianjin,1,2025-07-13,d13_hist_d13_1,hist_d13_1,13,/home/hku_user3/EnergyBridge_rl_dr_memory_202607/experiments/real_data/tianjin_tou_price_normalized.csv,17.0,1.0,/home/hku_user3/EnergyBridge_rl_dr_memory_202607/benchmark_results/2026-07-22_rule_milp_dr_memory_daily_july/_batch_logs/daily_event_configs/d13_hist_d13_1.json,skipped_done,0,0.0,/home/hku_user3/EnergyBridge_rl_dr_memory_202607/benchmark_results/2026-07-22_rule_milp_dr_memory_daily_july/household_s1_dual_commuter_standard_no_dr_tianjin_d13_hist_d13_1_2025-07-13_1day,/home/hku_user3/EnergyBridge_rl_dr_memory_202607/benchmark_results/2026-07-22_rule_milp_dr_memory_daily_july/_batch_logs/daily_dr_memory_tianjin_1day/household_s1_dual_commuter_standard_no_dr_tianjin_d13_hist_d13_1_2025-07-13_1day.log,/home/hku_user3/EnergyBridge_rl_dr_memory_202607/benchmark_results/2026-07-22_rule_milp_dr_memory_daily_july/household_s1_dual_commuter_standard_no_dr_tianjin_d13_hist_d13_1_2025-07-13_1day/run_summary.txt,0,68.810683,68.810683,65.491563,1.152329,normalized TOU cost/kWh,/home/hku_user3/EnergyBridge_rl_dr_memory_202607/experiments/real_data/tianjin_tou_price_normalized.csv,3.9797,3.9797,1.0,1.0,,0.0,0.8,[],"['dishwasher', 'dryer', 'ev', 'washer', 'water_heater']",[]
household_s1_dual_commuter_standard,household_s1_dual_commuter_standard,rule_milp,Tianjin,1,2025-07-12,d12_hist_d12_1,hist_d12_1,12,/home/hku_user3/EnergyBridge_rl_dr_memory_202607/experiments/real_data/tianjin_tou_price_normalized.csv,20.0,1.0,/home/hku_user3/EnergyBridge_rl_dr_memory_202607/benchmark_results/2026-07-22_rule_milp_dr_memory_daily_july/_batch_logs/daily_event_configs/d12_hist_d12_1.json,skipped_done,0,0.0,/home/hku_user3/EnergyBridge_rl_dr_memory_202607/benchmark_results/2026-07-22_rule_milp_dr_memory_daily_july/household_s1_dual_commuter_standard_rule_milp_tianjin_d12_hist_d12_1_2025-07-12_1day,/home/hku_user3/EnergyBridge_rl_dr_memory_202607/benchmark_results/2026-07-22_rule_milp_dr_memory_daily_july/_batch_logs/daily_dr_memory_tianjin_1day/household_s1_dual_commuter_standard_rule_milp_tianjin_d12_hist_d12_1_2025-07-12_1day.log,/home/hku_user3/EnergyBridge_rl_dr_memory_202607/benchmark_results/2026-07-22_rule_milp_dr_memory_daily_july/household_s1_dual_commuter_standard_rule_milp_tianjin_d12_hist_d12_1_2025-07-12_1day/run_summary.txt,0,67.715281,67.715281,49.026769,1.082972,normalized TOU cost/kWh,/home/hku_user3/EnergyBridge_rl_dr_memory_202607/experiments/real_data/tianjin_tou_price_normalized.csv,2.5583,2.5583,0.0,0.0,1.962,1.0,1.0,"['dishwasher', 'dryer', 'ev', 'washer', 'water_heater']",[],[]
household_s4_ev_commuter_flexible,household_s4_ev_commuter_flexible,no_dr,Tianjin,1,2025-07-12,d12_hist_d12_1,hist_d12_1,12,/home/hku_user3/EnergyBridge_rl_dr_memory_202607/experiments/real_data/tianjin_tou_price_normalized.csv,20.0,1.0,/home/hku_user3/EnergyBridge_rl_dr_memory_202607/benchmark_results/2026-07-22_rule_milp_dr_memory_daily_july/_batch_logs/daily_event_configs/d12_hist_d12_1.json,skipped_done,0,0.0,/home/hku_user3/EnergyBridge_rl_dr_memory_202607/benchmark_results/2026-07-22_rule_milp_dr_memory_daily_july/household_s4_ev_commuter_flexible_no_dr_tianjin_d12_hist_d12_1_2025-07-12_1day,/home/hku_user3/EnergyBridge_rl_dr_memory_202607/benchmark_results/2026-07-22_rule_milp_dr_memory_daily_july/_batch_logs/daily_dr_memory_tianjin_1day/household_s4_ev_commuter_flexible_no_dr_tianjin_d12_hist_d12_1_2025-07-12_1day.log,/home/hku_user3/EnergyBridge_rl_dr_memory_202607/benchmark_results/2026-07-22_rule_milp_dr_memory_daily_july/household_s4_ev_commuter_flexible_no_dr_tianjin_d12_hist_d12_1_2025-07-12_1day/run_summary.txt,0,66.609299,66.609299,70.388682,1.191877,normalized TOU cost/kWh,/home/hku_user3/EnergyBridge_rl_dr_memory_202607/experiments/real_data/tianjin_tou_price_normalized.csv,8.4167,8.4167,1.0,1.0,,0.0,0.8,[],"['dishwasher', 'dryer', 'ev', 'washer', 'water_heater']",[]
household_s4_ev_commuter_flexible,household_s4_ev_commuter_flexible,rule_milp,Tianjin,1,2025-07-11,d11_hist_d11_1,hist_d11_1,11,/home/hku_user3/EnergyBridge_rl_dr_memory_202607/experiments/real_data/tianjin_tou_price_normalized.csv,18.0,1.0,/home/hku_user3/EnergyBridge_rl_dr_memory_202607/benchmark_results/2026-07-22_rule_milp_dr_memory_daily_july/_batch_logs/daily_event_configs/d11_hist_d11_1.json,skipped_done,0,0.0,/home/hku_user3/EnergyBridge_rl_dr_memory_202607/benchmark_results/2026-07-22_rule_milp_dr_memory_daily_july/household_s4_ev_commuter_flexible_rule_milp_tianjin_d11_hist_d11_1_2025-07-11_1day,/home/hku_user3/EnergyBridge_rl_dr_memory_202607/benchmark_results/2026-07-22_rule_milp_dr_memory_daily_july/_batch_logs/daily_dr_memory_tianjin_1day/household_s4_ev_commuter_flexible_rule_milp_tianjin_d11_hist_d11_1_2025-07-11_1day.log,/home/hku_user3/EnergyBridge_rl_dr_memory_202607/benchmark_results/2026-07-22_rule_milp_dr_memory_daily_july/household_s4_ev_commuter_flexible_rule_milp_tianjin_d11_hist_d11_1_2025-07-11_1day/run_summary.txt,0,90.781202,90.781202,72.777303,1.203097,normalized TOU cost/kWh,/home/hku_user3/EnergyBridge_rl_dr_memory_202607/experiments/real_data/tianjin_tou_price_normalized.csv,2.5175,2.5175,0.0,0.0,2.0,1.0,1.0,"['dishwasher', 'dryer', 'ev', 'washer', 'water_heater']",[],[]
household_s5_shared_roommates_irregular,household_s5_shared_roommates_irregular,rule_milp,Germany,1,2025-07-13,d13_hist_d13_1,hist_d13_1,13,/home/hku_user3/EnergyBridge_rl_dr_memory_202607/experiments/real_data/germany_2025_price.csv,17.0,1.0,/home/hku_user3/EnergyBridge_rl_dr_memory_202607/benchmark_results/2026-07-22_rule_milp_dr_memory_daily_july/_batch_logs/daily_event_configs/d13_hist_d13_1.json,skipped_done,0,0.0,/home/hku_user3/EnergyBridge_rl_dr_memory_202607/benchmark_results/2026-07-22_rule_milp_dr_memory_daily_july/household_s5_shared_roommates_irregular_rule_milp_germany_d13_hist_d13_1_2025-07-13_1day,/home/hku_user3/EnergyBridge_rl_dr_memory_202607/benchmark_results/2026-07-22_rule_milp_dr_memory_daily_july/_batch_logs/daily_dr_memory_germany_1day/household_s5_shared_roommates_irregular_rule_milp_germany_d13_hist_d13_1_2025-07-13_1day.log,/home/hku_user3/EnergyBridge_rl_dr_memory_202607/benchmark_results/2026-07-22_rule_milp_dr_memory_daily_july/household_s5_shared_roommates_irregular_rule_milp_germany_d13_hist_d13_1_2025-07-13_1day/run_summary.txt,0,62.527223,62.527223,14.584617,0.078325,EUR/kWh,/home/hku_user3/EnergyBridge_rl_dr_memory_202607/experiments/real_data/germany_2025_price.csv,6.9399,6.9399,0.0,0.0,1.333,1.0,1.0,"['dishwasher', 'dryer', 'ev', 'washer', 'water_heater']",[],[]
household_s1_dual_commuter_standard,household_s1_dual_commuter_standard,rule_milp,Tianjin,1,2025-07-11,d11_hist_d11_1,hist_d11_1,11,/home/hku_user3/EnergyBridge_rl_dr_memory_202607/experiments/real_data/tianjin_tou_price_normalized.csv,18.0,1.0,/home/hku_user3/EnergyBridge_rl_dr_memory_202607/benchmark_results/2026-07-22_rule_milp_dr_memory_daily_july/_batch_logs/daily_event_configs/d11_hist_d11_1.json,skipped_done,0,0.0,/home/hku_user3/EnergyBridge_rl_dr_memory_202607/benchmark_results/2026-07-22_rule_milp_dr_memory_daily_july/household_s1_dual_commuter_standard_rule_milp_tianjin_d11_hist_d11_1_2025-07-11_1day,/home/hku_user3/EnergyBridge_rl_dr_memory_202607/benchmark_results/2026-07-22_rule_milp_dr_memory_daily_july/_batch_logs/daily_dr_memory_tianjin_1day/household_s1_dual_commuter_standard_rule_milp_tianjin_d11_hist_d11_1_2025-07-11_1day.log,/home/hku_user3/EnergyBridge_rl_dr_memory_202607/benchmark_results/2026-07-22_rule_milp_dr_memory_daily_july/household_s1_dual_commuter_standard_rule_milp_tianjin_d11_hist_d11_1_2025-07-11_1day/run_summary.txt,0,90.497108,90.497108,71.418785,1.225434,normalized TOU cost/kWh,/home/hku_user3/EnergyBridge_rl_dr_memory_202607/experiments/real_data/tianjin_tou_price_normalized.csv,2.6135,2.6135,0.0,0.0,1.962,1.0,1.0,"['dishwasher', 'dryer', 'ev', 'washer', 'water_heater']",[],[]
household_s3_hybrid_work_from_home,household_s3_hybrid_work_from_home,rule_milp,Germany,1,2025-07-13,d13_hist_d13_1,hist_d13_1,13,/home/hku_user3/EnergyBridge_rl_dr_memory_202607/experiments/real_data/germany_2025_price.csv,17.0,1.0,/home/hku_user3/EnergyBridge_rl_dr_memory_202607/benchmark_results/2026-07-22_rule_milp_dr_memory_daily_july/_batch_logs/daily_event_configs/d13_hist_d13_1.json,skipped_done,0,0.0,/home/hku_user3/EnergyBridge_rl_dr_memory_202607/benchmark_results/2026-07-22_rule_milp_dr_memory_daily_july/household_s3_hybrid_work_from_home_rule_milp_germany_d13_hist_d13_1_2025-07-13_1day,/home/hku_user3/EnergyBridge_rl_dr_memory_202607/benchmark_results/2026-07-22_rule_milp_dr_memory_daily_july/_batch_logs/daily_dr_memory_germany_1day/household_s3_hybrid_work_from_home_rule_milp_germany_d13_hist_d13_1_2025-07-13_1day.log,/home/hku_user3/EnergyBridge_rl_dr_memory_202607/benchmark_results/2026-07-22_rule_milp_dr_memory_daily_july/household_s3_hybrid_work_from_home_rule_milp_germany_d13_hist_d13_1_2025-07-13_1day/run_summary.txt,0,64.683311,64.683311,14.668516,0.077714,EUR/kWh,/home/hku_user3/EnergyBridge_rl_dr_memory_202607/experiments/real_data/germany_2025_price.csv,8.621,8.621,0.0,0.0,1.983,1.0,1.0,"['dishwasher', 'dryer', 'ev', 'washer', 'water_heater']",[],[]
household_s4_ev_commuter_flexible,household_s4_ev_commuter_flexible,rule_milp,Germany,1,2025-07-13,d13_hist_d13_1,hist_d13_1,13,/home/hku_user3/EnergyBridge_rl_dr_memory_202607/experiments/real_data/germany_2025_price.csv,17.0,1.0,/home/hku_user3/EnergyBridge_rl_dr_memory_202607/benchmark_results/2026-07-22_rule_milp_dr_memory_daily_july/_batch_logs/daily_event_configs/d13_hist_d13_1.json,skipped_done,0,0.0,/home/hku_user3/EnergyBridge_rl_dr_memory_202607/benchmark_results/2026-07-22_rule_milp_dr_memory_daily_july/household_s4_ev_commuter_flexible_rule_milp_germany_d13_hist_d13_1_2025-07-13_1day,/home/hku_user3/EnergyBridge_rl_dr_memory_202607/benchmark_results/2026-07-22_rule_milp_dr_memory_daily_july/_batch_logs/daily_dr_memory_germany_1day/household_s4_ev_commuter_flexible_rule_milp_germany_d13_hist_d13_1_2025-07-13_1day.log,/home/hku_user3/EnergyBridge_rl_dr_memory_202607/benchmark_results/2026-07-22_rule_milp_dr_memory_daily_july/household_s4_ev_commuter_flexible_rule_milp_germany_d13_hist_d13_1_2025-07-13_1day/run_summary.txt,0,72.042376,72.042376,15.561335,0.079562,EUR/kWh,/home/hku_user3/EnergyBridge_rl_dr_memory_202607/experiments/real_data/germany_2025_price.csv,8.8893,8.8893,0.0,0.0,2.0,1.0,1.0,"['dishwasher', 'dryer', 'ev', 'washer', 'water_heater']",[],[]
household_s1_dual_commuter_standard,household_s1_dual_commuter_standard,rule_milp,Germany,1,2025-07-13,d13_hist_d13_1,hist_d13_1,13,/home/hku_user3/EnergyBridge_rl_dr_memory_202607/experiments/real_data/germany_2025_price.csv,17.0,1.0,/home/hku_user3/EnergyBridge_rl_dr_memory_202607/benchmark_results/2026-07-22_rule_milp_dr_memory_daily_july/_batch_logs/daily_event_configs/d13_hist_d13_1.json,skipped_done,0,0.0,/home/hku_user3/EnergyBridge_rl_dr_memory_202607/benchmark_results/2026-07-22_rule_milp_dr_memory_daily_july/household_s1_dual_commuter_standard_rule_milp_germany_d13_hist_d13_1_2025-07-13_1day,/home/hku_user3/EnergyBridge_rl_dr_memory_202607/benchmark_results/2026-07-22_rule_milp_dr_memory_daily_july/_batch_logs/daily_dr_memory_germany_1day/household_s1_dual_commuter_standard_rule_milp_germany_d13_hist_d13_1_2025-07-13_1day.log,/home/hku_user3/EnergyBridge_rl_dr_memory_202607/benchmark_results/2026-07-22_rule_milp_dr_memory_daily_july/household_s1_dual_commuter_standard_rule_milp_germany_d13_hist_d13_1_2025-07-13_1day/run_summary.txt,0,69.075504,69.075504,14.89184,0.078572,EUR/kWh,/home/hku_user3/EnergyBridge_rl_dr_memory_202607/experiments/real_data/germany_2025_price.csv,6.9399,6.9399,0.0,0.0,1.377,1.0,1.0,"['dishwasher', 'dryer', 'ev', 'washer', 'water_heater']",[],[]
household_s2_multigeneration_caregiver,household_s2_multigeneration_caregiver,no_dr,Tianjin,1,2025-07-13,d13_hist_d13_1,hist_d13_1,13,/home/hku_user3/EnergyBridge_rl_dr_memory_202607/experiments/real_data/tianjin_tou_price_normalized.csv,17.0,1.0,/home/hku_user3/EnergyBridge_rl_dr_memory_202607/benchmark_results/2026-07-22_rule_milp_dr_memory_daily_july/_batch_logs/daily_event_configs/d13_hist_d13_1.json,skipped_done,0,0.0,/home/hku_user3/EnergyBridge_rl_dr_memory_202607/benchmark_results/2026-07-22_rule_milp_dr_memory_daily_july/household_s2_multigeneration_caregiver_no_dr_tianjin_d13_hist_d13_1_2025-07-13_1day,/home/hku_user3/EnergyBridge_rl_dr_memory_202607/benchmark_results/2026-07-22_rule_milp_dr_memory_daily_july/_batch_logs/daily_dr_memory_tianjin_1day/household_s2_multigeneration_caregiver_no_dr_tianjin_d13_hist_d13_1_2025-07-13_1day.log,/home/hku_user3/EnergyBridge_rl_dr_memory_202607/benchmark_results/2026-07-22_rule_milp_dr_memory_daily_july/household_s2_multigeneration_caregiver_no_dr_tianjin_d13_hist_d13_1_2025-07-13_1day/run_summary.txt,0,62.242884,62.242884,58.217009,1.193763,normalized TOU cost/kWh,/home/hku_user3/EnergyBridge_rl_dr_memory_202607/experiments/real_data/tianjin_tou_price_normalized.csv,4.0326,4.0326,1.0,1.0,,0.0,0.8,[],"['dishwasher', 'dryer', 'ev', 'washer', 'water_heater']",[]
household_s1_dual_commuter_standard,household_s1_dual_commuter_standard,no_dr,Tianjin,1,2025-07-12,d12_hist_d12_1,hist_d12_1,12,/home/hku_user3/EnergyBridge_rl_dr_memory_202607/experiments/real_data/tianjin_tou_price_normalized.csv,20.0,1.0,/home/hku_user3/EnergyBridge_rl_dr_memory_202607/benchmark_results/2026-07-22_rule_milp_dr_memory_daily_july/_batch_logs/daily_event_configs/d12_hist_d12_1.json,skipped_done,0,0.0,/home/hku_user3/EnergyBridge_rl_dr_memory_202607/benchmark_results/2026-07-22_rule_milp_dr_memory_daily_july/household_s1_dual_commuter_standard_no_dr_tianjin_d12_hist_d12_1_2025-07-12_1day,/home/hku_user3/EnergyBridge_rl_dr_memory_202607/benchmark_results/2026-07-22_rule_milp_dr_memory_daily_july/_batch_logs/daily_dr_memory_tianjin_1day/household_s1_dual_commuter_standard_no_dr_tianjin_d12_hist_d12_1_2025-07-12_1day.log,/home/hku_user3/EnergyBridge_rl_dr_memory_202607/benchmark_results/2026-07-22_rule_milp_dr_memory_daily_july/household_s1_dual_commuter_standard_no_dr_tianjin_d12_hist_d12_1_2025-07-12_1day/run_summary.txt,0,62.52814,62.52814,66.307523,1.206121,normalized TOU cost/kWh,/home/hku_user3/EnergyBridge_rl_dr_memory_202607/experiments/real_data/tianjin_tou_price_normalized.csv,8.4167,8.4167,1.0,1.0,,0.0,1.0,[],"['dishwasher', 'dryer', 'ev', 'washer', 'water_heater']",[]
household_s2_multigeneration_caregiver,household_s2_multigeneration_caregiver,no_dr,Germany,1,2025-07-13,d13_hist_d13_1,hist_d13_1,13,/home/hku_user3/EnergyBridge_rl_dr_memory_202607/experiments/real_data/germany_2025_price.csv,17.0,1.0,/home/hku_user3/EnergyBridge_rl_dr_memory_202607/benchmark_results/2026-07-22_rule_milp_dr_memory_daily_july/_batch_logs/daily_event_configs/d13_hist_d13_1.json,skipped_done,0,0.0,/home/hku_user3/EnergyBridge_rl_dr_memory_202607/benchmark_results/2026-07-22_rule_milp_dr_memory_daily_july/household_s2_multigeneration_caregiver_no_dr_germany_d13_hist_d13_1_2025-07-13_1day,/home/hku_user3/EnergyBridge_rl_dr_memory_202607/benchmark_results/2026-07-22_rule_milp_dr_memory_daily_july/_batch_logs/daily_dr_memory_germany_1day/household_s2_multigeneration_caregiver_no_dr_germany_d13_hist_d13_1_2025-07-13_1day.log,/home/hku_user3/EnergyBridge_rl_dr_memory_202607/benchmark_results/2026-07-22_rule_milp_dr_memory_daily_july/household_s2_multigeneration_caregiver_no_dr_germany_d13_hist_d13_1_2025-07-13_1day/run_summary.txt,0,55.529306,55.529306,14.994794,0.079538,EUR/kWh,/home/hku_user3/EnergyBridge_rl_dr_memory_202607/experiments/real_data/germany_2025_price.csv,10.9201,10.9201,1.0,1.0,,0.0,0.8,[],"['dishwasher', 'dryer', 'ev', 'washer', 'water_heater']",[]
household_s5_shared_roommates_irregular,household_s5_shared_roommates_irregular,no_dr,Germany,1,2025-07-12,d12_hist_d12_1,hist_d12_1,12,/home/hku_user3/EnergyBridge_rl_dr_memory_202607/experiments/real_data/germany_2025_price.csv,20.0,1.0,/home/hku_user3/EnergyBridge_rl_dr_memory_202607/benchmark_results/2026-07-22_rule_milp_dr_memory_daily_july/_batch_logs/daily_event_configs/d12_hist_d12_1.json,skipped_done,0,0.0,/home/hku_user3/EnergyBridge_rl_dr_memory_202607/benchmark_results/2026-07-22_rule_milp_dr_memory_daily_july/household_s5_shared_roommates_irregular_no_dr_germany_d12_hist_d12_1_2025-07-12_1day,/home/hku_user3/EnergyBridge_rl_dr_memory_202607/benchmark_results/2026-07-22_rule_milp_dr_memory_daily_july/_batch_logs/daily_dr_memory_germany_1day/household_s5_shared_roommates_irregular_no_dr_germany_d12_hist_d12_1_2025-07-12_1day.log,/home/hku_user3/EnergyBridge_rl_dr_memory_202607/benchmark_results/2026-07-22_rule_milp_dr_memory_daily_july/household_s5_shared_roommates_irregular_no_dr_germany_d12_hist_d12_1_2025-07-12_1day/run_summary.txt,0,57.585598,57.585598,14.623278,0.077125,EUR/kWh,/home/hku_user3/EnergyBridge_rl_dr_memory_202607/experiments/real_data/germany_2025_price.csv,13.4223,13.4223,1.0,1.0,,0.0,0.8,[],"['dishwasher', 'dryer', 'ev', 'washer', 'water_heater']",[]
household_s4_ev_commuter_flexible,household_s4_ev_commuter_flexible,no_dr,Germany,1,2025-07-13,d13_hist_d13_1,hist_d13_1,13,/home/hku_user3/EnergyBridge_rl_dr_memory_202607/experiments/real_data/germany_2025_price.csv,17.0,1.0,/home/hku_user3/EnergyBridge_rl_dr_memory_202607/benchmark_results/2026-07-22_rule_milp_dr_memory_daily_july/_batch_logs/daily_event_configs/d13_hist_d13_1.json,skipped_done,0,0.0,/home/hku_user3/EnergyBridge_rl_dr_memory_202607/benchmark_results/2026-07-22_rule_milp_dr_memory_daily_july/household_s4_ev_commuter_flexible_no_dr_germany_d13_hist_d13_1_2025-07-13_1day,/home/hku_user3/EnergyBridge_rl_dr_memory_202607/benchmark_results/2026-07-22_rule_milp_dr_memory_daily_july/_batch_logs/daily_dr_memory_germany_1day/household_s4_ev_commuter_flexible_no_dr_germany_d13_hist_d13_1_2025-07-13_1day.log,/home/hku_user3/EnergyBridge_rl_dr_memory_202607/benchmark_results/2026-07-22_rule_milp_dr_memory_daily_july/household_s4_ev_commuter_flexible_no_dr_germany_d13_hist_d13_1_2025-07-13_1day/run_summary.txt,0,66.949393,66.949393,16.287236,0.081275,EUR/kWh,/home/hku_user3/EnergyBridge_rl_dr_memory_202607/experiments/real_data/germany_2025_price.csv,10.8772,10.8772,1.0,1.0,,0.0,1.0,[],"['dishwasher', 'dryer', 'ev', 'washer', 'water_heater']",[]
household_s1_dual_commuter_standard,household_s1_dual_commuter_standard,rule_milp,Tianjin,1,2025-07-13,d13_hist_d13_1,hist_d13_1,13,/home/hku_user3/EnergyBridge_rl_dr_memory_202607/experiments/real_data/tianjin_tou_price_normalized.csv,17.0,1.0,/home/hku_user3/EnergyBridge_rl_dr_memory_202607/benchmark_results/2026-07-22_rule_milp_dr_memory_daily_july/_batch_logs/daily_event_configs/d13_hist_d13_1.json,skipped_done,0,0.0,/home/hku_user3/EnergyBridge_rl_dr_memory_202607/benchmark_results/2026-07-22_rule_milp_dr_memory_daily_july/household_s1_dual_commuter_standard_rule_milp_tianjin_d13_hist_d13_1_2025-07-13_1day,/home/hku_user3/EnergyBridge_rl_dr_memory_202607/benchmark_results/2026-07-22_rule_milp_dr_memory_daily_july/_batch_logs/daily_dr_memory_tianjin_1day/household_s1_dual_commuter_standard_rule_milp_tianjin_d13_hist_d13_1_2025-07-13_1day.log,/home/hku_user3/EnergyBridge_rl_dr_memory_202607/benchmark_results/2026-07-22_rule_milp_dr_memory_daily_july/household_s1_dual_commuter_standard_rule_milp_tianjin_d13_hist_d13_1_2025-07-13_1day/run_summary.txt,0,66.548689,66.548689,57.736247,1.118455,normalized TOU cost/kWh,/home/hku_user3/EnergyBridge_rl_dr_memory_202607/experiments/real_data/tianjin_tou_price_normalized.csv,0.9526,0.9526,0.0,0.0,1.407,1.0,1.0,"['dishwasher', 'dryer', 'ev', 'washer', 'water_heater']",[],[]
household_s4_ev_commuter_flexible,household_s4_ev_commuter_flexible,no_dr,Germany,1,2025-07-12,d12_hist_d12_1,hist_d12_1,12,/home/hku_user3/EnergyBridge_rl_dr_memory_202607/experiments/real_data/germany_2025_price.csv,20.0,1.0,/home/hku_user3/EnergyBridge_rl_dr_memory_202607/benchmark_results/2026-07-22_rule_milp_dr_memory_daily_july/_batch_logs/daily_event_configs/d12_hist_d12_1.json,skipped_done,0,0.0,/home/hku_user3/EnergyBridge_rl_dr_memory_202607/benchmark_results/2026-07-22_rule_milp_dr_memory_daily_july/household_s4_ev_commuter_flexible_no_dr_germany_d12_hist_d12_1_2025-07-12_1day,/home/hku_user3/EnergyBridge_rl_dr_memory_202607/benchmark_results/2026-07-22_rule_milp_dr_memory_daily_july/_batch_logs/daily_dr_memory_germany_1day/household_s4_ev_commuter_flexible_no_dr_germany_d12_hist_d12_1_2025-07-12_1day.log,/home/hku_user3/EnergyBridge_rl_dr_memory_202607/benchmark_results/2026-07-22_rule_milp_dr_memory_daily_july/household_s4_ev_commuter_flexible_no_dr_germany_d12_hist_d12_1_2025-07-12_1day/run_summary.txt,0,65.747917,65.747917,15.446938,0.078107,EUR/kWh,/home/hku_user3/EnergyBridge_rl_dr_memory_202607/experiments/real_data/germany_2025_price.csv,13.4223,13.4223,1.0,1.0,,0.0,0.8,[],"['dishwasher', 'dryer', 'ev', 'washer', 'water_heater']",[]
household_s4_ev_commuter_flexible,household_s4_ev_commuter_flexible,rule_milp,Tianjin,1,2025-07-13,d13_hist_d13_1,hist_d13_1,13,/home/hku_user3/EnergyBridge_rl_dr_memory_202607/experiments/real_data/tianjin_tou_price_normalized.csv,17.0,1.0,/home/hku_user3/EnergyBridge_rl_dr_memory_202607/benchmark_results/2026-07-22_rule_milp_dr_memory_daily_july/_batch_logs/daily_event_configs/d13_hist_d13_1.json,skipped_done,0,0.0,/home/hku_user3/EnergyBridge_rl_dr_memory_202607/benchmark_results/2026-07-22_rule_milp_dr_memory_daily_july/household_s4_ev_commuter_flexible_rule_milp_tianjin_d13_hist_d13_1_2025-07-13_1day,/home/hku_user3/EnergyBridge_rl_dr_memory_202607/benchmark_results/2026-07-22_rule_milp_dr_memory_daily_july/_batch_logs/daily_dr_memory_tianjin_1day/household_s4_ev_commuter_flexible_rule_milp_tianjin_d13_hist_d13_1_2025-07-13_1day.log,/home/hku_user3/EnergyBridge_rl_dr_memory_202607/benchmark_results/2026-07-22_rule_milp_dr_memory_daily_july/household_s4_ev_commuter_flexible_rule_milp_tianjin_d13_hist_d13_1_2025-07-13_1day/run_summary.txt,0,67.261392,67.261392,61.049912,1.1076,normalized TOU cost/kWh,/home/hku_user3/EnergyBridge_rl_dr_memory_202607/experiments/real_data/tianjin_tou_price_normalized.csv,1.5579,1.5579,0.0,0.0,2.0,1.0,1.0,"['dishwasher', 'dryer', 'ev', 'washer', 'water_heater']",[],[]
household_s1_dual_commuter_standard,household_s1_dual_commuter_standard,no_dr,Germany,1,2025-07-14,d14_hist_d14_1,hist_d14_1,14,/home/hku_user3/EnergyBridge_rl_dr_memory_202607/experiments/real_data/germany_2025_price.csv,16.0,1.0,/home/hku_user3/EnergyBridge_rl_dr_memory_202607/benchmark_results/2026-07-22_rule_milp_dr_memory_daily_july/_batch_logs/daily_event_configs/d14_hist_d14_1.json,skipped_done,0,0.0,/home/hku_user3/EnergyBridge_rl_dr_memory_202607/benchmark_results/2026-07-22_rule_milp_dr_memory_daily_july/household_s1_dual_commuter_standard_no_dr_germany_d14_hist_d14_1_2025-07-14_1day,/home/hku_user3/EnergyBridge_rl_dr_memory_202607/benchmark_results/2026-07-22_rule_milp_dr_memory_daily_july/_batch_logs/daily_dr_memory_germany_1day/household_s1_dual_commuter_standard_no_dr_germany_d14_hist_d14_1_2025-07-14_1day.log,/home/hku_user3/EnergyBridge_rl_dr_memory_202607/benchmark_results/2026-07-22_rule_milp_dr_memory_daily_july/household_s1_dual_commuter_standard_no_dr_germany_d14_hist_d14_1_2025-07-14_1day/run_summary.txt,0,62.995236,62.995236,20.72126,0.106528,EUR/kWh,/home/hku_user3/EnergyBridge_rl_dr_memory_202607/experiments/real_data/germany_2025_price.csv,6.2088,6.2088,1.0,1.0,,0.0,1.0,[],"['dishwasher', 'dryer', 'ev', 'washer', 'water_heater']",[]
household_s5_shared_roommates_irregular,household_s5_shared_roommates_irregular,no_dr,Tianjin,1,2025-07-13,d13_hist_d13_1,hist_d13_1,13,/home/hku_user3/EnergyBridge_rl_dr_memory_202607/experiments/real_data/tianjin_tou_price_normalized.csv,17.0,1.0,/home/hku_user3/EnergyBridge_rl_dr_memory_202607/benchmark_results/2026-07-22_rule_milp_dr_memory_daily_july/_batch_logs/daily_event_configs/d13_hist_d13_1.json,skipped_done,0,0.0,/home/hku_user3/EnergyBridge_rl_dr_memory_202607/benchmark_results/2026-07-22_rule_milp_dr_memory_daily_july/household_s5_shared_roommates_irregular_no_dr_tianjin_d13_hist_d13_1_2025-07-13_1day,/home/hku_user3/EnergyBridge_rl_dr_memory_202607/benchmark_results/2026-07-22_rule_milp_dr_memory_daily_july/_batch_logs/daily_dr_memory_tianjin_1day/household_s5_shared_roommates_irregular_no_dr_tianjin_d13_hist_d13_1_2025-07-13_1day.log,/home/hku_user3/EnergyBridge_rl_dr_memory_202607/benchmark_results/2026-07-22_rule_milp_dr_memory_daily_july/household_s5_shared_roommates_irregular_no_dr_tianjin_d13_hist_d13_1_2025-07-13_1day/run_summary.txt,0,64.729523,64.729523,61.410403,1.164113,normalized TOU cost/kWh,/home/hku_user3/EnergyBridge_rl_dr_memory_202607/experiments/real_data/tianjin_tou_price_normalized.csv,3.9797,3.9797,1.0,1.0,,0.0,1.0,[],"['dishwasher', 'dryer', 'ev', 'washer', 'water_heater']",[]
household_s2_multigeneration_caregiver,household_s2_multigeneration_caregiver,rule_milp,Germany,1,2025-07-13,d13_hist_d13_1,hist_d13_1,13,/home/hku_user3/EnergyBridge_rl_dr_memory_202607/experiments/real_data/germany_2025_price.csv,17.0,1.0,/home/hku_user3/EnergyBridge_rl_dr_memory_202607/benchmark_results/2026-07-22_rule_milp_dr_memory_daily_july/_batch_logs/daily_event_configs/d13_hist_d13_1.json,skipped_done,0,0.0,/home/hku_user3/EnergyBridge_rl_dr_memory_202607/benchmark_results/2026-07-22_rule_milp_dr_memory_daily_july/household_s2_multigeneration_caregiver_rule_milp_germany_d13_hist_d13_1_2025-07-13_1day,/home/hku_user3/EnergyBridge_rl_dr_memory_202607/benchmark_results/2026-07-22_rule_milp_dr_memory_daily_july/_batch_logs/daily_dr_memory_germany_1day/household_s2_multigeneration_caregiver_rule_milp_germany_d13_hist_d13_1_2025-07-13_1day.log,/home/hku_user3/EnergyBridge_rl_dr_memory_202607/benchmark_results/2026-07-22_rule_milp_dr_memory_daily_july/household_s2_multigeneration_caregiver_rule_milp_germany_d13_hist_d13_1_2025-07-13_1day/run_summary.txt,0,63.134318,63.134318,14.095441,0.076516,EUR/kWh,/home/hku_user3/EnergyBridge_rl_dr_memory_202607/experiments/real_data/germany_2025_price.csv,8.6594,8.6594,0.0,0.0,1.9,1.0,1.0,"['dishwasher', 'dryer', 'ev', 'washer', 'water_heater']",[],[]
household_s5_shared_roommates_irregular,household_s5_shared_roommates_irregular,rule_milp,Tianjin,1,2025-07-12,d12_hist_d12_1,hist_d12_1,12,/home/hku_user3/EnergyBridge_rl_dr_memory_202607/experiments/real_data/tianjin_tou_price_normalized.csv,20.0,1.0,/home/hku_user3/EnergyBridge_rl_dr_memory_202607/benchmark_results/2026-07-22_rule_milp_dr_memory_daily_july/_batch_logs/daily_event_configs/d12_hist_d12_1.json,skipped_done,0,0.0,/home/hku_user3/EnergyBridge_rl_dr_memory_202607/benchmark_results/2026-07-22_rule_milp_dr_memory_daily_july/household_s5_shared_roommates_irregular_rule_milp_tianjin_d12_hist_d12_1_2025-07-12_1day,/home/hku_user3/EnergyBridge_rl_dr_memory_202607/benchmark_results/2026-07-22_rule_milp_dr_memory_daily_july/_batch_logs/daily_dr_memory_tianjin_1day/household_s5_shared_roommates_irregular_rule_milp_tianjin_d12_hist_d12_1_2025-07-12_1day.log,/home/hku_user3/EnergyBridge_rl_dr_memory_202607/benchmark_results/2026-07-22_rule_milp_dr_memory_daily_july/household_s5_shared_roommates_irregular_rule_milp_tianjin_d12_hist_d12_1_2025-07-12_1day/run_summary.txt,0,62.473723,62.473723,39.22649,1.071493,normalized TOU cost/kWh,/home/hku_user3/EnergyBridge_rl_dr_memory_202607/experiments/real_data/tianjin_tou_price_normalized.csv,2.4929,2.4929,0.0,0.0,1.863,1.0,1.0,"['dishwasher', 'dryer', 'ev', 'washer', 'water_heater']",[],[]
household_s5_shared_roommates_irregular,household_s5_shared_roommates_irregular,no_dr,Germany,1,2025-07-13,d13_hist_d13_1,hist_d13_1,13,/home/hku_user3/EnergyBridge_rl_dr_memory_202607/experiments/real_data/germany_2025_price.csv,17.0,1.0,/home/hku_user3/EnergyBridge_rl_dr_memory_202607/benchmark_results/2026-07-22_rule_milp_dr_memory_daily_july/_batch_logs/daily_event_configs/d13_hist_d13_1.json,skipped_done,0,0.0,/home/hku_user3/EnergyBridge_rl_dr_memory_202607/benchmark_results/2026-07-22_rule_milp_dr_memory_daily_july/household_s5_shared_roommates_irregular_no_dr_germany_d13_hist_d13_1_2025-07-13_1day,/home/hku_user3/EnergyBridge_rl_dr_memory_202607/benchmark_results/2026-07-22_rule_milp_dr_memory_daily_july/_batch_logs/daily_dr_memory_germany_1day/household_s5_shared_roommates_irregular_no_dr_germany_d13_hist_d13_1_2025-07-13_1day.log,/home/hku_user3/EnergyBridge_rl_dr_memory_202607/benchmark_results/2026-07-22_rule_milp_dr_memory_daily_july/household_s5_shared_roommates_irregular_no_dr_germany_d13_hist_d13_1_2025-07-13_1day/run_summary.txt,0,58.787074,58.787074,15.41701,0.080199,EUR/kWh,/home/hku_user3/EnergyBridge_rl_dr_memory_202607/experiments/real_data/germany_2025_price.csv,10.8772,10.8772,1.0,1.0,,0.0,1.0,[],"['dishwasher', 'dryer', 'ev', 'washer', 'water_heater']",[]
household_s3_hybrid_work_from_home,household_s3_hybrid_work_from_home,rule_milp,Tianjin,1,2025-07-12,d12_hist_d12_1,hist_d12_1,12,/home/hku_user3/EnergyBridge_rl_dr_memory_202607/experiments/real_data/tianjin_tou_price_normalized.csv,20.0,1.0,/home/hku_user3/EnergyBridge_rl_dr_memory_202607/benchmark_results/2026-07-22_rule_milp_dr_memory_daily_july/_batch_logs/daily_event_configs/d12_hist_d12_1.json,skipped_done,0,0.0,/home/hku_user3/EnergyBridge_rl_dr_memory_202607/benchmark_results/2026-07-22_rule_milp_dr_memory_daily_july/household_s3_hybrid_work_from_home_rule_milp_tianjin_d12_hist_d12_1_2025-07-12_1day,/home/hku_user3/EnergyBridge_rl_dr_memory_202607/benchmark_results/2026-07-22_rule_milp_dr_memory_daily_july/_batch_logs/daily_dr_memory_tianjin_1day/household_s3_hybrid_work_from_home_rule_milp_tianjin_d12_hist_d12_1_2025-07-12_1day.log,/home/hku_user3/EnergyBridge_rl_dr_memory_202607/benchmark_results/2026-07-22_rule_milp_dr_memory_daily_july/household_s3_hybrid_work_from_home_rule_milp_tianjin_d12_hist_d12_1_2025-07-12_1day/run_summary.txt,0,63.775394,63.775394,45.617774,1.116497,normalized TOU cost/kWh,/home/hku_user3/EnergyBridge_rl_dr_memory_202607/experiments/real_data/tianjin_tou_price_normalized.csv,2.5518,2.5518,0.0,0.0,1.983,1.0,1.0,"['dishwasher', 'dryer', 'ev', 'washer', 'water_heater']",[],[]
household_s3_hybrid_work_from_home,household_s3_hybrid_work_from_home,rule_milp,Tianjin,1,2025-07-13,d13_hist_d13_1,hist_d13_1,13,/home/hku_user3/EnergyBridge_rl_dr_memory_202607/experiments/real_data/tianjin_tou_price_normalized.csv,17.0,1.0,/home/hku_user3/EnergyBridge_rl_dr_memory_202607/benchmark_results/2026-07-22_rule_milp_dr_memory_daily_july/_batch_logs/daily_event_configs/d13_hist_d13_1.json,skipped_done,0,0.0,/home/hku_user3/EnergyBridge_rl_dr_memory_202607/benchmark_results/2026-07-22_rule_milp_dr_memory_daily_july/household_s3_hybrid_work_from_home_rule_milp_tianjin_d13_hist_d13_1_2025-07-13_1day,/home/hku_user3/EnergyBridge_rl_dr_memory_202607/benchmark_results/2026-07-22_rule_milp_dr_memory_daily_july/_batch_logs/daily_dr_memory_tianjin_1day/household_s3_hybrid_work_from_home_rule_milp_tianjin_d13_hist_d13_1_2025-07-13_1day.log,/home/hku_user3/EnergyBridge_rl_dr_memory_202607/benchmark_results/2026-07-22_rule_milp_dr_memory_daily_july/household_s3_hybrid_work_from_home_rule_milp_tianjin_d13_hist_d13_1_2025-07-13_1day/run_summary.txt,0,67.30864,67.30864,56.085021,1.139658,normalized TOU cost/kWh,/home/hku_user3/EnergyBridge_rl_dr_memory_202607/experiments/real_data/tianjin_tou_price_normalized.csv,1.6401,1.6401,0.0,0.0,1.983,1.0,1.0,"['dishwasher', 'dryer', 'ev', 'washer', 'water_heater']",[],[]
household_s4_ev_commuter_flexible,household_s4_ev_commuter_flexible,no_dr,Tianjin,1,2025-07-13,d13_hist_d13_1,hist_d13_1,13,/home/hku_user3/EnergyBridge_rl_dr_memory_202607/experiments/real_data/tianjin_tou_price_normalized.csv,17.0,1.0,/home/hku_user3/EnergyBridge_rl_dr_memory_202607/benchmark_results/2026-07-22_rule_milp_dr_memory_daily_july/_batch_logs/daily_event_configs/d13_hist_d13_1.json,skipped_done,0,0.0,/home/hku_user3/EnergyBridge_rl_dr_memory_202607/benchmark_results/2026-07-22_rule_milp_dr_memory_daily_july/household_s4_ev_commuter_flexible_no_dr_tianjin_d13_hist_d13_1_2025-07-13_1day,/home/hku_user3/EnergyBridge_rl_dr_memory_202607/benchmark_results/2026-07-22_rule_milp_dr_memory_daily_july/_batch_logs/daily_dr_memory_tianjin_1day/household_s4_ev_commuter_flexible_no_dr_tianjin_d13_hist_d13_1_2025-07-13_1day.log,/home/hku_user3/EnergyBridge_rl_dr_memory_202607/benchmark_results/2026-07-22_rule_milp_dr_memory_daily_july/household_s4_ev_commuter_flexible_no_dr_tianjin_d13_hist_d13_1_2025-07-13_1day/run_summary.txt,0,72.891842,72.891842,69.572722,1.142123,normalized TOU cost/kWh,/home/hku_user3/EnergyBridge_rl_dr_memory_202607/experiments/real_data/tianjin_tou_price_normalized.csv,3.9797,3.9797,1.0,1.0,,0.0,1.0,[],"['dishwasher', 'dryer', 'ev', 'washer', 'water_heater']",[]
household_s2_multigeneration_caregiver,household_s2_multigeneration_caregiver,rule_milp,Tianjin,1,2025-07-13,d13_hist_d13_1,hist_d13_1,13,/home/hku_user3/EnergyBridge_rl_dr_memory_202607/experiments/real_data/tianjin_tou_price_normalized.csv,17.0,1.0,/home/hku_user3/EnergyBridge_rl_dr_memory_202607/benchmark_results/2026-07-22_rule_milp_dr_memory_daily_july/_batch_logs/daily_event_configs/d13_hist_d13_1.json,skipped_done,0,0.0,/home/hku_user3/EnergyBridge_rl_dr_memory_202607/benchmark_results/2026-07-22_rule_milp_dr_memory_daily_july/household_s2_multigeneration_caregiver_rule_milp_tianjin_d13_hist_d13_1_2025-07-13_1day,/home/hku_user3/EnergyBridge_rl_dr_memory_202607/benchmark_results/2026-07-22_rule_milp_dr_memory_daily_july/_batch_logs/daily_dr_memory_tianjin_1day/household_s2_multigeneration_caregiver_rule_milp_tianjin_d13_hist_d13_1_2025-07-13_1day.log,/home/hku_user3/EnergyBridge_rl_dr_memory_202607/benchmark_results/2026-07-22_rule_milp_dr_memory_daily_july/household_s2_multigeneration_caregiver_rule_milp_tianjin_d13_hist_d13_1_2025-07-13_1day/run_summary.txt,0,66.061443,66.061443,55.605292,1.16518,normalized TOU cost/kWh,/home/hku_user3/EnergyBridge_rl_dr_memory_202607/experiments/real_data/tianjin_tou_price_normalized.csv,1.7872,1.7872,0.0,0.0,1.9,1.0,1.0,"['dishwasher', 'dryer', 'ev', 'washer', 'water_heater']",[],[]
household_s4_ev_commuter_flexible,household_s4_ev_commuter_flexible,no_dr,Germany,1,2025-07-14,d14_hist_d14_1,hist_d14_1,14,/home/hku_user3/EnergyBridge_rl_dr_memory_202607/experiments/real_data/germany_2025_price.csv,16.0,1.0,/home/hku_user3/EnergyBridge_rl_dr_memory_202607/benchmark_results/2026-07-22_rule_milp_dr_memory_daily_july/_batch_logs/daily_event_configs/d14_hist_d14_1.json,skipped_done,0,0.0,/home/hku_user3/EnergyBridge_rl_dr_memory_202607/benchmark_results/2026-07-22_rule_milp_dr_memory_daily_july/household_s4_ev_commuter_flexible_no_dr_germany_d14_hist_d14_1_2025-07-14_1day,/home/hku_user3/EnergyBridge_rl_dr_memory_202607/benchmark_results/2026-07-22_rule_milp_dr_memory_daily_july/_batch_logs/daily_dr_memory_germany_1day/household_s4_ev_commuter_flexible_no_dr_germany_d14_hist_d14_1_2025-07-14_1day.log,/home/hku_user3/EnergyBridge_rl_dr_memory_202607/benchmark_results/2026-07-22_rule_milp_dr_memory_daily_july/household_s4_ev_commuter_flexible_no_dr_germany_d14_hist_d14_1_2025-07-14_1day/run_summary.txt,0,67.763352,67.763352,21.109377,0.106551,EUR/kWh,/home/hku_user3/EnergyBridge_rl_dr_memory_202607/experiments/real_data/germany_2025_price.csv,6.2088,6.2088,1.0,1.0,,0.0,1.0,[],"['dishwasher', 'dryer', 'ev', 'washer', 'water_heater']",[]
household_s3_hybrid_work_from_home,household_s3_hybrid_work_from_home,rule_milp,Germany,1,2025-07-12,d12_hist_d12_1,hist_d12_1,12,/home/hku_user3/EnergyBridge_rl_dr_memory_202607/experiments/real_data/germany_2025_price.csv,20.0,1.0,/home/hku_user3/EnergyBridge_rl_dr_memory_202607/benchmark_results/2026-07-22_rule_milp_dr_memory_daily_july/_batch_logs/daily_event_configs/d12_hist_d12_1.json,skipped_done,0,0.0,/home/hku_user3/EnergyBridge_rl_dr_memory_202607/benchmark_results/2026-07-22_rule_milp_dr_memory_daily_july/household_s3_hybrid_work_from_home_rule_milp_germany_d12_hist_d12_1_2025-07-12_1day,/home/hku_user3/EnergyBridge_rl_dr_memory_202607/benchmark_results/2026-07-22_rule_milp_dr_memory_daily_july/_batch_logs/daily_dr_memory_germany_1day/household_s3_hybrid_work_from_home_rule_milp_germany_d12_hist_d12_1_2025-07-12_1day.log,/home/hku_user3/EnergyBridge_rl_dr_memory_202607/benchmark_results/2026-07-22_rule_milp_dr_memory_daily_july/household_s3_hybrid_work_from_home_rule_milp_germany_d12_hist_d12_1_2025-07-12_1day/run_summary.txt,0,66.182014,66.182014,13.485213,0.073992,EUR/kWh,/home/hku_user3/EnergyBridge_rl_dr_memory_202607/experiments/real_data/germany_2025_price.csv,8.1733,8.1733,0.0,0.0,1.983,1.0,1.0,"['dishwasher', 'dryer', 'ev', 'washer', 'water_heater']",[],[]
household_s4_ev_commuter_flexible,household_s4_ev_commuter_flexible,rule_milp,Germany,1,2025-07-14,d14_hist_d14_1,hist_d14_1,14,/home/hku_user3/EnergyBridge_rl_dr_memory_202607/experiments/real_data/germany_2025_price.csv,16.0,1.0,/home/hku_user3/EnergyBridge_rl_dr_memory_202607/benchmark_results/2026-07-22_rule_milp_dr_memory_daily_july/_batch_logs/daily_event_configs/d14_hist_d14_1.json,skipped_done,0,0.0,/home/hku_user3/EnergyBridge_rl_dr_memory_202607/benchmark_results/2026-07-22_rule_milp_dr_memory_daily_july/household_s4_ev_commuter_flexible_rule_milp_germany_d14_hist_d14_1_2025-07-14_1day,/home/hku_user3/EnergyBridge_rl_dr_memory_202607/benchmark_results/2026-07-22_rule_milp_dr_memory_daily_july/_batch_logs/daily_dr_memory_germany_1day/household_s4_ev_commuter_flexible_rule_milp_germany_d14_hist_d14_1_2025-07-14_1day.log,/home/hku_user3/EnergyBridge_rl_dr_memory_202607/benchmark_results/2026-07-22_rule_milp_dr_memory_daily_july/household_s4_ev_commuter_flexible_rule_milp_germany_d14_hist_d14_1_2025-07-14_1day/run_summary.txt,0,69.289697,69.289697,20.630497,0.105684,EUR/kWh,/home/hku_user3/EnergyBridge_rl_dr_memory_202607/experiments/real_data/germany_2025_price.csv,5.6772,5.6772,0.0,0.0,2.0,1.0,1.0,"['dishwasher', 'dryer', 'ev', 'washer', 'water_heater']",[],[]
household_s1_dual_commuter_standard,household_s1_dual_commuter_standard,rule_milp,Germany,1,2025-07-14,d14_hist_d14_1,hist_d14_1,14,/home/hku_user3/EnergyBridge_rl_dr_memory_202607/experiments/real_data/germany_2025_price.csv,16.0,1.0,/home/hku_user3/EnergyBridge_rl_dr_memory_202607/benchmark_results/2026-07-22_rule_milp_dr_memory_daily_july/_batch_logs/daily_event_configs/d14_hist_d14_1.json,skipped_done,0,0.0,/home/hku_user3/EnergyBridge_rl_dr_memory_202607/benchmark_results/2026-07-22_rule_milp_dr_memory_daily_july/household_s1_dual_commuter_standard_rule_milp_germany_d14_hist_d14_1_2025-07-14_1day,/home/hku_user3/EnergyBridge_rl_dr_memory_202607/benchmark_results/2026-07-22_rule_milp_dr_memory_daily_july/_batch_logs/daily_dr_memory_germany_1day/household_s1_dual_commuter_standard_rule_milp_germany_d14_hist_d14_1_2025-07-14_1day.log,/home/hku_user3/EnergyBridge_rl_dr_memory_202607/benchmark_results/2026-07-22_rule_milp_dr_memory_daily_july/household_s1_dual_commuter_standard_rule_milp_germany_d14_hist_d14_1_2025-07-14_1day/run_summary.txt,0,67.728453,67.728453,20.186502,0.105679,EUR/kWh,/home/hku_user3/EnergyBridge_rl_dr_memory_202607/experiments/real_data/germany_2025_price.csv,5.6772,5.6772,0.0,0.0,1.962,1.0,1.0,"['dishwasher', 'dryer', 'ev', 'washer', 'water_heater']",[],[]
household_s4_ev_commuter_flexible,household_s4_ev_commuter_flexible,rule_milp,Germany,1,2025-07-12,d12_hist_d12_1,hist_d12_1,12,/home/hku_user3/EnergyBridge_rl_dr_memory_202607/experiments/real_data/germany_2025_price.csv,20.0,1.0,/home/hku_user3/EnergyBridge_rl_dr_memory_202607/benchmark_results/2026-07-22_rule_milp_dr_memory_daily_july/_batch_logs/daily_event_configs/d12_hist_d12_1.json,skipped_done,0,0.0,/home/hku_user3/EnergyBridge_rl_dr_memory_202607/benchmark_results/2026-07-22_rule_milp_dr_memory_daily_july/household_s4_ev_commuter_flexible_rule_milp_germany_d12_hist_d12_1_2025-07-12_1day,/home/hku_user3/EnergyBridge_rl_dr_memory_202607/benchmark_results/2026-07-22_rule_milp_dr_memory_daily_july/_batch_logs/daily_dr_memory_germany_1day/household_s4_ev_commuter_flexible_rule_milp_germany_d12_hist_d12_1_2025-07-12_1day.log,/home/hku_user3/EnergyBridge_rl_dr_memory_202607/benchmark_results/2026-07-22_rule_milp_dr_memory_daily_july/household_s4_ev_commuter_flexible_rule_milp_germany_d12_hist_d12_1_2025-07-12_1day/run_summary.txt,0,74.231757,74.231757,14.423953,0.075674,EUR/kWh,/home/hku_user3/EnergyBridge_rl_dr_memory_202607/experiments/real_data/germany_2025_price.csv,8.2174,8.2174,0.0,0.0,2.0,1.0,1.0,"['dishwasher', 'dryer', 'ev', 'washer', 'water_heater']",[],[]
household_s2_multigeneration_caregiver,household_s2_multigeneration_caregiver,no_dr,Germany,1,2025-07-14,d14_hist_d14_1,hist_d14_1,14,/home/hku_user3/EnergyBridge_rl_dr_memory_202607/experiments/real_data/germany_2025_price.csv,16.0,1.0,/home/hku_user3/EnergyBridge_rl_dr_memory_202607/benchmark_results/2026-07-22_rule_milp_dr_memory_daily_july/_batch_logs/daily_event_configs/d14_hist_d14_1.json,skipped_done,0,0.0,/home/hku_user3/EnergyBridge_rl_dr_memory_202607/benchmark_results/2026-07-22_rule_milp_dr_memory_daily_july/household_s2_multigeneration_caregiver_no_dr_germany_d14_hist_d14_1_2025-07-14_1day,/home/hku_user3/EnergyBridge_rl_dr_memory_202607/benchmark_results/2026-07-22_rule_milp_dr_memory_daily_july/_batch_logs/daily_dr_memory_germany_1day/household_s2_multigeneration_caregiver_no_dr_germany_d14_hist_d14_1_2025-07-14_1day.log,/home/hku_user3/EnergyBridge_rl_dr_memory_202607/benchmark_results/2026-07-22_rule_milp_dr_memory_daily_july/household_s2_multigeneration_caregiver_no_dr_germany_d14_hist_d14_1_2025-07-14_1day/run_summary.txt,0,56.090126,56.090126,19.757544,0.106467,EUR/kWh,/home/hku_user3/EnergyBridge_rl_dr_memory_202607/experiments/real_data/germany_2025_price.csv,6.1804,6.1804,1.0,1.0,,0.0,0.8,[],"['dishwasher', 'dryer', 'ev', 'washer', 'water_heater']",[]
household_s3_hybrid_work_from_home,household_s3_hybrid_work_from_home,no_dr,Tianjin,1,2025-07-13,d13_hist_d13_1,hist_d13_1,13,/home/hku_user3/EnergyBridge_rl_dr_memory_202607/experiments/real_data/tianjin_tou_price_normalized.csv,17.0,1.0,/home/hku_user3/EnergyBridge_rl_dr_memory_202607/benchmark_results/2026-07-22_rule_milp_dr_memory_daily_july/_batch_logs/daily_event_configs/d13_hist_d13_1.json,skipped_done,0,0.0,/home/hku_user3/EnergyBridge_rl_dr_memory_202607/benchmark_results/2026-07-22_rule_milp_dr_memory_daily_july/household_s3_hybrid_work_from_home_no_dr_tianjin_d13_hist_d13_1_2025-07-13_1day,/home/hku_user3/EnergyBridge_rl_dr_memory_202607/benchmark_results/2026-07-22_rule_milp_dr_memory_daily_july/_batch_logs/daily_dr_memory_tianjin_1day/household_s3_hybrid_work_from_home_no_dr_tianjin_d13_hist_d13_1_2025-07-13_1day.log,/home/hku_user3/EnergyBridge_rl_dr_memory_202607/benchmark_results/2026-07-22_rule_milp_dr_memory_daily_july/household_s3_hybrid_work_from_home_no_dr_tianjin_d13_hist_d13_1_2025-07-13_1day/run_summary.txt,0,65.023915,65.023915,61.825997,1.165528,normalized TOU cost/kWh,/home/hku_user3/EnergyBridge_rl_dr_memory_202607/experiments/real_data/tianjin_tou_price_normalized.csv,3.9868,3.9868,1.0,1.0,,0.0,0.8,[],"['dishwasher', 'dryer', 'ev', 'washer', 'water_heater']",[]
household_s2_multigeneration_caregiver,household_s2_multigeneration_caregiver,rule_milp,Germany,1,2025-07-14,d14_hist_d14_1,hist_d14_1,14,/home/hku_user3/EnergyBridge_rl_dr_memory_202607/experiments/real_data/germany_2025_price.csv,16.0,1.0,/home/hku_user3/EnergyBridge_rl_dr_memory_202607/benchmark_results/2026-07-22_rule_milp_dr_memory_daily_july/_batch_logs/daily_event_configs/d14_hist_d14_1.json,skipped_done,0,0.0,/home/hku_user3/EnergyBridge_rl_dr_memory_202607/benchmark_results/2026-07-22_rule_milp_dr_memory_daily_july/household_s2_multigeneration_caregiver_rule_milp_germany_d14_hist_d14_1_2025-07-14_1day,/home/hku_user3/EnergyBridge_rl_dr_memory_202607/benchmark_results/2026-07-22_rule_milp_dr_memory_daily_july/_batch_logs/daily_dr_memory_germany_1day/household_s2_multigeneration_caregiver_rule_milp_germany_d14_hist_d14_1_2025-07-14_1day.log,/home/hku_user3/EnergyBridge_rl_dr_memory_202607/benchmark_results/2026-07-22_rule_milp_dr_memory_daily_july/household_s2_multigeneration_caregiver_rule_milp_germany_d14_hist_d14_1_2025-07-14_1day/run_summary.txt,0,64.088164,64.088164,19.341272,0.105228,EUR/kWh,/home/hku_user3/EnergyBridge_rl_dr_memory_202607/experiments/real_data/germany_2025_price.csv,6.4584,6.4584,0.0,0.0,1.988,1.0,1.0,"['dishwasher', 'dryer', 'ev', 'washer', 'water_heater']",[],[]
household_s5_shared_roommates_irregular,household_s5_shared_roommates_irregular,no_dr,Germany,1,2025-07-14,d14_hist_d14_1,hist_d14_1,14,/home/hku_user3/EnergyBridge_rl_dr_memory_202607/experiments/real_data/germany_2025_price.csv,16.0,1.0,/home/hku_user3/EnergyBridge_rl_dr_memory_202607/benchmark_results/2026-07-22_rule_milp_dr_memory_daily_july/_batch_logs/daily_event_configs/d14_hist_d14_1.json,skipped_done,0,0.0,/home/hku_user3/EnergyBridge_rl_dr_memory_202607/benchmark_results/2026-07-22_rule_milp_dr_memory_daily_july/household_s5_shared_roommates_irregular_no_dr_germany_d14_hist_d14_1_2025-07-14_1day,/home/hku_user3/EnergyBridge_rl_dr_memory_202607/benchmark_results/2026-07-22_rule_milp_dr_memory_daily_july/_batch_logs/daily_dr_memory_germany_1day/household_s5_shared_roommates_irregular_no_dr_germany_d14_hist_d14_1_2025-07-14_1day.log,/home/hku_user3/EnergyBridge_rl_dr_memory_202607/benchmark_results/2026-07-22_rule_milp_dr_memory_daily_july/household_s5_shared_roommates_irregular_no_dr_germany_d14_hist_d14_1_2025-07-14_1day/run_summary.txt,0,58.914076,58.914076,20.285719,0.106524,EUR/kWh,/home/hku_user3/EnergyBridge_rl_dr_memory_202607/experiments/real_data/germany_2025_price.csv,6.2088,6.2088,1.0,1.0,,0.0,0.8,[],"['dishwasher', 'dryer', 'ev', 'washer', 'water_heater']",[]
household_s1_dual_commuter_standard,household_s1_dual_commuter_standard,no_dr,Germany,1,2025-07-13,d13_hist_d13_1,hist_d13_1,13,/home/hku_user3/EnergyBridge_rl_dr_memory_202607/experiments/real_data/germany_2025_price.csv,17.0,1.0,/home/hku_user3/EnergyBridge_rl_dr_memory_202607/benchmark_results/2026-07-22_rule_milp_dr_memory_daily_july/_batch_logs/daily_event_configs/d13_hist_d13_1.json,skipped_done,0,0.0,/home/hku_user3/EnergyBridge_rl_dr_memory_202607/benchmark_results/2026-07-22_rule_milp_dr_memory_daily_july/household_s1_dual_commuter_standard_no_dr_germany_d13_hist_d13_1_2025-07-13_1day,/home/hku_user3/EnergyBridge_rl_dr_memory_202607/benchmark_results/2026-07-22_rule_milp_dr_memory_daily_july/_batch_logs/daily_dr_memory_germany_1day/household_s1_dual_commuter_standard_no_dr_germany_d13_hist_d13_1_2025-07-13_1day.log,/home/hku_user3/EnergyBridge_rl_dr_memory_202607/benchmark_results/2026-07-22_rule_milp_dr_memory_daily_july/household_s1_dual_commuter_standard_no_dr_germany_d13_hist_d13_1_2025-07-13_1day/run_summary.txt,0,62.868233,62.868233,15.852123,0.080748,EUR/kWh,/home/hku_user3/EnergyBridge_rl_dr_memory_202607/experiments/real_data/germany_2025_price.csv,10.8772,10.8772,1.0,1.0,,0.0,0.8,[],"['dishwasher', 'dryer', 'ev', 'washer', 'water_heater']",[]
household_s5_shared_roommates_irregular,household_s5_shared_roommates_irregular,rule_milp,Germany,1,2025-07-15,d15_hist_d15_1,hist_d15_1,15,/home/hku_user3/EnergyBridge_rl_dr_memory_202607/experiments/real_data/germany_2025_price.csv,20.0,1.0,/home/hku_user3/EnergyBridge_rl_dr_memory_202607/benchmark_results/2026-07-22_rule_milp_dr_memory_daily_july/_batch_logs/daily_event_configs/d15_hist_d15_1.json,skipped_done,0,0.0,/home/hku_user3/EnergyBridge_rl_dr_memory_202607/benchmark_results/2026-07-22_rule_milp_dr_memory_daily_july/household_s5_shared_roommates_irregular_rule_milp_germany_d15_hist_d15_1_2025-07-15_1day,/home/hku_user3/EnergyBridge_rl_dr_memory_202607/benchmark_results/2026-07-22_rule_milp_dr_memory_daily_july/_batch_logs/daily_dr_memory_germany_1day/household_s5_shared_roommates_irregular_rule_milp_germany_d15_hist_d15_1_2025-07-15_1day.log,/home/hku_user3/EnergyBridge_rl_dr_memory_202607/benchmark_results/2026-07-22_rule_milp_dr_memory_daily_july/household_s5_shared_roommates_irregular_rule_milp_germany_d15_hist_d15_1_2025-07-15_1day/run_summary.txt,0,63.570834,63.570834,17.336106,0.094015,EUR/kWh,/home/hku_user3/EnergyBridge_rl_dr_memory_202607/experiments/real_data/germany_2025_price.csv,8.2324,8.2324,0.0,0.0,1.863,1.0,1.0,"['dishwasher', 'dryer', 'ev', 'washer', 'water_heater']",[],[]
household_s1_dual_commuter_standard,household_s1_dual_commuter_standard,no_dr,Tianjin,1,2025-07-15,d15_hist_d15_1,hist_d15_1,15,/home/hku_user3/EnergyBridge_rl_dr_memory_202607/experiments/real_data/tianjin_tou_price_normalized.csv,20.0,1.0,/home/hku_user3/EnergyBridge_rl_dr_memory_202607/benchmark_results/2026-07-22_rule_milp_dr_memory_daily_july/_batch_logs/daily_event_configs/d15_hist_d15_1.json,skipped_done,0,0.0,/home/hku_user3/EnergyBridge_rl_dr_memory_202607/benchmark_results/2026-07-22_rule_milp_dr_memory_daily_july/household_s1_dual_commuter_standard_no_dr_tianjin_d15_hist_d15_1_2025-07-15_1day,/home/hku_user3/EnergyBridge_rl_dr_memory_202607/benchmark_results/2026-07-22_rule_milp_dr_memory_daily_july/_batch_logs/daily_dr_memory_tianjin_1day/household_s1_dual_commuter_standard_no_dr_tianjin_d15_hist_d15_1_2025-07-15_1day.log,/home/hku_user3/EnergyBridge_rl_dr_memory_202607/benchmark_results/2026-07-22_rule_milp_dr_memory_daily_july/household_s1_dual_commuter_standard_no_dr_tianjin_d15_hist_d15_1_2025-07-15_1day/run_summary.txt,0,94.093999,94.093999,69.791827,1.095344,normalized TOU cost/kWh,/home/hku_user3/EnergyBridge_rl_dr_memory_202607/experiments/real_data/tianjin_tou_price_normalized.csv,2.3879,2.3879,1.0,1.0,,0.0,1.0,[],"['dishwasher', 'dryer', 'ev', 'washer', 'water_heater']",[]
household_s3_hybrid_work_from_home,household_s3_hybrid_work_from_home,rule_milp,Germany,1,2025-07-14,d14_hist_d14_1,hist_d14_1,14,/home/hku_user3/EnergyBridge_rl_dr_memory_202607/experiments/real_data/germany_2025_price.csv,16.0,1.0,/home/hku_user3/EnergyBridge_rl_dr_memory_202607/benchmark_results/2026-07-22_rule_milp_dr_memory_daily_july/_batch_logs/daily_event_configs/d14_hist_d14_1.json,skipped_done,0,0.0,/home/hku_user3/EnergyBridge_rl_dr_memory_202607/benchmark_results/2026-07-22_rule_milp_dr_memory_daily_july/household_s3_hybrid_work_from_home_rule_milp_germany_d14_hist_d14_1_2025-07-14_1day,/home/hku_user3/EnergyBridge_rl_dr_memory_202607/benchmark_results/2026-07-22_rule_milp_dr_memory_daily_july/_batch_logs/daily_dr_memory_germany_1day/household_s3_hybrid_work_from_home_rule_milp_germany_d14_hist_d14_1_2025-07-14_1day.log,/home/hku_user3/EnergyBridge_rl_dr_memory_202607/benchmark_results/2026-07-22_rule_milp_dr_memory_daily_july/household_s3_hybrid_work_from_home_rule_milp_germany_d14_hist_d14_1_2025-07-14_1day/run_summary.txt,0,62.643689,62.643689,19.763704,0.10534,EUR/kWh,/home/hku_user3/EnergyBridge_rl_dr_memory_202607/experiments/real_data/germany_2025_price.csv,6.2193,6.2193,0.0,0.0,1.983,1.0,1.0,"['dishwasher', 'dryer', 'ev', 'washer', 'water_heater']",[],[]
household_s1_dual_commuter_standard,household_s1_dual_commuter_standard,no_dr,Tianjin,1,2025-07-14,d14_hist_d14_1,hist_d14_1,14,/home/hku_user3/EnergyBridge_rl_dr_memory_202607/experiments/real_data/tianjin_tou_price_normalized.csv,16.0,1.0,/home/hku_user3/EnergyBridge_rl_dr_memory_202607/benchmark_results/2026-07-22_rule_milp_dr_memory_daily_july/_batch_logs/daily_event_configs/d14_hist_d14_1.json,skipped_done,0,0.0,/home/hku_user3/EnergyBridge_rl_dr_memory_202607/benchmark_results/2026-07-22_rule_milp_dr_memory_daily_july/household_s1_dual_commuter_standard_no_dr_tianjin_d14_hist_d14_1_2025-07-14_1day,/home/hku_user3/EnergyBridge_rl_dr_memory_202607/benchmark_results/2026-07-22_rule_milp_dr_memory_daily_july/_batch_logs/daily_dr_memory_tianjin_1day/household_s1_dual_commuter_standard_no_dr_tianjin_d14_hist_d14_1_2025-07-14_1day.log,/home/hku_user3/EnergyBridge_rl_dr_memory_202607/benchmark_results/2026-07-22_rule_milp_dr_memory_daily_july/household_s1_dual_commuter_standard_no_dr_tianjin_d14_hist_d14_1_2025-07-14_1day/run_summary.txt,0,65.270717,65.270717,71.158424,1.157486,normalized TOU cost/kWh,/home/hku_user3/EnergyBridge_rl_dr_memory_202607/experiments/real_data/tianjin_tou_price_normalized.csv,1.3599,1.3599,1.0,1.0,,0.0,1.0,[],"['dishwasher', 'dryer', 'ev', 'washer', 'water_heater']",[]
household_s4_ev_commuter_flexible,household_s4_ev_commuter_flexible,rule_milp,Germany,1,2025-07-15,d15_hist_d15_1,hist_d15_1,15,/home/hku_user3/EnergyBridge_rl_dr_memory_202607/experiments/real_data/germany_2025_price.csv,20.0,1.0,/home/hku_user3/EnergyBridge_rl_dr_memory_202607/benchmark_results/2026-07-22_rule_milp_dr_memory_daily_july/_batch_logs/daily_event_configs/d15_hist_d15_1.json,skipped_done,0,0.0,/home/hku_user3/EnergyBridge_rl_dr_memory_202607/benchmark_results/2026-07-22_rule_milp_dr_memory_daily_july/household_s4_ev_commuter_flexible_rule_milp_germany_d15_hist_d15_1_2025-07-15_1day,/home/hku_user3/EnergyBridge_rl_dr_memory_202607/benchmark_results/2026-07-22_rule_milp_dr_memory_daily_july/_batch_logs/daily_dr_memory_germany_1day/household_s4_ev_commuter_flexible_rule_milp_germany_d15_hist_d15_1_2025-07-15_1day.log,/home/hku_user3/EnergyBridge_rl_dr_memory_202607/benchmark_results/2026-07-22_rule_milp_dr_memory_daily_july/household_s4_ev_commuter_flexible_rule_milp_germany_d15_hist_d15_1_2025-07-15_1day/run_summary.txt,0,66.077365,66.077365,17.375356,0.093515,EUR/kWh,/home/hku_user3/EnergyBridge_rl_dr_memory_202607/experiments/real_data/germany_2025_price.csv,6.0114,6.0114,1.0,1.0,2.61,1.0,1.0,"['dishwasher', 'dryer', 'ev', 'washer', 'water_heater']",[],[]
household_s2_multigeneration_caregiver,household_s2_multigeneration_caregiver,no_dr,Tianjin,1,2025-07-14,d14_hist_d14_1,hist_d14_1,14,/home/hku_user3/EnergyBridge_rl_dr_memory_202607/experiments/real_data/tianjin_tou_price_normalized.csv,16.0,1.0,/home/hku_user3/EnergyBridge_rl_dr_memory_202607/benchmark_results/2026-07-22_rule_milp_dr_memory_daily_july/_batch_logs/daily_event_configs/d14_hist_d14_1.json,skipped_done,0,0.0,/home/hku_user3/EnergyBridge_rl_dr_memory_202607/benchmark_results/2026-07-22_rule_milp_dr_memory_daily_july/household_s2_multigeneration_caregiver_no_dr_tianjin_d14_hist_d14_1_2025-07-14_1day,/home/hku_user3/EnergyBridge_rl_dr_memory_202607/benchmark_results/2026-07-22_rule_milp_dr_memory_daily_july/_batch_logs/daily_dr_memory_tianjin_1day/household_s2_multigeneration_caregiver_no_dr_tianjin_d14_hist_d14_1_2025-07-14_1day.log,/home/hku_user3/EnergyBridge_rl_dr_memory_202607/benchmark_results/2026-07-22_rule_milp_dr_memory_daily_july/household_s2_multigeneration_caregiver_no_dr_tianjin_d14_hist_d14_1_2025-07-14_1day/run_summary.txt,0,58.506842,58.506842,63.894462,1.196024,normalized TOU cost/kWh,/home/hku_user3/EnergyBridge_rl_dr_memory_202607/experiments/real_data/tianjin_tou_price_normalized.csv,1.4019,1.4019,1.0,1.0,,0.0,0.8,[],"['dishwasher', 'dryer', 'ev', 'washer', 'water_heater']",[]
household_s3_hybrid_work_from_home,household_s3_hybrid_work_from_home,no_dr,Germany,1,2025-07-14,d14_hist_d14_1,hist_d14_1,14,/home/hku_user3/EnergyBridge_rl_dr_memory_202607/experiments/real_data/germany_2025_price.csv,16.0,1.0,/home/hku_user3/EnergyBridge_rl_dr_memory_202607/benchmark_results/2026-07-22_rule_milp_dr_memory_daily_july/_batch_logs/daily_event_configs/d14_hist_d14_1.json,skipped_done,0,0.0,/home/hku_user3/EnergyBridge_rl_dr_memory_202607/benchmark_results/2026-07-22_rule_milp_dr_memory_daily_july/household_s3_hybrid_work_from_home_no_dr_germany_d14_hist_d14_1_2025-07-14_1day,/home/hku_user3/EnergyBridge_rl_dr_memory_202607/benchmark_results/2026-07-22_rule_milp_dr_memory_daily_july/_batch_logs/daily_dr_memory_germany_1day/household_s3_hybrid_work_from_home_no_dr_germany_d14_hist_d14_1_2025-07-14_1day.log,/home/hku_user3/EnergyBridge_rl_dr_memory_202607/benchmark_results/2026-07-22_rule_milp_dr_memory_daily_july/household_s3_hybrid_work_from_home_no_dr_germany_d14_hist_d14_1_2025-07-14_1day/run_summary.txt,0,59.324706,59.324706,20.272302,0.106549,EUR/kWh,/home/hku_user3/EnergyBridge_rl_dr_memory_202607/experiments/real_data/germany_2025_price.csv,6.1511,6.1511,1.0,1.0,,0.0,0.8,[],"['dishwasher', 'dryer', 'ev', 'washer', 'water_heater']",[]
household_s4_ev_commuter_flexible,household_s4_ev_commuter_flexible,no_dr,Tianjin,1,2025-07-14,d14_hist_d14_1,hist_d14_1,14,/home/hku_user3/EnergyBridge_rl_dr_memory_202607/experiments/real_data/tianjin_tou_price_normalized.csv,16.0,1.0,/home/hku_user3/EnergyBridge_rl_dr_memory_202607/benchmark_results/2026-07-22_rule_milp_dr_memory_daily_july/_batch_logs/daily_event_configs/d14_hist_d14_1.json,skipped_done,0,0.0,/home/hku_user3/EnergyBridge_rl_dr_memory_202607/benchmark_results/2026-07-22_rule_milp_dr_memory_daily_july/household_s4_ev_commuter_flexible_no_dr_tianjin_d14_hist_d14_1_2025-07-14_1day,/home/hku_user3/EnergyBridge_rl_dr_memory_202607/benchmark_results/2026-07-22_rule_milp_dr_memory_daily_july/_batch_logs/daily_dr_memory_tianjin_1day/household_s4_ev_commuter_flexible_no_dr_tianjin_d14_hist_d14_1_2025-07-14_1day.log,/home/hku_user3/EnergyBridge_rl_dr_memory_202607/benchmark_results/2026-07-22_rule_milp_dr_memory_daily_july/household_s4_ev_commuter_flexible_no_dr_tianjin_d14_hist_d14_1_2025-07-14_1day/run_summary.txt,0,69.351876,69.351876,75.239583,1.147682,normalized TOU cost/kWh,/home/hku_user3/EnergyBridge_rl_dr_memory_202607/experiments/real_data/tianjin_tou_price_normalized.csv,1.3599,1.3599,1.0,1.0,,0.0,1.0,[],"['dishwasher', 'dryer', 'ev', 'washer', 'water_heater']",[]
household_s3_hybrid_work_from_home,household_s3_hybrid_work_from_home,rule_milp,Tianjin,1,2025-07-14,d14_hist_d14_1,hist_d14_1,14,/home/hku_user3/EnergyBridge_rl_dr_memory_202607/experiments/real_data/tianjin_tou_price_normalized.csv,16.0,1.0,/home/hku_user3/EnergyBridge_rl_dr_memory_202607/benchmark_results/2026-07-22_rule_milp_dr_memory_daily_july/_batch_logs/daily_event_configs/d14_hist_d14_1.json,skipped_done,0,0.0,/home/hku_user3/EnergyBridge_rl_dr_memory_202607/benchmark_results/2026-07-22_rule_milp_dr_memory_daily_july/household_s3_hybrid_work_from_home_rule_milp_tianjin_d14_hist_d14_1_2025-07-14_1day,/home/hku_user3/EnergyBridge_rl_dr_memory_202607/benchmark_results/2026-07-22_rule_milp_dr_memory_daily_july/_batch_logs/daily_dr_memory_tianjin_1day/household_s3_hybrid_work_from_home_rule_milp_tianjin_d14_hist_d14_1_2025-07-14_1day.log,/home/hku_user3/EnergyBridge_rl_dr_memory_202607/benchmark_results/2026-07-22_rule_milp_dr_memory_daily_july/household_s3_hybrid_work_from_home_rule_milp_tianjin_d14_hist_d14_1_2025-07-14_1day/run_summary.txt,0,63.075285,63.075285,61.271762,1.143002,normalized TOU cost/kWh,/home/hku_user3/EnergyBridge_rl_dr_memory_202607/experiments/real_data/tianjin_tou_price_normalized.csv,1.5232,1.5232,0.0,0.0,1.983,1.0,1.0,"['dishwasher', 'dryer', 'ev', 'washer', 'water_heater']",[],[]
household_s5_shared_roommates_irregular,household_s5_shared_roommates_irregular,rule_milp,Germany,1,2025-07-14,d14_hist_d14_1,hist_d14_1,14,/home/hku_user3/EnergyBridge_rl_dr_memory_202607/experiments/real_data/germany_2025_price.csv,16.0,1.0,/home/hku_user3/EnergyBridge_rl_dr_memory_202607/benchmark_results/2026-07-22_rule_milp_dr_memory_daily_july/_batch_logs/daily_event_configs/d14_hist_d14_1.json,skipped_done,0,0.0,/home/hku_user3/EnergyBridge_rl_dr_memory_202607/benchmark_results/2026-07-22_rule_milp_dr_memory_daily_july/household_s5_shared_roommates_irregular_rule_milp_germany_d14_hist_d14_1_2025-07-14_1day,/home/hku_user3/EnergyBridge_rl_dr_memory_202607/benchmark_results/2026-07-22_rule_milp_dr_memory_daily_july/_batch_logs/daily_dr_memory_germany_1day/household_s5_shared_roommates_irregular_rule_milp_germany_d14_hist_d14_1_2025-07-14_1day.log,/home/hku_user3/EnergyBridge_rl_dr_memory_202607/benchmark_results/2026-07-22_rule_milp_dr_memory_daily_july/household_s5_shared_roommates_irregular_rule_milp_germany_d14_hist_d14_1_2025-07-14_1day/run_summary.txt,0,60.440421,60.440421,19.806838,0.105622,EUR/kWh,/home/hku_user3/EnergyBridge_rl_dr_memory_202607/experiments/real_data/germany_2025_price.csv,5.6772,5.6772,0.0,0.0,1.863,1.0,1.0,"['dishwasher', 'dryer', 'ev', 'washer', 'water_heater']",[],[]
household_s1_dual_commuter_standard,household_s1_dual_commuter_standard,no_dr,Germany,1,2025-07-15,d15_hist_d15_1,hist_d15_1,15,/home/hku_user3/EnergyBridge_rl_dr_memory_202607/experiments/real_data/germany_2025_price.csv,20.0,1.0,/home/hku_user3/EnergyBridge_rl_dr_memory_202607/benchmark_results/2026-07-22_rule_milp_dr_memory_daily_july/_batch_logs/daily_event_configs/d15_hist_d15_1.json,skipped_done,0,0.0,/home/hku_user3/EnergyBridge_rl_dr_memory_202607/benchmark_results/2026-07-22_rule_milp_dr_memory_daily_july/household_s1_dual_commuter_standard_no_dr_germany_d15_hist_d15_1_2025-07-15_1day,/home/hku_user3/EnergyBridge_rl_dr_memory_202607/benchmark_results/2026-07-22_rule_milp_dr_memory_daily_july/_batch_logs/daily_dr_memory_germany_1day/household_s1_dual_commuter_standard_no_dr_germany_d15_hist_d15_1_2025-07-15_1day.log,/home/hku_user3/EnergyBridge_rl_dr_memory_202607/benchmark_results/2026-07-22_rule_milp_dr_memory_daily_july/household_s1_dual_commuter_standard_no_dr_germany_d15_hist_d15_1_2025-07-15_1day/run_summary.txt,0,60.797359,60.797359,18.104716,0.09523,EUR/kWh,/home/hku_user3/EnergyBridge_rl_dr_memory_202607/experiments/real_data/germany_2025_price.csv,13.4297,13.4297,1.0,1.0,,0.0,1.0,[],"['dishwasher', 'dryer', 'ev', 'washer', 'water_heater']",[]
household_s5_shared_roommates_irregular,household_s5_shared_roommates_irregular,no_dr,Tianjin,1,2025-07-14,d14_hist_d14_1,hist_d14_1,14,/home/hku_user3/EnergyBridge_rl_dr_memory_202607/experiments/real_data/tianjin_tou_price_normalized.csv,16.0,1.0,/home/hku_user3/EnergyBridge_rl_dr_memory_202607/benchmark_results/2026-07-22_rule_milp_dr_memory_daily_july/_batch_logs/daily_event_configs/d14_hist_d14_1.json,skipped_done,0,0.0,/home/hku_user3/EnergyBridge_rl_dr_memory_202607/benchmark_results/2026-07-22_rule_milp_dr_memory_daily_july/household_s5_shared_roommates_irregular_no_dr_tianjin_d14_hist_d14_1_2025-07-14_1day,/home/hku_user3/EnergyBridge_rl_dr_memory_202607/benchmark_results/2026-07-22_rule_milp_dr_memory_daily_july/_batch_logs/daily_dr_memory_tianjin_1day/household_s5_shared_roommates_irregular_no_dr_tianjin_d14_hist_d14_1_2025-07-14_1day.log,/home/hku_user3/EnergyBridge_rl_dr_memory_202607/benchmark_results/2026-07-22_rule_milp_dr_memory_daily_july/household_s5_shared_roommates_irregular_no_dr_tianjin_d14_hist_d14_1_2025-07-14_1day/run_summary.txt,0,61.189557,61.189557,67.077264,1.168684,normalized TOU cost/kWh,/home/hku_user3/EnergyBridge_rl_dr_memory_202607/experiments/real_data/tianjin_tou_price_normalized.csv,1.3599,1.3599,1.0,1.0,,0.0,0.8,[],"['dishwasher', 'dryer', 'ev', 'washer', 'water_heater']",[]
household_s2_multigeneration_caregiver,household_s2_multigeneration_caregiver,no_dr,Germany,1,2025-07-15,d15_hist_d15_1,hist_d15_1,15,/home/hku_user3/EnergyBridge_rl_dr_memory_202607/experiments/real_data/germany_2025_price.csv,20.0,1.0,/home/hku_user3/EnergyBridge_rl_dr_memory_202607/benchmark_results/2026-07-22_rule_milp_dr_memory_daily_july/_batch_logs/daily_event_configs/d15_hist_d15_1.json,skipped_done,0,0.0,/home/hku_user3/EnergyBridge_rl_dr_memory_202607/benchmark_results/2026-07-22_rule_milp_dr_memory_daily_july/household_s2_multigeneration_caregiver_no_dr_germany_d15_hist_d15_1_2025-07-15_1day,/home/hku_user3/EnergyBridge_rl_dr_memory_202607/benchmark_results/2026-07-22_rule_milp_dr_memory_daily_july/_batch_logs/daily_dr_memory_germany_1day/household_s2_multigeneration_caregiver_no_dr_germany_d15_hist_d15_1_2025-07-15_1day.log,/home/hku_user3/EnergyBridge_rl_dr_memory_202607/benchmark_results/2026-07-22_rule_milp_dr_memory_daily_july/household_s2_multigeneration_caregiver_no_dr_germany_d15_hist_d15_1_2025-07-15_1day/run_summary.txt,0,53.493571,53.493571,17.276261,0.094767,EUR/kWh,/home/hku_user3/EnergyBridge_rl_dr_memory_202607/experiments/real_data/germany_2025_price.csv,10.0769,10.0769,1.0,1.0,,0.0,0.8,[],"['dishwasher', 'dryer', 'ev', 'washer', 'water_heater']",[]
household_s5_shared_roommates_irregular,household_s5_shared_roommates_irregular,no_dr,Germany,1,2025-07-15,d15_hist_d15_1,hist_d15_1,15,/home/hku_user3/EnergyBridge_rl_dr_memory_202607/experiments/real_data/germany_2025_price.csv,20.0,1.0,/home/hku_user3/EnergyBridge_rl_dr_memory_202607/benchmark_results/2026-07-22_rule_milp_dr_memory_daily_july/_batch_logs/daily_event_configs/d15_hist_d15_1.json,skipped_done,0,0.0,/home/hku_user3/EnergyBridge_rl_dr_memory_202607/benchmark_results/2026-07-22_rule_milp_dr_memory_daily_july/household_s5_shared_roommates_irregular_no_dr_germany_d15_hist_d15_1_2025-07-15_1day,/home/hku_user3/EnergyBridge_rl_dr_memory_202607/benchmark_results/2026-07-22_rule_milp_dr_memory_daily_july/_batch_logs/daily_dr_memory_germany_1day/household_s5_shared_roommates_irregular_no_dr_germany_d15_hist_d15_1_2025-07-15_1day.log,/home/hku_user3/EnergyBridge_rl_dr_memory_202607/benchmark_results/2026-07-22_rule_milp_dr_memory_daily_july/household_s5_shared_roommates_irregular_no_dr_germany_d15_hist_d15_1_2025-07-15_1day/run_summary.txt,0,56.716199,56.716199,17.679923,0.095036,EUR/kWh,/home/hku_user3/EnergyBridge_rl_dr_memory_202607/experiments/real_data/germany_2025_price.csv,12.1616,12.1616,1.0,1.0,,0.0,0.8,[],"['dishwasher', 'dryer', 'ev', 'washer', 'water_heater']",[]
household_s1_dual_commuter_standard,household_s1_dual_commuter_standard,rule_milp,Germany,1,2025-07-15,d15_hist_d15_1,hist_d15_1,15,/home/hku_user3/EnergyBridge_rl_dr_memory_202607/experiments/real_data/germany_2025_price.csv,20.0,1.0,/home/hku_user3/EnergyBridge_rl_dr_memory_202607/benchmark_results/2026-07-22_rule_milp_dr_memory_daily_july/_batch_logs/daily_event_configs/d15_hist_d15_1.json,skipped_done,0,0.0,/home/hku_user3/EnergyBridge_rl_dr_memory_202607/benchmark_results/2026-07-22_rule_milp_dr_memory_daily_july/household_s1_dual_commuter_standard_rule_milp_germany_d15_hist_d15_1_2025-07-15_1day,/home/hku_user3/EnergyBridge_rl_dr_memory_202607/benchmark_results/2026-07-22_rule_milp_dr_memory_daily_july/_batch_logs/daily_dr_memory_germany_1day/household_s1_dual_commuter_standard_rule_milp_germany_d15_hist_d15_1_2025-07-15_1day.log,/home/hku_user3/EnergyBridge_rl_dr_memory_202607/benchmark_results/2026-07-22_rule_milp_dr_memory_daily_july/household_s1_dual_commuter_standard_rule_milp_germany_d15_hist_d15_1_2025-07-15_1day/run_summary.txt,0,69.374324,69.374324,17.681486,0.094143,EUR/kWh,/home/hku_user3/EnergyBridge_rl_dr_memory_202607/experiments/real_data/germany_2025_price.csv,8.3104,8.3104,0.0,0.0,1.962,1.0,1.0,"['dishwasher', 'dryer', 'ev', 'washer', 'water_heater']",[],[]
household_s3_hybrid_work_from_home,household_s3_hybrid_work_from_home,no_dr,Germany,1,2025-07-16,d16_hist_d16_1,hist_d16_1,16,/home/hku_user3/EnergyBridge_rl_dr_memory_202607/experiments/real_data/germany_2025_price.csv,17.0,1.0,/home/hku_user3/EnergyBridge_rl_dr_memory_202607/benchmark_results/2026-07-22_rule_milp_dr_memory_daily_july/_batch_logs/daily_event_configs/d16_hist_d16_1.json,skipped_done,0,0.0,/home/hku_user3/EnergyBridge_rl_dr_memory_202607/benchmark_results/2026-07-22_rule_milp_dr_memory_daily_july/household_s3_hybrid_work_from_home_no_dr_germany_d16_hist_d16_1_2025-07-16_1day,/home/hku_user3/EnergyBridge_rl_dr_memory_202607/benchmark_results/2026-07-22_rule_milp_dr_memory_daily_july/_batch_logs/daily_dr_memory_germany_1day/household_s3_hybrid_work_from_home_no_dr_germany_d16_hist_d16_1_2025-07-16_1day.log,/home/hku_user3/EnergyBridge_rl_dr_memory_202607/benchmark_results/2026-07-22_rule_milp_dr_memory_daily_july/household_s3_hybrid_work_from_home_no_dr_germany_d16_hist_d16_1_2025-07-16_1day/run_summary.txt,0,54.32662,54.32662,17.367643,0.098031,EUR/kWh,/home/hku_user3/EnergyBridge_rl_dr_memory_202607/experiments/real_data/germany_2025_price.csv,10.4725,10.4725,1.0,1.0,,0.0,0.8,[],"['dishwasher', 'dryer', 'ev', 'washer', 'water_heater']",[]
household_s3_hybrid_work_from_home,household_s3_hybrid_work_from_home,rule_milp,Germany,1,2025-07-15,d15_hist_d15_1,hist_d15_1,15,/home/hku_user3/EnergyBridge_rl_dr_memory_202607/experiments/real_data/germany_2025_price.csv,20.0,1.0,/home/hku_user3/EnergyBridge_rl_dr_memory_202607/benchmark_results/2026-07-22_rule_milp_dr_memory_daily_july/_batch_logs/daily_event_configs/d15_hist_d15_1.json,skipped_done,0,0.0,/home/hku_user3/EnergyBridge_rl_dr_memory_202607/benchmark_results/2026-07-22_rule_milp_dr_memory_daily_july/household_s3_hybrid_work_from_home_rule_milp_germany_d15_hist_d15_1_2025-07-15_1day,/home/hku_user3/EnergyBridge_rl_dr_memory_202607/benchmark_results/2026-07-22_rule_milp_dr_memory_daily_july/_batch_logs/daily_dr_memory_germany_1day/household_s3_hybrid_work_from_home_rule_milp_germany_d15_hist_d15_1_2025-07-15_1day.log,/home/hku_user3/EnergyBridge_rl_dr_memory_202607/benchmark_results/2026-07-22_rule_milp_dr_memory_daily_july/household_s3_hybrid_work_from_home_rule_milp_germany_d15_hist_d15_1_2025-07-15_1day/run_summary.txt,0,63.099689,63.099689,17.397206,0.093781,EUR/kWh,/home/hku_user3/EnergyBridge_rl_dr_memory_202607/experiments/real_data/germany_2025_price.csv,8.178,8.178,0.0,0.0,1.983,1.0,1.0,"['dishwasher', 'dryer', 'ev', 'washer', 'water_heater']",[],[]
household_s2_multigeneration_caregiver,household_s2_multigeneration_caregiver,rule_milp,Tianjin,1,2025-07-14,d14_hist_d14_1,hist_d14_1,14,/home/hku_user3/EnergyBridge_rl_dr_memory_202607/experiments/real_data/tianjin_tou_price_normalized.csv,16.0,1.0,/home/hku_user3/EnergyBridge_rl_dr_memory_202607/benchmark_results/2026-07-22_rule_milp_dr_memory_daily_july/_batch_logs/daily_event_configs/d14_hist_d14_1.json,skipped_done,0,0.0,/home/hku_user3/EnergyBridge_rl_dr_memory_202607/benchmark_results/2026-07-22_rule_milp_dr_memory_daily_july/household_s2_multigeneration_caregiver_rule_milp_tianjin_d14_hist_d14_1_2025-07-14_1day,/home/hku_user3/EnergyBridge_rl_dr_memory_202607/benchmark_results/2026-07-22_rule_milp_dr_memory_daily_july/_batch_logs/daily_dr_memory_tianjin_1day/household_s2_multigeneration_caregiver_rule_milp_tianjin_d14_hist_d14_1_2025-07-14_1day.log,/home/hku_user3/EnergyBridge_rl_dr_memory_202607/benchmark_results/2026-07-22_rule_milp_dr_memory_daily_july/household_s2_multigeneration_caregiver_rule_milp_tianjin_d14_hist_d14_1_2025-07-14_1day/run_summary.txt,0,60.114246,60.114246,58.52976,1.175981,normalized TOU cost/kWh,/home/hku_user3/EnergyBridge_rl_dr_memory_202607/experiments/real_data/tianjin_tou_price_normalized.csv,1.1176,1.1176,0.0,0.0,1.988,1.0,1.0,"['dishwasher', 'dryer', 'ev', 'washer', 'water_heater']",[],[]
household_s3_hybrid_work_from_home,household_s3_hybrid_work_from_home,no_dr,Tianjin,1,2025-07-15,d15_hist_d15_1,hist_d15_1,15,/home/hku_user3/EnergyBridge_rl_dr_memory_202607/experiments/real_data/tianjin_tou_price_normalized.csv,20.0,1.0,/home/hku_user3/EnergyBridge_rl_dr_memory_202607/benchmark_results/2026-07-22_rule_milp_dr_memory_daily_july/_batch_logs/daily_event_configs/d15_hist_d15_1.json,skipped_done,0,0.0,/home/hku_user3/EnergyBridge_rl_dr_memory_202607/benchmark_results/2026-07-22_rule_milp_dr_memory_daily_july/household_s3_hybrid_work_from_home_no_dr_tianjin_d15_hist_d15_1_2025-07-15_1day,/home/hku_user3/EnergyBridge_rl_dr_memory_202607/benchmark_results/2026-07-22_rule_milp_dr_memory_daily_july/_batch_logs/daily_dr_memory_tianjin_1day/household_s3_hybrid_work_from_home_no_dr_tianjin_d15_hist_d15_1_2025-07-15_1day.log,/home/hku_user3/EnergyBridge_rl_dr_memory_202607/benchmark_results/2026-07-22_rule_milp_dr_memory_daily_july/household_s3_hybrid_work_from_home_no_dr_tianjin_d15_hist_d15_1_2025-07-15_1day/run_summary.txt,0,88.931862,88.931862,67.551306,1.110639,normalized TOU cost/kWh,/home/hku_user3/EnergyBridge_rl_dr_memory_202607/experiments/real_data/tianjin_tou_price_normalized.csv,2.388,2.388,1.0,1.0,,0.0,1.0,[],"['dishwasher', 'dryer', 'ev', 'washer', 'water_heater']",[]
household_s4_ev_commuter_flexible,household_s4_ev_commuter_flexible,rule_milp,Tianjin,1,2025-07-14,d14_hist_d14_1,hist_d14_1,14,/home/hku_user3/EnergyBridge_rl_dr_memory_202607/experiments/real_data/tianjin_tou_price_normalized.csv,16.0,1.0,/home/hku_user3/EnergyBridge_rl_dr_memory_202607/benchmark_results/2026-07-22_rule_milp_dr_memory_daily_july/_batch_logs/daily_event_configs/d14_hist_d14_1.json,skipped_done,0,0.0,/home/hku_user3/EnergyBridge_rl_dr_memory_202607/benchmark_results/2026-07-22_rule_milp_dr_memory_daily_july/household_s4_ev_commuter_flexible_rule_milp_tianjin_d14_hist_d14_1_2025-07-14_1day,/home/hku_user3/EnergyBridge_rl_dr_memory_202607/benchmark_results/2026-07-22_rule_milp_dr_memory_daily_july/_batch_logs/daily_dr_memory_tianjin_1day/household_s4_ev_commuter_flexible_rule_milp_tianjin_d14_hist_d14_1_2025-07-14_1day.log,/home/hku_user3/EnergyBridge_rl_dr_memory_202607/benchmark_results/2026-07-22_rule_milp_dr_memory_daily_july/household_s4_ev_commuter_flexible_rule_milp_tianjin_d14_hist_d14_1_2025-07-14_1day/run_summary.txt,0,63.75047,63.75047,65.87737,1.111927,normalized TOU cost/kWh,/home/hku_user3/EnergyBridge_rl_dr_memory_202607/experiments/real_data/tianjin_tou_price_normalized.csv,0.865,0.865,0.0,0.0,2.0,1.0,1.0,"['dishwasher', 'dryer', 'ev', 'washer', 'water_heater']",[],[]
household_s2_multigeneration_caregiver,household_s2_multigeneration_caregiver,no_dr,Tianjin,1,2025-07-15,d15_hist_d15_1,hist_d15_1,15,/home/hku_user3/EnergyBridge_rl_dr_memory_202607/experiments/real_data/tianjin_tou_price_normalized.csv,20.0,1.0,/home/hku_user3/EnergyBridge_rl_dr_memory_202607/benchmark_results/2026-07-22_rule_milp_dr_memory_daily_july/_batch_logs/daily_event_configs/d15_hist_d15_1.json,skipped_done,0,0.0,/home/hku_user3/EnergyBridge_rl_dr_memory_202607/benchmark_results/2026-07-22_rule_milp_dr_memory_daily_july/household_s2_multigeneration_caregiver_no_dr_tianjin_d15_hist_d15_1_2025-07-15_1day,/home/hku_user3/EnergyBridge_rl_dr_memory_202607/benchmark_results/2026-07-22_rule_milp_dr_memory_daily_july/_batch_logs/daily_dr_memory_tianjin_1day/household_s2_multigeneration_caregiver_no_dr_tianjin_d15_hist_d15_1_2025-07-15_1day.log,/home/hku_user3/EnergyBridge_rl_dr_memory_202607/benchmark_results/2026-07-22_rule_milp_dr_memory_daily_july/household_s2_multigeneration_caregiver_no_dr_tianjin_d15_hist_d15_1_2025-07-15_1day/run_summary.txt,0,88.783819,88.783819,67.489529,1.148151,normalized TOU cost/kWh,/home/hku_user3/EnergyBridge_rl_dr_memory_202607/experiments/real_data/tianjin_tou_price_normalized.csv,2.4446,2.4446,1.0,1.0,,0.0,0.8,[],"['dishwasher', 'dryer', 'ev', 'washer', 'water_heater']",[]
household_s5_shared_roommates_irregular,household_s5_shared_roommates_irregular,rule_milp,Tianjin,1,2025-07-13,d13_hist_d13_1,hist_d13_1,13,/home/hku_user3/EnergyBridge_rl_dr_memory_202607/experiments/real_data/tianjin_tou_price_normalized.csv,17.0,1.0,/home/hku_user3/EnergyBridge_rl_dr_memory_202607/benchmark_results/2026-07-22_rule_milp_dr_memory_daily_july/_batch_logs/daily_event_configs/d13_hist_d13_1.json,skipped_done,0,0.0,/home/hku_user3/EnergyBridge_rl_dr_memory_202607/benchmark_results/2026-07-22_rule_milp_dr_memory_daily_july/household_s5_shared_roommates_irregular_rule_milp_tianjin_d13_hist_d13_1_2025-07-13_1day,/home/hku_user3/EnergyBridge_rl_dr_memory_202607/benchmark_results/2026-07-22_rule_milp_dr_memory_daily_july/_batch_logs/daily_dr_memory_tianjin_1day/household_s5_shared_roommates_irregular_rule_milp_tianjin_d13_hist_d13_1_2025-07-13_1day.log,/home/hku_user3/EnergyBridge_rl_dr_memory_202607/benchmark_results/2026-07-22_rule_milp_dr_memory_daily_july/household_s5_shared_roommates_irregular_rule_milp_tianjin_d13_hist_d13_1_2025-07-13_1day/run_summary.txt,0,58.755119,58.755119,52.057002,1.120959,normalized TOU cost/kWh,/home/hku_user3/EnergyBridge_rl_dr_memory_202607/experiments/real_data/tianjin_tou_price_normalized.csv,0.9526,0.9526,0.0,0.0,1.473,1.0,1.0,"['dishwasher', 'dryer', 'ev', 'washer', 'water_heater']",[],[]
household_s1_dual_commuter_standard,household_s1_dual_commuter_standard,rule_milp,Tianjin,1,2025-07-14,d14_hist_d14_1,hist_d14_1,14,/home/hku_user3/EnergyBridge_rl_dr_memory_202607/experiments/real_data/tianjin_tou_price_normalized.csv,16.0,1.0,/home/hku_user3/EnergyBridge_rl_dr_memory_202607/benchmark_results/2026-07-22_rule_milp_dr_memory_daily_july/_batch_logs/daily_event_configs/d14_hist_d14_1.json,skipped_done,0,0.0,/home/hku_user3/EnergyBridge_rl_dr_memory_202607/benchmark_results/2026-07-22_rule_milp_dr_memory_daily_july/household_s1_dual_commuter_standard_rule_milp_tianjin_d14_hist_d14_1_2025-07-14_1day,/home/hku_user3/EnergyBridge_rl_dr_memory_202607/benchmark_results/2026-07-22_rule_milp_dr_memory_daily_july/_batch_logs/daily_dr_memory_tianjin_1day/household_s1_dual_commuter_standard_rule_milp_tianjin_d14_hist_d14_1_2025-07-14_1day.log,/home/hku_user3/EnergyBridge_rl_dr_memory_202607/benchmark_results/2026-07-22_rule_milp_dr_memory_daily_july/household_s1_dual_commuter_standard_rule_milp_tianjin_d14_hist_d14_1_2025-07-14_1day/run_summary.txt,0,62.956892,62.956892,63.563615,1.127155,normalized TOU cost/kWh,/home/hku_user3/EnergyBridge_rl_dr_memory_202607/experiments/real_data/tianjin_tou_price_normalized.csv,0.8628,0.8628,0.0,0.0,1.962,1.0,1.0,"['dishwasher', 'dryer', 'ev', 'washer', 'water_heater']",[],[]
household_s4_ev_commuter_flexible,household_s4_ev_commuter_flexible,no_dr,Germany,1,2025-07-15,d15_hist_d15_1,hist_d15_1,15,/home/hku_user3/EnergyBridge_rl_dr_memory_202607/experiments/real_data/germany_2025_price.csv,20.0,1.0,/home/hku_user3/EnergyBridge_rl_dr_memory_202607/benchmark_results/2026-07-22_rule_milp_dr_memory_daily_july/_batch_logs/daily_event_configs/d15_hist_d15_1.json,skipped_done,0,0.0,/home/hku_user3/EnergyBridge_rl_dr_memory_202607/benchmark_results/2026-07-22_rule_milp_dr_memory_daily_july/household_s4_ev_commuter_flexible_no_dr_germany_d15_hist_d15_1_2025-07-15_1day,/home/hku_user3/EnergyBridge_rl_dr_memory_202607/benchmark_results/2026-07-22_rule_milp_dr_memory_daily_july/_batch_logs/daily_dr_memory_germany_1day/household_s4_ev_commuter_flexible_no_dr_germany_d15_hist_d15_1_2025-07-15_1day.log,/home/hku_user3/EnergyBridge_rl_dr_memory_202607/benchmark_results/2026-07-22_rule_milp_dr_memory_daily_july/household_s4_ev_commuter_flexible_no_dr_germany_d15_hist_d15_1_2025-07-15_1day/run_summary.txt,0,64.878518,64.878518,18.516117,0.095347,EUR/kWh,/home/hku_user3/EnergyBridge_rl_dr_memory_202607/experiments/real_data/germany_2025_price.csv,13.4297,13.4297,1.0,1.0,,0.0,0.8,[],"['dishwasher', 'dryer', 'ev', 'washer', 'water_heater']",[]
household_s2_multigeneration_caregiver,household_s2_multigeneration_caregiver,rule_milp,Tianjin,1,2025-07-15,d15_hist_d15_1,hist_d15_1,15,/home/hku_user3/EnergyBridge_rl_dr_memory_202607/experiments/real_data/tianjin_tou_price_normalized.csv,20.0,1.0,/home/hku_user3/EnergyBridge_rl_dr_memory_202607/benchmark_results/2026-07-22_rule_milp_dr_memory_daily_july/_batch_logs/daily_event_configs/d15_hist_d15_1.json,skipped_done,0,0.0,/home/hku_user3/EnergyBridge_rl_dr_memory_202607/benchmark_results/2026-07-22_rule_milp_dr_memory_daily_july/household_s2_multigeneration_caregiver_rule_milp_tianjin_d15_hist_d15_1_2025-07-15_1day,/home/hku_user3/EnergyBridge_rl_dr_memory_202607/benchmark_results/2026-07-22_rule_milp_dr_memory_daily_july/_batch_logs/daily_dr_memory_tianjin_1day/household_s2_multigeneration_caregiver_rule_milp_tianjin_d15_hist_d15_1_2025-07-15_1day.log,/home/hku_user3/EnergyBridge_rl_dr_memory_202607/benchmark_results/2026-07-22_rule_milp_dr_memory_daily_july/household_s2_multigeneration_caregiver_rule_milp_tianjin_d15_hist_d15_1_2025-07-15_1day/run_summary.txt,0,93.584466,93.584466,64.386488,1.204713,normalized TOU cost/kWh,/home/hku_user3/EnergyBridge_rl_dr_memory_202607/experiments/real_data/tianjin_tou_price_normalized.csv,4.0438,4.0438,0.0,0.0,1.9,1.0,1.0,"['dishwasher', 'dryer', 'ev', 'washer', 'water_heater']",[],[]
household_s3_hybrid_work_from_home,household_s3_hybrid_work_from_home,no_dr,Tianjin,1,2025-07-14,d14_hist_d14_1,hist_d14_1,14,/home/hku_user3/EnergyBridge_rl_dr_memory_202607/experiments/real_data/tianjin_tou_price_normalized.csv,16.0,1.0,/home/hku_user3/EnergyBridge_rl_dr_memory_202607/benchmark_results/2026-07-22_rule_milp_dr_memory_daily_july/_batch_logs/daily_event_configs/d14_hist_d14_1.json,skipped_done,0,0.0,/home/hku_user3/EnergyBridge_rl_dr_memory_202607/benchmark_results/2026-07-22_rule_milp_dr_memory_daily_july/household_s3_hybrid_work_from_home_no_dr_tianjin_d14_hist_d14_1_2025-07-14_1day,/home/hku_user3/EnergyBridge_rl_dr_memory_202607/benchmark_results/2026-07-22_rule_milp_dr_memory_daily_july/_batch_logs/daily_dr_memory_tianjin_1day/household_s3_hybrid_work_from_home_no_dr_tianjin_d14_hist_d14_1_2025-07-14_1day.log,/home/hku_user3/EnergyBridge_rl_dr_memory_202607/benchmark_results/2026-07-22_rule_milp_dr_memory_daily_july/household_s3_hybrid_work_from_home_no_dr_tianjin_d14_hist_d14_1_2025-07-14_1day/run_summary.txt,0,61.580511,61.580511,67.4905,1.16992,normalized TOU cost/kWh,/home/hku_user3/EnergyBridge_rl_dr_memory_202607/experiments/real_data/tianjin_tou_price_normalized.csv,1.458,1.458,1.0,1.0,,0.0,0.8,[],"['dishwasher', 'dryer', 'ev', 'washer', 'water_heater']",[]
household_s5_shared_roommates_irregular,household_s5_shared_roommates_irregular,no_dr,Tianjin,1,2025-07-15,d15_hist_d15_1,hist_d15_1,15,/home/hku_user3/EnergyBridge_rl_dr_memory_202607/experiments/real_data/tianjin_tou_price_normalized.csv,20.0,1.0,/home/hku_user3/EnergyBridge_rl_dr_memory_202607/benchmark_results/2026-07-22_rule_milp_dr_memory_daily_july/_batch_logs/daily_event_configs/d15_hist_d15_1.json,skipped_done,0,0.0,/home/hku_user3/EnergyBridge_rl_dr_memory_202607/benchmark_results/2026-07-22_rule_milp_dr_memory_daily_july/household_s5_shared_roommates_irregular_no_dr_tianjin_d15_hist_d15_1_2025-07-15_1day,/home/hku_user3/EnergyBridge_rl_dr_memory_202607/benchmark_results/2026-07-22_rule_milp_dr_memory_daily_july/_batch_logs/daily_dr_memory_tianjin_1day/household_s5_shared_roommates_irregular_no_dr_tianjin_d15_hist_d15_1_2025-07-15_1day.log,/home/hku_user3/EnergyBridge_rl_dr_memory_202607/benchmark_results/2026-07-22_rule_milp_dr_memory_daily_july/household_s5_shared_roommates_irregular_no_dr_tianjin_d15_hist_d15_1_2025-07-15_1day/run_summary.txt,0,88.553419,88.553419,67.108928,1.109063,normalized TOU cost/kWh,/home/hku_user3/EnergyBridge_rl_dr_memory_202607/experiments/real_data/tianjin_tou_price_normalized.csv,2.3879,2.3879,1.0,1.0,,0.0,0.8,[],"['dishwasher', 'dryer', 'ev', 'washer', 'water_heater']",[]
household_s3_hybrid_work_from_home,household_s3_hybrid_work_from_home,no_dr,Germany,1,2025-07-15,d15_hist_d15_1,hist_d15_1,15,/home/hku_user3/EnergyBridge_rl_dr_memory_202607/experiments/real_data/germany_2025_price.csv,20.0,1.0,/home/hku_user3/EnergyBridge_rl_dr_memory_202607/benchmark_results/2026-07-22_rule_milp_dr_memory_daily_july/_batch_logs/daily_event_configs/d15_hist_d15_1.json,skipped_done,0,0.0,/home/hku_user3/EnergyBridge_rl_dr_memory_202607/benchmark_results/2026-07-22_rule_milp_dr_memory_daily_july/household_s3_hybrid_work_from_home_no_dr_germany_d15_hist_d15_1_2025-07-15_1day,/home/hku_user3/EnergyBridge_rl_dr_memory_202607/benchmark_results/2026-07-22_rule_milp_dr_memory_daily_july/_batch_logs/daily_dr_memory_germany_1day/household_s3_hybrid_work_from_home_no_dr_germany_d15_hist_d15_1_2025-07-15_1day.log,/home/hku_user3/EnergyBridge_rl_dr_memory_202607/benchmark_results/2026-07-22_rule_milp_dr_memory_daily_july/household_s3_hybrid_work_from_home_no_dr_germany_d15_hist_d15_1_2025-07-15_1day/run_summary.txt,0,56.959849,56.959849,17.66668,0.095056,EUR/kWh,/home/hku_user3/EnergyBridge_rl_dr_memory_202607/experiments/real_data/germany_2025_price.csv,12.1646,12.1646,1.0,1.0,,0.0,1.0,[],"['dishwasher', 'dryer', 'ev', 'washer', 'water_heater']",[]
household_s1_dual_commuter_standard,household_s1_dual_commuter_standard,no_dr,Germany,1,2025-07-16,d16_hist_d16_1,hist_d16_1,16,/home/hku_user3/EnergyBridge_rl_dr_memory_202607/experiments/real_data/germany_2025_price.csv,17.0,1.0,/home/hku_user3/EnergyBridge_rl_dr_memory_202607/benchmark_results/2026-07-22_rule_milp_dr_memory_daily_july/_batch_logs/daily_event_configs/d16_hist_d16_1.json,skipped_done,0,0.0,/home/hku_user3/EnergyBridge_rl_dr_memory_202607/benchmark_results/2026-07-22_rule_milp_dr_memory_daily_july/household_s1_dual_commuter_standard_no_dr_germany_d16_hist_d16_1_2025-07-16_1day,/home/hku_user3/EnergyBridge_rl_dr_memory_202607/benchmark_results/2026-07-22_rule_milp_dr_memory_daily_july/_batch_logs/daily_dr_memory_germany_1day/household_s1_dual_commuter_standard_no_dr_germany_d16_hist_d16_1_2025-07-16_1day.log,/home/hku_user3/EnergyBridge_rl_dr_memory_202607/benchmark_results/2026-07-22_rule_milp_dr_memory_daily_july/household_s1_dual_commuter_standard_no_dr_germany_d16_hist_d16_1_2025-07-16_1day/run_summary.txt,0,57.104286,57.104286,17.665205,0.097997,EUR/kWh,/home/hku_user3/EnergyBridge_rl_dr_memory_202607/experiments/real_data/germany_2025_price.csv,10.4585,10.4585,1.0,1.0,,0.0,0.8,[],"['dishwasher', 'dryer', 'ev', 'washer', 'water_heater']",[]
household_s5_shared_roommates_irregular,household_s5_shared_roommates_irregular,rule_milp,Tianjin,1,2025-07-14,d14_hist_d14_1,hist_d14_1,14,/home/hku_user3/EnergyBridge_rl_dr_memory_202607/experiments/real_data/tianjin_tou_price_normalized.csv,16.0,1.0,/home/hku_user3/EnergyBridge_rl_dr_memory_202607/benchmark_results/2026-07-22_rule_milp_dr_memory_daily_july/_batch_logs/daily_event_configs/d14_hist_d14_1.json,skipped_done,0,0.0,/home/hku_user3/EnergyBridge_rl_dr_memory_202607/benchmark_results/2026-07-22_rule_milp_dr_memory_daily_july/household_s5_shared_roommates_irregular_rule_milp_tianjin_d14_hist_d14_1_2025-07-14_1day,/home/hku_user3/EnergyBridge_rl_dr_memory_202607/benchmark_results/2026-07-22_rule_milp_dr_memory_daily_july/_batch_logs/daily_dr_memory_tianjin_1day/household_s5_shared_roommates_irregular_rule_milp_tianjin_d14_hist_d14_1_2025-07-14_1day.log,/home/hku_user3/EnergyBridge_rl_dr_memory_202607/benchmark_results/2026-07-22_rule_milp_dr_memory_daily_july/household_s5_shared_roommates_irregular_rule_milp_tianjin_d14_hist_d14_1_2025-07-14_1day/run_summary.txt,0,55.588151,55.588151,57.715052,1.129811,normalized TOU cost/kWh,/home/hku_user3/EnergyBridge_rl_dr_memory_202607/experiments/real_data/tianjin_tou_price_normalized.csv,0.865,0.865,0.0,0.0,1.863,1.0,1.0,"['dishwasher', 'dryer', 'ev', 'washer', 'water_heater']",[],[]
household_s1_dual_commuter_standard,household_s1_dual_commuter_standard,rule_milp,Tianjin,1,2025-07-15,d15_hist_d15_1,hist_d15_1,15,/home/hku_user3/EnergyBridge_rl_dr_memory_202607/experiments/real_data/tianjin_tou_price_normalized.csv,20.0,1.0,/home/hku_user3/EnergyBridge_rl_dr_memory_202607/benchmark_results/2026-07-22_rule_milp_dr_memory_daily_july/_batch_logs/daily_event_configs/d15_hist_d15_1.json,skipped_done,0,0.0,/home/hku_user3/EnergyBridge_rl_dr_memory_202607/benchmark_results/2026-07-22_rule_milp_dr_memory_daily_july/household_s1_dual_commuter_standard_rule_milp_tianjin_d15_hist_d15_1_2025-07-15_1day,/home/hku_user3/EnergyBridge_rl_dr_memory_202607/benchmark_results/2026-07-22_rule_milp_dr_memory_daily_july/_batch_logs/daily_dr_memory_tianjin_1day/household_s1_dual_commuter_standard_rule_milp_tianjin_d15_hist_d15_1_2025-07-15_1day.log,/home/hku_user3/EnergyBridge_rl_dr_memory_202607/benchmark_results/2026-07-22_rule_milp_dr_memory_daily_july/household_s1_dual_commuter_standard_rule_milp_tianjin_d15_hist_d15_1_2025-07-15_1day/run_summary.txt,0,102.892803,102.892803,61.541225,1.1396,normalized TOU cost/kWh,/home/hku_user3/EnergyBridge_rl_dr_memory_202607/experiments/real_data/tianjin_tou_price_normalized.csv,3.5633,3.5633,0.0,0.0,1.962,1.0,1.0,"['dishwasher', 'dryer', 'ev', 'washer', 'water_heater']",[],[]
household_s2_multigeneration_caregiver,household_s2_multigeneration_caregiver,rule_milp,Germany,1,2025-07-15,d15_hist_d15_1,hist_d15_1,15,/home/hku_user3/EnergyBridge_rl_dr_memory_202607/experiments/real_data/germany_2025_price.csv,20.0,1.0,/home/hku_user3/EnergyBridge_rl_dr_memory_202607/benchmark_results/2026-07-22_rule_milp_dr_memory_daily_july/_batch_logs/daily_event_configs/d15_hist_d15_1.json,skipped_done,0,0.0,/home/hku_user3/EnergyBridge_rl_dr_memory_202607/benchmark_results/2026-07-22_rule_milp_dr_memory_daily_july/household_s2_multigeneration_caregiver_rule_milp_germany_d15_hist_d15_1_2025-07-15_1day,/home/hku_user3/EnergyBridge_rl_dr_memory_202607/benchmark_results/2026-07-22_rule_milp_dr_memory_daily_july/_batch_logs/daily_dr_memory_germany_1day/household_s2_multigeneration_caregiver_rule_milp_germany_d15_hist_d15_1_2025-07-15_1day.log,/home/hku_user3/EnergyBridge_rl_dr_memory_202607/benchmark_results/2026-07-22_rule_milp_dr_memory_daily_july/household_s2_multigeneration_caregiver_rule_milp_germany_d15_hist_d15_1_2025-07-15_1day/run_summary.txt,0,59.162665,59.162665,16.945452,0.093646,EUR/kWh,/home/hku_user3/EnergyBridge_rl_dr_memory_202607/experiments/real_data/germany_2025_price.csv,8.2856,8.2856,0.0,0.0,1.9,1.0,1.0,"['dishwasher', 'dryer', 'ev', 'washer', 'water_heater']",[],[]
household_s5_shared_roommates_irregular,household_s5_shared_roommates_irregular,rule_milp,Germany,1,2025-07-16,d16_hist_d16_1,hist_d16_1,16,/home/hku_user3/EnergyBridge_rl_dr_memory_202607/experiments/real_data/germany_2025_price.csv,17.0,1.0,/home/hku_user3/EnergyBridge_rl_dr_memory_202607/benchmark_results/2026-07-22_rule_milp_dr_memory_daily_july/_batch_logs/daily_event_configs/d16_hist_d16_1.json,skipped_done,0,0.0,/home/hku_user3/EnergyBridge_rl_dr_memory_202607/benchmark_results/2026-07-22_rule_milp_dr_memory_daily_july/household_s5_shared_roommates_irregular_rule_milp_germany_d16_hist_d16_1_2025-07-16_1day,/home/hku_user3/EnergyBridge_rl_dr_memory_202607/benchmark_results/2026-07-22_rule_milp_dr_memory_daily_july/_batch_logs/daily_dr_memory_germany_1day/household_s5_shared_roommates_irregular_rule_milp_germany_d16_hist_d16_1_2025-07-16_1day.log,/home/hku_user3/EnergyBridge_rl_dr_memory_202607/benchmark_results/2026-07-22_rule_milp_dr_memory_daily_july/household_s5_shared_roommates_irregular_rule_milp_germany_d16_hist_d16_1_2025-07-16_1day/run_summary.txt,0,50.346287,50.346287,16.936745,0.097236,EUR/kWh,/home/hku_user3/EnergyBridge_rl_dr_memory_202607/experiments/real_data/germany_2025_price.csv,6.9399,6.9399,0.0,0.0,1.505,1.0,1.0,"['dishwasher', 'dryer', 'ev', 'washer', 'water_heater']",[],[]
household_s1_dual_commuter_standard,household_s1_dual_commuter_standard,no_dr,Tianjin,1,2025-07-16,d16_hist_d16_1,hist_d16_1,16,/home/hku_user3/EnergyBridge_rl_dr_memory_202607/experiments/real_data/tianjin_tou_price_normalized.csv,17.0,1.0,/home/hku_user3/EnergyBridge_rl_dr_memory_202607/benchmark_results/2026-07-22_rule_milp_dr_memory_daily_july/_batch_logs/daily_event_configs/d16_hist_d16_1.json,skipped_done,0,0.0,/home/hku_user3/EnergyBridge_rl_dr_memory_202607/benchmark_results/2026-07-22_rule_milp_dr_memory_daily_july/household_s1_dual_commuter_standard_no_dr_tianjin_d16_hist_d16_1_2025-07-16_1day,/home/hku_user3/EnergyBridge_rl_dr_memory_202607/benchmark_results/2026-07-22_rule_milp_dr_memory_daily_july/_batch_logs/daily_dr_memory_tianjin_1day/household_s1_dual_commuter_standard_no_dr_tianjin_d16_hist_d16_1_2025-07-16_1day.log,/home/hku_user3/EnergyBridge_rl_dr_memory_202607/benchmark_results/2026-07-22_rule_milp_dr_memory_daily_july/household_s1_dual_commuter_standard_no_dr_tianjin_d16_hist_d16_1_2025-07-16_1day/run_summary.txt,0,79.272534,79.272534,79.150081,1.163702,normalized TOU cost/kWh,/home/hku_user3/EnergyBridge_rl_dr_memory_202607/experiments/real_data/tianjin_tou_price_normalized.csv,4.6878,4.6878,1.0,1.0,,0.0,0.8,[],"['dishwasher', 'dryer', 'ev', 'washer', 'water_heater']",[]
household_s4_ev_commuter_flexible,household_s4_ev_commuter_flexible,no_dr,Germany,1,2025-07-16,d16_hist_d16_1,hist_d16_1,16,/home/hku_user3/EnergyBridge_rl_dr_memory_202607/experiments/real_data/germany_2025_price.csv,17.0,1.0,/home/hku_user3/EnergyBridge_rl_dr_memory_202607/benchmark_results/2026-07-22_rule_milp_dr_memory_daily_july/_batch_logs/daily_event_configs/d16_hist_d16_1.json,skipped_done,0,0.0,/home/hku_user3/EnergyBridge_rl_dr_memory_202607/benchmark_results/2026-07-22_rule_milp_dr_memory_daily_july/household_s4_ev_commuter_flexible_no_dr_germany_d16_hist_d16_1_2025-07-16_1day,/home/hku_user3/EnergyBridge_rl_dr_memory_202607/benchmark_results/2026-07-22_rule_milp_dr_memory_daily_july/_batch_logs/daily_dr_memory_germany_1day/household_s4_ev_commuter_flexible_no_dr_germany_d16_hist_d16_1_2025-07-16_1day.log,/home/hku_user3/EnergyBridge_rl_dr_memory_202607/benchmark_results/2026-07-22_rule_milp_dr_memory_daily_july/household_s4_ev_commuter_flexible_no_dr_germany_d16_hist_d16_1_2025-07-16_1day/run_summary.txt,0,61.185445,61.185445,18.098144,0.098176,EUR/kWh,/home/hku_user3/EnergyBridge_rl_dr_memory_202607/experiments/real_data/germany_2025_price.csv,10.4585,10.4585,1.0,1.0,,0.0,1.0,[],"['dishwasher', 'dryer', 'ev', 'washer', 'water_heater']",[]
household_s4_ev_commuter_flexible,household_s4_ev_commuter_flexible,no_dr,Tianjin,1,2025-07-16,d16_hist_d16_1,hist_d16_1,16,/home/hku_user3/EnergyBridge_rl_dr_memory_202607/experiments/real_data/tianjin_tou_price_normalized.csv,17.0,1.0,/home/hku_user3/EnergyBridge_rl_dr_memory_202607/benchmark_results/2026-07-22_rule_milp_dr_memory_daily_july/_batch_logs/daily_event_configs/d16_hist_d16_1.json,skipped_done,0,0.0,/home/hku_user3/EnergyBridge_rl_dr_memory_202607/benchmark_results/2026-07-22_rule_milp_dr_memory_daily_july/household_s4_ev_commuter_flexible_no_dr_tianjin_d16_hist_d16_1_2025-07-16_1day,/home/hku_user3/EnergyBridge_rl_dr_memory_202607/benchmark_results/2026-07-22_rule_milp_dr_memory_daily_july/_batch_logs/daily_dr_memory_tianjin_1day/household_s4_ev_commuter_flexible_no_dr_tianjin_d16_hist_d16_1_2025-07-16_1day.log,/home/hku_user3/EnergyBridge_rl_dr_memory_202607/benchmark_results/2026-07-22_rule_milp_dr_memory_daily_july/household_s4_ev_commuter_flexible_no_dr_tianjin_d16_hist_d16_1_2025-07-16_1day/run_summary.txt,0,83.353693,83.353693,83.23124,1.154435,normalized TOU cost/kWh,/home/hku_user3/EnergyBridge_rl_dr_memory_202607/experiments/real_data/tianjin_tou_price_normalized.csv,4.6878,4.6878,1.0,1.0,,0.0,1.0,[],"['dishwasher', 'dryer', 'ev', 'washer', 'water_heater']",[]
household_s4_ev_commuter_flexible,household_s4_ev_commuter_flexible,rule_milp,Tianjin,1,2025-07-15,d15_hist_d15_1,hist_d15_1,15,/home/hku_user3/EnergyBridge_rl_dr_memory_202607/experiments/real_data/tianjin_tou_price_normalized.csv,20.0,1.0,/home/hku_user3/EnergyBridge_rl_dr_memory_202607/benchmark_results/2026-07-22_rule_milp_dr_memory_daily_july/_batch_logs/daily_event_configs/d15_hist_d15_1.json,skipped_done,0,0.0,/home/hku_user3/EnergyBridge_rl_dr_memory_202607/benchmark_results/2026-07-22_rule_milp_dr_memory_daily_july/household_s4_ev_commuter_flexible_rule_milp_tianjin_d15_hist_d15_1_2025-07-15_1day,/home/hku_user3/EnergyBridge_rl_dr_memory_202607/benchmark_results/2026-07-22_rule_milp_dr_memory_daily_july/_batch_logs/daily_dr_memory_tianjin_1day/household_s4_ev_commuter_flexible_rule_milp_tianjin_d15_hist_d15_1_2025-07-15_1day.log,/home/hku_user3/EnergyBridge_rl_dr_memory_202607/benchmark_results/2026-07-22_rule_milp_dr_memory_daily_july/household_s4_ev_commuter_flexible_rule_milp_tianjin_d15_hist_d15_1_2025-07-15_1day/run_summary.txt,0,102.481891,102.481891,54.194213,1.048311,normalized TOU cost/kWh,/home/hku_user3/EnergyBridge_rl_dr_memory_202607/experiments/real_data/tianjin_tou_price_normalized.csv,0.6582,0.6582,1.0,1.0,2.33,1.0,1.0,"['dishwasher', 'dryer', 'ev', 'washer', 'water_heater']",[],[]
household_s2_multigeneration_caregiver,household_s2_multigeneration_caregiver,no_dr,Tianjin,1,2025-07-16,d16_hist_d16_1,hist_d16_1,16,/home/hku_user3/EnergyBridge_rl_dr_memory_202607/experiments/real_data/tianjin_tou_price_normalized.csv,17.0,1.0,/home/hku_user3/EnergyBridge_rl_dr_memory_202607/benchmark_results/2026-07-22_rule_milp_dr_memory_daily_july/_batch_logs/daily_event_configs/d16_hist_d16_1.json,skipped_done,0,0.0,/home/hku_user3/EnergyBridge_rl_dr_memory_202607/benchmark_results/2026-07-22_rule_milp_dr_memory_daily_july/household_s2_multigeneration_caregiver_no_dr_tianjin_d16_hist_d16_1_2025-07-16_1day,/home/hku_user3/EnergyBridge_rl_dr_memory_202607/benchmark_results/2026-07-22_rule_milp_dr_memory_daily_july/_batch_logs/daily_dr_memory_tianjin_1day/household_s2_multigeneration_caregiver_no_dr_tianjin_d16_hist_d16_1_2025-07-16_1day.log,/home/hku_user3/EnergyBridge_rl_dr_memory_202607/benchmark_results/2026-07-22_rule_milp_dr_memory_daily_july/household_s2_multigeneration_caregiver_no_dr_tianjin_d16_hist_d16_1_2025-07-16_1day/run_summary.txt,0,73.132918,73.132918,72.083959,1.199064,normalized TOU cost/kWh,/home/hku_user3/EnergyBridge_rl_dr_memory_202607/experiments/real_data/tianjin_tou_price_normalized.csv,4.7489,4.7489,1.0,1.0,,0.0,0.8,[],"['dishwasher', 'dryer', 'ev', 'washer', 'water_heater']",[]
household_s2_multigeneration_caregiver,household_s2_multigeneration_caregiver,rule_milp,Germany,1,2025-07-16,d16_hist_d16_1,hist_d16_1,16,/home/hku_user3/EnergyBridge_rl_dr_memory_202607/experiments/real_data/germany_2025_price.csv,17.0,1.0,/home/hku_user3/EnergyBridge_rl_dr_memory_202607/benchmark_results/2026-07-22_rule_milp_dr_memory_daily_july/_batch_logs/daily_event_configs/d16_hist_d16_1.json,skipped_done,0,0.0,/home/hku_user3/EnergyBridge_rl_dr_memory_202607/benchmark_results/2026-07-22_rule_milp_dr_memory_daily_july/household_s2_multigeneration_caregiver_rule_milp_germany_d16_hist_d16_1_2025-07-16_1day,/home/hku_user3/EnergyBridge_rl_dr_memory_202607/benchmark_results/2026-07-22_rule_milp_dr_memory_daily_july/_batch_logs/daily_dr_memory_germany_1day/household_s2_multigeneration_caregiver_rule_milp_germany_d16_hist_d16_1_2025-07-16_1day.log,/home/hku_user3/EnergyBridge_rl_dr_memory_202607/benchmark_results/2026-07-22_rule_milp_dr_memory_daily_july/household_s2_multigeneration_caregiver_rule_milp_germany_d16_hist_d16_1_2025-07-16_1day/run_summary.txt,0,55.447376,55.447376,17.039329,0.097183,EUR/kWh,/home/hku_user3/EnergyBridge_rl_dr_memory_202607/experiments/real_data/germany_2025_price.csv,8.2411,8.2411,0.0,0.0,1.902,1.0,1.0,"['dishwasher', 'dryer', 'ev', 'washer', 'water_heater']",[],[]
household_s2_multigeneration_caregiver,household_s2_multigeneration_caregiver,rule_milp,Tianjin,1,2025-07-16,d16_hist_d16_1,hist_d16_1,16,/home/hku_user3/EnergyBridge_rl_dr_memory_202607/experiments/real_data/tianjin_tou_price_normalized.csv,17.0,1.0,/home/hku_user3/EnergyBridge_rl_dr_memory_202607/benchmark_results/2026-07-22_rule_milp_dr_memory_daily_july/_batch_logs/daily_event_configs/d16_hist_d16_1.json,skipped_done,0,0.0,/home/hku_user3/EnergyBridge_rl_dr_memory_202607/benchmark_results/2026-07-22_rule_milp_dr_memory_daily_july/household_s2_multigeneration_caregiver_rule_milp_tianjin_d16_hist_d16_1_2025-07-16_1day,/home/hku_user3/EnergyBridge_rl_dr_memory_202607/benchmark_results/2026-07-22_rule_milp_dr_memory_daily_july/_batch_logs/daily_dr_memory_tianjin_1day/household_s2_multigeneration_caregiver_rule_milp_tianjin_d16_hist_d16_1_2025-07-16_1day.log,/home/hku_user3/EnergyBridge_rl_dr_memory_202607/benchmark_results/2026-07-22_rule_milp_dr_memory_daily_july/household_s2_multigeneration_caregiver_rule_milp_tianjin_d16_hist_d16_1_2025-07-16_1day/run_summary.txt,0,81.686136,81.686136,68.607978,1.219642,normalized TOU cost/kWh,/home/hku_user3/EnergyBridge_rl_dr_memory_202607/experiments/real_data/tianjin_tou_price_normalized.csv,2.4506,2.4506,0.0,0.0,1.9,1.0,1.0,"['dishwasher', 'dryer', 'ev', 'washer', 'water_heater']",[],[]
household_s3_hybrid_work_from_home,household_s3_hybrid_work_from_home,no_dr,Tianjin,1,2025-07-16,d16_hist_d16_1,hist_d16_1,16,/home/hku_user3/EnergyBridge_rl_dr_memory_202607/experiments/real_data/tianjin_tou_price_normalized.csv,17.0,1.0,/home/hku_user3/EnergyBridge_rl_dr_memory_202607/benchmark_results/2026-07-22_rule_milp_dr_memory_daily_july/_batch_logs/daily_event_configs/d16_hist_d16_1.json,skipped_done,0,0.0,/home/hku_user3/EnergyBridge_rl_dr_memory_202607/benchmark_results/2026-07-22_rule_milp_dr_memory_daily_july/household_s3_hybrid_work_from_home_no_dr_tianjin_d16_hist_d16_1_2025-07-16_1day,/home/hku_user3/EnergyBridge_rl_dr_memory_202607/benchmark_results/2026-07-22_rule_milp_dr_memory_daily_july/_batch_logs/daily_dr_memory_tianjin_1day/household_s3_hybrid_work_from_home_no_dr_tianjin_d16_hist_d16_1_2025-07-16_1day.log,/home/hku_user3/EnergyBridge_rl_dr_memory_202607/benchmark_results/2026-07-22_rule_milp_dr_memory_daily_july/household_s3_hybrid_work_from_home_no_dr_tianjin_d16_hist_d16_1_2025-07-16_1day/run_summary.txt,0,75.590188,75.590188,75.511775,1.175316,normalized TOU cost/kWh,/home/hku_user3/EnergyBridge_rl_dr_memory_202607/experiments/real_data/tianjin_tou_price_normalized.csv,4.6943,4.6943,1.0,1.0,,0.0,0.8,[],"['dishwasher', 'dryer', 'ev', 'washer', 'water_heater']",[]
household_s5_shared_roommates_irregular,household_s5_shared_roommates_irregular,rule_milp,Tianjin,1,2025-07-15,d15_hist_d15_1,hist_d15_1,15,/home/hku_user3/EnergyBridge_rl_dr_memory_202607/experiments/real_data/tianjin_tou_price_normalized.csv,20.0,1.0,/home/hku_user3/EnergyBridge_rl_dr_memory_202607/benchmark_results/2026-07-22_rule_milp_dr_memory_daily_july/_batch_logs/daily_event_configs/d15_hist_d15_1.json,skipped_done,0,0.0,/home/hku_user3/EnergyBridge_rl_dr_memory_202607/benchmark_results/2026-07-22_rule_milp_dr_memory_daily_july/household_s5_shared_roommates_irregular_rule_milp_tianjin_d15_hist_d15_1_2025-07-15_1day,/home/hku_user3/EnergyBridge_rl_dr_memory_202607/benchmark_results/2026-07-22_rule_milp_dr_memory_daily_july/_batch_logs/daily_dr_memory_tianjin_1day/household_s5_shared_roommates_irregular_rule_milp_tianjin_d15_hist_d15_1_2025-07-15_1day.log,/home/hku_user3/EnergyBridge_rl_dr_memory_202607/benchmark_results/2026-07-22_rule_milp_dr_memory_daily_july/household_s5_shared_roommates_irregular_rule_milp_tianjin_d15_hist_d15_1_2025-07-15_1day/run_summary.txt,0,92.579339,92.579339,58.024985,1.137372,normalized TOU cost/kWh,/home/hku_user3/EnergyBridge_rl_dr_memory_202607/experiments/real_data/tianjin_tou_price_normalized.csv,3.4152,3.4152,0.0,0.0,1.863,1.0,1.0,"['dishwasher', 'dryer', 'ev', 'washer', 'water_heater']",[],[]
household_s2_multigeneration_caregiver,household_s2_multigeneration_caregiver,rule_milp,Germany,1,2025-07-17,d17_hist_d17_1,hist_d17_1,17,/home/hku_user3/EnergyBridge_rl_dr_memory_202607/experiments/real_data/germany_2025_price.csv,18.0,1.0,/home/hku_user3/EnergyBridge_rl_dr_memory_202607/benchmark_results/2026-07-22_rule_milp_dr_memory_daily_july/_batch_logs/daily_event_configs/d17_hist_d17_1.json,skipped_done,0,0.0,/home/hku_user3/EnergyBridge_rl_dr_memory_202607/benchmark_results/2026-07-22_rule_milp_dr_memory_daily_july/household_s2_multigeneration_caregiver_rule_milp_germany_d17_hist_d17_1_2025-07-17_1day,/home/hku_user3/EnergyBridge_rl_dr_memory_202607/benchmark_results/2026-07-22_rule_milp_dr_memory_daily_july/_batch_logs/daily_dr_memory_germany_1day/household_s2_multigeneration_caregiver_rule_milp_germany_d17_hist_d17_1_2025-07-17_1day.log,/home/hku_user3/EnergyBridge_rl_dr_memory_202607/benchmark_results/2026-07-22_rule_milp_dr_memory_daily_july/household_s2_multigeneration_caregiver_rule_milp_germany_d17_hist_d17_1_2025-07-17_1day/run_summary.txt,0,54.291873,54.291873,17.322825,0.097378,EUR/kWh,/home/hku_user3/EnergyBridge_rl_dr_memory_202607/experiments/real_data/germany_2025_price.csv,7.2478,7.2478,0.0,0.0,1.9,1.0,1.0,"['dishwasher', 'dryer', 'ev', 'washer', 'water_heater']",[],[]
household_s3_hybrid_work_from_home,household_s3_hybrid_work_from_home,rule_milp,Germany,1,2025-07-16,d16_hist_d16_1,hist_d16_1,16,/home/hku_user3/EnergyBridge_rl_dr_memory_202607/experiments/real_data/germany_2025_price.csv,17.0,1.0,/home/hku_user3/EnergyBridge_rl_dr_memory_202607/benchmark_results/2026-07-22_rule_milp_dr_memory_daily_july/_batch_logs/daily_event_configs/d16_hist_d16_1.json,skipped_done,0,0.0,/home/hku_user3/EnergyBridge_rl_dr_memory_202607/benchmark_results/2026-07-22_rule_milp_dr_memory_daily_july/household_s3_hybrid_work_from_home_rule_milp_germany_d16_hist_d16_1_2025-07-16_1day,/home/hku_user3/EnergyBridge_rl_dr_memory_202607/benchmark_results/2026-07-22_rule_milp_dr_memory_daily_july/_batch_logs/daily_dr_memory_germany_1day/household_s3_hybrid_work_from_home_rule_milp_germany_d16_hist_d16_1_2025-07-16_1day.log,/home/hku_user3/EnergyBridge_rl_dr_memory_202607/benchmark_results/2026-07-22_rule_milp_dr_memory_daily_july/household_s3_hybrid_work_from_home_rule_milp_germany_d16_hist_d16_1_2025-07-16_1day/run_summary.txt,0,55.695402,55.695402,17.14894,0.097144,EUR/kWh,/home/hku_user3/EnergyBridge_rl_dr_memory_202607/experiments/real_data/germany_2025_price.csv,7.5881,7.5881,0.0,0.0,1.15,1.0,1.0,"['dishwasher', 'dryer', 'ev', 'washer', 'water_heater']",[],[]
household_s5_shared_roommates_irregular,household_s5_shared_roommates_irregular,rule_milp,Tianjin,1,2025-07-16,d16_hist_d16_1,hist_d16_1,16,/home/hku_user3/EnergyBridge_rl_dr_memory_202607/experiments/real_data/tianjin_tou_price_normalized.csv,17.0,1.0,/home/hku_user3/EnergyBridge_rl_dr_memory_202607/benchmark_results/2026-07-22_rule_milp_dr_memory_daily_july/_batch_logs/daily_event_configs/d16_hist_d16_1.json,skipped_done,0,0.0,/home/hku_user3/EnergyBridge_rl_dr_memory_202607/benchmark_results/2026-07-22_rule_milp_dr_memory_daily_july/household_s5_shared_roommates_irregular_rule_milp_tianjin_d16_hist_d16_1_2025-07-16_1day,/home/hku_user3/EnergyBridge_rl_dr_memory_202607/benchmark_results/2026-07-22_rule_milp_dr_memory_daily_july/_batch_logs/daily_dr_memory_tianjin_1day/household_s5_shared_roommates_irregular_rule_milp_tianjin_d16_hist_d16_1_2025-07-16_1day.log,/home/hku_user3/EnergyBridge_rl_dr_memory_202607/benchmark_results/2026-07-22_rule_milp_dr_memory_daily_july/household_s5_shared_roommates_irregular_rule_milp_tianjin_d16_hist_d16_1_2025-07-16_1day/run_summary.txt,0,73.72713,73.72713,61.242593,1.1718,normalized TOU cost/kWh,/home/hku_user3/EnergyBridge_rl_dr_memory_202607/experiments/real_data/tianjin_tou_price_normalized.csv,0.9494,0.9494,0.0,0.0,1.333,1.0,1.0,"['dishwasher', 'dryer', 'ev', 'washer', 'water_heater']",[],[]
household_s2_multigeneration_caregiver,household_s2_multigeneration_caregiver,no_dr,Germany,1,2025-07-16,d16_hist_d16_1,hist_d16_1,16,/home/hku_user3/EnergyBridge_rl_dr_memory_202607/experiments/real_data/germany_2025_price.csv,17.0,1.0,/home/hku_user3/EnergyBridge_rl_dr_memory_202607/benchmark_results/2026-07-22_rule_milp_dr_memory_daily_july/_batch_logs/daily_event_configs/d16_hist_d16_1.json,skipped_done,0,0.0,/home/hku_user3/EnergyBridge_rl_dr_memory_202607/benchmark_results/2026-07-22_rule_milp_dr_memory_daily_july/household_s2_multigeneration_caregiver_no_dr_germany_d16_hist_d16_1_2025-07-16_1day,/home/hku_user3/EnergyBridge_rl_dr_memory_202607/benchmark_results/2026-07-22_rule_milp_dr_memory_daily_july/_batch_logs/daily_dr_memory_germany_1day/household_s2_multigeneration_caregiver_no_dr_germany_d16_hist_d16_1_2025-07-16_1day.log,/home/hku_user3/EnergyBridge_rl_dr_memory_202607/benchmark_results/2026-07-22_rule_milp_dr_memory_daily_july/household_s2_multigeneration_caregiver_no_dr_germany_d16_hist_d16_1_2025-07-16_1day/run_summary.txt,0,50.627602,50.627602,17.090154,0.097976,EUR/kWh,/home/hku_user3/EnergyBridge_rl_dr_memory_202607/experiments/real_data/germany_2025_price.csv,10.507,10.507,1.0,1.0,,0.0,0.8,[],"['dishwasher', 'dryer', 'ev', 'washer', 'water_heater']",[]
household_s3_hybrid_work_from_home,household_s3_hybrid_work_from_home,rule_milp,Tianjin,1,2025-07-15,d15_hist_d15_1,hist_d15_1,15,/home/hku_user3/EnergyBridge_rl_dr_memory_202607/experiments/real_data/tianjin_tou_price_normalized.csv,20.0,1.0,/home/hku_user3/EnergyBridge_rl_dr_memory_202607/benchmark_results/2026-07-22_rule_milp_dr_memory_daily_july/_batch_logs/daily_event_configs/d15_hist_d15_1.json,skipped_done,0,0.0,/home/hku_user3/EnergyBridge_rl_dr_memory_202607/benchmark_results/2026-07-22_rule_milp_dr_memory_daily_july/household_s3_hybrid_work_from_home_rule_milp_tianjin_d15_hist_d15_1_2025-07-15_1day,/home/hku_user3/EnergyBridge_rl_dr_memory_202607/benchmark_results/2026-07-22_rule_milp_dr_memory_daily_july/_batch_logs/daily_dr_memory_tianjin_1day/household_s3_hybrid_work_from_home_rule_milp_tianjin_d15_hist_d15_1_2025-07-15_1day.log,/home/hku_user3/EnergyBridge_rl_dr_memory_202607/benchmark_results/2026-07-22_rule_milp_dr_memory_daily_july/household_s3_hybrid_work_from_home_rule_milp_tianjin_d15_hist_d15_1_2025-07-15_1day/run_summary.txt,0,91.495421,91.495421,63.506351,1.175161,normalized TOU cost/kWh,/home/hku_user3/EnergyBridge_rl_dr_memory_202607/experiments/real_data/tianjin_tou_price_normalized.csv,3.4833,3.4833,0.0,0.0,1.983,1.0,1.0,"['dishwasher', 'dryer', 'ev', 'washer', 'water_heater']",[],[]
household_s4_ev_commuter_flexible,household_s4_ev_commuter_flexible,rule_milp,Tianjin,1,2025-07-16,d16_hist_d16_1,hist_d16_1,16,/home/hku_user3/EnergyBridge_rl_dr_memory_202607/experiments/real_data/tianjin_tou_price_normalized.csv,17.0,1.0,/home/hku_user3/EnergyBridge_rl_dr_memory_202607/benchmark_results/2026-07-22_rule_milp_dr_memory_daily_july/_batch_logs/daily_event_configs/d16_hist_d16_1.json,skipped_done,0,0.0,/home/hku_user3/EnergyBridge_rl_dr_memory_202607/benchmark_results/2026-07-22_rule_milp_dr_memory_daily_july/household_s4_ev_commuter_flexible_rule_milp_tianjin_d16_hist_d16_1_2025-07-16_1day,/home/hku_user3/EnergyBridge_rl_dr_memory_202607/benchmark_results/2026-07-22_rule_milp_dr_memory_daily_july/_batch_logs/daily_dr_memory_tianjin_1day/household_s4_ev_commuter_flexible_rule_milp_tianjin_d16_hist_d16_1_2025-07-16_1day.log,/home/hku_user3/EnergyBridge_rl_dr_memory_202607/benchmark_results/2026-07-22_rule_milp_dr_memory_daily_july/household_s4_ev_commuter_flexible_rule_milp_tianjin_d16_hist_d16_1_2025-07-16_1day/run_summary.txt,0,85.260551,85.260551,71.026167,1.156148,normalized TOU cost/kWh,/home/hku_user3/EnergyBridge_rl_dr_memory_202607/experiments/real_data/tianjin_tou_price_normalized.csv,2.4572,2.4572,0.0,0.0,2.0,1.0,1.0,"['dishwasher', 'dryer', 'ev', 'washer', 'water_heater']",[],[]
household_s5_shared_roommates_irregular,household_s5_shared_roommates_irregular,no_dr,Tianjin,1,2025-07-16,d16_hist_d16_1,hist_d16_1,16,/home/hku_user3/EnergyBridge_rl_dr_memory_202607/experiments/real_data/tianjin_tou_price_normalized.csv,17.0,1.0,/home/hku_user3/EnergyBridge_rl_dr_memory_202607/benchmark_results/2026-07-22_rule_milp_dr_memory_daily_july/_batch_logs/daily_event_configs/d16_hist_d16_1.json,skipped_done,0,0.0,/home/hku_user3/EnergyBridge_rl_dr_memory_202607/benchmark_results/2026-07-22_rule_milp_dr_memory_daily_july/household_s5_shared_roommates_irregular_no_dr_tianjin_d16_hist_d16_1_2025-07-16_1day,/home/hku_user3/EnergyBridge_rl_dr_memory_202607/benchmark_results/2026-07-22_rule_milp_dr_memory_daily_july/_batch_logs/daily_dr_memory_tianjin_1day/household_s5_shared_roommates_irregular_no_dr_tianjin_d16_hist_d16_1_2025-07-16_1day.log,/home/hku_user3/EnergyBridge_rl_dr_memory_202607/benchmark_results/2026-07-22_rule_milp_dr_memory_daily_july/household_s5_shared_roommates_irregular_no_dr_tianjin_d16_hist_d16_1_2025-07-16_1day/run_summary.txt,0,75.191375,75.191375,75.068922,1.174151,normalized TOU cost/kWh,/home/hku_user3/EnergyBridge_rl_dr_memory_202607/experiments/real_data/tianjin_tou_price_normalized.csv,4.6878,4.6878,1.0,1.0,,0.0,1.0,[],"['dishwasher', 'dryer', 'ev', 'washer', 'water_heater']",[]
household_s1_dual_commuter_standard,household_s1_dual_commuter_standard,rule_milp,Tianjin,1,2025-07-16,d16_hist_d16_1,hist_d16_1,16,/home/hku_user3/EnergyBridge_rl_dr_memory_202607/experiments/real_data/tianjin_tou_price_normalized.csv,17.0,1.0,/home/hku_user3/EnergyBridge_rl_dr_memory_202607/benchmark_results/2026-07-22_rule_milp_dr_memory_daily_july/_batch_logs/daily_event_configs/d16_hist_d16_1.json,skipped_done,0,0.0,/home/hku_user3/EnergyBridge_rl_dr_memory_202607/benchmark_results/2026-07-22_rule_milp_dr_memory_daily_july/household_s1_dual_commuter_standard_rule_milp_tianjin_d16_hist_d16_1_2025-07-16_1day,/home/hku_user3/EnergyBridge_rl_dr_memory_202607/benchmark_results/2026-07-22_rule_milp_dr_memory_daily_july/_batch_logs/daily_dr_memory_tianjin_1day/household_s1_dual_commuter_standard_rule_milp_tianjin_d16_hist_d16_1_2025-07-16_1day.log,/home/hku_user3/EnergyBridge_rl_dr_memory_202607/benchmark_results/2026-07-22_rule_milp_dr_memory_daily_july/household_s1_dual_commuter_standard_rule_milp_tianjin_d16_hist_d16_1_2025-07-16_1day/run_summary.txt,0,84.775147,84.775147,68.561922,1.189225,normalized TOU cost/kWh,/home/hku_user3/EnergyBridge_rl_dr_memory_202607/experiments/real_data/tianjin_tou_price_normalized.csv,2.627,2.627,0.0,0.0,1.962,1.0,1.0,"['dishwasher', 'dryer', 'ev', 'washer', 'water_heater']",[],[]
household_s5_shared_roommates_irregular,household_s5_shared_roommates_irregular,no_dr,Tianjin,1,2025-07-17,d17_hist_d17_1,hist_d17_1,17,/home/hku_user3/EnergyBridge_rl_dr_memory_202607/experiments/real_data/tianjin_tou_price_normalized.csv,18.0,1.0,/home/hku_user3/EnergyBridge_rl_dr_memory_202607/benchmark_results/2026-07-22_rule_milp_dr_memory_daily_july/_batch_logs/daily_event_configs/d17_hist_d17_1.json,skipped_done,0,0.0,/home/hku_user3/EnergyBridge_rl_dr_memory_202607/benchmark_results/2026-07-22_rule_milp_dr_memory_daily_july/household_s5_shared_roommates_irregular_no_dr_tianjin_d17_hist_d17_1_2025-07-17_1day,/home/hku_user3/EnergyBridge_rl_dr_memory_202607/benchmark_results/2026-07-22_rule_milp_dr_memory_daily_july/_batch_logs/daily_dr_memory_tianjin_1day/household_s5_shared_roommates_irregular_no_dr_tianjin_d17_hist_d17_1_2025-07-17_1day.log,/home/hku_user3/EnergyBridge_rl_dr_memory_202607/benchmark_results/2026-07-22_rule_milp_dr_memory_daily_july/household_s5_shared_roommates_irregular_no_dr_tianjin_d17_hist_d17_1_2025-07-17_1day/run_summary.txt,0,60.420068,60.420068,66.566369,1.161556,normalized TOU cost/kWh,/home/hku_user3/EnergyBridge_rl_dr_memory_202607/experiments/real_data/tianjin_tou_price_normalized.csv,5.0937,5.0937,1.0,1.0,,0.0,1.0,[],"['dishwasher', 'dryer', 'ev', 'washer', 'water_heater']",[]
household_s4_ev_commuter_flexible,household_s4_ev_commuter_flexible,no_dr,Tianjin,1,2025-07-15,d15_hist_d15_1,hist_d15_1,15,/home/hku_user3/EnergyBridge_rl_dr_memory_202607/experiments/real_data/tianjin_tou_price_normalized.csv,20.0,1.0,/home/hku_user3/EnergyBridge_rl_dr_memory_202607/benchmark_results/2026-07-22_rule_milp_dr_memory_daily_july/_batch_logs/daily_event_configs/d15_hist_d15_1.json,skipped_done,0,0.0,/home/hku_user3/EnergyBridge_rl_dr_memory_202607/benchmark_results/2026-07-22_rule_milp_dr_memory_daily_july/household_s4_ev_commuter_flexible_no_dr_tianjin_d15_hist_d15_1_2025-07-15_1day,/home/hku_user3/EnergyBridge_rl_dr_memory_202607/benchmark_results/2026-07-22_rule_milp_dr_memory_daily_july/_batch_logs/daily_dr_memory_tianjin_1day/household_s4_ev_commuter_flexible_no_dr_tianjin_d15_hist_d15_1_2025-07-15_1day.log,/home/hku_user3/EnergyBridge_rl_dr_memory_202607/benchmark_results/2026-07-22_rule_milp_dr_memory_daily_july/household_s4_ev_commuter_flexible_no_dr_tianjin_d15_hist_d15_1_2025-07-15_1day/run_summary.txt,0,97.093999,97.093999,71.375595,1.077577,normalized TOU cost/kWh,/home/hku_user3/EnergyBridge_rl_dr_memory_202607/experiments/real_data/tianjin_tou_price_normalized.csv,2.3879,2.3879,1.0,1.0,,0.0,0.8,[],"['dishwasher', 'dryer', 'ev', 'washer', 'water_heater']",[]
household_s1_dual_commuter_standard,household_s1_dual_commuter_standard,rule_milp,Germany,1,2025-07-16,d16_hist_d16_1,hist_d16_1,16,/home/hku_user3/EnergyBridge_rl_dr_memory_202607/experiments/real_data/germany_2025_price.csv,17.0,1.0,/home/hku_user3/EnergyBridge_rl_dr_memory_202607/benchmark_results/2026-07-22_rule_milp_dr_memory_daily_july/_batch_logs/daily_event_configs/d16_hist_d16_1.json,skipped_done,0,0.0,/home/hku_user3/EnergyBridge_rl_dr_memory_202607/benchmark_results/2026-07-22_rule_milp_dr_memory_daily_july/household_s1_dual_commuter_standard_rule_milp_germany_d16_hist_d16_1_2025-07-16_1day,/home/hku_user3/EnergyBridge_rl_dr_memory_202607/benchmark_results/2026-07-22_rule_milp_dr_memory_daily_july/_batch_logs/daily_dr_memory_germany_1day/household_s1_dual_commuter_standard_rule_milp_germany_d16_hist_d16_1_2025-07-16_1day.log,/home/hku_user3/EnergyBridge_rl_dr_memory_202607/benchmark_results/2026-07-22_rule_milp_dr_memory_daily_july/household_s1_dual_commuter_standard_rule_milp_germany_d16_hist_d16_1_2025-07-16_1day/run_summary.txt,0,55.982938,55.982938,17.399459,0.097245,EUR/kWh,/home/hku_user3/EnergyBridge_rl_dr_memory_202607/experiments/real_data/germany_2025_price.csv,8.2193,8.2193,0.0,0.0,2.1,1.0,1.0,"['dishwasher', 'dryer', 'ev', 'washer', 'water_heater']",[],[]
household_s1_dual_commuter_standard,household_s1_dual_commuter_standard,no_dr,Germany,1,2025-07-17,d17_hist_d17_1,hist_d17_1,17,/home/hku_user3/EnergyBridge_rl_dr_memory_202607/experiments/real_data/germany_2025_price.csv,18.0,1.0,/home/hku_user3/EnergyBridge_rl_dr_memory_202607/benchmark_results/2026-07-22_rule_milp_dr_memory_daily_july/_batch_logs/daily_event_configs/d17_hist_d17_1.json,skipped_done,0,0.0,/home/hku_user3/EnergyBridge_rl_dr_memory_202607/benchmark_results/2026-07-22_rule_milp_dr_memory_daily_july/household_s1_dual_commuter_standard_no_dr_germany_d17_hist_d17_1_2025-07-17_1day,/home/hku_user3/EnergyBridge_rl_dr_memory_202607/benchmark_results/2026-07-22_rule_milp_dr_memory_daily_july/_batch_logs/daily_dr_memory_germany_1day/household_s1_dual_commuter_standard_no_dr_germany_d17_hist_d17_1_2025-07-17_1day.log,/home/hku_user3/EnergyBridge_rl_dr_memory_202607/benchmark_results/2026-07-22_rule_milp_dr_memory_daily_july/household_s1_dual_commuter_standard_no_dr_germany_d17_hist_d17_1_2025-07-17_1day/run_summary.txt,0,55.975361,55.975361,18.360987,0.098697,EUR/kWh,/home/hku_user3/EnergyBridge_rl_dr_memory_202607/experiments/real_data/germany_2025_price.csv,10.7592,10.7592,1.0,1.0,,0.0,1.0,[],"['dishwasher', 'dryer', 'ev', 'washer', 'water_heater']",[]
household_s4_ev_commuter_flexible,household_s4_ev_commuter_flexible,rule_milp,Germany,1,2025-07-16,d16_hist_d16_1,hist_d16_1,16,/home/hku_user3/EnergyBridge_rl_dr_memory_202607/experiments/real_data/germany_2025_price.csv,17.0,1.0,/home/hku_user3/EnergyBridge_rl_dr_memory_202607/benchmark_results/2026-07-22_rule_milp_dr_memory_daily_july/_batch_logs/daily_event_configs/d16_hist_d16_1.json,skipped_done,0,0.0,/home/hku_user3/EnergyBridge_rl_dr_memory_202607/benchmark_results/2026-07-22_rule_milp_dr_memory_daily_july/household_s4_ev_commuter_flexible_rule_milp_germany_d16_hist_d16_1_2025-07-16_1day,/home/hku_user3/EnergyBridge_rl_dr_memory_202607/benchmark_results/2026-07-22_rule_milp_dr_memory_daily_july/_batch_logs/daily_dr_memory_germany_1day/household_s4_ev_commuter_flexible_rule_milp_germany_d16_hist_d16_1_2025-07-16_1day.log,/home/hku_user3/EnergyBridge_rl_dr_memory_202607/benchmark_results/2026-07-22_rule_milp_dr_memory_daily_july/household_s4_ev_commuter_flexible_rule_milp_germany_d16_hist_d16_1_2025-07-16_1day/run_summary.txt,0,58.65334,58.65334,17.7558,0.097447,EUR/kWh,/home/hku_user3/EnergyBridge_rl_dr_memory_202607/experiments/real_data/germany_2025_price.csv,8.0953,8.0953,0.0,0.0,2.0,1.0,1.0,"['dishwasher', 'dryer', 'ev', 'washer', 'water_heater']",[],[]
household_s1_dual_commuter_standard,household_s1_dual_commuter_standard,rule_milp,Germany,1,2025-07-17,d17_hist_d17_1,hist_d17_1,17,/home/hku_user3/EnergyBridge_rl_dr_memory_202607/experiments/real_data/germany_2025_price.csv,18.0,1.0,/home/hku_user3/EnergyBridge_rl_dr_memory_202607/benchmark_results/2026-07-22_rule_milp_dr_memory_daily_july/_batch_logs/daily_event_configs/d17_hist_d17_1.json,skipped_done,0,0.0,/home/hku_user3/EnergyBridge_rl_dr_memory_202607/benchmark_results/2026-07-22_rule_milp_dr_memory_daily_july/household_s1_dual_commuter_standard_rule_milp_germany_d17_hist_d17_1_2025-07-17_1day,/home/hku_user3/EnergyBridge_rl_dr_memory_202607/benchmark_results/2026-07-22_rule_milp_dr_memory_daily_july/_batch_logs/daily_dr_memory_germany_1day/household_s1_dual_commuter_standard_rule_milp_germany_d17_hist_d17_1_2025-07-17_1day.log,/home/hku_user3/EnergyBridge_rl_dr_memory_202607/benchmark_results/2026-07-22_rule_milp_dr_memory_daily_july/household_s1_dual_commuter_standard_rule_milp_germany_d17_hist_d17_1_2025-07-17_1day/run_summary.txt,0,61.507541,61.507541,18.030117,0.097928,EUR/kWh,/home/hku_user3/EnergyBridge_rl_dr_memory_202607/experiments/real_data/germany_2025_price.csv,6.7791,6.7791,0.0,0.0,1.962,1.0,1.0,"['dishwasher', 'dryer', 'ev', 'washer', 'water_heater']",[],[]
household_s5_shared_roommates_irregular,household_s5_shared_roommates_irregular,no_dr,Germany,1,2025-07-16,d16_hist_d16_1,hist_d16_1,16,/home/hku_user3/EnergyBridge_rl_dr_memory_202607/experiments/real_data/germany_2025_price.csv,17.0,1.0,/home/hku_user3/EnergyBridge_rl_dr_memory_202607/benchmark_results/2026-07-22_rule_milp_dr_memory_daily_july/_batch_logs/daily_event_configs/d16_hist_d16_1.json,skipped_done,0,0.0,/home/hku_user3/EnergyBridge_rl_dr_memory_202607/benchmark_results/2026-07-22_rule_milp_dr_memory_daily_july/household_s5_shared_roommates_irregular_no_dr_germany_d16_hist_d16_1_2025-07-16_1day,/home/hku_user3/EnergyBridge_rl_dr_memory_202607/benchmark_results/2026-07-22_rule_milp_dr_memory_daily_july/_batch_logs/daily_dr_memory_germany_1day/household_s5_shared_roommates_irregular_no_dr_germany_d16_hist_d16_1_2025-07-16_1day.log,/home/hku_user3/EnergyBridge_rl_dr_memory_202607/benchmark_results/2026-07-22_rule_milp_dr_memory_daily_july/household_s5_shared_roommates_irregular_no_dr_germany_d16_hist_d16_1_2025-07-16_1day/run_summary.txt,0,54.088344,54.088344,17.382936,0.098016,EUR/kWh,/home/hku_user3/EnergyBridge_rl_dr_memory_202607/experiments/real_data/germany_2025_price.csv,10.4585,10.4585,1.0,1.0,,0.0,1.0,[],"['dishwasher', 'dryer', 'ev', 'washer', 'water_heater']",[]
household_s1_dual_commuter_standard,household_s1_dual_commuter_standard,no_dr,Tianjin,1,2025-07-17,d17_hist_d17_1,hist_d17_1,17,/home/hku_user3/EnergyBridge_rl_dr_memory_202607/experiments/real_data/tianjin_tou_price_normalized.csv,18.0,1.0,/home/hku_user3/EnergyBridge_rl_dr_memory_202607/benchmark_results/2026-07-22_rule_milp_dr_memory_daily_july/_batch_logs/daily_event_configs/d17_hist_d17_1.json,skipped_done,0,0.0,/home/hku_user3/EnergyBridge_rl_dr_memory_202607/benchmark_results/2026-07-22_rule_milp_dr_memory_daily_july/household_s1_dual_commuter_standard_no_dr_tianjin_d17_hist_d17_1_2025-07-17_1day,/home/hku_user3/EnergyBridge_rl_dr_memory_202607/benchmark_results/2026-07-22_rule_milp_dr_memory_daily_july/_batch_logs/daily_dr_memory_tianjin_1day/household_s1_dual_commuter_standard_no_dr_tianjin_d17_hist_d17_1_2025-07-17_1day.log,/home/hku_user3/EnergyBridge_rl_dr_memory_202607/benchmark_results/2026-07-22_rule_milp_dr_memory_daily_july/household_s1_dual_commuter_standard_no_dr_tianjin_d17_hist_d17_1_2025-07-17_1day/run_summary.txt,0,64.501228,64.501228,70.647529,1.150816,normalized TOU cost/kWh,/home/hku_user3/EnergyBridge_rl_dr_memory_202607/experiments/real_data/tianjin_tou_price_normalized.csv,5.0937,5.0937,1.0,1.0,,0.0,1.0,[],"['dishwasher', 'dryer', 'ev', 'washer', 'water_heater']",[]
household_s1_dual_commuter_standard,household_s1_dual_commuter_standard,rule_milp,Tianjin,1,2025-07-17,d17_hist_d17_1,hist_d17_1,17,/home/hku_user3/EnergyBridge_rl_dr_memory_202607/experiments/real_data/tianjin_tou_price_normalized.csv,18.0,1.0,/home/hku_user3/EnergyBridge_rl_dr_memory_202607/benchmark_results/2026-07-22_rule_milp_dr_memory_daily_july/_batch_logs/daily_event_configs/d17_hist_d17_1.json,skipped_done,0,0.0,/home/hku_user3/EnergyBridge_rl_dr_memory_202607/benchmark_results/2026-07-22_rule_milp_dr_memory_daily_july/household_s1_dual_commuter_standard_rule_milp_tianjin_d17_hist_d17_1_2025-07-17_1day,/home/hku_user3/EnergyBridge_rl_dr_memory_202607/benchmark_results/2026-07-22_rule_milp_dr_memory_daily_july/_batch_logs/daily_dr_memory_tianjin_1day/household_s1_dual_commuter_standard_rule_milp_tianjin_d17_hist_d17_1_2025-07-17_1day.log,/home/hku_user3/EnergyBridge_rl_dr_memory_202607/benchmark_results/2026-07-22_rule_milp_dr_memory_daily_july/household_s1_dual_commuter_standard_rule_milp_tianjin_d17_hist_d17_1_2025-07-17_1day/run_summary.txt,0,67.173922,67.173922,65.736097,1.13533,normalized TOU cost/kWh,/home/hku_user3/EnergyBridge_rl_dr_memory_202607/experiments/real_data/tianjin_tou_price_normalized.csv,1.7598,1.7598,0.0,0.0,1.962,1.0,1.0,"['dishwasher', 'dryer', 'ev', 'washer', 'water_heater']",[],[]
household_s3_hybrid_work_from_home,household_s3_hybrid_work_from_home,rule_milp,Germany,1,2025-07-17,d17_hist_d17_1,hist_d17_1,17,/home/hku_user3/EnergyBridge_rl_dr_memory_202607/experiments/real_data/germany_2025_price.csv,18.0,1.0,/home/hku_user3/EnergyBridge_rl_dr_memory_202607/benchmark_results/2026-07-22_rule_milp_dr_memory_daily_july/_batch_logs/daily_event_configs/d17_hist_d17_1.json,skipped_done,0,0.0,/home/hku_user3/EnergyBridge_rl_dr_memory_202607/benchmark_results/2026-07-22_rule_milp_dr_memory_daily_july/household_s3_hybrid_work_from_home_rule_milp_germany_d17_hist_d17_1_2025-07-17_1day,/home/hku_user3/EnergyBridge_rl_dr_memory_202607/benchmark_results/2026-07-22_rule_milp_dr_memory_daily_july/_batch_logs/daily_dr_memory_germany_1day/household_s3_hybrid_work_from_home_rule_milp_germany_d17_hist_d17_1_2025-07-17_1day.log,/home/hku_user3/EnergyBridge_rl_dr_memory_202607/benchmark_results/2026-07-22_rule_milp_dr_memory_daily_july/household_s3_hybrid_work_from_home_rule_milp_germany_d17_hist_d17_1_2025-07-17_1day/run_summary.txt,0,56.270074,56.270074,17.631572,0.097678,EUR/kWh,/home/hku_user3/EnergyBridge_rl_dr_memory_202607/experiments/real_data/germany_2025_price.csv,6.629,6.629,0.0,0.0,1.983,1.0,1.0,"['dishwasher', 'dryer', 'ev', 'washer', 'water_heater']",[],[]
household_s3_hybrid_work_from_home,household_s3_hybrid_work_from_home,rule_milp,Tianjin,1,2025-07-16,d16_hist_d16_1,hist_d16_1,16,/home/hku_user3/EnergyBridge_rl_dr_memory_202607/experiments/real_data/tianjin_tou_price_normalized.csv,17.0,1.0,/home/hku_user3/EnergyBridge_rl_dr_memory_202607/benchmark_results/2026-07-22_rule_milp_dr_memory_daily_july/_batch_logs/daily_event_configs/d16_hist_d16_1.json,skipped_done,0,0.0,/home/hku_user3/EnergyBridge_rl_dr_memory_202607/benchmark_results/2026-07-22_rule_milp_dr_memory_daily_july/household_s3_hybrid_work_from_home_rule_milp_tianjin_d16_hist_d16_1_2025-07-16_1day,/home/hku_user3/EnergyBridge_rl_dr_memory_202607/benchmark_results/2026-07-22_rule_milp_dr_memory_daily_july/_batch_logs/daily_dr_memory_tianjin_1day/household_s3_hybrid_work_from_home_rule_milp_tianjin_d16_hist_d16_1_2025-07-16_1day.log,/home/hku_user3/EnergyBridge_rl_dr_memory_202607/benchmark_results/2026-07-22_rule_milp_dr_memory_daily_july/household_s3_hybrid_work_from_home_rule_milp_tianjin_d16_hist_d16_1_2025-07-16_1day/run_summary.txt,0,81.531867,81.531867,68.305538,1.193188,normalized TOU cost/kWh,/home/hku_user3/EnergyBridge_rl_dr_memory_202607/experiments/real_data/tianjin_tou_price_normalized.csv,2.5137,2.5137,0.0,0.0,1.983,1.0,1.0,"['dishwasher', 'dryer', 'ev', 'washer', 'water_heater']",[],[]
household_s4_ev_commuter_flexible,household_s4_ev_commuter_flexible,no_dr,Germany,1,2025-07-17,d17_hist_d17_1,hist_d17_1,17,/home/hku_user3/EnergyBridge_rl_dr_memory_202607/experiments/real_data/germany_2025_price.csv,18.0,1.0,/home/hku_user3/EnergyBridge_rl_dr_memory_202607/benchmark_results/2026-07-22_rule_milp_dr_memory_daily_july/_batch_logs/daily_event_configs/d17_hist_d17_1.json,skipped_done,0,0.0,/home/hku_user3/EnergyBridge_rl_dr_memory_202607/benchmark_results/2026-07-22_rule_milp_dr_memory_daily_july/household_s4_ev_commuter_flexible_no_dr_germany_d17_hist_d17_1_2025-07-17_1day,/home/hku_user3/EnergyBridge_rl_dr_memory_202607/benchmark_results/2026-07-22_rule_milp_dr_memory_daily_july/_batch_logs/daily_dr_memory_germany_1day/household_s4_ev_commuter_flexible_no_dr_germany_d17_hist_d17_1_2025-07-17_1day.log,/home/hku_user3/EnergyBridge_rl_dr_memory_202607/benchmark_results/2026-07-22_rule_milp_dr_memory_daily_july/household_s4_ev_commuter_flexible_no_dr_germany_d17_hist_d17_1_2025-07-17_1day/run_summary.txt,0,60.05652,60.05652,18.774616,0.098754,EUR/kWh,/home/hku_user3/EnergyBridge_rl_dr_memory_202607/experiments/real_data/germany_2025_price.csv,10.7592,10.7592,1.0,1.0,,0.0,1.0,[],"['dishwasher', 'dryer', 'ev', 'washer', 'water_heater']",[]
household_s3_hybrid_work_from_home,household_s3_hybrid_work_from_home,no_dr,Germany,1,2025-07-17,d17_hist_d17_1,hist_d17_1,17,/home/hku_user3/EnergyBridge_rl_dr_memory_202607/experiments/real_data/germany_2025_price.csv,18.0,1.0,/home/hku_user3/EnergyBridge_rl_dr_memory_202607/benchmark_results/2026-07-22_rule_milp_dr_memory_daily_july/_batch_logs/daily_event_configs/d17_hist_d17_1.json,skipped_done,0,0.0,/home/hku_user3/EnergyBridge_rl_dr_memory_202607/benchmark_results/2026-07-22_rule_milp_dr_memory_daily_july/household_s3_hybrid_work_from_home_no_dr_germany_d17_hist_d17_1_2025-07-17_1day,/home/hku_user3/EnergyBridge_rl_dr_memory_202607/benchmark_results/2026-07-22_rule_milp_dr_memory_daily_july/_batch_logs/daily_dr_memory_germany_1day/household_s3_hybrid_work_from_home_no_dr_germany_d17_hist_d17_1_2025-07-17_1day.log,/home/hku_user3/EnergyBridge_rl_dr_memory_202607/benchmark_results/2026-07-22_rule_milp_dr_memory_daily_july/household_s3_hybrid_work_from_home_no_dr_germany_d17_hist_d17_1_2025-07-17_1day/run_summary.txt,0,52.130047,52.130047,17.934095,0.098664,EUR/kWh,/home/hku_user3/EnergyBridge_rl_dr_memory_202607/experiments/real_data/germany_2025_price.csv,10.7674,10.7674,1.0,1.0,,0.0,0.8,[],"['dishwasher', 'dryer', 'ev', 'washer', 'water_heater']",[]
household_s2_multigeneration_caregiver,household_s2_multigeneration_caregiver,no_dr,Tianjin,1,2025-07-17,d17_hist_d17_1,hist_d17_1,17,/home/hku_user3/EnergyBridge_rl_dr_memory_202607/experiments/real_data/tianjin_tou_price_normalized.csv,18.0,1.0,/home/hku_user3/EnergyBridge_rl_dr_memory_202607/benchmark_results/2026-07-22_rule_milp_dr_memory_daily_july/_batch_logs/daily_event_configs/d17_hist_d17_1.json,skipped_done,0,0.0,/home/hku_user3/EnergyBridge_rl_dr_memory_202607/benchmark_results/2026-07-22_rule_milp_dr_memory_daily_july/household_s2_multigeneration_caregiver_no_dr_tianjin_d17_hist_d17_1_2025-07-17_1day,/home/hku_user3/EnergyBridge_rl_dr_memory_202607/benchmark_results/2026-07-22_rule_milp_dr_memory_daily_july/_batch_logs/daily_dr_memory_tianjin_1day/household_s2_multigeneration_caregiver_no_dr_tianjin_d17_hist_d17_1_2025-07-17_1day.log,/home/hku_user3/EnergyBridge_rl_dr_memory_202607/benchmark_results/2026-07-22_rule_milp_dr_memory_daily_july/household_s2_multigeneration_caregiver_no_dr_tianjin_d17_hist_d17_1_2025-07-17_1day/run_summary.txt,0,57.712435,57.712435,63.328893,1.188051,normalized TOU cost/kWh,/home/hku_user3/EnergyBridge_rl_dr_memory_202607/experiments/real_data/tianjin_tou_price_normalized.csv,5.1367,5.1367,1.0,1.0,,0.0,1.0,[],"['dishwasher', 'dryer', 'ev', 'washer', 'water_heater']",[]
household_s4_ev_commuter_flexible,household_s4_ev_commuter_flexible,no_dr,Tianjin,1,2025-07-17,d17_hist_d17_1,hist_d17_1,17,/home/hku_user3/EnergyBridge_rl_dr_memory_202607/experiments/real_data/tianjin_tou_price_normalized.csv,18.0,1.0,/home/hku_user3/EnergyBridge_rl_dr_memory_202607/benchmark_results/2026-07-22_rule_milp_dr_memory_daily_july/_batch_logs/daily_event_configs/d17_hist_d17_1.json,skipped_done,0,0.0,/home/hku_user3/EnergyBridge_rl_dr_memory_202607/benchmark_results/2026-07-22_rule_milp_dr_memory_daily_july/household_s4_ev_commuter_flexible_no_dr_tianjin_d17_hist_d17_1_2025-07-17_1day,/home/hku_user3/EnergyBridge_rl_dr_memory_202607/benchmark_results/2026-07-22_rule_milp_dr_memory_daily_july/_batch_logs/daily_dr_memory_tianjin_1day/household_s4_ev_commuter_flexible_no_dr_tianjin_d17_hist_d17_1_2025-07-17_1day.log,/home/hku_user3/EnergyBridge_rl_dr_memory_202607/benchmark_results/2026-07-22_rule_milp_dr_memory_daily_july/household_s4_ev_commuter_flexible_no_dr_tianjin_d17_hist_d17_1_2025-07-17_1day/run_summary.txt,0,68.582387,68.582387,74.728688,1.141415,normalized TOU cost/kWh,/home/hku_user3/EnergyBridge_rl_dr_memory_202607/experiments/real_data/tianjin_tou_price_normalized.csv,5.0937,5.0937,1.0,1.0,,0.0,1.0,[],"['dishwasher', 'dryer', 'ev', 'washer', 'water_heater']",[]
household_s2_multigeneration_caregiver,household_s2_multigeneration_caregiver,rule_milp,Tianjin,1,2025-07-17,d17_hist_d17_1,hist_d17_1,17,/home/hku_user3/EnergyBridge_rl_dr_memory_202607/experiments/real_data/tianjin_tou_price_normalized.csv,18.0,1.0,/home/hku_user3/EnergyBridge_rl_dr_memory_202607/benchmark_results/2026-07-22_rule_milp_dr_memory_daily_july/_batch_logs/daily_event_configs/d17_hist_d17_1.json,skipped_done,0,0.0,/home/hku_user3/EnergyBridge_rl_dr_memory_202607/benchmark_results/2026-07-22_rule_milp_dr_memory_daily_july/household_s2_multigeneration_caregiver_rule_milp_tianjin_d17_hist_d17_1_2025-07-17_1day,/home/hku_user3/EnergyBridge_rl_dr_memory_202607/benchmark_results/2026-07-22_rule_milp_dr_memory_daily_july/_batch_logs/daily_dr_memory_tianjin_1day/household_s2_multigeneration_caregiver_rule_milp_tianjin_d17_hist_d17_1_2025-07-17_1day.log,/home/hku_user3/EnergyBridge_rl_dr_memory_202607/benchmark_results/2026-07-22_rule_milp_dr_memory_daily_july/household_s2_multigeneration_caregiver_rule_milp_tianjin_d17_hist_d17_1_2025-07-17_1day/run_summary.txt,0,63.253876,63.253876,61.088791,1.166049,normalized TOU cost/kWh,/home/hku_user3/EnergyBridge_rl_dr_memory_202607/experiments/real_data/tianjin_tou_price_normalized.csv,1.7663,1.7663,0.0,0.0,1.9,1.0,1.0,"['dishwasher', 'dryer', 'ev', 'washer', 'water_heater']",[],[]
household_s4_ev_commuter_flexible,household_s4_ev_commuter_flexible,rule_milp,Germany,1,2025-07-18,d18_hist_d18_1,hist_d18_1,18,/home/hku_user3/EnergyBridge_rl_dr_memory_202607/experiments/real_data/germany_2025_price.csv,17.0,1.0,/home/hku_user3/EnergyBridge_rl_dr_memory_202607/benchmark_results/2026-07-22_rule_milp_dr_memory_daily_july/_batch_logs/daily_event_configs/d18_hist_d18_1.json,skipped_done,0,0.0,/home/hku_user3/EnergyBridge_rl_dr_memory_202607/benchmark_results/2026-07-22_rule_milp_dr_memory_daily_july/household_s4_ev_commuter_flexible_rule_milp_germany_d18_hist_d18_1_2025-07-18_1day,/home/hku_user3/EnergyBridge_rl_dr_memory_202607/benchmark_results/2026-07-22_rule_milp_dr_memory_daily_july/_batch_logs/daily_dr_memory_germany_1day/household_s4_ev_commuter_flexible_rule_milp_germany_d18_hist_d18_1_2025-07-18_1day.log,/home/hku_user3/EnergyBridge_rl_dr_memory_202607/benchmark_results/2026-07-22_rule_milp_dr_memory_daily_july/household_s4_ev_commuter_flexible_rule_milp_germany_d18_hist_d18_1_2025-07-18_1day/run_summary.txt,0,74.202513,74.202513,20.087603,0.107333,EUR/kWh,/home/hku_user3/EnergyBridge_rl_dr_memory_202607/experiments/real_data/germany_2025_price.csv,8.7486,8.7486,0.0,0.0,2.0,1.0,1.0,"['dishwasher', 'dryer', 'ev', 'washer', 'water_heater']",[],[]
household_s4_ev_commuter_flexible,household_s4_ev_commuter_flexible,rule_milp,Tianjin,1,2025-07-17,d17_hist_d17_1,hist_d17_1,17,/home/hku_user3/EnergyBridge_rl_dr_memory_202607/experiments/real_data/tianjin_tou_price_normalized.csv,18.0,1.0,/home/hku_user3/EnergyBridge_rl_dr_memory_202607/benchmark_results/2026-07-22_rule_milp_dr_memory_daily_july/_batch_logs/daily_event_configs/d17_hist_d17_1.json,skipped_done,0,0.0,/home/hku_user3/EnergyBridge_rl_dr_memory_202607/benchmark_results/2026-07-22_rule_milp_dr_memory_daily_july/household_s4_ev_commuter_flexible_rule_milp_tianjin_d17_hist_d17_1_2025-07-17_1day,/home/hku_user3/EnergyBridge_rl_dr_memory_202607/benchmark_results/2026-07-22_rule_milp_dr_memory_daily_july/_batch_logs/daily_dr_memory_tianjin_1day/household_s4_ev_commuter_flexible_rule_milp_tianjin_d17_hist_d17_1_2025-07-17_1day.log,/home/hku_user3/EnergyBridge_rl_dr_memory_202607/benchmark_results/2026-07-22_rule_milp_dr_memory_daily_july/household_s4_ev_commuter_flexible_rule_milp_tianjin_d17_hist_d17_1_2025-07-17_1day/run_summary.txt,0,68.948664,68.948664,68.569228,1.106373,normalized TOU cost/kWh,/home/hku_user3/EnergyBridge_rl_dr_memory_202607/experiments/real_data/tianjin_tou_price_normalized.csv,1.5898,1.5898,0.0,0.0,2.0,1.0,1.0,"['dishwasher', 'dryer', 'ev', 'washer', 'water_heater']",[],[]
household_s2_multigeneration_caregiver,household_s2_multigeneration_caregiver,no_dr,Germany,1,2025-07-17,d17_hist_d17_1,hist_d17_1,17,/home/hku_user3/EnergyBridge_rl_dr_memory_202607/experiments/real_data/germany_2025_price.csv,18.0,1.0,/home/hku_user3/EnergyBridge_rl_dr_memory_202607/benchmark_results/2026-07-22_rule_milp_dr_memory_daily_july/_batch_logs/daily_event_configs/d17_hist_d17_1.json,skipped_done,0,0.0,/home/hku_user3/EnergyBridge_rl_dr_memory_202607/benchmark_results/2026-07-22_rule_milp_dr_memory_daily_july/household_s2_multigeneration_caregiver_no_dr_germany_d17_hist_d17_1_2025-07-17_1day,/home/hku_user3/EnergyBridge_rl_dr_memory_202607/benchmark_results/2026-07-22_rule_milp_dr_memory_daily_july/_batch_logs/daily_dr_memory_germany_1day/household_s2_multigeneration_caregiver_no_dr_germany_d17_hist_d17_1_2025-07-17_1day.log,/home/hku_user3/EnergyBridge_rl_dr_memory_202607/benchmark_results/2026-07-22_rule_milp_dr_memory_daily_july/household_s2_multigeneration_caregiver_no_dr_germany_d17_hist_d17_1_2025-07-17_1day/run_summary.txt,0,48.50785,48.50785,17.540388,0.098493,EUR/kWh,/home/hku_user3/EnergyBridge_rl_dr_memory_202607/experiments/real_data/germany_2025_price.csv,10.7971,10.7971,1.0,1.0,,0.0,1.0,[],"['dishwasher', 'dryer', 'ev', 'washer', 'water_heater']",[]
household_s1_dual_commuter_standard,household_s1_dual_commuter_standard,no_dr,Germany,1,2025-07-18,d18_hist_d18_1,hist_d18_1,18,/home/hku_user3/EnergyBridge_rl_dr_memory_202607/experiments/real_data/germany_2025_price.csv,17.0,1.0,/home/hku_user3/EnergyBridge_rl_dr_memory_202607/benchmark_results/2026-07-22_rule_milp_dr_memory_daily_july/_batch_logs/daily_event_configs/d18_hist_d18_1.json,skipped_done,0,0.0,/home/hku_user3/EnergyBridge_rl_dr_memory_202607/benchmark_results/2026-07-22_rule_milp_dr_memory_daily_july/household_s1_dual_commuter_standard_no_dr_germany_d18_hist_d18_1_2025-07-18_1day,/home/hku_user3/EnergyBridge_rl_dr_memory_202607/benchmark_results/2026-07-22_rule_milp_dr_memory_daily_july/_batch_logs/daily_dr_memory_germany_1day/household_s1_dual_commuter_standard_no_dr_germany_d18_hist_d18_1_2025-07-18_1day.log,/home/hku_user3/EnergyBridge_rl_dr_memory_202607/benchmark_results/2026-07-22_rule_milp_dr_memory_daily_july/household_s1_dual_commuter_standard_no_dr_germany_d18_hist_d18_1_2025-07-18_1day/run_summary.txt,0,66.010157,66.010157,20.337876,0.108155,EUR/kWh,/home/hku_user3/EnergyBridge_rl_dr_memory_202607/experiments/real_data/germany_2025_price.csv,10.7723,10.7723,1.0,1.0,,0.0,0.8,[],"['dishwasher', 'dryer', 'ev', 'washer', 'water_heater']",[]
household_s2_multigeneration_caregiver,household_s2_multigeneration_caregiver,no_dr,Tianjin,1,2025-07-18,d18_hist_d18_1,hist_d18_1,18,/home/hku_user3/EnergyBridge_rl_dr_memory_202607/experiments/real_data/tianjin_tou_price_normalized.csv,17.0,1.0,/home/hku_user3/EnergyBridge_rl_dr_memory_202607/benchmark_results/2026-07-22_rule_milp_dr_memory_daily_july/_batch_logs/daily_event_configs/d18_hist_d18_1.json,skipped_done,0,0.0,/home/hku_user3/EnergyBridge_rl_dr_memory_202607/benchmark_results/2026-07-22_rule_milp_dr_memory_daily_july/household_s2_multigeneration_caregiver_no_dr_tianjin_d18_hist_d18_1_2025-07-18_1day,/home/hku_user3/EnergyBridge_rl_dr_memory_202607/benchmark_results/2026-07-22_rule_milp_dr_memory_daily_july/_batch_logs/daily_dr_memory_tianjin_1day/household_s2_multigeneration_caregiver_no_dr_tianjin_d18_hist_d18_1_2025-07-18_1day.log,/home/hku_user3/EnergyBridge_rl_dr_memory_202607/benchmark_results/2026-07-22_rule_milp_dr_memory_daily_july/household_s2_multigeneration_caregiver_no_dr_tianjin_d18_hist_d18_1_2025-07-18_1day/run_summary.txt,0,63.996407,63.996407,69.743144,1.196,normalized TOU cost/kWh,/home/hku_user3/EnergyBridge_rl_dr_memory_202607/experiments/real_data/tianjin_tou_price_normalized.csv,4.4204,4.4204,1.0,1.0,,0.0,0.8,[],"['dishwasher', 'dryer', 'ev', 'washer', 'water_heater']",[]
household_s3_hybrid_work_from_home,household_s3_hybrid_work_from_home,rule_milp,Tianjin,1,2025-07-17,d17_hist_d17_1,hist_d17_1,17,/home/hku_user3/EnergyBridge_rl_dr_memory_202607/experiments/real_data/tianjin_tou_price_normalized.csv,18.0,1.0,/home/hku_user3/EnergyBridge_rl_dr_memory_202607/benchmark_results/2026-07-22_rule_milp_dr_memory_daily_july/_batch_logs/daily_event_configs/d17_hist_d17_1.json,skipped_done,0,0.0,/home/hku_user3/EnergyBridge_rl_dr_memory_202607/benchmark_results/2026-07-22_rule_milp_dr_memory_daily_july/household_s3_hybrid_work_from_home_rule_milp_tianjin_d17_hist_d17_1_2025-07-17_1day,/home/hku_user3/EnergyBridge_rl_dr_memory_202607/benchmark_results/2026-07-22_rule_milp_dr_memory_daily_july/_batch_logs/daily_dr_memory_tianjin_1day/household_s3_hybrid_work_from_home_rule_milp_tianjin_d17_hist_d17_1_2025-07-17_1day.log,/home/hku_user3/EnergyBridge_rl_dr_memory_202607/benchmark_results/2026-07-22_rule_milp_dr_memory_daily_july/household_s3_hybrid_work_from_home_rule_milp_tianjin_d17_hist_d17_1_2025-07-17_1day/run_summary.txt,0,65.095802,65.095802,62.98686,1.149324,normalized TOU cost/kWh,/home/hku_user3/EnergyBridge_rl_dr_memory_202607/experiments/real_data/tianjin_tou_price_normalized.csv,1.5888,1.5888,0.0,0.0,1.983,1.0,1.0,"['dishwasher', 'dryer', 'ev', 'washer', 'water_heater']",[],[]
household_s5_shared_roommates_irregular,household_s5_shared_roommates_irregular,rule_milp,Tianjin,1,2025-07-17,d17_hist_d17_1,hist_d17_1,17,/home/hku_user3/EnergyBridge_rl_dr_memory_202607/experiments/real_data/tianjin_tou_price_normalized.csv,18.0,1.0,/home/hku_user3/EnergyBridge_rl_dr_memory_202607/benchmark_results/2026-07-22_rule_milp_dr_memory_daily_july/_batch_logs/daily_event_configs/d17_hist_d17_1.json,skipped_done,0,0.0,/home/hku_user3/EnergyBridge_rl_dr_memory_202607/benchmark_results/2026-07-22_rule_milp_dr_memory_daily_july/household_s5_shared_roommates_irregular_rule_milp_tianjin_d17_hist_d17_1_2025-07-17_1day,/home/hku_user3/EnergyBridge_rl_dr_memory_202607/benchmark_results/2026-07-22_rule_milp_dr_memory_daily_july/_batch_logs/daily_dr_memory_tianjin_1day/household_s5_shared_roommates_irregular_rule_milp_tianjin_d17_hist_d17_1_2025-07-17_1day.log,/home/hku_user3/EnergyBridge_rl_dr_memory_202607/benchmark_results/2026-07-22_rule_milp_dr_memory_daily_july/household_s5_shared_roommates_irregular_rule_milp_tianjin_d17_hist_d17_1_2025-07-17_1day/run_summary.txt,0,60.786346,60.786346,60.40691,1.122507,normalized TOU cost/kWh,/home/hku_user3/EnergyBridge_rl_dr_memory_202607/experiments/real_data/tianjin_tou_price_normalized.csv,1.5898,1.5898,0.0,0.0,1.962,1.0,1.0,"['dishwasher', 'dryer', 'ev', 'washer', 'water_heater']",[],[]
household_s4_ev_commuter_flexible,household_s4_ev_commuter_flexible,rule_milp,Germany,1,2025-07-17,d17_hist_d17_1,hist_d17_1,17,/home/hku_user3/EnergyBridge_rl_dr_memory_202607/experiments/real_data/germany_2025_price.csv,18.0,1.0,/home/hku_user3/EnergyBridge_rl_dr_memory_202607/benchmark_results/2026-07-22_rule_milp_dr_memory_daily_july/_batch_logs/daily_event_configs/d17_hist_d17_1.json,skipped_done,0,0.0,/home/hku_user3/EnergyBridge_rl_dr_memory_202607/benchmark_results/2026-07-22_rule_milp_dr_memory_daily_july/household_s4_ev_commuter_flexible_rule_milp_germany_d17_hist_d17_1_2025-07-17_1day,/home/hku_user3/EnergyBridge_rl_dr_memory_202607/benchmark_results/2026-07-22_rule_milp_dr_memory_daily_july/_batch_logs/daily_dr_memory_germany_1day/household_s4_ev_commuter_flexible_rule_milp_germany_d17_hist_d17_1_2025-07-17_1day.log,/home/hku_user3/EnergyBridge_rl_dr_memory_202607/benchmark_results/2026-07-22_rule_milp_dr_memory_daily_july/household_s4_ev_commuter_flexible_rule_milp_germany_d17_hist_d17_1_2025-07-17_1day/run_summary.txt,0,62.880083,62.880083,18.413629,0.097932,EUR/kWh,/home/hku_user3/EnergyBridge_rl_dr_memory_202607/experiments/real_data/germany_2025_price.csv,6.6736,6.6736,0.0,0.0,2.0,1.0,1.0,"['dishwasher', 'dryer', 'ev', 'washer', 'water_heater']",[],[]
household_s3_hybrid_work_from_home,household_s3_hybrid_work_from_home,rule_milp,Tianjin,1,2025-07-18,d18_hist_d18_1,hist_d18_1,18,/home/hku_user3/EnergyBridge_rl_dr_memory_202607/experiments/real_data/tianjin_tou_price_normalized.csv,17.0,1.0,/home/hku_user3/EnergyBridge_rl_dr_memory_202607/benchmark_results/2026-07-22_rule_milp_dr_memory_daily_july/_batch_logs/daily_event_configs/d18_hist_d18_1.json,skipped_done,0,0.0,/home/hku_user3/EnergyBridge_rl_dr_memory_202607/benchmark_results/2026-07-22_rule_milp_dr_memory_daily_july/household_s3_hybrid_work_from_home_rule_milp_tianjin_d18_hist_d18_1_2025-07-18_1day,/home/hku_user3/EnergyBridge_rl_dr_memory_202607/benchmark_results/2026-07-22_rule_milp_dr_memory_daily_july/_batch_logs/daily_dr_memory_tianjin_1day/household_s3_hybrid_work_from_home_rule_milp_tianjin_d18_hist_d18_1_2025-07-18_1day.log,/home/hku_user3/EnergyBridge_rl_dr_memory_202607/benchmark_results/2026-07-22_rule_milp_dr_memory_daily_july/household_s3_hybrid_work_from_home_rule_milp_tianjin_d18_hist_d18_1_2025-07-18_1day/run_summary.txt,0,74.526726,74.526726,67.055838,1.179489,normalized TOU cost/kWh,/home/hku_user3/EnergyBridge_rl_dr_memory_202607/experiments/real_data/tianjin_tou_price_normalized.csv,2.1107,2.1107,0.0,0.0,1.983,1.0,1.0,"['dishwasher', 'dryer', 'ev', 'washer', 'water_heater']",[],[]
household_s5_shared_roommates_irregular,household_s5_shared_roommates_irregular,no_dr,Germany,1,2025-07-17,d17_hist_d17_1,hist_d17_1,17,/home/hku_user3/EnergyBridge_rl_dr_memory_202607/experiments/real_data/germany_2025_price.csv,18.0,1.0,/home/hku_user3/EnergyBridge_rl_dr_memory_202607/benchmark_results/2026-07-22_rule_milp_dr_memory_daily_july/_batch_logs/daily_event_configs/d17_hist_d17_1.json,skipped_done,0,0.0,/home/hku_user3/EnergyBridge_rl_dr_memory_202607/benchmark_results/2026-07-22_rule_milp_dr_memory_daily_july/household_s5_shared_roommates_irregular_no_dr_germany_d17_hist_d17_1_2025-07-17_1day,/home/hku_user3/EnergyBridge_rl_dr_memory_202607/benchmark_results/2026-07-22_rule_milp_dr_memory_daily_july/_batch_logs/daily_dr_memory_germany_1day/household_s5_shared_roommates_irregular_no_dr_germany_d17_hist_d17_1_2025-07-17_1day.log,/home/hku_user3/EnergyBridge_rl_dr_memory_202607/benchmark_results/2026-07-22_rule_milp_dr_memory_daily_july/household_s5_shared_roommates_irregular_no_dr_germany_d17_hist_d17_1_2025-07-17_1day/run_summary.txt,0,51.894201,51.894201,17.948198,0.098642,EUR/kWh,/home/hku_user3/EnergyBridge_rl_dr_memory_202607/experiments/real_data/germany_2025_price.csv,10.7592,10.7592,1.0,1.0,,0.0,1.0,[],"['dishwasher', 'dryer', 'ev', 'washer', 'water_heater']",[]
household_s2_multigeneration_caregiver,household_s2_multigeneration_caregiver,no_dr,Germany,1,2025-07-18,d18_hist_d18_1,hist_d18_1,18,/home/hku_user3/EnergyBridge_rl_dr_memory_202607/experiments/real_data/germany_2025_price.csv,17.0,1.0,/home/hku_user3/EnergyBridge_rl_dr_memory_202607/benchmark_results/2026-07-22_rule_milp_dr_memory_daily_july/_batch_logs/daily_event_configs/d18_hist_d18_1.json,skipped_done,0,0.0,/home/hku_user3/EnergyBridge_rl_dr_memory_202607/benchmark_results/2026-07-22_rule_milp_dr_memory_daily_july/household_s2_multigeneration_caregiver_no_dr_germany_d18_hist_d18_1_2025-07-18_1day,/home/hku_user3/EnergyBridge_rl_dr_memory_202607/benchmark_results/2026-07-22_rule_milp_dr_memory_daily_july/_batch_logs/daily_dr_memory_germany_1day/household_s2_multigeneration_caregiver_no_dr_germany_d18_hist_d18_1_2025-07-18_1day.log,/home/hku_user3/EnergyBridge_rl_dr_memory_202607/benchmark_results/2026-07-22_rule_milp_dr_memory_daily_july/household_s2_multigeneration_caregiver_no_dr_germany_d18_hist_d18_1_2025-07-18_1day/run_summary.txt,0,57.812967,57.812967,19.82121,0.108117,EUR/kWh,/home/hku_user3/EnergyBridge_rl_dr_memory_202607/experiments/real_data/germany_2025_price.csv,10.8174,10.8174,1.0,1.0,,0.0,0.8,[],"['dishwasher', 'dryer', 'ev', 'washer', 'water_heater']",[]
household_s3_hybrid_work_from_home,household_s3_hybrid_work_from_home,no_dr,Tianjin,1,2025-07-18,d18_hist_d18_1,hist_d18_1,18,/home/hku_user3/EnergyBridge_rl_dr_memory_202607/experiments/real_data/tianjin_tou_price_normalized.csv,17.0,1.0,/home/hku_user3/EnergyBridge_rl_dr_memory_202607/benchmark_results/2026-07-22_rule_milp_dr_memory_daily_july/_batch_logs/daily_event_configs/d18_hist_d18_1.json,skipped_done,0,0.0,/home/hku_user3/EnergyBridge_rl_dr_memory_202607/benchmark_results/2026-07-22_rule_milp_dr_memory_daily_july/household_s3_hybrid_work_from_home_no_dr_tianjin_d18_hist_d18_1_2025-07-18_1day,/home/hku_user3/EnergyBridge_rl_dr_memory_202607/benchmark_results/2026-07-22_rule_milp_dr_memory_daily_july/_batch_logs/daily_dr_memory_tianjin_1day/household_s3_hybrid_work_from_home_no_dr_tianjin_d18_hist_d18_1_2025-07-18_1day.log,/home/hku_user3/EnergyBridge_rl_dr_memory_202607/benchmark_results/2026-07-22_rule_milp_dr_memory_daily_july/household_s3_hybrid_work_from_home_no_dr_tianjin_d18_hist_d18_1_2025-07-18_1day/run_summary.txt,0,66.816856,66.816856,73.25089,1.171682,normalized TOU cost/kWh,/home/hku_user3/EnergyBridge_rl_dr_memory_202607/experiments/real_data/tianjin_tou_price_normalized.csv,4.3721,4.3721,1.0,1.0,,0.0,0.8,[],"['dishwasher', 'dryer', 'ev', 'washer', 'water_heater']",[]
household_s1_dual_commuter_standard,household_s1_dual_commuter_standard,rule_milp,Tianjin,1,2025-07-18,d18_hist_d18_1,hist_d18_1,18,/home/hku_user3/EnergyBridge_rl_dr_memory_202607/experiments/real_data/tianjin_tou_price_normalized.csv,17.0,1.0,/home/hku_user3/EnergyBridge_rl_dr_memory_202607/benchmark_results/2026-07-22_rule_milp_dr_memory_daily_july/_batch_logs/daily_event_configs/d18_hist_d18_1.json,skipped_done,0,0.0,/home/hku_user3/EnergyBridge_rl_dr_memory_202607/benchmark_results/2026-07-22_rule_milp_dr_memory_daily_july/household_s1_dual_commuter_standard_rule_milp_tianjin_d18_hist_d18_1_2025-07-18_1day,/home/hku_user3/EnergyBridge_rl_dr_memory_202607/benchmark_results/2026-07-22_rule_milp_dr_memory_daily_july/_batch_logs/daily_dr_memory_tianjin_1day/household_s1_dual_commuter_standard_rule_milp_tianjin_d18_hist_d18_1_2025-07-18_1day.log,/home/hku_user3/EnergyBridge_rl_dr_memory_202607/benchmark_results/2026-07-22_rule_milp_dr_memory_daily_july/household_s1_dual_commuter_standard_rule_milp_tianjin_d18_hist_d18_1_2025-07-18_1day/run_summary.txt,0,75.276923,75.276923,68.440203,1.159553,normalized TOU cost/kWh,/home/hku_user3/EnergyBridge_rl_dr_memory_202607/experiments/real_data/tianjin_tou_price_normalized.csv,2.3616,2.3616,0.0,0.0,1.962,1.0,1.0,"['dishwasher', 'dryer', 'ev', 'washer', 'water_heater']",[],[]
household_s4_ev_commuter_flexible,household_s4_ev_commuter_flexible,no_dr,Germany,1,2025-07-18,d18_hist_d18_1,hist_d18_1,18,/home/hku_user3/EnergyBridge_rl_dr_memory_202607/experiments/real_data/germany_2025_price.csv,17.0,1.0,/home/hku_user3/EnergyBridge_rl_dr_memory_202607/benchmark_results/2026-07-22_rule_milp_dr_memory_daily_july/_batch_logs/daily_event_configs/d18_hist_d18_1.json,skipped_done,0,0.0,/home/hku_user3/EnergyBridge_rl_dr_memory_202607/benchmark_results/2026-07-22_rule_milp_dr_memory_daily_july/household_s4_ev_commuter_flexible_no_dr_germany_d18_hist_d18_1_2025-07-18_1day,/home/hku_user3/EnergyBridge_rl_dr_memory_202607/benchmark_results/2026-07-22_rule_milp_dr_memory_daily_july/_batch_logs/daily_dr_memory_germany_1day/household_s4_ev_commuter_flexible_no_dr_germany_d18_hist_d18_1_2025-07-18_1day.log,/home/hku_user3/EnergyBridge_rl_dr_memory_202607/benchmark_results/2026-07-22_rule_milp_dr_memory_daily_july/household_s4_ev_commuter_flexible_no_dr_germany_d18_hist_d18_1_2025-07-18_1day/run_summary.txt,0,70.091316,70.091316,20.550735,0.108113,EUR/kWh,/home/hku_user3/EnergyBridge_rl_dr_memory_202607/experiments/real_data/germany_2025_price.csv,10.7723,10.7723,1.0,1.0,,0.0,1.0,[],"['dishwasher', 'dryer', 'ev', 'washer', 'water_heater']",[]
household_s2_multigeneration_caregiver,household_s2_multigeneration_caregiver,no_dr,Germany,1,2025-07-19,d19_hist_d19_1,hist_d19_1,19,/home/hku_user3/EnergyBridge_rl_dr_memory_202607/experiments/real_data/germany_2025_price.csv,18.0,1.0,/home/hku_user3/EnergyBridge_rl_dr_memory_202607/benchmark_results/2026-07-22_rule_milp_dr_memory_daily_july/_batch_logs/daily_event_configs/d19_hist_d19_1.json,skipped_done,0,0.0,/home/hku_user3/EnergyBridge_rl_dr_memory_202607/benchmark_results/2026-07-22_rule_milp_dr_memory_daily_july/household_s2_multigeneration_caregiver_no_dr_germany_d19_hist_d19_1_2025-07-19_1day,/home/hku_user3/EnergyBridge_rl_dr_memory_202607/benchmark_results/2026-07-22_rule_milp_dr_memory_daily_july/_batch_logs/daily_dr_memory_germany_1day/household_s2_multigeneration_caregiver_no_dr_germany_d19_hist_d19_1_2025-07-19_1day.log,/home/hku_user3/EnergyBridge_rl_dr_memory_202607/benchmark_results/2026-07-22_rule_milp_dr_memory_daily_july/household_s2_multigeneration_caregiver_no_dr_germany_d19_hist_d19_1_2025-07-19_1day/run_summary.txt,0,71.368875,71.368875,13.977197,0.075951,EUR/kWh,/home/hku_user3/EnergyBridge_rl_dr_memory_202607/experiments/real_data/germany_2025_price.csv,10.2134,10.2134,1.0,1.0,,0.0,1.0,[],"['dishwasher', 'dryer', 'ev', 'washer', 'water_heater']",[]
household_s1_dual_commuter_standard,household_s1_dual_commuter_standard,no_dr,Tianjin,1,2025-07-18,d18_hist_d18_1,hist_d18_1,18,/home/hku_user3/EnergyBridge_rl_dr_memory_202607/experiments/real_data/tianjin_tou_price_normalized.csv,17.0,1.0,/home/hku_user3/EnergyBridge_rl_dr_memory_202607/benchmark_results/2026-07-22_rule_milp_dr_memory_daily_july/_batch_logs/daily_event_configs/d18_hist_d18_1.json,skipped_done,0,0.0,/home/hku_user3/EnergyBridge_rl_dr_memory_202607/benchmark_results/2026-07-22_rule_milp_dr_memory_daily_july/household_s1_dual_commuter_standard_no_dr_tianjin_d18_hist_d18_1_2025-07-18_1day,/home/hku_user3/EnergyBridge_rl_dr_memory_202607/benchmark_results/2026-07-22_rule_milp_dr_memory_daily_july/_batch_logs/daily_dr_memory_tianjin_1day/household_s1_dual_commuter_standard_no_dr_tianjin_d18_hist_d18_1_2025-07-18_1day.log,/home/hku_user3/EnergyBridge_rl_dr_memory_202607/benchmark_results/2026-07-22_rule_milp_dr_memory_daily_july/household_s1_dual_commuter_standard_no_dr_tianjin_d18_hist_d18_1_2025-07-18_1day/run_summary.txt,0,70.421978,70.421978,76.905357,1.160003,normalized TOU cost/kWh,/home/hku_user3/EnergyBridge_rl_dr_memory_202607/experiments/real_data/tianjin_tou_price_normalized.csv,4.3639,4.3639,1.0,1.0,,0.0,0.8,[],"['dishwasher', 'dryer', 'ev', 'washer', 'water_heater']",[]
household_s5_shared_roommates_irregular,household_s5_shared_roommates_irregular,no_dr,Germany,1,2025-07-18,d18_hist_d18_1,hist_d18_1,18,/home/hku_user3/EnergyBridge_rl_dr_memory_202607/experiments/real_data/germany_2025_price.csv,17.0,1.0,/home/hku_user3/EnergyBridge_rl_dr_memory_202607/benchmark_results/2026-07-22_rule_milp_dr_memory_daily_july/_batch_logs/daily_event_configs/d18_hist_d18_1.json,skipped_done,0,0.0,/home/hku_user3/EnergyBridge_rl_dr_memory_202607/benchmark_results/2026-07-22_rule_milp_dr_memory_daily_july/household_s5_shared_roommates_irregular_no_dr_germany_d18_hist_d18_1_2025-07-18_1day,/home/hku_user3/EnergyBridge_rl_dr_memory_202607/benchmark_results/2026-07-22_rule_milp_dr_memory_daily_july/_batch_logs/daily_dr_memory_germany_1day/household_s5_shared_roommates_irregular_no_dr_germany_d18_hist_d18_1_2025-07-18_1day.log,/home/hku_user3/EnergyBridge_rl_dr_memory_202607/benchmark_results/2026-07-22_rule_milp_dr_memory_daily_july/household_s5_shared_roommates_irregular_no_dr_germany_d18_hist_d18_1_2025-07-18_1day/run_summary.txt,0,61.928998,61.928998,20.125017,0.108197,EUR/kWh,/home/hku_user3/EnergyBridge_rl_dr_memory_202607/experiments/real_data/germany_2025_price.csv,10.7723,10.7723,1.0,1.0,,0.0,1.0,[],"['dishwasher', 'dryer', 'ev', 'washer', 'water_heater']",[]
household_s3_hybrid_work_from_home,household_s3_hybrid_work_from_home,no_dr,Tianjin,1,2025-07-17,d17_hist_d17_1,hist_d17_1,17,/home/hku_user3/EnergyBridge_rl_dr_memory_202607/experiments/real_data/tianjin_tou_price_normalized.csv,18.0,1.0,/home/hku_user3/EnergyBridge_rl_dr_memory_202607/benchmark_results/2026-07-22_rule_milp_dr_memory_daily_july/_batch_logs/daily_event_configs/d17_hist_d17_1.json,skipped_done,0,0.0,/home/hku_user3/EnergyBridge_rl_dr_memory_202607/benchmark_results/2026-07-22_rule_milp_dr_memory_daily_july/household_s3_hybrid_work_from_home_no_dr_tianjin_d17_hist_d17_1_2025-07-17_1day,/home/hku_user3/EnergyBridge_rl_dr_memory_202607/benchmark_results/2026-07-22_rule_milp_dr_memory_daily_july/_batch_logs/daily_dr_memory_tianjin_1day/household_s3_hybrid_work_from_home_no_dr_tianjin_d17_hist_d17_1_2025-07-17_1day.log,/home/hku_user3/EnergyBridge_rl_dr_memory_202607/benchmark_results/2026-07-22_rule_milp_dr_memory_daily_july/household_s3_hybrid_work_from_home_no_dr_tianjin_d17_hist_d17_1_2025-07-17_1day/run_summary.txt,0,60.746112,60.746112,66.964881,1.162782,normalized TOU cost/kWh,/home/hku_user3/EnergyBridge_rl_dr_memory_202607/experiments/real_data/tianjin_tou_price_normalized.csv,5.0972,5.0972,1.0,1.0,,0.0,0.8,[],"['dishwasher', 'dryer', 'ev', 'washer', 'water_heater']",[]
household_s1_dual_commuter_standard,household_s1_dual_commuter_standard,no_dr,Germany,1,2025-07-19,d19_hist_d19_1,hist_d19_1,19,/home/hku_user3/EnergyBridge_rl_dr_memory_202607/experiments/real_data/germany_2025_price.csv,18.0,1.0,/home/hku_user3/EnergyBridge_rl_dr_memory_202607/benchmark_results/2026-07-22_rule_milp_dr_memory_daily_july/_batch_logs/daily_event_configs/d19_hist_d19_1.json,skipped_done,0,0.0,/home/hku_user3/EnergyBridge_rl_dr_memory_202607/benchmark_results/2026-07-22_rule_milp_dr_memory_daily_july/household_s1_dual_commuter_standard_no_dr_germany_d19_hist_d19_1_2025-07-19_1day,/home/hku_user3/EnergyBridge_rl_dr_memory_202607/benchmark_results/2026-07-22_rule_milp_dr_memory_daily_july/_batch_logs/daily_dr_memory_germany_1day/household_s1_dual_commuter_standard_no_dr_germany_d19_hist_d19_1_2025-07-19_1day.log,/home/hku_user3/EnergyBridge_rl_dr_memory_202607/benchmark_results/2026-07-22_rule_milp_dr_memory_daily_july/household_s1_dual_commuter_standard_no_dr_germany_d19_hist_d19_1_2025-07-19_1day/run_summary.txt,0,77.55,77.55,14.484176,0.076748,EUR/kWh,/home/hku_user3/EnergyBridge_rl_dr_memory_202607/experiments/real_data/germany_2025_price.csv,10.1739,10.1739,1.0,1.0,,0.0,1.0,[],"['dishwasher', 'dryer', 'ev', 'washer', 'water_heater']",[]
household_s1_dual_commuter_standard,household_s1_dual_commuter_standard,rule_milp,Germany,1,2025-07-18,d18_hist_d18_1,hist_d18_1,18,/home/hku_user3/EnergyBridge_rl_dr_memory_202607/experiments/real_data/germany_2025_price.csv,17.0,1.0,/home/hku_user3/EnergyBridge_rl_dr_memory_202607/benchmark_results/2026-07-22_rule_milp_dr_memory_daily_july/_batch_logs/daily_event_configs/d18_hist_d18_1.json,skipped_done,0,0.0,/home/hku_user3/EnergyBridge_rl_dr_memory_202607/benchmark_results/2026-07-22_rule_milp_dr_memory_daily_july/household_s1_dual_commuter_standard_rule_milp_germany_d18_hist_d18_1_2025-07-18_1day,/home/hku_user3/EnergyBridge_rl_dr_memory_202607/benchmark_results/2026-07-22_rule_milp_dr_memory_daily_july/_batch_logs/daily_dr_memory_germany_1day/household_s1_dual_commuter_standard_rule_milp_germany_d18_hist_d18_1_2025-07-18_1day.log,/home/hku_user3/EnergyBridge_rl_dr_memory_202607/benchmark_results/2026-07-22_rule_milp_dr_memory_daily_july/household_s1_dual_commuter_standard_rule_milp_germany_d18_hist_d18_1_2025-07-18_1day/run_summary.txt,0,73.156425,73.156425,19.987977,0.107371,EUR/kWh,/home/hku_user3/EnergyBridge_rl_dr_memory_202607/experiments/real_data/germany_2025_price.csv,8.8273,8.8273,0.0,0.0,1.962,1.0,1.0,"['dishwasher', 'dryer', 'ev', 'washer', 'water_heater']",[],[]
household_s3_hybrid_work_from_home,household_s3_hybrid_work_from_home,rule_milp,Germany,1,2025-07-18,d18_hist_d18_1,hist_d18_1,18,/home/hku_user3/EnergyBridge_rl_dr_memory_202607/experiments/real_data/germany_2025_price.csv,17.0,1.0,/home/hku_user3/EnergyBridge_rl_dr_memory_202607/benchmark_results/2026-07-22_rule_milp_dr_memory_daily_july/_batch_logs/daily_event_configs/d18_hist_d18_1.json,skipped_done,0,0.0,/home/hku_user3/EnergyBridge_rl_dr_memory_202607/benchmark_results/2026-07-22_rule_milp_dr_memory_daily_july/household_s3_hybrid_work_from_home_rule_milp_germany_d18_hist_d18_1_2025-07-18_1day,/home/hku_user3/EnergyBridge_rl_dr_memory_202607/benchmark_results/2026-07-22_rule_milp_dr_memory_daily_july/_batch_logs/daily_dr_memory_germany_1day/household_s3_hybrid_work_from_home_rule_milp_germany_d18_hist_d18_1_2025-07-18_1day.log,/home/hku_user3/EnergyBridge_rl_dr_memory_202607/benchmark_results/2026-07-22_rule_milp_dr_memory_daily_july/household_s3_hybrid_work_from_home_rule_milp_germany_d18_hist_d18_1_2025-07-18_1day/run_summary.txt,0,69.853327,69.853327,19.788012,0.107053,EUR/kWh,/home/hku_user3/EnergyBridge_rl_dr_memory_202607/experiments/real_data/germany_2025_price.csv,8.5536,8.5536,0.0,0.0,1.983,1.0,1.0,"['dishwasher', 'dryer', 'ev', 'washer', 'water_heater']",[],[]
household_s5_shared_roommates_irregular,household_s5_shared_roommates_irregular,rule_milp,Germany,1,2025-07-17,d17_hist_d17_1,hist_d17_1,17,/home/hku_user3/EnergyBridge_rl_dr_memory_202607/experiments/real_data/germany_2025_price.csv,18.0,1.0,/home/hku_user3/EnergyBridge_rl_dr_memory_202607/benchmark_results/2026-07-22_rule_milp_dr_memory_daily_july/_batch_logs/daily_event_configs/d17_hist_d17_1.json,skipped_done,0,0.0,/home/hku_user3/EnergyBridge_rl_dr_memory_202607/benchmark_results/2026-07-22_rule_milp_dr_memory_daily_july/household_s5_shared_roommates_irregular_rule_milp_germany_d17_hist_d17_1_2025-07-17_1day,/home/hku_user3/EnergyBridge_rl_dr_memory_202607/benchmark_results/2026-07-22_rule_milp_dr_memory_daily_july/_batch_logs/daily_dr_memory_germany_1day/household_s5_shared_roommates_irregular_rule_milp_germany_d17_hist_d17_1_2025-07-17_1day.log,/home/hku_user3/EnergyBridge_rl_dr_memory_202607/benchmark_results/2026-07-22_rule_milp_dr_memory_daily_july/household_s5_shared_roommates_irregular_rule_milp_germany_d17_hist_d17_1_2025-07-17_1day/run_summary.txt,0,54.717764,54.717764,17.598245,0.097842,EUR/kWh,/home/hku_user3/EnergyBridge_rl_dr_memory_202607/experiments/real_data/germany_2025_price.csv,6.6736,6.6736,0.0,0.0,1.962,1.0,1.0,"['dishwasher', 'dryer', 'ev', 'washer', 'water_heater']",[],[]
household_s3_hybrid_work_from_home,household_s3_hybrid_work_from_home,no_dr,Germany,1,2025-07-18,d18_hist_d18_1,hist_d18_1,18,/home/hku_user3/EnergyBridge_rl_dr_memory_202607/experiments/real_data/germany_2025_price.csv,17.0,1.0,/home/hku_user3/EnergyBridge_rl_dr_memory_202607/benchmark_results/2026-07-22_rule_milp_dr_memory_daily_july/_batch_logs/daily_event_configs/d18_hist_d18_1.json,skipped_done,0,0.0,/home/hku_user3/EnergyBridge_rl_dr_memory_202607/benchmark_results/2026-07-22_rule_milp_dr_memory_daily_july/household_s3_hybrid_work_from_home_no_dr_germany_d18_hist_d18_1_2025-07-18_1day,/home/hku_user3/EnergyBridge_rl_dr_memory_202607/benchmark_results/2026-07-22_rule_milp_dr_memory_daily_july/_batch_logs/daily_dr_memory_germany_1day/household_s3_hybrid_work_from_home_no_dr_germany_d18_hist_d18_1_2025-07-18_1day.log,/home/hku_user3/EnergyBridge_rl_dr_memory_202607/benchmark_results/2026-07-22_rule_milp_dr_memory_daily_july/household_s3_hybrid_work_from_home_no_dr_germany_d18_hist_d18_1_2025-07-18_1day/run_summary.txt,0,62.192357,62.192357,20.113379,0.108225,EUR/kWh,/home/hku_user3/EnergyBridge_rl_dr_memory_202607/experiments/real_data/germany_2025_price.csv,10.7949,10.7949,1.0,1.0,,0.0,0.8,[],"['dishwasher', 'dryer', 'ev', 'washer', 'water_heater']",[]
household_s2_multigeneration_caregiver,household_s2_multigeneration_caregiver,rule_milp,Germany,1,2025-07-18,d18_hist_d18_1,hist_d18_1,18,/home/hku_user3/EnergyBridge_rl_dr_memory_202607/experiments/real_data/germany_2025_price.csv,17.0,1.0,/home/hku_user3/EnergyBridge_rl_dr_memory_202607/benchmark_results/2026-07-22_rule_milp_dr_memory_daily_july/_batch_logs/daily_event_configs/d18_hist_d18_1.json,skipped_done,0,0.0,/home/hku_user3/EnergyBridge_rl_dr_memory_202607/benchmark_results/2026-07-22_rule_milp_dr_memory_daily_july/household_s2_multigeneration_caregiver_rule_milp_germany_d18_hist_d18_1_2025-07-18_1day,/home/hku_user3/EnergyBridge_rl_dr_memory_202607/benchmark_results/2026-07-22_rule_milp_dr_memory_daily_july/_batch_logs/daily_dr_memory_germany_1day/household_s2_multigeneration_caregiver_rule_milp_germany_d18_hist_d18_1_2025-07-18_1day.log,/home/hku_user3/EnergyBridge_rl_dr_memory_202607/benchmark_results/2026-07-22_rule_milp_dr_memory_daily_july/household_s2_multigeneration_caregiver_rule_milp_germany_d18_hist_d18_1_2025-07-18_1day/run_summary.txt,0,67.49301,67.49301,19.516979,0.106941,EUR/kWh,/home/hku_user3/EnergyBridge_rl_dr_memory_202607/experiments/real_data/germany_2025_price.csv,8.5667,8.5667,0.0,0.0,1.9,1.0,1.0,"['dishwasher', 'dryer', 'ev', 'washer', 'water_heater']",[],[]
household_s4_ev_commuter_flexible,household_s4_ev_commuter_flexible,no_dr,Tianjin,1,2025-07-18,d18_hist_d18_1,hist_d18_1,18,/home/hku_user3/EnergyBridge_rl_dr_memory_202607/experiments/real_data/tianjin_tou_price_normalized.csv,17.0,1.0,/home/hku_user3/EnergyBridge_rl_dr_memory_202607/benchmark_results/2026-07-22_rule_milp_dr_memory_daily_july/_batch_logs/daily_event_configs/d18_hist_d18_1.json,skipped_done,0,0.0,/home/hku_user3/EnergyBridge_rl_dr_memory_202607/benchmark_results/2026-07-22_rule_milp_dr_memory_daily_july/household_s4_ev_commuter_flexible_no_dr_tianjin_d18_hist_d18_1_2025-07-18_1day,/home/hku_user3/EnergyBridge_rl_dr_memory_202607/benchmark_results/2026-07-22_rule_milp_dr_memory_daily_july/_batch_logs/daily_dr_memory_tianjin_1day/household_s4_ev_commuter_flexible_no_dr_tianjin_d18_hist_d18_1_2025-07-18_1day.log,/home/hku_user3/EnergyBridge_rl_dr_memory_202607/benchmark_results/2026-07-22_rule_milp_dr_memory_daily_july/household_s4_ev_commuter_flexible_no_dr_tianjin_d18_hist_d18_1_2025-07-18_1day/run_summary.txt,0,74.503137,74.503137,80.986517,1.150724,normalized TOU cost/kWh,/home/hku_user3/EnergyBridge_rl_dr_memory_202607/experiments/real_data/tianjin_tou_price_normalized.csv,4.3639,4.3639,1.0,1.0,,0.0,1.0,[],"['dishwasher', 'dryer', 'ev', 'washer', 'water_heater']",[]
household_s1_dual_commuter_standard,household_s1_dual_commuter_standard,rule_milp,Germany,1,2025-07-19,d19_hist_d19_1,hist_d19_1,19,/home/hku_user3/EnergyBridge_rl_dr_memory_202607/experiments/real_data/germany_2025_price.csv,18.0,1.0,/home/hku_user3/EnergyBridge_rl_dr_memory_202607/benchmark_results/2026-07-22_rule_milp_dr_memory_daily_july/_batch_logs/daily_event_configs/d19_hist_d19_1.json,skipped_done,0,0.0,/home/hku_user3/EnergyBridge_rl_dr_memory_202607/benchmark_results/2026-07-22_rule_milp_dr_memory_daily_july/household_s1_dual_commuter_standard_rule_milp_germany_d19_hist_d19_1_2025-07-19_1day,/home/hku_user3/EnergyBridge_rl_dr_memory_202607/benchmark_results/2026-07-22_rule_milp_dr_memory_daily_july/_batch_logs/daily_dr_memory_germany_1day/household_s1_dual_commuter_standard_rule_milp_germany_d19_hist_d19_1_2025-07-19_1day.log,/home/hku_user3/EnergyBridge_rl_dr_memory_202607/benchmark_results/2026-07-22_rule_milp_dr_memory_daily_july/household_s1_dual_commuter_standard_rule_milp_germany_d19_hist_d19_1_2025-07-19_1day/run_summary.txt,0,84.648694,84.648694,12.943051,0.073164,EUR/kWh,/home/hku_user3/EnergyBridge_rl_dr_memory_202607/experiments/real_data/germany_2025_price.csv,6.3071,6.3071,1.0,1.0,1.867,1.0,1.0,"['dishwasher', 'dryer', 'ev', 'washer', 'water_heater']",[],[]
household_s5_shared_roommates_irregular,household_s5_shared_roommates_irregular,no_dr,Tianjin,1,2025-07-19,d19_hist_d19_1,hist_d19_1,19,/home/hku_user3/EnergyBridge_rl_dr_memory_202607/experiments/real_data/tianjin_tou_price_normalized.csv,18.0,1.0,/home/hku_user3/EnergyBridge_rl_dr_memory_202607/benchmark_results/2026-07-22_rule_milp_dr_memory_daily_july/_batch_logs/daily_event_configs/d19_hist_d19_1.json,skipped_done,0,0.0,/home/hku_user3/EnergyBridge_rl_dr_memory_202607/benchmark_results/2026-07-22_rule_milp_dr_memory_daily_july/household_s5_shared_roommates_irregular_no_dr_tianjin_d19_hist_d19_1_2025-07-19_1day,/home/hku_user3/EnergyBridge_rl_dr_memory_202607/benchmark_results/2026-07-22_rule_milp_dr_memory_daily_july/_batch_logs/daily_dr_memory_tianjin_1day/household_s5_shared_roommates_irregular_no_dr_tianjin_d19_hist_d19_1_2025-07-19_1day.log,/home/hku_user3/EnergyBridge_rl_dr_memory_202607/benchmark_results/2026-07-22_rule_milp_dr_memory_daily_july/household_s5_shared_roommates_irregular_no_dr_tianjin_d19_hist_d19_1_2025-07-19_1day/run_summary.txt,0,75.714193,75.714193,70.73703,1.18432,normalized TOU cost/kWh,/home/hku_user3/EnergyBridge_rl_dr_memory_202607/experiments/real_data/tianjin_tou_price_normalized.csv,5.8866,5.8866,1.0,1.0,,0.0,1.0,[],"['dishwasher', 'dryer', 'ev', 'washer', 'water_heater']",[]
household_s5_shared_roommates_irregular,household_s5_shared_roommates_irregular,no_dr,Germany,1,2025-07-19,d19_hist_d19_1,hist_d19_1,19,/home/hku_user3/EnergyBridge_rl_dr_memory_202607/experiments/real_data/germany_2025_price.csv,18.0,1.0,/home/hku_user3/EnergyBridge_rl_dr_memory_202607/benchmark_results/2026-07-22_rule_milp_dr_memory_daily_july/_batch_logs/daily_event_configs/d19_hist_d19_1.json,skipped_done,0,0.0,/home/hku_user3/EnergyBridge_rl_dr_memory_202607/benchmark_results/2026-07-22_rule_milp_dr_memory_daily_july/household_s5_shared_roommates_irregular_no_dr_germany_d19_hist_d19_1_2025-07-19_1day,/home/hku_user3/EnergyBridge_rl_dr_memory_202607/benchmark_results/2026-07-22_rule_milp_dr_memory_daily_july/_batch_logs/daily_dr_memory_germany_1day/household_s5_shared_roommates_irregular_no_dr_germany_d19_hist_d19_1_2025-07-19_1day.log,/home/hku_user3/EnergyBridge_rl_dr_memory_202607/benchmark_results/2026-07-22_rule_milp_dr_memory_daily_july/household_s5_shared_roommates_irregular_no_dr_germany_d19_hist_d19_1_2025-07-19_1day/run_summary.txt,0,74.241305,74.241305,14.271651,0.076448,EUR/kWh,/home/hku_user3/EnergyBridge_rl_dr_memory_202607/experiments/real_data/germany_2025_price.csv,10.1739,10.1739,1.0,1.0,,0.0,1.0,[],"['dishwasher', 'dryer', 'ev', 'washer', 'water_heater']",[]
household_s3_hybrid_work_from_home,household_s3_hybrid_work_from_home,no_dr,Germany,1,2025-07-20,d20_hist_d20_1,hist_d20_1,20,/home/hku_user3/EnergyBridge_rl_dr_memory_202607/experiments/real_data/germany_2025_price.csv,18.0,1.0,/home/hku_user3/EnergyBridge_rl_dr_memory_202607/benchmark_results/2026-07-22_rule_milp_dr_memory_daily_july/_batch_logs/daily_event_configs/d20_hist_d20_1.json,skipped_done,0,0.0,/home/hku_user3/EnergyBridge_rl_dr_memory_202607/benchmark_results/2026-07-22_rule_milp_dr_memory_daily_july/household_s3_hybrid_work_from_home_no_dr_germany_d20_hist_d20_1_2025-07-20_1day,/home/hku_user3/EnergyBridge_rl_dr_memory_202607/benchmark_results/2026-07-22_rule_milp_dr_memory_daily_july/_batch_logs/daily_dr_memory_germany_1day/household_s3_hybrid_work_from_home_no_dr_germany_d20_hist_d20_1_2025-07-20_1day.log,/home/hku_user3/EnergyBridge_rl_dr_memory_202607/benchmark_results/2026-07-22_rule_milp_dr_memory_daily_july/household_s3_hybrid_work_from_home_no_dr_germany_d20_hist_d20_1_2025-07-20_1day/run_summary.txt,0,71.569034,71.569034,15.213073,0.079181,EUR/kWh,/home/hku_user3/EnergyBridge_rl_dr_memory_202607/experiments/real_data/germany_2025_price.csv,9.659,9.659,1.0,1.0,,0.0,0.8,[],"['dishwasher', 'dryer', 'ev', 'washer', 'water_heater']",[]
household_s2_multigeneration_caregiver,household_s2_multigeneration_caregiver,rule_milp,Tianjin,1,2025-07-18,d18_hist_d18_1,hist_d18_1,18,/home/hku_user3/EnergyBridge_rl_dr_memory_202607/experiments/real_data/tianjin_tou_price_normalized.csv,17.0,1.0,/home/hku_user3/EnergyBridge_rl_dr_memory_202607/benchmark_results/2026-07-22_rule_milp_dr_memory_daily_july/_batch_logs/daily_event_configs/d18_hist_d18_1.json,skipped_done,0,0.0,/home/hku_user3/EnergyBridge_rl_dr_memory_202607/benchmark_results/2026-07-22_rule_milp_dr_memory_daily_july/household_s2_multigeneration_caregiver_rule_milp_tianjin_d18_hist_d18_1_2025-07-18_1day,/home/hku_user3/EnergyBridge_rl_dr_memory_202607/benchmark_results/2026-07-22_rule_milp_dr_memory_daily_july/_batch_logs/daily_dr_memory_tianjin_1day/household_s2_multigeneration_caregiver_rule_milp_tianjin_d18_hist_d18_1_2025-07-18_1day.log,/home/hku_user3/EnergyBridge_rl_dr_memory_202607/benchmark_results/2026-07-22_rule_milp_dr_memory_daily_july/household_s2_multigeneration_caregiver_rule_milp_tianjin_d18_hist_d18_1_2025-07-18_1day/run_summary.txt,0,72.840283,72.840283,66.614269,1.202665,normalized TOU cost/kWh,/home/hku_user3/EnergyBridge_rl_dr_memory_202607/experiments/real_data/tianjin_tou_price_normalized.csv,2.1757,2.1757,0.0,0.0,1.9,1.0,1.0,"['dishwasher', 'dryer', 'ev', 'washer', 'water_heater']",[],[]
household_s4_ev_commuter_flexible,household_s4_ev_commuter_flexible,no_dr,Germany,1,2025-07-19,d19_hist_d19_1,hist_d19_1,19,/home/hku_user3/EnergyBridge_rl_dr_memory_202607/experiments/real_data/germany_2025_price.csv,18.0,1.0,/home/hku_user3/EnergyBridge_rl_dr_memory_202607/benchmark_results/2026-07-22_rule_milp_dr_memory_daily_july/_batch_logs/daily_event_configs/d19_hist_d19_1.json,skipped_done,0,0.0,/home/hku_user3/EnergyBridge_rl_dr_memory_202607/benchmark_results/2026-07-22_rule_milp_dr_memory_daily_july/household_s4_ev_commuter_flexible_no_dr_germany_d19_hist_d19_1_2025-07-19_1day,/home/hku_user3/EnergyBridge_rl_dr_memory_202607/benchmark_results/2026-07-22_rule_milp_dr_memory_daily_july/_batch_logs/daily_dr_memory_germany_1day/household_s4_ev_commuter_flexible_no_dr_germany_d19_hist_d19_1_2025-07-19_1day.log,/home/hku_user3/EnergyBridge_rl_dr_memory_202607/benchmark_results/2026-07-22_rule_milp_dr_memory_daily_july/household_s4_ev_commuter_flexible_no_dr_germany_d19_hist_d19_1_2025-07-19_1day/run_summary.txt,0,81.923913,81.923913,14.822747,0.077229,EUR/kWh,/home/hku_user3/EnergyBridge_rl_dr_memory_202607/experiments/real_data/germany_2025_price.csv,10.1739,10.1739,1.0,1.0,,0.0,1.0,[],"['dishwasher', 'dryer', 'ev', 'washer', 'water_heater']",[]
household_s5_shared_roommates_irregular,household_s5_shared_roommates_irregular,rule_milp,Germany,1,2025-07-18,d18_hist_d18_1,hist_d18_1,18,/home/hku_user3/EnergyBridge_rl_dr_memory_202607/experiments/real_data/germany_2025_price.csv,17.0,1.0,/home/hku_user3/EnergyBridge_rl_dr_memory_202607/benchmark_results/2026-07-22_rule_milp_dr_memory_daily_july/_batch_logs/daily_event_configs/d18_hist_d18_1.json,skipped_done,0,0.0,/home/hku_user3/EnergyBridge_rl_dr_memory_202607/benchmark_results/2026-07-22_rule_milp_dr_memory_daily_july/household_s5_shared_roommates_irregular_rule_milp_germany_d18_hist_d18_1_2025-07-18_1day,/home/hku_user3/EnergyBridge_rl_dr_memory_202607/benchmark_results/2026-07-22_rule_milp_dr_memory_daily_july/_batch_logs/daily_dr_memory_germany_1day/household_s5_shared_roommates_irregular_rule_milp_germany_d18_hist_d18_1_2025-07-18_1day.log,/home/hku_user3/EnergyBridge_rl_dr_memory_202607/benchmark_results/2026-07-22_rule_milp_dr_memory_daily_july/household_s5_shared_roommates_irregular_rule_milp_germany_d18_hist_d18_1_2025-07-18_1day/run_summary.txt,0,67.211209,67.211209,19.718479,0.107366,EUR/kWh,/home/hku_user3/EnergyBridge_rl_dr_memory_202607/experiments/real_data/germany_2025_price.csv,8.7486,8.7486,0.0,0.0,1.863,1.0,1.0,"['dishwasher', 'dryer', 'ev', 'washer', 'water_heater']",[],[]
household_s5_shared_roommates_irregular,household_s5_shared_roommates_irregular,no_dr,Tianjin,1,2025-07-18,d18_hist_d18_1,hist_d18_1,18,/home/hku_user3/EnergyBridge_rl_dr_memory_202607/experiments/real_data/tianjin_tou_price_normalized.csv,17.0,1.0,/home/hku_user3/EnergyBridge_rl_dr_memory_202607/benchmark_results/2026-07-22_rule_milp_dr_memory_daily_july/_batch_logs/daily_event_configs/d18_hist_d18_1.json,skipped_done,0,0.0,/home/hku_user3/EnergyBridge_rl_dr_memory_202607/benchmark_results/2026-07-22_rule_milp_dr_memory_daily_july/household_s5_shared_roommates_irregular_no_dr_tianjin_d18_hist_d18_1_2025-07-18_1day,/home/hku_user3/EnergyBridge_rl_dr_memory_202607/benchmark_results/2026-07-22_rule_milp_dr_memory_daily_july/_batch_logs/daily_dr_memory_tianjin_1day/household_s5_shared_roommates_irregular_no_dr_tianjin_d18_hist_d18_1_2025-07-18_1day.log,/home/hku_user3/EnergyBridge_rl_dr_memory_202607/benchmark_results/2026-07-22_rule_milp_dr_memory_daily_july/household_s5_shared_roommates_irregular_no_dr_tianjin_d18_hist_d18_1_2025-07-18_1day/run_summary.txt,0,66.340819,66.340819,72.824198,1.170498,normalized TOU cost/kWh,/home/hku_user3/EnergyBridge_rl_dr_memory_202607/experiments/real_data/tianjin_tou_price_normalized.csv,4.3639,4.3639,1.0,1.0,,0.0,1.0,[],"['dishwasher', 'dryer', 'ev', 'washer', 'water_heater']",[]
household_s2_multigeneration_caregiver,household_s2_multigeneration_caregiver,no_dr,Tianjin,1,2025-07-19,d19_hist_d19_1,hist_d19_1,19,/home/hku_user3/EnergyBridge_rl_dr_memory_202607/experiments/real_data/tianjin_tou_price_normalized.csv,18.0,1.0,/home/hku_user3/EnergyBridge_rl_dr_memory_202607/benchmark_results/2026-07-22_rule_milp_dr_memory_daily_july/_batch_logs/daily_event_configs/d19_hist_d19_1.json,skipped_done,0,0.0,/home/hku_user3/EnergyBridge_rl_dr_memory_202607/benchmark_results/2026-07-22_rule_milp_dr_memory_daily_july/household_s2_multigeneration_caregiver_no_dr_tianjin_d19_hist_d19_1_2025-07-19_1day,/home/hku_user3/EnergyBridge_rl_dr_memory_202607/benchmark_results/2026-07-22_rule_milp_dr_memory_daily_july/_batch_logs/daily_dr_memory_tianjin_1day/household_s2_multigeneration_caregiver_no_dr_tianjin_d19_hist_d19_1_2025-07-19_1day.log,/home/hku_user3/EnergyBridge_rl_dr_memory_202607/benchmark_results/2026-07-22_rule_milp_dr_memory_daily_july/household_s2_multigeneration_caregiver_no_dr_tianjin_d19_hist_d19_1_2025-07-19_1day/run_summary.txt,0,72.808724,72.808724,69.460575,1.219503,normalized TOU cost/kWh,/home/hku_user3/EnergyBridge_rl_dr_memory_202607/experiments/real_data/tianjin_tou_price_normalized.csv,5.9499,5.9499,1.0,1.0,,0.0,1.0,[],"['dishwasher', 'dryer', 'ev', 'washer', 'water_heater']",[]
household_s5_shared_roommates_irregular,household_s5_shared_roommates_irregular,rule_milp,Tianjin,1,2025-07-18,d18_hist_d18_1,hist_d18_1,18,/home/hku_user3/EnergyBridge_rl_dr_memory_202607/experiments/real_data/tianjin_tou_price_normalized.csv,17.0,1.0,/home/hku_user3/EnergyBridge_rl_dr_memory_202607/benchmark_results/2026-07-22_rule_milp_dr_memory_daily_july/_batch_logs/daily_event_configs/d18_hist_d18_1.json,skipped_done,0,0.0,/home/hku_user3/EnergyBridge_rl_dr_memory_202607/benchmark_results/2026-07-22_rule_milp_dr_memory_daily_july/household_s5_shared_roommates_irregular_rule_milp_tianjin_d18_hist_d18_1_2025-07-18_1day,/home/hku_user3/EnergyBridge_rl_dr_memory_202607/benchmark_results/2026-07-22_rule_milp_dr_memory_daily_july/_batch_logs/daily_dr_memory_tianjin_1day/household_s5_shared_roommates_irregular_rule_milp_tianjin_d18_hist_d18_1_2025-07-18_1day.log,/home/hku_user3/EnergyBridge_rl_dr_memory_202607/benchmark_results/2026-07-22_rule_milp_dr_memory_daily_july/household_s5_shared_roommates_irregular_rule_milp_tianjin_d18_hist_d18_1_2025-07-18_1day/run_summary.txt,0,67.160062,67.160062,62.841491,1.148643,normalized TOU cost/kWh,/home/hku_user3/EnergyBridge_rl_dr_memory_202607/experiments/real_data/tianjin_tou_price_normalized.csv,2.191,2.191,0.0,0.0,1.863,1.0,1.0,"['dishwasher', 'dryer', 'ev', 'washer', 'water_heater']",[],[]
household_s5_shared_roommates_irregular,household_s5_shared_roommates_irregular,rule_milp,Germany,1,2025-07-19,d19_hist_d19_1,hist_d19_1,19,/home/hku_user3/EnergyBridge_rl_dr_memory_202607/experiments/real_data/germany_2025_price.csv,18.0,1.0,/home/hku_user3/EnergyBridge_rl_dr_memory_202607/benchmark_results/2026-07-22_rule_milp_dr_memory_daily_july/_batch_logs/daily_event_configs/d19_hist_d19_1.json,skipped_done,0,0.0,/home/hku_user3/EnergyBridge_rl_dr_memory_202607/benchmark_results/2026-07-22_rule_milp_dr_memory_daily_july/household_s5_shared_roommates_irregular_rule_milp_germany_d19_hist_d19_1_2025-07-19_1day,/home/hku_user3/EnergyBridge_rl_dr_memory_202607/benchmark_results/2026-07-22_rule_milp_dr_memory_daily_july/_batch_logs/daily_dr_memory_germany_1day/household_s5_shared_roommates_irregular_rule_milp_germany_d19_hist_d19_1_2025-07-19_1day.log,/home/hku_user3/EnergyBridge_rl_dr_memory_202607/benchmark_results/2026-07-22_rule_milp_dr_memory_daily_july/household_s5_shared_roommates_irregular_rule_milp_germany_d19_hist_d19_1_2025-07-19_1day/run_summary.txt,0,76.78809,76.78809,13.80916,0.075001,EUR/kWh,/home/hku_user3/EnergyBridge_rl_dr_memory_202607/experiments/real_data/germany_2025_price.csv,7.4691,7.4691,0.0,0.0,1.962,1.0,1.0,"['dishwasher', 'dryer', 'ev', 'washer', 'water_heater']",[],[]
household_s4_ev_commuter_flexible,household_s4_ev_commuter_flexible,rule_milp,Tianjin,1,2025-07-18,d18_hist_d18_1,hist_d18_1,18,/home/hku_user3/EnergyBridge_rl_dr_memory_202607/experiments/real_data/tianjin_tou_price_normalized.csv,17.0,1.0,/home/hku_user3/EnergyBridge_rl_dr_memory_202607/benchmark_results/2026-07-22_rule_milp_dr_memory_daily_july/_batch_logs/daily_event_configs/d18_hist_d18_1.json,skipped_done,0,0.0,/home/hku_user3/EnergyBridge_rl_dr_memory_202607/benchmark_results/2026-07-22_rule_milp_dr_memory_daily_july/household_s4_ev_commuter_flexible_rule_milp_tianjin_d18_hist_d18_1_2025-07-18_1day,/home/hku_user3/EnergyBridge_rl_dr_memory_202607/benchmark_results/2026-07-22_rule_milp_dr_memory_daily_july/_batch_logs/daily_dr_memory_tianjin_1day/household_s4_ev_commuter_flexible_rule_milp_tianjin_d18_hist_d18_1_2025-07-18_1day.log,/home/hku_user3/EnergyBridge_rl_dr_memory_202607/benchmark_results/2026-07-22_rule_milp_dr_memory_daily_july/household_s4_ev_commuter_flexible_rule_milp_tianjin_d18_hist_d18_1_2025-07-18_1day/run_summary.txt,0,75.32238,75.32238,71.00381,1.129345,normalized TOU cost/kWh,/home/hku_user3/EnergyBridge_rl_dr_memory_202607/experiments/real_data/tianjin_tou_price_normalized.csv,2.191,2.191,0.0,0.0,2.0,1.0,1.0,"['dishwasher', 'dryer', 'ev', 'washer', 'water_heater']",[],[]
household_s4_ev_commuter_flexible,household_s4_ev_commuter_flexible,rule_milp,Germany,1,2025-07-19,d19_hist_d19_1,hist_d19_1,19,/home/hku_user3/EnergyBridge_rl_dr_memory_202607/experiments/real_data/germany_2025_price.csv,18.0,1.0,/home/hku_user3/EnergyBridge_rl_dr_memory_202607/benchmark_results/2026-07-22_rule_milp_dr_memory_daily_july/_batch_logs/daily_event_configs/d19_hist_d19_1.json,skipped_done,0,0.0,/home/hku_user3/EnergyBridge_rl_dr_memory_202607/benchmark_results/2026-07-22_rule_milp_dr_memory_daily_july/household_s4_ev_commuter_flexible_rule_milp_germany_d19_hist_d19_1_2025-07-19_1day,/home/hku_user3/EnergyBridge_rl_dr_memory_202607/benchmark_results/2026-07-22_rule_milp_dr_memory_daily_july/_batch_logs/daily_dr_memory_germany_1day/household_s4_ev_commuter_flexible_rule_milp_germany_d19_hist_d19_1_2025-07-19_1day.log,/home/hku_user3/EnergyBridge_rl_dr_memory_202607/benchmark_results/2026-07-22_rule_milp_dr_memory_daily_july/household_s4_ev_commuter_flexible_rule_milp_germany_d19_hist_d19_1_2025-07-19_1day/run_summary.txt,0,85.637365,85.637365,14.593323,0.076085,EUR/kWh,/home/hku_user3/EnergyBridge_rl_dr_memory_202607/experiments/real_data/germany_2025_price.csv,7.4691,7.4691,0.0,0.0,2.0,1.0,1.0,"['dishwasher', 'dryer', 'ev', 'washer', 'water_heater']",[],[]
household_s4_ev_commuter_flexible,household_s4_ev_commuter_flexible,no_dr,Tianjin,1,2025-07-19,d19_hist_d19_1,hist_d19_1,19,/home/hku_user3/EnergyBridge_rl_dr_memory_202607/experiments/real_data/tianjin_tou_price_normalized.csv,18.0,1.0,/home/hku_user3/EnergyBridge_rl_dr_memory_202607/benchmark_results/2026-07-22_rule_milp_dr_memory_daily_july/_batch_logs/daily_event_configs/d19_hist_d19_1.json,skipped_done,0,0.0,/home/hku_user3/EnergyBridge_rl_dr_memory_202607/benchmark_results/2026-07-22_rule_milp_dr_memory_daily_july/household_s4_ev_commuter_flexible_no_dr_tianjin_d19_hist_d19_1_2025-07-19_1day,/home/hku_user3/EnergyBridge_rl_dr_memory_202607/benchmark_results/2026-07-22_rule_milp_dr_memory_daily_july/_batch_logs/daily_dr_memory_tianjin_1day/household_s4_ev_commuter_flexible_no_dr_tianjin_d19_hist_d19_1_2025-07-19_1day.log,/home/hku_user3/EnergyBridge_rl_dr_memory_202607/benchmark_results/2026-07-22_rule_milp_dr_memory_daily_july/household_s4_ev_commuter_flexible_no_dr_tianjin_d19_hist_d19_1_2025-07-19_1day/run_summary.txt,0,84.462019,84.462019,76.102827,1.15059,normalized TOU cost/kWh,/home/hku_user3/EnergyBridge_rl_dr_memory_202607/experiments/real_data/tianjin_tou_price_normalized.csv,5.8866,5.8866,1.0,1.0,,0.0,1.0,[],"['dishwasher', 'dryer', 'ev', 'washer', 'water_heater']",[]
household_s3_hybrid_work_from_home,household_s3_hybrid_work_from_home,no_dr,Tianjin,1,2025-07-19,d19_hist_d19_1,hist_d19_1,19,/home/hku_user3/EnergyBridge_rl_dr_memory_202607/experiments/real_data/tianjin_tou_price_normalized.csv,18.0,1.0,/home/hku_user3/EnergyBridge_rl_dr_memory_202607/benchmark_results/2026-07-22_rule_milp_dr_memory_daily_july/_batch_logs/daily_event_configs/d19_hist_d19_1.json,skipped_done,0,0.0,/home/hku_user3/EnergyBridge_rl_dr_memory_202607/benchmark_results/2026-07-22_rule_milp_dr_memory_daily_july/household_s3_hybrid_work_from_home_no_dr_tianjin_d19_hist_d19_1_2025-07-19_1day,/home/hku_user3/EnergyBridge_rl_dr_memory_202607/benchmark_results/2026-07-22_rule_milp_dr_memory_daily_july/_batch_logs/daily_dr_memory_tianjin_1day/household_s3_hybrid_work_from_home_no_dr_tianjin_d19_hist_d19_1_2025-07-19_1day.log,/home/hku_user3/EnergyBridge_rl_dr_memory_202607/benchmark_results/2026-07-22_rule_milp_dr_memory_daily_july/household_s3_hybrid_work_from_home_no_dr_tianjin_d19_hist_d19_1_2025-07-19_1day/run_summary.txt,0,75.206949,75.206949,71.176266,1.185537,normalized TOU cost/kWh,/home/hku_user3/EnergyBridge_rl_dr_memory_202607/experiments/real_data/tianjin_tou_price_normalized.csv,5.889,5.889,1.0,1.0,,0.0,0.8,[],"['dishwasher', 'dryer', 'ev', 'washer', 'water_heater']",[]
household_s1_dual_commuter_standard,household_s1_dual_commuter_standard,no_dr,Tianjin,1,2025-07-20,d20_hist_d20_1,hist_d20_1,20,/home/hku_user3/EnergyBridge_rl_dr_memory_202607/experiments/real_data/tianjin_tou_price_normalized.csv,18.0,1.0,/home/hku_user3/EnergyBridge_rl_dr_memory_202607/benchmark_results/2026-07-22_rule_milp_dr_memory_daily_july/_batch_logs/daily_event_configs/d20_hist_d20_1.json,skipped_done,0,0.0,/home/hku_user3/EnergyBridge_rl_dr_memory_202607/benchmark_results/2026-07-22_rule_milp_dr_memory_daily_july/household_s1_dual_commuter_standard_no_dr_tianjin_d20_hist_d20_1_2025-07-20_1day,/home/hku_user3/EnergyBridge_rl_dr_memory_202607/benchmark_results/2026-07-22_rule_milp_dr_memory_daily_july/_batch_logs/daily_dr_memory_tianjin_1day/household_s1_dual_commuter_standard_no_dr_tianjin_d20_hist_d20_1_2025-07-20_1day.log,/home/hku_user3/EnergyBridge_rl_dr_memory_202607/benchmark_results/2026-07-22_rule_milp_dr_memory_daily_july/household_s1_dual_commuter_standard_no_dr_tianjin_d20_hist_d20_1_2025-07-20_1day/run_summary.txt,0,72.422641,72.422641,72.908601,1.194842,normalized TOU cost/kWh,/home/hku_user3/EnergyBridge_rl_dr_memory_202607/experiments/real_data/tianjin_tou_price_normalized.csv,5.0291,5.0291,1.0,1.0,,0.0,1.0,[],"['dishwasher', 'dryer', 'ev', 'washer', 'water_heater']",[]
household_s1_dual_commuter_standard,household_s1_dual_commuter_standard,no_dr,Germany,1,2025-07-20,d20_hist_d20_1,hist_d20_1,20,/home/hku_user3/EnergyBridge_rl_dr_memory_202607/experiments/real_data/germany_2025_price.csv,18.0,1.0,/home/hku_user3/EnergyBridge_rl_dr_memory_202607/benchmark_results/2026-07-22_rule_milp_dr_memory_daily_july/_batch_logs/daily_event_configs/d20_hist_d20_1.json,skipped_done,0,0.0,/home/hku_user3/EnergyBridge_rl_dr_memory_202607/benchmark_results/2026-07-22_rule_milp_dr_memory_daily_july/household_s1_dual_commuter_standard_no_dr_germany_d20_hist_d20_1_2025-07-20_1day,/home/hku_user3/EnergyBridge_rl_dr_memory_202607/benchmark_results/2026-07-22_rule_milp_dr_memory_daily_july/_batch_logs/daily_dr_memory_germany_1day/household_s1_dual_commuter_standard_no_dr_germany_d20_hist_d20_1_2025-07-20_1day.log,/home/hku_user3/EnergyBridge_rl_dr_memory_202607/benchmark_results/2026-07-22_rule_milp_dr_memory_daily_july/household_s1_dual_commuter_standard_no_dr_germany_d20_hist_d20_1_2025-07-20_1day/run_summary.txt,0,75.363433,75.363433,15.645533,0.079676,EUR/kWh,/home/hku_user3/EnergyBridge_rl_dr_memory_202607/experiments/real_data/germany_2025_price.csv,9.6517,9.6517,1.0,1.0,,0.0,1.0,[],"['dishwasher', 'dryer', 'ev', 'washer', 'water_heater']",[]
household_s2_multigeneration_caregiver,household_s2_multigeneration_caregiver,rule_milp,Tianjin,1,2025-07-19,d19_hist_d19_1,hist_d19_1,19,/home/hku_user3/EnergyBridge_rl_dr_memory_202607/experiments/real_data/tianjin_tou_price_normalized.csv,18.0,1.0,/home/hku_user3/EnergyBridge_rl_dr_memory_202607/benchmark_results/2026-07-22_rule_milp_dr_memory_daily_july/_batch_logs/daily_event_configs/d19_hist_d19_1.json,skipped_done,0,0.0,/home/hku_user3/EnergyBridge_rl_dr_memory_202607/benchmark_results/2026-07-22_rule_milp_dr_memory_daily_july/household_s2_multigeneration_caregiver_rule_milp_tianjin_d19_hist_d19_1_2025-07-19_1day,/home/hku_user3/EnergyBridge_rl_dr_memory_202607/benchmark_results/2026-07-22_rule_milp_dr_memory_daily_july/_batch_logs/daily_dr_memory_tianjin_1day/household_s2_multigeneration_caregiver_rule_milp_tianjin_d19_hist_d19_1_2025-07-19_1day.log,/home/hku_user3/EnergyBridge_rl_dr_memory_202607/benchmark_results/2026-07-22_rule_milp_dr_memory_daily_july/household_s2_multigeneration_caregiver_rule_milp_tianjin_d19_hist_d19_1_2025-07-19_1day/run_summary.txt,0,86.012583,86.012583,65.478152,1.200541,normalized TOU cost/kWh,/home/hku_user3/EnergyBridge_rl_dr_memory_202607/experiments/real_data/tianjin_tou_price_normalized.csv,2.9122,2.9122,0.0,0.0,1.9,1.0,1.0,"['dishwasher', 'dryer', 'ev', 'washer', 'water_heater']",[],[]
household_s1_dual_commuter_standard,household_s1_dual_commuter_standard,no_dr,Tianjin,1,2025-07-19,d19_hist_d19_1,hist_d19_1,19,/home/hku_user3/EnergyBridge_rl_dr_memory_202607/experiments/real_data/tianjin_tou_price_normalized.csv,18.0,1.0,/home/hku_user3/EnergyBridge_rl_dr_memory_202607/benchmark_results/2026-07-22_rule_milp_dr_memory_daily_july/_batch_logs/daily_event_configs/d19_hist_d19_1.json,skipped_done,0,0.0,/home/hku_user3/EnergyBridge_rl_dr_memory_202607/benchmark_results/2026-07-22_rule_milp_dr_memory_daily_july/household_s1_dual_commuter_standard_no_dr_tianjin_d19_hist_d19_1_2025-07-19_1day,/home/hku_user3/EnergyBridge_rl_dr_memory_202607/benchmark_results/2026-07-22_rule_milp_dr_memory_daily_july/_batch_logs/daily_dr_memory_tianjin_1day/household_s1_dual_commuter_standard_no_dr_tianjin_d19_hist_d19_1_2025-07-19_1day.log,/home/hku_user3/EnergyBridge_rl_dr_memory_202607/benchmark_results/2026-07-22_rule_milp_dr_memory_daily_july/household_s1_dual_commuter_standard_no_dr_tianjin_d19_hist_d19_1_2025-07-19_1day/run_summary.txt,0,80.088106,80.088106,73.419928,1.166596,normalized TOU cost/kWh,/home/hku_user3/EnergyBridge_rl_dr_memory_202607/experiments/real_data/tianjin_tou_price_normalized.csv,5.8866,5.8866,1.0,1.0,,0.0,1.0,[],"['dishwasher', 'dryer', 'ev', 'washer', 'water_heater']",[]
household_s3_hybrid_work_from_home,household_s3_hybrid_work_from_home,no_dr,Germany,1,2025-07-19,d19_hist_d19_1,hist_d19_1,19,/home/hku_user3/EnergyBridge_rl_dr_memory_202607/experiments/real_data/germany_2025_price.csv,18.0,1.0,/home/hku_user3/EnergyBridge_rl_dr_memory_202607/benchmark_results/2026-07-22_rule_milp_dr_memory_daily_july/_batch_logs/daily_event_configs/d19_hist_d19_1.json,skipped_done,0,0.0,/home/hku_user3/EnergyBridge_rl_dr_memory_202607/benchmark_results/2026-07-22_rule_milp_dr_memory_daily_july/household_s3_hybrid_work_from_home_no_dr_germany_d19_hist_d19_1_2025-07-19_1day,/home/hku_user3/EnergyBridge_rl_dr_memory_202607/benchmark_results/2026-07-22_rule_milp_dr_memory_daily_july/_batch_logs/daily_dr_memory_germany_1day/household_s3_hybrid_work_from_home_no_dr_germany_d19_hist_d19_1_2025-07-19_1day.log,/home/hku_user3/EnergyBridge_rl_dr_memory_202607/benchmark_results/2026-07-22_rule_milp_dr_memory_daily_july/household_s3_hybrid_work_from_home_no_dr_germany_d19_hist_d19_1_2025-07-19_1day/run_summary.txt,0,74.528367,74.528367,14.263887,0.076467,EUR/kWh,/home/hku_user3/EnergyBridge_rl_dr_memory_202607/experiments/real_data/germany_2025_price.csv,10.1815,10.1815,1.0,1.0,,0.0,0.8,[],"['dishwasher', 'dryer', 'ev', 'washer', 'water_heater']",[]
household_s4_ev_commuter_flexible,household_s4_ev_commuter_flexible,no_dr,Germany,1,2025-07-20,d20_hist_d20_1,hist_d20_1,20,/home/hku_user3/EnergyBridge_rl_dr_memory_202607/experiments/real_data/germany_2025_price.csv,18.0,1.0,/home/hku_user3/EnergyBridge_rl_dr_memory_202607/benchmark_results/2026-07-22_rule_milp_dr_memory_daily_july/_batch_logs/daily_event_configs/d20_hist_d20_1.json,skipped_done,0,0.0,/home/hku_user3/EnergyBridge_rl_dr_memory_202607/benchmark_results/2026-07-22_rule_milp_dr_memory_daily_july/household_s4_ev_commuter_flexible_no_dr_germany_d20_hist_d20_1_2025-07-20_1day,/home/hku_user3/EnergyBridge_rl_dr_memory_202607/benchmark_results/2026-07-22_rule_milp_dr_memory_daily_july/_batch_logs/daily_dr_memory_germany_1day/household_s4_ev_commuter_flexible_no_dr_germany_d20_hist_d20_1_2025-07-20_1day.log,/home/hku_user3/EnergyBridge_rl_dr_memory_202607/benchmark_results/2026-07-22_rule_milp_dr_memory_daily_july/household_s4_ev_commuter_flexible_no_dr_germany_d20_hist_d20_1_2025-07-20_1day/run_summary.txt,0,79.444593,79.444593,16.065115,0.080147,EUR/kWh,/home/hku_user3/EnergyBridge_rl_dr_memory_202607/experiments/real_data/germany_2025_price.csv,9.6517,9.6517,1.0,1.0,,0.0,1.0,[],"['dishwasher', 'dryer', 'ev', 'washer', 'water_heater']",[]
household_s4_ev_commuter_flexible,household_s4_ev_commuter_flexible,rule_milp,Tianjin,1,2025-07-19,d19_hist_d19_1,hist_d19_1,19,/home/hku_user3/EnergyBridge_rl_dr_memory_202607/experiments/real_data/tianjin_tou_price_normalized.csv,18.0,1.0,/home/hku_user3/EnergyBridge_rl_dr_memory_202607/benchmark_results/2026-07-22_rule_milp_dr_memory_daily_july/_batch_logs/daily_event_configs/d19_hist_d19_1.json,skipped_done,0,0.0,/home/hku_user3/EnergyBridge_rl_dr_memory_202607/benchmark_results/2026-07-22_rule_milp_dr_memory_daily_july/household_s4_ev_commuter_flexible_rule_milp_tianjin_d19_hist_d19_1_2025-07-19_1day,/home/hku_user3/EnergyBridge_rl_dr_memory_202607/benchmark_results/2026-07-22_rule_milp_dr_memory_daily_july/_batch_logs/daily_dr_memory_tianjin_1day/household_s4_ev_commuter_flexible_rule_milp_tianjin_d19_hist_d19_1_2025-07-19_1day.log,/home/hku_user3/EnergyBridge_rl_dr_memory_202607/benchmark_results/2026-07-22_rule_milp_dr_memory_daily_july/household_s4_ev_commuter_flexible_rule_milp_tianjin_d19_hist_d19_1_2025-07-19_1day/run_summary.txt,0,86.9154,86.9154,66.083966,1.125648,normalized TOU cost/kWh,/home/hku_user3/EnergyBridge_rl_dr_memory_202607/experiments/real_data/tianjin_tou_price_normalized.csv,2.5596,2.5596,0.0,0.0,2.0,1.0,1.0,"['dishwasher', 'dryer', 'ev', 'washer', 'water_heater']",[],[]
household_s5_shared_roommates_irregular,household_s5_shared_roommates_irregular,no_dr,Germany,1,2025-07-20,d20_hist_d20_1,hist_d20_1,20,/home/hku_user3/EnergyBridge_rl_dr_memory_202607/experiments/real_data/germany_2025_price.csv,18.0,1.0,/home/hku_user3/EnergyBridge_rl_dr_memory_202607/benchmark_results/2026-07-22_rule_milp_dr_memory_daily_july/_batch_logs/daily_event_configs/d20_hist_d20_1.json,skipped_done,0,0.0,/home/hku_user3/EnergyBridge_rl_dr_memory_202607/benchmark_results/2026-07-22_rule_milp_dr_memory_daily_july/household_s5_shared_roommates_irregular_no_dr_germany_d20_hist_d20_1_2025-07-20_1day,/home/hku_user3/EnergyBridge_rl_dr_memory_202607/benchmark_results/2026-07-22_rule_milp_dr_memory_daily_july/_batch_logs/daily_dr_memory_germany_1day/household_s5_shared_roommates_irregular_no_dr_germany_d20_hist_d20_1_2025-07-20_1day.log,/home/hku_user3/EnergyBridge_rl_dr_memory_202607/benchmark_results/2026-07-22_rule_milp_dr_memory_daily_july/household_s5_shared_roommates_irregular_no_dr_germany_d20_hist_d20_1_2025-07-20_1day/run_summary.txt,0,71.282274,71.282274,15.224579,0.079177,EUR/kWh,/home/hku_user3/EnergyBridge_rl_dr_memory_202607/experiments/real_data/germany_2025_price.csv,9.6517,9.6517,1.0,1.0,,0.0,1.0,[],"['dishwasher', 'dryer', 'ev', 'washer', 'water_heater']",[]
household_s3_hybrid_work_from_home,household_s3_hybrid_work_from_home,no_dr,Tianjin,1,2025-07-20,d20_hist_d20_1,hist_d20_1,20,/home/hku_user3/EnergyBridge_rl_dr_memory_202607/experiments/real_data/tianjin_tou_price_normalized.csv,18.0,1.0,/home/hku_user3/EnergyBridge_rl_dr_memory_202607/benchmark_results/2026-07-22_rule_milp_dr_memory_daily_july/_batch_logs/daily_event_configs/d20_hist_d20_1.json,skipped_done,0,0.0,/home/hku_user3/EnergyBridge_rl_dr_memory_202607/benchmark_results/2026-07-22_rule_milp_dr_memory_daily_july/household_s3_hybrid_work_from_home_no_dr_tianjin_d20_hist_d20_1_2025-07-20_1day,/home/hku_user3/EnergyBridge_rl_dr_memory_202607/benchmark_results/2026-07-22_rule_milp_dr_memory_daily_july/_batch_logs/daily_dr_memory_tianjin_1day/household_s3_hybrid_work_from_home_no_dr_tianjin_d20_hist_d20_1_2025-07-20_1day.log,/home/hku_user3/EnergyBridge_rl_dr_memory_202607/benchmark_results/2026-07-22_rule_milp_dr_memory_daily_july/household_s3_hybrid_work_from_home_no_dr_tianjin_d20_hist_d20_1_2025-07-20_1day/run_summary.txt,0,68.657349,68.657349,69.248439,1.209838,normalized TOU cost/kWh,/home/hku_user3/EnergyBridge_rl_dr_memory_202607/experiments/real_data/tianjin_tou_price_normalized.csv,5.0311,5.0311,1.0,1.0,,0.0,0.8,[],"['dishwasher', 'dryer', 'ev', 'washer', 'water_heater']",[]
household_s5_shared_roommates_irregular,household_s5_shared_roommates_irregular,no_dr,Tianjin,1,2025-07-20,d20_hist_d20_1,hist_d20_1,20,/home/hku_user3/EnergyBridge_rl_dr_memory_202607/experiments/real_data/tianjin_tou_price_normalized.csv,18.0,1.0,/home/hku_user3/EnergyBridge_rl_dr_memory_202607/benchmark_results/2026-07-22_rule_milp_dr_memory_daily_july/_batch_logs/daily_event_configs/d20_hist_d20_1.json,skipped_done,0,0.0,/home/hku_user3/EnergyBridge_rl_dr_memory_202607/benchmark_results/2026-07-22_rule_milp_dr_memory_daily_july/household_s5_shared_roommates_irregular_no_dr_tianjin_d20_hist_d20_1_2025-07-20_1day,/home/hku_user3/EnergyBridge_rl_dr_memory_202607/benchmark_results/2026-07-22_rule_milp_dr_memory_daily_july/_batch_logs/daily_dr_memory_tianjin_1day/household_s5_shared_roommates_irregular_no_dr_tianjin_d20_hist_d20_1_2025-07-20_1day.log,/home/hku_user3/EnergyBridge_rl_dr_memory_202607/benchmark_results/2026-07-22_rule_milp_dr_memory_daily_july/household_s5_shared_roommates_irregular_no_dr_tianjin_d20_hist_d20_1_2025-07-20_1day/run_summary.txt,0,68.341481,68.341481,68.827442,1.208808,normalized TOU cost/kWh,/home/hku_user3/EnergyBridge_rl_dr_memory_202607/experiments/real_data/tianjin_tou_price_normalized.csv,5.0291,5.0291,1.0,1.0,,0.0,1.0,[],"['dishwasher', 'dryer', 'ev', 'washer', 'water_heater']",[]
household_s2_multigeneration_caregiver,household_s2_multigeneration_caregiver,no_dr,Germany,1,2025-07-20,d20_hist_d20_1,hist_d20_1,20,/home/hku_user3/EnergyBridge_rl_dr_memory_202607/experiments/real_data/germany_2025_price.csv,18.0,1.0,/home/hku_user3/EnergyBridge_rl_dr_memory_202607/benchmark_results/2026-07-22_rule_milp_dr_memory_daily_july/_batch_logs/daily_event_configs/d20_hist_d20_1.json,skipped_done,0,0.0,/home/hku_user3/EnergyBridge_rl_dr_memory_202607/benchmark_results/2026-07-22_rule_milp_dr_memory_daily_july/household_s2_multigeneration_caregiver_no_dr_germany_d20_hist_d20_1_2025-07-20_1day,/home/hku_user3/EnergyBridge_rl_dr_memory_202607/benchmark_results/2026-07-22_rule_milp_dr_memory_daily_july/_batch_logs/daily_dr_memory_germany_1day/household_s2_multigeneration_caregiver_no_dr_germany_d20_hist_d20_1_2025-07-20_1day.log,/home/hku_user3/EnergyBridge_rl_dr_memory_202607/benchmark_results/2026-07-22_rule_milp_dr_memory_daily_july/household_s2_multigeneration_caregiver_no_dr_germany_d20_hist_d20_1_2025-07-20_1day/run_summary.txt,0,68.430595,68.430595,14.697454,0.078394,EUR/kWh,/home/hku_user3/EnergyBridge_rl_dr_memory_202607/experiments/real_data/germany_2025_price.csv,9.6861,9.6861,1.0,1.0,,0.0,1.0,[],"['dishwasher', 'dryer', 'ev', 'washer', 'water_heater']",[]
household_s2_multigeneration_caregiver,household_s2_multigeneration_caregiver,rule_milp,Germany,1,2025-07-20,d20_hist_d20_1,hist_d20_1,20,/home/hku_user3/EnergyBridge_rl_dr_memory_202607/experiments/real_data/germany_2025_price.csv,18.0,1.0,/home/hku_user3/EnergyBridge_rl_dr_memory_202607/benchmark_results/2026-07-22_rule_milp_dr_memory_daily_july/_batch_logs/daily_event_configs/d20_hist_d20_1.json,skipped_done,0,0.0,/home/hku_user3/EnergyBridge_rl_dr_memory_202607/benchmark_results/2026-07-22_rule_milp_dr_memory_daily_july/household_s2_multigeneration_caregiver_rule_milp_germany_d20_hist_d20_1_2025-07-20_1day,/home/hku_user3/EnergyBridge_rl_dr_memory_202607/benchmark_results/2026-07-22_rule_milp_dr_memory_daily_july/_batch_logs/daily_dr_memory_germany_1day/household_s2_multigeneration_caregiver_rule_milp_germany_d20_hist_d20_1_2025-07-20_1day.log,/home/hku_user3/EnergyBridge_rl_dr_memory_202607/benchmark_results/2026-07-22_rule_milp_dr_memory_daily_july/household_s2_multigeneration_caregiver_rule_milp_germany_d20_hist_d20_1_2025-07-20_1day/run_summary.txt,0,72.086117,72.086117,14.26496,0.076208,EUR/kWh,/home/hku_user3/EnergyBridge_rl_dr_memory_202607/experiments/real_data/germany_2025_price.csv,7.3143,7.3143,0.0,0.0,1.9,1.0,1.0,"['dishwasher', 'dryer', 'ev', 'washer', 'water_heater']",[],[]
household_s2_multigeneration_caregiver,household_s2_multigeneration_caregiver,no_dr,Germany,1,2025-07-21,d21_hist_d21_1,hist_d21_1,21,/home/hku_user3/EnergyBridge_rl_dr_memory_202607/experiments/real_data/germany_2025_price.csv,17.0,1.0,/home/hku_user3/EnergyBridge_rl_dr_memory_202607/benchmark_results/2026-07-22_rule_milp_dr_memory_daily_july/_batch_logs/daily_event_configs/d21_hist_d21_1.json,skipped_done,0,0.0,/home/hku_user3/EnergyBridge_rl_dr_memory_202607/benchmark_results/2026-07-22_rule_milp_dr_memory_daily_july/household_s2_multigeneration_caregiver_no_dr_germany_d21_hist_d21_1_2025-07-21_1day,/home/hku_user3/EnergyBridge_rl_dr_memory_202607/benchmark_results/2026-07-22_rule_milp_dr_memory_daily_july/_batch_logs/daily_dr_memory_germany_1day/household_s2_multigeneration_caregiver_no_dr_germany_d21_hist_d21_1_2025-07-21_1day.log,/home/hku_user3/EnergyBridge_rl_dr_memory_202607/benchmark_results/2026-07-22_rule_milp_dr_memory_daily_july/household_s2_multigeneration_caregiver_no_dr_germany_d21_hist_d21_1_2025-07-21_1day/run_summary.txt,0,47.191126,47.191126,17.928823,0.102953,EUR/kWh,/home/hku_user3/EnergyBridge_rl_dr_memory_202607/experiments/real_data/germany_2025_price.csv,10.5906,10.5906,1.0,1.0,,0.0,0.8,[],"['dishwasher', 'dryer', 'ev', 'washer', 'water_heater']",[]
household_s4_ev_commuter_flexible,household_s4_ev_commuter_flexible,rule_milp,Germany,1,2025-07-20,d20_hist_d20_1,hist_d20_1,20,/home/hku_user3/EnergyBridge_rl_dr_memory_202607/experiments/real_data/germany_2025_price.csv,18.0,1.0,/home/hku_user3/EnergyBridge_rl_dr_memory_202607/benchmark_results/2026-07-22_rule_milp_dr_memory_daily_july/_batch_logs/daily_event_configs/d20_hist_d20_1.json,skipped_done,0,0.0,/home/hku_user3/EnergyBridge_rl_dr_memory_202607/benchmark_results/2026-07-22_rule_milp_dr_memory_daily_july/household_s4_ev_commuter_flexible_rule_milp_germany_d20_hist_d20_1_2025-07-20_1day,/home/hku_user3/EnergyBridge_rl_dr_memory_202607/benchmark_results/2026-07-22_rule_milp_dr_memory_daily_july/_batch_logs/daily_dr_memory_germany_1day/household_s4_ev_commuter_flexible_rule_milp_germany_d20_hist_d20_1_2025-07-20_1day.log,/home/hku_user3/EnergyBridge_rl_dr_memory_202607/benchmark_results/2026-07-22_rule_milp_dr_memory_daily_july/household_s4_ev_commuter_flexible_rule_milp_germany_d20_hist_d20_1_2025-07-20_1day/run_summary.txt,0,79.792782,79.792782,15.518647,0.078637,EUR/kWh,/home/hku_user3/EnergyBridge_rl_dr_memory_202607/experiments/real_data/germany_2025_price.csv,6.9007,6.9007,0.0,0.0,2.0,1.0,1.0,"['dishwasher', 'dryer', 'ev', 'washer', 'water_heater']",[],[]
household_s3_hybrid_work_from_home,household_s3_hybrid_work_from_home,rule_milp,Germany,1,2025-07-19,d19_hist_d19_1,hist_d19_1,19,/home/hku_user3/EnergyBridge_rl_dr_memory_202607/experiments/real_data/germany_2025_price.csv,18.0,1.0,/home/hku_user3/EnergyBridge_rl_dr_memory_202607/benchmark_results/2026-07-22_rule_milp_dr_memory_daily_july/_batch_logs/daily_event_configs/d19_hist_d19_1.json,skipped_done,0,0.0,/home/hku_user3/EnergyBridge_rl_dr_memory_202607/benchmark_results/2026-07-22_rule_milp_dr_memory_daily_july/household_s3_hybrid_work_from_home_rule_milp_germany_d19_hist_d19_1_2025-07-19_1day,/home/hku_user3/EnergyBridge_rl_dr_memory_202607/benchmark_results/2026-07-22_rule_milp_dr_memory_daily_july/_batch_logs/daily_dr_memory_germany_1day/household_s3_hybrid_work_from_home_rule_milp_germany_d19_hist_d19_1_2025-07-19_1day.log,/home/hku_user3/EnergyBridge_rl_dr_memory_202607/benchmark_results/2026-07-22_rule_milp_dr_memory_daily_july/household_s3_hybrid_work_from_home_rule_milp_germany_d19_hist_d19_1_2025-07-19_1day/run_summary.txt,0,73.920375,73.920375,13.969629,0.074659,EUR/kWh,/home/hku_user3/EnergyBridge_rl_dr_memory_202607/experiments/real_data/germany_2025_price.csv,7.1311,7.1311,0.0,0.0,1.983,1.0,1.0,"['dishwasher', 'dryer', 'ev', 'washer', 'water_heater']",[],[]
household_s5_shared_roommates_irregular,household_s5_shared_roommates_irregular,rule_milp,Germany,1,2025-07-20,d20_hist_d20_1,hist_d20_1,20,/home/hku_user3/EnergyBridge_rl_dr_memory_202607/experiments/real_data/germany_2025_price.csv,18.0,1.0,/home/hku_user3/EnergyBridge_rl_dr_memory_202607/benchmark_results/2026-07-22_rule_milp_dr_memory_daily_july/_batch_logs/daily_event_configs/d20_hist_d20_1.json,skipped_done,0,0.0,/home/hku_user3/EnergyBridge_rl_dr_memory_202607/benchmark_results/2026-07-22_rule_milp_dr_memory_daily_july/household_s5_shared_roommates_irregular_rule_milp_germany_d20_hist_d20_1_2025-07-20_1day,/home/hku_user3/EnergyBridge_rl_dr_memory_202607/benchmark_results/2026-07-22_rule_milp_dr_memory_daily_july/_batch_logs/daily_dr_memory_germany_1day/household_s5_shared_roommates_irregular_rule_milp_germany_d20_hist_d20_1_2025-07-20_1day.log,/home/hku_user3/EnergyBridge_rl_dr_memory_202607/benchmark_results/2026-07-22_rule_milp_dr_memory_daily_july/household_s5_shared_roommates_irregular_rule_milp_germany_d20_hist_d20_1_2025-07-20_1day/run_summary.txt,0,71.630463,71.630463,14.70354,0.077721,EUR/kWh,/home/hku_user3/EnergyBridge_rl_dr_memory_202607/experiments/real_data/germany_2025_price.csv,6.9007,6.9007,0.0,0.0,1.962,1.0,1.0,"['dishwasher', 'dryer', 'ev', 'washer', 'water_heater']",[],[]
household_s3_hybrid_work_from_home,household_s3_hybrid_work_from_home,rule_milp,Germany,1,2025-07-20,d20_hist_d20_1,hist_d20_1,20,/home/hku_user3/EnergyBridge_rl_dr_memory_202607/experiments/real_data/germany_2025_price.csv,18.0,1.0,/home/hku_user3/EnergyBridge_rl_dr_memory_202607/benchmark_results/2026-07-22_rule_milp_dr_memory_daily_july/_batch_logs/daily_event_configs/d20_hist_d20_1.json,skipped_done,0,0.0,/home/hku_user3/EnergyBridge_rl_dr_memory_202607/benchmark_results/2026-07-22_rule_milp_dr_memory_daily_july/household_s3_hybrid_work_from_home_rule_milp_germany_d20_hist_d20_1_2025-07-20_1day,/home/hku_user3/EnergyBridge_rl_dr_memory_202607/benchmark_results/2026-07-22_rule_milp_dr_memory_daily_july/_batch_logs/daily_dr_memory_germany_1day/household_s3_hybrid_work_from_home_rule_milp_germany_d20_hist_d20_1_2025-07-20_1day.log,/home/hku_user3/EnergyBridge_rl_dr_memory_202607/benchmark_results/2026-07-22_rule_milp_dr_memory_daily_july/household_s3_hybrid_work_from_home_rule_milp_germany_d20_hist_d20_1_2025-07-20_1day/run_summary.txt,0,71.731152,71.731152,14.866717,0.07752,EUR/kWh,/home/hku_user3/EnergyBridge_rl_dr_memory_202607/experiments/real_data/germany_2025_price.csv,6.6804,6.6804,0.0,0.0,1.983,1.0,1.0,"['dishwasher', 'dryer', 'ev', 'washer', 'water_heater']",[],[]
household_s2_multigeneration_caregiver,household_s2_multigeneration_caregiver,rule_milp,Germany,1,2025-07-19,d19_hist_d19_1,hist_d19_1,19,/home/hku_user3/EnergyBridge_rl_dr_memory_202607/experiments/real_data/germany_2025_price.csv,18.0,1.0,/home/hku_user3/EnergyBridge_rl_dr_memory_202607/benchmark_results/2026-07-22_rule_milp_dr_memory_daily_july/_batch_logs/daily_event_configs/d19_hist_d19_1.json,skipped_done,0,0.0,/home/hku_user3/EnergyBridge_rl_dr_memory_202607/benchmark_results/2026-07-22_rule_milp_dr_memory_daily_july/household_s2_multigeneration_caregiver_rule_milp_germany_d19_hist_d19_1_2025-07-19_1day,/home/hku_user3/EnergyBridge_rl_dr_memory_202607/benchmark_results/2026-07-22_rule_milp_dr_memory_daily_july/_batch_logs/daily_dr_memory_germany_1day/household_s2_multigeneration_caregiver_rule_milp_germany_d19_hist_d19_1_2025-07-19_1day.log,/home/hku_user3/EnergyBridge_rl_dr_memory_202607/benchmark_results/2026-07-22_rule_milp_dr_memory_daily_july/household_s2_multigeneration_caregiver_rule_milp_germany_d19_hist_d19_1_2025-07-19_1day/run_summary.txt,0,73.891372,73.891372,13.49489,0.07345,EUR/kWh,/home/hku_user3/EnergyBridge_rl_dr_memory_202607/experiments/real_data/germany_2025_price.csv,7.8001,7.8001,0.0,0.0,1.9,1.0,1.0,"['dishwasher', 'dryer', 'ev', 'washer', 'water_heater']",[],[]
household_s4_ev_commuter_flexible,household_s4_ev_commuter_flexible,no_dr,Tianjin,1,2025-07-20,d20_hist_d20_1,hist_d20_1,20,/home/hku_user3/EnergyBridge_rl_dr_memory_202607/experiments/real_data/tianjin_tou_price_normalized.csv,18.0,1.0,/home/hku_user3/EnergyBridge_rl_dr_memory_202607/benchmark_results/2026-07-22_rule_milp_dr_memory_daily_july/_batch_logs/daily_event_configs/d20_hist_d20_1.json,skipped_done,0,0.0,/home/hku_user3/EnergyBridge_rl_dr_memory_202607/benchmark_results/2026-07-22_rule_milp_dr_memory_daily_july/household_s4_ev_commuter_flexible_no_dr_tianjin_d20_hist_d20_1_2025-07-20_1day,/home/hku_user3/EnergyBridge_rl_dr_memory_202607/benchmark_results/2026-07-22_rule_milp_dr_memory_daily_july/_batch_logs/daily_dr_memory_tianjin_1day/household_s4_ev_commuter_flexible_no_dr_tianjin_d20_hist_d20_1_2025-07-20_1day.log,/home/hku_user3/EnergyBridge_rl_dr_memory_202607/benchmark_results/2026-07-22_rule_milp_dr_memory_daily_july/household_s4_ev_commuter_flexible_no_dr_tianjin_d20_hist_d20_1_2025-07-20_1day/run_summary.txt,0,76.5038,76.5038,76.98976,1.182628,normalized TOU cost/kWh,/home/hku_user3/EnergyBridge_rl_dr_memory_202607/experiments/real_data/tianjin_tou_price_normalized.csv,5.0291,5.0291,1.0,1.0,,0.0,1.0,[],"['dishwasher', 'dryer', 'ev', 'washer', 'water_heater']",[]
household_s4_ev_commuter_flexible,household_s4_ev_commuter_flexible,no_dr,Germany,1,2025-07-21,d21_hist_d21_1,hist_d21_1,21,/home/hku_user3/EnergyBridge_rl_dr_memory_202607/experiments/real_data/germany_2025_price.csv,17.0,1.0,/home/hku_user3/EnergyBridge_rl_dr_memory_202607/benchmark_results/2026-07-22_rule_milp_dr_memory_daily_july/_batch_logs/daily_event_configs/d21_hist_d21_1.json,skipped_done,0,0.0,/home/hku_user3/EnergyBridge_rl_dr_memory_202607/benchmark_results/2026-07-22_rule_milp_dr_memory_daily_july/household_s4_ev_commuter_flexible_no_dr_germany_d21_hist_d21_1_2025-07-21_1day,/home/hku_user3/EnergyBridge_rl_dr_memory_202607/benchmark_results/2026-07-22_rule_milp_dr_memory_daily_july/_batch_logs/daily_dr_memory_germany_1day/household_s4_ev_commuter_flexible_no_dr_germany_d21_hist_d21_1_2025-07-21_1day.log,/home/hku_user3/EnergyBridge_rl_dr_memory_202607/benchmark_results/2026-07-22_rule_milp_dr_memory_daily_july/household_s4_ev_commuter_flexible_no_dr_germany_d21_hist_d21_1_2025-07-21_1day/run_summary.txt,0,58.64231,58.64231,19.09919,0.102619,EUR/kWh,/home/hku_user3/EnergyBridge_rl_dr_memory_202607/experiments/real_data/germany_2025_price.csv,10.5424,10.5424,1.0,1.0,,0.0,1.0,[],"['dishwasher', 'dryer', 'ev', 'washer', 'water_heater']",[]
household_s3_hybrid_work_from_home,household_s3_hybrid_work_from_home,rule_milp,Tianjin,1,2025-07-19,d19_hist_d19_1,hist_d19_1,19,/home/hku_user3/EnergyBridge_rl_dr_memory_202607/experiments/real_data/tianjin_tou_price_normalized.csv,18.0,1.0,/home/hku_user3/EnergyBridge_rl_dr_memory_202607/benchmark_results/2026-07-22_rule_milp_dr_memory_daily_july/_batch_logs/daily_event_configs/d19_hist_d19_1.json,skipped_done,0,0.0,/home/hku_user3/EnergyBridge_rl_dr_memory_202607/benchmark_results/2026-07-22_rule_milp_dr_memory_daily_july/household_s3_hybrid_work_from_home_rule_milp_tianjin_d19_hist_d19_1_2025-07-19_1day,/home/hku_user3/EnergyBridge_rl_dr_memory_202607/benchmark_results/2026-07-22_rule_milp_dr_memory_daily_july/_batch_logs/daily_dr_memory_tianjin_1day/household_s3_hybrid_work_from_home_rule_milp_tianjin_d19_hist_d19_1_2025-07-19_1day.log,/home/hku_user3/EnergyBridge_rl_dr_memory_202607/benchmark_results/2026-07-22_rule_milp_dr_memory_daily_july/household_s3_hybrid_work_from_home_rule_milp_tianjin_d19_hist_d19_1_2025-07-19_1day/run_summary.txt,0,89.412642,89.412642,64.675164,1.190889,normalized TOU cost/kWh,/home/hku_user3/EnergyBridge_rl_dr_memory_202607/experiments/real_data/tianjin_tou_price_normalized.csv,2.4234,2.4234,0.0,0.0,1.983,1.0,1.0,"['dishwasher', 'dryer', 'ev', 'washer', 'water_heater']",[],[]
household_s1_dual_commuter_standard,household_s1_dual_commuter_standard,rule_milp,Tianjin,1,2025-07-19,d19_hist_d19_1,hist_d19_1,19,/home/hku_user3/EnergyBridge_rl_dr_memory_202607/experiments/real_data/tianjin_tou_price_normalized.csv,18.0,1.0,/home/hku_user3/EnergyBridge_rl_dr_memory_202607/benchmark_results/2026-07-22_rule_milp_dr_memory_daily_july/_batch_logs/daily_event_configs/d19_hist_d19_1.json,skipped_done,0,0.0,/home/hku_user3/EnergyBridge_rl_dr_memory_202607/benchmark_results/2026-07-22_rule_milp_dr_memory_daily_july/household_s1_dual_commuter_standard_rule_milp_tianjin_d19_hist_d19_1_2025-07-19_1day,/home/hku_user3/EnergyBridge_rl_dr_memory_202607/benchmark_results/2026-07-22_rule_milp_dr_memory_daily_july/_batch_logs/daily_dr_memory_tianjin_1day/household_s1_dual_commuter_standard_rule_milp_tianjin_d19_hist_d19_1_2025-07-19_1day.log,/home/hku_user3/EnergyBridge_rl_dr_memory_202607/benchmark_results/2026-07-22_rule_milp_dr_memory_daily_july/household_s1_dual_commuter_standard_rule_milp_tianjin_d19_hist_d19_1_2025-07-19_1day/run_summary.txt,0,86.040782,86.040782,63.701738,1.159082,normalized TOU cost/kWh,/home/hku_user3/EnergyBridge_rl_dr_memory_202607/experiments/real_data/tianjin_tou_price_normalized.csv,2.7334,2.7334,0.0,0.0,1.962,1.0,1.0,"['dishwasher', 'dryer', 'ev', 'washer', 'water_heater']",[],[]
household_s2_multigeneration_caregiver,household_s2_multigeneration_caregiver,no_dr,Tianjin,1,2025-07-20,d20_hist_d20_1,hist_d20_1,20,/home/hku_user3/EnergyBridge_rl_dr_memory_202607/experiments/real_data/tianjin_tou_price_normalized.csv,18.0,1.0,/home/hku_user3/EnergyBridge_rl_dr_memory_202607/benchmark_results/2026-07-22_rule_milp_dr_memory_daily_july/_batch_logs/daily_event_configs/d20_hist_d20_1.json,skipped_done,0,0.0,/home/hku_user3/EnergyBridge_rl_dr_memory_202607/benchmark_results/2026-07-22_rule_milp_dr_memory_daily_july/household_s2_multigeneration_caregiver_no_dr_tianjin_d20_hist_d20_1_2025-07-20_1day,/home/hku_user3/EnergyBridge_rl_dr_memory_202607/benchmark_results/2026-07-22_rule_milp_dr_memory_daily_july/_batch_logs/daily_dr_memory_tianjin_1day/household_s2_multigeneration_caregiver_no_dr_tianjin_d20_hist_d20_1_2025-07-20_1day.log,/home/hku_user3/EnergyBridge_rl_dr_memory_202607/benchmark_results/2026-07-22_rule_milp_dr_memory_daily_july/household_s2_multigeneration_caregiver_no_dr_tianjin_d20_hist_d20_1_2025-07-20_1day/run_summary.txt,0,66.074229,66.074229,65.770018,1.238465,normalized TOU cost/kWh,/home/hku_user3/EnergyBridge_rl_dr_memory_202607/experiments/real_data/tianjin_tou_price_normalized.csv,5.0796,5.0796,1.0,1.0,,0.0,1.0,[],"['dishwasher', 'dryer', 'ev', 'washer', 'water_heater']",[]
household_s1_dual_commuter_standard,household_s1_dual_commuter_standard,no_dr,Germany,1,2025-07-21,d21_hist_d21_1,hist_d21_1,21,/home/hku_user3/EnergyBridge_rl_dr_memory_202607/experiments/real_data/germany_2025_price.csv,17.0,1.0,/home/hku_user3/EnergyBridge_rl_dr_memory_202607/benchmark_results/2026-07-22_rule_milp_dr_memory_daily_july/_batch_logs/daily_event_configs/d21_hist_d21_1.json,skipped_done,0,0.0,/home/hku_user3/EnergyBridge_rl_dr_memory_202607/benchmark_results/2026-07-22_rule_milp_dr_memory_daily_july/household_s1_dual_commuter_standard_no_dr_germany_d21_hist_d21_1_2025-07-21_1day,/home/hku_user3/EnergyBridge_rl_dr_memory_202607/benchmark_results/2026-07-22_rule_milp_dr_memory_daily_july/_batch_logs/daily_dr_memory_germany_1day/household_s1_dual_commuter_standard_no_dr_germany_d21_hist_d21_1_2025-07-21_1day.log,/home/hku_user3/EnergyBridge_rl_dr_memory_202607/benchmark_results/2026-07-22_rule_milp_dr_memory_daily_july/household_s1_dual_commuter_standard_no_dr_germany_d21_hist_d21_1_2025-07-21_1day/run_summary.txt,0,54.561151,54.561151,18.711092,0.102788,EUR/kWh,/home/hku_user3/EnergyBridge_rl_dr_memory_202607/experiments/real_data/germany_2025_price.csv,10.5424,10.5424,1.0,1.0,,0.0,0.8,[],"['dishwasher', 'dryer', 'ev', 'washer', 'water_heater']",[]
household_s3_hybrid_work_from_home,household_s3_hybrid_work_from_home,no_dr,Germany,1,2025-07-21,d21_hist_d21_1,hist_d21_1,21,/home/hku_user3/EnergyBridge_rl_dr_memory_202607/experiments/real_data/germany_2025_price.csv,17.0,1.0,/home/hku_user3/EnergyBridge_rl_dr_memory_202607/benchmark_results/2026-07-22_rule_milp_dr_memory_daily_july/_batch_logs/daily_event_configs/d21_hist_d21_1.json,skipped_done,0,0.0,/home/hku_user3/EnergyBridge_rl_dr_memory_202607/benchmark_results/2026-07-22_rule_milp_dr_memory_daily_july/household_s3_hybrid_work_from_home_no_dr_germany_d21_hist_d21_1_2025-07-21_1day,/home/hku_user3/EnergyBridge_rl_dr_memory_202607/benchmark_results/2026-07-22_rule_milp_dr_memory_daily_july/_batch_logs/daily_dr_memory_germany_1day/household_s3_hybrid_work_from_home_no_dr_germany_d21_hist_d21_1_2025-07-21_1day.log,/home/hku_user3/EnergyBridge_rl_dr_memory_202607/benchmark_results/2026-07-22_rule_milp_dr_memory_daily_july/household_s3_hybrid_work_from_home_no_dr_germany_d21_hist_d21_1_2025-07-21_1day/run_summary.txt,0,50.740625,50.740625,18.295365,0.102902,EUR/kWh,/home/hku_user3/EnergyBridge_rl_dr_memory_202607/experiments/real_data/germany_2025_price.csv,10.5561,10.5561,1.0,1.0,,0.0,0.8,[],"['dishwasher', 'dryer', 'ev', 'washer', 'water_heater']",[]
household_s2_multigeneration_caregiver,household_s2_multigeneration_caregiver,rule_milp,Germany,1,2025-07-21,d21_hist_d21_1,hist_d21_1,21,/home/hku_user3/EnergyBridge_rl_dr_memory_202607/experiments/real_data/germany_2025_price.csv,17.0,1.0,/home/hku_user3/EnergyBridge_rl_dr_memory_202607/benchmark_results/2026-07-22_rule_milp_dr_memory_daily_july/_batch_logs/daily_event_configs/d21_hist_d21_1.json,skipped_done,0,0.0,/home/hku_user3/EnergyBridge_rl_dr_memory_202607/benchmark_results/2026-07-22_rule_milp_dr_memory_daily_july/household_s2_multigeneration_caregiver_rule_milp_germany_d21_hist_d21_1_2025-07-21_1day,/home/hku_user3/EnergyBridge_rl_dr_memory_202607/benchmark_results/2026-07-22_rule_milp_dr_memory_daily_july/_batch_logs/daily_dr_memory_germany_1day/household_s2_multigeneration_caregiver_rule_milp_germany_d21_hist_d21_1_2025-07-21_1day.log,/home/hku_user3/EnergyBridge_rl_dr_memory_202607/benchmark_results/2026-07-22_rule_milp_dr_memory_daily_july/household_s2_multigeneration_caregiver_rule_milp_germany_d21_hist_d21_1_2025-07-21_1day/run_summary.txt,0,48.602213,48.602213,17.673138,0.102281,EUR/kWh,/home/hku_user3/EnergyBridge_rl_dr_memory_202607/experiments/real_data/germany_2025_price.csv,6.9465,6.9465,1.0,1.0,1.85,1.0,1.0,"['dishwasher', 'dryer', 'ev', 'washer', 'water_heater']",[],[]
household_s3_hybrid_work_from_home,household_s3_hybrid_work_from_home,rule_milp,Tianjin,1,2025-07-20,d20_hist_d20_1,hist_d20_1,20,/home/hku_user3/EnergyBridge_rl_dr_memory_202607/experiments/real_data/tianjin_tou_price_normalized.csv,18.0,1.0,/home/hku_user3/EnergyBridge_rl_dr_memory_202607/benchmark_results/2026-07-22_rule_milp_dr_memory_daily_july/_batch_logs/daily_event_configs/d20_hist_d20_1.json,skipped_done,0,0.0,/home/hku_user3/EnergyBridge_rl_dr_memory_202607/benchmark_results/2026-07-22_rule_milp_dr_memory_daily_july/household_s3_hybrid_work_from_home_rule_milp_tianjin_d20_hist_d20_1_2025-07-20_1day,/home/hku_user3/EnergyBridge_rl_dr_memory_202607/benchmark_results/2026-07-22_rule_milp_dr_memory_daily_july/_batch_logs/daily_dr_memory_tianjin_1day/household_s3_hybrid_work_from_home_rule_milp_tianjin_d20_hist_d20_1_2025-07-20_1day.log,/home/hku_user3/EnergyBridge_rl_dr_memory_202607/benchmark_results/2026-07-22_rule_milp_dr_memory_daily_july/household_s3_hybrid_work_from_home_rule_milp_tianjin_d20_hist_d20_1_2025-07-20_1day/run_summary.txt,0,73.445243,73.445243,65.425167,1.198699,normalized TOU cost/kWh,/home/hku_user3/EnergyBridge_rl_dr_memory_202607/experiments/real_data/tianjin_tou_price_normalized.csv,1.6015,1.6015,0.0,0.0,1.983,1.0,1.0,"['dishwasher', 'dryer', 'ev', 'washer', 'water_heater']",[],[]
household_s1_dual_commuter_standard,household_s1_dual_commuter_standard,rule_milp,Germany,1,2025-07-20,d20_hist_d20_1,hist_d20_1,20,/home/hku_user3/EnergyBridge_rl_dr_memory_202607/experiments/real_data/germany_2025_price.csv,18.0,1.0,/home/hku_user3/EnergyBridge_rl_dr_memory_202607/benchmark_results/2026-07-22_rule_milp_dr_memory_daily_july/_batch_logs/daily_event_configs/d20_hist_d20_1.json,skipped_done,0,0.0,/home/hku_user3/EnergyBridge_rl_dr_memory_202607/benchmark_results/2026-07-22_rule_milp_dr_memory_daily_july/household_s1_dual_commuter_standard_rule_milp_germany_d20_hist_d20_1_2025-07-20_1day,/home/hku_user3/EnergyBridge_rl_dr_memory_202607/benchmark_results/2026-07-22_rule_milp_dr_memory_daily_july/_batch_logs/daily_dr_memory_germany_1day/household_s1_dual_commuter_standard_rule_milp_germany_d20_hist_d20_1_2025-07-20_1day.log,/home/hku_user3/EnergyBridge_rl_dr_memory_202607/benchmark_results/2026-07-22_rule_milp_dr_memory_daily_july/household_s1_dual_commuter_standard_rule_milp_germany_d20_hist_d20_1_2025-07-20_1day/run_summary.txt,0,78.855156,78.855156,15.137289,0.078102,EUR/kWh,/home/hku_user3/EnergyBridge_rl_dr_memory_202607/experiments/real_data/germany_2025_price.csv,6.9782,6.9782,0.0,0.0,2.072,1.0,1.0,"['dishwasher', 'dryer', 'ev', 'washer', 'water_heater']",[],[]
household_s5_shared_roommates_irregular,household_s5_shared_roommates_irregular,rule_milp,Tianjin,1,2025-07-19,d19_hist_d19_1,hist_d19_1,19,/home/hku_user3/EnergyBridge_rl_dr_memory_202607/experiments/real_data/tianjin_tou_price_normalized.csv,18.0,1.0,/home/hku_user3/EnergyBridge_rl_dr_memory_202607/benchmark_results/2026-07-22_rule_milp_dr_memory_daily_july/_batch_logs/daily_event_configs/d19_hist_d19_1.json,skipped_done,0,0.0,/home/hku_user3/EnergyBridge_rl_dr_memory_202607/benchmark_results/2026-07-22_rule_milp_dr_memory_daily_july/household_s5_shared_roommates_irregular_rule_milp_tianjin_d19_hist_d19_1_2025-07-19_1day,/home/hku_user3/EnergyBridge_rl_dr_memory_202607/benchmark_results/2026-07-22_rule_milp_dr_memory_daily_july/_batch_logs/daily_dr_memory_tianjin_1day/household_s5_shared_roommates_irregular_rule_milp_tianjin_d19_hist_d19_1_2025-07-19_1day.log,/home/hku_user3/EnergyBridge_rl_dr_memory_202607/benchmark_results/2026-07-22_rule_milp_dr_memory_daily_july/household_s5_shared_roommates_irregular_rule_milp_tianjin_d19_hist_d19_1_2025-07-19_1day/run_summary.txt,0,79.818298,79.818298,59.788314,1.156182,normalized TOU cost/kWh,/home/hku_user3/EnergyBridge_rl_dr_memory_202607/experiments/real_data/tianjin_tou_price_normalized.csv,2.5596,2.5596,0.0,0.0,1.962,1.0,1.0,"['dishwasher', 'dryer', 'ev', 'washer', 'water_heater']",[],[]
household_s4_ev_commuter_flexible,household_s4_ev_commuter_flexible,rule_milp,Tianjin,1,2025-07-20,d20_hist_d20_1,hist_d20_1,20,/home/hku_user3/EnergyBridge_rl_dr_memory_202607/experiments/real_data/tianjin_tou_price_normalized.csv,18.0,1.0,/home/hku_user3/EnergyBridge_rl_dr_memory_202607/benchmark_results/2026-07-22_rule_milp_dr_memory_daily_july/_batch_logs/daily_event_configs/d20_hist_d20_1.json,skipped_done,0,0.0,/home/hku_user3/EnergyBridge_rl_dr_memory_202607/benchmark_results/2026-07-22_rule_milp_dr_memory_daily_july/household_s4_ev_commuter_flexible_rule_milp_tianjin_d20_hist_d20_1_2025-07-20_1day,/home/hku_user3/EnergyBridge_rl_dr_memory_202607/benchmark_results/2026-07-22_rule_milp_dr_memory_daily_july/_batch_logs/daily_dr_memory_tianjin_1day/household_s4_ev_commuter_flexible_rule_milp_tianjin_d20_hist_d20_1_2025-07-20_1day.log,/home/hku_user3/EnergyBridge_rl_dr_memory_202607/benchmark_results/2026-07-22_rule_milp_dr_memory_daily_july/household_s4_ev_commuter_flexible_rule_milp_tianjin_d20_hist_d20_1_2025-07-20_1day/run_summary.txt,0,76.9915,76.9915,69.367547,1.163205,normalized TOU cost/kWh,/home/hku_user3/EnergyBridge_rl_dr_memory_202607/experiments/real_data/tianjin_tou_price_normalized.csv,1.6609,1.6609,0.0,0.0,2.0,1.0,1.0,"['dishwasher', 'dryer', 'ev', 'washer', 'water_heater']",[],[]
household_s2_multigeneration_caregiver,household_s2_multigeneration_caregiver,rule_milp,Tianjin,1,2025-07-20,d20_hist_d20_1,hist_d20_1,20,/home/hku_user3/EnergyBridge_rl_dr_memory_202607/experiments/real_data/tianjin_tou_price_normalized.csv,18.0,1.0,/home/hku_user3/EnergyBridge_rl_dr_memory_202607/benchmark_results/2026-07-22_rule_milp_dr_memory_daily_july/_batch_logs/daily_event_configs/d20_hist_d20_1.json,skipped_done,0,0.0,/home/hku_user3/EnergyBridge_rl_dr_memory_202607/benchmark_results/2026-07-22_rule_milp_dr_memory_daily_july/household_s2_multigeneration_caregiver_rule_milp_tianjin_d20_hist_d20_1_2025-07-20_1day,/home/hku_user3/EnergyBridge_rl_dr_memory_202607/benchmark_results/2026-07-22_rule_milp_dr_memory_daily_july/_batch_logs/daily_dr_memory_tianjin_1day/household_s2_multigeneration_caregiver_rule_milp_tianjin_d20_hist_d20_1_2025-07-20_1day.log,/home/hku_user3/EnergyBridge_rl_dr_memory_202607/benchmark_results/2026-07-22_rule_milp_dr_memory_daily_july/household_s2_multigeneration_caregiver_rule_milp_tianjin_d20_hist_d20_1_2025-07-20_1day/run_summary.txt,0,69.793612,69.793612,63.458203,1.23455,normalized TOU cost/kWh,/home/hku_user3/EnergyBridge_rl_dr_memory_202607/experiments/real_data/tianjin_tou_price_normalized.csv,2.1832,2.1832,0.0,0.0,1.9,1.0,1.0,"['dishwasher', 'dryer', 'ev', 'washer', 'water_heater']",[],[]
household_s3_hybrid_work_from_home,household_s3_hybrid_work_from_home,rule_milp,Germany,1,2025-07-21,d21_hist_d21_1,hist_d21_1,21,/home/hku_user3/EnergyBridge_rl_dr_memory_202607/experiments/real_data/germany_2025_price.csv,17.0,1.0,/home/hku_user3/EnergyBridge_rl_dr_memory_202607/benchmark_results/2026-07-22_rule_milp_dr_memory_daily_july/_batch_logs/daily_event_configs/d21_hist_d21_1.json,skipped_done,0,0.0,/home/hku_user3/EnergyBridge_rl_dr_memory_202607/benchmark_results/2026-07-22_rule_milp_dr_memory_daily_july/household_s3_hybrid_work_from_home_rule_milp_germany_d21_hist_d21_1_2025-07-21_1day,/home/hku_user3/EnergyBridge_rl_dr_memory_202607/benchmark_results/2026-07-22_rule_milp_dr_memory_daily_july/_batch_logs/daily_dr_memory_germany_1day/household_s3_hybrid_work_from_home_rule_milp_germany_d21_hist_d21_1_2025-07-21_1day.log,/home/hku_user3/EnergyBridge_rl_dr_memory_202607/benchmark_results/2026-07-22_rule_milp_dr_memory_daily_july/household_s3_hybrid_work_from_home_rule_milp_germany_d21_hist_d21_1_2025-07-21_1day/run_summary.txt,0,53.700548,53.700548,18.18095,0.10229,EUR/kWh,/home/hku_user3/EnergyBridge_rl_dr_memory_202607/experiments/real_data/germany_2025_price.csv,8.2215,8.2215,0.0,0.0,1.983,1.0,1.0,"['dishwasher', 'dryer', 'ev', 'washer', 'water_heater']",[],[]
household_s5_shared_roommates_irregular,household_s5_shared_roommates_irregular,rule_milp,Tianjin,1,2025-07-20,d20_hist_d20_1,hist_d20_1,20,/home/hku_user3/EnergyBridge_rl_dr_memory_202607/experiments/real_data/tianjin_tou_price_normalized.csv,18.0,1.0,/home/hku_user3/EnergyBridge_rl_dr_memory_202607/benchmark_results/2026-07-22_rule_milp_dr_memory_daily_july/_batch_logs/daily_event_configs/d20_hist_d20_1.json,skipped_done,0,0.0,/home/hku_user3/EnergyBridge_rl_dr_memory_202607/benchmark_results/2026-07-22_rule_milp_dr_memory_daily_july/household_s5_shared_roommates_irregular_rule_milp_tianjin_d20_hist_d20_1_2025-07-20_1day,/home/hku_user3/EnergyBridge_rl_dr_memory_202607/benchmark_results/2026-07-22_rule_milp_dr_memory_daily_july/_batch_logs/daily_dr_memory_tianjin_1day/household_s5_shared_roommates_irregular_rule_milp_tianjin_d20_hist_d20_1_2025-07-20_1day.log,/home/hku_user3/EnergyBridge_rl_dr_memory_202607/benchmark_results/2026-07-22_rule_milp_dr_memory_daily_july/household_s5_shared_roommates_irregular_rule_milp_tianjin_d20_hist_d20_1_2025-07-20_1day/run_summary.txt,0,68.829181,68.829181,61.205228,1.189085,normalized TOU cost/kWh,/home/hku_user3/EnergyBridge_rl_dr_memory_202607/experiments/real_data/tianjin_tou_price_normalized.csv,1.6609,1.6609,0.0,0.0,1.962,1.0,1.0,"['dishwasher', 'dryer', 'ev', 'washer', 'water_heater']",[],[]
household_s1_dual_commuter_standard,household_s1_dual_commuter_standard,rule_milp,Germany,1,2025-07-21,d21_hist_d21_1,hist_d21_1,21,/home/hku_user3/EnergyBridge_rl_dr_memory_202607/experiments/real_data/germany_2025_price.csv,17.0,1.0,/home/hku_user3/EnergyBridge_rl_dr_memory_202607/benchmark_results/2026-07-22_rule_milp_dr_memory_daily_july/_batch_logs/daily_event_configs/d21_hist_d21_1.json,skipped_done,0,0.0,/home/hku_user3/EnergyBridge_rl_dr_memory_202607/benchmark_results/2026-07-22_rule_milp_dr_memory_daily_july/household_s1_dual_commuter_standard_rule_milp_germany_d21_hist_d21_1_2025-07-21_1day,/home/hku_user3/EnergyBridge_rl_dr_memory_202607/benchmark_results/2026-07-22_rule_milp_dr_memory_daily_july/_batch_logs/daily_dr_memory_germany_1day/household_s1_dual_commuter_standard_rule_milp_germany_d21_hist_d21_1_2025-07-21_1day.log,/home/hku_user3/EnergyBridge_rl_dr_memory_202607/benchmark_results/2026-07-22_rule_milp_dr_memory_daily_july/household_s1_dual_commuter_standard_rule_milp_germany_d21_hist_d21_1_2025-07-21_1day/run_summary.txt,0,54.866444,54.866444,18.525154,0.102255,EUR/kWh,/home/hku_user3/EnergyBridge_rl_dr_memory_202607/experiments/real_data/germany_2025_price.csv,8.3594,8.3594,0.0,0.0,1.962,1.0,1.0,"['dishwasher', 'dryer', 'ev', 'washer', 'water_heater']",[],[]
household_s3_hybrid_work_from_home,household_s3_hybrid_work_from_home,rule_milp,Tianjin,1,2025-07-21,d21_hist_d21_1,hist_d21_1,21,/home/hku_user3/EnergyBridge_rl_dr_memory_202607/experiments/real_data/tianjin_tou_price_normalized.csv,17.0,1.0,/home/hku_user3/EnergyBridge_rl_dr_memory_202607/benchmark_results/2026-07-22_rule_milp_dr_memory_daily_july/_batch_logs/daily_event_configs/d21_hist_d21_1.json,skipped_done,0,0.0,/home/hku_user3/EnergyBridge_rl_dr_memory_202607/benchmark_results/2026-07-22_rule_milp_dr_memory_daily_july/household_s3_hybrid_work_from_home_rule_milp_tianjin_d21_hist_d21_1_2025-07-21_1day,/home/hku_user3/EnergyBridge_rl_dr_memory_202607/benchmark_results/2026-07-22_rule_milp_dr_memory_daily_july/_batch_logs/daily_dr_memory_tianjin_1day/household_s3_hybrid_work_from_home_rule_milp_tianjin_d21_hist_d21_1_2025-07-21_1day.log,/home/hku_user3/EnergyBridge_rl_dr_memory_202607/benchmark_results/2026-07-22_rule_milp_dr_memory_daily_july/household_s3_hybrid_work_from_home_rule_milp_tianjin_d21_hist_d21_1_2025-07-21_1day/run_summary.txt,0,55.794055,55.794055,56.083892,1.119371,normalized TOU cost/kWh,/home/hku_user3/EnergyBridge_rl_dr_memory_202607/experiments/real_data/tianjin_tou_price_normalized.csv,1.1484,1.1484,0.0,0.0,1.983,1.0,1.0,"['dishwasher', 'dryer', 'ev', 'washer', 'water_heater']",[],[]
household_s5_shared_roommates_irregular,household_s5_shared_roommates_irregular,no_dr,Germany,1,2025-07-21,d21_hist_d21_1,hist_d21_1,21,/home/hku_user3/EnergyBridge_rl_dr_memory_202607/experiments/real_data/germany_2025_price.csv,17.0,1.0,/home/hku_user3/EnergyBridge_rl_dr_memory_202607/benchmark_results/2026-07-22_rule_milp_dr_memory_daily_july/_batch_logs/daily_event_configs/d21_hist_d21_1.json,skipped_done,0,0.0,/home/hku_user3/EnergyBridge_rl_dr_memory_202607/benchmark_results/2026-07-22_rule_milp_dr_memory_daily_july/household_s5_shared_roommates_irregular_no_dr_germany_d21_hist_d21_1_2025-07-21_1day,/home/hku_user3/EnergyBridge_rl_dr_memory_202607/benchmark_results/2026-07-22_rule_milp_dr_memory_daily_july/_batch_logs/daily_dr_memory_germany_1day/household_s5_shared_roommates_irregular_no_dr_germany_d21_hist_d21_1_2025-07-21_1day.log,/home/hku_user3/EnergyBridge_rl_dr_memory_202607/benchmark_results/2026-07-22_rule_milp_dr_memory_daily_july/household_s5_shared_roommates_irregular_no_dr_germany_d21_hist_d21_1_2025-07-21_1day/run_summary.txt,0,50.479991,50.479991,18.31044,0.102894,EUR/kWh,/home/hku_user3/EnergyBridge_rl_dr_memory_202607/experiments/real_data/germany_2025_price.csv,10.5424,10.5424,1.0,1.0,,0.0,1.0,[],"['dishwasher', 'dryer', 'ev', 'washer', 'water_heater']",[]
household_s1_dual_commuter_standard,household_s1_dual_commuter_standard,rule_milp,Tianjin,1,2025-07-20,d20_hist_d20_1,hist_d20_1,20,/home/hku_user3/EnergyBridge_rl_dr_memory_202607/experiments/real_data/tianjin_tou_price_normalized.csv,18.0,1.0,/home/hku_user3/EnergyBridge_rl_dr_memory_202607/benchmark_results/2026-07-22_rule_milp_dr_memory_daily_july/_batch_logs/daily_event_configs/d20_hist_d20_1.json,skipped_done,0,0.0,/home/hku_user3/EnergyBridge_rl_dr_memory_202607/benchmark_results/2026-07-22_rule_milp_dr_memory_daily_july/household_s1_dual_commuter_standard_rule_milp_tianjin_d20_hist_d20_1_2025-07-20_1day,/home/hku_user3/EnergyBridge_rl_dr_memory_202607/benchmark_results/2026-07-22_rule_milp_dr_memory_daily_july/_batch_logs/daily_dr_memory_tianjin_1day/household_s1_dual_commuter_standard_rule_milp_tianjin_d20_hist_d20_1_2025-07-20_1day.log,/home/hku_user3/EnergyBridge_rl_dr_memory_202607/benchmark_results/2026-07-22_rule_milp_dr_memory_daily_july/household_s1_dual_commuter_standard_rule_milp_tianjin_d20_hist_d20_1_2025-07-20_1day/run_summary.txt,0,75.742644,75.742644,67.261331,1.180157,normalized TOU cost/kWh,/home/hku_user3/EnergyBridge_rl_dr_memory_202607/experiments/real_data/tianjin_tou_price_normalized.csv,1.7943,1.7943,0.0,0.0,1.962,1.0,1.0,"['dishwasher', 'dryer', 'ev', 'washer', 'water_heater']",[],[]
household_s5_shared_roommates_irregular,household_s5_shared_roommates_irregular,rule_milp,Germany,1,2025-07-21,d21_hist_d21_1,hist_d21_1,21,/home/hku_user3/EnergyBridge_rl_dr_memory_202607/experiments/real_data/germany_2025_price.csv,17.0,1.0,/home/hku_user3/EnergyBridge_rl_dr_memory_202607/benchmark_results/2026-07-22_rule_milp_dr_memory_daily_july/_batch_logs/daily_event_configs/d21_hist_d21_1.json,skipped_done,0,0.0,/home/hku_user3/EnergyBridge_rl_dr_memory_202607/benchmark_results/2026-07-22_rule_milp_dr_memory_daily_july/household_s5_shared_roommates_irregular_rule_milp_germany_d21_hist_d21_1_2025-07-21_1day,/home/hku_user3/EnergyBridge_rl_dr_memory_202607/benchmark_results/2026-07-22_rule_milp_dr_memory_daily_july/_batch_logs/daily_dr_memory_germany_1day/household_s5_shared_roommates_irregular_rule_milp_germany_d21_hist_d21_1_2025-07-21_1day.log,/home/hku_user3/EnergyBridge_rl_dr_memory_202607/benchmark_results/2026-07-22_rule_milp_dr_memory_daily_july/household_s5_shared_roommates_irregular_rule_milp_germany_d21_hist_d21_1_2025-07-21_1day/run_summary.txt,0,49.006613,49.006613,18.012597,0.102355,EUR/kWh,/home/hku_user3/EnergyBridge_rl_dr_memory_202607/experiments/real_data/germany_2025_price.csv,8.2119,8.2119,0.0,0.0,1.863,1.0,1.0,"['dishwasher', 'dryer', 'ev', 'washer', 'water_heater']",[],[]
household_s5_shared_roommates_irregular,household_s5_shared_roommates_irregular,no_dr,Tianjin,1,2025-07-21,d21_hist_d21_1,hist_d21_1,21,/home/hku_user3/EnergyBridge_rl_dr_memory_202607/experiments/real_data/tianjin_tou_price_normalized.csv,17.0,1.0,/home/hku_user3/EnergyBridge_rl_dr_memory_202607/benchmark_results/2026-07-22_rule_milp_dr_memory_daily_july/_batch_logs/daily_event_configs/d21_hist_d21_1.json,skipped_done,0,0.0,/home/hku_user3/EnergyBridge_rl_dr_memory_202607/benchmark_results/2026-07-22_rule_milp_dr_memory_daily_july/household_s5_shared_roommates_irregular_no_dr_tianjin_d21_hist_d21_1_2025-07-21_1day,/home/hku_user3/EnergyBridge_rl_dr_memory_202607/benchmark_results/2026-07-22_rule_milp_dr_memory_daily_july/_batch_logs/daily_dr_memory_tianjin_1day/household_s5_shared_roommates_irregular_no_dr_tianjin_d21_hist_d21_1_2025-07-21_1day.log,/home/hku_user3/EnergyBridge_rl_dr_memory_202607/benchmark_results/2026-07-22_rule_milp_dr_memory_daily_july/household_s5_shared_roommates_irregular_no_dr_tianjin_d21_hist_d21_1_2025-07-21_1day/run_summary.txt,0,54.412571,54.412571,60.706488,1.171588,normalized TOU cost/kWh,/home/hku_user3/EnergyBridge_rl_dr_memory_202607/experiments/real_data/tianjin_tou_price_normalized.csv,3.4938,3.4938,1.0,1.0,,0.0,1.0,[],"['dishwasher', 'dryer', 'ev', 'washer', 'water_heater']",[]
household_s2_multigeneration_caregiver,household_s2_multigeneration_caregiver,rule_milp,Tianjin,1,2025-07-21,d21_hist_d21_1,hist_d21_1,21,/home/hku_user3/EnergyBridge_rl_dr_memory_202607/experiments/real_data/tianjin_tou_price_normalized.csv,17.0,1.0,/home/hku_user3/EnergyBridge_rl_dr_memory_202607/benchmark_results/2026-07-22_rule_milp_dr_memory_daily_july/_batch_logs/daily_event_configs/d21_hist_d21_1.json,skipped_done,0,0.0,/home/hku_user3/EnergyBridge_rl_dr_memory_202607/benchmark_results/2026-07-22_rule_milp_dr_memory_daily_july/household_s2_multigeneration_caregiver_rule_milp_tianjin_d21_hist_d21_1_2025-07-21_1day,/home/hku_user3/EnergyBridge_rl_dr_memory_202607/benchmark_results/2026-07-22_rule_milp_dr_memory_daily_july/_batch_logs/daily_dr_memory_tianjin_1day/household_s2_multigeneration_caregiver_rule_milp_tianjin_d21_hist_d21_1_2025-07-21_1day.log,/home/hku_user3/EnergyBridge_rl_dr_memory_202607/benchmark_results/2026-07-22_rule_milp_dr_memory_daily_july/household_s2_multigeneration_caregiver_rule_milp_tianjin_d21_hist_d21_1_2025-07-21_1day/run_summary.txt,0,49.416949,49.416949,52.26119,1.127089,normalized TOU cost/kWh,/home/hku_user3/EnergyBridge_rl_dr_memory_202607/experiments/real_data/tianjin_tou_price_normalized.csv,0.2742,0.2742,1.0,1.0,1.85,1.0,1.0,"['dishwasher', 'dryer', 'ev', 'washer', 'water_heater']",[],[]
household_s4_ev_commuter_flexible,household_s4_ev_commuter_flexible,no_dr,Tianjin,1,2025-07-21,d21_hist_d21_1,hist_d21_1,21,/home/hku_user3/EnergyBridge_rl_dr_memory_202607/experiments/real_data/tianjin_tou_price_normalized.csv,17.0,1.0,/home/hku_user3/EnergyBridge_rl_dr_memory_202607/benchmark_results/2026-07-22_rule_milp_dr_memory_daily_july/_batch_logs/daily_event_configs/d21_hist_d21_1.json,skipped_done,0,0.0,/home/hku_user3/EnergyBridge_rl_dr_memory_202607/benchmark_results/2026-07-22_rule_milp_dr_memory_daily_july/household_s4_ev_commuter_flexible_no_dr_tianjin_d21_hist_d21_1_2025-07-21_1day,/home/hku_user3/EnergyBridge_rl_dr_memory_202607/benchmark_results/2026-07-22_rule_milp_dr_memory_daily_july/_batch_logs/daily_dr_memory_tianjin_1day/household_s4_ev_commuter_flexible_no_dr_tianjin_d21_hist_d21_1_2025-07-21_1day.log,/home/hku_user3/EnergyBridge_rl_dr_memory_202607/benchmark_results/2026-07-22_rule_milp_dr_memory_daily_july/household_s4_ev_commuter_flexible_no_dr_tianjin_d21_hist_d21_1_2025-07-21_1day/run_summary.txt,0,62.57489,62.57489,68.868806,1.148237,normalized TOU cost/kWh,/home/hku_user3/EnergyBridge_rl_dr_memory_202607/experiments/real_data/tianjin_tou_price_normalized.csv,3.4938,3.4938,1.0,1.0,,0.0,1.0,[],"['dishwasher', 'dryer', 'ev', 'washer', 'water_heater']",[]
household_s1_dual_commuter_standard,household_s1_dual_commuter_standard,no_dr,Tianjin,1,2025-07-21,d21_hist_d21_1,hist_d21_1,21,/home/hku_user3/EnergyBridge_rl_dr_memory_202607/experiments/real_data/tianjin_tou_price_normalized.csv,17.0,1.0,/home/hku_user3/EnergyBridge_rl_dr_memory_202607/benchmark_results/2026-07-22_rule_milp_dr_memory_daily_july/_batch_logs/daily_event_configs/d21_hist_d21_1.json,skipped_done,0,0.0,/home/hku_user3/EnergyBridge_rl_dr_memory_202607/benchmark_results/2026-07-22_rule_milp_dr_memory_daily_july/household_s1_dual_commuter_standard_no_dr_tianjin_d21_hist_d21_1_2025-07-21_1day,/home/hku_user3/EnergyBridge_rl_dr_memory_202607/benchmark_results/2026-07-22_rule_milp_dr_memory_daily_july/_batch_logs/daily_dr_memory_tianjin_1day/household_s1_dual_commuter_standard_no_dr_tianjin_d21_hist_d21_1_2025-07-21_1day.log,/home/hku_user3/EnergyBridge_rl_dr_memory_202607/benchmark_results/2026-07-22_rule_milp_dr_memory_daily_july/household_s1_dual_commuter_standard_no_dr_tianjin_d21_hist_d21_1_2025-07-21_1day/run_summary.txt,0,58.493731,58.493731,64.787647,1.15906,normalized TOU cost/kWh,/home/hku_user3/EnergyBridge_rl_dr_memory_202607/experiments/real_data/tianjin_tou_price_normalized.csv,3.4938,3.4938,1.0,1.0,,0.0,0.8,[],"['dishwasher', 'dryer', 'ev', 'washer', 'water_heater']",[]
household_s2_multigeneration_caregiver,household_s2_multigeneration_caregiver,rule_milp,Germany,1,2025-07-22,d22_hist_d22_1,hist_d22_1,22,/home/hku_user3/EnergyBridge_rl_dr_memory_202607/experiments/real_data/germany_2025_price.csv,17.0,1.0,/home/hku_user3/EnergyBridge_rl_dr_memory_202607/benchmark_results/2026-07-22_rule_milp_dr_memory_daily_july/_batch_logs/daily_event_configs/d22_hist_d22_1.json,skipped_done,0,0.0,/home/hku_user3/EnergyBridge_rl_dr_memory_202607/benchmark_results/2026-07-22_rule_milp_dr_memory_daily_july/household_s2_multigeneration_caregiver_rule_milp_germany_d22_hist_d22_1_2025-07-22_1day,/home/hku_user3/EnergyBridge_rl_dr_memory_202607/benchmark_results/2026-07-22_rule_milp_dr_memory_daily_july/_batch_logs/daily_dr_memory_germany_1day/household_s2_multigeneration_caregiver_rule_milp_germany_d22_hist_d22_1_2025-07-22_1day.log,/home/hku_user3/EnergyBridge_rl_dr_memory_202607/benchmark_results/2026-07-22_rule_milp_dr_memory_daily_july/household_s2_multigeneration_caregiver_rule_milp_germany_d22_hist_d22_1_2025-07-22_1day/run_summary.txt,0,52.496527,52.496527,14.273168,0.080938,EUR/kWh,/home/hku_user3/EnergyBridge_rl_dr_memory_202607/experiments/real_data/germany_2025_price.csv,6.9465,6.9465,1.0,1.0,1.85,1.0,1.0,"['dishwasher', 'dryer', 'ev', 'washer', 'water_heater']",[],[]
household_s2_multigeneration_caregiver,household_s2_multigeneration_caregiver,no_dr,Tianjin,1,2025-07-21,d21_hist_d21_1,hist_d21_1,21,/home/hku_user3/EnergyBridge_rl_dr_memory_202607/experiments/real_data/tianjin_tou_price_normalized.csv,17.0,1.0,/home/hku_user3/EnergyBridge_rl_dr_memory_202607/benchmark_results/2026-07-22_rule_milp_dr_memory_daily_july/_batch_logs/daily_event_configs/d21_hist_d21_1.json,skipped_done,0,0.0,/home/hku_user3/EnergyBridge_rl_dr_memory_202607/benchmark_results/2026-07-22_rule_milp_dr_memory_daily_july/household_s2_multigeneration_caregiver_no_dr_tianjin_d21_hist_d21_1_2025-07-21_1day,/home/hku_user3/EnergyBridge_rl_dr_memory_202607/benchmark_results/2026-07-22_rule_milp_dr_memory_daily_july/_batch_logs/daily_dr_memory_tianjin_1day/household_s2_multigeneration_caregiver_no_dr_tianjin_d21_hist_d21_1_2025-07-21_1day.log,/home/hku_user3/EnergyBridge_rl_dr_memory_202607/benchmark_results/2026-07-22_rule_milp_dr_memory_daily_july/household_s2_multigeneration_caregiver_no_dr_tianjin_d21_hist_d21_1_2025-07-21_1day/run_summary.txt,0,51.716003,51.716003,57.462292,1.202039,normalized TOU cost/kWh,/home/hku_user3/EnergyBridge_rl_dr_memory_202607/experiments/real_data/tianjin_tou_price_normalized.csv,3.5345,3.5345,1.0,1.0,,0.0,0.8,[],"['dishwasher', 'dryer', 'ev', 'washer', 'water_heater']",[]
household_s3_hybrid_work_from_home,household_s3_hybrid_work_from_home,rule_milp,Germany,1,2025-07-22,d22_hist_d22_1,hist_d22_1,22,/home/hku_user3/EnergyBridge_rl_dr_memory_202607/experiments/real_data/germany_2025_price.csv,17.0,1.0,/home/hku_user3/EnergyBridge_rl_dr_memory_202607/benchmark_results/2026-07-22_rule_milp_dr_memory_daily_july/_batch_logs/daily_event_configs/d22_hist_d22_1.json,skipped_done,0,0.0,/home/hku_user3/EnergyBridge_rl_dr_memory_202607/benchmark_results/2026-07-22_rule_milp_dr_memory_daily_july/household_s3_hybrid_work_from_home_rule_milp_germany_d22_hist_d22_1_2025-07-22_1day,/home/hku_user3/EnergyBridge_rl_dr_memory_202607/benchmark_results/2026-07-22_rule_milp_dr_memory_daily_july/_batch_logs/daily_dr_memory_germany_1day/household_s3_hybrid_work_from_home_rule_milp_germany_d22_hist_d22_1_2025-07-22_1day.log,/home/hku_user3/EnergyBridge_rl_dr_memory_202607/benchmark_results/2026-07-22_rule_milp_dr_memory_daily_july/household_s3_hybrid_work_from_home_rule_milp_germany_d22_hist_d22_1_2025-07-22_1day/run_summary.txt,0,57.048977,57.048977,14.547093,0.081071,EUR/kWh,/home/hku_user3/EnergyBridge_rl_dr_memory_202607/experiments/real_data/germany_2025_price.csv,7.8725,7.8725,0.0,0.0,1.983,1.0,1.0,"['dishwasher', 'dryer', 'ev', 'washer', 'water_heater']",[],[]
household_s4_ev_commuter_flexible,household_s4_ev_commuter_flexible,rule_milp,Germany,1,2025-07-21,d21_hist_d21_1,hist_d21_1,21,/home/hku_user3/EnergyBridge_rl_dr_memory_202607/experiments/real_data/germany_2025_price.csv,17.0,1.0,/home/hku_user3/EnergyBridge_rl_dr_memory_202607/benchmark_results/2026-07-22_rule_milp_dr_memory_daily_july/_batch_logs/daily_event_configs/d21_hist_d21_1.json,skipped_done,0,0.0,/home/hku_user3/EnergyBridge_rl_dr_memory_202607/benchmark_results/2026-07-22_rule_milp_dr_memory_daily_july/household_s4_ev_commuter_flexible_rule_milp_germany_d21_hist_d21_1_2025-07-21_1day,/home/hku_user3/EnergyBridge_rl_dr_memory_202607/benchmark_results/2026-07-22_rule_milp_dr_memory_daily_july/_batch_logs/daily_dr_memory_germany_1day/household_s4_ev_commuter_flexible_rule_milp_germany_d21_hist_d21_1_2025-07-21_1day.log,/home/hku_user3/EnergyBridge_rl_dr_memory_202607/benchmark_results/2026-07-22_rule_milp_dr_memory_daily_july/household_s4_ev_commuter_flexible_rule_milp_germany_d21_hist_d21_1_2025-07-21_1day/run_summary.txt,0,57.168932,57.168932,18.801347,0.102101,EUR/kWh,/home/hku_user3/EnergyBridge_rl_dr_memory_202607/experiments/real_data/germany_2025_price.csv,8.2119,8.2119,0.0,0.0,2.0,1.0,1.0,"['dishwasher', 'dryer', 'ev', 'washer', 'water_heater']",[],[]
household_s4_ev_commuter_flexible,household_s4_ev_commuter_flexible,rule_milp,Tianjin,1,2025-07-22,d22_hist_d22_1,hist_d22_1,22,/home/hku_user3/EnergyBridge_rl_dr_memory_202607/experiments/real_data/tianjin_tou_price_normalized.csv,17.0,1.0,/home/hku_user3/EnergyBridge_rl_dr_memory_202607/benchmark_results/2026-07-22_rule_milp_dr_memory_daily_july/_batch_logs/daily_event_configs/d22_hist_d22_1.json,skipped_done,0,0.0,/home/hku_user3/EnergyBridge_rl_dr_memory_202607/benchmark_results/2026-07-22_rule_milp_dr_memory_daily_july/household_s4_ev_commuter_flexible_rule_milp_tianjin_d22_hist_d22_1_2025-07-22_1day,/home/hku_user3/EnergyBridge_rl_dr_memory_202607/benchmark_results/2026-07-22_rule_milp_dr_memory_daily_july/_batch_logs/daily_dr_memory_tianjin_1day/household_s4_ev_commuter_flexible_rule_milp_tianjin_d22_hist_d22_1_2025-07-22_1day.log,/home/hku_user3/EnergyBridge_rl_dr_memory_202607/benchmark_results/2026-07-22_rule_milp_dr_memory_daily_july/household_s4_ev_commuter_flexible_rule_milp_tianjin_d22_hist_d22_1_2025-07-22_1day/run_summary.txt,0,72.813823,72.813823,65.318996,1.122486,normalized TOU cost/kWh,/home/hku_user3/EnergyBridge_rl_dr_memory_202607/experiments/real_data/tianjin_tou_price_normalized.csv,2.1633,2.1633,0.0,0.0,2.0,1.0,1.0,"['dishwasher', 'dryer', 'ev', 'washer', 'water_heater']",[],[]
household_s5_shared_roommates_irregular,household_s5_shared_roommates_irregular,rule_milp,Tianjin,1,2025-07-21,d21_hist_d21_1,hist_d21_1,21,/home/hku_user3/EnergyBridge_rl_dr_memory_202607/experiments/real_data/tianjin_tou_price_normalized.csv,17.0,1.0,/home/hku_user3/EnergyBridge_rl_dr_memory_202607/benchmark_results/2026-07-22_rule_milp_dr_memory_daily_july/_batch_logs/daily_event_configs/d21_hist_d21_1.json,skipped_done,0,0.0,/home/hku_user3/EnergyBridge_rl_dr_memory_202607/benchmark_results/2026-07-22_rule_milp_dr_memory_daily_july/household_s5_shared_roommates_irregular_rule_milp_tianjin_d21_hist_d21_1_2025-07-21_1day,/home/hku_user3/EnergyBridge_rl_dr_memory_202607/benchmark_results/2026-07-22_rule_milp_dr_memory_daily_july/_batch_logs/daily_dr_memory_tianjin_1day/household_s5_shared_roommates_irregular_rule_milp_tianjin_d21_hist_d21_1_2025-07-21_1day.log,/home/hku_user3/EnergyBridge_rl_dr_memory_202607/benchmark_results/2026-07-22_rule_milp_dr_memory_daily_july/household_s5_shared_roommates_irregular_rule_milp_tianjin_d21_hist_d21_1_2025-07-21_1day/run_summary.txt,0,49.083222,49.083222,53.966525,1.098948,normalized TOU cost/kWh,/home/hku_user3/EnergyBridge_rl_dr_memory_202607/experiments/real_data/tianjin_tou_price_normalized.csv,1.0057,1.0057,0.0,0.0,1.863,1.0,1.0,"['dishwasher', 'dryer', 'ev', 'washer', 'water_heater']",[],[]
household_s1_dual_commuter_standard,household_s1_dual_commuter_standard,no_dr,Germany,1,2025-07-22,d22_hist_d22_1,hist_d22_1,22,/home/hku_user3/EnergyBridge_rl_dr_memory_202607/experiments/real_data/germany_2025_price.csv,17.0,1.0,/home/hku_user3/EnergyBridge_rl_dr_memory_202607/benchmark_results/2026-07-22_rule_milp_dr_memory_daily_july/_batch_logs/daily_event_configs/d22_hist_d22_1.json,skipped_done,0,0.0,/home/hku_user3/EnergyBridge_rl_dr_memory_202607/benchmark_results/2026-07-22_rule_milp_dr_memory_daily_july/household_s1_dual_commuter_standard_no_dr_germany_d22_hist_d22_1_2025-07-22_1day,/home/hku_user3/EnergyBridge_rl_dr_memory_202607/benchmark_results/2026-07-22_rule_milp_dr_memory_daily_july/_batch_logs/daily_dr_memory_germany_1day/household_s1_dual_commuter_standard_no_dr_germany_d22_hist_d22_1_2025-07-22_1day.log,/home/hku_user3/EnergyBridge_rl_dr_memory_202607/benchmark_results/2026-07-22_rule_milp_dr_memory_daily_july/household_s1_dual_commuter_standard_no_dr_germany_d22_hist_d22_1_2025-07-22_1day/run_summary.txt,0,59.127333,59.127333,15.305988,0.083036,EUR/kWh,/home/hku_user3/EnergyBridge_rl_dr_memory_202607/experiments/real_data/germany_2025_price.csv,10.229,10.229,1.0,1.0,,0.0,0.8,[],"['dishwasher', 'dryer', 'ev', 'washer', 'water_heater']",[]
household_s3_hybrid_work_from_home,household_s3_hybrid_work_from_home,rule_milp,Tianjin,1,2025-07-22,d22_hist_d22_1,hist_d22_1,22,/home/hku_user3/EnergyBridge_rl_dr_memory_202607/experiments/real_data/tianjin_tou_price_normalized.csv,17.0,1.0,/home/hku_user3/EnergyBridge_rl_dr_memory_202607/benchmark_results/2026-07-22_rule_milp_dr_memory_daily_july/_batch_logs/daily_event_configs/d22_hist_d22_1.json,skipped_done,0,0.0,/home/hku_user3/EnergyBridge_rl_dr_memory_202607/benchmark_results/2026-07-22_rule_milp_dr_memory_daily_july/household_s3_hybrid_work_from_home_rule_milp_tianjin_d22_hist_d22_1_2025-07-22_1day,/home/hku_user3/EnergyBridge_rl_dr_memory_202607/benchmark_results/2026-07-22_rule_milp_dr_memory_daily_july/_batch_logs/daily_dr_memory_tianjin_1day/household_s3_hybrid_work_from_home_rule_milp_tianjin_d22_hist_d22_1_2025-07-22_1day.log,/home/hku_user3/EnergyBridge_rl_dr_memory_202607/benchmark_results/2026-07-22_rule_milp_dr_memory_daily_july/household_s3_hybrid_work_from_home_rule_milp_tianjin_d22_hist_d22_1_2025-07-22_1day/run_summary.txt,0,72.021857,72.021857,63.077001,1.184961,normalized TOU cost/kWh,/home/hku_user3/EnergyBridge_rl_dr_memory_202607/experiments/real_data/tianjin_tou_price_normalized.csv,1.9922,1.9922,0.0,0.0,1.983,1.0,1.0,"['dishwasher', 'dryer', 'ev', 'washer', 'water_heater']",[],[]
household_s3_hybrid_work_from_home,household_s3_hybrid_work_from_home,no_dr,Tianjin,1,2025-07-22,d22_hist_d22_1,hist_d22_1,22,/home/hku_user3/EnergyBridge_rl_dr_memory_202607/experiments/real_data/tianjin_tou_price_normalized.csv,17.0,1.0,/home/hku_user3/EnergyBridge_rl_dr_memory_202607/benchmark_results/2026-07-22_rule_milp_dr_memory_daily_july/_batch_logs/daily_event_configs/d22_hist_d22_1.json,skipped_done,0,0.0,/home/hku_user3/EnergyBridge_rl_dr_memory_202607/benchmark_results/2026-07-22_rule_milp_dr_memory_daily_july/household_s3_hybrid_work_from_home_no_dr_tianjin_d22_hist_d22_1_2025-07-22_1day,/home/hku_user3/EnergyBridge_rl_dr_memory_202607/benchmark_results/2026-07-22_rule_milp_dr_memory_daily_july/_batch_logs/daily_dr_memory_tianjin_1day/household_s3_hybrid_work_from_home_no_dr_tianjin_d22_hist_d22_1_2025-07-22_1day.log,/home/hku_user3/EnergyBridge_rl_dr_memory_202607/benchmark_results/2026-07-22_rule_milp_dr_memory_daily_july/household_s3_hybrid_work_from_home_no_dr_tianjin_d22_hist_d22_1_2025-07-22_1day/run_summary.txt,0,66.558894,66.558894,69.442123,1.175753,normalized TOU cost/kWh,/home/hku_user3/EnergyBridge_rl_dr_memory_202607/experiments/real_data/tianjin_tou_price_normalized.csv,3.7608,3.7608,1.0,1.0,,0.0,0.8,[],"['dishwasher', 'dryer', 'ev', 'washer', 'water_heater']",[]
household_s3_hybrid_work_from_home,household_s3_hybrid_work_from_home,no_dr,Germany,1,2025-07-22,d22_hist_d22_1,hist_d22_1,22,/home/hku_user3/EnergyBridge_rl_dr_memory_202607/experiments/real_data/germany_2025_price.csv,17.0,1.0,/home/hku_user3/EnergyBridge_rl_dr_memory_202607/benchmark_results/2026-07-22_rule_milp_dr_memory_daily_july/_batch_logs/daily_event_configs/d22_hist_d22_1.json,skipped_done,0,0.0,/home/hku_user3/EnergyBridge_rl_dr_memory_202607/benchmark_results/2026-07-22_rule_milp_dr_memory_daily_july/household_s3_hybrid_work_from_home_no_dr_germany_d22_hist_d22_1_2025-07-22_1day,/home/hku_user3/EnergyBridge_rl_dr_memory_202607/benchmark_results/2026-07-22_rule_milp_dr_memory_daily_july/_batch_logs/daily_dr_memory_germany_1day/household_s3_hybrid_work_from_home_no_dr_germany_d22_hist_d22_1_2025-07-22_1day.log,/home/hku_user3/EnergyBridge_rl_dr_memory_202607/benchmark_results/2026-07-22_rule_milp_dr_memory_daily_july/household_s3_hybrid_work_from_home_no_dr_germany_d22_hist_d22_1_2025-07-22_1day/run_summary.txt,0,55.418292,55.418292,14.898049,0.082733,EUR/kWh,/home/hku_user3/EnergyBridge_rl_dr_memory_202607/experiments/real_data/germany_2025_price.csv,10.2388,10.2388,1.0,1.0,,0.0,0.8,[],"['dishwasher', 'dryer', 'ev', 'washer', 'water_heater']",[]
household_s5_shared_roommates_irregular,household_s5_shared_roommates_irregular,rule_milp,Germany,1,2025-07-22,d22_hist_d22_1,hist_d22_1,22,/home/hku_user3/EnergyBridge_rl_dr_memory_202607/experiments/real_data/germany_2025_price.csv,17.0,1.0,/home/hku_user3/EnergyBridge_rl_dr_memory_202607/benchmark_results/2026-07-22_rule_milp_dr_memory_daily_july/_batch_logs/daily_event_configs/d22_hist_d22_1.json,skipped_done,0,0.0,/home/hku_user3/EnergyBridge_rl_dr_memory_202607/benchmark_results/2026-07-22_rule_milp_dr_memory_daily_july/household_s5_shared_roommates_irregular_rule_milp_germany_d22_hist_d22_1_2025-07-22_1day,/home/hku_user3/EnergyBridge_rl_dr_memory_202607/benchmark_results/2026-07-22_rule_milp_dr_memory_daily_july/_batch_logs/daily_dr_memory_germany_1day/household_s5_shared_roommates_irregular_rule_milp_germany_d22_hist_d22_1_2025-07-22_1day.log,/home/hku_user3/EnergyBridge_rl_dr_memory_202607/benchmark_results/2026-07-22_rule_milp_dr_memory_daily_july/household_s5_shared_roommates_irregular_rule_milp_germany_d22_hist_d22_1_2025-07-22_1day/run_summary.txt,0,50.816869,50.816869,14.479696,0.081201,EUR/kWh,/home/hku_user3/EnergyBridge_rl_dr_memory_202607/experiments/real_data/germany_2025_price.csv,7.8181,7.8181,0.0,0.0,1.89,1.0,1.0,"['dishwasher', 'dryer', 'ev', 'washer', 'water_heater']",[],[]
household_s3_hybrid_work_from_home,household_s3_hybrid_work_from_home,no_dr,Tianjin,1,2025-07-21,d21_hist_d21_1,hist_d21_1,21,/home/hku_user3/EnergyBridge_rl_dr_memory_202607/experiments/real_data/tianjin_tou_price_normalized.csv,17.0,1.0,/home/hku_user3/EnergyBridge_rl_dr_memory_202607/benchmark_results/2026-07-22_rule_milp_dr_memory_daily_july/_batch_logs/daily_event_configs/d21_hist_d21_1.json,skipped_done,0,0.0,/home/hku_user3/EnergyBridge_rl_dr_memory_202607/benchmark_results/2026-07-22_rule_milp_dr_memory_daily_july/household_s3_hybrid_work_from_home_no_dr_tianjin_d21_hist_d21_1_2025-07-21_1day,/home/hku_user3/EnergyBridge_rl_dr_memory_202607/benchmark_results/2026-07-22_rule_milp_dr_memory_daily_july/_batch_logs/daily_dr_memory_tianjin_1day/household_s3_hybrid_work_from_home_no_dr_tianjin_d21_hist_d21_1_2025-07-21_1day.log,/home/hku_user3/EnergyBridge_rl_dr_memory_202607/benchmark_results/2026-07-22_rule_milp_dr_memory_daily_july/household_s3_hybrid_work_from_home_no_dr_tianjin_d21_hist_d21_1_2025-07-21_1day/run_summary.txt,0,54.715639,54.715639,61.1241,1.172787,normalized TOU cost/kWh,/home/hku_user3/EnergyBridge_rl_dr_memory_202607/experiments/real_data/tianjin_tou_price_normalized.csv,3.4957,3.4957,1.0,1.0,,0.0,0.8,[],"['dishwasher', 'dryer', 'ev', 'washer', 'water_heater']",[]
household_s1_dual_commuter_standard,household_s1_dual_commuter_standard,rule_milp,Germany,1,2025-07-22,d22_hist_d22_1,hist_d22_1,22,/home/hku_user3/EnergyBridge_rl_dr_memory_202607/experiments/real_data/germany_2025_price.csv,17.0,1.0,/home/hku_user3/EnergyBridge_rl_dr_memory_202607/benchmark_results/2026-07-22_rule_milp_dr_memory_daily_july/_batch_logs/daily_event_configs/d22_hist_d22_1.json,skipped_done,0,0.0,/home/hku_user3/EnergyBridge_rl_dr_memory_202607/benchmark_results/2026-07-22_rule_milp_dr_memory_daily_july/household_s1_dual_commuter_standard_rule_milp_germany_d22_hist_d22_1_2025-07-22_1day,/home/hku_user3/EnergyBridge_rl_dr_memory_202607/benchmark_results/2026-07-22_rule_milp_dr_memory_daily_july/_batch_logs/daily_dr_memory_germany_1day/household_s1_dual_commuter_standard_rule_milp_germany_d22_hist_d22_1_2025-07-22_1day.log,/home/hku_user3/EnergyBridge_rl_dr_memory_202607/benchmark_results/2026-07-22_rule_milp_dr_memory_daily_july/household_s1_dual_commuter_standard_rule_milp_germany_d22_hist_d22_1_2025-07-22_1day/run_summary.txt,0,54.61877,54.61877,14.833609,0.081453,EUR/kWh,/home/hku_user3/EnergyBridge_rl_dr_memory_202607/experiments/real_data/germany_2025_price.csv,6.9399,6.9399,0.0,0.0,1.41,1.0,1.0,"['dishwasher', 'dryer', 'ev', 'washer', 'water_heater']",[],[]
household_s1_dual_commuter_standard,household_s1_dual_commuter_standard,rule_milp,Tianjin,1,2025-07-21,d21_hist_d21_1,hist_d21_1,21,/home/hku_user3/EnergyBridge_rl_dr_memory_202607/experiments/real_data/tianjin_tou_price_normalized.csv,17.0,1.0,/home/hku_user3/EnergyBridge_rl_dr_memory_202607/benchmark_results/2026-07-22_rule_milp_dr_memory_daily_july/_batch_logs/daily_event_configs/d21_hist_d21_1.json,skipped_done,0,0.0,/home/hku_user3/EnergyBridge_rl_dr_memory_202607/benchmark_results/2026-07-22_rule_milp_dr_memory_daily_july/household_s1_dual_commuter_standard_rule_milp_tianjin_d21_hist_d21_1_2025-07-21_1day,/home/hku_user3/EnergyBridge_rl_dr_memory_202607/benchmark_results/2026-07-22_rule_milp_dr_memory_daily_july/_batch_logs/daily_dr_memory_tianjin_1day/household_s1_dual_commuter_standard_rule_milp_tianjin_d21_hist_d21_1_2025-07-21_1day.log,/home/hku_user3/EnergyBridge_rl_dr_memory_202607/benchmark_results/2026-07-22_rule_milp_dr_memory_daily_july/household_s1_dual_commuter_standard_rule_milp_tianjin_d21_hist_d21_1_2025-07-21_1day/run_summary.txt,0,55.507547,55.507547,59.466185,1.107997,normalized TOU cost/kWh,/home/hku_user3/EnergyBridge_rl_dr_memory_202607/experiments/real_data/tianjin_tou_price_normalized.csv,1.1003,1.1003,0.0,0.0,2.1,1.0,1.0,"['dishwasher', 'dryer', 'ev', 'washer', 'water_heater']",[],[]
household_s4_ev_commuter_flexible,household_s4_ev_commuter_flexible,rule_milp,Germany,1,2025-07-22,d22_hist_d22_1,hist_d22_1,22,/home/hku_user3/EnergyBridge_rl_dr_memory_202607/experiments/real_data/germany_2025_price.csv,17.0,1.0,/home/hku_user3/EnergyBridge_rl_dr_memory_202607/benchmark_results/2026-07-22_rule_milp_dr_memory_daily_july/_batch_logs/daily_event_configs/d22_hist_d22_1.json,skipped_done,0,0.0,/home/hku_user3/EnergyBridge_rl_dr_memory_202607/benchmark_results/2026-07-22_rule_milp_dr_memory_daily_july/household_s4_ev_commuter_flexible_rule_milp_germany_d22_hist_d22_1_2025-07-22_1day,/home/hku_user3/EnergyBridge_rl_dr_memory_202607/benchmark_results/2026-07-22_rule_milp_dr_memory_daily_july/_batch_logs/daily_dr_memory_germany_1day/household_s4_ev_commuter_flexible_rule_milp_germany_d22_hist_d22_1_2025-07-22_1day.log,/home/hku_user3/EnergyBridge_rl_dr_memory_202607/benchmark_results/2026-07-22_rule_milp_dr_memory_daily_july/household_s4_ev_commuter_flexible_rule_milp_germany_d22_hist_d22_1_2025-07-22_1day/run_summary.txt,0,58.979188,58.979188,15.284002,0.08196,EUR/kWh,/home/hku_user3/EnergyBridge_rl_dr_memory_202607/experiments/real_data/germany_2025_price.csv,7.8181,7.8181,0.0,0.0,2.0,1.0,1.0,"['dishwasher', 'dryer', 'ev', 'washer', 'water_heater']",[],[]
household_s2_multigeneration_caregiver,household_s2_multigeneration_caregiver,no_dr,Germany,1,2025-07-22,d22_hist_d22_1,hist_d22_1,22,/home/hku_user3/EnergyBridge_rl_dr_memory_202607/experiments/real_data/germany_2025_price.csv,17.0,1.0,/home/hku_user3/EnergyBridge_rl_dr_memory_202607/benchmark_results/2026-07-22_rule_milp_dr_memory_daily_july/_batch_logs/daily_event_configs/d22_hist_d22_1.json,skipped_done,0,0.0,/home/hku_user3/EnergyBridge_rl_dr_memory_202607/benchmark_results/2026-07-22_rule_milp_dr_memory_daily_july/household_s2_multigeneration_caregiver_no_dr_germany_d22_hist_d22_1_2025-07-22_1day,/home/hku_user3/EnergyBridge_rl_dr_memory_202607/benchmark_results/2026-07-22_rule_milp_dr_memory_daily_july/_batch_logs/daily_dr_memory_germany_1day/household_s2_multigeneration_caregiver_no_dr_germany_d22_hist_d22_1_2025-07-22_1day.log,/home/hku_user3/EnergyBridge_rl_dr_memory_202607/benchmark_results/2026-07-22_rule_milp_dr_memory_daily_july/household_s2_multigeneration_caregiver_no_dr_germany_d22_hist_d22_1_2025-07-22_1day/run_summary.txt,0,52.822837,52.822837,14.6317,0.082507,EUR/kWh,/home/hku_user3/EnergyBridge_rl_dr_memory_202607/experiments/real_data/germany_2025_price.csv,10.2759,10.2759,1.0,1.0,,0.0,0.8,[],"['dishwasher', 'dryer', 'ev', 'washer', 'water_heater']",[]
household_s5_shared_roommates_irregular,household_s5_shared_roommates_irregular,no_dr,Germany,1,2025-07-22,d22_hist_d22_1,hist_d22_1,22,/home/hku_user3/EnergyBridge_rl_dr_memory_202607/experiments/real_data/germany_2025_price.csv,17.0,1.0,/home/hku_user3/EnergyBridge_rl_dr_memory_202607/benchmark_results/2026-07-22_rule_milp_dr_memory_daily_july/_batch_logs/daily_event_configs/d22_hist_d22_1.json,skipped_done,0,0.0,/home/hku_user3/EnergyBridge_rl_dr_memory_202607/benchmark_results/2026-07-22_rule_milp_dr_memory_daily_july/household_s5_shared_roommates_irregular_no_dr_germany_d22_hist_d22_1_2025-07-22_1day,/home/hku_user3/EnergyBridge_rl_dr_memory_202607/benchmark_results/2026-07-22_rule_milp_dr_memory_daily_july/_batch_logs/daily_dr_memory_germany_1day/household_s5_shared_roommates_irregular_no_dr_germany_d22_hist_d22_1_2025-07-22_1day.log,/home/hku_user3/EnergyBridge_rl_dr_memory_202607/benchmark_results/2026-07-22_rule_milp_dr_memory_daily_july/household_s5_shared_roommates_irregular_no_dr_germany_d22_hist_d22_1_2025-07-22_1day/run_summary.txt,0,55.046173,55.046173,14.908166,0.082709,EUR/kWh,/home/hku_user3/EnergyBridge_rl_dr_memory_202607/experiments/real_data/germany_2025_price.csv,10.229,10.229,1.0,1.0,,0.0,1.0,[],"['dishwasher', 'dryer', 'ev', 'washer', 'water_heater']",[]
household_s4_ev_commuter_flexible,household_s4_ev_commuter_flexible,rule_milp,Tianjin,1,2025-07-21,d21_hist_d21_1,hist_d21_1,21,/home/hku_user3/EnergyBridge_rl_dr_memory_202607/experiments/real_data/tianjin_tou_price_normalized.csv,17.0,1.0,/home/hku_user3/EnergyBridge_rl_dr_memory_202607/benchmark_results/2026-07-22_rule_milp_dr_memory_daily_july/_batch_logs/daily_event_configs/d21_hist_d21_1.json,skipped_done,0,0.0,/home/hku_user3/EnergyBridge_rl_dr_memory_202607/benchmark_results/2026-07-22_rule_milp_dr_memory_daily_july/household_s4_ev_commuter_flexible_rule_milp_tianjin_d21_hist_d21_1_2025-07-21_1day,/home/hku_user3/EnergyBridge_rl_dr_memory_202607/benchmark_results/2026-07-22_rule_milp_dr_memory_daily_july/_batch_logs/daily_dr_memory_tianjin_1day/household_s4_ev_commuter_flexible_rule_milp_tianjin_d21_hist_d21_1_2025-07-21_1day.log,/home/hku_user3/EnergyBridge_rl_dr_memory_202607/benchmark_results/2026-07-22_rule_milp_dr_memory_daily_july/household_s4_ev_commuter_flexible_rule_milp_tianjin_d21_hist_d21_1_2025-07-21_1day/run_summary.txt,0,57.245541,57.245541,62.128844,1.084845,normalized TOU cost/kWh,/home/hku_user3/EnergyBridge_rl_dr_memory_202607/experiments/real_data/tianjin_tou_price_normalized.csv,1.0057,1.0057,0.0,0.0,2.0,1.0,1.0,"['dishwasher', 'dryer', 'ev', 'washer', 'water_heater']",[],[]
household_s1_dual_commuter_standard,household_s1_dual_commuter_standard,no_dr,Tianjin,1,2025-07-22,d22_hist_d22_1,hist_d22_1,22,/home/hku_user3/EnergyBridge_rl_dr_memory_202607/experiments/real_data/tianjin_tou_price_normalized.csv,17.0,1.0,/home/hku_user3/EnergyBridge_rl_dr_memory_202607/benchmark_results/2026-07-22_rule_milp_dr_memory_daily_july/_batch_logs/daily_event_configs/d22_hist_d22_1.json,skipped_done,0,0.0,/home/hku_user3/EnergyBridge_rl_dr_memory_202607/benchmark_results/2026-07-22_rule_milp_dr_memory_daily_july/household_s1_dual_commuter_standard_no_dr_tianjin_d22_hist_d22_1_2025-07-22_1day,/home/hku_user3/EnergyBridge_rl_dr_memory_202607/benchmark_results/2026-07-22_rule_milp_dr_memory_daily_july/_batch_logs/daily_dr_memory_tianjin_1day/household_s1_dual_commuter_standard_no_dr_tianjin_d22_hist_d22_1_2025-07-22_1day.log,/home/hku_user3/EnergyBridge_rl_dr_memory_202607/benchmark_results/2026-07-22_rule_milp_dr_memory_daily_july/household_s1_dual_commuter_standard_no_dr_tianjin_d22_hist_d22_1_2025-07-22_1day/run_summary.txt,0,69.579006,69.579006,73.110226,1.163228,normalized TOU cost/kWh,/home/hku_user3/EnergyBridge_rl_dr_memory_202607/experiments/real_data/tianjin_tou_price_normalized.csv,3.7535,3.7535,1.0,1.0,,0.0,0.8,[],"['dishwasher', 'dryer', 'ev', 'washer', 'water_heater']",[]
household_s2_multigeneration_caregiver,household_s2_multigeneration_caregiver,rule_milp,Tianjin,1,2025-07-22,d22_hist_d22_1,hist_d22_1,22,/home/hku_user3/EnergyBridge_rl_dr_memory_202607/experiments/real_data/tianjin_tou_price_normalized.csv,17.0,1.0,/home/hku_user3/EnergyBridge_rl_dr_memory_202607/benchmark_results/2026-07-22_rule_milp_dr_memory_daily_july/_batch_logs/daily_event_configs/d22_hist_d22_1.json,skipped_done,0,0.0,/home/hku_user3/EnergyBridge_rl_dr_memory_202607/benchmark_results/2026-07-22_rule_milp_dr_memory_daily_july/household_s2_multigeneration_caregiver_rule_milp_tianjin_d22_hist_d22_1_2025-07-22_1day,/home/hku_user3/EnergyBridge_rl_dr_memory_202607/benchmark_results/2026-07-22_rule_milp_dr_memory_daily_july/_batch_logs/daily_dr_memory_tianjin_1day/household_s2_multigeneration_caregiver_rule_milp_tianjin_d22_hist_d22_1_2025-07-22_1day.log,/home/hku_user3/EnergyBridge_rl_dr_memory_202607/benchmark_results/2026-07-22_rule_milp_dr_memory_daily_july/household_s2_multigeneration_caregiver_rule_milp_tianjin_d22_hist_d22_1_2025-07-22_1day/run_summary.txt,0,67.391501,67.391501,58.892769,1.191148,normalized TOU cost/kWh,/home/hku_user3/EnergyBridge_rl_dr_memory_202607/experiments/real_data/tianjin_tou_price_normalized.csv,0.4588,0.4588,1.0,1.0,1.71,1.0,1.0,"['dishwasher', 'dryer', 'ev', 'washer', 'water_heater']",[],[]
household_s2_multigeneration_caregiver,household_s2_multigeneration_caregiver,no_dr,Tianjin,1,2025-07-22,d22_hist_d22_1,hist_d22_1,22,/home/hku_user3/EnergyBridge_rl_dr_memory_202607/experiments/real_data/tianjin_tou_price_normalized.csv,17.0,1.0,/home/hku_user3/EnergyBridge_rl_dr_memory_202607/benchmark_results/2026-07-22_rule_milp_dr_memory_daily_july/_batch_logs/daily_event_configs/d22_hist_d22_1.json,skipped_done,0,0.0,/home/hku_user3/EnergyBridge_rl_dr_memory_202607/benchmark_results/2026-07-22_rule_milp_dr_memory_daily_july/household_s2_multigeneration_caregiver_no_dr_tianjin_d22_hist_d22_1_2025-07-22_1day,/home/hku_user3/EnergyBridge_rl_dr_memory_202607/benchmark_results/2026-07-22_rule_milp_dr_memory_daily_july/_batch_logs/daily_dr_memory_tianjin_1day/household_s2_multigeneration_caregiver_no_dr_tianjin_d22_hist_d22_1_2025-07-22_1day.log,/home/hku_user3/EnergyBridge_rl_dr_memory_202607/benchmark_results/2026-07-22_rule_milp_dr_memory_daily_july/household_s2_multigeneration_caregiver_no_dr_tianjin_d22_hist_d22_1_2025-07-22_1day/run_summary.txt,0,63.175983,63.175983,65.937122,1.20179,normalized TOU cost/kWh,/home/hku_user3/EnergyBridge_rl_dr_memory_202607/experiments/real_data/tianjin_tou_price_normalized.csv,3.8106,3.8106,1.0,1.0,,0.0,0.8,[],"['dishwasher', 'dryer', 'ev', 'washer', 'water_heater']",[]
household_s3_hybrid_work_from_home,household_s3_hybrid_work_from_home,rule_milp,Germany,1,2025-07-23,d23_hist_d23_1,hist_d23_1,23,/home/hku_user3/EnergyBridge_rl_dr_memory_202607/experiments/real_data/germany_2025_price.csv,18.0,1.0,/home/hku_user3/EnergyBridge_rl_dr_memory_202607/benchmark_results/2026-07-22_rule_milp_dr_memory_daily_july/_batch_logs/daily_event_configs/d23_hist_d23_1.json,skipped_done,0,0.0,/home/hku_user3/EnergyBridge_rl_dr_memory_202607/benchmark_results/2026-07-22_rule_milp_dr_memory_daily_july/household_s3_hybrid_work_from_home_rule_milp_germany_d23_hist_d23_1_2025-07-23_1day,/home/hku_user3/EnergyBridge_rl_dr_memory_202607/benchmark_results/2026-07-22_rule_milp_dr_memory_daily_july/_batch_logs/daily_dr_memory_germany_1day/household_s3_hybrid_work_from_home_rule_milp_germany_d23_hist_d23_1_2025-07-23_1day.log,/home/hku_user3/EnergyBridge_rl_dr_memory_202607/benchmark_results/2026-07-22_rule_milp_dr_memory_daily_july/household_s3_hybrid_work_from_home_rule_milp_germany_d23_hist_d23_1_2025-07-23_1day/run_summary.txt,0,57.582445,57.582445,15.47495,0.082919,EUR/kWh,/home/hku_user3/EnergyBridge_rl_dr_memory_202607/experiments/real_data/germany_2025_price.csv,6.6562,6.6562,0.0,0.0,1.983,1.0,1.0,"['dishwasher', 'dryer', 'ev', 'washer', 'water_heater']",[],[]
household_s5_shared_roommates_irregular,household_s5_shared_roommates_irregular,rule_milp,Germany,1,2025-07-23,d23_hist_d23_1,hist_d23_1,23,/home/hku_user3/EnergyBridge_rl_dr_memory_202607/experiments/real_data/germany_2025_price.csv,18.0,1.0,/home/hku_user3/EnergyBridge_rl_dr_memory_202607/benchmark_results/2026-07-22_rule_milp_dr_memory_daily_july/_batch_logs/daily_event_configs/d23_hist_d23_1.json,skipped_done,0,0.0,/home/hku_user3/EnergyBridge_rl_dr_memory_202607/benchmark_results/2026-07-22_rule_milp_dr_memory_daily_july/household_s5_shared_roommates_irregular_rule_milp_germany_d23_hist_d23_1_2025-07-23_1day,/home/hku_user3/EnergyBridge_rl_dr_memory_202607/benchmark_results/2026-07-22_rule_milp_dr_memory_daily_july/_batch_logs/daily_dr_memory_germany_1day/household_s5_shared_roommates_irregular_rule_milp_germany_d23_hist_d23_1_2025-07-23_1day.log,/home/hku_user3/EnergyBridge_rl_dr_memory_202607/benchmark_results/2026-07-22_rule_milp_dr_memory_daily_july/household_s5_shared_roommates_irregular_rule_milp_germany_d23_hist_d23_1_2025-07-23_1day/run_summary.txt,0,55.891161,55.891161,15.464298,0.083133,EUR/kWh,/home/hku_user3/EnergyBridge_rl_dr_memory_202607/experiments/real_data/germany_2025_price.csv,6.8058,6.8058,0.0,0.0,2.1,1.0,1.0,"['dishwasher', 'dryer', 'ev', 'washer', 'water_heater']",[],[]
household_s4_ev_commuter_flexible,household_s4_ev_commuter_flexible,no_dr,Tianjin,1,2025-07-22,d22_hist_d22_1,hist_d22_1,22,/home/hku_user3/EnergyBridge_rl_dr_memory_202607/experiments/real_data/tianjin_tou_price_normalized.csv,17.0,1.0,/home/hku_user3/EnergyBridge_rl_dr_memory_202607/benchmark_results/2026-07-22_rule_milp_dr_memory_daily_july/_batch_logs/daily_event_configs/d22_hist_d22_1.json,skipped_done,0,0.0,/home/hku_user3/EnergyBridge_rl_dr_memory_202607/benchmark_results/2026-07-22_rule_milp_dr_memory_daily_july/household_s4_ev_commuter_flexible_no_dr_tianjin_d22_hist_d22_1_2025-07-22_1day,/home/hku_user3/EnergyBridge_rl_dr_memory_202607/benchmark_results/2026-07-22_rule_milp_dr_memory_daily_july/_batch_logs/daily_dr_memory_tianjin_1day/household_s4_ev_commuter_flexible_no_dr_tianjin_d22_hist_d22_1_2025-07-22_1day.log,/home/hku_user3/EnergyBridge_rl_dr_memory_202607/benchmark_results/2026-07-22_rule_milp_dr_memory_daily_july/household_s4_ev_commuter_flexible_no_dr_tianjin_d22_hist_d22_1_2025-07-22_1day/run_summary.txt,0,73.660166,73.660166,77.191386,1.153275,normalized TOU cost/kWh,/home/hku_user3/EnergyBridge_rl_dr_memory_202607/experiments/real_data/tianjin_tou_price_normalized.csv,3.7535,3.7535,1.0,1.0,,0.0,1.0,[],"['dishwasher', 'dryer', 'ev', 'washer', 'water_heater']",[]
household_s5_shared_roommates_irregular,household_s5_shared_roommates_irregular,no_dr,Tianjin,1,2025-07-22,d22_hist_d22_1,hist_d22_1,22,/home/hku_user3/EnergyBridge_rl_dr_memory_202607/experiments/real_data/tianjin_tou_price_normalized.csv,17.0,1.0,/home/hku_user3/EnergyBridge_rl_dr_memory_202607/benchmark_results/2026-07-22_rule_milp_dr_memory_daily_july/_batch_logs/daily_event_configs/d22_hist_d22_1.json,skipped_done,0,0.0,/home/hku_user3/EnergyBridge_rl_dr_memory_202607/benchmark_results/2026-07-22_rule_milp_dr_memory_daily_july/household_s5_shared_roommates_irregular_no_dr_tianjin_d22_hist_d22_1_2025-07-22_1day,/home/hku_user3/EnergyBridge_rl_dr_memory_202607/benchmark_results/2026-07-22_rule_milp_dr_memory_daily_july/_batch_logs/daily_dr_memory_tianjin_1day/household_s5_shared_roommates_irregular_no_dr_tianjin_d22_hist_d22_1_2025-07-22_1day.log,/home/hku_user3/EnergyBridge_rl_dr_memory_202607/benchmark_results/2026-07-22_rule_milp_dr_memory_daily_july/household_s5_shared_roommates_irregular_no_dr_tianjin_d22_hist_d22_1_2025-07-22_1day/run_summary.txt,0,65.497847,65.497847,69.029067,1.174563,normalized TOU cost/kWh,/home/hku_user3/EnergyBridge_rl_dr_memory_202607/experiments/real_data/tianjin_tou_price_normalized.csv,3.7535,3.7535,1.0,1.0,,0.0,1.0,[],"['dishwasher', 'dryer', 'ev', 'washer', 'water_heater']",[]
household_s1_dual_commuter_standard,household_s1_dual_commuter_standard,rule_milp,Tianjin,1,2025-07-22,d22_hist_d22_1,hist_d22_1,22,/home/hku_user3/EnergyBridge_rl_dr_memory_202607/experiments/real_data/tianjin_tou_price_normalized.csv,17.0,1.0,/home/hku_user3/EnergyBridge_rl_dr_memory_202607/benchmark_results/2026-07-22_rule_milp_dr_memory_daily_july/_batch_logs/daily_event_configs/d22_hist_d22_1.json,skipped_done,0,0.0,/home/hku_user3/EnergyBridge_rl_dr_memory_202607/benchmark_results/2026-07-22_rule_milp_dr_memory_daily_july/household_s1_dual_commuter_standard_rule_milp_tianjin_d22_hist_d22_1_2025-07-22_1day,/home/hku_user3/EnergyBridge_rl_dr_memory_202607/benchmark_results/2026-07-22_rule_milp_dr_memory_daily_july/_batch_logs/daily_dr_memory_tianjin_1day/household_s1_dual_commuter_standard_rule_milp_tianjin_d22_hist_d22_1_2025-07-22_1day.log,/home/hku_user3/EnergyBridge_rl_dr_memory_202607/benchmark_results/2026-07-22_rule_milp_dr_memory_daily_july/household_s1_dual_commuter_standard_rule_milp_tianjin_d22_hist_d22_1_2025-07-22_1day/run_summary.txt,0,67.755431,67.755431,64.777507,1.164482,normalized TOU cost/kWh,/home/hku_user3/EnergyBridge_rl_dr_memory_202607/experiments/real_data/tianjin_tou_price_normalized.csv,0.9498,0.9498,0.0,0.0,1.407,1.0,1.0,"['dishwasher', 'dryer', 'ev', 'washer', 'water_heater']",[],[]
household_s4_ev_commuter_flexible,household_s4_ev_commuter_flexible,no_dr,Germany,1,2025-07-23,d23_hist_d23_1,hist_d23_1,23,/home/hku_user3/EnergyBridge_rl_dr_memory_202607/experiments/real_data/germany_2025_price.csv,18.0,1.0,/home/hku_user3/EnergyBridge_rl_dr_memory_202607/benchmark_results/2026-07-22_rule_milp_dr_memory_daily_july/_batch_logs/daily_event_configs/d23_hist_d23_1.json,skipped_done,0,0.0,/home/hku_user3/EnergyBridge_rl_dr_memory_202607/benchmark_results/2026-07-22_rule_milp_dr_memory_daily_july/household_s4_ev_commuter_flexible_no_dr_germany_d23_hist_d23_1_2025-07-23_1day,/home/hku_user3/EnergyBridge_rl_dr_memory_202607/benchmark_results/2026-07-22_rule_milp_dr_memory_daily_july/_batch_logs/daily_dr_memory_germany_1day/household_s4_ev_commuter_flexible_no_dr_germany_d23_hist_d23_1_2025-07-23_1day.log,/home/hku_user3/EnergyBridge_rl_dr_memory_202607/benchmark_results/2026-07-22_rule_milp_dr_memory_daily_july/household_s4_ev_commuter_flexible_no_dr_germany_d23_hist_d23_1_2025-07-23_1day/run_summary.txt,0,61.55052,61.55052,16.592214,0.084495,EUR/kWh,/home/hku_user3/EnergyBridge_rl_dr_memory_202607/experiments/real_data/germany_2025_price.csv,10.817,10.817,1.0,1.0,,0.0,1.0,[],"['dishwasher', 'dryer', 'ev', 'washer', 'water_heater']",[]
household_s1_dual_commuter_standard,household_s1_dual_commuter_standard,no_dr,Germany,1,2025-07-24,d24_hist_d24_1,hist_d24_1,24,/home/hku_user3/EnergyBridge_rl_dr_memory_202607/experiments/real_data/germany_2025_price.csv,18.0,1.0,/home/hku_user3/EnergyBridge_rl_dr_memory_202607/benchmark_results/2026-07-22_rule_milp_dr_memory_daily_july/_batch_logs/daily_event_configs/d24_hist_d24_1.json,skipped_done,0,0.0,/home/hku_user3/EnergyBridge_rl_dr_memory_202607/benchmark_results/2026-07-22_rule_milp_dr_memory_daily_july/household_s1_dual_commuter_standard_no_dr_germany_d24_hist_d24_1_2025-07-24_1day,/home/hku_user3/EnergyBridge_rl_dr_memory_202607/benchmark_results/2026-07-22_rule_milp_dr_memory_daily_july/_batch_logs/daily_dr_memory_germany_1day/household_s1_dual_commuter_standard_no_dr_germany_d24_hist_d24_1_2025-07-24_1day.log,/home/hku_user3/EnergyBridge_rl_dr_memory_202607/benchmark_results/2026-07-22_rule_milp_dr_memory_daily_july/household_s1_dual_commuter_standard_no_dr_germany_d24_hist_d24_1_2025-07-24_1day/run_summary.txt,0,64.982403,64.982403,20.644439,0.106248,EUR/kWh,/home/hku_user3/EnergyBridge_rl_dr_memory_202607/experiments/real_data/germany_2025_price.csv,10.7383,10.7383,1.0,1.0,,0.0,1.0,[],"['dishwasher', 'dryer', 'ev', 'washer', 'water_heater']",[]
household_s4_ev_commuter_flexible,household_s4_ev_commuter_flexible,no_dr,Germany,1,2025-07-22,d22_hist_d22_1,hist_d22_1,22,/home/hku_user3/EnergyBridge_rl_dr_memory_202607/experiments/real_data/germany_2025_price.csv,17.0,1.0,/home/hku_user3/EnergyBridge_rl_dr_memory_202607/benchmark_results/2026-07-22_rule_milp_dr_memory_daily_july/_batch_logs/daily_event_configs/d22_hist_d22_1.json,skipped_done,0,0.0,/home/hku_user3/EnergyBridge_rl_dr_memory_202607/benchmark_results/2026-07-22_rule_milp_dr_memory_daily_july/household_s4_ev_commuter_flexible_no_dr_germany_d22_hist_d22_1_2025-07-22_1day,/home/hku_user3/EnergyBridge_rl_dr_memory_202607/benchmark_results/2026-07-22_rule_milp_dr_memory_daily_july/_batch_logs/daily_dr_memory_germany_1day/household_s4_ev_commuter_flexible_no_dr_germany_d22_hist_d22_1_2025-07-22_1day.log,/home/hku_user3/EnergyBridge_rl_dr_memory_202607/benchmark_results/2026-07-22_rule_milp_dr_memory_daily_july/household_s4_ev_commuter_flexible_no_dr_germany_d22_hist_d22_1_2025-07-22_1day/run_summary.txt,0,63.208492,63.208492,15.712472,0.083394,EUR/kWh,/home/hku_user3/EnergyBridge_rl_dr_memory_202607/experiments/real_data/germany_2025_price.csv,10.229,10.229,1.0,1.0,,0.0,1.0,[],"['dishwasher', 'dryer', 'ev', 'washer', 'water_heater']",[]
household_s2_multigeneration_caregiver,household_s2_multigeneration_caregiver,no_dr,Germany,1,2025-07-23,d23_hist_d23_1,hist_d23_1,23,/home/hku_user3/EnergyBridge_rl_dr_memory_202607/experiments/real_data/germany_2025_price.csv,18.0,1.0,/home/hku_user3/EnergyBridge_rl_dr_memory_202607/benchmark_results/2026-07-22_rule_milp_dr_memory_daily_july/_batch_logs/daily_event_configs/d23_hist_d23_1.json,skipped_done,0,0.0,/home/hku_user3/EnergyBridge_rl_dr_memory_202607/benchmark_results/2026-07-22_rule_milp_dr_memory_daily_july/household_s2_multigeneration_caregiver_no_dr_germany_d23_hist_d23_1_2025-07-23_1day,/home/hku_user3/EnergyBridge_rl_dr_memory_202607/benchmark_results/2026-07-22_rule_milp_dr_memory_daily_july/_batch_logs/daily_dr_memory_germany_1day/household_s2_multigeneration_caregiver_no_dr_germany_d23_hist_d23_1_2025-07-23_1day.log,/home/hku_user3/EnergyBridge_rl_dr_memory_202607/benchmark_results/2026-07-22_rule_milp_dr_memory_daily_july/household_s2_multigeneration_caregiver_no_dr_germany_d23_hist_d23_1_2025-07-23_1day/run_summary.txt,0,50.00101,50.00101,15.382745,0.083975,EUR/kWh,/home/hku_user3/EnergyBridge_rl_dr_memory_202607/experiments/real_data/germany_2025_price.csv,10.8541,10.8541,1.0,1.0,,0.0,1.0,[],"['dishwasher', 'dryer', 'ev', 'washer', 'water_heater']",[]
household_s3_hybrid_work_from_home,household_s3_hybrid_work_from_home,no_dr,Tianjin,1,2025-07-23,d23_hist_d23_1,hist_d23_1,23,/home/hku_user3/EnergyBridge_rl_dr_memory_202607/experiments/real_data/tianjin_tou_price_normalized.csv,18.0,1.0,/home/hku_user3/EnergyBridge_rl_dr_memory_202607/benchmark_results/2026-07-22_rule_milp_dr_memory_daily_july/_batch_logs/daily_event_configs/d23_hist_d23_1.json,skipped_done,0,0.0,/home/hku_user3/EnergyBridge_rl_dr_memory_202607/benchmark_results/2026-07-22_rule_milp_dr_memory_daily_july/household_s3_hybrid_work_from_home_no_dr_tianjin_d23_hist_d23_1_2025-07-23_1day,/home/hku_user3/EnergyBridge_rl_dr_memory_202607/benchmark_results/2026-07-22_rule_milp_dr_memory_daily_july/_batch_logs/daily_dr_memory_tianjin_1day/household_s3_hybrid_work_from_home_no_dr_tianjin_d23_hist_d23_1_2025-07-23_1day.log,/home/hku_user3/EnergyBridge_rl_dr_memory_202607/benchmark_results/2026-07-22_rule_milp_dr_memory_daily_july/household_s3_hybrid_work_from_home_no_dr_tianjin_d23_hist_d23_1_2025-07-23_1day/run_summary.txt,0,72.564304,72.564304,74.192491,1.163577,normalized TOU cost/kWh,/home/hku_user3/EnergyBridge_rl_dr_memory_202607/experiments/real_data/tianjin_tou_price_normalized.csv,5.5207,5.5207,1.0,1.0,,0.0,0.8,[],"['dishwasher', 'dryer', 'ev', 'washer', 'water_heater']",[]
household_s1_dual_commuter_standard,household_s1_dual_commuter_standard,no_dr,Germany,1,2025-07-23,d23_hist_d23_1,hist_d23_1,23,/home/hku_user3/EnergyBridge_rl_dr_memory_202607/experiments/real_data/germany_2025_price.csv,18.0,1.0,/home/hku_user3/EnergyBridge_rl_dr_memory_202607/benchmark_results/2026-07-22_rule_milp_dr_memory_daily_july/_batch_logs/daily_event_configs/d23_hist_d23_1.json,skipped_done,0,0.0,/home/hku_user3/EnergyBridge_rl_dr_memory_202607/benchmark_results/2026-07-22_rule_milp_dr_memory_daily_july/household_s1_dual_commuter_standard_no_dr_germany_d23_hist_d23_1_2025-07-23_1day,/home/hku_user3/EnergyBridge_rl_dr_memory_202607/benchmark_results/2026-07-22_rule_milp_dr_memory_daily_july/_batch_logs/daily_dr_memory_germany_1day/household_s1_dual_commuter_standard_no_dr_germany_d23_hist_d23_1_2025-07-23_1day.log,/home/hku_user3/EnergyBridge_rl_dr_memory_202607/benchmark_results/2026-07-22_rule_milp_dr_memory_daily_july/household_s1_dual_commuter_standard_no_dr_germany_d23_hist_d23_1_2025-07-23_1day/run_summary.txt,0,57.469361,57.469361,16.217485,0.084339,EUR/kWh,/home/hku_user3/EnergyBridge_rl_dr_memory_202607/experiments/real_data/germany_2025_price.csv,10.817,10.817,1.0,1.0,,0.0,1.0,[],"['dishwasher', 'dryer', 'ev', 'washer', 'water_heater']",[]
household_s4_ev_commuter_flexible,household_s4_ev_commuter_flexible,rule_milp,Germany,1,2025-07-23,d23_hist_d23_1,hist_d23_1,23,/home/hku_user3/EnergyBridge_rl_dr_memory_202607/experiments/real_data/germany_2025_price.csv,18.0,1.0,/home/hku_user3/EnergyBridge_rl_dr_memory_202607/benchmark_results/2026-07-22_rule_milp_dr_memory_daily_july/_batch_logs/daily_event_configs/d23_hist_d23_1.json,skipped_done,0,0.0,/home/hku_user3/EnergyBridge_rl_dr_memory_202607/benchmark_results/2026-07-22_rule_milp_dr_memory_daily_july/household_s4_ev_commuter_flexible_rule_milp_germany_d23_hist_d23_1_2025-07-23_1day,/home/hku_user3/EnergyBridge_rl_dr_memory_202607/benchmark_results/2026-07-22_rule_milp_dr_memory_daily_july/_batch_logs/daily_dr_memory_germany_1day/household_s4_ev_commuter_flexible_rule_milp_germany_d23_hist_d23_1_2025-07-23_1day.log,/home/hku_user3/EnergyBridge_rl_dr_memory_202607/benchmark_results/2026-07-22_rule_milp_dr_memory_daily_july/household_s4_ev_commuter_flexible_rule_milp_germany_d23_hist_d23_1_2025-07-23_1day/run_summary.txt,0,64.05348,64.05348,16.200826,0.083432,EUR/kWh,/home/hku_user3/EnergyBridge_rl_dr_memory_202607/experiments/real_data/germany_2025_price.csv,6.8058,6.8058,0.0,0.0,2.0,1.0,1.0,"['dishwasher', 'dryer', 'ev', 'washer', 'water_heater']",[],[]
household_s1_dual_commuter_standard,household_s1_dual_commuter_standard,rule_milp,Germany,1,2025-07-23,d23_hist_d23_1,hist_d23_1,23,/home/hku_user3/EnergyBridge_rl_dr_memory_202607/experiments/real_data/germany_2025_price.csv,18.0,1.0,/home/hku_user3/EnergyBridge_rl_dr_memory_202607/benchmark_results/2026-07-22_rule_milp_dr_memory_daily_july/_batch_logs/daily_event_configs/d23_hist_d23_1.json,skipped_done,0,0.0,/home/hku_user3/EnergyBridge_rl_dr_memory_202607/benchmark_results/2026-07-22_rule_milp_dr_memory_daily_july/household_s1_dual_commuter_standard_rule_milp_germany_d23_hist_d23_1_2025-07-23_1day,/home/hku_user3/EnergyBridge_rl_dr_memory_202607/benchmark_results/2026-07-22_rule_milp_dr_memory_daily_july/_batch_logs/daily_dr_memory_germany_1day/household_s1_dual_commuter_standard_rule_milp_germany_d23_hist_d23_1_2025-07-23_1day.log,/home/hku_user3/EnergyBridge_rl_dr_memory_202607/benchmark_results/2026-07-22_rule_milp_dr_memory_daily_july/household_s1_dual_commuter_standard_rule_milp_germany_d23_hist_d23_1_2025-07-23_1day/run_summary.txt,0,62.454097,62.454097,15.833963,0.083246,EUR/kWh,/home/hku_user3/EnergyBridge_rl_dr_memory_202607/experiments/real_data/germany_2025_price.csv,6.8675,6.8675,0.0,0.0,1.962,1.0,1.0,"['dishwasher', 'dryer', 'ev', 'washer', 'water_heater']",[],[]
household_s4_ev_commuter_flexible,household_s4_ev_commuter_flexible,no_dr,Tianjin,1,2025-07-23,d23_hist_d23_1,hist_d23_1,23,/home/hku_user3/EnergyBridge_rl_dr_memory_202607/experiments/real_data/tianjin_tou_price_normalized.csv,18.0,1.0,/home/hku_user3/EnergyBridge_rl_dr_memory_202607/benchmark_results/2026-07-22_rule_milp_dr_memory_daily_july/_batch_logs/daily_event_configs/d23_hist_d23_1.json,skipped_done,0,0.0,/home/hku_user3/EnergyBridge_rl_dr_memory_202607/benchmark_results/2026-07-22_rule_milp_dr_memory_daily_july/household_s4_ev_commuter_flexible_no_dr_tianjin_d23_hist_d23_1_2025-07-23_1day,/home/hku_user3/EnergyBridge_rl_dr_memory_202607/benchmark_results/2026-07-22_rule_milp_dr_memory_daily_july/_batch_logs/daily_dr_memory_tianjin_1day/household_s4_ev_commuter_flexible_no_dr_tianjin_d23_hist_d23_1_2025-07-23_1day.log,/home/hku_user3/EnergyBridge_rl_dr_memory_202607/benchmark_results/2026-07-22_rule_milp_dr_memory_daily_july/household_s4_ev_commuter_flexible_no_dr_tianjin_d23_hist_d23_1_2025-07-23_1day/run_summary.txt,0,80.261506,80.261506,81.933218,1.143913,normalized TOU cost/kWh,/home/hku_user3/EnergyBridge_rl_dr_memory_202607/experiments/real_data/tianjin_tou_price_normalized.csv,5.5184,5.5184,1.0,1.0,,0.0,1.0,[],"['dishwasher', 'dryer', 'ev', 'washer', 'water_heater']",[]
household_s5_shared_roommates_irregular,household_s5_shared_roommates_irregular,no_dr,Germany,1,2025-07-23,d23_hist_d23_1,hist_d23_1,23,/home/hku_user3/EnergyBridge_rl_dr_memory_202607/experiments/real_data/germany_2025_price.csv,18.0,1.0,/home/hku_user3/EnergyBridge_rl_dr_memory_202607/benchmark_results/2026-07-22_rule_milp_dr_memory_daily_july/_batch_logs/daily_event_configs/d23_hist_d23_1.json,skipped_done,0,0.0,/home/hku_user3/EnergyBridge_rl_dr_memory_202607/benchmark_results/2026-07-22_rule_milp_dr_memory_daily_july/household_s5_shared_roommates_irregular_no_dr_germany_d23_hist_d23_1_2025-07-23_1day,/home/hku_user3/EnergyBridge_rl_dr_memory_202607/benchmark_results/2026-07-22_rule_milp_dr_memory_daily_july/_batch_logs/daily_dr_memory_germany_1day/household_s5_shared_roommates_irregular_no_dr_germany_d23_hist_d23_1_2025-07-23_1day.log,/home/hku_user3/EnergyBridge_rl_dr_memory_202607/benchmark_results/2026-07-22_rule_milp_dr_memory_daily_july/household_s5_shared_roommates_irregular_no_dr_germany_d23_hist_d23_1_2025-07-23_1day/run_summary.txt,0,53.388202,53.388202,15.844487,0.084186,EUR/kWh,/home/hku_user3/EnergyBridge_rl_dr_memory_202607/experiments/real_data/germany_2025_price.csv,10.817,10.817,1.0,1.0,,0.0,1.0,[],"['dishwasher', 'dryer', 'ev', 'washer', 'water_heater']",[]
household_s1_dual_commuter_standard,household_s1_dual_commuter_standard,no_dr,Tianjin,1,2025-07-23,d23_hist_d23_1,hist_d23_1,23,/home/hku_user3/EnergyBridge_rl_dr_memory_202607/experiments/real_data/tianjin_tou_price_normalized.csv,18.0,1.0,/home/hku_user3/EnergyBridge_rl_dr_memory_202607/benchmark_results/2026-07-22_rule_milp_dr_memory_daily_july/_batch_logs/daily_event_configs/d23_hist_d23_1.json,skipped_done,0,0.0,/home/hku_user3/EnergyBridge_rl_dr_memory_202607/benchmark_results/2026-07-22_rule_milp_dr_memory_daily_july/household_s1_dual_commuter_standard_no_dr_tianjin_d23_hist_d23_1_2025-07-23_1day,/home/hku_user3/EnergyBridge_rl_dr_memory_202607/benchmark_results/2026-07-22_rule_milp_dr_memory_daily_july/_batch_logs/daily_dr_memory_tianjin_1day/household_s1_dual_commuter_standard_no_dr_tianjin_d23_hist_d23_1_2025-07-23_1day.log,/home/hku_user3/EnergyBridge_rl_dr_memory_202607/benchmark_results/2026-07-22_rule_milp_dr_memory_daily_july/household_s1_dual_commuter_standard_no_dr_tianjin_d23_hist_d23_1_2025-07-23_1day/run_summary.txt,0,76.180347,76.180347,77.852059,1.152608,normalized TOU cost/kWh,/home/hku_user3/EnergyBridge_rl_dr_memory_202607/experiments/real_data/tianjin_tou_price_normalized.csv,5.5184,5.5184,1.0,1.0,,0.0,1.0,[],"['dishwasher', 'dryer', 'ev', 'washer', 'water_heater']",[]
household_s2_multigeneration_caregiver,household_s2_multigeneration_caregiver,no_dr,Tianjin,1,2025-07-23,d23_hist_d23_1,hist_d23_1,23,/home/hku_user3/EnergyBridge_rl_dr_memory_202607/experiments/real_data/tianjin_tou_price_normalized.csv,18.0,1.0,/home/hku_user3/EnergyBridge_rl_dr_memory_202607/benchmark_results/2026-07-22_rule_milp_dr_memory_daily_july/_batch_logs/daily_event_configs/d23_hist_d23_1.json,skipped_done,0,0.0,/home/hku_user3/EnergyBridge_rl_dr_memory_202607/benchmark_results/2026-07-22_rule_milp_dr_memory_daily_july/household_s2_multigeneration_caregiver_no_dr_tianjin_d23_hist_d23_1_2025-07-23_1day,/home/hku_user3/EnergyBridge_rl_dr_memory_202607/benchmark_results/2026-07-22_rule_milp_dr_memory_daily_july/_batch_logs/daily_dr_memory_tianjin_1day/household_s2_multigeneration_caregiver_no_dr_tianjin_d23_hist_d23_1_2025-07-23_1day.log,/home/hku_user3/EnergyBridge_rl_dr_memory_202607/benchmark_results/2026-07-22_rule_milp_dr_memory_daily_july/household_s2_multigeneration_caregiver_no_dr_tianjin_d23_hist_d23_1_2025-07-23_1day/run_summary.txt,0,69.97427,69.97427,70.733629,1.186772,normalized TOU cost/kWh,/home/hku_user3/EnergyBridge_rl_dr_memory_202607/experiments/real_data/tianjin_tou_price_normalized.csv,5.5757,5.5757,1.0,1.0,,0.0,1.0,[],"['dishwasher', 'dryer', 'ev', 'washer', 'water_heater']",[]
household_s4_ev_commuter_flexible,household_s4_ev_commuter_flexible,rule_milp,Tianjin,1,2025-07-23,d23_hist_d23_1,hist_d23_1,23,/home/hku_user3/EnergyBridge_rl_dr_memory_202607/experiments/real_data/tianjin_tou_price_normalized.csv,18.0,1.0,/home/hku_user3/EnergyBridge_rl_dr_memory_202607/benchmark_results/2026-07-22_rule_milp_dr_memory_daily_july/_batch_logs/daily_event_configs/d23_hist_d23_1.json,skipped_done,0,0.0,/home/hku_user3/EnergyBridge_rl_dr_memory_202607/benchmark_results/2026-07-22_rule_milp_dr_memory_daily_july/household_s4_ev_commuter_flexible_rule_milp_tianjin_d23_hist_d23_1_2025-07-23_1day,/home/hku_user3/EnergyBridge_rl_dr_memory_202607/benchmark_results/2026-07-22_rule_milp_dr_memory_daily_july/_batch_logs/daily_dr_memory_tianjin_1day/household_s4_ev_commuter_flexible_rule_milp_tianjin_d23_hist_d23_1_2025-07-23_1day.log,/home/hku_user3/EnergyBridge_rl_dr_memory_202607/benchmark_results/2026-07-22_rule_milp_dr_memory_daily_july/household_s4_ev_commuter_flexible_rule_milp_tianjin_d23_hist_d23_1_2025-07-23_1day/run_summary.txt,0,79.601231,79.601231,73.342617,1.129676,normalized TOU cost/kWh,/home/hku_user3/EnergyBridge_rl_dr_memory_202607/experiments/real_data/tianjin_tou_price_normalized.csv,1.9676,1.9676,0.0,0.0,2.0,1.0,1.0,"['dishwasher', 'dryer', 'ev', 'washer', 'water_heater']",[],[]
household_s3_hybrid_work_from_home,household_s3_hybrid_work_from_home,no_dr,Germany,1,2025-07-24,d24_hist_d24_1,hist_d24_1,24,/home/hku_user3/EnergyBridge_rl_dr_memory_202607/experiments/real_data/germany_2025_price.csv,18.0,1.0,/home/hku_user3/EnergyBridge_rl_dr_memory_202607/benchmark_results/2026-07-22_rule_milp_dr_memory_daily_july/_batch_logs/daily_event_configs/d24_hist_d24_1.json,skipped_done,0,0.0,/home/hku_user3/EnergyBridge_rl_dr_memory_202607/benchmark_results/2026-07-22_rule_milp_dr_memory_daily_july/household_s3_hybrid_work_from_home_no_dr_germany_d24_hist_d24_1_2025-07-24_1day,/home/hku_user3/EnergyBridge_rl_dr_memory_202607/benchmark_results/2026-07-22_rule_milp_dr_memory_daily_july/_batch_logs/daily_dr_memory_germany_1day/household_s3_hybrid_work_from_home_no_dr_germany_d24_hist_d24_1_2025-07-24_1day.log,/home/hku_user3/EnergyBridge_rl_dr_memory_202607/benchmark_results/2026-07-22_rule_milp_dr_memory_daily_july/household_s3_hybrid_work_from_home_no_dr_germany_d24_hist_d24_1_2025-07-24_1day/run_summary.txt,0,60.495929,60.495929,20.215418,0.106369,EUR/kWh,/home/hku_user3/EnergyBridge_rl_dr_memory_202607/experiments/real_data/germany_2025_price.csv,10.7479,10.7479,1.0,1.0,,0.0,0.8,[],"['dishwasher', 'dryer', 'ev', 'washer', 'water_heater']",[]
household_s1_dual_commuter_standard,household_s1_dual_commuter_standard,rule_milp,Tianjin,1,2025-07-23,d23_hist_d23_1,hist_d23_1,23,/home/hku_user3/EnergyBridge_rl_dr_memory_202607/experiments/real_data/tianjin_tou_price_normalized.csv,18.0,1.0,/home/hku_user3/EnergyBridge_rl_dr_memory_202607/benchmark_results/2026-07-22_rule_milp_dr_memory_daily_july/_batch_logs/daily_event_configs/d23_hist_d23_1.json,skipped_done,0,0.0,/home/hku_user3/EnergyBridge_rl_dr_memory_202607/benchmark_results/2026-07-22_rule_milp_dr_memory_daily_july/household_s1_dual_commuter_standard_rule_milp_tianjin_d23_hist_d23_1_2025-07-23_1day,/home/hku_user3/EnergyBridge_rl_dr_memory_202607/benchmark_results/2026-07-22_rule_milp_dr_memory_daily_july/_batch_logs/daily_dr_memory_tianjin_1day/household_s1_dual_commuter_standard_rule_milp_tianjin_d23_hist_d23_1_2025-07-23_1day.log,/home/hku_user3/EnergyBridge_rl_dr_memory_202607/benchmark_results/2026-07-22_rule_milp_dr_memory_daily_july/household_s1_dual_commuter_standard_rule_milp_tianjin_d23_hist_d23_1_2025-07-23_1day/run_summary.txt,0,79.213288,79.213288,71.029731,1.15929,normalized TOU cost/kWh,/home/hku_user3/EnergyBridge_rl_dr_memory_202607/experiments/real_data/tianjin_tou_price_normalized.csv,2.1443,2.1443,0.0,0.0,1.962,1.0,1.0,"['dishwasher', 'dryer', 'ev', 'washer', 'water_heater']",[],[]
household_s2_multigeneration_caregiver,household_s2_multigeneration_caregiver,no_dr,Germany,1,2025-07-24,d24_hist_d24_1,hist_d24_1,24,/home/hku_user3/EnergyBridge_rl_dr_memory_202607/experiments/real_data/germany_2025_price.csv,18.0,1.0,/home/hku_user3/EnergyBridge_rl_dr_memory_202607/benchmark_results/2026-07-22_rule_milp_dr_memory_daily_july/_batch_logs/daily_event_configs/d24_hist_d24_1.json,skipped_done,0,0.0,/home/hku_user3/EnergyBridge_rl_dr_memory_202607/benchmark_results/2026-07-22_rule_milp_dr_memory_daily_july/household_s2_multigeneration_caregiver_no_dr_germany_d24_hist_d24_1_2025-07-24_1day,/home/hku_user3/EnergyBridge_rl_dr_memory_202607/benchmark_results/2026-07-22_rule_milp_dr_memory_daily_july/_batch_logs/daily_dr_memory_germany_1day/household_s2_multigeneration_caregiver_no_dr_germany_d24_hist_d24_1_2025-07-24_1day.log,/home/hku_user3/EnergyBridge_rl_dr_memory_202607/benchmark_results/2026-07-22_rule_milp_dr_memory_daily_july/household_s2_multigeneration_caregiver_no_dr_germany_d24_hist_d24_1_2025-07-24_1day/run_summary.txt,0,57.067078,57.067078,19.836712,0.106401,EUR/kWh,/home/hku_user3/EnergyBridge_rl_dr_memory_202607/experiments/real_data/germany_2025_price.csv,10.7732,10.7732,1.0,1.0,,0.0,1.0,[],"['dishwasher', 'dryer', 'ev', 'washer', 'water_heater']",[]
household_s2_multigeneration_caregiver,household_s2_multigeneration_caregiver,rule_milp,Germany,1,2025-07-23,d23_hist_d23_1,hist_d23_1,23,/home/hku_user3/EnergyBridge_rl_dr_memory_202607/experiments/real_data/germany_2025_price.csv,18.0,1.0,/home/hku_user3/EnergyBridge_rl_dr_memory_202607/benchmark_results/2026-07-22_rule_milp_dr_memory_daily_july/_batch_logs/daily_event_configs/d23_hist_d23_1.json,skipped_done,0,0.0,/home/hku_user3/EnergyBridge_rl_dr_memory_202607/benchmark_results/2026-07-22_rule_milp_dr_memory_daily_july/household_s2_multigeneration_caregiver_rule_milp_germany_d23_hist_d23_1_2025-07-23_1day,/home/hku_user3/EnergyBridge_rl_dr_memory_202607/benchmark_results/2026-07-22_rule_milp_dr_memory_daily_july/_batch_logs/daily_dr_memory_germany_1day/household_s2_multigeneration_caregiver_rule_milp_germany_d23_hist_d23_1_2025-07-23_1day.log,/home/hku_user3/EnergyBridge_rl_dr_memory_202607/benchmark_results/2026-07-22_rule_milp_dr_memory_daily_july/household_s2_multigeneration_caregiver_rule_milp_germany_d23_hist_d23_1_2025-07-23_1day/run_summary.txt,0,54.725547,54.725547,14.960053,0.082252,EUR/kWh,/home/hku_user3/EnergyBridge_rl_dr_memory_202607/experiments/real_data/germany_2025_price.csv,7.3525,7.3525,0.0,0.0,1.902,1.0,1.0,"['dishwasher', 'dryer', 'ev', 'washer', 'water_heater']",[],[]
household_s4_ev_commuter_flexible,household_s4_ev_commuter_flexible,no_dr,Germany,1,2025-07-24,d24_hist_d24_1,hist_d24_1,24,/home/hku_user3/EnergyBridge_rl_dr_memory_202607/experiments/real_data/germany_2025_price.csv,18.0,1.0,/home/hku_user3/EnergyBridge_rl_dr_memory_202607/benchmark_results/2026-07-22_rule_milp_dr_memory_daily_july/_batch_logs/daily_event_configs/d24_hist_d24_1.json,skipped_done,0,0.0,/home/hku_user3/EnergyBridge_rl_dr_memory_202607/benchmark_results/2026-07-22_rule_milp_dr_memory_daily_july/household_s4_ev_commuter_flexible_no_dr_germany_d24_hist_d24_1_2025-07-24_1day,/home/hku_user3/EnergyBridge_rl_dr_memory_202607/benchmark_results/2026-07-22_rule_milp_dr_memory_daily_july/_batch_logs/daily_dr_memory_germany_1day/household_s4_ev_commuter_flexible_no_dr_germany_d24_hist_d24_1_2025-07-24_1day.log,/home/hku_user3/EnergyBridge_rl_dr_memory_202607/benchmark_results/2026-07-22_rule_milp_dr_memory_daily_july/household_s4_ev_commuter_flexible_no_dr_germany_d24_hist_d24_1_2025-07-24_1day/run_summary.txt,0,69.063562,69.063562,21.061289,0.106163,EUR/kWh,/home/hku_user3/EnergyBridge_rl_dr_memory_202607/experiments/real_data/germany_2025_price.csv,10.7383,10.7383,1.0,1.0,,0.0,1.0,[],"['dishwasher', 'dryer', 'ev', 'washer', 'water_heater']",[]
household_s3_hybrid_work_from_home,household_s3_hybrid_work_from_home,rule_milp,Tianjin,1,2025-07-23,d23_hist_d23_1,hist_d23_1,23,/home/hku_user3/EnergyBridge_rl_dr_memory_202607/experiments/real_data/tianjin_tou_price_normalized.csv,18.0,1.0,/home/hku_user3/EnergyBridge_rl_dr_memory_202607/benchmark_results/2026-07-22_rule_milp_dr_memory_daily_july/_batch_logs/daily_event_configs/d23_hist_d23_1.json,skipped_done,0,0.0,/home/hku_user3/EnergyBridge_rl_dr_memory_202607/benchmark_results/2026-07-22_rule_milp_dr_memory_daily_july/household_s3_hybrid_work_from_home_rule_milp_tianjin_d23_hist_d23_1_2025-07-23_1day,/home/hku_user3/EnergyBridge_rl_dr_memory_202607/benchmark_results/2026-07-22_rule_milp_dr_memory_daily_july/_batch_logs/daily_dr_memory_tianjin_1day/household_s3_hybrid_work_from_home_rule_milp_tianjin_d23_hist_d23_1_2025-07-23_1day.log,/home/hku_user3/EnergyBridge_rl_dr_memory_202607/benchmark_results/2026-07-22_rule_milp_dr_memory_daily_july/household_s3_hybrid_work_from_home_rule_milp_tianjin_d23_hist_d23_1_2025-07-23_1day/run_summary.txt,0,76.229274,76.229274,69.568439,1.177535,normalized TOU cost/kWh,/home/hku_user3/EnergyBridge_rl_dr_memory_202607/experiments/real_data/tianjin_tou_price_normalized.csv,1.854,1.854,0.0,0.0,1.983,1.0,1.0,"['dishwasher', 'dryer', 'ev', 'washer', 'water_heater']",[],[]
household_s5_shared_roommates_irregular,household_s5_shared_roommates_irregular,rule_milp,Tianjin,1,2025-07-23,d23_hist_d23_1,hist_d23_1,23,/home/hku_user3/EnergyBridge_rl_dr_memory_202607/experiments/real_data/tianjin_tou_price_normalized.csv,18.0,1.0,/home/hku_user3/EnergyBridge_rl_dr_memory_202607/benchmark_results/2026-07-22_rule_milp_dr_memory_daily_july/_batch_logs/daily_event_configs/d23_hist_d23_1.json,skipped_done,0,0.0,/home/hku_user3/EnergyBridge_rl_dr_memory_202607/benchmark_results/2026-07-22_rule_milp_dr_memory_daily_july/household_s5_shared_roommates_irregular_rule_milp_tianjin_d23_hist_d23_1_2025-07-23_1day,/home/hku_user3/EnergyBridge_rl_dr_memory_202607/benchmark_results/2026-07-22_rule_milp_dr_memory_daily_july/_batch_logs/daily_dr_memory_tianjin_1day/household_s5_shared_roommates_irregular_rule_milp_tianjin_d23_hist_d23_1_2025-07-23_1day.log,/home/hku_user3/EnergyBridge_rl_dr_memory_202607/benchmark_results/2026-07-22_rule_milp_dr_memory_daily_july/household_s5_shared_roommates_irregular_rule_milp_tianjin_d23_hist_d23_1_2025-07-23_1day/run_summary.txt,0,71.438912,71.438912,65.180298,1.148323,normalized TOU cost/kWh,/home/hku_user3/EnergyBridge_rl_dr_memory_202607/experiments/real_data/tianjin_tou_price_normalized.csv,1.9676,1.9676,0.0,0.0,1.962,1.0,1.0,"['dishwasher', 'dryer', 'ev', 'washer', 'water_heater']",[],[]
household_s3_hybrid_work_from_home,household_s3_hybrid_work_from_home,rule_milp,Tianjin,1,2025-07-24,d24_hist_d24_1,hist_d24_1,24,/home/hku_user3/EnergyBridge_rl_dr_memory_202607/experiments/real_data/tianjin_tou_price_normalized.csv,18.0,1.0,/home/hku_user3/EnergyBridge_rl_dr_memory_202607/benchmark_results/2026-07-22_rule_milp_dr_memory_daily_july/_batch_logs/daily_event_configs/d24_hist_d24_1.json,skipped_done,0,0.0,/home/hku_user3/EnergyBridge_rl_dr_memory_202607/benchmark_results/2026-07-22_rule_milp_dr_memory_daily_july/household_s3_hybrid_work_from_home_rule_milp_tianjin_d24_hist_d24_1_2025-07-24_1day,/home/hku_user3/EnergyBridge_rl_dr_memory_202607/benchmark_results/2026-07-22_rule_milp_dr_memory_daily_july/_batch_logs/daily_dr_memory_tianjin_1day/household_s3_hybrid_work_from_home_rule_milp_tianjin_d24_hist_d24_1_2025-07-24_1day.log,/home/hku_user3/EnergyBridge_rl_dr_memory_202607/benchmark_results/2026-07-22_rule_milp_dr_memory_daily_july/household_s3_hybrid_work_from_home_rule_milp_tianjin_d24_hist_d24_1_2025-07-24_1day/run_summary.txt,0,73.669934,73.669934,68.561786,1.167617,normalized TOU cost/kWh,/home/hku_user3/EnergyBridge_rl_dr_memory_202607/experiments/real_data/tianjin_tou_price_normalized.csv,1.8215,1.8215,0.0,0.0,1.983,1.0,1.0,"['dishwasher', 'dryer', 'ev', 'washer', 'water_heater']",[],[]
household_s5_shared_roommates_irregular,household_s5_shared_roommates_irregular,rule_milp,Tianjin,1,2025-07-22,d22_hist_d22_1,hist_d22_1,22,/home/hku_user3/EnergyBridge_rl_dr_memory_202607/experiments/real_data/tianjin_tou_price_normalized.csv,17.0,1.0,/home/hku_user3/EnergyBridge_rl_dr_memory_202607/benchmark_results/2026-07-22_rule_milp_dr_memory_daily_july/_batch_logs/daily_event_configs/d22_hist_d22_1.json,skipped_done,0,0.0,/home/hku_user3/EnergyBridge_rl_dr_memory_202607/benchmark_results/2026-07-22_rule_milp_dr_memory_daily_july/household_s5_shared_roommates_irregular_rule_milp_tianjin_d22_hist_d22_1_2025-07-22_1day,/home/hku_user3/EnergyBridge_rl_dr_memory_202607/benchmark_results/2026-07-22_rule_milp_dr_memory_daily_july/_batch_logs/daily_dr_memory_tianjin_1day/household_s5_shared_roommates_irregular_rule_milp_tianjin_d22_hist_d22_1_2025-07-22_1day.log,/home/hku_user3/EnergyBridge_rl_dr_memory_202607/benchmark_results/2026-07-22_rule_milp_dr_memory_daily_july/household_s5_shared_roommates_irregular_rule_milp_tianjin_d22_hist_d22_1_2025-07-22_1day/run_summary.txt,0,64.651504,64.651504,57.156677,1.14247,normalized TOU cost/kWh,/home/hku_user3/EnergyBridge_rl_dr_memory_202607/experiments/real_data/tianjin_tou_price_normalized.csv,2.1633,2.1633,0.0,0.0,1.863,1.0,1.0,"['dishwasher', 'dryer', 'ev', 'washer', 'water_heater']",[],[]
household_s2_multigeneration_caregiver,household_s2_multigeneration_caregiver,rule_milp,Tianjin,1,2025-07-23,d23_hist_d23_1,hist_d23_1,23,/home/hku_user3/EnergyBridge_rl_dr_memory_202607/experiments/real_data/tianjin_tou_price_normalized.csv,18.0,1.0,/home/hku_user3/EnergyBridge_rl_dr_memory_202607/benchmark_results/2026-07-22_rule_milp_dr_memory_daily_july/_batch_logs/daily_event_configs/d23_hist_d23_1.json,skipped_done,0,0.0,/home/hku_user3/EnergyBridge_rl_dr_memory_202607/benchmark_results/2026-07-22_rule_milp_dr_memory_daily_july/household_s2_multigeneration_caregiver_rule_milp_tianjin_d23_hist_d23_1_2025-07-23_1day,/home/hku_user3/EnergyBridge_rl_dr_memory_202607/benchmark_results/2026-07-22_rule_milp_dr_memory_daily_july/_batch_logs/daily_dr_memory_tianjin_1day/household_s2_multigeneration_caregiver_rule_milp_tianjin_d23_hist_d23_1_2025-07-23_1day.log,/home/hku_user3/EnergyBridge_rl_dr_memory_202607/benchmark_results/2026-07-22_rule_milp_dr_memory_daily_july/household_s2_multigeneration_caregiver_rule_milp_tianjin_d23_hist_d23_1_2025-07-23_1day/run_summary.txt,0,73.507847,73.507847,68.111468,1.194182,normalized TOU cost/kWh,/home/hku_user3/EnergyBridge_rl_dr_memory_202607/experiments/real_data/tianjin_tou_price_normalized.csv,2.3524,2.3524,0.0,0.0,1.9,1.0,1.0,"['dishwasher', 'dryer', 'ev', 'washer', 'water_heater']",[],[]
household_s3_hybrid_work_from_home,household_s3_hybrid_work_from_home,rule_milp,Germany,1,2025-07-24,d24_hist_d24_1,hist_d24_1,24,/home/hku_user3/EnergyBridge_rl_dr_memory_202607/experiments/real_data/germany_2025_price.csv,18.0,1.0,/home/hku_user3/EnergyBridge_rl_dr_memory_202607/benchmark_results/2026-07-22_rule_milp_dr_memory_daily_july/_batch_logs/daily_event_configs/d24_hist_d24_1.json,skipped_done,0,0.0,/home/hku_user3/EnergyBridge_rl_dr_memory_202607/benchmark_results/2026-07-22_rule_milp_dr_memory_daily_july/household_s3_hybrid_work_from_home_rule_milp_germany_d24_hist_d24_1_2025-07-24_1day,/home/hku_user3/EnergyBridge_rl_dr_memory_202607/benchmark_results/2026-07-22_rule_milp_dr_memory_daily_july/_batch_logs/daily_dr_memory_germany_1day/household_s3_hybrid_work_from_home_rule_milp_germany_d24_hist_d24_1_2025-07-24_1day.log,/home/hku_user3/EnergyBridge_rl_dr_memory_202607/benchmark_results/2026-07-22_rule_milp_dr_memory_daily_july/household_s3_hybrid_work_from_home_rule_milp_germany_d24_hist_d24_1_2025-07-24_1day/run_summary.txt,0,65.414429,65.414429,19.87599,0.105003,EUR/kWh,/home/hku_user3/EnergyBridge_rl_dr_memory_202607/experiments/real_data/germany_2025_price.csv,6.5846,6.5846,0.0,0.0,1.983,1.0,1.0,"['dishwasher', 'dryer', 'ev', 'washer', 'water_heater']",[],[]
household_s2_multigeneration_caregiver,household_s2_multigeneration_caregiver,no_dr,Tianjin,1,2025-07-24,d24_hist_d24_1,hist_d24_1,24,/home/hku_user3/EnergyBridge_rl_dr_memory_202607/experiments/real_data/tianjin_tou_price_normalized.csv,18.0,1.0,/home/hku_user3/EnergyBridge_rl_dr_memory_202607/benchmark_results/2026-07-22_rule_milp_dr_memory_daily_july/_batch_logs/daily_event_configs/d24_hist_d24_1.json,skipped_done,0,0.0,/home/hku_user3/EnergyBridge_rl_dr_memory_202607/benchmark_results/2026-07-22_rule_milp_dr_memory_daily_july/household_s2_multigeneration_caregiver_no_dr_tianjin_d24_hist_d24_1_2025-07-24_1day,/home/hku_user3/EnergyBridge_rl_dr_memory_202607/benchmark_results/2026-07-22_rule_milp_dr_memory_daily_july/_batch_logs/daily_dr_memory_tianjin_1day/household_s2_multigeneration_caregiver_no_dr_tianjin_d24_hist_d24_1_2025-07-24_1day.log,/home/hku_user3/EnergyBridge_rl_dr_memory_202607/benchmark_results/2026-07-22_rule_milp_dr_memory_daily_july/household_s2_multigeneration_caregiver_no_dr_tianjin_d24_hist_d24_1_2025-07-24_1day/run_summary.txt,0,63.977476,63.977476,69.515892,1.174953,normalized TOU cost/kWh,/home/hku_user3/EnergyBridge_rl_dr_memory_202607/experiments/real_data/tianjin_tou_price_normalized.csv,5.2786,5.2786,1.0,1.0,,0.0,1.0,[],"['dishwasher', 'dryer', 'ev', 'washer', 'water_heater']",[]
household_s5_shared_roommates_irregular,household_s5_shared_roommates_irregular,no_dr,Tianjin,1,2025-07-24,d24_hist_d24_1,hist_d24_1,24,/home/hku_user3/EnergyBridge_rl_dr_memory_202607/experiments/real_data/tianjin_tou_price_normalized.csv,18.0,1.0,/home/hku_user3/EnergyBridge_rl_dr_memory_202607/benchmark_results/2026-07-22_rule_milp_dr_memory_daily_july/_batch_logs/daily_event_configs/d24_hist_d24_1.json,skipped_done,0,0.0,/home/hku_user3/EnergyBridge_rl_dr_memory_202607/benchmark_results/2026-07-22_rule_milp_dr_memory_daily_july/household_s5_shared_roommates_irregular_no_dr_tianjin_d24_hist_d24_1_2025-07-24_1day,/home/hku_user3/EnergyBridge_rl_dr_memory_202607/benchmark_results/2026-07-22_rule_milp_dr_memory_daily_july/_batch_logs/daily_dr_memory_tianjin_1day/household_s5_shared_roommates_irregular_no_dr_tianjin_d24_hist_d24_1_2025-07-24_1day.log,/home/hku_user3/EnergyBridge_rl_dr_memory_202607/benchmark_results/2026-07-22_rule_milp_dr_memory_daily_july/household_s5_shared_roommates_irregular_no_dr_tianjin_d24_hist_d24_1_2025-07-24_1day/run_summary.txt,0,66.395637,66.395637,72.559099,1.151525,normalized TOU cost/kWh,/home/hku_user3/EnergyBridge_rl_dr_memory_202607/experiments/real_data/tianjin_tou_price_normalized.csv,5.2135,5.2135,1.0,1.0,,0.0,1.0,[],"['dishwasher', 'dryer', 'ev', 'washer', 'water_heater']",[]
household_s4_ev_commuter_flexible,household_s4_ev_commuter_flexible,no_dr,Tianjin,1,2025-07-24,d24_hist_d24_1,hist_d24_1,24,/home/hku_user3/EnergyBridge_rl_dr_memory_202607/experiments/real_data/tianjin_tou_price_normalized.csv,18.0,1.0,/home/hku_user3/EnergyBridge_rl_dr_memory_202607/benchmark_results/2026-07-22_rule_milp_dr_memory_daily_july/_batch_logs/daily_event_configs/d24_hist_d24_1.json,skipped_done,0,0.0,/home/hku_user3/EnergyBridge_rl_dr_memory_202607/benchmark_results/2026-07-22_rule_milp_dr_memory_daily_july/household_s4_ev_commuter_flexible_no_dr_tianjin_d24_hist_d24_1_2025-07-24_1day,/home/hku_user3/EnergyBridge_rl_dr_memory_202607/benchmark_results/2026-07-22_rule_milp_dr_memory_daily_july/_batch_logs/daily_dr_memory_tianjin_1day/household_s4_ev_commuter_flexible_no_dr_tianjin_d24_hist_d24_1_2025-07-24_1day.log,/home/hku_user3/EnergyBridge_rl_dr_memory_202607/benchmark_results/2026-07-22_rule_milp_dr_memory_daily_july/household_s4_ev_commuter_flexible_no_dr_tianjin_d24_hist_d24_1_2025-07-24_1day/run_summary.txt,0,74.557956,74.557956,80.721418,1.134148,normalized TOU cost/kWh,/home/hku_user3/EnergyBridge_rl_dr_memory_202607/experiments/real_data/tianjin_tou_price_normalized.csv,5.2135,5.2135,1.0,1.0,,0.0,1.0,[],"['dishwasher', 'dryer', 'ev', 'washer', 'water_heater']",[]
household_s3_hybrid_work_from_home,household_s3_hybrid_work_from_home,no_dr,Tianjin,1,2025-07-25,d25_hist_d25_1,hist_d25_1,25,/home/hku_user3/EnergyBridge_rl_dr_memory_202607/experiments/real_data/tianjin_tou_price_normalized.csv,20.0,1.0,/home/hku_user3/EnergyBridge_rl_dr_memory_202607/benchmark_results/2026-07-22_rule_milp_dr_memory_daily_july/_batch_logs/daily_event_configs/d25_hist_d25_1.json,skipped_done,0,0.0,/home/hku_user3/EnergyBridge_rl_dr_memory_202607/benchmark_results/2026-07-22_rule_milp_dr_memory_daily_july/household_s3_hybrid_work_from_home_no_dr_tianjin_d25_hist_d25_1_2025-07-25_1day,/home/hku_user3/EnergyBridge_rl_dr_memory_202607/benchmark_results/2026-07-22_rule_milp_dr_memory_daily_july/_batch_logs/daily_dr_memory_tianjin_1day/household_s3_hybrid_work_from_home_no_dr_tianjin_d25_hist_d25_1_2025-07-25_1day.log,/home/hku_user3/EnergyBridge_rl_dr_memory_202607/benchmark_results/2026-07-22_rule_milp_dr_memory_daily_july/household_s3_hybrid_work_from_home_no_dr_tianjin_d25_hist_d25_1_2025-07-25_1day/run_summary.txt,0,63.343997,63.343997,70.532066,1.16068,normalized TOU cost/kWh,/home/hku_user3/EnergyBridge_rl_dr_memory_202607/experiments/real_data/tianjin_tou_price_normalized.csv,8.6565,8.6565,1.0,1.0,,0.0,1.0,[],"['dishwasher', 'dryer', 'ev', 'washer', 'water_heater']",[]
household_s4_ev_commuter_flexible,household_s4_ev_commuter_flexible,no_dr,Germany,1,2025-07-25,d25_hist_d25_1,hist_d25_1,25,/home/hku_user3/EnergyBridge_rl_dr_memory_202607/experiments/real_data/germany_2025_price.csv,20.0,1.0,/home/hku_user3/EnergyBridge_rl_dr_memory_202607/benchmark_results/2026-07-22_rule_milp_dr_memory_daily_july/_batch_logs/daily_event_configs/d25_hist_d25_1.json,skipped_done,0,0.0,/home/hku_user3/EnergyBridge_rl_dr_memory_202607/benchmark_results/2026-07-22_rule_milp_dr_memory_daily_july/household_s4_ev_commuter_flexible_no_dr_germany_d25_hist_d25_1_2025-07-25_1day,/home/hku_user3/EnergyBridge_rl_dr_memory_202607/benchmark_results/2026-07-22_rule_milp_dr_memory_daily_july/_batch_logs/daily_dr_memory_germany_1day/household_s4_ev_commuter_flexible_no_dr_germany_d25_hist_d25_1_2025-07-25_1day.log,/home/hku_user3/EnergyBridge_rl_dr_memory_202607/benchmark_results/2026-07-22_rule_milp_dr_memory_daily_july/household_s4_ev_commuter_flexible_no_dr_germany_d25_hist_d25_1_2025-07-25_1day/run_summary.txt,0,70.439871,70.439871,19.006104,0.099354,EUR/kWh,/home/hku_user3/EnergyBridge_rl_dr_memory_202607/experiments/real_data/germany_2025_price.csv,11.5311,11.5311,1.0,1.0,,0.0,0.8,[],"['dishwasher', 'dryer', 'ev', 'washer', 'water_heater']",[]
household_s2_multigeneration_caregiver,household_s2_multigeneration_caregiver,rule_milp,Tianjin,1,2025-07-24,d24_hist_d24_1,hist_d24_1,24,/home/hku_user3/EnergyBridge_rl_dr_memory_202607/experiments/real_data/tianjin_tou_price_normalized.csv,18.0,1.0,/home/hku_user3/EnergyBridge_rl_dr_memory_202607/benchmark_results/2026-07-22_rule_milp_dr_memory_daily_july/_batch_logs/daily_event_configs/d24_hist_d24_1.json,skipped_done,0,0.0,/home/hku_user3/EnergyBridge_rl_dr_memory_202607/benchmark_results/2026-07-22_rule_milp_dr_memory_daily_july/household_s2_multigeneration_caregiver_rule_milp_tianjin_d24_hist_d24_1_2025-07-24_1day,/home/hku_user3/EnergyBridge_rl_dr_memory_202607/benchmark_results/2026-07-22_rule_milp_dr_memory_daily_july/_batch_logs/daily_dr_memory_tianjin_1day/household_s2_multigeneration_caregiver_rule_milp_tianjin_d24_hist_d24_1_2025-07-24_1day.log,/home/hku_user3/EnergyBridge_rl_dr_memory_202607/benchmark_results/2026-07-22_rule_milp_dr_memory_daily_july/household_s2_multigeneration_caregiver_rule_milp_tianjin_d24_hist_d24_1_2025-07-24_1day/run_summary.txt,0,70.732496,70.732496,66.577864,1.199632,normalized TOU cost/kWh,/home/hku_user3/EnergyBridge_rl_dr_memory_202607/experiments/real_data/tianjin_tou_price_normalized.csv,2.4006,2.4006,0.0,0.0,1.9,1.0,1.0,"['dishwasher', 'dryer', 'ev', 'washer', 'water_heater']",[],[]
household_s3_hybrid_work_from_home,household_s3_hybrid_work_from_home,no_dr,Germany,1,2025-07-23,d23_hist_d23_1,hist_d23_1,23,/home/hku_user3/EnergyBridge_rl_dr_memory_202607/experiments/real_data/germany_2025_price.csv,18.0,1.0,/home/hku_user3/EnergyBridge_rl_dr_memory_202607/benchmark_results/2026-07-22_rule_milp_dr_memory_daily_july/_batch_logs/daily_event_configs/d23_hist_d23_1.json,skipped_done,0,0.0,/home/hku_user3/EnergyBridge_rl_dr_memory_202607/benchmark_results/2026-07-22_rule_milp_dr_memory_daily_july/household_s3_hybrid_work_from_home_no_dr_germany_d23_hist_d23_1_2025-07-23_1day,/home/hku_user3/EnergyBridge_rl_dr_memory_202607/benchmark_results/2026-07-22_rule_milp_dr_memory_daily_july/_batch_logs/daily_dr_memory_germany_1day/household_s3_hybrid_work_from_home_no_dr_germany_d23_hist_d23_1_2025-07-23_1day.log,/home/hku_user3/EnergyBridge_rl_dr_memory_202607/benchmark_results/2026-07-22_rule_milp_dr_memory_daily_july/household_s3_hybrid_work_from_home_no_dr_germany_d23_hist_d23_1_2025-07-23_1day/run_summary.txt,0,53.628242,53.628242,15.831949,0.0842,EUR/kWh,/home/hku_user3/EnergyBridge_rl_dr_memory_202607/experiments/real_data/germany_2025_price.csv,10.8257,10.8257,1.0,1.0,,0.0,0.8,[],"['dishwasher', 'dryer', 'ev', 'washer', 'water_heater']",[]
household_s1_dual_commuter_standard,household_s1_dual_commuter_standard,rule_milp,Germany,1,2025-07-25,d25_hist_d25_1,hist_d25_1,25,/home/hku_user3/EnergyBridge_rl_dr_memory_202607/experiments/real_data/germany_2025_price.csv,20.0,1.0,/home/hku_user3/EnergyBridge_rl_dr_memory_202607/benchmark_results/2026-07-22_rule_milp_dr_memory_daily_july/_batch_logs/daily_event_configs/d25_hist_d25_1.json,skipped_done,0,0.0,/home/hku_user3/EnergyBridge_rl_dr_memory_202607/benchmark_results/2026-07-22_rule_milp_dr_memory_daily_july/household_s1_dual_commuter_standard_rule_milp_germany_d25_hist_d25_1_2025-07-25_1day,/home/hku_user3/EnergyBridge_rl_dr_memory_202607/benchmark_results/2026-07-22_rule_milp_dr_memory_daily_july/_batch_logs/daily_dr_memory_germany_1day/household_s1_dual_commuter_standard_rule_milp_germany_d25_hist_d25_1_2025-07-25_1day.log,/home/hku_user3/EnergyBridge_rl_dr_memory_202607/benchmark_results/2026-07-22_rule_milp_dr_memory_daily_july/household_s1_dual_commuter_standard_rule_milp_germany_d25_hist_d25_1_2025-07-25_1day/run_summary.txt,0,77.209998,77.209998,17.935997,0.098683,EUR/kWh,/home/hku_user3/EnergyBridge_rl_dr_memory_202607/experiments/real_data/germany_2025_price.csv,8.273,8.273,0.0,0.0,1.962,1.0,1.0,"['dishwasher', 'dryer', 'ev', 'washer', 'water_heater']",[],[]
household_s1_dual_commuter_standard,household_s1_dual_commuter_standard,rule_milp,Tianjin,1,2025-07-24,d24_hist_d24_1,hist_d24_1,24,/home/hku_user3/EnergyBridge_rl_dr_memory_202607/experiments/real_data/tianjin_tou_price_normalized.csv,18.0,1.0,/home/hku_user3/EnergyBridge_rl_dr_memory_202607/benchmark_results/2026-07-22_rule_milp_dr_memory_daily_july/_batch_logs/daily_event_configs/d24_hist_d24_1.json,skipped_done,0,0.0,/home/hku_user3/EnergyBridge_rl_dr_memory_202607/benchmark_results/2026-07-22_rule_milp_dr_memory_daily_july/household_s1_dual_commuter_standard_rule_milp_tianjin_d24_hist_d24_1_2025-07-24_1day,/home/hku_user3/EnergyBridge_rl_dr_memory_202607/benchmark_results/2026-07-22_rule_milp_dr_memory_daily_july/_batch_logs/daily_dr_memory_tianjin_1day/household_s1_dual_commuter_standard_rule_milp_tianjin_d24_hist_d24_1_2025-07-24_1day.log,/home/hku_user3/EnergyBridge_rl_dr_memory_202607/benchmark_results/2026-07-22_rule_milp_dr_memory_daily_july/household_s1_dual_commuter_standard_rule_milp_tianjin_d24_hist_d24_1_2025-07-24_1day/run_summary.txt,0,75.066654,75.066654,70.253099,1.150184,normalized TOU cost/kWh,/home/hku_user3/EnergyBridge_rl_dr_memory_202607/experiments/real_data/tianjin_tou_price_normalized.csv,2.0218,2.0218,0.0,0.0,2.072,1.0,1.0,"['dishwasher', 'dryer', 'ev', 'washer', 'water_heater']",[],[]
household_s3_hybrid_work_from_home,household_s3_hybrid_work_from_home,no_dr,Tianjin,1,2025-07-24,d24_hist_d24_1,hist_d24_1,24,/home/hku_user3/EnergyBridge_rl_dr_memory_202607/experiments/real_data/tianjin_tou_price_normalized.csv,18.0,1.0,/home/hku_user3/EnergyBridge_rl_dr_memory_202607/benchmark_results/2026-07-22_rule_milp_dr_memory_daily_july/_batch_logs/daily_event_configs/d24_hist_d24_1.json,skipped_done,0,0.0,/home/hku_user3/EnergyBridge_rl_dr_memory_202607/benchmark_results/2026-07-22_rule_milp_dr_memory_daily_july/household_s3_hybrid_work_from_home_no_dr_tianjin_d24_hist_d24_1_2025-07-24_1day,/home/hku_user3/EnergyBridge_rl_dr_memory_202607/benchmark_results/2026-07-22_rule_milp_dr_memory_daily_july/_batch_logs/daily_dr_memory_tianjin_1day/household_s3_hybrid_work_from_home_no_dr_tianjin_d24_hist_d24_1_2025-07-24_1day.log,/home/hku_user3/EnergyBridge_rl_dr_memory_202607/benchmark_results/2026-07-22_rule_milp_dr_memory_daily_july/household_s3_hybrid_work_from_home_no_dr_tianjin_d24_hist_d24_1_2025-07-24_1day/run_summary.txt,0,66.696129,66.696129,72.984944,1.152789,normalized TOU cost/kWh,/home/hku_user3/EnergyBridge_rl_dr_memory_202607/experiments/real_data/tianjin_tou_price_normalized.csv,5.2159,5.2159,1.0,1.0,,0.0,0.8,[],"['dishwasher', 'dryer', 'ev', 'washer', 'water_heater']",[]
household_s4_ev_commuter_flexible,household_s4_ev_commuter_flexible,rule_milp,Germany,1,2025-07-24,d24_hist_d24_1,hist_d24_1,24,/home/hku_user3/EnergyBridge_rl_dr_memory_202607/experiments/real_data/germany_2025_price.csv,18.0,1.0,/home/hku_user3/EnergyBridge_rl_dr_memory_202607/benchmark_results/2026-07-22_rule_milp_dr_memory_daily_july/_batch_logs/daily_event_configs/d24_hist_d24_1.json,skipped_done,0,0.0,/home/hku_user3/EnergyBridge_rl_dr_memory_202607/benchmark_results/2026-07-22_rule_milp_dr_memory_daily_july/household_s4_ev_commuter_flexible_rule_milp_germany_d24_hist_d24_1_2025-07-24_1day,/home/hku_user3/EnergyBridge_rl_dr_memory_202607/benchmark_results/2026-07-22_rule_milp_dr_memory_daily_july/_batch_logs/daily_dr_memory_germany_1day/household_s4_ev_commuter_flexible_rule_milp_germany_d24_hist_d24_1_2025-07-24_1day.log,/home/hku_user3/EnergyBridge_rl_dr_memory_202607/benchmark_results/2026-07-22_rule_milp_dr_memory_daily_july/household_s4_ev_commuter_flexible_rule_milp_germany_d24_hist_d24_1_2025-07-24_1day/run_summary.txt,0,71.904472,71.904472,20.661979,0.105001,EUR/kWh,/home/hku_user3/EnergyBridge_rl_dr_memory_202607/experiments/real_data/germany_2025_price.csv,6.8331,6.8331,0.0,0.0,2.0,1.0,1.0,"['dishwasher', 'dryer', 'ev', 'washer', 'water_heater']",[],[]
household_s5_shared_roommates_irregular,household_s5_shared_roommates_irregular,rule_milp,Germany,1,2025-07-24,d24_hist_d24_1,hist_d24_1,24,/home/hku_user3/EnergyBridge_rl_dr_memory_202607/experiments/real_data/germany_2025_price.csv,18.0,1.0,/home/hku_user3/EnergyBridge_rl_dr_memory_202607/benchmark_results/2026-07-22_rule_milp_dr_memory_daily_july/_batch_logs/daily_event_configs/d24_hist_d24_1.json,skipped_done,0,0.0,/home/hku_user3/EnergyBridge_rl_dr_memory_202607/benchmark_results/2026-07-22_rule_milp_dr_memory_daily_july/household_s5_shared_roommates_irregular_rule_milp_germany_d24_hist_d24_1_2025-07-24_1day,/home/hku_user3/EnergyBridge_rl_dr_memory_202607/benchmark_results/2026-07-22_rule_milp_dr_memory_daily_july/_batch_logs/daily_dr_memory_germany_1day/household_s5_shared_roommates_irregular_rule_milp_germany_d24_hist_d24_1_2025-07-24_1day.log,/home/hku_user3/EnergyBridge_rl_dr_memory_202607/benchmark_results/2026-07-22_rule_milp_dr_memory_daily_july/household_s5_shared_roommates_irregular_rule_milp_germany_d24_hist_d24_1_2025-07-24_1day/run_summary.txt,0,63.742153,63.742153,19.83766,0.105174,EUR/kWh,/home/hku_user3/EnergyBridge_rl_dr_memory_202607/experiments/real_data/germany_2025_price.csv,6.8331,6.8331,0.0,0.0,1.962,1.0,1.0,"['dishwasher', 'dryer', 'ev', 'washer', 'water_heater']",[],[]
household_s2_multigeneration_caregiver,household_s2_multigeneration_caregiver,no_dr,Germany,1,2025-07-25,d25_hist_d25_1,hist_d25_1,25,/home/hku_user3/EnergyBridge_rl_dr_memory_202607/experiments/real_data/germany_2025_price.csv,20.0,1.0,/home/hku_user3/EnergyBridge_rl_dr_memory_202607/benchmark_results/2026-07-22_rule_milp_dr_memory_daily_july/_batch_logs/daily_event_configs/d25_hist_d25_1.json,skipped_done,0,0.0,/home/hku_user3/EnergyBridge_rl_dr_memory_202607/benchmark_results/2026-07-22_rule_milp_dr_memory_daily_july/household_s2_multigeneration_caregiver_no_dr_germany_d25_hist_d25_1_2025-07-25_1day,/home/hku_user3/EnergyBridge_rl_dr_memory_202607/benchmark_results/2026-07-22_rule_milp_dr_memory_daily_july/_batch_logs/daily_dr_memory_germany_1day/household_s2_multigeneration_caregiver_no_dr_germany_d25_hist_d25_1_2025-07-25_1day.log,/home/hku_user3/EnergyBridge_rl_dr_memory_202607/benchmark_results/2026-07-22_rule_milp_dr_memory_daily_july/household_s2_multigeneration_caregiver_no_dr_germany_d25_hist_d25_1_2025-07-25_1day/run_summary.txt,0,60.379393,60.379393,17.880727,0.099078,EUR/kWh,/home/hku_user3/EnergyBridge_rl_dr_memory_202607/experiments/real_data/germany_2025_price.csv,6.4086,6.4086,1.0,1.0,,0.0,0.8,[],"['dishwasher', 'dryer', 'ev', 'washer', 'water_heater']",[]
household_s1_dual_commuter_standard,household_s1_dual_commuter_standard,no_dr,Tianjin,1,2025-07-25,d25_hist_d25_1,hist_d25_1,25,/home/hku_user3/EnergyBridge_rl_dr_memory_202607/experiments/real_data/tianjin_tou_price_normalized.csv,20.0,1.0,/home/hku_user3/EnergyBridge_rl_dr_memory_202607/benchmark_results/2026-07-22_rule_milp_dr_memory_daily_july/_batch_logs/daily_event_configs/d25_hist_d25_1.json,skipped_done,0,0.0,/home/hku_user3/EnergyBridge_rl_dr_memory_202607/benchmark_results/2026-07-22_rule_milp_dr_memory_daily_july/household_s1_dual_commuter_standard_no_dr_tianjin_d25_hist_d25_1_2025-07-25_1day,/home/hku_user3/EnergyBridge_rl_dr_memory_202607/benchmark_results/2026-07-22_rule_milp_dr_memory_daily_july/_batch_logs/daily_dr_memory_tianjin_1day/household_s1_dual_commuter_standard_no_dr_tianjin_d25_hist_d25_1_2025-07-25_1day.log,/home/hku_user3/EnergyBridge_rl_dr_memory_202607/benchmark_results/2026-07-22_rule_milp_dr_memory_daily_july/household_s1_dual_commuter_standard_no_dr_tianjin_d25_hist_d25_1_2025-07-25_1day/run_summary.txt,0,67.117027,67.117027,74.177947,1.149315,normalized TOU cost/kWh,/home/hku_user3/EnergyBridge_rl_dr_memory_202607/experiments/real_data/tianjin_tou_price_normalized.csv,8.6562,8.6562,1.0,1.0,,0.0,1.0,[],"['dishwasher', 'dryer', 'ev', 'washer', 'water_heater']",[]
household_s1_dual_commuter_standard,household_s1_dual_commuter_standard,rule_milp,Germany,1,2025-07-24,d24_hist_d24_1,hist_d24_1,24,/home/hku_user3/EnergyBridge_rl_dr_memory_202607/experiments/real_data/germany_2025_price.csv,18.0,1.0,/home/hku_user3/EnergyBridge_rl_dr_memory_202607/benchmark_results/2026-07-22_rule_milp_dr_memory_daily_july/_batch_logs/daily_event_configs/d24_hist_d24_1.json,skipped_done,0,0.0,/home/hku_user3/EnergyBridge_rl_dr_memory_202607/benchmark_results/2026-07-22_rule_milp_dr_memory_daily_july/household_s1_dual_commuter_standard_rule_milp_germany_d24_hist_d24_1_2025-07-24_1day,/home/hku_user3/EnergyBridge_rl_dr_memory_202607/benchmark_results/2026-07-22_rule_milp_dr_memory_daily_july/_batch_logs/daily_dr_memory_germany_1day/household_s1_dual_commuter_standard_rule_milp_germany_d24_hist_d24_1_2025-07-24_1day.log,/home/hku_user3/EnergyBridge_rl_dr_memory_202607/benchmark_results/2026-07-22_rule_milp_dr_memory_daily_july/household_s1_dual_commuter_standard_rule_milp_germany_d24_hist_d24_1_2025-07-24_1day/run_summary.txt,0,70.590076,70.590076,20.284437,0.105114,EUR/kWh,/home/hku_user3/EnergyBridge_rl_dr_memory_202607/experiments/real_data/germany_2025_price.csv,6.8292,6.8292,0.0,0.0,1.962,1.0,1.0,"['dishwasher', 'dryer', 'ev', 'washer', 'water_heater']",[],[]
household_s4_ev_commuter_flexible,household_s4_ev_commuter_flexible,no_dr,Tianjin,1,2025-07-25,d25_hist_d25_1,hist_d25_1,25,/home/hku_user3/EnergyBridge_rl_dr_memory_202607/experiments/real_data/tianjin_tou_price_normalized.csv,20.0,1.0,/home/hku_user3/EnergyBridge_rl_dr_memory_202607/benchmark_results/2026-07-22_rule_milp_dr_memory_daily_july/_batch_logs/daily_event_configs/d25_hist_d25_1.json,skipped_done,0,0.0,/home/hku_user3/EnergyBridge_rl_dr_memory_202607/benchmark_results/2026-07-22_rule_milp_dr_memory_daily_july/household_s4_ev_commuter_flexible_no_dr_tianjin_d25_hist_d25_1_2025-07-25_1day,/home/hku_user3/EnergyBridge_rl_dr_memory_202607/benchmark_results/2026-07-22_rule_milp_dr_memory_daily_july/_batch_logs/daily_dr_memory_tianjin_1day/household_s4_ev_commuter_flexible_no_dr_tianjin_d25_hist_d25_1_2025-07-25_1day.log,/home/hku_user3/EnergyBridge_rl_dr_memory_202607/benchmark_results/2026-07-22_rule_milp_dr_memory_daily_july/household_s4_ev_commuter_flexible_no_dr_tianjin_d25_hist_d25_1_2025-07-25_1day/run_summary.txt,0,71.198187,71.198187,78.259106,1.140435,normalized TOU cost/kWh,/home/hku_user3/EnergyBridge_rl_dr_memory_202607/experiments/real_data/tianjin_tou_price_normalized.csv,8.6562,8.6562,1.0,1.0,,0.0,0.8,[],"['dishwasher', 'dryer', 'ev', 'washer', 'water_heater']",[]
household_s1_dual_commuter_standard,household_s1_dual_commuter_standard,no_dr,Tianjin,1,2025-07-24,d24_hist_d24_1,hist_d24_1,24,/home/hku_user3/EnergyBridge_rl_dr_memory_202607/experiments/real_data/tianjin_tou_price_normalized.csv,18.0,1.0,/home/hku_user3/EnergyBridge_rl_dr_memory_202607/benchmark_results/2026-07-22_rule_milp_dr_memory_daily_july/_batch_logs/daily_event_configs/d24_hist_d24_1.json,skipped_done,0,0.0,/home/hku_user3/EnergyBridge_rl_dr_memory_202607/benchmark_results/2026-07-22_rule_milp_dr_memory_daily_july/household_s1_dual_commuter_standard_no_dr_tianjin_d24_hist_d24_1_2025-07-24_1day,/home/hku_user3/EnergyBridge_rl_dr_memory_202607/benchmark_results/2026-07-22_rule_milp_dr_memory_daily_july/_batch_logs/daily_dr_memory_tianjin_1day/household_s1_dual_commuter_standard_no_dr_tianjin_d24_hist_d24_1_2025-07-24_1day.log,/home/hku_user3/EnergyBridge_rl_dr_memory_202607/benchmark_results/2026-07-22_rule_milp_dr_memory_daily_july/household_s1_dual_commuter_standard_no_dr_tianjin_d24_hist_d24_1_2025-07-24_1day/run_summary.txt,0,70.476796,70.476796,76.640258,1.142308,normalized TOU cost/kWh,/home/hku_user3/EnergyBridge_rl_dr_memory_202607/experiments/real_data/tianjin_tou_price_normalized.csv,5.2135,5.2135,1.0,1.0,,0.0,1.0,[],"['dishwasher', 'dryer', 'ev', 'washer', 'water_heater']",[]
household_s5_shared_roommates_irregular,household_s5_shared_roommates_irregular,no_dr,Tianjin,1,2025-07-23,d23_hist_d23_1,hist_d23_1,23,/home/hku_user3/EnergyBridge_rl_dr_memory_202607/experiments/real_data/tianjin_tou_price_normalized.csv,18.0,1.0,/home/hku_user3/EnergyBridge_rl_dr_memory_202607/benchmark_results/2026-07-22_rule_milp_dr_memory_daily_july/_batch_logs/daily_event_configs/d23_hist_d23_1.json,skipped_done,0,0.0,/home/hku_user3/EnergyBridge_rl_dr_memory_202607/benchmark_results/2026-07-22_rule_milp_dr_memory_daily_july/household_s5_shared_roommates_irregular_no_dr_tianjin_d23_hist_d23_1_2025-07-23_1day,/home/hku_user3/EnergyBridge_rl_dr_memory_202607/benchmark_results/2026-07-22_rule_milp_dr_memory_daily_july/_batch_logs/daily_dr_memory_tianjin_1day/household_s5_shared_roommates_irregular_no_dr_tianjin_d23_hist_d23_1_2025-07-23_1day.log,/home/hku_user3/EnergyBridge_rl_dr_memory_202607/benchmark_results/2026-07-22_rule_milp_dr_memory_daily_july/household_s5_shared_roommates_irregular_no_dr_tianjin_d23_hist_d23_1_2025-07-23_1day/run_summary.txt,0,72.099187,72.099187,73.770899,1.162422,normalized TOU cost/kWh,/home/hku_user3/EnergyBridge_rl_dr_memory_202607/experiments/real_data/tianjin_tou_price_normalized.csv,5.5184,5.5184,1.0,1.0,,0.0,1.0,[],"['dishwasher', 'dryer', 'ev', 'washer', 'water_heater']",[]
household_s3_hybrid_work_from_home,household_s3_hybrid_work_from_home,no_dr,Germany,1,2025-07-25,d25_hist_d25_1,hist_d25_1,25,/home/hku_user3/EnergyBridge_rl_dr_memory_202607/experiments/real_data/germany_2025_price.csv,20.0,1.0,/home/hku_user3/EnergyBridge_rl_dr_memory_202607/benchmark_results/2026-07-22_rule_milp_dr_memory_daily_july/_batch_logs/daily_event_configs/d25_hist_d25_1.json,skipped_done,0,0.0,/home/hku_user3/EnergyBridge_rl_dr_memory_202607/benchmark_results/2026-07-22_rule_milp_dr_memory_daily_july/household_s3_hybrid_work_from_home_no_dr_germany_d25_hist_d25_1_2025-07-25_1day,/home/hku_user3/EnergyBridge_rl_dr_memory_202607/benchmark_results/2026-07-22_rule_milp_dr_memory_daily_july/_batch_logs/daily_dr_memory_germany_1day/household_s3_hybrid_work_from_home_no_dr_germany_d25_hist_d25_1_2025-07-25_1day.log,/home/hku_user3/EnergyBridge_rl_dr_memory_202607/benchmark_results/2026-07-22_rule_milp_dr_memory_daily_july/household_s3_hybrid_work_from_home_no_dr_germany_d25_hist_d25_1_2025-07-25_1day/run_summary.txt,0,62.660989,62.660989,18.138516,0.099135,EUR/kWh,/home/hku_user3/EnergyBridge_rl_dr_memory_202607/experiments/real_data/germany_2025_price.csv,7.453,7.453,1.0,1.0,,0.0,1.0,[],"['dishwasher', 'dryer', 'ev', 'washer', 'water_heater']",[]
household_s4_ev_commuter_flexible,household_s4_ev_commuter_flexible,rule_milp,Tianjin,1,2025-07-25,d25_hist_d25_1,hist_d25_1,25,/home/hku_user3/EnergyBridge_rl_dr_memory_202607/experiments/real_data/tianjin_tou_price_normalized.csv,20.0,1.0,/home/hku_user3/EnergyBridge_rl_dr_memory_202607/benchmark_results/2026-07-22_rule_milp_dr_memory_daily_july/_batch_logs/daily_event_configs/d25_hist_d25_1.json,skipped_done,0,0.0,/home/hku_user3/EnergyBridge_rl_dr_memory_202607/benchmark_results/2026-07-22_rule_milp_dr_memory_daily_july/household_s4_ev_commuter_flexible_rule_milp_tianjin_d25_hist_d25_1_2025-07-25_1day,/home/hku_user3/EnergyBridge_rl_dr_memory_202607/benchmark_results/2026-07-22_rule_milp_dr_memory_daily_july/_batch_logs/daily_dr_memory_tianjin_1day/household_s4_ev_commuter_flexible_rule_milp_tianjin_d25_hist_d25_1_2025-07-25_1day.log,/home/hku_user3/EnergyBridge_rl_dr_memory_202607/benchmark_results/2026-07-22_rule_milp_dr_memory_daily_july/household_s4_ev_commuter_flexible_rule_milp_tianjin_d25_hist_d25_1_2025-07-25_1day/run_summary.txt,0,75.872611,75.872611,68.554706,1.106984,normalized TOU cost/kWh,/home/hku_user3/EnergyBridge_rl_dr_memory_202607/experiments/real_data/tianjin_tou_price_normalized.csv,2.7275,2.7275,0.0,0.0,2.0,1.0,1.0,"['dishwasher', 'dryer', 'ev', 'washer', 'water_heater']",[],[]
household_s1_dual_commuter_standard,household_s1_dual_commuter_standard,no_dr,Germany,1,2025-07-25,d25_hist_d25_1,hist_d25_1,25,/home/hku_user3/EnergyBridge_rl_dr_memory_202607/experiments/real_data/germany_2025_price.csv,20.0,1.0,/home/hku_user3/EnergyBridge_rl_dr_memory_202607/benchmark_results/2026-07-22_rule_milp_dr_memory_daily_july/_batch_logs/daily_event_configs/d25_hist_d25_1.json,skipped_done,0,0.0,/home/hku_user3/EnergyBridge_rl_dr_memory_202607/benchmark_results/2026-07-22_rule_milp_dr_memory_daily_july/household_s1_dual_commuter_standard_no_dr_germany_d25_hist_d25_1_2025-07-25_1day,/home/hku_user3/EnergyBridge_rl_dr_memory_202607/benchmark_results/2026-07-22_rule_milp_dr_memory_daily_july/_batch_logs/daily_dr_memory_germany_1day/household_s1_dual_commuter_standard_no_dr_germany_d25_hist_d25_1_2025-07-25_1day.log,/home/hku_user3/EnergyBridge_rl_dr_memory_202607/benchmark_results/2026-07-22_rule_milp_dr_memory_daily_july/household_s1_dual_commuter_standard_no_dr_germany_d25_hist_d25_1_2025-07-25_1day/run_summary.txt,0,66.358711,66.358711,18.579072,0.099239,EUR/kWh,/home/hku_user3/EnergyBridge_rl_dr_memory_202607/experiments/real_data/germany_2025_price.csv,9.4905,9.4905,1.0,1.0,,0.0,1.0,[],"['dishwasher', 'dryer', 'ev', 'washer', 'water_heater']",[]
household_s5_shared_roommates_irregular,household_s5_shared_roommates_irregular,no_dr,Germany,1,2025-07-24,d24_hist_d24_1,hist_d24_1,24,/home/hku_user3/EnergyBridge_rl_dr_memory_202607/experiments/real_data/germany_2025_price.csv,18.0,1.0,/home/hku_user3/EnergyBridge_rl_dr_memory_202607/benchmark_results/2026-07-22_rule_milp_dr_memory_daily_july/_batch_logs/daily_event_configs/d24_hist_d24_1.json,skipped_done,0,0.0,/home/hku_user3/EnergyBridge_rl_dr_memory_202607/benchmark_results/2026-07-22_rule_milp_dr_memory_daily_july/household_s5_shared_roommates_irregular_no_dr_germany_d24_hist_d24_1_2025-07-24_1day,/home/hku_user3/EnergyBridge_rl_dr_memory_202607/benchmark_results/2026-07-22_rule_milp_dr_memory_daily_july/_batch_logs/daily_dr_memory_germany_1day/household_s5_shared_roommates_irregular_no_dr_germany_d24_hist_d24_1_2025-07-24_1day.log,/home/hku_user3/EnergyBridge_rl_dr_memory_202607/benchmark_results/2026-07-22_rule_milp_dr_memory_daily_july/household_s5_shared_roommates_irregular_no_dr_germany_d24_hist_d24_1_2025-07-24_1day/run_summary.txt,0,60.901244,60.901244,20.231201,0.106355,EUR/kWh,/home/hku_user3/EnergyBridge_rl_dr_memory_202607/experiments/real_data/germany_2025_price.csv,10.7383,10.7383,1.0,1.0,,0.0,1.0,[],"['dishwasher', 'dryer', 'ev', 'washer', 'water_heater']",[]
household_s5_shared_roommates_irregular,household_s5_shared_roommates_irregular,rule_milp,Tianjin,1,2025-07-25,d25_hist_d25_1,hist_d25_1,25,/home/hku_user3/EnergyBridge_rl_dr_memory_202607/experiments/real_data/tianjin_tou_price_normalized.csv,20.0,1.0,/home/hku_user3/EnergyBridge_rl_dr_memory_202607/benchmark_results/2026-07-22_rule_milp_dr_memory_daily_july/_batch_logs/daily_event_configs/d25_hist_d25_1.json,skipped_done,0,0.0,/home/hku_user3/EnergyBridge_rl_dr_memory_202607/benchmark_results/2026-07-22_rule_milp_dr_memory_daily_july/household_s5_shared_roommates_irregular_rule_milp_tianjin_d25_hist_d25_1_2025-07-25_1day,/home/hku_user3/EnergyBridge_rl_dr_memory_202607/benchmark_results/2026-07-22_rule_milp_dr_memory_daily_july/_batch_logs/daily_dr_memory_tianjin_1day/household_s5_shared_roommates_irregular_rule_milp_tianjin_d25_hist_d25_1_2025-07-25_1day.log,/home/hku_user3/EnergyBridge_rl_dr_memory_202607/benchmark_results/2026-07-22_rule_milp_dr_memory_daily_july/household_s5_shared_roommates_irregular_rule_milp_tianjin_d25_hist_d25_1_2025-07-25_1day/run_summary.txt,0,69.447217,69.447217,49.287441,1.052607,normalized TOU cost/kWh,/home/hku_user3/EnergyBridge_rl_dr_memory_202607/experiments/real_data/tianjin_tou_price_normalized.csv,2.7104,2.7104,0.0,0.0,1.863,1.0,1.0,"['dishwasher', 'dryer', 'ev', 'washer', 'water_heater']",[],[]
household_s2_multigeneration_caregiver,household_s2_multigeneration_caregiver,rule_milp,Germany,1,2025-07-24,d24_hist_d24_1,hist_d24_1,24,/home/hku_user3/EnergyBridge_rl_dr_memory_202607/experiments/real_data/germany_2025_price.csv,18.0,1.0,/home/hku_user3/EnergyBridge_rl_dr_memory_202607/benchmark_results/2026-07-22_rule_milp_dr_memory_daily_july/_batch_logs/daily_event_configs/d24_hist_d24_1.json,skipped_done,0,0.0,/home/hku_user3/EnergyBridge_rl_dr_memory_202607/benchmark_results/2026-07-22_rule_milp_dr_memory_daily_july/household_s2_multigeneration_caregiver_rule_milp_germany_d24_hist_d24_1_2025-07-24_1day,/home/hku_user3/EnergyBridge_rl_dr_memory_202607/benchmark_results/2026-07-22_rule_milp_dr_memory_daily_july/_batch_logs/daily_dr_memory_germany_1day/household_s2_multigeneration_caregiver_rule_milp_germany_d24_hist_d24_1_2025-07-24_1day.log,/home/hku_user3/EnergyBridge_rl_dr_memory_202607/benchmark_results/2026-07-22_rule_milp_dr_memory_daily_july/household_s2_multigeneration_caregiver_rule_milp_germany_d24_hist_d24_1_2025-07-24_1day/run_summary.txt,0,64.94044,64.94044,19.39908,0.105126,EUR/kWh,/home/hku_user3/EnergyBridge_rl_dr_memory_202607/experiments/real_data/germany_2025_price.csv,7.2515,7.2515,0.0,0.0,1.9,1.0,1.0,"['dishwasher', 'dryer', 'ev', 'washer', 'water_heater']",[],[]
household_s5_shared_roommates_irregular,household_s5_shared_roommates_irregular,no_dr,Germany,1,2025-07-25,d25_hist_d25_1,hist_d25_1,25,/home/hku_user3/EnergyBridge_rl_dr_memory_202607/experiments/real_data/germany_2025_price.csv,20.0,1.0,/home/hku_user3/EnergyBridge_rl_dr_memory_202607/benchmark_results/2026-07-22_rule_milp_dr_memory_daily_july/_batch_logs/daily_event_configs/d25_hist_d25_1.json,skipped_done,0,0.0,/home/hku_user3/EnergyBridge_rl_dr_memory_202607/benchmark_results/2026-07-22_rule_milp_dr_memory_daily_july/household_s5_shared_roommates_irregular_no_dr_germany_d25_hist_d25_1_2025-07-25_1day,/home/hku_user3/EnergyBridge_rl_dr_memory_202607/benchmark_results/2026-07-22_rule_milp_dr_memory_daily_july/_batch_logs/daily_dr_memory_germany_1day/household_s5_shared_roommates_irregular_no_dr_germany_d25_hist_d25_1_2025-07-25_1day.log,/home/hku_user3/EnergyBridge_rl_dr_memory_202607/benchmark_results/2026-07-22_rule_milp_dr_memory_daily_july/household_s5_shared_roommates_irregular_no_dr_germany_d25_hist_d25_1_2025-07-25_1day/run_summary.txt,0,62.277552,62.277552,18.15204,0.099118,EUR/kWh,/home/hku_user3/EnergyBridge_rl_dr_memory_202607/experiments/real_data/germany_2025_price.csv,7.4499,7.4499,1.0,1.0,,0.0,0.8,[],"['dishwasher', 'dryer', 'ev', 'washer', 'water_heater']",[]
household_s5_shared_roommates_irregular,household_s5_shared_roommates_irregular,rule_milp,Germany,1,2025-07-25,d25_hist_d25_1,hist_d25_1,25,/home/hku_user3/EnergyBridge_rl_dr_memory_202607/experiments/real_data/germany_2025_price.csv,20.0,1.0,/home/hku_user3/EnergyBridge_rl_dr_memory_202607/benchmark_results/2026-07-22_rule_milp_dr_memory_daily_july/_batch_logs/daily_event_configs/d25_hist_d25_1.json,skipped_done,0,0.0,/home/hku_user3/EnergyBridge_rl_dr_memory_202607/benchmark_results/2026-07-22_rule_milp_dr_memory_daily_july/household_s5_shared_roommates_irregular_rule_milp_germany_d25_hist_d25_1_2025-07-25_1day,/home/hku_user3/EnergyBridge_rl_dr_memory_202607/benchmark_results/2026-07-22_rule_milp_dr_memory_daily_july/_batch_logs/daily_dr_memory_germany_1day/household_s5_shared_roommates_irregular_rule_milp_germany_d25_hist_d25_1_2025-07-25_1day.log,/home/hku_user3/EnergyBridge_rl_dr_memory_202607/benchmark_results/2026-07-22_rule_milp_dr_memory_daily_july/household_s5_shared_roommates_irregular_rule_milp_germany_d25_hist_d25_1_2025-07-25_1day/run_summary.txt,0,70.964786,70.964786,17.79913,0.098541,EUR/kWh,/home/hku_user3/EnergyBridge_rl_dr_memory_202607/experiments/real_data/germany_2025_price.csv,8.2136,8.2136,0.0,0.0,1.998,1.0,1.0,"['dishwasher', 'dryer', 'ev', 'washer', 'water_heater']",[],[]
household_s4_ev_commuter_flexible,household_s4_ev_commuter_flexible,rule_milp,Tianjin,1,2025-07-24,d24_hist_d24_1,hist_d24_1,24,/home/hku_user3/EnergyBridge_rl_dr_memory_202607/experiments/real_data/tianjin_tou_price_normalized.csv,18.0,1.0,/home/hku_user3/EnergyBridge_rl_dr_memory_202607/benchmark_results/2026-07-22_rule_milp_dr_memory_daily_july/_batch_logs/daily_event_configs/d24_hist_d24_1.json,skipped_done,0,0.0,/home/hku_user3/EnergyBridge_rl_dr_memory_202607/benchmark_results/2026-07-22_rule_milp_dr_memory_daily_july/household_s4_ev_commuter_flexible_rule_milp_tianjin_d24_hist_d24_1_2025-07-24_1day,/home/hku_user3/EnergyBridge_rl_dr_memory_202607/benchmark_results/2026-07-22_rule_milp_dr_memory_daily_july/_batch_logs/daily_dr_memory_tianjin_1day/household_s4_ev_commuter_flexible_rule_milp_tianjin_d24_hist_d24_1_2025-07-24_1day.log,/home/hku_user3/EnergyBridge_rl_dr_memory_202607/benchmark_results/2026-07-22_rule_milp_dr_memory_daily_july/household_s4_ev_commuter_flexible_rule_milp_tianjin_d24_hist_d24_1_2025-07-24_1day/run_summary.txt,0,76.567887,76.567887,72.784125,1.122229,normalized TOU cost/kWh,/home/hku_user3/EnergyBridge_rl_dr_memory_202607/experiments/real_data/tianjin_tou_price_normalized.csv,1.9049,1.9049,0.0,0.0,2.0,1.0,1.0,"['dishwasher', 'dryer', 'ev', 'washer', 'water_heater']",[],[]
household_s5_shared_roommates_irregular,household_s5_shared_roommates_irregular,no_dr,Tianjin,1,2025-07-25,d25_hist_d25_1,hist_d25_1,25,/home/hku_user3/EnergyBridge_rl_dr_memory_202607/experiments/real_data/tianjin_tou_price_normalized.csv,20.0,1.0,/home/hku_user3/EnergyBridge_rl_dr_memory_202607/benchmark_results/2026-07-22_rule_milp_dr_memory_daily_july/_batch_logs/daily_event_configs/d25_hist_d25_1.json,skipped_done,0,0.0,/home/hku_user3/EnergyBridge_rl_dr_memory_202607/benchmark_results/2026-07-22_rule_milp_dr_memory_daily_july/household_s5_shared_roommates_irregular_no_dr_tianjin_d25_hist_d25_1_2025-07-25_1day,/home/hku_user3/EnergyBridge_rl_dr_memory_202607/benchmark_results/2026-07-22_rule_milp_dr_memory_daily_july/_batch_logs/daily_dr_memory_tianjin_1day/household_s5_shared_roommates_irregular_no_dr_tianjin_d25_hist_d25_1_2025-07-25_1day.log,/home/hku_user3/EnergyBridge_rl_dr_memory_202607/benchmark_results/2026-07-22_rule_milp_dr_memory_daily_july/household_s5_shared_roommates_irregular_no_dr_tianjin_d25_hist_d25_1_2025-07-25_1day/run_summary.txt,0,63.035868,63.035868,70.096787,1.159394,normalized TOU cost/kWh,/home/hku_user3/EnergyBridge_rl_dr_memory_202607/experiments/real_data/tianjin_tou_price_normalized.csv,8.6562,8.6562,1.0,1.0,,0.0,0.8,[],"['dishwasher', 'dryer', 'ev', 'washer', 'water_heater']",[]
household_s1_dual_commuter_standard,household_s1_dual_commuter_standard,no_dr,Germany,1,2025-07-26,d26_hist_d26_1,hist_d26_1,26,/home/hku_user3/EnergyBridge_rl_dr_memory_202607/experiments/real_data/germany_2025_price.csv,16.0,1.0,/home/hku_user3/EnergyBridge_rl_dr_memory_202607/benchmark_results/2026-07-22_rule_milp_dr_memory_daily_july/_batch_logs/daily_event_configs/d26_hist_d26_1.json,skipped_done,0,0.0,/home/hku_user3/EnergyBridge_rl_dr_memory_202607/benchmark_results/2026-07-22_rule_milp_dr_memory_daily_july/household_s1_dual_commuter_standard_no_dr_germany_d26_hist_d26_1_2025-07-26_1day,/home/hku_user3/EnergyBridge_rl_dr_memory_202607/benchmark_results/2026-07-22_rule_milp_dr_memory_daily_july/_batch_logs/daily_dr_memory_germany_1day/household_s1_dual_commuter_standard_no_dr_germany_d26_hist_d26_1_2025-07-26_1day.log,/home/hku_user3/EnergyBridge_rl_dr_memory_202607/benchmark_results/2026-07-22_rule_milp_dr_memory_daily_july/household_s1_dual_commuter_standard_no_dr_germany_d26_hist_d26_1_2025-07-26_1day/run_summary.txt,0,60.405411,60.405411,17.981064,0.094028,EUR/kWh,/home/hku_user3/EnergyBridge_rl_dr_memory_202607/experiments/real_data/germany_2025_price.csv,6.4853,6.4853,1.0,1.0,,0.0,1.0,[],"['dishwasher', 'dryer', 'ev', 'washer', 'water_heater']",[]
household_s2_multigeneration_caregiver,household_s2_multigeneration_caregiver,rule_milp,Tianjin,1,2025-07-25,d25_hist_d25_1,hist_d25_1,25,/home/hku_user3/EnergyBridge_rl_dr_memory_202607/experiments/real_data/tianjin_tou_price_normalized.csv,20.0,1.0,/home/hku_user3/EnergyBridge_rl_dr_memory_202607/benchmark_results/2026-07-22_rule_milp_dr_memory_daily_july/_batch_logs/daily_event_configs/d25_hist_d25_1.json,skipped_done,0,0.0,/home/hku_user3/EnergyBridge_rl_dr_memory_202607/benchmark_results/2026-07-22_rule_milp_dr_memory_daily_july/household_s2_multigeneration_caregiver_rule_milp_tianjin_d25_hist_d25_1_2025-07-25_1day,/home/hku_user3/EnergyBridge_rl_dr_memory_202607/benchmark_results/2026-07-22_rule_milp_dr_memory_daily_july/_batch_logs/daily_dr_memory_tianjin_1day/household_s2_multigeneration_caregiver_rule_milp_tianjin_d25_hist_d25_1_2025-07-25_1day.log,/home/hku_user3/EnergyBridge_rl_dr_memory_202607/benchmark_results/2026-07-22_rule_milp_dr_memory_daily_july/household_s2_multigeneration_caregiver_rule_milp_tianjin_d25_hist_d25_1_2025-07-25_1day/run_summary.txt,0,66.469444,66.469444,59.385791,1.170421,normalized TOU cost/kWh,/home/hku_user3/EnergyBridge_rl_dr_memory_202607/experiments/real_data/tianjin_tou_price_normalized.csv,3.2603,3.2603,0.0,0.0,1.9,1.0,1.0,"['dishwasher', 'dryer', 'ev', 'washer', 'water_heater']",[],[]
household_s4_ev_commuter_flexible,household_s4_ev_commuter_flexible,rule_milp,Germany,1,2025-07-25,d25_hist_d25_1,hist_d25_1,25,/home/hku_user3/EnergyBridge_rl_dr_memory_202607/experiments/real_data/germany_2025_price.csv,20.0,1.0,/home/hku_user3/EnergyBridge_rl_dr_memory_202607/benchmark_results/2026-07-22_rule_milp_dr_memory_daily_july/_batch_logs/daily_event_configs/d25_hist_d25_1.json,skipped_done,0,0.0,/home/hku_user3/EnergyBridge_rl_dr_memory_202607/benchmark_results/2026-07-22_rule_milp_dr_memory_daily_july/household_s4_ev_commuter_flexible_rule_milp_germany_d25_hist_d25_1_2025-07-25_1day,/home/hku_user3/EnergyBridge_rl_dr_memory_202607/benchmark_results/2026-07-22_rule_milp_dr_memory_daily_july/_batch_logs/daily_dr_memory_germany_1day/household_s4_ev_commuter_flexible_rule_milp_germany_d25_hist_d25_1_2025-07-25_1day.log,/home/hku_user3/EnergyBridge_rl_dr_memory_202607/benchmark_results/2026-07-22_rule_milp_dr_memory_daily_july/household_s4_ev_commuter_flexible_rule_milp_germany_d25_hist_d25_1_2025-07-25_1day/run_summary.txt,0,72.222299,72.222299,18.174222,0.098516,EUR/kWh,/home/hku_user3/EnergyBridge_rl_dr_memory_202607/experiments/real_data/germany_2025_price.csv,6.5725,6.5725,1.0,1.0,2.317,1.0,1.0,"['dishwasher', 'dryer', 'ev', 'washer', 'water_heater']",[],[]
household_s2_multigeneration_caregiver,household_s2_multigeneration_caregiver,rule_milp,Germany,1,2025-07-25,d25_hist_d25_1,hist_d25_1,25,/home/hku_user3/EnergyBridge_rl_dr_memory_202607/experiments/real_data/germany_2025_price.csv,20.0,1.0,/home/hku_user3/EnergyBridge_rl_dr_memory_202607/benchmark_results/2026-07-22_rule_milp_dr_memory_daily_july/_batch_logs/daily_event_configs/d25_hist_d25_1.json,skipped_done,0,0.0,/home/hku_user3/EnergyBridge_rl_dr_memory_202607/benchmark_results/2026-07-22_rule_milp_dr_memory_daily_july/household_s2_multigeneration_caregiver_rule_milp_germany_d25_hist_d25_1_2025-07-25_1day,/home/hku_user3/EnergyBridge_rl_dr_memory_202607/benchmark_results/2026-07-22_rule_milp_dr_memory_daily_july/_batch_logs/daily_dr_memory_germany_1day/household_s2_multigeneration_caregiver_rule_milp_germany_d25_hist_d25_1_2025-07-25_1day.log,/home/hku_user3/EnergyBridge_rl_dr_memory_202607/benchmark_results/2026-07-22_rule_milp_dr_memory_daily_july/household_s2_multigeneration_caregiver_rule_milp_germany_d25_hist_d25_1_2025-07-25_1day/run_summary.txt,0,69.959851,69.959851,17.507365,0.098323,EUR/kWh,/home/hku_user3/EnergyBridge_rl_dr_memory_202607/experiments/real_data/germany_2025_price.csv,8.2644,8.2644,0.0,0.0,1.9,1.0,1.0,"['dishwasher', 'dryer', 'ev', 'washer', 'water_heater']",[],[]
household_s2_multigeneration_caregiver,household_s2_multigeneration_caregiver,no_dr,Tianjin,1,2025-07-25,d25_hist_d25_1,hist_d25_1,25,/home/hku_user3/EnergyBridge_rl_dr_memory_202607/experiments/real_data/tianjin_tou_price_normalized.csv,20.0,1.0,/home/hku_user3/EnergyBridge_rl_dr_memory_202607/benchmark_results/2026-07-22_rule_milp_dr_memory_daily_july/_batch_logs/daily_event_configs/d25_hist_d25_1.json,skipped_done,0,0.0,/home/hku_user3/EnergyBridge_rl_dr_memory_202607/benchmark_results/2026-07-22_rule_milp_dr_memory_daily_july/household_s2_multigeneration_caregiver_no_dr_tianjin_d25_hist_d25_1_2025-07-25_1day,/home/hku_user3/EnergyBridge_rl_dr_memory_202607/benchmark_results/2026-07-22_rule_milp_dr_memory_daily_july/_batch_logs/daily_dr_memory_tianjin_1day/household_s2_multigeneration_caregiver_no_dr_tianjin_d25_hist_d25_1_2025-07-25_1day.log,/home/hku_user3/EnergyBridge_rl_dr_memory_202607/benchmark_results/2026-07-22_rule_milp_dr_memory_daily_july/household_s2_multigeneration_caregiver_no_dr_tianjin_d25_hist_d25_1_2025-07-25_1day/run_summary.txt,0,60.60558,60.60558,67.072831,1.184524,normalized TOU cost/kWh,/home/hku_user3/EnergyBridge_rl_dr_memory_202607/experiments/real_data/tianjin_tou_price_normalized.csv,7.662,7.662,1.0,1.0,,0.0,0.8,[],"['dishwasher', 'dryer', 'ev', 'washer', 'water_heater']",[]
household_s4_ev_commuter_flexible,household_s4_ev_commuter_flexible,no_dr,Germany,1,2025-07-26,d26_hist_d26_1,hist_d26_1,26,/home/hku_user3/EnergyBridge_rl_dr_memory_202607/experiments/real_data/germany_2025_price.csv,16.0,1.0,/home/hku_user3/EnergyBridge_rl_dr_memory_202607/benchmark_results/2026-07-22_rule_milp_dr_memory_daily_july/_batch_logs/daily_event_configs/d26_hist_d26_1.json,skipped_done,0,0.0,/home/hku_user3/EnergyBridge_rl_dr_memory_202607/benchmark_results/2026-07-22_rule_milp_dr_memory_daily_july/household_s4_ev_commuter_flexible_no_dr_germany_d26_hist_d26_1_2025-07-26_1day,/home/hku_user3/EnergyBridge_rl_dr_memory_202607/benchmark_results/2026-07-22_rule_milp_dr_memory_daily_july/_batch_logs/daily_dr_memory_germany_1day/household_s4_ev_commuter_flexible_no_dr_germany_d26_hist_d26_1_2025-07-26_1day.log,/home/hku_user3/EnergyBridge_rl_dr_memory_202607/benchmark_results/2026-07-22_rule_milp_dr_memory_daily_july/household_s4_ev_commuter_flexible_no_dr_germany_d26_hist_d26_1_2025-07-26_1day/run_summary.txt,0,64.48657,64.48657,18.39471,0.094181,EUR/kWh,/home/hku_user3/EnergyBridge_rl_dr_memory_202607/experiments/real_data/germany_2025_price.csv,6.4853,6.4853,1.0,1.0,,0.0,1.0,[],"['dishwasher', 'dryer', 'ev', 'washer', 'water_heater']",[]
household_s3_hybrid_work_from_home,household_s3_hybrid_work_from_home,rule_milp,Germany,1,2025-07-25,d25_hist_d25_1,hist_d25_1,25,/home/hku_user3/EnergyBridge_rl_dr_memory_202607/experiments/real_data/germany_2025_price.csv,20.0,1.0,/home/hku_user3/EnergyBridge_rl_dr_memory_202607/benchmark_results/2026-07-22_rule_milp_dr_memory_daily_july/_batch_logs/daily_event_configs/d25_hist_d25_1.json,skipped_done,0,0.0,/home/hku_user3/EnergyBridge_rl_dr_memory_202607/benchmark_results/2026-07-22_rule_milp_dr_memory_daily_july/household_s3_hybrid_work_from_home_rule_milp_germany_d25_hist_d25_1_2025-07-25_1day,/home/hku_user3/EnergyBridge_rl_dr_memory_202607/benchmark_results/2026-07-22_rule_milp_dr_memory_daily_july/_batch_logs/daily_dr_memory_germany_1day/household_s3_hybrid_work_from_home_rule_milp_germany_d25_hist_d25_1_2025-07-25_1day.log,/home/hku_user3/EnergyBridge_rl_dr_memory_202607/benchmark_results/2026-07-22_rule_milp_dr_memory_daily_july/household_s3_hybrid_work_from_home_rule_milp_germany_d25_hist_d25_1_2025-07-25_1day/run_summary.txt,0,70.806696,70.806696,17.633951,0.098239,EUR/kWh,/home/hku_user3/EnergyBridge_rl_dr_memory_202607/experiments/real_data/germany_2025_price.csv,8.1961,8.1961,0.0,0.0,1.983,1.0,1.0,"['dishwasher', 'dryer', 'ev', 'washer', 'water_heater']",[],[]
household_s5_shared_roommates_irregular,household_s5_shared_roommates_irregular,rule_milp,Tianjin,1,2025-07-24,d24_hist_d24_1,hist_d24_1,24,/home/hku_user3/EnergyBridge_rl_dr_memory_202607/experiments/real_data/tianjin_tou_price_normalized.csv,18.0,1.0,/home/hku_user3/EnergyBridge_rl_dr_memory_202607/benchmark_results/2026-07-22_rule_milp_dr_memory_daily_july/_batch_logs/daily_event_configs/d24_hist_d24_1.json,skipped_done,0,0.0,/home/hku_user3/EnergyBridge_rl_dr_memory_202607/benchmark_results/2026-07-22_rule_milp_dr_memory_daily_july/household_s5_shared_roommates_irregular_rule_milp_tianjin_d24_hist_d24_1_2025-07-24_1day,/home/hku_user3/EnergyBridge_rl_dr_memory_202607/benchmark_results/2026-07-22_rule_milp_dr_memory_daily_july/_batch_logs/daily_dr_memory_tianjin_1day/household_s5_shared_roommates_irregular_rule_milp_tianjin_d24_hist_d24_1_2025-07-24_1day.log,/home/hku_user3/EnergyBridge_rl_dr_memory_202607/benchmark_results/2026-07-22_rule_milp_dr_memory_daily_july/household_s5_shared_roommates_irregular_rule_milp_tianjin_d24_hist_d24_1_2025-07-24_1day/run_summary.txt,0,68.405568,68.405568,64.621806,1.139827,normalized TOU cost/kWh,/home/hku_user3/EnergyBridge_rl_dr_memory_202607/experiments/real_data/tianjin_tou_price_normalized.csv,1.9049,1.9049,0.0,0.0,2.072,1.0,1.0,"['dishwasher', 'dryer', 'ev', 'washer', 'water_heater']",[],[]
household_s4_ev_commuter_flexible,household_s4_ev_commuter_flexible,rule_milp,Tianjin,1,2025-07-26,d26_hist_d26_1,hist_d26_1,26,/home/hku_user3/EnergyBridge_rl_dr_memory_202607/experiments/real_data/tianjin_tou_price_normalized.csv,16.0,1.0,/home/hku_user3/EnergyBridge_rl_dr_memory_202607/benchmark_results/2026-07-22_rule_milp_dr_memory_daily_july/_batch_logs/daily_event_configs/d26_hist_d26_1.json,skipped_done,0,0.0,/home/hku_user3/EnergyBridge_rl_dr_memory_202607/benchmark_results/2026-07-22_rule_milp_dr_memory_daily_july/household_s4_ev_commuter_flexible_rule_milp_tianjin_d26_hist_d26_1_2025-07-26_1day,/home/hku_user3/EnergyBridge_rl_dr_memory_202607/benchmark_results/2026-07-22_rule_milp_dr_memory_daily_july/_batch_logs/daily_dr_memory_tianjin_1day/household_s4_ev_commuter_flexible_rule_milp_tianjin_d26_hist_d26_1_2025-07-26_1day.log,/home/hku_user3/EnergyBridge_rl_dr_memory_202607/benchmark_results/2026-07-22_rule_milp_dr_memory_daily_july/household_s4_ev_commuter_flexible_rule_milp_tianjin_d26_hist_d26_1_2025-07-26_1day/run_summary.txt,0,80.19911,80.19911,71.809173,1.237705,normalized TOU cost/kWh,/home/hku_user3/EnergyBridge_rl_dr_memory_202607/experiments/real_data/tianjin_tou_price_normalized.csv,0.8635,0.8635,0.0,0.0,2.0,1.0,1.0,"['dishwasher', 'dryer', 'ev', 'washer', 'water_heater']",[],[]
household_s5_shared_roommates_irregular,household_s5_shared_roommates_irregular,rule_milp,Germany,1,2025-07-26,d26_hist_d26_1,hist_d26_1,26,/home/hku_user3/EnergyBridge_rl_dr_memory_202607/experiments/real_data/germany_2025_price.csv,16.0,1.0,/home/hku_user3/EnergyBridge_rl_dr_memory_202607/benchmark_results/2026-07-22_rule_milp_dr_memory_daily_july/_batch_logs/daily_event_configs/d26_hist_d26_1.json,skipped_done,0,0.0,/home/hku_user3/EnergyBridge_rl_dr_memory_202607/benchmark_results/2026-07-22_rule_milp_dr_memory_daily_july/household_s5_shared_roommates_irregular_rule_milp_germany_d26_hist_d26_1_2025-07-26_1day,/home/hku_user3/EnergyBridge_rl_dr_memory_202607/benchmark_results/2026-07-22_rule_milp_dr_memory_daily_july/_batch_logs/daily_dr_memory_germany_1day/household_s5_shared_roommates_irregular_rule_milp_germany_d26_hist_d26_1_2025-07-26_1day.log,/home/hku_user3/EnergyBridge_rl_dr_memory_202607/benchmark_results/2026-07-22_rule_milp_dr_memory_daily_july/household_s5_shared_roommates_irregular_rule_milp_germany_d26_hist_d26_1_2025-07-26_1day/run_summary.txt,0,61.478059,61.478059,17.286491,0.093142,EUR/kWh,/home/hku_user3/EnergyBridge_rl_dr_memory_202607/experiments/real_data/germany_2025_price.csv,5.6772,5.6772,0.0,0.0,1.863,1.0,1.0,"['dishwasher', 'dryer', 'ev', 'washer', 'water_heater']",[],[]
household_s3_hybrid_work_from_home,household_s3_hybrid_work_from_home,no_dr,Tianjin,1,2025-07-26,d26_hist_d26_1,hist_d26_1,26,/home/hku_user3/EnergyBridge_rl_dr_memory_202607/experiments/real_data/tianjin_tou_price_normalized.csv,16.0,1.0,/home/hku_user3/EnergyBridge_rl_dr_memory_202607/benchmark_results/2026-07-22_rule_milp_dr_memory_daily_july/_batch_logs/daily_event_configs/d26_hist_d26_1.json,skipped_done,0,0.0,/home/hku_user3/EnergyBridge_rl_dr_memory_202607/benchmark_results/2026-07-22_rule_milp_dr_memory_daily_july/household_s3_hybrid_work_from_home_no_dr_tianjin_d26_hist_d26_1_2025-07-26_1day,/home/hku_user3/EnergyBridge_rl_dr_memory_202607/benchmark_results/2026-07-22_rule_milp_dr_memory_daily_july/_batch_logs/daily_dr_memory_tianjin_1day/household_s3_hybrid_work_from_home_no_dr_tianjin_d26_hist_d26_1_2025-07-26_1day.log,/home/hku_user3/EnergyBridge_rl_dr_memory_202607/benchmark_results/2026-07-22_rule_milp_dr_memory_daily_july/household_s3_hybrid_work_from_home_no_dr_tianjin_d26_hist_d26_1_2025-07-26_1day/run_summary.txt,0,73.933465,73.933465,75.965124,1.271183,normalized TOU cost/kWh,/home/hku_user3/EnergyBridge_rl_dr_memory_202607/experiments/real_data/tianjin_tou_price_normalized.csv,2.0171,2.0171,1.0,1.0,,0.0,0.8,[],"['dishwasher', 'dryer', 'ev', 'washer', 'water_heater']",[]
household_s1_dual_commuter_standard,household_s1_dual_commuter_standard,no_dr,Tianjin,1,2025-07-26,d26_hist_d26_1,hist_d26_1,26,/home/hku_user3/EnergyBridge_rl_dr_memory_202607/experiments/real_data/tianjin_tou_price_normalized.csv,16.0,1.0,/home/hku_user3/EnergyBridge_rl_dr_memory_202607/benchmark_results/2026-07-22_rule_milp_dr_memory_daily_july/_batch_logs/daily_event_configs/d26_hist_d26_1.json,skipped_done,0,0.0,/home/hku_user3/EnergyBridge_rl_dr_memory_202607/benchmark_results/2026-07-22_rule_milp_dr_memory_daily_july/household_s1_dual_commuter_standard_no_dr_tianjin_d26_hist_d26_1_2025-07-26_1day,/home/hku_user3/EnergyBridge_rl_dr_memory_202607/benchmark_results/2026-07-22_rule_milp_dr_memory_daily_july/_batch_logs/daily_dr_memory_tianjin_1day/household_s1_dual_commuter_standard_no_dr_tianjin_d26_hist_d26_1_2025-07-26_1day.log,/home/hku_user3/EnergyBridge_rl_dr_memory_202607/benchmark_results/2026-07-22_rule_milp_dr_memory_daily_july/household_s1_dual_commuter_standard_no_dr_tianjin_d26_hist_d26_1_2025-07-26_1day/run_summary.txt,0,77.866546,77.866546,79.580962,1.253006,normalized TOU cost/kWh,/home/hku_user3/EnergyBridge_rl_dr_memory_202607/experiments/real_data/tianjin_tou_price_normalized.csv,1.9028,1.9028,1.0,1.0,,0.0,1.0,[],"['dishwasher', 'dryer', 'ev', 'washer', 'water_heater']",[]
household_s5_shared_roommates_irregular,household_s5_shared_roommates_irregular,no_dr,Germany,1,2025-07-26,d26_hist_d26_1,hist_d26_1,26,/home/hku_user3/EnergyBridge_rl_dr_memory_202607/experiments/real_data/germany_2025_price.csv,16.0,1.0,/home/hku_user3/EnergyBridge_rl_dr_memory_202607/benchmark_results/2026-07-22_rule_milp_dr_memory_daily_july/_batch_logs/daily_event_configs/d26_hist_d26_1.json,skipped_done,0,0.0,/home/hku_user3/EnergyBridge_rl_dr_memory_202607/benchmark_results/2026-07-22_rule_milp_dr_memory_daily_july/household_s5_shared_roommates_irregular_no_dr_germany_d26_hist_d26_1_2025-07-26_1day,/home/hku_user3/EnergyBridge_rl_dr_memory_202607/benchmark_results/2026-07-22_rule_milp_dr_memory_daily_july/_batch_logs/daily_dr_memory_germany_1day/household_s5_shared_roommates_irregular_no_dr_germany_d26_hist_d26_1_2025-07-26_1day.log,/home/hku_user3/EnergyBridge_rl_dr_memory_202607/benchmark_results/2026-07-22_rule_milp_dr_memory_daily_july/household_s5_shared_roommates_irregular_no_dr_germany_d26_hist_d26_1_2025-07-26_1day/run_summary.txt,0,56.324252,56.324252,17.557933,0.093817,EUR/kWh,/home/hku_user3/EnergyBridge_rl_dr_memory_202607/experiments/real_data/germany_2025_price.csv,6.4853,6.4853,1.0,1.0,,0.0,0.8,[],"['dishwasher', 'dryer', 'ev', 'washer', 'water_heater']",[]
household_s2_multigeneration_caregiver,household_s2_multigeneration_caregiver,no_dr,Tianjin,1,2025-07-26,d26_hist_d26_1,hist_d26_1,26,/home/hku_user3/EnergyBridge_rl_dr_memory_202607/experiments/real_data/tianjin_tou_price_normalized.csv,16.0,1.0,/home/hku_user3/EnergyBridge_rl_dr_memory_202607/benchmark_results/2026-07-22_rule_milp_dr_memory_daily_july/_batch_logs/daily_event_configs/d26_hist_d26_1.json,skipped_done,0,0.0,/home/hku_user3/EnergyBridge_rl_dr_memory_202607/benchmark_results/2026-07-22_rule_milp_dr_memory_daily_july/household_s2_multigeneration_caregiver_no_dr_tianjin_d26_hist_d26_1_2025-07-26_1day,/home/hku_user3/EnergyBridge_rl_dr_memory_202607/benchmark_results/2026-07-22_rule_milp_dr_memory_daily_july/_batch_logs/daily_dr_memory_tianjin_1day/household_s2_multigeneration_caregiver_no_dr_tianjin_d26_hist_d26_1_2025-07-26_1day.log,/home/hku_user3/EnergyBridge_rl_dr_memory_202607/benchmark_results/2026-07-22_rule_milp_dr_memory_daily_july/household_s2_multigeneration_caregiver_no_dr_tianjin_d26_hist_d26_1_2025-07-26_1day/run_summary.txt,0,72.637808,72.637808,73.592317,1.268996,normalized TOU cost/kWh,/home/hku_user3/EnergyBridge_rl_dr_memory_202607/experiments/real_data/tianjin_tou_price_normalized.csv,2.0781,2.0781,1.0,1.0,,0.0,0.8,[],"['dishwasher', 'dryer', 'ev', 'washer', 'water_heater']",[]
household_s1_dual_commuter_standard,household_s1_dual_commuter_standard,rule_milp,Tianjin,1,2025-07-25,d25_hist_d25_1,hist_d25_1,25,/home/hku_user3/EnergyBridge_rl_dr_memory_202607/experiments/real_data/tianjin_tou_price_normalized.csv,20.0,1.0,/home/hku_user3/EnergyBridge_rl_dr_memory_202607/benchmark_results/2026-07-22_rule_milp_dr_memory_daily_july/_batch_logs/daily_event_configs/d25_hist_d25_1.json,skipped_done,0,0.0,/home/hku_user3/EnergyBridge_rl_dr_memory_202607/benchmark_results/2026-07-22_rule_milp_dr_memory_daily_july/household_s1_dual_commuter_standard_rule_milp_tianjin_d25_hist_d25_1_2025-07-25_1day,/home/hku_user3/EnergyBridge_rl_dr_memory_202607/benchmark_results/2026-07-22_rule_milp_dr_memory_daily_july/_batch_logs/daily_dr_memory_tianjin_1day/household_s1_dual_commuter_standard_rule_milp_tianjin_d25_hist_d25_1_2025-07-25_1day.log,/home/hku_user3/EnergyBridge_rl_dr_memory_202607/benchmark_results/2026-07-22_rule_milp_dr_memory_daily_july/household_s1_dual_commuter_standard_rule_milp_tianjin_d25_hist_d25_1_2025-07-25_1day/run_summary.txt,0,76.097621,76.097621,58.308247,1.111015,normalized TOU cost/kWh,/home/hku_user3/EnergyBridge_rl_dr_memory_202607/experiments/real_data/tianjin_tou_price_normalized.csv,2.7331,2.7331,0.0,0.0,1.962,1.0,1.0,"['dishwasher', 'dryer', 'ev', 'washer', 'water_heater']",[],[]
household_s1_dual_commuter_standard,household_s1_dual_commuter_standard,rule_milp,Germany,1,2025-07-26,d26_hist_d26_1,hist_d26_1,26,/home/hku_user3/EnergyBridge_rl_dr_memory_202607/experiments/real_data/germany_2025_price.csv,16.0,1.0,/home/hku_user3/EnergyBridge_rl_dr_memory_202607/benchmark_results/2026-07-22_rule_milp_dr_memory_daily_july/_batch_logs/daily_event_configs/d26_hist_d26_1.json,skipped_done,0,0.0,/home/hku_user3/EnergyBridge_rl_dr_memory_202607/benchmark_results/2026-07-22_rule_milp_dr_memory_daily_july/household_s1_dual_commuter_standard_rule_milp_germany_d26_hist_d26_1_2025-07-26_1day,/home/hku_user3/EnergyBridge_rl_dr_memory_202607/benchmark_results/2026-07-22_rule_milp_dr_memory_daily_july/_batch_logs/daily_dr_memory_germany_1day/household_s1_dual_commuter_standard_rule_milp_germany_d26_hist_d26_1_2025-07-26_1day.log,/home/hku_user3/EnergyBridge_rl_dr_memory_202607/benchmark_results/2026-07-22_rule_milp_dr_memory_daily_july/household_s1_dual_commuter_standard_rule_milp_germany_d26_hist_d26_1_2025-07-26_1day/run_summary.txt,0,68.751203,68.751203,17.518931,0.09327,EUR/kWh,/home/hku_user3/EnergyBridge_rl_dr_memory_202607/experiments/real_data/germany_2025_price.csv,5.6772,5.6772,0.0,0.0,1.962,1.0,1.0,"['dishwasher', 'dryer', 'ev', 'washer', 'water_heater']",[],[]
household_s2_multigeneration_caregiver,household_s2_multigeneration_caregiver,no_dr,Germany,1,2025-07-27,d27_hist_d27_1,hist_d27_1,27,/home/hku_user3/EnergyBridge_rl_dr_memory_202607/experiments/real_data/germany_2025_price.csv,16.0,1.0,/home/hku_user3/EnergyBridge_rl_dr_memory_202607/benchmark_results/2026-07-22_rule_milp_dr_memory_daily_july/_batch_logs/daily_event_configs/d27_hist_d27_1.json,skipped_done,0,0.0,/home/hku_user3/EnergyBridge_rl_dr_memory_202607/benchmark_results/2026-07-22_rule_milp_dr_memory_daily_july/household_s2_multigeneration_caregiver_no_dr_germany_d27_hist_d27_1_2025-07-27_1day,/home/hku_user3/EnergyBridge_rl_dr_memory_202607/benchmark_results/2026-07-22_rule_milp_dr_memory_daily_july/_batch_logs/daily_dr_memory_germany_1day/household_s2_multigeneration_caregiver_no_dr_germany_d27_hist_d27_1_2025-07-27_1day.log,/home/hku_user3/EnergyBridge_rl_dr_memory_202607/benchmark_results/2026-07-22_rule_milp_dr_memory_daily_july/household_s2_multigeneration_caregiver_no_dr_germany_d27_hist_d27_1_2025-07-27_1day/run_summary.txt,0,47.142311,47.142311,15.137455,0.083338,EUR/kWh,/home/hku_user3/EnergyBridge_rl_dr_memory_202607/experiments/real_data/germany_2025_price.csv,5.9896,5.9896,1.0,1.0,,0.0,0.8,[],"['dishwasher', 'dryer', 'ev', 'washer', 'water_heater']",[]
household_s3_hybrid_work_from_home,household_s3_hybrid_work_from_home,no_dr,Germany,1,2025-07-26,d26_hist_d26_1,hist_d26_1,26,/home/hku_user3/EnergyBridge_rl_dr_memory_202607/experiments/real_data/germany_2025_price.csv,16.0,1.0,/home/hku_user3/EnergyBridge_rl_dr_memory_202607/benchmark_results/2026-07-22_rule_milp_dr_memory_daily_july/_batch_logs/daily_event_configs/d26_hist_d26_1.json,skipped_done,0,0.0,/home/hku_user3/EnergyBridge_rl_dr_memory_202607/benchmark_results/2026-07-22_rule_milp_dr_memory_daily_july/household_s3_hybrid_work_from_home_no_dr_germany_d26_hist_d26_1_2025-07-26_1day,/home/hku_user3/EnergyBridge_rl_dr_memory_202607/benchmark_results/2026-07-22_rule_milp_dr_memory_daily_july/_batch_logs/daily_dr_memory_germany_1day/household_s3_hybrid_work_from_home_no_dr_germany_d26_hist_d26_1_2025-07-26_1day.log,/home/hku_user3/EnergyBridge_rl_dr_memory_202607/benchmark_results/2026-07-22_rule_milp_dr_memory_daily_july/household_s3_hybrid_work_from_home_no_dr_germany_d26_hist_d26_1_2025-07-26_1day/run_summary.txt,0,56.580303,56.580303,17.54509,0.093831,EUR/kWh,/home/hku_user3/EnergyBridge_rl_dr_memory_202607/experiments/real_data/germany_2025_price.csv,6.4283,6.4283,1.0,1.0,,0.0,0.8,[],"['dishwasher', 'dryer', 'ev', 'washer', 'water_heater']",[]
household_s3_hybrid_work_from_home,household_s3_hybrid_work_from_home,rule_milp,Tianjin,1,2025-07-26,d26_hist_d26_1,hist_d26_1,26,/home/hku_user3/EnergyBridge_rl_dr_memory_202607/experiments/real_data/tianjin_tou_price_normalized.csv,16.0,1.0,/home/hku_user3/EnergyBridge_rl_dr_memory_202607/benchmark_results/2026-07-22_rule_milp_dr_memory_daily_july/_batch_logs/daily_event_configs/d26_hist_d26_1.json,skipped_done,0,0.0,/home/hku_user3/EnergyBridge_rl_dr_memory_202607/benchmark_results/2026-07-22_rule_milp_dr_memory_daily_july/household_s3_hybrid_work_from_home_rule_milp_tianjin_d26_hist_d26_1_2025-07-26_1day,/home/hku_user3/EnergyBridge_rl_dr_memory_202607/benchmark_results/2026-07-22_rule_milp_dr_memory_daily_july/_batch_logs/daily_dr_memory_tianjin_1day/household_s3_hybrid_work_from_home_rule_milp_tianjin_d26_hist_d26_1_2025-07-26_1day.log,/home/hku_user3/EnergyBridge_rl_dr_memory_202607/benchmark_results/2026-07-22_rule_milp_dr_memory_daily_july/household_s3_hybrid_work_from_home_rule_milp_tianjin_d26_hist_d26_1_2025-07-26_1day/run_summary.txt,0,78.908859,78.908859,68.900095,1.249494,normalized TOU cost/kWh,/home/hku_user3/EnergyBridge_rl_dr_memory_202607/experiments/real_data/tianjin_tou_price_normalized.csv,2.1161,2.1161,0.0,0.0,1.983,1.0,1.0,"['dishwasher', 'dryer', 'ev', 'washer', 'water_heater']",[],[]
household_s2_multigeneration_caregiver,household_s2_multigeneration_caregiver,rule_milp,Tianjin,1,2025-07-26,d26_hist_d26_1,hist_d26_1,26,/home/hku_user3/EnergyBridge_rl_dr_memory_202607/experiments/real_data/tianjin_tou_price_normalized.csv,16.0,1.0,/home/hku_user3/EnergyBridge_rl_dr_memory_202607/benchmark_results/2026-07-22_rule_milp_dr_memory_daily_july/_batch_logs/daily_event_configs/d26_hist_d26_1.json,skipped_done,0,0.0,/home/hku_user3/EnergyBridge_rl_dr_memory_202607/benchmark_results/2026-07-22_rule_milp_dr_memory_daily_july/household_s2_multigeneration_caregiver_rule_milp_tianjin_d26_hist_d26_1_2025-07-26_1day,/home/hku_user3/EnergyBridge_rl_dr_memory_202607/benchmark_results/2026-07-22_rule_milp_dr_memory_daily_july/_batch_logs/daily_dr_memory_tianjin_1day/household_s2_multigeneration_caregiver_rule_milp_tianjin_d26_hist_d26_1_2025-07-26_1day.log,/home/hku_user3/EnergyBridge_rl_dr_memory_202607/benchmark_results/2026-07-22_rule_milp_dr_memory_daily_july/household_s2_multigeneration_caregiver_rule_milp_tianjin_d26_hist_d26_1_2025-07-26_1day/run_summary.txt,0,80.413278,80.413278,68.550938,1.217446,normalized TOU cost/kWh,/home/hku_user3/EnergyBridge_rl_dr_memory_202607/experiments/real_data/tianjin_tou_price_normalized.csv,1.5926,1.5926,0.0,0.0,1.9,1.0,1.0,"['dishwasher', 'dryer', 'ev', 'washer', 'water_heater']",[],[]
household_s3_hybrid_work_from_home,household_s3_hybrid_work_from_home,no_dr,Germany,1,2025-07-27,d27_hist_d27_1,hist_d27_1,27,/home/hku_user3/EnergyBridge_rl_dr_memory_202607/experiments/real_data/germany_2025_price.csv,16.0,1.0,/home/hku_user3/EnergyBridge_rl_dr_memory_202607/benchmark_results/2026-07-22_rule_milp_dr_memory_daily_july/_batch_logs/daily_event_configs/d27_hist_d27_1.json,skipped_done,0,0.0,/home/hku_user3/EnergyBridge_rl_dr_memory_202607/benchmark_results/2026-07-22_rule_milp_dr_memory_daily_july/household_s3_hybrid_work_from_home_no_dr_germany_d27_hist_d27_1_2025-07-27_1day,/home/hku_user3/EnergyBridge_rl_dr_memory_202607/benchmark_results/2026-07-22_rule_milp_dr_memory_daily_july/_batch_logs/daily_dr_memory_germany_1day/household_s3_hybrid_work_from_home_no_dr_germany_d27_hist_d27_1_2025-07-27_1day.log,/home/hku_user3/EnergyBridge_rl_dr_memory_202607/benchmark_results/2026-07-22_rule_milp_dr_memory_daily_july/household_s3_hybrid_work_from_home_no_dr_germany_d27_hist_d27_1_2025-07-27_1day/run_summary.txt,0,50.885115,50.885115,15.409107,0.083653,EUR/kWh,/home/hku_user3/EnergyBridge_rl_dr_memory_202607/experiments/real_data/germany_2025_price.csv,5.9596,5.9596,1.0,1.0,,0.0,0.8,[],"['dishwasher', 'dryer', 'ev', 'washer', 'water_heater']",[]
household_s1_dual_commuter_standard,household_s1_dual_commuter_standard,rule_milp,Germany,1,2025-07-27,d27_hist_d27_1,hist_d27_1,27,/home/hku_user3/EnergyBridge_rl_dr_memory_202607/experiments/real_data/germany_2025_price.csv,16.0,1.0,/home/hku_user3/EnergyBridge_rl_dr_memory_202607/benchmark_results/2026-07-22_rule_milp_dr_memory_daily_july/_batch_logs/daily_event_configs/d27_hist_d27_1.json,skipped_done,0,0.0,/home/hku_user3/EnergyBridge_rl_dr_memory_202607/benchmark_results/2026-07-22_rule_milp_dr_memory_daily_july/household_s1_dual_commuter_standard_rule_milp_germany_d27_hist_d27_1_2025-07-27_1day,/home/hku_user3/EnergyBridge_rl_dr_memory_202607/benchmark_results/2026-07-22_rule_milp_dr_memory_daily_july/_batch_logs/daily_dr_memory_germany_1day/household_s1_dual_commuter_standard_rule_milp_germany_d27_hist_d27_1_2025-07-27_1day.log,/home/hku_user3/EnergyBridge_rl_dr_memory_202607/benchmark_results/2026-07-22_rule_milp_dr_memory_daily_july/household_s1_dual_commuter_standard_rule_milp_germany_d27_hist_d27_1_2025-07-27_1day/run_summary.txt,0,54.42133,54.42133,15.555369,0.082704,EUR/kWh,/home/hku_user3/EnergyBridge_rl_dr_memory_202607/experiments/real_data/germany_2025_price.csv,6.3038,6.3038,0.0,0.0,1.375,1.0,1.0,"['dishwasher', 'dryer', 'ev', 'washer', 'water_heater']",[],[]
household_s1_dual_commuter_standard,household_s1_dual_commuter_standard,rule_milp,Tianjin,1,2025-07-26,d26_hist_d26_1,hist_d26_1,26,/home/hku_user3/EnergyBridge_rl_dr_memory_202607/experiments/real_data/tianjin_tou_price_normalized.csv,16.0,1.0,/home/hku_user3/EnergyBridge_rl_dr_memory_202607/benchmark_results/2026-07-22_rule_milp_dr_memory_daily_july/_batch_logs/daily_event_configs/d26_hist_d26_1.json,skipped_done,0,0.0,/home/hku_user3/EnergyBridge_rl_dr_memory_202607/benchmark_results/2026-07-22_rule_milp_dr_memory_daily_july/household_s1_dual_commuter_standard_rule_milp_tianjin_d26_hist_d26_1_2025-07-26_1day,/home/hku_user3/EnergyBridge_rl_dr_memory_202607/benchmark_results/2026-07-22_rule_milp_dr_memory_daily_july/_batch_logs/daily_dr_memory_tianjin_1day/household_s1_dual_commuter_standard_rule_milp_tianjin_d26_hist_d26_1_2025-07-26_1day.log,/home/hku_user3/EnergyBridge_rl_dr_memory_202607/benchmark_results/2026-07-22_rule_milp_dr_memory_daily_july/household_s1_dual_commuter_standard_rule_milp_tianjin_d26_hist_d26_1_2025-07-26_1day/run_summary.txt,0,81.883712,81.883712,70.013645,1.253969,normalized TOU cost/kWh,/home/hku_user3/EnergyBridge_rl_dr_memory_202607/experiments/real_data/tianjin_tou_price_normalized.csv,0.8636,0.8636,0.0,0.0,1.962,1.0,1.0,"['dishwasher', 'dryer', 'ev', 'washer', 'water_heater']",[],[]
household_s5_shared_roommates_irregular,household_s5_shared_roommates_irregular,rule_milp,Tianjin,1,2025-07-26,d26_hist_d26_1,hist_d26_1,26,/home/hku_user3/EnergyBridge_rl_dr_memory_202607/experiments/real_data/tianjin_tou_price_normalized.csv,16.0,1.0,/home/hku_user3/EnergyBridge_rl_dr_memory_202607/benchmark_results/2026-07-22_rule_milp_dr_memory_daily_july/_batch_logs/daily_event_configs/d26_hist_d26_1.json,skipped_done,0,0.0,/home/hku_user3/EnergyBridge_rl_dr_memory_202607/benchmark_results/2026-07-22_rule_milp_dr_memory_daily_july/household_s5_shared_roommates_irregular_rule_milp_tianjin_d26_hist_d26_1_2025-07-26_1day,/home/hku_user3/EnergyBridge_rl_dr_memory_202607/benchmark_results/2026-07-22_rule_milp_dr_memory_daily_july/_batch_logs/daily_dr_memory_tianjin_1day/household_s5_shared_roommates_irregular_rule_milp_tianjin_d26_hist_d26_1_2025-07-26_1day.log,/home/hku_user3/EnergyBridge_rl_dr_memory_202607/benchmark_results/2026-07-22_rule_milp_dr_memory_daily_july/household_s5_shared_roommates_irregular_rule_milp_tianjin_d26_hist_d26_1_2025-07-26_1day/run_summary.txt,0,73.304908,73.304908,64.154101,1.254877,normalized TOU cost/kWh,/home/hku_user3/EnergyBridge_rl_dr_memory_202607/experiments/real_data/tianjin_tou_price_normalized.csv,0.8635,0.8635,0.0,0.0,1.863,1.0,1.0,"['dishwasher', 'dryer', 'ev', 'washer', 'water_heater']",[],[]
household_s2_multigeneration_caregiver,household_s2_multigeneration_caregiver,no_dr,Germany,1,2025-07-26,d26_hist_d26_1,hist_d26_1,26,/home/hku_user3/EnergyBridge_rl_dr_memory_202607/experiments/real_data/germany_2025_price.csv,16.0,1.0,/home/hku_user3/EnergyBridge_rl_dr_memory_202607/benchmark_results/2026-07-22_rule_milp_dr_memory_daily_july/_batch_logs/daily_event_configs/d26_hist_d26_1.json,skipped_done,0,0.0,/home/hku_user3/EnergyBridge_rl_dr_memory_202607/benchmark_results/2026-07-22_rule_milp_dr_memory_daily_july/household_s2_multigeneration_caregiver_no_dr_germany_d26_hist_d26_1_2025-07-26_1day,/home/hku_user3/EnergyBridge_rl_dr_memory_202607/benchmark_results/2026-07-22_rule_milp_dr_memory_daily_july/_batch_logs/daily_dr_memory_germany_1day/household_s2_multigeneration_caregiver_no_dr_germany_d26_hist_d26_1_2025-07-26_1day.log,/home/hku_user3/EnergyBridge_rl_dr_memory_202607/benchmark_results/2026-07-22_rule_milp_dr_memory_daily_july/household_s2_multigeneration_caregiver_no_dr_germany_d26_hist_d26_1_2025-07-26_1day/run_summary.txt,0,53.098149,53.098149,17.160698,0.093547,EUR/kWh,/home/hku_user3/EnergyBridge_rl_dr_memory_202607/experiments/real_data/germany_2025_price.csv,6.4542,6.4542,1.0,1.0,,0.0,0.8,[],"['dishwasher', 'dryer', 'ev', 'washer', 'water_heater']",[]
household_s1_dual_commuter_standard,household_s1_dual_commuter_standard,no_dr,Germany,1,2025-07-28,d28_hist_d28_1,hist_d28_1,28,/home/hku_user3/EnergyBridge_rl_dr_memory_202607/experiments/real_data/germany_2025_price.csv,16.0,1.0,/home/hku_user3/EnergyBridge_rl_dr_memory_202607/benchmark_results/2026-07-22_rule_milp_dr_memory_daily_july/_batch_logs/daily_event_configs/d28_hist_d28_1.json,skipped_done,0,0.0,/home/hku_user3/EnergyBridge_rl_dr_memory_202607/benchmark_results/2026-07-22_rule_milp_dr_memory_daily_july/household_s1_dual_commuter_standard_no_dr_germany_d28_hist_d28_1_2025-07-28_1day,/home/hku_user3/EnergyBridge_rl_dr_memory_202607/benchmark_results/2026-07-22_rule_milp_dr_memory_daily_july/_batch_logs/daily_dr_memory_germany_1day/household_s1_dual_commuter_standard_no_dr_germany_d28_hist_d28_1_2025-07-28_1day.log,/home/hku_user3/EnergyBridge_rl_dr_memory_202607/benchmark_results/2026-07-22_rule_milp_dr_memory_daily_july/household_s1_dual_commuter_standard_no_dr_germany_d28_hist_d28_1_2025-07-28_1day/run_summary.txt,0,56.325914,56.325914,16.712661,0.090241,EUR/kWh,/home/hku_user3/EnergyBridge_rl_dr_memory_202607/experiments/real_data/germany_2025_price.csv,6.1107,6.1107,1.0,1.0,,0.0,1.0,[],"['dishwasher', 'dryer', 'ev', 'washer', 'water_heater']",[]
household_s4_ev_commuter_flexible,household_s4_ev_commuter_flexible,no_dr,Tianjin,1,2025-07-26,d26_hist_d26_1,hist_d26_1,26,/home/hku_user3/EnergyBridge_rl_dr_memory_202607/experiments/real_data/tianjin_tou_price_normalized.csv,16.0,1.0,/home/hku_user3/EnergyBridge_rl_dr_memory_202607/benchmark_results/2026-07-22_rule_milp_dr_memory_daily_july/_batch_logs/daily_event_configs/d26_hist_d26_1.json,skipped_done,0,0.0,/home/hku_user3/EnergyBridge_rl_dr_memory_202607/benchmark_results/2026-07-22_rule_milp_dr_memory_daily_july/household_s4_ev_commuter_flexible_no_dr_tianjin_d26_hist_d26_1_2025-07-26_1day,/home/hku_user3/EnergyBridge_rl_dr_memory_202607/benchmark_results/2026-07-22_rule_milp_dr_memory_daily_july/_batch_logs/daily_dr_memory_tianjin_1day/household_s4_ev_commuter_flexible_no_dr_tianjin_d26_hist_d26_1_2025-07-26_1day.log,/home/hku_user3/EnergyBridge_rl_dr_memory_202607/benchmark_results/2026-07-22_rule_milp_dr_memory_daily_july/household_s4_ev_commuter_flexible_no_dr_tianjin_d26_hist_d26_1_2025-07-26_1day/run_summary.txt,0,81.947706,81.947706,83.662121,1.23773,normalized TOU cost/kWh,/home/hku_user3/EnergyBridge_rl_dr_memory_202607/experiments/real_data/tianjin_tou_price_normalized.csv,1.9028,1.9028,1.0,1.0,,0.0,1.0,[],"['dishwasher', 'dryer', 'ev', 'washer', 'water_heater']",[]
household_s2_multigeneration_caregiver,household_s2_multigeneration_caregiver,rule_milp,Germany,1,2025-07-27,d27_hist_d27_1,hist_d27_1,27,/home/hku_user3/EnergyBridge_rl_dr_memory_202607/experiments/real_data/germany_2025_price.csv,16.0,1.0,/home/hku_user3/EnergyBridge_rl_dr_memory_202607/benchmark_results/2026-07-22_rule_milp_dr_memory_daily_july/_batch_logs/daily_event_configs/d27_hist_d27_1.json,skipped_done,0,0.0,/home/hku_user3/EnergyBridge_rl_dr_memory_202607/benchmark_results/2026-07-22_rule_milp_dr_memory_daily_july/household_s2_multigeneration_caregiver_rule_milp_germany_d27_hist_d27_1_2025-07-27_1day,/home/hku_user3/EnergyBridge_rl_dr_memory_202607/benchmark_results/2026-07-22_rule_milp_dr_memory_daily_july/_batch_logs/daily_dr_memory_germany_1day/household_s2_multigeneration_caregiver_rule_milp_germany_d27_hist_d27_1_2025-07-27_1day.log,/home/hku_user3/EnergyBridge_rl_dr_memory_202607/benchmark_results/2026-07-22_rule_milp_dr_memory_daily_july/household_s2_multigeneration_caregiver_rule_milp_germany_d27_hist_d27_1_2025-07-27_1day/run_summary.txt,0,49.834582,49.834582,14.564874,0.081689,EUR/kWh,/home/hku_user3/EnergyBridge_rl_dr_memory_202607/experiments/real_data/germany_2025_price.csv,6.1097,6.1097,0.0,0.0,1.902,1.0,1.0,"['dishwasher', 'dryer', 'ev', 'washer', 'water_heater']",[],[]
household_s4_ev_commuter_flexible,household_s4_ev_commuter_flexible,rule_milp,Germany,1,2025-07-26,d26_hist_d26_1,hist_d26_1,26,/home/hku_user3/EnergyBridge_rl_dr_memory_202607/experiments/real_data/germany_2025_price.csv,16.0,1.0,/home/hku_user3/EnergyBridge_rl_dr_memory_202607/benchmark_results/2026-07-22_rule_milp_dr_memory_daily_july/_batch_logs/daily_event_configs/d26_hist_d26_1.json,skipped_done,0,0.0,/home/hku_user3/EnergyBridge_rl_dr_memory_202607/benchmark_results/2026-07-22_rule_milp_dr_memory_daily_july/household_s4_ev_commuter_flexible_rule_milp_germany_d26_hist_d26_1_2025-07-26_1day,/home/hku_user3/EnergyBridge_rl_dr_memory_202607/benchmark_results/2026-07-22_rule_milp_dr_memory_daily_july/_batch_logs/daily_dr_memory_germany_1day/household_s4_ev_commuter_flexible_rule_milp_germany_d26_hist_d26_1_2025-07-26_1day.log,/home/hku_user3/EnergyBridge_rl_dr_memory_202607/benchmark_results/2026-07-22_rule_milp_dr_memory_daily_july/household_s4_ev_commuter_flexible_rule_milp_germany_d26_hist_d26_1_2025-07-26_1day/run_summary.txt,0,69.640377,69.640377,18.123268,0.093537,EUR/kWh,/home/hku_user3/EnergyBridge_rl_dr_memory_202607/experiments/real_data/germany_2025_price.csv,5.6772,5.6772,0.0,0.0,2.0,1.0,1.0,"['dishwasher', 'dryer', 'ev', 'washer', 'water_heater']",[],[]
household_s3_hybrid_work_from_home,household_s3_hybrid_work_from_home,rule_milp,Germany,1,2025-07-27,d27_hist_d27_1,hist_d27_1,27,/home/hku_user3/EnergyBridge_rl_dr_memory_202607/experiments/real_data/germany_2025_price.csv,16.0,1.0,/home/hku_user3/EnergyBridge_rl_dr_memory_202607/benchmark_results/2026-07-22_rule_milp_dr_memory_daily_july/_batch_logs/daily_event_configs/d27_hist_d27_1.json,skipped_done,0,0.0,/home/hku_user3/EnergyBridge_rl_dr_memory_202607/benchmark_results/2026-07-22_rule_milp_dr_memory_daily_july/household_s3_hybrid_work_from_home_rule_milp_germany_d27_hist_d27_1_2025-07-27_1day,/home/hku_user3/EnergyBridge_rl_dr_memory_202607/benchmark_results/2026-07-22_rule_milp_dr_memory_daily_july/_batch_logs/daily_dr_memory_germany_1day/household_s3_hybrid_work_from_home_rule_milp_germany_d27_hist_d27_1_2025-07-27_1day.log,/home/hku_user3/EnergyBridge_rl_dr_memory_202607/benchmark_results/2026-07-22_rule_milp_dr_memory_daily_july/household_s3_hybrid_work_from_home_rule_milp_germany_d27_hist_d27_1_2025-07-27_1day/run_summary.txt,0,53.075727,53.075727,15.133363,0.082309,EUR/kWh,/home/hku_user3/EnergyBridge_rl_dr_memory_202607/experiments/real_data/germany_2025_price.csv,5.9626,5.9626,0.0,0.0,1.983,1.0,1.0,"['dishwasher', 'dryer', 'ev', 'washer', 'water_heater']",[],[]
household_s4_ev_commuter_flexible,household_s4_ev_commuter_flexible,no_dr,Germany,1,2025-07-27,d27_hist_d27_1,hist_d27_1,27,/home/hku_user3/EnergyBridge_rl_dr_memory_202607/experiments/real_data/germany_2025_price.csv,16.0,1.0,/home/hku_user3/EnergyBridge_rl_dr_memory_202607/benchmark_results/2026-07-22_rule_milp_dr_memory_daily_july/_batch_logs/daily_event_configs/d27_hist_d27_1.json,skipped_done,0,0.0,/home/hku_user3/EnergyBridge_rl_dr_memory_202607/benchmark_results/2026-07-22_rule_milp_dr_memory_daily_july/household_s4_ev_commuter_flexible_no_dr_germany_d27_hist_d27_1_2025-07-27_1day,/home/hku_user3/EnergyBridge_rl_dr_memory_202607/benchmark_results/2026-07-22_rule_milp_dr_memory_daily_july/_batch_logs/daily_dr_memory_germany_1day/household_s4_ev_commuter_flexible_no_dr_germany_d27_hist_d27_1_2025-07-27_1day.log,/home/hku_user3/EnergyBridge_rl_dr_memory_202607/benchmark_results/2026-07-22_rule_milp_dr_memory_daily_july/household_s4_ev_commuter_flexible_no_dr_germany_d27_hist_d27_1_2025-07-27_1day/run_summary.txt,0,58.767933,58.767933,16.200483,0.084156,EUR/kWh,/home/hku_user3/EnergyBridge_rl_dr_memory_202607/experiments/real_data/germany_2025_price.csv,6.0144,6.0144,1.0,1.0,,0.0,1.0,[],"['dishwasher', 'dryer', 'ev', 'washer', 'water_heater']",[]
household_s2_multigeneration_caregiver,household_s2_multigeneration_caregiver,rule_milp,Germany,1,2025-07-26,d26_hist_d26_1,hist_d26_1,26,/home/hku_user3/EnergyBridge_rl_dr_memory_202607/experiments/real_data/germany_2025_price.csv,16.0,1.0,/home/hku_user3/EnergyBridge_rl_dr_memory_202607/benchmark_results/2026-07-22_rule_milp_dr_memory_daily_july/_batch_logs/daily_event_configs/d26_hist_d26_1.json,skipped_done,0,0.0,/home/hku_user3/EnergyBridge_rl_dr_memory_202607/benchmark_results/2026-07-22_rule_milp_dr_memory_daily_july/household_s2_multigeneration_caregiver_rule_milp_germany_d26_hist_d26_1_2025-07-26_1day,/home/hku_user3/EnergyBridge_rl_dr_memory_202607/benchmark_results/2026-07-22_rule_milp_dr_memory_daily_july/_batch_logs/daily_dr_memory_germany_1day/household_s2_multigeneration_caregiver_rule_milp_germany_d26_hist_d26_1_2025-07-26_1day.log,/home/hku_user3/EnergyBridge_rl_dr_memory_202607/benchmark_results/2026-07-22_rule_milp_dr_memory_daily_july/household_s2_multigeneration_caregiver_rule_milp_germany_d26_hist_d26_1_2025-07-26_1day/run_summary.txt,0,58.884856,58.884856,16.657311,0.092259,EUR/kWh,/home/hku_user3/EnergyBridge_rl_dr_memory_202607/experiments/real_data/germany_2025_price.csv,6.6992,6.6992,0.0,0.0,1.9,1.0,1.0,"['dishwasher', 'dryer', 'ev', 'washer', 'water_heater']",[],[]
household_s4_ev_commuter_flexible,household_s4_ev_commuter_flexible,no_dr,Tianjin,1,2025-07-27,d27_hist_d27_1,hist_d27_1,27,/home/hku_user3/EnergyBridge_rl_dr_memory_202607/experiments/real_data/tianjin_tou_price_normalized.csv,16.0,1.0,/home/hku_user3/EnergyBridge_rl_dr_memory_202607/benchmark_results/2026-07-22_rule_milp_dr_memory_daily_july/_batch_logs/daily_event_configs/d27_hist_d27_1.json,skipped_done,0,0.0,/home/hku_user3/EnergyBridge_rl_dr_memory_202607/benchmark_results/2026-07-22_rule_milp_dr_memory_daily_july/household_s4_ev_commuter_flexible_no_dr_tianjin_d27_hist_d27_1_2025-07-27_1day,/home/hku_user3/EnergyBridge_rl_dr_memory_202607/benchmark_results/2026-07-22_rule_milp_dr_memory_daily_july/_batch_logs/daily_dr_memory_tianjin_1day/household_s4_ev_commuter_flexible_no_dr_tianjin_d27_hist_d27_1_2025-07-27_1day.log,/home/hku_user3/EnergyBridge_rl_dr_memory_202607/benchmark_results/2026-07-22_rule_milp_dr_memory_daily_july/household_s4_ev_commuter_flexible_no_dr_tianjin_d27_hist_d27_1_2025-07-27_1day/run_summary.txt,0,65.356255,65.356255,68.802355,1.192025,normalized TOU cost/kWh,/home/hku_user3/EnergyBridge_rl_dr_memory_202607/experiments/real_data/tianjin_tou_price_normalized.csv,1.017,1.017,1.0,1.0,,0.0,1.0,[],"['dishwasher', 'dryer', 'ev', 'washer', 'water_heater']",[]
household_s3_hybrid_work_from_home,household_s3_hybrid_work_from_home,rule_milp,Tianjin,1,2025-07-25,d25_hist_d25_1,hist_d25_1,25,/home/hku_user3/EnergyBridge_rl_dr_memory_202607/experiments/real_data/tianjin_tou_price_normalized.csv,20.0,1.0,/home/hku_user3/EnergyBridge_rl_dr_memory_202607/benchmark_results/2026-07-22_rule_milp_dr_memory_daily_july/_batch_logs/daily_event_configs/d25_hist_d25_1.json,skipped_done,0,0.0,/home/hku_user3/EnergyBridge_rl_dr_memory_202607/benchmark_results/2026-07-22_rule_milp_dr_memory_daily_july/household_s3_hybrid_work_from_home_rule_milp_tianjin_d25_hist_d25_1_2025-07-25_1day,/home/hku_user3/EnergyBridge_rl_dr_memory_202607/benchmark_results/2026-07-22_rule_milp_dr_memory_daily_july/_batch_logs/daily_dr_memory_tianjin_1day/household_s3_hybrid_work_from_home_rule_milp_tianjin_d25_hist_d25_1_2025-07-25_1day.log,/home/hku_user3/EnergyBridge_rl_dr_memory_202607/benchmark_results/2026-07-22_rule_milp_dr_memory_daily_july/household_s3_hybrid_work_from_home_rule_milp_tianjin_d25_hist_d25_1_2025-07-25_1day/run_summary.txt,0,70.388438,70.388438,56.209417,1.127197,normalized TOU cost/kWh,/home/hku_user3/EnergyBridge_rl_dr_memory_202607/experiments/real_data/tianjin_tou_price_normalized.csv,2.6958,2.6958,0.0,0.0,1.983,1.0,1.0,"['dishwasher', 'dryer', 'ev', 'washer', 'water_heater']",[],[]
household_s1_dual_commuter_standard,household_s1_dual_commuter_standard,no_dr,Tianjin,1,2025-07-27,d27_hist_d27_1,hist_d27_1,27,/home/hku_user3/EnergyBridge_rl_dr_memory_202607/experiments/real_data/tianjin_tou_price_normalized.csv,16.0,1.0,/home/hku_user3/EnergyBridge_rl_dr_memory_202607/benchmark_results/2026-07-22_rule_milp_dr_memory_daily_july/_batch_logs/daily_event_configs/d27_hist_d27_1.json,skipped_done,0,0.0,/home/hku_user3/EnergyBridge_rl_dr_memory_202607/benchmark_results/2026-07-22_rule_milp_dr_memory_daily_july/household_s1_dual_commuter_standard_no_dr_tianjin_d27_hist_d27_1_2025-07-27_1day,/home/hku_user3/EnergyBridge_rl_dr_memory_202607/benchmark_results/2026-07-22_rule_milp_dr_memory_daily_july/_batch_logs/daily_dr_memory_tianjin_1day/household_s1_dual_commuter_standard_no_dr_tianjin_d27_hist_d27_1_2025-07-27_1day.log,/home/hku_user3/EnergyBridge_rl_dr_memory_202607/benchmark_results/2026-07-22_rule_milp_dr_memory_daily_july/household_s1_dual_commuter_standard_no_dr_tianjin_d27_hist_d27_1_2025-07-27_1day/run_summary.txt,0,61.275095,61.275095,64.721196,1.206635,normalized TOU cost/kWh,/home/hku_user3/EnergyBridge_rl_dr_memory_202607/experiments/real_data/tianjin_tou_price_normalized.csv,1.017,1.017,1.0,1.0,,0.0,1.0,[],"['dishwasher', 'dryer', 'ev', 'washer', 'water_heater']",[]
household_s2_multigeneration_caregiver,household_s2_multigeneration_caregiver,no_dr,Tianjin,1,2025-07-27,d27_hist_d27_1,hist_d27_1,27,/home/hku_user3/EnergyBridge_rl_dr_memory_202607/experiments/real_data/tianjin_tou_price_normalized.csv,16.0,1.0,/home/hku_user3/EnergyBridge_rl_dr_memory_202607/benchmark_results/2026-07-22_rule_milp_dr_memory_daily_july/_batch_logs/daily_event_configs/d27_hist_d27_1.json,skipped_done,0,0.0,/home/hku_user3/EnergyBridge_rl_dr_memory_202607/benchmark_results/2026-07-22_rule_milp_dr_memory_daily_july/household_s2_multigeneration_caregiver_no_dr_tianjin_d27_hist_d27_1_2025-07-27_1day,/home/hku_user3/EnergyBridge_rl_dr_memory_202607/benchmark_results/2026-07-22_rule_milp_dr_memory_daily_july/_batch_logs/daily_dr_memory_tianjin_1day/household_s2_multigeneration_caregiver_no_dr_tianjin_d27_hist_d27_1_2025-07-27_1day.log,/home/hku_user3/EnergyBridge_rl_dr_memory_202607/benchmark_results/2026-07-22_rule_milp_dr_memory_daily_july/household_s2_multigeneration_caregiver_no_dr_tianjin_d27_hist_d27_1_2025-07-27_1day/run_summary.txt,0,54.837773,54.837773,57.54808,1.259465,normalized TOU cost/kWh,/home/hku_user3/EnergyBridge_rl_dr_memory_202607/experiments/real_data/tianjin_tou_price_normalized.csv,1.1663,1.1663,1.0,1.0,,0.0,0.8,[],"['dishwasher', 'dryer', 'ev', 'washer', 'water_heater']",[]
household_s5_shared_roommates_irregular,household_s5_shared_roommates_irregular,no_dr,Tianjin,1,2025-07-26,d26_hist_d26_1,hist_d26_1,26,/home/hku_user3/EnergyBridge_rl_dr_memory_202607/experiments/real_data/tianjin_tou_price_normalized.csv,16.0,1.0,/home/hku_user3/EnergyBridge_rl_dr_memory_202607/benchmark_results/2026-07-22_rule_milp_dr_memory_daily_july/_batch_logs/daily_event_configs/d26_hist_d26_1.json,skipped_done,0,0.0,/home/hku_user3/EnergyBridge_rl_dr_memory_202607/benchmark_results/2026-07-22_rule_milp_dr_memory_daily_july/household_s5_shared_roommates_irregular_no_dr_tianjin_d26_hist_d26_1_2025-07-26_1day,/home/hku_user3/EnergyBridge_rl_dr_memory_202607/benchmark_results/2026-07-22_rule_milp_dr_memory_daily_july/_batch_logs/daily_dr_memory_tianjin_1day/household_s5_shared_roommates_irregular_no_dr_tianjin_d26_hist_d26_1_2025-07-26_1day.log,/home/hku_user3/EnergyBridge_rl_dr_memory_202607/benchmark_results/2026-07-22_rule_milp_dr_memory_daily_july/household_s5_shared_roommates_irregular_no_dr_tianjin_d26_hist_d26_1_2025-07-26_1day/run_summary.txt,0,73.785387,73.785387,75.499803,1.270381,normalized TOU cost/kWh,/home/hku_user3/EnergyBridge_rl_dr_memory_202607/experiments/real_data/tianjin_tou_price_normalized.csv,1.9028,1.9028,1.0,1.0,,0.0,0.8,[],"['dishwasher', 'dryer', 'ev', 'washer', 'water_heater']",[]
household_s4_ev_commuter_flexible,household_s4_ev_commuter_flexible,rule_milp,Germany,1,2025-07-27,d27_hist_d27_1,hist_d27_1,27,/home/hku_user3/EnergyBridge_rl_dr_memory_202607/experiments/real_data/germany_2025_price.csv,16.0,1.0,/home/hku_user3/EnergyBridge_rl_dr_memory_202607/benchmark_results/2026-07-22_rule_milp_dr_memory_daily_july/_batch_logs/daily_event_configs/d27_hist_d27_1.json,skipped_done,0,0.0,/home/hku_user3/EnergyBridge_rl_dr_memory_202607/benchmark_results/2026-07-22_rule_milp_dr_memory_daily_july/household_s4_ev_commuter_flexible_rule_milp_germany_d27_hist_d27_1_2025-07-27_1day,/home/hku_user3/EnergyBridge_rl_dr_memory_202607/benchmark_results/2026-07-22_rule_milp_dr_memory_daily_july/_batch_logs/daily_dr_memory_germany_1day/household_s4_ev_commuter_flexible_rule_milp_germany_d27_hist_d27_1_2025-07-27_1day.log,/home/hku_user3/EnergyBridge_rl_dr_memory_202607/benchmark_results/2026-07-22_rule_milp_dr_memory_daily_july/household_s4_ev_commuter_flexible_rule_milp_germany_d27_hist_d27_1_2025-07-27_1day/run_summary.txt,0,58.675947,58.675947,15.941748,0.083085,EUR/kWh,/home/hku_user3/EnergyBridge_rl_dr_memory_202607/experiments/real_data/germany_2025_price.csv,5.6772,5.6772,0.0,0.0,2.0,1.0,1.0,"['dishwasher', 'dryer', 'ev', 'washer', 'water_heater']",[],[]
household_s5_shared_roommates_irregular,household_s5_shared_roommates_irregular,no_dr,Tianjin,1,2025-07-27,d27_hist_d27_1,hist_d27_1,27,/home/hku_user3/EnergyBridge_rl_dr_memory_202607/experiments/real_data/tianjin_tou_price_normalized.csv,16.0,1.0,/home/hku_user3/EnergyBridge_rl_dr_memory_202607/benchmark_results/2026-07-22_rule_milp_dr_memory_daily_july/_batch_logs/daily_event_configs/d27_hist_d27_1.json,skipped_done,0,0.0,/home/hku_user3/EnergyBridge_rl_dr_memory_202607/benchmark_results/2026-07-22_rule_milp_dr_memory_daily_july/household_s5_shared_roommates_irregular_no_dr_tianjin_d27_hist_d27_1_2025-07-27_1day,/home/hku_user3/EnergyBridge_rl_dr_memory_202607/benchmark_results/2026-07-22_rule_milp_dr_memory_daily_july/_batch_logs/daily_dr_memory_tianjin_1day/household_s5_shared_roommates_irregular_no_dr_tianjin_d27_hist_d27_1_2025-07-27_1day.log,/home/hku_user3/EnergyBridge_rl_dr_memory_202607/benchmark_results/2026-07-22_rule_milp_dr_memory_daily_july/household_s5_shared_roommates_irregular_no_dr_tianjin_d27_hist_d27_1_2025-07-27_1day/run_summary.txt,0,57.193936,57.193936,60.640036,1.223652,normalized TOU cost/kWh,/home/hku_user3/EnergyBridge_rl_dr_memory_202607/experiments/real_data/tianjin_tou_price_normalized.csv,1.017,1.017,1.0,1.0,,0.0,0.8,[],"['dishwasher', 'dryer', 'ev', 'washer', 'water_heater']",[]
household_s5_shared_roommates_irregular,household_s5_shared_roommates_irregular,rule_milp,Germany,1,2025-07-27,d27_hist_d27_1,hist_d27_1,27,/home/hku_user3/EnergyBridge_rl_dr_memory_202607/experiments/real_data/germany_2025_price.csv,16.0,1.0,/home/hku_user3/EnergyBridge_rl_dr_memory_202607/benchmark_results/2026-07-22_rule_milp_dr_memory_daily_july/_batch_logs/daily_event_configs/d27_hist_d27_1.json,skipped_done,0,0.0,/home/hku_user3/EnergyBridge_rl_dr_memory_202607/benchmark_results/2026-07-22_rule_milp_dr_memory_daily_july/household_s5_shared_roommates_irregular_rule_milp_germany_d27_hist_d27_1_2025-07-27_1day,/home/hku_user3/EnergyBridge_rl_dr_memory_202607/benchmark_results/2026-07-22_rule_milp_dr_memory_daily_july/_batch_logs/daily_dr_memory_germany_1day/household_s5_shared_roommates_irregular_rule_milp_germany_d27_hist_d27_1_2025-07-27_1day.log,/home/hku_user3/EnergyBridge_rl_dr_memory_202607/benchmark_results/2026-07-22_rule_milp_dr_memory_daily_july/household_s5_shared_roommates_irregular_rule_milp_germany_d27_hist_d27_1_2025-07-27_1day/run_summary.txt,0,50.513628,50.513628,15.160251,0.082522,EUR/kWh,/home/hku_user3/EnergyBridge_rl_dr_memory_202607/experiments/real_data/germany_2025_price.csv,5.6772,5.6772,0.0,0.0,1.863,1.0,1.0,"['dishwasher', 'dryer', 'ev', 'washer', 'water_heater']",[],[]
household_s3_hybrid_work_from_home,household_s3_hybrid_work_from_home,rule_milp,Germany,1,2025-07-26,d26_hist_d26_1,hist_d26_1,26,/home/hku_user3/EnergyBridge_rl_dr_memory_202607/experiments/real_data/germany_2025_price.csv,16.0,1.0,/home/hku_user3/EnergyBridge_rl_dr_memory_202607/benchmark_results/2026-07-22_rule_milp_dr_memory_daily_july/_batch_logs/daily_event_configs/d26_hist_d26_1.json,skipped_done,0,0.0,/home/hku_user3/EnergyBridge_rl_dr_memory_202607/benchmark_results/2026-07-22_rule_milp_dr_memory_daily_july/household_s3_hybrid_work_from_home_rule_milp_germany_d26_hist_d26_1_2025-07-26_1day,/home/hku_user3/EnergyBridge_rl_dr_memory_202607/benchmark_results/2026-07-22_rule_milp_dr_memory_daily_july/_batch_logs/daily_dr_memory_germany_1day/household_s3_hybrid_work_from_home_rule_milp_germany_d26_hist_d26_1_2025-07-26_1day.log,/home/hku_user3/EnergyBridge_rl_dr_memory_202607/benchmark_results/2026-07-22_rule_milp_dr_memory_daily_july/household_s3_hybrid_work_from_home_rule_milp_germany_d26_hist_d26_1_2025-07-26_1day/run_summary.txt,0,59.846885,59.846885,17.239565,0.092869,EUR/kWh,/home/hku_user3/EnergyBridge_rl_dr_memory_202607/experiments/real_data/germany_2025_price.csv,6.5144,6.5144,0.0,0.0,1.983,1.0,1.0,"['dishwasher', 'dryer', 'ev', 'washer', 'water_heater']",[],[]
household_s2_multigeneration_caregiver,household_s2_multigeneration_caregiver,no_dr,Germany,1,2025-07-28,d28_hist_d28_1,hist_d28_1,28,/home/hku_user3/EnergyBridge_rl_dr_memory_202607/experiments/real_data/germany_2025_price.csv,16.0,1.0,/home/hku_user3/EnergyBridge_rl_dr_memory_202607/benchmark_results/2026-07-22_rule_milp_dr_memory_daily_july/_batch_logs/daily_event_configs/d28_hist_d28_1.json,skipped_done,0,0.0,/home/hku_user3/EnergyBridge_rl_dr_memory_202607/benchmark_results/2026-07-22_rule_milp_dr_memory_daily_july/household_s2_multigeneration_caregiver_no_dr_germany_d28_hist_d28_1_2025-07-28_1day,/home/hku_user3/EnergyBridge_rl_dr_memory_202607/benchmark_results/2026-07-22_rule_milp_dr_memory_daily_july/_batch_logs/daily_dr_memory_germany_1day/household_s2_multigeneration_caregiver_no_dr_germany_d28_hist_d28_1_2025-07-28_1day.log,/home/hku_user3/EnergyBridge_rl_dr_memory_202607/benchmark_results/2026-07-22_rule_milp_dr_memory_daily_july/household_s2_multigeneration_caregiver_no_dr_germany_d28_hist_d28_1_2025-07-28_1day/run_summary.txt,0,49.773488,49.773488,16.074122,0.090202,EUR/kWh,/home/hku_user3/EnergyBridge_rl_dr_memory_202607/experiments/real_data/germany_2025_price.csv,6.0796,6.0796,1.0,1.0,,0.0,0.8,[],"['dishwasher', 'dryer', 'ev', 'washer', 'water_heater']",[]
household_s5_shared_roommates_irregular,household_s5_shared_roommates_irregular,no_dr,Germany,1,2025-07-27,d27_hist_d27_1,hist_d27_1,27,/home/hku_user3/EnergyBridge_rl_dr_memory_202607/experiments/real_data/germany_2025_price.csv,16.0,1.0,/home/hku_user3/EnergyBridge_rl_dr_memory_202607/benchmark_results/2026-07-22_rule_milp_dr_memory_daily_july/_batch_logs/daily_event_configs/d27_hist_d27_1.json,skipped_done,0,0.0,/home/hku_user3/EnergyBridge_rl_dr_memory_202607/benchmark_results/2026-07-22_rule_milp_dr_memory_daily_july/household_s5_shared_roommates_irregular_no_dr_germany_d27_hist_d27_1_2025-07-27_1day,/home/hku_user3/EnergyBridge_rl_dr_memory_202607/benchmark_results/2026-07-22_rule_milp_dr_memory_daily_july/_batch_logs/daily_dr_memory_germany_1day/household_s5_shared_roommates_irregular_no_dr_germany_d27_hist_d27_1_2025-07-27_1day.log,/home/hku_user3/EnergyBridge_rl_dr_memory_202607/benchmark_results/2026-07-22_rule_milp_dr_memory_daily_july/household_s5_shared_roommates_irregular_no_dr_germany_d27_hist_d27_1_2025-07-27_1day/run_summary.txt,0,50.605614,50.605614,15.41841,0.08364,EUR/kWh,/home/hku_user3/EnergyBridge_rl_dr_memory_202607/experiments/real_data/germany_2025_price.csv,6.0144,6.0144,1.0,1.0,,0.0,0.8,[],"['dishwasher', 'dryer', 'ev', 'washer', 'water_heater']",[]
household_s3_hybrid_work_from_home,household_s3_hybrid_work_from_home,rule_milp,Tianjin,1,2025-07-27,d27_hist_d27_1,hist_d27_1,27,/home/hku_user3/EnergyBridge_rl_dr_memory_202607/experiments/real_data/tianjin_tou_price_normalized.csv,16.0,1.0,/home/hku_user3/EnergyBridge_rl_dr_memory_202607/benchmark_results/2026-07-22_rule_milp_dr_memory_daily_july/_batch_logs/daily_event_configs/d27_hist_d27_1.json,skipped_done,0,0.0,/home/hku_user3/EnergyBridge_rl_dr_memory_202607/benchmark_results/2026-07-22_rule_milp_dr_memory_daily_july/household_s3_hybrid_work_from_home_rule_milp_tianjin_d27_hist_d27_1_2025-07-27_1day,/home/hku_user3/EnergyBridge_rl_dr_memory_202607/benchmark_results/2026-07-22_rule_milp_dr_memory_daily_july/_batch_logs/daily_dr_memory_tianjin_1day/household_s3_hybrid_work_from_home_rule_milp_tianjin_d27_hist_d27_1_2025-07-27_1day.log,/home/hku_user3/EnergyBridge_rl_dr_memory_202607/benchmark_results/2026-07-22_rule_milp_dr_memory_daily_july/household_s3_hybrid_work_from_home_rule_milp_tianjin_d27_hist_d27_1_2025-07-27_1day/run_summary.txt,0,57.468861,57.468861,54.940998,1.184437,normalized TOU cost/kWh,/home/hku_user3/EnergyBridge_rl_dr_memory_202607/experiments/real_data/tianjin_tou_price_normalized.csv,1.1319,1.1319,0.0,0.0,1.983,1.0,1.0,"['dishwasher', 'dryer', 'ev', 'washer', 'water_heater']",[],[]
household_s1_dual_commuter_standard,household_s1_dual_commuter_standard,no_dr,Germany,1,2025-07-27,d27_hist_d27_1,hist_d27_1,27,/home/hku_user3/EnergyBridge_rl_dr_memory_202607/experiments/real_data/germany_2025_price.csv,16.0,1.0,/home/hku_user3/EnergyBridge_rl_dr_memory_202607/benchmark_results/2026-07-22_rule_milp_dr_memory_daily_july/_batch_logs/daily_event_configs/d27_hist_d27_1.json,skipped_done,0,0.0,/home/hku_user3/EnergyBridge_rl_dr_memory_202607/benchmark_results/2026-07-22_rule_milp_dr_memory_daily_july/household_s1_dual_commuter_standard_no_dr_germany_d27_hist_d27_1_2025-07-27_1day,/home/hku_user3/EnergyBridge_rl_dr_memory_202607/benchmark_results/2026-07-22_rule_milp_dr_memory_daily_july/_batch_logs/daily_dr_memory_germany_1day/household_s1_dual_commuter_standard_no_dr_germany_d27_hist_d27_1_2025-07-27_1day.log,/home/hku_user3/EnergyBridge_rl_dr_memory_202607/benchmark_results/2026-07-22_rule_milp_dr_memory_daily_july/household_s1_dual_commuter_standard_no_dr_germany_d27_hist_d27_1_2025-07-27_1day/run_summary.txt,0,54.686774,54.686774,15.809447,0.083903,EUR/kWh,/home/hku_user3/EnergyBridge_rl_dr_memory_202607/experiments/real_data/germany_2025_price.csv,6.0144,6.0144,1.0,1.0,,0.0,1.0,[],"['dishwasher', 'dryer', 'ev', 'washer', 'water_heater']",[]
household_s1_dual_commuter_standard,household_s1_dual_commuter_standard,rule_milp,Germany,1,2025-07-28,d28_hist_d28_1,hist_d28_1,28,/home/hku_user3/EnergyBridge_rl_dr_memory_202607/experiments/real_data/germany_2025_price.csv,16.0,1.0,/home/hku_user3/EnergyBridge_rl_dr_memory_202607/benchmark_results/2026-07-22_rule_milp_dr_memory_daily_july/_batch_logs/daily_event_configs/d28_hist_d28_1.json,skipped_done,0,0.0,/home/hku_user3/EnergyBridge_rl_dr_memory_202607/benchmark_results/2026-07-22_rule_milp_dr_memory_daily_july/household_s1_dual_commuter_standard_rule_milp_germany_d28_hist_d28_1_2025-07-28_1day,/home/hku_user3/EnergyBridge_rl_dr_memory_202607/benchmark_results/2026-07-22_rule_milp_dr_memory_daily_july/_batch_logs/daily_dr_memory_germany_1day/household_s1_dual_commuter_standard_rule_milp_germany_d28_hist_d28_1_2025-07-28_1day.log,/home/hku_user3/EnergyBridge_rl_dr_memory_202607/benchmark_results/2026-07-22_rule_milp_dr_memory_daily_july/household_s1_dual_commuter_standard_rule_milp_germany_d28_hist_d28_1_2025-07-28_1day/run_summary.txt,0,57.51878,57.51878,16.487598,0.089549,EUR/kWh,/home/hku_user3/EnergyBridge_rl_dr_memory_202607/experiments/real_data/germany_2025_price.csv,5.6772,5.6772,0.0,0.0,1.962,1.0,1.0,"['dishwasher', 'dryer', 'ev', 'washer', 'water_heater']",[],[]
household_s3_hybrid_work_from_home,household_s3_hybrid_work_from_home,no_dr,Germany,1,2025-07-28,d28_hist_d28_1,hist_d28_1,28,/home/hku_user3/EnergyBridge_rl_dr_memory_202607/experiments/real_data/germany_2025_price.csv,16.0,1.0,/home/hku_user3/EnergyBridge_rl_dr_memory_202607/benchmark_results/2026-07-22_rule_milp_dr_memory_daily_july/_batch_logs/daily_event_configs/d28_hist_d28_1.json,skipped_done,0,0.0,/home/hku_user3/EnergyBridge_rl_dr_memory_202607/benchmark_results/2026-07-22_rule_milp_dr_memory_daily_july/household_s3_hybrid_work_from_home_no_dr_germany_d28_hist_d28_1_2025-07-28_1day,/home/hku_user3/EnergyBridge_rl_dr_memory_202607/benchmark_results/2026-07-22_rule_milp_dr_memory_daily_july/_batch_logs/daily_dr_memory_germany_1day/household_s3_hybrid_work_from_home_no_dr_germany_d28_hist_d28_1_2025-07-28_1day.log,/home/hku_user3/EnergyBridge_rl_dr_memory_202607/benchmark_results/2026-07-22_rule_milp_dr_memory_daily_july/household_s3_hybrid_work_from_home_no_dr_germany_d28_hist_d28_1_2025-07-28_1day/run_summary.txt,0,52.479862,52.479862,16.319472,0.090196,EUR/kWh,/home/hku_user3/EnergyBridge_rl_dr_memory_202607/experiments/real_data/germany_2025_price.csv,6.047,6.047,1.0,1.0,,0.0,0.8,[],"['dishwasher', 'dryer', 'ev', 'washer', 'water_heater']",[]
household_s4_ev_commuter_flexible,household_s4_ev_commuter_flexible,rule_milp,Tianjin,1,2025-07-27,d27_hist_d27_1,hist_d27_1,27,/home/hku_user3/EnergyBridge_rl_dr_memory_202607/experiments/real_data/tianjin_tou_price_normalized.csv,16.0,1.0,/home/hku_user3/EnergyBridge_rl_dr_memory_202607/benchmark_results/2026-07-22_rule_milp_dr_memory_daily_july/_batch_logs/daily_event_configs/d27_hist_d27_1.json,skipped_done,0,0.0,/home/hku_user3/EnergyBridge_rl_dr_memory_202607/benchmark_results/2026-07-22_rule_milp_dr_memory_daily_july/household_s4_ev_commuter_flexible_rule_milp_tianjin_d27_hist_d27_1_2025-07-27_1day,/home/hku_user3/EnergyBridge_rl_dr_memory_202607/benchmark_results/2026-07-22_rule_milp_dr_memory_daily_july/_batch_logs/daily_dr_memory_tianjin_1day/household_s4_ev_commuter_flexible_rule_milp_tianjin_d27_hist_d27_1_2025-07-27_1day.log,/home/hku_user3/EnergyBridge_rl_dr_memory_202607/benchmark_results/2026-07-22_rule_milp_dr_memory_daily_july/household_s4_ev_commuter_flexible_rule_milp_tianjin_d27_hist_d27_1_2025-07-27_1day/run_summary.txt,0,58.676413,58.676413,61.124497,1.13458,normalized TOU cost/kWh,/home/hku_user3/EnergyBridge_rl_dr_memory_202607/experiments/real_data/tianjin_tou_price_normalized.csv,0.8643,0.8643,0.0,0.0,2.0,1.0,1.0,"['dishwasher', 'dryer', 'ev', 'washer', 'water_heater']",[],[]
household_s5_shared_roommates_irregular,household_s5_shared_roommates_irregular,no_dr,Germany,1,2025-07-28,d28_hist_d28_1,hist_d28_1,28,/home/hku_user3/EnergyBridge_rl_dr_memory_202607/experiments/real_data/germany_2025_price.csv,16.0,1.0,/home/hku_user3/EnergyBridge_rl_dr_memory_202607/benchmark_results/2026-07-22_rule_milp_dr_memory_daily_july/_batch_logs/daily_event_configs/d28_hist_d28_1.json,skipped_done,0,0.0,/home/hku_user3/EnergyBridge_rl_dr_memory_202607/benchmark_results/2026-07-22_rule_milp_dr_memory_daily_july/household_s5_shared_roommates_irregular_no_dr_germany_d28_hist_d28_1_2025-07-28_1day,/home/hku_user3/EnergyBridge_rl_dr_memory_202607/benchmark_results/2026-07-22_rule_milp_dr_memory_daily_july/_batch_logs/daily_dr_memory_germany_1day/household_s5_shared_roommates_irregular_no_dr_germany_d28_hist_d28_1_2025-07-28_1day.log,/home/hku_user3/EnergyBridge_rl_dr_memory_202607/benchmark_results/2026-07-22_rule_milp_dr_memory_daily_july/household_s5_shared_roommates_irregular_no_dr_germany_d28_hist_d28_1_2025-07-28_1day/run_summary.txt,0,52.244755,52.244755,16.33304,0.090178,EUR/kWh,/home/hku_user3/EnergyBridge_rl_dr_memory_202607/experiments/real_data/germany_2025_price.csv,6.1107,6.1107,1.0,1.0,,0.0,0.8,[],"['dishwasher', 'dryer', 'ev', 'washer', 'water_heater']",[]
household_s5_shared_roommates_irregular,household_s5_shared_roommates_irregular,rule_milp,Tianjin,1,2025-07-27,d27_hist_d27_1,hist_d27_1,27,/home/hku_user3/EnergyBridge_rl_dr_memory_202607/experiments/real_data/tianjin_tou_price_normalized.csv,16.0,1.0,/home/hku_user3/EnergyBridge_rl_dr_memory_202607/benchmark_results/2026-07-22_rule_milp_dr_memory_daily_july/_batch_logs/daily_event_configs/d27_hist_d27_1.json,skipped_done,0,0.0,/home/hku_user3/EnergyBridge_rl_dr_memory_202607/benchmark_results/2026-07-22_rule_milp_dr_memory_daily_july/household_s5_shared_roommates_irregular_rule_milp_tianjin_d27_hist_d27_1_2025-07-27_1day,/home/hku_user3/EnergyBridge_rl_dr_memory_202607/benchmark_results/2026-07-22_rule_milp_dr_memory_daily_july/_batch_logs/daily_dr_memory_tianjin_1day/household_s5_shared_roommates_irregular_rule_milp_tianjin_d27_hist_d27_1_2025-07-27_1day.log,/home/hku_user3/EnergyBridge_rl_dr_memory_202607/benchmark_results/2026-07-22_rule_milp_dr_memory_daily_july/household_s5_shared_roommates_irregular_rule_milp_tianjin_d27_hist_d27_1_2025-07-27_1day/run_summary.txt,0,50.514094,50.514094,52.962178,1.158611,normalized TOU cost/kWh,/home/hku_user3/EnergyBridge_rl_dr_memory_202607/experiments/real_data/tianjin_tou_price_normalized.csv,0.8643,0.8643,0.0,0.0,1.863,1.0,1.0,"['dishwasher', 'dryer', 'ev', 'washer', 'water_heater']",[],[]
household_s5_shared_roommates_irregular,household_s5_shared_roommates_irregular,rule_milp,Tianjin,1,2025-07-28,d28_hist_d28_1,hist_d28_1,28,/home/hku_user3/EnergyBridge_rl_dr_memory_202607/experiments/real_data/tianjin_tou_price_normalized.csv,16.0,1.0,/home/hku_user3/EnergyBridge_rl_dr_memory_202607/benchmark_results/2026-07-22_rule_milp_dr_memory_daily_july/_batch_logs/daily_event_configs/d28_hist_d28_1.json,skipped_done,0,0.0,/home/hku_user3/EnergyBridge_rl_dr_memory_202607/benchmark_results/2026-07-22_rule_milp_dr_memory_daily_july/household_s5_shared_roommates_irregular_rule_milp_tianjin_d28_hist_d28_1_2025-07-28_1day,/home/hku_user3/EnergyBridge_rl_dr_memory_202607/benchmark_results/2026-07-22_rule_milp_dr_memory_daily_july/_batch_logs/daily_dr_memory_tianjin_1day/household_s5_shared_roommates_irregular_rule_milp_tianjin_d28_hist_d28_1_2025-07-28_1day.log,/home/hku_user3/EnergyBridge_rl_dr_memory_202607/benchmark_results/2026-07-22_rule_milp_dr_memory_daily_july/household_s5_shared_roommates_irregular_rule_milp_tianjin_d28_hist_d28_1_2025-07-28_1day/run_summary.txt,0,75.62309,75.62309,69.127942,1.183163,normalized TOU cost/kWh,/home/hku_user3/EnergyBridge_rl_dr_memory_202607/experiments/real_data/tianjin_tou_price_normalized.csv,0.8613,0.8613,0.0,0.0,1.863,1.0,1.0,"['dishwasher', 'dryer', 'ev', 'washer', 'water_heater']",[],[]
household_s1_dual_commuter_standard,household_s1_dual_commuter_standard,no_dr,Tianjin,1,2025-07-28,d28_hist_d28_1,hist_d28_1,28,/home/hku_user3/EnergyBridge_rl_dr_memory_202607/experiments/real_data/tianjin_tou_price_normalized.csv,16.0,1.0,/home/hku_user3/EnergyBridge_rl_dr_memory_202607/benchmark_results/2026-07-22_rule_milp_dr_memory_daily_july/_batch_logs/daily_event_configs/d28_hist_d28_1.json,skipped_done,0,0.0,/home/hku_user3/EnergyBridge_rl_dr_memory_202607/benchmark_results/2026-07-22_rule_milp_dr_memory_daily_july/household_s1_dual_commuter_standard_no_dr_tianjin_d28_hist_d28_1_2025-07-28_1day,/home/hku_user3/EnergyBridge_rl_dr_memory_202607/benchmark_results/2026-07-22_rule_milp_dr_memory_daily_july/_batch_logs/daily_dr_memory_tianjin_1day/household_s1_dual_commuter_standard_no_dr_tianjin_d28_hist_d28_1_2025-07-28_1day.log,/home/hku_user3/EnergyBridge_rl_dr_memory_202607/benchmark_results/2026-07-22_rule_milp_dr_memory_daily_july/household_s1_dual_commuter_standard_no_dr_tianjin_d28_hist_d28_1_2025-07-28_1day/run_summary.txt,0,80.481742,80.481742,86.822429,1.173672,normalized TOU cost/kWh,/home/hku_user3/EnergyBridge_rl_dr_memory_202607/experiments/real_data/tianjin_tou_price_normalized.csv,2.5354,2.5354,1.0,1.0,,0.0,1.0,[],"['dishwasher', 'dryer', 'ev', 'washer', 'water_heater']",[]
household_s3_hybrid_work_from_home,household_s3_hybrid_work_from_home,rule_milp,Tianjin,1,2025-07-28,d28_hist_d28_1,hist_d28_1,28,/home/hku_user3/EnergyBridge_rl_dr_memory_202607/experiments/real_data/tianjin_tou_price_normalized.csv,16.0,1.0,/home/hku_user3/EnergyBridge_rl_dr_memory_202607/benchmark_results/2026-07-22_rule_milp_dr_memory_daily_july/_batch_logs/daily_event_configs/d28_hist_d28_1.json,skipped_done,0,0.0,/home/hku_user3/EnergyBridge_rl_dr_memory_202607/benchmark_results/2026-07-22_rule_milp_dr_memory_daily_july/household_s3_hybrid_work_from_home_rule_milp_tianjin_d28_hist_d28_1_2025-07-28_1day,/home/hku_user3/EnergyBridge_rl_dr_memory_202607/benchmark_results/2026-07-22_rule_milp_dr_memory_daily_july/_batch_logs/daily_dr_memory_tianjin_1day/household_s3_hybrid_work_from_home_rule_milp_tianjin_d28_hist_d28_1_2025-07-28_1day.log,/home/hku_user3/EnergyBridge_rl_dr_memory_202607/benchmark_results/2026-07-22_rule_milp_dr_memory_daily_july/household_s3_hybrid_work_from_home_rule_milp_tianjin_d28_hist_d28_1_2025-07-28_1day/run_summary.txt,0,81.107466,81.107466,75.395038,1.214345,normalized TOU cost/kWh,/home/hku_user3/EnergyBridge_rl_dr_memory_202607/experiments/real_data/tianjin_tou_price_normalized.csv,2.7147,2.7147,0.0,0.0,1.983,1.0,1.0,"['dishwasher', 'dryer', 'ev', 'washer', 'water_heater']",[],[]
household_s4_ev_commuter_flexible,household_s4_ev_commuter_flexible,no_dr,Germany,1,2025-07-29,d29_hist_d29_1,hist_d29_1,29,/home/hku_user3/EnergyBridge_rl_dr_memory_202607/experiments/real_data/germany_2025_price.csv,20.0,1.0,/home/hku_user3/EnergyBridge_rl_dr_memory_202607/benchmark_results/2026-07-22_rule_milp_dr_memory_daily_july/_batch_logs/daily_event_configs/d29_hist_d29_1.json,skipped_done,0,0.0,/home/hku_user3/EnergyBridge_rl_dr_memory_202607/benchmark_results/2026-07-22_rule_milp_dr_memory_daily_july/household_s4_ev_commuter_flexible_no_dr_germany_d29_hist_d29_1_2025-07-29_1day,/home/hku_user3/EnergyBridge_rl_dr_memory_202607/benchmark_results/2026-07-22_rule_milp_dr_memory_daily_july/_batch_logs/daily_dr_memory_germany_1day/household_s4_ev_commuter_flexible_no_dr_germany_d29_hist_d29_1_2025-07-29_1day.log,/home/hku_user3/EnergyBridge_rl_dr_memory_202607/benchmark_results/2026-07-22_rule_milp_dr_memory_daily_july/household_s4_ev_commuter_flexible_no_dr_germany_d29_hist_d29_1_2025-07-29_1day/run_summary.txt,0,58.342121,58.342121,15.936422,0.083218,EUR/kWh,/home/hku_user3/EnergyBridge_rl_dr_memory_202607/experiments/real_data/germany_2025_price.csv,13.0426,13.0426,1.0,1.0,,0.0,0.8,[],"['dishwasher', 'dryer', 'ev', 'washer', 'water_heater']",[]
household_s2_multigeneration_caregiver,household_s2_multigeneration_caregiver,rule_milp,Tianjin,1,2025-07-27,d27_hist_d27_1,hist_d27_1,27,/home/hku_user3/EnergyBridge_rl_dr_memory_202607/experiments/real_data/tianjin_tou_price_normalized.csv,16.0,1.0,/home/hku_user3/EnergyBridge_rl_dr_memory_202607/benchmark_results/2026-07-22_rule_milp_dr_memory_daily_july/_batch_logs/daily_event_configs/d27_hist_d27_1.json,skipped_done,0,0.0,/home/hku_user3/EnergyBridge_rl_dr_memory_202607/benchmark_results/2026-07-22_rule_milp_dr_memory_daily_july/household_s2_multigeneration_caregiver_rule_milp_tianjin_d27_hist_d27_1_2025-07-27_1day,/home/hku_user3/EnergyBridge_rl_dr_memory_202607/benchmark_results/2026-07-22_rule_milp_dr_memory_daily_july/_batch_logs/daily_dr_memory_tianjin_1day/household_s2_multigeneration_caregiver_rule_milp_tianjin_d27_hist_d27_1_2025-07-27_1day.log,/home/hku_user3/EnergyBridge_rl_dr_memory_202607/benchmark_results/2026-07-22_rule_milp_dr_memory_daily_july/household_s2_multigeneration_caregiver_rule_milp_tianjin_d27_hist_d27_1_2025-07-27_1day/run_summary.txt,0,53.538567,53.538567,52.198293,1.203395,normalized TOU cost/kWh,/home/hku_user3/EnergyBridge_rl_dr_memory_202607/experiments/real_data/tianjin_tou_price_normalized.csv,0.5249,0.5249,0.0,0.0,1.9,1.0,1.0,"['dishwasher', 'dryer', 'ev', 'washer', 'water_heater']",[],[]
household_s1_dual_commuter_standard,household_s1_dual_commuter_standard,rule_milp,Tianjin,1,2025-07-28,d28_hist_d28_1,hist_d28_1,28,/home/hku_user3/EnergyBridge_rl_dr_memory_202607/experiments/real_data/tianjin_tou_price_normalized.csv,16.0,1.0,/home/hku_user3/EnergyBridge_rl_dr_memory_202607/benchmark_results/2026-07-22_rule_milp_dr_memory_daily_july/_batch_logs/daily_event_configs/d28_hist_d28_1.json,skipped_done,0,0.0,/home/hku_user3/EnergyBridge_rl_dr_memory_202607/benchmark_results/2026-07-22_rule_milp_dr_memory_daily_july/household_s1_dual_commuter_standard_rule_milp_tianjin_d28_hist_d28_1_2025-07-28_1day,/home/hku_user3/EnergyBridge_rl_dr_memory_202607/benchmark_results/2026-07-22_rule_milp_dr_memory_daily_july/_batch_logs/daily_dr_memory_tianjin_1day/household_s1_dual_commuter_standard_rule_milp_tianjin_d28_hist_d28_1_2025-07-28_1day.log,/home/hku_user3/EnergyBridge_rl_dr_memory_202607/benchmark_results/2026-07-22_rule_milp_dr_memory_daily_july/household_s1_dual_commuter_standard_rule_milp_tianjin_d28_hist_d28_1_2025-07-28_1day/run_summary.txt,0,84.128725,84.128725,75.06995,1.191437,normalized TOU cost/kWh,/home/hku_user3/EnergyBridge_rl_dr_memory_202607/experiments/real_data/tianjin_tou_price_normalized.csv,0.8613,0.8613,0.0,0.0,1.962,1.0,1.0,"['dishwasher', 'dryer', 'ev', 'washer', 'water_heater']",[],[]
household_s5_shared_roommates_irregular,household_s5_shared_roommates_irregular,no_dr,Germany,1,2025-07-29,d29_hist_d29_1,hist_d29_1,29,/home/hku_user3/EnergyBridge_rl_dr_memory_202607/experiments/real_data/germany_2025_price.csv,20.0,1.0,/home/hku_user3/EnergyBridge_rl_dr_memory_202607/benchmark_results/2026-07-22_rule_milp_dr_memory_daily_july/_batch_logs/daily_event_configs/d29_hist_d29_1.json,skipped_done,0,0.0,/home/hku_user3/EnergyBridge_rl_dr_memory_202607/benchmark_results/2026-07-22_rule_milp_dr_memory_daily_july/household_s5_shared_roommates_irregular_no_dr_germany_d29_hist_d29_1_2025-07-29_1day,/home/hku_user3/EnergyBridge_rl_dr_memory_202607/benchmark_results/2026-07-22_rule_milp_dr_memory_daily_july/_batch_logs/daily_dr_memory_germany_1day/household_s5_shared_roommates_irregular_no_dr_germany_d29_hist_d29_1_2025-07-29_1day.log,/home/hku_user3/EnergyBridge_rl_dr_memory_202607/benchmark_results/2026-07-22_rule_milp_dr_memory_daily_july/household_s5_shared_roommates_irregular_no_dr_germany_d29_hist_d29_1_2025-07-29_1day/run_summary.txt,0,50.179802,50.179802,15.165722,0.082719,EUR/kWh,/home/hku_user3/EnergyBridge_rl_dr_memory_202607/experiments/real_data/germany_2025_price.csv,11.7745,11.7745,1.0,1.0,,0.0,0.8,[],"['dishwasher', 'dryer', 'ev', 'washer', 'water_heater']",[]
household_s1_dual_commuter_standard,household_s1_dual_commuter_standard,no_dr,Germany,1,2025-07-29,d29_hist_d29_1,hist_d29_1,29,/home/hku_user3/EnergyBridge_rl_dr_memory_202607/experiments/real_data/germany_2025_price.csv,20.0,1.0,/home/hku_user3/EnergyBridge_rl_dr_memory_202607/benchmark_results/2026-07-22_rule_milp_dr_memory_daily_july/_batch_logs/daily_event_configs/d29_hist_d29_1.json,skipped_done,0,0.0,/home/hku_user3/EnergyBridge_rl_dr_memory_202607/benchmark_results/2026-07-22_rule_milp_dr_memory_daily_july/household_s1_dual_commuter_standard_no_dr_germany_d29_hist_d29_1_2025-07-29_1day,/home/hku_user3/EnergyBridge_rl_dr_memory_202607/benchmark_results/2026-07-22_rule_milp_dr_memory_daily_july/_batch_logs/daily_dr_memory_germany_1day/household_s1_dual_commuter_standard_no_dr_germany_d29_hist_d29_1_2025-07-29_1day.log,/home/hku_user3/EnergyBridge_rl_dr_memory_202607/benchmark_results/2026-07-22_rule_milp_dr_memory_daily_july/household_s1_dual_commuter_standard_no_dr_germany_d29_hist_d29_1_2025-07-29_1day/run_summary.txt,0,54.260962,54.260962,15.554344,0.082991,EUR/kWh,/home/hku_user3/EnergyBridge_rl_dr_memory_202607/experiments/real_data/germany_2025_price.csv,13.0426,13.0426,1.0,1.0,,0.0,1.0,[],"['dishwasher', 'dryer', 'ev', 'washer', 'water_heater']",[]
household_s2_multigeneration_caregiver,household_s2_multigeneration_caregiver,rule_milp,Tianjin,1,2025-07-28,d28_hist_d28_1,hist_d28_1,28,/home/hku_user3/EnergyBridge_rl_dr_memory_202607/experiments/real_data/tianjin_tou_price_normalized.csv,16.0,1.0,/home/hku_user3/EnergyBridge_rl_dr_memory_202607/benchmark_results/2026-07-22_rule_milp_dr_memory_daily_july/_batch_logs/daily_event_configs/d28_hist_d28_1.json,skipped_done,0,0.0,/home/hku_user3/EnergyBridge_rl_dr_memory_202607/benchmark_results/2026-07-22_rule_milp_dr_memory_daily_july/household_s2_multigeneration_caregiver_rule_milp_tianjin_d28_hist_d28_1_2025-07-28_1day,/home/hku_user3/EnergyBridge_rl_dr_memory_202607/benchmark_results/2026-07-22_rule_milp_dr_memory_daily_july/_batch_logs/daily_dr_memory_tianjin_1day/household_s2_multigeneration_caregiver_rule_milp_tianjin_d28_hist_d28_1_2025-07-28_1day.log,/home/hku_user3/EnergyBridge_rl_dr_memory_202607/benchmark_results/2026-07-22_rule_milp_dr_memory_daily_july/household_s2_multigeneration_caregiver_rule_milp_tianjin_d28_hist_d28_1_2025-07-28_1day/run_summary.txt,0,79.385587,79.385587,73.291816,1.23977,normalized TOU cost/kWh,/home/hku_user3/EnergyBridge_rl_dr_memory_202607/experiments/real_data/tianjin_tou_price_normalized.csv,2.2019,2.2019,0.0,0.0,1.988,1.0,1.0,"['dishwasher', 'dryer', 'ev', 'washer', 'water_heater']",[],[]
household_s4_ev_commuter_flexible,household_s4_ev_commuter_flexible,no_dr,Tianjin,1,2025-07-29,d29_hist_d29_1,hist_d29_1,29,/home/hku_user3/EnergyBridge_rl_dr_memory_202607/experiments/real_data/tianjin_tou_price_normalized.csv,20.0,1.0,/home/hku_user3/EnergyBridge_rl_dr_memory_202607/benchmark_results/2026-07-22_rule_milp_dr_memory_daily_july/_batch_logs/daily_event_configs/d29_hist_d29_1.json,skipped_done,0,0.0,/home/hku_user3/EnergyBridge_rl_dr_memory_202607/benchmark_results/2026-07-22_rule_milp_dr_memory_daily_july/household_s4_ev_commuter_flexible_no_dr_tianjin_d29_hist_d29_1_2025-07-29_1day,/home/hku_user3/EnergyBridge_rl_dr_memory_202607/benchmark_results/2026-07-22_rule_milp_dr_memory_daily_july/_batch_logs/daily_dr_memory_tianjin_1day/household_s4_ev_commuter_flexible_no_dr_tianjin_d29_hist_d29_1_2025-07-29_1day.log,/home/hku_user3/EnergyBridge_rl_dr_memory_202607/benchmark_results/2026-07-22_rule_milp_dr_memory_daily_july/household_s4_ev_commuter_flexible_no_dr_tianjin_d29_hist_d29_1_2025-07-29_1day/run_summary.txt,0,93.157343,93.157343,90.387218,1.125173,normalized TOU cost/kWh,/home/hku_user3/EnergyBridge_rl_dr_memory_202607/experiments/real_data/tianjin_tou_price_normalized.csv,9.196,9.196,1.0,1.0,,0.0,0.8,[],"['dishwasher', 'dryer', 'ev', 'washer', 'water_heater']",[]
household_s2_multigeneration_caregiver,household_s2_multigeneration_caregiver,rule_milp,Germany,1,2025-07-28,d28_hist_d28_1,hist_d28_1,28,/home/hku_user3/EnergyBridge_rl_dr_memory_202607/experiments/real_data/germany_2025_price.csv,16.0,1.0,/home/hku_user3/EnergyBridge_rl_dr_memory_202607/benchmark_results/2026-07-22_rule_milp_dr_memory_daily_july/_batch_logs/daily_event_configs/d28_hist_d28_1.json,skipped_done,0,0.0,/home/hku_user3/EnergyBridge_rl_dr_memory_202607/benchmark_results/2026-07-22_rule_milp_dr_memory_daily_july/household_s2_multigeneration_caregiver_rule_milp_germany_d28_hist_d28_1_2025-07-28_1day,/home/hku_user3/EnergyBridge_rl_dr_memory_202607/benchmark_results/2026-07-22_rule_milp_dr_memory_daily_july/_batch_logs/daily_dr_memory_germany_1day/household_s2_multigeneration_caregiver_rule_milp_germany_d28_hist_d28_1_2025-07-28_1day.log,/home/hku_user3/EnergyBridge_rl_dr_memory_202607/benchmark_results/2026-07-22_rule_milp_dr_memory_daily_july/household_s2_multigeneration_caregiver_rule_milp_germany_d28_hist_d28_1_2025-07-28_1day/run_summary.txt,0,51.691597,51.691597,15.661848,0.089562,EUR/kWh,/home/hku_user3/EnergyBridge_rl_dr_memory_202607/experiments/real_data/germany_2025_price.csv,6.2175,6.2175,0.0,0.0,2.01,1.0,1.0,"['dishwasher', 'dryer', 'ev', 'washer', 'water_heater']",[],[]
household_s2_multigeneration_caregiver,household_s2_multigeneration_caregiver,no_dr,Tianjin,1,2025-07-28,d28_hist_d28_1,hist_d28_1,28,/home/hku_user3/EnergyBridge_rl_dr_memory_202607/experiments/real_data/tianjin_tou_price_normalized.csv,16.0,1.0,/home/hku_user3/EnergyBridge_rl_dr_memory_202607/benchmark_results/2026-07-22_rule_milp_dr_memory_daily_july/_batch_logs/daily_event_configs/d28_hist_d28_1.json,skipped_done,0,0.0,/home/hku_user3/EnergyBridge_rl_dr_memory_202607/benchmark_results/2026-07-22_rule_milp_dr_memory_daily_july/household_s2_multigeneration_caregiver_no_dr_tianjin_d28_hist_d28_1_2025-07-28_1day,/home/hku_user3/EnergyBridge_rl_dr_memory_202607/benchmark_results/2026-07-22_rule_milp_dr_memory_daily_july/_batch_logs/daily_dr_memory_tianjin_1day/household_s2_multigeneration_caregiver_no_dr_tianjin_d28_hist_d28_1_2025-07-28_1day.log,/home/hku_user3/EnergyBridge_rl_dr_memory_202607/benchmark_results/2026-07-22_rule_milp_dr_memory_daily_july/household_s2_multigeneration_caregiver_no_dr_tianjin_d28_hist_d28_1_2025-07-28_1day/run_summary.txt,0,74.203828,74.203828,79.92132,1.207186,normalized TOU cost/kWh,/home/hku_user3/EnergyBridge_rl_dr_memory_202607/experiments/real_data/tianjin_tou_price_normalized.csv,2.7124,2.7124,1.0,1.0,,0.0,0.8,[],"['dishwasher', 'dryer', 'ev', 'washer', 'water_heater']",[]
household_s5_shared_roommates_irregular,household_s5_shared_roommates_irregular,rule_milp,Germany,1,2025-07-28,d28_hist_d28_1,hist_d28_1,28,/home/hku_user3/EnergyBridge_rl_dr_memory_202607/experiments/real_data/germany_2025_price.csv,16.0,1.0,/home/hku_user3/EnergyBridge_rl_dr_memory_202607/benchmark_results/2026-07-22_rule_milp_dr_memory_daily_july/_batch_logs/daily_event_configs/d28_hist_d28_1.json,skipped_done,0,0.0,/home/hku_user3/EnergyBridge_rl_dr_memory_202607/benchmark_results/2026-07-22_rule_milp_dr_memory_daily_july/household_s5_shared_roommates_irregular_rule_milp_germany_d28_hist_d28_1_2025-07-28_1day,/home/hku_user3/EnergyBridge_rl_dr_memory_202607/benchmark_results/2026-07-22_rule_milp_dr_memory_daily_july/_batch_logs/daily_dr_memory_germany_1day/household_s5_shared_roommates_irregular_rule_milp_germany_d28_hist_d28_1_2025-07-28_1day.log,/home/hku_user3/EnergyBridge_rl_dr_memory_202607/benchmark_results/2026-07-22_rule_milp_dr_memory_daily_july/household_s5_shared_roommates_irregular_rule_milp_germany_d28_hist_d28_1_2025-07-28_1day/run_summary.txt,0,51.08312,51.08312,16.148387,0.089571,EUR/kWh,/home/hku_user3/EnergyBridge_rl_dr_memory_202607/experiments/real_data/germany_2025_price.csv,5.6772,5.6772,0.0,0.0,1.863,1.0,1.0,"['dishwasher', 'dryer', 'ev', 'washer', 'water_heater']",[],[]
household_s3_hybrid_work_from_home,household_s3_hybrid_work_from_home,no_dr,Tianjin,1,2025-07-27,d27_hist_d27_1,hist_d27_1,27,/home/hku_user3/EnergyBridge_rl_dr_memory_202607/experiments/real_data/tianjin_tou_price_normalized.csv,16.0,1.0,/home/hku_user3/EnergyBridge_rl_dr_memory_202607/benchmark_results/2026-07-22_rule_milp_dr_memory_daily_july/_batch_logs/daily_event_configs/d27_hist_d27_1.json,skipped_done,0,0.0,/home/hku_user3/EnergyBridge_rl_dr_memory_202607/benchmark_results/2026-07-22_rule_milp_dr_memory_daily_july/household_s3_hybrid_work_from_home_no_dr_tianjin_d27_hist_d27_1_2025-07-27_1day,/home/hku_user3/EnergyBridge_rl_dr_memory_202607/benchmark_results/2026-07-22_rule_milp_dr_memory_daily_july/_batch_logs/daily_dr_memory_tianjin_1day/household_s3_hybrid_work_from_home_no_dr_tianjin_d27_hist_d27_1_2025-07-27_1day.log,/home/hku_user3/EnergyBridge_rl_dr_memory_202607/benchmark_results/2026-07-22_rule_milp_dr_memory_daily_july/household_s3_hybrid_work_from_home_no_dr_tianjin_d27_hist_d27_1_2025-07-27_1day/run_summary.txt,0,57.51058,57.51058,61.083485,1.224768,normalized TOU cost/kWh,/home/hku_user3/EnergyBridge_rl_dr_memory_202607/experiments/real_data/tianjin_tou_price_normalized.csv,1.1237,1.1237,1.0,1.0,,0.0,0.8,[],"['dishwasher', 'dryer', 'ev', 'washer', 'water_heater']",[]
household_s3_hybrid_work_from_home,household_s3_hybrid_work_from_home,no_dr,Germany,1,2025-07-29,d29_hist_d29_1,hist_d29_1,29,/home/hku_user3/EnergyBridge_rl_dr_memory_202607/experiments/real_data/germany_2025_price.csv,20.0,1.0,/home/hku_user3/EnergyBridge_rl_dr_memory_202607/benchmark_results/2026-07-22_rule_milp_dr_memory_daily_july/_batch_logs/daily_event_configs/d29_hist_d29_1.json,skipped_done,0,0.0,/home/hku_user3/EnergyBridge_rl_dr_memory_202607/benchmark_results/2026-07-22_rule_milp_dr_memory_daily_july/household_s3_hybrid_work_from_home_no_dr_germany_d29_hist_d29_1_2025-07-29_1day,/home/hku_user3/EnergyBridge_rl_dr_memory_202607/benchmark_results/2026-07-22_rule_milp_dr_memory_daily_july/_batch_logs/daily_dr_memory_germany_1day/household_s3_hybrid_work_from_home_no_dr_germany_d29_hist_d29_1_2025-07-29_1day.log,/home/hku_user3/EnergyBridge_rl_dr_memory_202607/benchmark_results/2026-07-22_rule_milp_dr_memory_daily_july/household_s3_hybrid_work_from_home_no_dr_germany_d29_hist_d29_1_2025-07-29_1day/run_summary.txt,0,50.501271,50.501271,15.15483,0.082735,EUR/kWh,/home/hku_user3/EnergyBridge_rl_dr_memory_202607/experiments/real_data/germany_2025_price.csv,11.7776,11.7776,1.0,1.0,,0.0,1.0,[],"['dishwasher', 'dryer', 'ev', 'washer', 'water_heater']",[]
household_s4_ev_commuter_flexible,household_s4_ev_commuter_flexible,rule_milp,Germany,1,2025-07-28,d28_hist_d28_1,hist_d28_1,28,/home/hku_user3/EnergyBridge_rl_dr_memory_202607/experiments/real_data/germany_2025_price.csv,16.0,1.0,/home/hku_user3/EnergyBridge_rl_dr_memory_202607/benchmark_results/2026-07-22_rule_milp_dr_memory_daily_july/_batch_logs/daily_event_configs/d28_hist_d28_1.json,skipped_done,0,0.0,/home/hku_user3/EnergyBridge_rl_dr_memory_202607/benchmark_results/2026-07-22_rule_milp_dr_memory_daily_july/household_s4_ev_commuter_flexible_rule_milp_germany_d28_hist_d28_1_2025-07-28_1day,/home/hku_user3/EnergyBridge_rl_dr_memory_202607/benchmark_results/2026-07-22_rule_milp_dr_memory_daily_july/_batch_logs/daily_dr_memory_germany_1day/household_s4_ev_commuter_flexible_rule_milp_germany_d28_hist_d28_1_2025-07-28_1day.log,/home/hku_user3/EnergyBridge_rl_dr_memory_202607/benchmark_results/2026-07-22_rule_milp_dr_memory_daily_july/household_s4_ev_commuter_flexible_rule_milp_germany_d28_hist_d28_1_2025-07-28_1day/run_summary.txt,0,59.245439,59.245439,16.916494,0.089767,EUR/kWh,/home/hku_user3/EnergyBridge_rl_dr_memory_202607/experiments/real_data/germany_2025_price.csv,5.6772,5.6772,0.0,0.0,2.0,1.0,1.0,"['dishwasher', 'dryer', 'ev', 'washer', 'water_heater']",[],[]
household_s5_shared_roommates_irregular,household_s5_shared_roommates_irregular,no_dr,Tianjin,1,2025-07-28,d28_hist_d28_1,hist_d28_1,28,/home/hku_user3/EnergyBridge_rl_dr_memory_202607/experiments/real_data/tianjin_tou_price_normalized.csv,16.0,1.0,/home/hku_user3/EnergyBridge_rl_dr_memory_202607/benchmark_results/2026-07-22_rule_milp_dr_memory_daily_july/_batch_logs/daily_event_configs/d28_hist_d28_1.json,skipped_done,0,0.0,/home/hku_user3/EnergyBridge_rl_dr_memory_202607/benchmark_results/2026-07-22_rule_milp_dr_memory_daily_july/household_s5_shared_roommates_irregular_no_dr_tianjin_d28_hist_d28_1_2025-07-28_1day,/home/hku_user3/EnergyBridge_rl_dr_memory_202607/benchmark_results/2026-07-22_rule_milp_dr_memory_daily_july/_batch_logs/daily_dr_memory_tianjin_1day/household_s5_shared_roommates_irregular_no_dr_tianjin_d28_hist_d28_1_2025-07-28_1day.log,/home/hku_user3/EnergyBridge_rl_dr_memory_202607/benchmark_results/2026-07-22_rule_milp_dr_memory_daily_july/household_s5_shared_roommates_irregular_no_dr_tianjin_d28_hist_d28_1_2025-07-28_1day/run_summary.txt,0,76.400583,76.400583,82.741269,1.183813,normalized TOU cost/kWh,/home/hku_user3/EnergyBridge_rl_dr_memory_202607/experiments/real_data/tianjin_tou_price_normalized.csv,2.5354,2.5354,1.0,1.0,,0.0,0.8,[],"['dishwasher', 'dryer', 'ev', 'washer', 'water_heater']",[]
household_s3_hybrid_work_from_home,household_s3_hybrid_work_from_home,rule_milp,Germany,1,2025-07-28,d28_hist_d28_1,hist_d28_1,28,/home/hku_user3/EnergyBridge_rl_dr_memory_202607/experiments/real_data/germany_2025_price.csv,16.0,1.0,/home/hku_user3/EnergyBridge_rl_dr_memory_202607/benchmark_results/2026-07-22_rule_milp_dr_memory_daily_july/_batch_logs/daily_event_configs/d28_hist_d28_1.json,skipped_done,0,0.0,/home/hku_user3/EnergyBridge_rl_dr_memory_202607/benchmark_results/2026-07-22_rule_milp_dr_memory_daily_july/household_s3_hybrid_work_from_home_rule_milp_germany_d28_hist_d28_1_2025-07-28_1day,/home/hku_user3/EnergyBridge_rl_dr_memory_202607/benchmark_results/2026-07-22_rule_milp_dr_memory_daily_july/_batch_logs/daily_dr_memory_germany_1day/household_s3_hybrid_work_from_home_rule_milp_germany_d28_hist_d28_1_2025-07-28_1day.log,/home/hku_user3/EnergyBridge_rl_dr_memory_202607/benchmark_results/2026-07-22_rule_milp_dr_memory_daily_july/household_s3_hybrid_work_from_home_rule_milp_germany_d28_hist_d28_1_2025-07-28_1day/run_summary.txt,0,53.881482,53.881482,16.054829,0.089414,EUR/kWh,/home/hku_user3/EnergyBridge_rl_dr_memory_202607/experiments/real_data/germany_2025_price.csv,6.0854,6.0854,0.0,0.0,1.983,1.0,1.0,"['dishwasher', 'dryer', 'ev', 'washer', 'water_heater']",[],[]
household_s1_dual_commuter_standard,household_s1_dual_commuter_standard,no_dr,Tianjin,1,2025-07-29,d29_hist_d29_1,hist_d29_1,29,/home/hku_user3/EnergyBridge_rl_dr_memory_202607/experiments/real_data/tianjin_tou_price_normalized.csv,20.0,1.0,/home/hku_user3/EnergyBridge_rl_dr_memory_202607/benchmark_results/2026-07-22_rule_milp_dr_memory_daily_july/_batch_logs/daily_event_configs/d29_hist_d29_1.json,skipped_done,0,0.0,/home/hku_user3/EnergyBridge_rl_dr_memory_202607/benchmark_results/2026-07-22_rule_milp_dr_memory_daily_july/household_s1_dual_commuter_standard_no_dr_tianjin_d29_hist_d29_1_2025-07-29_1day,/home/hku_user3/EnergyBridge_rl_dr_memory_202607/benchmark_results/2026-07-22_rule_milp_dr_memory_daily_july/_batch_logs/daily_dr_memory_tianjin_1day/household_s1_dual_commuter_standard_no_dr_tianjin_d29_hist_d29_1_2025-07-29_1day.log,/home/hku_user3/EnergyBridge_rl_dr_memory_202607/benchmark_results/2026-07-22_rule_milp_dr_memory_daily_july/household_s1_dual_commuter_standard_no_dr_tianjin_d29_hist_d29_1_2025-07-29_1day/run_summary.txt,0,89.076184,89.076184,86.306059,1.131872,normalized TOU cost/kWh,/home/hku_user3/EnergyBridge_rl_dr_memory_202607/experiments/real_data/tianjin_tou_price_normalized.csv,9.196,9.196,1.0,1.0,,0.0,1.0,[],"['dishwasher', 'dryer', 'ev', 'washer', 'water_heater']",[]
household_s3_hybrid_work_from_home,household_s3_hybrid_work_from_home,no_dr,Tianjin,1,2025-07-28,d28_hist_d28_1,hist_d28_1,28,/home/hku_user3/EnergyBridge_rl_dr_memory_202607/experiments/real_data/tianjin_tou_price_normalized.csv,16.0,1.0,/home/hku_user3/EnergyBridge_rl_dr_memory_202607/benchmark_results/2026-07-22_rule_milp_dr_memory_daily_july/_batch_logs/daily_event_configs/d28_hist_d28_1.json,skipped_done,0,0.0,/home/hku_user3/EnergyBridge_rl_dr_memory_202607/benchmark_results/2026-07-22_rule_milp_dr_memory_daily_july/household_s3_hybrid_work_from_home_no_dr_tianjin_d28_hist_d28_1_2025-07-28_1day,/home/hku_user3/EnergyBridge_rl_dr_memory_202607/benchmark_results/2026-07-22_rule_milp_dr_memory_daily_july/_batch_logs/daily_dr_memory_tianjin_1day/household_s3_hybrid_work_from_home_no_dr_tianjin_d28_hist_d28_1_2025-07-28_1day.log,/home/hku_user3/EnergyBridge_rl_dr_memory_202607/benchmark_results/2026-07-22_rule_milp_dr_memory_daily_july/household_s3_hybrid_work_from_home_no_dr_tianjin_d28_hist_d28_1_2025-07-28_1day/run_summary.txt,0,76.763409,76.763409,83.204261,1.184899,normalized TOU cost/kWh,/home/hku_user3/EnergyBridge_rl_dr_memory_202607/experiments/real_data/tianjin_tou_price_normalized.csv,2.648,2.648,1.0,1.0,,0.0,0.8,[],"['dishwasher', 'dryer', 'ev', 'washer', 'water_heater']",[]
household_s3_hybrid_work_from_home,household_s3_hybrid_work_from_home,no_dr,Tianjin,1,2025-07-29,d29_hist_d29_1,hist_d29_1,29,/home/hku_user3/EnergyBridge_rl_dr_memory_202607/experiments/real_data/tianjin_tou_price_normalized.csv,20.0,1.0,/home/hku_user3/EnergyBridge_rl_dr_memory_202607/benchmark_results/2026-07-22_rule_milp_dr_memory_daily_july/_batch_logs/daily_event_configs/d29_hist_d29_1.json,skipped_done,0,0.0,/home/hku_user3/EnergyBridge_rl_dr_memory_202607/benchmark_results/2026-07-22_rule_milp_dr_memory_daily_july/household_s3_hybrid_work_from_home_no_dr_tianjin_d29_hist_d29_1_2025-07-29_1day,/home/hku_user3/EnergyBridge_rl_dr_memory_202607/benchmark_results/2026-07-22_rule_milp_dr_memory_daily_july/_batch_logs/daily_dr_memory_tianjin_1day/household_s3_hybrid_work_from_home_no_dr_tianjin_d29_hist_d29_1_2025-07-29_1day.log,/home/hku_user3/EnergyBridge_rl_dr_memory_202607/benchmark_results/2026-07-22_rule_milp_dr_memory_daily_july/household_s3_hybrid_work_from_home_no_dr_tianjin_d29_hist_d29_1_2025-07-29_1day/run_summary.txt,0,85.479147,85.479147,82.683117,1.140531,normalized TOU cost/kWh,/home/hku_user3/EnergyBridge_rl_dr_memory_202607/experiments/real_data/tianjin_tou_price_normalized.csv,7.9278,7.9278,1.0,1.0,,0.0,1.0,[],"['dishwasher', 'dryer', 'ev', 'washer', 'water_heater']",[]
household_s1_dual_commuter_standard,household_s1_dual_commuter_standard,rule_milp,Tianjin,1,2025-07-27,d27_hist_d27_1,hist_d27_1,27,/home/hku_user3/EnergyBridge_rl_dr_memory_202607/experiments/real_data/tianjin_tou_price_normalized.csv,16.0,1.0,/home/hku_user3/EnergyBridge_rl_dr_memory_202607/benchmark_results/2026-07-22_rule_milp_dr_memory_daily_july/_batch_logs/daily_event_configs/d27_hist_d27_1.json,skipped_done,0,0.0,/home/hku_user3/EnergyBridge_rl_dr_memory_202607/benchmark_results/2026-07-22_rule_milp_dr_memory_daily_july/household_s1_dual_commuter_standard_rule_milp_tianjin_d27_hist_d27_1_2025-07-27_1day,/home/hku_user3/EnergyBridge_rl_dr_memory_202607/benchmark_results/2026-07-22_rule_milp_dr_memory_daily_july/_batch_logs/daily_dr_memory_tianjin_1day/household_s1_dual_commuter_standard_rule_milp_tianjin_d27_hist_d27_1_2025-07-27_1day.log,/home/hku_user3/EnergyBridge_rl_dr_memory_202607/benchmark_results/2026-07-22_rule_milp_dr_memory_daily_july/household_s1_dual_commuter_standard_rule_milp_tianjin_d27_hist_d27_1_2025-07-27_1day/run_summary.txt,0,57.639399,57.639399,58.397483,1.171022,normalized TOU cost/kWh,/home/hku_user3/EnergyBridge_rl_dr_memory_202607/experiments/real_data/tianjin_tou_price_normalized.csv,0.209,0.209,0.0,0.0,1.623,1.0,1.0,"['dishwasher', 'dryer', 'ev', 'washer', 'water_heater']",[],[]
household_s4_ev_commuter_flexible,household_s4_ev_commuter_flexible,rule_milp,Tianjin,1,2025-07-28,d28_hist_d28_1,hist_d28_1,28,/home/hku_user3/EnergyBridge_rl_dr_memory_202607/experiments/real_data/tianjin_tou_price_normalized.csv,16.0,1.0,/home/hku_user3/EnergyBridge_rl_dr_memory_202607/benchmark_results/2026-07-22_rule_milp_dr_memory_daily_july/_batch_logs/daily_event_configs/d28_hist_d28_1.json,skipped_done,0,0.0,/home/hku_user3/EnergyBridge_rl_dr_memory_202607/benchmark_results/2026-07-22_rule_milp_dr_memory_daily_july/household_s4_ev_commuter_flexible_rule_milp_tianjin_d28_hist_d28_1_2025-07-28_1day,/home/hku_user3/EnergyBridge_rl_dr_memory_202607/benchmark_results/2026-07-22_rule_milp_dr_memory_daily_july/_batch_logs/daily_dr_memory_tianjin_1day/household_s4_ev_commuter_flexible_rule_milp_tianjin_d28_hist_d28_1_2025-07-28_1day.log,/home/hku_user3/EnergyBridge_rl_dr_memory_202607/benchmark_results/2026-07-22_rule_milp_dr_memory_daily_july/household_s4_ev_commuter_flexible_rule_milp_tianjin_d28_hist_d28_1_2025-07-28_1day/run_summary.txt,0,83.785409,83.785409,77.290261,1.160711,normalized TOU cost/kWh,/home/hku_user3/EnergyBridge_rl_dr_memory_202607/experiments/real_data/tianjin_tou_price_normalized.csv,0.8613,0.8613,0.0,0.0,2.0,1.0,1.0,"['dishwasher', 'dryer', 'ev', 'washer', 'water_heater']",[],[]
household_s1_dual_commuter_standard,household_s1_dual_commuter_standard,no_dr,Tianjin,1,2025-07-30,d30_hist_d30_1,hist_d30_1,30,/home/hku_user3/EnergyBridge_rl_dr_memory_202607/experiments/real_data/tianjin_tou_price_normalized.csv,20.0,1.0,/home/hku_user3/EnergyBridge_rl_dr_memory_202607/benchmark_results/2026-07-22_rule_milp_dr_memory_daily_july/_batch_logs/daily_event_configs/d30_hist_d30_1.json,skipped_done,0,0.0,/home/hku_user3/EnergyBridge_rl_dr_memory_202607/benchmark_results/2026-07-22_rule_milp_dr_memory_daily_july/household_s1_dual_commuter_standard_no_dr_tianjin_d30_hist_d30_1_2025-07-30_1day,/home/hku_user3/EnergyBridge_rl_dr_memory_202607/benchmark_results/2026-07-22_rule_milp_dr_memory_daily_july/_batch_logs/daily_dr_memory_tianjin_1day/household_s1_dual_commuter_standard_no_dr_tianjin_d30_hist_d30_1_2025-07-30_1day.log,/home/hku_user3/EnergyBridge_rl_dr_memory_202607/benchmark_results/2026-07-22_rule_milp_dr_memory_daily_july/household_s1_dual_commuter_standard_no_dr_tianjin_d30_hist_d30_1_2025-07-30_1day/run_summary.txt,0,63.124666,63.124666,67.2772,1.159471,normalized TOU cost/kWh,/home/hku_user3/EnergyBridge_rl_dr_memory_202607/experiments/real_data/tianjin_tou_price_normalized.csv,8.4034,8.4034,1.0,1.0,,0.0,1.0,[],"['dishwasher', 'dryer', 'ev', 'washer', 'water_heater']",[]
household_s5_shared_roommates_irregular,household_s5_shared_roommates_irregular,rule_milp,Germany,1,2025-07-29,d29_hist_d29_1,hist_d29_1,29,/home/hku_user3/EnergyBridge_rl_dr_memory_202607/experiments/real_data/germany_2025_price.csv,20.0,1.0,/home/hku_user3/EnergyBridge_rl_dr_memory_202607/benchmark_results/2026-07-22_rule_milp_dr_memory_daily_july/_batch_logs/daily_event_configs/d29_hist_d29_1.json,skipped_done,0,0.0,/home/hku_user3/EnergyBridge_rl_dr_memory_202607/benchmark_results/2026-07-22_rule_milp_dr_memory_daily_july/household_s5_shared_roommates_irregular_rule_milp_germany_d29_hist_d29_1_2025-07-29_1day,/home/hku_user3/EnergyBridge_rl_dr_memory_202607/benchmark_results/2026-07-22_rule_milp_dr_memory_daily_july/_batch_logs/daily_dr_memory_germany_1day/household_s5_shared_roommates_irregular_rule_milp_germany_d29_hist_d29_1_2025-07-29_1day.log,/home/hku_user3/EnergyBridge_rl_dr_memory_202607/benchmark_results/2026-07-22_rule_milp_dr_memory_daily_july/household_s5_shared_roommates_irregular_rule_milp_germany_d29_hist_d29_1_2025-07-29_1day/run_summary.txt,0,53.794824,53.794824,14.817557,0.081158,EUR/kWh,/home/hku_user3/EnergyBridge_rl_dr_memory_202607/experiments/real_data/germany_2025_price.csv,7.8312,7.8312,0.0,0.0,1.863,1.0,1.0,"['dishwasher', 'dryer', 'ev', 'washer', 'water_heater']",[],[]
household_s2_multigeneration_caregiver,household_s2_multigeneration_caregiver,no_dr,Tianjin,1,2025-07-29,d29_hist_d29_1,hist_d29_1,29,/home/hku_user3/EnergyBridge_rl_dr_memory_202607/experiments/real_data/tianjin_tou_price_normalized.csv,20.0,1.0,/home/hku_user3/EnergyBridge_rl_dr_memory_202607/benchmark_results/2026-07-22_rule_milp_dr_memory_daily_july/_batch_logs/daily_event_configs/d29_hist_d29_1.json,skipped_done,0,0.0,/home/hku_user3/EnergyBridge_rl_dr_memory_202607/benchmark_results/2026-07-22_rule_milp_dr_memory_daily_july/household_s2_multigeneration_caregiver_no_dr_tianjin_d29_hist_d29_1_2025-07-29_1day,/home/hku_user3/EnergyBridge_rl_dr_memory_202607/benchmark_results/2026-07-22_rule_milp_dr_memory_daily_july/_batch_logs/daily_dr_memory_tianjin_1day/household_s2_multigeneration_caregiver_no_dr_tianjin_d29_hist_d29_1_2025-07-29_1day.log,/home/hku_user3/EnergyBridge_rl_dr_memory_202607/benchmark_results/2026-07-22_rule_milp_dr_memory_daily_july/household_s2_multigeneration_caregiver_no_dr_tianjin_d29_hist_d29_1_2025-07-29_1day/run_summary.txt,0,83.9853,83.9853,81.10493,1.165592,normalized TOU cost/kWh,/home/hku_user3/EnergyBridge_rl_dr_memory_202607/experiments/real_data/tianjin_tou_price_normalized.csv,6.9191,6.9191,1.0,1.0,,0.0,0.8,[],"['dishwasher', 'dryer', 'ev', 'washer', 'water_heater']",[]
household_s4_ev_commuter_flexible,household_s4_ev_commuter_flexible,no_dr,Tianjin,1,2025-07-28,d28_hist_d28_1,hist_d28_1,28,/home/hku_user3/EnergyBridge_rl_dr_memory_202607/experiments/real_data/tianjin_tou_price_normalized.csv,16.0,1.0,/home/hku_user3/EnergyBridge_rl_dr_memory_202607/benchmark_results/2026-07-22_rule_milp_dr_memory_daily_july/_batch_logs/daily_event_configs/d28_hist_d28_1.json,skipped_done,0,0.0,/home/hku_user3/EnergyBridge_rl_dr_memory_202607/benchmark_results/2026-07-22_rule_milp_dr_memory_daily_july/household_s4_ev_commuter_flexible_no_dr_tianjin_d28_hist_d28_1_2025-07-28_1day,/home/hku_user3/EnergyBridge_rl_dr_memory_202607/benchmark_results/2026-07-22_rule_milp_dr_memory_daily_july/_batch_logs/daily_dr_memory_tianjin_1day/household_s4_ev_commuter_flexible_no_dr_tianjin_d28_hist_d28_1_2025-07-28_1day.log,/home/hku_user3/EnergyBridge_rl_dr_memory_202607/benchmark_results/2026-07-22_rule_milp_dr_memory_daily_july/household_s4_ev_commuter_flexible_no_dr_tianjin_d28_hist_d28_1_2025-07-28_1day/run_summary.txt,0,84.562902,84.562902,90.903588,1.164592,normalized TOU cost/kWh,/home/hku_user3/EnergyBridge_rl_dr_memory_202607/experiments/real_data/tianjin_tou_price_normalized.csv,2.5354,2.5354,1.0,1.0,,0.0,1.0,[],"['dishwasher', 'dryer', 'ev', 'washer', 'water_heater']",[]
household_s4_ev_commuter_flexible,household_s4_ev_commuter_flexible,rule_milp,Tianjin,1,2025-07-29,d29_hist_d29_1,hist_d29_1,29,/home/hku_user3/EnergyBridge_rl_dr_memory_202607/experiments/real_data/tianjin_tou_price_normalized.csv,20.0,1.0,/home/hku_user3/EnergyBridge_rl_dr_memory_202607/benchmark_results/2026-07-22_rule_milp_dr_memory_daily_july/_batch_logs/daily_event_configs/d29_hist_d29_1.json,skipped_done,0,0.0,/home/hku_user3/EnergyBridge_rl_dr_memory_202607/benchmark_results/2026-07-22_rule_milp_dr_memory_daily_july/household_s4_ev_commuter_flexible_rule_milp_tianjin_d29_hist_d29_1_2025-07-29_1day,/home/hku_user3/EnergyBridge_rl_dr_memory_202607/benchmark_results/2026-07-22_rule_milp_dr_memory_daily_july/_batch_logs/daily_dr_memory_tianjin_1day/household_s4_ev_commuter_flexible_rule_milp_tianjin_d29_hist_d29_1_2025-07-29_1day.log,/home/hku_user3/EnergyBridge_rl_dr_memory_202607/benchmark_results/2026-07-22_rule_milp_dr_memory_daily_july/household_s4_ev_commuter_flexible_rule_milp_tianjin_d29_hist_d29_1_2025-07-29_1day/run_summary.txt,0,102.503603,102.503603,74.777769,1.126312,normalized TOU cost/kWh,/home/hku_user3/EnergyBridge_rl_dr_memory_202607/experiments/real_data/tianjin_tou_price_normalized.csv,3.3072,3.3072,0.0,0.0,2.0,1.0,1.0,"['dishwasher', 'dryer', 'ev', 'washer', 'water_heater']",[],[]
household_s1_dual_commuter_standard,household_s1_dual_commuter_standard,rule_milp,Germany,1,2025-07-29,d29_hist_d29_1,hist_d29_1,29,/home/hku_user3/EnergyBridge_rl_dr_memory_202607/experiments/real_data/germany_2025_price.csv,20.0,1.0,/home/hku_user3/EnergyBridge_rl_dr_memory_202607/benchmark_results/2026-07-22_rule_milp_dr_memory_daily_july/_batch_logs/daily_event_configs/d29_hist_d29_1.json,skipped_done,0,0.0,/home/hku_user3/EnergyBridge_rl_dr_memory_202607/benchmark_results/2026-07-22_rule_milp_dr_memory_daily_july/household_s1_dual_commuter_standard_rule_milp_germany_d29_hist_d29_1_2025-07-29_1day,/home/hku_user3/EnergyBridge_rl_dr_memory_202607/benchmark_results/2026-07-22_rule_milp_dr_memory_daily_july/_batch_logs/daily_dr_memory_germany_1day/household_s1_dual_commuter_standard_rule_milp_germany_d29_hist_d29_1_2025-07-29_1day.log,/home/hku_user3/EnergyBridge_rl_dr_memory_202607/benchmark_results/2026-07-22_rule_milp_dr_memory_daily_july/household_s1_dual_commuter_standard_rule_milp_germany_d29_hist_d29_1_2025-07-29_1day/run_summary.txt,0,57.491401,57.491401,15.225192,0.081314,EUR/kWh,/home/hku_user3/EnergyBridge_rl_dr_memory_202607/experiments/real_data/germany_2025_price.csv,7.8147,7.8147,0.0,0.0,1.962,1.0,1.0,"['dishwasher', 'dryer', 'ev', 'washer', 'water_heater']",[],[]
household_s3_hybrid_work_from_home,household_s3_hybrid_work_from_home,rule_milp,Germany,1,2025-07-29,d29_hist_d29_1,hist_d29_1,29,/home/hku_user3/EnergyBridge_rl_dr_memory_202607/experiments/real_data/germany_2025_price.csv,20.0,1.0,/home/hku_user3/EnergyBridge_rl_dr_memory_202607/benchmark_results/2026-07-22_rule_milp_dr_memory_daily_july/_batch_logs/daily_event_configs/d29_hist_d29_1.json,skipped_done,0,0.0,/home/hku_user3/EnergyBridge_rl_dr_memory_202607/benchmark_results/2026-07-22_rule_milp_dr_memory_daily_july/household_s3_hybrid_work_from_home_rule_milp_germany_d29_hist_d29_1_2025-07-29_1day,/home/hku_user3/EnergyBridge_rl_dr_memory_202607/benchmark_results/2026-07-22_rule_milp_dr_memory_daily_july/_batch_logs/daily_dr_memory_germany_1day/household_s3_hybrid_work_from_home_rule_milp_germany_d29_hist_d29_1_2025-07-29_1day.log,/home/hku_user3/EnergyBridge_rl_dr_memory_202607/benchmark_results/2026-07-22_rule_milp_dr_memory_daily_july/household_s3_hybrid_work_from_home_rule_milp_germany_d29_hist_d29_1_2025-07-29_1day/run_summary.txt,0,48.320236,48.320236,14.686392,0.080773,EUR/kWh,/home/hku_user3/EnergyBridge_rl_dr_memory_202607/experiments/real_data/germany_2025_price.csv,6.014,6.014,1.0,1.0,1.977,1.0,1.0,"['dishwasher', 'dryer', 'ev', 'washer', 'water_heater']",[],[]
household_s4_ev_commuter_flexible,household_s4_ev_commuter_flexible,no_dr,Germany,1,2025-07-28,d28_hist_d28_1,hist_d28_1,28,/home/hku_user3/EnergyBridge_rl_dr_memory_202607/experiments/real_data/germany_2025_price.csv,16.0,1.0,/home/hku_user3/EnergyBridge_rl_dr_memory_202607/benchmark_results/2026-07-22_rule_milp_dr_memory_daily_july/_batch_logs/daily_event_configs/d28_hist_d28_1.json,skipped_done,0,0.0,/home/hku_user3/EnergyBridge_rl_dr_memory_202607/benchmark_results/2026-07-22_rule_milp_dr_memory_daily_july/household_s4_ev_commuter_flexible_no_dr_germany_d28_hist_d28_1_2025-07-28_1day,/home/hku_user3/EnergyBridge_rl_dr_memory_202607/benchmark_results/2026-07-22_rule_milp_dr_memory_daily_july/_batch_logs/daily_dr_memory_germany_1day/household_s4_ev_commuter_flexible_no_dr_germany_d28_hist_d28_1_2025-07-28_1day.log,/home/hku_user3/EnergyBridge_rl_dr_memory_202607/benchmark_results/2026-07-22_rule_milp_dr_memory_daily_july/household_s4_ev_commuter_flexible_no_dr_germany_d28_hist_d28_1_2025-07-28_1day/run_summary.txt,0,60.407074,60.407074,17.101147,0.090348,EUR/kWh,/home/hku_user3/EnergyBridge_rl_dr_memory_202607/experiments/real_data/germany_2025_price.csv,6.1107,6.1107,1.0,1.0,,0.0,1.0,[],"['dishwasher', 'dryer', 'ev', 'washer', 'water_heater']",[]
household_s2_multigeneration_caregiver,household_s2_multigeneration_caregiver,rule_milp,Germany,1,2025-07-29,d29_hist_d29_1,hist_d29_1,29,/home/hku_user3/EnergyBridge_rl_dr_memory_202607/experiments/real_data/germany_2025_price.csv,20.0,1.0,/home/hku_user3/EnergyBridge_rl_dr_memory_202607/benchmark_results/2026-07-22_rule_milp_dr_memory_daily_july/_batch_logs/daily_event_configs/d29_hist_d29_1.json,skipped_done,0,0.0,/home/hku_user3/EnergyBridge_rl_dr_memory_202607/benchmark_results/2026-07-22_rule_milp_dr_memory_daily_july/household_s2_multigeneration_caregiver_rule_milp_germany_d29_hist_d29_1_2025-07-29_1day,/home/hku_user3/EnergyBridge_rl_dr_memory_202607/benchmark_results/2026-07-22_rule_milp_dr_memory_daily_july/_batch_logs/daily_dr_memory_germany_1day/household_s2_multigeneration_caregiver_rule_milp_germany_d29_hist_d29_1_2025-07-29_1day.log,/home/hku_user3/EnergyBridge_rl_dr_memory_202607/benchmark_results/2026-07-22_rule_milp_dr_memory_daily_july/household_s2_multigeneration_caregiver_rule_milp_germany_d29_hist_d29_1_2025-07-29_1day/run_summary.txt,0,50.041928,50.041928,14.575289,0.080727,EUR/kWh,/home/hku_user3/EnergyBridge_rl_dr_memory_202607/experiments/real_data/germany_2025_price.csv,7.8535,7.8535,0.0,0.0,1.9,1.0,1.0,"['dishwasher', 'dryer', 'ev', 'washer', 'water_heater']",[],[]
household_s5_shared_roommates_irregular,household_s5_shared_roommates_irregular,no_dr,Tianjin,1,2025-07-29,d29_hist_d29_1,hist_d29_1,29,/home/hku_user3/EnergyBridge_rl_dr_memory_202607/experiments/real_data/tianjin_tou_price_normalized.csv,20.0,1.0,/home/hku_user3/EnergyBridge_rl_dr_memory_202607/benchmark_results/2026-07-22_rule_milp_dr_memory_daily_july/_batch_logs/daily_event_configs/d29_hist_d29_1.json,skipped_done,0,0.0,/home/hku_user3/EnergyBridge_rl_dr_memory_202607/benchmark_results/2026-07-22_rule_milp_dr_memory_daily_july/household_s5_shared_roommates_irregular_no_dr_tianjin_d29_hist_d29_1_2025-07-29_1day,/home/hku_user3/EnergyBridge_rl_dr_memory_202607/benchmark_results/2026-07-22_rule_milp_dr_memory_daily_july/_batch_logs/daily_dr_memory_tianjin_1day/household_s5_shared_roommates_irregular_no_dr_tianjin_d29_hist_d29_1_2025-07-29_1day.log,/home/hku_user3/EnergyBridge_rl_dr_memory_202607/benchmark_results/2026-07-22_rule_milp_dr_memory_daily_july/household_s5_shared_roommates_irregular_no_dr_tianjin_d29_hist_d29_1_2025-07-29_1day/run_summary.txt,0,84.995025,84.995025,82.2249,1.13933,normalized TOU cost/kWh,/home/hku_user3/EnergyBridge_rl_dr_memory_202607/experiments/real_data/tianjin_tou_price_normalized.csv,7.9279,7.9279,1.0,1.0,,0.0,0.8,[],"['dishwasher', 'dryer', 'ev', 'washer', 'water_heater']",[]
household_s2_multigeneration_caregiver,household_s2_multigeneration_caregiver,no_dr,Germany,1,2025-07-29,d29_hist_d29_1,hist_d29_1,29,/home/hku_user3/EnergyBridge_rl_dr_memory_202607/experiments/real_data/germany_2025_price.csv,20.0,1.0,/home/hku_user3/EnergyBridge_rl_dr_memory_202607/benchmark_results/2026-07-22_rule_milp_dr_memory_daily_july/_batch_logs/daily_event_configs/d29_hist_d29_1.json,skipped_done,0,0.0,/home/hku_user3/EnergyBridge_rl_dr_memory_202607/benchmark_results/2026-07-22_rule_milp_dr_memory_daily_july/household_s2_multigeneration_caregiver_no_dr_germany_d29_hist_d29_1_2025-07-29_1day,/home/hku_user3/EnergyBridge_rl_dr_memory_202607/benchmark_results/2026-07-22_rule_milp_dr_memory_daily_july/_batch_logs/daily_dr_memory_germany_1day/household_s2_multigeneration_caregiver_no_dr_germany_d29_hist_d29_1_2025-07-29_1day.log,/home/hku_user3/EnergyBridge_rl_dr_memory_202607/benchmark_results/2026-07-22_rule_milp_dr_memory_daily_july/household_s2_multigeneration_caregiver_no_dr_germany_d29_hist_d29_1_2025-07-29_1day/run_summary.txt,0,46.781342,46.781342,14.774378,0.082364,EUR/kWh,/home/hku_user3/EnergyBridge_rl_dr_memory_202607/experiments/real_data/germany_2025_price.csv,9.6934,9.6934,1.0,1.0,,0.0,0.8,[],"['dishwasher', 'dryer', 'ev', 'washer', 'water_heater']",[]
household_s1_dual_commuter_standard,household_s1_dual_commuter_standard,rule_milp,Tianjin,1,2025-07-30,d30_hist_d30_1,hist_d30_1,30,/home/hku_user3/EnergyBridge_rl_dr_memory_202607/experiments/real_data/tianjin_tou_price_normalized.csv,20.0,1.0,/home/hku_user3/EnergyBridge_rl_dr_memory_202607/benchmark_results/2026-07-22_rule_milp_dr_memory_daily_july/_batch_logs/daily_event_configs/d30_hist_d30_1.json,skipped_done,0,0.0,/home/hku_user3/EnergyBridge_rl_dr_memory_202607/benchmark_results/2026-07-22_rule_milp_dr_memory_daily_july/household_s1_dual_commuter_standard_rule_milp_tianjin_d30_hist_d30_1_2025-07-30_1day,/home/hku_user3/EnergyBridge_rl_dr_memory_202607/benchmark_results/2026-07-22_rule_milp_dr_memory_daily_july/_batch_logs/daily_dr_memory_tianjin_1day/household_s1_dual_commuter_standard_rule_milp_tianjin_d30_hist_d30_1_2025-07-30_1day.log,/home/hku_user3/EnergyBridge_rl_dr_memory_202607/benchmark_results/2026-07-22_rule_milp_dr_memory_daily_july/household_s1_dual_commuter_standard_rule_milp_tianjin_d30_hist_d30_1_2025-07-30_1day/run_summary.txt,0,68.282873,68.282873,51.900737,1.050549,normalized TOU cost/kWh,/home/hku_user3/EnergyBridge_rl_dr_memory_202607/experiments/real_data/tianjin_tou_price_normalized.csv,2.5096,2.5096,0.0,0.0,1.962,1.0,1.0,"['dishwasher', 'dryer', 'ev', 'washer', 'water_heater']",[],[]
household_s1_dual_commuter_standard,household_s1_dual_commuter_standard,rule_milp,Germany,1,2025-07-30,d30_hist_d30_1,hist_d30_1,30,/home/hku_user3/EnergyBridge_rl_dr_memory_202607/experiments/real_data/germany_2025_price.csv,20.0,1.0,/home/hku_user3/EnergyBridge_rl_dr_memory_202607/benchmark_results/2026-07-22_rule_milp_dr_memory_daily_july/_batch_logs/daily_event_configs/d30_hist_d30_1.json,skipped_done,0,0.0,/home/hku_user3/EnergyBridge_rl_dr_memory_202607/benchmark_results/2026-07-22_rule_milp_dr_memory_daily_july/household_s1_dual_commuter_standard_rule_milp_germany_d30_hist_d30_1_2025-07-30_1day,/home/hku_user3/EnergyBridge_rl_dr_memory_202607/benchmark_results/2026-07-22_rule_milp_dr_memory_daily_july/_batch_logs/daily_dr_memory_germany_1day/household_s1_dual_commuter_standard_rule_milp_germany_d30_hist_d30_1_2025-07-30_1day.log,/home/hku_user3/EnergyBridge_rl_dr_memory_202607/benchmark_results/2026-07-22_rule_milp_dr_memory_daily_july/household_s1_dual_commuter_standard_rule_milp_germany_d30_hist_d30_1_2025-07-30_1day/run_summary.txt,0,62.913405,62.913405,14.931666,0.080514,EUR/kWh,/home/hku_user3/EnergyBridge_rl_dr_memory_202607/experiments/real_data/germany_2025_price.csv,7.916,7.916,0.0,0.0,1.962,1.0,1.0,"['dishwasher', 'dryer', 'ev', 'washer', 'water_heater']",[],[]
household_s3_hybrid_work_from_home,household_s3_hybrid_work_from_home,no_dr,Germany,1,2025-07-30,d30_hist_d30_1,hist_d30_1,30,/home/hku_user3/EnergyBridge_rl_dr_memory_202607/experiments/real_data/germany_2025_price.csv,20.0,1.0,/home/hku_user3/EnergyBridge_rl_dr_memory_202607/benchmark_results/2026-07-22_rule_milp_dr_memory_daily_july/_batch_logs/daily_event_configs/d30_hist_d30_1.json,skipped_done,0,0.0,/home/hku_user3/EnergyBridge_rl_dr_memory_202607/benchmark_results/2026-07-22_rule_milp_dr_memory_daily_july/household_s3_hybrid_work_from_home_no_dr_germany_d30_hist_d30_1_2025-07-30_1day,/home/hku_user3/EnergyBridge_rl_dr_memory_202607/benchmark_results/2026-07-22_rule_milp_dr_memory_daily_july/_batch_logs/daily_dr_memory_germany_1day/household_s3_hybrid_work_from_home_no_dr_germany_d30_hist_d30_1_2025-07-30_1day.log,/home/hku_user3/EnergyBridge_rl_dr_memory_202607/benchmark_results/2026-07-22_rule_milp_dr_memory_daily_july/household_s3_hybrid_work_from_home_no_dr_germany_d30_hist_d30_1_2025-07-30_1day/run_summary.txt,0,51.469485,51.469485,15.44365,0.082121,EUR/kWh,/home/hku_user3/EnergyBridge_rl_dr_memory_202607/experiments/real_data/germany_2025_price.csv,13.1987,13.1987,1.0,1.0,,0.0,1.0,[],"['dishwasher', 'dryer', 'ev', 'washer', 'water_heater']",[]
household_s4_ev_commuter_flexible,household_s4_ev_commuter_flexible,rule_milp,Tianjin,1,2025-07-30,d30_hist_d30_1,hist_d30_1,30,/home/hku_user3/EnergyBridge_rl_dr_memory_202607/experiments/real_data/tianjin_tou_price_normalized.csv,20.0,1.0,/home/hku_user3/EnergyBridge_rl_dr_memory_202607/benchmark_results/2026-07-22_rule_milp_dr_memory_daily_july/_batch_logs/daily_event_configs/d30_hist_d30_1.json,skipped_done,0,0.0,/home/hku_user3/EnergyBridge_rl_dr_memory_202607/benchmark_results/2026-07-22_rule_milp_dr_memory_daily_july/household_s4_ev_commuter_flexible_rule_milp_tianjin_d30_hist_d30_1_2025-07-30_1day,/home/hku_user3/EnergyBridge_rl_dr_memory_202607/benchmark_results/2026-07-22_rule_milp_dr_memory_daily_july/_batch_logs/daily_dr_memory_tianjin_1day/household_s4_ev_commuter_flexible_rule_milp_tianjin_d30_hist_d30_1_2025-07-30_1day.log,/home/hku_user3/EnergyBridge_rl_dr_memory_202607/benchmark_results/2026-07-22_rule_milp_dr_memory_daily_july/household_s4_ev_commuter_flexible_rule_milp_tianjin_d30_hist_d30_1_2025-07-30_1day/run_summary.txt,0,70.87061,70.87061,48.404066,1.015438,normalized TOU cost/kWh,/home/hku_user3/EnergyBridge_rl_dr_memory_202607/experiments/real_data/tianjin_tou_price_normalized.csv,2.4331,2.4331,0.0,0.0,2.0,1.0,1.0,"['dishwasher', 'dryer', 'ev', 'washer', 'water_heater']",[],[]
household_s2_multigeneration_caregiver,household_s2_multigeneration_caregiver,no_dr,Tianjin,1,2025-07-30,d30_hist_d30_1,hist_d30_1,30,/home/hku_user3/EnergyBridge_rl_dr_memory_202607/experiments/real_data/tianjin_tou_price_normalized.csv,20.0,1.0,/home/hku_user3/EnergyBridge_rl_dr_memory_202607/benchmark_results/2026-07-22_rule_milp_dr_memory_daily_july/_batch_logs/daily_event_configs/d30_hist_d30_1.json,skipped_done,0,0.0,/home/hku_user3/EnergyBridge_rl_dr_memory_202607/benchmark_results/2026-07-22_rule_milp_dr_memory_daily_july/household_s2_multigeneration_caregiver_no_dr_tianjin_d30_hist_d30_1_2025-07-30_1day,/home/hku_user3/EnergyBridge_rl_dr_memory_202607/benchmark_results/2026-07-22_rule_milp_dr_memory_daily_july/_batch_logs/daily_dr_memory_tianjin_1day/household_s2_multigeneration_caregiver_no_dr_tianjin_d30_hist_d30_1_2025-07-30_1day.log,/home/hku_user3/EnergyBridge_rl_dr_memory_202607/benchmark_results/2026-07-22_rule_milp_dr_memory_daily_july/household_s2_multigeneration_caregiver_no_dr_tianjin_d30_hist_d30_1_2025-07-30_1day/run_summary.txt,0,56.628374,56.628374,60.065942,1.199211,normalized TOU cost/kWh,/home/hku_user3/EnergyBridge_rl_dr_memory_202607/experiments/real_data/tianjin_tou_price_normalized.csv,7.3998,7.3998,1.0,1.0,,0.0,0.8,[],"['dishwasher', 'dryer', 'ev', 'washer', 'water_heater']",[]
household_s4_ev_commuter_flexible,household_s4_ev_commuter_flexible,no_dr,Germany,1,2025-07-30,d30_hist_d30_1,hist_d30_1,30,/home/hku_user3/EnergyBridge_rl_dr_memory_202607/experiments/real_data/germany_2025_price.csv,20.0,1.0,/home/hku_user3/EnergyBridge_rl_dr_memory_202607/benchmark_results/2026-07-22_rule_milp_dr_memory_daily_july/_batch_logs/daily_event_configs/d30_hist_d30_1.json,skipped_done,0,0.0,/home/hku_user3/EnergyBridge_rl_dr_memory_202607/benchmark_results/2026-07-22_rule_milp_dr_memory_daily_july/household_s4_ev_commuter_flexible_no_dr_germany_d30_hist_d30_1_2025-07-30_1day,/home/hku_user3/EnergyBridge_rl_dr_memory_202607/benchmark_results/2026-07-22_rule_milp_dr_memory_daily_july/_batch_logs/daily_dr_memory_germany_1day/household_s4_ev_commuter_flexible_no_dr_germany_d30_hist_d30_1_2025-07-30_1day.log,/home/hku_user3/EnergyBridge_rl_dr_memory_202607/benchmark_results/2026-07-22_rule_milp_dr_memory_daily_july/household_s4_ev_commuter_flexible_no_dr_germany_d30_hist_d30_1_2025-07-30_1day/run_summary.txt,0,59.395698,59.395698,16.202971,0.082498,EUR/kWh,/home/hku_user3/EnergyBridge_rl_dr_memory_202607/experiments/real_data/germany_2025_price.csv,13.1957,13.1957,1.0,1.0,,0.0,0.8,[],"['dishwasher', 'dryer', 'ev', 'washer', 'water_heater']",[]
household_s2_multigeneration_caregiver,household_s2_multigeneration_caregiver,no_dr,Germany,1,2025-07-30,d30_hist_d30_1,hist_d30_1,30,/home/hku_user3/EnergyBridge_rl_dr_memory_202607/experiments/real_data/germany_2025_price.csv,20.0,1.0,/home/hku_user3/EnergyBridge_rl_dr_memory_202607/benchmark_results/2026-07-22_rule_milp_dr_memory_daily_july/_batch_logs/daily_event_configs/d30_hist_d30_1.json,skipped_done,0,0.0,/home/hku_user3/EnergyBridge_rl_dr_memory_202607/benchmark_results/2026-07-22_rule_milp_dr_memory_daily_july/household_s2_multigeneration_caregiver_no_dr_germany_d30_hist_d30_1_2025-07-30_1day,/home/hku_user3/EnergyBridge_rl_dr_memory_202607/benchmark_results/2026-07-22_rule_milp_dr_memory_daily_july/_batch_logs/daily_dr_memory_germany_1day/household_s2_multigeneration_caregiver_no_dr_germany_d30_hist_d30_1_2025-07-30_1day.log,/home/hku_user3/EnergyBridge_rl_dr_memory_202607/benchmark_results/2026-07-22_rule_milp_dr_memory_daily_july/household_s2_multigeneration_caregiver_no_dr_germany_d30_hist_d30_1_2025-07-30_1day/run_summary.txt,0,47.738043,47.738043,15.082971,0.081862,EUR/kWh,/home/hku_user3/EnergyBridge_rl_dr_memory_202607/experiments/real_data/germany_2025_price.csv,12.1789,12.1789,1.0,1.0,,0.0,0.8,[],"['dishwasher', 'dryer', 'ev', 'washer', 'water_heater']",[]
household_s3_hybrid_work_from_home,household_s3_hybrid_work_from_home,rule_milp,Tianjin,1,2025-07-30,d30_hist_d30_1,hist_d30_1,30,/home/hku_user3/EnergyBridge_rl_dr_memory_202607/experiments/real_data/tianjin_tou_price_normalized.csv,20.0,1.0,/home/hku_user3/EnergyBridge_rl_dr_memory_202607/benchmark_results/2026-07-22_rule_milp_dr_memory_daily_july/_batch_logs/daily_event_configs/d30_hist_d30_1.json,skipped_done,0,0.0,/home/hku_user3/EnergyBridge_rl_dr_memory_202607/benchmark_results/2026-07-22_rule_milp_dr_memory_daily_july/household_s3_hybrid_work_from_home_rule_milp_tianjin_d30_hist_d30_1_2025-07-30_1day,/home/hku_user3/EnergyBridge_rl_dr_memory_202607/benchmark_results/2026-07-22_rule_milp_dr_memory_daily_july/_batch_logs/daily_dr_memory_tianjin_1day/household_s3_hybrid_work_from_home_rule_milp_tianjin_d30_hist_d30_1_2025-07-30_1day.log,/home/hku_user3/EnergyBridge_rl_dr_memory_202607/benchmark_results/2026-07-22_rule_milp_dr_memory_daily_july/household_s3_hybrid_work_from_home_rule_milp_tianjin_d30_hist_d30_1_2025-07-30_1day/run_summary.txt,0,64.425035,64.425035,47.091182,1.046558,normalized TOU cost/kWh,/home/hku_user3/EnergyBridge_rl_dr_memory_202607/experiments/real_data/tianjin_tou_price_normalized.csv,2.4951,2.4951,0.0,0.0,1.983,1.0,1.0,"['dishwasher', 'dryer', 'ev', 'washer', 'water_heater']",[],[]
household_s2_multigeneration_caregiver,household_s2_multigeneration_caregiver,rule_milp,Germany,1,2025-07-30,d30_hist_d30_1,hist_d30_1,30,/home/hku_user3/EnergyBridge_rl_dr_memory_202607/experiments/real_data/germany_2025_price.csv,20.0,1.0,/home/hku_user3/EnergyBridge_rl_dr_memory_202607/benchmark_results/2026-07-22_rule_milp_dr_memory_daily_july/_batch_logs/daily_event_configs/d30_hist_d30_1.json,skipped_done,0,0.0,/home/hku_user3/EnergyBridge_rl_dr_memory_202607/benchmark_results/2026-07-22_rule_milp_dr_memory_daily_july/household_s2_multigeneration_caregiver_rule_milp_germany_d30_hist_d30_1_2025-07-30_1day,/home/hku_user3/EnergyBridge_rl_dr_memory_202607/benchmark_results/2026-07-22_rule_milp_dr_memory_daily_july/_batch_logs/daily_dr_memory_germany_1day/household_s2_multigeneration_caregiver_rule_milp_germany_d30_hist_d30_1_2025-07-30_1day.log,/home/hku_user3/EnergyBridge_rl_dr_memory_202607/benchmark_results/2026-07-22_rule_milp_dr_memory_daily_july/household_s2_multigeneration_caregiver_rule_milp_germany_d30_hist_d30_1_2025-07-30_1day/run_summary.txt,0,54.288396,54.288396,14.421935,0.079962,EUR/kWh,/home/hku_user3/EnergyBridge_rl_dr_memory_202607/experiments/real_data/germany_2025_price.csv,7.9694,7.9694,0.0,0.0,1.9,1.0,1.0,"['dishwasher', 'dryer', 'ev', 'washer', 'water_heater']",[],[]
household_s3_hybrid_work_from_home,household_s3_hybrid_work_from_home,rule_milp,Tianjin,1,2025-07-29,d29_hist_d29_1,hist_d29_1,29,/home/hku_user3/EnergyBridge_rl_dr_memory_202607/experiments/real_data/tianjin_tou_price_normalized.csv,20.0,1.0,/home/hku_user3/EnergyBridge_rl_dr_memory_202607/benchmark_results/2026-07-22_rule_milp_dr_memory_daily_july/_batch_logs/daily_event_configs/d29_hist_d29_1.json,skipped_done,0,0.0,/home/hku_user3/EnergyBridge_rl_dr_memory_202607/benchmark_results/2026-07-22_rule_milp_dr_memory_daily_july/household_s3_hybrid_work_from_home_rule_milp_tianjin_d29_hist_d29_1_2025-07-29_1day,/home/hku_user3/EnergyBridge_rl_dr_memory_202607/benchmark_results/2026-07-22_rule_milp_dr_memory_daily_july/_batch_logs/daily_dr_memory_tianjin_1day/household_s3_hybrid_work_from_home_rule_milp_tianjin_d29_hist_d29_1_2025-07-29_1day.log,/home/hku_user3/EnergyBridge_rl_dr_memory_202607/benchmark_results/2026-07-22_rule_milp_dr_memory_daily_july/household_s3_hybrid_work_from_home_rule_milp_tianjin_d29_hist_d29_1_2025-07-29_1day/run_summary.txt,0,89.456642,89.456642,64.367624,1.11669,normalized TOU cost/kWh,/home/hku_user3/EnergyBridge_rl_dr_memory_202607/experiments/real_data/tianjin_tou_price_normalized.csv,0.4313,0.4313,1.0,1.0,1.603,1.0,1.0,"['dishwasher', 'dryer', 'ev', 'washer', 'water_heater']",[],[]
household_s5_shared_roommates_irregular,household_s5_shared_roommates_irregular,rule_milp,Tianjin,1,2025-07-29,d29_hist_d29_1,hist_d29_1,29,/home/hku_user3/EnergyBridge_rl_dr_memory_202607/experiments/real_data/tianjin_tou_price_normalized.csv,20.0,1.0,/home/hku_user3/EnergyBridge_rl_dr_memory_202607/benchmark_results/2026-07-22_rule_milp_dr_memory_daily_july/_batch_logs/daily_event_configs/d29_hist_d29_1.json,skipped_done,0,0.0,/home/hku_user3/EnergyBridge_rl_dr_memory_202607/benchmark_results/2026-07-22_rule_milp_dr_memory_daily_july/household_s5_shared_roommates_irregular_rule_milp_tianjin_d29_hist_d29_1_2025-07-29_1day,/home/hku_user3/EnergyBridge_rl_dr_memory_202607/benchmark_results/2026-07-22_rule_milp_dr_memory_daily_july/_batch_logs/daily_dr_memory_tianjin_1day/household_s5_shared_roommates_irregular_rule_milp_tianjin_d29_hist_d29_1_2025-07-29_1day.log,/home/hku_user3/EnergyBridge_rl_dr_memory_202607/benchmark_results/2026-07-22_rule_milp_dr_memory_daily_july/household_s5_shared_roommates_irregular_rule_milp_tianjin_d29_hist_d29_1_2025-07-29_1day/run_summary.txt,0,94.341284,94.341284,66.61545,1.144018,normalized TOU cost/kWh,/home/hku_user3/EnergyBridge_rl_dr_memory_202607/experiments/real_data/tianjin_tou_price_normalized.csv,3.3072,3.3072,0.0,0.0,1.863,1.0,1.0,"['dishwasher', 'dryer', 'ev', 'washer', 'water_heater']",[],[]
household_s3_hybrid_work_from_home,household_s3_hybrid_work_from_home,rule_milp,Germany,1,2025-07-30,d30_hist_d30_1,hist_d30_1,30,/home/hku_user3/EnergyBridge_rl_dr_memory_202607/experiments/real_data/germany_2025_price.csv,20.0,1.0,/home/hku_user3/EnergyBridge_rl_dr_memory_202607/benchmark_results/2026-07-22_rule_milp_dr_memory_daily_july/_batch_logs/daily_event_configs/d30_hist_d30_1.json,skipped_done,0,0.0,/home/hku_user3/EnergyBridge_rl_dr_memory_202607/benchmark_results/2026-07-22_rule_milp_dr_memory_daily_july/household_s3_hybrid_work_from_home_rule_milp_germany_d30_hist_d30_1_2025-07-30_1day,/home/hku_user3/EnergyBridge_rl_dr_memory_202607/benchmark_results/2026-07-22_rule_milp_dr_memory_daily_july/_batch_logs/daily_dr_memory_germany_1day/household_s3_hybrid_work_from_home_rule_milp_germany_d30_hist_d30_1_2025-07-30_1day.log,/home/hku_user3/EnergyBridge_rl_dr_memory_202607/benchmark_results/2026-07-22_rule_milp_dr_memory_daily_july/household_s3_hybrid_work_from_home_rule_milp_germany_d30_hist_d30_1_2025-07-30_1day/run_summary.txt,0,58.091908,58.091908,14.602231,0.080202,EUR/kWh,/home/hku_user3/EnergyBridge_rl_dr_memory_202607/experiments/real_data/germany_2025_price.csv,7.8751,7.8751,0.0,0.0,1.983,1.0,1.0,"['dishwasher', 'dryer', 'ev', 'washer', 'water_heater']",[],[]
household_s2_multigeneration_caregiver,household_s2_multigeneration_caregiver,rule_milp,Tianjin,1,2025-07-30,d30_hist_d30_1,hist_d30_1,30,/home/hku_user3/EnergyBridge_rl_dr_memory_202607/experiments/real_data/tianjin_tou_price_normalized.csv,20.0,1.0,/home/hku_user3/EnergyBridge_rl_dr_memory_202607/benchmark_results/2026-07-22_rule_milp_dr_memory_daily_july/_batch_logs/daily_event_configs/d30_hist_d30_1.json,skipped_done,0,0.0,/home/hku_user3/EnergyBridge_rl_dr_memory_202607/benchmark_results/2026-07-22_rule_milp_dr_memory_daily_july/household_s2_multigeneration_caregiver_rule_milp_tianjin_d30_hist_d30_1_2025-07-30_1day,/home/hku_user3/EnergyBridge_rl_dr_memory_202607/benchmark_results/2026-07-22_rule_milp_dr_memory_daily_july/_batch_logs/daily_dr_memory_tianjin_1day/household_s2_multigeneration_caregiver_rule_milp_tianjin_d30_hist_d30_1_2025-07-30_1day.log,/home/hku_user3/EnergyBridge_rl_dr_memory_202607/benchmark_results/2026-07-22_rule_milp_dr_memory_daily_july/household_s2_multigeneration_caregiver_rule_milp_tianjin_d30_hist_d30_1_2025-07-30_1day/run_summary.txt,0,61.066554,61.066554,48.753982,1.127133,normalized TOU cost/kWh,/home/hku_user3/EnergyBridge_rl_dr_memory_202607/experiments/real_data/tianjin_tou_price_normalized.csv,2.9037,2.9037,0.0,0.0,1.9,1.0,1.0,"['dishwasher', 'dryer', 'ev', 'washer', 'water_heater']",[],[]
household_s1_dual_commuter_standard,household_s1_dual_commuter_standard,no_dr,Germany,1,2025-07-30,d30_hist_d30_1,hist_d30_1,30,/home/hku_user3/EnergyBridge_rl_dr_memory_202607/experiments/real_data/germany_2025_price.csv,20.0,1.0,/home/hku_user3/EnergyBridge_rl_dr_memory_202607/benchmark_results/2026-07-22_rule_milp_dr_memory_daily_july/_batch_logs/daily_event_configs/d30_hist_d30_1.json,skipped_done,0,0.0,/home/hku_user3/EnergyBridge_rl_dr_memory_202607/benchmark_results/2026-07-22_rule_milp_dr_memory_daily_july/household_s1_dual_commuter_standard_no_dr_germany_d30_hist_d30_1_2025-07-30_1day,/home/hku_user3/EnergyBridge_rl_dr_memory_202607/benchmark_results/2026-07-22_rule_milp_dr_memory_daily_july/_batch_logs/daily_dr_memory_germany_1day/household_s1_dual_commuter_standard_no_dr_germany_d30_hist_d30_1_2025-07-30_1day.log,/home/hku_user3/EnergyBridge_rl_dr_memory_202607/benchmark_results/2026-07-22_rule_milp_dr_memory_daily_july/household_s1_dual_commuter_standard_no_dr_germany_d30_hist_d30_1_2025-07-30_1day/run_summary.txt,0,55.314538,55.314538,15.824526,0.082281,EUR/kWh,/home/hku_user3/EnergyBridge_rl_dr_memory_202607/experiments/real_data/germany_2025_price.csv,13.1957,13.1957,1.0,1.0,,0.0,1.0,[],"['dishwasher', 'dryer', 'ev', 'washer', 'water_heater']",[]
household_s4_ev_commuter_flexible,household_s4_ev_commuter_flexible,no_dr,Tianjin,1,2025-07-30,d30_hist_d30_1,hist_d30_1,30,/home/hku_user3/EnergyBridge_rl_dr_memory_202607/experiments/real_data/tianjin_tou_price_normalized.csv,20.0,1.0,/home/hku_user3/EnergyBridge_rl_dr_memory_202607/benchmark_results/2026-07-22_rule_milp_dr_memory_daily_july/_batch_logs/daily_event_configs/d30_hist_d30_1.json,skipped_done,0,0.0,/home/hku_user3/EnergyBridge_rl_dr_memory_202607/benchmark_results/2026-07-22_rule_milp_dr_memory_daily_july/household_s4_ev_commuter_flexible_no_dr_tianjin_d30_hist_d30_1_2025-07-30_1day,/home/hku_user3/EnergyBridge_rl_dr_memory_202607/benchmark_results/2026-07-22_rule_milp_dr_memory_daily_july/_batch_logs/daily_dr_memory_tianjin_1day/household_s4_ev_commuter_flexible_no_dr_tianjin_d30_hist_d30_1_2025-07-30_1day.log,/home/hku_user3/EnergyBridge_rl_dr_memory_202607/benchmark_results/2026-07-22_rule_milp_dr_memory_daily_july/household_s4_ev_commuter_flexible_no_dr_tianjin_d30_hist_d30_1_2025-07-30_1day/run_summary.txt,0,67.205825,67.205825,71.358359,1.148992,normalized TOU cost/kWh,/home/hku_user3/EnergyBridge_rl_dr_memory_202607/experiments/real_data/tianjin_tou_price_normalized.csv,8.4034,8.4034,1.0,1.0,,0.0,0.8,[],"['dishwasher', 'dryer', 'ev', 'washer', 'water_heater']",[]
household_s2_multigeneration_caregiver,household_s2_multigeneration_caregiver,rule_milp,Tianjin,1,2025-07-29,d29_hist_d29_1,hist_d29_1,29,/home/hku_user3/EnergyBridge_rl_dr_memory_202607/experiments/real_data/tianjin_tou_price_normalized.csv,20.0,1.0,/home/hku_user3/EnergyBridge_rl_dr_memory_202607/benchmark_results/2026-07-22_rule_milp_dr_memory_daily_july/_batch_logs/daily_event_configs/d29_hist_d29_1.json,skipped_done,0,0.0,/home/hku_user3/EnergyBridge_rl_dr_memory_202607/benchmark_results/2026-07-22_rule_milp_dr_memory_daily_july/household_s2_multigeneration_caregiver_rule_milp_tianjin_d29_hist_d29_1_2025-07-29_1day,/home/hku_user3/EnergyBridge_rl_dr_memory_202607/benchmark_results/2026-07-22_rule_milp_dr_memory_daily_july/_batch_logs/daily_dr_memory_tianjin_1day/household_s2_multigeneration_caregiver_rule_milp_tianjin_d29_hist_d29_1_2025-07-29_1day.log,/home/hku_user3/EnergyBridge_rl_dr_memory_202607/benchmark_results/2026-07-22_rule_milp_dr_memory_daily_july/household_s2_multigeneration_caregiver_rule_milp_tianjin_d29_hist_d29_1_2025-07-29_1day/run_summary.txt,0,96.599013,96.599013,70.703242,1.185222,normalized TOU cost/kWh,/home/hku_user3/EnergyBridge_rl_dr_memory_202607/experiments/real_data/tianjin_tou_price_normalized.csv,3.8709,3.8709,0.0,0.0,1.9,1.0,1.0,"['dishwasher', 'dryer', 'ev', 'washer', 'water_heater']",[],[]
household_s1_dual_commuter_standard,household_s1_dual_commuter_standard,rule_milp,Tianjin,1,2025-07-29,d29_hist_d29_1,hist_d29_1,29,/home/hku_user3/EnergyBridge_rl_dr_memory_202607/experiments/real_data/tianjin_tou_price_normalized.csv,20.0,1.0,/home/hku_user3/EnergyBridge_rl_dr_memory_202607/benchmark_results/2026-07-22_rule_milp_dr_memory_daily_july/_batch_logs/daily_event_configs/d29_hist_d29_1.json,skipped_done,0,0.0,/home/hku_user3/EnergyBridge_rl_dr_memory_202607/benchmark_results/2026-07-22_rule_milp_dr_memory_daily_july/household_s1_dual_commuter_standard_rule_milp_tianjin_d29_hist_d29_1_2025-07-29_1day,/home/hku_user3/EnergyBridge_rl_dr_memory_202607/benchmark_results/2026-07-22_rule_milp_dr_memory_daily_july/_batch_logs/daily_dr_memory_tianjin_1day/household_s1_dual_commuter_standard_rule_milp_tianjin_d29_hist_d29_1_2025-07-29_1day.log,/home/hku_user3/EnergyBridge_rl_dr_memory_202607/benchmark_results/2026-07-22_rule_milp_dr_memory_daily_july/household_s1_dual_commuter_standard_rule_milp_tianjin_d29_hist_d29_1_2025-07-29_1day/run_summary.txt,0,102.149053,102.149053,76.807836,1.155901,normalized TOU cost/kWh,/home/hku_user3/EnergyBridge_rl_dr_memory_202607/experiments/real_data/tianjin_tou_price_normalized.csv,3.4794,3.4794,0.0,0.0,1.962,1.0,1.0,"['dishwasher', 'dryer', 'ev', 'washer', 'water_heater']",[],[]
household_s5_shared_roommates_irregular,household_s5_shared_roommates_irregular,no_dr,Tianjin,1,2025-07-30,d30_hist_d30_1,hist_d30_1,30,/home/hku_user3/EnergyBridge_rl_dr_memory_202607/experiments/real_data/tianjin_tou_price_normalized.csv,20.0,1.0,/home/hku_user3/EnergyBridge_rl_dr_memory_202607/benchmark_results/2026-07-22_rule_milp_dr_memory_daily_july/_batch_logs/daily_event_configs/d30_hist_d30_1.json,skipped_done,0,0.0,/home/hku_user3/EnergyBridge_rl_dr_memory_202607/benchmark_results/2026-07-22_rule_milp_dr_memory_daily_july/household_s5_shared_roommates_irregular_no_dr_tianjin_d30_hist_d30_1_2025-07-30_1day,/home/hku_user3/EnergyBridge_rl_dr_memory_202607/benchmark_results/2026-07-22_rule_milp_dr_memory_daily_july/_batch_logs/daily_dr_memory_tianjin_1day/household_s5_shared_roommates_irregular_no_dr_tianjin_d30_hist_d30_1_2025-07-30_1day.log,/home/hku_user3/EnergyBridge_rl_dr_memory_202607/benchmark_results/2026-07-22_rule_milp_dr_memory_daily_july/household_s5_shared_roommates_irregular_no_dr_tianjin_d30_hist_d30_1_2025-07-30_1day/run_summary.txt,0,59.043507,59.043507,63.19604,1.171536,normalized TOU cost/kWh,/home/hku_user3/EnergyBridge_rl_dr_memory_202607/experiments/real_data/tianjin_tou_price_normalized.csv,8.4034,8.4034,1.0,1.0,,0.0,0.8,[],"['dishwasher', 'dryer', 'ev', 'washer', 'water_heater']",[]
household_s5_shared_roommates_irregular,household_s5_shared_roommates_irregular,rule_milp,Germany,1,2025-07-30,d30_hist_d30_1,hist_d30_1,30,/home/hku_user3/EnergyBridge_rl_dr_memory_202607/experiments/real_data/germany_2025_price.csv,20.0,1.0,/home/hku_user3/EnergyBridge_rl_dr_memory_202607/benchmark_results/2026-07-22_rule_milp_dr_memory_daily_july/_batch_logs/daily_event_configs/d30_hist_d30_1.json,skipped_done,0,0.0,/home/hku_user3/EnergyBridge_rl_dr_memory_202607/benchmark_results/2026-07-22_rule_milp_dr_memory_daily_july/household_s5_shared_roommates_irregular_rule_milp_germany_d30_hist_d30_1_2025-07-30_1day,/home/hku_user3/EnergyBridge_rl_dr_memory_202607/benchmark_results/2026-07-22_rule_milp_dr_memory_daily_july/_batch_logs/daily_dr_memory_germany_1day/household_s5_shared_roommates_irregular_rule_milp_germany_d30_hist_d30_1_2025-07-30_1day.log,/home/hku_user3/EnergyBridge_rl_dr_memory_202607/benchmark_results/2026-07-22_rule_milp_dr_memory_daily_july/household_s5_shared_roommates_irregular_rule_milp_germany_d30_hist_d30_1_2025-07-30_1day/run_summary.txt,0,58.647528,58.647528,14.401338,0.080272,EUR/kWh,/home/hku_user3/EnergyBridge_rl_dr_memory_202607/experiments/real_data/germany_2025_price.csv,7.9118,7.9118,0.0,0.0,1.863,1.0,1.0,"['dishwasher', 'dryer', 'ev', 'washer', 'water_heater']",[],[]
household_s4_ev_commuter_flexible,household_s4_ev_commuter_flexible,rule_milp,Germany,1,2025-07-29,d29_hist_d29_1,hist_d29_1,29,/home/hku_user3/EnergyBridge_rl_dr_memory_202607/experiments/real_data/germany_2025_price.csv,20.0,1.0,/home/hku_user3/EnergyBridge_rl_dr_memory_202607/benchmark_results/2026-07-22_rule_milp_dr_memory_daily_july/_batch_logs/daily_event_configs/d29_hist_d29_1.json,skipped_done,0,0.0,/home/hku_user3/EnergyBridge_rl_dr_memory_202607/benchmark_results/2026-07-22_rule_milp_dr_memory_daily_july/household_s4_ev_commuter_flexible_rule_milp_germany_d29_hist_d29_1_2025-07-29_1day,/home/hku_user3/EnergyBridge_rl_dr_memory_202607/benchmark_results/2026-07-22_rule_milp_dr_memory_daily_july/_batch_logs/daily_dr_memory_germany_1day/household_s4_ev_commuter_flexible_rule_milp_germany_d29_hist_d29_1_2025-07-29_1day.log,/home/hku_user3/EnergyBridge_rl_dr_memory_202607/benchmark_results/2026-07-22_rule_milp_dr_memory_daily_july/household_s4_ev_commuter_flexible_rule_milp_germany_d29_hist_d29_1_2025-07-29_1day/run_summary.txt,0,61.957143,61.957143,15.555994,0.081556,EUR/kWh,/home/hku_user3/EnergyBridge_rl_dr_memory_202607/experiments/real_data/germany_2025_price.csv,7.8312,7.8312,0.0,0.0,2.0,1.0,1.0,"['dishwasher', 'dryer', 'ev', 'washer', 'water_heater']",[],[]
household_s5_shared_roommates_irregular,household_s5_shared_roommates_irregular,rule_milp,Tianjin,1,2025-07-30,d30_hist_d30_1,hist_d30_1,30,/home/hku_user3/EnergyBridge_rl_dr_memory_202607/experiments/real_data/tianjin_tou_price_normalized.csv,20.0,1.0,/home/hku_user3/EnergyBridge_rl_dr_memory_202607/benchmark_results/2026-07-22_rule_milp_dr_memory_daily_july/_batch_logs/daily_event_configs/d30_hist_d30_1.json,skipped_done,0,0.0,/home/hku_user3/EnergyBridge_rl_dr_memory_202607/benchmark_results/2026-07-22_rule_milp_dr_memory_daily_july/household_s5_shared_roommates_irregular_rule_milp_tianjin_d30_hist_d30_1_2025-07-30_1day,/home/hku_user3/EnergyBridge_rl_dr_memory_202607/benchmark_results/2026-07-22_rule_milp_dr_memory_daily_july/_batch_logs/daily_dr_memory_tianjin_1day/household_s5_shared_roommates_irregular_rule_milp_tianjin_d30_hist_d30_1_2025-07-30_1day.log,/home/hku_user3/EnergyBridge_rl_dr_memory_202607/benchmark_results/2026-07-22_rule_milp_dr_memory_daily_july/household_s5_shared_roommates_irregular_rule_milp_tianjin_d30_hist_d30_1_2025-07-30_1day/run_summary.txt,0,62.708291,62.708291,40.241748,1.018628,normalized TOU cost/kWh,/home/hku_user3/EnergyBridge_rl_dr_memory_202607/experiments/real_data/tianjin_tou_price_normalized.csv,2.4331,2.4331,0.0,0.0,1.863,1.0,1.0,"['dishwasher', 'dryer', 'ev', 'washer', 'water_heater']",[],[]
household_s3_hybrid_work_from_home,household_s3_hybrid_work_from_home,no_dr,Tianjin,1,2025-07-30,d30_hist_d30_1,hist_d30_1,30,/home/hku_user3/EnergyBridge_rl_dr_memory_202607/experiments/real_data/tianjin_tou_price_normalized.csv,20.0,1.0,/home/hku_user3/EnergyBridge_rl_dr_memory_202607/benchmark_results/2026-07-22_rule_milp_dr_memory_daily_july/_batch_logs/daily_event_configs/d30_hist_d30_1.json,skipped_done,0,0.0,/home/hku_user3/EnergyBridge_rl_dr_memory_202607/benchmark_results/2026-07-22_rule_milp_dr_memory_daily_july/household_s3_hybrid_work_from_home_no_dr_tianjin_d30_hist_d30_1_2025-07-30_1day,/home/hku_user3/EnergyBridge_rl_dr_memory_202607/benchmark_results/2026-07-22_rule_milp_dr_memory_daily_july/_batch_logs/daily_dr_memory_tianjin_1day/household_s3_hybrid_work_from_home_no_dr_tianjin_d30_hist_d30_1_2025-07-30_1day.log,/home/hku_user3/EnergyBridge_rl_dr_memory_202607/benchmark_results/2026-07-22_rule_milp_dr_memory_daily_july/household_s3_hybrid_work_from_home_no_dr_tianjin_d30_hist_d30_1_2025-07-30_1day/run_summary.txt,0,59.341169,59.341169,63.613188,1.172799,normalized TOU cost/kWh,/home/hku_user3/EnergyBridge_rl_dr_memory_202607/experiments/real_data/tianjin_tou_price_normalized.csv,8.404,8.404,1.0,1.0,,0.0,1.0,[],"['dishwasher', 'dryer', 'ev', 'washer', 'water_heater']",[]
household_s4_ev_commuter_flexible,household_s4_ev_commuter_flexible,rule_milp,Germany,1,2025-07-30,d30_hist_d30_1,hist_d30_1,30,/home/hku_user3/EnergyBridge_rl_dr_memory_202607/experiments/real_data/germany_2025_price.csv,20.0,1.0,/home/hku_user3/EnergyBridge_rl_dr_memory_202607/benchmark_results/2026-07-22_rule_milp_dr_memory_daily_july/_batch_logs/daily_event_configs/d30_hist_d30_1.json,skipped_done,0,0.0,/home/hku_user3/EnergyBridge_rl_dr_memory_202607/benchmark_results/2026-07-22_rule_milp_dr_memory_daily_july/household_s4_ev_commuter_flexible_rule_milp_germany_d30_hist_d30_1_2025-07-30_1day,/home/hku_user3/EnergyBridge_rl_dr_memory_202607/benchmark_results/2026-07-22_rule_milp_dr_memory_daily_july/_batch_logs/daily_dr_memory_germany_1day/household_s4_ev_commuter_flexible_rule_milp_germany_d30_hist_d30_1_2025-07-30_1day.log,/home/hku_user3/EnergyBridge_rl_dr_memory_202607/benchmark_results/2026-07-22_rule_milp_dr_memory_daily_july/household_s4_ev_commuter_flexible_rule_milp_germany_d30_hist_d30_1_2025-07-30_1day/run_summary.txt,0,66.809846,66.809846,15.150118,0.080771,EUR/kWh,/home/hku_user3/EnergyBridge_rl_dr_memory_202607/experiments/real_data/germany_2025_price.csv,7.9118,7.9118,0.0,0.0,2.0,1.0,1.0,"['dishwasher', 'dryer', 'ev', 'washer', 'water_heater']",[],[]
household_s5_shared_roommates_irregular,household_s5_shared_roommates_irregular,no_dr,Germany,1,2025-07-30,d30_hist_d30_1,hist_d30_1,30,/home/hku_user3/EnergyBridge_rl_dr_memory_202607/experiments/real_data/germany_2025_price.csv,20.0,1.0,/home/hku_user3/EnergyBridge_rl_dr_memory_202607/benchmark_results/2026-07-22_rule_milp_dr_memory_daily_july/_batch_logs/daily_event_configs/d30_hist_d30_1.json,skipped_done,0,0.0,/home/hku_user3/EnergyBridge_rl_dr_memory_202607/benchmark_results/2026-07-22_rule_milp_dr_memory_daily_july/household_s5_shared_roommates_irregular_no_dr_germany_d30_hist_d30_1_2025-07-30_1day,/home/hku_user3/EnergyBridge_rl_dr_memory_202607/benchmark_results/2026-07-22_rule_milp_dr_memory_daily_july/_batch_logs/daily_dr_memory_germany_1day/household_s5_shared_roommates_irregular_no_dr_germany_d30_hist_d30_1_2025-07-30_1day.log,/home/hku_user3/EnergyBridge_rl_dr_memory_202607/benchmark_results/2026-07-22_rule_milp_dr_memory_daily_july/household_s5_shared_roommates_irregular_no_dr_germany_d30_hist_d30_1_2025-07-30_1day/run_summary.txt,0,51.233379,51.233379,15.455857,0.082106,EUR/kWh,/home/hku_user3/EnergyBridge_rl_dr_memory_202607/experiments/real_data/germany_2025_price.csv,13.1957,13.1957,1.0,1.0,,0.0,0.8,[],"['dishwasher', 'dryer', 'ev', 'washer', 'water_heater']",[]
household_s3_hybrid_work_from_home,household_s3_hybrid_work_from_home,no_dr,Germany,1,2025-07-02,d02_hist_d02_1,hist_d02_1,2,/home/hku_user3/EnergyBridge_rl_dr_memory_202607/experiments/real_data/germany_2025_price.csv,19.0,1.0,/home/hku_user3/EnergyBridge_rl_dr_memory_202607/benchmark_results/2026-07-22_rule_milp_dr_memory_daily_july/_batch_logs/daily_event_configs/d02_hist_d02_1.json,completed,0,7.5,/home/hku_user3/EnergyBridge_rl_dr_memory_202607/benchmark_results/2026-07-22_rule_milp_dr_memory_daily_july/household_s3_hybrid_work_from_home_no_dr_germany_d02_hist_d02_1_2025-07-02_1day,/home/hku_user3/EnergyBridge_rl_dr_memory_202607/benchmark_results/2026-07-22_rule_milp_dr_memory_daily_july/_batch_logs/daily_dr_memory_germany_1day/household_s3_hybrid_work_from_home_no_dr_germany_d02_hist_d02_1_2025-07-02_1day.log,/home/hku_user3/EnergyBridge_rl_dr_memory_202607/benchmark_results/2026-07-22_rule_milp_dr_memory_daily_july/household_s3_hybrid_work_from_home_no_dr_germany_d02_hist_d02_1_2025-07-02_1day/run_summary.txt,0,84.849488,84.849488,23.189556,0.112577,EUR/kWh,/home/hku_user3/EnergyBridge_rl_dr_memory_202607/experiments/real_data/germany_2025_price.csv,16.581,16.581,1.0,1.0,,0.0,0.8,[],"['dishwasher', 'dryer', 'ev', 'washer', 'water_heater']",[]
household_s1_dual_commuter_standard,household_s1_dual_commuter_standard,no_dr,Germany,1,2025-07-02,d02_hist_d02_1,hist_d02_1,2,/home/hku_user3/EnergyBridge_rl_dr_memory_202607/experiments/real_data/germany_2025_price.csv,19.0,1.0,/home/hku_user3/EnergyBridge_rl_dr_memory_202607/benchmark_results/2026-07-22_rule_milp_dr_memory_daily_july/_batch_logs/daily_event_configs/d02_hist_d02_1.json,completed,0,7.4,/home/hku_user3/EnergyBridge_rl_dr_memory_202607/benchmark_results/2026-07-22_rule_milp_dr_memory_daily_july/household_s1_dual_commuter_standard_no_dr_germany_d02_hist_d02_1_2025-07-02_1day,/home/hku_user3/EnergyBridge_rl_dr_memory_202607/benchmark_results/2026-07-22_rule_milp_dr_memory_daily_july/_batch_logs/daily_dr_memory_germany_1day/household_s1_dual_commuter_standard_no_dr_germany_d02_hist_d02_1_2025-07-02_1day.log,/home/hku_user3/EnergyBridge_rl_dr_memory_202607/benchmark_results/2026-07-22_rule_milp_dr_memory_daily_july/household_s1_dual_commuter_standard_no_dr_germany_d02_hist_d02_1_2025-07-02_1day/run_summary.txt,0,86.593018,86.593018,23.304604,0.112542,EUR/kWh,/home/hku_user3/EnergyBridge_rl_dr_memory_202607/experiments/real_data/germany_2025_price.csv,16.5766,16.5766,1.0,1.0,,0.0,0.8,[],"['dishwasher', 'dryer', 'ev', 'washer', 'water_heater']",[]
household_s2_multigeneration_caregiver,household_s2_multigeneration_caregiver,no_dr,Germany,1,2025-07-02,d02_hist_d02_1,hist_d02_1,2,/home/hku_user3/EnergyBridge_rl_dr_memory_202607/experiments/real_data/germany_2025_price.csv,19.0,1.0,/home/hku_user3/EnergyBridge_rl_dr_memory_202607/benchmark_results/2026-07-22_rule_milp_dr_memory_daily_july/_batch_logs/daily_event_configs/d02_hist_d02_1.json,completed,0,7.4,/home/hku_user3/EnergyBridge_rl_dr_memory_202607/benchmark_results/2026-07-22_rule_milp_dr_memory_daily_july/household_s2_multigeneration_caregiver_no_dr_germany_d02_hist_d02_1_2025-07-02_1day,/home/hku_user3/EnergyBridge_rl_dr_memory_202607/benchmark_results/2026-07-22_rule_milp_dr_memory_daily_july/_batch_logs/daily_dr_memory_germany_1day/household_s2_multigeneration_caregiver_no_dr_germany_d02_hist_d02_1_2025-07-02_1day.log,/home/hku_user3/EnergyBridge_rl_dr_memory_202607/benchmark_results/2026-07-22_rule_milp_dr_memory_daily_july/household_s2_multigeneration_caregiver_no_dr_germany_d02_hist_d02_1_2025-07-02_1day/run_summary.txt,0,78.974104,78.974104,22.80512,0.112518,EUR/kWh,/home/hku_user3/EnergyBridge_rl_dr_memory_202607/experiments/real_data/germany_2025_price.csv,16.6095,16.6095,1.0,1.0,,0.0,0.8,[],"['dishwasher', 'dryer', 'ev', 'washer', 'water_heater']",[]
household_s4_ev_commuter_flexible,household_s4_ev_commuter_flexible,no_dr,Germany,1,2025-07-02,d02_hist_d02_1,hist_d02_1,2,/home/hku_user3/EnergyBridge_rl_dr_memory_202607/experiments/real_data/germany_2025_price.csv,19.0,1.0,/home/hku_user3/EnergyBridge_rl_dr_memory_202607/benchmark_results/2026-07-22_rule_milp_dr_memory_daily_july/_batch_logs/daily_event_configs/d02_hist_d02_1.json,completed,0,7.4,/home/hku_user3/EnergyBridge_rl_dr_memory_202607/benchmark_results/2026-07-22_rule_milp_dr_memory_daily_july/household_s4_ev_commuter_flexible_no_dr_germany_d02_hist_d02_1_2025-07-02_1day,/home/hku_user3/EnergyBridge_rl_dr_memory_202607/benchmark_results/2026-07-22_rule_milp_dr_memory_daily_july/_batch_logs/daily_dr_memory_germany_1day/household_s4_ev_commuter_flexible_no_dr_germany_d02_hist_d02_1_2025-07-02_1day.log,/home/hku_user3/EnergyBridge_rl_dr_memory_202607/benchmark_results/2026-07-22_rule_milp_dr_memory_daily_july/household_s4_ev_commuter_flexible_no_dr_germany_d02_hist_d02_1_2025-07-02_1day/run_summary.txt,0,90.674177,90.674177,23.514151,0.112446,EUR/kWh,/home/hku_user3/EnergyBridge_rl_dr_memory_202607/experiments/real_data/germany_2025_price.csv,16.5766,16.5766,1.0,1.0,,0.0,0.8,[],"['dishwasher', 'dryer', 'ev', 'washer', 'water_heater']",[]
household_s5_shared_roommates_irregular,household_s5_shared_roommates_irregular,no_dr,Germany,1,2025-07-02,d02_hist_d02_1,hist_d02_1,2,/home/hku_user3/EnergyBridge_rl_dr_memory_202607/experiments/real_data/germany_2025_price.csv,19.0,1.0,/home/hku_user3/EnergyBridge_rl_dr_memory_202607/benchmark_results/2026-07-22_rule_milp_dr_memory_daily_july/_batch_logs/daily_event_configs/d02_hist_d02_1.json,completed,0,7.2,/home/hku_user3/EnergyBridge_rl_dr_memory_202607/benchmark_results/2026-07-22_rule_milp_dr_memory_daily_july/household_s5_shared_roommates_irregular_no_dr_germany_d02_hist_d02_1_2025-07-02_1day,/home/hku_user3/EnergyBridge_rl_dr_memory_202607/benchmark_results/2026-07-22_rule_milp_dr_memory_daily_july/_batch_logs/daily_dr_memory_germany_1day/household_s5_shared_roommates_irregular_no_dr_germany_d02_hist_d02_1_2025-07-02_1day.log,/home/hku_user3/EnergyBridge_rl_dr_memory_202607/benchmark_results/2026-07-22_rule_milp_dr_memory_daily_july/household_s5_shared_roommates_irregular_no_dr_germany_d02_hist_d02_1_2025-07-02_1day/run_summary.txt,0,84.540844,84.540844,23.195571,0.112545,EUR/kWh,/home/hku_user3/EnergyBridge_rl_dr_memory_202607/experiments/real_data/germany_2025_price.csv,16.5766,16.5766,1.0,1.0,,0.0,0.8,[],"['dishwasher', 'dryer', 'ev', 'washer', 'water_heater']",[]
household_s3_hybrid_work_from_home,household_s3_hybrid_work_from_home,rule_milp,Germany,1,2025-07-02,d02_hist_d02_1,hist_d02_1,2,/home/hku_user3/EnergyBridge_rl_dr_memory_202607/experiments/real_data/germany_2025_price.csv,19.0,1.0,/home/hku_user3/EnergyBridge_rl_dr_memory_202607/benchmark_results/2026-07-22_rule_milp_dr_memory_daily_july/_batch_logs/daily_event_configs/d02_hist_d02_1.json,completed,0,81.5,/home/hku_user3/EnergyBridge_rl_dr_memory_202607/benchmark_results/2026-07-22_rule_milp_dr_memory_daily_july/household_s3_hybrid_work_from_home_rule_milp_germany_d02_hist_d02_1_2025-07-02_1day,/home/hku_user3/EnergyBridge_rl_dr_memory_202607/benchmark_results/2026-07-22_rule_milp_dr_memory_daily_july/_batch_logs/daily_dr_memory_germany_1day/household_s3_hybrid_work_from_home_rule_milp_germany_d02_hist_d02_1_2025-07-02_1day.log,/home/hku_user3/EnergyBridge_rl_dr_memory_202607/benchmark_results/2026-07-22_rule_milp_dr_memory_daily_july/household_s3_hybrid_work_from_home_rule_milp_germany_d02_hist_d02_1_2025-07-02_1day/run_summary.txt,0,87.042766,87.042766,21.785274,0.108859,EUR/kWh,/home/hku_user3/EnergyBridge_rl_dr_memory_202607/experiments/real_data/germany_2025_price.csv,9.5832,9.5832,0.0,0.0,1.983,1.0,1.0,"['dishwasher', 'dryer', 'ev', 'washer', 'water_heater']",[],[]
household_s5_shared_roommates_irregular,household_s5_shared_roommates_irregular,rule_milp,Germany,1,2025-07-02,d02_hist_d02_1,hist_d02_1,2,/home/hku_user3/EnergyBridge_rl_dr_memory_202607/experiments/real_data/germany_2025_price.csv,19.0,1.0,/home/hku_user3/EnergyBridge_rl_dr_memory_202607/benchmark_results/2026-07-22_rule_milp_dr_memory_daily_july/_batch_logs/daily_event_configs/d02_hist_d02_1.json,completed,0,105.2,/home/hku_user3/EnergyBridge_rl_dr_memory_202607/benchmark_results/2026-07-22_rule_milp_dr_memory_daily_july/household_s5_shared_roommates_irregular_rule_milp_germany_d02_hist_d02_1_2025-07-02_1day,/home/hku_user3/EnergyBridge_rl_dr_memory_202607/benchmark_results/2026-07-22_rule_milp_dr_memory_daily_july/_batch_logs/daily_dr_memory_germany_1day/household_s5_shared_roommates_irregular_rule_milp_germany_d02_hist_d02_1_2025-07-02_1day.log,/home/hku_user3/EnergyBridge_rl_dr_memory_202607/benchmark_results/2026-07-22_rule_milp_dr_memory_daily_july/household_s5_shared_roommates_irregular_rule_milp_germany_d02_hist_d02_1_2025-07-02_1day/run_summary.txt,0,88.778551,88.778551,21.650457,0.10925,EUR/kWh,/home/hku_user3/EnergyBridge_rl_dr_memory_202607/experiments/real_data/germany_2025_price.csv,9.9461,9.9461,0.0,0.0,1.863,1.0,1.0,"['dishwasher', 'dryer', 'ev', 'washer', 'water_heater']",[],[]
household_s1_dual_commuter_standard,household_s1_dual_commuter_standard,rule_milp,Germany,1,2025-07-02,d02_hist_d02_1,hist_d02_1,2,/home/hku_user3/EnergyBridge_rl_dr_memory_202607/experiments/real_data/germany_2025_price.csv,19.0,1.0,/home/hku_user3/EnergyBridge_rl_dr_memory_202607/benchmark_results/2026-07-22_rule_milp_dr_memory_daily_july/_batch_logs/daily_event_configs/d02_hist_d02_1.json,completed,0,111.8,/home/hku_user3/EnergyBridge_rl_dr_memory_202607/benchmark_results/2026-07-22_rule_milp_dr_memory_daily_july/household_s1_dual_commuter_standard_rule_milp_germany_d02_hist_d02_1_2025-07-02_1day,/home/hku_user3/EnergyBridge_rl_dr_memory_202607/benchmark_results/2026-07-22_rule_milp_dr_memory_daily_july/_batch_logs/daily_dr_memory_germany_1day/household_s1_dual_commuter_standard_rule_milp_germany_d02_hist_d02_1_2025-07-02_1day.log,/home/hku_user3/EnergyBridge_rl_dr_memory_202607/benchmark_results/2026-07-22_rule_milp_dr_memory_daily_july/household_s1_dual_commuter_standard_rule_milp_germany_d02_hist_d02_1_2025-07-02_1day/run_summary.txt,0,95.743067,95.743067,21.874996,0.109146,EUR/kWh,/home/hku_user3/EnergyBridge_rl_dr_memory_202607/experiments/real_data/germany_2025_price.csv,9.9438,9.9438,0.0,0.0,1.962,1.0,1.0,"['dishwasher', 'dryer', 'ev', 'washer', 'water_heater']",[],[]
household_s4_ev_commuter_flexible,household_s4_ev_commuter_flexible,rule_milp,Germany,1,2025-07-02,d02_hist_d02_1,hist_d02_1,2,/home/hku_user3/EnergyBridge_rl_dr_memory_202607/experiments/real_data/germany_2025_price.csv,19.0,1.0,/home/hku_user3/EnergyBridge_rl_dr_memory_202607/benchmark_results/2026-07-22_rule_milp_dr_memory_daily_july/_batch_logs/daily_event_configs/d02_hist_d02_1.json,completed,0,113.0,/home/hku_user3/EnergyBridge_rl_dr_memory_202607/benchmark_results/2026-07-22_rule_milp_dr_memory_daily_july/household_s4_ev_commuter_flexible_rule_milp_germany_d02_hist_d02_1_2025-07-02_1day,/home/hku_user3/EnergyBridge_rl_dr_memory_202607/benchmark_results/2026-07-22_rule_milp_dr_memory_daily_july/_batch_logs/daily_dr_memory_germany_1day/household_s4_ev_commuter_flexible_rule_milp_germany_d02_hist_d02_1_2025-07-02_1day.log,/home/hku_user3/EnergyBridge_rl_dr_memory_202607/benchmark_results/2026-07-22_rule_milp_dr_memory_daily_july/household_s4_ev_commuter_flexible_rule_milp_germany_d02_hist_d02_1_2025-07-02_1day/run_summary.txt,0,101.10597,101.10597,20.305038,0.107011,EUR/kWh,/home/hku_user3/EnergyBridge_rl_dr_memory_202607/experiments/real_data/germany_2025_price.csv,7.3338,7.3338,1.0,1.0,1.897,1.0,1.0,"['dishwasher', 'dryer', 'ev', 'washer', 'water_heater']",[],[]
household_s2_multigeneration_caregiver,household_s2_multigeneration_caregiver,rule_milp,Germany,1,2025-07-02,d02_hist_d02_1,hist_d02_1,2,/home/hku_user3/EnergyBridge_rl_dr_memory_202607/experiments/real_data/germany_2025_price.csv,19.0,1.0,/home/hku_user3/EnergyBridge_rl_dr_memory_202607/benchmark_results/2026-07-22_rule_milp_dr_memory_daily_july/_batch_logs/daily_event_configs/d02_hist_d02_1.json,completed,0,116.1,/home/hku_user3/EnergyBridge_rl_dr_memory_202607/benchmark_results/2026-07-22_rule_milp_dr_memory_daily_july/household_s2_multigeneration_caregiver_rule_milp_germany_d02_hist_d02_1_2025-07-02_1day,/home/hku_user3/EnergyBridge_rl_dr_memory_202607/benchmark_results/2026-07-22_rule_milp_dr_memory_daily_july/_batch_logs/daily_dr_memory_germany_1day/household_s2_multigeneration_caregiver_rule_milp_germany_d02_hist_d02_1_2025-07-02_1day.log,/home/hku_user3/EnergyBridge_rl_dr_memory_202607/benchmark_results/2026-07-22_rule_milp_dr_memory_daily_july/household_s2_multigeneration_caregiver_rule_milp_germany_d02_hist_d02_1_2025-07-02_1day/run_summary.txt,0,89.62102,89.62102,21.193155,0.108495,EUR/kWh,/home/hku_user3/EnergyBridge_rl_dr_memory_202607/experiments/real_data/germany_2025_price.csv,10.4706,10.4706,0.0,0.0,1.9,1.0,1.0,"['dishwasher', 'dryer', 'ev', 'washer', 'water_heater']",[],[]
household_s1_dual_commuter_standard,household_s1_dual_commuter_standard,rule_milp,Germany,1,2025-07-31,d31_hist_d31_1,hist_d31_1,31,/home/hku_user3/EnergyBridge_rl_dr_memory_202607/experiments/real_data/germany_2025_price.csv,17.0,1.0,/home/hku_user3/EnergyBridge_rl_dr_memory_202607/benchmark_results/2026-07-22_rule_milp_dr_memory_daily_july/_batch_logs/daily_event_configs/d31_hist_d31_1.json,skipped_done,0,0.0,/home/hku_user3/EnergyBridge_rl_dr_memory_202607/benchmark_results/2026-07-22_rule_milp_dr_memory_daily_july/household_s1_dual_commuter_standard_rule_milp_germany_d31_hist_d31_1_2025-07-31_1day,/home/hku_user3/EnergyBridge_rl_dr_memory_202607/benchmark_results/2026-07-22_rule_milp_dr_memory_daily_july/_batch_logs/daily_dr_memory_germany_1day/household_s1_dual_commuter_standard_rule_milp_germany_d31_hist_d31_1_2025-07-31_1day.log,/home/hku_user3/EnergyBridge_rl_dr_memory_202607/benchmark_results/2026-07-22_rule_milp_dr_memory_daily_july/household_s1_dual_commuter_standard_rule_milp_germany_d31_hist_d31_1_2025-07-31_1day/run_summary.txt,0,56.171687,56.171687,16.845916,0.088773,EUR/kWh,/home/hku_user3/EnergyBridge_rl_dr_memory_202607/experiments/real_data/germany_2025_price.csv,7.9123,7.9123,0.0,0.0,1.962,1.0,1.0,"['dishwasher', 'dryer', 'ev', 'washer', 'water_heater']",[],[]
household_s1_dual_commuter_standard,household_s1_dual_commuter_standard,no_dr,Germany,1,2025-07-31,d31_hist_d31_1,hist_d31_1,31,/home/hku_user3/EnergyBridge_rl_dr_memory_202607/experiments/real_data/germany_2025_price.csv,17.0,1.0,/home/hku_user3/EnergyBridge_rl_dr_memory_202607/benchmark_results/2026-07-22_rule_milp_dr_memory_daily_july/_batch_logs/daily_event_configs/d31_hist_d31_1.json,skipped_done,0,0.0,/home/hku_user3/EnergyBridge_rl_dr_memory_202607/benchmark_results/2026-07-22_rule_milp_dr_memory_daily_july/household_s1_dual_commuter_standard_no_dr_germany_d31_hist_d31_1_2025-07-31_1day,/home/hku_user3/EnergyBridge_rl_dr_memory_202607/benchmark_results/2026-07-22_rule_milp_dr_memory_daily_july/_batch_logs/daily_dr_memory_germany_1day/household_s1_dual_commuter_standard_no_dr_germany_d31_hist_d31_1_2025-07-31_1day.log,/home/hku_user3/EnergyBridge_rl_dr_memory_202607/benchmark_results/2026-07-22_rule_milp_dr_memory_daily_july/household_s1_dual_commuter_standard_no_dr_germany_d31_hist_d31_1_2025-07-31_1day/run_summary.txt,0,54.534357,54.534357,17.136474,0.089764,EUR/kWh,/home/hku_user3/EnergyBridge_rl_dr_memory_202607/experiments/real_data/germany_2025_price.csv,10.2756,10.2756,1.0,1.0,,0.0,0.8,[],"['dishwasher', 'dryer', 'ev', 'washer', 'water_heater']",[]
household_s1_dual_commuter_standard,household_s1_dual_commuter_standard,rule_milp,Tianjin,1,2025-07-31,d31_hist_d31_1,hist_d31_1,31,/home/hku_user3/EnergyBridge_rl_dr_memory_202607/experiments/real_data/tianjin_tou_price_normalized.csv,17.0,1.0,/home/hku_user3/EnergyBridge_rl_dr_memory_202607/benchmark_results/2026-07-22_rule_milp_dr_memory_daily_july/_batch_logs/daily_event_configs/d31_hist_d31_1.json,skipped_done,0,0.0,/home/hku_user3/EnergyBridge_rl_dr_memory_202607/benchmark_results/2026-07-22_rule_milp_dr_memory_daily_july/household_s1_dual_commuter_standard_rule_milp_tianjin_d31_hist_d31_1_2025-07-31_1day,/home/hku_user3/EnergyBridge_rl_dr_memory_202607/benchmark_results/2026-07-22_rule_milp_dr_memory_daily_july/_batch_logs/daily_dr_memory_tianjin_1day/household_s1_dual_commuter_standard_rule_milp_tianjin_d31_hist_d31_1_2025-07-31_1day.log,/home/hku_user3/EnergyBridge_rl_dr_memory_202607/benchmark_results/2026-07-22_rule_milp_dr_memory_daily_july/household_s1_dual_commuter_standard_rule_milp_tianjin_d31_hist_d31_1_2025-07-31_1day/run_summary.txt,0,71.474681,71.474681,65.796649,1.149854,normalized TOU cost/kWh,/home/hku_user3/EnergyBridge_rl_dr_memory_202607/experiments/real_data/tianjin_tou_price_normalized.csv,1.7712,1.7712,0.0,0.0,1.962,1.0,1.0,"['dishwasher', 'dryer', 'ev', 'washer', 'water_heater']",[],[]
household_s1_dual_commuter_standard,household_s1_dual_commuter_standard,no_dr,Tianjin,1,2025-07-31,d31_hist_d31_1,hist_d31_1,31,/home/hku_user3/EnergyBridge_rl_dr_memory_202607/experiments/real_data/tianjin_tou_price_normalized.csv,17.0,1.0,/home/hku_user3/EnergyBridge_rl_dr_memory_202607/benchmark_results/2026-07-22_rule_milp_dr_memory_daily_july/_batch_logs/daily_event_configs/d31_hist_d31_1.json,skipped_done,0,0.0,/home/hku_user3/EnergyBridge_rl_dr_memory_202607/benchmark_results/2026-07-22_rule_milp_dr_memory_daily_july/household_s1_dual_commuter_standard_no_dr_tianjin_d31_hist_d31_1_2025-07-31_1day,/home/hku_user3/EnergyBridge_rl_dr_memory_202607/benchmark_results/2026-07-22_rule_milp_dr_memory_daily_july/_batch_logs/daily_dr_memory_tianjin_1day/household_s1_dual_commuter_standard_no_dr_tianjin_d31_hist_d31_1_2025-07-31_1day.log,/home/hku_user3/EnergyBridge_rl_dr_memory_202607/benchmark_results/2026-07-22_rule_milp_dr_memory_daily_july/household_s1_dual_commuter_standard_no_dr_tianjin_d31_hist_d31_1_2025-07-31_1day/run_summary.txt,0,69.20272,69.20272,73.817652,1.147357,normalized TOU cost/kWh,/home/hku_user3/EnergyBridge_rl_dr_memory_202607/experiments/real_data/tianjin_tou_price_normalized.csv,3.9416,3.9416,1.0,1.0,,0.0,0.8,[],"['dishwasher', 'dryer', 'ev', 'washer', 'water_heater']",[]
household_s2_multigeneration_caregiver,household_s2_multigeneration_caregiver,rule_milp,Germany,1,2025-07-31,d31_hist_d31_1,hist_d31_1,31,/home/hku_user3/EnergyBridge_rl_dr_memory_202607/experiments/real_data/germany_2025_price.csv,17.0,1.0,/home/hku_user3/EnergyBridge_rl_dr_memory_202607/benchmark_results/2026-07-22_rule_milp_dr_memory_daily_july/_batch_logs/daily_event_configs/d31_hist_d31_1.json,skipped_done,0,0.0,/home/hku_user3/EnergyBridge_rl_dr_memory_202607/benchmark_results/2026-07-22_rule_milp_dr_memory_daily_july/household_s2_multigeneration_caregiver_rule_milp_germany_d31_hist_d31_1_2025-07-31_1day,/home/hku_user3/EnergyBridge_rl_dr_memory_202607/benchmark_results/2026-07-22_rule_milp_dr_memory_daily_july/_batch_logs/daily_dr_memory_germany_1day/household_s2_multigeneration_caregiver_rule_milp_germany_d31_hist_d31_1_2025-07-31_1day.log,/home/hku_user3/EnergyBridge_rl_dr_memory_202607/benchmark_results/2026-07-22_rule_milp_dr_memory_daily_july/household_s2_multigeneration_caregiver_rule_milp_germany_d31_hist_d31_1_2025-07-31_1day/run_summary.txt,0,49.504006,49.504006,16.210352,0.088507,EUR/kWh,/home/hku_user3/EnergyBridge_rl_dr_memory_202607/experiments/real_data/germany_2025_price.csv,7.9939,7.9939,0.0,0.0,1.9,1.0,1.0,"['dishwasher', 'dryer', 'ev', 'washer', 'water_heater']",[],[]
household_s2_multigeneration_caregiver,household_s2_multigeneration_caregiver,no_dr,Germany,1,2025-07-31,d31_hist_d31_1,hist_d31_1,31,/home/hku_user3/EnergyBridge_rl_dr_memory_202607/experiments/real_data/germany_2025_price.csv,17.0,1.0,/home/hku_user3/EnergyBridge_rl_dr_memory_202607/benchmark_results/2026-07-22_rule_milp_dr_memory_daily_july/_batch_logs/daily_event_configs/d31_hist_d31_1.json,skipped_done,0,0.0,/home/hku_user3/EnergyBridge_rl_dr_memory_202607/benchmark_results/2026-07-22_rule_milp_dr_memory_daily_july/household_s2_multigeneration_caregiver_no_dr_germany_d31_hist_d31_1_2025-07-31_1day,/home/hku_user3/EnergyBridge_rl_dr_memory_202607/benchmark_results/2026-07-22_rule_milp_dr_memory_daily_july/_batch_logs/daily_dr_memory_germany_1day/household_s2_multigeneration_caregiver_no_dr_germany_d31_hist_d31_1_2025-07-31_1day.log,/home/hku_user3/EnergyBridge_rl_dr_memory_202607/benchmark_results/2026-07-22_rule_milp_dr_memory_daily_july/household_s2_multigeneration_caregiver_no_dr_germany_d31_hist_d31_1_2025-07-31_1day/run_summary.txt,0,46.900952,46.900952,16.382996,0.089623,EUR/kWh,/home/hku_user3/EnergyBridge_rl_dr_memory_202607/experiments/real_data/germany_2025_price.csv,10.3211,10.3211,1.0,1.0,,0.0,0.8,[],"['dishwasher', 'dryer', 'ev', 'washer', 'water_heater']",[]
household_s2_multigeneration_caregiver,household_s2_multigeneration_caregiver,rule_milp,Tianjin,1,2025-07-31,d31_hist_d31_1,hist_d31_1,31,/home/hku_user3/EnergyBridge_rl_dr_memory_202607/experiments/real_data/tianjin_tou_price_normalized.csv,17.0,1.0,/home/hku_user3/EnergyBridge_rl_dr_memory_202607/benchmark_results/2026-07-22_rule_milp_dr_memory_daily_july/_batch_logs/daily_event_configs/d31_hist_d31_1.json,skipped_done,0,0.0,/home/hku_user3/EnergyBridge_rl_dr_memory_202607/benchmark_results/2026-07-22_rule_milp_dr_memory_daily_july/household_s2_multigeneration_caregiver_rule_milp_tianjin_d31_hist_d31_1_2025-07-31_1day,/home/hku_user3/EnergyBridge_rl_dr_memory_202607/benchmark_results/2026-07-22_rule_milp_dr_memory_daily_july/_batch_logs/daily_dr_memory_tianjin_1day/household_s2_multigeneration_caregiver_rule_milp_tianjin_d31_hist_d31_1_2025-07-31_1day.log,/home/hku_user3/EnergyBridge_rl_dr_memory_202607/benchmark_results/2026-07-22_rule_milp_dr_memory_daily_july/household_s2_multigeneration_caregiver_rule_milp_tianjin_d31_hist_d31_1_2025-07-31_1day/run_summary.txt,0,69.735317,69.735317,63.538429,1.18956,normalized TOU cost/kWh,/home/hku_user3/EnergyBridge_rl_dr_memory_202607/experiments/real_data/tianjin_tou_price_normalized.csv,1.7037,1.7037,0.0,0.0,1.9,1.0,1.0,"['dishwasher', 'dryer', 'ev', 'washer', 'water_heater']",[],[]
household_s2_multigeneration_caregiver,household_s2_multigeneration_caregiver,no_dr,Tianjin,1,2025-07-31,d31_hist_d31_1,hist_d31_1,31,/home/hku_user3/EnergyBridge_rl_dr_memory_202607/experiments/real_data/tianjin_tou_price_normalized.csv,17.0,1.0,/home/hku_user3/EnergyBridge_rl_dr_memory_202607/benchmark_results/2026-07-22_rule_milp_dr_memory_daily_july/_batch_logs/daily_event_configs/d31_hist_d31_1.json,skipped_done,0,0.0,/home/hku_user3/EnergyBridge_rl_dr_memory_202607/benchmark_results/2026-07-22_rule_milp_dr_memory_daily_july/household_s2_multigeneration_caregiver_no_dr_tianjin_d31_hist_d31_1_2025-07-31_1day,/home/hku_user3/EnergyBridge_rl_dr_memory_202607/benchmark_results/2026-07-22_rule_milp_dr_memory_daily_july/_batch_logs/daily_dr_memory_tianjin_1day/household_s2_multigeneration_caregiver_no_dr_tianjin_d31_hist_d31_1_2025-07-31_1day.log,/home/hku_user3/EnergyBridge_rl_dr_memory_202607/benchmark_results/2026-07-22_rule_milp_dr_memory_daily_july/household_s2_multigeneration_caregiver_no_dr_tianjin_d31_hist_d31_1_2025-07-31_1day/run_summary.txt,0,62.809993,62.809993,66.670074,1.18259,normalized TOU cost/kWh,/home/hku_user3/EnergyBridge_rl_dr_memory_202607/experiments/real_data/tianjin_tou_price_normalized.csv,3.997,3.997,1.0,1.0,,0.0,0.8,[],"['dishwasher', 'dryer', 'ev', 'washer', 'water_heater']",[]
household_s3_hybrid_work_from_home,household_s3_hybrid_work_from_home,rule_milp,Germany,1,2025-07-31,d31_hist_d31_1,hist_d31_1,31,/home/hku_user3/EnergyBridge_rl_dr_memory_202607/experiments/real_data/germany_2025_price.csv,17.0,1.0,/home/hku_user3/EnergyBridge_rl_dr_memory_202607/benchmark_results/2026-07-22_rule_milp_dr_memory_daily_july/_batch_logs/daily_event_configs/d31_hist_d31_1.json,skipped_done,0,0.0,/home/hku_user3/EnergyBridge_rl_dr_memory_202607/benchmark_results/2026-07-22_rule_milp_dr_memory_daily_july/household_s3_hybrid_work_from_home_rule_milp_germany_d31_hist_d31_1_2025-07-31_1day,/home/hku_user3/EnergyBridge_rl_dr_memory_202607/benchmark_results/2026-07-22_rule_milp_dr_memory_daily_july/_batch_logs/daily_dr_memory_germany_1day/household_s3_hybrid_work_from_home_rule_milp_germany_d31_hist_d31_1_2025-07-31_1day.log,/home/hku_user3/EnergyBridge_rl_dr_memory_202607/benchmark_results/2026-07-22_rule_milp_dr_memory_daily_july/household_s3_hybrid_work_from_home_rule_milp_germany_d31_hist_d31_1_2025-07-31_1day/run_summary.txt,0,52.217744,52.217744,16.408306,0.08863,EUR/kWh,/home/hku_user3/EnergyBridge_rl_dr_memory_202607/experiments/real_data/germany_2025_price.csv,6.9465,6.9465,0.0,0.0,1.337,1.0,1.0,"['dishwasher', 'dryer', 'ev', 'washer', 'water_heater']",[],[]
household_s3_hybrid_work_from_home,household_s3_hybrid_work_from_home,no_dr,Germany,1,2025-07-31,d31_hist_d31_1,hist_d31_1,31,/home/hku_user3/EnergyBridge_rl_dr_memory_202607/experiments/real_data/germany_2025_price.csv,17.0,1.0,/home/hku_user3/EnergyBridge_rl_dr_memory_202607/benchmark_results/2026-07-22_rule_milp_dr_memory_daily_july/_batch_logs/daily_event_configs/d31_hist_d31_1.json,skipped_done,0,0.0,/home/hku_user3/EnergyBridge_rl_dr_memory_202607/benchmark_results/2026-07-22_rule_milp_dr_memory_daily_july/household_s3_hybrid_work_from_home_no_dr_germany_d31_hist_d31_1_2025-07-31_1day,/home/hku_user3/EnergyBridge_rl_dr_memory_202607/benchmark_results/2026-07-22_rule_milp_dr_memory_daily_july/_batch_logs/daily_dr_memory_germany_1day/household_s3_hybrid_work_from_home_no_dr_germany_d31_hist_d31_1_2025-07-31_1day.log,/home/hku_user3/EnergyBridge_rl_dr_memory_202607/benchmark_results/2026-07-22_rule_milp_dr_memory_daily_july/household_s3_hybrid_work_from_home_no_dr_germany_d31_hist_d31_1_2025-07-31_1day/run_summary.txt,0,50.703492,50.703492,16.747637,0.089725,EUR/kWh,/home/hku_user3/EnergyBridge_rl_dr_memory_202607/experiments/real_data/germany_2025_price.csv,10.2875,10.2875,1.0,1.0,,0.0,0.8,[],"['dishwasher', 'dryer', 'ev', 'washer', 'water_heater']",[]
household_s3_hybrid_work_from_home,household_s3_hybrid_work_from_home,rule_milp,Tianjin,1,2025-07-31,d31_hist_d31_1,hist_d31_1,31,/home/hku_user3/EnergyBridge_rl_dr_memory_202607/experiments/real_data/tianjin_tou_price_normalized.csv,17.0,1.0,/home/hku_user3/EnergyBridge_rl_dr_memory_202607/benchmark_results/2026-07-22_rule_milp_dr_memory_daily_july/_batch_logs/daily_event_configs/d31_hist_d31_1.json,skipped_done,0,0.0,/home/hku_user3/EnergyBridge_rl_dr_memory_202607/benchmark_results/2026-07-22_rule_milp_dr_memory_daily_july/household_s3_hybrid_work_from_home_rule_milp_tianjin_d31_hist_d31_1_2025-07-31_1day,/home/hku_user3/EnergyBridge_rl_dr_memory_202607/benchmark_results/2026-07-22_rule_milp_dr_memory_daily_july/_batch_logs/daily_dr_memory_tianjin_1day/household_s3_hybrid_work_from_home_rule_milp_tianjin_d31_hist_d31_1_2025-07-31_1day.log,/home/hku_user3/EnergyBridge_rl_dr_memory_202607/benchmark_results/2026-07-22_rule_milp_dr_memory_daily_july/household_s3_hybrid_work_from_home_rule_milp_tianjin_d31_hist_d31_1_2025-07-31_1day/run_summary.txt,0,66.548999,66.548999,62.509637,1.159584,normalized TOU cost/kWh,/home/hku_user3/EnergyBridge_rl_dr_memory_202607/experiments/real_data/tianjin_tou_price_normalized.csv,0.9485,0.9485,0.0,0.0,1.15,1.0,1.0,"['dishwasher', 'dryer', 'ev', 'washer', 'water_heater']",[],[]
household_s3_hybrid_work_from_home,household_s3_hybrid_work_from_home,no_dr,Tianjin,1,2025-07-31,d31_hist_d31_1,hist_d31_1,31,/home/hku_user3/EnergyBridge_rl_dr_memory_202607/experiments/real_data/tianjin_tou_price_normalized.csv,17.0,1.0,/home/hku_user3/EnergyBridge_rl_dr_memory_202607/benchmark_results/2026-07-22_rule_milp_dr_memory_daily_july/_batch_logs/daily_event_configs/d31_hist_d31_1.json,skipped_done,0,0.0,/home/hku_user3/EnergyBridge_rl_dr_memory_202607/benchmark_results/2026-07-22_rule_milp_dr_memory_daily_july/household_s3_hybrid_work_from_home_no_dr_tianjin_d31_hist_d31_1_2025-07-31_1day,/home/hku_user3/EnergyBridge_rl_dr_memory_202607/benchmark_results/2026-07-22_rule_milp_dr_memory_daily_july/_batch_logs/daily_dr_memory_tianjin_1day/household_s3_hybrid_work_from_home_no_dr_tianjin_d31_hist_d31_1_2025-07-31_1day.log,/home/hku_user3/EnergyBridge_rl_dr_memory_202607/benchmark_results/2026-07-22_rule_milp_dr_memory_daily_july/household_s3_hybrid_work_from_home_no_dr_tianjin_d31_hist_d31_1_2025-07-31_1day/run_summary.txt,0,65.497805,65.497805,70.162834,1.158633,normalized TOU cost/kWh,/home/hku_user3/EnergyBridge_rl_dr_memory_202607/experiments/real_data/tianjin_tou_price_normalized.csv,3.9468,3.9468,1.0,1.0,,0.0,0.8,[],"['dishwasher', 'dryer', 'ev', 'washer', 'water_heater']",[]
household_s4_ev_commuter_flexible,household_s4_ev_commuter_flexible,rule_milp,Germany,1,2025-07-31,d31_hist_d31_1,hist_d31_1,31,/home/hku_user3/EnergyBridge_rl_dr_memory_202607/experiments/real_data/germany_2025_price.csv,17.0,1.0,/home/hku_user3/EnergyBridge_rl_dr_memory_202607/benchmark_results/2026-07-22_rule_milp_dr_memory_daily_july/_batch_logs/daily_event_configs/d31_hist_d31_1.json,skipped_done,0,0.0,/home/hku_user3/EnergyBridge_rl_dr_memory_202607/benchmark_results/2026-07-22_rule_milp_dr_memory_daily_july/household_s4_ev_commuter_flexible_rule_milp_germany_d31_hist_d31_1_2025-07-31_1day,/home/hku_user3/EnergyBridge_rl_dr_memory_202607/benchmark_results/2026-07-22_rule_milp_dr_memory_daily_july/_batch_logs/daily_dr_memory_germany_1day/household_s4_ev_commuter_flexible_rule_milp_germany_d31_hist_d31_1_2025-07-31_1day.log,/home/hku_user3/EnergyBridge_rl_dr_memory_202607/benchmark_results/2026-07-22_rule_milp_dr_memory_daily_july/household_s4_ev_commuter_flexible_rule_milp_germany_d31_hist_d31_1_2025-07-31_1day/run_summary.txt,0,58.682758,58.682758,17.090748,0.088821,EUR/kWh,/home/hku_user3/EnergyBridge_rl_dr_memory_202607/experiments/real_data/germany_2025_price.csv,6.9399,6.9399,0.0,0.0,1.427,1.0,1.0,"['dishwasher', 'dryer', 'ev', 'washer', 'water_heater']",[],[]
household_s4_ev_commuter_flexible,household_s4_ev_commuter_flexible,no_dr,Germany,1,2025-07-31,d31_hist_d31_1,hist_d31_1,31,/home/hku_user3/EnergyBridge_rl_dr_memory_202607/experiments/real_data/germany_2025_price.csv,17.0,1.0,/home/hku_user3/EnergyBridge_rl_dr_memory_202607/benchmark_results/2026-07-22_rule_milp_dr_memory_daily_july/_batch_logs/daily_event_configs/d31_hist_d31_1.json,skipped_done,0,0.0,/home/hku_user3/EnergyBridge_rl_dr_memory_202607/benchmark_results/2026-07-22_rule_milp_dr_memory_daily_july/household_s4_ev_commuter_flexible_no_dr_germany_d31_hist_d31_1_2025-07-31_1day,/home/hku_user3/EnergyBridge_rl_dr_memory_202607/benchmark_results/2026-07-22_rule_milp_dr_memory_daily_july/_batch_logs/daily_dr_memory_germany_1day/household_s4_ev_commuter_flexible_no_dr_germany_d31_hist_d31_1_2025-07-31_1day.log,/home/hku_user3/EnergyBridge_rl_dr_memory_202607/benchmark_results/2026-07-22_rule_milp_dr_memory_daily_july/household_s4_ev_commuter_flexible_no_dr_germany_d31_hist_d31_1_2025-07-31_1day/run_summary.txt,0,58.615516,58.615516,17.519042,0.089847,EUR/kWh,/home/hku_user3/EnergyBridge_rl_dr_memory_202607/experiments/real_data/germany_2025_price.csv,10.2756,10.2756,1.0,1.0,,0.0,1.0,[],"['dishwasher', 'dryer', 'ev', 'washer', 'water_heater']",[]
household_s4_ev_commuter_flexible,household_s4_ev_commuter_flexible,rule_milp,Tianjin,1,2025-07-31,d31_hist_d31_1,hist_d31_1,31,/home/hku_user3/EnergyBridge_rl_dr_memory_202607/experiments/real_data/tianjin_tou_price_normalized.csv,17.0,1.0,/home/hku_user3/EnergyBridge_rl_dr_memory_202607/benchmark_results/2026-07-22_rule_milp_dr_memory_daily_july/_batch_logs/daily_event_configs/d31_hist_d31_1.json,skipped_done,0,0.0,/home/hku_user3/EnergyBridge_rl_dr_memory_202607/benchmark_results/2026-07-22_rule_milp_dr_memory_daily_july/household_s4_ev_commuter_flexible_rule_milp_tianjin_d31_hist_d31_1_2025-07-31_1day,/home/hku_user3/EnergyBridge_rl_dr_memory_202607/benchmark_results/2026-07-22_rule_milp_dr_memory_daily_july/_batch_logs/daily_dr_memory_tianjin_1day/household_s4_ev_commuter_flexible_rule_milp_tianjin_d31_hist_d31_1_2025-07-31_1day.log,/home/hku_user3/EnergyBridge_rl_dr_memory_202607/benchmark_results/2026-07-22_rule_milp_dr_memory_daily_july/household_s4_ev_commuter_flexible_rule_milp_tianjin_d31_hist_d31_1_2025-07-31_1day/run_summary.txt,0,68.042362,68.042362,67.38621,1.115335,normalized TOU cost/kWh,/home/hku_user3/EnergyBridge_rl_dr_memory_202607/experiments/real_data/tianjin_tou_price_normalized.csv,0.9489,0.9489,0.0,0.0,1.317,1.0,1.0,"['dishwasher', 'dryer', 'ev', 'washer', 'water_heater']",[],[]
household_s4_ev_commuter_flexible,household_s4_ev_commuter_flexible,no_dr,Tianjin,1,2025-07-31,d31_hist_d31_1,hist_d31_1,31,/home/hku_user3/EnergyBridge_rl_dr_memory_202607/experiments/real_data/tianjin_tou_price_normalized.csv,17.0,1.0,/home/hku_user3/EnergyBridge_rl_dr_memory_202607/benchmark_results/2026-07-22_rule_milp_dr_memory_daily_july/_batch_logs/daily_event_configs/d31_hist_d31_1.json,skipped_done,0,0.0,/home/hku_user3/EnergyBridge_rl_dr_memory_202607/benchmark_results/2026-07-22_rule_milp_dr_memory_daily_july/household_s4_ev_commuter_flexible_no_dr_tianjin_d31_hist_d31_1_2025-07-31_1day,/home/hku_user3/EnergyBridge_rl_dr_memory_202607/benchmark_results/2026-07-22_rule_milp_dr_memory_daily_july/_batch_logs/daily_dr_memory_tianjin_1day/household_s4_ev_commuter_flexible_no_dr_tianjin_d31_hist_d31_1_2025-07-31_1day.log,/home/hku_user3/EnergyBridge_rl_dr_memory_202607/benchmark_results/2026-07-22_rule_milp_dr_memory_daily_july/household_s4_ev_commuter_flexible_no_dr_tianjin_d31_hist_d31_1_2025-07-31_1day/run_summary.txt,0,73.283879,73.283879,77.898811,1.138568,normalized TOU cost/kWh,/home/hku_user3/EnergyBridge_rl_dr_memory_202607/experiments/real_data/tianjin_tou_price_normalized.csv,3.9416,3.9416,1.0,1.0,,0.0,1.0,[],"['dishwasher', 'dryer', 'ev', 'washer', 'water_heater']",[]
household_s5_shared_roommates_irregular,household_s5_shared_roommates_irregular,rule_milp,Germany,1,2025-07-31,d31_hist_d31_1,hist_d31_1,31,/home/hku_user3/EnergyBridge_rl_dr_memory_202607/experiments/real_data/germany_2025_price.csv,17.0,1.0,/home/hku_user3/EnergyBridge_rl_dr_memory_202607/benchmark_results/2026-07-22_rule_milp_dr_memory_daily_july/_batch_logs/daily_event_configs/d31_hist_d31_1.json,skipped_done,0,0.0,/home/hku_user3/EnergyBridge_rl_dr_memory_202607/benchmark_results/2026-07-22_rule_milp_dr_memory_daily_july/household_s5_shared_roommates_irregular_rule_milp_germany_d31_hist_d31_1_2025-07-31_1day,/home/hku_user3/EnergyBridge_rl_dr_memory_202607/benchmark_results/2026-07-22_rule_milp_dr_memory_daily_july/_batch_logs/daily_dr_memory_germany_1day/household_s5_shared_roommates_irregular_rule_milp_germany_d31_hist_d31_1_2025-07-31_1day.log,/home/hku_user3/EnergyBridge_rl_dr_memory_202607/benchmark_results/2026-07-22_rule_milp_dr_memory_daily_july/household_s5_shared_roommates_irregular_rule_milp_germany_d31_hist_d31_1_2025-07-31_1day/run_summary.txt,0,51.215259,51.215259,16.415171,0.088665,EUR/kWh,/home/hku_user3/EnergyBridge_rl_dr_memory_202607/experiments/real_data/germany_2025_price.csv,7.7991,7.7991,0.0,0.0,1.863,1.0,1.0,"['dishwasher', 'dryer', 'ev', 'washer', 'water_heater']",[],[]
household_s5_shared_roommates_irregular,household_s5_shared_roommates_irregular,no_dr,Germany,1,2025-07-31,d31_hist_d31_1,hist_d31_1,31,/home/hku_user3/EnergyBridge_rl_dr_memory_202607/experiments/real_data/germany_2025_price.csv,17.0,1.0,/home/hku_user3/EnergyBridge_rl_dr_memory_202607/benchmark_results/2026-07-22_rule_milp_dr_memory_daily_july/_batch_logs/daily_event_configs/d31_hist_d31_1.json,skipped_done,0,0.0,/home/hku_user3/EnergyBridge_rl_dr_memory_202607/benchmark_results/2026-07-22_rule_milp_dr_memory_daily_july/household_s5_shared_roommates_irregular_no_dr_germany_d31_hist_d31_1_2025-07-31_1day,/home/hku_user3/EnergyBridge_rl_dr_memory_202607/benchmark_results/2026-07-22_rule_milp_dr_memory_daily_july/_batch_logs/daily_dr_memory_germany_1day/household_s5_shared_roommates_irregular_no_dr_germany_d31_hist_d31_1_2025-07-31_1day.log,/home/hku_user3/EnergyBridge_rl_dr_memory_202607/benchmark_results/2026-07-22_rule_milp_dr_memory_daily_july/household_s5_shared_roommates_irregular_no_dr_germany_d31_hist_d31_1_2025-07-31_1day/run_summary.txt,0,50.453197,50.453197,16.7605,0.089712,EUR/kWh,/home/hku_user3/EnergyBridge_rl_dr_memory_202607/experiments/real_data/germany_2025_price.csv,10.2756,10.2756,1.0,1.0,,0.0,1.0,[],"['dishwasher', 'dryer', 'ev', 'washer', 'water_heater']",[]
household_s5_shared_roommates_irregular,household_s5_shared_roommates_irregular,rule_milp,Tianjin,1,2025-07-31,d31_hist_d31_1,hist_d31_1,31,/home/hku_user3/EnergyBridge_rl_dr_memory_202607/experiments/real_data/tianjin_tou_price_normalized.csv,17.0,1.0,/home/hku_user3/EnergyBridge_rl_dr_memory_202607/benchmark_results/2026-07-22_rule_milp_dr_memory_daily_july/_batch_logs/daily_event_configs/d31_hist_d31_1.json,skipped_done,0,0.0,/home/hku_user3/EnergyBridge_rl_dr_memory_202607/benchmark_results/2026-07-22_rule_milp_dr_memory_daily_july/household_s5_shared_roommates_irregular_rule_milp_tianjin_d31_hist_d31_1_2025-07-31_1day,/home/hku_user3/EnergyBridge_rl_dr_memory_202607/benchmark_results/2026-07-22_rule_milp_dr_memory_daily_july/_batch_logs/daily_dr_memory_tianjin_1day/household_s5_shared_roommates_irregular_rule_milp_tianjin_d31_hist_d31_1_2025-07-31_1day.log,/home/hku_user3/EnergyBridge_rl_dr_memory_202607/benchmark_results/2026-07-22_rule_milp_dr_memory_daily_july/household_s5_shared_roommates_irregular_rule_milp_tianjin_d31_hist_d31_1_2025-07-31_1day/run_summary.txt,0,62.542294,62.542294,59.970387,1.13753,normalized TOU cost/kWh,/home/hku_user3/EnergyBridge_rl_dr_memory_202607/experiments/real_data/tianjin_tou_price_normalized.csv,1.5166,1.5166,0.0,0.0,1.998,1.0,1.0,"['dishwasher', 'dryer', 'ev', 'washer', 'water_heater']",[],[]
household_s5_shared_roommates_irregular,household_s5_shared_roommates_irregular,no_dr,Tianjin,1,2025-07-31,d31_hist_d31_1,hist_d31_1,31,/home/hku_user3/EnergyBridge_rl_dr_memory_202607/experiments/real_data/tianjin_tou_price_normalized.csv,17.0,1.0,/home/hku_user3/EnergyBridge_rl_dr_memory_202607/benchmark_results/2026-07-22_rule_milp_dr_memory_daily_july/_batch_logs/daily_event_configs/d31_hist_d31_1.json,skipped_done,0,0.0,/home/hku_user3/EnergyBridge_rl_dr_memory_202607/benchmark_results/2026-07-22_rule_milp_dr_memory_daily_july/household_s5_shared_roommates_irregular_no_dr_tianjin_d31_hist_d31_1_2025-07-31_1day,/home/hku_user3/EnergyBridge_rl_dr_memory_202607/benchmark_results/2026-07-22_rule_milp_dr_memory_daily_july/_batch_logs/daily_dr_memory_tianjin_1day/household_s5_shared_roommates_irregular_no_dr_tianjin_d31_hist_d31_1_2025-07-31_1day.log,/home/hku_user3/EnergyBridge_rl_dr_memory_202607/benchmark_results/2026-07-22_rule_milp_dr_memory_daily_july/household_s5_shared_roommates_irregular_no_dr_tianjin_d31_hist_d31_1_2025-07-31_1day/run_summary.txt,0,65.121561,65.121561,69.736493,1.157338,normalized TOU cost/kWh,/home/hku_user3/EnergyBridge_rl_dr_memory_202607/experiments/real_data/tianjin_tou_price_normalized.csv,3.9416,3.9416,1.0,1.0,,0.0,1.0,[],"['dishwasher', 'dryer', 'ev', 'washer', 'water_heater']",[]
