persona_id,household_id,method,city,days,start_date,memory_sample_id,memory_source_event_id,memory_source_day,price_csv,vpp_start_hour,vpp_duration_hours,vpp_events_json,status,return_code,elapsed_s,output_dir,log_file,run_summary_path,exit_code,energy_kwh,energy_kwh_per_day,day_ahead_total_cost_eur,day_ahead_weighted_price_eur_per_kwh,day_ahead_price_unit,day_ahead_price_source,vpp_window_energy_kwh,vpp_window_energy_avg_per_hour_kwh,vpp_demand_achievement_ratio,vpp_appliance_avoidance_success_rate,user_pref_score,appliance_task_completion_rate,physical_appliance_task_completion_rate,policy_output_covered_appliance_services,policy_output_uncovered_appliance_services,policy_output_absent_appliance_services
household_s4_ev_commuter_flexible,household_s4_ev_commuter_flexible,EnergyBridge,Germany,1,2025-07-01,d01_hist_d01_1,hist_d01_1,1,/home/hku_user3/EnergyBridge_shed_eval/experiments/real_data/germany_2025_price.csv,18.0,1.0,benchmark_results/july_pilot_2026-07-20/2026-07-20/_batch_logs/daily_event_configs/d01_hist_d01_1.json,skipped_done,0,0.0,benchmark_results/july_pilot_2026-07-20/2026-07-20/household_s4_ev_commuter_flexible_EnergyBridge_germany_d01_hist_d01_1_2025-07-01_1day,benchmark_results/july_pilot_2026-07-20/2026-07-20/_batch_logs/daily_dr_memory_germany_1day/household_s4_ev_commuter_flexible_EnergyBridge_germany_d01_hist_d01_1_2025-07-01_1day.log,benchmark_results/july_pilot_2026-07-20/2026-07-20/household_s4_ev_commuter_flexible_EnergyBridge_germany_d01_hist_d01_1_2025-07-01_1day/run_summary.txt,0,85.424944,85.424944,28.234776,0.142484,EUR/kWh,/home/hku_user3/EnergyBridge_shed_eval/experiments/real_data/germany_2025_price.csv,8.6125,8.6125,0.0,0.0,2.7,1.0,1.0,"['dishwasher', 'dryer', 'ev', 'washer', 'water_heater']",[],[]
household_s2_multigeneration_caregiver,household_s2_multigeneration_caregiver,EnergyBridge,Germany,1,2025-07-01,d01_hist_d01_1,hist_d01_1,1,/home/hku_user3/EnergyBridge_shed_eval/experiments/real_data/germany_2025_price.csv,18.0,1.0,benchmark_results/july_pilot_2026-07-20/2026-07-20/_batch_logs/daily_event_configs/d01_hist_d01_1.json,skipped_done,0,0.0,benchmark_results/july_pilot_2026-07-20/2026-07-20/household_s2_multigeneration_caregiver_EnergyBridge_germany_d01_hist_d01_1_2025-07-01_1day,benchmark_results/july_pilot_2026-07-20/2026-07-20/_batch_logs/daily_dr_memory_germany_1day/household_s2_multigeneration_caregiver_EnergyBridge_germany_d01_hist_d01_1_2025-07-01_1day.log,benchmark_results/july_pilot_2026-07-20/2026-07-20/household_s2_multigeneration_caregiver_EnergyBridge_germany_d01_hist_d01_1_2025-07-01_1day/run_summary.txt,0,74.58935,74.58935,26.932444,0.139792,EUR/kWh,/home/hku_user3/EnergyBridge_shed_eval/experiments/real_data/germany_2025_price.csv,7.4336,7.4336,1.0,1.0,4.134,1.0,1.0,"['dishwasher', 'dryer', 'ev', 'washer', 'water_heater']",[],[]
household_s1_dual_commuter_standard,household_s1_dual_commuter_standard,EnergyBridge,Germany,1,2025-07-01,d01_hist_d01_1,hist_d01_1,1,/home/hku_user3/EnergyBridge_shed_eval/experiments/real_data/germany_2025_price.csv,18.0,1.0,benchmark_results/july_pilot_2026-07-20/2026-07-20/_batch_logs/daily_event_configs/d01_hist_d01_1.json,skipped_done,0,0.0,benchmark_results/july_pilot_2026-07-20/2026-07-20/household_s1_dual_commuter_standard_EnergyBridge_germany_d01_hist_d01_1_2025-07-01_1day,benchmark_results/july_pilot_2026-07-20/2026-07-20/_batch_logs/daily_dr_memory_germany_1day/household_s1_dual_commuter_standard_EnergyBridge_germany_d01_hist_d01_1_2025-07-01_1day.log,benchmark_results/july_pilot_2026-07-20/2026-07-20/household_s1_dual_commuter_standard_EnergyBridge_germany_d01_hist_d01_1_2025-07-01_1day/run_summary.txt,0,82.258954,82.258954,27.698562,0.141016,EUR/kWh,/home/hku_user3/EnergyBridge_shed_eval/experiments/real_data/germany_2025_price.csv,7.9562,7.9562,1.0,1.0,4.105,1.0,1.0,"['dishwasher', 'dryer', 'ev', 'washer', 'water_heater']",[],[]
household_s5_shared_roommates_irregular,household_s5_shared_roommates_irregular,EnergyBridge,Germany,1,2025-07-01,d01_hist_d01_1,hist_d01_1,1,/home/hku_user3/EnergyBridge_shed_eval/experiments/real_data/germany_2025_price.csv,18.0,1.0,benchmark_results/july_pilot_2026-07-20/2026-07-20/_batch_logs/daily_event_configs/d01_hist_d01_1.json,skipped_done,0,0.0,benchmark_results/july_pilot_2026-07-20/2026-07-20/household_s5_shared_roommates_irregular_EnergyBridge_germany_d01_hist_d01_1_2025-07-01_1day,benchmark_results/july_pilot_2026-07-20/2026-07-20/_batch_logs/daily_dr_memory_germany_1day/household_s5_shared_roommates_irregular_EnergyBridge_germany_d01_hist_d01_1_2025-07-01_1day.log,benchmark_results/july_pilot_2026-07-20/2026-07-20/household_s5_shared_roommates_irregular_EnergyBridge_germany_d01_hist_d01_1_2025-07-01_1day/run_summary.txt,0,76.197408,76.197408,27.650388,0.143331,EUR/kWh,/home/hku_user3/EnergyBridge_shed_eval/experiments/real_data/germany_2025_price.csv,8.6125,8.6125,0.0,0.0,2.663,1.0,1.0,"['dishwasher', 'dryer', 'ev', 'washer', 'water_heater']",[],[]
household_s3_hybrid_work_from_home,household_s3_hybrid_work_from_home,EnergyBridge,Germany,1,2025-07-01,d01_hist_d01_1,hist_d01_1,1,/home/hku_user3/EnergyBridge_shed_eval/experiments/real_data/germany_2025_price.csv,18.0,1.0,benchmark_results/july_pilot_2026-07-20/2026-07-20/_batch_logs/daily_event_configs/d01_hist_d01_1.json,skipped_done,0,0.0,benchmark_results/july_pilot_2026-07-20/2026-07-20/household_s3_hybrid_work_from_home_EnergyBridge_germany_d01_hist_d01_1_2025-07-01_1day,benchmark_results/july_pilot_2026-07-20/2026-07-20/_batch_logs/daily_dr_memory_germany_1day/household_s3_hybrid_work_from_home_EnergyBridge_germany_d01_hist_d01_1_2025-07-01_1day.log,benchmark_results/july_pilot_2026-07-20/2026-07-20/household_s3_hybrid_work_from_home_EnergyBridge_germany_d01_hist_d01_1_2025-07-01_1day/run_summary.txt,0,73.228129,73.228129,27.28479,0.139878,EUR/kWh,/home/hku_user3/EnergyBridge_shed_eval/experiments/real_data/germany_2025_price.csv,7.3297,7.3297,1.0,1.0,4.337,1.0,1.0,"['dishwasher', 'dryer', 'ev', 'washer', 'water_heater']",[],[]
household_s3_hybrid_work_from_home,household_s3_hybrid_work_from_home,EnergyBridge,Tianjin,1,2025-07-01,d01_hist_d01_1,hist_d01_1,1,/home/hku_user3/EnergyBridge_shed_eval/experiments/real_data/tianjin_tou_price_normalized.csv,18.0,1.0,benchmark_results/july_pilot_2026-07-20/2026-07-20/_batch_logs/daily_event_configs/d01_hist_d01_1.json,skipped_done,0,0.0,benchmark_results/july_pilot_2026-07-20/2026-07-20/household_s3_hybrid_work_from_home_EnergyBridge_tianjin_d01_hist_d01_1_2025-07-01_1day,benchmark_results/july_pilot_2026-07-20/2026-07-20/_batch_logs/daily_dr_memory_tianjin_1day/household_s3_hybrid_work_from_home_EnergyBridge_tianjin_d01_hist_d01_1_2025-07-01_1day.log,benchmark_results/july_pilot_2026-07-20/2026-07-20/household_s3_hybrid_work_from_home_EnergyBridge_tianjin_d01_hist_d01_1_2025-07-01_1day/run_summary.txt,0,74.117563,74.117563,68.074496,1.116333,normalized TOU cost/kWh,/home/hku_user3/EnergyBridge_shed_eval/experiments/real_data/tianjin_tou_price_normalized.csv,1.5478,1.5478,1.0,1.0,4.15,1.0,1.0,"['dishwasher', 'dryer', 'ev', 'washer', 'water_heater']",[],[]
household_s4_ev_commuter_flexible,household_s4_ev_commuter_flexible,EnergyBridge,Tianjin,1,2025-07-01,d01_hist_d01_1,hist_d01_1,1,/home/hku_user3/EnergyBridge_shed_eval/experiments/real_data/tianjin_tou_price_normalized.csv,18.0,1.0,benchmark_results/july_pilot_2026-07-20/2026-07-20/_batch_logs/daily_event_configs/d01_hist_d01_1.json,skipped_done,0,0.0,benchmark_results/july_pilot_2026-07-20/2026-07-20/household_s4_ev_commuter_flexible_EnergyBridge_tianjin_d01_hist_d01_1_2025-07-01_1day,benchmark_results/july_pilot_2026-07-20/2026-07-20/_batch_logs/daily_dr_memory_tianjin_1day/household_s4_ev_commuter_flexible_EnergyBridge_tianjin_d01_hist_d01_1_2025-07-01_1day.log,benchmark_results/july_pilot_2026-07-20/2026-07-20/household_s4_ev_commuter_flexible_EnergyBridge_tianjin_d01_hist_d01_1_2025-07-01_1day/run_summary.txt,0,82.980732,82.980732,60.788488,1.029457,normalized TOU cost/kWh,/home/hku_user3/EnergyBridge_shed_eval/experiments/real_data/tianjin_tou_price_normalized.csv,3.4204,3.4204,0.0,0.0,2.7,1.0,1.0,"['dishwasher', 'dryer', 'ev', 'washer', 'water_heater']",[],[]
household_s1_dual_commuter_standard,household_s1_dual_commuter_standard,EnergyBridge,Tianjin,1,2025-07-01,d01_hist_d01_1,hist_d01_1,1,/home/hku_user3/EnergyBridge_shed_eval/experiments/real_data/tianjin_tou_price_normalized.csv,18.0,1.0,benchmark_results/july_pilot_2026-07-20/2026-07-20/_batch_logs/daily_event_configs/d01_hist_d01_1.json,skipped_done,0,0.0,benchmark_results/july_pilot_2026-07-20/2026-07-20/household_s1_dual_commuter_standard_EnergyBridge_tianjin_d01_hist_d01_1_2025-07-01_1day,benchmark_results/july_pilot_2026-07-20/2026-07-20/_batch_logs/daily_dr_memory_tianjin_1day/household_s1_dual_commuter_standard_EnergyBridge_tianjin_d01_hist_d01_1_2025-07-01_1day.log,benchmark_results/july_pilot_2026-07-20/2026-07-20/household_s1_dual_commuter_standard_EnergyBridge_tianjin_d01_hist_d01_1_2025-07-01_1day/run_summary.txt,0,83.513297,83.513297,67.455191,1.089752,normalized TOU cost/kWh,/home/hku_user3/EnergyBridge_shed_eval/experiments/real_data/tianjin_tou_price_normalized.csv,1.85,1.85,1.0,1.0,4.213,1.0,1.0,"['dishwasher', 'dryer', 'ev', 'washer', 'water_heater']",[],[]
household_s2_multigeneration_caregiver,household_s2_multigeneration_caregiver,EnergyBridge,Tianjin,1,2025-07-01,d01_hist_d01_1,hist_d01_1,1,/home/hku_user3/EnergyBridge_shed_eval/experiments/real_data/tianjin_tou_price_normalized.csv,18.0,1.0,benchmark_results/july_pilot_2026-07-20/2026-07-20/_batch_logs/daily_event_configs/d01_hist_d01_1.json,skipped_done,0,0.0,benchmark_results/july_pilot_2026-07-20/2026-07-20/household_s2_multigeneration_caregiver_EnergyBridge_tianjin_d01_hist_d01_1_2025-07-01_1day,benchmark_results/july_pilot_2026-07-20/2026-07-20/_batch_logs/daily_dr_memory_tianjin_1day/household_s2_multigeneration_caregiver_EnergyBridge_tianjin_d01_hist_d01_1_2025-07-01_1day.log,benchmark_results/july_pilot_2026-07-20/2026-07-20/household_s2_multigeneration_caregiver_EnergyBridge_tianjin_d01_hist_d01_1_2025-07-01_1day/run_summary.txt,0,71.817863,71.817863,65.307225,1.124958,normalized TOU cost/kWh,/home/hku_user3/EnergyBridge_shed_eval/experiments/real_data/tianjin_tou_price_normalized.csv,1.7699,1.7699,1.0,1.0,4.358,1.0,1.0,"['dishwasher', 'dryer', 'ev', 'washer', 'water_heater']",[],[]
household_s1_dual_commuter_standard,household_s1_dual_commuter_standard,EnergyBridge,Germany,1,2025-07-02,d02_hist_d02_1_patched,hist_d02_1_patched,2,/home/hku_user3/EnergyBridge_shed_eval/experiments/real_data/germany_2025_price.csv,18.0,1.0,benchmark_results/july_pilot_2026-07-20/2026-07-20/_batch_logs/daily_event_configs/d02_hist_d02_1_patched.json,skipped_done,0,0.0,benchmark_results/july_pilot_2026-07-20/2026-07-20/household_s1_dual_commuter_standard_EnergyBridge_germany_d02_hist_d02_1_patched_2025-07-02_1day,benchmark_results/july_pilot_2026-07-20/2026-07-20/_batch_logs/daily_dr_memory_germany_1day/household_s1_dual_commuter_standard_EnergyBridge_germany_d02_hist_d02_1_patched_2025-07-02_1day.log,benchmark_results/july_pilot_2026-07-20/2026-07-20/household_s1_dual_commuter_standard_EnergyBridge_germany_d02_hist_d02_1_patched_2025-07-02_1day/run_summary.txt,0,89.121215,89.121215,21.903291,0.108865,EUR/kWh,/home/hku_user3/EnergyBridge_shed_eval/experiments/real_data/germany_2025_price.csv,7.9872,7.9872,1.0,1.0,3.975,1.0,1.0,"['dishwasher', 'dryer', 'ev', 'washer', 'water_heater']",[],[]
household_s5_shared_roommates_irregular,household_s5_shared_roommates_irregular,EnergyBridge,Tianjin,1,2025-07-01,d01_hist_d01_1,hist_d01_1,1,/home/hku_user3/EnergyBridge_shed_eval/experiments/real_data/tianjin_tou_price_normalized.csv,18.0,1.0,benchmark_results/july_pilot_2026-07-20/2026-07-20/_batch_logs/daily_event_configs/d01_hist_d01_1.json,skipped_done,0,0.0,benchmark_results/july_pilot_2026-07-20/2026-07-20/household_s5_shared_roommates_irregular_EnergyBridge_tianjin_d01_hist_d01_1_2025-07-01_1day,benchmark_results/july_pilot_2026-07-20/2026-07-20/_batch_logs/daily_dr_memory_tianjin_1day/household_s5_shared_roommates_irregular_EnergyBridge_tianjin_d01_hist_d01_1_2025-07-01_1day.log,benchmark_results/july_pilot_2026-07-20/2026-07-20/household_s5_shared_roommates_irregular_EnergyBridge_tianjin_d01_hist_d01_1_2025-07-01_1day/run_summary.txt,0,80.382443,80.382443,54.603809,1.045151,normalized TOU cost/kWh,/home/hku_user3/EnergyBridge_shed_eval/experiments/real_data/tianjin_tou_price_normalized.csv,3.4368,3.4368,0.0,0.0,2.663,1.0,1.0,"['dishwasher', 'dryer', 'ev', 'washer', 'water_heater']",[],[]
household_s3_hybrid_work_from_home,household_s3_hybrid_work_from_home,EnergyBridge,Germany,1,2025-07-02,d02_hist_d02_1_patched,hist_d02_1_patched,2,/home/hku_user3/EnergyBridge_shed_eval/experiments/real_data/germany_2025_price.csv,18.0,1.0,benchmark_results/july_pilot_2026-07-20/2026-07-20/_batch_logs/daily_event_configs/d02_hist_d02_1_patched.json,skipped_done,0,0.0,benchmark_results/july_pilot_2026-07-20/2026-07-20/household_s3_hybrid_work_from_home_EnergyBridge_germany_d02_hist_d02_1_patched_2025-07-02_1day,benchmark_results/july_pilot_2026-07-20/2026-07-20/_batch_logs/daily_dr_memory_germany_1day/household_s3_hybrid_work_from_home_EnergyBridge_germany_d02_hist_d02_1_patched_2025-07-02_1day.log,benchmark_results/july_pilot_2026-07-20/2026-07-20/household_s3_hybrid_work_from_home_EnergyBridge_germany_d02_hist_d02_1_patched_2025-07-02_1day/run_summary.txt,0,79.683368,79.683368,21.830291,0.108394,EUR/kWh,/home/hku_user3/EnergyBridge_shed_eval/experiments/real_data/germany_2025_price.csv,7.6603,7.6603,1.0,1.0,4.337,1.0,1.0,"['dishwasher', 'dryer', 'ev', 'washer', 'water_heater']",[],[]
household_s2_multigeneration_caregiver,household_s2_multigeneration_caregiver,EnergyBridge,Germany,1,2025-07-02,d02_hist_d02_1_patched,hist_d02_1_patched,2,/home/hku_user3/EnergyBridge_shed_eval/experiments/real_data/germany_2025_price.csv,18.0,1.0,benchmark_results/july_pilot_2026-07-20/2026-07-20/_batch_logs/daily_event_configs/d02_hist_d02_1_patched.json,skipped_done,0,0.0,benchmark_results/july_pilot_2026-07-20/2026-07-20/household_s2_multigeneration_caregiver_EnergyBridge_germany_d02_hist_d02_1_patched_2025-07-02_1day,benchmark_results/july_pilot_2026-07-20/2026-07-20/_batch_logs/daily_dr_memory_germany_1day/household_s2_multigeneration_caregiver_EnergyBridge_germany_d02_hist_d02_1_patched_2025-07-02_1day.log,benchmark_results/july_pilot_2026-07-20/2026-07-20/household_s2_multigeneration_caregiver_EnergyBridge_germany_d02_hist_d02_1_patched_2025-07-02_1day/run_summary.txt,0,81.634248,81.634248,21.660593,0.107638,EUR/kWh,/home/hku_user3/EnergyBridge_shed_eval/experiments/real_data/germany_2025_price.csv,7.7746,7.7746,1.0,1.0,4.468,1.0,1.0,"['dishwasher', 'dryer', 'ev', 'washer', 'water_heater']",[],[]
household_s4_ev_commuter_flexible,household_s4_ev_commuter_flexible,EnergyBridge,Germany,1,2025-07-02,d02_hist_d02_1_patched,hist_d02_1_patched,2,/home/hku_user3/EnergyBridge_shed_eval/experiments/real_data/germany_2025_price.csv,18.0,1.0,benchmark_results/july_pilot_2026-07-20/2026-07-20/_batch_logs/daily_event_configs/d02_hist_d02_1_patched.json,skipped_done,0,0.0,benchmark_results/july_pilot_2026-07-20/2026-07-20/household_s4_ev_commuter_flexible_EnergyBridge_germany_d02_hist_d02_1_patched_2025-07-02_1day,benchmark_results/july_pilot_2026-07-20/2026-07-20/_batch_logs/daily_dr_memory_germany_1day/household_s4_ev_commuter_flexible_EnergyBridge_germany_d02_hist_d02_1_patched_2025-07-02_1day.log,benchmark_results/july_pilot_2026-07-20/2026-07-20/household_s4_ev_commuter_flexible_EnergyBridge_germany_d02_hist_d02_1_patched_2025-07-02_1day/run_summary.txt,0,91.704439,91.704439,22.303236,0.109569,EUR/kWh,/home/hku_user3/EnergyBridge_shed_eval/experiments/real_data/germany_2025_price.csv,8.6423,8.6423,0.0,0.0,2.825,1.0,1.0,"['dishwasher', 'dryer', 'ev', 'washer', 'water_heater']",[],[]
household_s5_shared_roommates_irregular,household_s5_shared_roommates_irregular,EnergyBridge,Germany,1,2025-07-02,d02_hist_d02_1_patched,hist_d02_1_patched,2,/home/hku_user3/EnergyBridge_shed_eval/experiments/real_data/germany_2025_price.csv,18.0,1.0,benchmark_results/july_pilot_2026-07-20/2026-07-20/_batch_logs/daily_event_configs/d02_hist_d02_1_patched.json,skipped_done,0,0.0,benchmark_results/july_pilot_2026-07-20/2026-07-20/household_s5_shared_roommates_irregular_EnergyBridge_germany_d02_hist_d02_1_patched_2025-07-02_1day,benchmark_results/july_pilot_2026-07-20/2026-07-20/_batch_logs/daily_dr_memory_germany_1day/household_s5_shared_roommates_irregular_EnergyBridge_germany_d02_hist_d02_1_patched_2025-07-02_1day.log,benchmark_results/july_pilot_2026-07-20/2026-07-20/household_s5_shared_roommates_irregular_EnergyBridge_germany_d02_hist_d02_1_patched_2025-07-02_1day/run_summary.txt,0,81.038594,81.038594,21.538823,0.109022,EUR/kWh,/home/hku_user3/EnergyBridge_shed_eval/experiments/real_data/germany_2025_price.csv,7.9896,7.9896,1.0,1.0,3.913,1.0,1.0,"['dishwasher', 'dryer', 'ev', 'washer', 'water_heater']",[],[]
household_s2_multigeneration_caregiver,household_s2_multigeneration_caregiver,EnergyBridge,Tianjin,1,2025-07-02,d02_hist_d02_1_patched,hist_d02_1_patched,2,/home/hku_user3/EnergyBridge_shed_eval/experiments/real_data/tianjin_tou_price_normalized.csv,18.0,1.0,benchmark_results/july_pilot_2026-07-20/2026-07-20/_batch_logs/daily_event_configs/d02_hist_d02_1_patched.json,skipped_done,0,0.0,benchmark_results/july_pilot_2026-07-20/2026-07-20/household_s2_multigeneration_caregiver_EnergyBridge_tianjin_d02_hist_d02_1_patched_2025-07-02_1day,benchmark_results/july_pilot_2026-07-20/2026-07-20/_batch_logs/daily_dr_memory_tianjin_1day/household_s2_multigeneration_caregiver_EnergyBridge_tianjin_d02_hist_d02_1_patched_2025-07-02_1day.log,benchmark_results/july_pilot_2026-07-20/2026-07-20/household_s2_multigeneration_caregiver_EnergyBridge_tianjin_d02_hist_d02_1_patched_2025-07-02_1day/run_summary.txt,0,55.71773,55.71773,58.803363,1.124523,normalized TOU cost/kWh,/home/hku_user3/EnergyBridge_shed_eval/experiments/real_data/tianjin_tou_price_normalized.csv,0.7575,0.7575,1.0,1.0,4.298,1.0,1.0,"['dishwasher', 'dryer', 'ev', 'washer', 'water_heater']",[],[]
household_s1_dual_commuter_standard,household_s1_dual_commuter_standard,EnergyBridge,Tianjin,1,2025-07-02,d02_hist_d02_1_patched,hist_d02_1_patched,2,/home/hku_user3/EnergyBridge_shed_eval/experiments/real_data/tianjin_tou_price_normalized.csv,18.0,1.0,benchmark_results/july_pilot_2026-07-20/2026-07-20/_batch_logs/daily_event_configs/d02_hist_d02_1_patched.json,skipped_done,0,0.0,benchmark_results/july_pilot_2026-07-20/2026-07-20/household_s1_dual_commuter_standard_EnergyBridge_tianjin_d02_hist_d02_1_patched_2025-07-02_1day,benchmark_results/july_pilot_2026-07-20/2026-07-20/_batch_logs/daily_dr_memory_tianjin_1day/household_s1_dual_commuter_standard_EnergyBridge_tianjin_d02_hist_d02_1_patched_2025-07-02_1day.log,benchmark_results/july_pilot_2026-07-20/2026-07-20/household_s1_dual_commuter_standard_EnergyBridge_tianjin_d02_hist_d02_1_patched_2025-07-02_1day/run_summary.txt,0,66.097609,66.097609,64.511381,1.10221,normalized TOU cost/kWh,/home/hku_user3/EnergyBridge_shed_eval/experiments/real_data/tianjin_tou_price_normalized.csv,0.7275,0.7275,1.0,1.0,4.353,1.0,1.0,"['dishwasher', 'dryer', 'ev', 'washer', 'water_heater']",[],[]
household_s4_ev_commuter_flexible,household_s4_ev_commuter_flexible,EnergyBridge,Tianjin,1,2025-07-02,d02_hist_d02_1_patched,hist_d02_1_patched,2,/home/hku_user3/EnergyBridge_shed_eval/experiments/real_data/tianjin_tou_price_normalized.csv,18.0,1.0,benchmark_results/july_pilot_2026-07-20/2026-07-20/_batch_logs/daily_event_configs/d02_hist_d02_1_patched.json,skipped_done,0,0.0,benchmark_results/july_pilot_2026-07-20/2026-07-20/household_s4_ev_commuter_flexible_EnergyBridge_tianjin_d02_hist_d02_1_patched_2025-07-02_1day,benchmark_results/july_pilot_2026-07-20/2026-07-20/_batch_logs/daily_dr_memory_tianjin_1day/household_s4_ev_commuter_flexible_EnergyBridge_tianjin_d02_hist_d02_1_patched_2025-07-02_1day.log,benchmark_results/july_pilot_2026-07-20/2026-07-20/household_s4_ev_commuter_flexible_EnergyBridge_tianjin_d02_hist_d02_1_patched_2025-07-02_1day/run_summary.txt,0,69.333659,69.333659,60.822819,1.054559,normalized TOU cost/kWh,/home/hku_user3/EnergyBridge_shed_eval/experiments/real_data/tianjin_tou_price_normalized.csv,2.147,2.147,0.0,0.0,2.7,1.0,1.0,"['dishwasher', 'dryer', 'ev', 'washer', 'water_heater']",[],[]
household_s1_dual_commuter_standard,household_s1_dual_commuter_standard,EnergyBridge,Germany,1,2025-07-03,d03_hist_d03_1_patched,hist_d03_1_patched,3,/home/hku_user3/EnergyBridge_shed_eval/experiments/real_data/germany_2025_price.csv,18.0,1.0,benchmark_results/july_pilot_2026-07-20/2026-07-20/_batch_logs/daily_event_configs/d03_hist_d03_1_patched.json,skipped_done,0,0.0,benchmark_results/july_pilot_2026-07-20/2026-07-20/household_s1_dual_commuter_standard_EnergyBridge_germany_d03_hist_d03_1_patched_2025-07-03_1day,benchmark_results/july_pilot_2026-07-20/2026-07-20/_batch_logs/daily_dr_memory_germany_1day/household_s1_dual_commuter_standard_EnergyBridge_germany_d03_hist_d03_1_patched_2025-07-03_1day.log,benchmark_results/july_pilot_2026-07-20/2026-07-20/household_s1_dual_commuter_standard_EnergyBridge_germany_d03_hist_d03_1_patched_2025-07-03_1day/run_summary.txt,0,72.865432,72.865432,17.371692,0.094983,EUR/kWh,/home/hku_user3/EnergyBridge_shed_eval/experiments/real_data/germany_2025_price.csv,7.4724,7.4724,1.0,1.0,4.213,1.0,1.0,"['dishwasher', 'dryer', 'ev', 'washer', 'water_heater']",[],[]
household_s3_hybrid_work_from_home,household_s3_hybrid_work_from_home,EnergyBridge,Tianjin,1,2025-07-02,d02_hist_d02_1_patched,hist_d02_1_patched,2,/home/hku_user3/EnergyBridge_shed_eval/experiments/real_data/tianjin_tou_price_normalized.csv,18.0,1.0,benchmark_results/july_pilot_2026-07-20/2026-07-20/_batch_logs/daily_event_configs/d02_hist_d02_1_patched.json,skipped_done,0,0.0,benchmark_results/july_pilot_2026-07-20/2026-07-20/household_s3_hybrid_work_from_home_EnergyBridge_tianjin_d02_hist_d02_1_patched_2025-07-02_1day,benchmark_results/july_pilot_2026-07-20/2026-07-20/_batch_logs/daily_dr_memory_tianjin_1day/household_s3_hybrid_work_from_home_EnergyBridge_tianjin_d02_hist_d02_1_patched_2025-07-02_1day.log,benchmark_results/july_pilot_2026-07-20/2026-07-20/household_s3_hybrid_work_from_home_EnergyBridge_tianjin_d02_hist_d02_1_patched_2025-07-02_1day/run_summary.txt,0,58.269951,58.269951,61.981046,1.116239,normalized TOU cost/kWh,/home/hku_user3/EnergyBridge_shed_eval/experiments/real_data/tianjin_tou_price_normalized.csv,0.6535,0.6535,1.0,1.0,4.367,1.0,1.0,"['dishwasher', 'dryer', 'ev', 'washer', 'water_heater']",[],[]
household_s5_shared_roommates_irregular,household_s5_shared_roommates_irregular,EnergyBridge,Tianjin,1,2025-07-02,d02_hist_d02_1_patched,hist_d02_1_patched,2,/home/hku_user3/EnergyBridge_shed_eval/experiments/real_data/tianjin_tou_price_normalized.csv,18.0,1.0,benchmark_results/july_pilot_2026-07-20/2026-07-20/_batch_logs/daily_event_configs/d02_hist_d02_1_patched.json,skipped_done,0,0.0,benchmark_results/july_pilot_2026-07-20/2026-07-20/household_s5_shared_roommates_irregular_EnergyBridge_tianjin_d02_hist_d02_1_patched_2025-07-02_1day,benchmark_results/july_pilot_2026-07-20/2026-07-20/_batch_logs/daily_dr_memory_tianjin_1day/household_s5_shared_roommates_irregular_EnergyBridge_tianjin_d02_hist_d02_1_patched_2025-07-02_1day.log,benchmark_results/july_pilot_2026-07-20/2026-07-20/household_s5_shared_roommates_irregular_EnergyBridge_tianjin_d02_hist_d02_1_patched_2025-07-02_1day/run_summary.txt,0,59.193014,59.193014,58.973143,1.103085,normalized TOU cost/kWh,/home/hku_user3/EnergyBridge_shed_eval/experiments/real_data/tianjin_tou_price_normalized.csv,0.5932,0.5932,1.0,1.0,4.195,1.0,1.0,"['dishwasher', 'dryer', 'ev', 'washer', 'water_heater']",[],[]
household_s2_multigeneration_caregiver,household_s2_multigeneration_caregiver,EnergyBridge,Germany,1,2025-07-03,d03_hist_d03_1_patched,hist_d03_1_patched,3,/home/hku_user3/EnergyBridge_shed_eval/experiments/real_data/germany_2025_price.csv,18.0,1.0,benchmark_results/july_pilot_2026-07-20/2026-07-20/_batch_logs/daily_event_configs/d03_hist_d03_1_patched.json,skipped_done,0,0.0,benchmark_results/july_pilot_2026-07-20/2026-07-20/household_s2_multigeneration_caregiver_EnergyBridge_germany_d03_hist_d03_1_patched_2025-07-03_1day,benchmark_results/july_pilot_2026-07-20/2026-07-20/_batch_logs/daily_dr_memory_germany_1day/household_s2_multigeneration_caregiver_EnergyBridge_germany_d03_hist_d03_1_patched_2025-07-03_1day.log,benchmark_results/july_pilot_2026-07-20/2026-07-20/household_s2_multigeneration_caregiver_EnergyBridge_germany_d03_hist_d03_1_patched_2025-07-03_1day/run_summary.txt,0,58.335598,58.335598,16.856399,0.093611,EUR/kWh,/home/hku_user3/EnergyBridge_shed_eval/experiments/real_data/germany_2025_price.csv,6.8087,6.8087,1.0,1.0,4.172,1.0,1.0,"['dishwasher', 'dryer', 'ev', 'washer', 'water_heater']",[],[]
household_s3_hybrid_work_from_home,household_s3_hybrid_work_from_home,EnergyBridge,Germany,1,2025-07-03,d03_hist_d03_1_patched,hist_d03_1_patched,3,/home/hku_user3/EnergyBridge_shed_eval/experiments/real_data/germany_2025_price.csv,18.0,1.0,benchmark_results/july_pilot_2026-07-20/2026-07-20/_batch_logs/daily_event_configs/d03_hist_d03_1_patched.json,skipped_done,0,0.0,benchmark_results/july_pilot_2026-07-20/2026-07-20/household_s3_hybrid_work_from_home_EnergyBridge_germany_d03_hist_d03_1_patched_2025-07-03_1day,benchmark_results/july_pilot_2026-07-20/2026-07-20/_batch_logs/daily_dr_memory_germany_1day/household_s3_hybrid_work_from_home_EnergyBridge_germany_d03_hist_d03_1_patched_2025-07-03_1day.log,benchmark_results/july_pilot_2026-07-20/2026-07-20/household_s3_hybrid_work_from_home_EnergyBridge_germany_d03_hist_d03_1_patched_2025-07-03_1day/run_summary.txt,0,66.951412,66.951412,16.790806,0.09417,EUR/kWh,/home/hku_user3/EnergyBridge_shed_eval/experiments/real_data/germany_2025_price.csv,7.8969,7.8969,0.0,0.0,2.683,1.0,1.0,"['dishwasher', 'dryer', 'ev', 'washer', 'water_heater']",[],[]
household_s5_shared_roommates_irregular,household_s5_shared_roommates_irregular,EnergyBridge,Germany,1,2025-07-03,d03_hist_d03_1_patched,hist_d03_1_patched,3,/home/hku_user3/EnergyBridge_shed_eval/experiments/real_data/germany_2025_price.csv,18.0,1.0,benchmark_results/july_pilot_2026-07-20/2026-07-20/_batch_logs/daily_event_configs/d03_hist_d03_1_patched.json,skipped_done,0,0.0,benchmark_results/july_pilot_2026-07-20/2026-07-20/household_s5_shared_roommates_irregular_EnergyBridge_germany_d03_hist_d03_1_patched_2025-07-03_1day,benchmark_results/july_pilot_2026-07-20/2026-07-20/_batch_logs/daily_dr_memory_germany_1day/household_s5_shared_roommates_irregular_EnergyBridge_germany_d03_hist_d03_1_patched_2025-07-03_1day.log,benchmark_results/july_pilot_2026-07-20/2026-07-20/household_s5_shared_roommates_irregular_EnergyBridge_germany_d03_hist_d03_1_patched_2025-07-03_1day/run_summary.txt,0,67.87433,67.87433,16.978081,0.094805,EUR/kWh,/home/hku_user3/EnergyBridge_shed_eval/experiments/real_data/germany_2025_price.csv,7.3762,7.3762,1.0,1.0,4.075,1.0,1.0,"['dishwasher', 'dryer', 'ev', 'washer', 'water_heater']",[],[]
household_s4_ev_commuter_flexible,household_s4_ev_commuter_flexible,EnergyBridge,Germany,1,2025-07-03,d03_hist_d03_1_patched,hist_d03_1_patched,3,/home/hku_user3/EnergyBridge_shed_eval/experiments/real_data/germany_2025_price.csv,18.0,1.0,benchmark_results/july_pilot_2026-07-20/2026-07-20/_batch_logs/daily_event_configs/d03_hist_d03_1_patched.json,skipped_done,0,0.0,benchmark_results/july_pilot_2026-07-20/2026-07-20/household_s4_ev_commuter_flexible_EnergyBridge_germany_d03_hist_d03_1_patched_2025-07-03_1day,benchmark_results/july_pilot_2026-07-20/2026-07-20/_batch_logs/daily_dr_memory_germany_1day/household_s4_ev_commuter_flexible_EnergyBridge_germany_d03_hist_d03_1_patched_2025-07-03_1day.log,benchmark_results/july_pilot_2026-07-20/2026-07-20/household_s4_ev_commuter_flexible_EnergyBridge_germany_d03_hist_d03_1_patched_2025-07-03_1day/run_summary.txt,0,74.280127,74.280127,17.490928,0.095191,EUR/kWh,/home/hku_user3/EnergyBridge_shed_eval/experiments/real_data/germany_2025_price.csv,7.3762,7.3762,1.0,1.0,4.465,1.0,1.0,"['dishwasher', 'dryer', 'ev', 'washer', 'water_heater']",[],[]
household_s1_dual_commuter_standard,household_s1_dual_commuter_standard,EnergyBridge,Tianjin,1,2025-07-03,d03_hist_d03_1_patched,hist_d03_1_patched,3,/home/hku_user3/EnergyBridge_shed_eval/experiments/real_data/tianjin_tou_price_normalized.csv,18.0,1.0,benchmark_results/july_pilot_2026-07-20/2026-07-20/_batch_logs/daily_event_configs/d03_hist_d03_1_patched.json,skipped_done,0,0.0,benchmark_results/july_pilot_2026-07-20/2026-07-20/household_s1_dual_commuter_standard_EnergyBridge_tianjin_d03_hist_d03_1_patched_2025-07-03_1day,benchmark_results/july_pilot_2026-07-20/2026-07-20/_batch_logs/daily_dr_memory_tianjin_1day/household_s1_dual_commuter_standard_EnergyBridge_tianjin_d03_hist_d03_1_patched_2025-07-03_1day.log,benchmark_results/july_pilot_2026-07-20/2026-07-20/household_s1_dual_commuter_standard_EnergyBridge_tianjin_d03_hist_d03_1_patched_2025-07-03_1day/run_summary.txt,0,77.034274,77.034274,69.068078,1.125185,normalized TOU cost/kWh,/home/hku_user3/EnergyBridge_shed_eval/experiments/real_data/tianjin_tou_price_normalized.csv,1.097,1.097,1.0,1.0,4.353,1.0,1.0,"['dishwasher', 'dryer', 'ev', 'washer', 'water_heater']",[],[]
household_s3_hybrid_work_from_home,household_s3_hybrid_work_from_home,EnergyBridge,Tianjin,1,2025-07-03,d03_hist_d03_1_patched,hist_d03_1_patched,3,/home/hku_user3/EnergyBridge_shed_eval/experiments/real_data/tianjin_tou_price_normalized.csv,18.0,1.0,benchmark_results/july_pilot_2026-07-20/2026-07-20/_batch_logs/daily_event_configs/d03_hist_d03_1_patched.json,skipped_done,0,0.0,benchmark_results/july_pilot_2026-07-20/2026-07-20/household_s3_hybrid_work_from_home_EnergyBridge_tianjin_d03_hist_d03_1_patched_2025-07-03_1day,benchmark_results/july_pilot_2026-07-20/2026-07-20/_batch_logs/daily_dr_memory_tianjin_1day/household_s3_hybrid_work_from_home_EnergyBridge_tianjin_d03_hist_d03_1_patched_2025-07-03_1day.log,benchmark_results/july_pilot_2026-07-20/2026-07-20/household_s3_hybrid_work_from_home_EnergyBridge_tianjin_d03_hist_d03_1_patched_2025-07-03_1day/run_summary.txt,0,67.340715,67.340715,63.173089,1.120529,normalized TOU cost/kWh,/home/hku_user3/EnergyBridge_shed_eval/experiments/real_data/tianjin_tou_price_normalized.csv,2.3554,2.3554,0.0,0.0,2.683,1.0,1.0,"['dishwasher', 'dryer', 'ev', 'washer', 'water_heater']",[],[]
household_s2_multigeneration_caregiver,household_s2_multigeneration_caregiver,EnergyBridge,Tianjin,1,2025-07-03,d03_hist_d03_1_patched,hist_d03_1_patched,3,/home/hku_user3/EnergyBridge_shed_eval/experiments/real_data/tianjin_tou_price_normalized.csv,18.0,1.0,benchmark_results/july_pilot_2026-07-20/2026-07-20/_batch_logs/daily_event_configs/d03_hist_d03_1_patched.json,skipped_done,0,0.0,benchmark_results/july_pilot_2026-07-20/2026-07-20/household_s2_multigeneration_caregiver_EnergyBridge_tianjin_d03_hist_d03_1_patched_2025-07-03_1day,benchmark_results/july_pilot_2026-07-20/2026-07-20/_batch_logs/daily_dr_memory_tianjin_1day/household_s2_multigeneration_caregiver_EnergyBridge_tianjin_d03_hist_d03_1_patched_2025-07-03_1day.log,benchmark_results/july_pilot_2026-07-20/2026-07-20/household_s2_multigeneration_caregiver_EnergyBridge_tianjin_d03_hist_d03_1_patched_2025-07-03_1day/run_summary.txt,0,63.955033,63.955033,64.981473,1.153866,normalized TOU cost/kWh,/home/hku_user3/EnergyBridge_shed_eval/experiments/real_data/tianjin_tou_price_normalized.csv,1.0765,1.0765,1.0,1.0,4.306,1.0,1.0,"['dishwasher', 'dryer', 'ev', 'washer', 'water_heater']",[],[]
household_s1_dual_commuter_standard,household_s1_dual_commuter_standard,EnergyBridge,Germany,1,2025-07-04,d04_hist_d04_1_patched,hist_d04_1_patched,4,/home/hku_user3/EnergyBridge_shed_eval/experiments/real_data/germany_2025_price.csv,18.0,1.0,benchmark_results/july_pilot_2026-07-20/2026-07-20/_batch_logs/daily_event_configs/d04_hist_d04_1_patched.json,skipped_done,0,0.0,benchmark_results/july_pilot_2026-07-20/2026-07-20/household_s1_dual_commuter_standard_EnergyBridge_germany_d04_hist_d04_1_patched_2025-07-04_1day,benchmark_results/july_pilot_2026-07-20/2026-07-20/_batch_logs/daily_dr_memory_germany_1day/household_s1_dual_commuter_standard_EnergyBridge_germany_d04_hist_d04_1_patched_2025-07-04_1day.log,benchmark_results/july_pilot_2026-07-20/2026-07-20/household_s1_dual_commuter_standard_EnergyBridge_germany_d04_hist_d04_1_patched_2025-07-04_1day/run_summary.txt,0,69.28071,69.28071,16.77924,0.08781,EUR/kWh,/home/hku_user3/EnergyBridge_shed_eval/experiments/real_data/germany_2025_price.csv,8.501,8.501,0.0,0.0,2.662,1.0,1.0,"['dishwasher', 'dryer', 'ev', 'washer', 'water_heater']",[],[]
household_s5_shared_roommates_irregular,household_s5_shared_roommates_irregular,EnergyBridge,Tianjin,1,2025-07-03,d03_hist_d03_1_patched,hist_d03_1_patched,3,/home/hku_user3/EnergyBridge_shed_eval/experiments/real_data/tianjin_tou_price_normalized.csv,18.0,1.0,benchmark_results/july_pilot_2026-07-20/2026-07-20/_batch_logs/daily_event_configs/d03_hist_d03_1_patched.json,skipped_done,0,0.0,benchmark_results/july_pilot_2026-07-20/2026-07-20/household_s5_shared_roommates_irregular_EnergyBridge_tianjin_d03_hist_d03_1_patched_2025-07-03_1day,benchmark_results/july_pilot_2026-07-20/2026-07-20/_batch_logs/daily_dr_memory_tianjin_1day/household_s5_shared_roommates_irregular_EnergyBridge_tianjin_d03_hist_d03_1_patched_2025-07-03_1day.log,benchmark_results/july_pilot_2026-07-20/2026-07-20/household_s5_shared_roommates_irregular_EnergyBridge_tianjin_d03_hist_d03_1_patched_2025-07-03_1day/run_summary.txt,0,67.504599,67.504599,62.123295,1.158028,normalized TOU cost/kWh,/home/hku_user3/EnergyBridge_shed_eval/experiments/real_data/tianjin_tou_price_normalized.csv,0.8663,0.8663,1.0,1.0,4.098,1.0,1.0,"['dishwasher', 'dryer', 'ev', 'washer', 'water_heater']",[],[]
household_s5_shared_roommates_irregular,household_s5_shared_roommates_irregular,EnergyBridge,Germany,1,2025-07-04,d04_hist_d04_1_patched,hist_d04_1_patched,4,/home/hku_user3/EnergyBridge_shed_eval/experiments/real_data/germany_2025_price.csv,18.0,1.0,benchmark_results/july_pilot_2026-07-20/2026-07-20/_batch_logs/daily_event_configs/d04_hist_d04_1_patched.json,skipped_done,0,0.0,benchmark_results/july_pilot_2026-07-20/2026-07-20/household_s5_shared_roommates_irregular_EnergyBridge_germany_d04_hist_d04_1_patched_2025-07-04_1day,benchmark_results/july_pilot_2026-07-20/2026-07-20/_batch_logs/daily_dr_memory_germany_1day/household_s5_shared_roommates_irregular_EnergyBridge_germany_d04_hist_d04_1_patched_2025-07-04_1day.log,benchmark_results/july_pilot_2026-07-20/2026-07-20/household_s5_shared_roommates_irregular_EnergyBridge_germany_d04_hist_d04_1_patched_2025-07-04_1day/run_summary.txt,0,63.781096,63.781096,16.209261,0.08722,EUR/kWh,/home/hku_user3/EnergyBridge_shed_eval/experiments/real_data/germany_2025_price.csv,8.5463,8.5463,0.0,0.0,2.663,1.0,1.0,"['dishwasher', 'dryer', 'ev', 'washer', 'water_heater']",[],[]
household_s2_multigeneration_caregiver,household_s2_multigeneration_caregiver,EnergyBridge,Germany,1,2025-07-04,d04_hist_d04_1_patched,hist_d04_1_patched,4,/home/hku_user3/EnergyBridge_shed_eval/experiments/real_data/germany_2025_price.csv,18.0,1.0,benchmark_results/july_pilot_2026-07-20/2026-07-20/_batch_logs/daily_event_configs/d04_hist_d04_1_patched.json,skipped_done,0,0.0,benchmark_results/july_pilot_2026-07-20/2026-07-20/household_s2_multigeneration_caregiver_EnergyBridge_germany_d04_hist_d04_1_patched_2025-07-04_1day,benchmark_results/july_pilot_2026-07-20/2026-07-20/_batch_logs/daily_dr_memory_germany_1day/household_s2_multigeneration_caregiver_EnergyBridge_germany_d04_hist_d04_1_patched_2025-07-04_1day.log,benchmark_results/july_pilot_2026-07-20/2026-07-20/household_s2_multigeneration_caregiver_EnergyBridge_germany_d04_hist_d04_1_patched_2025-07-04_1day/run_summary.txt,0,56.083516,56.083516,16.199611,0.086355,EUR/kWh,/home/hku_user3/EnergyBridge_shed_eval/experiments/real_data/germany_2025_price.csv,6.771,6.771,1.0,1.0,4.396,1.0,1.0,"['dishwasher', 'dryer', 'ev', 'washer', 'water_heater']",[],[]
household_s3_hybrid_work_from_home,household_s3_hybrid_work_from_home,EnergyBridge,Germany,1,2025-07-04,d04_hist_d04_1_patched,hist_d04_1_patched,4,/home/hku_user3/EnergyBridge_shed_eval/experiments/real_data/germany_2025_price.csv,18.0,1.0,benchmark_results/july_pilot_2026-07-20/2026-07-20/_batch_logs/daily_event_configs/d04_hist_d04_1_patched.json,skipped_done,0,0.0,benchmark_results/july_pilot_2026-07-20/2026-07-20/household_s3_hybrid_work_from_home_EnergyBridge_germany_d04_hist_d04_1_patched_2025-07-04_1day,benchmark_results/july_pilot_2026-07-20/2026-07-20/_batch_logs/daily_dr_memory_germany_1day/household_s3_hybrid_work_from_home_EnergyBridge_germany_d04_hist_d04_1_patched_2025-07-04_1day.log,benchmark_results/july_pilot_2026-07-20/2026-07-20/household_s3_hybrid_work_from_home_EnergyBridge_germany_d04_hist_d04_1_patched_2025-07-04_1day/run_summary.txt,0,60.517167,60.517167,16.532403,0.087194,EUR/kWh,/home/hku_user3/EnergyBridge_shed_eval/experiments/real_data/germany_2025_price.csv,7.8404,7.8404,0.0,0.0,2.683,1.0,1.0,"['dishwasher', 'dryer', 'ev', 'washer', 'water_heater']",[],[]
household_s4_ev_commuter_flexible,household_s4_ev_commuter_flexible,EnergyBridge,Tianjin,1,2025-07-03,d03_hist_d03_1_patched,hist_d03_1_patched,3,/home/hku_user3/EnergyBridge_shed_eval/experiments/real_data/tianjin_tou_price_normalized.csv,18.0,1.0,benchmark_results/july_pilot_2026-07-20/2026-07-20/_batch_logs/daily_event_configs/d03_hist_d03_1_patched.json,skipped_done,0,0.0,benchmark_results/july_pilot_2026-07-20/2026-07-20/household_s4_ev_commuter_flexible_EnergyBridge_tianjin_d03_hist_d03_1_patched_2025-07-03_1day,benchmark_results/july_pilot_2026-07-20/2026-07-20/_batch_logs/daily_dr_memory_tianjin_1day/household_s4_ev_commuter_flexible_EnergyBridge_tianjin_d03_hist_d03_1_patched_2025-07-03_1day.log,benchmark_results/july_pilot_2026-07-20/2026-07-20/household_s4_ev_commuter_flexible_EnergyBridge_tianjin_d03_hist_d03_1_patched_2025-07-03_1day/run_summary.txt,0,72.2752,72.2752,69.926297,1.137731,normalized TOU cost/kWh,/home/hku_user3/EnergyBridge_shed_eval/experiments/real_data/tianjin_tou_price_normalized.csv,0.8644,0.8644,1.0,1.0,4.605,1.0,1.0,"['dishwasher', 'dryer', 'ev', 'washer', 'water_heater']",[],[]
household_s4_ev_commuter_flexible,household_s4_ev_commuter_flexible,EnergyBridge,Germany,1,2025-07-04,d04_hist_d04_1_patched,hist_d04_1_patched,4,/home/hku_user3/EnergyBridge_shed_eval/experiments/real_data/germany_2025_price.csv,18.0,1.0,benchmark_results/july_pilot_2026-07-20/2026-07-20/_batch_logs/daily_event_configs/d04_hist_d04_1_patched.json,skipped_done,0,0.0,benchmark_results/july_pilot_2026-07-20/2026-07-20/household_s4_ev_commuter_flexible_EnergyBridge_germany_d04_hist_d04_1_patched_2025-07-04_1day,benchmark_results/july_pilot_2026-07-20/2026-07-20/_batch_logs/daily_dr_memory_germany_1day/household_s4_ev_commuter_flexible_EnergyBridge_germany_d04_hist_d04_1_patched_2025-07-04_1day.log,benchmark_results/july_pilot_2026-07-20/2026-07-20/household_s4_ev_commuter_flexible_EnergyBridge_germany_d04_hist_d04_1_patched_2025-07-04_1day/run_summary.txt,0,71.015303,71.015303,17.757468,0.08872,EUR/kWh,/home/hku_user3/EnergyBridge_shed_eval/experiments/real_data/germany_2025_price.csv,7.3022,7.3022,1.0,1.0,4.465,1.0,1.0,"['dishwasher', 'dryer', 'ev', 'washer', 'water_heater']",[],[]
household_s3_hybrid_work_from_home,household_s3_hybrid_work_from_home,EnergyBridge,Tianjin,1,2025-07-04,d04_hist_d04_1_patched,hist_d04_1_patched,4,/home/hku_user3/EnergyBridge_shed_eval/experiments/real_data/tianjin_tou_price_normalized.csv,18.0,1.0,benchmark_results/july_pilot_2026-07-20/2026-07-20/_batch_logs/daily_event_configs/d04_hist_d04_1_patched.json,skipped_done,0,0.0,benchmark_results/july_pilot_2026-07-20/2026-07-20/household_s3_hybrid_work_from_home_EnergyBridge_tianjin_d04_hist_d04_1_patched_2025-07-04_1day,benchmark_results/july_pilot_2026-07-20/2026-07-20/_batch_logs/daily_dr_memory_tianjin_1day/household_s3_hybrid_work_from_home_EnergyBridge_tianjin_d04_hist_d04_1_patched_2025-07-04_1day.log,benchmark_results/july_pilot_2026-07-20/2026-07-20/household_s3_hybrid_work_from_home_EnergyBridge_tianjin_d04_hist_d04_1_patched_2025-07-04_1day/run_summary.txt,0,77.081985,77.081985,67.967631,1.09873,normalized TOU cost/kWh,/home/hku_user3/EnergyBridge_shed_eval/experiments/real_data/tianjin_tou_price_normalized.csv,3.0309,3.0309,0.0,0.0,2.683,1.0,1.0,"['dishwasher', 'dryer', 'ev', 'washer', 'water_heater']",[],[]
household_s4_ev_commuter_flexible,household_s4_ev_commuter_flexible,EnergyBridge,Tianjin,1,2025-07-04,d04_hist_d04_1_patched,hist_d04_1_patched,4,/home/hku_user3/EnergyBridge_shed_eval/experiments/real_data/tianjin_tou_price_normalized.csv,18.0,1.0,benchmark_results/july_pilot_2026-07-20/2026-07-20/_batch_logs/daily_event_configs/d04_hist_d04_1_patched.json,skipped_done,0,0.0,benchmark_results/july_pilot_2026-07-20/2026-07-20/household_s4_ev_commuter_flexible_EnergyBridge_tianjin_d04_hist_d04_1_patched_2025-07-04_1day,benchmark_results/july_pilot_2026-07-20/2026-07-20/_batch_logs/daily_dr_memory_tianjin_1day/household_s4_ev_commuter_flexible_EnergyBridge_tianjin_d04_hist_d04_1_patched_2025-07-04_1day.log,benchmark_results/july_pilot_2026-07-20/2026-07-20/household_s4_ev_commuter_flexible_EnergyBridge_tianjin_d04_hist_d04_1_patched_2025-07-04_1day/run_summary.txt,0,88.10135,88.10135,77.137876,1.097601,normalized TOU cost/kWh,/home/hku_user3/EnergyBridge_shed_eval/experiments/real_data/tianjin_tou_price_normalized.csv,1.7169,1.7169,1.0,1.0,4.465,1.0,1.0,"['dishwasher', 'dryer', 'ev', 'washer', 'water_heater']",[],[]
household_s2_multigeneration_caregiver,household_s2_multigeneration_caregiver,EnergyBridge,Tianjin,1,2025-07-04,d04_hist_d04_1_patched,hist_d04_1_patched,4,/home/hku_user3/EnergyBridge_shed_eval/experiments/real_data/tianjin_tou_price_normalized.csv,18.0,1.0,benchmark_results/july_pilot_2026-07-20/2026-07-20/_batch_logs/daily_event_configs/d04_hist_d04_1_patched.json,skipped_done,0,0.0,benchmark_results/july_pilot_2026-07-20/2026-07-20/household_s2_multigeneration_caregiver_EnergyBridge_tianjin_d04_hist_d04_1_patched_2025-07-04_1day,benchmark_results/july_pilot_2026-07-20/2026-07-20/_batch_logs/daily_dr_memory_tianjin_1day/household_s2_multigeneration_caregiver_EnergyBridge_tianjin_d04_hist_d04_1_patched_2025-07-04_1day.log,benchmark_results/july_pilot_2026-07-20/2026-07-20/household_s2_multigeneration_caregiver_EnergyBridge_tianjin_d04_hist_d04_1_patched_2025-07-04_1day/run_summary.txt,0,72.316578,72.316578,71.916521,1.137509,normalized TOU cost/kWh,/home/hku_user3/EnergyBridge_shed_eval/experiments/real_data/tianjin_tou_price_normalized.csv,1.7062,1.7062,1.0,1.0,4.13,1.0,1.0,"['dishwasher', 'dryer', 'ev', 'washer', 'water_heater']",[],[]
household_s2_multigeneration_caregiver,household_s2_multigeneration_caregiver,EnergyBridge,Germany,1,2025-07-05,d05_hist_d05_1_patched,hist_d05_1_patched,5,/home/hku_user3/EnergyBridge_shed_eval/experiments/real_data/germany_2025_price.csv,18.0,1.0,benchmark_results/july_pilot_2026-07-20/2026-07-20/_batch_logs/daily_event_configs/d05_hist_d05_1_patched.json,skipped_done,0,0.0,benchmark_results/july_pilot_2026-07-20/2026-07-20/household_s2_multigeneration_caregiver_EnergyBridge_germany_d05_hist_d05_1_patched_2025-07-05_1day,benchmark_results/july_pilot_2026-07-20/2026-07-20/_batch_logs/daily_dr_memory_germany_1day/household_s2_multigeneration_caregiver_EnergyBridge_germany_d05_hist_d05_1_patched_2025-07-05_1day.log,benchmark_results/july_pilot_2026-07-20/2026-07-20/household_s2_multigeneration_caregiver_EnergyBridge_germany_d05_hist_d05_1_patched_2025-07-05_1day/run_summary.txt,0,59.973791,59.973791,10.971992,0.059629,EUR/kWh,/home/hku_user3/EnergyBridge_shed_eval/experiments/real_data/germany_2025_price.csv,6.9356,6.9356,1.0,1.0,4.348,1.0,1.0,"['dishwasher', 'dryer', 'ev', 'washer', 'water_heater']",[],[]
household_s1_dual_commuter_standard,household_s1_dual_commuter_standard,EnergyBridge,Germany,1,2025-07-05,d05_hist_d05_1_patched,hist_d05_1_patched,5,/home/hku_user3/EnergyBridge_shed_eval/experiments/real_data/germany_2025_price.csv,18.0,1.0,benchmark_results/july_pilot_2026-07-20/2026-07-20/_batch_logs/daily_event_configs/d05_hist_d05_1_patched.json,skipped_done,0,0.0,benchmark_results/july_pilot_2026-07-20/2026-07-20/household_s1_dual_commuter_standard_EnergyBridge_germany_d05_hist_d05_1_patched_2025-07-05_1day,benchmark_results/july_pilot_2026-07-20/2026-07-20/_batch_logs/daily_dr_memory_germany_1day/household_s1_dual_commuter_standard_EnergyBridge_germany_d05_hist_d05_1_patched_2025-07-05_1day.log,benchmark_results/july_pilot_2026-07-20/2026-07-20/household_s1_dual_commuter_standard_EnergyBridge_germany_d05_hist_d05_1_patched_2025-07-05_1day/run_summary.txt,0,68.935462,68.935462,12.048539,0.062826,EUR/kWh,/home/hku_user3/EnergyBridge_shed_eval/experiments/real_data/germany_2025_price.csv,7.3445,7.3445,1.0,1.0,4.072,1.0,1.0,"['dishwasher', 'dryer', 'ev', 'washer', 'water_heater']",[],[]
household_s5_shared_roommates_irregular,household_s5_shared_roommates_irregular,EnergyBridge,Tianjin,1,2025-07-04,d04_hist_d04_1_patched,hist_d04_1_patched,4,/home/hku_user3/EnergyBridge_shed_eval/experiments/real_data/tianjin_tou_price_normalized.csv,18.0,1.0,benchmark_results/july_pilot_2026-07-20/2026-07-20/_batch_logs/daily_event_configs/d04_hist_d04_1_patched.json,skipped_done,0,0.0,benchmark_results/july_pilot_2026-07-20/2026-07-20/household_s5_shared_roommates_irregular_EnergyBridge_tianjin_d04_hist_d04_1_patched_2025-07-04_1day,benchmark_results/july_pilot_2026-07-20/2026-07-20/_batch_logs/daily_dr_memory_tianjin_1day/household_s5_shared_roommates_irregular_EnergyBridge_tianjin_d04_hist_d04_1_patched_2025-07-04_1day.log,benchmark_results/july_pilot_2026-07-20/2026-07-20/household_s5_shared_roommates_irregular_EnergyBridge_tianjin_d04_hist_d04_1_patched_2025-07-04_1day/run_summary.txt,0,81.798328,81.798328,59.118258,1.0566,normalized TOU cost/kWh,/home/hku_user3/EnergyBridge_shed_eval/experiments/real_data/tianjin_tou_price_normalized.csv,3.5106,3.5106,0.0,0.0,2.663,1.0,1.0,"['dishwasher', 'dryer', 'ev', 'washer', 'water_heater']",[],[]
household_s3_hybrid_work_from_home,household_s3_hybrid_work_from_home,EnergyBridge,Germany,1,2025-07-05,d05_hist_d05_1_patched,hist_d05_1_patched,5,/home/hku_user3/EnergyBridge_shed_eval/experiments/real_data/germany_2025_price.csv,18.0,1.0,benchmark_results/july_pilot_2026-07-20/2026-07-20/_batch_logs/daily_event_configs/d05_hist_d05_1_patched.json,skipped_done,0,0.0,benchmark_results/july_pilot_2026-07-20/2026-07-20/household_s3_hybrid_work_from_home_EnergyBridge_germany_d05_hist_d05_1_patched_2025-07-05_1day,benchmark_results/july_pilot_2026-07-20/2026-07-20/_batch_logs/daily_dr_memory_germany_1day/household_s3_hybrid_work_from_home_EnergyBridge_germany_d05_hist_d05_1_patched_2025-07-05_1day.log,benchmark_results/july_pilot_2026-07-20/2026-07-20/household_s3_hybrid_work_from_home_EnergyBridge_germany_d05_hist_d05_1_patched_2025-07-05_1day/run_summary.txt,0,62.981595,62.981595,11.103255,0.060104,EUR/kWh,/home/hku_user3/EnergyBridge_shed_eval/experiments/real_data/germany_2025_price.csv,8.0288,8.0288,0.0,0.0,2.683,1.0,1.0,"['dishwasher', 'dryer', 'ev', 'washer', 'water_heater']",[],[]
household_s1_dual_commuter_standard,household_s1_dual_commuter_standard,EnergyBridge,Tianjin,1,2025-07-04,d04_hist_d04_1_patched,hist_d04_1_patched,4,/home/hku_user3/EnergyBridge_shed_eval/experiments/real_data/tianjin_tou_price_normalized.csv,18.0,1.0,benchmark_results/july_pilot_2026-07-20/2026-07-20/_batch_logs/daily_event_configs/d04_hist_d04_1_patched.json,skipped_done,0,0.0,benchmark_results/july_pilot_2026-07-20/2026-07-20/household_s1_dual_commuter_standard_EnergyBridge_tianjin_d04_hist_d04_1_patched_2025-07-04_1day,benchmark_results/july_pilot_2026-07-20/2026-07-20/_batch_logs/daily_dr_memory_tianjin_1day/household_s1_dual_commuter_standard_EnergyBridge_tianjin_d04_hist_d04_1_patched_2025-07-04_1day.log,benchmark_results/july_pilot_2026-07-20/2026-07-20/household_s1_dual_commuter_standard_EnergyBridge_tianjin_d04_hist_d04_1_patched_2025-07-04_1day/run_summary.txt,0,88.103753,88.103753,66.780539,1.069751,normalized TOU cost/kWh,/home/hku_user3/EnergyBridge_shed_eval/experiments/real_data/tianjin_tou_price_normalized.csv,3.4431,3.4431,0.0,0.0,2.662,1.0,1.0,"['dishwasher', 'dryer', 'ev', 'washer', 'water_heater']",[],[]
household_s4_ev_commuter_flexible,household_s4_ev_commuter_flexible,EnergyBridge,Germany,1,2025-07-05,d05_hist_d05_1_patched,hist_d05_1_patched,5,/home/hku_user3/EnergyBridge_shed_eval/experiments/real_data/germany_2025_price.csv,18.0,1.0,benchmark_results/july_pilot_2026-07-20/2026-07-20/_batch_logs/daily_event_configs/d05_hist_d05_1_patched.json,skipped_done,0,0.0,benchmark_results/july_pilot_2026-07-20/2026-07-20/household_s4_ev_commuter_flexible_EnergyBridge_germany_d05_hist_d05_1_patched_2025-07-05_1day,benchmark_results/july_pilot_2026-07-20/2026-07-20/_batch_logs/daily_dr_memory_germany_1day/household_s4_ev_commuter_flexible_EnergyBridge_germany_d05_hist_d05_1_patched_2025-07-05_1day.log,benchmark_results/july_pilot_2026-07-20/2026-07-20/household_s4_ev_commuter_flexible_EnergyBridge_germany_d05_hist_d05_1_patched_2025-07-05_1day/run_summary.txt,0,73.657324,73.657324,11.701503,0.062274,EUR/kWh,/home/hku_user3/EnergyBridge_shed_eval/experiments/real_data/germany_2025_price.csv,8.4174,8.4174,0.0,0.0,2.7,1.0,1.0,"['dishwasher', 'dryer', 'ev', 'washer', 'water_heater']",[],[]
household_s5_shared_roommates_irregular,household_s5_shared_roommates_irregular,EnergyBridge,Germany,1,2025-07-05,d05_hist_d05_1_patched,hist_d05_1_patched,5,/home/hku_user3/EnergyBridge_shed_eval/experiments/real_data/germany_2025_price.csv,18.0,1.0,benchmark_results/july_pilot_2026-07-20/2026-07-20/_batch_logs/daily_event_configs/d05_hist_d05_1_patched.json,skipped_done,0,0.0,benchmark_results/july_pilot_2026-07-20/2026-07-20/household_s5_shared_roommates_irregular_EnergyBridge_germany_d05_hist_d05_1_patched_2025-07-05_1day,benchmark_results/july_pilot_2026-07-20/2026-07-20/_batch_logs/daily_dr_memory_germany_1day/household_s5_shared_roommates_irregular_EnergyBridge_germany_d05_hist_d05_1_patched_2025-07-05_1day.log,benchmark_results/july_pilot_2026-07-20/2026-07-20/household_s5_shared_roommates_irregular_EnergyBridge_germany_d05_hist_d05_1_patched_2025-07-05_1day/run_summary.txt,0,65.015295,65.015295,10.984896,0.060721,EUR/kWh,/home/hku_user3/EnergyBridge_shed_eval/experiments/real_data/germany_2025_price.csv,8.4174,8.4174,0.0,0.0,2.663,1.0,1.0,"['dishwasher', 'dryer', 'ev', 'washer', 'water_heater']",[],[]
household_s3_hybrid_work_from_home,household_s3_hybrid_work_from_home,EnergyBridge,Tianjin,1,2025-07-05,d05_hist_d05_1_patched,hist_d05_1_patched,5,/home/hku_user3/EnergyBridge_shed_eval/experiments/real_data/tianjin_tou_price_normalized.csv,18.0,1.0,benchmark_results/july_pilot_2026-07-20/2026-07-20/_batch_logs/daily_event_configs/d05_hist_d05_1_patched.json,skipped_done,0,0.0,benchmark_results/july_pilot_2026-07-20/2026-07-20/household_s3_hybrid_work_from_home_EnergyBridge_tianjin_d05_hist_d05_1_patched_2025-07-05_1day,benchmark_results/july_pilot_2026-07-20/2026-07-20/_batch_logs/daily_dr_memory_tianjin_1day/household_s3_hybrid_work_from_home_EnergyBridge_tianjin_d05_hist_d05_1_patched_2025-07-05_1day.log,benchmark_results/july_pilot_2026-07-20/2026-07-20/household_s3_hybrid_work_from_home_EnergyBridge_tianjin_d05_hist_d05_1_patched_2025-07-05_1day/run_summary.txt,0,82.46707,82.46707,65.513592,1.11395,normalized TOU cost/kWh,/home/hku_user3/EnergyBridge_shed_eval/experiments/real_data/tianjin_tou_price_normalized.csv,2.9696,2.9696,0.0,0.0,2.683,1.0,1.0,"['dishwasher', 'dryer', 'ev', 'washer', 'water_heater']",[],[]
household_s1_dual_commuter_standard,household_s1_dual_commuter_standard,EnergyBridge,Tianjin,1,2025-07-05,d05_hist_d05_1_patched,hist_d05_1_patched,5,/home/hku_user3/EnergyBridge_shed_eval/experiments/real_data/tianjin_tou_price_normalized.csv,18.0,1.0,benchmark_results/july_pilot_2026-07-20/2026-07-20/_batch_logs/daily_event_configs/d05_hist_d05_1_patched.json,skipped_done,0,0.0,benchmark_results/july_pilot_2026-07-20/2026-07-20/household_s1_dual_commuter_standard_EnergyBridge_tianjin_d05_hist_d05_1_patched_2025-07-05_1day,benchmark_results/july_pilot_2026-07-20/2026-07-20/_batch_logs/daily_dr_memory_tianjin_1day/household_s1_dual_commuter_standard_EnergyBridge_tianjin_d05_hist_d05_1_patched_2025-07-05_1day.log,benchmark_results/july_pilot_2026-07-20/2026-07-20/household_s1_dual_commuter_standard_EnergyBridge_tianjin_d05_hist_d05_1_patched_2025-07-05_1day/run_summary.txt,0,87.110886,87.110886,69.497596,1.125748,normalized TOU cost/kWh,/home/hku_user3/EnergyBridge_shed_eval/experiments/real_data/tianjin_tou_price_normalized.csv,1.9511,1.9511,1.0,1.0,4.213,1.0,1.0,"['dishwasher', 'dryer', 'ev', 'washer', 'water_heater']",[],[]
household_s2_multigeneration_caregiver,household_s2_multigeneration_caregiver,EnergyBridge,Tianjin,1,2025-07-05,d05_hist_d05_1_patched,hist_d05_1_patched,5,/home/hku_user3/EnergyBridge_shed_eval/experiments/real_data/tianjin_tou_price_normalized.csv,18.0,1.0,benchmark_results/july_pilot_2026-07-20/2026-07-20/_batch_logs/daily_event_configs/d05_hist_d05_1_patched.json,skipped_done,0,0.0,benchmark_results/july_pilot_2026-07-20/2026-07-20/household_s2_multigeneration_caregiver_EnergyBridge_tianjin_d05_hist_d05_1_patched_2025-07-05_1day,benchmark_results/july_pilot_2026-07-20/2026-07-20/_batch_logs/daily_dr_memory_tianjin_1day/household_s2_multigeneration_caregiver_EnergyBridge_tianjin_d05_hist_d05_1_patched_2025-07-05_1day.log,benchmark_results/july_pilot_2026-07-20/2026-07-20/household_s2_multigeneration_caregiver_EnergyBridge_tianjin_d05_hist_d05_1_patched_2025-07-05_1day/run_summary.txt,0,75.844592,75.844592,67.813053,1.130293,normalized TOU cost/kWh,/home/hku_user3/EnergyBridge_shed_eval/experiments/real_data/tianjin_tou_price_normalized.csv,1.7461,1.7461,1.0,1.0,4.132,1.0,1.0,"['dishwasher', 'dryer', 'ev', 'washer', 'water_heater']",[],[]
household_s5_shared_roommates_irregular,household_s5_shared_roommates_irregular,EnergyBridge,Tianjin,1,2025-07-05,d05_hist_d05_1_patched,hist_d05_1_patched,5,/home/hku_user3/EnergyBridge_shed_eval/experiments/real_data/tianjin_tou_price_normalized.csv,18.0,1.0,benchmark_results/july_pilot_2026-07-20/2026-07-20/_batch_logs/daily_event_configs/d05_hist_d05_1_patched.json,skipped_done,0,0.0,benchmark_results/july_pilot_2026-07-20/2026-07-20/household_s5_shared_roommates_irregular_EnergyBridge_tianjin_d05_hist_d05_1_patched_2025-07-05_1day,benchmark_results/july_pilot_2026-07-20/2026-07-20/_batch_logs/daily_dr_memory_tianjin_1day/household_s5_shared_roommates_irregular_EnergyBridge_tianjin_d05_hist_d05_1_patched_2025-07-05_1day.log,benchmark_results/july_pilot_2026-07-20/2026-07-20/household_s5_shared_roommates_irregular_EnergyBridge_tianjin_d05_hist_d05_1_patched_2025-07-05_1day/run_summary.txt,0,83.871568,83.871568,53.716532,1.068548,normalized TOU cost/kWh,/home/hku_user3/EnergyBridge_shed_eval/experiments/real_data/tianjin_tou_price_normalized.csv,3.4318,3.4318,0.0,0.0,2.663,1.0,1.0,"['dishwasher', 'dryer', 'ev', 'washer', 'water_heater']",[],[]
household_s4_ev_commuter_flexible,household_s4_ev_commuter_flexible,EnergyBridge,Tianjin,1,2025-07-05,d05_hist_d05_1_patched,hist_d05_1_patched,5,/home/hku_user3/EnergyBridge_shed_eval/experiments/real_data/tianjin_tou_price_normalized.csv,18.0,1.0,benchmark_results/july_pilot_2026-07-20/2026-07-20/_batch_logs/daily_event_configs/d05_hist_d05_1_patched.json,skipped_done,0,0.0,benchmark_results/july_pilot_2026-07-20/2026-07-20/household_s4_ev_commuter_flexible_EnergyBridge_tianjin_d05_hist_d05_1_patched_2025-07-05_1day,benchmark_results/july_pilot_2026-07-20/2026-07-20/_batch_logs/daily_dr_memory_tianjin_1day/household_s4_ev_commuter_flexible_EnergyBridge_tianjin_d05_hist_d05_1_patched_2025-07-05_1day.log,benchmark_results/july_pilot_2026-07-20/2026-07-20/household_s4_ev_commuter_flexible_EnergyBridge_tianjin_d05_hist_d05_1_patched_2025-07-05_1day/run_summary.txt,0,91.830989,91.830989,61.209285,1.072655,normalized TOU cost/kWh,/home/hku_user3/EnergyBridge_shed_eval/experiments/real_data/tianjin_tou_price_normalized.csv,3.4318,3.4318,0.0,0.0,2.7,1.0,1.0,"['dishwasher', 'dryer', 'ev', 'washer', 'water_heater']",[],[]
household_s3_hybrid_work_from_home,household_s3_hybrid_work_from_home,EnergyBridge,Germany,1,2025-07-06,d06_hist_d06_1,hist_d06_1,6,/home/hku_user3/EnergyBridge_shed_eval/experiments/real_data/germany_2025_price.csv,18.0,1.0,benchmark_results/july_pilot_2026-07-20/2026-07-20/_batch_logs/daily_event_configs/d06_hist_d06_1.json,completed,0,129.1,benchmark_results/july_pilot_2026-07-20/2026-07-20/household_s3_hybrid_work_from_home_EnergyBridge_germany_d06_hist_d06_1_2025-07-06_1day,benchmark_results/july_pilot_2026-07-20/2026-07-20/_batch_logs/daily_dr_memory_germany_1day/household_s3_hybrid_work_from_home_EnergyBridge_germany_d06_hist_d06_1_2025-07-06_1day.log,benchmark_results/july_pilot_2026-07-20/2026-07-20/household_s3_hybrid_work_from_home_EnergyBridge_germany_d06_hist_d06_1_2025-07-06_1day/run_summary.txt,0,46.539819,46.539819,13.232537,0.076786,EUR/kWh,/home/hku_user3/EnergyBridge_shed_eval/experiments/real_data/germany_2025_price.csv,6.0098,6.0098,1.0,1.0,4.3,1.0,1.0,"['dishwasher', 'dryer', 'ev', 'washer', 'water_heater']",[],[]
household_s5_shared_roommates_irregular,household_s5_shared_roommates_irregular,EnergyBridge,Germany,1,2025-07-06,d06_hist_d06_1,hist_d06_1,6,/home/hku_user3/EnergyBridge_shed_eval/experiments/real_data/germany_2025_price.csv,18.0,1.0,benchmark_results/july_pilot_2026-07-20/2026-07-20/_batch_logs/daily_event_configs/d06_hist_d06_1.json,completed,0,142.4,benchmark_results/july_pilot_2026-07-20/2026-07-20/household_s5_shared_roommates_irregular_EnergyBridge_germany_d06_hist_d06_1_2025-07-06_1day,benchmark_results/july_pilot_2026-07-20/2026-07-20/_batch_logs/daily_dr_memory_germany_1day/household_s5_shared_roommates_irregular_EnergyBridge_germany_d06_hist_d06_1_2025-07-06_1day.log,benchmark_results/july_pilot_2026-07-20/2026-07-20/household_s5_shared_roommates_irregular_EnergyBridge_germany_d06_hist_d06_1_2025-07-06_1day/run_summary.txt,0,46.191461,46.191461,13.253146,0.076767,EUR/kWh,/home/hku_user3/EnergyBridge_shed_eval/experiments/real_data/germany_2025_price.csv,6.005,6.005,1.0,1.0,4.098,1.0,1.0,"['dishwasher', 'dryer', 'ev', 'washer', 'water_heater']",[],[]
household_s2_multigeneration_caregiver,household_s2_multigeneration_caregiver,EnergyBridge,Germany,1,2025-07-06,d06_hist_d06_1,hist_d06_1,6,/home/hku_user3/EnergyBridge_shed_eval/experiments/real_data/germany_2025_price.csv,18.0,1.0,benchmark_results/july_pilot_2026-07-20/2026-07-20/_batch_logs/daily_event_configs/d06_hist_d06_1.json,completed,0,159.2,benchmark_results/july_pilot_2026-07-20/2026-07-20/household_s2_multigeneration_caregiver_EnergyBridge_germany_d06_hist_d06_1_2025-07-06_1day,benchmark_results/july_pilot_2026-07-20/2026-07-20/_batch_logs/daily_dr_memory_germany_1day/household_s2_multigeneration_caregiver_EnergyBridge_germany_d06_hist_d06_1_2025-07-06_1day.log,benchmark_results/july_pilot_2026-07-20/2026-07-20/household_s2_multigeneration_caregiver_EnergyBridge_germany_d06_hist_d06_1_2025-07-06_1day/run_summary.txt,0,41.419659,41.419659,12.813564,0.07569,EUR/kWh,/home/hku_user3/EnergyBridge_shed_eval/experiments/real_data/germany_2025_price.csv,6.0098,6.0098,1.0,1.0,4.418,1.0,1.0,"['dishwasher', 'dryer', 'ev', 'washer', 'water_heater']",[],[]
household_s4_ev_commuter_flexible,household_s4_ev_commuter_flexible,EnergyBridge,Germany,1,2025-07-06,d06_hist_d06_1,hist_d06_1,6,/home/hku_user3/EnergyBridge_shed_eval/experiments/real_data/germany_2025_price.csv,18.0,1.0,benchmark_results/july_pilot_2026-07-20/2026-07-20/_batch_logs/daily_event_configs/d06_hist_d06_1.json,completed,0,159.3,benchmark_results/july_pilot_2026-07-20/2026-07-20/household_s4_ev_commuter_flexible_EnergyBridge_germany_d06_hist_d06_1_2025-07-06_1day,benchmark_results/july_pilot_2026-07-20/2026-07-20/_batch_logs/daily_dr_memory_germany_1day/household_s4_ev_commuter_flexible_EnergyBridge_germany_d06_hist_d06_1_2025-07-06_1day.log,benchmark_results/july_pilot_2026-07-20/2026-07-20/household_s4_ev_commuter_flexible_EnergyBridge_germany_d06_hist_d06_1_2025-07-06_1day/run_summary.txt,0,53.565374,53.565374,13.828521,0.077528,EUR/kWh,/home/hku_user3/EnergyBridge_shed_eval/experiments/real_data/germany_2025_price.csv,6.005,6.005,1.0,1.0,4.628,1.0,1.0,"['dishwasher', 'dryer', 'ev', 'washer', 'water_heater']",[],[]
household_s1_dual_commuter_standard,household_s1_dual_commuter_standard,EnergyBridge,Germany,1,2025-07-06,d06_hist_d06_1,hist_d06_1,6,/home/hku_user3/EnergyBridge_shed_eval/experiments/real_data/germany_2025_price.csv,18.0,1.0,benchmark_results/july_pilot_2026-07-20/2026-07-20/_batch_logs/daily_event_configs/d06_hist_d06_1.json,completed,0,179.0,benchmark_results/july_pilot_2026-07-20/2026-07-20/household_s1_dual_commuter_standard_EnergyBridge_germany_d06_hist_d06_1_2025-07-06_1day,benchmark_results/july_pilot_2026-07-20/2026-07-20/_batch_logs/daily_dr_memory_germany_1day/household_s1_dual_commuter_standard_EnergyBridge_germany_d06_hist_d06_1_2025-07-06_1day.log,benchmark_results/july_pilot_2026-07-20/2026-07-20/household_s1_dual_commuter_standard_EnergyBridge_germany_d06_hist_d06_1_2025-07-06_1day/run_summary.txt,0,51.13868,51.13868,13.70522,0.077511,EUR/kWh,/home/hku_user3/EnergyBridge_shed_eval/experiments/real_data/germany_2025_price.csv,6.7182,6.7182,0.0,0.0,2.662,1.0,1.0,"['dishwasher', 'dryer', 'ev', 'washer', 'water_heater']",[],[]
household_s1_dual_commuter_standard,household_s1_dual_commuter_standard,EnergyBridge,Tianjin,1,2025-07-06,d06_hist_d06_1,hist_d06_1,6,/home/hku_user3/EnergyBridge_shed_eval/experiments/real_data/tianjin_tou_price_normalized.csv,18.0,1.0,benchmark_results/july_pilot_2026-07-20/2026-07-20/_batch_logs/daily_event_configs/d06_hist_d06_1.json,completed,0,155.6,benchmark_results/july_pilot_2026-07-20/2026-07-20/household_s1_dual_commuter_standard_EnergyBridge_tianjin_d06_hist_d06_1_2025-07-06_1day,benchmark_results/july_pilot_2026-07-20/2026-07-20/_batch_logs/daily_dr_memory_tianjin_1day/household_s1_dual_commuter_standard_EnergyBridge_tianjin_d06_hist_d06_1_2025-07-06_1day.log,benchmark_results/july_pilot_2026-07-20/2026-07-20/household_s1_dual_commuter_standard_EnergyBridge_tianjin_d06_hist_d06_1_2025-07-06_1day/run_summary.txt,0,75.44548,75.44548,61.591737,1.074363,normalized TOU cost/kWh,/home/hku_user3/EnergyBridge_shed_eval/experiments/real_data/tianjin_tou_price_normalized.csv,2.2283,2.2283,0.0,0.0,2.662,1.0,1.0,"['dishwasher', 'dryer', 'ev', 'washer', 'water_heater']",[],[]
household_s3_hybrid_work_from_home,household_s3_hybrid_work_from_home,EnergyBridge,Tianjin,1,2025-07-06,d06_hist_d06_1,hist_d06_1,6,/home/hku_user3/EnergyBridge_shed_eval/experiments/real_data/tianjin_tou_price_normalized.csv,18.0,1.0,benchmark_results/july_pilot_2026-07-20/2026-07-20/_batch_logs/daily_event_configs/d06_hist_d06_1.json,completed,0,127.9,benchmark_results/july_pilot_2026-07-20/2026-07-20/household_s3_hybrid_work_from_home_EnergyBridge_tianjin_d06_hist_d06_1_2025-07-06_1day,benchmark_results/july_pilot_2026-07-20/2026-07-20/_batch_logs/daily_dr_memory_tianjin_1day/household_s3_hybrid_work_from_home_EnergyBridge_tianjin_d06_hist_d06_1_2025-07-06_1day.log,benchmark_results/july_pilot_2026-07-20/2026-07-20/household_s3_hybrid_work_from_home_EnergyBridge_tianjin_d06_hist_d06_1_2025-07-06_1day/run_summary.txt,0,63.672424,63.672424,64.280538,1.115837,normalized TOU cost/kWh,/home/hku_user3/EnergyBridge_shed_eval/experiments/real_data/tianjin_tou_price_normalized.csv,0.697,0.697,1.0,1.0,4.15,1.0,1.0,"['dishwasher', 'dryer', 'ev', 'washer', 'water_heater']",[],[]
household_s2_multigeneration_caregiver,household_s2_multigeneration_caregiver,EnergyBridge,Tianjin,1,2025-07-06,d06_hist_d06_1,hist_d06_1,6,/home/hku_user3/EnergyBridge_shed_eval/experiments/real_data/tianjin_tou_price_normalized.csv,18.0,1.0,benchmark_results/july_pilot_2026-07-20/2026-07-20/_batch_logs/daily_event_configs/d06_hist_d06_1.json,completed,0,157.1,benchmark_results/july_pilot_2026-07-20/2026-07-20/household_s2_multigeneration_caregiver_EnergyBridge_tianjin_d06_hist_d06_1_2025-07-06_1day,benchmark_results/july_pilot_2026-07-20/2026-07-20/_batch_logs/daily_dr_memory_tianjin_1day/household_s2_multigeneration_caregiver_EnergyBridge_tianjin_d06_hist_d06_1_2025-07-06_1day.log,benchmark_results/july_pilot_2026-07-20/2026-07-20/household_s2_multigeneration_caregiver_EnergyBridge_tianjin_d06_hist_d06_1_2025-07-06_1day/run_summary.txt,0,61.896706,61.896706,61.237377,1.124154,normalized TOU cost/kWh,/home/hku_user3/EnergyBridge_shed_eval/experiments/real_data/tianjin_tou_price_normalized.csv,0.8471,0.8471,1.0,1.0,4.18,1.0,1.0,"['dishwasher', 'dryer', 'ev', 'washer', 'water_heater']",[],[]
household_s4_ev_commuter_flexible,household_s4_ev_commuter_flexible,EnergyBridge,Tianjin,1,2025-07-06,d06_hist_d06_1,hist_d06_1,6,/home/hku_user3/EnergyBridge_shed_eval/experiments/real_data/tianjin_tou_price_normalized.csv,18.0,1.0,benchmark_results/july_pilot_2026-07-20/2026-07-20/_batch_logs/daily_event_configs/d06_hist_d06_1.json,completed,0,160.4,benchmark_results/july_pilot_2026-07-20/2026-07-20/household_s4_ev_commuter_flexible_EnergyBridge_tianjin_d06_hist_d06_1_2025-07-06_1day,benchmark_results/july_pilot_2026-07-20/2026-07-20/_batch_logs/daily_dr_memory_tianjin_1day/household_s4_ev_commuter_flexible_EnergyBridge_tianjin_d06_hist_d06_1_2025-07-06_1day.log,benchmark_results/july_pilot_2026-07-20/2026-07-20/household_s4_ev_commuter_flexible_EnergyBridge_tianjin_d06_hist_d06_1_2025-07-06_1day/run_summary.txt,0,71.936018,71.936018,68.573808,1.088285,normalized TOU cost/kWh,/home/hku_user3/EnergyBridge_shed_eval/experiments/real_data/tianjin_tou_price_normalized.csv,0.6827,0.6827,1.0,1.0,4.558,1.0,1.0,"['dishwasher', 'dryer', 'ev', 'washer', 'water_heater']",[],[]
household_s5_shared_roommates_irregular,household_s5_shared_roommates_irregular,EnergyBridge,Tianjin,1,2025-07-06,d06_hist_d06_1,hist_d06_1,6,/home/hku_user3/EnergyBridge_shed_eval/experiments/real_data/tianjin_tou_price_normalized.csv,18.0,1.0,benchmark_results/july_pilot_2026-07-20/2026-07-20/_batch_logs/daily_event_configs/d06_hist_d06_1.json,completed,0,154.6,benchmark_results/july_pilot_2026-07-20/2026-07-20/household_s5_shared_roommates_irregular_EnergyBridge_tianjin_d06_hist_d06_1_2025-07-06_1day,benchmark_results/july_pilot_2026-07-20/2026-07-20/_batch_logs/daily_dr_memory_tianjin_1day/household_s5_shared_roommates_irregular_EnergyBridge_tianjin_d06_hist_d06_1_2025-07-06_1day.log,benchmark_results/july_pilot_2026-07-20/2026-07-20/household_s5_shared_roommates_irregular_EnergyBridge_tianjin_d06_hist_d06_1_2025-07-06_1day/run_summary.txt,0,67.420184,67.420184,60.778073,1.10105,normalized TOU cost/kWh,/home/hku_user3/EnergyBridge_shed_eval/experiments/real_data/tianjin_tou_price_normalized.csv,0.6841,0.6841,1.0,1.0,4.075,1.0,1.0,"['dishwasher', 'dryer', 'ev', 'washer', 'water_heater']",[],[]
household_s1_dual_commuter_standard,household_s1_dual_commuter_standard,EnergyBridge,Germany,1,2025-07-07,d07_hist_d07_1_patched,hist_d07_1_patched,7,/home/hku_user3/EnergyBridge_shed_eval/experiments/real_data/germany_2025_price.csv,18.0,1.0,benchmark_results/july_pilot_2026-07-20/2026-07-20/_batch_logs/daily_event_configs/d07_hist_d07_1_patched.json,completed,0,149.6,benchmark_results/july_pilot_2026-07-20/2026-07-20/household_s1_dual_commuter_standard_EnergyBridge_germany_d07_hist_d07_1_patched_2025-07-07_1day,benchmark_results/july_pilot_2026-07-20/2026-07-20/_batch_logs/daily_dr_memory_germany_1day/household_s1_dual_commuter_standard_EnergyBridge_germany_d07_hist_d07_1_patched_2025-07-07_1day.log,benchmark_results/july_pilot_2026-07-20/2026-07-20/household_s1_dual_commuter_standard_EnergyBridge_germany_d07_hist_d07_1_patched_2025-07-07_1day/run_summary.txt,0,54.611107,54.611107,17.714099,0.093923,EUR/kWh,/home/hku_user3/EnergyBridge_shed_eval/experiments/real_data/germany_2025_price.csv,6.005,6.005,1.0,1.0,4.375,1.0,1.0,"['dishwasher', 'dryer', 'ev', 'washer', 'water_heater']",[],[]
household_s3_hybrid_work_from_home,household_s3_hybrid_work_from_home,EnergyBridge,Germany,1,2025-07-07,d07_hist_d07_1_patched,hist_d07_1_patched,7,/home/hku_user3/EnergyBridge_shed_eval/experiments/real_data/germany_2025_price.csv,18.0,1.0,benchmark_results/july_pilot_2026-07-20/2026-07-20/_batch_logs/daily_event_configs/d07_hist_d07_1_patched.json,completed,0,147.3,benchmark_results/july_pilot_2026-07-20/2026-07-20/household_s3_hybrid_work_from_home_EnergyBridge_germany_d07_hist_d07_1_patched_2025-07-07_1day,benchmark_results/july_pilot_2026-07-20/2026-07-20/_batch_logs/daily_dr_memory_germany_1day/household_s3_hybrid_work_from_home_EnergyBridge_germany_d07_hist_d07_1_patched_2025-07-07_1day.log,benchmark_results/july_pilot_2026-07-20/2026-07-20/household_s3_hybrid_work_from_home_EnergyBridge_germany_d07_hist_d07_1_patched_2025-07-07_1day/run_summary.txt,0,52.880857,52.880857,17.283611,0.094,EUR/kWh,/home/hku_user3/EnergyBridge_shed_eval/experiments/real_data/germany_2025_price.csv,7.0632,7.0632,0.0,0.0,2.683,1.0,1.0,"['dishwasher', 'dryer', 'ev', 'washer', 'water_heater']",[],[]
household_s2_multigeneration_caregiver,household_s2_multigeneration_caregiver,EnergyBridge,Germany,1,2025-07-07,d07_hist_d07_1_patched,hist_d07_1_patched,7,/home/hku_user3/EnergyBridge_shed_eval/experiments/real_data/germany_2025_price.csv,18.0,1.0,benchmark_results/july_pilot_2026-07-20/2026-07-20/_batch_logs/daily_event_configs/d07_hist_d07_1_patched.json,completed,0,171.4,benchmark_results/july_pilot_2026-07-20/2026-07-20/household_s2_multigeneration_caregiver_EnergyBridge_germany_d07_hist_d07_1_patched_2025-07-07_1day,benchmark_results/july_pilot_2026-07-20/2026-07-20/_batch_logs/daily_dr_memory_germany_1day/household_s2_multigeneration_caregiver_EnergyBridge_germany_d07_hist_d07_1_patched_2025-07-07_1day.log,benchmark_results/july_pilot_2026-07-20/2026-07-20/household_s2_multigeneration_caregiver_EnergyBridge_germany_d07_hist_d07_1_patched_2025-07-07_1day/run_summary.txt,0,45.757249,45.757249,17.001566,0.094033,EUR/kWh,/home/hku_user3/EnergyBridge_shed_eval/experiments/real_data/germany_2025_price.csv,6.0531,6.0531,1.0,1.0,4.336,1.0,1.0,"['dishwasher', 'dryer', 'ev', 'washer', 'water_heater']",[],[]
household_s4_ev_commuter_flexible,household_s4_ev_commuter_flexible,EnergyBridge,Germany,1,2025-07-07,d07_hist_d07_1_patched,hist_d07_1_patched,7,/home/hku_user3/EnergyBridge_shed_eval/experiments/real_data/germany_2025_price.csv,18.0,1.0,benchmark_results/july_pilot_2026-07-20/2026-07-20/_batch_logs/daily_event_configs/d07_hist_d07_1_patched.json,completed,0,139.2,benchmark_results/july_pilot_2026-07-20/2026-07-20/household_s4_ev_commuter_flexible_EnergyBridge_germany_d07_hist_d07_1_patched_2025-07-07_1day,benchmark_results/july_pilot_2026-07-20/2026-07-20/_batch_logs/daily_dr_memory_germany_1day/household_s4_ev_commuter_flexible_EnergyBridge_germany_d07_hist_d07_1_patched_2025-07-07_1day.log,benchmark_results/july_pilot_2026-07-20/2026-07-20/household_s4_ev_commuter_flexible_EnergyBridge_germany_d07_hist_d07_1_patched_2025-07-07_1day/run_summary.txt,0,58.692267,58.692267,18.125247,0.094068,EUR/kWh,/home/hku_user3/EnergyBridge_shed_eval/experiments/real_data/germany_2025_price.csv,6.005,6.005,1.0,1.0,4.348,1.0,1.0,"['dishwasher', 'dryer', 'ev', 'washer', 'water_heater']",[],[]
household_s5_shared_roommates_irregular,household_s5_shared_roommates_irregular,EnergyBridge,Germany,1,2025-07-07,d07_hist_d07_1_patched,hist_d07_1_patched,7,/home/hku_user3/EnergyBridge_shed_eval/experiments/real_data/germany_2025_price.csv,18.0,1.0,benchmark_results/july_pilot_2026-07-20/2026-07-20/_batch_logs/daily_event_configs/d07_hist_d07_1_patched.json,completed,0,155.1,benchmark_results/july_pilot_2026-07-20/2026-07-20/household_s5_shared_roommates_irregular_EnergyBridge_germany_d07_hist_d07_1_patched_2025-07-07_1day,benchmark_results/july_pilot_2026-07-20/2026-07-20/_batch_logs/daily_dr_memory_germany_1day/household_s5_shared_roommates_irregular_EnergyBridge_germany_d07_hist_d07_1_patched_2025-07-07_1day.log,benchmark_results/july_pilot_2026-07-20/2026-07-20/household_s5_shared_roommates_irregular_EnergyBridge_germany_d07_hist_d07_1_patched_2025-07-07_1day/run_summary.txt,0,50.529948,50.529948,17.318357,0.093856,EUR/kWh,/home/hku_user3/EnergyBridge_shed_eval/experiments/real_data/germany_2025_price.csv,6.005,6.005,1.0,1.0,4.098,1.0,1.0,"['dishwasher', 'dryer', 'ev', 'washer', 'water_heater']",[],[]
household_s1_dual_commuter_standard,household_s1_dual_commuter_standard,EnergyBridge,Tianjin,1,2025-07-07,d07_hist_d07_1_patched,hist_d07_1_patched,7,/home/hku_user3/EnergyBridge_shed_eval/experiments/real_data/tianjin_tou_price_normalized.csv,18.0,1.0,benchmark_results/july_pilot_2026-07-20/2026-07-20/_batch_logs/daily_event_configs/d07_hist_d07_1_patched.json,completed,0,173.1,benchmark_results/july_pilot_2026-07-20/2026-07-20/household_s1_dual_commuter_standard_EnergyBridge_tianjin_d07_hist_d07_1_patched_2025-07-07_1day,benchmark_results/july_pilot_2026-07-20/2026-07-20/_batch_logs/daily_dr_memory_tianjin_1day/household_s1_dual_commuter_standard_EnergyBridge_tianjin_d07_hist_d07_1_patched_2025-07-07_1day.log,benchmark_results/july_pilot_2026-07-20/2026-07-20/household_s1_dual_commuter_standard_EnergyBridge_tianjin_d07_hist_d07_1_patched_2025-07-07_1day/run_summary.txt,0,78.060921,78.060921,57.34481,1.062366,normalized TOU cost/kWh,/home/hku_user3/EnergyBridge_shed_eval/experiments/real_data/tianjin_tou_price_normalized.csv,1.036,1.036,1.0,1.0,4.213,1.0,1.0,"['dishwasher', 'dryer', 'ev', 'washer', 'water_heater']",[],[]
household_s4_ev_commuter_flexible,household_s4_ev_commuter_flexible,EnergyBridge,Tianjin,1,2025-07-07,d07_hist_d07_1_patched,hist_d07_1_patched,7,/home/hku_user3/EnergyBridge_shed_eval/experiments/real_data/tianjin_tou_price_normalized.csv,18.0,1.0,benchmark_results/july_pilot_2026-07-20/2026-07-20/_batch_logs/daily_event_configs/d07_hist_d07_1_patched.json,completed,0,152.3,benchmark_results/july_pilot_2026-07-20/2026-07-20/household_s4_ev_commuter_flexible_EnergyBridge_tianjin_d07_hist_d07_1_patched_2025-07-07_1day,benchmark_results/july_pilot_2026-07-20/2026-07-20/_batch_logs/daily_dr_memory_tianjin_1day/household_s4_ev_commuter_flexible_EnergyBridge_tianjin_d07_hist_d07_1_patched_2025-07-07_1day.log,benchmark_results/july_pilot_2026-07-20/2026-07-20/household_s4_ev_commuter_flexible_EnergyBridge_tianjin_d07_hist_d07_1_patched_2025-07-07_1day/run_summary.txt,0,75.3674,75.3674,57.519345,1.038449,normalized TOU cost/kWh,/home/hku_user3/EnergyBridge_shed_eval/experiments/real_data/tianjin_tou_price_normalized.csv,0.8258,0.8258,1.0,1.0,4.325,1.0,1.0,"['dishwasher', 'dryer', 'ev', 'washer', 'water_heater']",[],[]
household_s3_hybrid_work_from_home,household_s3_hybrid_work_from_home,EnergyBridge,Tianjin,1,2025-07-07,d07_hist_d07_1_patched,hist_d07_1_patched,7,/home/hku_user3/EnergyBridge_shed_eval/experiments/real_data/tianjin_tou_price_normalized.csv,18.0,1.0,benchmark_results/july_pilot_2026-07-20/2026-07-20/_batch_logs/daily_event_configs/d07_hist_d07_1_patched.json,completed,0,160.0,benchmark_results/july_pilot_2026-07-20/2026-07-20/household_s3_hybrid_work_from_home_EnergyBridge_tianjin_d07_hist_d07_1_patched_2025-07-07_1day,benchmark_results/july_pilot_2026-07-20/2026-07-20/_batch_logs/daily_dr_memory_tianjin_1day/household_s3_hybrid_work_from_home_EnergyBridge_tianjin_d07_hist_d07_1_patched_2025-07-07_1day.log,benchmark_results/july_pilot_2026-07-20/2026-07-20/household_s3_hybrid_work_from_home_EnergyBridge_tianjin_d07_hist_d07_1_patched_2025-07-07_1day/run_summary.txt,0,70.319685,70.319685,54.889696,1.074217,normalized TOU cost/kWh,/home/hku_user3/EnergyBridge_shed_eval/experiments/real_data/tianjin_tou_price_normalized.csv,2.2866,2.2866,0.0,0.0,2.683,1.0,1.0,"['dishwasher', 'dryer', 'ev', 'washer', 'water_heater']",[],[]
household_s5_shared_roommates_irregular,household_s5_shared_roommates_irregular,EnergyBridge,Tianjin,1,2025-07-07,d07_hist_d07_1_patched,hist_d07_1_patched,7,/home/hku_user3/EnergyBridge_shed_eval/experiments/real_data/tianjin_tou_price_normalized.csv,18.0,1.0,benchmark_results/july_pilot_2026-07-20/2026-07-20/_batch_logs/daily_event_configs/d07_hist_d07_1_patched.json,completed,0,156.4,benchmark_results/july_pilot_2026-07-20/2026-07-20/household_s5_shared_roommates_irregular_EnergyBridge_tianjin_d07_hist_d07_1_patched_2025-07-07_1day,benchmark_results/july_pilot_2026-07-20/2026-07-20/_batch_logs/daily_dr_memory_tianjin_1day/household_s5_shared_roommates_irregular_EnergyBridge_tianjin_d07_hist_d07_1_patched_2025-07-07_1day.log,benchmark_results/july_pilot_2026-07-20/2026-07-20/household_s5_shared_roommates_irregular_EnergyBridge_tianjin_d07_hist_d07_1_patched_2025-07-07_1day/run_summary.txt,0,71.858143,71.858143,53.478395,1.071162,normalized TOU cost/kWh,/home/hku_user3/EnergyBridge_shed_eval/experiments/real_data/tianjin_tou_price_normalized.csv,0.8278,0.8278,1.0,1.0,4.075,1.0,1.0,"['dishwasher', 'dryer', 'ev', 'washer', 'water_heater']",[],[]
household_s2_multigeneration_caregiver,household_s2_multigeneration_caregiver,EnergyBridge,Tianjin,1,2025-07-07,d07_hist_d07_1_patched,hist_d07_1_patched,7,/home/hku_user3/EnergyBridge_shed_eval/experiments/real_data/tianjin_tou_price_normalized.csv,18.0,1.0,benchmark_results/july_pilot_2026-07-20/2026-07-20/_batch_logs/daily_event_configs/d07_hist_d07_1_patched.json,completed,0,212.4,benchmark_results/july_pilot_2026-07-20/2026-07-20/household_s2_multigeneration_caregiver_EnergyBridge_tianjin_d07_hist_d07_1_patched_2025-07-07_1day,benchmark_results/july_pilot_2026-07-20/2026-07-20/_batch_logs/daily_dr_memory_tianjin_1day/household_s2_multigeneration_caregiver_EnergyBridge_tianjin_d07_hist_d07_1_patched_2025-07-07_1day.log,benchmark_results/july_pilot_2026-07-20/2026-07-20/household_s2_multigeneration_caregiver_EnergyBridge_tianjin_d07_hist_d07_1_patched_2025-07-07_1day/run_summary.txt,0,69.611993,69.611993,56.257727,1.108812,normalized TOU cost/kWh,/home/hku_user3/EnergyBridge_shed_eval/experiments/real_data/tianjin_tou_price_normalized.csv,1.0776,1.0776,1.0,1.0,4.242,1.0,1.0,"['dishwasher', 'dryer', 'ev', 'washer', 'water_heater']",[],[]
household_s3_hybrid_work_from_home,household_s3_hybrid_work_from_home,EnergyBridge,Germany,1,2025-07-08,d08_hist_d08_1_patched,hist_d08_1_patched,8,/home/hku_user3/EnergyBridge_shed_eval/experiments/real_data/germany_2025_price.csv,18.0,1.0,benchmark_results/july_pilot_2026-07-20/2026-07-20/_batch_logs/daily_event_configs/d08_hist_d08_1_patched.json,completed,0,128.2,benchmark_results/july_pilot_2026-07-20/2026-07-20/household_s3_hybrid_work_from_home_EnergyBridge_germany_d08_hist_d08_1_patched_2025-07-08_1day,benchmark_results/july_pilot_2026-07-20/2026-07-20/_batch_logs/daily_dr_memory_germany_1day/household_s3_hybrid_work_from_home_EnergyBridge_germany_d08_hist_d08_1_patched_2025-07-08_1day.log,benchmark_results/july_pilot_2026-07-20/2026-07-20/household_s3_hybrid_work_from_home_EnergyBridge_germany_d08_hist_d08_1_patched_2025-07-08_1day/run_summary.txt,0,50.234043,50.234043,17.253866,0.092743,EUR/kWh,/home/hku_user3/EnergyBridge_shed_eval/experiments/real_data/germany_2025_price.csv,6.1233,6.1233,1.0,1.0,4.18,1.0,1.0,"['dishwasher', 'dryer', 'ev', 'washer', 'water_heater']",[],[]
household_s2_multigeneration_caregiver,household_s2_multigeneration_caregiver,EnergyBridge,Germany,1,2025-07-08,d08_hist_d08_1_patched,hist_d08_1_patched,8,/home/hku_user3/EnergyBridge_shed_eval/experiments/real_data/germany_2025_price.csv,18.0,1.0,benchmark_results/july_pilot_2026-07-20/2026-07-20/_batch_logs/daily_event_configs/d08_hist_d08_1_patched.json,completed,0,175.8,benchmark_results/july_pilot_2026-07-20/2026-07-20/household_s2_multigeneration_caregiver_EnergyBridge_germany_d08_hist_d08_1_patched_2025-07-08_1day,benchmark_results/july_pilot_2026-07-20/2026-07-20/_batch_logs/daily_dr_memory_germany_1day/household_s2_multigeneration_caregiver_EnergyBridge_germany_d08_hist_d08_1_patched_2025-07-08_1day.log,benchmark_results/july_pilot_2026-07-20/2026-07-20/household_s2_multigeneration_caregiver_EnergyBridge_germany_d08_hist_d08_1_patched_2025-07-08_1day/run_summary.txt,0,47.891265,47.891265,16.885185,0.092808,EUR/kWh,/home/hku_user3/EnergyBridge_shed_eval/experiments/real_data/germany_2025_price.csv,7.3064,7.3064,0.0,0.0,2.6,1.0,1.0,"['dishwasher', 'dryer', 'ev', 'washer', 'water_heater']",[],[]
household_s4_ev_commuter_flexible,household_s4_ev_commuter_flexible,EnergyBridge,Germany,1,2025-07-08,d08_hist_d08_1_patched,hist_d08_1_patched,8,/home/hku_user3/EnergyBridge_shed_eval/experiments/real_data/germany_2025_price.csv,18.0,1.0,benchmark_results/july_pilot_2026-07-20/2026-07-20/_batch_logs/daily_event_configs/d08_hist_d08_1_patched.json,completed,0,200.5,benchmark_results/july_pilot_2026-07-20/2026-07-20/household_s4_ev_commuter_flexible_EnergyBridge_germany_d08_hist_d08_1_patched_2025-07-08_1day,benchmark_results/july_pilot_2026-07-20/2026-07-20/_batch_logs/daily_dr_memory_germany_1day/household_s4_ev_commuter_flexible_EnergyBridge_germany_d08_hist_d08_1_patched_2025-07-08_1day.log,benchmark_results/july_pilot_2026-07-20/2026-07-20/household_s4_ev_commuter_flexible_EnergyBridge_germany_d08_hist_d08_1_patched_2025-07-08_1day/run_summary.txt,0,60.603048,60.603048,18.017681,0.093004,EUR/kWh,/home/hku_user3/EnergyBridge_shed_eval/experiments/real_data/germany_2025_price.csv,6.1044,6.1044,1.0,1.0,4.602,1.0,1.0,"['dishwasher', 'dryer', 'ev', 'washer', 'water_heater']",[],[]
household_s5_shared_roommates_irregular,household_s5_shared_roommates_irregular,EnergyBridge,Germany,1,2025-07-08,d08_hist_d08_1_patched,hist_d08_1_patched,8,/home/hku_user3/EnergyBridge_shed_eval/experiments/real_data/germany_2025_price.csv,18.0,1.0,benchmark_results/july_pilot_2026-07-20/2026-07-20/_batch_logs/daily_event_configs/d08_hist_d08_1_patched.json,completed,0,189.5,benchmark_results/july_pilot_2026-07-20/2026-07-20/household_s5_shared_roommates_irregular_EnergyBridge_germany_d08_hist_d08_1_patched_2025-07-08_1day,benchmark_results/july_pilot_2026-07-20/2026-07-20/_batch_logs/daily_dr_memory_germany_1day/household_s5_shared_roommates_irregular_EnergyBridge_germany_d08_hist_d08_1_patched_2025-07-08_1day.log,benchmark_results/july_pilot_2026-07-20/2026-07-20/household_s5_shared_roommates_irregular_EnergyBridge_germany_d08_hist_d08_1_patched_2025-07-08_1day/run_summary.txt,0,50.350501,50.350501,17.193846,0.092822,EUR/kWh,/home/hku_user3/EnergyBridge_shed_eval/experiments/real_data/germany_2025_price.csv,6.1033,6.1033,1.0,1.0,4.202,1.0,1.0,"['dishwasher', 'dryer', 'ev', 'washer', 'water_heater']",[],[]
household_s1_dual_commuter_standard,household_s1_dual_commuter_standard,EnergyBridge,Germany,1,2025-07-08,d08_hist_d08_1_patched,hist_d08_1_patched,8,/home/hku_user3/EnergyBridge_shed_eval/experiments/real_data/germany_2025_price.csv,18.0,1.0,benchmark_results/july_pilot_2026-07-20/2026-07-20/_batch_logs/daily_event_configs/d08_hist_d08_1_patched.json,completed,0,257.1,benchmark_results/july_pilot_2026-07-20/2026-07-20/household_s1_dual_commuter_standard_EnergyBridge_germany_d08_hist_d08_1_patched_2025-07-08_1day,benchmark_results/july_pilot_2026-07-20/2026-07-20/_batch_logs/daily_dr_memory_germany_1day/household_s1_dual_commuter_standard_EnergyBridge_germany_d08_hist_d08_1_patched_2025-07-08_1day.log,benchmark_results/july_pilot_2026-07-20/2026-07-20/household_s1_dual_commuter_standard_EnergyBridge_germany_d08_hist_d08_1_patched_2025-07-08_1day/run_summary.txt,0,54.968789,54.968789,17.62546,0.092853,EUR/kWh,/home/hku_user3/EnergyBridge_shed_eval/experiments/real_data/germany_2025_price.csv,6.2035,6.2035,1.0,1.0,4.375,1.0,1.0,"['dishwasher', 'dryer', 'ev', 'washer', 'water_heater']",[],[]
household_s1_dual_commuter_standard,household_s1_dual_commuter_standard,EnergyBridge,Tianjin,1,2025-07-08,d08_hist_d08_1_patched,hist_d08_1_patched,8,/home/hku_user3/EnergyBridge_shed_eval/experiments/real_data/tianjin_tou_price_normalized.csv,18.0,1.0,benchmark_results/july_pilot_2026-07-20/2026-07-20/_batch_logs/daily_event_configs/d08_hist_d08_1_patched.json,completed,0,218.1,benchmark_results/july_pilot_2026-07-20/2026-07-20/household_s1_dual_commuter_standard_EnergyBridge_tianjin_d08_hist_d08_1_patched_2025-07-08_1day,benchmark_results/july_pilot_2026-07-20/2026-07-20/_batch_logs/daily_dr_memory_tianjin_1day/household_s1_dual_commuter_standard_EnergyBridge_tianjin_d08_hist_d08_1_patched_2025-07-08_1day.log,benchmark_results/july_pilot_2026-07-20/2026-07-20/household_s1_dual_commuter_standard_EnergyBridge_tianjin_d08_hist_d08_1_patched_2025-07-08_1day/run_summary.txt,0,84.68391,84.68391,63.107944,1.230306,normalized TOU cost/kWh,/home/hku_user3/EnergyBridge_shed_eval/experiments/real_data/tianjin_tou_price_normalized.csv,1.8207,1.8207,1.0,1.0,4.353,1.0,1.0,"['dishwasher', 'dryer', 'ev', 'washer', 'water_heater']",[],[]
household_s3_hybrid_work_from_home,household_s3_hybrid_work_from_home,EnergyBridge,Tianjin,1,2025-07-08,d08_hist_d08_1_patched,hist_d08_1_patched,8,/home/hku_user3/EnergyBridge_shed_eval/experiments/real_data/tianjin_tou_price_normalized.csv,18.0,1.0,benchmark_results/july_pilot_2026-07-20/2026-07-20/_batch_logs/daily_event_configs/d08_hist_d08_1_patched.json,completed,0,125.8,benchmark_results/july_pilot_2026-07-20/2026-07-20/household_s3_hybrid_work_from_home_EnergyBridge_tianjin_d08_hist_d08_1_patched_2025-07-08_1day,benchmark_results/july_pilot_2026-07-20/2026-07-20/_batch_logs/daily_dr_memory_tianjin_1day/household_s3_hybrid_work_from_home_EnergyBridge_tianjin_d08_hist_d08_1_patched_2025-07-08_1day.log,benchmark_results/july_pilot_2026-07-20/2026-07-20/household_s3_hybrid_work_from_home_EnergyBridge_tianjin_d08_hist_d08_1_patched_2025-07-08_1day/run_summary.txt,0,76.504611,76.504611,63.46769,1.264523,normalized TOU cost/kWh,/home/hku_user3/EnergyBridge_shed_eval/experiments/real_data/tianjin_tou_price_normalized.csv,1.531,1.531,1.0,1.0,4.337,1.0,1.0,"['dishwasher', 'dryer', 'ev', 'washer', 'water_heater']",[],[]
household_s2_multigeneration_caregiver,household_s2_multigeneration_caregiver,EnergyBridge,Tianjin,1,2025-07-08,d08_hist_d08_1_patched,hist_d08_1_patched,8,/home/hku_user3/EnergyBridge_shed_eval/experiments/real_data/tianjin_tou_price_normalized.csv,18.0,1.0,benchmark_results/july_pilot_2026-07-20/2026-07-20/_batch_logs/daily_event_configs/d08_hist_d08_1_patched.json,completed,0,216.2,benchmark_results/july_pilot_2026-07-20/2026-07-20/household_s2_multigeneration_caregiver_EnergyBridge_tianjin_d08_hist_d08_1_patched_2025-07-08_1day,benchmark_results/july_pilot_2026-07-20/2026-07-20/_batch_logs/daily_dr_memory_tianjin_1day/household_s2_multigeneration_caregiver_EnergyBridge_tianjin_d08_hist_d08_1_patched_2025-07-08_1day.log,benchmark_results/july_pilot_2026-07-20/2026-07-20/household_s2_multigeneration_caregiver_EnergyBridge_tianjin_d08_hist_d08_1_patched_2025-07-08_1day/run_summary.txt,0,79.860442,79.860442,60.942853,1.241419,normalized TOU cost/kWh,/home/hku_user3/EnergyBridge_shed_eval/experiments/real_data/tianjin_tou_price_normalized.csv,3.171,3.171,0.0,0.0,2.6,1.0,1.0,"['dishwasher', 'dryer', 'ev', 'washer', 'water_heater']",[],[]
household_s4_ev_commuter_flexible,household_s4_ev_commuter_flexible,EnergyBridge,Tianjin,1,2025-07-08,d08_hist_d08_1_patched,hist_d08_1_patched,8,/home/hku_user3/EnergyBridge_shed_eval/experiments/real_data/tianjin_tou_price_normalized.csv,18.0,1.0,benchmark_results/july_pilot_2026-07-20/2026-07-20/_batch_logs/daily_event_configs/d08_hist_d08_1_patched.json,completed,0,198.1,benchmark_results/july_pilot_2026-07-20/2026-07-20/household_s4_ev_commuter_flexible_EnergyBridge_tianjin_d08_hist_d08_1_patched_2025-07-08_1day,benchmark_results/july_pilot_2026-07-20/2026-07-20/_batch_logs/daily_dr_memory_tianjin_1day/household_s4_ev_commuter_flexible_EnergyBridge_tianjin_d08_hist_d08_1_patched_2025-07-08_1day.log,benchmark_results/july_pilot_2026-07-20/2026-07-20/household_s4_ev_commuter_flexible_EnergyBridge_tianjin_d08_hist_d08_1_patched_2025-07-08_1day/run_summary.txt,0,81.487586,81.487586,64.410154,1.205809,normalized TOU cost/kWh,/home/hku_user3/EnergyBridge_shed_eval/experiments/real_data/tianjin_tou_price_normalized.csv,1.6079,1.6079,1.0,1.0,4.582,1.0,1.0,"['dishwasher', 'dryer', 'ev', 'washer', 'water_heater']",[],[]
household_s5_shared_roommates_irregular,household_s5_shared_roommates_irregular,EnergyBridge,Tianjin,1,2025-07-08,d08_hist_d08_1_patched,hist_d08_1_patched,8,/home/hku_user3/EnergyBridge_shed_eval/experiments/real_data/tianjin_tou_price_normalized.csv,18.0,1.0,benchmark_results/july_pilot_2026-07-20/2026-07-20/_batch_logs/daily_event_configs/d08_hist_d08_1_patched.json,completed,0,221.4,benchmark_results/july_pilot_2026-07-20/2026-07-20/household_s5_shared_roommates_irregular_EnergyBridge_tianjin_d08_hist_d08_1_patched_2025-07-08_1day,benchmark_results/july_pilot_2026-07-20/2026-07-20/_batch_logs/daily_dr_memory_tianjin_1day/household_s5_shared_roommates_irregular_EnergyBridge_tianjin_d08_hist_d08_1_patched_2025-07-08_1day.log,benchmark_results/july_pilot_2026-07-20/2026-07-20/household_s5_shared_roommates_irregular_EnergyBridge_tianjin_d08_hist_d08_1_patched_2025-07-08_1day/run_summary.txt,0,76.869304,76.869304,58.495398,1.250447,normalized TOU cost/kWh,/home/hku_user3/EnergyBridge_shed_eval/experiments/real_data/tianjin_tou_price_normalized.csv,1.6097,1.6097,1.0,1.0,4.075,1.0,1.0,"['dishwasher', 'dryer', 'ev', 'washer', 'water_heater']",[],[]
household_s1_dual_commuter_standard,household_s1_dual_commuter_standard,EnergyBridge,Germany,1,2025-07-09,d09_hist_d09_1_patched,hist_d09_1_patched,9,/home/hku_user3/EnergyBridge_shed_eval/experiments/real_data/germany_2025_price.csv,18.0,1.0,benchmark_results/july_pilot_2026-07-20/2026-07-20/_batch_logs/daily_event_configs/d09_hist_d09_1_patched.json,completed,0,173.2,benchmark_results/july_pilot_2026-07-20/2026-07-20/household_s1_dual_commuter_standard_EnergyBridge_germany_d09_hist_d09_1_patched_2025-07-09_1day,benchmark_results/july_pilot_2026-07-20/2026-07-20/_batch_logs/daily_dr_memory_germany_1day/household_s1_dual_commuter_standard_EnergyBridge_germany_d09_hist_d09_1_patched_2025-07-09_1day.log,benchmark_results/july_pilot_2026-07-20/2026-07-20/household_s1_dual_commuter_standard_EnergyBridge_germany_d09_hist_d09_1_patched_2025-07-09_1day/run_summary.txt,0,54.339132,54.339132,17.632151,0.09638,EUR/kWh,/home/hku_user3/EnergyBridge_shed_eval/experiments/real_data/germany_2025_price.csv,6.1999,6.1999,1.0,1.0,4.235,1.0,1.0,"['dishwasher', 'dryer', 'ev', 'washer', 'water_heater']",[],[]
household_s3_hybrid_work_from_home,household_s3_hybrid_work_from_home,EnergyBridge,Germany,1,2025-07-09,d09_hist_d09_1_patched,hist_d09_1_patched,9,/home/hku_user3/EnergyBridge_shed_eval/experiments/real_data/germany_2025_price.csv,18.0,1.0,benchmark_results/july_pilot_2026-07-20/2026-07-20/_batch_logs/daily_event_configs/d09_hist_d09_1_patched.json,completed,0,152.9,benchmark_results/july_pilot_2026-07-20/2026-07-20/household_s3_hybrid_work_from_home_EnergyBridge_germany_d09_hist_d09_1_patched_2025-07-09_1day,benchmark_results/july_pilot_2026-07-20/2026-07-20/_batch_logs/daily_dr_memory_germany_1day/household_s3_hybrid_work_from_home_EnergyBridge_germany_d09_hist_d09_1_patched_2025-07-09_1day.log,benchmark_results/july_pilot_2026-07-20/2026-07-20/household_s3_hybrid_work_from_home_EnergyBridge_germany_d09_hist_d09_1_patched_2025-07-09_1day/run_summary.txt,0,49.379962,49.379962,17.255777,0.096289,EUR/kWh,/home/hku_user3/EnergyBridge_shed_eval/experiments/real_data/germany_2025_price.csv,6.1163,6.1163,1.0,1.0,4.18,1.0,1.0,"['dishwasher', 'dryer', 'ev', 'washer', 'water_heater']",[],[]
household_s2_multigeneration_caregiver,household_s2_multigeneration_caregiver,EnergyBridge,Germany,1,2025-07-09,d09_hist_d09_1_patched,hist_d09_1_patched,9,/home/hku_user3/EnergyBridge_shed_eval/experiments/real_data/germany_2025_price.csv,18.0,1.0,benchmark_results/july_pilot_2026-07-20/2026-07-20/_batch_logs/daily_event_configs/d09_hist_d09_1_patched.json,completed,0,225.3,benchmark_results/july_pilot_2026-07-20/2026-07-20/household_s2_multigeneration_caregiver_EnergyBridge_germany_d09_hist_d09_1_patched_2025-07-09_1day,benchmark_results/july_pilot_2026-07-20/2026-07-20/_batch_logs/daily_dr_memory_germany_1day/household_s2_multigeneration_caregiver_EnergyBridge_germany_d09_hist_d09_1_patched_2025-07-09_1day.log,benchmark_results/july_pilot_2026-07-20/2026-07-20/household_s2_multigeneration_caregiver_EnergyBridge_germany_d09_hist_d09_1_patched_2025-07-09_1day/run_summary.txt,0,45.477496,45.477496,16.919458,0.096194,EUR/kWh,/home/hku_user3/EnergyBridge_shed_eval/experiments/real_data/germany_2025_price.csv,6.2041,6.2041,1.0,1.0,4.348,1.0,1.0,"['dishwasher', 'dryer', 'ev', 'washer', 'water_heater']",[],[]
household_s4_ev_commuter_flexible,household_s4_ev_commuter_flexible,EnergyBridge,Germany,1,2025-07-09,d09_hist_d09_1_patched,hist_d09_1_patched,9,/home/hku_user3/EnergyBridge_shed_eval/experiments/real_data/germany_2025_price.csv,18.0,1.0,benchmark_results/july_pilot_2026-07-20/2026-07-20/_batch_logs/daily_event_configs/d09_hist_d09_1_patched.json,completed,0,230.2,benchmark_results/july_pilot_2026-07-20/2026-07-20/household_s4_ev_commuter_flexible_EnergyBridge_germany_d09_hist_d09_1_patched_2025-07-09_1day,benchmark_results/july_pilot_2026-07-20/2026-07-20/_batch_logs/daily_dr_memory_germany_1day/household_s4_ev_commuter_flexible_EnergyBridge_germany_d09_hist_d09_1_patched_2025-07-09_1day.log,benchmark_results/july_pilot_2026-07-20/2026-07-20/household_s4_ev_commuter_flexible_EnergyBridge_germany_d09_hist_d09_1_patched_2025-07-09_1day/run_summary.txt,0,59.3049,59.3049,18.024105,0.096472,EUR/kWh,/home/hku_user3/EnergyBridge_shed_eval/experiments/real_data/germany_2025_price.csv,6.0959,6.0959,1.0,1.0,4.462,1.0,1.0,"['dishwasher', 'dryer', 'ev', 'washer', 'water_heater']",[],[]
household_s5_shared_roommates_irregular,household_s5_shared_roommates_irregular,EnergyBridge,Germany,1,2025-07-09,d09_hist_d09_1_patched,hist_d09_1_patched,9,/home/hku_user3/EnergyBridge_shed_eval/experiments/real_data/germany_2025_price.csv,18.0,1.0,benchmark_results/july_pilot_2026-07-20/2026-07-20/_batch_logs/daily_event_configs/d09_hist_d09_1_patched.json,completed,0,241.3,benchmark_results/july_pilot_2026-07-20/2026-07-20/household_s5_shared_roommates_irregular_EnergyBridge_germany_d09_hist_d09_1_patched_2025-07-09_1day,benchmark_results/july_pilot_2026-07-20/2026-07-20/_batch_logs/daily_dr_memory_germany_1day/household_s5_shared_roommates_irregular_EnergyBridge_germany_d09_hist_d09_1_patched_2025-07-09_1day.log,benchmark_results/july_pilot_2026-07-20/2026-07-20/household_s5_shared_roommates_irregular_EnergyBridge_germany_d09_hist_d09_1_patched_2025-07-09_1day/run_summary.txt,0,49.230473,49.230473,17.187444,0.096377,EUR/kWh,/home/hku_user3/EnergyBridge_shed_eval/experiments/real_data/germany_2025_price.csv,6.095,6.095,1.0,1.0,4.098,1.0,1.0,"['dishwasher', 'dryer', 'ev', 'washer', 'water_heater']",[],[]
household_s1_dual_commuter_standard,household_s1_dual_commuter_standard,EnergyBridge,Tianjin,1,2025-07-09,d09_hist_d09_1_patched,hist_d09_1_patched,9,/home/hku_user3/EnergyBridge_shed_eval/experiments/real_data/tianjin_tou_price_normalized.csv,18.0,1.0,benchmark_results/july_pilot_2026-07-20/2026-07-20/_batch_logs/daily_event_configs/d09_hist_d09_1_patched.json,completed,0,202.0,benchmark_results/july_pilot_2026-07-20/2026-07-20/household_s1_dual_commuter_standard_EnergyBridge_tianjin_d09_hist_d09_1_patched_2025-07-09_1day,benchmark_results/july_pilot_2026-07-20/2026-07-20/_batch_logs/daily_dr_memory_tianjin_1day/household_s1_dual_commuter_standard_EnergyBridge_tianjin_d09_hist_d09_1_patched_2025-07-09_1day.log,benchmark_results/july_pilot_2026-07-20/2026-07-20/household_s1_dual_commuter_standard_EnergyBridge_tianjin_d09_hist_d09_1_patched_2025-07-09_1day/run_summary.txt,0,86.340864,86.340864,60.600244,1.079795,normalized TOU cost/kWh,/home/hku_user3/EnergyBridge_shed_eval/experiments/real_data/tianjin_tou_price_normalized.csv,1.759,1.759,1.0,1.0,4.09,1.0,1.0,"['dishwasher', 'dryer', 'ev', 'washer', 'water_heater']",[],[]
household_s3_hybrid_work_from_home,household_s3_hybrid_work_from_home,EnergyBridge,Tianjin,1,2025-07-09,d09_hist_d09_1_patched,hist_d09_1_patched,9,/home/hku_user3/EnergyBridge_shed_eval/experiments/real_data/tianjin_tou_price_normalized.csv,18.0,1.0,benchmark_results/july_pilot_2026-07-20/2026-07-20/_batch_logs/daily_event_configs/d09_hist_d09_1_patched.json,completed,0,158.3,benchmark_results/july_pilot_2026-07-20/2026-07-20/household_s3_hybrid_work_from_home_EnergyBridge_tianjin_d09_hist_d09_1_patched_2025-07-09_1day,benchmark_results/july_pilot_2026-07-20/2026-07-20/_batch_logs/daily_dr_memory_tianjin_1day/household_s3_hybrid_work_from_home_EnergyBridge_tianjin_d09_hist_d09_1_patched_2025-07-09_1day.log,benchmark_results/july_pilot_2026-07-20/2026-07-20/household_s3_hybrid_work_from_home_EnergyBridge_tianjin_d09_hist_d09_1_patched_2025-07-09_1day/run_summary.txt,0,75.87089,75.87089,60.06961,1.089123,normalized TOU cost/kWh,/home/hku_user3/EnergyBridge_shed_eval/experiments/real_data/tianjin_tou_price_normalized.csv,1.459,1.459,1.0,1.0,4.337,1.0,1.0,"['dishwasher', 'dryer', 'ev', 'washer', 'water_heater']",[],[]
household_s4_ev_commuter_flexible,household_s4_ev_commuter_flexible,EnergyBridge,Tianjin,1,2025-07-09,d09_hist_d09_1_patched,hist_d09_1_patched,9,/home/hku_user3/EnergyBridge_shed_eval/experiments/real_data/tianjin_tou_price_normalized.csv,18.0,1.0,benchmark_results/july_pilot_2026-07-20/2026-07-20/_batch_logs/daily_event_configs/d09_hist_d09_1_patched.json,completed,0,169.7,benchmark_results/july_pilot_2026-07-20/2026-07-20/household_s4_ev_commuter_flexible_EnergyBridge_tianjin_d09_hist_d09_1_patched_2025-07-09_1day,benchmark_results/july_pilot_2026-07-20/2026-07-20/_batch_logs/daily_dr_memory_tianjin_1day/household_s4_ev_commuter_flexible_EnergyBridge_tianjin_d09_hist_d09_1_patched_2025-07-09_1day.log,benchmark_results/july_pilot_2026-07-20/2026-07-20/household_s4_ev_commuter_flexible_EnergyBridge_tianjin_d09_hist_d09_1_patched_2025-07-09_1day/run_summary.txt,0,88.505136,88.505136,62.415423,1.085864,normalized TOU cost/kWh,/home/hku_user3/EnergyBridge_shed_eval/experiments/real_data/tianjin_tou_price_normalized.csv,1.695,1.695,1.0,1.0,4.49,1.0,1.0,"['dishwasher', 'dryer', 'ev', 'washer', 'water_heater']",[],[]
household_s2_multigeneration_caregiver,household_s2_multigeneration_caregiver,EnergyBridge,Tianjin,1,2025-07-09,d09_hist_d09_1_patched,hist_d09_1_patched,9,/home/hku_user3/EnergyBridge_shed_eval/experiments/real_data/tianjin_tou_price_normalized.csv,18.0,1.0,benchmark_results/july_pilot_2026-07-20/2026-07-20/_batch_logs/daily_event_configs/d09_hist_d09_1_patched.json,completed,0,296.2,benchmark_results/july_pilot_2026-07-20/2026-07-20/household_s2_multigeneration_caregiver_EnergyBridge_tianjin_d09_hist_d09_1_patched_2025-07-09_1day,benchmark_results/july_pilot_2026-07-20/2026-07-20/_batch_logs/daily_dr_memory_tianjin_1day/household_s2_multigeneration_caregiver_EnergyBridge_tianjin_d09_hist_d09_1_patched_2025-07-09_1day.log,benchmark_results/july_pilot_2026-07-20/2026-07-20/household_s2_multigeneration_caregiver_EnergyBridge_tianjin_d09_hist_d09_1_patched_2025-07-09_1day/run_summary.txt,0,76.057935,76.057935,59.568089,1.092589,normalized TOU cost/kWh,/home/hku_user3/EnergyBridge_shed_eval/experiments/real_data/tianjin_tou_price_normalized.csv,1.639,1.639,1.0,1.0,4.13,1.0,1.0,"['dishwasher', 'dryer', 'ev', 'washer', 'water_heater']",[],[]
household_s5_shared_roommates_irregular,household_s5_shared_roommates_irregular,EnergyBridge,Tianjin,1,2025-07-09,d09_hist_d09_1_patched,hist_d09_1_patched,9,/home/hku_user3/EnergyBridge_shed_eval/experiments/real_data/tianjin_tou_price_normalized.csv,18.0,1.0,benchmark_results/july_pilot_2026-07-20/2026-07-20/_batch_logs/daily_event_configs/d09_hist_d09_1_patched.json,completed,0,126.3,benchmark_results/july_pilot_2026-07-20/2026-07-20/household_s5_shared_roommates_irregular_EnergyBridge_tianjin_d09_hist_d09_1_patched_2025-07-09_1day,benchmark_results/july_pilot_2026-07-20/2026-07-20/_batch_logs/daily_dr_memory_tianjin_1day/household_s5_shared_roommates_irregular_EnergyBridge_tianjin_d09_hist_d09_1_patched_2025-07-09_1day.log,benchmark_results/july_pilot_2026-07-20/2026-07-20/household_s5_shared_roommates_irregular_EnergyBridge_tianjin_d09_hist_d09_1_patched_2025-07-09_1day/run_summary.txt,0,81.029774,81.029774,55.348756,1.069491,normalized TOU cost/kWh,/home/hku_user3/EnergyBridge_shed_eval/experiments/real_data/tianjin_tou_price_normalized.csv,1.695,1.695,1.0,1.0,4.075,1.0,1.0,"['dishwasher', 'dryer', 'ev', 'washer', 'water_heater']",[],[]
household_s1_dual_commuter_standard,household_s1_dual_commuter_standard,EnergyBridge,Germany,1,2025-07-10,d10_hist_d10_1,hist_d10_1,10,/home/hku_user3/EnergyBridge_shed_eval/experiments/real_data/germany_2025_price.csv,18.0,1.0,benchmark_results/july_pilot_2026-07-20/2026-07-20/_batch_logs/daily_event_configs/d10_hist_d10_1.json,completed,0,149.3,benchmark_results/july_pilot_2026-07-20/2026-07-20/household_s1_dual_commuter_standard_EnergyBridge_germany_d10_hist_d10_1_2025-07-10_1day,benchmark_results/july_pilot_2026-07-20/2026-07-20/_batch_logs/daily_dr_memory_germany_1day/household_s1_dual_commuter_standard_EnergyBridge_germany_d10_hist_d10_1_2025-07-10_1day.log,benchmark_results/july_pilot_2026-07-20/2026-07-20/household_s1_dual_commuter_standard_EnergyBridge_germany_d10_hist_d10_1_2025-07-10_1day/run_summary.txt,0,65.201838,65.201838,18.016674,0.09559,EUR/kWh,/home/hku_user3/EnergyBridge_shed_eval/experiments/real_data/germany_2025_price.csv,6.9986,6.9986,1.0,1.0,4.37,1.0,1.0,"['dishwasher', 'dryer', 'ev', 'washer', 'water_heater']",[],[]
household_s2_multigeneration_caregiver,household_s2_multigeneration_caregiver,EnergyBridge,Germany,1,2025-07-10,d10_hist_d10_1,hist_d10_1,10,/home/hku_user3/EnergyBridge_shed_eval/experiments/real_data/germany_2025_price.csv,18.0,1.0,benchmark_results/july_pilot_2026-07-20/2026-07-20/_batch_logs/daily_event_configs/d10_hist_d10_1.json,completed,0,190.4,benchmark_results/july_pilot_2026-07-20/2026-07-20/household_s2_multigeneration_caregiver_EnergyBridge_germany_d10_hist_d10_1_2025-07-10_1day,benchmark_results/july_pilot_2026-07-20/2026-07-20/_batch_logs/daily_dr_memory_germany_1day/household_s2_multigeneration_caregiver_EnergyBridge_germany_d10_hist_d10_1_2025-07-10_1day.log,benchmark_results/july_pilot_2026-07-20/2026-07-20/household_s2_multigeneration_caregiver_EnergyBridge_germany_d10_hist_d10_1_2025-07-10_1day/run_summary.txt,0,56.083337,56.083337,16.994644,0.094981,EUR/kWh,/home/hku_user3/EnergyBridge_shed_eval/experiments/real_data/germany_2025_price.csv,7.8209,7.8209,0.0,0.0,2.6,1.0,1.0,"['dishwasher', 'dryer', 'ev', 'washer', 'water_heater']",[],[]
household_s5_shared_roommates_irregular,household_s5_shared_roommates_irregular,EnergyBridge,Germany,1,2025-07-10,d10_hist_d10_1,hist_d10_1,10,/home/hku_user3/EnergyBridge_shed_eval/experiments/real_data/germany_2025_price.csv,18.0,1.0,benchmark_results/july_pilot_2026-07-20/2026-07-20/_batch_logs/daily_event_configs/d10_hist_d10_1.json,completed,0,130.7,benchmark_results/july_pilot_2026-07-20/2026-07-20/household_s5_shared_roommates_irregular_EnergyBridge_germany_d10_hist_d10_1_2025-07-10_1day,benchmark_results/july_pilot_2026-07-20/2026-07-20/_batch_logs/daily_dr_memory_germany_1day/household_s5_shared_roommates_irregular_EnergyBridge_germany_d10_hist_d10_1_2025-07-10_1day.log,benchmark_results/july_pilot_2026-07-20/2026-07-20/household_s5_shared_roommates_irregular_EnergyBridge_germany_d10_hist_d10_1_2025-07-10_1day/run_summary.txt,0,59.597779,59.597779,17.515088,0.095581,EUR/kWh,/home/hku_user3/EnergyBridge_shed_eval/experiments/real_data/germany_2025_price.csv,6.8862,6.8862,1.0,1.0,4.098,1.0,1.0,"['dishwasher', 'dryer', 'ev', 'washer', 'water_heater']",[],[]
household_s3_hybrid_work_from_home,household_s3_hybrid_work_from_home,EnergyBridge,Germany,1,2025-07-10,d10_hist_d10_1,hist_d10_1,10,/home/hku_user3/EnergyBridge_shed_eval/experiments/real_data/germany_2025_price.csv,18.0,1.0,benchmark_results/july_pilot_2026-07-20/2026-07-20/_batch_logs/daily_event_configs/d10_hist_d10_1.json,completed,0,153.7,benchmark_results/july_pilot_2026-07-20/2026-07-20/household_s3_hybrid_work_from_home_EnergyBridge_germany_d10_hist_d10_1_2025-07-10_1day,benchmark_results/july_pilot_2026-07-20/2026-07-20/_batch_logs/daily_dr_memory_germany_1day/household_s3_hybrid_work_from_home_EnergyBridge_germany_d10_hist_d10_1_2025-07-10_1day.log,benchmark_results/july_pilot_2026-07-20/2026-07-20/household_s3_hybrid_work_from_home_EnergyBridge_germany_d10_hist_d10_1_2025-07-10_1day/run_summary.txt,0,59.882779,59.882779,17.285959,0.095247,EUR/kWh,/home/hku_user3/EnergyBridge_shed_eval/experiments/real_data/germany_2025_price.csv,7.6507,7.6507,0.0,0.0,2.683,1.0,1.0,"['dishwasher', 'dryer', 'ev', 'washer', 'water_heater']",[],[]
household_s4_ev_commuter_flexible,household_s4_ev_commuter_flexible,EnergyBridge,Germany,1,2025-07-10,d10_hist_d10_1,hist_d10_1,10,/home/hku_user3/EnergyBridge_shed_eval/experiments/real_data/germany_2025_price.csv,18.0,1.0,benchmark_results/july_pilot_2026-07-20/2026-07-20/_batch_logs/daily_event_configs/d10_hist_d10_1.json,completed,0,196.9,benchmark_results/july_pilot_2026-07-20/2026-07-20/household_s4_ev_commuter_flexible_EnergyBridge_germany_d10_hist_d10_1_2025-07-10_1day,benchmark_results/july_pilot_2026-07-20/2026-07-20/_batch_logs/daily_dr_memory_germany_1day/household_s4_ev_commuter_flexible_EnergyBridge_germany_d10_hist_d10_1_2025-07-10_1day.log,benchmark_results/july_pilot_2026-07-20/2026-07-20/household_s4_ev_commuter_flexible_EnergyBridge_germany_d10_hist_d10_1_2025-07-10_1day/run_summary.txt,0,68.65773,68.65773,17.718229,0.095543,EUR/kWh,/home/hku_user3/EnergyBridge_shed_eval/experiments/real_data/germany_2025_price.csv,8.2198,8.2198,0.0,0.0,2.7,1.0,1.0,"['dishwasher', 'dryer', 'ev', 'washer', 'water_heater']",[],[]
household_s1_dual_commuter_standard,household_s1_dual_commuter_standard,EnergyBridge,Tianjin,1,2025-07-10,d10_hist_d10_1,hist_d10_1,10,/home/hku_user3/EnergyBridge_shed_eval/experiments/real_data/tianjin_tou_price_normalized.csv,18.0,1.0,benchmark_results/july_pilot_2026-07-20/2026-07-20/_batch_logs/daily_event_configs/d10_hist_d10_1.json,completed,0,201.2,benchmark_results/july_pilot_2026-07-20/2026-07-20/household_s1_dual_commuter_standard_EnergyBridge_tianjin_d10_hist_d10_1_2025-07-10_1day,benchmark_results/july_pilot_2026-07-20/2026-07-20/_batch_logs/daily_dr_memory_tianjin_1day/household_s1_dual_commuter_standard_EnergyBridge_tianjin_d10_hist_d10_1_2025-07-10_1day.log,benchmark_results/july_pilot_2026-07-20/2026-07-20/household_s1_dual_commuter_standard_EnergyBridge_tianjin_d10_hist_d10_1_2025-07-10_1day/run_summary.txt,0,86.045021,86.045021,73.118133,1.138371,normalized TOU cost/kWh,/home/hku_user3/EnergyBridge_shed_eval/experiments/real_data/tianjin_tou_price_normalized.csv,2.0282,2.0282,1.0,1.0,4.09,1.0,1.0,"['dishwasher', 'dryer', 'ev', 'washer', 'water_heater']",[],[]
household_s2_multigeneration_caregiver,household_s2_multigeneration_caregiver,EnergyBridge,Tianjin,1,2025-07-10,d10_hist_d10_1,hist_d10_1,10,/home/hku_user3/EnergyBridge_shed_eval/experiments/real_data/tianjin_tou_price_normalized.csv,18.0,1.0,benchmark_results/july_pilot_2026-07-20/2026-07-20/_batch_logs/daily_event_configs/d10_hist_d10_1.json,completed,0,160.2,benchmark_results/july_pilot_2026-07-20/2026-07-20/household_s2_multigeneration_caregiver_EnergyBridge_tianjin_d10_hist_d10_1_2025-07-10_1day,benchmark_results/july_pilot_2026-07-20/2026-07-20/_batch_logs/daily_dr_memory_tianjin_1day/household_s2_multigeneration_caregiver_EnergyBridge_tianjin_d10_hist_d10_1_2025-07-10_1day.log,benchmark_results/july_pilot_2026-07-20/2026-07-20/household_s2_multigeneration_caregiver_EnergyBridge_tianjin_d10_hist_d10_1_2025-07-10_1day/run_summary.txt,0,81.552029,81.552029,69.412322,1.166503,normalized TOU cost/kWh,/home/hku_user3/EnergyBridge_shed_eval/experiments/real_data/tianjin_tou_price_normalized.csv,3.2507,3.2507,0.0,0.0,2.6,1.0,1.0,"['dishwasher', 'dryer', 'ev', 'washer', 'water_heater']",[],[]
household_s3_hybrid_work_from_home,household_s3_hybrid_work_from_home,EnergyBridge,Tianjin,1,2025-07-10,d10_hist_d10_1,hist_d10_1,10,/home/hku_user3/EnergyBridge_shed_eval/experiments/real_data/tianjin_tou_price_normalized.csv,18.0,1.0,benchmark_results/july_pilot_2026-07-20/2026-07-20/_batch_logs/daily_event_configs/d10_hist_d10_1.json,completed,0,173.2,benchmark_results/july_pilot_2026-07-20/2026-07-20/household_s3_hybrid_work_from_home_EnergyBridge_tianjin_d10_hist_d10_1_2025-07-10_1day,benchmark_results/july_pilot_2026-07-20/2026-07-20/_batch_logs/daily_dr_memory_tianjin_1day/household_s3_hybrid_work_from_home_EnergyBridge_tianjin_d10_hist_d10_1_2025-07-10_1day.log,benchmark_results/july_pilot_2026-07-20/2026-07-20/household_s3_hybrid_work_from_home_EnergyBridge_tianjin_d10_hist_d10_1_2025-07-10_1day/run_summary.txt,0,81.410663,81.410663,68.009884,1.137499,normalized TOU cost/kWh,/home/hku_user3/EnergyBridge_shed_eval/experiments/real_data/tianjin_tou_price_normalized.csv,3.1051,3.1051,0.0,0.0,2.683,1.0,1.0,"['dishwasher', 'dryer', 'ev', 'washer', 'water_heater']",[],[]
household_s4_ev_commuter_flexible,household_s4_ev_commuter_flexible,EnergyBridge,Tianjin,1,2025-07-10,d10_hist_d10_1,hist_d10_1,10,/home/hku_user3/EnergyBridge_shed_eval/experiments/real_data/tianjin_tou_price_normalized.csv,18.0,1.0,benchmark_results/july_pilot_2026-07-20/2026-07-20/_batch_logs/daily_event_configs/d10_hist_d10_1.json,completed,0,174.9,benchmark_results/july_pilot_2026-07-20/2026-07-20/household_s4_ev_commuter_flexible_EnergyBridge_tianjin_d10_hist_d10_1_2025-07-10_1day,benchmark_results/july_pilot_2026-07-20/2026-07-20/_batch_logs/daily_dr_memory_tianjin_1day/household_s4_ev_commuter_flexible_EnergyBridge_tianjin_d10_hist_d10_1_2025-07-10_1day.log,benchmark_results/july_pilot_2026-07-20/2026-07-20/household_s4_ev_commuter_flexible_EnergyBridge_tianjin_d10_hist_d10_1_2025-07-10_1day/run_summary.txt,0,91.05503,91.05503,64.339591,1.09193,normalized TOU cost/kWh,/home/hku_user3/EnergyBridge_shed_eval/experiments/real_data/tianjin_tou_price_normalized.csv,3.5686,3.5686,0.0,0.0,2.7,1.0,1.0,"['dishwasher', 'dryer', 'ev', 'washer', 'water_heater']",[],[]
household_s5_shared_roommates_irregular,household_s5_shared_roommates_irregular,EnergyBridge,Tianjin,1,2025-07-10,d10_hist_d10_1,hist_d10_1,10,/home/hku_user3/EnergyBridge_shed_eval/experiments/real_data/tianjin_tou_price_normalized.csv,18.0,1.0,benchmark_results/july_pilot_2026-07-20/2026-07-20/_batch_logs/daily_event_configs/d10_hist_d10_1.json,completed,0,157.4,benchmark_results/july_pilot_2026-07-20/2026-07-20/household_s5_shared_roommates_irregular_EnergyBridge_tianjin_d10_hist_d10_1_2025-07-10_1day,benchmark_results/july_pilot_2026-07-20/2026-07-20/_batch_logs/daily_dr_memory_tianjin_1day/household_s5_shared_roommates_irregular_EnergyBridge_tianjin_d10_hist_d10_1_2025-07-10_1day.log,benchmark_results/july_pilot_2026-07-20/2026-07-20/household_s5_shared_roommates_irregular_EnergyBridge_tianjin_d10_hist_d10_1_2025-07-10_1day/run_summary.txt,0,79.156308,79.156308,67.103384,1.140645,normalized TOU cost/kWh,/home/hku_user3/EnergyBridge_shed_eval/experiments/real_data/tianjin_tou_price_normalized.csv,1.7551,1.7551,1.0,1.0,4.075,1.0,1.0,"['dishwasher', 'dryer', 'ev', 'washer', 'water_heater']",[],[]
household_s1_dual_commuter_standard,household_s1_dual_commuter_standard,EnergyBridge,Germany,1,2025-07-11,d11_hist_d11_1,hist_d11_1,11,/home/hku_user3/EnergyBridge_shed_eval/experiments/real_data/germany_2025_price.csv,18.0,1.0,benchmark_results/july_pilot_2026-07-20/2026-07-20/_batch_logs/daily_event_configs/d11_hist_d11_1.json,completed,0,140.9,benchmark_results/july_pilot_2026-07-20/2026-07-20/household_s1_dual_commuter_standard_EnergyBridge_germany_d11_hist_d11_1_2025-07-11_1day,benchmark_results/july_pilot_2026-07-20/2026-07-20/_batch_logs/daily_dr_memory_germany_1day/household_s1_dual_commuter_standard_EnergyBridge_germany_d11_hist_d11_1_2025-07-11_1day.log,benchmark_results/july_pilot_2026-07-20/2026-07-20/household_s1_dual_commuter_standard_EnergyBridge_germany_d11_hist_d11_1_2025-07-11_1day/run_summary.txt,0,64.110851,64.110851,16.78772,0.090219,EUR/kWh,/home/hku_user3/EnergyBridge_shed_eval/experiments/real_data/germany_2025_price.csv,6.8061,6.8061,1.0,1.0,4.072,1.0,1.0,"['dishwasher', 'dryer', 'ev', 'washer', 'water_heater']",[],[]
household_s2_multigeneration_caregiver,household_s2_multigeneration_caregiver,EnergyBridge,Germany,1,2025-07-11,d11_hist_d11_1,hist_d11_1,11,/home/hku_user3/EnergyBridge_shed_eval/experiments/real_data/germany_2025_price.csv,18.0,1.0,benchmark_results/july_pilot_2026-07-20/2026-07-20/_batch_logs/daily_event_configs/d11_hist_d11_1.json,completed,0,197.8,benchmark_results/july_pilot_2026-07-20/2026-07-20/household_s2_multigeneration_caregiver_EnergyBridge_germany_d11_hist_d11_1_2025-07-11_1day,benchmark_results/july_pilot_2026-07-20/2026-07-20/_batch_logs/daily_dr_memory_germany_1day/household_s2_multigeneration_caregiver_EnergyBridge_germany_d11_hist_d11_1_2025-07-11_1day.log,benchmark_results/july_pilot_2026-07-20/2026-07-20/household_s2_multigeneration_caregiver_EnergyBridge_germany_d11_hist_d11_1_2025-07-11_1day/run_summary.txt,0,53.008019,53.008019,16.100696,0.089657,EUR/kWh,/home/hku_user3/EnergyBridge_shed_eval/experiments/real_data/germany_2025_price.csv,6.627,6.627,1.0,1.0,4.172,1.0,1.0,"['dishwasher', 'dryer', 'ev', 'washer', 'water_heater']",[],[]
household_s4_ev_commuter_flexible,household_s4_ev_commuter_flexible,EnergyBridge,Germany,1,2025-07-11,d11_hist_d11_1,hist_d11_1,11,/home/hku_user3/EnergyBridge_shed_eval/experiments/real_data/germany_2025_price.csv,18.0,1.0,benchmark_results/july_pilot_2026-07-20/2026-07-20/_batch_logs/daily_event_configs/d11_hist_d11_1.json,completed,0,154.0,benchmark_results/july_pilot_2026-07-20/2026-07-20/household_s4_ev_commuter_flexible_EnergyBridge_germany_d11_hist_d11_1_2025-07-11_1day,benchmark_results/july_pilot_2026-07-20/2026-07-20/_batch_logs/daily_dr_memory_germany_1day/household_s4_ev_commuter_flexible_EnergyBridge_germany_d11_hist_d11_1_2025-07-11_1day.log,benchmark_results/july_pilot_2026-07-20/2026-07-20/household_s4_ev_commuter_flexible_EnergyBridge_germany_d11_hist_d11_1_2025-07-11_1day/run_summary.txt,0,67.519943,67.519943,17.215471,0.090564,EUR/kWh,/home/hku_user3/EnergyBridge_shed_eval/experiments/real_data/germany_2025_price.csv,6.9475,6.9475,1.0,1.0,4.325,1.0,1.0,"['dishwasher', 'dryer', 'ev', 'washer', 'water_heater']",[],[]
household_s3_hybrid_work_from_home,household_s3_hybrid_work_from_home,EnergyBridge,Germany,1,2025-07-11,d11_hist_d11_1,hist_d11_1,11,/home/hku_user3/EnergyBridge_shed_eval/experiments/real_data/germany_2025_price.csv,18.0,1.0,benchmark_results/july_pilot_2026-07-20/2026-07-20/_batch_logs/daily_event_configs/d11_hist_d11_1.json,completed,0,183.2,benchmark_results/july_pilot_2026-07-20/2026-07-20/household_s3_hybrid_work_from_home_EnergyBridge_germany_d11_hist_d11_1_2025-07-11_1day,benchmark_results/july_pilot_2026-07-20/2026-07-20/_batch_logs/daily_dr_memory_germany_1day/household_s3_hybrid_work_from_home_EnergyBridge_germany_d11_hist_d11_1_2025-07-11_1day.log,benchmark_results/july_pilot_2026-07-20/2026-07-20/household_s3_hybrid_work_from_home_EnergyBridge_germany_d11_hist_d11_1_2025-07-11_1day/run_summary.txt,0,57.765178,57.765178,16.435165,0.08982,EUR/kWh,/home/hku_user3/EnergyBridge_shed_eval/experiments/real_data/germany_2025_price.csv,7.6967,7.6967,0.0,0.0,2.683,1.0,1.0,"['dishwasher', 'dryer', 'ev', 'washer', 'water_heater']",[],[]
household_s5_shared_roommates_irregular,household_s5_shared_roommates_irregular,EnergyBridge,Germany,1,2025-07-11,d11_hist_d11_1,hist_d11_1,11,/home/hku_user3/EnergyBridge_shed_eval/experiments/real_data/germany_2025_price.csv,18.0,1.0,benchmark_results/july_pilot_2026-07-20/2026-07-20/_batch_logs/daily_event_configs/d11_hist_d11_1.json,completed,0,141.7,benchmark_results/july_pilot_2026-07-20/2026-07-20/household_s5_shared_roommates_irregular_EnergyBridge_germany_d11_hist_d11_1_2025-07-11_1day,benchmark_results/july_pilot_2026-07-20/2026-07-20/_batch_logs/daily_dr_memory_germany_1day/household_s5_shared_roommates_irregular_EnergyBridge_germany_d11_hist_d11_1_2025-07-11_1day.log,benchmark_results/july_pilot_2026-07-20/2026-07-20/household_s5_shared_roommates_irregular_EnergyBridge_germany_d11_hist_d11_1_2025-07-11_1day/run_summary.txt,0,59.459074,59.459074,16.518929,0.09017,EUR/kWh,/home/hku_user3/EnergyBridge_shed_eval/experiments/real_data/germany_2025_price.csv,6.9475,6.9475,1.0,1.0,4.098,1.0,1.0,"['dishwasher', 'dryer', 'ev', 'washer', 'water_heater']",[],[]
household_s1_dual_commuter_standard,household_s1_dual_commuter_standard,EnergyBridge,Tianjin,1,2025-07-11,d11_hist_d11_1,hist_d11_1,11,/home/hku_user3/EnergyBridge_shed_eval/experiments/real_data/tianjin_tou_price_normalized.csv,18.0,1.0,benchmark_results/july_pilot_2026-07-20/2026-07-20/_batch_logs/daily_event_configs/d11_hist_d11_1.json,completed,0,198.4,benchmark_results/july_pilot_2026-07-20/2026-07-20/household_s1_dual_commuter_standard_EnergyBridge_tianjin_d11_hist_d11_1_2025-07-11_1day,benchmark_results/july_pilot_2026-07-20/2026-07-20/_batch_logs/daily_dr_memory_tianjin_1day/household_s1_dual_commuter_standard_EnergyBridge_tianjin_d11_hist_d11_1_2025-07-11_1day.log,benchmark_results/july_pilot_2026-07-20/2026-07-20/household_s1_dual_commuter_standard_EnergyBridge_tianjin_d11_hist_d11_1_2025-07-11_1day/run_summary.txt,0,89.553053,89.553053,71.291106,1.137441,normalized TOU cost/kWh,/home/hku_user3/EnergyBridge_shed_eval/experiments/real_data/tianjin_tou_price_normalized.csv,1.5675,1.5675,1.0,1.0,4.072,1.0,1.0,"['dishwasher', 'dryer', 'ev', 'washer', 'water_heater']",[],[]
household_s3_hybrid_work_from_home,household_s3_hybrid_work_from_home,EnergyBridge,Tianjin,1,2025-07-11,d11_hist_d11_1,hist_d11_1,11,/home/hku_user3/EnergyBridge_shed_eval/experiments/real_data/tianjin_tou_price_normalized.csv,18.0,1.0,benchmark_results/july_pilot_2026-07-20/2026-07-20/_batch_logs/daily_event_configs/d11_hist_d11_1.json,completed,0,165.9,benchmark_results/july_pilot_2026-07-20/2026-07-20/household_s3_hybrid_work_from_home_EnergyBridge_tianjin_d11_hist_d11_1_2025-07-11_1day,benchmark_results/july_pilot_2026-07-20/2026-07-20/_batch_logs/daily_dr_memory_tianjin_1day/household_s3_hybrid_work_from_home_EnergyBridge_tianjin_d11_hist_d11_1_2025-07-11_1day.log,benchmark_results/july_pilot_2026-07-20/2026-07-20/household_s3_hybrid_work_from_home_EnergyBridge_tianjin_d11_hist_d11_1_2025-07-11_1day/run_summary.txt,0,82.894555,82.894555,67.981758,1.144744,normalized TOU cost/kWh,/home/hku_user3/EnergyBridge_shed_eval/experiments/real_data/tianjin_tou_price_normalized.csv,2.7849,2.7849,0.0,0.0,2.683,1.0,1.0,"['dishwasher', 'dryer', 'ev', 'washer', 'water_heater']",[],[]
household_s2_multigeneration_caregiver,household_s2_multigeneration_caregiver,EnergyBridge,Tianjin,1,2025-07-11,d11_hist_d11_1,hist_d11_1,11,/home/hku_user3/EnergyBridge_shed_eval/experiments/real_data/tianjin_tou_price_normalized.csv,18.0,1.0,benchmark_results/july_pilot_2026-07-20/2026-07-20/_batch_logs/daily_event_configs/d11_hist_d11_1.json,completed,0,193.9,benchmark_results/july_pilot_2026-07-20/2026-07-20/household_s2_multigeneration_caregiver_EnergyBridge_tianjin_d11_hist_d11_1_2025-07-11_1day,benchmark_results/july_pilot_2026-07-20/2026-07-20/_batch_logs/daily_dr_memory_tianjin_1day/household_s2_multigeneration_caregiver_EnergyBridge_tianjin_d11_hist_d11_1_2025-07-11_1day.log,benchmark_results/july_pilot_2026-07-20/2026-07-20/household_s2_multigeneration_caregiver_EnergyBridge_tianjin_d11_hist_d11_1_2025-07-11_1day/run_summary.txt,0,76.030834,76.030834,69.789259,1.174801,normalized TOU cost/kWh,/home/hku_user3/EnergyBridge_shed_eval/experiments/real_data/tianjin_tou_price_normalized.csv,1.4684,1.4684,1.0,1.0,4.134,1.0,1.0,"['dishwasher', 'dryer', 'ev', 'washer', 'water_heater']",[],[]
household_s4_ev_commuter_flexible,household_s4_ev_commuter_flexible,EnergyBridge,Tianjin,1,2025-07-11,d11_hist_d11_1,hist_d11_1,11,/home/hku_user3/EnergyBridge_shed_eval/experiments/real_data/tianjin_tou_price_normalized.csv,18.0,1.0,benchmark_results/july_pilot_2026-07-20/2026-07-20/_batch_logs/daily_event_configs/d11_hist_d11_1.json,completed,0,163.2,benchmark_results/july_pilot_2026-07-20/2026-07-20/household_s4_ev_commuter_flexible_EnergyBridge_tianjin_d11_hist_d11_1_2025-07-11_1day,benchmark_results/july_pilot_2026-07-20/2026-07-20/_batch_logs/daily_dr_memory_tianjin_1day/household_s4_ev_commuter_flexible_EnergyBridge_tianjin_d11_hist_d11_1_2025-07-11_1day.log,benchmark_results/july_pilot_2026-07-20/2026-07-20/household_s4_ev_commuter_flexible_EnergyBridge_tianjin_d11_hist_d11_1_2025-07-11_1day/run_summary.txt,0,89.73316,89.73316,72.82387,1.120096,normalized TOU cost/kWh,/home/hku_user3/EnergyBridge_shed_eval/experiments/real_data/tianjin_tou_price_normalized.csv,1.3385,1.3385,1.0,1.0,4.162,1.0,1.0,"['dishwasher', 'dryer', 'ev', 'washer', 'water_heater']",[],[]
household_s5_shared_roommates_irregular,household_s5_shared_roommates_irregular,EnergyBridge,Tianjin,1,2025-07-11,d11_hist_d11_1,hist_d11_1,11,/home/hku_user3/EnergyBridge_shed_eval/experiments/real_data/tianjin_tou_price_normalized.csv,18.0,1.0,benchmark_results/july_pilot_2026-07-20/2026-07-20/_batch_logs/daily_event_configs/d11_hist_d11_1.json,completed,0,173.7,benchmark_results/july_pilot_2026-07-20/2026-07-20/household_s5_shared_roommates_irregular_EnergyBridge_tianjin_d11_hist_d11_1_2025-07-11_1day,benchmark_results/july_pilot_2026-07-20/2026-07-20/_batch_logs/daily_dr_memory_tianjin_1day/household_s5_shared_roommates_irregular_EnergyBridge_tianjin_d11_hist_d11_1_2025-07-11_1day.log,benchmark_results/july_pilot_2026-07-20/2026-07-20/household_s5_shared_roommates_irregular_EnergyBridge_tianjin_d11_hist_d11_1_2025-07-11_1day/run_summary.txt,0,81.570841,81.570841,66.528218,1.146641,normalized TOU cost/kWh,/home/hku_user3/EnergyBridge_shed_eval/experiments/real_data/tianjin_tou_price_normalized.csv,1.3385,1.3385,1.0,1.0,4.075,1.0,1.0,"['dishwasher', 'dryer', 'ev', 'washer', 'water_heater']",[],[]
household_s1_dual_commuter_standard,household_s1_dual_commuter_standard,EnergyBridge,Germany,1,2025-07-12,d12_hist_d12_1_patched,hist_d12_1_patched,12,/home/hku_user3/EnergyBridge_shed_eval/experiments/real_data/germany_2025_price.csv,18.0,1.0,benchmark_results/july_pilot_2026-07-20/2026-07-20/_batch_logs/daily_event_configs/d12_hist_d12_1_patched.json,completed,0,195.6,benchmark_results/july_pilot_2026-07-20/2026-07-20/household_s1_dual_commuter_standard_EnergyBridge_germany_d12_hist_d12_1_patched_2025-07-12_1day,benchmark_results/july_pilot_2026-07-20/2026-07-20/_batch_logs/daily_dr_memory_germany_1day/household_s1_dual_commuter_standard_EnergyBridge_germany_d12_hist_d12_1_patched_2025-07-12_1day.log,benchmark_results/july_pilot_2026-07-20/2026-07-20/household_s1_dual_commuter_standard_EnergyBridge_germany_d12_hist_d12_1_patched_2025-07-12_1day/run_summary.txt,0,65.154309,65.154309,14.744361,0.076181,EUR/kWh,/home/hku_user3/EnergyBridge_shed_eval/experiments/real_data/germany_2025_price.csv,6.6064,6.6064,1.0,1.0,4.213,1.0,1.0,"['dishwasher', 'dryer', 'ev', 'washer', 'water_heater']",[],[]
household_s3_hybrid_work_from_home,household_s3_hybrid_work_from_home,EnergyBridge,Germany,1,2025-07-12,d12_hist_d12_1_patched,hist_d12_1_patched,12,/home/hku_user3/EnergyBridge_shed_eval/experiments/real_data/germany_2025_price.csv,18.0,1.0,benchmark_results/july_pilot_2026-07-20/2026-07-20/_batch_logs/daily_event_configs/d12_hist_d12_1_patched.json,completed,0,135.3,benchmark_results/july_pilot_2026-07-20/2026-07-20/household_s3_hybrid_work_from_home_EnergyBridge_germany_d12_hist_d12_1_patched_2025-07-12_1day,benchmark_results/july_pilot_2026-07-20/2026-07-20/_batch_logs/daily_dr_memory_germany_1day/household_s3_hybrid_work_from_home_EnergyBridge_germany_d12_hist_d12_1_patched_2025-07-12_1day.log,benchmark_results/july_pilot_2026-07-20/2026-07-20/household_s3_hybrid_work_from_home_EnergyBridge_germany_d12_hist_d12_1_patched_2025-07-12_1day/run_summary.txt,0,58.86452,58.86452,14.143494,0.075138,EUR/kWh,/home/hku_user3/EnergyBridge_shed_eval/experiments/real_data/germany_2025_price.csv,7.589,7.589,0.0,0.0,2.683,1.0,1.0,"['dishwasher', 'dryer', 'ev', 'washer', 'water_heater']",[],[]
household_s2_multigeneration_caregiver,household_s2_multigeneration_caregiver,EnergyBridge,Germany,1,2025-07-12,d12_hist_d12_1_patched,hist_d12_1_patched,12,/home/hku_user3/EnergyBridge_shed_eval/experiments/real_data/germany_2025_price.csv,18.0,1.0,benchmark_results/july_pilot_2026-07-20/2026-07-20/_batch_logs/daily_event_configs/d12_hist_d12_1_patched.json,completed,0,172.7,benchmark_results/july_pilot_2026-07-20/2026-07-20/household_s2_multigeneration_caregiver_EnergyBridge_germany_d12_hist_d12_1_patched_2025-07-12_1day,benchmark_results/july_pilot_2026-07-20/2026-07-20/_batch_logs/daily_dr_memory_germany_1day/household_s2_multigeneration_caregiver_EnergyBridge_germany_d12_hist_d12_1_patched_2025-07-12_1day.log,benchmark_results/july_pilot_2026-07-20/2026-07-20/household_s2_multigeneration_caregiver_EnergyBridge_germany_d12_hist_d12_1_patched_2025-07-12_1day/run_summary.txt,0,57.78668,57.78668,13.746245,0.074266,EUR/kWh,/home/hku_user3/EnergyBridge_shed_eval/experiments/real_data/germany_2025_price.csv,6.5156,6.5156,1.0,1.0,4.168,1.0,1.0,"['dishwasher', 'dryer', 'ev', 'washer', 'water_heater']",[],[]
household_s4_ev_commuter_flexible,household_s4_ev_commuter_flexible,EnergyBridge,Germany,1,2025-07-12,d12_hist_d12_1_patched,hist_d12_1_patched,12,/home/hku_user3/EnergyBridge_shed_eval/experiments/real_data/germany_2025_price.csv,18.0,1.0,benchmark_results/july_pilot_2026-07-20/2026-07-20/_batch_logs/daily_event_configs/d12_hist_d12_1_patched.json,completed,0,177.1,benchmark_results/july_pilot_2026-07-20/2026-07-20/household_s4_ev_commuter_flexible_EnergyBridge_germany_d12_hist_d12_1_patched_2025-07-12_1day,benchmark_results/july_pilot_2026-07-20/2026-07-20/_batch_logs/daily_dr_memory_germany_1day/household_s4_ev_commuter_flexible_EnergyBridge_germany_d12_hist_d12_1_patched_2025-07-12_1day.log,benchmark_results/july_pilot_2026-07-20/2026-07-20/household_s4_ev_commuter_flexible_EnergyBridge_germany_d12_hist_d12_1_patched_2025-07-12_1day/run_summary.txt,0,67.720314,67.720314,15.183802,0.076855,EUR/kWh,/home/hku_user3/EnergyBridge_shed_eval/experiments/real_data/germany_2025_price.csv,6.4693,6.4693,1.0,1.0,4.325,1.0,1.0,"['dishwasher', 'dryer', 'ev', 'washer', 'water_heater']",[],[]
household_s5_shared_roommates_irregular,household_s5_shared_roommates_irregular,EnergyBridge,Germany,1,2025-07-12,d12_hist_d12_1_patched,hist_d12_1_patched,12,/home/hku_user3/EnergyBridge_shed_eval/experiments/real_data/germany_2025_price.csv,18.0,1.0,benchmark_results/july_pilot_2026-07-20/2026-07-20/_batch_logs/daily_event_configs/d12_hist_d12_1_patched.json,completed,0,159.9,benchmark_results/july_pilot_2026-07-20/2026-07-20/household_s5_shared_roommates_irregular_EnergyBridge_germany_d12_hist_d12_1_patched_2025-07-12_1day,benchmark_results/july_pilot_2026-07-20/2026-07-20/_batch_logs/daily_dr_memory_germany_1day/household_s5_shared_roommates_irregular_EnergyBridge_germany_d12_hist_d12_1_patched_2025-07-12_1day.log,benchmark_results/july_pilot_2026-07-20/2026-07-20/household_s5_shared_roommates_irregular_EnergyBridge_germany_d12_hist_d12_1_patched_2025-07-12_1day/run_summary.txt,0,60.998917,60.998917,13.912235,0.075094,EUR/kWh,/home/hku_user3/EnergyBridge_shed_eval/experiments/real_data/germany_2025_price.csv,7.9202,7.9202,0.0,0.0,2.663,1.0,1.0,"['dishwasher', 'dryer', 'ev', 'washer', 'water_heater']",[],[]
household_s1_dual_commuter_standard,household_s1_dual_commuter_standard,EnergyBridge,Tianjin,1,2025-07-12,d12_hist_d12_1_patched,hist_d12_1_patched,12,/home/hku_user3/EnergyBridge_shed_eval/experiments/real_data/tianjin_tou_price_normalized.csv,18.0,1.0,benchmark_results/july_pilot_2026-07-20/2026-07-20/_batch_logs/daily_event_configs/d12_hist_d12_1_patched.json,completed,0,234.2,benchmark_results/july_pilot_2026-07-20/2026-07-20/household_s1_dual_commuter_standard_EnergyBridge_tianjin_d12_hist_d12_1_patched_2025-07-12_1day,benchmark_results/july_pilot_2026-07-20/2026-07-20/_batch_logs/daily_dr_memory_tianjin_1day/household_s1_dual_commuter_standard_EnergyBridge_tianjin_d12_hist_d12_1_patched_2025-07-12_1day.log,benchmark_results/july_pilot_2026-07-20/2026-07-20/household_s1_dual_commuter_standard_EnergyBridge_tianjin_d12_hist_d12_1_patched_2025-07-12_1day/run_summary.txt,0,62.289861,62.289861,60.842705,1.156781,normalized TOU cost/kWh,/home/hku_user3/EnergyBridge_shed_eval/experiments/real_data/tianjin_tou_price_normalized.csv,0.5779,0.5779,1.0,1.0,4.353,1.0,1.0,"['dishwasher', 'dryer', 'ev', 'washer', 'water_heater']",[],[]
household_s2_multigeneration_caregiver,household_s2_multigeneration_caregiver,EnergyBridge,Tianjin,1,2025-07-12,d12_hist_d12_1_patched,hist_d12_1_patched,12,/home/hku_user3/EnergyBridge_shed_eval/experiments/real_data/tianjin_tou_price_normalized.csv,18.0,1.0,benchmark_results/july_pilot_2026-07-20/2026-07-20/_batch_logs/daily_event_configs/d12_hist_d12_1_patched.json,completed,0,243.7,benchmark_results/july_pilot_2026-07-20/2026-07-20/household_s2_multigeneration_caregiver_EnergyBridge_tianjin_d12_hist_d12_1_patched_2025-07-12_1day,benchmark_results/july_pilot_2026-07-20/2026-07-20/_batch_logs/daily_dr_memory_tianjin_1day/household_s2_multigeneration_caregiver_EnergyBridge_tianjin_d12_hist_d12_1_patched_2025-07-12_1day.log,benchmark_results/july_pilot_2026-07-20/2026-07-20/household_s2_multigeneration_caregiver_EnergyBridge_tianjin_d12_hist_d12_1_patched_2025-07-12_1day/run_summary.txt,0,54.42206,54.42206,54.851998,1.186852,normalized TOU cost/kWh,/home/hku_user3/EnergyBridge_shed_eval/experiments/real_data/tianjin_tou_price_normalized.csv,0.6349,0.6349,1.0,1.0,4.298,1.0,1.0,"['dishwasher', 'dryer', 'ev', 'washer', 'water_heater']",[],[]
household_s3_hybrid_work_from_home,household_s3_hybrid_work_from_home,EnergyBridge,Tianjin,1,2025-07-12,d12_hist_d12_1_patched,hist_d12_1_patched,12,/home/hku_user3/EnergyBridge_shed_eval/experiments/real_data/tianjin_tou_price_normalized.csv,18.0,1.0,benchmark_results/july_pilot_2026-07-20/2026-07-20/_batch_logs/daily_event_configs/d12_hist_d12_1_patched.json,completed,0,208.6,benchmark_results/july_pilot_2026-07-20/2026-07-20/household_s3_hybrid_work_from_home_EnergyBridge_tianjin_d12_hist_d12_1_patched_2025-07-12_1day,benchmark_results/july_pilot_2026-07-20/2026-07-20/_batch_logs/daily_dr_memory_tianjin_1day/household_s3_hybrid_work_from_home_EnergyBridge_tianjin_d12_hist_d12_1_patched_2025-07-12_1day.log,benchmark_results/july_pilot_2026-07-20/2026-07-20/household_s3_hybrid_work_from_home_EnergyBridge_tianjin_d12_hist_d12_1_patched_2025-07-12_1day/run_summary.txt,0,58.268073,58.268073,56.863412,1.168304,normalized TOU cost/kWh,/home/hku_user3/EnergyBridge_shed_eval/experiments/real_data/tianjin_tou_price_normalized.csv,1.765,1.765,0.0,0.0,2.683,1.0,1.0,"['dishwasher', 'dryer', 'ev', 'washer', 'water_heater']",[],[]
household_s5_shared_roommates_irregular,household_s5_shared_roommates_irregular,EnergyBridge,Tianjin,1,2025-07-12,d12_hist_d12_1_patched,hist_d12_1_patched,12,/home/hku_user3/EnergyBridge_shed_eval/experiments/real_data/tianjin_tou_price_normalized.csv,18.0,1.0,benchmark_results/july_pilot_2026-07-20/2026-07-20/_batch_logs/daily_event_configs/d12_hist_d12_1_patched.json,completed,0,200.8,benchmark_results/july_pilot_2026-07-20/2026-07-20/household_s5_shared_roommates_irregular_EnergyBridge_tianjin_d12_hist_d12_1_patched_2025-07-12_1day,benchmark_results/july_pilot_2026-07-20/2026-07-20/_batch_logs/daily_dr_memory_tianjin_1day/household_s5_shared_roommates_irregular_EnergyBridge_tianjin_d12_hist_d12_1_patched_2025-07-12_1day.log,benchmark_results/july_pilot_2026-07-20/2026-07-20/household_s5_shared_roommates_irregular_EnergyBridge_tianjin_d12_hist_d12_1_patched_2025-07-12_1day/run_summary.txt,0,58.252233,58.252233,50.162856,1.156268,normalized TOU cost/kWh,/home/hku_user3/EnergyBridge_shed_eval/experiments/real_data/tianjin_tou_price_normalized.csv,1.8949,1.8949,0.0,0.0,2.663,1.0,1.0,"['dishwasher', 'dryer', 'ev', 'washer', 'water_heater']",[],[]
household_s4_ev_commuter_flexible,household_s4_ev_commuter_flexible,EnergyBridge,Tianjin,1,2025-07-12,d12_hist_d12_1_patched,hist_d12_1_patched,12,/home/hku_user3/EnergyBridge_shed_eval/experiments/real_data/tianjin_tou_price_normalized.csv,18.0,1.0,benchmark_results/july_pilot_2026-07-20/2026-07-20/_batch_logs/daily_event_configs/d12_hist_d12_1_patched.json,completed,0,211.3,benchmark_results/july_pilot_2026-07-20/2026-07-20/household_s4_ev_commuter_flexible_EnergyBridge_tianjin_d12_hist_d12_1_patched_2025-07-12_1day,benchmark_results/july_pilot_2026-07-20/2026-07-20/_batch_logs/daily_dr_memory_tianjin_1day/household_s4_ev_commuter_flexible_EnergyBridge_tianjin_d12_hist_d12_1_patched_2025-07-12_1day.log,benchmark_results/july_pilot_2026-07-20/2026-07-20/household_s4_ev_commuter_flexible_EnergyBridge_tianjin_d12_hist_d12_1_patched_2025-07-12_1day/run_summary.txt,0,64.725842,64.725842,63.017838,1.156717,normalized TOU cost/kWh,/home/hku_user3/EnergyBridge_shed_eval/experiments/real_data/tianjin_tou_price_normalized.csv,0.4434,0.4434,1.0,1.0,4.63,1.0,1.0,"['dishwasher', 'dryer', 'ev', 'washer', 'water_heater']",[],[]
household_s1_dual_commuter_standard,household_s1_dual_commuter_standard,EnergyBridge,Germany,1,2025-07-13,d13_hist_d13_1_patched,hist_d13_1_patched,13,/home/hku_user3/EnergyBridge_shed_eval/experiments/real_data/germany_2025_price.csv,18.0,1.0,benchmark_results/july_pilot_2026-07-20/2026-07-20/_batch_logs/daily_event_configs/d13_hist_d13_1_patched.json,completed,0,166.8,benchmark_results/july_pilot_2026-07-20/2026-07-20/household_s1_dual_commuter_standard_EnergyBridge_germany_d13_hist_d13_1_patched_2025-07-13_1day,benchmark_results/july_pilot_2026-07-20/2026-07-20/_batch_logs/daily_dr_memory_germany_1day/household_s1_dual_commuter_standard_EnergyBridge_germany_d13_hist_d13_1_patched_2025-07-13_1day.log,benchmark_results/july_pilot_2026-07-20/2026-07-20/household_s1_dual_commuter_standard_EnergyBridge_germany_d13_hist_d13_1_patched_2025-07-13_1day/run_summary.txt,0,65.94187,65.94187,15.524499,0.079298,EUR/kWh,/home/hku_user3/EnergyBridge_shed_eval/experiments/real_data/germany_2025_price.csv,7.0564,7.0564,1.0,1.0,4.072,1.0,1.0,"['dishwasher', 'dryer', 'ev', 'washer', 'water_heater']",[],[]
household_s5_shared_roommates_irregular,household_s5_shared_roommates_irregular,EnergyBridge,Germany,1,2025-07-13,d13_hist_d13_1_patched,hist_d13_1_patched,13,/home/hku_user3/EnergyBridge_shed_eval/experiments/real_data/germany_2025_price.csv,18.0,1.0,benchmark_results/july_pilot_2026-07-20/2026-07-20/_batch_logs/daily_event_configs/d13_hist_d13_1_patched.json,completed,0,152.0,benchmark_results/july_pilot_2026-07-20/2026-07-20/household_s5_shared_roommates_irregular_EnergyBridge_germany_d13_hist_d13_1_patched_2025-07-13_1day,benchmark_results/july_pilot_2026-07-20/2026-07-20/_batch_logs/daily_dr_memory_germany_1day/household_s5_shared_roommates_irregular_EnergyBridge_germany_d13_hist_d13_1_patched_2025-07-13_1day.log,benchmark_results/july_pilot_2026-07-20/2026-07-20/household_s5_shared_roommates_irregular_EnergyBridge_germany_d13_hist_d13_1_patched_2025-07-13_1day/run_summary.txt,0,62.001971,62.001971,15.153525,0.079016,EUR/kWh,/home/hku_user3/EnergyBridge_shed_eval/experiments/real_data/germany_2025_price.csv,7.2005,7.2005,1.0,1.0,4.12,1.0,1.0,"['dishwasher', 'dryer', 'ev', 'washer', 'water_heater']",[],[]
household_s3_hybrid_work_from_home,household_s3_hybrid_work_from_home,EnergyBridge,Germany,1,2025-07-13,d13_hist_d13_1_patched,hist_d13_1_patched,13,/home/hku_user3/EnergyBridge_shed_eval/experiments/real_data/germany_2025_price.csv,18.0,1.0,benchmark_results/july_pilot_2026-07-20/2026-07-20/_batch_logs/daily_event_configs/d13_hist_d13_1_patched.json,completed,0,182.5,benchmark_results/july_pilot_2026-07-20/2026-07-20/household_s3_hybrid_work_from_home_EnergyBridge_germany_d13_hist_d13_1_patched_2025-07-13_1day,benchmark_results/july_pilot_2026-07-20/2026-07-20/_batch_logs/daily_dr_memory_germany_1day/household_s3_hybrid_work_from_home_EnergyBridge_germany_d13_hist_d13_1_patched_2025-07-13_1day.log,benchmark_results/july_pilot_2026-07-20/2026-07-20/household_s3_hybrid_work_from_home_EnergyBridge_germany_d13_hist_d13_1_patched_2025-07-13_1day/run_summary.txt,0,58.80625,58.80625,15.087914,0.078309,EUR/kWh,/home/hku_user3/EnergyBridge_shed_eval/experiments/real_data/germany_2025_price.csv,6.5718,6.5718,1.0,1.0,4.397,1.0,1.0,"['dishwasher', 'dryer', 'ev', 'washer', 'water_heater']",[],[]
household_s4_ev_commuter_flexible,household_s4_ev_commuter_flexible,EnergyBridge,Germany,1,2025-07-13,d13_hist_d13_1_patched,hist_d13_1_patched,13,/home/hku_user3/EnergyBridge_shed_eval/experiments/real_data/germany_2025_price.csv,18.0,1.0,benchmark_results/july_pilot_2026-07-20/2026-07-20/_batch_logs/daily_event_configs/d13_hist_d13_1_patched.json,completed,0,183.4,benchmark_results/july_pilot_2026-07-20/2026-07-20/household_s4_ev_commuter_flexible_EnergyBridge_germany_d13_hist_d13_1_patched_2025-07-13_1day,benchmark_results/july_pilot_2026-07-20/2026-07-20/_batch_logs/daily_dr_memory_germany_1day/household_s4_ev_commuter_flexible_EnergyBridge_germany_d13_hist_d13_1_patched_2025-07-13_1day.log,benchmark_results/july_pilot_2026-07-20/2026-07-20/household_s4_ev_commuter_flexible_EnergyBridge_germany_d13_hist_d13_1_patched_2025-07-13_1day/run_summary.txt,0,73.004018,73.004018,16.061963,0.080262,EUR/kWh,/home/hku_user3/EnergyBridge_shed_eval/experiments/real_data/germany_2025_price.csv,7.0464,7.0464,1.0,1.0,4.49,1.0,1.0,"['dishwasher', 'dryer', 'ev', 'washer', 'water_heater']",[],[]
household_s2_multigeneration_caregiver,household_s2_multigeneration_caregiver,EnergyBridge,Germany,1,2025-07-13,d13_hist_d13_1_patched,hist_d13_1_patched,13,/home/hku_user3/EnergyBridge_shed_eval/experiments/real_data/germany_2025_price.csv,18.0,1.0,benchmark_results/july_pilot_2026-07-20/2026-07-20/_batch_logs/daily_event_configs/d13_hist_d13_1_patched.json,completed,0,211.4,benchmark_results/july_pilot_2026-07-20/2026-07-20/household_s2_multigeneration_caregiver_EnergyBridge_germany_d13_hist_d13_1_patched_2025-07-13_1day,benchmark_results/july_pilot_2026-07-20/2026-07-20/_batch_logs/daily_dr_memory_germany_1day/household_s2_multigeneration_caregiver_EnergyBridge_germany_d13_hist_d13_1_patched_2025-07-13_1day.log,benchmark_results/july_pilot_2026-07-20/2026-07-20/household_s2_multigeneration_caregiver_EnergyBridge_germany_d13_hist_d13_1_patched_2025-07-13_1day/run_summary.txt,0,57.320438,57.320438,14.256905,0.076742,EUR/kWh,/home/hku_user3/EnergyBridge_shed_eval/experiments/real_data/germany_2025_price.csv,7.8898,7.8898,0.0,0.0,2.6,1.0,1.0,"['dishwasher', 'dryer', 'ev', 'washer', 'water_heater']",[],[]
household_s3_hybrid_work_from_home,household_s3_hybrid_work_from_home,EnergyBridge,Tianjin,1,2025-07-13,d13_hist_d13_1_patched,hist_d13_1_patched,13,/home/hku_user3/EnergyBridge_shed_eval/experiments/real_data/tianjin_tou_price_normalized.csv,18.0,1.0,benchmark_results/july_pilot_2026-07-20/2026-07-20/_batch_logs/daily_event_configs/d13_hist_d13_1_patched.json,completed,0,152.4,benchmark_results/july_pilot_2026-07-20/2026-07-20/household_s3_hybrid_work_from_home_EnergyBridge_tianjin_d13_hist_d13_1_patched_2025-07-13_1day,benchmark_results/july_pilot_2026-07-20/2026-07-20/_batch_logs/daily_dr_memory_tianjin_1day/household_s3_hybrid_work_from_home_EnergyBridge_tianjin_d13_hist_d13_1_patched_2025-07-13_1day.log,benchmark_results/july_pilot_2026-07-20/2026-07-20/household_s3_hybrid_work_from_home_EnergyBridge_tianjin_d13_hist_d13_1_patched_2025-07-13_1day/run_summary.txt,0,62.695573,62.695573,59.465773,1.109298,normalized TOU cost/kWh,/home/hku_user3/EnergyBridge_shed_eval/experiments/real_data/tianjin_tou_price_normalized.csv,0.7851,0.7851,1.0,1.0,4.15,1.0,1.0,"['dishwasher', 'dryer', 'ev', 'washer', 'water_heater']",[],[]
household_s4_ev_commuter_flexible,household_s4_ev_commuter_flexible,EnergyBridge,Tianjin,1,2025-07-13,d13_hist_d13_1_patched,hist_d13_1_patched,13,/home/hku_user3/EnergyBridge_shed_eval/experiments/real_data/tianjin_tou_price_normalized.csv,18.0,1.0,benchmark_results/july_pilot_2026-07-20/2026-07-20/_batch_logs/daily_event_configs/d13_hist_d13_1_patched.json,completed,0,161.6,benchmark_results/july_pilot_2026-07-20/2026-07-20/household_s4_ev_commuter_flexible_EnergyBridge_tianjin_d13_hist_d13_1_patched_2025-07-13_1day,benchmark_results/july_pilot_2026-07-20/2026-07-20/_batch_logs/daily_dr_memory_tianjin_1day/household_s4_ev_commuter_flexible_EnergyBridge_tianjin_d13_hist_d13_1_patched_2025-07-13_1day.log,benchmark_results/july_pilot_2026-07-20/2026-07-20/household_s4_ev_commuter_flexible_EnergyBridge_tianjin_d13_hist_d13_1_patched_2025-07-13_1day/run_summary.txt,0,70.201413,70.201413,63.890903,1.095067,normalized TOU cost/kWh,/home/hku_user3/EnergyBridge_shed_eval/experiments/real_data/tianjin_tou_price_normalized.csv,0.7293,0.7293,1.0,1.0,4.35,1.0,1.0,"['dishwasher', 'dryer', 'ev', 'washer', 'water_heater']",[],[]
household_s2_multigeneration_caregiver,household_s2_multigeneration_caregiver,EnergyBridge,Tianjin,1,2025-07-13,d13_hist_d13_1_patched,hist_d13_1_patched,13,/home/hku_user3/EnergyBridge_shed_eval/experiments/real_data/tianjin_tou_price_normalized.csv,18.0,1.0,benchmark_results/july_pilot_2026-07-20/2026-07-20/_batch_logs/daily_event_configs/d13_hist_d13_1_patched.json,completed,0,185.9,benchmark_results/july_pilot_2026-07-20/2026-07-20/household_s2_multigeneration_caregiver_EnergyBridge_tianjin_d13_hist_d13_1_patched_2025-07-13_1day,benchmark_results/july_pilot_2026-07-20/2026-07-20/_batch_logs/daily_dr_memory_tianjin_1day/household_s2_multigeneration_caregiver_EnergyBridge_tianjin_d13_hist_d13_1_patched_2025-07-13_1day.log,benchmark_results/july_pilot_2026-07-20/2026-07-20/household_s2_multigeneration_caregiver_EnergyBridge_tianjin_d13_hist_d13_1_patched_2025-07-13_1day/run_summary.txt,0,63.492057,63.492057,53.31931,1.119744,normalized TOU cost/kWh,/home/hku_user3/EnergyBridge_shed_eval/experiments/real_data/tianjin_tou_price_normalized.csv,2.2719,2.2719,0.0,0.0,2.6,1.0,1.0,"['dishwasher', 'dryer', 'ev', 'washer', 'water_heater']",[],[]
household_s1_dual_commuter_standard,household_s1_dual_commuter_standard,EnergyBridge,Tianjin,1,2025-07-13,d13_hist_d13_1_patched,hist_d13_1_patched,13,/home/hku_user3/EnergyBridge_shed_eval/experiments/real_data/tianjin_tou_price_normalized.csv,18.0,1.0,benchmark_results/july_pilot_2026-07-20/2026-07-20/_batch_logs/daily_event_configs/d13_hist_d13_1_patched.json,completed,0,240.6,benchmark_results/july_pilot_2026-07-20/2026-07-20/household_s1_dual_commuter_standard_EnergyBridge_tianjin_d13_hist_d13_1_patched_2025-07-13_1day,benchmark_results/july_pilot_2026-07-20/2026-07-20/_batch_logs/daily_dr_memory_tianjin_1day/household_s1_dual_commuter_standard_EnergyBridge_tianjin_d13_hist_d13_1_patched_2025-07-13_1day.log,benchmark_results/july_pilot_2026-07-20/2026-07-20/household_s1_dual_commuter_standard_EnergyBridge_tianjin_d13_hist_d13_1_patched_2025-07-13_1day/run_summary.txt,0,70.252063,70.252063,61.974779,1.094926,normalized TOU cost/kWh,/home/hku_user3/EnergyBridge_shed_eval/experiments/real_data/tianjin_tou_price_normalized.csv,0.8373,0.8373,1.0,1.0,4.352,1.0,1.0,"['dishwasher', 'dryer', 'ev', 'washer', 'water_heater']",[],[]
household_s5_shared_roommates_irregular,household_s5_shared_roommates_irregular,EnergyBridge,Tianjin,1,2025-07-13,d13_hist_d13_1_patched,hist_d13_1_patched,13,/home/hku_user3/EnergyBridge_shed_eval/experiments/real_data/tianjin_tou_price_normalized.csv,18.0,1.0,benchmark_results/july_pilot_2026-07-20/2026-07-20/_batch_logs/daily_event_configs/d13_hist_d13_1_patched.json,completed,0,208.9,benchmark_results/july_pilot_2026-07-20/2026-07-20/household_s5_shared_roommates_irregular_EnergyBridge_tianjin_d13_hist_d13_1_patched_2025-07-13_1day,benchmark_results/july_pilot_2026-07-20/2026-07-20/_batch_logs/daily_dr_memory_tianjin_1day/household_s5_shared_roommates_irregular_EnergyBridge_tianjin_d13_hist_d13_1_patched_2025-07-13_1day.log,benchmark_results/july_pilot_2026-07-20/2026-07-20/household_s5_shared_roommates_irregular_EnergyBridge_tianjin_d13_hist_d13_1_patched_2025-07-13_1day/run_summary.txt,0,64.856589,64.856589,56.111926,1.110168,normalized TOU cost/kWh,/home/hku_user3/EnergyBridge_shed_eval/experiments/real_data/tianjin_tou_price_normalized.csv,0.7311,0.7311,1.0,1.0,4.075,1.0,1.0,"['dishwasher', 'dryer', 'ev', 'washer', 'water_heater']",[],[]
household_s3_hybrid_work_from_home,household_s3_hybrid_work_from_home,EnergyBridge,Germany,1,2025-07-14,d14_hist_d14_1_patched,hist_d14_1_patched,14,/home/hku_user3/EnergyBridge_shed_eval/experiments/real_data/germany_2025_price.csv,18.0,1.0,benchmark_results/july_pilot_2026-07-20/2026-07-20/_batch_logs/daily_event_configs/d14_hist_d14_1_patched.json,completed,0,144.2,benchmark_results/july_pilot_2026-07-20/2026-07-20/household_s3_hybrid_work_from_home_EnergyBridge_germany_d14_hist_d14_1_patched_2025-07-14_1day,benchmark_results/july_pilot_2026-07-20/2026-07-20/_batch_logs/daily_dr_memory_germany_1day/household_s3_hybrid_work_from_home_EnergyBridge_germany_d14_hist_d14_1_patched_2025-07-14_1day.log,benchmark_results/july_pilot_2026-07-20/2026-07-20/household_s3_hybrid_work_from_home_EnergyBridge_germany_d14_hist_d14_1_patched_2025-07-14_1day/run_summary.txt,0,60.224528,60.224528,19.843567,0.104595,EUR/kWh,/home/hku_user3/EnergyBridge_shed_eval/experiments/real_data/germany_2025_price.csv,6.3541,6.3541,1.0,1.0,4.21,1.0,1.0,"['dishwasher', 'dryer', 'ev', 'washer', 'water_heater']",[],[]
household_s1_dual_commuter_standard,household_s1_dual_commuter_standard,EnergyBridge,Germany,1,2025-07-14,d14_hist_d14_1_patched,hist_d14_1_patched,14,/home/hku_user3/EnergyBridge_shed_eval/experiments/real_data/germany_2025_price.csv,18.0,1.0,benchmark_results/july_pilot_2026-07-20/2026-07-20/_batch_logs/daily_event_configs/d14_hist_d14_1_patched.json,completed,0,199.0,benchmark_results/july_pilot_2026-07-20/2026-07-20/household_s1_dual_commuter_standard_EnergyBridge_germany_d14_hist_d14_1_patched_2025-07-14_1day,benchmark_results/july_pilot_2026-07-20/2026-07-20/_batch_logs/daily_dr_memory_germany_1day/household_s1_dual_commuter_standard_EnergyBridge_germany_d14_hist_d14_1_patched_2025-07-14_1day.log,benchmark_results/july_pilot_2026-07-20/2026-07-20/household_s1_dual_commuter_standard_EnergyBridge_germany_d14_hist_d14_1_patched_2025-07-14_1day/run_summary.txt,0,68.700602,68.700602,19.968417,0.105083,EUR/kWh,/home/hku_user3/EnergyBridge_shed_eval/experiments/real_data/germany_2025_price.csv,7.8802,7.8802,0.0,0.0,2.662,1.0,1.0,"['dishwasher', 'dryer', 'ev', 'washer', 'water_heater']",[],[]
household_s2_multigeneration_caregiver,household_s2_multigeneration_caregiver,EnergyBridge,Germany,1,2025-07-14,d14_hist_d14_1_patched,hist_d14_1_patched,14,/home/hku_user3/EnergyBridge_shed_eval/experiments/real_data/germany_2025_price.csv,18.0,1.0,benchmark_results/july_pilot_2026-07-20/2026-07-20/_batch_logs/daily_event_configs/d14_hist_d14_1_patched.json,completed,0,218.7,benchmark_results/july_pilot_2026-07-20/2026-07-20/household_s2_multigeneration_caregiver_EnergyBridge_germany_d14_hist_d14_1_patched_2025-07-14_1day,benchmark_results/july_pilot_2026-07-20/2026-07-20/_batch_logs/daily_dr_memory_germany_1day/household_s2_multigeneration_caregiver_EnergyBridge_germany_d14_hist_d14_1_patched_2025-07-14_1day.log,benchmark_results/july_pilot_2026-07-20/2026-07-20/household_s2_multigeneration_caregiver_EnergyBridge_germany_d14_hist_d14_1_patched_2025-07-14_1day/run_summary.txt,0,58.189406,58.189406,19.436151,0.104524,EUR/kWh,/home/hku_user3/EnergyBridge_shed_eval/experiments/real_data/germany_2025_price.csv,6.4916,6.4916,1.0,1.0,4.176,1.0,1.0,"['dishwasher', 'dryer', 'ev', 'washer', 'water_heater']",[],[]
household_s4_ev_commuter_flexible,household_s4_ev_commuter_flexible,EnergyBridge,Germany,1,2025-07-14,d14_hist_d14_1_patched,hist_d14_1_patched,14,/home/hku_user3/EnergyBridge_shed_eval/experiments/real_data/germany_2025_price.csv,18.0,1.0,benchmark_results/july_pilot_2026-07-20/2026-07-20/_batch_logs/daily_event_configs/d14_hist_d14_1_patched.json,completed,0,186.0,benchmark_results/july_pilot_2026-07-20/2026-07-20/household_s4_ev_commuter_flexible_EnergyBridge_germany_d14_hist_d14_1_patched_2025-07-14_1day,benchmark_results/july_pilot_2026-07-20/2026-07-20/_batch_logs/daily_dr_memory_germany_1day/household_s4_ev_commuter_flexible_EnergyBridge_germany_d14_hist_d14_1_patched_2025-07-14_1day.log,benchmark_results/july_pilot_2026-07-20/2026-07-20/household_s4_ev_commuter_flexible_EnergyBridge_germany_d14_hist_d14_1_patched_2025-07-14_1day/run_summary.txt,0,74.172053,74.172053,20.128638,0.105155,EUR/kWh,/home/hku_user3/EnergyBridge_shed_eval/experiments/real_data/germany_2025_price.csv,7.3211,7.3211,0.0,0.0,2.7,1.0,1.0,"['dishwasher', 'dryer', 'ev', 'washer', 'water_heater']",[],[]
household_s5_shared_roommates_irregular,household_s5_shared_roommates_irregular,EnergyBridge,Germany,1,2025-07-14,d14_hist_d14_1_patched,hist_d14_1_patched,14,/home/hku_user3/EnergyBridge_shed_eval/experiments/real_data/germany_2025_price.csv,18.0,1.0,benchmark_results/july_pilot_2026-07-20/2026-07-20/_batch_logs/daily_event_configs/d14_hist_d14_1_patched.json,completed,0,159.6,benchmark_results/july_pilot_2026-07-20/2026-07-20/household_s5_shared_roommates_irregular_EnergyBridge_germany_d14_hist_d14_1_patched_2025-07-14_1day,benchmark_results/july_pilot_2026-07-20/2026-07-20/_batch_logs/daily_dr_memory_germany_1day/household_s5_shared_roommates_irregular_EnergyBridge_germany_d14_hist_d14_1_patched_2025-07-14_1day.log,benchmark_results/july_pilot_2026-07-20/2026-07-20/household_s5_shared_roommates_irregular_EnergyBridge_germany_d14_hist_d14_1_patched_2025-07-14_1day/run_summary.txt,0,60.778159,60.778159,19.805888,0.104871,EUR/kWh,/home/hku_user3/EnergyBridge_shed_eval/experiments/real_data/germany_2025_price.csv,6.4089,6.4089,1.0,1.0,4.098,1.0,1.0,"['dishwasher', 'dryer', 'ev', 'washer', 'water_heater']",[],[]
household_s1_dual_commuter_standard,household_s1_dual_commuter_standard,EnergyBridge,Tianjin,1,2025-07-14,d14_hist_d14_1_patched,hist_d14_1_patched,14,/home/hku_user3/EnergyBridge_shed_eval/experiments/real_data/tianjin_tou_price_normalized.csv,18.0,1.0,benchmark_results/july_pilot_2026-07-20/2026-07-20/_batch_logs/daily_event_configs/d14_hist_d14_1_patched.json,completed,0,209.1,benchmark_results/july_pilot_2026-07-20/2026-07-20/household_s1_dual_commuter_standard_EnergyBridge_tianjin_d14_hist_d14_1_patched_2025-07-14_1day,benchmark_results/july_pilot_2026-07-20/2026-07-20/_batch_logs/daily_dr_memory_tianjin_1day/household_s1_dual_commuter_standard_EnergyBridge_tianjin_d14_hist_d14_1_patched_2025-07-14_1day.log,benchmark_results/july_pilot_2026-07-20/2026-07-20/household_s1_dual_commuter_standard_EnergyBridge_tianjin_d14_hist_d14_1_patched_2025-07-14_1day/run_summary.txt,0,68.628381,68.628381,60.182972,1.080487,normalized TOU cost/kWh,/home/hku_user3/EnergyBridge_shed_eval/experiments/real_data/tianjin_tou_price_normalized.csv,2.2523,2.2523,0.0,0.0,2.662,1.0,1.0,"['dishwasher', 'dryer', 'ev', 'washer', 'water_heater']",[],[]
household_s2_multigeneration_caregiver,household_s2_multigeneration_caregiver,EnergyBridge,Tianjin,1,2025-07-14,d14_hist_d14_1_patched,hist_d14_1_patched,14,/home/hku_user3/EnergyBridge_shed_eval/experiments/real_data/tianjin_tou_price_normalized.csv,18.0,1.0,benchmark_results/july_pilot_2026-07-20/2026-07-20/_batch_logs/daily_event_configs/d14_hist_d14_1_patched.json,completed,0,188.6,benchmark_results/july_pilot_2026-07-20/2026-07-20/household_s2_multigeneration_caregiver_EnergyBridge_tianjin_d14_hist_d14_1_patched_2025-07-14_1day,benchmark_results/july_pilot_2026-07-20/2026-07-20/_batch_logs/daily_dr_memory_tianjin_1day/household_s2_multigeneration_caregiver_EnergyBridge_tianjin_d14_hist_d14_1_patched_2025-07-14_1day.log,benchmark_results/july_pilot_2026-07-20/2026-07-20/household_s2_multigeneration_caregiver_EnergyBridge_tianjin_d14_hist_d14_1_patched_2025-07-14_1day/run_summary.txt,0,58.074548,58.074548,59.697585,1.132682,normalized TOU cost/kWh,/home/hku_user3/EnergyBridge_shed_eval/experiments/real_data/tianjin_tou_price_normalized.csv,0.8899,0.8899,1.0,1.0,4.298,1.0,1.0,"['dishwasher', 'dryer', 'ev', 'washer', 'water_heater']",[],[]
household_s5_shared_roommates_irregular,household_s5_shared_roommates_irregular,EnergyBridge,Tianjin,1,2025-07-14,d14_hist_d14_1_patched,hist_d14_1_patched,14,/home/hku_user3/EnergyBridge_shed_eval/experiments/real_data/tianjin_tou_price_normalized.csv,18.0,1.0,benchmark_results/july_pilot_2026-07-20/2026-07-20/_batch_logs/daily_event_configs/d14_hist_d14_1_patched.json,completed,0,173.7,benchmark_results/july_pilot_2026-07-20/2026-07-20/household_s5_shared_roommates_irregular_EnergyBridge_tianjin_d14_hist_d14_1_patched_2025-07-14_1day,benchmark_results/july_pilot_2026-07-20/2026-07-20/_batch_logs/daily_dr_memory_tianjin_1day/household_s5_shared_roommates_irregular_EnergyBridge_tianjin_d14_hist_d14_1_patched_2025-07-14_1day.log,benchmark_results/july_pilot_2026-07-20/2026-07-20/household_s5_shared_roommates_irregular_EnergyBridge_tianjin_d14_hist_d14_1_patched_2025-07-14_1day/run_summary.txt,0,61.540844,61.540844,59.546277,1.108919,normalized TOU cost/kWh,/home/hku_user3/EnergyBridge_shed_eval/experiments/real_data/tianjin_tou_price_normalized.csv,0.6621,0.6621,1.0,1.0,4.098,1.0,1.0,"['dishwasher', 'dryer', 'ev', 'washer', 'water_heater']",[],[]
household_s3_hybrid_work_from_home,household_s3_hybrid_work_from_home,EnergyBridge,Tianjin,1,2025-07-14,d14_hist_d14_1_patched,hist_d14_1_patched,14,/home/hku_user3/EnergyBridge_shed_eval/experiments/real_data/tianjin_tou_price_normalized.csv,18.0,1.0,benchmark_results/july_pilot_2026-07-20/2026-07-20/_batch_logs/daily_event_configs/d14_hist_d14_1_patched.json,completed,0,192.3,benchmark_results/july_pilot_2026-07-20/2026-07-20/household_s3_hybrid_work_from_home_EnergyBridge_tianjin_d14_hist_d14_1_patched_2025-07-14_1day,benchmark_results/july_pilot_2026-07-20/2026-07-20/_batch_logs/daily_dr_memory_tianjin_1day/household_s3_hybrid_work_from_home_EnergyBridge_tianjin_d14_hist_d14_1_patched_2025-07-14_1day.log,benchmark_results/july_pilot_2026-07-20/2026-07-20/household_s3_hybrid_work_from_home_EnergyBridge_tianjin_d14_hist_d14_1_patched_2025-07-14_1day/run_summary.txt,0,58.86344,58.86344,62.170748,1.119961,normalized TOU cost/kWh,/home/hku_user3/EnergyBridge_shed_eval/experiments/real_data/tianjin_tou_price_normalized.csv,0.8777,0.8777,1.0,1.0,4.18,1.0,1.0,"['dishwasher', 'dryer', 'ev', 'washer', 'water_heater']",[],[]
household_s4_ev_commuter_flexible,household_s4_ev_commuter_flexible,EnergyBridge,Tianjin,1,2025-07-14,d14_hist_d14_1_patched,hist_d14_1_patched,14,/home/hku_user3/EnergyBridge_shed_eval/experiments/real_data/tianjin_tou_price_normalized.csv,18.0,1.0,benchmark_results/july_pilot_2026-07-20/2026-07-20/_batch_logs/daily_event_configs/d14_hist_d14_1_patched.json,completed,0,205.8,benchmark_results/july_pilot_2026-07-20/2026-07-20/household_s4_ev_commuter_flexible_EnergyBridge_tianjin_d14_hist_d14_1_patched_2025-07-14_1day,benchmark_results/july_pilot_2026-07-20/2026-07-20/_batch_logs/daily_dr_memory_tianjin_1day/household_s4_ev_commuter_flexible_EnergyBridge_tianjin_d14_hist_d14_1_patched_2025-07-14_1day.log,benchmark_results/july_pilot_2026-07-20/2026-07-20/household_s4_ev_commuter_flexible_EnergyBridge_tianjin_d14_hist_d14_1_patched_2025-07-14_1day/run_summary.txt,0,71.690895,71.690895,59.357012,1.048025,normalized TOU cost/kWh,/home/hku_user3/EnergyBridge_shed_eval/experiments/real_data/tianjin_tou_price_normalized.csv,2.287,2.287,0.0,0.0,2.7,1.0,1.0,"['dishwasher', 'dryer', 'ev', 'washer', 'water_heater']",[],[]
household_s1_dual_commuter_standard,household_s1_dual_commuter_standard,EnergyBridge,Germany,1,2025-07-15,d15_hist_d15_1_patched,hist_d15_1_patched,15,/home/hku_user3/EnergyBridge_shed_eval/experiments/real_data/germany_2025_price.csv,18.0,1.0,benchmark_results/july_pilot_2026-07-20/2026-07-20/_batch_logs/daily_event_configs/d15_hist_d15_1_patched.json,completed,0,189.2,benchmark_results/july_pilot_2026-07-20/2026-07-20/household_s1_dual_commuter_standard_EnergyBridge_germany_d15_hist_d15_1_patched_2025-07-15_1day,benchmark_results/july_pilot_2026-07-20/2026-07-20/_batch_logs/daily_dr_memory_germany_1day/household_s1_dual_commuter_standard_EnergyBridge_germany_d15_hist_d15_1_patched_2025-07-15_1day.log,benchmark_results/july_pilot_2026-07-20/2026-07-20/household_s1_dual_commuter_standard_EnergyBridge_germany_d15_hist_d15_1_patched_2025-07-15_1day/run_summary.txt,0,65.121587,65.121587,18.19904,0.094116,EUR/kWh,/home/hku_user3/EnergyBridge_shed_eval/experiments/real_data/germany_2025_price.csv,6.6516,6.6516,1.0,1.0,4.213,1.0,1.0,"['dishwasher', 'dryer', 'ev', 'washer', 'water_heater']",[],[]
household_s2_multigeneration_caregiver,household_s2_multigeneration_caregiver,EnergyBridge,Germany,1,2025-07-15,d15_hist_d15_1_patched,hist_d15_1_patched,15,/home/hku_user3/EnergyBridge_shed_eval/experiments/real_data/germany_2025_price.csv,18.0,1.0,benchmark_results/july_pilot_2026-07-20/2026-07-20/_batch_logs/daily_event_configs/d15_hist_d15_1_patched.json,completed,0,176.6,benchmark_results/july_pilot_2026-07-20/2026-07-20/household_s2_multigeneration_caregiver_EnergyBridge_germany_d15_hist_d15_1_patched_2025-07-15_1day,benchmark_results/july_pilot_2026-07-20/2026-07-20/_batch_logs/daily_dr_memory_germany_1day/household_s2_multigeneration_caregiver_EnergyBridge_germany_d15_hist_d15_1_patched_2025-07-15_1day.log,benchmark_results/july_pilot_2026-07-20/2026-07-20/household_s2_multigeneration_caregiver_EnergyBridge_germany_d15_hist_d15_1_patched_2025-07-15_1day/run_summary.txt,0,53.682663,53.682663,17.315159,0.093591,EUR/kWh,/home/hku_user3/EnergyBridge_shed_eval/experiments/real_data/germany_2025_price.csv,6.49,6.49,1.0,1.0,4.522,1.0,1.0,"['dishwasher', 'dryer', 'ev', 'washer', 'water_heater']",[],[]
household_s4_ev_commuter_flexible,household_s4_ev_commuter_flexible,EnergyBridge,Germany,1,2025-07-15,d15_hist_d15_1_patched,hist_d15_1_patched,15,/home/hku_user3/EnergyBridge_shed_eval/experiments/real_data/germany_2025_price.csv,18.0,1.0,benchmark_results/july_pilot_2026-07-20/2026-07-20/_batch_logs/daily_event_configs/d15_hist_d15_1_patched.json,completed,0,159.3,benchmark_results/july_pilot_2026-07-20/2026-07-20/household_s4_ev_commuter_flexible_EnergyBridge_germany_d15_hist_d15_1_patched_2025-07-15_1day,benchmark_results/july_pilot_2026-07-20/2026-07-20/_batch_logs/daily_dr_memory_germany_1day/household_s4_ev_commuter_flexible_EnergyBridge_germany_d15_hist_d15_1_patched_2025-07-15_1day.log,benchmark_results/july_pilot_2026-07-20/2026-07-20/household_s4_ev_commuter_flexible_EnergyBridge_germany_d15_hist_d15_1_patched_2025-07-15_1day/run_summary.txt,0,70.626087,70.626087,18.171497,0.094128,EUR/kWh,/home/hku_user3/EnergyBridge_shed_eval/experiments/real_data/germany_2025_price.csv,8.116,8.116,0.0,0.0,2.7,1.0,1.0,"['dishwasher', 'dryer', 'ev', 'washer', 'water_heater']",[],[]
household_s5_shared_roommates_irregular,household_s5_shared_roommates_irregular,EnergyBridge,Germany,1,2025-07-15,d15_hist_d15_1_patched,hist_d15_1_patched,15,/home/hku_user3/EnergyBridge_shed_eval/experiments/real_data/germany_2025_price.csv,18.0,1.0,benchmark_results/july_pilot_2026-07-20/2026-07-20/_batch_logs/daily_event_configs/d15_hist_d15_1_patched.json,completed,0,143.5,benchmark_results/july_pilot_2026-07-20/2026-07-20/household_s5_shared_roommates_irregular_EnergyBridge_germany_d15_hist_d15_1_patched_2025-07-15_1day,benchmark_results/july_pilot_2026-07-20/2026-07-20/_batch_logs/daily_dr_memory_germany_1day/household_s5_shared_roommates_irregular_EnergyBridge_germany_d15_hist_d15_1_patched_2025-07-15_1day.log,benchmark_results/july_pilot_2026-07-20/2026-07-20/household_s5_shared_roommates_irregular_EnergyBridge_germany_d15_hist_d15_1_patched_2025-07-15_1day/run_summary.txt,0,59.810497,59.810497,17.828694,0.094094,EUR/kWh,/home/hku_user3/EnergyBridge_shed_eval/experiments/real_data/germany_2025_price.csv,6.7937,6.7937,1.0,1.0,4.12,1.0,1.0,"['dishwasher', 'dryer', 'ev', 'washer', 'water_heater']",[],[]
household_s3_hybrid_work_from_home,household_s3_hybrid_work_from_home,EnergyBridge,Germany,1,2025-07-15,d15_hist_d15_1_patched,hist_d15_1_patched,15,/home/hku_user3/EnergyBridge_shed_eval/experiments/real_data/germany_2025_price.csv,18.0,1.0,benchmark_results/july_pilot_2026-07-20/2026-07-20/_batch_logs/daily_event_configs/d15_hist_d15_1_patched.json,completed,0,236.8,benchmark_results/july_pilot_2026-07-20/2026-07-20/household_s3_hybrid_work_from_home_EnergyBridge_germany_d15_hist_d15_1_patched_2025-07-15_1day,benchmark_results/july_pilot_2026-07-20/2026-07-20/_batch_logs/daily_dr_memory_germany_1day/household_s3_hybrid_work_from_home_EnergyBridge_germany_d15_hist_d15_1_patched_2025-07-15_1day.log,benchmark_results/july_pilot_2026-07-20/2026-07-20/household_s3_hybrid_work_from_home_EnergyBridge_germany_d15_hist_d15_1_patched_2025-07-15_1day/run_summary.txt,0,56.660844,56.660844,17.835071,0.093821,EUR/kWh,/home/hku_user3/EnergyBridge_shed_eval/experiments/real_data/germany_2025_price.csv,6.3582,6.3582,1.0,1.0,4.18,1.0,1.0,"['dishwasher', 'dryer', 'ev', 'washer', 'water_heater']",[],[]
household_s3_hybrid_work_from_home,household_s3_hybrid_work_from_home,EnergyBridge,Tianjin,1,2025-07-15,d15_hist_d15_1_patched,hist_d15_1_patched,15,/home/hku_user3/EnergyBridge_shed_eval/experiments/real_data/tianjin_tou_price_normalized.csv,18.0,1.0,benchmark_results/july_pilot_2026-07-20/2026-07-20/_batch_logs/daily_event_configs/d15_hist_d15_1_patched.json,completed,0,130.7,benchmark_results/july_pilot_2026-07-20/2026-07-20/household_s3_hybrid_work_from_home_EnergyBridge_tianjin_d15_hist_d15_1_patched_2025-07-15_1day,benchmark_results/july_pilot_2026-07-20/2026-07-20/_batch_logs/daily_dr_memory_tianjin_1day/household_s3_hybrid_work_from_home_EnergyBridge_tianjin_d15_hist_d15_1_patched_2025-07-15_1day.log,benchmark_results/july_pilot_2026-07-20/2026-07-20/household_s3_hybrid_work_from_home_EnergyBridge_tianjin_d15_hist_d15_1_patched_2025-07-15_1day/run_summary.txt,0,87.286599,87.286599,62.772401,1.066298,normalized TOU cost/kWh,/home/hku_user3/EnergyBridge_shed_eval/experiments/real_data/tianjin_tou_price_normalized.csv,2.0325,2.0325,1.0,1.0,4.15,1.0,1.0,"['dishwasher', 'dryer', 'ev', 'washer', 'water_heater']",[],[]
household_s4_ev_commuter_flexible,household_s4_ev_commuter_flexible,EnergyBridge,Tianjin,1,2025-07-15,d15_hist_d15_1_patched,hist_d15_1_patched,15,/home/hku_user3/EnergyBridge_shed_eval/experiments/real_data/tianjin_tou_price_normalized.csv,18.0,1.0,benchmark_results/july_pilot_2026-07-20/2026-07-20/_batch_logs/daily_event_configs/d15_hist_d15_1_patched.json,completed,0,164.7,benchmark_results/july_pilot_2026-07-20/2026-07-20/household_s4_ev_commuter_flexible_EnergyBridge_tianjin_d15_hist_d15_1_patched_2025-07-15_1day,benchmark_results/july_pilot_2026-07-20/2026-07-20/_batch_logs/daily_dr_memory_tianjin_1day/household_s4_ev_commuter_flexible_EnergyBridge_tianjin_d15_hist_d15_1_patched_2025-07-15_1day.log,benchmark_results/july_pilot_2026-07-20/2026-07-20/household_s4_ev_commuter_flexible_EnergyBridge_tianjin_d15_hist_d15_1_patched_2025-07-15_1day/run_summary.txt,0,95.121082,95.121082,58.654271,1.011726,normalized TOU cost/kWh,/home/hku_user3/EnergyBridge_shed_eval/experiments/real_data/tianjin_tou_price_normalized.csv,4.1001,4.1001,0.0,0.0,2.7,1.0,1.0,"['dishwasher', 'dryer', 'ev', 'washer', 'water_heater']",[],[]
household_s1_dual_commuter_standard,household_s1_dual_commuter_standard,EnergyBridge,Tianjin,1,2025-07-15,d15_hist_d15_1_patched,hist_d15_1_patched,15,/home/hku_user3/EnergyBridge_shed_eval/experiments/real_data/tianjin_tou_price_normalized.csv,18.0,1.0,benchmark_results/july_pilot_2026-07-20/2026-07-20/_batch_logs/daily_event_configs/d15_hist_d15_1_patched.json,completed,0,204.1,benchmark_results/july_pilot_2026-07-20/2026-07-20/household_s1_dual_commuter_standard_EnergyBridge_tianjin_d15_hist_d15_1_patched_2025-07-15_1day,benchmark_results/july_pilot_2026-07-20/2026-07-20/_batch_logs/daily_dr_memory_tianjin_1day/household_s1_dual_commuter_standard_EnergyBridge_tianjin_d15_hist_d15_1_patched_2025-07-15_1day.log,benchmark_results/july_pilot_2026-07-20/2026-07-20/household_s1_dual_commuter_standard_EnergyBridge_tianjin_d15_hist_d15_1_patched_2025-07-15_1day/run_summary.txt,0,97.701848,97.701848,58.471035,1.017984,normalized TOU cost/kWh,/home/hku_user3/EnergyBridge_shed_eval/experiments/real_data/tianjin_tou_price_normalized.csv,2.457,2.457,1.0,1.0,4.09,1.0,1.0,"['dishwasher', 'dryer', 'ev', 'washer', 'water_heater']",[],[]
household_s2_multigeneration_caregiver,household_s2_multigeneration_caregiver,EnergyBridge,Tianjin,1,2025-07-15,d15_hist_d15_1_patched,hist_d15_1_patched,15,/home/hku_user3/EnergyBridge_shed_eval/experiments/real_data/tianjin_tou_price_normalized.csv,18.0,1.0,benchmark_results/july_pilot_2026-07-20/2026-07-20/_batch_logs/daily_event_configs/d15_hist_d15_1_patched.json,completed,0,201.8,benchmark_results/july_pilot_2026-07-20/2026-07-20/household_s2_multigeneration_caregiver_EnergyBridge_tianjin_d15_hist_d15_1_patched_2025-07-15_1day,benchmark_results/july_pilot_2026-07-20/2026-07-20/_batch_logs/daily_dr_memory_tianjin_1day/household_s2_multigeneration_caregiver_EnergyBridge_tianjin_d15_hist_d15_1_patched_2025-07-15_1day.log,benchmark_results/july_pilot_2026-07-20/2026-07-20/household_s2_multigeneration_caregiver_EnergyBridge_tianjin_d15_hist_d15_1_patched_2025-07-15_1day/run_summary.txt,0,84.717198,84.717198,59.699482,1.069949,normalized TOU cost/kWh,/home/hku_user3/EnergyBridge_shed_eval/experiments/real_data/tianjin_tou_price_normalized.csv,2.229,2.229,1.0,1.0,4.134,1.0,1.0,"['dishwasher', 'dryer', 'ev', 'washer', 'water_heater']",[],[]
household_s5_shared_roommates_irregular,household_s5_shared_roommates_irregular,EnergyBridge,Tianjin,1,2025-07-15,d15_hist_d15_1_patched,hist_d15_1_patched,15,/home/hku_user3/EnergyBridge_shed_eval/experiments/real_data/tianjin_tou_price_normalized.csv,18.0,1.0,benchmark_results/july_pilot_2026-07-20/2026-07-20/_batch_logs/daily_event_configs/d15_hist_d15_1_patched.json,completed,0,136.1,benchmark_results/july_pilot_2026-07-20/2026-07-20/household_s5_shared_roommates_irregular_EnergyBridge_tianjin_d15_hist_d15_1_patched_2025-07-15_1day,benchmark_results/july_pilot_2026-07-20/2026-07-20/_batch_logs/daily_dr_memory_tianjin_1day/household_s5_shared_roommates_irregular_EnergyBridge_tianjin_d15_hist_d15_1_patched_2025-07-15_1day.log,benchmark_results/july_pilot_2026-07-20/2026-07-20/household_s5_shared_roommates_irregular_EnergyBridge_tianjin_d15_hist_d15_1_patched_2025-07-15_1day/run_summary.txt,0,88.958989,88.958989,55.955997,1.048788,normalized TOU cost/kWh,/home/hku_user3/EnergyBridge_shed_eval/experiments/real_data/tianjin_tou_price_normalized.csv,2.2642,2.2642,1.0,1.0,4.098,1.0,1.0,"['dishwasher', 'dryer', 'ev', 'washer', 'water_heater']",[],[]
household_s1_dual_commuter_standard,household_s1_dual_commuter_standard,EnergyBridge,Germany,1,2025-07-16,d16_hist_d16_1_patched,hist_d16_1_patched,16,/home/hku_user3/EnergyBridge_shed_eval/experiments/real_data/germany_2025_price.csv,18.0,1.0,benchmark_results/july_pilot_2026-07-20/2026-07-20/_batch_logs/daily_event_configs/d16_hist_d16_1_patched.json,completed,0,175.4,benchmark_results/july_pilot_2026-07-20/2026-07-20/household_s1_dual_commuter_standard_EnergyBridge_germany_d16_hist_d16_1_patched_2025-07-16_1day,benchmark_results/july_pilot_2026-07-20/2026-07-20/_batch_logs/daily_dr_memory_germany_1day/household_s1_dual_commuter_standard_EnergyBridge_germany_d16_hist_d16_1_patched_2025-07-16_1day.log,benchmark_results/july_pilot_2026-07-20/2026-07-20/household_s1_dual_commuter_standard_EnergyBridge_germany_d16_hist_d16_1_patched_2025-07-16_1day/run_summary.txt,0,60.816504,60.816504,17.696203,0.097572,EUR/kWh,/home/hku_user3/EnergyBridge_shed_eval/experiments/real_data/germany_2025_price.csv,7.4418,7.4418,0.0,0.0,2.662,1.0,1.0,"['dishwasher', 'dryer', 'ev', 'washer', 'water_heater']",[],[]
household_s2_multigeneration_caregiver,household_s2_multigeneration_caregiver,EnergyBridge,Germany,1,2025-07-16,d16_hist_d16_1_patched,hist_d16_1_patched,16,/home/hku_user3/EnergyBridge_shed_eval/experiments/real_data/germany_2025_price.csv,18.0,1.0,benchmark_results/july_pilot_2026-07-20/2026-07-20/_batch_logs/daily_event_configs/d16_hist_d16_1_patched.json,completed,0,190.8,benchmark_results/july_pilot_2026-07-20/2026-07-20/household_s2_multigeneration_caregiver_EnergyBridge_germany_d16_hist_d16_1_patched_2025-07-16_1day,benchmark_results/july_pilot_2026-07-20/2026-07-20/_batch_logs/daily_dr_memory_germany_1day/household_s2_multigeneration_caregiver_EnergyBridge_germany_d16_hist_d16_1_patched_2025-07-16_1day.log,benchmark_results/july_pilot_2026-07-20/2026-07-20/household_s2_multigeneration_caregiver_EnergyBridge_germany_d16_hist_d16_1_patched_2025-07-16_1day/run_summary.txt,0,50.3192,50.3192,17.053842,0.097321,EUR/kWh,/home/hku_user3/EnergyBridge_shed_eval/experiments/real_data/germany_2025_price.csv,6.2037,6.2037,1.0,1.0,4.41,1.0,1.0,"['dishwasher', 'dryer', 'ev', 'washer', 'water_heater']",[],[]
household_s4_ev_commuter_flexible,household_s4_ev_commuter_flexible,EnergyBridge,Germany,1,2025-07-16,d16_hist_d16_1_patched,hist_d16_1_patched,16,/home/hku_user3/EnergyBridge_shed_eval/experiments/real_data/germany_2025_price.csv,18.0,1.0,benchmark_results/july_pilot_2026-07-20/2026-07-20/_batch_logs/daily_event_configs/d16_hist_d16_1_patched.json,completed,0,189.7,benchmark_results/july_pilot_2026-07-20/2026-07-20/household_s4_ev_commuter_flexible_EnergyBridge_germany_d16_hist_d16_1_patched_2025-07-16_1day,benchmark_results/july_pilot_2026-07-20/2026-07-20/_batch_logs/daily_dr_memory_germany_1day/household_s4_ev_commuter_flexible_EnergyBridge_germany_d16_hist_d16_1_patched_2025-07-16_1day.log,benchmark_results/july_pilot_2026-07-20/2026-07-20/household_s4_ev_commuter_flexible_EnergyBridge_germany_d16_hist_d16_1_patched_2025-07-16_1day/run_summary.txt,0,60.729051,60.729051,18.107189,0.097634,EUR/kWh,/home/hku_user3/EnergyBridge_shed_eval/experiments/real_data/germany_2025_price.csv,6.1007,6.1007,1.0,1.0,4.652,1.0,1.0,"['dishwasher', 'dryer', 'ev', 'washer', 'water_heater']",[],[]
household_s5_shared_roommates_irregular,household_s5_shared_roommates_irregular,EnergyBridge,Germany,1,2025-07-16,d16_hist_d16_1_patched,hist_d16_1_patched,16,/home/hku_user3/EnergyBridge_shed_eval/experiments/real_data/germany_2025_price.csv,18.0,1.0,benchmark_results/july_pilot_2026-07-20/2026-07-20/_batch_logs/daily_event_configs/d16_hist_d16_1_patched.json,completed,0,211.5,benchmark_results/july_pilot_2026-07-20/2026-07-20/household_s5_shared_roommates_irregular_EnergyBridge_germany_d16_hist_d16_1_patched_2025-07-16_1day,benchmark_results/july_pilot_2026-07-20/2026-07-20/_batch_logs/daily_dr_memory_germany_1day/household_s5_shared_roommates_irregular_EnergyBridge_germany_d16_hist_d16_1_patched_2025-07-16_1day.log,benchmark_results/july_pilot_2026-07-20/2026-07-20/household_s5_shared_roommates_irregular_EnergyBridge_germany_d16_hist_d16_1_patched_2025-07-16_1day/run_summary.txt,0,52.566732,52.566732,17.283341,0.097482,EUR/kWh,/home/hku_user3/EnergyBridge_shed_eval/experiments/real_data/germany_2025_price.csv,6.1007,6.1007,1.0,1.0,4.098,1.0,1.0,"['dishwasher', 'dryer', 'ev', 'washer', 'water_heater']",[],[]
household_s3_hybrid_work_from_home,household_s3_hybrid_work_from_home,EnergyBridge,Germany,1,2025-07-16,d16_hist_d16_1_patched,hist_d16_1_patched,16,/home/hku_user3/EnergyBridge_shed_eval/experiments/real_data/germany_2025_price.csv,18.0,1.0,benchmark_results/july_pilot_2026-07-20/2026-07-20/_batch_logs/daily_event_configs/d16_hist_d16_1_patched.json,completed,0,249.6,benchmark_results/july_pilot_2026-07-20/2026-07-20/household_s3_hybrid_work_from_home_EnergyBridge_germany_d16_hist_d16_1_patched_2025-07-16_1day,benchmark_results/july_pilot_2026-07-20/2026-07-20/_batch_logs/daily_dr_memory_germany_1day/household_s3_hybrid_work_from_home_EnergyBridge_germany_d16_hist_d16_1_patched_2025-07-16_1day.log,benchmark_results/july_pilot_2026-07-20/2026-07-20/household_s3_hybrid_work_from_home_EnergyBridge_germany_d16_hist_d16_1_patched_2025-07-16_1day/run_summary.txt,0,51.888499,51.888499,17.390729,0.09741,EUR/kWh,/home/hku_user3/EnergyBridge_shed_eval/experiments/real_data/germany_2025_price.csv,6.1045,6.1045,1.0,1.0,4.367,1.0,1.0,"['dishwasher', 'dryer', 'ev', 'washer', 'water_heater']",[],[]
household_s1_dual_commuter_standard,household_s1_dual_commuter_standard,EnergyBridge,Tianjin,1,2025-07-16,d16_hist_d16_1_patched,hist_d16_1_patched,16,/home/hku_user3/EnergyBridge_shed_eval/experiments/real_data/tianjin_tou_price_normalized.csv,18.0,1.0,benchmark_results/july_pilot_2026-07-20/2026-07-20/_batch_logs/daily_event_configs/d16_hist_d16_1_patched.json,completed,0,219.8,benchmark_results/july_pilot_2026-07-20/2026-07-20/household_s1_dual_commuter_standard_EnergyBridge_tianjin_d16_hist_d16_1_patched_2025-07-16_1day,benchmark_results/july_pilot_2026-07-20/2026-07-20/_batch_logs/daily_dr_memory_tianjin_1day/household_s1_dual_commuter_standard_EnergyBridge_tianjin_d16_hist_d16_1_patched_2025-07-16_1day.log,benchmark_results/july_pilot_2026-07-20/2026-07-20/household_s1_dual_commuter_standard_EnergyBridge_tianjin_d16_hist_d16_1_patched_2025-07-16_1day/run_summary.txt,0,86.096876,86.096876,66.129653,1.090474,normalized TOU cost/kWh,/home/hku_user3/EnergyBridge_shed_eval/experiments/real_data/tianjin_tou_price_normalized.csv,3.135,3.135,0.0,0.0,2.662,1.0,1.0,"['dishwasher', 'dryer', 'ev', 'washer', 'water_heater']",[],[]
household_s3_hybrid_work_from_home,household_s3_hybrid_work_from_home,EnergyBridge,Tianjin,1,2025-07-16,d16_hist_d16_1_patched,hist_d16_1_patched,16,/home/hku_user3/EnergyBridge_shed_eval/experiments/real_data/tianjin_tou_price_normalized.csv,18.0,1.0,benchmark_results/july_pilot_2026-07-20/2026-07-20/_batch_logs/daily_event_configs/d16_hist_d16_1_patched.json,completed,0,160.4,benchmark_results/july_pilot_2026-07-20/2026-07-20/household_s3_hybrid_work_from_home_EnergyBridge_tianjin_d16_hist_d16_1_patched_2025-07-16_1day,benchmark_results/july_pilot_2026-07-20/2026-07-20/_batch_logs/daily_dr_memory_tianjin_1day/household_s3_hybrid_work_from_home_EnergyBridge_tianjin_d16_hist_d16_1_patched_2025-07-16_1day.log,benchmark_results/july_pilot_2026-07-20/2026-07-20/household_s3_hybrid_work_from_home_EnergyBridge_tianjin_d16_hist_d16_1_patched_2025-07-16_1day/run_summary.txt,0,76.070328,76.070328,72.295114,1.142777,normalized TOU cost/kWh,/home/hku_user3/EnergyBridge_shed_eval/experiments/real_data/tianjin_tou_price_normalized.csv,1.2571,1.2571,1.0,1.0,4.337,1.0,1.0,"['dishwasher', 'dryer', 'ev', 'washer', 'water_heater']",[],[]
household_s5_shared_roommates_irregular,household_s5_shared_roommates_irregular,EnergyBridge,Tianjin,1,2025-07-16,d16_hist_d16_1_patched,hist_d16_1_patched,16,/home/hku_user3/EnergyBridge_shed_eval/experiments/real_data/tianjin_tou_price_normalized.csv,18.0,1.0,benchmark_results/july_pilot_2026-07-20/2026-07-20/_batch_logs/daily_event_configs/d16_hist_d16_1_patched.json,completed,0,149.2,benchmark_results/july_pilot_2026-07-20/2026-07-20/household_s5_shared_roommates_irregular_EnergyBridge_tianjin_d16_hist_d16_1_patched_2025-07-16_1day,benchmark_results/july_pilot_2026-07-20/2026-07-20/_batch_logs/daily_dr_memory_tianjin_1day/household_s5_shared_roommates_irregular_EnergyBridge_tianjin_d16_hist_d16_1_patched_2025-07-16_1day.log,benchmark_results/july_pilot_2026-07-20/2026-07-20/household_s5_shared_roommates_irregular_EnergyBridge_tianjin_d16_hist_d16_1_patched_2025-07-16_1day/run_summary.txt,0,78.76616,78.76616,66.283076,1.139011,normalized TOU cost/kWh,/home/hku_user3/EnergyBridge_shed_eval/experiments/real_data/tianjin_tou_price_normalized.csv,1.5599,1.5599,1.0,1.0,4.075,1.0,1.0,"['dishwasher', 'dryer', 'ev', 'washer', 'water_heater']",[],[]
household_s2_multigeneration_caregiver,household_s2_multigeneration_caregiver,EnergyBridge,Tianjin,1,2025-07-16,d16_hist_d16_1_patched,hist_d16_1_patched,16,/home/hku_user3/EnergyBridge_shed_eval/experiments/real_data/tianjin_tou_price_normalized.csv,18.0,1.0,benchmark_results/july_pilot_2026-07-20/2026-07-20/_batch_logs/daily_event_configs/d16_hist_d16_1_patched.json,completed,0,239.5,benchmark_results/july_pilot_2026-07-20/2026-07-20/household_s2_multigeneration_caregiver_EnergyBridge_tianjin_d16_hist_d16_1_patched_2025-07-16_1day,benchmark_results/july_pilot_2026-07-20/2026-07-20/_batch_logs/daily_dr_memory_tianjin_1day/household_s2_multigeneration_caregiver_EnergyBridge_tianjin_d16_hist_d16_1_patched_2025-07-16_1day.log,benchmark_results/july_pilot_2026-07-20/2026-07-20/household_s2_multigeneration_caregiver_EnergyBridge_tianjin_d16_hist_d16_1_patched_2025-07-16_1day/run_summary.txt,0,72.103726,72.103726,69.642029,1.151848,normalized TOU cost/kWh,/home/hku_user3/EnergyBridge_shed_eval/experiments/real_data/tianjin_tou_price_normalized.csv,1.4613,1.4613,1.0,1.0,4.134,1.0,1.0,"['dishwasher', 'dryer', 'ev', 'washer', 'water_heater']",[],[]
household_s4_ev_commuter_flexible,household_s4_ev_commuter_flexible,EnergyBridge,Tianjin,1,2025-07-16,d16_hist_d16_1_patched,hist_d16_1_patched,16,/home/hku_user3/EnergyBridge_shed_eval/experiments/real_data/tianjin_tou_price_normalized.csv,18.0,1.0,benchmark_results/july_pilot_2026-07-20/2026-07-20/_batch_logs/daily_event_configs/d16_hist_d16_1_patched.json,completed,0,197.7,benchmark_results/july_pilot_2026-07-20/2026-07-20/household_s4_ev_commuter_flexible_EnergyBridge_tianjin_d16_hist_d16_1_patched_2025-07-16_1day,benchmark_results/july_pilot_2026-07-20/2026-07-20/_batch_logs/daily_dr_memory_tianjin_1day/household_s4_ev_commuter_flexible_EnergyBridge_tianjin_d16_hist_d16_1_patched_2025-07-16_1day.log,benchmark_results/july_pilot_2026-07-20/2026-07-20/household_s4_ev_commuter_flexible_EnergyBridge_tianjin_d16_hist_d16_1_patched_2025-07-16_1day/run_summary.txt,0,83.324336,83.324336,74.766817,1.125405,normalized TOU cost/kWh,/home/hku_user3/EnergyBridge_shed_eval/experiments/real_data/tianjin_tou_price_normalized.csv,1.9895,1.9895,1.0,1.0,4.278,1.0,1.0,"['dishwasher', 'dryer', 'ev', 'washer', 'water_heater']",[],[]
household_s2_multigeneration_caregiver,household_s2_multigeneration_caregiver,EnergyBridge,Germany,1,2025-07-17,d17_hist_d17_1,hist_d17_1,17,/home/hku_user3/EnergyBridge_shed_eval/experiments/real_data/germany_2025_price.csv,18.0,1.0,benchmark_results/july_pilot_2026-07-20/2026-07-20/_batch_logs/daily_event_configs/d17_hist_d17_1.json,completed,0,163.1,benchmark_results/july_pilot_2026-07-20/2026-07-20/household_s2_multigeneration_caregiver_EnergyBridge_germany_d17_hist_d17_1_2025-07-17_1day,benchmark_results/july_pilot_2026-07-20/2026-07-20/_batch_logs/daily_dr_memory_germany_1day/household_s2_multigeneration_caregiver_EnergyBridge_germany_d17_hist_d17_1_2025-07-17_1day.log,benchmark_results/july_pilot_2026-07-20/2026-07-20/household_s2_multigeneration_caregiver_EnergyBridge_germany_d17_hist_d17_1_2025-07-17_1day/run_summary.txt,0,50.108488,50.108488,17.02905,0.097048,EUR/kWh,/home/hku_user3/EnergyBridge_shed_eval/experiments/real_data/germany_2025_price.csv,7.512,7.512,0.0,0.0,2.6,1.0,1.0,"['dishwasher', 'dryer', 'ev', 'washer', 'water_heater']",[],[]
household_s1_dual_commuter_standard,household_s1_dual_commuter_standard,EnergyBridge,Germany,1,2025-07-17,d17_hist_d17_1,hist_d17_1,17,/home/hku_user3/EnergyBridge_shed_eval/experiments/real_data/germany_2025_price.csv,18.0,1.0,benchmark_results/july_pilot_2026-07-20/2026-07-20/_batch_logs/daily_event_configs/d17_hist_d17_1.json,completed,0,167.4,benchmark_results/july_pilot_2026-07-20/2026-07-20/household_s1_dual_commuter_standard_EnergyBridge_germany_d17_hist_d17_1_2025-07-17_1day,benchmark_results/july_pilot_2026-07-20/2026-07-20/_batch_logs/daily_dr_memory_germany_1day/household_s1_dual_commuter_standard_EnergyBridge_germany_d17_hist_d17_1_2025-07-17_1day.log,benchmark_results/july_pilot_2026-07-20/2026-07-20/household_s1_dual_commuter_standard_EnergyBridge_germany_d17_hist_d17_1_2025-07-17_1day/run_summary.txt,0,59.609002,59.609002,17.742625,0.097445,EUR/kWh,/home/hku_user3/EnergyBridge_shed_eval/experiments/real_data/germany_2025_price.csv,7.6402,7.6402,0.0,0.0,2.662,1.0,1.0,"['dishwasher', 'dryer', 'ev', 'washer', 'water_heater']",[],[]
household_s3_hybrid_work_from_home,household_s3_hybrid_work_from_home,EnergyBridge,Germany,1,2025-07-17,d17_hist_d17_1,hist_d17_1,17,/home/hku_user3/EnergyBridge_shed_eval/experiments/real_data/germany_2025_price.csv,18.0,1.0,benchmark_results/july_pilot_2026-07-20/2026-07-20/_batch_logs/daily_event_configs/d17_hist_d17_1.json,completed,0,140.5,benchmark_results/july_pilot_2026-07-20/2026-07-20/household_s3_hybrid_work_from_home_EnergyBridge_germany_d17_hist_d17_1_2025-07-17_1day,benchmark_results/july_pilot_2026-07-20/2026-07-20/_batch_logs/daily_dr_memory_germany_1day/household_s3_hybrid_work_from_home_EnergyBridge_germany_d17_hist_d17_1_2025-07-17_1day.log,benchmark_results/july_pilot_2026-07-20/2026-07-20/household_s3_hybrid_work_from_home_EnergyBridge_germany_d17_hist_d17_1_2025-07-17_1day/run_summary.txt,0,52.283062,52.283062,17.68342,0.097366,EUR/kWh,/home/hku_user3/EnergyBridge_shed_eval/experiments/real_data/germany_2025_price.csv,6.2628,6.2628,1.0,1.0,4.18,1.0,1.0,"['dishwasher', 'dryer', 'ev', 'washer', 'water_heater']",[],[]
household_s4_ev_commuter_flexible,household_s4_ev_commuter_flexible,EnergyBridge,Germany,1,2025-07-17,d17_hist_d17_1,hist_d17_1,17,/home/hku_user3/EnergyBridge_shed_eval/experiments/real_data/germany_2025_price.csv,18.0,1.0,benchmark_results/july_pilot_2026-07-20/2026-07-20/_batch_logs/daily_event_configs/d17_hist_d17_1.json,completed,0,186.6,benchmark_results/july_pilot_2026-07-20/2026-07-20/household_s4_ev_commuter_flexible_EnergyBridge_germany_d17_hist_d17_1_2025-07-17_1day,benchmark_results/july_pilot_2026-07-20/2026-07-20/_batch_logs/daily_dr_memory_germany_1day/household_s4_ev_commuter_flexible_EnergyBridge_germany_d17_hist_d17_1_2025-07-17_1day.log,benchmark_results/july_pilot_2026-07-20/2026-07-20/household_s4_ev_commuter_flexible_EnergyBridge_germany_d17_hist_d17_1_2025-07-17_1day/run_summary.txt,0,63.478375,63.478375,17.82596,0.097387,EUR/kWh,/home/hku_user3/EnergyBridge_shed_eval/experiments/real_data/germany_2025_price.csv,7.6778,7.6778,0.0,0.0,2.7,1.0,1.0,"['dishwasher', 'dryer', 'ev', 'washer', 'water_heater']",[],[]
household_s5_shared_roommates_irregular,household_s5_shared_roommates_irregular,EnergyBridge,Germany,1,2025-07-17,d17_hist_d17_1,hist_d17_1,17,/home/hku_user3/EnergyBridge_shed_eval/experiments/real_data/germany_2025_price.csv,18.0,1.0,benchmark_results/july_pilot_2026-07-20/2026-07-20/_batch_logs/daily_event_configs/d17_hist_d17_1.json,completed,0,172.8,benchmark_results/july_pilot_2026-07-20/2026-07-20/household_s5_shared_roommates_irregular_EnergyBridge_germany_d17_hist_d17_1_2025-07-17_1day,benchmark_results/july_pilot_2026-07-20/2026-07-20/_batch_logs/daily_dr_memory_germany_1day/household_s5_shared_roommates_irregular_EnergyBridge_germany_d17_hist_d17_1_2025-07-17_1day.log,benchmark_results/july_pilot_2026-07-20/2026-07-20/household_s5_shared_roommates_irregular_EnergyBridge_germany_d17_hist_d17_1_2025-07-17_1day/run_summary.txt,0,53.425435,53.425435,17.564678,0.097536,EUR/kWh,/home/hku_user3/EnergyBridge_shed_eval/experiments/real_data/germany_2025_price.csv,6.2575,6.2575,1.0,1.0,4.098,1.0,1.0,"['dishwasher', 'dryer', 'ev', 'washer', 'water_heater']",[],[]
household_s1_dual_commuter_standard,household_s1_dual_commuter_standard,EnergyBridge,Tianjin,1,2025-07-17,d17_hist_d17_1,hist_d17_1,17,/home/hku_user3/EnergyBridge_shed_eval/experiments/real_data/tianjin_tou_price_normalized.csv,18.0,1.0,benchmark_results/july_pilot_2026-07-20/2026-07-20/_batch_logs/daily_event_configs/d17_hist_d17_1.json,completed,0,140.0,benchmark_results/july_pilot_2026-07-20/2026-07-20/household_s1_dual_commuter_standard_EnergyBridge_tianjin_d17_hist_d17_1_2025-07-17_1day,benchmark_results/july_pilot_2026-07-20/2026-07-20/_batch_logs/daily_dr_memory_tianjin_1day/household_s1_dual_commuter_standard_EnergyBridge_tianjin_d17_hist_d17_1_2025-07-17_1day.log,benchmark_results/july_pilot_2026-07-20/2026-07-20/household_s1_dual_commuter_standard_EnergyBridge_tianjin_d17_hist_d17_1_2025-07-17_1day/run_summary.txt,0,67.872743,67.872743,59.811844,1.074061,normalized TOU cost/kWh,/home/hku_user3/EnergyBridge_shed_eval/experiments/real_data/tianjin_tou_price_normalized.csv,2.1202,2.1202,0.0,0.0,2.662,1.0,1.0,"['dishwasher', 'dryer', 'ev', 'washer', 'water_heater']",[],[]
household_s3_hybrid_work_from_home,household_s3_hybrid_work_from_home,EnergyBridge,Tianjin,1,2025-07-17,d17_hist_d17_1,hist_d17_1,17,/home/hku_user3/EnergyBridge_shed_eval/experiments/real_data/tianjin_tou_price_normalized.csv,18.0,1.0,benchmark_results/july_pilot_2026-07-20/2026-07-20/_batch_logs/daily_event_configs/d17_hist_d17_1.json,completed,0,135.7,benchmark_results/july_pilot_2026-07-20/2026-07-20/household_s3_hybrid_work_from_home_EnergyBridge_tianjin_d17_hist_d17_1_2025-07-17_1day,benchmark_results/july_pilot_2026-07-20/2026-07-20/_batch_logs/daily_dr_memory_tianjin_1day/household_s3_hybrid_work_from_home_EnergyBridge_tianjin_d17_hist_d17_1_2025-07-17_1day.log,benchmark_results/july_pilot_2026-07-20/2026-07-20/household_s3_hybrid_work_from_home_EnergyBridge_tianjin_d17_hist_d17_1_2025-07-17_1day/run_summary.txt,0,59.986765,59.986765,62.353618,1.116506,normalized TOU cost/kWh,/home/hku_user3/EnergyBridge_shed_eval/experiments/real_data/tianjin_tou_price_normalized.csv,0.7224,0.7224,1.0,1.0,4.18,1.0,1.0,"['dishwasher', 'dryer', 'ev', 'washer', 'water_heater']",[],[]
household_s2_multigeneration_caregiver,household_s2_multigeneration_caregiver,EnergyBridge,Tianjin,1,2025-07-17,d17_hist_d17_1,hist_d17_1,17,/home/hku_user3/EnergyBridge_shed_eval/experiments/real_data/tianjin_tou_price_normalized.csv,18.0,1.0,benchmark_results/july_pilot_2026-07-20/2026-07-20/_batch_logs/daily_event_configs/d17_hist_d17_1.json,completed,0,212.9,benchmark_results/july_pilot_2026-07-20/2026-07-20/household_s2_multigeneration_caregiver_EnergyBridge_tianjin_d17_hist_d17_1_2025-07-17_1day,benchmark_results/july_pilot_2026-07-20/2026-07-20/_batch_logs/daily_dr_memory_tianjin_1day/household_s2_multigeneration_caregiver_EnergyBridge_tianjin_d17_hist_d17_1_2025-07-17_1day.log,benchmark_results/july_pilot_2026-07-20/2026-07-20/household_s2_multigeneration_caregiver_EnergyBridge_tianjin_d17_hist_d17_1_2025-07-17_1day/run_summary.txt,0,60.72643,60.72643,56.533267,1.109615,normalized TOU cost/kWh,/home/hku_user3/EnergyBridge_shed_eval/experiments/real_data/tianjin_tou_price_normalized.csv,2.1243,2.1243,0.0,0.0,2.6,1.0,1.0,"['dishwasher', 'dryer', 'ev', 'washer', 'water_heater']",[],[]
household_s4_ev_commuter_flexible,household_s4_ev_commuter_flexible,EnergyBridge,Tianjin,1,2025-07-17,d17_hist_d17_1,hist_d17_1,17,/home/hku_user3/EnergyBridge_shed_eval/experiments/real_data/tianjin_tou_price_normalized.csv,18.0,1.0,benchmark_results/july_pilot_2026-07-20/2026-07-20/_batch_logs/daily_event_configs/d17_hist_d17_1.json,completed,0,166.2,benchmark_results/july_pilot_2026-07-20/2026-07-20/household_s4_ev_commuter_flexible_EnergyBridge_tianjin_d17_hist_d17_1_2025-07-17_1day,benchmark_results/july_pilot_2026-07-20/2026-07-20/_batch_logs/daily_dr_memory_tianjin_1day/household_s4_ev_commuter_flexible_EnergyBridge_tianjin_d17_hist_d17_1_2025-07-17_1day.log,benchmark_results/july_pilot_2026-07-20/2026-07-20/household_s4_ev_commuter_flexible_EnergyBridge_tianjin_d17_hist_d17_1_2025-07-17_1day/run_summary.txt,0,70.661783,70.661783,60.783364,1.052444,normalized TOU cost/kWh,/home/hku_user3/EnergyBridge_shed_eval/experiments/real_data/tianjin_tou_price_normalized.csv,2.1508,2.1508,0.0,0.0,2.7,1.0,1.0,"['dishwasher', 'dryer', 'ev', 'washer', 'water_heater']",[],[]
household_s5_shared_roommates_irregular,household_s5_shared_roommates_irregular,EnergyBridge,Tianjin,1,2025-07-17,d17_hist_d17_1,hist_d17_1,17,/home/hku_user3/EnergyBridge_shed_eval/experiments/real_data/tianjin_tou_price_normalized.csv,18.0,1.0,benchmark_results/july_pilot_2026-07-20/2026-07-20/_batch_logs/daily_event_configs/d17_hist_d17_1.json,completed,0,170.6,benchmark_results/july_pilot_2026-07-20/2026-07-20/household_s5_shared_roommates_irregular_EnergyBridge_tianjin_d17_hist_d17_1_2025-07-17_1day,benchmark_results/july_pilot_2026-07-20/2026-07-20/_batch_logs/daily_dr_memory_tianjin_1day/household_s5_shared_roommates_irregular_EnergyBridge_tianjin_d17_hist_d17_1_2025-07-17_1day.log,benchmark_results/july_pilot_2026-07-20/2026-07-20/household_s5_shared_roommates_irregular_EnergyBridge_tianjin_d17_hist_d17_1_2025-07-17_1day/run_summary.txt,0,60.797955,60.797955,59.348654,1.103139,normalized TOU cost/kWh,/home/hku_user3/EnergyBridge_shed_eval/experiments/real_data/tianjin_tou_price_normalized.csv,0.6125,0.6125,1.0,1.0,4.26,1.0,1.0,"['dishwasher', 'dryer', 'ev', 'washer', 'water_heater']",[],[]
household_s2_multigeneration_caregiver,household_s2_multigeneration_caregiver,EnergyBridge,Germany,1,2025-07-18,d18_hist_d18_1_patched,hist_d18_1_patched,18,/home/hku_user3/EnergyBridge_shed_eval/experiments/real_data/germany_2025_price.csv,18.0,1.0,benchmark_results/july_pilot_2026-07-20/2026-07-20/_batch_logs/daily_event_configs/d18_hist_d18_1_patched.json,completed,0,158.0,benchmark_results/july_pilot_2026-07-20/2026-07-20/household_s2_multigeneration_caregiver_EnergyBridge_germany_d18_hist_d18_1_patched_2025-07-18_1day,benchmark_results/july_pilot_2026-07-20/2026-07-20/_batch_logs/daily_dr_memory_germany_1day/household_s2_multigeneration_caregiver_EnergyBridge_germany_d18_hist_d18_1_patched_2025-07-18_1day.log,benchmark_results/july_pilot_2026-07-20/2026-07-20/household_s2_multigeneration_caregiver_EnergyBridge_germany_d18_hist_d18_1_patched_2025-07-18_1day/run_summary.txt,0,60.693999,60.693999,19.172481,0.106159,EUR/kWh,/home/hku_user3/EnergyBridge_shed_eval/experiments/real_data/germany_2025_price.csv,7.8122,7.8122,0.0,0.0,2.6,1.0,1.0,"['dishwasher', 'dryer', 'ev', 'washer', 'water_heater']",[],[]
household_s3_hybrid_work_from_home,household_s3_hybrid_work_from_home,EnergyBridge,Germany,1,2025-07-18,d18_hist_d18_1_patched,hist_d18_1_patched,18,/home/hku_user3/EnergyBridge_shed_eval/experiments/real_data/germany_2025_price.csv,18.0,1.0,benchmark_results/july_pilot_2026-07-20/2026-07-20/_batch_logs/daily_event_configs/d18_hist_d18_1_patched.json,completed,0,210.4,benchmark_results/july_pilot_2026-07-20/2026-07-20/household_s3_hybrid_work_from_home_EnergyBridge_germany_d18_hist_d18_1_patched_2025-07-18_1day,benchmark_results/july_pilot_2026-07-20/2026-07-20/_batch_logs/daily_dr_memory_germany_1day/household_s3_hybrid_work_from_home_EnergyBridge_germany_d18_hist_d18_1_patched_2025-07-18_1day.log,benchmark_results/july_pilot_2026-07-20/2026-07-20/household_s3_hybrid_work_from_home_EnergyBridge_germany_d18_hist_d18_1_patched_2025-07-18_1day/run_summary.txt,0,60.510849,60.510849,19.401434,0.10594,EUR/kWh,/home/hku_user3/EnergyBridge_shed_eval/experiments/real_data/germany_2025_price.csv,6.5206,6.5206,1.0,1.0,4.18,1.0,1.0,"['dishwasher', 'dryer', 'ev', 'washer', 'water_heater']",[],[]
household_s1_dual_commuter_standard,household_s1_dual_commuter_standard,EnergyBridge,Germany,1,2025-07-18,d18_hist_d18_1_patched,hist_d18_1_patched,18,/home/hku_user3/EnergyBridge_shed_eval/experiments/real_data/germany_2025_price.csv,18.0,1.0,benchmark_results/july_pilot_2026-07-20/2026-07-20/_batch_logs/daily_event_configs/d18_hist_d18_1_patched.json,completed,0,284.1,benchmark_results/july_pilot_2026-07-20/2026-07-20/household_s1_dual_commuter_standard_EnergyBridge_germany_d18_hist_d18_1_patched_2025-07-18_1day,benchmark_results/july_pilot_2026-07-20/2026-07-20/_batch_logs/daily_dr_memory_germany_1day/household_s1_dual_commuter_standard_EnergyBridge_germany_d18_hist_d18_1_patched_2025-07-18_1day.log,benchmark_results/july_pilot_2026-07-20/2026-07-20/household_s1_dual_commuter_standard_EnergyBridge_germany_d18_hist_d18_1_patched_2025-07-18_1day/run_summary.txt,0,71.798516,71.798516,19.543885,0.106535,EUR/kWh,/home/hku_user3/EnergyBridge_shed_eval/experiments/real_data/germany_2025_price.csv,8.2886,8.2886,0.0,0.0,2.662,1.0,1.0,"['dishwasher', 'dryer', 'ev', 'washer', 'water_heater']",[],[]
household_s4_ev_commuter_flexible,household_s4_ev_commuter_flexible,EnergyBridge,Germany,1,2025-07-18,d18_hist_d18_1_patched,hist_d18_1_patched,18,/home/hku_user3/EnergyBridge_shed_eval/experiments/real_data/germany_2025_price.csv,18.0,1.0,benchmark_results/july_pilot_2026-07-20/2026-07-20/_batch_logs/daily_event_configs/d18_hist_d18_1_patched.json,completed,0,205.5,benchmark_results/july_pilot_2026-07-20/2026-07-20/household_s4_ev_commuter_flexible_EnergyBridge_germany_d18_hist_d18_1_patched_2025-07-18_1day,benchmark_results/july_pilot_2026-07-20/2026-07-20/_batch_logs/daily_dr_memory_germany_1day/household_s4_ev_commuter_flexible_EnergyBridge_germany_d18_hist_d18_1_patched_2025-07-18_1day.log,benchmark_results/july_pilot_2026-07-20/2026-07-20/household_s4_ev_commuter_flexible_EnergyBridge_germany_d18_hist_d18_1_patched_2025-07-18_1day/run_summary.txt,0,74.225421,74.225421,19.589581,0.106567,EUR/kWh,/home/hku_user3/EnergyBridge_shed_eval/experiments/real_data/germany_2025_price.csv,8.3645,8.3645,0.0,0.0,2.7,1.0,1.0,"['dishwasher', 'dryer', 'ev', 'washer', 'water_heater']",[],[]
household_s5_shared_roommates_irregular,household_s5_shared_roommates_irregular,EnergyBridge,Germany,1,2025-07-18,d18_hist_d18_1_patched,hist_d18_1_patched,18,/home/hku_user3/EnergyBridge_shed_eval/experiments/real_data/germany_2025_price.csv,18.0,1.0,benchmark_results/july_pilot_2026-07-20/2026-07-20/_batch_logs/daily_event_configs/d18_hist_d18_1_patched.json,completed,0,282.6,benchmark_results/july_pilot_2026-07-20/2026-07-20/household_s5_shared_roommates_irregular_EnergyBridge_germany_d18_hist_d18_1_patched_2025-07-18_1day,benchmark_results/july_pilot_2026-07-20/2026-07-20/_batch_logs/daily_dr_memory_germany_1day/household_s5_shared_roommates_irregular_EnergyBridge_germany_d18_hist_d18_1_patched_2025-07-18_1day.log,benchmark_results/july_pilot_2026-07-20/2026-07-20/household_s5_shared_roommates_irregular_EnergyBridge_germany_d18_hist_d18_1_patched_2025-07-18_1day/run_summary.txt,0,63.704687,63.704687,19.284332,0.106374,EUR/kWh,/home/hku_user3/EnergyBridge_shed_eval/experiments/real_data/germany_2025_price.csv,7.0037,7.0037,1.0,1.0,4.098,1.0,1.0,"['dishwasher', 'dryer', 'ev', 'washer', 'water_heater']",[],[]
household_s1_dual_commuter_standard,household_s1_dual_commuter_standard,EnergyBridge,Tianjin,1,2025-07-18,d18_hist_d18_1_patched,hist_d18_1_patched,18,/home/hku_user3/EnergyBridge_shed_eval/experiments/real_data/tianjin_tou_price_normalized.csv,18.0,1.0,benchmark_results/july_pilot_2026-07-20/2026-07-20/_batch_logs/daily_event_configs/d18_hist_d18_1_patched.json,completed,0,245.4,benchmark_results/july_pilot_2026-07-20/2026-07-20/household_s1_dual_commuter_standard_EnergyBridge_tianjin_d18_hist_d18_1_patched_2025-07-18_1day,benchmark_results/july_pilot_2026-07-20/2026-07-20/_batch_logs/daily_dr_memory_tianjin_1day/household_s1_dual_commuter_standard_EnergyBridge_tianjin_d18_hist_d18_1_patched_2025-07-18_1day.log,benchmark_results/july_pilot_2026-07-20/2026-07-20/household_s1_dual_commuter_standard_EnergyBridge_tianjin_d18_hist_d18_1_patched_2025-07-18_1day/run_summary.txt,0,78.107516,78.107516,64.679512,1.085241,normalized TOU cost/kWh,/home/hku_user3/EnergyBridge_shed_eval/experiments/real_data/tianjin_tou_price_normalized.csv,2.8284,2.8284,0.0,0.0,2.662,1.0,1.0,"['dishwasher', 'dryer', 'ev', 'washer', 'water_heater']",[],[]
household_s3_hybrid_work_from_home,household_s3_hybrid_work_from_home,EnergyBridge,Tianjin,1,2025-07-18,d18_hist_d18_1_patched,hist_d18_1_patched,18,/home/hku_user3/EnergyBridge_shed_eval/experiments/real_data/tianjin_tou_price_normalized.csv,18.0,1.0,benchmark_results/july_pilot_2026-07-20/2026-07-20/_batch_logs/daily_event_configs/d18_hist_d18_1_patched.json,completed,0,160.3,benchmark_results/july_pilot_2026-07-20/2026-07-20/household_s3_hybrid_work_from_home_EnergyBridge_tianjin_d18_hist_d18_1_patched_2025-07-18_1day,benchmark_results/july_pilot_2026-07-20/2026-07-20/_batch_logs/daily_dr_memory_tianjin_1day/household_s3_hybrid_work_from_home_EnergyBridge_tianjin_d18_hist_d18_1_patched_2025-07-18_1day.log,benchmark_results/july_pilot_2026-07-20/2026-07-20/household_s3_hybrid_work_from_home_EnergyBridge_tianjin_d18_hist_d18_1_patched_2025-07-18_1day/run_summary.txt,0,67.701847,67.701847,68.503153,1.12968,normalized TOU cost/kWh,/home/hku_user3/EnergyBridge_shed_eval/experiments/real_data/tianjin_tou_price_normalized.csv,1.1277,1.1277,1.0,1.0,4.15,1.0,1.0,"['dishwasher', 'dryer', 'ev', 'washer', 'water_heater']",[],[]
household_s2_multigeneration_caregiver,household_s2_multigeneration_caregiver,EnergyBridge,Tianjin,1,2025-07-18,d18_hist_d18_1_patched,hist_d18_1_patched,18,/home/hku_user3/EnergyBridge_shed_eval/experiments/real_data/tianjin_tou_price_normalized.csv,18.0,1.0,benchmark_results/july_pilot_2026-07-20/2026-07-20/_batch_logs/daily_event_configs/d18_hist_d18_1_patched.json,completed,0,183.2,benchmark_results/july_pilot_2026-07-20/2026-07-20/household_s2_multigeneration_caregiver_EnergyBridge_tianjin_d18_hist_d18_1_patched_2025-07-18_1day,benchmark_results/july_pilot_2026-07-20/2026-07-20/_batch_logs/daily_dr_memory_tianjin_1day/household_s2_multigeneration_caregiver_EnergyBridge_tianjin_d18_hist_d18_1_patched_2025-07-18_1day.log,benchmark_results/july_pilot_2026-07-20/2026-07-20/household_s2_multigeneration_caregiver_EnergyBridge_tianjin_d18_hist_d18_1_patched_2025-07-18_1day/run_summary.txt,0,67.870312,67.870312,62.992704,1.125289,normalized TOU cost/kWh,/home/hku_user3/EnergyBridge_shed_eval/experiments/real_data/tianjin_tou_price_normalized.csv,2.6905,2.6905,0.0,0.0,2.6,1.0,1.0,"['dishwasher', 'dryer', 'ev', 'washer', 'water_heater']",[],[]
household_s4_ev_commuter_flexible,household_s4_ev_commuter_flexible,EnergyBridge,Tianjin,1,2025-07-18,d18_hist_d18_1_patched,hist_d18_1_patched,18,/home/hku_user3/EnergyBridge_shed_eval/experiments/real_data/tianjin_tou_price_normalized.csv,18.0,1.0,benchmark_results/july_pilot_2026-07-20/2026-07-20/_batch_logs/daily_event_configs/d18_hist_d18_1_patched.json,completed,0,160.7,benchmark_results/july_pilot_2026-07-20/2026-07-20/household_s4_ev_commuter_flexible_EnergyBridge_tianjin_d18_hist_d18_1_patched_2025-07-18_1day,benchmark_results/july_pilot_2026-07-20/2026-07-20/_batch_logs/daily_dr_memory_tianjin_1day/household_s4_ev_commuter_flexible_EnergyBridge_tianjin_d18_hist_d18_1_patched_2025-07-18_1day.log,benchmark_results/july_pilot_2026-07-20/2026-07-20/household_s4_ev_commuter_flexible_EnergyBridge_tianjin_d18_hist_d18_1_patched_2025-07-18_1day/run_summary.txt,0,81.095353,81.095353,65.66166,1.065209,normalized TOU cost/kWh,/home/hku_user3/EnergyBridge_shed_eval/experiments/real_data/tianjin_tou_price_normalized.csv,2.9216,2.9216,0.0,0.0,2.7,1.0,1.0,"['dishwasher', 'dryer', 'ev', 'washer', 'water_heater']",[],[]
household_s5_shared_roommates_irregular,household_s5_shared_roommates_irregular,EnergyBridge,Tianjin,1,2025-07-18,d18_hist_d18_1_patched,hist_d18_1_patched,18,/home/hku_user3/EnergyBridge_shed_eval/experiments/real_data/tianjin_tou_price_normalized.csv,18.0,1.0,benchmark_results/july_pilot_2026-07-20/2026-07-20/_batch_logs/daily_event_configs/d18_hist_d18_1_patched.json,completed,0,178.1,benchmark_results/july_pilot_2026-07-20/2026-07-20/household_s5_shared_roommates_irregular_EnergyBridge_tianjin_d18_hist_d18_1_patched_2025-07-18_1day,benchmark_results/july_pilot_2026-07-20/2026-07-20/_batch_logs/daily_dr_memory_tianjin_1day/household_s5_shared_roommates_irregular_EnergyBridge_tianjin_d18_hist_d18_1_patched_2025-07-18_1day.log,benchmark_results/july_pilot_2026-07-20/2026-07-20/household_s5_shared_roommates_irregular_EnergyBridge_tianjin_d18_hist_d18_1_patched_2025-07-18_1day/run_summary.txt,0,71.747964,71.747964,64.143565,1.112866,normalized TOU cost/kWh,/home/hku_user3/EnergyBridge_shed_eval/experiments/real_data/tianjin_tou_price_normalized.csv,1.1502,1.1502,1.0,1.0,4.075,1.0,1.0,"['dishwasher', 'dryer', 'ev', 'washer', 'water_heater']",[],[]
household_s1_dual_commuter_standard,household_s1_dual_commuter_standard,EnergyBridge,Germany,1,2025-07-19,d19_hist_d19_1,hist_d19_1,19,/home/hku_user3/EnergyBridge_shed_eval/experiments/real_data/germany_2025_price.csv,18.0,1.0,benchmark_results/july_pilot_2026-07-20/2026-07-20/_batch_logs/daily_event_configs/d19_hist_d19_1.json,completed,0,168.7,benchmark_results/july_pilot_2026-07-20/2026-07-20/household_s1_dual_commuter_standard_EnergyBridge_germany_d19_hist_d19_1_2025-07-19_1day,benchmark_results/july_pilot_2026-07-20/2026-07-20/_batch_logs/daily_dr_memory_germany_1day/household_s1_dual_commuter_standard_EnergyBridge_germany_d19_hist_d19_1_2025-07-19_1day.log,benchmark_results/july_pilot_2026-07-20/2026-07-20/household_s1_dual_commuter_standard_EnergyBridge_germany_d19_hist_d19_1_2025-07-19_1day/run_summary.txt,0,75.643198,75.643198,14.342694,0.075681,EUR/kWh,/home/hku_user3/EnergyBridge_shed_eval/experiments/real_data/germany_2025_price.csv,7.4937,7.4937,1.0,1.0,4.072,1.0,1.0,"['dishwasher', 'dryer', 'ev', 'washer', 'water_heater']",[],[]
household_s3_hybrid_work_from_home,household_s3_hybrid_work_from_home,EnergyBridge,Germany,1,2025-07-19,d19_hist_d19_1,hist_d19_1,19,/home/hku_user3/EnergyBridge_shed_eval/experiments/real_data/germany_2025_price.csv,18.0,1.0,benchmark_results/july_pilot_2026-07-20/2026-07-20/_batch_logs/daily_event_configs/d19_hist_d19_1.json,completed,0,145.4,benchmark_results/july_pilot_2026-07-20/2026-07-20/household_s3_hybrid_work_from_home_EnergyBridge_germany_d19_hist_d19_1_2025-07-19_1day,benchmark_results/july_pilot_2026-07-20/2026-07-20/_batch_logs/daily_dr_memory_germany_1day/household_s3_hybrid_work_from_home_EnergyBridge_germany_d19_hist_d19_1_2025-07-19_1day.log,benchmark_results/july_pilot_2026-07-20/2026-07-20/household_s3_hybrid_work_from_home_EnergyBridge_germany_d19_hist_d19_1_2025-07-19_1day/run_summary.txt,0,72.0312,72.0312,14.04113,0.074962,EUR/kWh,/home/hku_user3/EnergyBridge_shed_eval/experiments/real_data/germany_2025_price.csv,8.1374,8.1374,0.0,0.0,2.683,1.0,1.0,"['dishwasher', 'dryer', 'ev', 'washer', 'water_heater']",[],[]
household_s4_ev_commuter_flexible,household_s4_ev_commuter_flexible,EnergyBridge,Germany,1,2025-07-19,d19_hist_d19_1,hist_d19_1,19,/home/hku_user3/EnergyBridge_shed_eval/experiments/real_data/germany_2025_price.csv,18.0,1.0,benchmark_results/july_pilot_2026-07-20/2026-07-20/_batch_logs/daily_event_configs/d19_hist_d19_1.json,completed,0,152.3,benchmark_results/july_pilot_2026-07-20/2026-07-20/household_s4_ev_commuter_flexible_EnergyBridge_germany_d19_hist_d19_1_2025-07-19_1day,benchmark_results/july_pilot_2026-07-20/2026-07-20/_batch_logs/daily_dr_memory_germany_1day/household_s4_ev_commuter_flexible_EnergyBridge_germany_d19_hist_d19_1_2025-07-19_1day.log,benchmark_results/july_pilot_2026-07-20/2026-07-20/household_s4_ev_commuter_flexible_EnergyBridge_germany_d19_hist_d19_1_2025-07-19_1day/run_summary.txt,0,77.548868,77.548868,14.594316,0.076211,EUR/kWh,/home/hku_user3/EnergyBridge_shed_eval/experiments/real_data/germany_2025_price.csv,7.3631,7.3631,1.0,1.0,4.35,1.0,1.0,"['dishwasher', 'dryer', 'ev', 'washer', 'water_heater']",[],[]
household_s2_multigeneration_caregiver,household_s2_multigeneration_caregiver,EnergyBridge,Germany,1,2025-07-19,d19_hist_d19_1,hist_d19_1,19,/home/hku_user3/EnergyBridge_shed_eval/experiments/real_data/germany_2025_price.csv,18.0,1.0,benchmark_results/july_pilot_2026-07-20/2026-07-20/_batch_logs/daily_event_configs/d19_hist_d19_1.json,completed,0,219.8,benchmark_results/july_pilot_2026-07-20/2026-07-20/household_s2_multigeneration_caregiver_EnergyBridge_germany_d19_hist_d19_1_2025-07-19_1day,benchmark_results/july_pilot_2026-07-20/2026-07-20/_batch_logs/daily_dr_memory_germany_1day/household_s2_multigeneration_caregiver_EnergyBridge_germany_d19_hist_d19_1_2025-07-19_1day.log,benchmark_results/july_pilot_2026-07-20/2026-07-20/household_s2_multigeneration_caregiver_EnergyBridge_germany_d19_hist_d19_1_2025-07-19_1day/run_summary.txt,0,68.546087,68.546087,13.729492,0.073941,EUR/kWh,/home/hku_user3/EnergyBridge_shed_eval/experiments/real_data/germany_2025_price.csv,6.993,6.993,1.0,1.0,4.134,1.0,1.0,"['dishwasher', 'dryer', 'ev', 'washer', 'water_heater']",[],[]
household_s1_dual_commuter_standard,household_s1_dual_commuter_standard,EnergyBridge,Tianjin,1,2025-07-19,d19_hist_d19_1,hist_d19_1,19,/home/hku_user3/EnergyBridge_shed_eval/experiments/real_data/tianjin_tou_price_normalized.csv,18.0,1.0,benchmark_results/july_pilot_2026-07-20/2026-07-20/_batch_logs/daily_event_configs/d19_hist_d19_1.json,completed,0,133.4,benchmark_results/july_pilot_2026-07-20/2026-07-20/household_s1_dual_commuter_standard_EnergyBridge_tianjin_d19_hist_d19_1_2025-07-19_1day,benchmark_results/july_pilot_2026-07-20/2026-07-20/_batch_logs/daily_dr_memory_tianjin_1day/household_s1_dual_commuter_standard_EnergyBridge_tianjin_d19_hist_d19_1_2025-07-19_1day.log,benchmark_results/july_pilot_2026-07-20/2026-07-20/household_s1_dual_commuter_standard_EnergyBridge_tianjin_d19_hist_d19_1_2025-07-19_1day/run_summary.txt,0,86.785359,86.785359,63.2103,1.084261,normalized TOU cost/kWh,/home/hku_user3/EnergyBridge_shed_eval/experiments/real_data/tianjin_tou_price_normalized.csv,1.8801,1.8801,1.0,1.0,4.072,1.0,1.0,"['dishwasher', 'dryer', 'ev', 'washer', 'water_heater']",[],[]
household_s2_multigeneration_caregiver,household_s2_multigeneration_caregiver,EnergyBridge,Tianjin,1,2025-07-19,d19_hist_d19_1,hist_d19_1,19,/home/hku_user3/EnergyBridge_shed_eval/experiments/real_data/tianjin_tou_price_normalized.csv,18.0,1.0,benchmark_results/july_pilot_2026-07-20/2026-07-20/_batch_logs/daily_event_configs/d19_hist_d19_1.json,completed,0,138.7,benchmark_results/july_pilot_2026-07-20/2026-07-20/household_s2_multigeneration_caregiver_EnergyBridge_tianjin_d19_hist_d19_1_2025-07-19_1day,benchmark_results/july_pilot_2026-07-20/2026-07-20/_batch_logs/daily_dr_memory_tianjin_1day/household_s2_multigeneration_caregiver_EnergyBridge_tianjin_d19_hist_d19_1_2025-07-19_1day.log,benchmark_results/july_pilot_2026-07-20/2026-07-20/household_s2_multigeneration_caregiver_EnergyBridge_tianjin_d19_hist_d19_1_2025-07-19_1day/run_summary.txt,0,75.44712,75.44712,63.204884,1.15069,normalized TOU cost/kWh,/home/hku_user3/EnergyBridge_shed_eval/experiments/real_data/tianjin_tou_price_normalized.csv,1.5718,1.5718,1.0,1.0,4.134,1.0,1.0,"['dishwasher', 'dryer', 'ev', 'washer', 'water_heater']",[],[]
household_s3_hybrid_work_from_home,household_s3_hybrid_work_from_home,EnergyBridge,Tianjin,1,2025-07-19,d19_hist_d19_1,hist_d19_1,19,/home/hku_user3/EnergyBridge_shed_eval/experiments/real_data/tianjin_tou_price_normalized.csv,18.0,1.0,benchmark_results/july_pilot_2026-07-20/2026-07-20/_batch_logs/daily_event_configs/d19_hist_d19_1.json,completed,0,146.8,benchmark_results/july_pilot_2026-07-20/2026-07-20/household_s3_hybrid_work_from_home_EnergyBridge_tianjin_d19_hist_d19_1_2025-07-19_1day,benchmark_results/july_pilot_2026-07-20/2026-07-20/_batch_logs/daily_dr_memory_tianjin_1day/household_s3_hybrid_work_from_home_EnergyBridge_tianjin_d19_hist_d19_1_2025-07-19_1day.log,benchmark_results/july_pilot_2026-07-20/2026-07-20/household_s3_hybrid_work_from_home_EnergyBridge_tianjin_d19_hist_d19_1_2025-07-19_1day/run_summary.txt,0,77.580748,77.580748,61.802775,1.101551,normalized TOU cost/kWh,/home/hku_user3/EnergyBridge_shed_eval/experiments/real_data/tianjin_tou_price_normalized.csv,2.8821,2.8821,0.0,0.0,2.683,1.0,1.0,"['dishwasher', 'dryer', 'ev', 'washer', 'water_heater']",[],[]
household_s5_shared_roommates_irregular,household_s5_shared_roommates_irregular,EnergyBridge,Germany,1,2025-07-19,d19_hist_d19_1,hist_d19_1,19,/home/hku_user3/EnergyBridge_shed_eval/experiments/real_data/germany_2025_price.csv,18.0,1.0,benchmark_results/july_pilot_2026-07-20/2026-07-20/_batch_logs/daily_event_configs/d19_hist_d19_1.json,completed,0,239.1,benchmark_results/july_pilot_2026-07-20/2026-07-20/household_s5_shared_roommates_irregular_EnergyBridge_germany_d19_hist_d19_1_2025-07-19_1day,benchmark_results/july_pilot_2026-07-20/2026-07-20/_batch_logs/daily_dr_memory_germany_1day/household_s5_shared_roommates_irregular_EnergyBridge_germany_d19_hist_d19_1_2025-07-19_1day.log,benchmark_results/july_pilot_2026-07-20/2026-07-20/household_s5_shared_roommates_irregular_EnergyBridge_germany_d19_hist_d19_1_2025-07-19_1day/run_summary.txt,0,68.801042,68.801042,13.940578,0.07532,EUR/kWh,/home/hku_user3/EnergyBridge_shed_eval/experiments/real_data/germany_2025_price.csv,7.3631,7.3631,1.0,1.0,4.098,1.0,1.0,"['dishwasher', 'dryer', 'ev', 'washer', 'water_heater']",[],[]
household_s4_ev_commuter_flexible,household_s4_ev_commuter_flexible,EnergyBridge,Tianjin,1,2025-07-19,d19_hist_d19_1,hist_d19_1,19,/home/hku_user3/EnergyBridge_shed_eval/experiments/real_data/tianjin_tou_price_normalized.csv,18.0,1.0,benchmark_results/july_pilot_2026-07-20/2026-07-20/_batch_logs/daily_event_configs/d19_hist_d19_1.json,completed,0,168.5,benchmark_results/july_pilot_2026-07-20/2026-07-20/household_s4_ev_commuter_flexible_EnergyBridge_tianjin_d19_hist_d19_1_2025-07-19_1day,benchmark_results/july_pilot_2026-07-20/2026-07-20/_batch_logs/daily_dr_memory_tianjin_1day/household_s4_ev_commuter_flexible_EnergyBridge_tianjin_d19_hist_d19_1_2025-07-19_1day.log,benchmark_results/july_pilot_2026-07-20/2026-07-20/household_s4_ev_commuter_flexible_EnergyBridge_tianjin_d19_hist_d19_1_2025-07-19_1day/run_summary.txt,0,83.573179,83.573179,65.322281,1.072403,normalized TOU cost/kWh,/home/hku_user3/EnergyBridge_shed_eval/experiments/real_data/tianjin_tou_price_normalized.csv,1.8372,1.8372,1.0,1.0,4.605,1.0,1.0,"['dishwasher', 'dryer', 'ev', 'washer', 'water_heater']",[],[]
household_s5_shared_roommates_irregular,household_s5_shared_roommates_irregular,EnergyBridge,Tianjin,1,2025-07-19,d19_hist_d19_1,hist_d19_1,19,/home/hku_user3/EnergyBridge_shed_eval/experiments/real_data/tianjin_tou_price_normalized.csv,18.0,1.0,benchmark_results/july_pilot_2026-07-20/2026-07-20/_batch_logs/daily_event_configs/d19_hist_d19_1.json,completed,0,232.2,benchmark_results/july_pilot_2026-07-20/2026-07-20/household_s5_shared_roommates_irregular_EnergyBridge_tianjin_d19_hist_d19_1_2025-07-19_1day,benchmark_results/july_pilot_2026-07-20/2026-07-20/_batch_logs/daily_dr_memory_tianjin_1day/household_s5_shared_roommates_irregular_EnergyBridge_tianjin_d19_hist_d19_1_2025-07-19_1day.log,benchmark_results/july_pilot_2026-07-20/2026-07-20/household_s5_shared_roommates_irregular_EnergyBridge_tianjin_d19_hist_d19_1_2025-07-19_1day/run_summary.txt,0,80.169029,80.169029,59.136776,1.092961,normalized TOU cost/kWh,/home/hku_user3/EnergyBridge_shed_eval/experiments/real_data/tianjin_tou_price_normalized.csv,1.6713,1.6713,1.0,1.0,4.075,1.0,1.0,"['dishwasher', 'dryer', 'ev', 'washer', 'water_heater']",[],[]
household_s2_multigeneration_caregiver,household_s2_multigeneration_caregiver,EnergyBridge,Germany,1,2025-07-20,d20_hist_d20_1,hist_d20_1,20,/home/hku_user3/EnergyBridge_shed_eval/experiments/real_data/germany_2025_price.csv,18.0,1.0,benchmark_results/july_pilot_2026-07-20/2026-07-20/_batch_logs/daily_event_configs/d20_hist_d20_1.json,completed,0,198.3,benchmark_results/july_pilot_2026-07-20/2026-07-20/household_s2_multigeneration_caregiver_EnergyBridge_germany_d20_hist_d20_1_2025-07-20_1day,benchmark_results/july_pilot_2026-07-20/2026-07-20/_batch_logs/daily_dr_memory_germany_1day/household_s2_multigeneration_caregiver_EnergyBridge_germany_d20_hist_d20_1_2025-07-20_1day.log,benchmark_results/july_pilot_2026-07-20/2026-07-20/household_s2_multigeneration_caregiver_EnergyBridge_germany_d20_hist_d20_1_2025-07-20_1day/run_summary.txt,0,65.886385,65.886385,14.566656,0.076586,EUR/kWh,/home/hku_user3/EnergyBridge_shed_eval/experiments/real_data/germany_2025_price.csv,6.4142,6.4142,1.0,1.0,4.246,1.0,1.0,"['dishwasher', 'dryer', 'ev', 'washer', 'water_heater']",[],[]
household_s3_hybrid_work_from_home,household_s3_hybrid_work_from_home,EnergyBridge,Germany,1,2025-07-20,d20_hist_d20_1,hist_d20_1,20,/home/hku_user3/EnergyBridge_shed_eval/experiments/real_data/germany_2025_price.csv,18.0,1.0,benchmark_results/july_pilot_2026-07-20/2026-07-20/_batch_logs/daily_event_configs/d20_hist_d20_1.json,completed,0,160.8,benchmark_results/july_pilot_2026-07-20/2026-07-20/household_s3_hybrid_work_from_home_EnergyBridge_germany_d20_hist_d20_1_2025-07-20_1day,benchmark_results/july_pilot_2026-07-20/2026-07-20/_batch_logs/daily_dr_memory_germany_1day/household_s3_hybrid_work_from_home_EnergyBridge_germany_d20_hist_d20_1_2025-07-20_1day.log,benchmark_results/july_pilot_2026-07-20/2026-07-20/household_s3_hybrid_work_from_home_EnergyBridge_germany_d20_hist_d20_1_2025-07-20_1day/run_summary.txt,0,65.507831,65.507831,15.08037,0.077862,EUR/kWh,/home/hku_user3/EnergyBridge_shed_eval/experiments/real_data/germany_2025_price.csv,6.2639,6.2639,1.0,1.0,4.15,1.0,1.0,"['dishwasher', 'dryer', 'ev', 'washer', 'water_heater']",[],[]
household_s1_dual_commuter_standard,household_s1_dual_commuter_standard,EnergyBridge,Germany,1,2025-07-20,d20_hist_d20_1,hist_d20_1,20,/home/hku_user3/EnergyBridge_shed_eval/experiments/real_data/germany_2025_price.csv,18.0,1.0,benchmark_results/july_pilot_2026-07-20/2026-07-20/_batch_logs/daily_event_configs/d20_hist_d20_1.json,completed,0,254.5,benchmark_results/july_pilot_2026-07-20/2026-07-20/household_s1_dual_commuter_standard_EnergyBridge_germany_d20_hist_d20_1_2025-07-20_1day,benchmark_results/july_pilot_2026-07-20/2026-07-20/_batch_logs/daily_dr_memory_germany_1day/household_s1_dual_commuter_standard_EnergyBridge_germany_d20_hist_d20_1_2025-07-20_1day.log,benchmark_results/july_pilot_2026-07-20/2026-07-20/household_s1_dual_commuter_standard_EnergyBridge_germany_d20_hist_d20_1_2025-07-20_1day/run_summary.txt,0,71.974799,71.974799,15.448039,0.078502,EUR/kWh,/home/hku_user3/EnergyBridge_shed_eval/experiments/real_data/germany_2025_price.csv,6.7282,6.7282,1.0,1.0,4.072,1.0,1.0,"['dishwasher', 'dryer', 'ev', 'washer', 'water_heater']",[],[]
household_s1_dual_commuter_standard,household_s1_dual_commuter_standard,EnergyBridge,Tianjin,1,2025-07-20,d20_hist_d20_1,hist_d20_1,20,/home/hku_user3/EnergyBridge_shed_eval/experiments/real_data/tianjin_tou_price_normalized.csv,18.0,1.0,benchmark_results/july_pilot_2026-07-20/2026-07-20/_batch_logs/daily_event_configs/d20_hist_d20_1.json,completed,0,148.9,benchmark_results/july_pilot_2026-07-20/2026-07-20/household_s1_dual_commuter_standard_EnergyBridge_tianjin_d20_hist_d20_1_2025-07-20_1day,benchmark_results/july_pilot_2026-07-20/2026-07-20/_batch_logs/daily_dr_memory_tianjin_1day/household_s1_dual_commuter_standard_EnergyBridge_tianjin_d20_hist_d20_1_2025-07-20_1day.log,benchmark_results/july_pilot_2026-07-20/2026-07-20/household_s1_dual_commuter_standard_EnergyBridge_tianjin_d20_hist_d20_1_2025-07-20_1day/run_summary.txt,0,76.22465,76.22465,66.077598,1.148018,normalized TOU cost/kWh,/home/hku_user3/EnergyBridge_shed_eval/experiments/real_data/tianjin_tou_price_normalized.csv,0.7563,0.7563,1.0,1.0,4.072,1.0,1.0,"['dishwasher', 'dryer', 'ev', 'washer', 'water_heater']",[],[]
household_s2_multigeneration_caregiver,household_s2_multigeneration_caregiver,EnergyBridge,Tianjin,1,2025-07-20,d20_hist_d20_1,hist_d20_1,20,/home/hku_user3/EnergyBridge_shed_eval/experiments/real_data/tianjin_tou_price_normalized.csv,18.0,1.0,benchmark_results/july_pilot_2026-07-20/2026-07-20/_batch_logs/daily_event_configs/d20_hist_d20_1.json,completed,0,150.0,benchmark_results/july_pilot_2026-07-20/2026-07-20/household_s2_multigeneration_caregiver_EnergyBridge_tianjin_d20_hist_d20_1_2025-07-20_1day,benchmark_results/july_pilot_2026-07-20/2026-07-20/_batch_logs/daily_dr_memory_tianjin_1day/household_s2_multigeneration_caregiver_EnergyBridge_tianjin_d20_hist_d20_1_2025-07-20_1day.log,benchmark_results/july_pilot_2026-07-20/2026-07-20/household_s2_multigeneration_caregiver_EnergyBridge_tianjin_d20_hist_d20_1_2025-07-20_1day/run_summary.txt,0,63.678881,63.678881,61.600665,1.177079,normalized TOU cost/kWh,/home/hku_user3/EnergyBridge_shed_eval/experiments/real_data/tianjin_tou_price_normalized.csv,0.8128,0.8128,1.0,1.0,4.238,1.0,1.0,"['dishwasher', 'dryer', 'ev', 'washer', 'water_heater']",[],[]
household_s3_hybrid_work_from_home,household_s3_hybrid_work_from_home,EnergyBridge,Tianjin,1,2025-07-20,d20_hist_d20_1,hist_d20_1,20,/home/hku_user3/EnergyBridge_shed_eval/experiments/real_data/tianjin_tou_price_normalized.csv,18.0,1.0,benchmark_results/july_pilot_2026-07-20/2026-07-20/_batch_logs/daily_event_configs/d20_hist_d20_1.json,completed,0,133.3,benchmark_results/july_pilot_2026-07-20/2026-07-20/household_s3_hybrid_work_from_home_EnergyBridge_tianjin_d20_hist_d20_1_2025-07-20_1day,benchmark_results/july_pilot_2026-07-20/2026-07-20/_batch_logs/daily_dr_memory_tianjin_1day/household_s3_hybrid_work_from_home_EnergyBridge_tianjin_d20_hist_d20_1_2025-07-20_1day.log,benchmark_results/july_pilot_2026-07-20/2026-07-20/household_s3_hybrid_work_from_home_EnergyBridge_tianjin_d20_hist_d20_1_2025-07-20_1day/run_summary.txt,0,67.198093,67.198093,64.492143,1.167346,normalized TOU cost/kWh,/home/hku_user3/EnergyBridge_shed_eval/experiments/real_data/tianjin_tou_price_normalized.csv,0.6483,0.6483,1.0,1.0,4.367,1.0,1.0,"['dishwasher', 'dryer', 'ev', 'washer', 'water_heater']",[],[]
household_s4_ev_commuter_flexible,household_s4_ev_commuter_flexible,EnergyBridge,Germany,1,2025-07-20,d20_hist_d20_1,hist_d20_1,20,/home/hku_user3/EnergyBridge_shed_eval/experiments/real_data/germany_2025_price.csv,18.0,1.0,benchmark_results/july_pilot_2026-07-20/2026-07-20/_batch_logs/daily_event_configs/d20_hist_d20_1.json,completed,0,336.2,benchmark_results/july_pilot_2026-07-20/2026-07-20/household_s4_ev_commuter_flexible_EnergyBridge_germany_d20_hist_d20_1_2025-07-20_1day,benchmark_results/july_pilot_2026-07-20/2026-07-20/_batch_logs/daily_dr_memory_germany_1day/household_s4_ev_commuter_flexible_EnergyBridge_germany_d20_hist_d20_1_2025-07-20_1day.log,benchmark_results/july_pilot_2026-07-20/2026-07-20/household_s4_ev_commuter_flexible_EnergyBridge_germany_d20_hist_d20_1_2025-07-20_1day/run_summary.txt,0,75.759007,75.759007,15.903549,0.079213,EUR/kWh,/home/hku_user3/EnergyBridge_shed_eval/experiments/real_data/germany_2025_price.csv,6.6004,6.6004,1.0,1.0,4.325,1.0,1.0,"['dishwasher', 'dryer', 'ev', 'washer', 'water_heater']",[],[]
household_s5_shared_roommates_irregular,household_s5_shared_roommates_irregular,EnergyBridge,Germany,1,2025-07-20,d20_hist_d20_1,hist_d20_1,20,/home/hku_user3/EnergyBridge_shed_eval/experiments/real_data/germany_2025_price.csv,18.0,1.0,benchmark_results/july_pilot_2026-07-20/2026-07-20/_batch_logs/daily_event_configs/d20_hist_d20_1.json,completed,0,264.7,benchmark_results/july_pilot_2026-07-20/2026-07-20/household_s5_shared_roommates_irregular_EnergyBridge_germany_d20_hist_d20_1_2025-07-20_1day,benchmark_results/july_pilot_2026-07-20/2026-07-20/_batch_logs/daily_dr_memory_germany_1day/household_s5_shared_roommates_irregular_EnergyBridge_germany_d20_hist_d20_1_2025-07-20_1day.log,benchmark_results/july_pilot_2026-07-20/2026-07-20/household_s5_shared_roommates_irregular_EnergyBridge_germany_d20_hist_d20_1_2025-07-20_1day/run_summary.txt,0,68.972786,68.972786,14.579108,0.077547,EUR/kWh,/home/hku_user3/EnergyBridge_shed_eval/experiments/real_data/germany_2025_price.csv,8.1153,8.1153,0.0,0.0,2.663,1.0,1.0,"['dishwasher', 'dryer', 'ev', 'washer', 'water_heater']",[],[]
household_s4_ev_commuter_flexible,household_s4_ev_commuter_flexible,EnergyBridge,Tianjin,1,2025-07-20,d20_hist_d20_1,hist_d20_1,20,/home/hku_user3/EnergyBridge_shed_eval/experiments/real_data/tianjin_tou_price_normalized.csv,18.0,1.0,benchmark_results/july_pilot_2026-07-20/2026-07-20/_batch_logs/daily_event_configs/d20_hist_d20_1.json,completed,0,161.2,benchmark_results/july_pilot_2026-07-20/2026-07-20/household_s4_ev_commuter_flexible_EnergyBridge_tianjin_d20_hist_d20_1_2025-07-20_1day,benchmark_results/july_pilot_2026-07-20/2026-07-20/_batch_logs/daily_dr_memory_tianjin_1day/household_s4_ev_commuter_flexible_EnergyBridge_tianjin_d20_hist_d20_1_2025-07-20_1day.log,benchmark_results/july_pilot_2026-07-20/2026-07-20/household_s4_ev_commuter_flexible_EnergyBridge_tianjin_d20_hist_d20_1_2025-07-20_1day/run_summary.txt,0,74.397389,74.397389,68.592681,1.120409,normalized TOU cost/kWh,/home/hku_user3/EnergyBridge_shed_eval/experiments/real_data/tianjin_tou_price_normalized.csv,0.6375,0.6375,1.0,1.0,4.278,1.0,1.0,"['dishwasher', 'dryer', 'ev', 'washer', 'water_heater']",[],[]
household_s5_shared_roommates_irregular,household_s5_shared_roommates_irregular,EnergyBridge,Tianjin,1,2025-07-20,d20_hist_d20_1,hist_d20_1,20,/home/hku_user3/EnergyBridge_shed_eval/experiments/real_data/tianjin_tou_price_normalized.csv,18.0,1.0,benchmark_results/july_pilot_2026-07-20/2026-07-20/_batch_logs/daily_event_configs/d20_hist_d20_1.json,completed,0,172.5,benchmark_results/july_pilot_2026-07-20/2026-07-20/household_s5_shared_roommates_irregular_EnergyBridge_tianjin_d20_hist_d20_1_2025-07-20_1day,benchmark_results/july_pilot_2026-07-20/2026-07-20/_batch_logs/daily_dr_memory_tianjin_1day/household_s5_shared_roommates_irregular_EnergyBridge_tianjin_d20_hist_d20_1_2025-07-20_1day.log,benchmark_results/july_pilot_2026-07-20/2026-07-20/household_s5_shared_roommates_irregular_EnergyBridge_tianjin_d20_hist_d20_1_2025-07-20_1day/run_summary.txt,0,70.899466,70.899466,55.991954,1.110921,normalized TOU cost/kWh,/home/hku_user3/EnergyBridge_shed_eval/experiments/real_data/tianjin_tou_price_normalized.csv,2.2367,2.2367,0.0,0.0,2.663,1.0,1.0,"['dishwasher', 'dryer', 'ev', 'washer', 'water_heater']",[],[]
household_s1_dual_commuter_standard,household_s1_dual_commuter_standard,EnergyBridge,Germany,1,2025-07-21,d21_hist_d21_1_patched,hist_d21_1_patched,21,/home/hku_user3/EnergyBridge_shed_eval/experiments/real_data/germany_2025_price.csv,18.0,1.0,benchmark_results/july_pilot_2026-07-20/2026-07-20/_batch_logs/daily_event_configs/d21_hist_d21_1_patched.json,completed,0,171.0,benchmark_results/july_pilot_2026-07-20/2026-07-20/household_s1_dual_commuter_standard_EnergyBridge_germany_d21_hist_d21_1_patched_2025-07-21_1day,benchmark_results/july_pilot_2026-07-20/2026-07-20/_batch_logs/daily_dr_memory_germany_1day/household_s1_dual_commuter_standard_EnergyBridge_germany_d21_hist_d21_1_patched_2025-07-21_1day.log,benchmark_results/july_pilot_2026-07-20/2026-07-20/household_s1_dual_commuter_standard_EnergyBridge_germany_d21_hist_d21_1_patched_2025-07-21_1day/run_summary.txt,0,59.433057,59.433057,18.423586,0.101987,EUR/kWh,/home/hku_user3/EnergyBridge_shed_eval/experiments/real_data/germany_2025_price.csv,7.5197,7.5197,0.0,0.0,2.662,1.0,1.0,"['dishwasher', 'dryer', 'ev', 'washer', 'water_heater']",[],[]
household_s2_multigeneration_caregiver,household_s2_multigeneration_caregiver,EnergyBridge,Germany,1,2025-07-21,d21_hist_d21_1_patched,hist_d21_1_patched,21,/home/hku_user3/EnergyBridge_shed_eval/experiments/real_data/germany_2025_price.csv,18.0,1.0,benchmark_results/july_pilot_2026-07-20/2026-07-20/_batch_logs/daily_event_configs/d21_hist_d21_1_patched.json,completed,0,174.9,benchmark_results/july_pilot_2026-07-20/2026-07-20/household_s2_multigeneration_caregiver_EnergyBridge_germany_d21_hist_d21_1_patched_2025-07-21_1day,benchmark_results/july_pilot_2026-07-20/2026-07-20/_batch_logs/daily_dr_memory_germany_1day/household_s2_multigeneration_caregiver_EnergyBridge_germany_d21_hist_d21_1_patched_2025-07-21_1day.log,benchmark_results/july_pilot_2026-07-20/2026-07-20/household_s2_multigeneration_caregiver_EnergyBridge_germany_d21_hist_d21_1_patched_2025-07-21_1day/run_summary.txt,0,47.317336,47.317336,18.036002,0.101891,EUR/kWh,/home/hku_user3/EnergyBridge_shed_eval/experiments/real_data/germany_2025_price.csv,6.2451,6.2451,1.0,1.0,4.522,1.0,1.0,"['dishwasher', 'dryer', 'ev', 'washer', 'water_heater']",[],[]
household_s3_hybrid_work_from_home,household_s3_hybrid_work_from_home,EnergyBridge,Germany,1,2025-07-21,d21_hist_d21_1_patched,hist_d21_1_patched,21,/home/hku_user3/EnergyBridge_shed_eval/experiments/real_data/germany_2025_price.csv,18.0,1.0,benchmark_results/july_pilot_2026-07-20/2026-07-20/_batch_logs/daily_event_configs/d21_hist_d21_1_patched.json,completed,0,152.4,benchmark_results/july_pilot_2026-07-20/2026-07-20/household_s3_hybrid_work_from_home_EnergyBridge_germany_d21_hist_d21_1_patched_2025-07-21_1day,benchmark_results/july_pilot_2026-07-20/2026-07-20/_batch_logs/daily_dr_memory_germany_1day/household_s3_hybrid_work_from_home_EnergyBridge_germany_d21_hist_d21_1_patched_2025-07-21_1day.log,benchmark_results/july_pilot_2026-07-20/2026-07-20/household_s3_hybrid_work_from_home_EnergyBridge_germany_d21_hist_d21_1_patched_2025-07-21_1day/run_summary.txt,0,50.919972,50.919972,18.339432,0.101806,EUR/kWh,/home/hku_user3/EnergyBridge_shed_eval/experiments/real_data/germany_2025_price.csv,6.132,6.132,1.0,1.0,4.367,1.0,1.0,"['dishwasher', 'dryer', 'ev', 'washer', 'water_heater']",[],[]
household_s4_ev_commuter_flexible,household_s4_ev_commuter_flexible,EnergyBridge,Germany,1,2025-07-21,d21_hist_d21_1_patched,hist_d21_1_patched,21,/home/hku_user3/EnergyBridge_shed_eval/experiments/real_data/germany_2025_price.csv,18.0,1.0,benchmark_results/july_pilot_2026-07-20/2026-07-20/_batch_logs/daily_event_configs/d21_hist_d21_1_patched.json,completed,0,133.6,benchmark_results/july_pilot_2026-07-20/2026-07-20/household_s4_ev_commuter_flexible_EnergyBridge_germany_d21_hist_d21_1_patched_2025-07-21_1day,benchmark_results/july_pilot_2026-07-20/2026-07-20/_batch_logs/daily_dr_memory_germany_1day/household_s4_ev_commuter_flexible_EnergyBridge_germany_d21_hist_d21_1_patched_2025-07-21_1day.log,benchmark_results/july_pilot_2026-07-20/2026-07-20/household_s4_ev_commuter_flexible_EnergyBridge_germany_d21_hist_d21_1_patched_2025-07-21_1day/run_summary.txt,0,62.727457,62.727457,19.020133,0.101524,EUR/kWh,/home/hku_user3/EnergyBridge_shed_eval/experiments/real_data/germany_2025_price.csv,6.1183,6.1183,1.0,1.0,4.35,1.0,1.0,"['dishwasher', 'dryer', 'ev', 'washer', 'water_heater']",[],[]
household_s1_dual_commuter_standard,household_s1_dual_commuter_standard,EnergyBridge,Tianjin,1,2025-07-21,d21_hist_d21_1_patched,hist_d21_1_patched,21,/home/hku_user3/EnergyBridge_shed_eval/experiments/real_data/tianjin_tou_price_normalized.csv,18.0,1.0,benchmark_results/july_pilot_2026-07-20/2026-07-20/_batch_logs/daily_event_configs/d21_hist_d21_1_patched.json,completed,0,140.6,benchmark_results/july_pilot_2026-07-20/2026-07-20/household_s1_dual_commuter_standard_EnergyBridge_tianjin_d21_hist_d21_1_patched_2025-07-21_1day,benchmark_results/july_pilot_2026-07-20/2026-07-20/_batch_logs/daily_dr_memory_tianjin_1day/household_s1_dual_commuter_standard_EnergyBridge_tianjin_d21_hist_d21_1_patched_2025-07-21_1day.log,benchmark_results/july_pilot_2026-07-20/2026-07-20/household_s1_dual_commuter_standard_EnergyBridge_tianjin_d21_hist_d21_1_patched_2025-07-21_1day/run_summary.txt,0,59.241712,59.241712,56.79064,1.090244,normalized TOU cost/kWh,/home/hku_user3/EnergyBridge_shed_eval/experiments/real_data/tianjin_tou_price_normalized.csv,1.6879,1.6879,0.0,0.0,2.662,1.0,1.0,"['dishwasher', 'dryer', 'ev', 'washer', 'water_heater']",[],[]
household_s2_multigeneration_caregiver,household_s2_multigeneration_caregiver,EnergyBridge,Tianjin,1,2025-07-21,d21_hist_d21_1_patched,hist_d21_1_patched,21,/home/hku_user3/EnergyBridge_shed_eval/experiments/real_data/tianjin_tou_price_normalized.csv,18.0,1.0,benchmark_results/july_pilot_2026-07-20/2026-07-20/_batch_logs/daily_event_configs/d21_hist_d21_1_patched.json,completed,0,160.6,benchmark_results/july_pilot_2026-07-20/2026-07-20/household_s2_multigeneration_caregiver_EnergyBridge_tianjin_d21_hist_d21_1_patched_2025-07-21_1day,benchmark_results/july_pilot_2026-07-20/2026-07-20/_batch_logs/daily_dr_memory_tianjin_1day/household_s2_multigeneration_caregiver_EnergyBridge_tianjin_d21_hist_d21_1_patched_2025-07-21_1day.log,benchmark_results/july_pilot_2026-07-20/2026-07-20/household_s2_multigeneration_caregiver_EnergyBridge_tianjin_d21_hist_d21_1_patched_2025-07-21_1day/run_summary.txt,0,50.31526,50.31526,53.406011,1.132195,normalized TOU cost/kWh,/home/hku_user3/EnergyBridge_shed_eval/experiments/real_data/tianjin_tou_price_normalized.csv,0.5489,0.5489,1.0,1.0,4.296,1.0,1.0,"['dishwasher', 'dryer', 'ev', 'washer', 'water_heater']",[],[]
household_s5_shared_roommates_irregular,household_s5_shared_roommates_irregular,EnergyBridge,Germany,1,2025-07-21,d21_hist_d21_1_patched,hist_d21_1_patched,21,/home/hku_user3/EnergyBridge_shed_eval/experiments/real_data/germany_2025_price.csv,18.0,1.0,benchmark_results/july_pilot_2026-07-20/2026-07-20/_batch_logs/daily_event_configs/d21_hist_d21_1_patched.json,completed,0,202.6,benchmark_results/july_pilot_2026-07-20/2026-07-20/household_s5_shared_roommates_irregular_EnergyBridge_germany_d21_hist_d21_1_patched_2025-07-21_1day,benchmark_results/july_pilot_2026-07-20/2026-07-20/_batch_logs/daily_dr_memory_germany_1day/household_s5_shared_roommates_irregular_EnergyBridge_germany_d21_hist_d21_1_patched_2025-07-21_1day.log,benchmark_results/july_pilot_2026-07-20/2026-07-20/household_s5_shared_roommates_irregular_EnergyBridge_germany_d21_hist_d21_1_patched_2025-07-21_1day/run_summary.txt,0,51.554345,51.554345,18.211632,0.101827,EUR/kWh,/home/hku_user3/EnergyBridge_shed_eval/experiments/real_data/germany_2025_price.csv,6.1172,6.1172,1.0,1.0,4.098,1.0,1.0,"['dishwasher', 'dryer', 'ev', 'washer', 'water_heater']",[],[]
household_s3_hybrid_work_from_home,household_s3_hybrid_work_from_home,EnergyBridge,Tianjin,1,2025-07-21,d21_hist_d21_1_patched,hist_d21_1_patched,21,/home/hku_user3/EnergyBridge_shed_eval/experiments/real_data/tianjin_tou_price_normalized.csv,18.0,1.0,benchmark_results/july_pilot_2026-07-20/2026-07-20/_batch_logs/daily_event_configs/d21_hist_d21_1_patched.json,completed,0,178.0,benchmark_results/july_pilot_2026-07-20/2026-07-20/household_s3_hybrid_work_from_home_EnergyBridge_tianjin_d21_hist_d21_1_patched_2025-07-21_1day,benchmark_results/july_pilot_2026-07-20/2026-07-20/_batch_logs/daily_dr_memory_tianjin_1day/household_s3_hybrid_work_from_home_EnergyBridge_tianjin_d21_hist_d21_1_patched_2025-07-21_1day.log,benchmark_results/july_pilot_2026-07-20/2026-07-20/household_s3_hybrid_work_from_home_EnergyBridge_tianjin_d21_hist_d21_1_patched_2025-07-21_1day/run_summary.txt,0,52.875218,52.875218,56.78218,1.121745,normalized TOU cost/kWh,/home/hku_user3/EnergyBridge_shed_eval/experiments/real_data/tianjin_tou_price_normalized.csv,0.442,0.442,1.0,1.0,4.367,1.0,1.0,"['dishwasher', 'dryer', 'ev', 'washer', 'water_heater']",[],[]
household_s4_ev_commuter_flexible,household_s4_ev_commuter_flexible,EnergyBridge,Tianjin,1,2025-07-21,d21_hist_d21_1_patched,hist_d21_1_patched,21,/home/hku_user3/EnergyBridge_shed_eval/experiments/real_data/tianjin_tou_price_normalized.csv,18.0,1.0,benchmark_results/july_pilot_2026-07-20/2026-07-20/_batch_logs/daily_event_configs/d21_hist_d21_1_patched.json,completed,0,216.8,benchmark_results/july_pilot_2026-07-20/2026-07-20/household_s4_ev_commuter_flexible_EnergyBridge_tianjin_d21_hist_d21_1_patched_2025-07-21_1day,benchmark_results/july_pilot_2026-07-20/2026-07-20/_batch_logs/daily_dr_memory_tianjin_1day/household_s4_ev_commuter_flexible_EnergyBridge_tianjin_d21_hist_d21_1_patched_2025-07-21_1day.log,benchmark_results/july_pilot_2026-07-20/2026-07-20/household_s4_ev_commuter_flexible_EnergyBridge_tianjin_d21_hist_d21_1_patched_2025-07-21_1day/run_summary.txt,0,59.214492,59.214492,62.586252,1.087468,normalized TOU cost/kWh,/home/hku_user3/EnergyBridge_shed_eval/experiments/real_data/tianjin_tou_price_normalized.csv,0.3975,0.3975,1.0,1.0,4.627,1.0,1.0,"['dishwasher', 'dryer', 'ev', 'washer', 'water_heater']",[],[]
household_s5_shared_roommates_irregular,household_s5_shared_roommates_irregular,EnergyBridge,Tianjin,1,2025-07-21,d21_hist_d21_1_patched,hist_d21_1_patched,21,/home/hku_user3/EnergyBridge_shed_eval/experiments/real_data/tianjin_tou_price_normalized.csv,18.0,1.0,benchmark_results/july_pilot_2026-07-20/2026-07-20/_batch_logs/daily_event_configs/d21_hist_d21_1_patched.json,completed,0,207.2,benchmark_results/july_pilot_2026-07-20/2026-07-20/household_s5_shared_roommates_irregular_EnergyBridge_tianjin_d21_hist_d21_1_patched_2025-07-21_1day,benchmark_results/july_pilot_2026-07-20/2026-07-20/_batch_logs/daily_dr_memory_tianjin_1day/household_s5_shared_roommates_irregular_EnergyBridge_tianjin_d21_hist_d21_1_patched_2025-07-21_1day.log,benchmark_results/july_pilot_2026-07-20/2026-07-20/household_s5_shared_roommates_irregular_EnergyBridge_tianjin_d21_hist_d21_1_patched_2025-07-21_1day/run_summary.txt,0,52.161954,52.161954,54.79107,1.101531,normalized TOU cost/kWh,/home/hku_user3/EnergyBridge_shed_eval/experiments/real_data/tianjin_tou_price_normalized.csv,0.3975,0.3975,1.0,1.0,4.237,1.0,1.0,"['dishwasher', 'dryer', 'ev', 'washer', 'water_heater']",[],[]
household_s2_multigeneration_caregiver,household_s2_multigeneration_caregiver,EnergyBridge,Germany,1,2025-07-22,d22_hist_d22_1_patched,hist_d22_1_patched,22,/home/hku_user3/EnergyBridge_shed_eval/experiments/real_data/germany_2025_price.csv,18.0,1.0,benchmark_results/july_pilot_2026-07-20/2026-07-20/_batch_logs/daily_event_configs/d22_hist_d22_1_patched.json,completed,0,181.5,benchmark_results/july_pilot_2026-07-20/2026-07-20/household_s2_multigeneration_caregiver_EnergyBridge_germany_d22_hist_d22_1_patched_2025-07-22_1day,benchmark_results/july_pilot_2026-07-20/2026-07-20/_batch_logs/daily_dr_memory_germany_1day/household_s2_multigeneration_caregiver_EnergyBridge_germany_d22_hist_d22_1_patched_2025-07-22_1day.log,benchmark_results/july_pilot_2026-07-20/2026-07-20/household_s2_multigeneration_caregiver_EnergyBridge_germany_d22_hist_d22_1_patched_2025-07-22_1day/run_summary.txt,0,51.740475,51.740475,14.174095,0.080592,EUR/kWh,/home/hku_user3/EnergyBridge_shed_eval/experiments/real_data/germany_2025_price.csv,6.2109,6.2109,1.0,1.0,4.184,1.0,1.0,"['dishwasher', 'dryer', 'ev', 'washer', 'water_heater']",[],[]
household_s3_hybrid_work_from_home,household_s3_hybrid_work_from_home,EnergyBridge,Germany,1,2025-07-22,d22_hist_d22_1_patched,hist_d22_1_patched,22,/home/hku_user3/EnergyBridge_shed_eval/experiments/real_data/germany_2025_price.csv,18.0,1.0,benchmark_results/july_pilot_2026-07-20/2026-07-20/_batch_logs/daily_event_configs/d22_hist_d22_1_patched.json,completed,0,173.0,benchmark_results/july_pilot_2026-07-20/2026-07-20/household_s3_hybrid_work_from_home_EnergyBridge_germany_d22_hist_d22_1_patched_2025-07-22_1day,benchmark_results/july_pilot_2026-07-20/2026-07-20/_batch_logs/daily_dr_memory_germany_1day/household_s3_hybrid_work_from_home_EnergyBridge_germany_d22_hist_d22_1_patched_2025-07-22_1day.log,benchmark_results/july_pilot_2026-07-20/2026-07-20/household_s3_hybrid_work_from_home_EnergyBridge_germany_d22_hist_d22_1_patched_2025-07-22_1day/run_summary.txt,0,54.489724,54.489724,14.491351,0.08088,EUR/kWh,/home/hku_user3/EnergyBridge_shed_eval/experiments/real_data/germany_2025_price.csv,6.0609,6.0609,1.0,1.0,4.34,1.0,1.0,"['dishwasher', 'dryer', 'ev', 'washer', 'water_heater']",[],[]
household_s1_dual_commuter_standard,household_s1_dual_commuter_standard,EnergyBridge,Germany,1,2025-07-22,d22_hist_d22_1_patched,hist_d22_1_patched,22,/home/hku_user3/EnergyBridge_shed_eval/experiments/real_data/germany_2025_price.csv,18.0,1.0,benchmark_results/july_pilot_2026-07-20/2026-07-20/_batch_logs/daily_event_configs/d22_hist_d22_1_patched.json,completed,0,233.6,benchmark_results/july_pilot_2026-07-20/2026-07-20/household_s1_dual_commuter_standard_EnergyBridge_germany_d22_hist_d22_1_patched_2025-07-22_1day,benchmark_results/july_pilot_2026-07-20/2026-07-20/_batch_logs/daily_dr_memory_germany_1day/household_s1_dual_commuter_standard_EnergyBridge_germany_d22_hist_d22_1_patched_2025-07-22_1day.log,benchmark_results/july_pilot_2026-07-20/2026-07-20/household_s1_dual_commuter_standard_EnergyBridge_germany_d22_hist_d22_1_patched_2025-07-22_1day/run_summary.txt,0,59.350736,59.350736,14.822509,0.081296,EUR/kWh,/home/hku_user3/EnergyBridge_shed_eval/experiments/real_data/germany_2025_price.csv,7.3868,7.3868,0.0,0.0,2.662,1.0,1.0,"['dishwasher', 'dryer', 'ev', 'washer', 'water_heater']",[],[]
household_s5_shared_roommates_irregular,household_s5_shared_roommates_irregular,EnergyBridge,Germany,1,2025-07-22,d22_hist_d22_1_patched,hist_d22_1_patched,22,/home/hku_user3/EnergyBridge_shed_eval/experiments/real_data/germany_2025_price.csv,18.0,1.0,benchmark_results/july_pilot_2026-07-20/2026-07-20/_batch_logs/daily_event_configs/d22_hist_d22_1_patched.json,completed,0,154.8,benchmark_results/july_pilot_2026-07-20/2026-07-20/household_s5_shared_roommates_irregular_EnergyBridge_germany_d22_hist_d22_1_patched_2025-07-22_1day,benchmark_results/july_pilot_2026-07-20/2026-07-20/_batch_logs/daily_dr_memory_germany_1day/household_s5_shared_roommates_irregular_EnergyBridge_germany_d22_hist_d22_1_patched_2025-07-22_1day.log,benchmark_results/july_pilot_2026-07-20/2026-07-20/household_s5_shared_roommates_irregular_EnergyBridge_germany_d22_hist_d22_1_patched_2025-07-22_1day/run_summary.txt,0,52.998867,52.998867,14.446811,0.081009,EUR/kWh,/home/hku_user3/EnergyBridge_shed_eval/experiments/real_data/germany_2025_price.csv,6.0297,6.0297,1.0,1.0,4.098,1.0,1.0,"['dishwasher', 'dryer', 'ev', 'washer', 'water_heater']",[],[]
household_s4_ev_commuter_flexible,household_s4_ev_commuter_flexible,EnergyBridge,Germany,1,2025-07-22,d22_hist_d22_1_patched,hist_d22_1_patched,22,/home/hku_user3/EnergyBridge_shed_eval/experiments/real_data/germany_2025_price.csv,18.0,1.0,benchmark_results/july_pilot_2026-07-20/2026-07-20/_batch_logs/daily_event_configs/d22_hist_d22_1_patched.json,completed,0,195.3,benchmark_results/july_pilot_2026-07-20/2026-07-20/household_s4_ev_commuter_flexible_EnergyBridge_germany_d22_hist_d22_1_patched_2025-07-22_1day,benchmark_results/july_pilot_2026-07-20/2026-07-20/_batch_logs/daily_dr_memory_germany_1day/household_s4_ev_commuter_flexible_EnergyBridge_germany_d22_hist_d22_1_patched_2025-07-22_1day.log,benchmark_results/july_pilot_2026-07-20/2026-07-20/household_s4_ev_commuter_flexible_EnergyBridge_germany_d22_hist_d22_1_patched_2025-07-22_1day/run_summary.txt,0,61.161186,61.161186,15.238785,0.08171,EUR/kWh,/home/hku_user3/EnergyBridge_shed_eval/experiments/real_data/germany_2025_price.csv,6.0297,6.0297,1.0,1.0,4.438,1.0,1.0,"['dishwasher', 'dryer', 'ev', 'washer', 'water_heater']",[],[]
household_s1_dual_commuter_standard,household_s1_dual_commuter_standard,EnergyBridge,Tianjin,1,2025-07-22,d22_hist_d22_1_patched,hist_d22_1_patched,22,/home/hku_user3/EnergyBridge_shed_eval/experiments/real_data/tianjin_tou_price_normalized.csv,18.0,1.0,benchmark_results/july_pilot_2026-07-20/2026-07-20/_batch_logs/daily_event_configs/d22_hist_d22_1_patched.json,completed,0,184.3,benchmark_results/july_pilot_2026-07-20/2026-07-20/household_s1_dual_commuter_standard_EnergyBridge_tianjin_d22_hist_d22_1_patched_2025-07-22_1day,benchmark_results/july_pilot_2026-07-20/2026-07-20/_batch_logs/daily_dr_memory_tianjin_1day/household_s1_dual_commuter_standard_EnergyBridge_tianjin_d22_hist_d22_1_patched_2025-07-22_1day.log,benchmark_results/july_pilot_2026-07-20/2026-07-20/household_s1_dual_commuter_standard_EnergyBridge_tianjin_d22_hist_d22_1_patched_2025-07-22_1day/run_summary.txt,0,75.860092,75.860092,61.099479,1.085364,normalized TOU cost/kWh,/home/hku_user3/EnergyBridge_shed_eval/experiments/real_data/tianjin_tou_price_normalized.csv,2.471,2.471,0.0,0.0,2.662,1.0,1.0,"['dishwasher', 'dryer', 'ev', 'washer', 'water_heater']",[],[]
household_s3_hybrid_work_from_home,household_s3_hybrid_work_from_home,EnergyBridge,Tianjin,1,2025-07-22,d22_hist_d22_1_patched,hist_d22_1_patched,22,/home/hku_user3/EnergyBridge_shed_eval/experiments/real_data/tianjin_tou_price_normalized.csv,18.0,1.0,benchmark_results/july_pilot_2026-07-20/2026-07-20/_batch_logs/daily_event_configs/d22_hist_d22_1_patched.json,completed,0,145.7,benchmark_results/july_pilot_2026-07-20/2026-07-20/household_s3_hybrid_work_from_home_EnergyBridge_tianjin_d22_hist_d22_1_patched_2025-07-22_1day,benchmark_results/july_pilot_2026-07-20/2026-07-20/_batch_logs/daily_dr_memory_tianjin_1day/household_s3_hybrid_work_from_home_EnergyBridge_tianjin_d22_hist_d22_1_patched_2025-07-22_1day.log,benchmark_results/july_pilot_2026-07-20/2026-07-20/household_s3_hybrid_work_from_home_EnergyBridge_tianjin_d22_hist_d22_1_patched_2025-07-22_1day/run_summary.txt,0,64.264605,64.264605,64.72046,1.131726,normalized TOU cost/kWh,/home/hku_user3/EnergyBridge_shed_eval/experiments/real_data/tianjin_tou_price_normalized.csv,0.8885,0.8885,1.0,1.0,4.337,1.0,1.0,"['dishwasher', 'dryer', 'ev', 'washer', 'water_heater']",[],[]
household_s2_multigeneration_caregiver,household_s2_multigeneration_caregiver,EnergyBridge,Tianjin,1,2025-07-22,d22_hist_d22_1_patched,hist_d22_1_patched,22,/home/hku_user3/EnergyBridge_shed_eval/experiments/real_data/tianjin_tou_price_normalized.csv,18.0,1.0,benchmark_results/july_pilot_2026-07-20/2026-07-20/_batch_logs/daily_event_configs/d22_hist_d22_1_patched.json,completed,0,171.1,benchmark_results/july_pilot_2026-07-20/2026-07-20/household_s2_multigeneration_caregiver_EnergyBridge_tianjin_d22_hist_d22_1_patched_2025-07-22_1day,benchmark_results/july_pilot_2026-07-20/2026-07-20/_batch_logs/daily_dr_memory_tianjin_1day/household_s2_multigeneration_caregiver_EnergyBridge_tianjin_d22_hist_d22_1_patched_2025-07-22_1day.log,benchmark_results/july_pilot_2026-07-20/2026-07-20/household_s2_multigeneration_caregiver_EnergyBridge_tianjin_d22_hist_d22_1_patched_2025-07-22_1day/run_summary.txt,0,63.885061,63.885061,63.601712,1.150558,normalized TOU cost/kWh,/home/hku_user3/EnergyBridge_shed_eval/experiments/real_data/tianjin_tou_price_normalized.csv,1.0626,1.0626,1.0,1.0,4.126,1.0,1.0,"['dishwasher', 'dryer', 'ev', 'washer', 'water_heater']",[],[]
household_s4_ev_commuter_flexible,household_s4_ev_commuter_flexible,EnergyBridge,Tianjin,1,2025-07-22,d22_hist_d22_1_patched,hist_d22_1_patched,22,/home/hku_user3/EnergyBridge_shed_eval/experiments/real_data/tianjin_tou_price_normalized.csv,18.0,1.0,benchmark_results/july_pilot_2026-07-20/2026-07-20/_batch_logs/daily_event_configs/d22_hist_d22_1_patched.json,completed,0,154.3,benchmark_results/july_pilot_2026-07-20/2026-07-20/household_s4_ev_commuter_flexible_EnergyBridge_tianjin_d22_hist_d22_1_patched_2025-07-22_1day,benchmark_results/july_pilot_2026-07-20/2026-07-20/_batch_logs/daily_dr_memory_tianjin_1day/household_s4_ev_commuter_flexible_EnergyBridge_tianjin_d22_hist_d22_1_patched_2025-07-22_1day.log,benchmark_results/july_pilot_2026-07-20/2026-07-20/household_s4_ev_commuter_flexible_EnergyBridge_tianjin_d22_hist_d22_1_patched_2025-07-22_1day/run_summary.txt,0,72.601342,72.601342,67.783586,1.129324,normalized TOU cost/kWh,/home/hku_user3/EnergyBridge_shed_eval/experiments/real_data/tianjin_tou_price_normalized.csv,1.3631,1.3631,1.0,1.0,4.325,1.0,1.0,"['dishwasher', 'dryer', 'ev', 'washer', 'water_heater']",[],[]
household_s5_shared_roommates_irregular,household_s5_shared_roommates_irregular,EnergyBridge,Tianjin,1,2025-07-22,d22_hist_d22_1_patched,hist_d22_1_patched,22,/home/hku_user3/EnergyBridge_shed_eval/experiments/real_data/tianjin_tou_price_normalized.csv,18.0,1.0,benchmark_results/july_pilot_2026-07-20/2026-07-20/_batch_logs/daily_event_configs/d22_hist_d22_1_patched.json,completed,0,153.1,benchmark_results/july_pilot_2026-07-20/2026-07-20/household_s5_shared_roommates_irregular_EnergyBridge_tianjin_d22_hist_d22_1_patched_2025-07-22_1day,benchmark_results/july_pilot_2026-07-20/2026-07-20/_batch_logs/daily_dr_memory_tianjin_1day/household_s5_shared_roommates_irregular_EnergyBridge_tianjin_d22_hist_d22_1_patched_2025-07-22_1day.log,benchmark_results/july_pilot_2026-07-20/2026-07-20/household_s5_shared_roommates_irregular_EnergyBridge_tianjin_d22_hist_d22_1_patched_2025-07-22_1day/run_summary.txt,0,67.675757,67.675757,59.332048,1.145419,normalized TOU cost/kWh,/home/hku_user3/EnergyBridge_shed_eval/experiments/real_data/tianjin_tou_price_normalized.csv,0.9535,0.9535,1.0,1.0,4.075,1.0,1.0,"['dishwasher', 'dryer', 'ev', 'washer', 'water_heater']",[],[]
household_s1_dual_commuter_standard,household_s1_dual_commuter_standard,EnergyBridge,Germany,1,2025-07-23,d23_hist_d23_1,hist_d23_1,23,/home/hku_user3/EnergyBridge_shed_eval/experiments/real_data/germany_2025_price.csv,18.0,1.0,benchmark_results/july_pilot_2026-07-20/2026-07-20/_batch_logs/daily_event_configs/d23_hist_d23_1.json,completed,0,145.1,benchmark_results/july_pilot_2026-07-20/2026-07-20/household_s1_dual_commuter_standard_EnergyBridge_germany_d23_hist_d23_1_2025-07-23_1day,benchmark_results/july_pilot_2026-07-20/2026-07-20/_batch_logs/daily_dr_memory_germany_1day/household_s1_dual_commuter_standard_EnergyBridge_germany_d23_hist_d23_1_2025-07-23_1day.log,benchmark_results/july_pilot_2026-07-20/2026-07-20/household_s1_dual_commuter_standard_EnergyBridge_germany_d23_hist_d23_1_2025-07-23_1day/run_summary.txt,0,60.091836,60.091836,15.890047,0.083038,EUR/kWh,/home/hku_user3/EnergyBridge_shed_eval/experiments/real_data/germany_2025_price.csv,6.4949,6.4949,1.0,1.0,4.095,1.0,1.0,"['dishwasher', 'dryer', 'ev', 'washer', 'water_heater']",[],[]
household_s3_hybrid_work_from_home,household_s3_hybrid_work_from_home,EnergyBridge,Germany,1,2025-07-23,d23_hist_d23_1,hist_d23_1,23,/home/hku_user3/EnergyBridge_shed_eval/experiments/real_data/germany_2025_price.csv,18.0,1.0,benchmark_results/july_pilot_2026-07-20/2026-07-20/_batch_logs/daily_event_configs/d23_hist_d23_1.json,completed,0,130.5,benchmark_results/july_pilot_2026-07-20/2026-07-20/household_s3_hybrid_work_from_home_EnergyBridge_germany_d23_hist_d23_1_2025-07-23_1day,benchmark_results/july_pilot_2026-07-20/2026-07-20/_batch_logs/daily_dr_memory_germany_1day/household_s3_hybrid_work_from_home_EnergyBridge_germany_d23_hist_d23_1_2025-07-23_1day.log,benchmark_results/july_pilot_2026-07-20/2026-07-20/household_s3_hybrid_work_from_home_EnergyBridge_germany_d23_hist_d23_1_2025-07-23_1day/run_summary.txt,0,55.329616,55.329616,15.338014,0.082486,EUR/kWh,/home/hku_user3/EnergyBridge_shed_eval/experiments/real_data/germany_2025_price.csv,7.5153,7.5153,0.0,0.0,2.683,1.0,1.0,"['dishwasher', 'dryer', 'ev', 'washer', 'water_heater']",[],[]
household_s2_multigeneration_caregiver,household_s2_multigeneration_caregiver,EnergyBridge,Germany,1,2025-07-23,d23_hist_d23_1,hist_d23_1,23,/home/hku_user3/EnergyBridge_shed_eval/experiments/real_data/germany_2025_price.csv,18.0,1.0,benchmark_results/july_pilot_2026-07-20/2026-07-20/_batch_logs/daily_event_configs/d23_hist_d23_1.json,completed,0,171.4,benchmark_results/july_pilot_2026-07-20/2026-07-20/household_s2_multigeneration_caregiver_EnergyBridge_germany_d23_hist_d23_1_2025-07-23_1day,benchmark_results/july_pilot_2026-07-20/2026-07-20/_batch_logs/daily_dr_memory_germany_1day/household_s2_multigeneration_caregiver_EnergyBridge_germany_d23_hist_d23_1_2025-07-23_1day.log,benchmark_results/july_pilot_2026-07-20/2026-07-20/household_s2_multigeneration_caregiver_EnergyBridge_germany_d23_hist_d23_1_2025-07-23_1day/run_summary.txt,0,49.992432,49.992432,15.069852,0.082033,EUR/kWh,/home/hku_user3/EnergyBridge_shed_eval/experiments/real_data/germany_2025_price.csv,6.4585,6.4585,1.0,1.0,4.266,1.0,1.0,"['dishwasher', 'dryer', 'ev', 'washer', 'water_heater']",[],[]
household_s5_shared_roommates_irregular,household_s5_shared_roommates_irregular,EnergyBridge,Germany,1,2025-07-23,d23_hist_d23_1,hist_d23_1,23,/home/hku_user3/EnergyBridge_shed_eval/experiments/real_data/germany_2025_price.csv,18.0,1.0,benchmark_results/july_pilot_2026-07-20/2026-07-20/_batch_logs/daily_event_configs/d23_hist_d23_1.json,completed,0,161.2,benchmark_results/july_pilot_2026-07-20/2026-07-20/household_s5_shared_roommates_irregular_EnergyBridge_germany_d23_hist_d23_1_2025-07-23_1day,benchmark_results/july_pilot_2026-07-20/2026-07-20/_batch_logs/daily_dr_memory_germany_1day/household_s5_shared_roommates_irregular_EnergyBridge_germany_d23_hist_d23_1_2025-07-23_1day.log,benchmark_results/july_pilot_2026-07-20/2026-07-20/household_s5_shared_roommates_irregular_EnergyBridge_germany_d23_hist_d23_1_2025-07-23_1day/run_summary.txt,0,57.031937,57.031937,14.991905,0.082302,EUR/kWh,/home/hku_user3/EnergyBridge_shed_eval/experiments/real_data/germany_2025_price.csv,7.7692,7.7692,0.0,0.0,2.663,1.0,1.0,"['dishwasher', 'dryer', 'ev', 'washer', 'water_heater']",[],[]
household_s4_ev_commuter_flexible,household_s4_ev_commuter_flexible,EnergyBridge,Germany,1,2025-07-23,d23_hist_d23_1,hist_d23_1,23,/home/hku_user3/EnergyBridge_shed_eval/experiments/real_data/germany_2025_price.csv,18.0,1.0,benchmark_results/july_pilot_2026-07-20/2026-07-20/_batch_logs/daily_event_configs/d23_hist_d23_1.json,completed,0,201.6,benchmark_results/july_pilot_2026-07-20/2026-07-20/household_s4_ev_commuter_flexible_EnergyBridge_germany_d23_hist_d23_1_2025-07-23_1day,benchmark_results/july_pilot_2026-07-20/2026-07-20/_batch_logs/daily_dr_memory_germany_1day/household_s4_ev_commuter_flexible_EnergyBridge_germany_d23_hist_d23_1_2025-07-23_1day.log,benchmark_results/july_pilot_2026-07-20/2026-07-20/household_s4_ev_commuter_flexible_EnergyBridge_germany_d23_hist_d23_1_2025-07-23_1day/run_summary.txt,0,65.194256,65.194256,15.768921,0.082855,EUR/kWh,/home/hku_user3/EnergyBridge_shed_eval/experiments/real_data/germany_2025_price.csv,7.7692,7.7692,0.0,0.0,2.7,1.0,1.0,"['dishwasher', 'dryer', 'ev', 'washer', 'water_heater']",[],[]
household_s2_multigeneration_caregiver,household_s2_multigeneration_caregiver,EnergyBridge,Tianjin,1,2025-07-23,d23_hist_d23_1,hist_d23_1,23,/home/hku_user3/EnergyBridge_shed_eval/experiments/real_data/tianjin_tou_price_normalized.csv,18.0,1.0,benchmark_results/july_pilot_2026-07-20/2026-07-20/_batch_logs/daily_event_configs/d23_hist_d23_1.json,completed,0,155.0,benchmark_results/july_pilot_2026-07-20/2026-07-20/household_s2_multigeneration_caregiver_EnergyBridge_tianjin_d23_hist_d23_1_2025-07-23_1day,benchmark_results/july_pilot_2026-07-20/2026-07-20/_batch_logs/daily_dr_memory_tianjin_1day/household_s2_multigeneration_caregiver_EnergyBridge_tianjin_d23_hist_d23_1_2025-07-23_1day.log,benchmark_results/july_pilot_2026-07-20/2026-07-20/household_s2_multigeneration_caregiver_EnergyBridge_tianjin_d23_hist_d23_1_2025-07-23_1day/run_summary.txt,0,67.860103,67.860103,66.481613,1.130431,normalized TOU cost/kWh,/home/hku_user3/EnergyBridge_shed_eval/experiments/real_data/tianjin_tou_price_normalized.csv,1.0413,1.0413,1.0,1.0,4.246,1.0,1.0,"['dishwasher', 'dryer', 'ev', 'washer', 'water_heater']",[],[]
household_s1_dual_commuter_standard,household_s1_dual_commuter_standard,EnergyBridge,Tianjin,1,2025-07-23,d23_hist_d23_1,hist_d23_1,23,/home/hku_user3/EnergyBridge_shed_eval/experiments/real_data/tianjin_tou_price_normalized.csv,18.0,1.0,benchmark_results/july_pilot_2026-07-20/2026-07-20/_batch_logs/daily_event_configs/d23_hist_d23_1.json,completed,0,229.5,benchmark_results/july_pilot_2026-07-20/2026-07-20/household_s1_dual_commuter_standard_EnergyBridge_tianjin_d23_hist_d23_1_2025-07-23_1day,benchmark_results/july_pilot_2026-07-20/2026-07-20/_batch_logs/daily_dr_memory_tianjin_1day/household_s1_dual_commuter_standard_EnergyBridge_tianjin_d23_hist_d23_1_2025-07-23_1day.log,benchmark_results/july_pilot_2026-07-20/2026-07-20/household_s1_dual_commuter_standard_EnergyBridge_tianjin_d23_hist_d23_1_2025-07-23_1day/run_summary.txt,0,78.826022,78.826022,70.345891,1.10423,normalized TOU cost/kWh,/home/hku_user3/EnergyBridge_shed_eval/experiments/real_data/tianjin_tou_price_normalized.csv,1.057,1.057,1.0,1.0,4.23,1.0,1.0,"['dishwasher', 'dryer', 'ev', 'washer', 'water_heater']",[],[]
household_s3_hybrid_work_from_home,household_s3_hybrid_work_from_home,EnergyBridge,Tianjin,1,2025-07-23,d23_hist_d23_1,hist_d23_1,23,/home/hku_user3/EnergyBridge_shed_eval/experiments/real_data/tianjin_tou_price_normalized.csv,18.0,1.0,benchmark_results/july_pilot_2026-07-20/2026-07-20/_batch_logs/daily_event_configs/d23_hist_d23_1.json,completed,0,250.3,benchmark_results/july_pilot_2026-07-20/2026-07-20/household_s3_hybrid_work_from_home_EnergyBridge_tianjin_d23_hist_d23_1_2025-07-23_1day,benchmark_results/july_pilot_2026-07-20/2026-07-20/_batch_logs/daily_dr_memory_tianjin_1day/household_s3_hybrid_work_from_home_EnergyBridge_tianjin_d23_hist_d23_1_2025-07-23_1day.log,benchmark_results/july_pilot_2026-07-20/2026-07-20/household_s3_hybrid_work_from_home_EnergyBridge_tianjin_d23_hist_d23_1_2025-07-23_1day/run_summary.txt,0,72.800583,72.800583,64.215274,1.096651,normalized TOU cost/kWh,/home/hku_user3/EnergyBridge_shed_eval/experiments/real_data/tianjin_tou_price_normalized.csv,2.2567,2.2567,0.0,0.0,2.683,1.0,1.0,"['dishwasher', 'dryer', 'ev', 'washer', 'water_heater']",[],[]
household_s5_shared_roommates_irregular,household_s5_shared_roommates_irregular,EnergyBridge,Tianjin,1,2025-07-23,d23_hist_d23_1,hist_d23_1,23,/home/hku_user3/EnergyBridge_shed_eval/experiments/real_data/tianjin_tou_price_normalized.csv,18.0,1.0,benchmark_results/july_pilot_2026-07-20/2026-07-20/_batch_logs/daily_event_configs/d23_hist_d23_1.json,completed,0,176.3,benchmark_results/july_pilot_2026-07-20/2026-07-20/household_s5_shared_roommates_irregular_EnergyBridge_tianjin_d23_hist_d23_1_2025-07-23_1day,benchmark_results/july_pilot_2026-07-20/2026-07-20/_batch_logs/daily_dr_memory_tianjin_1day/household_s5_shared_roommates_irregular_EnergyBridge_tianjin_d23_hist_d23_1_2025-07-23_1day.log,benchmark_results/july_pilot_2026-07-20/2026-07-20/household_s5_shared_roommates_irregular_EnergyBridge_tianjin_d23_hist_d23_1_2025-07-23_1day/run_summary.txt,0,74.127721,74.127721,54.06175,1.04259,normalized TOU cost/kWh,/home/hku_user3/EnergyBridge_shed_eval/experiments/real_data/tianjin_tou_price_normalized.csv,2.5966,2.5966,0.0,0.0,2.663,1.0,1.0,"['dishwasher', 'dryer', 'ev', 'washer', 'water_heater']",[],[]
household_s4_ev_commuter_flexible,household_s4_ev_commuter_flexible,EnergyBridge,Tianjin,1,2025-07-23,d23_hist_d23_1,hist_d23_1,23,/home/hku_user3/EnergyBridge_shed_eval/experiments/real_data/tianjin_tou_price_normalized.csv,18.0,1.0,benchmark_results/july_pilot_2026-07-20/2026-07-20/_batch_logs/daily_event_configs/d23_hist_d23_1.json,completed,0,208.5,benchmark_results/july_pilot_2026-07-20/2026-07-20/household_s4_ev_commuter_flexible_EnergyBridge_tianjin_d23_hist_d23_1_2025-07-23_1day,benchmark_results/july_pilot_2026-07-20/2026-07-20/_batch_logs/daily_dr_memory_tianjin_1day/household_s4_ev_commuter_flexible_EnergyBridge_tianjin_d23_hist_d23_1_2025-07-23_1day.log,benchmark_results/july_pilot_2026-07-20/2026-07-20/household_s4_ev_commuter_flexible_EnergyBridge_tianjin_d23_hist_d23_1_2025-07-23_1day/run_summary.txt,0,80.457791,80.457791,72.613896,1.091683,normalized TOU cost/kWh,/home/hku_user3/EnergyBridge_shed_eval/experiments/real_data/tianjin_tou_price_normalized.csv,0.8271,0.8271,1.0,1.0,4.35,1.0,1.0,"['dishwasher', 'dryer', 'ev', 'washer', 'water_heater']",[],[]
household_s1_dual_commuter_standard,household_s1_dual_commuter_standard,EnergyBridge,Germany,1,2025-07-24,d24_hist_d24_1,hist_d24_1,24,/home/hku_user3/EnergyBridge_shed_eval/experiments/real_data/germany_2025_price.csv,18.0,1.0,benchmark_results/july_pilot_2026-07-20/2026-07-20/_batch_logs/daily_event_configs/d24_hist_d24_1.json,completed,0,242.8,benchmark_results/july_pilot_2026-07-20/2026-07-20/household_s1_dual_commuter_standard_EnergyBridge_germany_d24_hist_d24_1_2025-07-24_1day,benchmark_results/july_pilot_2026-07-20/2026-07-20/_batch_logs/daily_dr_memory_germany_1day/household_s1_dual_commuter_standard_EnergyBridge_germany_d24_hist_d24_1_2025-07-24_1day.log,benchmark_results/july_pilot_2026-07-20/2026-07-20/household_s1_dual_commuter_standard_EnergyBridge_germany_d24_hist_d24_1_2025-07-24_1day/run_summary.txt,0,68.385137,68.385137,19.969405,0.105022,EUR/kWh,/home/hku_user3/EnergyBridge_shed_eval/experiments/real_data/germany_2025_price.csv,7.7647,7.7647,0.0,0.0,2.662,1.0,1.0,"['dishwasher', 'dryer', 'ev', 'washer', 'water_heater']",[],[]
household_s2_multigeneration_caregiver,household_s2_multigeneration_caregiver,EnergyBridge,Germany,1,2025-07-24,d24_hist_d24_1,hist_d24_1,24,/home/hku_user3/EnergyBridge_shed_eval/experiments/real_data/germany_2025_price.csv,18.0,1.0,benchmark_results/july_pilot_2026-07-20/2026-07-20/_batch_logs/daily_event_configs/d24_hist_d24_1.json,completed,0,176.9,benchmark_results/july_pilot_2026-07-20/2026-07-20/household_s2_multigeneration_caregiver_EnergyBridge_germany_d24_hist_d24_1_2025-07-24_1day,benchmark_results/july_pilot_2026-07-20/2026-07-20/_batch_logs/daily_dr_memory_germany_1day/household_s2_multigeneration_caregiver_EnergyBridge_germany_d24_hist_d24_1_2025-07-24_1day.log,benchmark_results/july_pilot_2026-07-20/2026-07-20/household_s2_multigeneration_caregiver_EnergyBridge_germany_d24_hist_d24_1_2025-07-24_1day/run_summary.txt,0,59.520242,59.520242,19.436224,0.104663,EUR/kWh,/home/hku_user3/EnergyBridge_shed_eval/experiments/real_data/germany_2025_price.csv,6.391,6.391,1.0,1.0,4.176,1.0,1.0,"['dishwasher', 'dryer', 'ev', 'washer', 'water_heater']",[],[]
household_s3_hybrid_work_from_home,household_s3_hybrid_work_from_home,EnergyBridge,Germany,1,2025-07-24,d24_hist_d24_1,hist_d24_1,24,/home/hku_user3/EnergyBridge_shed_eval/experiments/real_data/germany_2025_price.csv,18.0,1.0,benchmark_results/july_pilot_2026-07-20/2026-07-20/_batch_logs/daily_event_configs/d24_hist_d24_1.json,completed,0,138.0,benchmark_results/july_pilot_2026-07-20/2026-07-20/household_s3_hybrid_work_from_home_EnergyBridge_germany_d24_hist_d24_1_2025-07-24_1day,benchmark_results/july_pilot_2026-07-20/2026-07-20/_batch_logs/daily_dr_memory_germany_1day/household_s3_hybrid_work_from_home_EnergyBridge_germany_d24_hist_d24_1_2025-07-24_1day.log,benchmark_results/july_pilot_2026-07-20/2026-07-20/household_s3_hybrid_work_from_home_EnergyBridge_germany_d24_hist_d24_1_2025-07-24_1day/run_summary.txt,0,60.983502,60.983502,19.691219,0.104849,EUR/kWh,/home/hku_user3/EnergyBridge_shed_eval/experiments/real_data/germany_2025_price.csv,7.4431,7.4431,0.0,0.0,2.683,1.0,1.0,"['dishwasher', 'dryer', 'ev', 'washer', 'water_heater']",[],[]
household_s5_shared_roommates_irregular,household_s5_shared_roommates_irregular,EnergyBridge,Germany,1,2025-07-24,d24_hist_d24_1,hist_d24_1,24,/home/hku_user3/EnergyBridge_shed_eval/experiments/real_data/germany_2025_price.csv,18.0,1.0,benchmark_results/july_pilot_2026-07-20/2026-07-20/_batch_logs/daily_event_configs/d24_hist_d24_1.json,completed,0,135.6,benchmark_results/july_pilot_2026-07-20/2026-07-20/household_s5_shared_roommates_irregular_EnergyBridge_germany_d24_hist_d24_1_2025-07-24_1day,benchmark_results/july_pilot_2026-07-20/2026-07-20/_batch_logs/daily_dr_memory_germany_1day/household_s5_shared_roommates_irregular_EnergyBridge_germany_d24_hist_d24_1_2025-07-24_1day.log,benchmark_results/july_pilot_2026-07-20/2026-07-20/household_s5_shared_roommates_irregular_EnergyBridge_germany_d24_hist_d24_1_2025-07-24_1day/run_summary.txt,0,62.790075,62.790075,19.426996,0.104986,EUR/kWh,/home/hku_user3/EnergyBridge_shed_eval/experiments/real_data/germany_2025_price.csv,7.8219,7.8219,0.0,0.0,2.663,1.0,1.0,"['dishwasher', 'dryer', 'ev', 'washer', 'water_heater']",[],[]
household_s4_ev_commuter_flexible,household_s4_ev_commuter_flexible,EnergyBridge,Germany,1,2025-07-24,d24_hist_d24_1,hist_d24_1,24,/home/hku_user3/EnergyBridge_shed_eval/experiments/real_data/germany_2025_price.csv,18.0,1.0,benchmark_results/july_pilot_2026-07-20/2026-07-20/_batch_logs/daily_event_configs/d24_hist_d24_1.json,completed,0,184.8,benchmark_results/july_pilot_2026-07-20/2026-07-20/household_s4_ev_commuter_flexible_EnergyBridge_germany_d24_hist_d24_1_2025-07-24_1day,benchmark_results/july_pilot_2026-07-20/2026-07-20/_batch_logs/daily_dr_memory_germany_1day/household_s4_ev_commuter_flexible_EnergyBridge_germany_d24_hist_d24_1_2025-07-24_1day.log,benchmark_results/july_pilot_2026-07-20/2026-07-20/household_s4_ev_commuter_flexible_EnergyBridge_germany_d24_hist_d24_1_2025-07-24_1day/run_summary.txt,0,69.529323,69.529323,20.674965,0.104733,EUR/kWh,/home/hku_user3/EnergyBridge_shed_eval/experiments/real_data/germany_2025_price.csv,6.3943,6.3943,1.0,1.0,4.277,1.0,1.0,"['dishwasher', 'dryer', 'ev', 'washer', 'water_heater']",[],[]
household_s3_hybrid_work_from_home,household_s3_hybrid_work_from_home,EnergyBridge,Tianjin,1,2025-07-24,d24_hist_d24_1,hist_d24_1,24,/home/hku_user3/EnergyBridge_shed_eval/experiments/real_data/tianjin_tou_price_normalized.csv,18.0,1.0,benchmark_results/july_pilot_2026-07-20/2026-07-20/_batch_logs/daily_event_configs/d24_hist_d24_1.json,completed,0,127.0,benchmark_results/july_pilot_2026-07-20/2026-07-20/household_s3_hybrid_work_from_home_EnergyBridge_tianjin_d24_hist_d24_1_2025-07-24_1day,benchmark_results/july_pilot_2026-07-20/2026-07-20/_batch_logs/daily_dr_memory_tianjin_1day/household_s3_hybrid_work_from_home_EnergyBridge_tianjin_d24_hist_d24_1_2025-07-24_1day.log,benchmark_results/july_pilot_2026-07-20/2026-07-20/household_s3_hybrid_work_from_home_EnergyBridge_tianjin_d24_hist_d24_1_2025-07-24_1day/run_summary.txt,0,67.285116,67.285116,63.34385,1.086641,normalized TOU cost/kWh,/home/hku_user3/EnergyBridge_shed_eval/experiments/real_data/tianjin_tou_price_normalized.csv,2.2334,2.2334,0.0,0.0,2.683,1.0,1.0,"['dishwasher', 'dryer', 'ev', 'washer', 'water_heater']",[],[]
household_s2_multigeneration_caregiver,household_s2_multigeneration_caregiver,EnergyBridge,Tianjin,1,2025-07-24,d24_hist_d24_1,hist_d24_1,24,/home/hku_user3/EnergyBridge_shed_eval/experiments/real_data/tianjin_tou_price_normalized.csv,18.0,1.0,benchmark_results/july_pilot_2026-07-20/2026-07-20/_batch_logs/daily_event_configs/d24_hist_d24_1.json,completed,0,191.2,benchmark_results/july_pilot_2026-07-20/2026-07-20/household_s2_multigeneration_caregiver_EnergyBridge_tianjin_d24_hist_d24_1_2025-07-24_1day,benchmark_results/july_pilot_2026-07-20/2026-07-20/_batch_logs/daily_dr_memory_tianjin_1day/household_s2_multigeneration_caregiver_EnergyBridge_tianjin_d24_hist_d24_1_2025-07-24_1day.log,benchmark_results/july_pilot_2026-07-20/2026-07-20/household_s2_multigeneration_caregiver_EnergyBridge_tianjin_d24_hist_d24_1_2025-07-24_1day/run_summary.txt,0,63.375418,63.375418,65.432982,1.119366,normalized TOU cost/kWh,/home/hku_user3/EnergyBridge_shed_eval/experiments/real_data/tianjin_tou_price_normalized.csv,1.0239,1.0239,1.0,1.0,4.246,1.0,1.0,"['dishwasher', 'dryer', 'ev', 'washer', 'water_heater']",[],[]
household_s1_dual_commuter_standard,household_s1_dual_commuter_standard,EnergyBridge,Tianjin,1,2025-07-24,d24_hist_d24_1,hist_d24_1,24,/home/hku_user3/EnergyBridge_shed_eval/experiments/real_data/tianjin_tou_price_normalized.csv,18.0,1.0,benchmark_results/july_pilot_2026-07-20/2026-07-20/_batch_logs/daily_event_configs/d24_hist_d24_1.json,completed,0,192.8,benchmark_results/july_pilot_2026-07-20/2026-07-20/household_s1_dual_commuter_standard_EnergyBridge_tianjin_d24_hist_d24_1_2025-07-24_1day,benchmark_results/july_pilot_2026-07-20/2026-07-20/_batch_logs/daily_dr_memory_tianjin_1day/household_s1_dual_commuter_standard_EnergyBridge_tianjin_d24_hist_d24_1_2025-07-24_1day.log,benchmark_results/july_pilot_2026-07-20/2026-07-20/household_s1_dual_commuter_standard_EnergyBridge_tianjin_d24_hist_d24_1_2025-07-24_1day/run_summary.txt,0,76.649029,76.649029,64.247368,1.067001,normalized TOU cost/kWh,/home/hku_user3/EnergyBridge_shed_eval/experiments/real_data/tianjin_tou_price_normalized.csv,2.4799,2.4799,0.0,0.0,2.662,1.0,1.0,"['dishwasher', 'dryer', 'ev', 'washer', 'water_heater']",[],[]
household_s4_ev_commuter_flexible,household_s4_ev_commuter_flexible,EnergyBridge,Tianjin,1,2025-07-24,d24_hist_d24_1,hist_d24_1,24,/home/hku_user3/EnergyBridge_shed_eval/experiments/real_data/tianjin_tou_price_normalized.csv,18.0,1.0,benchmark_results/july_pilot_2026-07-20/2026-07-20/_batch_logs/daily_event_configs/d24_hist_d24_1.json,completed,0,183.7,benchmark_results/july_pilot_2026-07-20/2026-07-20/household_s4_ev_commuter_flexible_EnergyBridge_tianjin_d24_hist_d24_1_2025-07-24_1day,benchmark_results/july_pilot_2026-07-20/2026-07-20/_batch_logs/daily_dr_memory_tianjin_1day/household_s4_ev_commuter_flexible_EnergyBridge_tianjin_d24_hist_d24_1_2025-07-24_1day.log,benchmark_results/july_pilot_2026-07-20/2026-07-20/household_s4_ev_commuter_flexible_EnergyBridge_tianjin_d24_hist_d24_1_2025-07-24_1day/run_summary.txt,0,73.524975,73.524975,71.367834,1.082511,normalized TOU cost/kWh,/home/hku_user3/EnergyBridge_shed_eval/experiments/real_data/tianjin_tou_price_normalized.csv,0.7752,0.7752,1.0,1.0,4.185,1.0,1.0,"['dishwasher', 'dryer', 'ev', 'washer', 'water_heater']",[],[]
household_s5_shared_roommates_irregular,household_s5_shared_roommates_irregular,EnergyBridge,Tianjin,1,2025-07-24,d24_hist_d24_1,hist_d24_1,24,/home/hku_user3/EnergyBridge_shed_eval/experiments/real_data/tianjin_tou_price_normalized.csv,18.0,1.0,benchmark_results/july_pilot_2026-07-20/2026-07-20/_batch_logs/daily_event_configs/d24_hist_d24_1.json,completed,0,154.2,benchmark_results/july_pilot_2026-07-20/2026-07-20/household_s5_shared_roommates_irregular_EnergyBridge_tianjin_d24_hist_d24_1_2025-07-24_1day,benchmark_results/july_pilot_2026-07-20/2026-07-20/_batch_logs/daily_dr_memory_tianjin_1day/household_s5_shared_roommates_irregular_EnergyBridge_tianjin_d24_hist_d24_1_2025-07-24_1day.log,benchmark_results/july_pilot_2026-07-20/2026-07-20/household_s5_shared_roommates_irregular_EnergyBridge_tianjin_d24_hist_d24_1_2025-07-24_1day/run_summary.txt,0,70.511543,70.511543,55.130763,1.043448,normalized TOU cost/kWh,/home/hku_user3/EnergyBridge_shed_eval/experiments/real_data/tianjin_tou_price_normalized.csv,2.5197,2.5197,0.0,0.0,2.663,1.0,1.0,"['dishwasher', 'dryer', 'ev', 'washer', 'water_heater']",[],[]
household_s1_dual_commuter_standard,household_s1_dual_commuter_standard,EnergyBridge,Germany,1,2025-07-25,d25_hist_d25_1_patched,hist_d25_1_patched,25,/home/hku_user3/EnergyBridge_shed_eval/experiments/real_data/germany_2025_price.csv,18.0,1.0,benchmark_results/july_pilot_2026-07-20/2026-07-20/_batch_logs/daily_event_configs/d25_hist_d25_1_patched.json,completed,0,148.1,benchmark_results/july_pilot_2026-07-20/2026-07-20/household_s1_dual_commuter_standard_EnergyBridge_germany_d25_hist_d25_1_patched_2025-07-25_1day,benchmark_results/july_pilot_2026-07-20/2026-07-20/_batch_logs/daily_dr_memory_germany_1day/household_s1_dual_commuter_standard_EnergyBridge_germany_d25_hist_d25_1_patched_2025-07-25_1day.log,benchmark_results/july_pilot_2026-07-20/2026-07-20/household_s1_dual_commuter_standard_EnergyBridge_germany_d25_hist_d25_1_patched_2025-07-25_1day/run_summary.txt,0,69.403104,69.403104,18.336726,0.098604,EUR/kWh,/home/hku_user3/EnergyBridge_shed_eval/experiments/real_data/germany_2025_price.csv,8.2339,8.2339,0.0,0.0,2.692,1.0,1.0,"['dishwasher', 'dryer', 'ev', 'washer', 'water_heater']",[],[]
household_s3_hybrid_work_from_home,household_s3_hybrid_work_from_home,EnergyBridge,Germany,1,2025-07-25,d25_hist_d25_1_patched,hist_d25_1_patched,25,/home/hku_user3/EnergyBridge_shed_eval/experiments/real_data/germany_2025_price.csv,18.0,1.0,benchmark_results/july_pilot_2026-07-20/2026-07-20/_batch_logs/daily_event_configs/d25_hist_d25_1_patched.json,completed,0,118.0,benchmark_results/july_pilot_2026-07-20/2026-07-20/household_s3_hybrid_work_from_home_EnergyBridge_germany_d25_hist_d25_1_patched_2025-07-25_1day,benchmark_results/july_pilot_2026-07-20/2026-07-20/_batch_logs/daily_dr_memory_germany_1day/household_s3_hybrid_work_from_home_EnergyBridge_germany_d25_hist_d25_1_patched_2025-07-25_1day.log,benchmark_results/july_pilot_2026-07-20/2026-07-20/household_s3_hybrid_work_from_home_EnergyBridge_germany_d25_hist_d25_1_patched_2025-07-25_1day/run_summary.txt,0,61.896093,61.896093,18.17189,0.098332,EUR/kWh,/home/hku_user3/EnergyBridge_shed_eval/experiments/real_data/germany_2025_price.csv,6.4685,6.4685,1.0,1.0,4.18,1.0,1.0,"['dishwasher', 'dryer', 'ev', 'washer', 'water_heater']",[],[]
household_s2_multigeneration_caregiver,household_s2_multigeneration_caregiver,EnergyBridge,Germany,1,2025-07-25,d25_hist_d25_1_patched,hist_d25_1_patched,25,/home/hku_user3/EnergyBridge_shed_eval/experiments/real_data/germany_2025_price.csv,18.0,1.0,benchmark_results/july_pilot_2026-07-20/2026-07-20/_batch_logs/daily_event_configs/d25_hist_d25_1_patched.json,completed,0,193.2,benchmark_results/july_pilot_2026-07-20/2026-07-20/household_s2_multigeneration_caregiver_EnergyBridge_germany_d25_hist_d25_1_patched_2025-07-25_1day,benchmark_results/july_pilot_2026-07-20/2026-07-20/_batch_logs/daily_dr_memory_germany_1day/household_s2_multigeneration_caregiver_EnergyBridge_germany_d25_hist_d25_1_patched_2025-07-25_1day.log,benchmark_results/july_pilot_2026-07-20/2026-07-20/household_s2_multigeneration_caregiver_EnergyBridge_germany_d25_hist_d25_1_patched_2025-07-25_1day/run_summary.txt,0,61.834939,61.834939,17.541774,0.098217,EUR/kWh,/home/hku_user3/EnergyBridge_shed_eval/experiments/real_data/germany_2025_price.csv,6.6165,6.6165,1.0,1.0,4.28,1.0,1.0,"['dishwasher', 'dryer', 'ev', 'washer', 'water_heater']",[],[]
household_s5_shared_roommates_irregular,household_s5_shared_roommates_irregular,EnergyBridge,Germany,1,2025-07-25,d25_hist_d25_1_patched,hist_d25_1_patched,25,/home/hku_user3/EnergyBridge_shed_eval/experiments/real_data/germany_2025_price.csv,18.0,1.0,benchmark_results/july_pilot_2026-07-20/2026-07-20/_batch_logs/daily_event_configs/d25_hist_d25_1_patched.json,completed,0,155.9,benchmark_results/july_pilot_2026-07-20/2026-07-20/household_s5_shared_roommates_irregular_EnergyBridge_germany_d25_hist_d25_1_patched_2025-07-25_1day,benchmark_results/july_pilot_2026-07-20/2026-07-20/_batch_logs/daily_dr_memory_germany_1day/household_s5_shared_roommates_irregular_EnergyBridge_germany_d25_hist_d25_1_patched_2025-07-25_1day.log,benchmark_results/july_pilot_2026-07-20/2026-07-20/household_s5_shared_roommates_irregular_EnergyBridge_germany_d25_hist_d25_1_patched_2025-07-25_1day/run_summary.txt,0,63.169759,63.169759,18.047276,0.098561,EUR/kWh,/home/hku_user3/EnergyBridge_shed_eval/experiments/real_data/germany_2025_price.csv,6.9167,6.9167,1.0,1.0,4.075,1.0,1.0,"['dishwasher', 'dryer', 'ev', 'washer', 'water_heater']",[],[]
household_s4_ev_commuter_flexible,household_s4_ev_commuter_flexible,EnergyBridge,Germany,1,2025-07-25,d25_hist_d25_1_patched,hist_d25_1_patched,25,/home/hku_user3/EnergyBridge_shed_eval/experiments/real_data/germany_2025_price.csv,18.0,1.0,benchmark_results/july_pilot_2026-07-20/2026-07-20/_batch_logs/daily_event_configs/d25_hist_d25_1_patched.json,completed,0,164.4,benchmark_results/july_pilot_2026-07-20/2026-07-20/household_s4_ev_commuter_flexible_EnergyBridge_germany_d25_hist_d25_1_patched_2025-07-25_1day,benchmark_results/july_pilot_2026-07-20/2026-07-20/_batch_logs/daily_dr_memory_germany_1day/household_s4_ev_commuter_flexible_EnergyBridge_germany_d25_hist_d25_1_patched_2025-07-25_1day.log,benchmark_results/july_pilot_2026-07-20/2026-07-20/household_s4_ev_commuter_flexible_EnergyBridge_germany_d25_hist_d25_1_patched_2025-07-25_1day/run_summary.txt,0,71.332078,71.332078,18.900551,0.098816,EUR/kWh,/home/hku_user3/EnergyBridge_shed_eval/experiments/real_data/germany_2025_price.csv,6.9167,6.9167,1.0,1.0,4.418,1.0,1.0,"['dishwasher', 'dryer', 'ev', 'washer', 'water_heater']",[],[]
household_s1_dual_commuter_standard,household_s1_dual_commuter_standard,EnergyBridge,Tianjin,1,2025-07-25,d25_hist_d25_1_patched,hist_d25_1_patched,25,/home/hku_user3/EnergyBridge_shed_eval/experiments/real_data/tianjin_tou_price_normalized.csv,18.0,1.0,benchmark_results/july_pilot_2026-07-20/2026-07-20/_batch_logs/daily_event_configs/d25_hist_d25_1_patched.json,completed,0,176.6,benchmark_results/july_pilot_2026-07-20/2026-07-20/household_s1_dual_commuter_standard_EnergyBridge_tianjin_d25_hist_d25_1_patched_2025-07-25_1day,benchmark_results/july_pilot_2026-07-20/2026-07-20/_batch_logs/daily_dr_memory_tianjin_1day/household_s1_dual_commuter_standard_EnergyBridge_tianjin_d25_hist_d25_1_patched_2025-07-25_1day.log,benchmark_results/july_pilot_2026-07-20/2026-07-20/household_s1_dual_commuter_standard_EnergyBridge_tianjin_d25_hist_d25_1_patched_2025-07-25_1day/run_summary.txt,0,71.832166,71.832166,62.363886,1.074523,normalized TOU cost/kWh,/home/hku_user3/EnergyBridge_shed_eval/experiments/real_data/tianjin_tou_price_normalized.csv,2.378,2.378,0.0,0.0,2.662,1.0,1.0,"['dishwasher', 'dryer', 'ev', 'washer', 'water_heater']",[],[]
household_s3_hybrid_work_from_home,household_s3_hybrid_work_from_home,EnergyBridge,Tianjin,1,2025-07-25,d25_hist_d25_1_patched,hist_d25_1_patched,25,/home/hku_user3/EnergyBridge_shed_eval/experiments/real_data/tianjin_tou_price_normalized.csv,18.0,1.0,benchmark_results/july_pilot_2026-07-20/2026-07-20/_batch_logs/daily_event_configs/d25_hist_d25_1_patched.json,completed,0,175.9,benchmark_results/july_pilot_2026-07-20/2026-07-20/household_s3_hybrid_work_from_home_EnergyBridge_tianjin_d25_hist_d25_1_patched_2025-07-25_1day,benchmark_results/july_pilot_2026-07-20/2026-07-20/_batch_logs/daily_dr_memory_tianjin_1day/household_s3_hybrid_work_from_home_EnergyBridge_tianjin_d25_hist_d25_1_patched_2025-07-25_1day.log,benchmark_results/july_pilot_2026-07-20/2026-07-20/household_s3_hybrid_work_from_home_EnergyBridge_tianjin_d25_hist_d25_1_patched_2025-07-25_1day/run_summary.txt,0,61.88648,61.88648,65.773046,1.11839,normalized TOU cost/kWh,/home/hku_user3/EnergyBridge_shed_eval/experiments/real_data/tianjin_tou_price_normalized.csv,0.7709,0.7709,1.0,1.0,4.367,1.0,1.0,"['dishwasher', 'dryer', 'ev', 'washer', 'water_heater']",[],[]
household_s5_shared_roommates_irregular,household_s5_shared_roommates_irregular,EnergyBridge,Tianjin,1,2025-07-25,d25_hist_d25_1_patched,hist_d25_1_patched,25,/home/hku_user3/EnergyBridge_shed_eval/experiments/real_data/tianjin_tou_price_normalized.csv,18.0,1.0,benchmark_results/july_pilot_2026-07-20/2026-07-20/_batch_logs/daily_event_configs/d25_hist_d25_1_patched.json,completed,0,168.3,benchmark_results/july_pilot_2026-07-20/2026-07-20/household_s5_shared_roommates_irregular_EnergyBridge_tianjin_d25_hist_d25_1_patched_2025-07-25_1day,benchmark_results/july_pilot_2026-07-20/2026-07-20/_batch_logs/daily_dr_memory_tianjin_1day/household_s5_shared_roommates_irregular_EnergyBridge_tianjin_d25_hist_d25_1_patched_2025-07-25_1day.log,benchmark_results/july_pilot_2026-07-20/2026-07-20/household_s5_shared_roommates_irregular_EnergyBridge_tianjin_d25_hist_d25_1_patched_2025-07-25_1day/run_summary.txt,0,64.030798,64.030798,61.671512,1.103011,normalized TOU cost/kWh,/home/hku_user3/EnergyBridge_shed_eval/experiments/real_data/tianjin_tou_price_normalized.csv,0.7491,0.7491,1.0,1.0,4.098,1.0,1.0,"['dishwasher', 'dryer', 'ev', 'washer', 'water_heater']",[],[]
household_s4_ev_commuter_flexible,household_s4_ev_commuter_flexible,EnergyBridge,Tianjin,1,2025-07-25,d25_hist_d25_1_patched,hist_d25_1_patched,25,/home/hku_user3/EnergyBridge_shed_eval/experiments/real_data/tianjin_tou_price_normalized.csv,18.0,1.0,benchmark_results/july_pilot_2026-07-20/2026-07-20/_batch_logs/daily_event_configs/d25_hist_d25_1_patched.json,completed,0,194.1,benchmark_results/july_pilot_2026-07-20/2026-07-20/household_s4_ev_commuter_flexible_EnergyBridge_tianjin_d25_hist_d25_1_patched_2025-07-25_1day,benchmark_results/july_pilot_2026-07-20/2026-07-20/_batch_logs/daily_dr_memory_tianjin_1day/household_s4_ev_commuter_flexible_EnergyBridge_tianjin_d25_hist_d25_1_patched_2025-07-25_1day.log,benchmark_results/july_pilot_2026-07-20/2026-07-20/household_s4_ev_commuter_flexible_EnergyBridge_tianjin_d25_hist_d25_1_patched_2025-07-25_1day/run_summary.txt,0,69.006707,69.006707,69.449541,1.09005,normalized TOU cost/kWh,/home/hku_user3/EnergyBridge_shed_eval/experiments/real_data/tianjin_tou_price_normalized.csv,0.7473,0.7473,1.0,1.0,4.465,1.0,1.0,"['dishwasher', 'dryer', 'ev', 'washer', 'water_heater']",[],[]
household_s2_multigeneration_caregiver,household_s2_multigeneration_caregiver,EnergyBridge,Tianjin,1,2025-07-25,d25_hist_d25_1_patched,hist_d25_1_patched,25,/home/hku_user3/EnergyBridge_shed_eval/experiments/real_data/tianjin_tou_price_normalized.csv,18.0,1.0,benchmark_results/july_pilot_2026-07-20/2026-07-20/_batch_logs/daily_event_configs/d25_hist_d25_1_patched.json,completed,0,316.1,benchmark_results/july_pilot_2026-07-20/2026-07-20/household_s2_multigeneration_caregiver_EnergyBridge_tianjin_d25_hist_d25_1_patched_2025-07-25_1day,benchmark_results/july_pilot_2026-07-20/2026-07-20/_batch_logs/daily_dr_memory_tianjin_1day/household_s2_multigeneration_caregiver_EnergyBridge_tianjin_d25_hist_d25_1_patched_2025-07-25_1day.log,benchmark_results/july_pilot_2026-07-20/2026-07-20/household_s2_multigeneration_caregiver_EnergyBridge_tianjin_d25_hist_d25_1_patched_2025-07-25_1day/run_summary.txt,0,59.414285,59.414285,62.98587,1.126436,normalized TOU cost/kWh,/home/hku_user3/EnergyBridge_shed_eval/experiments/real_data/tianjin_tou_price_normalized.csv,0.9573,0.9573,1.0,1.0,4.296,1.0,1.0,"['dishwasher', 'dryer', 'ev', 'washer', 'water_heater']",[],[]
household_s1_dual_commuter_standard,household_s1_dual_commuter_standard,EnergyBridge,Germany,1,2025-07-26,d26_hist_d26_1_patched,hist_d26_1_patched,26,/home/hku_user3/EnergyBridge_shed_eval/experiments/real_data/germany_2025_price.csv,18.0,1.0,benchmark_results/july_pilot_2026-07-20/2026-07-20/_batch_logs/daily_event_configs/d26_hist_d26_1_patched.json,completed,0,204.8,benchmark_results/july_pilot_2026-07-20/2026-07-20/household_s1_dual_commuter_standard_EnergyBridge_germany_d26_hist_d26_1_patched_2025-07-26_1day,benchmark_results/july_pilot_2026-07-20/2026-07-20/_batch_logs/daily_dr_memory_germany_1day/household_s1_dual_commuter_standard_EnergyBridge_germany_d26_hist_d26_1_patched_2025-07-26_1day.log,benchmark_results/july_pilot_2026-07-20/2026-07-20/household_s1_dual_commuter_standard_EnergyBridge_germany_d26_hist_d26_1_patched_2025-07-26_1day/run_summary.txt,0,65.479682,65.479682,17.31266,0.092834,EUR/kWh,/home/hku_user3/EnergyBridge_shed_eval/experiments/real_data/germany_2025_price.csv,8.2853,8.2853,0.0,0.0,2.662,1.0,1.0,"['dishwasher', 'dryer', 'ev', 'washer', 'water_heater']",[],[]
household_s3_hybrid_work_from_home,household_s3_hybrid_work_from_home,EnergyBridge,Germany,1,2025-07-26,d26_hist_d26_1_patched,hist_d26_1_patched,26,/home/hku_user3/EnergyBridge_shed_eval/experiments/real_data/germany_2025_price.csv,18.0,1.0,benchmark_results/july_pilot_2026-07-20/2026-07-20/_batch_logs/daily_event_configs/d26_hist_d26_1_patched.json,completed,0,146.5,benchmark_results/july_pilot_2026-07-20/2026-07-20/household_s3_hybrid_work_from_home_EnergyBridge_germany_d26_hist_d26_1_patched_2025-07-26_1day,benchmark_results/july_pilot_2026-07-20/2026-07-20/_batch_logs/daily_dr_memory_germany_1day/household_s3_hybrid_work_from_home_EnergyBridge_germany_d26_hist_d26_1_patched_2025-07-26_1day.log,benchmark_results/july_pilot_2026-07-20/2026-07-20/household_s3_hybrid_work_from_home_EnergyBridge_germany_d26_hist_d26_1_patched_2025-07-26_1day/run_summary.txt,0,56.407089,56.407089,17.409556,0.092741,EUR/kWh,/home/hku_user3/EnergyBridge_shed_eval/experiments/real_data/germany_2025_price.csv,6.4815,6.4815,1.0,1.0,4.21,1.0,1.0,"['dishwasher', 'dryer', 'ev', 'washer', 'water_heater']",[],[]
household_s2_multigeneration_caregiver,household_s2_multigeneration_caregiver,EnergyBridge,Germany,1,2025-07-26,d26_hist_d26_1_patched,hist_d26_1_patched,26,/home/hku_user3/EnergyBridge_shed_eval/experiments/real_data/germany_2025_price.csv,18.0,1.0,benchmark_results/july_pilot_2026-07-20/2026-07-20/_batch_logs/daily_event_configs/d26_hist_d26_1_patched.json,completed,0,198.7,benchmark_results/july_pilot_2026-07-20/2026-07-20/household_s2_multigeneration_caregiver_EnergyBridge_germany_d26_hist_d26_1_patched_2025-07-26_1day,benchmark_results/july_pilot_2026-07-20/2026-07-20/_batch_logs/daily_dr_memory_germany_1day/household_s2_multigeneration_caregiver_EnergyBridge_germany_d26_hist_d26_1_patched_2025-07-26_1day.log,benchmark_results/july_pilot_2026-07-20/2026-07-20/household_s2_multigeneration_caregiver_EnergyBridge_germany_d26_hist_d26_1_patched_2025-07-26_1day/run_summary.txt,0,53.158962,53.158962,16.846373,0.092224,EUR/kWh,/home/hku_user3/EnergyBridge_shed_eval/experiments/real_data/germany_2025_price.csv,6.6356,6.6356,1.0,1.0,4.172,1.0,1.0,"['dishwasher', 'dryer', 'ev', 'washer', 'water_heater']",[],[]
household_s5_shared_roommates_irregular,household_s5_shared_roommates_irregular,EnergyBridge,Germany,1,2025-07-26,d26_hist_d26_1_patched,hist_d26_1_patched,26,/home/hku_user3/EnergyBridge_shed_eval/experiments/real_data/germany_2025_price.csv,18.0,1.0,benchmark_results/july_pilot_2026-07-20/2026-07-20/_batch_logs/daily_event_configs/d26_hist_d26_1_patched.json,completed,0,164.8,benchmark_results/july_pilot_2026-07-20/2026-07-20/household_s5_shared_roommates_irregular_EnergyBridge_germany_d26_hist_d26_1_patched_2025-07-26_1day,benchmark_results/july_pilot_2026-07-20/2026-07-20/_batch_logs/daily_dr_memory_germany_1day/household_s5_shared_roommates_irregular_EnergyBridge_germany_d26_hist_d26_1_patched_2025-07-26_1day.log,benchmark_results/july_pilot_2026-07-20/2026-07-20/household_s5_shared_roommates_irregular_EnergyBridge_germany_d26_hist_d26_1_patched_2025-07-26_1day/run_summary.txt,0,58.674654,58.674654,17.396042,0.093006,EUR/kWh,/home/hku_user3/EnergyBridge_shed_eval/experiments/real_data/germany_2025_price.csv,6.9369,6.9369,1.0,1.0,4.128,1.0,1.0,"['dishwasher', 'dryer', 'ev', 'washer', 'water_heater']",[],[]
household_s4_ev_commuter_flexible,household_s4_ev_commuter_flexible,EnergyBridge,Germany,1,2025-07-26,d26_hist_d26_1_patched,hist_d26_1_patched,26,/home/hku_user3/EnergyBridge_shed_eval/experiments/real_data/germany_2025_price.csv,18.0,1.0,benchmark_results/july_pilot_2026-07-20/2026-07-20/_batch_logs/daily_event_configs/d26_hist_d26_1_patched.json,completed,0,219.7,benchmark_results/july_pilot_2026-07-20/2026-07-20/household_s4_ev_commuter_flexible_EnergyBridge_germany_d26_hist_d26_1_patched_2025-07-26_1day,benchmark_results/july_pilot_2026-07-20/2026-07-20/_batch_logs/daily_dr_memory_germany_1day/household_s4_ev_commuter_flexible_EnergyBridge_germany_d26_hist_d26_1_patched_2025-07-26_1day.log,benchmark_results/july_pilot_2026-07-20/2026-07-20/household_s4_ev_commuter_flexible_EnergyBridge_germany_d26_hist_d26_1_patched_2025-07-26_1day/run_summary.txt,0,72.394949,72.394949,17.625114,0.093078,EUR/kWh,/home/hku_user3/EnergyBridge_shed_eval/experiments/real_data/germany_2025_price.csv,7.5431,7.5431,0.0,0.0,2.7,1.0,1.0,"['dishwasher', 'dryer', 'ev', 'washer', 'water_heater']",[],[]
household_s1_dual_commuter_standard,household_s1_dual_commuter_standard,EnergyBridge,Tianjin,1,2025-07-26,d26_hist_d26_1_patched,hist_d26_1_patched,26,/home/hku_user3/EnergyBridge_shed_eval/experiments/real_data/tianjin_tou_price_normalized.csv,18.0,1.0,benchmark_results/july_pilot_2026-07-20/2026-07-20/_batch_logs/daily_event_configs/d26_hist_d26_1_patched.json,completed,0,164.1,benchmark_results/july_pilot_2026-07-20/2026-07-20/household_s1_dual_commuter_standard_EnergyBridge_tianjin_d26_hist_d26_1_patched_2025-07-26_1day,benchmark_results/july_pilot_2026-07-20/2026-07-20/_batch_logs/daily_dr_memory_tianjin_1day/household_s1_dual_commuter_standard_EnergyBridge_tianjin_d26_hist_d26_1_patched_2025-07-26_1day.log,benchmark_results/july_pilot_2026-07-20/2026-07-20/household_s1_dual_commuter_standard_EnergyBridge_tianjin_d26_hist_d26_1_patched_2025-07-26_1day/run_summary.txt,0,84.913863,84.913863,64.703595,1.199971,normalized TOU cost/kWh,/home/hku_user3/EnergyBridge_shed_eval/experiments/real_data/tianjin_tou_price_normalized.csv,2.9646,2.9646,0.0,0.0,2.662,1.0,1.0,"['dishwasher', 'dryer', 'ev', 'washer', 'water_heater']",[],[]
household_s3_hybrid_work_from_home,household_s3_hybrid_work_from_home,EnergyBridge,Tianjin,1,2025-07-26,d26_hist_d26_1_patched,hist_d26_1_patched,26,/home/hku_user3/EnergyBridge_shed_eval/experiments/real_data/tianjin_tou_price_normalized.csv,18.0,1.0,benchmark_results/july_pilot_2026-07-20/2026-07-20/_batch_logs/daily_event_configs/d26_hist_d26_1_patched.json,completed,0,123.5,benchmark_results/july_pilot_2026-07-20/2026-07-20/household_s3_hybrid_work_from_home_EnergyBridge_tianjin_d26_hist_d26_1_patched_2025-07-26_1day,benchmark_results/july_pilot_2026-07-20/2026-07-20/_batch_logs/daily_dr_memory_tianjin_1day/household_s3_hybrid_work_from_home_EnergyBridge_tianjin_d26_hist_d26_1_patched_2025-07-26_1day.log,benchmark_results/july_pilot_2026-07-20/2026-07-20/household_s3_hybrid_work_from_home_EnergyBridge_tianjin_d26_hist_d26_1_patched_2025-07-26_1day/run_summary.txt,0,72.446259,72.446259,70.360077,1.250601,normalized TOU cost/kWh,/home/hku_user3/EnergyBridge_shed_eval/experiments/real_data/tianjin_tou_price_normalized.csv,1.0172,1.0172,1.0,1.0,4.337,1.0,1.0,"['dishwasher', 'dryer', 'ev', 'washer', 'water_heater']",[],[]
household_s2_multigeneration_caregiver,household_s2_multigeneration_caregiver,EnergyBridge,Tianjin,1,2025-07-26,d26_hist_d26_1_patched,hist_d26_1_patched,26,/home/hku_user3/EnergyBridge_shed_eval/experiments/real_data/tianjin_tou_price_normalized.csv,18.0,1.0,benchmark_results/july_pilot_2026-07-20/2026-07-20/_batch_logs/daily_event_configs/d26_hist_d26_1_patched.json,completed,0,154.8,benchmark_results/july_pilot_2026-07-20/2026-07-20/household_s2_multigeneration_caregiver_EnergyBridge_tianjin_d26_hist_d26_1_patched_2025-07-26_1day,benchmark_results/july_pilot_2026-07-20/2026-07-20/_batch_logs/daily_dr_memory_tianjin_1day/household_s2_multigeneration_caregiver_EnergyBridge_tianjin_d26_hist_d26_1_patched_2025-07-26_1day.log,benchmark_results/july_pilot_2026-07-20/2026-07-20/household_s2_multigeneration_caregiver_EnergyBridge_tianjin_d26_hist_d26_1_patched_2025-07-26_1day/run_summary.txt,0,74.115798,74.115798,68.954677,1.230885,normalized TOU cost/kWh,/home/hku_user3/EnergyBridge_shed_eval/experiments/real_data/tianjin_tou_price_normalized.csv,1.2778,1.2778,1.0,1.0,4.238,1.0,1.0,"['dishwasher', 'dryer', 'ev', 'washer', 'water_heater']",[],[]
household_s4_ev_commuter_flexible,household_s4_ev_commuter_flexible,EnergyBridge,Tianjin,1,2025-07-26,d26_hist_d26_1_patched,hist_d26_1_patched,26,/home/hku_user3/EnergyBridge_shed_eval/experiments/real_data/tianjin_tou_price_normalized.csv,18.0,1.0,benchmark_results/july_pilot_2026-07-20/2026-07-20/_batch_logs/daily_event_configs/d26_hist_d26_1_patched.json,completed,0,161.4,benchmark_results/july_pilot_2026-07-20/2026-07-20/household_s4_ev_commuter_flexible_EnergyBridge_tianjin_d26_hist_d26_1_patched_2025-07-26_1day,benchmark_results/july_pilot_2026-07-20/2026-07-20/_batch_logs/daily_dr_memory_tianjin_1day/household_s4_ev_commuter_flexible_EnergyBridge_tianjin_d26_hist_d26_1_patched_2025-07-26_1day.log,benchmark_results/july_pilot_2026-07-20/2026-07-20/household_s4_ev_commuter_flexible_EnergyBridge_tianjin_d26_hist_d26_1_patched_2025-07-26_1day/run_summary.txt,0,80.585866,80.585866,72.800507,1.228112,normalized TOU cost/kWh,/home/hku_user3/EnergyBridge_shed_eval/experiments/real_data/tianjin_tou_price_normalized.csv,1.6191,1.6191,1.0,1.0,4.325,1.0,1.0,"['dishwasher', 'dryer', 'ev', 'washer', 'water_heater']",[],[]
household_s5_shared_roommates_irregular,household_s5_shared_roommates_irregular,EnergyBridge,Tianjin,1,2025-07-26,d26_hist_d26_1_patched,hist_d26_1_patched,26,/home/hku_user3/EnergyBridge_shed_eval/experiments/real_data/tianjin_tou_price_normalized.csv,18.0,1.0,benchmark_results/july_pilot_2026-07-20/2026-07-20/_batch_logs/daily_event_configs/d26_hist_d26_1_patched.json,completed,0,144.5,benchmark_results/july_pilot_2026-07-20/2026-07-20/household_s5_shared_roommates_irregular_EnergyBridge_tianjin_d26_hist_d26_1_patched_2025-07-26_1day,benchmark_results/july_pilot_2026-07-20/2026-07-20/_batch_logs/daily_dr_memory_tianjin_1day/household_s5_shared_roommates_irregular_EnergyBridge_tianjin_d26_hist_d26_1_patched_2025-07-26_1day.log,benchmark_results/july_pilot_2026-07-20/2026-07-20/household_s5_shared_roommates_irregular_EnergyBridge_tianjin_d26_hist_d26_1_patched_2025-07-26_1day/run_summary.txt,0,75.326246,75.326246,64.400534,1.260561,normalized TOU cost/kWh,/home/hku_user3/EnergyBridge_shed_eval/experiments/real_data/tianjin_tou_price_normalized.csv,1.2257,1.2257,1.0,1.0,4.215,1.0,1.0,"['dishwasher', 'dryer', 'ev', 'washer', 'water_heater']",[],[]
household_s1_dual_commuter_standard,household_s1_dual_commuter_standard,EnergyBridge,Germany,1,2025-07-27,d27_hist_d27_1_patched,hist_d27_1_patched,27,/home/hku_user3/EnergyBridge_shed_eval/experiments/real_data/germany_2025_price.csv,18.0,1.0,benchmark_results/july_pilot_2026-07-20/2026-07-20/_batch_logs/daily_event_configs/d27_hist_d27_1_patched.json,completed,0,157.3,benchmark_results/july_pilot_2026-07-20/2026-07-20/household_s1_dual_commuter_standard_EnergyBridge_germany_d27_hist_d27_1_patched_2025-07-27_1day,benchmark_results/july_pilot_2026-07-20/2026-07-20/_batch_logs/daily_dr_memory_germany_1day/household_s1_dual_commuter_standard_EnergyBridge_germany_d27_hist_d27_1_patched_2025-07-27_1day.log,benchmark_results/july_pilot_2026-07-20/2026-07-20/household_s1_dual_commuter_standard_EnergyBridge_germany_d27_hist_d27_1_patched_2025-07-27_1day/run_summary.txt,0,56.273887,56.273887,15.424463,0.08253,EUR/kWh,/home/hku_user3/EnergyBridge_shed_eval/experiments/real_data/germany_2025_price.csv,6.2747,6.2747,1.0,1.0,4.113,1.0,1.0,"['dishwasher', 'dryer', 'ev', 'washer', 'water_heater']",[],[]
household_s3_hybrid_work_from_home,household_s3_hybrid_work_from_home,EnergyBridge,Germany,1,2025-07-27,d27_hist_d27_1_patched,hist_d27_1_patched,27,/home/hku_user3/EnergyBridge_shed_eval/experiments/real_data/germany_2025_price.csv,18.0,1.0,benchmark_results/july_pilot_2026-07-20/2026-07-20/_batch_logs/daily_event_configs/d27_hist_d27_1_patched.json,completed,0,122.1,benchmark_results/july_pilot_2026-07-20/2026-07-20/household_s3_hybrid_work_from_home_EnergyBridge_germany_d27_hist_d27_1_patched_2025-07-27_1day,benchmark_results/july_pilot_2026-07-20/2026-07-20/_batch_logs/daily_dr_memory_germany_1day/household_s3_hybrid_work_from_home_EnergyBridge_germany_d27_hist_d27_1_patched_2025-07-27_1day.log,benchmark_results/july_pilot_2026-07-20/2026-07-20/household_s3_hybrid_work_from_home_EnergyBridge_germany_d27_hist_d27_1_patched_2025-07-27_1day/run_summary.txt,0,51.802259,51.802259,15.059621,0.082235,EUR/kWh,/home/hku_user3/EnergyBridge_shed_eval/experiments/real_data/germany_2025_price.csv,6.2083,6.2083,1.0,1.0,4.18,1.0,1.0,"['dishwasher', 'dryer', 'ev', 'washer', 'water_heater']",[],[]
household_s2_multigeneration_caregiver,household_s2_multigeneration_caregiver,EnergyBridge,Germany,1,2025-07-27,d27_hist_d27_1_patched,hist_d27_1_patched,27,/home/hku_user3/EnergyBridge_shed_eval/experiments/real_data/germany_2025_price.csv,18.0,1.0,benchmark_results/july_pilot_2026-07-20/2026-07-20/_batch_logs/daily_event_configs/d27_hist_d27_1_patched.json,completed,0,170.3,benchmark_results/july_pilot_2026-07-20/2026-07-20/household_s2_multigeneration_caregiver_EnergyBridge_germany_d27_hist_d27_1_patched_2025-07-27_1day,benchmark_results/july_pilot_2026-07-20/2026-07-20/_batch_logs/daily_dr_memory_germany_1day/household_s2_multigeneration_caregiver_EnergyBridge_germany_d27_hist_d27_1_patched_2025-07-27_1day.log,benchmark_results/july_pilot_2026-07-20/2026-07-20/household_s2_multigeneration_caregiver_EnergyBridge_germany_d27_hist_d27_1_patched_2025-07-27_1day/run_summary.txt,0,49.30477,49.30477,14.527061,0.081651,EUR/kWh,/home/hku_user3/EnergyBridge_shed_eval/experiments/real_data/germany_2025_price.csv,7.4366,7.4366,0.0,0.0,2.6,1.0,1.0,"['dishwasher', 'dryer', 'ev', 'washer', 'water_heater']",[],[]
household_s4_ev_commuter_flexible,household_s4_ev_commuter_flexible,EnergyBridge,Germany,1,2025-07-27,d27_hist_d27_1_patched,hist_d27_1_patched,27,/home/hku_user3/EnergyBridge_shed_eval/experiments/real_data/germany_2025_price.csv,18.0,1.0,benchmark_results/july_pilot_2026-07-20/2026-07-20/_batch_logs/daily_event_configs/d27_hist_d27_1_patched.json,completed,0,191.7,benchmark_results/july_pilot_2026-07-20/2026-07-20/household_s4_ev_commuter_flexible_EnergyBridge_germany_d27_hist_d27_1_patched_2025-07-27_1day,benchmark_results/july_pilot_2026-07-20/2026-07-20/_batch_logs/daily_dr_memory_germany_1day/household_s4_ev_commuter_flexible_EnergyBridge_germany_d27_hist_d27_1_patched_2025-07-27_1day.log,benchmark_results/july_pilot_2026-07-20/2026-07-20/household_s4_ev_commuter_flexible_EnergyBridge_germany_d27_hist_d27_1_patched_2025-07-27_1day/run_summary.txt,0,64.147363,64.147363,15.491949,0.082798,EUR/kWh,/home/hku_user3/EnergyBridge_shed_eval/experiments/real_data/germany_2025_price.csv,6.8553,6.8553,0.0,0.0,2.7,1.0,1.0,"['dishwasher', 'dryer', 'ev', 'washer', 'water_heater']",[],[]
household_s5_shared_roommates_irregular,household_s5_shared_roommates_irregular,EnergyBridge,Germany,1,2025-07-27,d27_hist_d27_1_patched,hist_d27_1_patched,27,/home/hku_user3/EnergyBridge_shed_eval/experiments/real_data/germany_2025_price.csv,18.0,1.0,benchmark_results/july_pilot_2026-07-20/2026-07-20/_batch_logs/daily_event_configs/d27_hist_d27_1_patched.json,completed,0,193.8,benchmark_results/july_pilot_2026-07-20/2026-07-20/household_s5_shared_roommates_irregular_EnergyBridge_germany_d27_hist_d27_1_patched_2025-07-27_1day,benchmark_results/july_pilot_2026-07-20/2026-07-20/_batch_logs/daily_dr_memory_germany_1day/household_s5_shared_roommates_irregular_EnergyBridge_germany_d27_hist_d27_1_patched_2025-07-27_1day.log,benchmark_results/july_pilot_2026-07-20/2026-07-20/household_s5_shared_roommates_irregular_EnergyBridge_germany_d27_hist_d27_1_patched_2025-07-27_1day/run_summary.txt,0,53.291325,53.291325,14.724726,0.082155,EUR/kWh,/home/hku_user3/EnergyBridge_shed_eval/experiments/real_data/germany_2025_price.csv,7.507,7.507,0.0,0.0,2.663,1.0,1.0,"['dishwasher', 'dryer', 'ev', 'washer', 'water_heater']",[],[]
household_s1_dual_commuter_standard,household_s1_dual_commuter_standard,EnergyBridge,Tianjin,1,2025-07-27,d27_hist_d27_1_patched,hist_d27_1_patched,27,/home/hku_user3/EnergyBridge_shed_eval/experiments/real_data/tianjin_tou_price_normalized.csv,18.0,1.0,benchmark_results/july_pilot_2026-07-20/2026-07-20/_batch_logs/daily_event_configs/d27_hist_d27_1_patched.json,completed,0,241.5,benchmark_results/july_pilot_2026-07-20/2026-07-20/household_s1_dual_commuter_standard_EnergyBridge_tianjin_d27_hist_d27_1_patched_2025-07-27_1day,benchmark_results/july_pilot_2026-07-20/2026-07-20/_batch_logs/daily_dr_memory_tianjin_1day/household_s1_dual_commuter_standard_EnergyBridge_tianjin_d27_hist_d27_1_patched_2025-07-27_1day.log,benchmark_results/july_pilot_2026-07-20/2026-07-20/household_s1_dual_commuter_standard_EnergyBridge_tianjin_d27_hist_d27_1_patched_2025-07-27_1day/run_summary.txt,0,60.469104,60.469104,59.718368,1.158104,normalized TOU cost/kWh,/home/hku_user3/EnergyBridge_shed_eval/experiments/real_data/tianjin_tou_price_normalized.csv,0.4875,0.4875,1.0,1.0,4.375,1.0,1.0,"['dishwasher', 'dryer', 'ev', 'washer', 'water_heater']",[],[]
household_s2_multigeneration_caregiver,household_s2_multigeneration_caregiver,EnergyBridge,Tianjin,1,2025-07-27,d27_hist_d27_1_patched,hist_d27_1_patched,27,/home/hku_user3/EnergyBridge_shed_eval/experiments/real_data/tianjin_tou_price_normalized.csv,18.0,1.0,benchmark_results/july_pilot_2026-07-20/2026-07-20/_batch_logs/daily_event_configs/d27_hist_d27_1_patched.json,completed,0,259.5,benchmark_results/july_pilot_2026-07-20/2026-07-20/household_s2_multigeneration_caregiver_EnergyBridge_tianjin_d27_hist_d27_1_patched_2025-07-27_1day,benchmark_results/july_pilot_2026-07-20/2026-07-20/_batch_logs/daily_dr_memory_tianjin_1day/household_s2_multigeneration_caregiver_EnergyBridge_tianjin_d27_hist_d27_1_patched_2025-07-27_1day.log,benchmark_results/july_pilot_2026-07-20/2026-07-20/household_s2_multigeneration_caregiver_EnergyBridge_tianjin_d27_hist_d27_1_patched_2025-07-27_1day/run_summary.txt,0,55.121923,55.121923,52.710693,1.184411,normalized TOU cost/kWh,/home/hku_user3/EnergyBridge_shed_eval/experiments/real_data/tianjin_tou_price_normalized.csv,1.8808,1.8808,0.0,0.0,2.6,1.0,1.0,"['dishwasher', 'dryer', 'ev', 'washer', 'water_heater']",[],[]
household_s3_hybrid_work_from_home,household_s3_hybrid_work_from_home,EnergyBridge,Tianjin,1,2025-07-27,d27_hist_d27_1_patched,hist_d27_1_patched,27,/home/hku_user3/EnergyBridge_shed_eval/experiments/real_data/tianjin_tou_price_normalized.csv,18.0,1.0,benchmark_results/july_pilot_2026-07-20/2026-07-20/_batch_logs/daily_event_configs/d27_hist_d27_1_patched.json,completed,0,228.3,benchmark_results/july_pilot_2026-07-20/2026-07-20/household_s3_hybrid_work_from_home_EnergyBridge_tianjin_d27_hist_d27_1_patched_2025-07-27_1day,benchmark_results/july_pilot_2026-07-20/2026-07-20/_batch_logs/daily_dr_memory_tianjin_1day/household_s3_hybrid_work_from_home_EnergyBridge_tianjin_d27_hist_d27_1_patched_2025-07-27_1day.log,benchmark_results/july_pilot_2026-07-20/2026-07-20/household_s3_hybrid_work_from_home_EnergyBridge_tianjin_d27_hist_d27_1_patched_2025-07-27_1day/run_summary.txt,0,55.540089,55.540089,56.742642,1.176314,normalized TOU cost/kWh,/home/hku_user3/EnergyBridge_shed_eval/experiments/real_data/tianjin_tou_price_normalized.csv,0.5119,0.5119,1.0,1.0,4.367,1.0,1.0,"['dishwasher', 'dryer', 'ev', 'washer', 'water_heater']",[],[]
household_s4_ev_commuter_flexible,household_s4_ev_commuter_flexible,EnergyBridge,Tianjin,1,2025-07-27,d27_hist_d27_1_patched,hist_d27_1_patched,27,/home/hku_user3/EnergyBridge_shed_eval/experiments/real_data/tianjin_tou_price_normalized.csv,18.0,1.0,benchmark_results/july_pilot_2026-07-20/2026-07-20/_batch_logs/daily_event_configs/d27_hist_d27_1_patched.json,completed,0,198.0,benchmark_results/july_pilot_2026-07-20/2026-07-20/household_s4_ev_commuter_flexible_EnergyBridge_tianjin_d27_hist_d27_1_patched_2025-07-27_1day,benchmark_results/july_pilot_2026-07-20/2026-07-20/_batch_logs/daily_dr_memory_tianjin_1day/household_s4_ev_commuter_flexible_EnergyBridge_tianjin_d27_hist_d27_1_patched_2025-07-27_1day.log,benchmark_results/july_pilot_2026-07-20/2026-07-20/household_s4_ev_commuter_flexible_EnergyBridge_tianjin_d27_hist_d27_1_patched_2025-07-27_1day/run_summary.txt,0,63.621046,63.621046,59.220467,1.127009,normalized TOU cost/kWh,/home/hku_user3/EnergyBridge_shed_eval/experiments/real_data/tianjin_tou_price_normalized.csv,1.8798,1.8798,0.0,0.0,2.7,1.0,1.0,"['dishwasher', 'dryer', 'ev', 'washer', 'water_heater']",[],[]
household_s5_shared_roommates_irregular,household_s5_shared_roommates_irregular,EnergyBridge,Tianjin,1,2025-07-27,d27_hist_d27_1_patched,hist_d27_1_patched,27,/home/hku_user3/EnergyBridge_shed_eval/experiments/real_data/tianjin_tou_price_normalized.csv,18.0,1.0,benchmark_results/july_pilot_2026-07-20/2026-07-20/_batch_logs/daily_event_configs/d27_hist_d27_1_patched.json,completed,0,185.0,benchmark_results/july_pilot_2026-07-20/2026-07-20/household_s5_shared_roommates_irregular_EnergyBridge_tianjin_d27_hist_d27_1_patched_2025-07-27_1day,benchmark_results/july_pilot_2026-07-20/2026-07-20/_batch_logs/daily_dr_memory_tianjin_1day/household_s5_shared_roommates_irregular_EnergyBridge_tianjin_d27_hist_d27_1_patched_2025-07-27_1day.log,benchmark_results/july_pilot_2026-07-20/2026-07-20/household_s5_shared_roommates_irregular_EnergyBridge_tianjin_d27_hist_d27_1_patched_2025-07-27_1day/run_summary.txt,0,55.458728,55.458728,51.058148,1.150367,normalized TOU cost/kWh,/home/hku_user3/EnergyBridge_shed_eval/experiments/real_data/tianjin_tou_price_normalized.csv,1.8798,1.8798,0.0,0.0,2.663,1.0,1.0,"['dishwasher', 'dryer', 'ev', 'washer', 'water_heater']",[],[]
household_s1_dual_commuter_standard,household_s1_dual_commuter_standard,EnergyBridge,Germany,1,2025-07-28,d28_hist_d28_1_patched,hist_d28_1_patched,28,/home/hku_user3/EnergyBridge_shed_eval/experiments/real_data/germany_2025_price.csv,18.0,1.0,benchmark_results/july_pilot_2026-07-20/2026-07-20/_batch_logs/daily_event_configs/d28_hist_d28_1_patched.json,completed,0,163.0,benchmark_results/july_pilot_2026-07-20/2026-07-20/household_s1_dual_commuter_standard_EnergyBridge_germany_d28_hist_d28_1_patched_2025-07-28_1day,benchmark_results/july_pilot_2026-07-20/2026-07-20/_batch_logs/daily_dr_memory_germany_1day/household_s1_dual_commuter_standard_EnergyBridge_germany_d28_hist_d28_1_patched_2025-07-28_1day.log,benchmark_results/july_pilot_2026-07-20/2026-07-20/household_s1_dual_commuter_standard_EnergyBridge_germany_d28_hist_d28_1_patched_2025-07-28_1day/run_summary.txt,0,59.174557,59.174557,16.336877,0.089384,EUR/kWh,/home/hku_user3/EnergyBridge_shed_eval/experiments/real_data/germany_2025_price.csv,7.5152,7.5152,0.0,0.0,2.662,1.0,1.0,"['dishwasher', 'dryer', 'ev', 'washer', 'water_heater']",[],[]
household_s3_hybrid_work_from_home,household_s3_hybrid_work_from_home,EnergyBridge,Germany,1,2025-07-28,d28_hist_d28_1_patched,hist_d28_1_patched,28,/home/hku_user3/EnergyBridge_shed_eval/experiments/real_data/germany_2025_price.csv,18.0,1.0,benchmark_results/july_pilot_2026-07-20/2026-07-20/_batch_logs/daily_event_configs/d28_hist_d28_1_patched.json,completed,0,118.7,benchmark_results/july_pilot_2026-07-20/2026-07-20/household_s3_hybrid_work_from_home_EnergyBridge_germany_d28_hist_d28_1_patched_2025-07-28_1day,benchmark_results/july_pilot_2026-07-20/2026-07-20/_batch_logs/daily_dr_memory_germany_1day/household_s3_hybrid_work_from_home_EnergyBridge_germany_d28_hist_d28_1_patched_2025-07-28_1day.log,benchmark_results/july_pilot_2026-07-20/2026-07-20/household_s3_hybrid_work_from_home_EnergyBridge_germany_d28_hist_d28_1_patched_2025-07-28_1day/run_summary.txt,0,52.196325,52.196325,16.049776,0.089189,EUR/kWh,/home/hku_user3/EnergyBridge_shed_eval/experiments/real_data/germany_2025_price.csv,6.1953,6.1953,1.0,1.0,4.18,1.0,1.0,"['dishwasher', 'dryer', 'ev', 'washer', 'water_heater']",[],[]
household_s2_multigeneration_caregiver,household_s2_multigeneration_caregiver,EnergyBridge,Germany,1,2025-07-28,d28_hist_d28_1_patched,hist_d28_1_patched,28,/home/hku_user3/EnergyBridge_shed_eval/experiments/real_data/germany_2025_price.csv,18.0,1.0,benchmark_results/july_pilot_2026-07-20/2026-07-20/_batch_logs/daily_event_configs/d28_hist_d28_1_patched.json,completed,0,155.7,benchmark_results/july_pilot_2026-07-20/2026-07-20/household_s2_multigeneration_caregiver_EnergyBridge_germany_d28_hist_d28_1_patched_2025-07-28_1day,benchmark_results/july_pilot_2026-07-20/2026-07-20/_batch_logs/daily_dr_memory_germany_1day/household_s2_multigeneration_caregiver_EnergyBridge_germany_d28_hist_d28_1_patched_2025-07-28_1day.log,benchmark_results/july_pilot_2026-07-20/2026-07-20/household_s2_multigeneration_caregiver_EnergyBridge_germany_d28_hist_d28_1_patched_2025-07-28_1day/run_summary.txt,0,48.196564,48.196564,15.763282,0.089236,EUR/kWh,/home/hku_user3/EnergyBridge_shed_eval/experiments/real_data/germany_2025_price.csv,6.2894,6.2894,1.0,1.0,4.404,1.0,1.0,"['dishwasher', 'dryer', 'ev', 'washer', 'water_heater']",[],[]
household_s5_shared_roommates_irregular,household_s5_shared_roommates_irregular,EnergyBridge,Germany,1,2025-07-28,d28_hist_d28_1_patched,hist_d28_1_patched,28,/home/hku_user3/EnergyBridge_shed_eval/experiments/real_data/germany_2025_price.csv,18.0,1.0,benchmark_results/july_pilot_2026-07-20/2026-07-20/_batch_logs/daily_event_configs/d28_hist_d28_1_patched.json,completed,0,162.2,benchmark_results/july_pilot_2026-07-20/2026-07-20/household_s5_shared_roommates_irregular_EnergyBridge_germany_d28_hist_d28_1_patched_2025-07-28_1day,benchmark_results/july_pilot_2026-07-20/2026-07-20/_batch_logs/daily_dr_memory_germany_1day/household_s5_shared_roommates_irregular_EnergyBridge_germany_d28_hist_d28_1_patched_2025-07-28_1day.log,benchmark_results/july_pilot_2026-07-20/2026-07-20/household_s5_shared_roommates_irregular_EnergyBridge_germany_d28_hist_d28_1_patched_2025-07-28_1day/run_summary.txt,0,52.573303,52.573303,15.960326,0.089278,EUR/kWh,/home/hku_user3/EnergyBridge_shed_eval/experiments/real_data/germany_2025_price.csv,6.196,6.196,1.0,1.0,4.237,1.0,1.0,"['dishwasher', 'dryer', 'ev', 'washer', 'water_heater']",[],[]
household_s4_ev_commuter_flexible,household_s4_ev_commuter_flexible,EnergyBridge,Germany,1,2025-07-28,d28_hist_d28_1_patched,hist_d28_1_patched,28,/home/hku_user3/EnergyBridge_shed_eval/experiments/real_data/germany_2025_price.csv,18.0,1.0,benchmark_results/july_pilot_2026-07-20/2026-07-20/_batch_logs/daily_event_configs/d28_hist_d28_1_patched.json,completed,0,179.5,benchmark_results/july_pilot_2026-07-20/2026-07-20/household_s4_ev_commuter_flexible_EnergyBridge_germany_d28_hist_d28_1_patched_2025-07-28_1day,benchmark_results/july_pilot_2026-07-20/2026-07-20/_batch_logs/daily_dr_memory_germany_1day/household_s4_ev_commuter_flexible_EnergyBridge_germany_d28_hist_d28_1_patched_2025-07-28_1day.log,benchmark_results/july_pilot_2026-07-20/2026-07-20/household_s4_ev_commuter_flexible_EnergyBridge_germany_d28_hist_d28_1_patched_2025-07-28_1day/run_summary.txt,0,60.735622,60.735622,16.710553,0.089393,EUR/kWh,/home/hku_user3/EnergyBridge_shed_eval/experiments/real_data/germany_2025_price.csv,6.196,6.196,1.0,1.0,4.438,1.0,1.0,"['dishwasher', 'dryer', 'ev', 'washer', 'water_heater']",[],[]
household_s2_multigeneration_caregiver,household_s2_multigeneration_caregiver,EnergyBridge,Tianjin,1,2025-07-28,d28_hist_d28_1_patched,hist_d28_1_patched,28,/home/hku_user3/EnergyBridge_shed_eval/experiments/real_data/tianjin_tou_price_normalized.csv,18.0,1.0,benchmark_results/july_pilot_2026-07-20/2026-07-20/_batch_logs/daily_event_configs/d28_hist_d28_1_patched.json,completed,0,156.7,benchmark_results/july_pilot_2026-07-20/2026-07-20/household_s2_multigeneration_caregiver_EnergyBridge_tianjin_d28_hist_d28_1_patched_2025-07-28_1day,benchmark_results/july_pilot_2026-07-20/2026-07-20/_batch_logs/daily_dr_memory_tianjin_1day/household_s2_multigeneration_caregiver_EnergyBridge_tianjin_d28_hist_d28_1_patched_2025-07-28_1day.log,benchmark_results/july_pilot_2026-07-20/2026-07-20/household_s2_multigeneration_caregiver_EnergyBridge_tianjin_d28_hist_d28_1_patched_2025-07-28_1day/run_summary.txt,0,74.34261,74.34261,75.65622,1.157529,normalized TOU cost/kWh,/home/hku_user3/EnergyBridge_shed_eval/experiments/real_data/tianjin_tou_price_normalized.csv,1.9303,1.9303,1.0,1.0,4.134,1.0,1.0,"['dishwasher', 'dryer', 'ev', 'washer', 'water_heater']",[],[]
household_s3_hybrid_work_from_home,household_s3_hybrid_work_from_home,EnergyBridge,Tianjin,1,2025-07-28,d28_hist_d28_1_patched,hist_d28_1_patched,28,/home/hku_user3/EnergyBridge_shed_eval/experiments/real_data/tianjin_tou_price_normalized.csv,18.0,1.0,benchmark_results/july_pilot_2026-07-20/2026-07-20/_batch_logs/daily_event_configs/d28_hist_d28_1_patched.json,completed,0,139.3,benchmark_results/july_pilot_2026-07-20/2026-07-20/household_s3_hybrid_work_from_home_EnergyBridge_tianjin_d28_hist_d28_1_patched_2025-07-28_1day,benchmark_results/july_pilot_2026-07-20/2026-07-20/_batch_logs/daily_dr_memory_tianjin_1day/household_s3_hybrid_work_from_home_EnergyBridge_tianjin_d28_hist_d28_1_patched_2025-07-28_1day.log,benchmark_results/july_pilot_2026-07-20/2026-07-20/household_s3_hybrid_work_from_home_EnergyBridge_tianjin_d28_hist_d28_1_patched_2025-07-28_1day/run_summary.txt,0,76.37741,76.37741,77.919579,1.148592,normalized TOU cost/kWh,/home/hku_user3/EnergyBridge_shed_eval/experiments/real_data/tianjin_tou_price_normalized.csv,1.6784,1.6784,1.0,1.0,4.337,1.0,1.0,"['dishwasher', 'dryer', 'ev', 'washer', 'water_heater']",[],[]
household_s1_dual_commuter_standard,household_s1_dual_commuter_standard,EnergyBridge,Tianjin,1,2025-07-28,d28_hist_d28_1_patched,hist_d28_1_patched,28,/home/hku_user3/EnergyBridge_shed_eval/experiments/real_data/tianjin_tou_price_normalized.csv,18.0,1.0,benchmark_results/july_pilot_2026-07-20/2026-07-20/_batch_logs/daily_event_configs/d28_hist_d28_1_patched.json,completed,0,190.9,benchmark_results/july_pilot_2026-07-20/2026-07-20/household_s1_dual_commuter_standard_EnergyBridge_tianjin_d28_hist_d28_1_patched_2025-07-28_1day,benchmark_results/july_pilot_2026-07-20/2026-07-20/_batch_logs/daily_dr_memory_tianjin_1day/household_s1_dual_commuter_standard_EnergyBridge_tianjin_d28_hist_d28_1_patched_2025-07-28_1day.log,benchmark_results/july_pilot_2026-07-20/2026-07-20/household_s1_dual_commuter_standard_EnergyBridge_tianjin_d28_hist_d28_1_patched_2025-07-28_1day/run_summary.txt,0,86.724704,86.724704,67.851722,1.080478,normalized TOU cost/kWh,/home/hku_user3/EnergyBridge_shed_eval/experiments/real_data/tianjin_tou_price_normalized.csv,3.8091,3.8091,0.0,0.0,2.662,1.0,1.0,"['dishwasher', 'dryer', 'ev', 'washer', 'water_heater']",[],[]
household_s4_ev_commuter_flexible,household_s4_ev_commuter_flexible,EnergyBridge,Tianjin,1,2025-07-28,d28_hist_d28_1_patched,hist_d28_1_patched,28,/home/hku_user3/EnergyBridge_shed_eval/experiments/real_data/tianjin_tou_price_normalized.csv,18.0,1.0,benchmark_results/july_pilot_2026-07-20/2026-07-20/_batch_logs/daily_event_configs/d28_hist_d28_1_patched.json,completed,0,147.2,benchmark_results/july_pilot_2026-07-20/2026-07-20/household_s4_ev_commuter_flexible_EnergyBridge_tianjin_d28_hist_d28_1_patched_2025-07-28_1day,benchmark_results/july_pilot_2026-07-20/2026-07-20/_batch_logs/daily_dr_memory_tianjin_1day/household_s4_ev_commuter_flexible_EnergyBridge_tianjin_d28_hist_d28_1_patched_2025-07-28_1day.log,benchmark_results/july_pilot_2026-07-20/2026-07-20/household_s4_ev_commuter_flexible_EnergyBridge_tianjin_d28_hist_d28_1_patched_2025-07-28_1day/run_summary.txt,0,84.309112,84.309112,78.379828,1.121743,normalized TOU cost/kWh,/home/hku_user3/EnergyBridge_shed_eval/experiments/real_data/tianjin_tou_price_normalized.csv,2.0637,2.0637,1.0,1.0,4.443,1.0,1.0,"['dishwasher', 'dryer', 'ev', 'washer', 'water_heater']",[],[]
household_s3_hybrid_work_from_home,household_s3_hybrid_work_from_home,EnergyBridge,Germany,1,2025-07-29,d29_hist_d29_1_patched,hist_d29_1_patched,29,/home/hku_user3/EnergyBridge_shed_eval/experiments/real_data/germany_2025_price.csv,18.0,1.0,benchmark_results/july_pilot_2026-07-20/2026-07-20/_batch_logs/daily_event_configs/d29_hist_d29_1_patched.json,completed,0,110.9,benchmark_results/july_pilot_2026-07-20/2026-07-20/household_s3_hybrid_work_from_home_EnergyBridge_germany_d29_hist_d29_1_patched_2025-07-29_1day,benchmark_results/july_pilot_2026-07-20/2026-07-20/_batch_logs/daily_dr_memory_germany_1day/household_s3_hybrid_work_from_home_EnergyBridge_germany_d29_hist_d29_1_patched_2025-07-29_1day.log,benchmark_results/july_pilot_2026-07-20/2026-07-20/household_s3_hybrid_work_from_home_EnergyBridge_germany_d29_hist_d29_1_patched_2025-07-29_1day/run_summary.txt,0,51.115033,51.115033,15.080107,0.081148,EUR/kWh,/home/hku_user3/EnergyBridge_shed_eval/experiments/real_data/germany_2025_price.csv,6.0649,6.0649,1.0,1.0,4.367,1.0,1.0,"['dishwasher', 'dryer', 'ev', 'washer', 'water_heater']",[],[]
household_s1_dual_commuter_standard,household_s1_dual_commuter_standard,EnergyBridge,Germany,1,2025-07-29,d29_hist_d29_1_patched,hist_d29_1_patched,29,/home/hku_user3/EnergyBridge_shed_eval/experiments/real_data/germany_2025_price.csv,18.0,1.0,benchmark_results/july_pilot_2026-07-20/2026-07-20/_batch_logs/daily_event_configs/d29_hist_d29_1_patched.json,completed,0,146.9,benchmark_results/july_pilot_2026-07-20/2026-07-20/household_s1_dual_commuter_standard_EnergyBridge_germany_d29_hist_d29_1_patched_2025-07-29_1day,benchmark_results/july_pilot_2026-07-20/2026-07-20/_batch_logs/daily_dr_memory_germany_1day/household_s1_dual_commuter_standard_EnergyBridge_germany_d29_hist_d29_1_patched_2025-07-29_1day.log,benchmark_results/july_pilot_2026-07-20/2026-07-20/household_s1_dual_commuter_standard_EnergyBridge_germany_d29_hist_d29_1_patched_2025-07-29_1day/run_summary.txt,0,55.547538,55.547538,15.412683,0.081344,EUR/kWh,/home/hku_user3/EnergyBridge_shed_eval/experiments/real_data/germany_2025_price.csv,6.1569,6.1569,1.0,1.0,4.375,1.0,1.0,"['dishwasher', 'dryer', 'ev', 'washer', 'water_heater']",[],[]
household_s2_multigeneration_caregiver,household_s2_multigeneration_caregiver,EnergyBridge,Germany,1,2025-07-29,d29_hist_d29_1_patched,hist_d29_1_patched,29,/home/hku_user3/EnergyBridge_shed_eval/experiments/real_data/germany_2025_price.csv,18.0,1.0,benchmark_results/july_pilot_2026-07-20/2026-07-20/_batch_logs/daily_event_configs/d29_hist_d29_1_patched.json,completed,0,140.3,benchmark_results/july_pilot_2026-07-20/2026-07-20/household_s2_multigeneration_caregiver_EnergyBridge_germany_d29_hist_d29_1_patched_2025-07-29_1day,benchmark_results/july_pilot_2026-07-20/2026-07-20/_batch_logs/daily_dr_memory_germany_1day/household_s2_multigeneration_caregiver_EnergyBridge_germany_d29_hist_d29_1_patched_2025-07-29_1day.log,benchmark_results/july_pilot_2026-07-20/2026-07-20/household_s2_multigeneration_caregiver_EnergyBridge_germany_d29_hist_d29_1_patched_2025-07-29_1day/run_summary.txt,0,47.639231,47.639231,14.726731,0.080726,EUR/kWh,/home/hku_user3/EnergyBridge_shed_eval/experiments/real_data/germany_2025_price.csv,6.1637,6.1637,1.0,1.0,4.298,1.0,1.0,"['dishwasher', 'dryer', 'ev', 'washer', 'water_heater']",[],[]
household_s5_shared_roommates_irregular,household_s5_shared_roommates_irregular,EnergyBridge,Tianjin,1,2025-07-28,d28_hist_d28_1_patched,hist_d28_1_patched,28,/home/hku_user3/EnergyBridge_shed_eval/experiments/real_data/tianjin_tou_price_normalized.csv,18.0,1.0,benchmark_results/july_pilot_2026-07-20/2026-07-20/_batch_logs/daily_event_configs/d28_hist_d28_1_patched.json,completed,0,205.9,benchmark_results/july_pilot_2026-07-20/2026-07-20/household_s5_shared_roommates_irregular_EnergyBridge_tianjin_d28_hist_d28_1_patched_2025-07-28_1day,benchmark_results/july_pilot_2026-07-20/2026-07-20/_batch_logs/daily_dr_memory_tianjin_1day/household_s5_shared_roommates_irregular_EnergyBridge_tianjin_d28_hist_d28_1_patched_2025-07-28_1day.log,benchmark_results/july_pilot_2026-07-20/2026-07-20/household_s5_shared_roommates_irregular_EnergyBridge_tianjin_d28_hist_d28_1_patched_2025-07-28_1day/run_summary.txt,0,76.146793,76.146793,70.21751,1.137845,normalized TOU cost/kWh,/home/hku_user3/EnergyBridge_shed_eval/experiments/real_data/tianjin_tou_price_normalized.csv,2.0637,2.0637,1.0,1.0,4.075,1.0,1.0,"['dishwasher', 'dryer', 'ev', 'washer', 'water_heater']",[],[]
household_s4_ev_commuter_flexible,household_s4_ev_commuter_flexible,EnergyBridge,Germany,1,2025-07-29,d29_hist_d29_1_patched,hist_d29_1_patched,29,/home/hku_user3/EnergyBridge_shed_eval/experiments/real_data/germany_2025_price.csv,18.0,1.0,benchmark_results/july_pilot_2026-07-20/2026-07-20/_batch_logs/daily_event_configs/d29_hist_d29_1_patched.json,completed,0,212.6,benchmark_results/july_pilot_2026-07-20/2026-07-20/household_s4_ev_commuter_flexible_EnergyBridge_germany_d29_hist_d29_1_patched_2025-07-29_1day,benchmark_results/july_pilot_2026-07-20/2026-07-20/_batch_logs/daily_dr_memory_germany_1day/household_s4_ev_commuter_flexible_EnergyBridge_germany_d29_hist_d29_1_patched_2025-07-29_1day.log,benchmark_results/july_pilot_2026-07-20/2026-07-20/household_s4_ev_commuter_flexible_EnergyBridge_germany_d29_hist_d29_1_patched_2025-07-29_1day/run_summary.txt,0,59.111974,59.111974,15.755937,0.081567,EUR/kWh,/home/hku_user3/EnergyBridge_shed_eval/experiments/real_data/germany_2025_price.csv,6.0349,6.0349,1.0,1.0,4.463,1.0,1.0,"['dishwasher', 'dryer', 'ev', 'washer', 'water_heater']",[],[]
household_s5_shared_roommates_irregular,household_s5_shared_roommates_irregular,EnergyBridge,Germany,1,2025-07-29,d29_hist_d29_1_patched,hist_d29_1_patched,29,/home/hku_user3/EnergyBridge_shed_eval/experiments/real_data/germany_2025_price.csv,18.0,1.0,benchmark_results/july_pilot_2026-07-20/2026-07-20/_batch_logs/daily_event_configs/d29_hist_d29_1_patched.json,completed,0,176.8,benchmark_results/july_pilot_2026-07-20/2026-07-20/household_s5_shared_roommates_irregular_EnergyBridge_germany_d29_hist_d29_1_patched_2025-07-29_1day,benchmark_results/july_pilot_2026-07-20/2026-07-20/_batch_logs/daily_dr_memory_germany_1day/household_s5_shared_roommates_irregular_EnergyBridge_germany_d29_hist_d29_1_patched_2025-07-29_1day.log,benchmark_results/july_pilot_2026-07-20/2026-07-20/household_s5_shared_roommates_irregular_EnergyBridge_germany_d29_hist_d29_1_patched_2025-07-29_1day/run_summary.txt,0,50.949655,50.949655,15.0175,0.081175,EUR/kWh,/home/hku_user3/EnergyBridge_shed_eval/experiments/real_data/germany_2025_price.csv,6.0349,6.0349,1.0,1.0,4.098,1.0,1.0,"['dishwasher', 'dryer', 'ev', 'washer', 'water_heater']",[],[]
household_s1_dual_commuter_standard,household_s1_dual_commuter_standard,EnergyBridge,Tianjin,1,2025-07-29,d29_hist_d29_1_patched,hist_d29_1_patched,29,/home/hku_user3/EnergyBridge_shed_eval/experiments/real_data/tianjin_tou_price_normalized.csv,18.0,1.0,benchmark_results/july_pilot_2026-07-20/2026-07-20/_batch_logs/daily_event_configs/d29_hist_d29_1_patched.json,completed,0,284.3,benchmark_results/july_pilot_2026-07-20/2026-07-20/household_s1_dual_commuter_standard_EnergyBridge_tianjin_d29_hist_d29_1_patched_2025-07-29_1day,benchmark_results/july_pilot_2026-07-20/2026-07-20/_batch_logs/daily_dr_memory_tianjin_1day/household_s1_dual_commuter_standard_EnergyBridge_tianjin_d29_hist_d29_1_patched_2025-07-29_1day.log,benchmark_results/july_pilot_2026-07-20/2026-07-20/household_s1_dual_commuter_standard_EnergyBridge_tianjin_d29_hist_d29_1_patched_2025-07-29_1day/run_summary.txt,0,91.897839,91.897839,76.311087,1.082973,normalized TOU cost/kWh,/home/hku_user3/EnergyBridge_shed_eval/experiments/real_data/tianjin_tou_price_normalized.csv,2.312,2.312,1.0,1.0,4.353,1.0,1.0,"['dishwasher', 'dryer', 'ev', 'washer', 'water_heater']",[],[]
household_s5_shared_roommates_irregular,household_s5_shared_roommates_irregular,EnergyBridge,Tianjin,1,2025-07-29,d29_hist_d29_1_patched,hist_d29_1_patched,29,/home/hku_user3/EnergyBridge_shed_eval/experiments/real_data/tianjin_tou_price_normalized.csv,18.0,1.0,benchmark_results/july_pilot_2026-07-20/2026-07-20/_batch_logs/daily_event_configs/d29_hist_d29_1_patched.json,completed,0,143.4,benchmark_results/july_pilot_2026-07-20/2026-07-20/household_s5_shared_roommates_irregular_EnergyBridge_tianjin_d29_hist_d29_1_patched_2025-07-29_1day,benchmark_results/july_pilot_2026-07-20/2026-07-20/_batch_logs/daily_dr_memory_tianjin_1day/household_s5_shared_roommates_irregular_EnergyBridge_tianjin_d29_hist_d29_1_patched_2025-07-29_1day.log,benchmark_results/july_pilot_2026-07-20/2026-07-20/household_s5_shared_roommates_irregular_EnergyBridge_tianjin_d29_hist_d29_1_patched_2025-07-29_1day/run_summary.txt,0,84.384488,84.384488,70.107024,1.082168,normalized TOU cost/kWh,/home/hku_user3/EnergyBridge_shed_eval/experiments/real_data/tianjin_tou_price_normalized.csv,2.1407,2.1407,1.0,1.0,4.075,1.0,1.0,"['dishwasher', 'dryer', 'ev', 'washer', 'water_heater']",[],[]
household_s2_multigeneration_caregiver,household_s2_multigeneration_caregiver,EnergyBridge,Tianjin,1,2025-07-29,d29_hist_d29_1_patched,hist_d29_1_patched,29,/home/hku_user3/EnergyBridge_shed_eval/experiments/real_data/tianjin_tou_price_normalized.csv,18.0,1.0,benchmark_results/july_pilot_2026-07-20/2026-07-20/_batch_logs/daily_event_configs/d29_hist_d29_1_patched.json,completed,0,326.7,benchmark_results/july_pilot_2026-07-20/2026-07-20/household_s2_multigeneration_caregiver_EnergyBridge_tianjin_d29_hist_d29_1_patched_2025-07-29_1day,benchmark_results/july_pilot_2026-07-20/2026-07-20/_batch_logs/daily_dr_memory_tianjin_1day/household_s2_multigeneration_caregiver_EnergyBridge_tianjin_d29_hist_d29_1_patched_2025-07-29_1day.log,benchmark_results/july_pilot_2026-07-20/2026-07-20/household_s2_multigeneration_caregiver_EnergyBridge_tianjin_d29_hist_d29_1_patched_2025-07-29_1day/run_summary.txt,0,73.618485,73.618485,73.697214,1.325548,normalized TOU cost/kWh,/home/hku_user3/EnergyBridge_shed_eval/experiments/real_data/tianjin_tou_price_normalized.csv,1.9097,1.9097,1.0,1.0,2.0,1.0,0.8,"['dishwasher', 'dryer', 'ev', 'washer', 'water_heater']",[],[]
household_s3_hybrid_work_from_home,household_s3_hybrid_work_from_home,EnergyBridge,Tianjin,1,2025-07-29,d29_hist_d29_1_patched,hist_d29_1_patched,29,/home/hku_user3/EnergyBridge_shed_eval/experiments/real_data/tianjin_tou_price_normalized.csv,18.0,1.0,benchmark_results/july_pilot_2026-07-20/2026-07-20/_batch_logs/daily_event_configs/d29_hist_d29_1_patched.json,completed,0,332.1,benchmark_results/july_pilot_2026-07-20/2026-07-20/household_s3_hybrid_work_from_home_EnergyBridge_tianjin_d29_hist_d29_1_patched_2025-07-29_1day,benchmark_results/july_pilot_2026-07-20/2026-07-20/_batch_logs/daily_dr_memory_tianjin_1day/household_s3_hybrid_work_from_home_EnergyBridge_tianjin_d29_hist_d29_1_patched_2025-07-29_1day.log,benchmark_results/july_pilot_2026-07-20/2026-07-20/household_s3_hybrid_work_from_home_EnergyBridge_tianjin_d29_hist_d29_1_patched_2025-07-29_1day/run_summary.txt,0,86.041874,86.041874,77.230986,1.104729,normalized TOU cost/kWh,/home/hku_user3/EnergyBridge_shed_eval/experiments/real_data/tianjin_tou_price_normalized.csv,1.6291,1.6291,1.0,1.0,4.337,1.0,1.0,"['dishwasher', 'dryer', 'ev', 'washer', 'water_heater']",[],[]
household_s4_ev_commuter_flexible,household_s4_ev_commuter_flexible,EnergyBridge,Tianjin,1,2025-07-29,d29_hist_d29_1_patched,hist_d29_1_patched,29,/home/hku_user3/EnergyBridge_shed_eval/experiments/real_data/tianjin_tou_price_normalized.csv,18.0,1.0,benchmark_results/july_pilot_2026-07-20/2026-07-20/_batch_logs/daily_event_configs/d29_hist_d29_1_patched.json,completed,0,195.8,benchmark_results/july_pilot_2026-07-20/2026-07-20/household_s4_ev_commuter_flexible_EnergyBridge_tianjin_d29_hist_d29_1_patched_2025-07-29_1day,benchmark_results/july_pilot_2026-07-20/2026-07-20/_batch_logs/daily_dr_memory_tianjin_1day/household_s4_ev_commuter_flexible_EnergyBridge_tianjin_d29_hist_d29_1_patched_2025-07-29_1day.log,benchmark_results/july_pilot_2026-07-20/2026-07-20/household_s4_ev_commuter_flexible_EnergyBridge_tianjin_d29_hist_d29_1_patched_2025-07-29_1day/run_summary.txt,0,89.234196,89.234196,78.447273,1.075559,normalized TOU cost/kWh,/home/hku_user3/EnergyBridge_shed_eval/experiments/real_data/tianjin_tou_price_normalized.csv,2.4815,2.4815,1.0,1.0,4.465,1.0,1.0,"['dishwasher', 'dryer', 'ev', 'washer', 'water_heater']",[],[]
household_s1_dual_commuter_standard,household_s1_dual_commuter_standard,EnergyBridge,Germany,1,2025-07-30,d30_hist_d30_1_patched,hist_d30_1_patched,30,/home/hku_user3/EnergyBridge_shed_eval/experiments/real_data/germany_2025_price.csv,18.0,1.0,benchmark_results/july_pilot_2026-07-20/2026-07-20/_batch_logs/daily_event_configs/d30_hist_d30_1_patched.json,completed,0,146.2,benchmark_results/july_pilot_2026-07-20/2026-07-20/household_s1_dual_commuter_standard_EnergyBridge_germany_d30_hist_d30_1_patched_2025-07-30_1day,benchmark_results/july_pilot_2026-07-20/2026-07-20/_batch_logs/daily_dr_memory_germany_1day/household_s1_dual_commuter_standard_EnergyBridge_germany_d30_hist_d30_1_patched_2025-07-30_1day.log,benchmark_results/july_pilot_2026-07-20/2026-07-20/household_s1_dual_commuter_standard_EnergyBridge_germany_d30_hist_d30_1_patched_2025-07-30_1day/run_summary.txt,0,57.584095,57.584095,15.410563,0.080863,EUR/kWh,/home/hku_user3/EnergyBridge_shed_eval/experiments/real_data/germany_2025_price.csv,6.3292,6.3292,1.0,1.0,4.253,1.0,1.0,"['dishwasher', 'dryer', 'ev', 'washer', 'water_heater']",[],[]
household_s2_multigeneration_caregiver,household_s2_multigeneration_caregiver,EnergyBridge,Germany,1,2025-07-30,d30_hist_d30_1_patched,hist_d30_1_patched,30,/home/hku_user3/EnergyBridge_shed_eval/experiments/real_data/germany_2025_price.csv,18.0,1.0,benchmark_results/july_pilot_2026-07-20/2026-07-20/_batch_logs/daily_event_configs/d30_hist_d30_1_patched.json,completed,0,167.0,benchmark_results/july_pilot_2026-07-20/2026-07-20/household_s2_multigeneration_caregiver_EnergyBridge_germany_d30_hist_d30_1_patched_2025-07-30_1day,benchmark_results/july_pilot_2026-07-20/2026-07-20/_batch_logs/daily_dr_memory_germany_1day/household_s2_multigeneration_caregiver_EnergyBridge_germany_d30_hist_d30_1_patched_2025-07-30_1day.log,benchmark_results/july_pilot_2026-07-20/2026-07-20/household_s2_multigeneration_caregiver_EnergyBridge_germany_d30_hist_d30_1_patched_2025-07-30_1day/run_summary.txt,0,49.434804,49.434804,14.726906,0.080139,EUR/kWh,/home/hku_user3/EnergyBridge_shed_eval/experiments/real_data/germany_2025_price.csv,6.2928,6.2928,1.0,1.0,4.18,1.0,1.0,"['dishwasher', 'dryer', 'ev', 'washer', 'water_heater']",[],[]
household_s4_ev_commuter_flexible,household_s4_ev_commuter_flexible,EnergyBridge,Germany,1,2025-07-30,d30_hist_d30_1_patched,hist_d30_1_patched,30,/home/hku_user3/EnergyBridge_shed_eval/experiments/real_data/germany_2025_price.csv,18.0,1.0,benchmark_results/july_pilot_2026-07-20/2026-07-20/_batch_logs/daily_event_configs/d30_hist_d30_1_patched.json,completed,0,147.8,benchmark_results/july_pilot_2026-07-20/2026-07-20/household_s4_ev_commuter_flexible_EnergyBridge_germany_d30_hist_d30_1_patched_2025-07-30_1day,benchmark_results/july_pilot_2026-07-20/2026-07-20/_batch_logs/daily_dr_memory_germany_1day/household_s4_ev_commuter_flexible_EnergyBridge_germany_d30_hist_d30_1_patched_2025-07-30_1day.log,benchmark_results/july_pilot_2026-07-20/2026-07-20/household_s4_ev_commuter_flexible_EnergyBridge_germany_d30_hist_d30_1_patched_2025-07-30_1day/run_summary.txt,0,60.54915,60.54915,15.739023,0.08114,EUR/kWh,/home/hku_user3/EnergyBridge_shed_eval/experiments/real_data/germany_2025_price.csv,6.1735,6.1735,1.0,1.0,4.578,1.0,1.0,"['dishwasher', 'dryer', 'ev', 'washer', 'water_heater']",[],[]
household_s5_shared_roommates_irregular,household_s5_shared_roommates_irregular,EnergyBridge,Germany,1,2025-07-30,d30_hist_d30_1_patched,hist_d30_1_patched,30,/home/hku_user3/EnergyBridge_shed_eval/experiments/real_data/germany_2025_price.csv,18.0,1.0,benchmark_results/july_pilot_2026-07-20/2026-07-20/_batch_logs/daily_event_configs/d30_hist_d30_1_patched.json,completed,0,151.8,benchmark_results/july_pilot_2026-07-20/2026-07-20/household_s5_shared_roommates_irregular_EnergyBridge_germany_d30_hist_d30_1_patched_2025-07-30_1day,benchmark_results/july_pilot_2026-07-20/2026-07-20/_batch_logs/daily_dr_memory_germany_1day/household_s5_shared_roommates_irregular_EnergyBridge_germany_d30_hist_d30_1_patched_2025-07-30_1day.log,benchmark_results/july_pilot_2026-07-20/2026-07-20/household_s5_shared_roommates_irregular_EnergyBridge_germany_d30_hist_d30_1_patched_2025-07-30_1day/run_summary.txt,0,52.386831,52.386831,14.996847,0.08071,EUR/kWh,/home/hku_user3/EnergyBridge_shed_eval/experiments/real_data/germany_2025_price.csv,6.1735,6.1735,1.0,1.0,4.098,1.0,1.0,"['dishwasher', 'dryer', 'ev', 'washer', 'water_heater']",[],[]
household_s3_hybrid_work_from_home,household_s3_hybrid_work_from_home,EnergyBridge,Germany,1,2025-07-30,d30_hist_d30_1_patched,hist_d30_1_patched,30,/home/hku_user3/EnergyBridge_shed_eval/experiments/real_data/germany_2025_price.csv,18.0,1.0,benchmark_results/july_pilot_2026-07-20/2026-07-20/_batch_logs/daily_event_configs/d30_hist_d30_1_patched.json,completed,0,206.4,benchmark_results/july_pilot_2026-07-20/2026-07-20/household_s3_hybrid_work_from_home_EnergyBridge_germany_d30_hist_d30_1_patched_2025-07-30_1day,benchmark_results/july_pilot_2026-07-20/2026-07-20/_batch_logs/daily_dr_memory_germany_1day/household_s3_hybrid_work_from_home_EnergyBridge_germany_d30_hist_d30_1_patched_2025-07-30_1day.log,benchmark_results/july_pilot_2026-07-20/2026-07-20/household_s3_hybrid_work_from_home_EnergyBridge_germany_d30_hist_d30_1_patched_2025-07-30_1day/run_summary.txt,0,51.896217,51.896217,15.081397,0.080611,EUR/kWh,/home/hku_user3/EnergyBridge_shed_eval/experiments/real_data/germany_2025_price.csv,6.201,6.201,1.0,1.0,4.18,1.0,1.0,"['dishwasher', 'dryer', 'ev', 'washer', 'water_heater']",[],[]
household_s1_dual_commuter_standard,household_s1_dual_commuter_standard,EnergyBridge,Tianjin,1,2025-07-30,d30_hist_d30_1_patched,hist_d30_1_patched,30,/home/hku_user3/EnergyBridge_shed_eval/experiments/real_data/tianjin_tou_price_normalized.csv,18.0,1.0,benchmark_results/july_pilot_2026-07-20/2026-07-20/_batch_logs/daily_event_configs/d30_hist_d30_1_patched.json,completed,0,161.0,benchmark_results/july_pilot_2026-07-20/2026-07-20/household_s1_dual_commuter_standard_EnergyBridge_tianjin_d30_hist_d30_1_patched_2025-07-30_1day,benchmark_results/july_pilot_2026-07-20/2026-07-20/_batch_logs/daily_dr_memory_tianjin_1day/household_s1_dual_commuter_standard_EnergyBridge_tianjin_d30_hist_d30_1_patched_2025-07-30_1day.log,benchmark_results/july_pilot_2026-07-20/2026-07-20/household_s1_dual_commuter_standard_EnergyBridge_tianjin_d30_hist_d30_1_patched_2025-07-30_1day/run_summary.txt,0,62.121045,62.121045,62.414535,1.100117,normalized TOU cost/kWh,/home/hku_user3/EnergyBridge_shed_eval/experiments/real_data/tianjin_tou_price_normalized.csv,0.5386,0.5386,1.0,1.0,4.37,1.0,1.0,"['dishwasher', 'dryer', 'ev', 'washer', 'water_heater']",[],[]
household_s3_hybrid_work_from_home,household_s3_hybrid_work_from_home,EnergyBridge,Tianjin,1,2025-07-30,d30_hist_d30_1_patched,hist_d30_1_patched,30,/home/hku_user3/EnergyBridge_shed_eval/experiments/real_data/tianjin_tou_price_normalized.csv,18.0,1.0,benchmark_results/july_pilot_2026-07-20/2026-07-20/_batch_logs/daily_event_configs/d30_hist_d30_1_patched.json,completed,0,104.9,benchmark_results/july_pilot_2026-07-20/2026-07-20/household_s3_hybrid_work_from_home_EnergyBridge_tianjin_d30_hist_d30_1_patched_2025-07-30_1day,benchmark_results/july_pilot_2026-07-20/2026-07-20/_batch_logs/daily_dr_memory_tianjin_1day/household_s3_hybrid_work_from_home_EnergyBridge_tianjin_d30_hist_d30_1_patched_2025-07-30_1day.log,benchmark_results/july_pilot_2026-07-20/2026-07-20/household_s3_hybrid_work_from_home_EnergyBridge_tianjin_d30_hist_d30_1_patched_2025-07-30_1day/run_summary.txt,0,57.200663,57.200663,59.448565,1.112481,normalized TOU cost/kWh,/home/hku_user3/EnergyBridge_shed_eval/experiments/real_data/tianjin_tou_price_normalized.csv,0.4595,0.4595,1.0,1.0,4.18,1.0,1.0,"['dishwasher', 'dryer', 'ev', 'washer', 'water_heater']",[],[]
household_s5_shared_roommates_irregular,household_s5_shared_roommates_irregular,EnergyBridge,Tianjin,1,2025-07-30,d30_hist_d30_1_patched,hist_d30_1_patched,30,/home/hku_user3/EnergyBridge_shed_eval/experiments/real_data/tianjin_tou_price_normalized.csv,18.0,1.0,benchmark_results/july_pilot_2026-07-20/2026-07-20/_batch_logs/daily_event_configs/d30_hist_d30_1_patched.json,completed,0,139.8,benchmark_results/july_pilot_2026-07-20/2026-07-20/household_s5_shared_roommates_irregular_EnergyBridge_tianjin_d30_hist_d30_1_patched_2025-07-30_1day,benchmark_results/july_pilot_2026-07-20/2026-07-20/_batch_logs/daily_dr_memory_tianjin_1day/household_s5_shared_roommates_irregular_EnergyBridge_tianjin_d30_hist_d30_1_patched_2025-07-30_1day.log,benchmark_results/july_pilot_2026-07-20/2026-07-20/household_s5_shared_roommates_irregular_EnergyBridge_tianjin_d30_hist_d30_1_patched_2025-07-30_1day/run_summary.txt,0,55.840413,55.840413,56.913095,1.103195,normalized TOU cost/kWh,/home/hku_user3/EnergyBridge_shed_eval/experiments/real_data/tianjin_tou_price_normalized.csv,0.4237,0.4237,1.0,1.0,4.098,1.0,1.0,"['dishwasher', 'dryer', 'ev', 'washer', 'water_heater']",[],[]
household_s2_multigeneration_caregiver,household_s2_multigeneration_caregiver,EnergyBridge,Tianjin,1,2025-07-30,d30_hist_d30_1_patched,hist_d30_1_patched,30,/home/hku_user3/EnergyBridge_shed_eval/experiments/real_data/tianjin_tou_price_normalized.csv,18.0,1.0,benchmark_results/july_pilot_2026-07-20/2026-07-20/_batch_logs/daily_event_configs/d30_hist_d30_1_patched.json,completed,0,190.6,benchmark_results/july_pilot_2026-07-20/2026-07-20/household_s2_multigeneration_caregiver_EnergyBridge_tianjin_d30_hist_d30_1_patched_2025-07-30_1day,benchmark_results/july_pilot_2026-07-20/2026-07-20/_batch_logs/daily_dr_memory_tianjin_1day/household_s2_multigeneration_caregiver_EnergyBridge_tianjin_d30_hist_d30_1_patched_2025-07-30_1day.log,benchmark_results/july_pilot_2026-07-20/2026-07-20/household_s2_multigeneration_caregiver_EnergyBridge_tianjin_d30_hist_d30_1_patched_2025-07-30_1day/run_summary.txt,0,55.085282,55.085282,56.001029,1.134979,normalized TOU cost/kWh,/home/hku_user3/EnergyBridge_shed_eval/experiments/real_data/tianjin_tou_price_normalized.csv,0.6047,0.6047,1.0,1.0,4.186,1.0,1.0,"['dishwasher', 'dryer', 'ev', 'washer', 'water_heater']",[],[]
household_s4_ev_commuter_flexible,household_s4_ev_commuter_flexible,EnergyBridge,Tianjin,1,2025-07-30,d30_hist_d30_1_patched,hist_d30_1_patched,30,/home/hku_user3/EnergyBridge_shed_eval/experiments/real_data/tianjin_tou_price_normalized.csv,18.0,1.0,benchmark_results/july_pilot_2026-07-20/2026-07-20/_batch_logs/daily_event_configs/d30_hist_d30_1_patched.json,completed,0,178.0,benchmark_results/july_pilot_2026-07-20/2026-07-20/household_s4_ev_commuter_flexible_EnergyBridge_tianjin_d30_hist_d30_1_patched_2025-07-30_1day,benchmark_results/july_pilot_2026-07-20/2026-07-20/_batch_logs/daily_dr_memory_tianjin_1day/household_s4_ev_commuter_flexible_EnergyBridge_tianjin_d30_hist_d30_1_patched_2025-07-30_1day.log,benchmark_results/july_pilot_2026-07-20/2026-07-20/household_s4_ev_commuter_flexible_EnergyBridge_tianjin_d30_hist_d30_1_patched_2025-07-30_1day/run_summary.txt,0,63.054739,63.054739,64.693522,1.089283,normalized TOU cost/kWh,/home/hku_user3/EnergyBridge_shed_eval/experiments/real_data/tianjin_tou_price_normalized.csv,0.4228,0.4228,1.0,1.0,4.63,1.0,1.0,"['dishwasher', 'dryer', 'ev', 'washer', 'water_heater']",[],[]
